Date,XOM,CVX,COP,EOG,OXY,FANG,DVN,CTRA,APA,PR,MTDR,CHRD,OVV,CNQ,SU,CVE,IMO,PBR,YPF,EC,SHEL,BP,TTE,EQNR,WMB,KMI,OKE,TRP,ENB,LNG,ET,EPD,MPLX,PAA,VLO,MPC,PSX,DINO,SUN,SLB,HAL,BKR,NOV,FTI,HP,PTEN,LBRT,RES,NBR,NEM,GOLD,AEM,WPM,FNV,RGLD,KGC,AU,HMY,GFI,AGI,OR,PAAS,HL,CDE,AG,FSM,SBSW,FCX,SCCO,TECK,RIO,BHP,VALE,AA,CENX,CLF,NUE,STLD,RS,CRS,ATI,MT,MP,LIN,APD,DD,DOW,LYB,CE,FMC,MOS,NTR,CF,WY,VMC,MLM,CCJ,UEC
2000-01-31,0.0,0.0,0.0,0.0,0.0,0.0,0.0,0.0,0.0,0.0,0.0,0.0,0.0,0.0,0.0,0.0,0.0,0.0,0.0,0.0,0.0,0.0,0.0,0.0,0.0,0.0,0.0,0.0,0.0,0.0,0.0,0.0,0.0,0.0,0.0,0.0,0.0,0.0,0.0,0.0,0.0,0.0,0.0,0.0,0.0,0.0,0.0,0.0,0.0,0.0,0.0,0.0,0.0,0.0,0.0,0.0,0.0,0.0,0.0,0.0,0.0,0.0,0.0,0.0,0.0,0.0,0.0,0.0,0.0,0.0,0.0,0.0,0.0,0.0,0.0,0.0,0.0,0.0,0.0,0.0,0.0,0.0,0.0,0.0,0.0,0.0,0.0,0.0,0.0,0.0,0.0,0.0,0.0,0.0,0.0,0.0,0.0,0.0
2000-02-29,0.0,0.0,0.0,0.0,0.0,0.0,0.0,0.0,0.0,0.0,0.0,0.0,0.0,0.0,0.0,0.0,0.0,0.0,0.0,0.0,0.0,0.0,0.0,0.0,0.0,0.0,0.0,0.0,0.0,0.0,0.0,0.0,0.0,0.0,0.0,0.0,0.0,0.0,0.0,0.0,0.0,0.0,0.0,0.0,0.0,0.0,0.0,0.0,0.0,0.0,0.0,0.0,0.0,0.0,0.0,0.0,0.0,0.0,0.0,0.0,0.0,0.0,0.0,0.0,0.0,0.0,0.0,0.0,0.0,0.0,0.0,0.0,0.0,0.0,0.0,0.0,0.0,0.0,0.0,0.0,0.0,0.0,0.0,0.0,0.0,0.0,0.0,0.0,0.0,0.0,0.0,0.0,0.0,0.0,0.0,0.0,0.0,0.0
2000-03-31,0.0,0.0,0.0,0.0,0.0,0.0,0.0,0.0,0.0,0.0,0.0,0.0,0.0,0.0,0.0,0.0,0.0,0.0,0.0,0.0,0.0,0.0,0.0,0.0,0.0,0.0,0.0,0.0,0.0,0.0,0.0,0.0,0.0,0.0,0.0,0.0,0.0,0.0,0.0,0.0,0.0,0.0,0.0,0.0,0.0,0.0,0.0,0.0,0.0,0.0,0.0,0.0,0.0,0.0,0.0,0.0,0.0,0.0,0.0,0.0,0.0,0.0,0.0,0.0,0.0,0.0,0.0,0.0,0.0,0.0,0.0,0.0,0.0,0.0,0.0,0.0,0.0,0.0,0.0,0.0,0.0,0.0,0.0,0.0,0.0,0.0,0.0,0.0,0.0,0.0,0.0,0.0,0.0,0.0,0.0,0.0,0.0,0.0
2000-04-30,0.0,0.0,0.0,0.0,0.0,0.0,0.0,0.0,0.0,0.0,0.0,0.0,0.0,0.0,0.0,0.0,0.0,0.0,0.0,0.0,0.0,0.0,0.0,0.0,0.0,0.0,0.0,0.0,0.0,0.0,0.0,0.0,0.0,0.0,0.0,0.0,0.0,0.0,0.0,0.0,0.0,0.0,0.0,0.0,0.0,0.0,0.0,0.0,0.0,0.0,0.0,0.0,0.0,0.0,0.0,0.0,0.0,0.0,0.0,0.0,0.0,0.0,0.0,0.0,0.0,0.0,0.0,0.0,0.0,0.0,0.0,0.0,0.0,0.0,0.0,0.0,0.0,0.0,0.0,0.0,0.0,0.0,0.0,0.0,0.0,0.0,0.0,0.0,0.0,0.0,0.0,0.0,0.0,0.0,0.0,0.0,0.0,0.0
2000-05-31,0.0,0.0,0.0,0.0,0.0,0.0,0.0,0.0,0.0,0.0,0.0,0.0,0.0,0.0,0.0,0.0,0.0,0.0,0.0,0.0,0.0,0.0,0.0,0.0,0.0,0.0,0.0,0.0,0.0,0.0,0.0,0.0,0.0,0.0,0.0,0.0,0.0,0.0,0.0,0.0,0.0,0.0,0.0,0.0,0.0,0.0,0.0,0.0,0.0,0.0,0.0,0.0,0.0,0.0,0.0,0.0,0.0,0.0,0.0,0.0,0.0,0.0,0.0,0.0,0.0,0.0,0.0,0.0,0.0,0.0,0.0,0.0,0.0,0.0,0.0,0.0,0.0,0.0,0.0,0.0,0.0,0.0,0.0,0.0,0.0,0.0,0.0,0.0,0.0,0.0,0.0,0.0,0.0,0.0,0.0,0.0,0.0,0.0
2000-06-30,0.0,0.0,0.0,0.0,0.0,0.0,0.0,0.0,0.0,0.0,0.0,0.0,0.0,0.0,0.0,0.0,0.0,0.0,0.0,0.0,0.0,0.0,0.0,0.0,0.0,0.0,0.0,0.0,0.0,0.0,0.0,0.0,0.0,0.0,0.0,0.0,0.0,0.0,0.0,0.0,0.0,0.0,0.0,0.0,0.0,0.0,0.0,0.0,0.0,0.0,0.0,0.0,0.0,0.0,0.0,0.0,0.0,0.0,0.0,0.0,0.0,0.0,0.0,0.0,0.0,0.0,0.0,0.0,0.0,0.0,0.0,0.0,0.0,0.0,0.0,0.0,0.0,0.0,0.0,0.0,0.0,0.0,0.0,0.0,0.0,0.0,0.0,0.0,0.0,0.0,0.0,0.0,0.0,0.0,0.0,0.0,0.0,0.0
2000-07-31,0.0,0.0,0.0,0.0,0.0,0.0,0.0,0.0,0.0,0.0,0.0,0.0,0.0,0.0,0.0,0.0,0.0,0.0,0.0,0.0,0.0,0.0,0.0,0.0,0.0,0.0,0.0,0.0,0.0,0.0,0.0,0.0,0.0,0.0,0.0,0.0,0.0,0.0,0.0,0.0,0.0,0.0,0.0,0.0,0.0,0.0,0.0,0.0,0.0,0.0,0.0,0.0,0.0,0.0,0.0,0.0,0.0,0.0,0.0,0.0,0.0,0.0,0.0,0.0,0.0,0.0,0.0,0.0,0.0,0.0,0.0,0.0,0.0,0.0,0.0,0.0,0.0,0.0,0.0,0.0,0.0,0.0,0.0,0.0,0.0,0.0,0.0,0.0,0.0,0.0,0.0,0.0,0.0,0.0,0.0,0.0,0.0,0.0
2000-08-31,0.0,0.0,0.0,0.0,0.0,0.0,0.0,0.0,0.0,0.0,0.0,0.0,0.0,0.0,0.0,0.0,0.0,0.0,0.0,0.0,0.0,0.0,0.0,0.0,0.0,0.0,0.0,0.0,0.0,0.0,0.0,0.0,0.0,0.0,0.0,0.0,0.0,0.0,0.0,0.0,0.0,0.0,0.0,0.0,0.0,0.0,0.0,0.0,0.0,0.0,0.0,0.0,0.0,0.0,0.0,0.0,0.0,0.0,0.0,0.0,0.0,0.0,0.0,0.0,0.0,0.0,0.0,0.0,0.0,0.0,0.0,0.0,0.0,0.0,0.0,0.0,0.0,0.0,0.0,0.0,0.0,0.0,0.0,0.0,0.0,0.0,0.0,0.0,0.0,0.0,0.0,0.0,0.0,0.0,0.0,0.0,0.0,0.0
2000-09-30,0.0,0.0,0.0,0.0,0.0,0.0,0.0,0.0,0.0,0.0,0.0,0.0,0.0,0.0,0.0,0.0,0.0,0.0,0.0,0.0,0.0,0.0,0.0,0.0,0.0,0.0,0.0,0.0,0.0,0.0,0.0,0.0,0.0,0.0,0.0,0.0,0.0,0.0,0.0,0.0,0.0,0.0,0.0,0.0,0.0,0.0,0.0,0.0,0.0,0.0,0.0,0.0,0.0,0.0,0.0,0.0,0.0,0.0,0.0,0.0,0.0,0.0,0.0,0.0,0.0,0.0,0.0,0.0,0.0,0.0,0.0,0.0,0.0,0.0,0.0,0.0,0.0,0.0,0.0,0.0,0.0,0.0,0.0,0.0,0.0,0.0,0.0,0.0,0.0,0.0,0.0,0.0,0.0,0.0,0.0,0.0,0.0,0.0
2000-10-31,0.004333267595530764,0.0004194637817490163,0.00984389713329018,0.014726400532187137,0.004929328367386308,0.0,0.006018275298553846,0.0072137587823908125,0.005405400354619988,0.0,0.0,0.0,0.0,0.0,0.0,0.0,0.03280658087727201,0.0,-0.012614552027901316,0.0,0.003419360648420365,0.0,0.015128426055720167,0.0,0.002020140228939242,0.0,0.010787425126127478,0.001979650614903344,0.014378083362880413,-0.008373754867083711,0.0,0.024367040700535008,0.0,0.2,0.005311032259935694,0.0,0.0,-0.004792913506587193,0.0,0.006958342754804672,0.006075423808082703,0.03399445703100114,0.018539409580785933,0.0,0.007207645533897804,0.011525471344930201,0.0,0.012174597412078865,0.022795171797944196,-0.008830863649664733,0.0,-0.01623830816543774,0.0,0.0,-0.0017606817215272872,-0.04845469362704509,-0.026359926285666146,-7.703341857878052e-11,-0.02096730397513784,0.0,0.0,-0.008856537018395878,-0.02917604526063974,-0.01785690465796255,0.0,0.0,0.0,-0.036784250280774575,0.0,0.0,-0.016858201232374862,-0.009682227671358528,0.0,-0.009241393232554037,-0.001704165946240086,-0.017058380590462767,-0.017221430828383157,-0.010782678508061028,2.2381789952366643e-11,0.0011471636253925588,-0.0031053164475405497,-0.026661329026419083,0.0,-0.0019634590244523094,0.009383745545188955,-0.09395442524096415,0.0,0.0,0.0,0.007111039823069432,-0.017073451537695395,0.0,0.0,-0.01960634048157892,-0.002205044754371301,-0.010060237709090569,-0.0017551826475961107,0.0
2000-11-30,0.009407447036718255,0.0023271644765558565,0.012711393994299058,0.02788395685374991,0.0073016363377828054,0.0,0.0010495803960957571,0.009092366348140717,0.004669842620210131,0.0,0.0,0.0,0.0,0.0,-0.0019076591215206723,0.0,0.025278361410147394,0.0,-0.02125565728297486,0.0,0.006974949725020195,0.0010856438521083395,0.00974447851384816,0.0,-0.003929568998894797,0.0,0.016316227349622715,0.005208307517350175,0.01666372488934662,-0.02773068067029248,0.0,0.006406796588634442,0.0,0.06518276029305202,0.0033602803667633183,0.0,0.0,-0.006429584599777893,0.0,-0.002804427576199902,-0.005324927758072687,0.011922113317851129,0.0043462717866811764,0.0,3.244656248550735e-11,0.0,0.0,0.16094093183038902,0.011027568369842148,-0.02301435513005309,0.0,-0.03704542065773839,0.0,0.0,-0.01041983441090336,-0.047429014873068616,-0.025233589328312163,-0.01857725400238232,-0.030243376524658642,0.0,0.0,-0.012828413919345166,-0.03388554102511122,-0.029017916822147355,0.0,0.0,0.0,-0.027443859320801844,-0.0076043715511632205,0.0,0.0,-0.00231309046849841,0.0,-0.009114271224850966,-0.017666664600711063,-0.017261002576926223,-0.015924249511988894,-0.009390057434492319,0.006138727899200642,0.010188892987528606,0.0004886698287682382,-0.033136482208028534,0.0,0.0,0.029290340565546944,-0.009136604736097112,0.0,0.0,0.0,0.018738263113837583,-0.006337158454567342,0.0,0.0,-0.0075949651500172395,-6.040325587605019e-11,0.005942358044224568,0.010310943654237596,0.0
2000-12-31,0.00990324635358353,-0.014988170244113452,0.01662457059128655,0.09038851543033961,0.003795865491080573,0.0,0.0019682912174597313,0.012489125511479258,0.029761563672960123,0.0,0.0,0.0,0.0,0.0,0.0027610352981372564,0.0,0.019628796975582993,0.0,-0.004536307494318647,0.0,0.01554216452058175,-0.033088793618154526,-0.018302494898088426,0.0,-0.008941274548100618,0.0,0.018049080517690864,0.028539243767610575,0.01530390358522247,-0.007879180770865768,0.0,0.014132862884791512,0.0,0.0347207192729492,0.002260251036841293,0.0,0.0,0.014561283413355136,0.0,-0.007415511014131083,-0.0053944491527411955,0.008798445346076938,0.002482561941178422,0.0,0.0,-0.003771767169526163,0.0,0.05710469791279599,0.004987061037305431,-0.0036771579709111166,0.0,0.00498139609359796,0.0,0.0,-0.01600526050951908,-0.004732865722162848,-0.029843300005711067,-0.008632861557602116,-0.014208654943031212,0.0,0.0,-0.02244771134159188,-0.010597928230195607,-0.011576633785497236,0.0,0.0,0.0,-0.02131639250648949,0.0007784952541886183,0.0,-0.0012402157021574201,0.0,0.0,-5.459708877700003e-11,-0.014339176685694425,-0.010192106687338264,-0.004982453828239151,3.1944345599394616e-11,0.00530710749370905,0.021936907155468432,0.0018554362461250292,-0.18199609495030888,0.0,-0.0035853915565950203,0.013926965947487005,-0.001319031646670509,0.0,0.0,0.0,0.006771869121497377,-0.013664486154321967,0.0,0.0,-0.002436536788398091,0.0,-0.018887790462927684,0.04063853687767298,0.0
2001-01-31,0.05520658428607775,-0.0008539237286432284,0.009504477971871745,0.02087982541415487,0.0010951165081685274,0.0,0.0007684664801832267,0.0028434349191084093,0.0025437273740540087,0.0,0.0,0.0,0.0,0.0,0.0011402282518867429,0.0,0.008314046329703718,0.0,-0.022832500094138224,0.0,0.015905507532216326,-0.013656970712837106,-0.011125400422137291,0.0,-7.967011548076734e-11,0.0,0.02546366906369693,0.02462402528022946,0.013118556361384075,-0.001625919235468812,0.0,0.009365016284343096,0.0,0.009284405241130722,0.0030767459440707652,0.0,0.0,0.008401944806660955,0.0,-0.0025948219774570864,-0.012595848785810108,0.0020130052237112375,0.009599875220842163,0.0,0.0005732992150163306,0.0,0.0,0.019542247425528948,0.002606954007573067,-0.015506450987815341,0.0,0.0,0.0,0.0,-0.007023881833263094,-0.018118505695601583,-0.011637505712604964,-0.005683958746268837,-0.0005424826888307891,0.0,0.0,-0.032323116569273426,-0.02867616342389084,-0.030130716003355096,0.0,0.0,0.0,-0.014833071406573802,0.0,0.0,2.8466483949322323e-11,0.00017667039843621428,0.0,-0.000764695806798196,-0.0071462898311403554,-0.010949380304420017,-0.010512440254252828,-0.00535272611580326,0.0008412605280092671,0.19873090851785682,-0.020414600044508728,-0.15062757919759376,0.0,-0.0037143518601692104,0.004072575402844086,-0.004204390342500103,0.0,0.0,0.0,0.002378112969810404,-0.0034037860184635655,0.0,0.0,-0.005856392348795065,0.00343116751647803,-0.0472921297719151,0.0444981454964857,0.0
2001-02-28,0.009443303632200285,-0.047385012534521646,9.356628897659145e-11,0.007741581537722371,-0.0037589673906355636,0.0,-0.008189273299291849,0.0,-0.004994023269418705,0.0,0.0,0.0,0.0,0.0,-0.0005535342377979264,0.0,-0.006384289607383989,0.0,-0.052396531760882825,0.0,-0.03344104514618459,-0.01029941491805465,-0.03298191697772205,0.0,-0.0067481990015386744,0.0,0.03805285492350088,0.0313664593371436,0.0030830142604599564,-0.021250506165367646,0.0,0.06133752499528419,0.0,0.026705949842921378,0.006820260085435773,0.0,0.0,0.028565695110488773,0.0,-0.00024612321839979966,-0.0208798132388184,0.0029304484830709257,0.022201141490457856,0.0,0.0043638669712239495,0.006725228204941082,0.0,0.023189080726154877,0.008302275823925025,-0.03290872835099923,0.0,0.0015718496684263732,0.0,0.0,0.0,-0.024401172106803738,-0.018983940605098684,-0.005056349978521692,-0.005789541914527866,0.0,0.0,-0.016205214289556156,-0.007256017121032858,-0.013709837897047111,0.0,0.0,0.0,0.0077552944590063575,0.006935337434680744,0.0,0.007966137531975174,0.018494007789909676,0.0,0.01962580040676738,-1.1887969212445502e-10,-0.026467762285565754,0.0033857319752010695,0.006483091165039143,0.049535391202257834,0.015580405821436166,-0.023810216423014306,-0.022450097115459484,0.0,0.0,0.0007360784447644733,-0.0036697018600481373,0.0,0.0,0.0,0.012455589961291568,-0.00011327731105690921,0.0,0.0,0.0015140862661156503,-0.005300873778815065,-0.04436861807755495,0.06713251235463123,0.0
2001-03-31,0.016290964928633453,0.0002707213216458097,5.296609043503073e-11,0.0004965945509175958,0.002582375874944087,0.0,-0.006905738521899143,-1.0432400469525689e-10,-0.008080561242727768,0.0,0.0,0.0,0.0,0.0,0.0,0.0,-0.005291684351759579,0.0,-0.09196343827353796,0.0,-0.026447622006886,-0.02884750531477102,-0.031697731128356665,0.0,-0.0070684712221768245,0.0,0.02406674263503611,0.021416377487502948,0.008172713353174705,-0.00597484125350809,0.0,0.03541875241860044,0.0,0.013376902819918598,0.0005708020656184582,0.0,0.0,0.012315125470453292,0.0,-0.014221421988291127,-0.02625100568650354,0.0013610044306552038,-0.0008239416254867814,0.0,0.0032901099282917345,-0.0012681095186860612,0.0,0.0038799115192930324,0.0028819785009308535,-0.029203694366747582,0.0,-0.0065005934856826,0.0,0.0,-0.0011227298790808882,-0.034322579625469196,-0.02119860833998338,-0.011204841852222314,0.0,0.0,0.0,-0.021638493884731564,-0.011294212702506103,-0.016770070483952033,0.0,0.0,0.0,0.011844641867018073,0.07550366245496604,0.0,0.0022706640122725314,-0.022342341694530258,0.0,0.0059862953677574495,0.0,-0.02274755693610766,0.0274873012632349,0.020428530326926816,0.01323351066710192,0.006828829651275407,-0.007066499111251419,-0.0270257180542589,0.0,0.001554771664886241,0.006490195891003136,-0.00028967405935543974,0.0,0.0,0.0,0.024334827475311085,-0.004984205154107624,0.0,0.0,0.013965805592242014,-0.007446108131098501,0.010668123161797029,0.133011763245625,0.0
2001-04-30,0.0,0.009995918404772836,0.0,0.006328295171059326,0.006593820505639065,0.0,0.005407926757880742,0.02116242421331046,0.0,0.0,0.0,0.0,0.0,-0.0032430860874565455,0.002478286162290038,0.0,-0.007510556208236458,0.0,-0.058139184741003734,0.0,-0.022668495828657566,-0.01416983947942761,-0.030810643453827495,0.0,-0.003269007164477445,0.0,0.0477104482144523,0.013872719262329924,0.0022621697050417577,-0.021392599735986752,0.0,0.09738261023156028,0.0,0.010300172623699304,0.010711442098960482,0.0,0.0,0.02162837611556485,0.0,-0.036372767956575465,-0.02349506263649815,0.00016370775625388712,0.0009103561365588361,0.0,0.006636758466356564,0.01064352970482004,0.0,0.0046132306170997405,0.01175342956919644,-0.016492482439994235,0.0,-0.003698677073879073,0.0,0.0,-0.014827480894664203,-0.023095609506418303,-0.022340709228280013,-0.009645621373863556,0.0,0.0,0.0,-0.017400061004453776,-0.012699184532386736,-0.014401230398854029,0.0,0.0,0.0,0.0011306837119470796,0.005162422847356178,0.0,0.0031140890870834472,-0.014496880122551145,0.0,0.003946555970004999,2.7673735381143453e-11,-0.02040624685864619,-0.0021960251702003762,-0.010486281697930368,-0.00034192297674157774,-0.01304856257540323,-0.032445730611207944,-0.024320469098380308,0.0,0.0979118412827406,0.0012619243582285744,0.01783746764630239,0.0,0.0,0.0,0.004221902967344617,-0.019468533149910924,0.0,0.0,0.0024557836984372555,-8.075331867035275e-11,-0.0071170479133334675,0.07240170668603424,0.0
2001-05-31,0.0,0.015511607890831183,-0.008487016597317088,0.0048746917163565275,0.01907192766485138,0.0,-0.000441772560592965,0.044590219869068505,-0.0043730416454726565,0.0,0.0,0.0,0.0,-0.01073404144469185,0.024045037333655945,0.0,0.002775177694851485,-0.013699353839133397,-0.056259164691281366,0.0,-0.010003944031797957,-0.007620142582987832,-0.006069772108510963,0.0,-0.004974795182594362,0.0,0.026364160198340512,0.010278175531130626,6.4228673162753e-11,-0.01605679576239946,0.0,0.054915219182910195,0.0,0.03711264850891377,0.009206797242125728,0.0,0.0,0.047324461791633056,0.0,-0.01749162264761115,-0.01767416302854004,0.0,0.0,0.0,0.011259148271023905,0.0,0.0,0.018508182593417077,0.003016119469279401,-0.0078089679402279545,0.0,0.004110840047945139,0.0,0.0,-0.036997013475043486,-0.01289750700560734,-0.009185787000513814,-0.011392848634361309,0.008204045793212213,0.0,0.0,-0.024320535857404835,-0.012662167272349213,-0.013408946777743843,0.0,0.0,0.0,0.010715092706776725,-0.0014241958211362604,0.0,0.006611446443428304,-0.005075100676850587,0.0,0.007228978627657027,0.03183671160297711,-0.04091275639982635,0.004316195222492113,0.0,0.004508968166332186,-0.038185564379452155,-0.03453953840882074,-0.043132386629303306,0.0,0.006623472574343249,0.004884826473198879,0.026309066930761172,0.0,0.0,0.0,-8.36671003990403e-11,-0.03267090107257262,0.0,0.0,0.00834365932141493,-0.001500156442188046,0.0013598008404696615,0.0460933202263733,0.0
2001-06-30,-0.008595378259093919,0.006233013677703473,0.0,4.577665868050208e-11,0.008471968563783483,0.0,-0.027969196995813673,0.04938340999742356,-0.009685755735813146,0.0,0.0,0.0,0.0,-0.00907617504994908,0.011628117960990085,0.0,-0.0038454700731727146,-0.011775189545535114,-0.027001432589614946,0.0,-0.005700135894895307,-0.005283755324872112,-0.007248932145055007,0.0,-0.007333766039742567,0.0,0.0,0.04466016774337696,0.004889933318083167,-0.025613119557426005,0.0,0.013938056862778488,0.0,0.029344255129346946,0.0,0.0,0.0,0.0548639858823787,0.0,-0.029073426347875703,-0.013942490223737695,-0.0012776126635869254,-0.0029230034261099906,0.0,-0.004634008004407087,-0.022693534577548576,0.0,0.009975177248991699,-0.012751491022085924,0.002500765299238815,0.0,0.003585556783082125,0.0,0.0,-0.023794930161106075,0.0,-0.00990494748109223,-0.019788487000475308,0.006099482991127832,0.0,0.0,-0.017165001397152664,0.0,-0.013725413062036975,0.0,0.0,0.0,0.029386303770468462,-0.040673204455893924,0.0,0.008910245823887112,-1.0431989089176438e-10,0.0,0.036674710992910864,0.0035729345738641145,-0.035920354397007574,0.010130649631562448,0.003632850047176201,0.000206754077059824,-0.005891522437766947,0.0026183368871510056,-0.02672549566784636,0.0,0.04282435054707212,0.008655022235764837,0.029838059419719513,0.0,0.0,0.0,0.0037410779327653318,-0.06998677035896655,0.0,0.0,0.016813546609715155,0.010292221777971186,0.0088956668132991,0.03823337735553071,0.0
2001-07-31,-0.007199106125758211,0.0002101424152340122,-0.013495957936564608,-0.01377390183483939,0.005460994199740552,0.0,0.0,0.0,-0.014249237833582177,0.0,0.0,0.0,0.0,-0.003917829613685736,0.023844160027257793,0.0,0.0,-0.013707370061028889,-0.03163591404853817,0.0,-0.007134019256763754,-0.006044941788192318,-0.005929581382280569,0.0,-0.021451216643523358,0.0,-0.004171060684533459,0.0574854318301449,0.0,-0.0327051646863464,0.0,0.043377978773463284,0.0,0.007209332189704953,-1.3821934709064923e-10,0.0,0.0,0.03587233932145399,0.0,-0.03224604692749508,-0.00782594019345327,-0.0078016590253572405,-0.011979789862802268,0.0,-0.006951319508298091,-0.02672738660060702,0.0,0.012720655267313809,-0.02314548093066223,0.01088769097254886,0.0,0.03373772601095041,0.0,0.0,0.0003694114708266253,0.021521752185248724,0.0026104249359215925,0.027696706258960754,0.02168825684174279,0.0,0.0,0.030651339096191322,0.028756941908561415,0.009399798892018193,0.0,0.0,0.0,0.0012962960961805023,-0.023635581313849973,0.0,0.0,7.51688945128039e-11,0.0,0.015770451050184667,0.008685178297462145,-0.01784380131498512,0.007644673578169393,-0.003086232037442295,-0.0006353018731845181,-0.010044132912727221,-0.013870467183515285,-0.018330413420138875,0.0,0.01733136603216649,0.013722883304783037,1.6527967494006506e-05,0.0,0.0,0.0,-0.022120267842266193,-0.098340877019359,0.0,0.0,0.007706500251652692,0.009322353547046937,0.04091395923895827,0.0040887279634489486,0.0
2001-08-31,-0.024158438398605955,0.005701532326940383,-0.007608087713367979,-0.023026490636511677,0.007666642436404256,0.0,0.0,0.0004241412339990091,-0.010627159655779417,0.0,0.0,0.0,0.0,-0.002483939867031665,0.00753423525426629,0.0,0.0006305908217472266,-0.01446557374018827,-0.030118946706133427,0.0,-0.013286669971605995,1.0134676124591444e-05,-0.0035803645871781533,0.0,-0.005785868649637538,0.0,-0.042865471567258014,0.037932112729650184,-0.0038434296442298025,-0.016798088637569174,0.0,0.028311426008641193,0.0,0.004656145323435664,0.0010088712673026897,0.0,0.0,0.01644302471798293,0.0,-0.021897506157815022,-0.007099280842327745,-0.0034901308685483493,-0.05289481251325332,0.0,-0.0069932169541939496,-0.02075368367075308,0.0,0.04762261098973592,-0.05781143719037088,0.0007050259750664697,0.0,0.007437005399081288,0.0,0.0,0.004746681923296783,0.0,0.2,0.002461579805435092,0.006451628221274658,0.0,0.0,0.00019550746956989472,0.0012803060009705736,-0.017446773736476944,0.0,0.0,0.0,0.0,-0.013958294469689547,0.0,0.004785766713178434,-0.006462626937946708,0.0,0.014985801067317795,0.02519790049015467,-0.02440066254757414,0.03965209855507481,0.009364355656713556,0.0,-0.022733582659509463,-0.0113413818915428,-0.008675997247445826,0.0,0.007494161024186476,0.0012272855042515238,0.0029298856881300192,0.0,0.0,0.0,-0.0121137516408383,-0.01327833080955478,0.0,0.0,0.013143542690726191,-8.706204586907277e-11,0.0,2.934142634562878e-11,0.0
2001-09-30,-0.021259646861814464,0.009532683542839265,0.0,-0.020397893055282636,0.006690512474392781,0.0,-0.013237556823961067,-0.012136644283784116,-0.018671881771752875,0.0,0.0,0.0,0.0,0.0,0.004768588625235676,0.0,5.675880155293292e-05,-0.012031491914731567,-0.02024830220796445,0.0,-0.01051826475995768,0.004530509615079444,0.0004382405564674876,0.0,-0.006149937236526119,0.0,-0.0588568919304952,0.03072765175674708,-0.005512827685281096,-0.04669611046100337,0.0,0.092465116152798,0.0,0.018449143256668913,4.814957371926158e-11,0.0,0.0,0.022121475357190598,0.0,-0.02051923209343776,-0.010047692492906254,-0.00983718728753414,-0.05207628394871448,0.0,-0.012209517789439454,-0.016255067412277172,0.0,0.000609686360490405,-0.0531869916535457,0.007192597168353425,0.0,0.02883867849996316,0.0,0.0,0.014651432924607676,0.03810734731739306,0.053203457319363184,-4.689195124996626e-11,0.009207438379374286,0.0,0.0,0.009048637184824699,0.03823881122250266,-0.003767429773054485,0.0,0.0,0.0,0.006177137239850126,-0.0046912961862817844,0.0,0.0,-0.0012876828192719327,0.0,0.02120070045378657,0.013469521364962421,-0.017820120035664435,0.035803901515108635,0.010036319184392172,0.002333179194288916,-0.011177752618442347,0.007588741694135968,-0.0029681159746635967,0.0,0.0029446145548027132,0.0,-0.0024337572943280124,0.0,0.0,0.0,-0.017723467730833827,-0.012873908500349574,0.0,0.0,0.00589310749375387,0.0,-0.0054070473498083905,0.005674010740924262,0.0
2001-10-31,-0.015566628774817105,0.006641572489687046,-0.001979476503597123,-0.030330561691639366,0.008143041695900613,0.0,-0.007843363867333988,-0.01429654696247076,-0.01555326055034572,0.0,0.0,0.0,0.0,-0.008109174668373124,0.038433227395630515,0.0,0.014966573231866124,-0.03180710893724848,-0.03802828272279845,0.0,-0.0072392751590271585,3.982375875468934e-11,0.0,0.0,-0.0073146268762930245,0.0,-0.014497061759645864,0.0983991296489804,0.026861178408589467,-0.012812262346770886,0.0,0.03865590255676255,0.0,0.01206231174501647,0.003330469318454312,0.0,0.0,0.019978382775290952,0.0,-0.034716589810938475,-0.018367100888221317,-0.01111815092226949,-0.024758094811936072,0.0,-0.024833056581599625,-0.032615232856393526,0.0,0.01029737061467665,-0.10293923025816365,0.03294848383997921,0.0,0.034986997071803326,0.0,0.0,0.023137939298702188,0.04913338420866777,0.012487579953101235,0.00816827012897428,0.013981377737452559,0.0,0.0,0.011013850609118647,0.012659886743718318,-0.009683659800734355,0.0,0.0,0.0,0.0010053753272480247,-0.007576987123813467,0.0,5.7190655228465424e-05,-0.0026071912006502516,0.0,-0.0020069452622754566,0.0,-0.0004315037819500533,0.0016830001794977047,0.0005644911147408362,-0.0002978570943783371,0.0,0.0,-0.005355159978344112,0.0,0.0004473412251948573,0.0046634075560917235,0.0020181582772389782,0.0,0.0,0.0,-0.010784284478913015,-0.006531324269234104,0.0,0.0,0.0007456343896309874,0.0,-5.982370480172139e-11,0.012528471762932038,0.0
2001-11-30,-0.0022702133527614963,0.005990781675405804,0.006328629701872598,-0.003198867717239555,0.007159328070388554,0.0,-0.011364436451169637,0.0,0.0,0.0,0.0,0.0,0.0,0.00039528672490618956,0.026429884890734764,0.0,0.03281756134216456,-0.03603956787847249,-0.05523377839001989,0.0,-0.012089377408371061,0.00040549710896104884,0.002516907044539942,0.0,-0.016104611584864058,0.0,-0.0182403101496618,0.07850109408306699,0.03423555809715155,-0.05429042487551342,0.0,0.05050414958796105,0.0,0.01349291074755914,0.0027624152333705046,0.0,0.0,0.018995275209752117,0.0,-0.025911105655416485,-0.01729917496110211,4.698059719084626e-11,-0.015091664166694947,0.0,-0.022324034316323585,-0.007153017950776243,0.0,0.01681194323642889,-0.006313057702979434,0.023636186446949703,0.0,0.02374081728311289,0.0,0.0,0.043559200978199354,0.019286042478315422,0.00455737608765386,0.00868211264384097,0.04513742956558843,0.0,0.0,0.00524381379323443,0.0041900004031237064,-0.06469926772975836,0.0,0.0,0.0,-0.009958133602161277,-0.029534323582717216,0.0,-0.00036740358667310325,-0.005422370317298822,0.0,-1.1481035806834854e-10,-0.0002973760651226764,0.0,0.0,-0.0021196872900917717,-0.001558832466011235,-0.006219245491477594,-0.00016939819075473706,-0.02358687325024804,0.0,0.0047588893627942596,0.002070358608745717,0.007055208245927083,0.0,0.0,0.0,-0.035770199608182306,-0.002905726745086746,0.0,0.0,0.0,0.0009286807628465063,-0.014467519398239535,0.009806660538423384,0.0
2001-12-31,-0.024048169127930397,0.0,0.0019139636485643156,-0.006671297799257542,0.0008786273390868406,0.0,-0.020322365617836194,-0.00794853744045156,-0.009065268032898824,0.0,0.0,0.0,0.0,-0.008924016598770408,0.012954645123282977,0.0,0.020343299267255022,-0.016904735502878233,-0.02796240033958766,0.0,-0.016077084957334283,-0.026732965950449487,-0.002910530252216818,0.0,-0.027238315094811123,0.0,-0.05546798492856803,0.008119295778512796,0.031228021902305714,-0.06842971318128346,0.0,0.12248841938841974,0.0,0.014124663881518057,0.0,0.0,0.0,0.02630764672416114,0.0,-0.023860755625220616,-0.026222993661966124,-0.0013710231892115606,-0.023364637241656334,0.0,-0.022646628230125004,-0.010053576874077933,0.0,0.017216427639435164,-0.01011199074346909,0.005497270173215452,0.0,0.02653059584215445,0.0,0.0,0.06444133666426169,0.009155520515170719,0.009356991286182196,0.0057240784341852655,0.053258878511644694,0.0,0.0,0.0071749946325551555,0.0036806313868916374,-0.02933159238502979,0.0,0.0,0.0,3.960584547098033e-11,-0.007613311398685432,0.0,0.001774884871429331,0.003454473550079413,0.0,0.0012071607120899563,-0.002013334997070547,-0.00021724176272093734,0.004544286538329967,-0.0017751126145299809,0.001481070243476744,-1.0658825408946247e-10,-0.001068555173603592,-0.007925934685397693,0.0,0.005269314734332163,0.006481454031674396,0.008516241857873278,0.0,0.0,0.0,-0.013719926486373109,0.0,0.0,0.0,0.0017281978310617326,0.0,0.0,0.025147607451244138,0.0
2002-01-31,-0.012595314165143458,-0.0019933808554007796,0.004042698636033229,-0.004613753663908453,-0.015293118204207961,0.0,-0.019972970533931208,-0.0027136660101457462,0.0,0.0,0.0,0.0,0.0,-0.017090829816138912,0.014205995920405634,0.0,0.005328865770932946,-0.008817702079807348,-0.010264877144110139,0.0,-0.04772860821298194,-0.010533076475214332,0.0,0.0,-0.0538957781297108,0.0,-0.059130367385715046,0.019435748052693998,0.016146856518936617,-0.019090884067930067,0.0,0.038994725116520974,0.0,0.020246146252961138,-0.01676551666233739,0.0,0.0,0.06769907196443258,0.0,-0.013097527930838977,-0.022217149556722476,3.8926801085751155e-11,-0.016416390692360873,0.0,-0.01757173458578646,-0.00949816360738894,0.0,0.01554563678466614,-0.009910694018776228,0.0042772342527472255,0.0,0.025269596044199445,0.0,0.0,0.13897917419249836,0.011179867690193511,0.004816543683065607,0.01278163984052207,0.018104606608532248,0.0,0.0,0.012983808825504928,0.008365395691301618,-0.02189455395688413,0.0,0.0,0.0,0.0,-1.1386734273828683e-10,0.0,0.0006096633065139818,0.0032447690285906153,0.0,-0.0004502194531035579,-0.03166778945532619,0.0,0.004163252665056548,-0.020340385111260774,-0.010084363773504579,0.0030409502734528872,-0.011179104123835605,0.0,0.0,0.017636388549025838,0.008208670677137464,0.0030077354495736228,0.0,0.0,0.0,-0.011738798297093612,0.007715119526463456,0.0,0.0,-0.0034332819165667217,0.004105868516440059,0.0039314967116929585,0.005932473410977423,0.0
2002-02-28,-0.01340493218582152,-0.00820874460633416,-0.003431724663529257,-0.00922231668296091,-0.012291204326486307,0.0,-0.024233635709040587,-0.019153599345514197,0.0018412469232743302,0.0,0.0,0.0,0.0,-0.024248590094851998,0.014360101803550693,0.0,0.006840151055519828,-0.010676887661497271,-0.008565815584360684,0.0,-0.05028130819544446,-0.005669019050641748,0.002412734636326704,0.0,-0.033297185659765645,0.0,-0.052174327332179096,0.026944040618981476,0.02118441741387006,-1.354666325562873e-10,0.0,0.04258148302722475,0.0,0.024168102766080484,0.006876680103102519,0.0,0.0,-0.005100298825752985,0.0,0.0,-0.026108080975155133,0.0,-0.01607978284545601,0.0,-0.003145955296195732,-0.012654505420737684,0.0,0.0045633277031930305,-0.04085831489649387,0.0075583247866174595,0.0,0.031209756992107613,0.0,0.0,0.058761260717014735,0.010198718762053355,0.01891547714030363,0.02770081180922205,0.02326674692795156,0.0,0.0,0.0247011475511012,0.004787417759277585,-0.008678731042366465,0.0,0.0,0.0,0.004715357925023072,0.0,0.0,0.0067022450593473195,0.01045152788755908,0.0,0.0,-0.011947909476195532,-0.009600840268338741,0.020131966068632337,0.004599197914465857,5.174625040623348e-11,-0.0009594396438373395,-0.02572192543179279,-0.007426497801341531,0.0,0.02557339630460275,0.005280070512609237,0.0,0.0,0.0,0.0,-0.047815161730575956,0.0390215708897409,0.0,0.0,0.011948727724593506,-0.007103208863030486,-0.0019400562488351403,0.012703991164906635,0.0
2002-03-31,-0.0122686446364734,-0.010016633297181912,4.3044214385337775e-11,-0.004372844302150388,0.0,0.0,-0.01616186389749161,-0.014814223198165008,0.0016907164709692923,0.0,0.0,0.0,0.0,-0.004050695730074621,0.010020702803993399,0.0,0.005057060845032153,-0.006923782766041667,-0.01180453435458613,0.0,-0.13116047651821078,0.0,4.184195172287484e-05,-0.00724416795326788,-0.035316694708278355,0.0,-0.013517885582853668,0.01594390489150037,0.004383785852841206,-0.01662763277604202,0.0,0.017662769966179954,0.0,0.010213117950277217,0.001161086053171294,0.0,0.0,-8.227660553211891e-11,0.0,0.0031202322445634477,-0.017975880858642688,0.0,-0.015693492082115023,-0.00866533476038341,0.0,0.008754188446034037,0.0,-0.0012192431279629096,-0.0072097884658922804,0.010182672407668708,0.0,0.022583946932711464,0.0,0.0,0.03918602010325474,0.015903170091059047,0.0284015564729201,0.04621487323577659,0.019484842255503756,0.0,0.0,0.01888551603272969,0.0022986652511687547,-0.006599160304318686,0.0,0.0,0.0,0.00808083397440041,-0.0108690691651101,0.0,0.01919012547415929,0.017087957860091967,0.0,-0.009906381968600915,-0.027938172145732857,-0.013510933660840394,0.003185772791904023,0.0,0.0,-0.01621103780592222,-0.017161797084094793,-0.020085192978497122,0.0,0.03032726312043826,0.005085842576967876,-0.007296037446711354,0.0,0.0,0.0,0.0,0.016503509481267355,0.0,0.0,0.01607739929289836,-0.02070957179618694,-0.014668826545894263,0.10327062512575014,0.0
2002-04-30,-0.002925454070767045,-0.01546293080278128,0.0,-0.00820396641511784,-0.005233767361753262,0.0,-0.024688782232176573,-0.017137903283326893,0.0012086616212420409,0.0,0.0,0.0,0.0,0.0017122033668898052,0.002258019757197973,0.0,-0.0038842552286021148,-0.007414148287345646,-0.024102209097217903,0.0,-0.038544443173111696,0.0,0.001081841917272908,-0.0057069409632998945,-0.021936342646318968,0.0,-0.0006667157615204611,0.0024175810982053564,0.0036157259073804544,-0.02793117608228259,0.0,0.0,0.0,-0.011972455907251222,2.249446359894312e-11,0.0,0.0,0.0,0.0,0.012290909942197215,-0.05913906692799279,-0.005160890809155697,0.0,-0.008853873360056034,-8.135067538076974e-11,0.003997468638454771,0.0,-0.010187142420095389,0.0003174436554517633,0.03860190239292102,0.0,0.018744028090325545,0.0,0.0,0.019438855364218296,0.015910590754907052,0.016342526439187478,0.01541491983039874,0.03162207438971241,0.0,0.0,0.033395198204991074,0.006466387331663592,0.0011574665741211447,0.0,0.0,0.0,0.003805346167372144,-0.008606188490259898,0.0,0.028689656638041853,0.008575161604860474,0.0,-0.02456792546426391,-0.018375964224181463,-0.0038859417775501553,0.0008587855884441038,0.0,0.00013112226019598,-0.01286626377174282,-0.0327492867662908,-0.03741994721685172,0.0,0.02070582946454554,0.00821324261419806,-0.02240994274575813,0.0,0.0,0.0,0.0021637607359699823,0.0043378700446803755,0.0,0.0,0.0,-0.02000826861251389,-0.019957806019063284,0.19652541958245845,0.0
2002-05-31,-0.013681986044871322,-0.018996857377708874,-0.005907726081439385,0.008872104904578248,-0.004320996086515236,0.0,-0.007399376974535248,-0.00692406472968768,0.029474032596581545,0.0,0.0,0.0,0.0,0.0,0.0031515604658717143,0.0,0.00021288973399336366,-0.006679047458502694,-0.025606814805064104,0.0,-0.027236551829097996,-0.013170516442488681,-0.00861853197043257,0.017838691451771353,-0.02261964163825204,0.0,0.016193911955787284,0.006848935999142656,0.00833790171193043,-0.03938461035191505,0.0,0.016088144010496512,0.0,-0.016363015000015278,-0.01246957756197979,0.0,0.0,-0.04952270497421069,0.0,0.0,-0.04096615019020434,0.0004264617528446701,0.0189262629569857,0.015728509218721928,0.005390422197019268,0.05087872061425844,0.0,0.019154651568616773,0.04099270822494973,0.011538401638216242,0.0,0.03745508404460799,0.0,0.0,0.0060670657770264145,0.020904446561297026,0.023487436179659864,0.0354396551032049,0.04381280352530876,0.0,0.0,0.022015222004822633,0.027939927519491595,0.0,0.0,0.0,0.0,0.0013308238616940385,0.0,0.0,-0.004234749621852281,0.0006151897500553551,0.0,-0.024925891259056736,-0.01698382079983291,0.001804512569182219,-0.0011948933851452911,3.314787425779732e-11,0.0,-0.018769043029720635,-0.027453332660542746,-0.008740727320926569,0.0,0.009073522068735521,0.0,-0.025034670053929134,0.0,0.0,0.0,-7.849721591244653e-11,-0.010550445912783604,0.0,0.0,-0.0056153044851296055,-0.020800613402041604,-0.01582833847362068,0.0,0.0
2002-06-30,-0.023910887159836802,-0.019801987313130414,-0.016517218624841994,0.0,0.0,0.0,0.018705401743434876,-0.020336121235095143,0.005831266553034842,0.0,0.0,0.0,0.0,0.00042457082231162237,0.0,0.0,-0.003223710519142904,-0.00926748810310223,-0.03814988953877654,0.0,-0.013386401578029264,-0.01923728689831322,0.001632925288234116,0.029561730564577886,-0.03457002728454215,0.0,-0.0058734414457470175,0.00396397057273866,0.00025723031642566145,-0.02505828853221586,0.0,-0.023243500359808506,0.0,-0.01182233671174642,-0.020761954929712678,0.0,0.0,-0.04449784160233393,0.0,-0.004036055088153557,-0.05142732225032096,2.4442962519364608e-11,0.00325760180166817,0.0183819087269301,-0.0011876153876467274,0.01621882471129583,0.0,-0.015424821293204488,0.012104459311264998,0.0018838099110192622,0.0,0.006724220858451309,0.0,0.0,0.00029898748554029706,0.010047281759144336,0.023516243072526182,0.04794557080195714,0.2,0.0,0.0,0.0,0.022891283363034007,0.0,0.0,0.0,0.0,0.00858354351567074,0.0009012031338203861,0.0,0.002817719709973482,0.006083598990817884,0.0,-0.012143509230178864,-7.136951739258758e-11,0.007319507298789903,0.0012577589405037882,0.00865671602684012,-0.00618992855562853,-0.010089823153934868,0.03185634117249501,-0.016563094319651483,0.0,0.00873693626817047,0.0,-0.021119479978784876,0.0,0.0,0.0,-0.0022396658442238398,0.0,0.0,0.0,0.00013938725488589983,-0.005114816547841533,-0.02287855167683367,-0.0019269347658519302,0.0
2002-07-31,-0.012630910379763265,-0.013965775771396662,-0.0022500564600392734,-0.0025926170621260966,0.022412529696598637,0.0,0.006290534190044223,-0.02433474838919233,0.00845950411223586,0.0,0.0,0.0,0.0,0.030870185644144395,0.009443025933751747,0.0,0.012798032676547699,-0.02050846249390933,-0.03550484752659697,0.0,-0.00572537806690276,-0.0034184297998899557,0.009663345216855216,0.09451416273135288,-0.04285787688246179,0.0,0.005629362507510234,0.0471599218815664,0.003559795156841156,-0.01254220647979292,0.0,-0.03191127117474253,0.0,-0.0135177781691719,-0.018450472762911643,0.0,0.0,-0.022208491919284236,0.0,-0.02806887566358309,-0.03783926411719843,-0.028218454126798014,-0.011204775815487202,0.007678658450837694,0.0,0.016442100648946713,0.0,-0.029070333105660116,-0.012016277708118386,-0.012056294132846685,0.0,-6.333654460583279e-11,0.0,0.0,0.0,0.006689392921247306,0.0,0.012390523249893532,0.017544081219730244,0.0,0.0,0.0,0.04142571963452206,0.0,0.0,0.0,0.0,0.01059647290475308,0.028645154802926075,0.0,0.0013925927390168037,0.004933759789397278,0.0,-0.015361333285242073,0.013716221320227255,0.007971315681277524,0.006402145604837265,0.021938974755505127,-0.0006972260850863218,0.0,-0.010412907754178899,0.024482172816010207,0.0,0.014243986114221181,0.005254177664417323,-0.008975613265986782,0.0,0.0,0.0,0.007452149886332162,-0.011224580282626994,0.0,0.0,0.0,-0.012036324068908123,-0.020398417186760807,4.845278848200136e-11,0.0
2002-08-31,-0.0005356931392188277,-0.011719056215303406,-0.008714678576670666,-0.0027865844063080275,0.002215686844419496,0.0,0.0039414957877004254,-0.01173821139268016,0.009780549011317353,0.0,0.0,0.0,0.0,0.02009843117977292,0.004650279199918924,0.0,0.0,-0.026635297111877374,-0.03341880626948809,0.0,-0.003152435881674353,0.0014288137610420797,0.003206815462400228,0.013839713420684548,-0.05981783220443547,0.0,3.8529391946059914e-11,0.007726105417241319,0.0,0.0,0.0,-0.004734654429703474,0.0,0.007583702812225557,-0.012453211294300668,0.0,0.0,-0.006903018078262011,0.0,-0.0549006238735906,-0.029307478172944847,-0.023549831170879103,0.0,0.03322885042964423,0.18456463287558064,0.008680439843842005,0.0,-0.007143718431357656,-0.003961893552297703,0.003556423664093349,0.0,0.0,0.0,0.0,0.006494083436194154,0.009096469256625665,0.0007910918827430086,0.012785196267461238,0.021591283607747477,0.0,0.0,0.0032609266780432135,0.02239384666585151,0.00908601589859948,0.0,0.0,0.0,0.00021769287519674227,0.02096306597202422,0.0,-0.012861346876104539,0.008888940882463994,0.0,-0.030244885749573184,-0.013376407660183604,0.01566048738003826,0.0,0.038389364682489914,0.0,-0.005148558446443717,-0.017806361280089507,0.024144834615498722,0.0,-1.1307739413240771e-10,-0.0021550990139129053,-0.019255400293709438,0.0,0.0,0.0,-0.0267418201914442,-0.005702020526754133,0.0,0.0,0.0017347601506100068,-0.01785023552969987,-0.03437381291283403,-0.013011027205181,0.0
2002-09-30,-0.009084279963922177,-0.00850652415698384,-0.009365386003634188,-0.009771898374107338,0.004646611246652166,0.0,0.005235366583918923,-0.006230691620673288,0.0032584235167322085,0.0,0.0,0.0,0.0,0.03983798466200887,0.0031390415641025125,0.0,0.0,-0.007477054467437356,-0.018969596151392196,0.0,-0.002704076600666255,0.0,0.0,0.02993307109068661,-0.017433179406046752,0.0,0.00158288471240595,0.01947158442830091,0.009090201567604454,0.0008321657772700723,0.0,-7.742648404205497e-11,0.0,-0.004825753107689155,-0.0441428331186041,0.0,0.0,-0.010381829499436068,0.0,-0.026797299246454142,0.001827464354329073,-0.015455336582541708,-0.003176418769625159,0.009902200004042693,0.0019103265950701032,6.46444431415738e-11,0.0,-0.013643391375982871,-0.0011613447891085362,0.014355620623351618,0.0,0.00767992278110553,0.0,0.0,0.04721603929871249,0.04013909339167533,0.007277749585323707,0.024124281488001383,0.04170346202437563,0.0,0.0,0.01921737190589277,0.062078937334881304,0.03357108056536935,0.0,0.0,0.0,0.008012986095383997,0.007647891134957009,0.0,-0.01302561958753952,0.011620246874169142,0.0,-0.031336587013999086,-0.008664048366783035,0.02433695992128757,-0.005376856491933776,0.0,-0.0049130792620071416,-0.014384515076268593,-0.019026901076076717,0.018205902695263315,0.0,0.0,0.0,-0.0048185794642042175,0.0,0.0,0.0,-0.0030827033096769508,0.0,0.0,0.0,0.0021451281124809786,-0.044056964177621845,-0.13441594330844378,-0.007771309553713729,0.0
2002-10-31,-0.02427372320400583,-0.005160650644721388,-0.010611449474654864,0.001665634887363798,0.005915494597810809,0.0,0.012137555859582951,0.004275201485076868,0.013251606107571604,0.0,0.0,0.0,0.0,0.03415504078149936,0.006635741674011777,0.0,0.005245901176671281,-0.004682993904224964,-0.009551488632239598,0.0,-0.0070867033681545006,-0.0043239912534340395,-0.0002529448150667113,0.021295790853523632,-0.014597631844375202,0.0,0.005246486544036395,0.01715837647817802,0.010991971604399579,0.0,0.0,-0.0010962456949014088,0.0,-7.782739488529469e-11,-0.03796987267491981,0.0,0.0,-0.09624548710672864,0.0,-0.031100848531651223,0.0,-0.0019435205111322585,0.0,0.0047308142899656494,0.006878534684496463,0.008763529837359684,0.0,-0.005621171782695952,7.218897240901869e-11,0.011598176975223733,0.0,0.008406960791648778,0.0,0.0,0.0644862935910073,0.03500612897527485,0.010166926187835965,0.02657863803870806,0.044850115166762516,0.0,0.0,0.011984522274964434,0.05556991046620712,0.017077360635521777,0.0,0.0,0.0,-0.00020609469481815089,0.02398510165207428,0.0,-0.01756543856723722,0.0034220625105314375,0.0,-0.03628199845028905,-0.006580558673865947,0.02327147117626715,-0.032641867376506775,0.0,-0.007463895203441033,-0.014193754665416005,-0.019134949239401226,0.00524865062423575,0.0,-0.0021911581309112835,0.0,0.0,0.0,0.0,0.0,-0.0054215804178795665,0.0,0.0,0.0,-0.018520887172359182,-0.05378464196055656,-0.023166463797943394,-0.008327988128640775,0.0
2002-11-30,-0.011335687819281508,-0.016600786328469425,-0.006955880402210863,0.01661499296427543,0.013096201599488027,0.0,0.027139566388336363,0.017136061460533387,0.004492132820736095,0.0,0.0,0.0,0.0,0.0,-0.0013518970155414073,0.0,0.0,-0.004406387027117436,-0.011394655057452019,0.0,-0.005729581121601179,-0.013492261563161296,-0.0012392154499469407,0.008798400712492915,-0.02835913657197337,0.0,0.017622128471746254,0.024778666453209672,0.01659575131183149,0.0,0.0,-0.011265282722306104,0.0,0.000833894239058797,0.0,0.0,0.0,-0.008492197536319976,0.0,-0.023756084497387683,0.001600110859450906,-0.046390281379933646,0.001121083078707629,0.0012636959116176466,0.014125026440445826,0.027618998918504237,0.0,-0.024651434247714148,0.0,0.0034723731302695555,0.0,0.0017571095451568016,0.0,0.0,0.06292297575769655,0.020004480974834815,0.009398176663088707,0.011328529244946244,0.015551556312054442,0.0,0.0,0.0074101971608254835,0.07085022814932462,0.004834149573200277,0.0,0.0,0.0,-0.0036797635087041174,0.04303558428585571,0.0,0.0,0.013129471497978194,0.0,-0.010671185829764078,-0.015989313752237257,0.016079603666635956,-0.004379204501372158,8.426378717678066e-11,-0.033209701673370465,-0.02218884773685389,-0.03794059954706924,0.02738885232343415,0.0,0.0,-8.087954441472365e-11,-0.009923882020915925,0.0,0.0,0.0,-0.003484838731738381,-0.0008364402158185878,0.0,0.0,-0.009963170457370921,-0.0894935236012826,-0.04271597271612003,-0.00010278688608585382,0.0
2002-12-31,-0.01134701793203823,-0.0418162616218473,-0.014523171413111975,0.0,-1.2563390948415965e-10,0.0,0.0004397006914134036,-0.00022209092702556944,0.0010684515563572487,0.0,0.0,0.0,0.0,-0.03414229226206301,-0.013277517712878883,0.0,0.0008694447244642887,-0.005493942976232427,-0.002785178459168495,0.0,-0.0070188919240366165,-0.017198233456542204,-0.008476473529310243,0.000977919827761475,-0.011881397506634271,0.0,-0.034644363850201546,0.036793690554374744,0.026780161603822156,0.0,0.0,-0.053711595987056264,0.0,0.0,0.0,0.0,0.0,0.016107445602039056,0.0,-0.011008676226000878,0.013074707929227868,-0.010839681883536257,-0.05146959454790886,0.0026832353742013335,0.0007780322383674541,0.0026327142292190925,0.0,0.0005067401396474459,-0.03520284079861288,-0.03888105756002361,0.0,0.0,0.0,0.0,0.039102156817187095,0.01867590008291143,0.011467495047067209,0.014493584158226396,0.008394377342028487,0.0,0.0,0.000669396166246718,0.1134247850103967,0.006153797962689147,0.0,0.0,0.0,0.0014982387329245622,0.11735006086502382,0.0,0.007679679924183146,0.025476047371827022,0.00590834149790291,-0.000964708480038584,-0.013004100669081305,0.0007910680953013411,0.0,-0.015566756985533323,-0.00699207545164666,-0.0021885826267912453,-0.03488160471211699,0.016576543318739177,0.0,0.004638913401961555,-0.00545183851468826,0.0049873696623197,0.0,0.0,0.0,-0.009900257980612899,7.216795817029787e-11,0.0,0.0,0.0,-0.0038707076722117625,-0.003239086207415586,0.0,0.0
2003-01-31,-0.01847526619381125,-0.09699871799333035,-0.02224826133564747,-0.0012571273913361942,0.011090855498728326,0.0,0.0,0.0030560321371930345,0.0035909157312000364,0.0,0.0,0.0,0.005868992361967028,8.940490124124074e-11,0.0,0.0,0.004683854477819925,-0.012555166266553263,0.00017363781386920836,0.0,-0.019092286111375485,-0.019060993564724696,0.0,0.008570909344784541,-0.008798671106634556,0.0,-0.08496378267172895,0.059897770418628746,-0.03758994134372688,0.02435698369272148,0.0,-0.002565754840152538,0.0,0.0,0.00012678099620584525,0.0,0.0,0.025969167272796724,0.0,-0.010069734349953967,0.010554955396821901,-0.0023535008233265273,-0.022531001178948705,-0.011422905151852977,0.0,0.0,0.0,0.0,-0.029198504383658452,0.006982750772392925,0.0,0.007961468153634639,0.0,0.0,0.059439787683981025,0.017950256614306968,0.022138371174085354,0.01799692115799668,0.012895375052212837,0.0,0.0,0.017681660022990566,0.037509575813818564,0.026975251490058246,0.0,0.0,0.0,0.00323237226414124,0.011959959231368252,0.0,0.014179771895331077,0.050898005460212205,0.020587555325986814,-0.004530620603833266,-0.011708408386914757,-0.00893842646050077,-0.0006192525692402487,-0.007303364428856896,-0.01711619746642039,-0.004468704871665772,-0.03317307138600485,-6.296227034678807e-11,0.0,0.009641853064106367,-0.006377126170400269,0.004028209591234568,0.0,0.0,0.0,-0.004579653034194314,0.0,0.0,0.0,-1.2526552441824766e-05,-0.001673448931334881,-0.00031758436846724824,0.0,0.0
2003-02-28,-0.016057639527348105,-0.0831561422981858,-0.06139484799600685,0.0,0.009467971760142796,0.0,-0.005204626624516514,0.013351021687078801,0.04230772706724934,0.0,0.0,0.0,0.011930679290869009,0.0018479031416104039,0.0027020991132877922,0.0,0.010189312925854227,-0.017979849977464064,0.07305806433105312,0.0,-0.02887807255033142,-0.022323029770152925,-0.0018300544630904492,0.0,-0.012286354173340073,0.0,-0.00502258173801471,0.04452813839199328,-0.011304066351661585,0.017659020924480896,0.0,0.0,0.0,0.02439301652144516,0.0,0.0,0.0,0.046155315944810836,0.0,-0.00470897115338537,0.00957614217301354,-6.444045974267884e-11,-0.012611665064338024,-0.003773100061375628,0.0,0.006427591879511858,0.0,0.0,-0.030868377726538023,0.0015141142719705832,0.0,1.3825312674674171e-10,0.0,0.0,0.053021055147949886,0.0035022158181970903,0.020877172432636405,0.006971274004676336,0.004985226588262115,0.0,0.0,0.0023298850842059303,0.007464584301285392,0.005479378086795068,0.0,0.0,0.0,0.0007168442366964886,0.0490023979928637,0.0,0.004620270201445524,0.020184082000036307,0.0,-0.005629408623611247,-0.011243810883367743,-0.03214956654873896,-0.0027051522769560164,-0.0002567253204106484,-0.014166460716082635,-0.006483831826710095,-0.018332500838068283,0.001223633132242334,0.0,0.004513861410082572,-0.04929726506720912,0.0,0.0,0.0,0.0,-0.011525386049636835,0.0,0.0,0.0,-0.002482020079895266,-0.0049268854543210025,-0.005675462070700925,-0.017726144704101235,0.0
2003-03-31,-0.03160828639059233,-0.041960138754545545,-0.008062866769848107,0.00570606780935575,0.02828501087672095,0.0,0.0,0.005839121235987915,0.037143036862328206,0.0,0.0,0.0,0.007148795004962281,0.0015609375626528612,0.012811602904167161,0.0,0.007917240939254305,-0.003820546537437391,0.14488562210016862,0.0,-0.02271400258312002,-0.015936559997455156,-0.005798353131199165,-3.573966299749215e-11,-0.007835980900928751,0.0,-0.00672029041723705,0.0021219909555830014,-0.0017325003175645874,0.001663691924260745,0.0,0.04538780590590851,0.0,0.004628365097792102,0.0020213481302343277,0.0,0.0,0.042656682995648586,0.0,0.0,0.019195508107488674,-0.00016188596211677816,0.004993885075347693,0.0,0.0032226338715668074,0.032009503013213404,0.0,-0.006703198209173303,0.02105322674702503,0.0009011727613684298,0.0,0.0,0.0,0.0,0.007343697948044066,7.157903721657233e-11,0.01178458641792806,0.0020704822435817683,0.00527693991801854,0.0,0.0,0.0,0.0,0.0,0.0,0.0,0.0,0.0,0.006631944674196884,0.0,0.009182298139146271,0.018150951670544792,0.008405849035925306,-0.009282456292376827,-0.0234004699643469,-0.015340573562578853,-0.00709239248495305,-0.0025721075863621846,-0.05266027679324275,-0.01642474641556853,-0.023083702174209828,0.0,0.0,-0.007709215439909252,-0.034682482285180595,-0.02611385064255724,0.0,0.0,0.0,-0.009639480385469253,-0.015611199439495523,0.0,0.0,-0.00962760598228906,-0.01709760115823275,-0.07556225483545122,-0.0010449745508182874,0.0
2003-04-30,-0.007418276886620283,-0.023028966293034178,2.2064780830006606e-11,0.0022140975532907174,0.03159179898935997,0.0,0.004969849068128473,0.005113247375252233,0.007503733508959121,0.0,0.0,0.0,0.008209295330001915,0.0,0.0,0.0,0.008616988381092032,0.0,0.07066242905321082,0.0,-0.01098359761526457,-0.02483451963171042,-0.05883589323174368,-0.010246861877906117,0.07642873964903951,0.0,-0.0019145151013652939,0.005623205451459343,0.009221286819575816,0.019127856313714463,0.0,0.001378261574245014,0.0,-0.0008405226588764234,0.0010882593282393134,0.0,0.0,0.005657064950171883,0.0,-0.005979024180448091,0.03027672049283345,0.002591043942615491,0.004091756160656553,0.0,-4.1459732820486226e-11,0.009990434159798982,0.0,-0.027381145797250213,0.015478311086944852,0.0023983417404589633,0.0,0.013113222441173798,0.0,0.0,0.0,0.004248760704170132,0.016944056960006972,0.005140249026403331,0.0,0.0,0.0,-0.002391738530238888,0.12056503372988608,-0.007638860949402258,0.0,0.0,0.0,0.0,-0.0012266992788394068,-0.00256845216085322,0.0,0.0,0.0010074483068696581,-0.015148204766705864,-0.016849858248603633,-0.013996516562192052,-0.0233052144255664,-0.01533119578305132,-0.05306067541553915,-0.02309206258928726,-0.020156872568282237,0.0075392886834276295,0.0,0.0,-0.005232552651502124,-0.0033823125735158786,0.0,0.0,0.0,-0.01249597301630273,-0.006568198817487936,0.0,0.0,-0.020305600140036604,-0.044839138957031656,-0.040946549249882384,0.009209219196948695,0.0
2003-05-31,0.0,-0.05133354859598559,-0.0007726821442572033,0.0007380088993516196,0.00506161198136948,0.0,0.0,0.021770742882790284,0.002571369419206987,0.0,0.0,0.0,0.01335921320532107,0.0,-0.005849621006950356,0.0,0.001015847160418973,0.001121671980203973,0.12330595463072923,0.0,-0.008952978815788786,-0.08296413738491334,-0.011216329434997127,-0.024110702005931094,0.019249121386460868,0.0,0.0,0.006337973026590562,0.012800668685439071,0.008502392589988318,0.0,0.006349920288411603,0.0,0.005692542457373499,0.00045221523415286453,0.0,0.0,0.012724958517815198,0.0,-6.702109614558118e-11,0.05349364418980882,0.0,0.0013174047134720181,0.0,-0.0010548516203810988,0.017832426732310638,0.0,-0.0025758094862873573,0.010672547492374259,-0.005592532351671303,0.0,-0.019092713527416663,0.0,0.0,0.0,0.0,0.11200167904701412,-0.04628932450895448,-0.008690291181306145,0.0,0.0,-0.006493846101536253,-0.0005084016360783624,-0.04038334508178781,0.0,0.0,0.0,0.00018064323888502312,0.006386359858140547,0.00295573263188161,0.0011626885270244872,0.00837355337670556,0.003995839425027451,-0.0023695892393248708,-0.042223302366652136,-0.0280896707138996,-0.01339104852800164,0.0,-0.01315773715672203,-0.010492997002107677,-0.007602487103487578,0.033185088596146856,0.0,0.0,-0.00504199240508264,3.67081732919997e-11,0.0,0.0,0.0,-0.01138833784385549,-0.019279016494756315,0.0,0.0,-0.008268829603546341,-0.0037593502535453916,-0.01905452633775426,0.007388179788876775,0.0
2003-06-30,0.020568371022041846,-0.010675275247851099,0.0005515954095225512,-9.735517771404405e-11,0.0006303810200323597,0.0,-0.004610351071577995,0.0057790517066618734,-0.002487022146682235,0.0,0.0,0.0,0.0023285507177345523,0.0,-0.007776165006221443,0.0,0.0,0.01840721963320022,0.09223908927136934,0.0,0.0019778289534475696,-0.0019222965540920175,-0.0016693375279937719,0.0,0.029285998579921438,0.0,0.012870215359880798,0.00734860378272267,0.0026936824433145866,0.021068563110396038,0.0,0.0027159987164257506,0.0,0.002126127729518668,0.0061698989792836,0.0,0.0,0.005339289928549711,0.0,0.0,0.04586120120162717,-0.0061149296930418364,0.0,6.74553742341359e-05,-8.757861144141277e-05,0.011613939053478583,0.0,-0.005386023445536025,0.004507404105963411,-0.005630523762727236,0.0,-0.03387888927744214,0.0,0.0,-0.01449772087156352,-0.012519434901801333,0.0,-0.023652645382090408,-0.023461933870918626,0.0,0.0,-0.003878209208199332,-0.0064831391601350655,-0.06746287119879445,0.0,0.0,0.0,0.004915341726672641,2.979835224033467e-11,0.0,0.006529942062346321,0.018899025408486432,0.006642418559432904,0.0,-0.015769213216740408,-0.07362896950585539,0.0,-0.01376388614122456,-0.02626539599743935,-0.007504966106828591,-0.017259299846236396,0.13745829445864835,0.0,0.01631569331333435,-0.0019415524564669977,0.0,0.0,0.0,0.0,-0.040076856709240986,-0.04903083724912182,0.0,0.0,0.0044320186498399495,-0.013629127166063067,-0.008935548569317298,0.01065679969211382,0.0
2003-07-31,0.0014408210546019758,-0.010012543047866118,0.0,-0.007054582060780052,0.0,0.0,-0.011624451190741578,0.009507646059842343,0.0,0.0,0.0,0.0,0.014594651444645666,0.008025937932812973,0.0012904245001577545,0.0,0.0032365150448869806,0.008504938254700847,0.08322300713604107,0.0,0.0,0.0,-1.0153055878050963e-10,0.0,0.035029549975612265,0.0,-0.011814735966537902,0.008945162422062202,0.007493676711215823,0.05350892420696458,0.0,0.004738322165316056,0.0,0.018550755724679235,-0.015839105153604566,0.0,0.0,0.05142289286076205,0.0,0.0,0.01242739239396076,-0.008727669864714606,-0.01778136488633576,-0.011174797853164232,-0.018783654261507417,-0.011039179337465099,0.0,-0.01172159579433436,-0.012217736120082253,0.022171297111344287,0.0,-0.023955341500119676,0.0,0.0,-0.003360155735807678,0.004271015726498062,0.003321595968171263,-0.01973426460369365,-0.005987044872581912,0.0,0.0,0.04537533008905644,3.784123568971019e-11,-0.02037337366845859,0.0,0.0,0.0,0.020141938451531984,-0.0007203863455409916,-8.213838632031533e-05,-0.005483086908691748,0.02406950323613231,0.004639088696531955,0.0,0.0019105539944955909,-0.02863845090457578,0.0,-0.007931416864715107,-0.022532681205301837,0.002552131335385097,-0.021750517328218297,0.007279997257103111,0.0,0.017780695097321157,-0.032851689565998335,-0.0017530917419561385,0.0,0.0,0.0,-0.09403207228961667,-0.05861719052630718,0.0,0.0,0.017941131114638107,-0.004405681913431588,0.0,0.006605103995686738,0.0
2003-08-31,-0.004450028342744117,-0.0034602748984861823,0.0,-0.01927591746507131,0.0,0.0,-0.015257516209644854,-0.008557552378417713,0.0,0.0,0.0,0.0,0.0,0.002983415953086668,0.0007735517439182013,0.0,0.00091449339747968,0.2,0.01865728379402749,0.0,-0.012365396321767714,-0.0022288759135697263,-0.0011084819869754657,0.001121870134098029,0.010390399163789062,0.0,0.0,0.0050983287083152746,0.004284531971629392,0.016447482814177402,0.0,0.042534632736865384,0.0,0.015179469106437502,0.004908934641979661,0.0,0.0,0.009492098874951355,0.0,-0.0161259387282071,-0.012371344954476128,-0.022637281809853447,-0.03115008525837378,-0.002461422434861603,-0.020869156078076167,-0.024115050015401627,0.0,-0.04154384343226111,-0.018707805481440538,0.11021504702968,0.0,0.0,0.0,0.0,0.0,7.537339709771055e-05,0.009270635692627363,-0.020883275977755023,0.0,0.0,0.0,0.005356321926196603,0.0007519328366607366,-0.002186033287575212,0.0,0.0,0.0,0.009878911153074,0.00016570488420102533,0.012885512020909965,-0.009884445074567086,1.870723121394341e-11,0.0013768081483227933,0.0021000796369743564,-0.005120593866437437,-0.023225930653582184,-0.020372154052051755,-9.734431001734564e-05,-0.019935094575044505,0.0018916707636456173,-0.016087353616645213,0.008754968333562782,0.0,0.0007110107120553941,-0.008997035769773174,-1.2667779494924587e-10,0.0,0.0,0.0,-0.06257219290115873,-0.05395257407908592,0.0,0.0,0.0013583592519635422,0.0,0.0,0.002421171153565798,0.0
2003-09-30,-0.001110659097583396,0.013267357401937404,0.0,-0.01760968010417074,0.004045022899557142,0.0,-0.012363797674821405,-0.014074229629259711,0.0,0.0,0.0,0.0,-0.002122681973030901,0.00578636942877873,0.005937595342037677,0.0,0.0034278778699074215,0.02049395746109281,0.030062177517561635,0.0,-0.008934858909285578,0.0015024895934935788,0.0,0.00037634815967335655,0.006685633040683502,0.0,-0.0008439219892758846,0.04707233698867515,0.028206375761197177,0.013493669069816786,0.0,0.02287542175705385,0.0,0.010880625504338487,-0.012220898277169571,0.0,0.0,-0.0038497867093502383,0.0,-1.5918259397507237e-05,0.001114249365635187,-0.017129748440687195,-0.03599947737693258,-0.00027857420196703665,-0.019563605790838302,-0.027124152528501606,0.0,-0.019399868923436245,-0.014614864845646863,0.04700336632427886,0.0,-0.029494271382473108,0.0,0.0,-0.032486927404736354,-0.024019602839197796,0.0,-0.04073960052263299,-0.02842524258858592,0.0,0.0,0.0,-0.003318943351499424,-1.1137459632358565e-10,0.0,0.0,0.0,0.11389953552378611,1.8022736971000356e-11,0.019489031582482993,-0.003464044309895048,0.0022249802257193587,6.527315807066002e-05,0.009585247033814737,-0.008338566383834426,0.0,0.021388498027772655,0.01222971477262441,0.0005223236294100331,0.008322601047289612,0.0,0.015688136806477185,0.0,0.0,-0.009553643395389529,-0.0032159044692589,0.0,0.0,0.0,-0.06726531722380923,-0.04242121128595796,0.0,0.0,0.031552957647164565,0.0,0.0,0.0028008270416461606,0.0
2003-10-31,-0.006949447552648721,0.00821736270554535,0.0,-0.015106866698877829,0.005079039732365495,0.0,-0.018002438492747772,-0.01220706786029098,-0.004840422226875841,0.0,0.0,0.0,-0.007355117309083763,0.004929103068166854,0.00010271406442491798,0.0,0.004834130474491364,0.03314902767864837,0.032677956473183535,0.0,0.0,0.010819705922626054,2.3808290298345805e-11,0.007839742477743048,0.005263981801935056,0.0,0.0,0.025026064565543897,0.013414814592281511,0.042650701589041835,0.0,0.023846199406612322,0.0,0.0027913524921169205,-0.005129701009797725,0.0,0.0,-8.933741925882401e-11,0.0,0.0,0.002686656915205247,-0.024599086685629,-0.03228034999856079,-0.013272331041602792,-0.019121224120012756,-0.031990352099917525,0.0,-0.027485924884243697,-0.022713188241414037,0.0047941091369992795,0.0,-0.031371133366851024,0.0,0.0,-0.03911737292838763,-0.019576216322863518,-0.01120205587094353,-0.02742413873855623,-0.010808924134676509,0.0,0.0,-0.011742962847720338,-0.017438888393871387,-0.002549479655551953,0.0,0.0,0.0,0.15077707826532902,0.0,0.030132417639598248,0.00044260864242551246,0.0037139357488978546,0.017770954492167257,0.0004754359239769067,0.0035720777215284237,-0.010086947189652957,-0.0042728179154992545,-0.008011738378926842,0.0,0.021988825375984584,0.0,0.014109532753183768,0.0,0.0,-0.01186099640962411,-0.009771523336019048,0.0,0.0,0.0,0.019050941336830874,-0.04371128619981506,0.0,0.0,0.004635273405049599,0.0,0.0,0.005208255574288668,0.0
2003-11-30,-0.012007415270481893,0.0007104881136436227,-0.0027541946314946966,-0.020736596106927095,0.006682058742249694,0.0,-0.022626583019746415,-0.01687205436673118,-0.010634408167559511,0.0,0.0,0.0,-0.018660900836235613,0.02106141356364922,-0.009904377397766015,0.0,0.01893160498656119,0.047312425149640326,0.010981763708957672,0.0,0.004977133634998466,0.07422830314678812,0.0033156772062205996,0.011821287852664135,0.004968722306383236,0.0,0.005557644518211579,0.008721706242627645,0.0010052514075342739,0.05526319709384329,0.0,0.0,0.0,6.64262369401463e-05,-0.01519218027169196,0.0,0.0,-0.012267044777725554,0.0,-0.01190554862173255,-0.001281379254083536,-0.028644744601925027,-0.035744434283334015,-0.022828299215871,-0.02520046596673367,-0.03237240998328925,0.0,-0.02330780149841831,-0.02632106208698366,0.009695656410806077,0.0,-0.03010591403419671,0.0,0.0,-0.02146118237481124,-0.010828251770243569,-0.007694829445666737,-0.015521305553585095,-0.009182840272292082,0.0,0.0,0.0,-0.007598867187347926,0.0,0.0,0.0,0.0,0.07822032392787531,0.0010830518515849406,0.004450651168894397,0.0,2.6347447218736715e-11,0.05758165265180933,0.0,0.00028929546736711524,-0.007339479858536181,-0.009423813585905423,-6.186345032030917e-11,0.0,0.02177093887184628,0.014010643948887356,0.005415866684364606,0.0,0.0,0.0005881447616752966,0.0,0.0,0.0,0.0,0.0264894145669611,-0.031581615496820634,0.0,0.0,0.0009049279135845004,0.0,0.0,0.003894327837083006,0.0
2003-12-31,-0.007462026584376445,0.0,-0.015668762410339016,-0.0009723000883822455,0.00796605252845469,0.0,-0.02477562263839704,-0.012509283500087174,0.009414518772713761,0.0,0.0,0.0,-0.01571801194754721,0.02637452718125798,-0.004334496416452405,0.0,0.0024416157227559908,0.037607071729747615,0.004605319344086926,0.0,0.0073586795612639,0.029158566308908087,0.007820406066149347,0.0062938469504975674,0.009869773387952552,0.0,0.0,0.02031747297733769,0.0,0.0486618413497849,0.0,-0.007928888793197409,0.0,1.6731653375973642e-11,-0.024121275810936295,0.0,0.0,-0.03883655427464814,0.0,0.016304882113556768,0.0060236607657185555,-0.029809060104736704,-0.0402015020711293,-0.020463744112458437,-0.03224022006474571,-0.036009318855880476,0.0,-0.022377414243089762,-0.03665073017324957,0.009981201148078225,0.0,-0.0320251452988392,0.0,0.0,-0.015115708503795573,0.0017911367135295545,-0.0020082946999012783,0.039611668326477445,0.0,0.0,0.0,0.0002184769532196344,0.0,0.006175322335817936,0.0,0.0,0.0,0.06181830077143745,0.08650715984549075,-0.003726225296255831,-0.004927862465022785,0.0,0.0016164413963746576,-0.0002690424749058653,0.0,0.0006639852736829527,-0.009928472120209777,-5.569989728262183e-11,0.0,0.0171597817623329,0.0102604360943121,0.0034429552333701996,0.0,-0.0069329135717478745,-0.008534291970181341,-0.007896212647479924,0.0,0.0,0.0,0.01939096584879467,-0.03718548579584513,0.0,0.0,-0.0013711330104621514,0.0,0.0,0.0011439335201636528,0.0
2004-01-31,-0.018145038089648707,0.0,-0.007221527548904984,-0.005353414612527021,0.0,0.0,-0.01780421532117081,-0.011419084059223279,0.0,0.0,0.0,0.0,-0.01534788150005122,0.005574657646294375,0.01564598238983534,0.0,0.0037665225882203917,0.0,0.0037559572450308323,0.0,-0.011574475751839492,-0.00789411639422614,0.0,0.014166326073412843,-0.0003323177654717395,0.0,-0.016412121792490145,0.003460261220011816,0.0030903949157775135,0.004891156890965213,0.0,-0.01928489558893248,0.0,0.016912604640934185,0.0,0.0,0.0,-0.04161559544098222,0.0,-0.014334362567758226,-0.013091419101087628,-0.020769904031993035,-0.02999696519457103,-0.014893745192344042,-0.030433574720066695,-0.03652476976701219,0.0,-0.03419279783842789,-0.029986416435998954,0.014797540460658627,0.0,-0.02202412955837837,0.0,0.0,-0.005286729166540243,-0.014832622768396104,-0.0010567784249691863,0.09159359704069249,0.009876430275912094,0.0,0.0,0.013220231018208814,0.01832221796273066,0.01852648926213282,0.0,0.0,0.0,0.013997245781547698,0.07936537076102064,0.0,0.0,0.0031976831190869857,0.0,0.0020454979570599012,0.0,0.036156700600431774,-0.009191768011622765,0.010619371214742754,0.00014387154331272443,0.01834829429405624,0.001782032577929147,0.003920734162827079,0.0,2.202818149749802e-11,-7.349783388840675e-11,-0.008838520795395438,0.0,0.0,0.0,0.038684683141274566,-0.03178801660245617,0.0,0.0,-0.01035279588401597,0.0009932343938500678,0.016474942030374695,0.036669968769639565,0.0
2004-02-29,-0.01213684679384788,0.0,-0.0030324707306886994,-0.020928235826477935,0.003495762782737802,0.0,-0.01993825122771502,0.0,-0.010107936284255733,0.0,0.0,0.0,-0.013365066495276896,-9.976085235375961e-11,0.008288094968944615,0.0,0.0027761947741262545,0.005552308133030711,0.02187180456108221,0.0,-0.0247604114840616,-0.013211545051542106,-0.0084582968193132,0.0,0.0010092780992209678,0.0,-0.005793917253381712,0.0,-0.0059768203554622645,0.01544661976353708,0.0,-0.014724047284075462,0.0,0.0030245135889944755,0.008081134897175933,0.0,0.0,-0.041022369239453516,0.0,0.0,0.0,-0.014930824100968078,-0.02263614457193081,0.003063444666173147,-0.03374878539702448,-0.03746502295845098,0.0,-0.03247385699871251,-0.03283512626820609,0.0,0.0,0.0008623585598766779,0.0,0.0,-0.042775218012162025,-0.029064662128306554,-0.008615242426969543,0.0,0.0,0.15167379709820372,0.0,0.016525965849930453,0.0024522646990165287,0.022616128929345204,0.0,0.0,0.0,0.005655200354889032,0.0139950427987505,2.987829997101442e-11,0.0016713679042969362,0.006653273868729794,0.0,0.0,0.03770222432214338,0.011987139077249848,0.03940080086175868,0.012930354057256899,0.0008067479245038476,0.06022796258329992,-0.019401369231317408,-0.0010842958654989127,0.0,-0.00306824005113641,-0.009794136941680081,0.005081448919205441,0.0,0.0,0.0,0.01667345560510792,-0.011358240335653625,0.0,0.0,-0.004034350153760147,0.01447875229165549,0.005996558029878235,-0.0032582696129095545,0.0
2004-03-31,-0.00814486682231914,-0.0037077682783087738,0.0,-0.027114826392662283,0.0,0.0,-0.030190129500664596,-0.017191630434620405,-0.006560872287803444,0.0,0.0,0.0,-0.014101659058173026,0.0,0.002939966329435631,0.0,2.2787460476410567e-11,0.002038919654695015,0.009993472018075657,0.0,-0.030615934569465028,-0.015150938035301164,-0.01418996468894531,0.0,-0.0036992064770493076,0.0,-0.012982806853042211,0.0027898448737165905,-0.011443593917093337,0.001986156883950272,0.0,-0.026818307255574048,0.0,-0.010936447477509303,0.029270662541664313,0.0,0.0,0.0,0.0,0.0032978613356306695,0.00691591566885476,0.004094456889291102,0.1177641845727655,0.017196424885045143,-0.03345106871685118,-0.014954614384840838,0.0,-0.03145406936889334,0.003539862584333893,-0.0018456098563229921,0.0,0.003516593611431286,0.0,0.0,-0.05860796824231495,-0.03656362527372934,-0.0005199369203306254,-0.004751513109869276,-0.028426268910957373,0.09433315317374018,0.0,0.019312973390668918,0.005789604526792196,0.04080182088658362,0.0,0.0,0.0,0.0006193045098426759,0.005603834522975745,0.0,0.0011498026965243804,0.003218872964564613,0.0,-1.0294461958887885e-10,0.040197078722413175,0.00849551851278498,0.0,0.008840942496349275,0.0,0.03996455103932359,-0.016011543766804134,0.0,0.0,-0.006364688452120134,-0.01723158422482157,0.006068136530926427,0.0,0.0,0.0,0.009589551173398646,0.0,0.0,0.0,-0.00673997591254324,0.005265294854137664,0.005405238127296637,-0.010228580708124945,0.0
2004-04-30,2.6104871287060667e-05,0.012806579495699971,0.01692383491605614,0.0,0.03398413121427852,0.0,0.011394095236832926,0.008098332683385256,0.0,0.0,0.0,0.0,-0.008816407321900784,0.0,0.03386931216324401,0.0,0.007573666965435526,0.021742076924716573,0.054042833366172445,0.0,-0.02955118216140731,0.0,0.0,0.0,0.007348701654256079,0.0,-0.011659981798548732,-8.315566754472386e-11,-0.017199924413902678,0.02583013891939746,0.0,-0.01683643017535617,0.0,-0.015147129587303404,0.003513494781178157,0.0,0.0,-0.00815580139356239,0.0,0.0002637678641264714,-0.008575669452322526,-0.018825057124107716,-0.0017554155614133257,0.007007079462095332,-0.023676289452424205,2.278854375561008e-11,0.0,-0.035877844406596866,-0.0013512152604507582,-0.01931489663304858,0.0,0.011941172571752616,0.0,0.0,-0.054678468695842315,-0.030190802751188798,-0.01602286407177135,0.0,-0.025790679305983562,0.023890852905953226,0.0,0.0030336072533450917,0.0,0.014506254126205907,0.0,0.0,0.0,-0.01436928378999842,0.01785027976368758,0.0,0.0,0.0,0.0014567407586262456,-0.019940835477281028,0.016385198056515404,0.007834411307580775,-0.010382337955606022,0.01529520017388675,-0.004387301429260695,0.006921513125345983,-0.02385879895001428,0.0006995953566017724,0.0,-0.016826549001395383,-0.025298371681659024,-0.013084790258297776,0.0,0.0,0.0,0.009945320325275907,0.001339143007685912,0.0,0.0,-0.009200051876957667,0.12447656072658646,-0.012939588082934076,-0.006286031846308454,0.0
2004-05-31,0.0044000394136742,0.018089946612472756,0.02709185528058634,0.000459595732289084,0.0469458033324629,0.0,0.011115680048997335,2.42708527079143e-11,0.0020201238350566527,0.0,0.0,0.0,-0.014697601586397152,0.005386729623237433,0.0,0.0,0.006872870993411428,0.0,0.0621470510521358,0.0,0.0,0.1281199542135545,0.011839084340832149,0.016799937083869277,-0.001093301206968914,0.0,-0.0136061823878013,-0.00014328767086620528,-0.019158466336753572,0.02745075423269758,0.0,-0.021559325759476552,0.0,-0.009151004680343373,0.013943237859429553,0.0,0.0,0.02948995759973097,0.0,0.0,0.0028225211669708613,-1.0594083967718379e-10,0.0012659779053308749,0.0036538869875649476,-0.03778184224250208,0.004985770731382018,0.0,-0.012295218832918965,-0.0027150148012097444,-0.023709206943122802,0.0,-0.031056435445836795,0.0,0.0,-0.04835598508366735,-0.03719502841242179,-0.030018810401909467,-0.03383701282026507,-0.0380450535196476,-0.004372764774407465,0.0,-0.009385960399898953,-0.027404230253304122,-0.004876956627087217,0.0,0.0,0.0,-0.018836990296134393,0.001580092139418692,0.0,-0.016388590808870434,-0.005137394853601959,0.0,-0.012466173376356887,0.0051127179464752525,0.0,0.0,0.014496962406244124,0.0028506410507163947,0.0,-0.0049451542851543,0.013896654876370797,0.0,0.007862254546944994,-0.0022213524560304103,0.0003905553146203549,0.0,0.0,0.0,0.016114339041995707,0.0,0.0,0.0,-0.018496902093809674,0.012795004607256138,-0.0010487515372946676,0.0,0.0
2004-06-30,0.008624282523338208,0.010737336748253248,0.05331245753611269,0.009328744062207094,0.0,0.0,0.0013336683093028744,1.79109606965926e-11,0.0,0.0,0.0,0.0,-0.011889983803821861,0.004161523952595233,-0.00039828560992003794,0.0,0.020609463368234236,-0.011664306986013381,0.014452279584474323,0.0,0.0,0.023845390012137535,0.007375908902514953,0.1512897186638981,0.0,0.0,-0.009930633385169828,-0.013779196997808009,-0.01969818156226509,0.025166627871538526,0.0,-0.029138307815833594,0.0,-0.013272898194258882,0.03232717041616976,0.0,0.0,0.01589435416024318,0.0,2.7613669303352688e-05,0.018766973761848837,0.0,0.03468250164731811,0.015737512799663792,-0.04252149709014591,-0.013465831974195527,0.0,0.0,0.001251582491175805,-0.024787479512909803,0.0,-0.019984335731170286,0.0,0.0,-0.03422151182248114,-0.03317378525236527,-0.02856651792398966,-0.03297376556882949,-0.033447681250734565,-0.02071887342189412,0.0,-0.004753063461426494,-0.01795722605725698,-0.004322691584196068,0.0,0.0,0.0,-0.024366747471219946,-0.008015891361651777,0.0,-0.01587641412382229,-0.0025150264240301006,-0.00939268256835611,-0.000572154065565858,0.0,0.0,0.0015147314621257642,0.017832065709063545,0.0029447103980918435,-0.00032285693781583546,0.0004838152466619984,0.005836184207845031,0.0,0.00857258915319246,0.0,0.003437146340716577,0.0,0.0,0.0,0.0020661153363260797,0.0,0.0,0.0,-0.018272171957604055,0.006523532349937541,0.0018639992977982011,-8.324807784094625e-11,0.0
2004-07-31,0.13598631777293946,0.009534517697165916,0.04138014928411406,0.019100158592063782,0.001155140799380804,0.0,0.0014992887415305736,0.006487296340880579,1.2889299233409183e-11,0.0,0.0,0.0,0.0,0.0,-3.3077159010171046e-05,0.0,0.00017435589924722644,0.0,0.0028529990266462366,0.0,0.01848743888133518,0.02393872246606113,0.00776255297048327,0.11968110281653559,0.0,0.0,0.0,-0.019666499687206147,-0.026546462615975288,0.006918440043704447,0.0,-0.018327118604221,0.0,0.0,0.019341651762047638,0.0,0.0,0.024117310993558256,0.0,0.0,0.004125265825618401,0.0,0.00474720108831338,0.008650744825100972,-0.021559308670422668,-0.007537167724164153,0.0,0.00822120743486982,0.0,-0.029012287311074924,0.0,-0.008267962994828789,0.0,0.0,-0.03408809679384965,-0.03829139811618458,-0.029215932415858004,-0.03653561006793683,-0.03453987125495701,-0.03915901456936921,0.0,-0.004678966472929611,-0.022333299445933475,-0.011535409509560925,0.0,0.0,0.0,-0.02911483693303519,-0.005065545891151691,-0.0008189199509683558,-0.020586801279622913,-0.011808980900111347,-0.017099467665885246,-0.014232606340817378,-0.0008591899935882278,0.0,6.729449186795428e-05,0.004258492427768834,0.00047270651252044073,-0.001271764318061342,0.00037982194566283224,0.013979535733235748,0.0,0.0,0.001611743414531386,0.0013225918817762591,0.0,0.0,0.0,0.006850699778307205,0.006895250539843359,0.0,0.0,-0.012556548910713847,-0.003284516313662766,-0.001973337991280387,-9.761890781597958e-11,0.0
2004-08-31,0.0290840346452103,0.009369724233784923,0.1712633354145284,0.017924215397571056,0.0,0.0,0.00011486689853151614,0.005335345913492141,0.0,0.0,0.0,0.0,0.0,0.0,0.0,0.0,0.0016108463925605338,-0.0037217172574765217,0.007408612987633019,0.0,0.002268174256882669,0.010855177918134134,0.006779990715004353,0.00832191728528697,0.0,0.0,-0.002293297530366567,-0.03521018651118416,-0.02984131748079199,0.0065777981969819925,0.0,-0.03564094482229379,0.0,-0.0006618575070409551,0.010976484012790779,0.0,0.0,0.020626118617996465,0.0,1.2724750462151094e-11,0.003949169716322691,0.0,0.005665848348327738,0.005927681515982375,-0.010135264037200234,-0.005550139558014837,0.0,0.0006969091106651063,-4.5385282364192296e-11,-0.029716566757191296,0.0,-0.009077930811948973,0.0,0.0,-0.03445481218814834,-0.030818819405416004,-0.02863070607549765,-0.027557603197091444,-0.023481033173074366,-0.03561173272925545,0.0,-0.009481097610664875,-0.023729091521467766,-0.031160627031184517,0.0,0.0,0.0,-0.0287149559836781,-0.012938286532715417,0.0013535614832452959,-0.005966901001743123,0.0006643414341753321,-0.003905219970886553,-0.015881282230136243,0.0,0.00066661095501011,0.00836647329505403,0.012089388235180923,0.0,0.0020564510913263752,0.0015527174461590445,0.12725410160943285,0.0,-0.004012266151847026,-0.0023033462515798446,0.0,0.0,0.0,0.0,0.0029058672116967907,0.018334235648307336,0.0,0.0,0.0,-0.006011485753036174,-0.008028597110762974,-0.0054629137629195156,0.0
2004-09-30,0.01885220911890118,0.041483680785170854,0.0019890575031617664,4.0130632284854615e-11,0.012924031230110317,0.0,0.0,0.0038064296249258073,0.0,0.0,0.0,0.0,-0.005850197201851527,0.003642012790652505,0.0,0.0,-0.0010991634080314892,0.0,0.008435306439390677,0.0,-0.006281700745502299,0.0006105357208626873,0.04216847346643456,0.02154939258530365,0.03189264192685418,0.0,-8.307235004386633e-11,-0.01173674382390226,-0.011680417953762422,0.0,0.0,-0.01937642923025368,0.0,0.0035059798785259267,0.005510638177378781,0.0,0.0,0.08750406701863157,0.0,0.0,0.0,0.004834454322234381,0.0013943760396358295,0.04847274218477093,-0.023637278520099426,-0.004745410491860676,0.0,0.006226685593023682,-0.00316177373803125,-0.021912271026968112,0.0,0.0035533578522576386,0.0,0.0,-0.05027054821818601,-0.024802654476580473,-0.031904066636743056,-0.025180186716879483,-0.01712745363179949,-0.011422167626851588,0.0,-0.004762132333191436,-0.03007579461374331,-0.04012349817410069,0.0,0.0,0.0,-0.026057728129682316,-0.010893602509812826,0.0038950831486991963,-0.021952157767482893,0.0,-0.010287601869661264,-0.03674228835480696,0.009364271861205682,0.0034087734059275966,0.004327122818892155,0.004982207378030438,0.0,0.008099581051678014,0.0,0.040296898675568876,0.0,0.0,-0.009979596045882983,-0.0019457025705451284,0.0,0.0,0.0,0.05392649689734791,0.022854168446890775,0.0,0.0,-0.011715772938805876,-0.0056563670898583844,-0.019619294072050344,0.0004893240174017409,0.0
2004-10-31,0.017317148758460098,0.007482461821063736,0.0,0.0,0.01773678559757096,0.0,0.0,0.002573073077014266,0.0,0.0,0.0,0.0,-0.010195191240360002,0.0043275398467089365,-0.0027584222047521358,0.0,-0.004355950092984956,-8.930469377302023e-11,4.621166069411315e-11,0.0,0.026050161341016686,0.0,0.02681796247453215,0.0022783332082338924,0.019062851760208242,0.0,-0.009459586059272737,0.0035521449855687877,0.019141973183925576,-0.0060462185882282134,0.0,-0.01955950300359028,0.0,0.0,0.0,0.0,0.0,0.013125794791998739,0.0,-0.011637678445687126,-0.017152400556766045,0.0,-0.004541245602413221,0.030313878952388067,-0.027522746956186516,-0.015473609962414205,0.0,0.0028898577749095974,-0.016531139184687217,-0.003089884340238952,0.0,0.0033801678855281286,0.0,0.0,-0.026819139982015173,-0.029816655871624007,-0.030825068038786013,-0.04462652995946187,-0.021460541451132253,-0.011575258431179493,0.0,0.0,-0.0277294736934476,-0.03218747878144262,0.0,0.0,0.0,0.02216040298225588,-0.010418154074726066,0.014449673754096455,-0.02165394381392876,0.0,0.0059140940270722584,-0.028122995549479363,-0.01667320020521754,0.017586017838764376,0.0044456280971418615,0.003306533823455669,0.01689486052088305,0.0018650336254854773,0.02863051296769907,0.06608299229820867,0.0,0.009395508987802675,0.0,-0.009139487682784601,0.0,0.0,0.0,0.08565873873158189,0.013045889897957984,0.0,0.0,-0.005305320257501785,-0.006679127354848896,-0.02864404852553765,0.014513976942255084,0.0
2004-11-30,0.020800858350414633,0.003807845582906755,0.0,0.0056867567370492604,0.014013365191221799,0.0,0.002806486734430639,0.003241069585960553,0.0,0.0,0.0,0.0,-0.0050371096804283306,0.005347298734602577,0.002081091701238693,0.0,2.9617258912272807e-05,0.0,0.0040501405424278455,0.0,0.01434124950026647,0.002570034961190503,0.02868280375864036,0.004394575954864728,0.03855379444671234,0.0,0.01185398921952568,0.03718716669133559,0.04769908203585254,0.0,0.0,0.0,0.0,0.004197331921905871,0.0,0.0,0.0,0.007351299118442854,0.0,-0.01991581154322328,-0.004798327786972628,-0.0004940601253653007,-0.0060423295974467595,-0.0031008434103577914,-0.023028710660829513,-0.010309725407476832,0.0,0.021773102010458685,-0.01260227272562819,0.0,0.0,0.008884629064474223,0.0,0.0,-0.022967291465708597,4.512480598703205e-11,-0.03257707701775744,-0.031088012330394293,0.0,-9.171468395107998e-11,0.0,-0.023183079196254383,-0.024393895583639864,-0.03534250592107848,0.0,0.0,0.0,-0.030045854222609556,-0.008681230478999437,0.038409914088825915,-0.01928435656433298,-0.003999969168861253,-0.005723149450236975,-0.049801665306411946,-0.027119481318988083,-0.004304840618248415,0.0,-0.00019793857275467525,-0.008100887107295531,0.028890496284029153,0.04390348016124869,0.06894783287479962,0.0,0.008759474450355234,0.0025596390434056396,-0.005159249579730518,0.0,0.0,0.0,0.0,0.0,0.0,0.0,-0.02133909026583504,-0.005310742642860891,-0.05605049215855823,0.019175573949376037,0.0
2004-12-31,0.03617179922450473,0.0005017390650058424,0.00856563436949677,0.015037174480206639,0.006119717339547928,0.0,0.020673893233033733,0.0022844979463022747,3.5120851934599706e-11,0.0,0.0,0.0,0.008901265703107184,0.0019594066946047243,0.0,0.0,0.02230829488712278,-0.009819157008852511,0.002246986057079979,0.0,0.02693598213543597,0.008510850480195774,0.021567638719555155,0.0022787445372773655,0.0,0.0,0.009583488864552653,0.005236110624839288,9.645447325400998e-05,0.0,0.0,0.0,0.0,-0.003042020518187621,0.009027698168564286,0.0,0.0,0.0021113909517976696,0.0,-0.0219882292673444,0.030340327392795664,0.0,0.009712656943476365,-0.009284677951483716,-0.01046398713702982,-0.0029177734356727156,0.0,0.04416300329968059,0.009538439011667671,-0.018154858180187135,0.0,-0.012500104813018895,0.0,0.0,-0.024964668508733558,0.0,-0.030305983535135993,-0.0452140350685914,-0.01679972017072441,-7.864352663403617e-11,0.0,-0.023784517275216865,-0.0341397875037381,-0.03896348306468256,0.0,0.0,0.0,-0.024001278551048465,-0.014542787620886375,0.0016315581670889002,-0.0034513816112996527,0.0,0.0,-0.02653359695523697,-0.029928295325393386,-0.008270660837976333,0.0,-0.0016107586139613981,-0.018122435012985966,0.00602590235971079,0.0,0.17259364606347183,0.0,0.0013799352296212334,-0.0011589151311390473,0.0,0.0,0.0,0.0,-0.01469033989843353,-0.014315384016889773,0.0,0.0,-0.022074671316117032,-0.0072000416764839035,-0.011756449914904906,0.014495763541881347,0.0
2005-01-31,0.019217687592006736,0.0,-8.304609545914451e-11,0.00015966692493617638,0.0,0.0,-0.006038317202665696,-0.015627477078022135,-0.005062454287209664,0.0,0.0,0.0,0.0046134997787735605,0.04766599482836871,0.05646855881099485,0.0,0.0,0.030780416830432283,0.0,0.0,0.007312367549321446,-0.012049133131178853,0.010775885941452502,0.009237577776497906,-0.005923216269503976,0.0,0.10013931159159291,0.010874396236792046,0.01033965667390812,4.137810620148964e-11,0.0,0.021138010853498774,0.0,0.01805492776393282,0.007084509348878465,0.0,0.0,0.007613408536357631,0.0,-0.009344522360909118,-0.002142015181759756,0.0,0.0014698773530320314,-0.015182735332548708,-0.0023370131413889264,-0.012955165290114003,0.0,0.0,0.0,-0.0013498034187109842,0.0,-0.021186651128221375,0.0,0.0,0.003390179223111801,-0.011482086251920614,-0.01564727213282548,-0.14363056115132478,-0.009259360347514919,0.008034483115219284,0.0,-0.01355169498159597,-0.029810580828539008,-0.044936134167898587,0.0,0.0,0.0,-0.006237877153399997,0.0003888348707085364,0.009748993373206226,0.0011750981243543158,0.0028278732710388605,0.012243180202401305,-0.02702810662643986,-0.012347896621639404,0.0022358613215241845,0.0,-0.006174017971986481,-0.02144918296776337,0.014167838331717874,0.0021916310946339694,0.043086153533348374,0.0,0.0,-0.001167951065286805,-0.0016267564157411275,0.0,0.0,0.0,-0.022694233370629504,-0.015316341330152652,0.0,0.0,-0.008441442710062166,0.0,0.0,0.03756411910658026,0.0
2005-02-28,0.006022555361512826,0.0,-0.0012025428891199016,0.0,0.00011636326756818779,0.0,-0.0006614436255055928,-0.007220746592240313,0.0,0.0,0.0,0.0,0.0004082028932712938,0.06719766981410882,0.0,0.0,0.010106186881180208,0.05222781702771395,0.015320245888005868,0.0,0.0019023067370203622,-0.006633657782149877,-0.00305589197397507,-0.0019856498444151506,-0.008018107131143056,0.0,0.016856237899679424,-0.002583031265567362,0.001393331645814722,0.0,0.0,0.09599674699120443,0.0,0.031517678752354186,0.0005822907183623823,0.0,0.0,0.010928055579148246,0.0,0.025634925987906638,0.0,0.003089829652286785,0.0008007282844968316,-0.009118423778903451,0.011957257194543224,0.004680544765607164,0.0,-3.7046856500409237e-11,0.0,-0.01079980327660176,0.0,-0.02047946155199985,0.0,0.0,-0.010430891178981648,-0.013362478648584102,-0.018300286314908182,-0.2,-0.017764008208218884,0.0003400175058580297,0.0,-0.011851496278715384,-0.02348095421431158,-0.04181487668095863,0.0,0.0,0.0,-0.0086100694000064,0.005061253765976774,0.0,0.0008515086007968741,0.0025023355295064422,0.01566607923479169,-0.018763352818017862,-0.012631974656578294,0.022532011925579108,0.0,-0.00409307202309466,-0.014314115576297356,0.006336330839766211,3.1767052821996654e-11,0.012944914625355195,0.0,-0.0022017367092869796,0.0,-0.0024247167618841334,0.0,0.0,0.0,-0.00937413865385737,-0.005241829376436006,0.0,0.0,-0.013581242751194227,0.07055384652283925,0.0,0.006472726075977795,0.0
2005-03-31,-0.0039987376127149634,-0.0005133300229731672,0.0,0.0,-0.0004524468829245131,0.0,0.0,-0.015175338978408594,0.0,0.0,0.0,0.0,0.008087539897890902,2.8649033827726054e-11,-0.004768694324671357,0.0,0.0,0.007574158410685639,0.0,0.0,0.0,-0.005055554661249922,-1.0891979064798414e-10,-0.001321324233976124,0.008266752981132174,0.0,0.013111375976582997,0.009394863958991799,0.04032473134549848,0.07020188296773523,0.0,0.0015509452529979034,0.0,0.005156006616477667,0.0,0.0,0.0,0.007387159487091707,0.0,-0.0004405218834390645,0.005115792407931829,0.0,-0.004446978089503434,-0.017940674794646047,0.026682010415955876,-0.009481139614517744,0.0,0.01752468917264293,-0.007982100294028124,-0.019345439910404518,0.0,-0.03337199474681743,0.0,0.0,-0.014116605177112914,-0.006314286638944031,-0.028002687550334217,-0.06206675785647538,-0.023817101981958234,0.045953454284094614,0.0,-0.016302319947445604,-0.04230606716046233,-0.042126131215908205,0.0,0.0,0.0,-0.006173412934580797,-0.009601509235151745,0.005211452484759748,0.005364143682410245,0.006412159256503276,0.03611573185023721,-0.042429716750328354,-0.02277421438021384,0.03707293452530851,0.014376938784053148,0.0,-0.028511621780162984,0.03849533823294749,0.001761303581973353,0.026294822492243436,0.0,0.0,0.00661305513408419,0.0006021137402620593,0.0,0.0,0.0,-0.0018793852873272999,0.001487026028068538,0.0,0.0,-0.02928390594439929,0.03876476190496125,0.00932855890682955,0.005768296190999171,0.0
2005-04-30,-0.009731196322526616,-0.00599192649970005,0.0,0.005205057738973164,0.00011983962033382953,0.0,0.006003861951810352,-0.0045215730327382965,0.0,0.0,0.0,0.0,0.031252846514669974,0.00142372863624861,-0.004602147096683474,0.0,0.013340810650077686,4.110260619695279e-11,-0.015304416010296737,0.0,-1.0992979228323841e-10,-0.01054224648045453,0.0,-0.0018841177573524573,0.020440414040086775,0.0,0.03246591947545005,0.014121764710711146,0.049084337953189935,0.049570519975863404,0.0,0.0014768287848064769,0.0,0.006925607167863635,0.005992102805392992,0.0,0.0,0.012108589593588183,0.0,-0.018879084442800148,0.01915918573985449,-0.015728865196513463,0.0,-0.020144900621231764,0.022189343496789436,-0.006569952362940348,0.0,0.006514931731186419,0.0,-0.025212170137244375,0.0,-0.021246901642313007,0.0,0.0,0.0,-0.005539674826209184,-0.024810081003632627,-0.06622620022498571,-0.015023958143539474,0.08717721608127152,0.0,-0.01573814546303442,-0.027412033121772823,-0.026854874676303046,0.0,0.0,0.0,-0.012651606603238297,-0.009933515492241946,0.009855519508910565,-0.005814620436734217,0.0,0.008967219845710922,-0.036578535122292,-0.01702324171166844,0.009030305200058047,0.0,-0.028628568095866988,-0.03116331510751086,0.0,0.0,0.0016127575403899028,0.0,0.002579150071548573,0.0198943156899643,-0.0014934750897938184,0.0,0.0,0.0,0.0,0.03517510476403922,0.0,0.0,-0.014748657168451064,0.013410319518716098,0.006530538805047932,0.008371862346343717,0.0
2005-05-31,-0.003511041641239614,-0.011236752923178838,0.002865105292344779,0.013227548803261933,0.0010318448949341323,0.0,0.006422426247600072,-0.012193694452089723,0.0,0.0,0.0,0.0,0.012088004729848568,0.0,0.0,0.0,0.00788279165589503,0.0,-0.0006419360634239874,0.0,0.0,0.0,-0.0016526977660269266,0.0012579192123465851,0.007546449012642329,0.0,0.007714354471560104,0.0067447173790716655,0.03643127818254885,0.14325414983390297,0.0,0.022950899821311967,0.0,0.020014648027642475,0.010991346008293074,0.0,0.0,0.007169684181539404,0.0,-0.006173120154555469,0.027189276632566553,-0.0026136531486820633,-0.0017095472334884942,-0.017211647786919974,0.04237314278224122,0.0,0.0,0.019311610264451995,-8.372748364197169e-11,-0.02843600442295583,0.0,-0.018552998746157196,0.0,0.0,0.026917693239107206,-0.03293121427413672,-0.024549673597214324,-0.04986057221158512,-0.03059292760051822,0.04443570241776067,0.0,-0.020913836050025364,-0.0374247047128442,-0.02401503267811314,0.0,0.0,0.0,-0.018986146639288486,-0.008250644192538138,0.002918908546443112,-0.002844858903144625,0.0,0.0009779747788462214,-0.02585104019309751,-0.01808834551471583,0.003410865684055919,5.395073270513242e-11,-0.02085681229920935,-0.016337179721344845,0.0,0.008014175786493116,-0.01809582981000259,0.0,0.004534792261464606,0.0,-0.009117529020874234,0.0,0.0,0.0,-0.010514092501991349,-0.026836465656910315,0.0,0.0,0.0005568169122951107,0.0,0.008111426216830732,0.003654446668748857,0.0
2005-06-30,0.018153066625869765,-0.008389411565615155,0.026584790600079778,0.033927751426094145,0.01758342880854374,0.0,0.01717243782695506,-0.008247150003705524,0.0,0.0,0.0,0.0,0.00904215081769394,0.0,0.0,0.0,0.012955529002179595,0.0,0.001702288177437066,0.0,0.014388794193365362,0.003140327838934815,4.676952133382898e-11,0.006686077732644472,0.01245499036438551,0.0,0.0,0.0,0.017059519371480557,0.06610317169605526,0.0,0.010109218741760241,0.0,0.01153062001852755,0.054296222643730865,0.0,0.0,0.00832077124427303,0.0,-0.006964775545189165,0.021875384449205747,-0.004559734034540341,0.0,-0.01381145624587831,0.020281058701598194,0.00878924514511833,0.0,0.00024110562284914339,0.0,-0.028581837066689358,0.0,-0.02235496496025418,0.0,0.0,-0.00743009310320843,-0.026676994554948173,-0.015839593020512455,-0.019030059047781947,-0.01702015717211958,0.04986983106983713,0.0,-0.018033351283829723,-0.03646209348539212,-0.020979539277982826,0.0,0.0,0.0,-0.01601846236058451,-0.012245829094111703,0.014273624422333224,0.0,0.005933490459819941,0.0,-0.10967206470732627,-0.01827560727683389,0.004232032941307831,-0.00019265508105603164,-0.02129432797929096,-0.011418817568746426,0.0,0.014189099894397792,-0.0136344329413501,0.0,-0.00028257800408662006,-4.4873297467114934e-11,-0.008185558296060994,0.0,0.0,0.0,-0.004272212367331846,-0.016933923099042725,0.0,0.0,-0.01154069707709996,-0.0016516237345573722,0.005767429875882352,0.013336540240870137,0.0
2005-07-31,0.011617062052359708,-0.010674173038824506,0.0240079061133164,0.028461935916439363,0.02305257003604832,0.0,0.006420374046628086,-0.007958779037489037,0.0,0.0,0.0,0.0,0.0077705995658805295,0.001051342267029065,-0.0005953261374443113,0.0,0.0,0.007275619799951924,0.03597250074416043,0.0,0.0,0.0,0.0,0.017791066988218855,0.01246151747909051,0.0,0.0,-0.0004593407570864248,0.018399090728227766,0.051509502131598495,0.0,0.026182300722809485,0.0,0.06053770058263093,0.022420484891480384,0.0,0.0,0.013175414420535407,0.0,-5.476096885860178e-11,0.0017367456144610103,5.44970389327685e-11,-0.00023350769114752665,-0.010920127621144127,0.023630135846213443,0.013986581578389164,0.0,-0.0025059812505510703,-0.002182660582329334,-0.028303323981750336,0.0,-0.026441444125645443,0.0,0.0,-0.0022268242977698865,-0.023429900013133192,-0.017534273047913475,-0.022591330359081015,-0.02504056420200239,0.0,0.0,-0.022413859754246146,-0.03645107773566973,-0.026110247327340023,0.0,0.0,0.0,-0.01171653563660867,0.0,0.006424866804889226,0.0,0.0005144969069722159,0.001360551870643678,-0.0935031867439428,-0.02219709108460299,0.00826818428741539,-0.010160456897951961,-0.025566935851687327,-0.004164550721023109,0.00295593105860488,0.01048907110506628,-0.025908248604071503,0.0,0.032951795232923575,0.0,-0.013993867356537435,0.0,0.0,0.0,-0.0014090381181626921,-0.014804105668114784,0.0,0.0,-0.010503242301967686,0.0,0.016726391023686095,0.012848260129832425,0.0
2005-08-31,0.006493588972336463,0.049426114019485455,0.018524662660994753,0.019700660734083705,0.12838136681095297,0.0,0.0023990431629338743,0.0,0.008819898978457827,0.0,0.0,0.0,0.007991605724795115,0.028063013549091298,0.0,0.0,0.0,0.0039229014523312344,0.004817687033129044,0.0,-0.008477056379612007,-0.0007587246199375718,0.001317427161982897,0.006637666081179193,0.002206518108879828,0.0,0.05418422579550331,0.0,0.001209297916200499,0.01043504747194591,0.0,2.5148308036477e-11,0.0,0.013093038211610257,0.010234123759126553,0.0,0.0,0.000382356697741316,0.0,0.0,0.0,0.006620649143827081,0.014392952412362728,-0.00691567651847613,0.012615425559627145,0.010349636209862009,0.0,-0.009540274135332951,0.0012987265277936975,-0.034002809560866605,0.0,-0.026014820328259792,0.0,0.0,-0.010660242595210234,-0.025220164198485866,-0.023655518593449824,-0.021318399953972812,-0.027355541116101476,-0.0068213816850591635,0.0,-0.042098495361373466,-0.04575708684413302,-0.030276470595524775,0.0,0.0,0.0,-0.00465711262358608,-0.00997360272099265,0.0,-0.0017852328521185607,0.0,0.0008929721041146679,-0.024271875096956632,-0.015372187934053526,0.0,-0.012568675855330298,-0.020364947039131796,-0.009126980481869797,-0.011702503436116608,-0.006501829271870646,-0.023655973762107506,0.0,-4.3897365949707945e-11,0.0,-0.01665856677879311,0.0,0.0,0.0,0.0,-0.014036382597783205,0.0,0.0,-0.01045146701959656,0.015339777584556855,0.012183972341955068,0.04806564378799093,0.0
2005-09-30,0.2,0.006891639954237913,0.027763095962386245,0.013471487791786817,0.009005006684515331,0.0,0.05305089634462328,0.002318465222542266,0.011776830929631396,0.0,0.0,0.0,0.0032327622178034373,0.025463083946143036,0.0,0.0,1.5084032754817343e-11,0.0,0.002108016910117932,0.0,-0.0062344195658624426,0.018659959471755274,0.021999166142530217,0.010354585461988017,0.0022109083633639046,0.0,0.0,-4.872145114857663e-11,0.001117571348677742,0.0,0.0,-0.017657283624917794,0.0,0.0,0.005283288034655065,0.0,0.0,0.0011631508198875966,0.0,0.0,0.014577705970840023,0.0038810513113127477,0.0024175154175120647,0.0,0.001366515239059032,0.00293998248521214,0.0,0.011703504267992371,9.145485724901848e-05,-0.02636236687370573,0.0,-0.020542440356429485,0.0,0.0,-0.005839993912746379,-0.020251448980618265,-0.01737203257607022,-0.02503980126357828,-0.022362754993935575,-0.01119998681349386,0.0,-0.01907449918532023,-0.039733510940691844,-0.02266627663791869,0.0,0.0,0.0,1.2736453278452607e-05,-0.012074573498927252,0.0,0.0,0.016468106024285698,0.0,-0.026623203043464716,-0.019041999532340384,-0.004967036245880293,-0.013998493001200638,-0.0220682921963303,-0.008989668472325086,-0.01768196929850396,-0.009328236026240075,-0.02498269046089934,0.0,-0.004798310726497354,-0.020452963264474867,-0.022853732131132308,0.0,0.0,0.0,-0.0035969287535928198,-0.016861498086227233,0.0,0.0,-0.017343589487953205,0.004197666323495016,0.0,0.02647384602803391,0.0
2005-10-31,0.006876370395506124,0.014291309645575989,0.03455379896623939,0.014773870104360112,0.016046693502843396,0.0,0.04535458547951785,0.004466214522094935,0.1050097392461324,0.0,0.0,0.0,0.007440874222375992,0.0,0.0,0.0,0.0039160322367619805,0.001863158686328171,0.0027238409922098715,0.0,-0.003183559373607845,0.028961976558070857,0.012796578872685264,0.007154759787719605,0.015012724781468405,0.0,0.0,0.0,0.0003919753054662621,-0.006346647896180178,0.0,-0.0298253527462043,0.0,-0.014041642555756979,0.000729084310175518,0.0,0.0,0.005755475544473056,0.0,0.0,0.02080546909159939,7.459319741780699e-05,0.0,2.1671581207385246e-11,0.0,0.006286691027963234,0.0,0.008578414801178826,0.012137860431016374,-0.01465865889781694,0.0,-0.008581092681076563,0.0,0.0,0.0,-0.015859045111420274,-0.003684617471583528,-0.01491190060323612,-0.009842013092231377,-0.005118315151218519,0.0,-0.005799429542344517,-0.0318537921177203,-0.00773350463838097,0.0,0.0,0.0,0.0,-0.004259487861025056,0.0,0.0036279604210078978,0.023294438924941686,0.0,-0.0386546090639991,-0.02923792449075131,-0.006965133449919614,-0.019052177142336157,-0.029734065876812227,0.0,-0.02575434782730633,-0.011471575745464726,-0.03532454275293078,0.0,-0.0020066192557627646,-0.03321459626322766,-0.036302558132780834,0.0,0.0,-0.01982238535278183,-7.647486951081626e-11,-0.0262679500149506,0.0,0.0,-0.01049245481469773,0.00634884909310631,0.00500966137469219,0.08571699845539947,0.0
2005-11-30,-0.01783759015634949,-0.012689042336178959,0.011333427274883085,0.017739659490390167,0.006448067246899692,0.0,0.005157676885796495,0.0009108534532303999,-0.004080221616192327,0.0,0.0,0.0,1.385292134849875e-05,0.011268860561106483,0.00589518945253498,0.0,0.0,0.003935249545255663,-0.0028147671692764055,0.0,-0.005512771817990365,0.0,0.0,0.0072993498599168505,0.00024000199499840503,0.0,-0.004749016099523888,0.021288815251248833,0.023861213893346504,-0.005816513489980362,0.0,-0.003777799093589776,0.0,0.006236424725923679,0.00903411223573707,0.0,0.0,0.015193524296474038,0.0,0.024337881495443237,0.007733934940063009,0.008883693390237235,0.008796988666853899,-0.0011726630799298045,0.037333368661091264,0.03906978206117341,0.0,0.06521273286906336,0.01491809049092393,-0.009289467410756529,0.0,-0.011252299612715932,0.0,0.0,0.0,-0.0024342160715504955,0.0,0.0,-1.0723848456694362e-10,0.0,0.0,-0.011357057143957482,-0.02352943838831397,-0.010680743989401291,0.0,0.0,0.0,0.012288106997532917,-0.013713226231271728,0.0,0.0,-0.003837850476126083,0.0,-0.06645356310147298,-0.05738698352519334,-0.004550784229330691,-0.018559033669579304,-0.04360303518269687,0.04580999632637515,-0.018722178334985247,8.716288528882242e-11,-0.06202494741536072,0.0,0.023031945477495368,-0.019325560100543964,-0.021756004632668927,0.0,0.0,0.0,0.012353404068113331,-0.030932618431176555,0.0,0.0,-0.01179658515857575,0.0,0.05437379537938013,-0.0003440219280722441,0.0
2005-12-31,-0.020360809900613393,-0.018117351569579422,0.0,0.007600136462203958,5.53701420660162e-11,0.0,0.0,-0.007348919216892647,-0.011646895859545627,0.0,0.0,0.0,-0.004162870961453571,0.01893928841436777,0.013260665062840854,0.0,-0.0063948794615184415,0.012316132516768215,0.0,0.0,-0.0013448461999047928,-0.0007018943336187474,0.0,0.020681047944538778,-0.004258765836996422,0.0,-0.031790278451892424,0.011545907815589312,0.0105874370092051,-0.0033404338988112627,0.0,-0.013245972429752034,0.0,0.0,0.009898492819094358,0.0,0.0,0.01735436694569434,0.0,0.028691102567228385,0.008062853062636976,0.01331838378369593,0.030459109538473264,0.0,0.025945091997316528,0.006372864063873377,0.0,0.07751674584130723,0.005445532757134178,-0.011346949695115793,0.0,-0.01842850773093797,0.0,0.0,0.0033006480618975502,-7.280414627495964e-05,-1.1324692234855252e-10,0.00033252996871349167,0.0,0.0,0.0,-0.004623443979522051,-0.03626307220679566,-0.0058578783556927465,0.0,0.0,0.0,0.01422773361289223,0.0013365492878431992,0.0,0.0014745320504044005,-0.0009546648130000416,0.002237830470976901,-0.027320121864119532,-0.030038178399141368,0.0,0.00649265651750369,-0.01759871107080501,0.11480401369369564,0.008113556822532822,0.005068277635259995,-0.03362748396358109,0.0,0.006477176797752455,-0.0496541488135257,-0.031563794401493,0.0,0.0,-0.02765435376847965,-0.021236955389766755,-0.040626171147774705,0.0,0.0,-0.02041884202014824,0.0,0.018139336423188972,0.0,0.0
2006-01-31,-0.03151226846391109,-0.01650589119807793,0.007787925981088726,0.006875445422434125,-0.0006451355540451295,0.0,0.0,0.003770316210022045,-0.013491400453391254,0.0,0.0,0.0,-0.0010819524011404457,0.017102914705452082,0.0040327649594245375,0.0,-0.010292114813953347,0.010640103387849183,-0.027117079876562037,0.0,-0.01073789149311688,-0.008954325493033238,0.0,0.0,0.0,0.0,-0.03990327989645461,0.02424568597816137,0.014624180897205777,0.0,0.0,-0.03907742760266455,0.0,-0.03167807904475288,0.0032531655210829677,0.0,0.0,0.01681188425345088,0.0,0.037071539266770655,0.0,3.936473624075026e-11,0.031497648585204395,-0.003998526346702633,0.009886235512305368,0.0006093865274501209,0.0,0.06724498464415748,0.00534835361774168,-0.0034070952192313034,0.0,-0.011054175289617814,0.0,0.0,-8.844034536506155e-11,0.0,0.0,0.022210313529047513,0.0013381687243763775,-1.552977943732094e-05,0.0,-0.00970300473731905,-0.037303277757732185,-0.012360605895800953,0.0,0.0,0.0,0.12728039087744242,0.0,0.0018430075457447368,0.0011003503259161885,0.0,0.01955733888511121,-0.0270146234080545,-0.0268602437750877,0.0,0.0005103874108682453,-0.004573246552891603,0.006523461498012398,0.015218109965326196,0.0011901184786532002,-0.022255047780096168,0.0,0.016072132348159508,-0.01912371244769812,-0.03449217614189446,0.0,0.0,4.660717518370137e-05,-0.0005218918622044438,-0.022429555656764164,0.0,0.0,-0.032924617676030714,-0.0009658232938931924,0.02630707772699216,0.0,0.0
2006-02-28,-0.02613164640537274,-0.007201161278024671,-0.023038331864880003,0.008879670590555638,-0.01797651297569415,0.0,0.009173226787988247,0.0,0.0009699365868393585,0.0,0.0,0.0,0.0,0.014950560888131473,0.007100367740975976,0.0,0.04253136621125718,0.0,-0.0315587456692302,0.0,-0.0171858369741696,-0.0188493554991193,-0.0005760177700094056,-0.002294405702999648,-0.0007536480921281822,0.0,-0.04501772088409885,0.01631545101030407,0.046894689643386195,0.0011835188861671804,0.0,-0.03461001452384764,0.0,-0.0337195230023829,0.0,0.0,0.0,0.0,0.0,0.0,0.0,-7.194905459415703e-11,0.0,0.0029974610342848266,0.0019277232126889859,-0.011496940337614765,0.0,0.1504942501241632,0.018024067228203253,0.022001539560221422,0.0,0.002279397322159484,0.0,0.0,0.008854132354084575,0.014398594903428832,0.007270224389300993,0.0029391998576012305,0.009849836228353667,0.0027354658126249333,0.0,-0.005258456224662493,-0.028259776828056908,-0.016768141948720998,0.0,0.0,0.0,0.008222704385814307,0.0028586960811010326,0.03054927022545351,0.04007054446886517,0.0007047583940845043,-0.0005316740811370668,-0.004468751496201497,0.0,0.0,-0.0036131732288785224,-0.0009997694410381454,0.0,0.0,0.0031542250522107068,-0.022762399276873187,0.0,-0.004476727466156956,-0.022918333399910593,-0.06802147296812704,0.0,0.0,-0.0015645533616405168,-0.03556198343266372,2.3734073583108346e-11,0.0,0.0,-0.013966469646692282,0.0058703035063441865,-0.00041845614771898564,0.01679881748967186,0.0
2006-03-31,-0.02208730443537606,-0.01836841076293551,-0.01701933164035353,-0.013865609643634286,-0.00915501035913787,0.0,-0.009628512099559661,0.0,-0.02499041599631345,0.0,0.0,0.0,-0.02539442727592043,0.000740289316827253,0.004433546008534184,0.0,-0.0012615220752284103,0.0040685230775075925,-0.03090104316949659,0.0,-0.03716494855030297,-0.016740247248577086,-0.014060932046911287,-0.0011911495195219264,-0.00538702078141174,0.0,-0.040197285708132795,0.025241387386133223,0.07288076526482917,0.08789390079397286,0.0,-0.04263191502568803,0.0,-0.005404442511808107,0.0,0.0,0.0,-0.010242271186336603,0.0,0.0,0.0,-0.003438253310396711,-0.008958926276137789,0.0025483992473680607,-1.602603612814619e-10,-0.031249168700542323,0.0,0.00036635493150695767,-0.02149137567215895,0.0,0.0,0.01975069881998034,0.0,0.0,0.0,0.0,0.0,-0.0006304595803390201,0.0109673252859013,0.01380375448918632,0.0,4.7140661722295395e-11,-0.022440765862724914,0.001363904723749839,0.0,0.0,0.0,0.0,0.014430631824728453,0.017311981424549226,0.016747915180856086,0.0,0.0035640181249046933,-0.0023063882494985177,0.014949785492637275,0.0,0.017946696053836128,0.008723839494472864,0.019626645955167867,0.004221945049477642,0.013541776244842306,-0.005142288635434335,0.0,0.03540620492723764,0.005436746431393376,-0.041415463139491626,0.0,0.0,0.04399099248549634,0.0,-0.017235110376369076,0.0,0.0,0.0012797908010493753,0.012646559355656934,0.017982764011971335,0.00813285774908478,0.0
2006-04-30,-0.011441719580779173,-0.012963222354545173,-0.01613208065577544,-0.007172202590846726,-0.007463327743075307,0.0,-0.009525792379264705,-0.002117296107928605,-0.023670606214934654,0.0,0.0,0.0,-0.009179957618401055,0.0,0.00257511768615185,0.0,0.0,0.0009468854403159914,-0.034408794064664176,0.0,-0.01414616794805086,-0.010287538827620546,-0.01011638246514763,0.0,-0.015741285989940134,0.0,-0.07050570773721214,0.005136076603689363,-0.013189106278369462,0.04850546289781919,0.0,-0.02921401234649198,0.0,-0.02305386602896402,0.0,0.0,0.0,0.0,0.0,0.0,-0.001186047927793207,-0.005818114101286161,-0.005773716533144966,0.0,-0.005917661080597541,-0.020354086886093282,0.0,0.0,-0.011656973901732582,0.0,0.0,0.05063502464355329,0.0488883137976643,0.0,0.007783913231554316,0.004855532495196171,0.00048328541892960034,4.166545593137268e-11,0.008739005786857212,0.00804826155613505,0.0,0.001965903055810504,1.7487881015493056e-05,0.019831825529785605,0.0,0.0,0.0,0.0,0.006778774544431699,0.01135887686042434,0.016290210769167333,0.0,0.001078433083075564,-1.242428714624148e-10,0.01232113036425964,-0.006913778224493346,0.0184894004619085,0.008076113403387352,0.020424489761340526,0.00045935948413443816,0.00863739821370869,-0.0024366786425237623,0.0,0.018873723398897584,0.07733367143012282,-0.06683328970191166,0.0,0.0,0.0,-0.007063795890223514,-0.04571679005394532,0.0,0.0,0.0,0.03348044934023237,0.05627185685752778,0.001714015961238037,0.0
2006-05-31,-0.00741343814630663,-0.018876354035299442,-0.016559958386231026,-0.013629925216539298,0.0,0.0,-0.02151486685123389,-0.00650701883323113,-0.021200920705077973,0.0,0.0,0.0,-0.019493693862587216,-9.703432865056755e-11,0.003335516314022471,0.0,-0.013432915599379144,0.004014238095163445,-0.0949111893840713,0.0,-0.014336760675759537,-0.008497152989348706,-0.013098328225014683,0.0,-0.023272614470225425,0.0,-0.021050352393634477,0.0,-0.016873517617256695,0.0028531630406645587,0.0,0.0,0.0,-0.028257092688911023,-0.0052752912836953065,0.0,0.0,-0.003951064044812404,0.0,0.004779198159779003,-0.0001750705606876196,0.0,-0.016133762095820597,0.0,-0.0028157078515299834,-0.02287014363842494,0.0,0.0,-0.013307658317689836,0.0,0.0,0.04685525261719469,0.03061824260433748,0.0,0.0,0.0018735742836496865,0.0018144677268972227,0.006099284601660989,0.0196615025654449,0.043081280078583806,0.0,0.0030609462653906853,8.386604017915337e-05,0.026969085537874016,0.0,0.0,0.0,0.0,0.01784983974702141,0.026910909440667093,0.010282885229131199,0.0,0.006172738135439428,0.0,0.025780487263908573,-0.0032101057775025927,0.013483920198389523,0.011921734662107832,0.014012014446095195,0.008320154137925926,0.024420742707101272,0.0,0.0,0.0973852423592354,0.03281875193915715,-0.031294857492314296,0.0,0.0,0.0036188014075464315,2.799713271911591e-11,-0.029693389408550843,0.0,-0.01209792002074037,-0.0002489293310893256,0.0,0.005599562707802827,0.006322597659631302,0.0
2006-06-30,-0.01617556072848245,-0.0250330680395908,-0.022545858732767304,-0.026339095239029192,0.0006977369290376265,0.0,-0.04293144856358329,-0.023049663791455823,-0.023883755764422556,0.0,0.0,0.0,-0.029604472431953816,0.0,0.007760273080256901,0.0,-0.01626448510425425,0.0,-0.05179751730104386,0.0,-0.002132455016338199,-0.004721165174019694,-0.002155765911495406,0.0,-0.05638441382781176,0.0,-9.849142296587446e-11,-0.00402712467088203,-0.006968440479711939,-0.016243729942506807,0.0,0.11991303610391983,0.0,0.0007259625015876628,0.0,0.0,0.0,0.002874144888664901,0.0,0.017115852260909798,0.0,0.01157082342537016,-0.008156607437579504,0.018652658523022492,0.0,-0.02262686021598935,0.0,0.0,-0.008800385026860738,0.0,0.0,0.020340940037636247,0.007356497140505193,0.0,-0.005352609732630663,0.002692067296951641,-0.0008960111067843847,3.881051328139596e-11,0.005084950458738359,0.018618525447231825,0.0,-0.0040324863268430475,0.0,-0.003864720855031118,0.0,0.0,0.0,0.0,0.009380365248622926,0.014825748766147314,0.020509911178335307,0.002065284009759476,0.0,0.006844721225100699,0.011544497494566082,-0.02726181224559176,0.015487039523888399,0.009893411956228655,0.00810629082376947,0.013997606454889,0.01892399927428059,0.0,0.0,0.0004283468824692386,0.005164421011087293,-0.0197802434504144,0.0,0.0,0.0,0.09641974631984024,-0.01230329594272367,0.0,0.014766133117530843,-0.015274953325177313,-0.0013919935165333677,0.0,0.018239008580841293,0.0
2006-07-31,0.0,0.0,-0.015642117604120775,-0.014475264363546032,7.694259118252836e-05,0.0,-0.016768442908304766,-0.012497058264490815,-0.011296891540128017,0.0,0.0,0.0,0.00219056794527804,0.0,0.005541281527336181,0.0,0.13522750156113608,0.0,-0.04233772754300057,0.0,-0.002561128176512336,-0.006903002383755925,0.0,0.0,0.0164501761533749,0.0,0.051256241105275185,-0.019543924215351546,-0.014374695160517528,-0.018433074937628014,0.0,-0.018812302278112952,0.0,-0.012012585597099841,0.0,0.0,0.0,0.023371867891020234,0.0,0.005480733974790351,0.0006600225708041848,0.0,-0.016048825895040874,0.011024355635946356,-0.007923436321856346,-0.04700806481290071,0.0,-0.0030114605821764616,-0.019954883760306272,-0.00024784707478799745,0.0,0.015335607662711585,0.00930649337719239,0.0,0.0,0.0020919273080678663,0.0,0.0,0.001977080195368791,0.010555882618446005,0.0,-0.007604695236055803,0.010606348668415096,-0.006780495862899681,0.0,0.0,0.0,-0.005050225201554645,0.003087342486605613,0.004286271850399299,0.006373915357986509,0.0,-0.0015407832093405924,3.262331491311663e-11,0.007063634648415736,-0.019196485258628906,0.05218063854899354,0.019803165762646794,0.010032897995030361,0.004301845230841725,0.027039179243630335,0.0,0.0,-0.0001947306761948952,0.0,-0.12654691601136042,0.0,0.0,-0.002024957955464235,0.03406843973482945,0.014794837397812332,0.0,-0.014739419746637884,-0.016468557341599497,0.0036026586199223833,-8.062559252890457e-11,0.012212142303916807,0.0
2006-08-31,0.0,1.6674298695236903e-05,0.0,-0.012802703726987835,0.008635476391574248,0.0,-0.005370182385461229,0.0,-0.006740335333434398,0.0,0.0,0.0,0.021706945818165794,0.0,0.02375016709701114,0.0,0.045827833868994805,2.474590311929862e-11,-0.031743380335609805,0.0,0.0,0.0,0.0028018574013769703,0.005783171445129749,0.07002938301336097,0.0,0.008191508988156933,-0.014595353077331617,-0.00884575444405536,-0.027147012069757708,0.0,0.0,0.0,-0.001066002918453659,0.0035767655609790245,0.0,0.0,0.018722519363571645,0.0,0.014213720732321505,-0.006971532752244197,0.0043752355191347915,-9.528283828073048e-11,0.0,-0.07421549586625129,-0.03927532181106538,0.0,-0.013153758808283216,-0.015822263323741422,0.0,0.0,0.029313728551763292,0.0027372793822894722,0.0,-0.006180786378630702,0.004677901150650828,-0.0032062355153529756,-0.006128846025247603,0.0,0.029203922923020015,0.0,-0.017484151822526994,0.003413426469598042,-0.011670122236878333,0.0,0.0,0.0,-0.004586325139707606,0.0025876370691676575,0.0,0.01536963447298391,0.023723978433753515,-0.005123104285557646,0.0,0.08074260391414216,-0.03752694044272917,0.02725523081847766,0.001465201354638018,-0.004449161186348643,0.002574732697517117,0.013096987827412766,0.0,0.0,-0.004101084100658936,0.0,-0.053105252290160686,0.0,0.0,-0.0015419341026533095,0.0025974963728526462,0.00921729837579898,0.0,-0.014120414667235884,-0.05044305429370878,-0.01552830732782438,-0.007055183236818426,0.02439168066271518,0.0
2006-09-30,0.0,0.001045223794818765,-0.0009541599314582548,-0.01381839268307775,0.003533295923847347,0.0,-0.008351200967118513,0.0,-0.011780280592184134,0.0,0.0,0.0,0.0029329945213630174,-4.932055035640738e-11,0.02007892752250044,0.0,0.0060337653685198535,0.019389901448216083,-0.01708882626433973,0.0,3.5465457195890776e-11,0.0,0.0012457350083698666,0.0,0.010548920436295824,0.0,0.021239266120369055,-0.005043361448990784,0.0,-0.1307195060112154,0.0,0.0,0.0,0.0,-0.0038156878798368387,0.0,0.0,0.0014785036425790797,0.0,0.002499774422663244,-0.002934692654655286,0.0002147988895470558,-0.0048578414237471085,0.015271022153354127,-0.06723275430700885,-0.04025129944877115,0.0,-0.023226808356431844,-0.01892032799423663,-0.0158928891972637,0.0,0.05557535924008888,0.05659639745923432,0.0,-0.02438752004242141,0.0022098139042438397,-0.015157482296893279,-0.0066403069354349885,0.0,0.1094163844669483,0.0,-0.0009452149911714272,7.700467657143697e-05,0.0018265756736147603,0.0,0.0,0.0,0.0,0.009137084866373884,0.0,0.004293354423025402,0.08563043065054098,-0.0037573223957699546,-0.010626323805967137,0.0,-0.01878404109188435,0.013801650889077283,0.0,-0.004144663882198244,0.0,0.006105820932986963,0.0,0.0,0.006958641804466901,0.005004536379618204,-0.01380053570883489,0.0,0.0,-0.011367546181499289,0.010836233456928567,0.007524947625858642,0.0,-0.007219647800497367,-0.011802795482110856,-0.0032191982703228938,-0.0032593719053373906,0.019493634262512327,0.0
2006-10-31,0.010865849369222622,0.024228928620227467,0.0,-0.0051171369757588665,1.6793753923507574e-05,0.0,-5.2644819335761634e-11,0.0,-0.00859129894422188,0.0,0.0,0.0,0.0,-0.014915181970813797,-0.007196955029990544,0.0,0.0,-0.004420398794549801,-0.00482316447824993,0.0,7.540700615290244e-11,-0.00036390769306882776,0.0004049650293053803,0.0,0.0031624954598454278,0.0,0.04716041240073082,0.005126259685551787,0.009114180083173537,-0.04569004442112214,0.0,0.01472043192893433,0.0,0.03576234496300609,-0.0039057792818306103,0.0,0.0,0.019143241758319388,0.0,0.0,-0.019342616539994386,-0.006559925859829228,-0.00796545119086625,0.023197521112616207,-0.076907135628787,-0.021233790064595363,0.0,-0.06787928011350436,-0.011874440364077065,-0.011385771649234504,0.0,0.014904696059250867,0.012475362691402652,0.0,-0.013230678445827593,0.004473728493143223,-0.013163538399007918,-0.030024591935822104,-0.030226993497683968,0.011216394478304487,0.0,0.0,0.004074277155242218,0.0,0.0,0.0,0.0,-0.002680051034840438,0.015420417918259712,0.0,-0.0019444930804535477,0.0,-0.012338823465757322,-0.011345660116773584,0.0,-0.014981165857182897,0.03010893561433743,0.01950325730293395,-0.009976399164185154,0.01123907837574544,0.015577363523342581,0.0,0.0,0.06639326184748254,0.0359842197389899,0.0,0.0,0.0,-0.04093669413604656,0.02365037189622992,0.03459768022783787,0.0,0.0011264041160375334,-0.0009786318132795626,0.005333741055503565,0.0010173852656925322,0.0,0.0
2006-11-30,0.02545151208744538,0.046566069464946826,-0.0024001882602493877,-0.00421025185396544,0.0024084145079236187,0.0,0.008957909900971853,0.0,-0.005922697591407075,0.0,0.0,0.0,0.002908837394596799,-0.005530346336922858,-8.079475616021341e-11,0.0,0.0,0.0,-0.018714790062606738,0.0,0.011115858777408925,0.0,0.018381682843144825,-0.0008548611879484496,0.020564306178435576,0.0,0.03149558297630922,7.17849673149052e-11,0.003839044436567726,-0.10089887129692832,0.050229508862132205,0.04127555932993207,0.0,0.04245320998319874,-0.005527371519167585,0.0,0.0,0.028777865115128996,0.0,0.0,-0.005877954713830355,-0.0005895069184423859,-0.004122313008437387,0.0036102611297151223,-0.03131421291058369,-0.02387957996548578,0.0,-0.0017933380777363289,-0.010455520044156067,-0.012932052808933144,0.0,0.00324867033675348,0.0010406242766689312,0.0,-0.00847907028136393,0.00562285392447394,-0.011354717228286985,0.0,-0.06314179978678638,0.0,0.0,-0.0031611698037003894,0.0,-0.010038178276671498,0.0,0.0,0.0,0.00341084029165317,0.01787639722439147,0.0,0.0,0.0,0.0,-0.004183146106625666,0.0,-0.005165370690655755,0.007678035565486106,0.0014916904789594038,-0.020288945887922773,0.01218075095475866,0.008052124722160854,0.003092840341809936,0.0,0.05194797234723562,0.019089830554797165,-0.008533134941290262,0.0,0.0,-0.005476070152999452,0.009759028200445469,0.017472717720762948,0.0,0.0,-0.014325821865440683,0.0,-0.10144449427034435,-0.009384224070316183,0.0
2006-12-31,0.022731189367502732,0.029006586832677303,0.0,-0.01749865014205593,0.0,0.0,0.016771128104462196,0.004763399376476275,0.0,0.0,0.0,0.0,0.0,-0.009850950281884674,-0.0016981492995827511,0.0,-0.00016989370009502368,5.198245748908247e-11,-0.020844203831491347,0.0,0.010162574080322971,-0.0025664930582116737,0.010249114252562305,-0.005784116337254973,0.010700637245005163,0.0,0.023605311170875012,0.017943114300655084,0.024459591841054715,-0.03133713332156481,0.019381721045824772,0.03854915206775411,0.0,0.014286375736888518,-0.021949761751335575,0.0,0.0,0.016151858133510076,0.0,0.003014306298067437,-0.015901954698193315,0.0,-0.0024489533583158633,0.00023951932324035955,-0.049576775942463173,-0.019816387906548646,0.0,-0.008927730006106204,-0.01692652038480296,-0.01949554002444237,0.0,0.0029105034542406512,0.0,0.0,-0.02543107885417036,0.0012332248420086752,-0.016743795704272788,-1.5337710690971841e-10,-0.022384593166117142,0.003489724604127718,0.0,-0.006010498934805425,-0.0015846729251116044,-0.02856871456175278,0.0,0.0,0.0,0.0,0.02695395056367895,0.0,-0.0033852430746073954,-0.0012336842320804832,0.0013395779509053215,0.0,-0.007114368708772597,0.003944324971515865,0.0017806833568756724,0.0,-0.046552969886254375,0.0018422114372133591,0.01836074557836112,0.0,0.0,0.06731386773547131,0.0,-0.005823679876057121,0.0,0.0,0.0,0.035373909843512276,0.042549124713977884,0.0,0.030892571719249733,-0.06520521162044611,0.0,-0.025168274257825436,0.0,0.0
2007-01-31,0.015848629682572862,0.021521489154705906,0.0024009016418401856,-0.006943282878972324,-0.000376641929641437,0.0,3.9412805334212536e-11,0.0041241496407459785,-0.00432312121120553,0.0,0.0,0.0,-0.00069365984410207,-0.009243738705075291,-0.021963454426542788,0.0,0.0,0.009079379674451405,-1.2725668695388806e-10,0.0,0.004347853589833615,-0.031120005023229542,0.009711199216732634,-0.01768706877871409,0.0032968228427435265,0.0,0.017586583569930574,0.07076720399231075,0.011683763714830703,-0.019473708408399844,0.019509084479801146,0.0758055325683496,0.0,0.01941371666998819,-0.03283125659030012,0.0,0.0,0.008863956493071739,0.0,-0.0046100819322072144,-0.015269450237388156,-0.02282788677346567,-0.007582425918831886,0.0023475818106057787,-0.03472899745818091,-0.011556480378606673,0.0,-0.005605772296165809,-0.015372526780801797,-0.04911569770890844,0.0,0.0,0.0,0.0,0.0032556687936597948,0.0,-0.010977908253927837,0.0,-0.022132094433334523,-0.00916797978258295,0.0,0.0,0.017766706239420314,-0.027638920714007715,0.0,0.0,0.0,-0.0011142557021022687,0.00485189476366106,0.0,0.0,-0.008623875317392223,0.005073219666482804,-0.012409964250059842,-0.006204239387776158,0.0030456555320708583,0.0,0.0,-0.021174532830225325,-0.06923097192059492,0.004753894224976465,0.0,0.0,0.001494162946113936,0.0006775320539385587,0.0,0.0,0.0,0.007580583487855136,0.028472863221452992,0.01855465399675942,0.0,0.1061949048294658,0.0,0.001970411462215434,0.0,0.0,0.0
2007-02-28,0.004967981394881201,0.008599252899050044,-9.343332254337841e-11,-0.0011838332023555703,-0.013195918624221273,0.0,3.438373100103839e-11,0.00820388797799659,0.0,0.0,0.0,0.0,-0.00924144995565782,-0.017671623765055322,-0.022515254357026913,0.0,-0.008656161038133839,0.0,0.020475268828014526,0.0,0.0,-0.026549832608486642,0.0,-0.015557796978106723,0.0,0.0,0.03891350008218055,0.0,0.0,-0.02682097218771581,0.011607495073613028,0.12109061100537018,0.0,0.00696627669368682,-0.019822275907327654,0.0,0.0,0.0016987638466048273,0.0,-0.008654030982866611,-0.034947907607155375,-0.03139370290341963,-0.014026329479527833,-0.04438289126154898,-0.021605975379130605,-0.015390376574268939,0.0,0.0024980385130273703,-0.01933529492288999,-0.039502554775296995,0.0,0.0,0.0,0.0,0.0,0.0,-0.0030873256544571093,-0.010663949101322328,-0.022344181978647702,-0.013334591726882493,0.0,0.007095699224986056,0.0032802019159774514,-0.011884062645066057,0.0,0.0,0.0,0.0,0.012586585614677421,0.019615996956874774,-0.015710590328390398,-0.016628899868157455,0.03695415533349155,-8.89765996081934e-05,4.714413533606009e-05,0.014878798493304774,0.0,0.003833942856656368,0.0,-0.0005707435068757209,0.02120511636266275,0.010876972022077889,0.0,0.004544116517997789,0.008138042875013435,0.0,0.0,0.0,0.005853838799150315,0.013372563159432435,0.0008373999765585887,0.0,0.07720835922552594,0.012896966902349422,0.009374280244589903,0.012378743034528197,-0.01523249598696671,0.0
2007-03-31,0.021407185370408494,0.002221880794035175,-0.0012508032574549354,-0.003996250606629739,-0.032581584483162854,0.0,0.0,0.013332075471062872,-0.0019058423049051962,0.0,0.0,0.0,-0.008920291188774741,-0.022273549700045574,-0.03281637780906996,0.0,-0.0062462059906830064,0.0,0.0,0.0,-0.0035236751256443465,-0.03485595415221998,0.0,-0.020639134373099874,0.0020856826898900094,0.0,0.030918310571711943,2.5772347155149808e-11,0.0,-0.05858690702695229,0.022891978372590174,0.11372226397843366,0.0,0.023952424541207676,-0.015184167338400598,0.0,0.0,0.0005526124230856386,0.0,-0.007559844419244247,-0.020217298297740258,-0.03301009619995864,0.0,-0.008985428576493247,-0.010559115425393895,-0.017942867767740758,0.0,-0.0061217732677600846,-0.014345737518104893,-0.055214718894826945,0.0,0.01457206731372355,0.0,0.0,0.0,0.0014880922645063,-0.021590730581526205,-0.014652414445413174,-0.023016159673277914,-0.003962684914465262,0.0,0.014677422351147081,0.005852084762171948,-0.008547858339862354,0.0,0.0,0.0,0.0,0.010798747098024046,0.010791868717083633,0.0,-0.00053957661008285,0.009266978730745343,0.0,0.022688986469093037,0.010283564548607429,0.0,0.0,0.0002971736000561257,-7.33879376070713e-11,0.007961346035237536,0.026883957562039415,0.0,0.0,0.008017861839653879,0.00787117968688768,0.0,0.0,0.005881090133683358,0.0,0.0016553735986816335,0.0,0.05538806450767065,0.020721566073813136,0.010553939607824036,0.023264220861152145,-0.010952951637678386,0.0
2007-04-30,0.0,0.0,-0.004739918085257737,-0.010530875246563381,-0.015463888202354933,0.0,0.0,0.007429756112258148,-0.004973247954111333,0.0,0.0,0.0,-0.02919939474664754,-0.0014622213266647487,-0.01224765514220029,0.0,-1.0116573620451762e-06,0.0,-0.0070176911843508605,0.0,-0.015405190858896363,-0.01868625804719881,0.0,-0.020347596659881412,0.005410727884343172,0.0,0.001505922808809994,0.0,0.0,-0.016740377786498815,0.020455241599179958,0.0746361561737499,0.0,0.022892525286691463,-0.015421445811895532,0.0,0.0,0.00816515409557977,0.0,-8.456133923170338e-11,-0.012728859537878811,-0.0355793339407097,0.0,7.193030398771995e-05,0.0,-0.033614365205153554,0.0,-0.00019152224611541005,-0.09281217679549975,-0.044507375780287024,0.0,-0.007129804051502029,-0.010373556945824756,0.0,-0.0034568138916279004,0.0,-0.020036337188456425,-0.008193836381726521,-0.015256472299458422,-0.0197159091980411,0.0,0.008498045394092994,0.0046735445425527015,-0.02116232627712118,0.0,0.0,0.0,1.8219821804371753e-11,0.006527657565305155,0.0,0.0,0.0001893015579718453,0.01042770463267133,0.0022788178095277957,0.05377988158744352,0.01882725628859461,0.0,0.001348602188863348,0.02449157794537616,0.0,0.010070651063677133,0.017485591916991106,0.0,0.0011189001574346345,0.002579120391431066,0.07596597182306955,0.0,0.0,0.022269792189924142,0.003601872517012452,0.0013610130282130952,0.0,0.012188997476565445,0.0,0.010814616095810872,0.07093366954465107,-0.0030045374661523613,0.0
2007-05-31,0.0,0.0,0.0,0.0,-0.015202740486264861,0.0,0.0,0.004351254407799298,0.0,0.0,0.0,0.0,-0.01554886663559864,0.0,-0.011801594967360957,0.0,-0.0071371344028859866,-0.0016260236002407758,-0.01998635122723356,0.0,-0.012213637359878477,-0.015150647427555631,0.0,-0.011421854501361118,0.0018008366646022679,0.0,0.0,-0.00021589940671824066,-0.00956487398229266,-0.014955436769450861,0.011848785516746094,0.03985528953829098,0.0,0.03568129275159619,0.0026386834715014375,0.0,0.0,0.027191784690373606,0.0,0.0,-0.02374691243642715,-0.00925825574973985,0.004875893933303878,0.002676146826045873,0.0011930023081955022,-0.02640587445568462,0.0,-0.004252821608616196,-0.020134362533806006,-0.05548252498069735,0.0,-0.026373851944879196,-0.015954683016641005,0.0,-0.01798128489434137,-0.02449895312461016,-0.021711604998271277,-1.698631591903902e-05,-0.032491116530629985,-0.032275136193635784,0.0,0.0,0.0,-0.048593679462757056,0.0,0.0,0.0,0.0,0.005638424574669779,-0.0017189319363544254,0.0010290230466628437,0.0,0.010961442256765081,0.009803557562129372,0.01601086327345463,0.011099381298984957,8.686605044276677e-12,0.0023093002555021063,0.004023840121016947,0.031042308092502628,0.02401725444953755,0.011066870415671932,0.0,0.00031146592060056434,0.002805079042692359,0.0,0.0,0.0,0.10635381381733058,0.001025584143429637,0.0018245203178348887,0.0,0.004704333536322474,-7.856927714635675e-11,0.002553601116703135,0.12130636664104671,-0.004277958971578435,0.0
2007-06-30,0.2,0.0033480804270370076,-0.0018660865956546609,0.001912764284223625,-0.0054664072857694476,0.0,0.06201265379056499,0.0005246327423561397,-0.0013631030302116726,0.0,0.0,0.0,-0.009603123548961609,0.006573404700946983,0.0009550739472894383,0.0,-0.013620480474618562,0.0,-0.0035600160315762954,0.0,-0.006052450094782119,-0.021330496793379523,0.003035257275798665,0.000658415054596986,0.0018213527075952982,0.0,0.005163057687295498,0.0,-0.015268252524122028,0.0,0.0032422555095329166,-0.00438277793963725,0.0,0.003580599171929581,0.001992688188791808,0.0,0.0,0.011645758304319628,0.0,0.0,-0.012029327392168925,-0.02196867951443779,0.01550834309734961,0.0013151584742769234,0.000687093179108867,-0.017610280385559826,0.0,0.0,-0.01547869630726537,-0.03932472647082382,0.0,-0.01879911837849188,-0.022219189458841004,0.0,-0.03203497056391642,-0.012281432162945968,-0.018212305985434482,-0.024182200249805906,-0.03437755639735487,-0.04515447331292027,0.0,0.004760696227046734,-0.017497033032119556,-0.052546240572582774,0.0,0.0,0.0,0.0,0.0025467445980026423,-0.00453270907168252,0.0,0.0,0.02678864891271766,-5.1649539907684534e-11,0.0,0.0005861319714714718,0.0,0.0007819437760459965,0.0,-0.006316042189109318,0.023592151336378528,4.987240839683295e-12,0.0,0.0,0.0,-0.009017341816877746,0.0,0.0,0.04093407412396134,0.0,0.001432258917923968,0.0,0.005886244206647303,-0.013904482367298836,0.0,0.061876594054838474,0.006837923326964679,0.0
2007-07-31,0.0008338229510797589,0.02401524375871017,0.0,-0.011007735338627332,0.002703331857538411,0.0,0.003830951606449863,0.0,0.0,0.0,0.0,0.0,-0.003847865477951571,0.0,0.0,0.0,-0.006221566221424779,0.0022833965938993373,-0.01844886377051556,0.0,0.0016910188421530943,-0.0063601446346400175,0.010591555044791857,0.0,0.0004816870412128444,0.0,-0.00920777823647766,-0.013756255508148324,-0.018694040409845847,0.0010643339111670916,0.03593564580562119,0.0,0.0,0.014899301681670541,0.0016389165154374631,0.0,0.0,0.026817104968979478,0.0,0.015498544729214728,-0.016286224213692545,-0.010567083018091276,0.07909772218114888,0.00717427401848643,0.05858027421381399,-0.0070033966244774145,0.0,0.0021666095846024037,-0.015029380139181887,-0.06021726460580818,0.0,-0.022706756707786567,-0.016651044874866308,0.0,-0.0388051609117674,-0.02844588322313611,-0.030414934927603984,-0.023503326355354695,-0.02749426920845634,-0.04381885851448266,0.0,1.3711576376729439e-11,-0.0018500582568818879,-0.03947215078437366,0.0,0.0,0.0,0.0,0.02946970227939557,-0.004628870305565349,0.0,0.0,0.004155710790742403,0.0,-0.004037741651913602,-4.693301394856388e-11,-0.01831402869938715,0.0,-0.0007678058671762489,-0.0024291229910437385,-1.2388474388943302e-05,0.0011747266273292648,0.0,0.0053881138052836175,0.016821754435693993,0.0,0.0,0.0,0.06695350504645116,0.002698082172013052,0.0218039390184863,0.0,0.008097890764593453,0.0,0.0007370049274999851,0.05339583481282212,0.0,0.0
2007-08-31,0.004723190237366549,0.015393619636569518,0.0017255219322903066,-0.01345525600321564,0.0,0.0,-0.009571382411840218,-0.0027156512225657917,0.0,0.0,0.0,0.0,0.0,0.003015658533377837,0.0013853478113649027,0.0,0.0,0.026430799890021395,-0.02186941180309849,0.0,-0.0012222286942582539,-0.007703021653876877,0.0,-0.002383611239849886,0.002126030225884157,0.0,0.0,-0.0003853888876903707,-0.010812640168707022,0.0,0.0023425407945055804,0.007307691991601552,0.0,0.010494649383341196,0.0,0.0,0.0,0.0,0.0,0.025047108729567943,-0.006449131344539468,-7.928268590865961e-11,0.07283130365591857,0.015510211377721883,0.0,-0.02539418413382176,0.0,-0.021431242833878178,-0.0229715657828632,-0.027247858821291833,0.0,-0.01566752229873454,0.0,0.0,-0.034047204849059466,-0.010638224570389161,-0.021407176608243914,-0.11125608209751152,-0.02711370465432411,-0.026957231593245912,0.0,-0.0033648736447384584,-0.0018066630672660272,-0.0347255396992709,0.000853804327668106,0.0,0.0,0.014243898801590903,0.03664042849557602,0.002293932612016755,0.0,0.031179355275040767,0.01861148300825741,0.0,-0.000927050559545691,0.0,-0.02239926893823317,0.0014655238339989236,0.006919932165652553,-0.003137140045506904,0.0,0.00878845459047723,0.0,0.1204429610452824,0.016194006235156492,0.007218876497734079,0.0,0.0,0.01914961007533088,0.006137403451232135,0.008876307886038637,0.0,0.012650347473520115,0.0,-0.0037393972932679618,2.5895207975985763e-11,-0.009200344999882521,0.0
2007-09-30,0.08291131420761887,0.026105860167752935,0.01761581275791368,0.019148483008607168,0.0,0.0,0.0,0.0,0.0032826839281133112,0.0,0.0,0.0,0.01662929785356204,0.023284830258662136,0.003542189422224369,0.0,2.264244933161835e-11,0.0,-0.02715720140893404,0.0,-0.0022667678459161685,-0.011273170692152785,-0.008132242733667609,-0.0038780155531200275,0.005170128000191868,0.0,0.0,-0.013496912194327904,-0.014678353475933534,0.00675380505199492,0.0,-0.001197896605588429,0.0,0.0,0.00207859143116006,0.0,0.0,0.0,0.0,0.013679807730118837,0.0,-0.0003423445869394959,0.046027738391100144,0.007404608609227549,0.0,-0.023056549504668983,0.0,-0.020772725982610846,-0.015789156169298862,-0.023128869192676114,0.0,-0.008148796784612545,-0.011541571035346676,0.0,-0.028099035194628377,-0.013437172389588893,-0.025241020781547278,-0.03203314362641436,-0.03175353462018122,-0.027939071094184375,0.0,-0.015959945370870646,-0.017053977122104838,-0.03569978314861347,-0.025902117665643157,0.0,0.0,0.0017923182493608922,0.008688488667019427,0.0,0.0022832955142706845,0.007867019991818103,0.013180493978230248,0.016087532705026455,0.006464991992989712,0.0,-0.01596364358470342,0.0,0.005094034660062076,0.0,-7.15540099365622e-11,0.013003392884461142,0.0,0.003914579354839033,0.02064452303526286,0.1029799163056094,0.0,0.0,0.003982182609331432,0.0,0.013932806690354651,0.0,0.006449272520473591,-0.017444160205732015,-0.013513631621607186,0.0,-0.015099189736832632,0.0
2007-10-31,0.011893925383671209,0.03195906881936319,0.03235492552557609,-0.012857608694996336,0.002587368271540545,0.0,0.0,-0.007528722504235567,-0.0003563884236418794,0.0,0.0,0.0,0.0073633970925979205,0.02139790223765721,0.014516891212161662,0.0,0.0002561370891245786,0.0008771817816259564,-0.06111506359324351,0.0,0.0014846353098614676,0.0,0.0,0.0,0.0,0.0,0.0,0.0,0.0,0.007732522769735091,0.0,-0.0070291414269358626,0.0,-0.007782827932044776,4.347237976707671e-11,0.0,0.0,0.0,0.0,0.04145490765266679,0.00028651043180017533,0.00015307279366616626,0.11626502964511978,0.022308937118485746,0.0,-0.02448004505004707,0.0,-0.027100371986515426,-0.017846662077591707,-0.019806399184724408,0.0,0.0,-0.007317126653515699,0.0,-0.01673825284998803,-0.011665894087349278,-0.018899628464726412,-0.022339672948124587,-0.013615581193992908,-0.02696501670867321,0.0,-0.018248011300040536,-0.004306386236102703,-0.028676757294664876,-0.023690995626013227,-0.013608080403639805,0.0,0.00779972212797629,0.016929267563320957,0.0,0.0,0.01238865225940041,0.005044082798234288,0.0,-8.852585036095074e-11,0.0014055967147634653,-0.02257837502641281,0.004199799226291864,0.005671353656665852,-0.009244010613930015,-0.012288976507326377,0.010532480097069873,0.0,0.006051720385081724,0.03991015527783383,0.0,0.0,0.0,0.012007625259872727,0.0,0.02915938003035461,0.0,0.036007751425008186,-0.021745491742401344,-0.03203040301291005,-0.0018300133172360876,-0.00830809505044971,0.0
2007-11-30,0.004401893162023899,0.010415583818245401,0.004256171229391925,-0.005096992210422163,0.009135762263995963,0.0,0.0066925255835031516,-0.005497849582664754,0.0,0.0,0.0,0.0,0.0,0.022765061956994653,0.00500610967217257,0.0,0.0,0.006455300939523386,-0.0165568022082705,0.0,0.02211696985230937,0.0,0.0,0.0,0.0,0.0,0.0,0.0,0.0,0.007581849177107379,-0.010876058467460372,-0.010137075905302698,0.0,-0.015334722496549994,0.005122350679569916,0.0,0.0,-0.008329982330335947,0.0,0.004161743581216979,0.0,0.0,0.05852503753618044,0.012365843965997322,0.0,-0.026212318383147363,0.0,-0.02810202854537092,-0.025523805500196596,-0.006284060546310571,0.0,0.014001450131948886,-0.000730422628183363,0.0,-0.010241418849493863,-0.006980768572874476,-0.016885958941709224,-0.02314846807797805,-0.018147597715606447,-0.021035678340294742,0.0,-0.015320626581323354,-0.006570555544811131,-0.026106421690844196,-0.01960095762941627,-0.01336244171325362,0.0,0.009635754789582411,0.014031507774881545,4.278850869597668e-11,0.0,0.010553660280599338,0.00464972632390785,0.0,0.0,0.06400283215363489,-0.013561097168740899,0.011234560891607563,0.018562550686846112,-0.0003333097984445749,-0.019548413824640766,0.007422613618551033,0.0,0.0036239739287968493,0.007856415434160269,-0.008954192113997317,0.0,0.0,0.005032485770747925,0.009235152573586921,0.0517255147250966,0.0,0.08942959745503097,-0.03181432390955245,-0.08970565066061159,-6.219184062040844e-11,0.0,0.0
2007-12-31,0.004996206253199192,0.007841377230961986,7.386572537324096e-11,0.0,0.02979234031662844,0.0,0.0,-0.009694733158949594,0.0005765608825423021,0.0,0.0,0.0,0.0020273011740501766,-1.14801477790747e-10,0.0,0.0,0.0,0.03044614554257824,-0.018065237006352302,0.0,0.0037314964872842663,0.0,0.013787598410193764,0.0,0.0007798071945532113,0.0,-0.00209738358654574,0.0,0.0,-0.0005009916793623037,-0.017809979114573854,-0.005122159742741047,0.0,-0.024901706184730307,-0.00906825818182701,0.0,0.0,-0.02668515339046555,0.0,0.009843225921192508,0.0,0.0,0.0351276878819483,0.008434960346443102,0.0,-0.03161519853427307,0.0,-0.04016435888961074,-0.02845283527851579,0.0,0.0,0.0,0.0017345754131561602,0.0,-0.014215942495651682,0.0,-0.0015312859681480535,-0.024385952260747763,-0.019910847041365413,-0.019841013964037053,0.0,-0.004156380121959626,0.007629917618502561,-0.0070319743766827335,-0.013363335861791099,0.003228679297240961,0.0,0.0,0.00198400770520543,-0.005164510631982757,0.06688956134946472,0.0012645249151145954,0.008122073797865906,0.0,0.006091310804288039,0.008193831215545577,-0.020937211686585164,0.0,-0.003681497570814432,0.024283994713203732,-0.021587015118574648,0.003106706470933184,0.0,0.024778353693026497,0.0325252079054057,-0.02480997578145446,0.0,0.0,0.006749379703265403,0.010823406930180244,0.04746562893640425,0.0,0.09774413181575592,-0.011079318351501072,-0.07212339624203613,-0.011087560172090581,-0.010914787491828492,0.0
2008-01-31,0.005958191323863666,0.0037206612643893547,0.0007625242309988127,0.0,0.02796314787618648,0.0,0.0,-0.0009492294888149767,0.0034186667209641476,0.0,0.0,0.0,3.69136609056345e-11,0.0,0.0,0.0,0.002567589302511637,0.02326763985952331,-0.004372127391738459,0.0,0.0005021142119103123,0.0,0.027282661238441055,0.004566815568226369,0.0015778222289906613,0.0,-0.010993386576357234,0.0,0.0,-0.006758436090758371,-0.01327900100096683,-0.003525988020282136,0.0,-0.017860103323874842,-0.005025036499693249,0.0,0.0,-0.012861415995302746,0.0,0.006482094429719969,0.0010253707988968502,-0.0031676288981913603,0.024645591694402228,0.01950269643936687,0.0,-0.020028875923931305,0.0,-0.017846871770276777,-0.02280334408788621,0.0,0.0,7.675767212885376e-05,0.0,0.0,-0.003301272140058667,0.0,-0.007831019403975063,-0.07946648238596085,-0.02383061622131427,-0.0070697727078002075,0.0,0.0,-0.003411213138184275,0.0,0.0,0.0,0.0,0.0016890215405850556,0.0,-0.006829386290053397,0.0036391303533977763,0.0011279527812664246,0.009296150352926833,-6.327966553104984e-11,0.0,0.0065908040444795325,-0.010566945872095638,0.0,-0.010967958819866716,0.0030871186242881297,-0.041920878564033925,0.015624192973339245,0.0,0.05388591919959676,0.151587747927881,-0.014466965223338884,0.0,0.0,0.002155689271548109,0.008138841266907393,0.02855482174569643,0.0,0.06130226502065313,-0.012724111786131413,-0.03405905519531012,-0.01879940644710707,-0.013545331326904664,-0.07173813934651072
2008-02-29,0.0,0.0,0.0,0.004059052338574109,0.0056920815665312055,0.0,5.7550381493261097e-11,0.0,0.002254271575996239,0.0,0.0,0.0,0.0021324376175334246,0.0,0.0,0.0,0.0,0.044410675070872305,-0.002210895086948891,0.0,0.0,-5.346920447132762e-11,0.0,-0.0017420652159570629,0.0,0.0,-0.006651335693752823,0.0039115349002483,0.0008281280210682022,-0.0285878773718022,-0.021664973709756452,0.004708241721393567,0.0,-0.03405356315514274,-0.007019985901181216,0.0,0.0,-0.009134517872797456,0.0,0.0,-0.00244304910508153,-0.008338853185184205,0.005354311189622386,0.011494264424769488,0.0036195171081965555,-0.02488760374027084,0.0,-0.025939084450683676,-0.037261542150085,0.019282462220709347,0.0,0.017686132790484494,0.0075273440418775345,0.0,0.0,0.0167475702030891,0.0,-0.05487735765321405,-0.004381281066824468,0.0,0.0,0.01740170841360753,0.0,0.004526340508245205,0.0,-0.00454496929187911,0.0,0.000880707209223747,0.0004928295525723335,-0.008905082198142521,0.005660425214736044,0.028420569986890812,0.11558577714559114,-0.016604818265959786,-0.016159226868071017,0.003680520541163372,-0.02006806808435557,0.0,-0.0091816417761605,-0.0007416545657957629,-0.026808116451460712,0.00019596964392040711,0.0,0.010086004139021264,0.00995791069157448,-0.02429220032854543,0.0,0.0,0.0,0.06126945668480617,0.033995289315738024,0.0,0.05813846610439283,-0.01760519225650819,-0.020965880693765593,-0.01677052418516999,-0.025122379935551747,-0.023036259686482277
2008-03-31,0.0,0.0,0.0,0.005866232705138363,0.002673212160483608,0.0,0.002967519108055326,0.00118857428094803,0.0031003475890761184,0.0,0.0,0.0,0.0038159372698890514,0.0,0.0,0.0,0.0,0.028512519218570766,-0.001516912636534468,0.0,-0.006206898834561148,-0.0058328575253233554,-0.0038583212348489225,-7.39921592926153e-11,0.0,0.0,-0.007538352580295923,0.011499014618043873,0.013586385749920611,-0.03644334366597376,-0.03988086578309286,0.0,0.0,-0.08784234971048258,-0.012795928321000401,0.0,0.0,-0.025915407082625852,0.0,0.0,0.0,-0.0105277643637758,0.0,0.003453013217554556,0.004028568727383227,-0.00564433404720953,0.0,-0.009501456687944273,-0.003746244137353436,0.00771373403157389,0.0,0.10896984599314952,0.008285026329111909,0.0,0.028286376593497285,0.06087386208700544,-0.004559676568939998,-0.008102112353848718,-0.005995080945469623,0.01438514270538203,0.0,0.05276970842517336,0.0,0.003312235496574019,0.0048605720066175195,-0.011441937661351848,0.0,0.0,0.0,-0.0012781105725234276,0.011004490232231245,0.004162574620323064,0.010679742899866071,-0.003964104204423513,0.0,0.020972253069184727,0.0,0.0026046635109924425,-1.2485909280138647e-05,-0.0011860479496595445,-0.012174170805118232,0.0,0.0,4.336040208370178e-11,0.002812109559904483,-0.058064707961028236,0.0,0.0,0.0,0.017225522825472264,0.031576154155710225,0.0,0.028814660769806634,-0.02709408818749838,-0.05095247750354632,-0.04367091995756066,-0.009822283496570711,-0.004430759238166219
2008-04-30,0.0,0.0,-0.003193427373464371,0.012249844239119652,0.005025514666314938,0.0,0.010682444899695083,0.008675728081470782,0.01102581333030736,0.0,0.0,0.0,0.007436069007294778,0.0,0.0,0.0,0.0,0.03277064000769072,0.0,0.0,-0.005637335103215217,-0.007498473667565662,-0.0023872672397573804,0.0,0.0,0.0,-0.012843989312980015,0.007799774333163798,0.03130781280835071,-0.01811071276151824,-0.030308777475262574,-0.0034008634961066914,0.0,-0.07459745397780494,-0.021798381034578842,0.0,0.0,-0.01528795179515353,0.0,-0.0014099522766445971,0.0,-0.005427112724480113,-0.0005115405109328823,6.558825591409682e-11,0.027317254408423832,0.000895169773910762,0.0,0.0012815359141992184,0.0021363488376188364,0.0,0.0,0.036303274202531544,0.0,0.0,0.02253317716014686,0.019168332948081557,-0.02393088992062017,-0.006350155106221752,-0.017075652779858702,-0.0013469625616339864,0.0,0.024795094330784518,0.009044622296849188,0.0,0.0,-0.020938290261604823,0.0,0.0,-6.75512152640597e-11,-0.0015220132043688426,0.0162390717113424,0.0,0.012489660875891175,-0.0012826537825813993,0.001382916540325543,0.04088980657871216,0.02645952345662536,0.01677207857020354,0.0,-0.00201465098674689,-0.013524559480873175,0.0059366251806573875,0.0,0.00044374706584060074,0.0,-0.1250595747974879,0.0,0.0,0.0,0.023257351073752743,0.05963512625013945,0.0,0.026045641384967247,-0.0037429582173199643,-0.044305844219442364,-0.025278182217444278,-0.00576078861402314,-0.0054535850327563865
2008-05-31,0.0,0.0,-0.001473519950648617,0.010724424886592627,0.00757928903081389,0.0,0.012172406110117153,0.011786349700366882,0.033147477129393185,0.0,0.0,0.0,0.01097746703051019,0.0,0.0,0.0,4.6553543637225383e-11,0.01561617830917461,0.0,0.0,-0.0018818469399201332,-7.190416557224981e-05,0.0,0.0,0.0,0.0,-8.762187174296953e-11,0.0,0.031952796657055624,-0.031766600414481476,-0.010993065972518135,0.0,0.0,-0.04711944165900467,-0.03804761993315392,0.0,0.0,-0.029547640927273734,0.0,-0.001937671550916215,0.006913671374493571,-0.009938046834260517,-0.0016128290322243517,0.0064180777476623855,0.04528249264097975,0.009063671810117538,0.0,-0.009502413987515319,0.014612150206095931,0.0,0.0,0.009465327215883931,0.0,0.0,-0.0028516961311004217,0.0048479756081217275,-0.023026182029008958,0.0,-0.06326239151488026,-0.0012959072250020764,0.0,0.0007960716329465714,0.0,-0.012538514771290381,0.0,-0.02404085448265791,0.0,0.0,-6.917858582624897e-05,-0.0034052531940119133,0.012733204891475362,0.0,0.018316160692377792,-0.010029871599057787,0.00021730856168091495,0.017868513929183094,0.051052459732971074,0.05488140650562446,0.0,-0.021447760587908385,-0.035647376099005715,0.03511838982404429,0.0,0.009800080342993027,0.002854286935710508,-0.010757989113998159,0.0,0.0,0.0028364992476788194,0.01217209469412063,0.04064607324923787,0.0,0.010147694256023063,-0.010939982639980958,-0.035707715784323885,-0.02707136735331353,-0.013707745908286032,-0.02030761152523612
2008-06-30,-0.004917467383922368,0.0,0.0,0.04071156947462798,0.00658781369166209,0.0,0.026875315662776653,0.04009018569864875,0.019447642535867504,0.0,0.0,0.0,0.018400181746777988,0.0,0.00170084409422781,0.0,0.0,0.008668493527034216,0.01024985962006165,0.0,0.0,-5.2013595076631153e-11,0.0,0.0,0.0,0.0,0.0,0.0,0.0073536361503829676,-0.047326038009031214,-0.003789786705763941,0.0,0.0,-0.020064422661986946,-0.015298250791931877,0.0,0.0,-0.017082025890819707,0.0,-0.004969271761494451,0.0043002094416321746,-0.003925856170689202,0.0,0.0009911612184264952,0.03916307645985799,0.03488467937389742,0.0,-0.001095001772753084,0.03890001876580128,0.0,0.0,0.005004059639894534,-0.0016042076311103097,0.0,-0.006579630872779372,0.0023232785335028337,-0.03461680441695396,-0.0032035894049361057,-0.2,-0.0014482064629144115,0.0,0.0,-0.0021159344523211097,-0.009805762809189775,0.0,-0.005900308073984255,0.0,0.0,-0.006566128832085949,0.0,0.0036891837639967204,-0.00040070733474182235,3.365122531898125e-11,-0.000594978302269768,0.0381360041623079,0.016944464583847785,0.006928018934555227,0.02672192092165682,0.004984482961250686,-0.010289815295520545,-0.021625171790700098,0.04527906495513086,0.0,0.013787111479678761,0.0,-0.00700079262294414,0.0,0.0,0.0035804494637247586,0.005777486675629917,0.024557795900115073,0.0,0.003961990529374005,-0.015863946409180943,-0.010056154290430584,-0.017805945262515725,-0.006464462824030925,-0.019589331710983836
2008-07-31,-0.0010424884446157566,0.0,0.0003679439881844846,0.013303721486315903,0.003477721615809831,0.0,0.012350918008922443,0.031063205807225443,0.006719513004077389,0.0,0.0,0.0,0.007355390568308851,1.8040715264244002e-11,0.0,0.0,0.0,0.005394111049177883,0.001760486369502438,0.0,-0.0012945752577144696,-0.002224695176046693,0.0,0.0,0.026193073670539548,0.0,0.0,-0.004421980267641632,0.0,-0.019837880181471024,-0.007051085524466601,-0.0032103461421404615,0.0,-0.012988776368996802,-0.01672870886963218,0.0,0.0,-0.027745106955169314,0.0,0.0,0.008253713448813498,0.0,0.0014603767317529588,0.004142360153668141,0.2,0.031054304148523986,0.0,0.0018343674780094557,0.03882469343785001,0.0,0.0,0.0018883102231788506,-0.004712905278491879,0.0,-0.006792083370540886,0.0,-0.06278687450020508,0.004367205256256686,-0.2,-0.008877201546031275,0.0,0.0,-0.0015227649498613365,-0.009700345508883284,0.0,-0.008824616530401036,0.0,0.0,-0.012771755984145903,-5.345463778599092e-11,0.005554576710698515,0.0,-0.0008273506750568134,-0.002190510088150108,0.0,0.0181235460528383,0.002799397103798338,0.03137849598167515,0.005701069809674612,-0.013410822703222603,-0.013566473375081451,0.004324827507116548,0.0,0.0013071315006541397,0.0,-0.008685842453510804,0.0,0.0,0.0,0.006297137740860774,0.018196665916111226,0.0,0.0065057352124138984,-0.01633498004709142,-0.007397391438430656,-0.00961228012784089,-0.008674211128890523,-0.006765947052814474
2008-08-31,-0.013489489019874993,0.0,0.0,0.006341687692582242,0.0038023686280383748,0.0,0.0027577070047521694,0.002690229458936914,0.004593445688089359,0.0,0.0,0.0,3.792275713797535e-05,0.002276682157112003,0.00012793397613804265,0.0,0.0,0.00126757784852596,0.03122729088451434,0.0,-0.005154839493891722,-0.01293452881289069,-0.0008455311038710725,0.0,-0.000579067044040803,0.0,0.0,0.0,0.017702578831629318,-0.03115620132058784,-0.009652186626615655,0.0,0.0,-0.005147811150080368,-0.023255214289782115,0.0,0.0,-0.020575411082370897,0.0,0.006333872913480951,0.007183314639661972,0.0,0.0014996571457771817,7.338697681455889e-11,0.02161480726074738,0.013791346308317366,0.0,0.047652277990804105,0.005779198075599785,0.0,0.0,0.0,-0.006641066298144264,0.0,0.025291297223504896,0.0,-0.08412280139370262,0.0,-0.0846081445852486,0.015640407026497983,0.0,-7.179017637669602e-11,-0.01770742751327546,-0.04291906294628306,0.0,-0.011804205231199906,0.0,0.0,-0.012067353620575651,0.012497276608843755,-0.004255488633171908,0.0,-0.007309582794560873,-0.00041560128260083334,0.0,0.04373586527159775,0.0,0.00811939550383951,0.004185258772810908,-0.021012466761389646,-0.01882217523404222,0.006970047283786747,0.0,0.025337106865201388,-0.0022484086279299887,-0.016763383143490303,0.0,0.0,0.0,0.01919657327867454,0.03940167503946024,0.0,0.12294519779054995,-0.012151798634887535,-0.007660407549633946,-0.014004510320984043,-0.00289029941971832,-0.009805535993364577
2008-09-30,-0.01239744574812986,0.0,0.0,0.0054398679246398934,0.0024569827348109394,0.0,0.004646309914979661,0.0017803842024523083,0.0024045519265385364,0.0,0.0,0.0,0.003937060416332687,0.004766969944213835,0.002162699955152098,0.0,0.0,0.0,0.2,0.0,-0.007893974343392528,-0.02648909199492011,-0.013204258127292805,0.004270005453977236,0.0,0.0,5.034363190596456e-11,-0.03935938632304997,0.010194257921690255,-0.016165545253838932,-0.006359816418437547,0.0,0.0,0.0,-0.020524716992843074,0.0,0.0,-0.006152029771306229,0.0,0.0,0.006427412689045964,0.0,0.0,0.0,0.012822175396392306,0.012557797722058622,0.0,0.05821255158971911,0.006688220596986512,0.0,0.0,0.0010820295451811712,-0.027737172556247316,0.013378515550158086,0.008152184789336521,0.0,-0.0243609117056224,-8.850814041211931e-11,-0.0178660512031981,0.00037797008468330826,0.0,-0.00957978529809533,-0.0034336050741101843,-0.016046345568910315,-0.011933235898953445,-0.05022190270982683,0.0,0.0,-0.008175699455517783,0.021751515390886083,0.0,0.0007929577736657899,-0.037823009556061486,-0.00976683593921469,-0.005655552769447306,0.044774380481058244,0.0,0.0,0.0014515834275039136,-0.026883326713889776,-0.014579402523975512,0.0016721542228634264,0.0,0.0048388620294701175,-0.0754103269654589,-0.001354248505698087,0.0,0.0,0.0,0.03919887535111166,0.00355689819933642,0.0,0.02020482471541165,-0.002995695948710347,0.0,-0.0006625081653906973,-0.005505298474861666,-0.0014628199050906144
2008-10-31,0.0,0.011017803240342856,0.0,0.01165568994974915,0.017983932175497624,0.0,0.015963243803954513,0.005072300741315752,0.02046335788478231,0.0,0.0,0.0,0.010416891720145387,0.014745464385511215,0.0013793412139016974,0.0,0.0,-0.0017368370784680695,0.2,0.0,0.0,-0.018660328157791777,-0.007460256573258033,0.0011078195352595566,0.0,0.0,-0.002683136068002652,-0.003888401371199675,0.004665878192828286,-0.0023679157513352414,0.0,0.0,0.0,0.0,-0.015504306248677647,0.0,0.0,0.0,0.0,0.017506996336327192,0.007631634838203823,0.0027226511138563497,0.0,0.01331680602062992,0.020692837350501096,0.012627158069088092,0.0,0.03411569643507062,0.0027164908786746263,-0.04461231474229612,0.0,1.2100240359998454e-10,-0.021260379423809567,0.0015871854132263215,0.038219783456015885,-0.00044617208006197923,-0.03153354526241935,0.006111389592370886,-0.001298093158614313,0.0015143801717517715,0.0,-0.10672253822663422,-0.0055838183581349765,-0.010616912072994105,-0.030315658992535747,-0.04696974559867221,0.0,-1.0045645700601104e-10,-0.01019633316741455,0.00037824447473886684,-0.005259878496127385,0.0,-0.01835829669448088,0.0,-0.0030845068589918684,0.011505703498231741,-0.009481438357512851,-0.03006431766147372,0.0,-0.008664178896314536,-0.0020474362498759673,0.0,0.0,0.0,0.0,-0.009174681682997204,0.0,0.0,0.0,0.007217990742022476,0.0,0.0,0.0021994308352787824,-0.007105204347615753,0.005463897809720866,0.0,-0.03772283152043445,-0.007180536801398689
2008-11-30,-0.0270190558042139,0.01140839767683863,0.004494412446306187,0.0,0.0030080349637010306,0.0,0.012895337064299019,-0.0007294776618517586,0.004233485281255628,0.0,0.0,0.0,0.0043995198706729645,0.016803246728047234,0.00798534788114704,0.0,0.0,0.0,0.15782292807342496,0.0,0.0,-0.0011654605059068783,-0.01720888178744858,-0.003201981272404044,-0.006741576872200836,0.0,0.0,0.0,-0.012990481389248257,0.018567821279928953,0.0,0.0,0.0,0.030534558776486177,-0.0011573100408472444,0.0,0.0,0.0,0.0,0.0,0.002311679954389066,0.003677426303627437,0.0,-0.008011338904617225,0.010631110860138168,0.006092767566496449,0.0,0.028183776980506045,0.0003810750301200084,-0.002175780627534786,0.0,0.01138023733150458,-0.0013608601589239597,-0.0013069169170958092,0.035728527694871885,0.0,-0.11096977912128018,0.010872358510767127,0.0,0.004466990036324034,0.0,-0.0038720130583972208,-0.0333428042462763,-0.010089100383534635,-0.011467860347486557,0.0,0.0,-1.0040086509369936e-10,-0.022007363005566594,0.0009902721782744375,-0.012941184527611515,-0.0067511385274265055,-0.027126150380443522,0.0,-0.00933293789442866,0.007303301965196865,1.7656537543461444e-10,-0.08025476760052776,-0.005325815307249261,-0.003933476598395292,0.0,-0.0003073125098415583,0.0,0.008016851743448383,0.0,0.0,0.0,0.0,0.002318510600818468,0.01959064210031966,-0.013477005105431957,0.0,0.0,0.02194936261436275,0.030323503565585296,0.023628514744576112,-0.0647168999927912,-0.0010152693506171367
2008-12-31,0.027787003160172578,0.026425584788838583,0.009668065478862566,0.0,0.001116888286378819,0.0,-0.12921048966051538,0.002960953896019006,-0.0002472014170187126,0.0,0.0,0.0,-0.001204555575519999,-0.010156744843573522,0.0,0.0,-0.0014827565088100572,-0.001477642347930219,0.06761396095082307,0.0,0.0,0.006634250520040478,0.0,-0.012801449853004788,-0.006631088010058311,0.0,0.0,-0.0007968305885563248,-0.012255896155101748,0.015814317574907064,-0.00047642216339561865,-0.00012131342208257224,0.0,0.008016575246161154,-0.001646959692389643,0.0,0.0,0.0,0.0,0.0028280539068671457,0.0,0.005849577864633455,1.2111541088128297e-10,-0.008089878784734975,-0.02643423397483673,0.0,0.0,-0.01869028738241641,0.003058122091755456,0.024054886122108307,0.0,0.021593945862681076,0.0,0.0,0.04786340392285733,0.023657294539855732,0.011976241436247382,0.01977606754962952,0.016944229107736308,0.02520123322727587,0.0,0.012204587389818453,0.0,0.0,0.007651911464972325,0.016093488639637017,0.0,-0.0008192358261815725,-0.0006195750928902297,-0.0008110986366856155,-0.006182294867471753,0.0054858256637200144,-0.002535831466902125,0.0,-0.009972032241301538,0.0,0.0,-0.2,-0.005739349258657657,-0.001406289038740769,0.0,0.0,0.0,-0.0008552880891976765,-0.010784378961442818,0.0,0.0,0.0,0.0,0.0173553854110494,-0.005973420597854534,0.0,-2.193047813377128e-11,0.014234256977488872,0.029601562147278902,0.024880623477081466,0.0036517031739871047,-0.022577455520798227
2009-01-31,0.004606401484761525,0.0,0.0,-0.0019610700075399453,0.007888182593803247,0.0,-0.14209353687317425,-0.0018810703095448256,-0.006999500403894133,0.0,0.0,0.0,-0.00175288870596425,-0.00579114800053631,-0.0006702385030249925,0.0,-0.0071958293421838125,0.004831642314322376,0.052796733054022785,0.0,-0.04962776750590852,-0.06015614487888636,-0.006279239375913991,-0.016116449713970877,-0.023675361011437364,0.0,-0.03142663834104976,0.00041140867707807177,0.00889306279417562,0.008947578387875075,-0.012922548113383421,-0.011544824256688095,0.0,0.0,0.0008308283390668408,0.0,0.0,-4.530820639280367e-11,0.0,-0.0016632639688154247,0.0,0.0,-0.001296409861451471,-0.03305352000420099,-0.018208865312983224,-0.0018661426083922633,0.0,0.014606666680877012,0.0,0.02566916016715397,0.0,0.023934027632824328,0.019627557326961087,0.027308976050229774,0.05962303140590003,0.02771725378421573,0.019594037869410254,0.025628843272092017,0.018307221876365513,0.03355474670858923,0.0,0.01296125625933246,0.0014802132484116786,0.0067256081916262445,0.014351234879640417,0.011269581542338605,0.0,0.0,0.0,0.0,-0.006220318438109082,0.0,-0.004812920867454725,0.0,0.001666440568565911,0.0,0.0067297180840411525,0.006555437268146976,-0.0048006804272085766,1.2584222171810967e-10,-0.005775644012212278,0.0,0.0,-0.010889029019275602,-0.0019055365711741234,-0.01934749486489715,0.0,0.0,0.0,0.0,0.0,0.0,-0.010065918655415949,0.0,0.030383502518744273,0.023099646893585502,0.0,0.0
2009-02-28,0.013014129802318778,0.0,-0.017676228997225433,1.0190427039496577e-10,0.0,0.0,-0.06032053172534779,0.0,-0.026609169657862093,0.0,0.0,0.0,-0.025450361909120235,-0.011614662883995932,-0.035064637595684366,0.0,-0.030890173799859696,0.004414989695776768,0.026237100712148832,0.0,-0.029639331465116724,-0.013265195389454719,-0.0009598238484122354,-0.00191106593320996,-0.0028046088350072752,0.0,-0.009468023932578371,0.0,0.010965514009858068,0.019178070912270487,0.006498972910497075,0.010529679248721632,0.0,0.01917615275496379,0.0,0.0,0.0,0.008596862077977432,0.0,-0.008293380569856474,-0.012167150991806402,-0.017564370763114144,-0.0033662309889891896,0.00904232430503939,0.0,-0.021387537083881657,0.0,0.007516880479416596,-0.010263721515012795,0.02264585361464882,0.0,0.019363141447548048,0.02196916660395697,0.029877689266577866,0.060940099488280566,0.02777246049881925,0.019305382710047215,0.03186892462710974,0.0143704090456444,0.03093869119905444,0.0,-3.7218340662803494e-11,0.0,0.0013881268888701669,0.0,0.0,0.0,-0.005588975113231749,0.0,0.0,0.0,-4.1548101763307885e-06,0.0,0.0,0.010900549687334438,-0.007500636787216184,0.01437843782500568,0.011727034831380281,0.0,0.00041890699307859443,0.0,-0.013411951090791534,0.0,0.0,0.0,-0.018471538131978778,0.0,0.0,-0.002043352517165908,-0.07574049398410886,0.0,0.0,-0.014035854415065782,-0.0020375031002388515,0.01859080285747569,0.014038417157134367,-0.022449332127272202,0.014335228247140291
2009-03-31,0.0,-0.011020068761022416,-0.001961873604128709,0.0,0.0,0.0,0.0,0.0,0.0,0.0,0.0,0.0,-0.017214540085414627,-0.04316428160898583,-0.008004388425193491,0.0,-0.0313287421688226,-0.0052646915395530075,0.012644377100659404,0.0,-0.018848640440267104,-0.04139121880112307,-0.0001881051180411822,-0.040251185508358496,-0.009691065179786231,0.0,0.0,0.0,0.001854570389982418,0.03254174963388282,1.0438608950566109e-10,0.0,0.0,0.019314220137762253,0.008256778914977028,0.0,0.0,0.012275174137356168,0.0,-0.016424818877726902,-0.03219070150756502,-0.008709443224481628,-0.002660450133939965,0.0037857641486466593,-0.011408493190911112,-0.03529814770989428,0.0,0.003141178733711238,-0.04907145492664922,0.018685304101392554,0.0,0.02020748902166726,0.024345269154734263,0.026269952222912812,0.05135290365323525,0.01749785890877494,0.02743856590673185,0.033958688070082496,0.02014595124958522,0.039931419924202335,0.0,0.006753108639795013,0.008278934769293726,0.004109835044783994,0.014805925333656458,0.0,0.0,-0.004911685558394719,0.0,-0.010841302272869627,0.0,-4.1077600315571826e-11,0.0,0.0,0.013084364172182733,0.0,0.014147644911215835,0.008343654032045816,-0.016494437935817705,0.005931531349823708,0.0,-0.009458725560321285,0.0,0.0,-0.006941482126311241,-0.006319037584229952,0.0,0.0,0.0,-0.007887239968045148,-0.009001120573226211,0.0,0.011235748693906979,-0.022140324863842924,0.022734127158686127,0.016927910379926584,-0.0219123327039987,0.0
2009-04-30,0.0,0.012028227918669773,-0.0008533389391460641,0.0011195019136877695,0.0,0.0,0.0,0.0045312986156360886,0.0,0.0,0.0,0.0,-0.004211083814583089,0.0,-0.01849099618695984,0.0,0.0028814006215614058,-0.040231653543716606,0.0,0.0,-0.006941527001128997,-0.0011350333473918966,-0.0026673873465386205,-0.01655013699304748,-0.004243839976075946,0.0,0.0,-0.00716670288880981,-0.007729705265274713,0.0775742404828544,-0.00829103146102557,-0.0014650152667570406,0.0,0.0057348730740897245,0.0,0.0,0.0,0.015154660105908897,0.0,-0.011737906135909498,-0.2,-0.010009957926566124,-0.029612799533320657,1.2256696586938236e-10,-0.021061265037895932,-0.0055390401201404395,0.0,0.0,-0.01399601960231208,0.016597538501218968,0.0,0.03612242690600623,0.0,0.03414347000312231,0.0552228440683252,0.029652861248710007,0.04361569243502251,0.03249677398136885,0.027342560664736153,0.029313559300542066,0.0,0.005472296289628735,0.004869763768959932,0.0,0.0,0.0011698688961371737,0.0,-0.003257518756748504,0.011280806367921897,0.006669357611195517,-0.00047829778699747904,0.004396465912349076,-0.0016163230477467749,0.0,0.0,0.0,0.008047877929223214,-0.003345006435115809,-0.05670370422499808,-0.0035103802855743333,-2.3354999844535452e-11,-0.011594107658164945,0.0,0.007409500409260142,0.00014415608233009963,0.0007486428513484488,0.0,0.0,0.011935013118515893,-0.003280825765733245,-0.0042793956289654605,0.0,0.0,0.0,0.011162351341715844,0.003161969457386815,0.0,0.0
2009-05-31,-6.483237929300376e-11,0.0,-0.00430175501978713,0.0,-0.010384256945371572,0.0,0.0,0.008134659284989515,0.0,0.0,0.0,0.0,-0.002495663057762608,-9.931257149462155e-05,-0.07468197603457331,0.0,-0.002430113898977722,-0.061165469179763135,0.0005683197272841522,0.0,-0.014342280784743491,-0.002545774828201544,-0.022061781399834123,-0.030714658627586666,0.0,0.0,0.0,-0.008401483061302416,-0.003091135868241414,0.032793500810393145,0.012598461621087487,-0.0007211386913548804,0.0,0.015225865852098164,-0.0004823720619031759,0.0,0.0,-0.03028233013684532,0.0,-0.005363290379780841,0.0,-0.0008806716687293426,-0.10063230248335692,0.0,0.0,0.0,0.0,0.01063128044031422,0.0,0.009401934300635259,0.0,0.006711414118326174,0.0,0.058479138286620075,0.030398890285249995,0.020412545871012464,0.03863849739869629,0.040464290482256984,0.05000797104676159,0.06913003464228126,0.0,0.0,0.0005958048081940513,0.007862312139049806,-0.004396467234890878,-0.007256330131486344,0.0,-0.03146507840465605,1.6336189996776353e-10,0.00281238855045174,-0.042832621312491645,0.0,0.0,-0.002652372761877249,0.004254788721817438,0.0,0.006643024997506058,0.001309451647375669,0.0,0.0035455729870152507,0.009352360432330882,-0.010974196446590895,0.0,0.00923629404029923,2.5653551348627598e-05,0.013676291703950726,0.0,0.0,0.009684725138576652,-0.0010501931916441665,-0.011512139624257692,0.0,-0.000752341440583358,0.0,0.0,-0.012030492687079085,0.009678083849062557,0.01772644310165257
2009-06-30,-0.013456130413706932,-0.012954347798539743,-0.058121300876260766,-0.033129144737961295,0.0,0.0,-0.016963745534302802,0.0,-0.03470760956272754,0.0,0.0,0.0,-0.0038463743010091916,-0.008374943901024912,0.0,0.0,0.0,0.0048209630228490865,0.0,0.0,0.0,0.00617028014016483,0.002075235842311424,0.0,-0.010597841970092257,0.0,-0.0010935153535514951,-0.003197810893627257,0.0,0.10616677563495802,0.029679647034689182,0.01960220759772595,0.0,0.018059430058407617,-0.008234981693826087,0.0,0.0,-9.276703211866507e-11,0.0,-0.02215799285144995,-0.003055712225879043,-0.011631615814816398,-0.0060324663859977826,-0.0036456097461191653,0.0,-0.001303302235411049,0.0,0.0,0.0,0.015796304335676394,0.0,0.00489037571119138,0.012083794060644032,0.024321655118679536,0.011049923311287593,0.011179604833652946,0.02686552876278044,0.010205033983585217,0.019730146466696557,0.022249753267977165,0.0,0.003368735297252002,-0.0025318006685909967,8.457722001807192e-11,0.0019124561940951548,0.0,0.0,0.0,0.01171548795811835,-0.009088003459819803,-0.011910459255694398,0.013544583317276596,0.004257926428822939,-0.036211541863222965,-0.0035234703878124383,-0.07456144004780779,0.027758629063129335,0.0,0.0022795593142287854,0.0,0.01001757187692057,-0.0032518641720062683,0.0,0.004210812586102172,0.0,0.0,0.0,0.0,0.0,0.018747731032763733,0.0,0.0,-0.017026618764060045,-0.012059852913622968,-0.03621458819892189,-0.04111591387936976,0.028814660603989933,0.028425187059445724
2009-07-31,-0.02248566291565238,-0.07675102657051029,-0.02875725990807555,-0.022099053835148083,0.00360439043637702,0.0,-0.029573598211723146,0.0,-0.014982404902937656,0.0,0.0,0.0,-0.004497045625178268,-0.0011012131274239685,0.0,0.0,0.0,0.015376052419925687,-0.024724118062012697,0.04312189409359217,-0.010603615262374941,-0.0023202022516234434,-1.5057300543759105e-10,0.0,-0.02624278932867042,0.0,-0.012837653218913092,-0.01330980325363965,0.0,-0.022745915973608075,0.01066530760374887,0.0,0.0,0.0,-0.015706782789228418,0.0,0.0,-0.008995912129495067,0.0,0.0,0.0,0.0,0.0,0.0,-0.01035091250082229,-0.0046581260701206275,0.0,-0.011120070158233082,-0.00037548341132508827,0.012394209775225798,0.0,0.011009514800532121,0.024739199588558542,0.013819770314264854,0.002292474421589544,0.014384329432309155,0.017503933472067208,0.0014404580958241693,0.01890673256982226,0.02331748315597286,0.0,0.0027804159018574004,-0.0013671040793509746,0.007025793259783,0.0022361409871543944,0.01613317715629647,0.0,0.024126717991601872,0.040700556426257174,0.0,-0.013250165494434354,0.027918398274211748,0.005925211745933924,-0.013579533677811216,-0.021574217306432313,-0.010845867736696917,0.023162793946397232,0.0,0.016248044559948153,0.0,0.0,9.200868235307534e-11,0.0,0.00043645442094326903,0.0,-0.014874128945329756,0.0,0.0,0.009136297928290401,0.0,0.0,0.0,0.010541375268499109,-0.017126580446091017,-0.04314375265656437,0.0,0.013568210585840665,0.08748466127516635
2009-08-31,-0.08081886347769136,-0.06492853302203701,-0.032200337052021244,-0.02884806971483994,0.0029326009024583915,0.0,-0.02891261999858154,-0.0006832722052712423,-0.007816483187208628,0.0,0.0,0.0,0.0,0.0,0.0,0.0,0.0,0.011697658338934797,-0.029053121067615664,0.02261427875738966,-0.01300217741349568,-0.006868926526865224,-0.005985557235946426,0.0,-0.009103602976367973,0.0,0.0,-0.003853947223740914,0.0037466286705159593,-0.01861137298753733,0.02769224634247824,0.006222306799206066,0.0,0.010647569824070422,-0.015164095632618613,0.0,0.0,-0.004152149991859231,0.0,-0.007080014660693473,0.0,0.0,0.0,0.00378314831673621,0.0,-1.3247047035121803e-10,0.0,-0.018620777894774995,-0.00015075246984598523,0.0,0.0,0.0,0.012390378546459321,0.006109174640861276,-0.012701707917605522,0.0,0.0028177361785909046,-0.010919960930175887,0.0,0.0067532559848895455,0.0,0.0,-0.0026901668622169818,0.016485619049465727,0.0,0.0002135671326923521,0.0,0.022950897517863725,0.015451174508608546,0.043374726458480055,0.01679768170398316,0.012692975904783606,0.011293855887422578,0.0,-0.013156527910156738,-0.0007312091154992117,0.017562966296634886,0.031401083491847025,0.01580655906642658,0.0,0.0,4.2109948901870336e-11,0.0,0.010000742683251053,0.01593276772178614,-0.001430865535045498,0.0,0.0,0.04892687990555055,-0.001614603500401573,0.0,0.0,0.02032212451456589,-0.02006071889097601,-0.04453312267622249,-0.016306441790217157,0.007653255540984171,0.07572613927095326
2009-09-30,-0.1087002557220606,-0.02050099570751974,-0.024613253532253132,-0.0023330525255621268,0.0033470144558622314,0.0,-0.016450215404980702,0.0,-0.003168784360521136,0.0,0.0,0.0,0.0,0.0,0.00609693590888678,0.0,-0.0031910290633290063,0.04382104505889101,-0.01804067560729901,0.005644191099182801,0.0,0.0,-9.003971125046977e-11,0.005866654645442175,0.0,0.0,0.0,0.0,0.0,-0.013741008750593673,0.010851340047814819,0.0,0.0,0.0015446630101235757,-0.01763156755323795,0.0,0.0,-0.0009167398872019861,0.0,0.01029737085688047,0.0,-0.005915146779319096,0.0,0.01443527781183861,0.0012203554263999902,0.0,0.0,-0.014253887834813156,0.0012508479504118105,-0.012496349232062902,0.0,-0.003449582648632671,0.0,0.004146327117510445,-0.04865031268880958,-0.008723655262973095,3.8798776746546286e-11,-0.027082504898942098,0.0,0.0,0.0,-0.003378369975709595,-0.009156571211724591,0.0020164907547101036,-0.0026657825172465626,7.48356938210047e-05,0.0,0.02837036654465072,0.006598985406520953,0.02293383819708679,0.010594511398290103,0.004327788292337349,0.008230561689468814,0.0,-0.01034467092406041,-0.012100843838488574,-0.028570109611008056,0.01809568998821444,0.015609278882165043,-0.007382295261925453,-0.0009735078153469304,0.019347558355267698,0.0,0.0020991427045692545,0.008234179618778583,0.0,0.0,0.0,0.03454108703117073,-0.0035711987800303904,0.0,0.0,0.03077749821144475,0.0,-0.04747849564241951,-0.024519136871888506,0.01228127628660958,0.16734488751685067
2009-10-31,-0.0743637918405492,-0.01617558523465811,-0.028003442704061098,-0.009204061580162685,0.009921118548016755,0.0,0.0,-0.0017000479872211248,-0.006545455466621252,0.0,0.0,0.0,0.0,0.0,0.0010912895182981996,0.0,-0.010320489775009422,1.5385705842332125e-11,-0.02771602839484183,0.001234524949214945,0.005283742223122418,0.052772841510346266,0.06754963064016643,0.004837929770295356,0.0,0.0,0.0,0.02655392144631803,-0.007293842727672295,-0.03700362061052689,0.0,-0.0026063310646492225,0.0,-0.008395527597016181,-0.08876484520903727,0.0,0.0,-0.011068526343653873,0.0,0.006669304283303427,0.010074770634807752,-0.01512522670917107,0.0,0.021230015136727863,0.0,0.0,0.0,0.0,0.007460151111231545,-0.01336068108584324,0.0,-0.007744452613436378,0.014251466528440757,0.005163831571040835,-0.026046375756175605,-0.009175756521088423,0.0017246306698260093,-0.026257612703335275,-5.680657252469093e-11,0.0,0.0,-0.00802241755196396,-0.009340331104036896,0.007849078531964307,-0.016891860702424915,0.0024609924645886583,0.0,0.020634588051546325,0.007793572251750236,0.01363721437566474,0.003034293596757195,0.0038323341584204818,0.0,0.008279595161498343,0.0,-0.010415660007688312,0.0,0.0,0.0,-0.0045455726745358555,-0.0068632404369860225,0.010002559362622666,0.0,0.0,0.0,0.0009674545411709419,0.0,0.0,0.024977028370721542,-0.008851276525650301,-0.007884813128756314,0.0,0.07530752473192999,-0.0003131258864204096,0.0,0.0,0.005704037635452072,0.07970055820937018
2009-11-30,-0.01946801962588434,0.0,0.0,0.0,1.0558558646126735e-11,0.0,0.0,0.014818436276352464,0.008073803428293627,0.0,0.0,0.0,-0.0033953281272498027,0.0,-5.54645561040387e-11,0.0,-0.01738737544332662,0.0,0.0,0.0,0.01066410412503684,0.028525136017981637,0.02054385241418497,0.024094096146430752,0.005958412866231371,0.0,0.008034805889823818,0.0,0.0,-0.04947160218960454,0.0004246481195768583,0.0,0.0,0.0,-0.03605458721055146,0.0,0.0,0.0,0.0,0.07056024444237238,0.01273009618673321,-0.018765671131062433,-0.007388317884092199,0.010887081764341862,-0.003959494288202755,0.0005027581352272791,0.0,-0.006772827976033516,0.00306538775938396,-0.027390701411101937,0.0,-0.02933229391429729,0.0,-0.007010181112636979,-0.02643403467989081,-0.02465135060028979,-0.010697500553379063,-0.03847786312053157,-0.018139925988785496,-0.002179325464211442,0.0,-0.012517139787291107,-0.000764085773086896,0.0,-0.00353829537783068,0.0,0.0,0.056827672562588964,0.02617615926058662,0.05791779017600119,0.00341503521125505,0.008927638584999913,0.0,0.005504276414138914,0.008319571194961992,0.0,-0.02090072209078765,0.0002635008197648752,-0.012163114109944499,-0.006705392665619762,-0.009279849696842604,0.003552388419140591,0.0,0.0,0.021791084846509916,0.005506234593443835,0.0,0.0,0.02653414122101682,-0.020819718178328124,-0.016035834549873042,0.0,0.0,0.0021964810531527297,-0.02582343379645525,-0.02447601319734376,0.010900326094126535,0.04328483596578252
2009-12-31,-0.006932701187282085,-6.826471151157637e-11,0.0,0.0,0.0,0.0,0.0,0.006112308505732219,0.004495673082341623,0.0,0.0,0.0,-0.0047198295355865985,0.0,0.0,0.0,-0.018367437279767113,0.0,0.018188113060628463,0.0,0.0404183923491797,0.016995323463576018,0.004601810162701686,0.05371529587922568,0.03747602263387025,0.0,0.0063556943527902,0.0,0.0,-0.05722807415847401,0.0204260476702239,0.006364823651545592,0.0,0.0002056995541203659,-0.040239953714183124,0.0,0.0,-0.021955761673637643,0.0,0.034669031310768594,0.0039210163996149456,-0.011930473648249373,-0.0010528042360886788,0.00766666096638977,0.0,0.0,0.0,-0.006492237838522343,1.1744813866910132e-11,-0.020867437084011266,0.0,-0.0290259849136494,0.0,-0.009235914866250701,-0.023804623044776877,-0.026590646697897125,-0.021263205932979926,-0.031087249349432276,-0.015619136028122154,-0.01681238860793632,0.0,-0.012709099862525601,0.0,0.0,0.015115487062580873,0.0,0.0,0.034019789620787465,0.015777663416594603,0.06754408646534428,0.007110930822794718,0.0,0.016889816627608408,0.00032287086753719584,0.02452421242792032,0.006324120682751365,-0.025089196079539213,-0.0017024957398823798,-0.008450756857396062,0.0,-0.005559499450179318,0.0,0.0,-0.0004722334460430134,0.0027251518091361074,0.003878008323550229,0.0,0.0,0.011122827408426019,-0.01724744162959351,-0.013742413919911713,0.0,-0.0018589450912447503,0.0,-0.025700152713379044,-0.024241905345193708,0.007025062705057162,0.02600805870545733
2010-01-31,-0.026891125518484903,-0.0013191969100106568,-7.448799221638206e-11,0.0,0.0010923328976570473,0.0,0.0,0.0,0.0036010141619119947,0.0,0.0,0.0,-0.002985335150352605,0.0017447893623074226,0.0,0.0,0.0,0.0,0.0,1.4759451445300045e-11,0.020871498722218954,0.011246638820727128,0.008168443577697256,0.015225238481185628,0.11009163925756274,0.0,0.004279568144088028,0.0,0.0010198462872907904,-0.04128396952598193,0.00931119645184947,0.0066270182149866285,0.0,0.0573993823134284,-0.04226135275664816,0.0,0.0,-0.016199533071457717,0.0,0.027675108764489986,0.00720532507057518,0.002838761713963877,0.0,0.023968949392490984,0.0,0.001309410015986261,0.0,-0.03169541831186649,0.0039053320860460926,-0.02309727738725409,0.0,-0.022420473457853425,0.0,-0.0046372738835795116,-0.017631555691684953,-0.01801534482022434,-0.015210674575504667,-0.024420170249360308,-0.016939840477277198,-0.007352928197758671,0.0,-0.009944695719345975,-0.0018563433910057084,-0.017321454509796018,0.08081235177965361,0.003557169616610553,0.0,0.0031602831098024543,0.0009023693143816312,0.01958519494696496,0.0019060478712739082,0.0,0.005550582767837547,0.0,0.0,0.0017126163993013725,-0.02142280455568768,-0.01380089779579658,-0.017886852840482453,-0.011942623597152374,-0.01750344191122225,0.0,0.0,-0.008969176692800182,0.0,0.0,0.0,0.0,0.060539812462223036,-0.01853985543422075,0.0,0.0,0.0,-0.0023499996696281045,-0.02301046390722787,-0.023089919915846444,0.0,0.00469207798072764
2010-02-28,-0.021228932002838,0.000342719418826765,0.0,0.0012584658065296116,0.005908851314527997,0.0,-0.0007960662429505003,-0.0007773344002218018,0.002899606804578611,0.0,0.0,0.0,-0.0031109885974751777,-0.00026828798452299105,-0.023760147919691953,0.0,-0.04077862020129122,-0.016737916098070005,0.0010867714541297742,0.03718894337397898,0.0,0.014217267598771911,-0.006320949655248679,0.0,0.016929975623889367,0.0,0.013601976789967147,0.0,0.0022904380477929785,-0.028140685406126117,0.11571520688747305,0.017802821061557735,0.0,0.050219353737684616,-0.030135843175420327,0.0,0.0,0.0,0.0,0.007990803860792968,0.03091634525355505,0.0,0.0,0.006125155195733362,0.012008790629221644,0.03591139958916995,0.0,0.0019349355803781208,0.020207319938064152,-0.018576517026662426,0.0,-0.025792762055958287,0.0,-0.024546311815883928,-0.0161298978852291,-0.03614560114649242,-0.023824713865121142,-0.03780408171645178,-0.02321568377304482,-1.3712945956303948e-10,0.0,-0.01807067075381332,-0.003481691163107286,-0.013790057453241364,0.0,0.025529763432337513,0.0,0.0,0.0,0.0226832580442064,4.0328021138326945e-11,0.0,0.003617986948335058,0.0,0.0,0.0015263120343360984,-0.01579725451311552,-0.008343424564429727,0.0,0.0022306090775327287,0.0,0.0,0.0,0.0,0.0024992776322869674,0.01172658613235377,0.0,0.0,0.008477729713822772,-0.018797836415463162,-0.009816685798655333,0.0,0.027151328977836873,0.0,-0.009571379597263549,-0.012600731309210852,-0.011638927325869759,0.0
2010-03-31,-0.0344177904899925,0.0,0.000668696967318704,0.0,0.005130593879461542,0.0,0.0,0.0,0.004288607232068048,0.0,0.0,0.0,0.0,0.0,-0.03479454077305239,0.0,-0.03161328095677568,-0.017243274706216394,0.0,0.0,0.0,0.0026072447311117114,-0.014798260020164693,-0.00018679341036375696,0.01038143514931938,0.0,0.0044309028732629615,0.0,0.0,-0.022484555777051735,0.050221558241552035,0.00957385300193563,0.0,0.045198745799537456,-0.015345183835606862,0.0,0.0,0.035669541781594906,0.0,0.0007579259844008624,0.016073651120351817,0.001014328481731355,0.001240708300455241,0.0028511383412290164,0.0033181236841076096,0.13804772956915573,0.0,0.0015282864715355107,0.012764536150162506,-0.008185125054069181,0.0,-0.01629695669974852,0.006653668419913715,0.0,-0.014409711105082707,-0.023729959958436294,-0.02452026788804743,-0.04761662609650977,-0.02839385563606439,0.0,0.0,0.0,0.00018952900474723618,-0.009940146314250371,0.0,0.08487129555666746,0.0,0.0,0.0,0.01711133557957178,0.0013109836739266126,1.836301407220159e-11,0.0028282776380109957,-0.010770847972540609,-0.002376734724635833,0.00027251980512991276,-0.028790263453492934,-0.013503718378112548,-0.0009801584276732812,0.0019783489769868374,-0.009912173323726124,-0.011968123798756666,0.0,-1.0928411963119097e-10,-0.0036957022476122605,0.03449415697514469,0.0,0.0,0.0,-0.001500819216122057,0.0,0.0,0.00452227659124564,0.0,-0.021760245083289484,-0.02138161229072808,-0.01774668950456163,-0.011636582748031664
2010-04-30,-0.03555639854091374,0.0,4.146680162357829e-11,0.006904068307873212,0.0038225254547994973,0.0,0.0,-0.01600732829026764,0.005807335516309197,0.0,0.0,0.0,-0.0020122587559209,0.0,-0.0235364870391757,0.0,-0.030091490034878272,-0.012275073292432184,0.008429238454509148,0.0,0.0,0.0002454789434045415,-0.009219956948247204,-0.005862126993402709,0.025234851093502684,0.0,0.021241726387589432,0.001220099597349278,0.0028569102982416617,-0.01669003749108232,0.06540912795167864,0.015956751250174248,0.0,0.06674873179815545,-0.004840001742649318,0.0,0.0,0.012338626036911137,0.0,0.008020522538832613,0.03565522315095256,0.0,0.0,0.004569573155488815,0.0,-0.01858864529976622,0.0,0.0,0.0,0.0,0.0,-0.03177067330874985,0.018414382974628107,-0.004443753525840291,0.0,-0.04156098370618603,-0.0300164680996372,-0.018115449865012977,-0.016282091056085912,0.0033677887826781884,0.0,0.0,0.0016948137411602168,-0.018976091618842332,0.00216406847992878,0.08401269098944504,0.0,0.0,-0.00039598436306702083,0.008814936077252316,0.0014431456126123145,0.0,0.006716063655560349,-0.0024520441925237374,0.0,0.010839051201503054,-0.018761865437706905,-0.014513649356655448,0.00850825154968173,0.02436343396360306,0.01299991429291909,-1.5912846681193643e-10,0.0,-0.010590117403737559,-0.023347353751318873,0.03220066870178876,0.0,0.0,0.0,0.0,0.0,0.0,-0.007265186412114371,0.0,-0.02349351833578322,-0.027682866525233614,-0.02524519391909976,-0.010406904534540266
2010-05-31,-0.04217826019055983,0.0003972141474725496,0.0,0.0,0.007120657065777617,0.0,-0.004928872825263399,-0.025145345069625222,1.5742058262173045e-11,0.0,0.0,0.0,0.0,0.011216524879204676,-0.014457529473460571,0.0,0.0009725214747081694,-0.006544493360550756,0.0,0.0,0.0,-0.0231689631345115,-0.037519642199659434,5.846817113284992e-06,0.015228118237325911,0.0,0.018245879931111837,0.0,0.005553626251037205,0.0,0.02446641471281362,0.03693324878738354,0.0,0.04481849408290691,-0.010512090887381111,0.0,0.0,0.0,0.0,0.0,0.01731889541894286,0.005925465823719757,0.0,0.002531410958161858,0.0,-0.006005836822252187,0.0,0.0,-0.0006124321869422333,0.0020799933762865775,0.0,-0.01531186393938023,0.003911318569741206,0.0,0.002823267770456109,-0.029949398811655786,-1.4319140372521293e-10,-0.0023835362656350174,0.0,0.05442237258048037,0.0,1.1646483731790343e-05,0.026650361415322062,-0.003039640571445402,0.002733846452595942,0.0025036931242352943,0.0,-0.007266860913958611,-0.012152218409942541,0.0,0.0,-0.003870180528694798,0.0007760663723827678,-0.00562134784320979,0.0,0.0,-0.020528339364311195,-0.03619533475152304,0.0,0.008998701232221644,0.0006207403908447677,-0.02004461356260232,0.0,-0.005406347975748967,-0.024559292918322446,0.19568467641900114,0.0,0.0,0.0028588544553808147,0.005016518670979846,-0.021650720866683276,0.0,-0.028319947879981718,0.00017362408291774652,-0.010908007148036485,-0.00998343200311572,-0.0461893434415036,-0.025546106510851357
2010-06-30,-0.014085982634810972,0.0012430538582966957,0.004582679791768085,0.008459806931030487,0.0006217938746279756,0.0,-0.006160902760743164,-0.006458492701796177,-3.981041008260331e-05,0.0,0.0,0.0,0.0,0.0,-0.007942440386225914,0.0,0.0,-0.022411772984704707,0.0,0.0,-0.00022761612582134841,-0.013069558226476279,-0.022360811324199814,-0.004328040696495017,0.0013060629840802012,0.0,0.01583236561094081,0.0010332696036330917,0.015119768576409905,0.0,0.012268472943327538,0.028408678721725585,0.0,0.1045974912140045,0.0,0.0,0.0,0.0,0.0,0.0,-0.004513534489112163,-0.004186167752821653,-0.006327015276591379,8.142771825463004e-11,-0.003167495872732725,-0.0037715642546093464,0.0,0.0,-0.005284236009726018,0.01991750910722302,0.0,-0.011581878267466997,0.021907421927137464,0.011573361843497897,0.006893300214207405,-0.020164519997389784,0.0,-0.05336052847639797,0.0,0.06133646984477204,0.0,0.001620166675278302,0.01205929146673147,-0.014942270009354058,0.029292499280016964,0.01825008770271485,0.0,0.0,0.0,0.004889392866173451,0.0,0.0,0.005181220923596579,-0.00928290927373344,0.0,0.02189871182209201,-0.00721725829386709,-0.0008873969438202967,0.0017662607737232853,0.041542757594647255,0.028706054622794214,-0.007544301963346255,0.0,-0.0014897514258862298,-0.009026963701215491,0.0,0.0,0.0,0.011871205624633393,0.004648864291254337,0.0,0.0,-0.04853714207588347,0.0031719792282334527,-1.270056783742672e-10,0.0,-0.022070892063630696,-0.16955874547405322
2010-07-31,-0.02276863963820563,-0.0019364993668967182,0.0,0.003563339927925803,0.0,0.0,-0.0018349029556035824,-0.033534426379232554,-0.008064266319906343,0.0,0.0,0.0,9.603007811085845e-06,0.0,-0.004518071849973232,0.0,0.0,-0.026000098506862378,0.0002631286720023309,0.014881851578023922,-0.002000977375370857,-0.028135884894966937,-0.045033340087416995,-0.009705114536440507,0.0,0.0,0.008920676243641412,0.0131342417560911,0.019084136460104276,5.145174075331371e-11,0.010376105551389401,0.02378385004938106,0.0,0.060202958127442814,0.0,0.0,0.0,-0.008546714491306591,0.0,0.0,-0.005449448172187233,0.0,-0.005184269112721269,0.0,0.0,-0.007680948484130272,0.0,0.007646341685485444,-0.005238801452358656,0.01911177997023262,0.0,0.0036266980872654343,0.01905287921316864,0.023007575949021905,0.0026723329130352433,-8.988357924292043e-11,0.011762131749453016,0.0029117423283229397,0.002804533373417926,0.06218413741872013,0.0,0.007491064777606298,0.011157942873387845,-0.003993944495718106,0.018969215179806966,0.039657065000043935,0.0,-0.032880516352726194,-0.019906529683100596,0.005248828285401176,0.0,-0.004777148933849462,-0.0020596901015233434,-0.03056982876457147,0.0,0.06172635666837145,0.0,0.0,0.0,0.021886914323884316,0.016487112804612705,-0.025153337499865362,0.0,0.0,-0.011360414347124627,0.0,0.0,0.0,-0.0043697613796748564,0.008375455973497177,-0.029281303518871097,0.0,-0.029510277695808704,0.0,0.0,0.0,-0.023290996721038584,-0.06721384679266429
2010-08-31,-0.024728172490967735,0.0,0.00207498541947282,0.030846077134314025,-0.00043812322266333233,0.0,-0.012488043775085476,-0.05840061302730355,0.0,0.0,0.0,0.0,0.013125645909147351,0.0,-0.0028809938609027177,0.005895732330794708,0.0,-0.024761881953248667,0.002615518842385975,0.02469829178951891,0.0,-0.005126084550293645,-0.008969505656281174,-0.011066626921544155,0.0,0.0,0.013998752495655433,0.014422479701618862,0.017906542234034435,0.018842308934332364,0.017468837249788798,0.03537130001391068,0.0,0.06256530671097163,0.01581207004094874,0.0,0.0,0.011513048624014642,0.0,0.0,0.0,0.0035440125549988026,0.0,0.003009879863699696,0.002964944479157212,0.0,0.0,0.02411240741397209,-0.009526440941062982,0.0,0.0,-0.013353716865362417,0.01814488280961042,0.019302254432453234,-0.06195956337956179,-0.043297180590444476,-0.013868802328730686,-0.009964090450446847,-0.02943862034531321,0.049474851854244294,0.0,-0.014332158585216208,-0.07947586397965713,-0.032843383531687476,0.016678152862974804,8.638859270540693e-11,0.0,-0.002090028275526375,-1.1832207649719068e-10,0.0,0.0,0.0,0.0,-0.0029916397844304376,0.0,0.008525069398560603,-0.004479649658324854,-0.011476019789721108,0.0,0.035801568735603174,0.02062134698480275,-0.007519257055292159,0.0,0.0013632096858737972,-0.005231938704018696,0.0,0.0,0.0,0.0,0.008932122116924726,-0.0014450612410039582,0.0,0.0,0.00036839928982635844,-0.001749051933499595,0.0,-0.002095710603979995,-0.004001776380107122
2010-09-30,-0.014282980528259898,0.0,0.0037236220599761688,-0.011705326277745839,-0.014349646805930281,0.0,-0.04054883044886562,-0.09510271661943281,-0.0014360464747717465,0.0,0.0,0.0,-0.01669726071524086,-0.010720926878048471,-0.0038460868117731932,0.007112341258915452,0.0,-0.03381897720925837,-0.0015092329444686896,0.05546079409797848,-1.103142862962791e-10,-0.0021695533476446182,-0.013239859367217936,-0.020518396188890155,-0.008127744832542085,0.0,0.0,0.01436648073995088,0.10572132609809387,0.00029333507862314763,0.023345422669758743,0.02774218289393039,0.0,0.029045025134387722,-0.02467436975505606,0.0,0.0,0.0058589069417690895,0.0,-0.01029793452433935,0.0,0.0,0.0,0.0031538729755671256,0.0,0.0,0.0,0.027765821891805837,-0.02143201875328719,0.015235995688267527,0.0,0.010914511260121001,0.024992441433441114,0.012522853483563573,0.003177510396293259,-0.010880545072601791,0.006426237291854487,0.0003792235562056144,0.01510208810952558,0.042862796181529016,0.0,0.0034127900260918524,0.0,0.0,0.010471030719027915,0.010412368398893401,0.0,0.0,0.0,0.0,0.0,0.0,0.0,-0.020097254457287283,-0.0136690951679425,0.012131030057677173,-0.023611728732758113,-0.015309437205410436,0.0,0.009648678025709602,0.0,-0.017804903786231237,0.0,0.006270721391035429,0.0,0.0,0.0,0.0,-0.002915479756579732,0.011351088989812892,0.0,0.0,0.001099503086469388,6.372430192493973e-11,-0.01786001259296585,-0.014695448910316941,-0.0048954559562764096,-0.0137827297685422
2010-10-31,-0.022241042770930714,0.0,0.0011562158319538697,-0.00025741670345892957,-0.0032952522356162854,0.0,-0.016088771595251884,-0.05635785071210084,-0.008476213861041899,0.0,0.0,0.0,-0.005791994412066458,0.0,-1.9765743430343332e-10,0.006933813797814016,0.0,-0.026868848238882838,-0.0254641691082146,0.055033213471157555,0.0,-0.030419885576904806,-0.01975851901447979,-0.009437848699867682,-0.026357397339590263,0.0,0.0,0.02578981144435486,0.10442320297402037,-0.028762724137789956,0.01574421711940643,0.017690764056829573,0.0,0.013565818654157883,-0.01534312857021937,0.0,0.0,0.0,0.0,-0.009932656326982633,0.0,-0.012023939571164313,0.0,0.001899088710508601,-0.012400964202602454,0.0,0.0,0.011266648517520498,-0.03182523926546379,0.01360925497161789,0.0,0.005126294157582189,0.021283661446630003,0.014378464986881962,0.0,4.945140664093307e-11,0.007998327405712696,0.003249927467882582,0.037703794122214085,0.045906070055057965,0.0,0.0030840830116943756,0.0067342368759783855,0.00920750401516478,0.01229270414897493,0.00588700788485797,0.0,0.001996550629391,0.005533006066936243,0.0,0.0,0.0,0.0,-0.013103793757377344,0.0,0.02692475536847287,-0.020579561550547954,-0.023962885940878687,-0.0011760527695334553,0.001979900859660517,0.0,-0.030662097178067897,0.0,0.003598806687754596,0.0,-0.0029819694309051103,0.0,0.0,0.0,0.02000285521035979,0.0,0.0,-0.001990515026178152,0.0,-0.0325679637615354,-0.009854853635514712,-0.0020164444091743923,0.0
2010-11-30,-1.2901051120930923e-10,0.0,0.0025078486632278693,-0.00908688429372533,-0.012426126813453413,0.0,-0.023258026507727805,-0.05365582492635598,-0.015709357652115605,0.0,0.0,0.0,-0.026401597851555145,0.0,0.0,0.0,0.0,-0.038407273762047056,-0.010549684631329827,0.06089165547789395,0.0,-0.03338521101594547,-0.01056865204854779,-0.009153020860171553,-0.009784181726202617,0.0,0.0,0.007473086239092996,0.053027214729385645,-0.006456330645575583,0.010601837407254686,0.009910775027594527,0.0,0.00831071968700426,-0.00780517373367072,0.0,0.0,0.001245539239354695,0.0,0.0,-0.005599200474753485,-0.013605528425245815,0.0,0.004924045733946834,-0.004051554548713496,0.0,0.0,0.00584951995735688,-0.01595687203176526,0.0027644492078372244,0.0,0.018105595103087298,0.03660194816643026,0.006986575064005292,0.0,-0.012722958993799537,0.015670461896927373,0.006378265814320265,0.0379298465869299,0.00039002398135750955,0.0,0.014332300013242752,0.020527612226990094,0.01065930627143293,0.014840990738583613,0.1124372760472455,0.0,0.00022645030665956965,0.003165331949805502,0.0,0.0,0.0,0.0,-0.01281698479344942,-0.004681813345132009,0.0067827942732176984,-0.024469114762452764,-0.039129564768656644,-0.01983133690328427,0.0,0.0,-0.030395052154997045,0.0,0.014377164521942805,0.004998747070700424,-0.0019996503099207496,0.0,0.0,0.0,0.008082618563913154,0.0,0.0,0.0,3.325846229019263e-11,-0.030730925743004834,-0.009072519701741132,0.0,-0.00828957644564916
2010-12-31,0.0004563749275183075,0.0,0.005128688963686473,-0.013894733328999048,-0.00046486071195352667,0.0,0.0,-0.012510828743506645,0.0,0.0,0.0,0.0,-0.018923181213434087,0.0,-0.0013532096981946045,0.0,-0.019739904578435052,-0.03830519213529663,-0.023558989576062284,0.0,-9.381235099007853e-11,-0.03364114040502873,-0.01932174149247919,-0.017833249294381324,-0.0087178264760415,0.0,0.0,-0.012832448490119934,0.014832737320590164,0.0,0.02347644237447315,0.00333032686460736,0.0,3.458758686905969e-11,-0.009604941277606449,0.0,0.0,0.03834047870336271,0.0,0.022587091640097815,0.0,0.007992636575706962,0.03892332389584994,0.0061607903661080295,0.02319415947867496,0.0060794375684711886,0.0,0.023306651109324745,0.0,0.0038163610496835935,0.0,0.03879980371558449,0.03337406145909135,0.0,0.005006373276975675,-0.006377925752497317,0.003015494742487808,0.0,0.03190751178246421,0.0,0.0,0.02219926392259319,0.0028960589243706737,0.014588816483652735,0.029841634789432237,0.022526177377944608,0.0,0.0007102694079671435,0.0,0.0,0.0,-0.004435549306916089,-0.008797796275020902,-0.01618987667641586,-0.008507111130656119,-0.026447432621287455,-0.05340346010748865,-0.02806279805900251,-0.025169881256151536,-0.005526513894491801,-0.012519271873903772,-0.03675069954782715,0.0,0.0037607621994714827,0.0,0.0,0.0,0.0,0.0,0.038655356510298486,-0.002404993864161939,0.0,0.0,-0.006004870029157204,-0.02869957208967032,0.006071946204462952,0.029020968330459987,0.0
2011-01-31,0.007542760756316579,0.0,0.0,-0.05274471777607261,-0.0023798904649455664,0.0,0.0,-0.016760569895186327,3.0860771079342786e-11,0.0,0.0,0.0,-0.03721072422209383,0.0,-0.004361854473880108,-0.004932399697927398,-0.02388992028912189,-0.02750954604846344,-0.009849184468734364,0.0,-0.007702282150911497,-0.04343858429364743,-0.015903176235874672,-0.018294117455201004,-0.00023636332441194773,0.0,0.0,-0.004006947099973462,0.007794645603179377,-0.011514504268972735,0.0032523304221019193,0.0,0.0,0.0,-0.005935591720391553,0.0,0.0,0.05524098182938481,0.0,0.005555799994437484,0.0,0.014517497435366568,0.015155770297067541,4.713592146025421e-05,0.0913698217133869,0.006123497467244738,0.0,4.984411632392768e-06,-0.0052593563518241356,0.0,0.0,0.0,0.010011341060116601,0.0,-1.0101284520306915e-10,-0.02055972231762396,0.004400957042283658,0.0,0.026495221984278026,-0.004101239577767875,0.0,0.019848853332732987,0.0027494166144104762,0.0071068416580606425,0.025040570759655868,0.05250513866080037,0.0,0.014735325307192994,0.002060124099546591,0.0050512179867902764,0.0026860568256046376,0.0,0.0,-0.002655080823366616,0.0,0.0,-0.02161789058870546,0.0,-0.013424273161014045,-0.011973999480757315,-0.01525084320353678,-0.02092243284601216,0.0,0.011167996703136843,0.011881231206274078,0.0,0.0,0.02209039435057916,0.00606079074183694,0.021596613565105355,0.0,0.0,0.0,-0.014026310736085752,-0.05242717799392095,-0.031111298932562266,0.04790668221915518,0.0
2011-02-28,0.012326750124270633,0.0,0.0007246393875621004,-0.026793324810159815,-0.004586914158100041,0.0,0.025259532088648624,0.0,0.00013526479863371234,0.0,0.0,0.0,-0.018130165257616418,0.0,0.0037643365581350907,0.0,-0.011055502652615859,-0.02441908229106385,-0.0005910530160720909,0.0,0.0,-0.012496910430435451,-9.773762580083465e-11,-0.013114414669300306,0.03585003417465898,0.0,0.011888129130637623,-0.010774980123146448,0.06922684842258926,0.0,0.01957503230988395,0.0038370086970191,0.0,0.0,0.000769812295865196,0.0,0.0,0.024537036369081822,0.0,0.04493214083995459,0.018431443882897348,0.019873220184009617,0.07537041438464903,0.0071266756809448325,0.0007568101758081919,0.020456625244427498,0.0,0.0,0.04056184769766848,-0.02449190946173968,0.0,-0.0063218310292135465,-0.003491752727114727,-0.030951830918195842,-0.034257701417471115,-0.03119045565209859,-0.025268614776067823,-0.0173464664084244,-0.014554341320069034,-0.026063218637088922,0.0,-0.012991657022252127,-0.006456645692808653,0.0,2.225031668591301e-11,0.0,0.0,0.0,0.0,0.0,0.00014391162432001993,0.0,0.0,0.0,0.0,0.01213247930360467,-0.01843354387442911,0.0,-0.007052970930384275,-0.012559540872548588,-0.008832304249508465,-0.0052801940796172505,0.0,0.00027655218382168547,0.0,0.0025814667276841045,0.0,0.019451211765411633,0.0047721891367544355,0.0,0.002158566669968392,0.0,0.01550038837256555,0.0,-0.045183986758341246,-0.03746470275650592,0.007579631746273512,-0.009843983909872825
2011-03-31,0.00923411214917232,0.0012283557961083795,0.004092004385648812,-0.020390776887399684,-0.005825751161479198,0.0,0.0,0.04255187148815378,0.0,0.0,0.0,0.01300883272399467,-0.021632303236500894,-4.769499234334204e-11,0.009028971087873143,0.0,0.0018589730427618111,-0.02152450054445244,-0.018718224124631665,0.0,0.002719727734848169,0.008151093939287384,0.0015677819885693816,-0.00811793458978331,0.026820191516210765,0.0,0.03585944422818317,-0.016026137980227385,0.011160374748711972,0.00020470923278956667,0.0,0.0,0.0,5.554036578824162e-05,0.0004016379826558067,0.0,0.0,0.028633539455171077,0.0,0.04780916473976812,0.024017978831579762,0.0,0.11590814389132963,0.01493818366362454,0.0,0.01431868229364717,0.0,1.1808577433657131e-11,0.0,-0.036187172475202034,0.0,-0.018971134304028414,-0.012039785727740844,-0.027240082860793748,-0.028536218836676563,-0.03308972141112376,-0.02520847691771283,-0.025533489082164473,-0.017725076749785355,-0.026508854286550355,0.0,-0.01733794773259294,-0.00795249747294874,-0.010688095168090935,0.0007601407829579169,0.0,0.0,-0.0037012274155203344,-0.006292806032809754,-0.00671664181672542,0.0,0.0,0.0,0.0,0.0,0.03568942601519101,-0.01172092722711317,-0.006839011818266266,0.0,-0.0025093755625764623,0.0,-0.009958082960008748,0.0,0.0,0.0,0.007078219487689289,0.0,0.008157319259576088,0.0,0.0,0.02223106655503954,0.0,0.010261737713000312,0.0,-0.02598199689439085,-0.027025748675008524,0.0022527748888595957,0.0
2011-04-30,0.0,1.731090401954301e-11,0.0004561439570763135,-0.009450442890366315,0.0,0.0,0.0,0.015026277808589268,0.00342499754518447,0.0,0.0,0.0,-0.01225771640541794,0.0,-0.00472617727762583,0.0,-0.008714982545453807,-0.017440529485931625,-0.023897061172847026,0.024437801328481116,0.0018709038015958868,-0.021450837307382207,-0.0008698805368507431,0.0018684263667115536,0.0018543960383771245,0.0,0.005128408689229811,-0.016119317018176565,0.03346515685831177,0.0,0.0,-0.0024768133652944098,0.0,-0.020491369978569717,0.02582770458559207,0.0,0.0,0.010572137813793753,0.0,0.006716904134564376,0.0189342906283929,0.0,0.012440177580844092,0.005734025875663183,0.0,0.005047015056404761,0.0,0.0,0.0,-0.03761069585582139,0.0,-0.014598462204527754,-0.002514218802648042,-0.027796528857870876,-0.02354792302786237,-0.039683899381478184,-0.024612134358950245,-0.01639605937174343,-0.017279472928996446,-0.03288521924790111,0.0,-0.011994489456673571,0.0,0.0,0.006019345678185292,0.0,0.0,0.0,0.00693018453703364,0.00542571512064446,0.0032694141875383785,0.0,0.0,0.014061225209652698,0.0,0.0,-0.0012943940025382974,0.01883022641826832,0.02568901726851005,0.022093007261168852,-3.647963098289826e-05,0.011662435241201733,0.0,-0.005194600794210288,0.0,0.028124361654825004,0.0,0.17134368686470725,0.004877113391709425,0.0,0.0,0.0,0.008869499080431442,-7.574812803169559e-11,-0.032283856331646925,-0.029551764822457176,-0.026340041586224473,-0.018484631277802137
2011-05-31,0.0,0.0,0.0,-0.004541470189588172,0.006618922964280081,0.0,0.017749286477732995,0.010363406744348208,0.02391051091974632,0.0,0.0,0.0,-0.006689805018861309,-0.007049407809611644,-6.737490523531462e-11,-0.0005038900105386556,-0.007945422217489551,-0.028917456647312965,-0.02900744702331621,-0.017506576136487723,0.006525714890947651,-0.009636691105592335,1.3929755882908505e-11,0.028345988766767624,0.006367703182034565,0.0,0.011609236370021607,-0.0011464854106526029,0.011725233290096618,0.0,0.0,0.0010771701272753221,0.0,-0.010424974994212587,0.0,0.0,0.0,0.0,0.0,0.0027317769608089645,0.026157449903790358,0.12132453329779282,0.007437362218943411,0.045514860795010104,0.0,0.007480745192002156,0.0,0.0,0.0,-0.045901715022386796,0.0,-0.03160448886132448,-0.017530246251326244,-0.0139712230981754,-0.011295007989747217,-0.05498028198230085,-0.021541503765558325,-0.009087343822757794,-0.01625639232334066,-0.03684762392037749,0.0,-0.017218003559701323,-0.00339088002543249,-0.014104906971415499,0.005668479314207122,0.0,0.0,0.0016521300903283651,0.008093277072581744,0.0,0.046035605120073216,0.01870220248031812,0.0006585566985454035,0.0030315343694452103,0.02104872825399367,-0.001467543578356736,0.0,0.0,0.0,0.0,0.023777891124336103,0.006841048150560728,0.0,0.0,0.0,0.011244156249926253,0.0,0.01764148930332033,0.0006649996568352507,0.0,-0.015198053891545762,0.0,0.0,0.0,-0.008795297873906618,0.0,-0.029820596067386778,-0.027619264363920915
2011-06-30,0.0,0.0025414523568985147,0.0,-0.0003364055193533787,0.0,0.0,0.0,0.020226310826162486,0.0,0.0,0.0,0.020406761695510922,-0.002419778773323546,0.0037581142432712438,0.0,0.008177566671858894,0.0,-0.02460226917871172,-0.006128388040600245,-0.0010402497783541342,0.0,-0.008450061182772547,-0.003918877155181182,0.0,0.007792929048824392,0.0,0.06948878376253341,0.008262434288879045,0.03553680437374615,0.026249868449944445,-0.00949904648945117,-6.721083006900686e-11,0.0,-0.014536131005391655,0.005807877661532801,0.0,0.0,0.02548131721046982,0.0,0.02808321102950786,0.019910070437318017,0.018196963894465894,0.046153459427045365,0.01600364618312001,0.0036724455152649348,0.041496275682515474,0.0,0.0,0.0,-0.033437958358538425,0.0,-0.03111563909585452,0.0,0.0,-8.523874257723122e-05,-0.18027667038081863,-0.022577647214966756,-0.013847211876181504,-0.011251300672210605,-0.030754151187736705,0.0,0.0014180815037193517,0.0,-0.0015961939455432922,0.00352638660690908,0.018205728215029464,0.0,0.0,-0.009080153208390103,2.7567773529507477e-11,0.0,0.0,-0.00633328586185714,0.0029460170508889593,-0.012869071544586481,0.016808688435286205,-0.007996426919934229,0.0,0.0,0.0,0.0,-0.01247702443005355,0.0,0.0,0.0,-0.001206856527845124,0.0,0.010861365382307588,0.01888812917650165,-0.0001126457690157622,0.009127388520823003,0.0,0.006257160272376862,0.004714762049720444,-0.007291512784069801,-0.0006903675380753832,-0.02138783800932657,-0.02468159874206779
2011-07-31,0.0,0.006688055568343787,0.0,0.02110672231471225,0.0,0.0,0.0,0.040606277027011445,0.0,0.0,0.0,0.09716195770513952,-6.518898610766159e-05,0.004793224946777251,0.0,0.011143396877046996,0.0,-0.006420343263358179,0.0,-0.015454789675608708,-5.0228054249275036e-05,0.0,-0.0011534741264526637,0.0,0.0007978125801694259,0.0,0.03653475030134514,0.0,0.0,0.0009531754929094435,0.0,-0.005501950259332574,0.0,-0.0034329134473841958,0.023789285770677075,0.0,0.0,0.012362394115920878,0.0,0.004374965292115872,0.08308430697502535,0.008597750332670271,1.7887714121851935e-11,0.00839447530799925,0.005392966387810448,0.027754873319082562,0.0,0.006284790818176567,0.0,-0.017572340268060073,0.0,-0.024614516124377865,0.0015450804698181138,-0.0036920556010979788,-0.0017576880426521532,-0.08391350003738032,-0.015443130902920309,-0.0009412212677891373,-0.014643164054733707,-0.0066175698547181186,0.0,-0.014571045122252697,-0.0026855113936503075,0.002819083995809761,0.022953442314558484,0.04117289387031268,0.0,0.0,-0.09987857702730003,0.0,0.0,0.0,-0.007646704921391572,0.004598306226987742,-0.004236458583944553,0.010772396418466326,-0.0015966418671159502,0.0050930627096536125,0.0,0.0009520536595919536,0.0,-4.748103375720963e-11,0.0,0.0020407211070256528,0.0,-0.0013280739395577978,0.0,0.0,0.004783019428736069,0.0,-0.08204335843896834,0.0,-0.0010138613075339742,0.003448758648218298,-0.0019318528125974815,-0.009083344182764734,-0.04314999965391601,-0.02956049673530259
2011-08-31,0.009370416818118324,0.011582728139282045,0.00036789204894381025,0.015151066179428265,0.00557753296763395,0.0,0.0,0.02741475983585375,0.0,0.0,0.0,0.024081992846900775,-0.0030385888775290295,0.0,0.0,0.00930566730802802,0.09615235040982203,0.0,-0.0018256112227094659,-4.935093042883798e-11,1.3809211781110647e-11,0.0,0.0,0.017931293358417102,0.004225251947358524,0.0,0.018829279553600507,0.0004192882404479776,0.00033363924960778853,0.0,-0.005782322835365858,-0.006398708843648265,0.0,-0.0007300092267685963,0.007937491038555471,0.0,0.0,0.06708776917095874,0.0,0.0,0.009138880428944665,0.005285859874299822,0.00010032234171142986,0.0,0.005558375287104467,0.06993704197823127,0.0,0.007813191731124627,-0.0006513744562469061,-0.01580318204476337,0.0,-0.04269917680812151,-0.01102538739681678,0.0,0.0,-0.023831433150638123,-0.01999381658306333,0.0,-0.013239756780562346,-0.013490451596430284,0.0,-0.039063223858583344,-0.02536204385377564,-0.006000047895017291,0.0006097528994529964,0.0004599041115360022,0.0,-0.00030633539947807635,-0.02452144902493299,0.0,0.0,0.00035117626803789686,-0.0017993114611371422,0.0,-0.013548104210240141,0.008810566215007438,-0.0031900573099521473,-0.01290667146028166,0.0,0.009071486339987077,0.0057792674219360185,-0.007116353067864305,0.0,0.0,-0.004773058793473355,0.0,0.0,0.0,0.06131575597586007,0.0,-0.00581518891438918,0.0,0.0,0.0,-0.0304533753907664,-0.0837045434681041,-0.04662060304196972,-0.0363098129780197
2011-09-30,0.0031363152182143656,0.01926925933640155,5.6698195544988936e-11,0.0,-0.004826466998637598,0.0,-0.0021782698303894434,0.09646004877836092,0.0,0.0,0.0,0.0,-0.006474623569056177,-0.04032851505146076,-0.0036191009860910193,0.008617786265402511,0.0143735752373309,-0.006774603885523916,-0.030646628935583068,0.0006608171465235173,0.0004335320800545675,0.0,0.0,0.03522940511664823,0.0031126163551042085,0.0,0.04674612502872189,0.020979476013127895,0.03713716979467149,0.007506093336919106,0.0,0.006675715830470135,0.0,0.0,0.0,0.0,0.0,0.05319528034085578,0.0,0.0,0.0002695510926701861,0.0,0.0,0.0,0.004355099409864669,0.0014706675129936495,0.0,0.029332294794430842,0.0,0.0,0.0,0.0,0.0,0.017746513608995762,0.015012146273777078,-0.00865527192415295,0.0,0.006174003784175286,0.0,0.0,0.0,-0.004126746200314752,-0.021919097228490614,0.0,0.018054076467089945,0.02039877627362674,0.0,-0.006069254787313746,-0.023396433463852884,-0.024497623598992477,-0.00036937891646659837,-0.004582836531858295,-0.003865514739865753,-0.014041429033839805,-0.007734493311059229,0.004870871424752112,-0.021656323090487345,-0.01050081081631838,-0.01407288613035361,0.010622067237142945,-0.002443742554471335,-0.004126446556841293,0.0,0.001849180736531715,-0.0014052034827646699,-0.0003546740349813524,0.0,0.0,0.004513482863610396,0.0,-5.1008764854081435e-11,0.0,0.011798052584833447,0.0,-0.006487144444456658,-0.17436749265064003,-0.02454871453007571,-0.025930272664651817
2011-10-31,-0.0010906076589217886,0.010167776090059776,-0.013548963838609707,-0.001062626840936475,-0.009228145820040029,0.0,-0.006726417705530247,0.035206724247705226,0.0,0.0,0.0,-0.005947778407427552,-0.00792375186175846,-0.003211254672397958,-0.0073954086614244205,0.0012388517301167906,-0.01623638111345962,-0.0019162792613750198,-0.028044434832740325,0.005968713818673398,0.0,0.0,-0.07530194662004742,0.0,0.004174415948199354,0.0,0.0457018018501893,0.0349277406253575,0.04700842845171014,0.0011036440593520434,-0.009688997992844823,0.0,0.0,-0.028195005272737092,-6.465233125644137e-11,0.0,0.0,0.014566571163779072,0.0,0.0,0.0,0.0,0.0,0.0,0.0,0.0,0.0,0.008555671004785298,0.0,0.030160262367366384,0.0,0.006005170449519801,0.00894037748558107,0.026634283227348395,0.026849776893270033,0.002997162221147525,0.007013212422580976,0.019136358043006705,0.008575439497655548,0.010444124152808881,0.0,7.787194864124815e-11,0.0,0.007235778319111461,0.016722507232550723,0.024060737817503817,0.0,0.0,0.0,-0.00135015492990419,0.0,0.0,-0.0010616425794567274,-0.010422313459188301,-0.0068816742435645305,0.0,-0.045183779424989114,-0.011693029393282546,-0.016455741037658796,0.022677936009883246,-0.011814686867766109,-0.015952037159704988,0.0,0.0630386742921098,-0.06089656879376536,-0.005427438517807791,0.0,0.0,0.000817305115419841,0.0019193294387240569,0.0,0.0,0.008151225946611957,-0.05181873861050394,0.0,-0.03157366433775203,-0.013950530019752199,0.0
2011-11-30,-0.00513813816419165,0.008261912549943025,0.0,0.0,0.0,0.0,-0.01621580110642896,0.05230398520870451,0.0,0.0,0.0,0.0,-0.021449851133730023,-0.012733882177061177,-0.010178626782664998,0.0,-0.015546564946225411,-0.012642420402158707,-0.12281788702558381,0.015194109468299799,0.004839036373507799,0.0,0.0,0.004932855226985958,0.005091098803758839,0.0,0.029453652767449157,0.029659493035094558,0.04788444825014075,0.006105458777708801,0.0012168137379087436,0.016130148214146794,0.0,0.011232438083524116,0.0,0.0,0.0,0.011090444669880638,0.0,-2.576574253797754e-10,0.0,0.0,1.4976241654210365e-10,0.00031557013775384565,0.0,-0.0034971945799280512,0.0,0.0019584279757048507,0.0,0.061769062520218125,0.0,-0.014806035473955691,0.0,0.02307347532991408,0.0400490702172746,-0.0008746237742724663,0.0,0.01968858297566867,0.002527510451124331,0.009272622063321882,0.0,-0.028673003394976786,-0.019493782114012318,0.0,0.010576661307645369,0.0208981719164259,0.0,0.0,-0.004274423527441743,0.0,-0.0003703910530553859,0.0,-0.00986592104845866,-0.02616411741686123,-0.012002054170142076,0.0,-0.007320692472687394,-0.008063798173251091,0.0,0.030081776083315106,-0.006961643751192163,-0.01052470488316512,0.0,0.011715308604628471,0.0,-0.001995030246995172,0.0,0.0,0.006748900174295437,0.00682897352885185,-0.009864350785960407,0.0,0.011099991397041674,-0.019181225540569283,-0.02238493046501805,-0.013043666920454264,-0.03870068252255593,-0.02521455568934459
2011-12-31,0.0,1.3829452449684613e-10,0.0,0.0,0.00019826568347345954,0.0,-0.02100810027857474,0.04374420479227837,-0.0014320380137634542,0.0,0.0,0.0006636772190467376,-0.04179108870918952,-0.004368512847263665,-0.013930965326114465,-0.004118650979422027,-0.007229836268861894,-0.01591014636926998,-0.009397728379191478,0.012666114721452999,0.0022426285063414475,0.004119438833113332,0.0,0.0007384967257484203,0.0069415943947285725,0.007720424426041019,0.03536030289259835,0.014131510911265266,0.042583485483404786,0.004162751658033076,-0.025822598621968475,0.01815702645662013,0.0,0.01427827794399988,0.0,0.0,0.0,0.0,0.0,0.0,0.0,-0.0005060775734285914,0.0,0.010523111580912355,0.0,-0.00716394650173974,0.0,0.0,-3.3279380108344837e-10,0.1478686540875407,0.0,-0.03559706142966273,-0.0017602140131555016,0.01823390649165448,0.048789815256535606,-0.022869803883930673,0.003615829654621081,0.0,0.00011734647791434945,0.006837633380807795,0.0,-0.05594059793969261,-0.011767268510714529,0.0,0.0,0.016577275003918666,0.0,0.0,0.0,0.0,0.0,-0.002957120737319123,-0.018853628625438976,-0.04325159960442449,-0.027795565355928215,0.0,0.0,-0.007756053580433889,0.0,0.02203761233702763,0.0,-0.019961035266733568,0.0,0.0056379555295034064,0.0,-0.005391839565025172,0.0,0.0013299538118390472,0.00497044679928639,0.0018075045877973064,-0.010412679597036996,0.0,0.00394475421420086,-0.03338477952979477,-0.019006801078871812,0.0,-0.028969333883061988,-0.001644927197193091
2012-01-31,0.0,0.008439219395056449,0.0,0.0,0.0,0.0,-0.022075495804028025,0.02955775310939632,-0.00236597723440048,0.0,0.0,0.005777383229294301,-0.04475376376482698,-0.0028446732340508575,-0.008149437627428797,0.0,-0.019207905783237993,-0.009847761789857773,-0.011861384273950464,0.021312353895591708,0.0057423068198208865,0.00510625958172183,0.0,0.0,0.011140516229257305,0.05029277454670249,0.06559717749017438,0.019700209905383716,0.07635782215654782,0.008511262232950182,0.0008902904961936455,0.027557132078484717,0.0,0.03810642241684426,0.0,0.0,0.0,1.1935729617017727e-10,0.0,0.0,-0.006651616778192926,-0.002615486338866775,0.003779556416926963,0.023083785667522824,1.6899067002920538e-05,-0.03267472687860401,0.0,-0.03062540785978059,0.0,0.013738962789663663,0.0,-0.027079916221887136,-0.0011030337131103134,0.005569258689260696,0.016715378649946412,-0.03005229571723257,0.0,0.0,0.0,0.010486420857706442,0.0,-0.04842210141780211,-0.021929654852963873,0.0,-0.015810166248769564,0.009166820540984829,0.0,0.0,0.0,0.0,-0.006191040157513693,-0.011482696052413697,-0.018481794008936875,-0.04196545718832284,-0.02033705091467983,0.0,0.0,-0.0043243016763288514,0.0,0.009969905952445339,-0.01014881264846744,-0.014106626689215123,0.0,0.014693485462961791,0.0,-0.009161112452967525,0.0,0.0,0.0025369747664383104,0.005057422312033052,-0.00753385978402779,0.0,0.01074186003442914,0.0,0.0,-2.2450597379296375e-10,-0.01819644266362915,0.0003543850899002248
2012-02-29,0.002163480091880988,0.0,-8.054883734108409e-11,0.0,0.0,0.0,-0.03785737618935973,0.002672898930622156,-0.009725628409301216,0.0,0.0,0.008673851369361859,-0.04893243576587192,-0.013401819086842928,-0.0014100811058385665,0.0,-0.0071446345235912445,0.0,-0.022188434232947293,0.017129574772830662,0.0042363556425664105,9.980704303824985e-11,-0.0077391522588253535,-0.009627964176182606,0.062391130245402326,0.03478410123380557,0.026240327896884318,0.0,0.04378494683657025,0.00016141428456340962,0.0020128221847547463,0.09287063562697298,0.0,0.041071998007735484,0.0,0.0,0.0,0.0,0.0,-0.0014442176014995871,-0.024659889357989663,-0.03656827013438374,0.0009845476782551312,0.011381544478923922,0.0,-0.05564806110591124,0.0,-0.020167908279997232,-0.03740079135579344,0.009112957842007014,0.0,-0.017763577110197153,0.0,0.009895243510963297,0.01071276543534098,-0.015218404775985265,0.0,0.0,0.0,0.022182164208449286,0.0,-0.01697033032129536,-0.026184301034585463,0.0,0.0,0.009706393909045827,0.0,0.0,0.0026553000861758254,-0.0012897648397208821,0.0,-0.004268359056970644,-0.0014445403662180977,-0.011191277317845926,-0.009084604372605354,-0.004835908617110039,0.011693448323754217,0.0,0.0037776230701692236,0.0,-0.02591311312829307,-0.01934496395418851,0.0,0.0032689335754596924,-0.005315515773450698,0.0,0.0,0.006378165406878893,0.0,0.037808923448305214,-0.0072586756666490285,0.0,0.006334460484611297,0.0,0.007937721159575596,0.0,0.0,0.007976270158326417
2012-03-31,0.009305057024351967,0.0053090806059006524,0.0,0.002557935113770169,0.0,0.0,0.0,0.0,-0.0025935429852662582,0.0,0.0,0.0,-0.021520054470723353,-0.005827776184424116,0.0,0.0,6.186750857565095e-11,0.0,-0.010692652067408227,0.03753703153388784,0.0053410002930394836,0.0073933903762835535,0.0,0.003629863468541258,0.061126717834798686,0.035530479872364316,0.017141101448166756,0.0,0.0417417401360618,0.007524995288579357,0.0,0.050525200894052505,0.0,0.05218835806079011,0.0,0.0,0.0,0.0,0.0,-0.0014174929981022632,-0.0195308906998141,-0.018024630290345532,0.0,0.07643804986278938,-0.008146835408627038,-0.03871069613776057,0.0,-0.012462256044903504,-0.0025072617464909114,0.003798717417227906,0.0,-0.015743303199899025,0.00013216532745356487,0.0023122295000660657,0.002050961109355228,-0.01246024616668588,0.0,0.0,0.0,0.0,0.0,-0.003867721022420995,-0.01781705853865614,0.0010984636542774185,0.0,0.004736649210898196,0.0,-0.0013551460139733045,0.0,-0.004105544319273472,-0.0024009630900663883,-0.00546854891158836,-0.003536865704451301,-0.008480750652226376,-0.00957737591706854,-0.007234626683337214,0.0008068241474660483,0.0,0.005113533688219556,-0.01113651279652308,-0.18412752174809816,-0.02051098326874491,0.0,0.0,-0.04101220940242506,0.0,0.0,0.004572123196356572,-0.0033409550658385447,0.030440390188806364,-0.006389578411828127,0.0,0.013730258598570121,-5.302931845587385e-11,0.0049876298706898105,0.00305663340748366,0.0,0.009873418807884112
2012-04-30,0.011563436809079048,0.0021999800097541704,0.0012879048280766076,0.003917787837587625,0.0,0.0,0.0,0.0,-0.004823084989221862,0.0,0.0,0.00011901054144307767,-0.03419248878438934,-0.004892502909316913,0.0,0.0,0.0010056738563473187,0.0,-0.0030533314778479308,0.025425233390018842,0.0,3.07278616920503e-11,0.0,0.0023948860596337764,0.03550300980881523,0.027962346726699488,0.02787722617017733,0.0014277621870486088,0.03543374948463608,0.0047920535334416755,0.0,0.013029900099036292,0.0,0.012203988843929899,0.0011067501002695066,0.0,0.0,0.0,0.0,-0.0058387392876709555,-0.024041625191755428,-0.01944425324268289,0.0,0.029281538700238193,-0.007489933790812241,-0.03428551667267894,0.0,-0.009738082804967876,-0.0034728146760866388,0.0,0.0,-0.038132029982954056,0.0,0.0,0.0,-0.03802179216133252,0.0,-0.003398001524809506,0.0,0.0,0.0,-0.007361005796884438,-0.04705363775678689,0.0,-6.443946915235652e-11,0.0,0.0,-0.0005310236904649036,0.0,-0.002527711371562677,-0.00018472585068686357,-0.004556765829034216,-0.004280854443311772,-0.011442537344460938,-0.006475819526491154,-0.0018493054353640067,0.004219940684103272,0.0,0.015230929312847875,-0.012870290273696686,-0.14056117060767714,-0.013322252236450782,0.0,0.010864003827117004,0.03431406973413093,0.0,0.0,0.003984314214670463,-0.005968327043293088,0.13999594294236645,-0.010190375232867881,0.0,0.0035337873045860717,0.02852824925441492,0.00899541430447146,0.008514739433494841,0.0,0.005286369970836094
2012-05-31,0.021281133520357508,0.0017082617477642114,0.0,0.00713996560230282,0.0,0.0,0.0,0.0,0.0,0.0,0.0,0.006890755392961058,-0.004105062577627706,0.0,0.0,0.0,0.007636038205728517,-0.006836740041434273,-0.0011001822275104674,0.03733266480674389,0.0023959178394750867,0.003912274591178101,0.0,0.0,0.046099478364414914,0.011096944252284344,0.01514906220072954,0.0,0.021559626488954514,0.03371246426937727,0.0016753275203683295,0.012768747996839686,0.0,0.014961369154041454,0.001637375358474865,0.0014800676016616318,0.0,0.0,0.0,0.0,-0.0075845621184151765,-0.0018314937328040293,0.0002690456199589939,3.437669640138037e-11,0.0,-0.012244757172879386,0.0,-0.03159828694837999,0.0,-0.011844163270399765,0.0,-0.004279602722875888,-0.0006838851607382685,0.0,-0.03262501369123713,-0.03652725236926028,-0.0240578870101517,-0.0029603286150460127,-0.13241023865254326,0.0,0.0,-0.006240469175605005,-0.06156123764958856,-0.0027053803184452266,-0.007746409977008314,0.0,0.0,-0.003361277389346018,0.0,-4.443269957075419e-11,-0.003203003924457254,-0.0025169581831367867,-0.01454195890705215,-0.05500195472038436,-0.008011926763217606,-0.000778536825253934,0.003872741887916029,0.0,0.033720243828286235,0.0030835915491898456,-0.0028446835653848646,-0.0030731882368179304,0.0,0.02187064518079893,0.0,0.01834260269443263,0.0,0.039395446105937315,0.0,0.09853899188508448,-0.01772355800856596,0.0,0.0,0.0017536430434890009,0.020224337616599197,0.010491235640272895,0.0,0.0
2012-06-30,0.0002519926424681199,0.0022181977085915846,0.010398816633996492,0.028498598517289645,0.002526549256351436,0.0,0.0,0.0,0.0,0.0,0.0,0.0,0.0,-0.0012379631244922014,0.0,0.0,0.0,-0.016296299082756194,-0.010469546419540203,0.015615085295634733,0.0,0.0,0.0,0.0,0.013625825753025511,0.008368466572990523,0.015794204386089836,0.0,0.008068383194292393,0.023202187336994307,0.0,0.015793176429518125,0.0,0.023984300330731605,0.00036425423901043926,0.008895361414849147,0.0,0.027265605675507995,0.0,0.0,-0.0010730056381980924,-0.004296133934935368,0.01989208152242445,0.0,0.0035181740505155494,-0.023387498425680314,0.0,-0.007201563275835439,0.0,-0.019364729769439953,0.0,-0.011676698195514925,-0.014452789491230193,0.004287102863683177,0.0,-0.1588400969458846,-0.006633396340090916,-0.009437336358894257,-0.00964929760615425,0.09445512630049126,0.0,-0.09903460035744838,-0.02086892640367327,-0.016647941639033128,-0.00672285704044064,-0.007171671232162451,0.0,0.0,0.0011769882102434495,0.0,-0.000644710078452189,-0.0033852011759260676,-0.010160180151491099,-0.008787375964038526,-0.007888781951823432,-0.001952673021261621,0.0044521518504354275,0.0,0.007302311345760036,-4.739479476687644e-11,-0.0043257403498662425,-0.00902834760353399,0.0,4.232934767385902e-11,0.0,0.018688343519506965,0.0,0.09886002274975633,0.0,0.016823496869112747,-0.00404277449271605,0.0,0.010811864047895255,0.01293681498252537,0.001924516257978724,0.0,0.0,-0.0053218638820912295
2012-07-31,0.007521866573023858,0.001322879009103361,0.005895264878527317,9.989163701864021e-05,0.0,0.0,0.0,0.0,0.0,0.0,0.0,0.0,0.0,-0.003720280456909374,0.0,0.0,6.56946863648352e-11,-0.021281199210506165,-0.007061113912680163,0.02162126704061917,0.0,0.0,0.0,0.0,0.011267049193076594,0.12433441156364203,0.017880112179198472,0.0,0.0162580557040913,0.006811018680722536,0.005010643367790384,0.018695054325622847,0.0,0.045484305224158,0.0,0.007916951986563902,0.0,0.00960931848595386,0.0,0.0,-0.010455042528786752,-0.026922139112630188,-0.003161177529129924,-0.0037251340376042706,-0.018322945376898762,-0.09443689250716758,0.0,0.0,-0.0013041029614214857,-0.022903225765442774,0.0,0.0,-0.003202846082944555,0.011445550838897795,0.004865199251856281,-0.03100866236261938,-0.013919219153335341,-0.019277303058062557,-0.0222509721308569,-0.0028871482544796023,0.0,-0.020036842485609416,-0.006109254842578699,-0.006347500262487239,-0.0014860965898801702,-0.13480772811082847,0.0,0.0,0.0027898236019051224,0.0,0.0,0.0,-6.825035815525363e-11,-0.006643651337091176,-0.004815832115001873,-0.0032564041455422094,0.0008797521878003626,0.0,0.007540280924568824,0.0,-0.0028715929009906467,-0.0007055788927099605,0.0,0.00819992285523213,0.0,0.01803120286141952,0.0,0.07659667385327214,-0.001035203417508881,0.031808687563076456,0.0,0.0,0.009190480055443947,0.01658905746026845,0.009132735458699274,0.0027414469028937995,0.00046109626985890354,-0.006044910390045132
2012-08-31,0.004942527191605772,0.005288789282068798,0.0013719474535806913,0.0,-2.4225980348621932e-05,0.0,-0.0005802849137215386,0.0,-0.0012221895589075073,0.0,0.0,0.0,0.013951919989602417,-0.012301195073373707,0.0,0.0,0.0,-0.010559764086422124,-0.09930200164232895,0.05734138787299474,0.0,0.0,0.0,0.0,0.014409896873529957,0.015954389705218168,0.0121327122889458,0.008246161997145453,0.030607253790212393,0.016001845508650837,0.012143853696665664,0.02442095957244504,0.0,0.04947793428545853,0.008646752848616242,0.014938733125546997,0.0,0.04193370868716804,0.0,0.0,0.0,-0.004309737836593004,0.0,-6.937716120066207e-11,-0.006934394408584148,-0.02012234530059052,0.0,0.0016943332507094037,-0.006181957999327094,-0.033071829946550536,0.0,0.0,-0.003826876385005849,0.011839625970794458,0.0,-0.03034964695674798,-0.032480267208421156,-0.03843861379171398,-0.042151708271917596,0.0,0.0,-0.026649878687612965,-0.014723785072686093,-0.017549498464566264,0.0,-0.023407185390186984,0.0,-0.0011740050349374066,0.00048668525491568393,-0.0052028896788332,0.0,0.0,-0.00421428916291018,-0.008019674483588453,-0.011797233831623401,-0.013049259415211135,0.0,0.0,8.008599565992446e-11,0.0,-0.015037495882934083,0.0,0.0,0.0009465640411499846,0.0,0.004644415967526664,0.0,0.0369084278875637,-0.0017530923063949295,0.033191213650759346,0.0033629873733147754,0.0,0.022778277374265535,0.04393030405756821,0.00552880557571169,0.0,0.00287758534617901,-0.015564673158583384
2012-09-30,0.0,0.0043502033172749055,0.0,0.0,-0.005340994442747421,0.0,-0.0131573374245953,0.0,-0.0017270946531177285,0.0,0.0,0.0,0.009168074069876306,-0.009896664781528331,0.006058427277464453,0.0,0.00014223983648518776,-0.01013773757571981,-0.04461948841719721,0.013404898128638846,0.0,0.0,0.0,0.0,0.0032862828155021152,0.0,0.0012319990632231,0.0,0.0025684913854735585,0.014598083893924025,0.002215190241625637,0.014088464875451102,0.0,0.006719995831552722,0.2,0.009164108310384524,0.0,0.01859503169980387,0.0,8.848576493476125e-05,0.0,-6.923765806647655e-11,0.0008248648197966377,-0.003498145244039684,-0.021170447891915866,-0.026653895867418922,0.0,0.0,-0.012549755545363805,-0.004399062040605652,0.0,0.051597509687673834,2.1594414555177783e-11,0.06966488795109471,0.0025716371832307894,-0.04660834910286473,-0.0597691257479324,-0.0162470441768635,-0.04001774494216429,0.0,0.0,-0.004195992424374686,0.0,0.0,0.0007866469497293161,-0.0008655129295450371,0.0,0.0,0.001225955541958221,-0.014739095832561238,-0.0019349624862630918,-0.0062902611754267765,-0.0102675409038401,0.0,-0.011975460476737417,-0.02273553958753748,0.0,0.0,0.0007585886354741398,-0.008561536019588182,-0.0878866277089499,-0.009144995686758106,0.0,0.0,-0.0012719869089100376,0.0,0.0,0.020214647077991404,-0.0032855659312972236,0.01638549574682742,0.000981842838436305,0.0,0.011786339610079478,0.016158061406430207,0.0,0.0,0.0013635460180679976,-0.001052034004898542
2012-10-31,0.009470268346433086,0.08423181468164696,0.007202376167189883,2.3165845619380663e-11,-0.02806293520251949,0.0,0.0,0.013209508271880388,-0.06064913777781143,0.0,0.0,-0.0028286193360180893,0.006373838435584007,-0.01571914107233187,-0.006426333538189871,0.0,0.0,-0.07936202809803977,-0.043953639991359816,0.0640784265871254,0.0,0.0,0.0,8.95519449049565e-05,0.010472767836008123,0.0,0.007016915498767918,0.0030396999704905055,0.0017046120030366095,0.002197497067571509,0.02269535765705776,0.009613045000308702,0.0,0.004605380778767094,0.007146371783974548,0.03448017879936292,0.0,0.04127925569319712,0.0,0.0,0.0,0.0,0.0001127886654571354,0.0,-0.026892940870054772,-0.01458805097439075,0.0,0.00031646987765796995,-0.016474243821717312,0.0,0.0,0.05100578295415692,0.0,0.014414856040394072,0.0032234002310353727,0.0,-0.008080539072057464,-0.01214264259812682,-0.01533664320623015,0.0,0.0,0.0,0.00023588925588568892,0.0,0.0018146059105648839,-0.004282549278410392,0.0,-0.005633686683706882,0.0,-0.01603133248884819,-0.013395102922813618,-0.010446638590609769,-0.006266204788849283,-0.013766110617908176,-8.215395657398298e-11,-0.011679417337758086,-0.008668480016355423,-0.009473761118543988,0.0,0.0,-0.018222398812374422,-0.02741812164418129,0.0,0.0,-0.005938677663972796,-0.001569983863986786,0.0,0.01532226017233732,-0.01516813514421213,0.02415371582215558,0.0,0.0,0.014517675526626934,0.045975688997254856,0.0,0.0,-0.0015225033864671484,0.0
2012-11-30,0.006343352563724843,0.0,0.0026017731591742674,0.0,-0.014590318428338064,0.0,-0.013129175328460611,0.020275813211435387,-0.04119002650848225,0.0,-0.004811035538701544,0.0,0.022935015150023864,-0.0026238788637316978,-0.010033530446752597,-6.136275490791119e-11,0.0,-0.0059024819897965895,-0.015468178800016346,0.03415842685707841,0.0,0.0,0.0,0.0,0.0138046837585682,0.005855911199978134,0.007490733017510625,0.010527010371863333,0.0038006302704412993,0.007415533136516114,0.0015237118112491007,0.0271212154524907,0.0,0.01792529015385919,0.0035631644676820244,0.021698884139463102,0.0,0.008928698489732578,0.0,-0.007162933903774293,-0.0063294449764254145,-0.014418250348725705,0.0,-0.0016775149650082352,-0.03072494937170048,-0.01762083067763412,0.0,0.00754656428510752,-0.023139280400638753,0.0,0.0,0.11338568706468799,0.0,0.010617918897369752,0.0035732230004403144,0.0,-0.0007927382702135864,-0.01716526747944836,-0.004451588993214931,3.4122810196142095e-11,0.0,0.0,0.006350853156914116,0.0,0.0013651718547311883,0.0,0.0,0.0,0.012940286595135245,-0.010690901735847717,0.0,0.0,-0.001201747592586285,-0.014742800424921014,-0.007306523471210121,-0.01061342848207671,0.0,0.0,0.0012748140040918993,0.0,-0.005553976432989579,-0.02669058101908786,0.0,0.0,-0.002673441247528692,-0.04886944967272683,0.0,0.022096277615733774,-0.13745750290855008,0.00826113130855245,0.0,0.0,0.0018394165132652733,0.09477880845905645,0.0,0.0,-0.002968221660048728,0.0
2012-12-31,0.0,0.0,0.0,0.011232238150448427,-0.016734934879498613,0.0,-0.012438132513198294,0.04574746310584624,-0.03205973598416026,0.0,-0.002263870174863053,0.0,0.012408685551791428,-0.015537044898924568,0.0,0.0,-0.0017042289187737716,-0.007053169286605238,-0.03136368935970405,0.0,-0.010352942917241743,-0.007882698250293748,0.00016721340854554037,-0.0022193608399681914,0.0007918284625342155,-0.06518135212781359,0.00308473767155435,0.0218408384027012,0.00975465709305871,0.0554719913167488,0.01432878871035074,0.020927244011865964,0.0,0.07676232781809952,0.0071086803173002686,0.033235890951577425,0.0,0.011638424977550629,0.0,0.0,0.0,0.0,-0.0063275305338725395,-0.009782260843221136,0.0,0.0,0.0,0.011684639671300219,-0.0028224095547654945,0.0,0.0,0.04812779287087073,1.7705230901949586e-05,0.009622741857211682,0.0031669494889747223,0.0,0.0,-0.06366579779032364,-0.003953479085702782,3.938580451369778e-11,0.0,0.0,0.0024511654733779765,0.0,0.01088226407122022,0.0,0.0,0.0,0.020753954348307124,-0.011641770608319356,-0.003947446618628002,0.0,-0.008804529566368045,-0.02079263065357891,0.0,-0.017456735271850477,-7.657265664535227e-11,0.0,0.0,0.0,-0.008173980851377573,-0.03088870515779479,0.0,-0.012703369995984027,0.0,-0.0400768694821374,0.0,0.026042998849205513,-0.003995829710001543,0.0015661337127082643,0.0,0.0,0.004896761336443925,0.03208660569124832,0.003489033725631373,0.0007102436832387267,-0.009222228293902585,-0.04095326575455393
2013-01-31,0.0,0.0,0.012339926974121587,0.020624878877094233,-0.024736726754692778,0.0,-0.04238463527568323,0.05755140956268024,-0.04315445047197683,0.0,-0.03910426940782178,-0.009565354686360465,0.0,-0.047089507310109906,0.0,-0.01027950711015266,-0.024554815880422225,-0.009509458455591393,0.0,-0.03641051255529604,0.0,0.0,0.010462470201029072,-0.0009175699722310745,0.0,0.0,0.0,0.012806540349406323,0.0,0.0,0.006876003675231775,0.0,0.0,0.008823052846931783,0.00922091480823416,0.048489994319129,0.03967400717352302,0.012827662090019131,0.0,-0.009219050020824565,0.0,-0.006925570900526658,-0.017845487041491213,-0.005465199468432326,0.0001425249165556192,0.010029684525697658,0.0,0.010777385023707939,-0.016514405612892722,0.0,0.0,0.01081046909176887,0.006467513100145766,0.04826942631586583,0.013456533068411968,0.009692105236319092,-0.012190593085655323,-0.0003656334997350182,-0.0004543908817737717,-1.260967723352744e-10,0.0,0.0,0.015431819205018736,0.0,0.009452154777176874,0.0,0.0,-0.00881559110427039,0.018871334871204827,0.0,0.0,5.820085914233815e-06,0.0,-0.030132089911335074,-0.00101382324615706,-0.00844699810320061,0.028287526044067434,4.4999985804564135e-11,0.007034547612433254,-0.004720935146942278,-0.013030412483230997,0.0,0.0,-0.0479255014021622,0.0,0.0,0.0,0.01865339939154812,-0.013745464036815137,0.0,0.0,0.0,0.0,0.047654063257547605,0.0009123725665713847,0.004354459987644515,-0.009292045307776444,-0.006190000740342953
2013-02-28,0.0,0.0,0.00366265356356873,0.03395359017494287,-0.006782153731529682,0.0,-0.020819656863001464,0.03279520890203637,-0.014055505401917943,0.0,-0.06225174626891543,0.0025045573600929725,-0.018195954182527414,-0.007301643525067654,0.006693384580904546,0.0,0.0,-0.02321420020793756,0.0,-0.0047529483941265525,0.0029243250361680123,0.0,0.009493721950597275,0.0,0.0,0.0,-0.003106484786415183,0.009406794598422244,0.0,0.011198369110215014,0.0027592030737562077,-0.0005430731675970775,0.0,0.0,0.007182650048898204,0.02820862047343246,0.02344872796932224,0.011261481686486044,0.0,0.0,0.0,-0.009088550652741879,-0.00573736126177363,0.0,0.01083891511911812,0.018419402330291868,0.0,0.0,0.0,-0.02758996226217312,0.0,0.0,0.008319605870721622,0.000815154694324388,-8.63912933716643e-11,-0.014266077000770138,-0.047890373617101446,-0.03225418409274636,-0.04024896945661184,-0.046532547968090046,0.0,-0.009086978828186737,0.0,-0.0024431980505618023,0.0,-0.01061178410553026,0.0,-0.0054179474246759205,0.12548064107167767,0.0,0.0,2.5973544082986232e-11,-0.01011225129539025,-0.004918413982343587,0.0,-0.02457130796664307,0.02284999691222595,0.011695933223006279,0.012069064220566042,0.0,-0.01879412600794152,0.0,0.0,0.0,0.0,-0.004558808957801613,0.0,0.0065157395660086935,0.009848997898820846,0.03348351220940798,0.013464197051461714,0.0,0.0,0.013532544315250446,0.002485468844184576,0.024687538118117105,-0.004940929482121481,-0.01991286097136797
2013-03-31,0.0,0.006052768594053724,0.015064196503728351,0.08962573730556318,-0.00613225402627149,0.0,-0.01170607215696188,0.017545473388493844,-0.020557725465006966,0.0,-0.09085738737883396,0.021263954808380312,-0.04166693090476367,0.011615581275374405,0.0,0.0,-0.0024697288712598633,-0.020168972615183155,-0.002138834462183432,0.0,-0.0010948559991198826,0.0,0.0,0.0,0.004077812535036821,0.0002201858170395288,0.0,0.0005895679019451649,0.0,0.008054702142233108,0.0077530484181919795,0.0,0.0,0.0,0.010492350406861627,0.04269336179125836,0.03989213610690905,0.04265601387850448,0.0,0.0,0.0054239740842765794,0.0,0.0,0.025380571598660865,0.019091261116101124,0.034174854206031766,0.0,4.1751274647481e-11,0.0,-0.04953912642565063,0.0,-0.002743210266605463,0.0012837011955837581,0.0,-0.029267820048937927,-0.013823462711474893,-0.04306285259446468,-0.020465535090933556,-0.030418776650848536,-0.03184155072283142,0.0,-0.008223828618992474,-0.0066006227915057294,0.0,0.018470867346630723,0.0,0.0,-0.00823948636035505,0.010627452965988013,-0.0025847399602447183,0.0,0.0,-0.004444691752730492,-0.008563666640740585,0.0,-0.018627155026832976,0.0,0.007268280768118829,0.01749536800754098,-0.00384177534685411,-0.007026298941241949,-0.0031157856436356793,0.0,0.0031874686513837782,0.0,0.0,0.0,0.002309346545251765,0.016983220712187528,0.0,0.0,0.0,-1.0698955473171448e-10,0.008784613013120135,0.0,0.011922128873798963,-0.0079745841343084,-0.0028022682842368768
2013-04-30,0.0,0.0019997451431636106,0.010723072666353826,0.05606506172222574,-0.010146358944529359,0.0,-0.007923360436356467,0.02247935783074273,-0.014141360330334333,0.0,-0.021225432309153462,0.014522327465200326,-0.015894572288844413,0.012969526542390026,-0.00353399974059124,0.0,-0.014401998609283444,-0.013281049868554953,0.0,-0.009412356114184402,-0.00492380262984614,0.0,0.0,0.0,0.0015772095252148458,0.0,0.0,0.0,0.019428763032614014,0.010509036911978516,0.04628297895280589,0.0,0.0,0.0014389656997471595,0.0030559223839503806,0.051513416189677884,0.047494003520222546,0.0032974869819210476,0.0,0.0,0.0,-1.1090510953487553e-10,-0.004858508344625574,0.01012579928571662,0.0,0.017666614088303254,0.0,0.0,0.0,-0.00813988810801378,0.0,-0.009356575920327386,0.0,-0.03252247794895266,-0.008635033626625176,-0.005816144313628872,-0.062179736814331046,-0.024918404422690915,-0.052454333300560214,-0.027076925541501498,0.0,3.3214692112134964e-11,-0.05708597920805323,0.0,-0.002755354126039111,0.0,0.0,-0.0028175250059316146,0.011715741841792726,-0.0003093437688883125,0.0,0.0,-0.0074634994150448815,0.0,0.031867232488203924,-0.041517558039887124,0.003915692998962601,0.0047500984647429155,0.046166103629813646,0.0,0.0,-0.030484523883576732,0.0,0.007041602455826443,0.0017269033790585139,0.02036314853818296,0.0,0.006794427659662991,0.0,0.0,0.0,0.0,-0.004640263255386746,0.010757289081711483,5.12595405366668e-06,0.02374734553254501,-0.0020836335733519042,0.0
2013-05-31,0.00029905830856917455,0.058857345232441884,0.009835594464916443,4.843981633537674e-11,0.0,0.0,-7.0884960544013e-05,0.021498118741255606,-0.004852474176598861,0.0,0.0,0.0,-0.004190583970797989,0.0,0.0,-0.09321870891843763,-0.028308888277893924,0.0,0.0,-0.028840255438546108,0.0,0.0,0.0,-0.003131831599958229,0.0035585138722888376,0.0068713282716971824,0.0,0.0038821839483029383,0.07763200690528702,0.009844835012771872,0.021196281976922582,0.010039310123525751,0.0,0.13700696511822635,0.002075658961297158,0.003635057761237049,0.0024576507052557687,0.0021449585923653917,0.0,0.0,0.021251514923270202,0.0,-0.008213225277295493,0.0,0.00828985309177839,0.0,0.0,0.0,0.0,-0.008424676493627456,0.0,-0.009638808054247609,-0.009462325090656663,-0.022224776814568692,-0.008003337833373848,-0.006303731138785877,-0.021424466204865458,-0.011647036569247341,-0.015124087864162928,-0.01848340359779271,0.0,-0.008454070748809458,-0.11190142481631213,-0.014128704323515184,-0.011740615889833586,-0.004531847087654586,0.0,-0.005743898978629511,0.0,0.0,0.0,0.0,0.0,0.0,0.008708339746060908,-0.00441296832944145,0.00500290611366711,0.009295696838160061,0.0005417904849411654,0.0,-4.930984852423264e-11,-0.009922563964638628,0.0,0.01015572335855747,0.009325406337855722,0.0073310929608237105,0.0,0.004838504939637609,0.0,0.0,0.0,0.0,-0.00531584213629159,0.006530704565426227,0.008053489750455925,0.029840108844564745,-0.014552407571023461,-0.007732153823139813
2013-06-30,0.0,0.048415860064256674,0.025143554563014665,5.902800001561859e-11,0.0,0.0,-2.668686380510844e-05,0.06233606260343272,0.0,0.0,0.0,0.00030965953659817784,-0.000356210791582478,0.0,-0.002030694314077392,-0.017683791151025727,-0.1212892132355683,-0.000612900468757197,0.0,-0.03589207704463911,0.0,0.0,0.0,-0.014279774623824404,0.0,0.000692600042673002,0.0,0.0,0.0,0.01566571368264292,0.014480136783367873,0.004916653706450688,0.0,0.0693513283896278,0.0070274972709550194,0.012293648480474598,0.004423782605026215,0.01989222117757431,0.0,0.0,0.015909041219329477,0.0,-3.3806182378662815e-11,0.03262515494320042,0.009809769458184783,0.011230898685437207,0.0,0.0,0.0,-0.0029006292697366614,0.0,-0.004718493362577235,-0.006509646016621648,-0.13661958463747312,-0.004990613933989846,0.0,-0.016575412451944445,-0.007224235978062432,-0.013586695473729302,-0.024920122108181814,0.0,-0.00978924685805474,-0.003957517787746016,-0.013368961180819294,-0.0101489001462308,-0.0018935355549271147,0.0,-0.006273595786351444,0.0,-0.0009436110852658758,-0.0005883115021567348,0.0,-0.0007749947359351648,-0.03110295743436982,0.0017449559289340144,-0.004204680334789178,0.00715388445103645,0.028266299207774973,0.0044066818406312235,0.0,0.0,0.0,0.0,0.023231538299356487,0.004873694934333723,0.028086167369409085,0.0,0.01434325600502025,0.004118569880145905,0.0,0.0006699364698512096,0.0,-0.006736905833951433,0.002886470170083981,0.0,0.025694962172148225,0.0,0.0
2013-07-31,0.0,0.0019755023694240635,0.003589129103767077,0.0,0.0,0.009619337732564083,0.0,0.09766574663832533,0.0,0.0,0.0043303966377507535,0.0028536605229037997,-0.006031677436361671,0.0,-0.004741443053109673,-0.025392196476247787,-0.1659998875766645,0.0,0.0058849633430483805,-0.024558369665120382,0.0,0.0,0.0,-0.0041522150949516124,0.0,0.0075977752430936895,0.0,0.0,0.0,0.042320301001159286,0.033234754847091465,0.011673761195651946,0.04285663569618038,0.04545145516667431,3.123831116933865e-11,0.0014940263900807575,0.0,0.0,0.010964093509100601,0.013467125094578564,0.01548340156783085,0.010832690623323425,0.0,0.0684913546314022,0.014401082283078941,0.003896025949270191,0.0,0.0,0.0,-0.004612757753666782,0.0,-0.011243184207962552,-0.013061090791567745,-0.018312542676233712,-0.009701074614855051,-3.984694016017213e-11,-0.023174071810323445,-0.027914586047080966,-0.019269193997198977,-0.006233765639743117,0.0,-0.015346604337231382,-0.0043946782400291744,-0.02367928646434054,-0.012614365313078598,-0.0020044721760184504,0.0,-0.010911421104076231,-0.01980403233839743,-0.005274406885008514,-0.017583045799574665,-0.0050769546955999,-0.004604049467925997,0.0,0.0,-0.007375501130369823,0.001428897870015423,0.010011729354730228,0.005512787667155546,0.0,0.0,-0.004603254687374602,0.0,0.018452544317955514,0.0038941293139614945,0.0,0.0,0.00657349416185547,0.0,0.0029214235865974033,0.0,0.0,-0.0023298704800397193,0.00312177415019041,0.0,0.0,0.0,0.0
2013-08-31,0.0036951865279093448,0.004476941914901664,0.0027144862498594768,0.00852655001218618,0.01405902176986084,0.013998207277151857,0.0,0.05306469183409992,0.0,0.0,0.006738260843481819,0.04446423786418787,-0.00993643371741729,0.0,0.0,-0.01124979274190865,0.0,-0.00611167703020416,0.020834372331233714,-0.007451230692081919,0.0,0.0,0.0,-0.0012350250184804121,0.0,0.016576269193271705,0.0,0.0,0.0,0.03422126256498274,0.014583775354327193,0.01273010405232421,0.0915798303673327,0.02612680471120913,0.0,0.0,0.0,0.0,0.008845868018113035,0.0,0.011523365494299172,0.019198404590344362,0.0,0.018034290221953287,0.01700108734437559,0.0,0.0,0.0029487555321148578,0.0,-0.022282004694818586,0.0,-0.033610618003741315,-0.009521615710815822,-0.004137345468023589,-0.004538130663502465,-0.011796473634806579,-0.04722161361782038,-0.03208776779331679,-0.010874676734651315,-0.001401392912776851,0.0,-0.020387072996754657,-0.010615696959471966,-0.06820184212328026,-0.010910656270257325,-0.06216962155718965,0.0,-0.022036492647161815,-0.05807325177896008,-0.007986154705108333,0.0,-0.0015386162382143936,-0.007306849095102611,-7.617255861909162e-11,0.0,-0.005594966332201047,0.001888135275151453,0.012691225664557364,0.011560396659847027,0.0,0.0,-0.00039194173948115863,0.0,0.01030872367681116,0.0016838962166174133,2.908947112921386e-11,0.0,0.012842849033784812,0.0,0.003082999374620622,-0.008877549721387256,0.0,0.0,0.0,-0.0024534893248907156,0.0,0.0,0.0
2013-09-30,0.0,0.0010824057714884782,0.003950235357211528,0.01150527652035738,0.030239401625619097,0.027620437512462064,0.0,0.041127539663844234,0.0,0.0,0.020259916595043264,0.002338329035236671,-0.004983091326844084,0.0,0.0,-0.016896457978609402,0.0,-0.007784177687558343,0.003647187765268597,-0.0182208519915729,0.0,0.0,2.333270825660424e-11,-0.00022123628879536336,0.0,0.0933353061451772,0.0,0.0,0.0,0.022664040523714624,0.010546624786745442,0.00728144401106998,0.0347866459309752,0.011485523686682975,0.0,0.0,0.0,0.0,0.018972339537402617,0.0005053480147551484,0.016454940545020426,0.0105318663448598,0.0011578065726160726,0.01737866123675002,0.07772233604008678,0.0,0.0,0.00486431246456725,0.0018153396799155126,-0.019156729904728536,0.0,-0.022922850179960177,-0.0018392473095630302,-0.00044727491997307217,-8.705864231490522e-11,-0.01646539174899095,-0.03363577933410005,-0.09120036374156178,-0.016897695862934162,0.0,0.0,-0.026369717206579952,-0.011009146027051926,-0.04152310736620868,-0.010183863658559018,0.0,0.0,0.0,-0.015849509731643306,-0.006226525636327321,-0.015419080269522583,-0.005168887937499235,-0.023119888078385668,-0.008616039437856353,-0.04459891457627539,-0.01593501710694613,0.0,0.0034558275703832245,0.0,0.0,-0.008431880085970313,-0.006215480799057759,0.0,0.0012480503909361026,0.0,0.0006861167092627415,0.0,0.021932710851316775,0.0,0.001404029087898022,-0.007998774776562327,0.0,0.0,0.0,-0.0026630189433036406,0.0,0.0,0.0
2013-10-31,0.0,0.0,0.029052164657695567,0.10206980112362272,0.0002600827554114364,0.07770078524399163,0.0,0.02599917619141476,0.0,0.0,0.022602705666263913,0.0020321767645823077,-0.004645794495043519,0.0,0.02238142026365647,-0.002060011509189051,0.0,-0.0005877255499997891,0.0031493060527561286,-0.016250582921586248,0.0,0.0,0.01514804668055783,-0.03402253551962317,0.004367984256225663,0.0,0.0,0.0,0.0,0.014459272363896401,0.014374523041316646,0.004549910461208568,0.008389537240578792,0.0,-0.013568150136998367,-5.872926477337104e-11,0.0,-0.0063525090346598844,0.0005022236512000872,0.001033536710440828,0.01358322481147085,0.004823916103784456,0.004691299420813934,0.012568646002159794,0.0,0.0,0.0,0.0,0.0,-0.013140931883810323,0.0,-0.015181641182097581,-0.0035428347262772618,0.0,-0.0005007574036080896,-0.022183308214080117,-0.05297141113754226,-0.05569953843913145,-0.01022068041388769,0.0,0.0,-0.009784488373721032,-0.01678112412540779,-0.01151839163243692,-0.0007925181747800662,0.0,0.0,0.0,-0.020577711247878782,-0.07953307712306547,-0.006093979795628342,-0.008472681536319939,-0.04708892329467635,-0.0008329321713015034,0.0,-0.014231479952572172,0.0,0.0005924796466154472,0.00019495049744460896,4.9738721881084386e-11,0.0,-0.0034660688520119247,0.0,0.005683179279567799,0.000513753816678756,0.03189949107384691,0.0,0.04977727450121516,0.016835410252848133,0.010763721418995646,-0.0020489403558141108,0.0,0.0,0.0,0.0,0.0,-0.02784927073812157,0.0
2013-11-30,0.0,0.0,0.029604503638846907,0.07538102775901583,0.005324780241696326,0.030386413031820655,0.0037274506882422572,0.0,0.006453481906183997,0.0,0.014141525896506283,0.0,0.0,0.0,0.010700810601822628,-0.007778155858051757,0.0,0.0,0.011874472244555213,-0.024132746507433776,0.0,0.0009881067748287308,0.06757472437696398,-5.799792743009969e-11,0.0,-0.0015956196081093879,0.008884463825243471,0.0,-0.0002475793314923987,0.010505386615868112,0.01680631725524182,0.000701417634359342,0.025407001840857958,-0.003180888883104865,0.0,-0.0054500373804580214,0.0,-0.010033030300230847,0.0,0.004134608992772561,0.007584013743039759,2.693442724741851e-11,0.04476855796557701,-0.0013963880120567373,0.0,0.0,0.0,0.0,0.0,-0.02000736993463706,0.0,-0.010824278312979342,-0.011236916544405331,-0.006322422325099464,-0.009550015203746997,-0.027131965363478058,-0.02698401529768224,-0.06358170627475893,-0.03077907144395274,0.0,0.0,-0.025881248149005408,-0.025562588103016076,-0.015519841611114154,-0.012696733144026695,0.0,0.0,0.016250938791749475,-0.041436404704693904,-0.014869356618732356,-0.0029087738513735753,-0.0030496950814261677,-0.034356659668418776,0.0,0.0,0.0,4.5514740300286484e-05,0.0004616202332076641,0.0,0.015493698474472645,0.0,0.0,0.0,0.0018223790918675234,0.005596221754400959,0.027726425139104897,0.0,0.03531651483577934,0.015732805997410535,0.006604815881329433,-0.04516509932224634,0.0,0.0,0.0,0.0,0.0,-0.00801033279814964,-0.010311060308120875
2013-12-31,0.0,0.0,0.011223878722203356,0.0015537193286595053,0.008603104261081887,0.012070667199339235,0.0,0.0,0.01372615004329945,0.0,0.0313306217237582,0.0,0.0,0.0,0.0017131223484524792,-0.0032013240396246982,0.0,0.0,0.008145487288423015,-0.006855066893903743,0.1411010016486068,3.2230967097577906e-11,0.012500862657718664,-0.0010281816319035822,-0.00794796440962631,-0.0035257535827904417,0.028536639603730006,-0.008516301448409692,-0.0073874034849926015,0.0014552710106596162,0.01313289416266544,0.0,0.00695591074159322,-0.006193690027123459,0.0,0.0,0.0,0.0,0.0,0.0,0.006879602627361609,0.0,0.009907172492602713,-0.0058303530894062905,0.0043947824708527065,0.0,0.0,0.0,0.0,-0.03922004220959751,0.0,-0.008822755082761704,-0.10919722921078824,-0.005825400194076134,-0.017549686984738633,-0.03500438099486778,-0.012912598790169545,-0.02607220936994726,-0.02581988110934094,0.0,0.0,-0.013126716120384732,-0.025991321751800193,-0.0175338724882413,-0.025252192679664557,-0.005467610690863481,-4.276431213490031e-11,0.0,-0.019363130453903553,-0.0045468265585859365,0.011400450625034987,0.0,-0.0020463653332445167,0.0,0.008640642929152117,0.0,0.0,0.0015103999081871552,0.0,0.011651705942187993,0.0,0.015587658247093293,0.0,0.02643642702831571,0.023260438145493185,0.022955520923661165,0.0,0.03747711476425402,0.014090970463236433,0.012110035402890622,-0.04644098215371564,0.0,0.0,0.0,0.0016477472572544545,-0.008332846093662513,0.0,-0.0009879130791006717
2014-01-31,0.006118859982343071,0.0,0.0,0.0019107451774229005,0.0,0.00785365595869507,0.0,0.0,0.0,0.0,2.5731315095480002e-11,0.0,-0.0024528803605338655,0.016436905132765293,0.0,-0.017103315949568747,0.001489081126454263,-0.011978527778901838,0.005723897531794906,-0.013173744103714453,0.0,0.0,0.006745505896902751,-4.5515472185708314e-11,0.0,-0.06145949260522239,0.011635529623855296,-0.011180802813359399,-0.008290439258099459,0.0024086972326004766,0.01787254455197757,0.0,0.0,-0.02787899680590402,0.004870596307761733,0.003979239774728018,0.03814841188005933,0.0,0.0,0.0,0.0,0.0,0.006641111563357975,-0.004683568274473709,0.005108830840522129,0.0,0.0,0.0,0.0,-0.04403421067555231,0.0,-0.010503468312297837,-0.032444157232391066,-0.006941696448915325,-0.019209866442741683,-0.02337457726456414,-0.014890808505662366,-0.029530520556154977,-0.027331018725122527,-0.007520699603023792,0.0,-0.012430158489419512,-0.011300913683962887,-0.02556911459397586,-0.018509032039007743,-0.0060093887719152635,0.0,0.0,-0.007492940102938586,-0.0020122076150038723,0.038181778733758616,0.0,-0.010504236064647222,9.86746800239104e-05,0.0,0.0,0.00343595649345511,0.009446700128639865,0.01566699873072592,0.11892080291434289,0.006664693860425285,0.00731506776797463,0.0,0.01596163588562445,0.03136434402835267,0.0,0.0,0.05580856417096765,0.0,0.022174949547143188,-0.029705799801196916,0.0,0.008107739015951278,0.0,0.02990848143564236,-0.0024834170762128437,0.0,0.0
2014-02-28,0.0,-0.005262216636166221,0.0,0.013752054468908185,-0.0030904605782211183,0.03169246087498521,0.0,0.0,-0.0011431577318348019,0.0,0.012431772565540691,0.0,-0.002216644615444958,0.0002249861344456804,0.0,-0.01415316888559862,0.0,-0.04259400242240176,0.0,-0.03015418145092798,0.0,0.001403141845896148,0.005058964417352176,0.0,0.0008688258293861382,-0.013357424495393514,0.050740828542286086,-0.002973064829507772,-0.0009223588066099025,0.031514576978256804,0.03363095319218705,0.010059744919661839,0.002430567840504775,-0.0383271665648466,0.008682040592732171,0.0,0.0,-0.0016423359275584408,0.005214428865932492,0.010466826411713382,0.03708247144289415,0.02368502329957165,0.0,-0.007779602172323744,0.029353102465884486,0.0029740714760546614,0.0,0.04266462489629115,0.0,-0.1390802241748005,0.0,-5.912480109057218e-11,-0.005329458538827797,0.0,0.0,-0.02454186900609963,-0.004730416330941565,-0.010809987335481755,-0.016150488782226143,-0.020848129970917714,0.0,0.0,-0.024281943860174182,-0.04015837304300688,-0.001539844706300889,0.0,0.00439346825467617,0.0,-0.0038518878164542692,-0.0031521300502100396,0.00488824072532629,0.0,-0.0027838641010735055,0.03446020829589929,0.0,0.0,0.0,0.0,0.0,0.005160405456075826,0.0,0.002822574617714399,0.0,0.0,4.357786470512887e-11,0.006312214046890285,0.0,0.012227056447075429,0.0,0.0,-0.029936669825965656,0.0,0.00982800897009543,0.0,0.06597635608218423,0.0,-0.0005026600483131793,-0.008686267233246043
2014-03-31,-0.004552178707485748,-0.013962699118082062,0.0,0.004909044003864785,-0.0034628816718822166,0.014014725264825027,0.0,-0.014934600253603412,-0.029943698535611518,0.0,0.00497149596698822,0.0,0.0,0.0,0.0,-0.024330493924520392,0.0,-0.030734984296946204,0.0,-0.04627204018296132,0.0,0.0,0.0,4.691584614748222e-11,0.012197451329096104,-0.047579980379137375,0.03661405522276148,-0.005168320740151695,-0.008362460741619173,0.048441612250157126,0.045406932340392864,0.0032205725592557894,0.00437061337698598,-0.012835492280759017,0.004245384626822817,0.0,0.0,0.0,0.016869028794234197,0.01141184074909814,0.0,0.004744844489609098,0.0,-0.027724171482810832,0.05028061088654637,0.02048181322923351,0.0,0.0054671639569472425,0.0,-0.039366615818284,0.0,0.0,0.0,0.002911440850319242,0.007743088316834357,-0.011731826758044885,-0.003273958601994317,-0.024301980303174358,-0.032104125650940535,-0.027766167965505524,0.0,0.022514606011478703,0.0,-0.0363218363434797,-0.004276849390674186,-0.0006144909391482331,0.021141149050140584,0.0,-0.0005937353314384027,-0.007979446152919015,0.0067196370843806905,0.0,-0.0003524365392874036,0.0366430663414592,0.0,0.0,0.0,-9.782813134729951e-11,-0.0021387917468787356,0.008968138982201591,0.0,0.011422443128780779,0.0,0.0,0.0,0.0221242240649812,0.0,0.0035239481451036603,0.0,0.0,-0.0245505554447133,0.0,0.022487709387594194,-0.002441587100336168,0.03884645026982374,0.007306909273167406,0.0,-0.012321593499782145
2014-04-30,-9.314422253228393e-11,-0.011609472283186768,0.0,0.002338951106147293,0.0,0.007548796251671992,0.0,-0.02054749125186683,-0.001620517391875297,0.0,0.01098038861745319,-0.009009519037406613,3.507455739780693e-11,0.0,0.0,-0.007834607423873548,0.0,-0.009962797961631235,0.0,-0.014638739820932653,0.0,0.0,0.0,0.0037493583295292107,0.014704896903720047,-0.03354589460036906,0.005104137098618413,-0.0036204009312129064,-0.0006233564027447618,0.04241384327700274,0.0476168612369453,0.026876708828701176,0.03473143072716369,0.0,0.009200307926821001,0.0032537063818480778,0.0076805555094857795,0.0,0.016968354078103327,0.0022041803031739885,0.0,0.013287912851674653,0.0,-0.011734155786416742,0.050075678432086684,0.0232190750083768,0.0,0.006250758017150263,0.0,-0.03499831891713569,0.0,-0.0015286214982074223,-0.008347473001003603,-0.0018322542495782738,0.0,-0.01893685606401719,0.0,-0.025689806429381148,-0.09397314940539693,-0.03275540984535827,0.0,-0.004837280880888198,-0.012293797398764544,-0.03180891725616223,-0.030991001620619577,-0.005897309429226661,0.02811720652428479,0.0,0.0,-0.026368808761467962,0.002008094671043319,0.0,-0.0037532827794369305,0.04414159915664208,0.021872263595862602,-0.0044049284601092595,0.0,0.0,-0.004379389610900597,0.0,0.0,0.002710558854892531,0.0,0.0,0.0,0.03126604037491644,0.0,0.002094429518873426,0.0,0.0,0.0,0.0,0.011305693409484752,0.0,0.010732137858393762,0.017546075114858176,0.0,-0.0324564414076848
2014-05-31,0.006452491446730966,0.0,0.011982201982033728,0.0,-0.0015812598798192654,0.0013567220720226408,0.007072650607891748,-0.012097742940888835,-0.008807173356968935,0.0,0.0,0.0,0.009268307053735771,0.008737230611923115,0.0,-0.00473972740527659,0.0,-0.008231117457918762,0.0,-0.017515382605712417,0.0,0.0,0.0,0.03365722552270639,0.004042674372915393,-0.025448606686223847,0.007025980906494427,0.0,0.0,0.02942435910289483,0.014718732600035657,0.008504998417951382,0.010328909186086015,0.0,0.0004265365984506736,0.0,0.026852432123461462,0.0,0.0,0.03859686707049972,0.0,0.012597276624219335,2.9134909471172976e-11,-0.0026201785922501807,0.015211409545926705,0.01602834444216339,0.0,0.11870277044889745,0.0,-0.04838134189301596,0.0,-0.012989561645063367,-0.018317719482687584,-0.007613786051783265,-0.0066041340867963975,-0.021097002257795743,0.0,-0.01786292123541022,-0.026604318845006403,-0.055987738164944914,0.0,-0.007824166000688344,-0.017970726015149683,-0.03158939863968323,-0.03370968007827014,-0.012295251690741343,0.009976700024202501,0.0009908113431428547,-0.0036220330521131014,-0.019826139397417546,0.0,0.0,-0.017333803177499166,0.03834600001794172,0.021631286919889144,-0.02077688141941715,0.016005036941950636,0.016242200536441487,0.0,-5.833125799354778e-11,0.0,0.0,0.0,0.0,-0.0017958447148368178,0.011416741554989415,0.0,0.0,0.0009598029028460387,0.0,0.0,0.0,0.0,0.003443298992420361,0.0,0.0,-0.00571371706585997,-0.031042646102429627
2014-06-30,0.0,-0.004101160312198754,0.0074308075026366955,0.0,0.0,0.11319257883667357,0.07061091507477715,-0.009652393399481015,0.0,0.0,0.0,-0.00829205367333536,0.0,0.0021957367210157924,-0.0013530776289461827,-0.0074622986613612444,0.0,-0.011963185378815635,0.0,-0.014111557524861765,0.0,0.0,0.0,0.021708710324217777,0.0,-0.06548003201522422,0.005964880597731421,0.0,0.0,0.0060896926364558904,0.006547419997582089,0.00924483283053995,0.008510748123458658,0.02314434805047047,0.005758938407875856,0.00045893628236792484,0.017264924273332618,0.0,0.0,0.015410211652967486,0.014035223078096078,0.011802956680597597,0.0,-0.00203929437451113,0.013669827733183369,0.012262217085336124,0.0,2.0452458708836026e-11,0.03878442148772733,-0.019488439922013146,0.0,0.0,-0.024007710095461328,-0.006610026634007661,0.0,-0.019973728912323952,0.0,-0.015588719825697652,-0.014916690234048636,-0.033883179152908074,0.0,0.0,-0.01795513349476834,-0.03493127588130862,-0.029465048281601142,-0.006775994270153054,0.0,-8.993642551554488e-05,0.0,-0.02458237091758163,0.0,-0.004420194343484418,-0.07313022213700053,0.017853626018878306,0.007402942997604579,-0.02017330384125026,-4.356077624434913e-11,-0.004488185498822167,-0.010077018411081103,-0.004360303291050655,0.0,0.0,0.0,0.010909513728755997,0.0,0.023372828174925364,0.0,0.00816749251571864,0.0,0.006044357940275881,0.005784336082314975,0.0,0.0,0.0,0.005663866337966165,0.0,0.010712708806063832,-0.010627465417625988
2014-07-31,0.0,0.0,0.022110848169969066,0.0,0.0,0.01311932224424634,0.03266491730011656,-0.010089407298735581,0.007340188111921404,0.0,0.0,-0.0010096201435715196,0.004237460019680231,0.0011011073330959797,0.0,0.0,0.0008186475371767251,-0.02713517164665703,0.0,-0.14832539424096514,0.006077539196266802,0.002771643450788949,0.0,0.012183644372246342,0.0,-0.0014613652384244183,0.024479845830793812,0.0,0.0,0.00500070180879873,0.009810057353459219,0.019987543512058704,0.05487871302847367,0.0029604087537017845,0.0,-0.0029831083505442654,0.0,-0.008881823213756185,0.0,0.0,0.008528390913271898,0.007398138304765294,0.0,0.0011886172955335255,0.04930479098499861,0.04655153920418077,0.0,0.0,0.022281725283017636,-0.011613390425159036,0.0,0.0,-0.0039632060767127945,0.0,0.0,-0.020422817400804028,-0.002463984242817843,-0.012738255373963036,-0.015086894083352315,-0.020078413910316697,0.0,0.0,-0.005497138681973492,-0.013414470815239743,-0.009913807547351805,-5.33882131476016e-11,0.0016552924913650075,-0.007376531171981766,0.0,-0.02442607043615459,-0.0002697508302661581,-0.010786104536311288,-0.02994693193241435,0.02850354474666557,0.011796362531889412,-0.05320587919479665,-0.014547486547534254,-0.007141830589885929,0.0,0.0,3.308295534416161e-11,-0.015652785322467725,0.0,0.009913709444390685,0.0,0.02159647845698187,0.0,0.0011762824614172803,0.0,-0.010915583181766117,0.07056253982564513,0.0,0.0,0.0,0.0,0.0,-0.0005246936430748406,-0.010128083869613256
2014-08-31,0.019386038654834604,0.0,0.0,0.0,-0.0009702081699193314,0.005822369866987189,0.0,-0.034280864294772895,5.719847630453363e-11,0.0,0.0,0.0,0.0,0.0,0.0,-0.0007476842429246223,0.0,-0.0024738489148625514,0.023277940816567477,-0.0593887606728496,0.028705928996475054,-3.92833109305341e-05,0.0,0.005139528627703792,0.0029942631916972146,0.0,0.009347100675619861,0.011622020427915639,0.02871781334512563,0.015935626923926294,0.0,0.004816451477621198,0.0,0.0,0.0,-0.010060126270794494,0.0013776939264315395,-0.009800602916170183,0.01788082943746686,0.0,0.004093701523297179,0.0,0.0,0.02967168254028502,0.007233918698841332,0.04911581722774207,0.0,0.006908937574488146,0.013817817350156513,-0.010013348086106237,0.0,0.0,0.0,0.0,0.003950570149125359,-0.03141044377415798,0.0,-0.007858134107109924,-0.013191844906915325,-0.028562256993042417,0.0,0.0,-0.008022147236742038,-0.022708428691791196,-0.008436356706623,0.0,0.018917184051052336,0.0,0.014772352974894699,-0.004324808249103135,0.0,0.0,-0.018821595410762386,0.05927198051983997,0.03390040247491666,-0.035151801026276894,-0.009791220966077877,0.0,-0.024408510230743977,-0.024401698219432572,0.0,-0.0423196578603556,0.0,-1.094898314370843e-10,0.01813037910679458,0.0411184535689244,0.0,0.014512750171234143,-0.005015520117865619,-0.0385270954014315,-0.018762695370994027,0.0,0.008757190392593261,-0.00272673641906954,0.0,0.0008032552502433488,-0.013103615378741206,-0.014680705943943493
2014-09-30,-0.008641421682167411,0.0,0.0,0.0,0.0,0.00624889968496909,0.0,-0.03964147198632681,0.002330995785657818,0.0,0.0,-0.006981823946456153,0.0,0.0,0.0,0.0,0.001929576137216458,0.004536748452132633,-0.009969387076907593,-0.01767426260481896,0.012021040848140143,-0.007737720444291005,0.0,0.0038353236003558448,0.0,0.0,0.0035096449512058816,0.03435357281361841,0.033675253640007494,0.044618173549221346,0.0017485490302262077,0.00040635342895007975,0.0,0.0,-0.0020745717312203172,-0.010080251242948528,0.0,-0.005914650151903621,0.043395236574669635,0.0,0.004499519038861284,5.802025312983441e-11,0.0,0.014620362276295045,0.0,0.032381281316352796,0.0,0.009436705638241626,0.012453013300970565,0.0,0.0,0.0,0.0,0.0,0.011347612262000744,-0.022855792846615052,0.02848287507166935,0.0,0.007084206658559387,-0.02208706376560278,0.0,0.0,-0.007287969485231882,-0.01981391956607832,-0.008494077026998038,0.0,0.024205551949298625,-0.012523521971028592,0.0,-0.0271477416491495,-0.01245316764152884,-0.0050409889333405625,-0.021906864733636643,0.04688050015583362,0.06363748568335559,-0.03436761525396345,-0.005150317245388199,0.0,-0.019964058788164502,-0.021133449802858625,-8.54764312053342e-11,-0.0587411967605447,0.0,-0.004806085837447793,0.01018905288349476,0.01765771302254801,0.0,0.020440221654624894,0.0,-0.030082138236282426,-0.007203453396679102,0.0,0.0014965857019150486,0.0,0.0,0.0025779448315873003,-0.02478500640718574,-0.02544000969975841
2014-10-31,0.0,0.0,0.03288738625690413,0.0015713914520662326,0.0,0.005852258500841764,0.0,-0.06816589591670673,0.0,0.0,0.01893005642205879,-0.0017367917921856605,0.0,0.0022491697318920856,0.0,0.0,0.0,0.0,0.01704210704059408,-0.005510961303207258,0.0038703162160800345,-0.009663152150185149,0.0,0.005677510844893185,0.019417073886442936,0.0,0.0,0.0014072333469666884,0.003289363662951631,0.03384105615419054,0.01028474588565332,5.27104400581025e-11,0.0,0.0053270910556680266,-0.009248499878403798,-0.003184602758000933,0.0,-0.0024275459469382675,0.020847347882104385,0.0,0.10254461072253902,0.0004493198679904674,0.0,0.0,0.0,0.028818120843932406,0.0,0.03173797733527273,0.003148417039442468,0.0,0.0,-0.006034471778709437,-0.009060077468059645,0.0,0.0,-0.03789833714161498,-0.012568982694546768,-0.01670742859189572,0.0,-0.015639093430451428,0.0,-0.010802571455908088,-0.015170007999527434,-0.029039284185585754,-0.02328199759105482,0.0,0.021259791364259054,0.0,0.0,-0.02062145248016863,-0.007607062838333921,-0.007523529552076736,-0.01574775197287836,0.013285629544947436,0.025833102245578714,-0.02148093560407193,0.00044634997401622436,0.0015724852444496172,-0.0032035924287873514,-0.023893920406346178,0.0,-0.04177693017069986,0.0,0.0,0.044567527394502315,0.008431483865341958,0.0,0.008783465532765098,0.0,-0.027462131675038987,-1.0426593283629159e-10,0.0,0.026627610632944238,0.0,-0.009770649221084587,0.0,-0.028620096029496105,-0.01615224543376952
2014-11-30,0.0,0.0037190609886092346,0.030278610118887057,0.0,0.0,0.0004594234934842829,0.0,-0.01604920347458054,0.0,0.0,0.0,-0.013968652449966907,0.0,0.0,0.005438278058446915,0.0,0.0020289268623572675,0.0,0.016123080334633198,-0.0032906468049309925,0.0,-0.01361007182577891,0.0,0.0,0.04212922619569831,0.016445716660924592,0.0,0.01122455233812016,0.023802448339845232,0.02982302737653067,0.025619163134064864,0.006509221975626657,0.025741329515748614,0.008367366107943964,0.0,0.002885030218342282,0.0013393022893526992,0.0,0.01094280042597747,0.006390712461355659,0.0,-0.0007842866694517771,0.000464416356809917,0.005024642458450632,-0.004422787511528682,0.0,0.0,0.0,-0.0037567448866653776,0.0,0.0,-0.002607409143684385,-0.021750467056762587,0.0,-0.0003923209779658568,-0.01849058637438625,-0.013795378677806397,-0.015189991702847842,0.0,-0.007963824822613269,0.0,-0.013292906784390351,-0.009415860303213583,-0.016925063108134047,-0.017635594431266145,-0.008885408272389973,0.0,-0.0042086478863677425,0.0,-0.024465591361381555,-0.02647879623114841,0.0,-0.04008921903852791,0.07347402399512687,0.061622895605182575,-0.006012850382657068,0.010030389975161131,0.03378929100514573,0.0,0.0,0.0,-0.11193711135453215,0.0,0.0,0.029419197524288076,0.0005071567093885588,0.0,0.0,0.006545468746871945,-0.01451272003105999,-9.505540332840137e-11,0.0,6.599325443955653e-11,0.009855240661632179,-0.007485296281907104,0.0,-0.04836710118470986,-0.01421546087428897
2014-12-31,0.0,0.0,0.0,-0.002463876896455853,-0.02801240479342383,-0.0029468194952052304,0.0,0.0008752868917307996,-0.005830116733565945,0.0,0.0,-0.009682403012785688,-0.020939894715676054,-0.004212284704817721,0.0,-0.018461970075366558,0.0,-0.005422760948362575,0.005770070168599253,-0.018341867314313542,-0.10073957729942246,-0.003808710809368281,-0.004097580140584175,-0.007398145624126159,0.034376157300263874,0.024958249075279864,-0.009513062597291396,0.032589062625150725,0.011261876193648835,0.01598176084073273,0.03542378713883296,0.012171453265185669,0.019549946603566414,0.0,0.0,0.005443015363615931,0.0,0.0,0.01839993145209399,0.0,0.0,0.0,0.0,0.0,-0.01364880190066515,-0.0030050926409236813,0.0,-5.775719355990493e-11,-0.034431291263711,0.0,-0.024487190802598993,0.0,4.117092090471721e-11,0.006602223726151741,0.0032150131319111123,0.0,0.0,0.0,0.004235798603035768,-0.012225013812702601,0.0,0.0,0.0,0.0,-0.029438388772654464,0.0038228342238658558,-0.009384285545736504,-0.012958557408310777,0.004841279022715916,-0.000492996863356012,-0.008404424712373165,0.0,-0.02587817381291551,0.03867599525246669,0.05162313174302953,0.0,0.04606444991776089,0.05388335632909363,-0.008887545522612157,0.0,0.0,-0.06830411842772735,0.0,0.0006185440955599239,0.02382589887422199,0.005068120986726911,0.0,0.0,0.010968734608402182,-0.006582643295190008,0.0,0.0,0.0048647390207478105,0.016136589016564666,0.0023106708211672483,0.0,0.0,0.006442023666706164
2015-01-31,0.0,0.0,0.001372823572210708,0.0009144217369253609,0.0,0.0,0.0,0.0,-0.00033957604702235613,0.0,0.0,-0.0030393893591598854,-0.03552631012989272,-0.010740103805871462,0.0,-0.016752881161652158,0.0,-0.016157411801104405,0.0011365994473008843,-0.014727204335827032,-2.0994947448681595e-11,-0.0061861621394897395,-0.19573770887893555,-0.011871584113117303,0.014057029631712289,0.07285465104400979,-0.05945826833412815,0.017170615761639165,0.01130689238931447,0.019558019142291452,0.04734926559796308,0.005961621064363863,0.03378063443402361,0.0,0.0,0.003393683593178607,-0.0048655492624406224,-0.0011307075801734725,0.015921333161547674,0.0,-0.0028224682911345226,0.0,0.0,0.0,-0.003222967299300787,-0.002003176449058666,0.0,-0.0007504285021060804,-0.00113966991889406,0.0,0.0,0.0,0.0020780330247621636,0.008319568111605167,0.003032046747601287,0.0,0.0,0.0,0.006933980913658766,-0.00126351923889327,0.0,0.0,0.0019547545062376472,0.0,0.0,0.008377340660908152,0.0,-0.010424249243792857,0.0,-0.004254913225624749,-0.026254857706277227,-0.0029957044838292094,-0.03815937710067971,0.0190676303060605,0.039110034183561126,-0.0012744322488149995,0.0009574967704831373,0.013020088375044665,-0.007730583762337788,0.0,0.0,-0.015267207322366798,0.0,0.006900477002717579,0.051194233346443185,0.0,0.0,0.0,5.586691454083959e-11,-0.004106913089637542,-0.0017966751474419776,0.0,0.018006072415986372,0.051860661361021264,0.008187840266927753,0.0,0.0,0.01622215137463344
2015-02-28,0.0,0.0,0.0,0.0,0.0,0.0008257928991817266,-0.004949831978001467,0.0,0.0,0.0,0.00043106412118801464,-0.0041900962801659615,-0.06377567956560871,-0.0736309596490761,0.0,-0.032484836049215524,-9.035809258726897e-06,-0.03165236443251165,0.0,-0.006582617213269263,-0.0015106449038383015,-0.001468215677897865,-0.006032173891398894,-0.013411957345351829,0.0,0.031339879482704266,-0.06401405574769803,0.0013843887161529348,0.004761300432700648,0.00539498222665404,0.026161826413652417,0.0,0.03500705404948969,0.0,0.0,0.016921397342610837,-0.008341818969080556,-0.020138827687514713,0.017929237860075137,0.0,0.0,-3.404627418856891e-11,0.0,-0.00029845150530443467,-0.006224319976983978,0.0,0.0,-0.0036770272625248498,-0.001864451806456803,0.005585616477080026,0.0,0.005939998675402262,0.011241045546181104,0.015607056040117468,0.011799683946710233,0.0,0.0,0.005511815166394933,0.031144820006500762,0.0,0.0,0.0020038766851085323,0.018609324897069703,0.0,0.0,0.022553071015370497,0.005731658342285916,-0.0027344232635052347,0.0,-0.022453650400754307,-0.015747490727471693,-0.006028578425539402,-0.04786287457461545,0.014624556063394462,0.0894050531565435,-0.020835247158817436,0.0,0.00341840894917765,-0.002771258091406059,0.0,0.0,-0.03080399577361955,0.0,0.0,0.034279363524460094,-0.0031146218504409175,0.0,0.0,0.0,-0.0033904939486260667,0.0016387589202385747,0.0,0.02542299947570438,0.036171079278300426,0.01915489024403999,0.0,0.0,4.5509785480129e-11
2015-03-31,0.0,0.0,0.0,-0.007115632248843719,-0.004570218412774727,-0.0005830016400336719,-0.016422416479739653,0.0,-0.021796362204069126,0.0,-0.002263303566873415,-0.01027783835658923,-0.004609942398227794,-0.020640783224432382,-0.013492272617056216,-0.08747736378406878,0.0,-3.6309013409324634e-11,0.0,-0.010590756322608901,0.0,-0.0008912641902213789,-0.005010952703714047,-0.002161532411138778,0.0,0.05908255561751472,-0.010122223777743024,0.0,0.0032034854252676144,0.0182614605115729,0.015971395963007513,-0.18138958574028158,0.057599201505570574,-0.02593812735314246,0.025368631890271682,0.03803292700203753,0.0027959438394227934,0.0050698152242228565,0.03912593992948404,-0.021246409005228745,-0.009871093891038529,-0.00130396410232796,-0.002258798995192666,0.0,-0.0007673757976371623,-0.012168608971379167,0.0,-0.011226205399232414,-0.007316812432682226,0.004774503977546125,0.0,0.0,0.0,0.0,6.986661406660822e-11,0.0,0.0,0.00043185365799818827,0.010108821553404269,0.0,0.0,0.0,0.0007213512220739638,0.0,-0.0007938285371711817,0.0,0.002696246084930612,0.0,0.0024988063910852754,0.0,0.0,0.0,-0.004684770242121299,0.0030029242208419065,0.02644979537794439,-0.0030085551581207153,0.0010554472017192853,0.004836250712519539,0.0,0.0,0.0,0.0,0.0,0.000313069742220035,0.04652494609834021,0.0006273959222612603,0.0,0.0,0.0,0.0,0.016538282817724737,0.0,0.03605897982602427,0.045557777088376626,0.02635845199190449,0.006022589714253202,0.0,0.0009111494205927688
2015-04-30,-0.000919378008213001,0.0,-0.002444952930168404,-0.016470239385119007,-0.032978992998358485,0.0,-0.03354968096387926,0.0,-0.017322455108309497,0.0,-0.015859412469149563,-0.01557108063690615,-0.007356933871902046,-0.009622423686657338,-0.026717294697263142,-0.04232509827878515,0.0,-0.008152445600668856,0.0,-0.03717676405858623,0.0,0.0,-0.005224508431315584,-0.0040273639970824435,0.0,0.08241012231403363,0.0,0.0,0.00998482487545056,0.01736701057442344,0.04234176835895891,-0.027824060774568664,0.033791257417483324,-0.029155698021643976,0.039631573665985624,0.0331199402837935,0.006798881504823697,0.00262631345328576,0.022230522655304768,-0.02321254136970221,-0.05037226735686341,0.0,-0.008431414154941396,-0.0002001994126811781,0.0,-0.04705850760774484,0.0,-0.014935641971245495,-0.006734762343264747,0.003861160863855881,-5.7431943165539565e-11,8.557905976535703e-11,0.0,0.0003391974038232071,0.0,0.0,0.0,0.0010339840002013742,0.008910500117030581,0.0,0.0,0.0,0.00483845586909359,0.0,0.0,0.0,0.006486166822196804,0.0,0.0,0.0,0.0,0.0,-0.006323387859898731,-0.0033217122888341407,0.0,-0.006004553554770427,0.005222894909330674,0.005824917331487594,0.002340613117471973,0.0,0.0,0.0,0.0,0.0028653434229757293,0.03652514238238173,0.0028690965297956967,0.0,-0.0007062281040447025,0.0053062224637591285,0.0,0.009116018104910235,0.0,0.02147677703726462,0.033467338230368765,0.043237685208497544,0.013918720668221276,0.0,0.0020575503282113184
2015-05-31,-0.005955890932929546,-0.007888979521639564,0.0,-0.0002864589366129514,0.0,0.0,9.973179282341198e-11,0.012565665995049831,-0.0054474475782629725,0.0,0.011936767959380746,-0.024913812489284787,0.0,-0.038604934135956136,-0.003064710433029351,-0.01682644319063868,-0.02021374848595132,0.0,-0.011577594864392573,-0.026478079693387068,0.0,0.002888680752390111,0.0,0.0,0.0,0.06918861427885868,-0.04225796563449873,0.0,0.02244333873479956,0.00589560015906926,0.03592001262095695,-0.006610943889107292,0.04251451824517775,-0.019643045448253075,0.01563934399719486,0.020577853809189754,0.0,0.0,-0.004201564426114615,0.0,-0.04176726259853561,0.009872002290999249,-0.0234804915708823,0.0,-0.01076564125143012,-0.016045215430430377,0.0,0.0,-0.027586583647726818,0.01010200862114196,-0.010419428589763555,0.0,-0.0027656366680837018,0.003071546491021425,0.0,-0.0001888573325978407,0.0,0.0,0.008460025324956162,0.0,0.0,-0.001509718051953058,0.0,0.0,-0.06510543380885621,-0.017385924031993877,0.013314881045341455,0.0,0.011122658933293901,0.0,0.000645291352238426,0.0,0.0,0.0,-0.02620271395195017,0.0,-0.0016453885071386592,0.0,-0.021160084783661468,0.0,0.0,0.0,0.0,0.0005663806533167967,0.025413336744243696,0.0068489694874237,0.0,0.0008506429881086286,0.017983274711856147,0.0015087331105202357,0.005399763263663123,0.0,0.03717826781158329,-1.1493743264381343e-10,0.048250647937055365,0.016138190375885892,0.006153862537295247,0.03754911966825603
2015-06-30,-0.005195230507711894,0.0,0.0,0.0,0.0,0.005481953632135129,0.0,0.0055162955253523415,-0.01235583402098215,0.0,0.004901272080022484,-0.029997517664478338,0.0,-0.009142984227423892,0.0,-0.02308669910810342,0.0,0.0,-0.009035441021087581,-0.03351586855914474,-0.009116547005689637,0.0009758148160694975,-0.006511212959168042,0.0,-0.008145423844444435,0.023066314728022373,-0.02205870866321988,-0.0004599390217390223,0.003971700364143494,-0.02171709033944357,0.030500391579326908,-0.02486419289471415,0.021225710357771807,-0.02574638578147512,0.025488576717718214,0.03320288589797322,-0.00024089509195336504,0.0004423425458049947,-0.0030228918600412416,0.0,-0.022672242998393814,0.0018040590112085213,-0.02884734509607066,0.0,-0.008314329181218489,-0.013233763361232706,0.0,-1.8112934330220021e-10,-0.003567748329105195,0.008149777540511095,-0.009714523036353463,0.00828229404016722,0.0,0.007649326216444122,0.0027455631645855356,-0.0017926858151048428,0.0,0.0,0.0,0.0,0.0,0.0,0.025287099330605585,0.006125121991549967,-0.05306641836697985,0.0,0.0,0.0,0.0036387362435928885,-0.004355463244334392,0.0,0.0,0.0,-0.014176753176382367,-0.06465252946736623,0.0,-0.03139333517550816,6.448166996479627e-11,0.0,0.0,0.0,0.0,0.0,0.0,0.025661038887186006,0.003906332854434322,0.0,0.0,0.013264509486129,0.002622112275490237,0.005327622664810784,0.0,0.0129249798485403,0.0072138219572271,0.14978293103524423,0.03476325570889294,0.0,0.026078159434557928
2015-07-31,-0.03247178943467665,-0.009404333479179305,0.0,0.0,0.0,0.009337465996145768,0.0,0.0,-0.0017585666850332745,0.0,7.25083659381654e-11,-0.010363758967422292,-0.0006137359006667096,-0.003545706537721151,-0.0014201928978520204,-0.013034706849161417,-1.2601026572843063e-10,0.0,-0.005476755642120088,-0.020644387540148704,-0.012980529055388719,0.0,-0.0012723617065590663,0.0,0.0057030148172167285,0.0006979239179068622,-0.03541029566173172,-0.0013682994420819098,0.0,-0.0002609572489765473,0.011953189850004445,-0.009873190523374934,0.00858068884252154,-0.019641548901231744,0.020618317415518974,0.025384238723697924,0.04842317883183738,0.0,0.0012854083695578947,0.0,-0.004204779548865581,0.015756886894257825,-0.021879994979028882,-0.0036342000227432203,0.0,0.0,0.0,0.0,0.0,0.008821087248246378,0.0,0.01268646233921712,0.0,0.002163087633097631,0.0171677660442242,0.007933384419803836,0.0019378738152370353,0.0,0.0,0.0,0.0,0.0,0.013748014604471422,0.10803058177346933,0.0,0.014565599076452494,0.0,0.0,0.0012350856016306777,-0.0033220698268030006,0.0,-0.008271022526054495,0.0,-0.033554815924583405,-0.19081853388071726,-0.012834261668005883,-0.024424848930839065,0.0,0.0,-0.007636013549080277,0.0,-0.005766732894277339,0.0,-0.004111609649665096,0.003917840084414009,0.011416913282211399,0.0,0.008939824239608044,0.018140439641365764,0.0,0.010467574577730033,0.0,0.03492350687926563,0.0,0.042156007774101396,0.030562446988501905,0.0,0.0034461902457778803
2015-08-31,-0.01239082307434615,-0.04481768403745376,0.0,0.0,0.0007513867488803037,0.022948852025727908,0.0,0.0,0.0,0.0,0.020362533980734197,0.0,-0.003796977007717466,-0.03195358748619413,0.0,-0.008408259092636563,0.0,0.0,-0.0025761847282507653,-0.00549826847782446,-3.8357775042673193e-11,0.00015578655498409412,0.0,0.0,0.006404361907355794,-0.005110957002089941,-0.006703636845933655,-0.04200551742609605,3.636972666105997e-11,0.008262887197184866,0.006469636969196059,-0.02863396302782285,0.0,-0.010270771094535018,0.2,0.04062852550124365,0.028727694390647412,0.0204246580807112,0.0,-0.011568472445967443,0.005209598912358117,0.013847771097605875,-0.008608579643494006,0.0,0.0,0.0,0.0,0.0,0.0005171868323133644,0.00314864770139939,0.022559593645235125,0.003380330581322532,0.0,0.0,0.0,0.0,0.0,-0.004599061122588419,0.0,0.0,0.0,0.0,0.0015124259679621652,0.0026428246305642412,0.0004528221260703295,0.0,0.0,0.0,0.0,-0.01732477747024958,-0.012585606289156606,-0.03281482589648217,-0.01265978011384755,-0.049034016584749235,-0.06343486558509095,-0.0034997709611116683,-0.00570710519353717,-0.010536956567510683,0.0,-0.05863731730203848,0.0,-0.0020529251045121356,0.0,-0.00032158287924534846,0.005183580355022423,0.004189096727494397,0.0,0.016971315518822902,0.010634179504698332,-0.0025763798406195438,0.0022703838514222317,0.0,0.009280157931933123,0.0,0.022067384394757476,0.018979741221917257,-0.0018713476605405593,0.0020166356060654653
2015-09-30,-0.03295798491247738,-0.08168830291546549,0.0,0.0,0.0006303236547893902,0.026168536591791407,-0.010137841810925386,0.0,0.0,0.0,0.020492307543169483,0.0,0.0,-0.038347147359727586,0.0,-0.007523317920974251,-0.01910395940935612,7.525461473993113e-11,0.0,-0.0027201883150260392,-0.0013699266980629673,0.0,0.0,-0.005028862607787885,0.014629001621753167,-0.05834406009064468,-0.044443200091920695,-0.013318690188466233,-0.01349910343456455,0.0,0.012028754470744965,-0.004808641086483759,0.0,-0.002144546070733779,0.02804932933147014,0.014024754145685221,0.06893707051014318,0.03597621818655724,0.0,-0.011730287893054754,0.016819829016252744,0.013241704154090192,-0.0017998754532100795,0.0,0.002041324680322249,0.007602311710296247,0.0,0.0,0.0014515978518123349,0.0032554003957234925,0.03856435354744299,0.008405421274409743,0.0,0.0012248921469288686,0.0,0.0,0.007219155876691833,-0.004107923065442956,0.0,0.0,0.0,8.739297882255552e-06,0.0,0.0,0.0,-0.0014827486987966608,-0.01629862681553092,0.0,0.0,0.0,-0.011634662137864066,-0.008460288361035124,-0.037668980039207184,-0.019815585672650477,-9.646050057210394e-05,0.0023348851390514866,0.0,0.008687652101272085,0.0,-3.71816028304346e-11,0.0,-0.02123408222879252,0.0,-0.009088916312890494,0.005620658789460046,0.00401580804847488,0.0,0.019718293914403377,0.011412451693225144,-0.016191737634395086,0.0,0.0,0.019486094411312386,-0.004954052236759206,0.05096056860399008,0.056992561215598786,0.0,0.0
2015-10-31,-0.012091188541007108,-0.012614767957623105,0.0,0.0,7.49190565173753e-11,0.0068527664856162015,-0.059539711340821984,0.0,0.0,0.0,0.01132247120774424,0.0052538539122068675,0.0,-0.04196695694581279,0.0,0.0,-0.0009586524276719447,-4.826950824082963e-11,0.0,-0.0173973155611812,0.0,-0.09480622197415497,0.0,-0.04308354511256917,0.002997640036696941,-0.01510240033996344,-0.009515893610791878,-0.01812517443407451,-0.018311733446441717,0.0,0.0,-0.0028551048386492,-0.017699101086843288,-0.005106187621714412,0.030135225420359554,0.016049086134533094,0.07328379765565064,0.052915388028416624,0.0,0.0,0.0,-0.00457745733300092,0.0,0.005230834422346714,0.004109952170736572,0.0,0.0,0.0,0.0026478373194345557,0.0,0.030990609453354353,0.004131023164138266,0.0,0.0,0.0,-0.0017727321088632023,0.006766385275864037,-0.008601148360190755,0.0,0.008096564979704726,0.0,0.0,0.0,0.0,1.5213787607740513e-06,-0.01589603227351053,-0.015931821358923827,0.0,0.011867123737116217,0.0,-0.01229698103859796,-0.010926971357207887,-0.019883907930029098,-0.006566573825534561,-0.005302968351454955,0.006423486698608889,0.0015900623100723764,0.01944608356449845,0.025390921728713683,0.003805252177086634,-0.0010571626482408312,0.0,0.0,-0.010518356428663495,0.0012621841813246588,0.006208297868543377,0.0,0.0291329200030025,0.041830264721949964,-0.012811373361030982,0.0,0.0,0.0,-0.0046825583371607514,0.045161105224398757,0.04383549362973225,0.0032618470344689503,0.0
2015-11-30,0.004280057297402309,0.0,0.0,0.008194585257888997,0.010264140342083028,0.016705792977392105,0.0,-0.029079574519466918,0.0,0.0,0.026235581499194346,0.003533591113563893,-0.0025266275322492603,0.0,0.013700977708595507,-0.0037812395208128235,0.0,0.0,0.00602596892939507,-0.006788193941306778,0.0,0.002087197471466408,0.0009410814556893046,0.0,0.0,-0.015779257775285438,0.0,-0.0001102794925610588,0.005495601719332872,-0.007739276473138982,0.0,0.0,-0.015913318366770506,-0.003292337034394603,0.02296702430978856,0.01167453517158058,0.031176205151754073,0.06694687456063415,-0.011128285871928366,0.005942502954305974,0.0,-0.012357185660748692,-0.023670891710140425,0.0,0.00255645276190628,0.0,0.0,0.0026969792948930205,0.0,0.0,0.05583273065287358,-0.0020662906642004643,-0.01218337070096129,0.006911225674726134,-0.07382700848195368,-0.002677410104336187,0.0,-0.006727841395854537,-0.002907754647775526,0.0,0.0,0.0,-0.050073473823147314,-0.0537154115592385,-0.021455312476220456,-0.0004961801595684148,0.0,-0.0019554311065903616,0.0,-9.277810938825371e-11,-0.004296482394796207,-0.01551458826500634,-0.012462314369930456,-0.05260398642251955,-0.042154130807876,0.0,0.004082319521288604,0.01684855298462616,0.021747579581157618,0.0,-0.012716544628442648,0.0,0.0,0.0,0.0,0.01844067028185117,0.0,0.02364203458779491,0.03405809789892328,0.0,0.0,0.0,1.283926700692191e-10,0.0,0.04461110509362585,0.0263102314316487,0.006090302186224932,0.0
2015-12-31,0.006281107453002143,0.0,0.0,0.0018204031079329692,0.01386401299545608,0.009916606045396143,0.0,-0.042321557927732956,0.0,0.0,0.018637743283407282,0.0013342674432345622,0.0,0.0,0.004738880783003784,-0.005380101349105598,-0.003045306735762213,0.0,0.0,-0.010117728572037753,0.0,0.0026250515402038853,0.013431897437047714,0.0,0.0,-0.03143499241821042,-0.012903287868595558,-0.012397514733398923,0.0,-0.010115917736183868,-0.005674287421678042,0.0,-0.001525761808305353,-0.010838083090123797,0.04055680137072514,0.027693491508311074,0.028648626890011228,0.07966390406413291,0.0,0.0033786661445612317,0.0,-0.00731318604276339,-0.02479279535034697,1.0322200872446404e-10,0.002221702706903568,0.0008448160467566112,0.0,0.009764073985372696,0.0,0.0,0.058971410676288374,0.0031648533582988294,-0.014113670749753322,0.007930848866006703,-0.009506652329131678,0.0,0.0,-0.006637790988758729,-0.022547653679251628,-0.01827078629644727,0.0,0.0,-0.040859723967376436,-0.05613585605940563,-0.05293544965440386,-0.0010713398989109014,0.0,-1.1650643412931849e-10,0.0,-0.001439997223711065,0.0,-0.012457871185768223,-0.0044549444839218945,-0.022348531630473897,-0.0397295755920275,0.0,0.0,0.0,0.006308185819147593,0.005009061018149773,-0.019077988128798427,-0.0005516469611082796,0.0,0.0,0.0,0.016692211207291644,0.0,0.02482725008611139,0.031275027444557534,0.0,0.0,0.0,0.0,0.008485927682274049,0.040884283915205974,0.029474882650864464,0.001554004367122595,0.0
2016-01-31,0.009637008685323864,1.2078387869783365e-10,0.0,0.0017948659705474396,0.007989334864934666,0.006350527130921875,0.0,-0.0277221557521104,0.0,0.0,0.007275494608666837,0.0016253462843746867,0.0,0.0,0.0,-0.005679975604514731,-0.02171463222131809,-0.010315513393852343,0.003476584078468201,-0.0067116907221489485,0.0,0.0005318933441710303,0.001894271578103181,0.0,0.0,-0.0007271125509401452,-0.002407587162216887,-0.005867560590330609,0.0,-0.0052090770915013684,-0.002690502172971327,0.0,-0.011074828099978213,-0.0020711683902166723,0.07145782948198823,0.028078451729373403,0.02673190636783632,0.028782359391238143,-0.009420611774209114,0.0,0.0,-0.0006152739381344543,-0.024860663018837513,0.0,0.0,0.0,0.0,0.00610112742986321,-0.006613324938005278,0.0,0.12332127462455575,0.005589270399106973,-0.0019767412537874925,0.010982673103010425,0.0,0.0,0.0,0.0021628627377250627,-0.01348335782305119,0.0,0.0,0.0,-0.019443095763932074,-0.2,-0.055302441260241,0.0,0.007929553666265993,0.0,-6.453474506965126e-11,0.0,0.0,-0.003668792043127687,-0.0034725993940259684,-0.001207859465367475,0.0,-0.00013289780537492177,0.00010908087066685821,0.0,0.007263569706757216,0.0,-0.024729165390749305,-0.008856269187733119,0.0,0.002439940200617886,0.008876944015450854,0.02555978679036598,0.0,0.005276028152834931,0.024106490969019866,0.0,-0.0004918614227587681,0.0,0.0,0.019556275413537362,0.037974641316468605,0.01712460696702127,0.0,-0.023533241704030188
2016-02-29,0.0,0.0,0.0,0.004045838289673435,0.014094320590271298,0.027345145870380328,0.0,0.0031999138734940275,0.0,0.0,0.0,0.0,1.0913380065075894e-10,0.0,-0.018456975712316505,0.0,-0.0026228450394259295,-0.0032900024809884667,0.0,-0.01490170539584653,-0.009708790430493486,0.0,0.012090943362760209,-0.005301214414388137,0.0,0.002884560150303768,0.0,0.0,0.0012809384490696412,-0.00201015520199838,-0.0005763213318251515,0.0,0.0,-0.0005292484643193177,0.0534423991510613,0.0179383714782971,0.03360959020668895,0.009112171128281957,0.010163810985390306,0.0,0.0,0.0,-0.00412762932704166,0.0,0.0,0.0,0.0,0.01956901847841106,-0.0005092268795676023,0.0,0.06982696490827711,0.020379690044858605,-0.05415470184000174,-0.018207498100346796,0.0,-0.01118131664079896,0.024176865298525318,0.03401039290225251,0.029417412223447206,0.0,0.0,-0.0005407744464424241,-0.02062676396292536,-0.0214835856010161,-0.006416892575766474,0.0,0.03822305765743724,-0.00907084735559408,0.0,0.0,-0.019933584718044864,-0.0016436377207671036,0.0,0.0047605329176327515,-0.004027937929663339,0.0,-0.04127619483294534,0.00020421492575707848,-0.08208559806879184,0.0013350559703734425,-0.04071352199386999,-0.05492367491997779,0.0,0.0,-0.006731790644761168,0.012265275683814554,0.0,0.00014032061593623104,0.0028887497847484385,0.0,-0.01820926208503635,0.0,-2.290714067268488e-11,0.012974861915996849,0.027222146191706313,0.00756456497539608,0.0058328718606230155,-0.026738301862131993
2016-03-31,0.007937237581584084,-0.01668151663423713,-0.06680534228806828,0.0,0.0,0.006631549082515263,-0.011339768829789466,0.0,-0.01904769437334745,0.0,0.0,-3.3686138822565186e-11,0.0,-0.007076980825961441,0.0,-0.0045196132580986766,0.0,-0.005909574961255103,0.0,-0.00102264061125185,0.0,0.0,0.0,0.0,-0.031194269470342033,0.0,-0.00012295575438028576,-0.012267628569740329,-0.001123719258996965,0.0,-0.013625688263627877,-0.01019157682619412,-0.019735964245513164,-0.02425667285546335,0.006736051965404243,-0.014854975602559781,0.010918757678908063,0.0,0.0,0.0,0.0,-0.00329071903980438,-0.020802219581989696,-0.008932856020324124,0.0,0.0,0.0,0.008371522642089235,-0.013070184210260334,0.015993034560350106,0.055888426361951994,0.03112102007733185,0.006752285822628472,0.02015012289668017,0.004617898146035156,0.014656490472083193,0.027509683556557158,0.06978008076458499,0.04262612784590656,0.0025623488585822633,0.0,0.01422924842047776,0.009595626621550212,0.004115185016817331,0.009074229767371598,0.007778036257149549,0.05559546847938481,0.0004539300473587744,-0.0013628716087746694,8.658776199992325e-11,0.0,-0.003973725371391686,0.0,0.003421864267067188,0.0,0.0,-0.0042818358899981675,-0.003936759427523414,0.013655219302988504,0.0,0.0,-0.019952112269663515,0.0,0.0,0.0064517936162654796,0.008424251268151748,0.0,0.0,-0.11950124611837507,0.0,0.0,0.0,0.0,0.0,0.023965975705684033,0.010986532829952418,-0.01972045172818356,-0.021398436071197947
2016-04-30,0.02171429493579803,0.0037541239330049774,0.0,0.0,0.0022565349774754297,0.006390030848410351,-6.62184449544311e-11,-0.0002460258107254104,0.0,0.0,0.0,0.0,0.0,7.932525359286281e-11,0.0,0.0,-0.0019199811950960806,0.0,-0.0212768073906973,-0.002214537961734937,-0.0045040767785199855,-0.005611581430228614,-0.0029552536852016816,0.0,-0.02166769875918039,-0.037455451491772984,-0.00011624627120568443,0.022094390968308293,-0.0064625398731070266,-0.009640405487002195,-0.017844593012893963,-0.004982582829323435,-0.007848648398054176,-0.08241425328393538,0.0,-0.00521980280418093,0.00924781513741202,-0.01092608576845164,0.0,-0.02367481359487942,-0.00240280089980457,-0.031757218990913834,-0.009384316335179417,-0.0009969847742541777,0.0,0.0018214835947143403,0.0,0.04211545733522136,0.0,0.02681933288058592,0.027375996294732724,0.05442066408641535,0.005453419374561253,0.014915968722234298,0.0,0.009381148849498097,0.03384763301672607,0.042002598534583636,0.013205863184953488,0.01777865156930265,0.0,0.02164768739953846,0.006561057404119064,0.005179589605618224,0.020889470635931603,0.019421575014426967,0.04811385012679983,0.0,0.0,0.0,-0.0023916724885954727,-0.0046791096535090705,0.0,0.0,0.0,0.0018884923523444337,0.0005160492452795644,0.002967004145567125,0.010672838833028784,0.0,0.0,0.0,0.0,0.0,0.0,0.0,0.0,0.0,0.0,-0.003976451146583128,-0.012173681930214333,0.0,-0.004077855216703837,0.0,0.007546976914082446,0.0,0.0,-0.16117852267183255
2016-05-31,0.07013668774244868,0.003936188945138225,0.0,0.0,0.0,0.001228902958401114,-0.003182207806525118,-9.571754412671132e-11,0.0,0.0,-0.005319817031202098,-0.0054049366712609044,0.0,0.0,0.0,0.0,-0.01425414317539725,0.0,-0.007566432863292395,-0.005449762996967336,0.0,0.0,0.0,0.009420043072695962,-0.02748184834004915,-0.0664970968365859,0.0,0.05800328482179976,0.0,-0.02633973770173693,-0.009521677945165199,0.0,-0.018699641069610865,-0.03698327447018796,0.0,-0.009843831110208177,0.0,-0.04879822341805339,-0.002798755277283179,0.0,0.0,-0.020096729426909283,-0.007177077618579207,-0.013517742466772816,0.006860028651100806,0.02122700339264596,0.0,0.04583843067545935,-0.006639413668773367,0.016508513908123718,0.01006457084687382,0.016689361077511566,0.009844201764265122,0.0057304123212137265,0.0,0.01572454704526412,0.006438617890571824,0.016870662484686518,0.0003709079891811693,0.01260668459866169,0.0,0.018334862265721924,0.008005557509389673,0.022751528744156202,0.05707525724379507,0.015323515630183361,0.01758617450204832,0.0,0.0,0.008424221179122945,-0.006637047575053282,-0.010041948327205652,0.0,0.0,0.0,0.0,0.0,4.027121156218288e-11,0.017009572583912436,-0.011036315210735694,-0.005278789253918241,-0.0008930663132642696,0.0,0.0,0.0,0.004228221481408777,0.0,-0.0014149335345589786,0.0,0.001663835618190275,-0.06315828535887556,0.0,-0.020336280531666726,0.0,0.002098203015756739,0.0,-0.017601521293193593,-0.028029462611249986
2016-06-30,0.02695746222800483,0.004530006436950371,-0.0066298885930552364,0.0,0.0,0.02950770933214082,-0.003924503221984736,0.0,0.003418011608725602,0.0,0.0,0.0,0.0,0.0008580948722258316,0.0,-0.0031550113687071426,-0.0011944236323496898,0.0,0.007191459860175838,-0.0027391586355368543,0.0,0.0,0.0,0.0,-0.037227708297879594,-0.1663987773366955,0.051088014852533566,0.01724988118862031,0.0,-0.019381313305978445,-0.010011293538633911,0.00759146286104202,-0.015862629542022704,-0.02031176139002402,-0.009664833629958534,-0.021382436290857766,0.0,-0.024898632016277913,0.0,0.0,0.0,-0.014375403648145735,-0.009778545100475091,-0.010862238063855889,3.616505320304926e-11,0.0025740518045876525,0.0,0.038990351769596844,-0.0031407367336147704,0.00652229845729254,0.0,0.0036143452835195244,0.0,0.0017566728190351398,0.0,0.0,0.00010375176991791816,0.09315491298531149,0.0,0.0,0.0,0.004899179865720446,0.0002684106025297375,0.008338513868510745,0.01254203224559221,0.002385229522597101,0.02220127195027026,-7.733914331921686e-11,-0.004646695929242695,0.0,-0.009328125803292491,-0.009114394387789933,-0.004393440498384829,-0.004879787839338256,0.0,0.0,0.0,0.0006196659696991641,0.010072726468262945,0.0,-0.007221880776154607,0.0,0.0,0.0,0.0,0.00867884040891917,0.0,-0.002840858223529695,0.0029902308007382057,0.09576143697945258,-0.021938987315686012,0.0,-0.027695249078579818,0.0,0.020581676880655618,0.015552296271206438,-0.007159119904077176,-0.019842165820531842
2016-07-31,0.020979503152450098,0.012417048976365119,-0.004297514004835198,0.0,0.0,0.004851555579465699,-0.001728442216195136,0.021072586989688783,0.0,0.0,-0.00707620303018248,-0.0023589076322242156,0.0,0.016316449248006248,-0.0011810257266381633,0.0,-0.013090676262435815,0.0,-0.002469199378604729,0.0,0.0,0.0,0.0,0.0,-0.020997537285933784,-0.1092091357347391,0.018817559539265553,0.023903218760454238,0.0,-0.004313876880604135,-0.001046548703171178,5.162873939058167e-11,-0.008270961284121189,-0.0016408140674279593,-0.11499144124042668,-0.011958608295910842,-0.02170478012283243,-0.021979022398677422,-0.0009221151102099954,0.0,0.0,-0.007177222327804264,-0.0005059172261106612,-0.00836270968443221,0.0,0.005479778038115738,0.0,0.027556289921158033,0.0,0.01069505042351121,0.0,0.010776843471565467,0.002515459130971207,0.001338689783054252,0.0,0.0004361859466466833,0.006097964723119343,0.11401786192470446,0.0,0.008474068977195909,0.0,0.007460320779831345,0.00957221406626834,0.03735887274651795,0.032906273098226316,0.006768156036945002,0.0129828477456943,0.0,0.0,8.005350186239539e-05,-6.324555047540993e-11,-0.0007317666254747707,0.0,0.0,0.0,0.0,0.010313925787122761,0.008477482844155783,0.03844064344386693,0.0,-0.0013441198778461152,0.0,0.0,0.0,0.0,0.0,0.0,-0.023789108863747587,-0.001955206746273538,0.0,-0.013898522147411671,0.0,-0.024636006167060635,0.0,0.020842843828517622,0.009050251483624396,-0.05605140039091736,-0.012311210504505178
2016-08-31,0.0,0.0021666576633260015,-0.03344964288326335,-0.003989906392623213,0.0,0.0,-0.03314310590596794,0.003743221189074025,0.0,0.0,-0.009820494004136439,-0.017385970369922715,-0.004184717265190526,0.00858233625995822,-0.002214503112139658,-0.0026804670917560136,-0.01616008359918769,0.0,0.0,-5.4242517308253835e-11,0.0,0.0,0.0,0.0,-0.022371135164853357,-0.01729915071948908,0.0014841614312158286,0.01627955881720407,0.0,-0.004427584331841997,-0.007049876317903537,0.0022925697802492107,-0.028913999951034258,0.0,-0.027895562353183422,-0.01808983452737716,-0.05264698951376834,-0.016831286348201694,-0.010968177467722925,0.0,0.0,-0.011640287308306005,-0.011728715105981162,-0.03213087958531077,0.0,0.0,0.0,0.0,-0.006394603182574702,0.016174544814325554,0.0,0.01780254191301583,0.004882229428249236,2.9043122013331395e-11,0.008072137624925828,0.011483624035965099,0.013666848411574378,0.07098065154150686,0.0005343347268472504,0.015047589247170675,0.0,0.021527368251150827,0.02508500254085727,0.038512773564339554,0.055747884434403955,0.021444465663657323,0.012451991003206639,0.0,0.0,0.014943754124960377,0.0,0.0,0.0,0.0,0.0009502044112413437,0.011179449137857539,0.0051825137727584385,0.015010638323035164,0.07328611596159094,0.0,0.0,0.0,0.0,0.0,0.0,0.0,0.0,-0.02170546591374198,-0.01480455077061563,0.0,-0.01007001717425272,0.0,-0.026323562954940597,0.0,0.007104923469992938,0.004379908427296569,-0.027846174902140062,-0.007833255728330582
2016-09-30,0.0,0.0,-0.03131607810095866,0.0,0.010086241432349326,0.004397630307137889,0.0006829308025907778,0.004303426234233999,0.011781403547298735,0.0,-0.0035054363350063952,-0.0039872733628474955,0.010473796993498624,0.02503219164677767,0.0,0.0,-0.03743325173160864,0.016998562191476597,0.0,0.0,-0.004430853725012913,-0.0011419528148062011,0.03541886668094364,-6.366637649540236e-11,0.0,0.04485683127539188,0.027769291329460717,0.005046311200092305,0.0,0.0,0.03318957729649448,-0.00399387200213974,-0.032001440742328455,0.0,-0.029467881079207295,-0.04558347261194264,-0.01490512949351002,-0.03407199862023612,-0.03013319307983058,0.0,0.0,-0.0010771496296894084,-0.009292141545533561,-0.014195722678898813,0.0,0.0,0.0,0.0,-0.0018201862982759791,0.00282317512039883,-0.03096853660041078,0.0004857367913197603,3.986434877077431e-11,0.0,0.0,0.0015436903855685453,0.0,0.019611538331966067,0.0,0.0,0.0,0.018663181565279068,0.01077612394547248,0.025330592945898872,0.008261829571436558,0.017732779297080902,0.00031040160567188143,0.0,-0.013273531078296727,0.05043978263346483,-0.005802789077662041,0.015597424437041249,0.0,-0.010109956856350223,0.0,0.0053660955755538645,0.0,0.0,0.0,-0.00167915039115424,0.0,0.0,0.0,0.07355963560249214,0.009294454407496149,-0.004907890825261231,0.0,-0.017524050329348423,-0.016160247848284775,0.01016649680624784,0.0,0.0,-0.03308112309864673,-0.005190340215186935,0.0,0.0,-0.042946471864320636,-0.019998877899577983
2016-10-31,0.0,0.0045823346238654,-0.009607581421455262,0.0,-0.0073031560575933085,0.0,0.006491273087525349,0.0,-0.007487222302164224,0.0,0.08068721647086656,0.0,0.030811588232828296,0.02973594686669764,0.0,0.0030707677417694556,-0.01608948505396705,0.02454046238721154,-0.016411624075648067,0.0,0.0,0.0,0.00994784973133882,-0.0007051132553067009,0.039339446189862334,0.04987983176120873,0.0174956940805736,0.008146324952817084,-0.00103796218314416,3.027643175887246e-11,0.0041126058562752504,-0.00428932858884482,0.0,0.004549354065310316,-0.044086220171443716,-0.02353923026600725,-0.01942736511468144,-0.05001098668963185,-0.038552950664381164,0.0,0.004639718046047454,0.004040941188433781,-0.010183370714528833,-0.00996856858968266,-6.049535425819823e-11,0.0,0.0,0.0,0.0,0.0,-0.028363553075524957,0.0,0.0036367449497119986,0.005451093072075544,0.006483852830123783,0.003567690773255728,-0.001297703507490873,0.0,-0.011959725249983457,0.0,0.0,0.009087535310346697,0.004856712031256452,0.015196275695822156,0.0,0.0021777046265735174,-0.009759861265534856,0.0,-0.019172045550940493,0.09804295090106446,0.0,0.00014270162272026423,0.008827281914407886,0.0,-0.008681048342871391,0.0,-0.004082949023409403,0.0,0.0,-0.001229927404260475,0.0,0.0,0.0,0.0007844160184534079,0.0,0.0,0.0,-0.0073619532617455906,-0.011010604618289293,0.019673684941280026,-0.021592599547976866,0.0,-0.03786943641437842,0.0,0.0,0.0,-0.05883205806979777,-0.02008636945882025
2016-11-30,-0.0007220017170456307,0.021850985591924516,0.0062717804777942835,0.0,0.0,0.0,0.0,-0.01235022494769046,0.0,0.0,0.0,0.0,0.0037440155943223906,0.03474497915487719,0.0,0.07671098416325489,-0.006130040923431288,0.02462860451001147,-0.014982760668358156,0.004641087029615175,0.0,0.01601877308869525,0.008434392067077825,0.0,0.003335165214683488,-0.005824306221990594,0.017767402910181185,0.0,0.0,-0.010686656680026654,0.009173492192478257,-0.0035733000475566155,0.06661093407817685,2.278879583310223e-11,-0.013560479043257996,0.0,-0.000619831169713108,-0.043643768764053764,-0.016491371362544527,0.00634060803155522,0.014987667013718927,0.0009614764897778793,-0.008418345237591898,0.007827114486733866,-0.0004383628102375352,0.0,0.0,0.0018695092255786119,0.0,0.0,-0.09282767120279344,0.0,0.0,-0.0017052858007580221,0.0,-0.0016210560195682757,-0.011648158287633653,-0.014954988293223436,-0.015350590685872098,0.0,0.0,0.007492556228793992,0.012861104565476848,0.05410527748555708,0.00405129061588858,0.020715257135073648,-0.029157117669806602,0.0,0.0,0.05449408861966563,0.0,1.6820437401079431e-06,0.0014775722336538822,-0.0009622604511495082,-0.013243510815387407,0.00603083099505154,0.0,0.0,0.0,-0.011675260845660734,-0.012868935612272788,0.011136047140110683,0.0,0.0,-5.649953951412756e-11,0.0,0.0,-0.012021389511311062,0.0,0.0017153215937419294,-0.017562155957346934,0.0,-0.04172406693910348,0.0,0.0,0.0,-0.07481366189261804,-0.01042244036549674
2016-12-31,-0.0014798681567270268,0.004321361131022587,0.0,0.0,0.0,0.0,0.0,-0.014953370756348373,0.0,0.0,0.0,0.0,0.001542254918334276,0.006531915911495459,0.005315264312502755,0.0005995511873944244,0.0,0.001496152443667932,-0.019377708472672776,-0.02789838337094443,2.3096785033210644e-11,0.01714593504193739,0.01182230677757842,0.0,0.017879307794383664,0.0,0.01184493205633658,0.0,-0.0015338224073950725,0.0,0.013713475704104375,-8.629403694019446e-11,0.006897404586424574,0.01187056796827262,-0.014575861927092766,0.0,-0.025357737777882475,-0.025554197647193914,-0.04316727336114214,0.0,0.006136961511372276,0.005646813927009704,-0.0018462123795544348,0.021123795559229833,0.0,0.0018774150047773449,0.0,0.0034734285289052492,0.0,0.0,-0.03371482385274771,-0.003942604871336434,-0.00751256065580517,-0.02083972513603733,0.0,-0.016217424797869695,-0.031188512638407752,-0.03570123747682423,-0.029649896791024505,-0.003268242548360391,0.0,0.00685816304622683,0.1347438966745308,0.027653183135456734,0.0,0.01963989537852608,-0.05234129888341691,0.0,0.0,0.10771412455538697,0.01486891956862591,0.004167302784712552,0.009683583315246793,0.0,0.0,0.0020148031811677157,0.0,0.0,-7.737277379514779e-06,-0.011057369748943852,-0.010661178720887605,0.0192602819885821,0.0,0.0,-0.0010264563111832886,0.0,0.0,-0.004367606004940955,0.0041570019836913615,0.0,-0.009926283473346321,0.0,-0.016005407572579552,-0.008603590025294086,0.0,0.0,-0.028223606870367245,0.0
2017-01-31,0.0,0.012854931787762479,0.0,0.0,-0.019551493735639615,0.0,0.0,-0.0018939304355004803,0.0,0.014404743569987746,0.0,0.0,0.0,0.0,0.007288967302181514,-0.007201170224862187,0.0008531506136066567,0.0,-0.12080196707205494,-0.016604701405040487,0.0,0.007997222163557425,0.0,0.0,0.03496968283258953,0.0,0.014835065409483662,0.0036412736313198037,0.002521207685569907,0.0,0.005898055397279017,0.0,0.0011488807619447886,0.017575810715241922,0.008943442569391445,0.11185112904725764,0.006765609544976053,-0.005802925255913511,-0.01196468593095766,0.0,0.0058461496102242575,0.006830533476184731,-6.525482194100402e-11,0.013277705377667853,0.0,0.003312699998213485,0.0,0.0026133715978067405,0.0028519523580217945,-0.0036227619407381306,-0.003917546402307432,-0.00822213581302498,-0.004998226543633532,-0.013827013454017762,-0.0001472935078920767,-0.06418291931323851,-0.030420595489432777,-0.021442845737937036,-0.021197933963429866,-0.004405353330513144,0.0,-0.0046499505552384125,0.0,0.00025545091532055,-0.012993523999810734,-0.028114202245932855,-0.06659251462431587,-0.0033772805596621524,0.0,0.0009015018713396454,0.0057886821669608296,3.334748512658923e-11,0.0,0.0,-0.003077606004482148,0.0,0.0,0.001392890498661836,0.0,-0.0008331008276243212,-0.0022675236313818427,0.002496422224198377,0.0,0.0,0.0,0.2,0.0,0.0,0.0,0.0003240409405642999,0.0,0.0,-0.0027101977148671695,-0.007320455614203519,0.0,0.002559425899338517,-0.00785814460109193,0.0
2017-02-28,-0.029546428244267873,0.0,0.0,0.0,-0.0587375500974445,-0.0014997457241552696,0.0,-0.03951731118738926,-0.01050684729121566,0.008909315498816467,-0.002811812114820945,0.0,0.0,-0.009812547518258483,0.0,-0.0361778436213555,-0.009655283467897284,0.06712638660875538,-0.01722144214442818,0.0,0.006499071704101206,0.0,0.0,0.01615695438326364,0.008990276228849485,0.0,0.0010910484009476707,0.01172250572417971,0.012144399228996098,0.017109429259228388,0.0,5.078940148100541e-11,0.0008426470690301033,0.019355161395287316,0.0,0.009284499490563907,-0.011574016449486026,-0.010119837303070357,-0.0319179459035834,0.0,0.0064493512879726005,0.0,0.0,0.0006878494622212881,-0.0014226897412141894,0.008675510814263331,0.0,0.007236045061563122,0.00018240148368858154,-0.003199468420809576,0.0,-0.014525945034493637,-0.006247465486527067,-0.015317744813277781,0.0,-0.02650799766395458,-0.024358659315931182,-0.031307053527920806,-0.020253423131652782,-0.003936073850823532,0.0,0.0,0.0,0.0,-0.026367657536380658,-0.004889277131600685,-0.03158063951692671,0.0,0.0011005272765062936,0.014556811773957167,0.023012255893167306,0.008474433515952682,0.017296067663610658,0.0,0.0,0.0,-0.001464115544394439,0.0,-0.009510552612538177,0.0019416358072732306,0.0,0.018751327776255208,0.0,0.0020300462384087396,-1.4915457323076033e-10,0.2,0.0,0.0,0.002050235144333513,0.0,0.0,0.0,0.004036085371969734,-0.010012625455026878,0.0,0.0,0.0,0.004287720386047787
2017-03-31,-0.01518883112784435,0.0,0.0,0.009395520693434798,-0.02578296262638072,0.0,0.011635886147060908,-0.015197149723768575,-0.00849064137959079,0.026830449880136734,0.0006863427310640308,0.029370953528404086,0.00014847162742433404,-0.2,0.0,-0.014343020796679932,-0.003377622591984795,0.019930723003722957,0.0,-0.009127266544020992,-0.0034711783014708384,-0.0017861986748898668,0.0,0.0,0.010702765249208749,0.0,0.00248295069745692,0.0,0.0,0.0,0.0,-0.0025458739033264186,0.0,0.024218609741975684,0.004423417238056377,0.006301257579418035,-0.001452104681002529,0.0,-0.006969404823345791,0.0,3.4732021413347997e-11,0.031691626026649246,0.006247554758070995,0.001929397891604727,0.0,0.023280813564481133,0.0,0.0,0.012725664213556117,-0.013727032019020194,0.0,-0.01252810663175726,-0.010012730962846036,-0.020947648856330207,-0.00601715121713764,-0.01132917138519546,-0.015874663317849973,-0.020090840292814903,-0.017782449625148578,-0.016173102072467197,0.0,-6.053820972520391e-11,0.0,-0.006810243239130471,-0.012110560134083966,-0.013210436599828913,-0.012542491250009172,0.0,0.0,0.0,0.0,0.0,0.003175827826743894,0.0,0.0,0.009843359853454222,0.002591258174363227,0.013386728303880702,0.0,0.0030287709196003087,0.0,0.024118475933155435,0.0,0.002179505816234694,0.0024274896865694993,0.18579904739995287,0.0,0.0,0.01779100184952092,0.0033518666564907517,0.010304262973575656,0.0,0.0,0.0,-0.0014723492390690928,0.0,-0.0016387679224671296,0.0
2017-04-30,-0.01022787327558948,0.0,0.00940007301144377,0.01349227273442623,-0.06805591322554516,0.00333538709488828,0.0029864816991156257,-0.0028610933941661276,-0.002410294962376614,0.03450695487030878,0.0,0.07220653170506652,0.002538127524424184,0.0,0.007962170458033872,-0.08305979076518599,-7.295664817067766e-11,0.004101859213206419,0.0,0.0,3.9535885230130994e-11,0.0,0.006526771855249773,0.0009327472846996891,0.003205045165904313,0.0,0.025453871120131283,0.0,0.0069837750289763875,0.0,0.0005732743831816646,-0.0007496407644532407,0.0,0.021159016467369302,0.014792436804900402,0.01494527516403145,0.0,0.0,-0.01696823220386054,-0.00578322146676575,0.0,0.04716865422065999,0.01129306130024616,0.023009271126699097,0.0012724557706134938,0.0,0.0,0.0,0.022167948817664027,-0.02839088741023983,0.0,-0.0162660226971328,-0.01396799842259231,-0.02126535542288185,-0.010942640499589632,-0.013435899064909496,-0.021634015541168866,-0.034682297872853866,-0.01923525989867609,-0.013012873686571402,-0.01615395065029383,-0.004039471828096125,-0.007521496463614816,-0.013007011715561213,-0.02017063076722535,-0.02701744563006823,-0.019990666129493097,0.0,0.0,0.0,0.0,0.0,0.0,0.0,0.0,0.0,0.0,0.003524701962863165,0.0,-0.0033387294220517923,-0.0001133383000873105,0.0,0.0,0.021975366902804806,-0.0012960613092306823,0.0816176186220372,0.0,0.004502290307416376,0.036497761989304406,0.0018687973547974407,0.0,0.0,0.0,0.0,-0.004401887136761975,0.0,0.0,0.0
2017-05-31,-0.012291166308894819,0.0,3.495481681255323e-11,0.0,-0.12055211930478028,0.0,-0.03780037052555993,-0.004214108974150555,-0.0014160725700292473,0.0038985227237553974,-0.005582559477468499,0.0,0.0,0.0,0.025501917980145627,-0.04954729214595986,-0.011271771168569906,-0.0028124967746864828,0.003396920708396753,0.0,0.002580023469708553,0.0,0.009060277020395987,0.009031729036310365,0.0,-0.004674313984257307,0.003097946465631961,0.0,0.03789723628899476,0.0,0.0,0.014256849040439891,0.009664215754866676,0.0,0.003001662208603013,0.03326527946725365,0.0,0.0007209040815863673,0.0,-0.011377994621762597,0.00597341997632769,0.024427305424971676,0.0,0.0,0.0,0.0,0.0,0.0023923453919050624,0.0,-0.01078465914206929,0.0,-0.0024244129150729136,-0.009328564788621672,-0.0030914882671116218,-0.0021212730289093206,-0.0104394474202716,-0.011757996631095216,-0.024797214188598912,-0.009336847751533213,-3.796719814655218e-11,-0.007377335633030596,-0.005432179800980586,-0.0018071160545702857,-0.0064829404600689,-0.023744370928407574,-0.08260523658276889,-0.017872630531034852,0.0,0.0765861384580187,0.0,0.06825557434890397,0.006166993895528912,0.03186681137542642,0.04592583393491845,0.0286386425247311,0.0,0.0036071013602498596,0.012365366269547933,0.0,0.0,0.0,0.0,0.0,0.0,-0.0013374121816183825,0.010537208432106279,0.0,0.0,0.015801175381205443,0.0019713809475574566,-0.007718607800149479,0.0,0.0,0.0,0.0,0.004181520773695128,0.0,0.005929697223862119
2017-06-30,-0.018632712099223632,0.0,0.0,-0.003124764423287143,-0.050550899131099856,0.0,-0.00944080362838081,-0.001972865159613719,-0.06083177957612061,0.0,0.0,-0.0006038500346764239,0.0,0.0,0.010605820825325877,-0.183111860214871,-0.016902228622411662,-0.014698862479244288,0.0021936994697336217,0.0016995469904528505,0.003461473563002756,0.0003405523393093658,0.018096389283948567,0.0,0.0,-0.006205994635314348,0.0,0.0,-0.006207096483325261,7.658831204760785e-05,0.0,0.0,0.0,-0.005040367557916465,0.036291450407077055,0.044347469441221136,-3.2908447593264095e-11,0.0,0.0,-0.009979818804343916,0.0,0.0016133086400293975,-0.0017940796128745938,0.0,-0.008934755007775205,0.0,0.0,0.00020898294556005595,-0.012682189863241891,-0.009052953966173513,0.0,-0.0006682738821888568,-0.010371173517002634,1.5772559648663034e-11,0.0,0.0,-0.01834361756504745,-0.02055442169563712,-0.002531049666365481,-0.0010047305147444488,0.0,0.0,0.0,-0.003742397258874327,-0.004540767327035864,-0.012306886617217771,-0.004956488425431689,0.0,0.08027646266904938,0.0,0.016944280434019042,0.015176806761437482,0.027818685324249155,0.05681384354213806,0.014696599413053046,0.0,0.004024297303948167,0.007906951670006431,0.0,0.0,-0.0012123121976517367,0.029425183132155214,0.0,0.002913491757779901,0.0,0.011462939435392982,0.0,0.0,0.026530378123846465,0.006069853645649882,0.0,0.0,0.00095381930743369,0.0007469695907648908,0.005649009847091434,0.07159759307559731,0.0,0.002057552732906779
2017-07-31,-3.1336705561463494e-11,0.0,0.0,0.0,-0.009333221591494578,-0.0016205020041507598,-0.006727395293543584,1.4398622468265308e-11,-0.011541560990065853,0.0,0.0,-0.06940460345963793,-0.06030633567850581,-0.0013598927762393652,0.0,-0.04127004492250813,-0.0041983336610727845,-0.1406512374954031,0.0006965947683568288,0.05275287594750447,0.0009679243061358827,0.0,0.0,0.0,0.0,0.0,0.0,0.003075369433522327,-0.00015764781481935914,0.004126490527312151,0.0025416111642079437,0.0067725452653612005,0.0,-0.004351960277345489,0.0002528535219703959,0.022736764446067963,0.0,0.0,0.0,-0.021538562795114402,-0.004063850385936615,0.0,0.0,-0.025742359977204473,-0.001159644734572474,-0.0035979355685916603,0.0,0.0029237670127850272,-0.011403713812466604,-0.006410355349597093,0.0,-0.0002913728404226063,-0.010793810587358833,0.0,0.0,0.0,-0.005334856432612456,-0.027975174786986225,-0.0019127053880732636,0.0,0.0,0.0,-0.002063096710044561,-0.0043096338282768015,0.0,-0.00763673346653959,-0.007754070088961141,0.0,0.0953178211788261,-0.007089387251117703,0.0070058018459481525,0.0,0.004928965130701425,0.07780242456528728,0.13106793056574928,0.0,0.004233913545949936,0.004206637606494341,2.849721240796125e-05,0.0,0.0,0.0,0.0,0.004813670381220821,0.0037092750052220586,0.009964595035835213,0.0,0.0,0.003769231518515923,0.01660457545969145,0.0,0.0,0.0011296563385286462,0.004553366446611808,0.008946094967812889,0.01940222812752734,0.0013991571143273601,0.0042693615457191645
2017-08-31,-0.05282918911196872,0.0,0.0,-0.0025421301435864544,-0.005888281512622784,-0.0007926043620734867,-0.011211962474341409,0.0,-0.023997623391439026,-0.0005688716721199358,0.0,-0.023372300590968297,-0.0011567200461610147,0.0,0.0,-0.007852979823778536,-0.020471563793047043,-0.0041929186125837185,0.014473976484972043,0.015997476694092225,0.004536463392143489,0.0,0.001988163624080902,0.0,0.0,0.0,0.0,0.010665456243166331,0.0,0.0,0.0,0.010877704109341043,0.0012591581259957015,-0.006505329592436253,0.0014940504464925435,0.016357585443162837,0.0,0.0,0.05629109080391103,-0.010858538412247265,-0.03571751454409767,-0.024339961859633396,-0.009603839573617287,-0.008521063215910145,-0.014752231573510508,-0.06825192615763503,0.0,0.0,-0.047146377292156275,0.0,-0.0009525959290396514,0.0032416646593763027,0.007102788964399554,0.008353662656536281,0.004169311192556357,0.0,0.0,-0.0008113612082462791,0.006400795431017862,3.4987957408363207e-11,0.007155459052790542,0.0,0.0,-0.008318646151970295,-0.010716416868207125,-0.08709663149706404,-0.001447316863560265,0.0,0.002665232167035842,0.0,0.012337948698615412,0.0,0.0033916857384363023,0.00589692293174317,0.2,0.0,-0.0029738178262983276,0.0,-0.007109285847536004,0.0,0.0,0.0,0.0,0.0032895166729058145,0.0,0.02323374988010784,0.0,0.0,0.00903084548237341,0.02743939349349715,-5.214388017482791e-11,0.0,0.0011711266098496827,0.005645386595195653,0.0,0.0026181076066297453,0.0,0.032915276764586957
2017-09-30,-0.028639200596731477,-0.005920121757446205,-0.00991129870874701,-0.004343473215247181,-0.013763329435493198,-0.0014774192891059807,-0.023622765867370343,0.0,-0.008537650093401806,-0.022890983143444576,0.0,-0.031830103995118174,-0.002420785594727789,0.0,0.0,-0.010476715204918007,-0.01900335334813203,-0.0015628858088854456,0.0073333002699183655,4.5163909297404585e-05,0.0,0.0,0.0,0.0,0.0,0.0,0.0,0.0059799416199970735,0.0,0.0,-0.002303537500828543,0.0,0.0,-0.008509562219553114,0.0,0.0,0.0,0.0,0.01988881029973111,-0.014578019493837606,-0.033598004703629517,-0.03351958874277073,-0.019894665158586792,-0.013820238237655566,-0.019874244670098816,-0.02419821981900218,0.0,0.0,-0.05816077658237379,0.0,0.0,0.0031114240333051414,0.0032970599666854433,0.008277237877235534,0.014476766064383452,0.011676739464082262,0.0,0.0,0.010738659583024408,0.002073587963516288,0.01846681438108305,0.004657054164504823,0.0,0.0,0.0,-0.01572134745407061,0.0,0.0,0.00640719734785835,0.0005099772918989734,0.02124774122550415,0.003724092267877616,0.023576773586624133,0.010304709608467329,0.06991001162076153,0.0,-0.007214077858294018,0.0,-0.05208343663642936,0.0056465710173554005,0.11582046232559226,0.0042881046041554636,0.0,0.020020606901412247,2.8410229814138554e-11,0.0733729118102006,0.0,0.0019800201384353954,0.010070410196266491,0.014629085880138488,-0.007896976843161091,0.0,-0.00422721796602446,0.008468764552276917,-5.491458485998888e-11,0.0,0.0,0.0
2017-10-31,0.0,0.0014943214057932756,0.0,0.0,0.0,0.0,-0.0076679086958494755,0.04220719712937341,-0.001008829967143593,-1.2764032027799422e-10,0.0,-0.012877226716750869,0.0,0.008272798719914709,0.0014777733538846511,-0.004714615973369337,0.0,0.0,0.0,0.0,0.009553636643295659,0.0038211194495723594,0.04539759883123263,0.001030886348102255,0.0,-0.012592017792642093,0.0,5.7750851855441136e-11,0.0,0.0,0.0008728622090362185,-0.007473321743764534,0.0,-0.022213120799344222,0.008098101185608832,0.006422955267602242,0.009441593983028435,0.02456552760479007,0.022273031992041354,-0.007214848017992101,-0.0028057471765743163,-0.01161395025724047,0.0,-0.009617050671394404,-0.0017710630111216334,0.0,0.0,0.0,-0.0187159297234465,0.0,0.0,0.0,-0.012928120951145367,0.003773129441539968,0.0025202751562509907,0.0,-0.04104406027170669,-0.012259275602717796,0.006832904057145915,0.0,0.0034552125500898613,-0.0026422962302157034,-0.035159540730841286,-0.03918263199276252,-0.038846765694780454,-0.053442530475246844,-0.008887534064931368,-0.0008122083831505672,0.0,0.0,0.0,0.0,0.0,0.013330512355973687,0.0,-0.0031589150536650195,0.0,0.0030956163780906354,0.0,0.005050822261452958,0.014600857825033125,0.0,0.0,0.01742746761569619,0.014810122977263165,0.13994874627855078,0.0,0.0020135755807779853,0.03194190972139046,0.04768263815506754,-0.013002118108677147,0.0,0.0,0.008586805464649792,-0.07942662010718539,-0.017602541210041366,-0.019282739566733483,-0.00203647088192513
2017-11-30,0.0,0.0,0.0,0.0,0.0,0.0,-0.00303332632838471,0.05840065551186857,-0.0006015547303815161,0.0,0.0,-0.012210625062467118,0.0,0.0063531560189655865,0.0,-0.0021267103885913383,0.0,0.0,0.0008865082497858792,0.0003433265393070976,0.004983872803798015,0.0047115143374975845,0.03401560040203278,0.006466575859480411,0.0,-0.04586686034419044,0.0,0.002442878616465658,-1.0581599896729236e-10,0.0,-0.012980028774686141,-0.025816978740484376,0.0,-0.03267765966825976,0.000410441430228289,0.0013660335613067873,0.0021026760232461072,0.0048849937075069825,0.2,-0.00898242206835639,-0.0035484012420035045,-0.012863786732602108,-0.00261338210040162,-0.008376785488167176,-0.000259419783324546,-0.0018221779312422453,0.0,0.0,-0.01365894707454414,0.0,-0.005896025578945845,0.0,0.0,0.0004335793500216656,0.002510375766887061,0.0,-0.020061709081818126,-0.01357032178865539,0.0012468911731656495,0.0,0.0,0.0,-0.07651369033611757,0.0,-0.02950345727087755,-0.06829185469361425,-0.0023031179294521597,0.0,0.002080676117486276,0.0,0.0025091349132833588,0.0004703514661996745,0.0,0.003209482251141256,0.0,-0.023856327113711773,-0.004534923312253201,0.0,-0.02180251153594384,0.00022549802283976464,0.008700747728755155,0.0,0.0,0.012986963351935103,0.01208637849741435,0.09951564652472575,0.0,0.0019749166854479533,0.004783670667241181,0.019897454401030957,-0.011062393163322005,0.0,0.0,2.093508436949952e-11,0.0,0.0,-0.02424073867009503,-0.010923862961290064
2017-12-31,0.0,0.0,0.0,0.0,0.00011787183567081889,0.0,-0.0001628853429345048,0.07686076082454713,-0.002506154520092377,0.005368475402515533,0.0,-0.00946943212698399,0.0,0.0,0.0,-0.00011952833076500895,0.0,0.0,0.0,0.0017537350063564707,0.012575939677634002,0.0031950676389809673,0.017686506166212358,0.0068624566732570945,0.0,-0.04033702486285971,-0.0007049668314907666,0.0,-0.0011765506568234432,0.0,-0.011080526232013634,-0.008735842403741652,0.0007865257694348293,-0.15922452499069928,0.008667224559839414,0.08565815546170953,0.00528698712392153,0.009580435703954778,0.06111451980698855,-0.006015437805805922,-0.0013033624656858859,-0.009261456473086566,-0.0032570380915200687,-0.007874751213719737,-0.000294479493397693,0.0,0.0,0.0,-0.006360607119107639,0.003357258769120334,-0.040658639435783406,0.0,0.0,0.007498354883283537,0.00701724508883688,0.0,0.0,-0.010467235491201288,0.0,-0.00752825290240092,0.0,-0.02815283036917255,-0.013821432173298039,0.0,-0.08095629179482426,-0.019291144491966013,-0.0029852748858390367,0.0,0.0010612728587837965,0.0,0.011638413881463158,0.00456205681274242,0.0,0.0,0.0,-0.002118051530267643,-0.0022357631753605932,0.0008234717776250053,0.0,0.0015126588586030349,0.0,2.5485699894681797e-11,0.0,0.06075778927917627,0.02218977380491687,0.009347621560641584,0.0,0.002148305985405593,0.007874416294580638,0.06462348259142721,-0.02346950073108428,0.0,7.32158768849908e-05,0.0,0.0,-5.542388871670861e-11,-0.00043101400265032486,0.0
2018-01-31,0.0070412031165380485,0.002265903282443459,0.0,0.012329542849411491,0.0012579650120303429,0.0,0.0,0.005324457453289714,-0.01728242235895469,0.0,0.004461070046633367,-0.01754671936593793,0.0,0.0,0.0,-0.06597344135712979,0.0,0.0,-0.012040228743985084,0.0012706463351078163,0.14231422309072359,0.008260016284974019,1.994025684682766e-11,0.008664551747227271,-0.001851518525864566,-0.016750301148311938,0.0,0.0,-0.006898174752643087,0.0,-0.007166431426397229,-0.004468346921782845,0.0,-0.03477665019524495,0.01636318796607838,0.09091916629542797,0.004388481895966826,0.008726377953750563,0.0,-0.008396476601432116,-0.001060841272529203,-0.017842291914970707,-0.0013705367610523907,-6.031416735159847e-11,0.0,0.0,0.0,0.009263137447231555,-0.013108564431047645,0.0,-0.045320117956268294,-0.008792408212534797,0.0,0.008108608366226032,0.04215040046702502,0.0,-0.012960075401631384,-0.01966234182197143,0.0,-0.016094739667515037,0.0,-0.012768429515267358,-0.01683084515137435,-0.015351603000054791,-0.0822753405541524,0.0,-0.02055383236185704,0.0,0.0,0.0,0.0028301202443665996,0.001786587864906342,0.0,0.0,0.0,-0.001871551640350028,0.0,0.0,0.0,0.01115619160783048,0.0,0.01745850189354819,0.0,0.012551249035403795,0.004947740931598206,0.0009429251004186989,0.0,0.016126509917326295,0.02106157504848969,0.023601461457545988,-0.01214685951161708,0.0,0.008094217831411865,0.0,0.006333979437128218,-0.0036029615529354583,-0.005235947814872256,0.0
2018-02-28,0.0,0.0033512350911209642,0.00047964995234617595,0.008913299562611502,0.002722930516152914,0.0,0.0,0.0,-0.0162310710918803,0.002603401340998295,0.015367907858288106,-0.01692138136040651,0.0,0.0,0.0,0.0,0.0,0.0,-0.012634649744529497,0.0018160851632161188,0.038470670380132015,0.003153378499423188,0.0,0.0014116125366755924,0.0,-0.014283715624723334,0.0,-0.007499185649114431,-0.014454471059177947,0.0,-0.0005304923381860659,0.0,0.0,-0.040512780808848355,0.024767074562103635,0.18529317503591297,0.006051099520168006,0.000621720316862303,-0.00019129102502390616,-0.0018918649406908794,0.0,-0.030921044329173978,0.0,0.0,0.04288722601240326,0.0,0.0,-0.006513400298309215,-0.028549049729729912,0.0,-0.046751163758795414,-0.014625753054352307,-7.352945704631822e-11,-0.0035921240368258995,0.0,-0.009598346041362409,-0.011774919908548932,-0.023668313484863982,0.0,-0.02488263285327521,0.0,-0.01703987916516249,-0.02871831979427868,-0.032242358413916754,-0.047581501243456795,-0.01007136454528996,-0.01474291501350991,0.0,0.0,0.03207150379801032,0.0018382581618396551,0.0034735942594419206,0.009608217727492627,0.0,0.0,0.0,0.0,0.000977042985350084,0.0,0.02208644114948623,1.495479970766302e-11,0.016801685501206826,0.0,0.005725305274703266,0.029210433614942962,0.0,0.0,0.010641913135054254,0.016046493171983037,0.0019343806608182116,0.01055160411828268,0.0,0.0011226600780180733,0.0,0.0,-0.007621218245460316,-0.009064433172809083,-0.006890359194767976
2018-03-31,-0.0003889777382073054,0.0,0.0029526862838925236,0.0,0.0,0.01064036386230468,0.0,-0.005101645378339936,-0.015803461091218107,0.010339801993861059,0.005103181652428497,0.0,0.0,0.0,0.0,0.0,-0.0047515915688398904,0.01683417736253509,0.0,0.012252535999946738,0.00393642174159544,0.0006418621222532584,0.011318973263846526,0.02415508574673497,-0.0038493132432593177,-0.017377837357236952,0.0,-0.01542243489170738,-0.021024924597088275,0.0,-0.005196553813175205,0.0,0.0,-0.0664058006944447,0.019903220378359156,0.00627793679800723,0.0,0.011170636719388415,0.0,0.0,0.0,-0.0233549685291257,0.0,0.0,0.0,-0.0032194731325619302,0.0,0.0,-0.008429949901129772,0.0009918949338784285,-0.04305383661783766,-0.00889320762247212,-1.1867324609255447e-10,-0.0036220063687608917,0.0,-0.008369507027317131,0.0,0.0,5.887954899719212e-11,-0.03408528983173818,-0.032083342285131156,-0.012133286478782297,-0.05242446656672612,-0.016394921150921758,-0.053928601587014714,-0.000841532453726348,-0.026238289114094638,6.562644934719872e-06,0.045252208792842426,0.029889599939091092,0.014034722675138944,0.00896044699902301,0.04652022380108301,0.0,0.0,0.0,0.0,0.018145619270995283,0.02408335559792841,0.10449795411119692,0.024218289249427424,0.014875821324235212,0.0,0.0,0.0066100433583450875,0.0,0.0,0.0032413353124618786,0.0,0.0,0.002602910789266334,0.0,0.020542127216118772,0.0,-0.003597973831395489,-0.006375641117734137,-0.004005179748862548,-0.003625986142476994
2018-04-30,-8.02841309776977e-11,0.0,0.009693482901222341,0.0,0.0,0.13970538843228275,0.0,-0.0019314229995047807,-0.004902865213851542,0.0,0.004485604677767618,0.0,0.0,0.0,0.0,0.0,-0.002558353366622846,0.011139269580682894,0.0,0.02322073391607762,0.0035586445193770723,0.0075953852028459775,0.01686326040223005,0.018091987412741043,-0.015855692870954872,-0.035276799202267436,0.0,-0.08662985850582232,-0.027634854000199948,0.00550166610344112,-0.008273375966216037,-0.004285391428250806,-0.0025692986547119624,-0.054890202022806416,0.033949149350653636,0.007089145699917269,0.0,0.021965545050995745,-0.005297516494835971,0.0,0.0,-0.011694580533096762,0.004566509178972311,0.0,0.009006349554994948,-0.0015353851988614568,0.0,-0.006115277540003607,0.0,0.0,-0.006360286544784112,-0.0010344224243709697,0.0,-0.008350879447497779,0.0,0.0,0.0,0.004447394000343627,0.0,-0.020082120681151745,-0.022580511753200333,0.0,-0.09499633601685956,-0.0004648756175986169,-0.00969041428678178,0.0,-0.013146339303921865,0.01428227119857552,0.04827450622705728,0.0002795114112396272,0.006479763087224966,0.0,0.012787747449277373,0.008141351490904404,0.0,-0.017195441776642964,0.0,0.021775939283727504,0.018728453805940296,0.0,0.0023583837995430667,5.870946067976755e-11,0.0,0.0011391826874022771,0.011561688696094847,0.0,0.0,0.0017183164690673628,0.0,0.0,0.0,0.0,0.0315933683506901,0.0,-0.0020137864639362224,-0.004452918755732919,-0.01811108433160647,-0.012069708517623819
2018-05-31,0.0,0.0,0.011706164154983075,0.002312912869737645,0.0,0.1386462268453652,0.0,-0.012820715576678488,0.0,0.0,0.004456924464957671,0.0,0.0,0.0,0.0,0.0,0.0,0.07881867954269851,0.0,0.04048151497378534,0.002882522769226765,0.0037661290335184103,0.00882415136617343,0.020164773330815604,-0.012411597109859854,-0.017264897440908457,4.6382353347089296e-11,-0.028035041583438426,-0.036283438387968485,0.008160912791911822,-0.004824215344245271,0.0,0.0,0.003708640484626112,0.011639386863349085,0.007020278274590037,0.0,0.012824051459399846,-0.00714780973553062,0.0,0.0005087997150260515,0.0,0.010129204169426654,0.0,0.02853074388819247,0.0,0.0,-0.014100929577903997,0.0,0.0,-0.0126002166495139,-0.011175457115480627,-8.906299119574438e-11,-0.019313549725037925,-0.005095164915170717,-0.010428751079521925,-0.010709595374094579,-0.000866457123660496,-0.019227115792485257,-0.03035463460820545,-0.03281121836147475,-0.016911571224280268,-0.05457391722844725,-0.022298482723644118,-0.005989393400296328,0.0,-0.038788474990299894,0.0,0.011819672187888739,0.0,0.001093865390155429,0.0,0.003749321246734129,0.0,-0.009186916729825252,-0.02619031870105843,0.006178068423237011,0.03288061538100998,0.01299142967626154,0.0,0.0,0.004025315041663745,0.0,0.0,0.006630033553895198,-0.009170282871780705,0.0,0.0050129773478509955,0.0,-0.007585902925445447,0.0044074030657507935,0.0,0.01662928164138634,0.0,-0.012095140773283995,-0.011738792841396077,0.0,0.0
2018-06-30,0.0,0.0,0.032394427191647236,5.251642252891632e-11,0.0011058274677941808,0.01062464586047747,0.0,-0.03423513340721298,-0.008814450045661896,-0.0048897890140356115,-0.0001464222684810553,0.0,0.0,0.0,0.005459538699498655,0.0,0.0,0.0,-0.011515304037048405,0.04957981913769516,0.002742417320809071,0.020314389626543684,0.0,0.05346318022095628,-0.006958190670550272,-0.008639888209700188,0.00621664674225464,-0.02329295964570103,-0.028571851255795058,0.02126655377249352,0.0,0.0,0.0,0.002135226813498372,0.019866257344015724,0.020355225566005206,0.008334499672239414,0.06990716615676337,-0.004994523854631443,-0.001632779693604172,0.0,-0.0026401449354598655,0.05359513703823635,0.0,0.020088211437280862,-0.0018606210610996004,0.0,-0.036002908807514764,-0.006092122093295643,0.0,-0.020261313793530397,-0.0013168184997346911,0.02023510763951413,-0.01527307009422363,0.0,-0.009856932809587307,-0.009558014292763987,-0.0031306839879999297,-0.016206347665982238,-0.12300943535283211,-0.04352873791782053,0.0,-0.04139654005429591,-0.011109645158394011,0.0,0.0,-0.015322934816302796,0.0,0.009349402340175285,4.187341099206844e-05,0.009150745820015843,0.011206809365291816,0.007711674958680352,-4.9691480164916756e-11,0.0,0.0,0.0,0.014354470653659211,0.004772013060819101,0.0,0.0,0.0011257146375315418,0.0,0.0,0.013587150940942067,-0.0064141146206146225,0.0,0.0021647664400613904,0.0,-0.0033283218864344493,0.0,0.0,0.0,0.008851100611591589,0.0,0.0,0.0,0.0
2018-07-31,0.0,0.0,0.035699730221213276,0.004164100689196561,0.002347208705451609,0.0,0.005127602516252374,-0.01944535912644739,0.0,-0.011665459959828558,0.0,0.0,0.0,0.0,0.013332161651029309,0.0,0.0,-0.005357696825797108,-0.019769949217353686,0.025470444340625363,0.0,0.0004038026544046998,0.0,0.03402004479740646,-0.008885633995821615,-0.008296820899040745,0.018892672204602102,-0.012617127179221616,-0.0035975579637735127,0.008701956115872933,0.0,0.0,-0.00018650725285679278,0.009448600083025574,0.0,0.0,0.0,0.0053445477141146275,-0.01132614357776911,0.0,0.0,0.0,0.11695229647430311,0.0,0.007411335826585889,-0.004435310079593005,0.0,-0.03856620439153933,0.0,0.0,-0.01272320453273331,0.0,0.000137138343567243,-0.01727507468465294,0.024179769102642974,-0.006335217013462272,-0.09035713959838941,-0.014187566546287458,-0.01631317892297037,-0.07938147512749065,-0.02404451039059274,0.0,-0.025857454660656896,-0.0017560724454170776,0.02779617096253263,0.015429462755848177,-0.028528851501613463,0.0,0.011040895464898236,0.0022048041023012112,0.007411620033849616,0.028572145178289873,0.007785340248775232,-0.0028195692259953696,0.0,0.015550539810233365,6.150674831202859e-11,0.0,0.0,0.0,-0.0019605748981652645,-0.0012871977669300344,0.0,0.009080190909790583,-0.002666675806604777,-0.023210385127650373,0.0,0.0,0.0,-0.007146081227050514,0.010995861959366575,0.0,0.025179714710773547,0.0,0.0,-5.4294615406911756e-11,0.007174833764707755,0.020145008596832308
2018-08-31,-0.002152634274559534,0.008099204799841222,0.16075705316377728,0.008925954939408814,0.0017142078069940375,0.0,0.0,-0.0375259215725298,0.0,-0.026900715653833254,0.0,0.0,0.029165073943460615,0.0,0.06762061548341251,0.0,0.004289349230667245,0.0,-0.010506094673438158,0.028779567414949723,0.009309390413319385,0.00330380179656485,0.00010589784973492115,0.027367122298731908,0.0,0.0,0.003946785820810591,-0.01010485769436851,-0.005017557765824435,0.0,0.0,0.0,0.0,0.0100856778467923,0.0008789417235608389,0.0,0.0009768019444976106,1.7135817647705646e-11,-0.00650286880749674,0.007277952660840159,0.0,0.0,0.015276015297673227,0.0,0.0685771224118072,-0.0338502917594854,0.0,-0.04782381187902948,0.0,-0.0011239302392121718,-0.025340074853346068,-0.005609550061538494,-8.19219457351043e-11,-0.03278952950649981,0.0,-0.02003370960319106,-0.017919500994008096,-0.006674724101725398,-0.01716683449299049,-0.029474684744337357,-0.028160439381995164,0.0,-0.03557518499139391,-0.010449826768479574,-0.002135676372724115,0.008809495049137068,-0.03021550285000067,0.0,0.0,0.0,0.006537579214043947,0.010015868671882708,0.0003432494248432923,0.0,-0.004519186531453775,0.0013879363634819626,0.0007074718148900903,0.0,0.0,0.0,0.0,0.0,0.0,0.0019876406246214042,0.0,-0.025085055968341805,0.0,0.0,0.0,-0.009626557310266034,0.007564147711781601,0.0,0.002062502518770208,-0.005363733389656593,-0.007996761058175669,-0.004354782618176485,0.0,0.004127571742567524
2018-09-30,0.0,0.0,0.11864635290034484,0.0009792716173523044,0.010426951337995318,0.0,0.0,-0.034507617520262886,0.0,0.0,0.0,0.02603873376928773,0.0,0.0,0.013271392793304257,0.0,0.0,0.0,-0.0009277255336291197,0.040720344848071945,0.0011613477612060692,0.011295751536196842,0.0071027793849996095,0.07397181850181224,0.0,0.0,0.02384770668255349,-0.00454764259960127,0.0,0.01781894925437937,0.0024454505478104602,0.005181348380049933,0.0,0.03873179291652794,0.012224642134276039,0.0039280118636445946,0.006099385200188863,0.014857845007227758,0.0,-0.0004668786800222157,-0.06281658314451914,0.00012446782984647226,0.012292539513912525,0.0,0.0,-0.020290682589828343,0.0,-0.04218425383484921,0.0,-0.007451641848682234,-0.01652024313779366,-0.009413389579057978,-0.007228739121081189,-0.007078113243861109,0.0,-0.011862425750160426,-0.006959269074686721,-7.432071957754737e-11,-0.005267850219149306,-0.012118547197899227,-0.01737823436709637,0.0,-0.09597130419016738,-0.016054645554056363,-0.0005113772306614044,0.0,-0.05633775207050073,-0.012509186287526251,0.0,-0.0032365098650034944,0.0,4.12625075585768e-11,0.0,-0.013663413054312961,-0.021301904131614223,0.004256539569274472,0.0,0.0017162877509439012,0.0,0.002156234688436613,0.0,0.0,0.0,0.0,0.0,0.0,0.0,0.0064601497914977225,0.004734012968586051,-0.008147858882431901,0.029784384297789037,0.0,0.007053709541857387,0.0,-0.0030012397125967144,-0.001841600813653266,0.0026717975693637086,-0.00040337069097418613
2018-10-31,0.0,0.0,0.10265568248029253,0.0002534771681378648,0.010223823424066478,0.0,0.0,-0.017798890924927254,0.0,0.0,0.0,0.039914414409958424,0.008100169820598677,0.0,0.0026596701303968776,0.0,0.0,0.0,-0.0035947210978944846,0.026953423869987524,0.0,0.004983427051535035,0.007708778184640016,0.01636207898016954,0.0,0.0,0.018249902282410732,0.0,-0.016614757275733034,0.02517561982404683,0.0,0.0030547607425137633,0.0,0.015624750941907314,0.01714617544756072,0.003675165409994031,0.0014972788189886,0.030848490838454957,0.0,-0.020857913631050464,-0.028303610622053815,0.0011838556468571004,0.0023804819092937586,0.0,0.0,-0.07843335017466758,0.0,-0.002726662457353244,-0.0161333541770073,-0.012313711779334609,0.0,-0.012424030752032075,0.0,-0.005353176891859061,-0.002551622180646535,-0.036449774790228075,-0.0019253700995401019,0.0,-0.0019038266964657414,-8.7006790635949e-11,-0.014966759596975486,-0.03552568328129096,-0.03307450118799629,-0.026319916102229363,0.0,0.0,-0.04695306518409828,-0.017378592173867207,0.0,0.0,0.0,0.0,0.0012348798186532248,-0.011832393274759097,-0.028138223601981274,0.018645670210985735,0.0,0.0,0.0,0.010568224680430584,6.138963192919304e-11,-0.0001638353165276397,0.0,0.0,0.0,-0.000924492791493881,0.0,-0.0026847569611899,0.00047367142588902375,0.0,0.05161984869783115,0.024670582951674052,0.012922113813375585,-0.006419851464816158,-0.0037202444512290703,-0.014512910973745269,0.011120522518322143,0.030093058439638047
2018-11-30,0.0034099711187077606,0.0,0.023483924290122374,0.0,0.0,0.0,0.0006392544816084341,0.0,0.0011322944440491118,0.0,0.0,0.0041410826044791125,0.0,-1.065277411635553e-10,0.0,0.005200299572894944,0.014012336043263117,0.0003713142974021061,-0.050404581219192654,0.011049721690295462,0.0,0.009564193731095363,0.002894060234487304,0.00701121572928668,-0.0013402449740125416,0.03565567751384855,0.028124606185367704,-0.052970439102381736,0.0,0.005402294571048524,0.0,0.02199356480047713,7.264196283457615e-11,0.0008621823914690203,0.0,0.006050054477801214,0.033889077143640665,0.12394731094849623,0.0,-0.015137377372777927,-0.013802624268396332,0.0,0.0014379594828439158,0.0,0.0,-0.03412313187595914,0.0,-0.005268490247030978,-0.0004685984137241987,-0.0031911999586357663,0.08342533383016137,0.0,0.0,0.0,0.0,-0.029090351372011138,0.0,0.0,0.0,-0.00030568458651438667,-0.006263067876955504,0.0,-0.0393721855786229,-0.04407738664453231,0.0,-0.010351337997807512,-0.012009317832239508,-0.02903173125062225,-0.0315621059556479,-0.008027725055705141,0.0,0.0,0.005368130372789267,-0.00948305932854145,-0.017591958180036775,0.012510869669413656,0.0,-0.005250690449905078,-0.02242855152611049,0.0,0.0,-0.008264609753218981,0.0,0.015416666756030857,0.0,-0.007805731116527567,0.0,-0.003967132484651375,0.0,0.0,0.020582524658565363,0.005273461440356817,0.003641092180517228,-0.00665477243300711,-0.01077290614615363,-0.020983006892550046,0.0135095252668388,0.0
2018-12-31,0.009403740431446407,0.003839380940423602,0.0103074746695531,0.0,0.0032286747332982177,0.0,-1.7634997770265982e-06,0.0037292911800941644,0.0,0.0,0.0,0.0,-0.00016037733321575914,-0.0043453138409414935,0.0,0.0,0.021304320824922895,0.0,-0.06900391971908611,0.0,0.0,0.0009650721206209107,0.0,0.0,0.0016706174387599946,0.07277431829584263,0.019593998175824662,0.0,0.0048835610202189,0.009313278094038488,0.009246822533332262,0.03133952332593429,0.021258764362005387,0.004778509790727725,0.0,0.0,0.0,0.1247794165078466,0.014865320192772875,-0.014525786993014071,-0.010839855868170267,0.0,-0.01153404276869936,0.0,0.0,-6.941129283558687e-11,0.0,0.0,-0.004578899883611385,-0.01720907668603571,0.0,-0.030836261343347483,-0.02029192033677171,0.0,-0.017487489617795293,-0.013765489095898632,0.01302309166185708,-0.0015965179072438983,-0.010323960349577447,-0.004995453395695032,-0.04774795731282328,-0.008004154880684991,-0.01706895531625689,-0.04621580803220816,-0.002588288386891568,-0.030964307536424984,-0.003769071810406477,-0.006326794096786208,-0.026856323694151175,0.0,0.0,7.621202001148875e-11,0.004894918586969316,-0.07018093341177041,0.0,0.008238171681797165,0.0,-0.005689787988214958,0.0,0.0,0.004831717941706328,-0.001958898406117536,0.0,0.02119596307426269,0.000437913730385675,0.0,0.0,0.0,0.0,0.0047762121407290995,0.032156432827818944,0.012255348290383257,0.00853554210948327,-0.0011325904189714378,0.0,0.0,0.02237260324073208,0.0
2019-01-31,0.0,0.0010718542951278355,0.0,0.0,0.0,0.0,-0.0442004211590131,0.00794951655646038,0.0,-0.0012293114339367193,-0.002505354730078149,-0.017730759907229127,-0.0018877686800005979,-0.0017809034882660074,0.0,-0.0019558631784120303,0.0,0.011934527345588239,-0.00666117095252475,-0.017106215149792246,-0.0026210786410168527,-0.0966929623230193,-0.0033200395455525522,-0.03705401063520091,0.0,0.014050616333747651,0.0,0.0,0.02500360027692623,0.01820254021736097,0.0,0.0,0.0,0.00034538407347405574,-0.0005023209253909944,-0.006983948185742241,-0.081709895675518,0.0,0.030911541030565516,-0.017312390145244713,-0.022868994711844736,-0.0018562518075085222,-0.009443526378885524,-0.026839849612591615,0.0,-0.0006718025249430159,0.0,-1.943798561559667e-11,-0.006570873379449814,0.0,-0.002964226808092164,0.010240302974049256,0.011838247054694828,0.015059464682484905,0.01193933948008109,0.0,0.05958913675770965,0.007754598430061846,0.0,0.0,0.004631481647908518,0.0064500327716337695,-0.0016117450589947754,0.0,0.009061496519877869,0.0,1.246020278381225e-10,0.0,-0.03164947134951388,0.0,0.0,0.02414860888815426,0.010848301887841047,-0.017170076338702746,0.0,0.0417235395004684,0.0,-0.03300227013424487,0.0,0.0,0.0,-0.004096497119852029,0.0,0.029269420387560096,0.01655142872949679,0.0010367761971260719,0.0,0.0,0.0,0.006705249946534864,0.021269499830363373,0.03730098247564308,0.0361293747627714,0.0,0.0,0.003006561934281478,0.025976574887404513,0.0
2019-02-28,0.0,0.0,0.0044742686917010385,0.0,-0.003820462744000831,0.0,-0.00624268371762663,0.013641235434295292,0.0,0.0,0.0,-0.03117746481405892,-0.004047388484862692,-0.01456767167264051,0.0,-0.01628129756058188,0.0,0.027033285018652608,0.0,0.0,-0.002227538979290685,0.0,0.0,0.0,0.005691553402240931,0.01344310871543033,0.0008763177609597364,0.006924319098200732,0.02308003553955752,0.0,0.0,0.002827154009320226,0.003840814219131867,0.0031106924079113904,-0.005162803155182459,0.0,-2.8170414370786006e-10,-0.008186964767121998,0.04042499773552946,0.0,-0.014032398798600902,-0.02957430725408343,-0.0004717130401851829,0.0,0.0,-0.007807312110625898,0.0,-0.011034651992669805,0.0,-0.02451114968419325,0.0,0.0,0.00014481215403614486,0.03297988704160465,0.0004317640139509383,0.0,0.08364423710133691,0.013318948167725846,0.04274662312954793,0.0,0.0,0.0,-0.04645616682784108,-0.01213328609034676,0.0,-0.004592671515513765,0.025513702297389976,-0.019262613506549557,-0.03141024618942196,0.0,0.004542194551308728,0.019300844692821638,-0.015068145944286088,-0.030333739379004562,-0.0155670537714256,0.013588947280606785,0.00018978356842654613,0.0,0.0,0.0,1.310980484756191e-10,-0.014612743615110864,0.0,0.02062444680228114,0.027759895287706907,-0.010873330293494948,0.0,-0.024676327405768902,0.0,0.0,0.01473641632514906,0.00905469484257125,0.014817992970128287,0.0,-0.04925472382938074,-0.009480262843893094,0.031237027609378108,-0.03713287973053293
2019-03-31,0.0,0.0,0.0,-0.0008707510972854323,-0.00769097348016942,-0.00012287559325810613,-0.005437492902560483,0.003411736693821745,0.0,-0.004216333037581862,0.0,-0.050233720400108935,-0.027312525520559863,-0.026499160238846103,0.0,0.0,0.0,0.026638825824228936,0.0023339209425373747,0.0,0.0,0.0,0.0,0.0,0.0007373999947376307,0.007537573484890036,0.0,0.003664375514847347,0.004263362862422355,0.0,0.0,0.004088043994137497,0.0019007986716629648,0.0018673939787318748,-0.006038932789482096,0.0,0.0,-0.0023269933383573177,0.03334274114302051,0.0,-0.0076574271993011716,-0.007159869602427707,-0.011128863047077319,-0.005076505398443661,0.0,0.0,0.0,0.0,0.0,-0.005302625573456165,0.0,0.0,8.63586206477053e-11,0.005270736088525994,0.0,0.0,0.04602505084126441,0.04021237537533678,0.013953977591922656,-0.006843423680102241,0.056068430414980226,-0.013510261867430824,-0.02050479312289994,-0.03494547326545692,0.0,-0.0362685244563909,0.12192659662194937,-0.0017505084515008474,-0.012646585729258237,0.0,0.009229327162423313,0.030833581137059106,0.000757360267186282,-0.026023147988177876,-0.009898934625606984,0.009869505223604589,0.0,0.0,0.0022030586373056487,0.0,0.005851142332518448,-0.0031979514349454604,0.0,0.023291192213702194,0.02986660601084154,-0.058918005325252196,0.0,-0.031081355794166866,0.0,0.0010029230767903319,0.007085605806658919,0.0018211167795576535,0.0,0.0,-2.4414145485655134e-10,-0.006294414941180154,0.004945241226975804,-0.0710415698545735
2019-04-30,0.0048962159493948785,0.0023066014175944878,0.0,-0.0011967844035188405,-0.008669887500074075,-0.006190345799656885,-0.02117679027174585,0.01449068907104747,0.0,0.0,-0.0017787393638337445,-0.02416534457859319,-0.017057862349438065,-0.007610258789374654,0.0,0.0,0.0,0.01933817136867648,0.0,0.0,0.0,0.0029120761008958424,-0.008809878319415522,-0.0023480317181998537,0.0,0.015267691596803015,0.002058246194036247,0.0028498019042161146,0.002856858687535976,0.00943584159773251,0.0,0.0037002822048578196,0.0,0.0015408536637864108,0.0,-7.7438747554363e-11,-0.006841242827404698,-0.006808270856969385,0.036017182459157096,-0.0004696646924349531,0.0,-0.017042790177130784,-0.011542097817182512,-0.0010978836680896299,0.0,-0.004786575211899897,0.0,-0.01698374381572779,0.0,0.0,0.0,0.0074361160376240345,0.037628453389791656,0.0036411987190678586,0.07934347900173608,0.0,0.03665022160003868,0.009405401606831067,8.298814661726734e-11,0.0,0.021765447836056905,-0.0029705803662863034,0.0,-0.0015109875526077149,0.0,-0.007075452496646926,0.029892385346310352,-0.0037280384976860178,-0.06641639796555772,0.0,0.02189680590370582,0.032056786530470754,0.0,-0.01271597598124304,0.0,0.0,0.0,0.0,0.00194402975833245,0.0,0.0,-0.0030521682552089014,0.0,0.025883665097789842,0.04065611262311292,-0.2,0.0,-0.03108816029510472,-0.0005332035346894657,0.0,0.0,0.0,-0.006332842816840116,0.0,0.01496370331935029,0.005184598287737972,0.013981082643320795,0.0
2019-05-31,0.0,0.0005196173714230751,-0.0020411103193348017,-0.0038652948140611813,0.0,-0.00018357202930710358,-0.005550591835952933,0.00628680466042209,-0.004768730531491179,0.0,-0.015872282373375377,-0.010648441382672366,-0.01845790059808597,0.0,0.0,0.0,0.0,0.05164916498803725,0.0,0.0,0.0,0.004862689139922204,0.0,-0.012007771201485622,0.0,0.02120128045130555,0.0024805839159688092,0.02426365040457526,0.013576717524762534,0.0,0.0,0.0036368045963410815,-0.0001748325306094311,0.0,0.0,-0.008840467121885985,-0.022673264470793767,-0.024486850419026845,0.0322009705151744,-0.051284853963424686,-0.07847580857218409,0.0,-0.06479152196380407,-0.0008304172151885363,0.0,0.0,0.0,0.0,-0.02113284476425819,0.0,-0.0073012056024053884,0.0198804798734582,0.009211219616889388,0.02140282502010194,0.014452143323085679,0.0015834083727269154,0.04060287063202381,0.0,0.03361571686925871,0.0,0.01912795387291405,-2.9808482962977414e-11,-0.010670686676156688,-0.01820733637977555,0.0019831851722466494,-0.049245156306572974,0.009244743906378293,0.0,0.0,4.046202977559209e-11,0.026313426962996718,0.01564671539187176,0.0,-0.03715542054908435,-0.00906084725406972,0.0,-0.010434633043297599,-0.0036253805527007585,0.0029494590095844194,0.0,0.0,0.0,0.0,0.02357375687026838,0.0477461057315336,-0.0013406935105016856,0.0,-0.005447389770628297,0.0,0.0021146043640232386,0.0,0.0,0.0,-0.0014246942180564102,0.025344177107126362,0.021061994682645815,0.0034669296124718047,0.0
2019-06-30,0.0,0.0,-0.06384400745248715,-0.004262920715023861,-0.00989555796693167,-0.009770056168411848,0.0,0.010973848809213654,-1.0674334354711681e-10,0.0,-0.010882595425084305,-0.0210887064509126,-0.012813163448490457,0.0,-0.008577859108531807,0.0,0.0,0.024242169375857964,0.0,-0.00402261869502063,-0.0016243859616644413,0.0,-0.010098951263674773,-0.00790908089612807,0.0010867381387446053,0.02883460747931902,1.2264051095394336e-05,0.03527235099438215,0.034015026691354526,0.0,0.0,0.0028681097216210487,-0.021357128941139558,0.0,0.0,0.0,-0.002745754270655242,-0.013515378147097462,0.016009844570941234,-0.008183203596823346,-0.004021058414742267,-0.0013567643025298674,-0.01925700680151647,0.0,0.0,0.0,-0.035859680266886546,0.0,0.0,0.006336415183883585,3.808175610426771e-11,0.021637271800434954,0.012906948605107578,0.01612228407820543,0.017580893747583756,0.014280989069426191,0.018440092963378184,0.005584281525825174,0.023709322448390097,0.004055936378370125,0.031890135616387434,-0.00196281821932545,0.0,-0.06269116515190024,0.010195113673026961,-0.07914527306855622,0.03720523729140486,0.0,0.0,0.0,0.01618884925188392,0.010020707609729715,-0.005753841126936279,-0.01921637823364812,0.0,-0.00953232793872501,0.0,-0.02118654811683382,0.0008650566191164779,0.0,-0.012754786677227101,0.0,0.0,0.05693843072822168,0.0202646141242121,0.0,0.0,0.0,0.0,0.0,-0.016670983066352067,0.0,0.0,0.0,0.01348711559738565,0.0089753438174147,0.0,0.0
2019-07-31,0.0,0.0009724033323674222,-0.02356150139042826,-0.0017075570093310476,-0.025083323901910894,0.0,0.0,-0.0072816488185461145,-0.011002086056157639,-0.03065230201941445,-0.014984464193800192,-0.04391069391154666,-0.052297949883173454,0.0,-0.0014507812388283394,0.0,-0.010608043630018986,0.0,0.0,-0.009015050135538395,0.0027457400467824477,0.0,0.0,-0.025973185298985502,0.004712260102583201,0.045394304656783,0.0,0.07151409853270943,0.03765227000531893,5.1791018522715116e-11,-0.0015841631466097642,0.009154868580717047,0.0,0.0028402083541861516,0.0,-0.0023100895842510824,0.0,-0.011559829103681616,0.03408070963792441,-0.006910791519540385,-0.020116944081180383,0.0,-0.032760548906482626,0.0,-0.010697693847254743,-0.019575898867216956,0.0,-0.05061964337224372,-0.011716699845933222,0.001325022021798072,0.0,0.011987015709362829,0.018627400765166023,0.015024452154768686,0.007375108277215242,0.010124993555145562,0.011847326821808056,0.0,0.03801362917761042,0.0068953566475779635,0.032163458715413935,-1.5123481236845943e-10,0.0,0.0,0.0017071684554803535,-0.018227511192264685,0.012836545124037953,0.0,0.0,0.0,0.028678385603840964,0.011566460818183522,-0.018486983914487703,-0.022114633224046446,0.0,0.0,0.0,-0.005310833293748525,0.0007816440713963484,0.0,0.0,-0.004309800162259495,0.0,0.011849304077817896,0.02949328888510696,0.0,0.0,0.0,0.0,0.002874005468718307,-0.0061693482998839986,0.0,0.0,0.0,0.025702604550789838,0.012059965797598023,0.0,0.0
2019-08-31,0.0,0.0,-0.01930338318553925,-0.007235737442556204,-0.024739364053730364,-1.4297355303932357e-10,0.0,-0.04052347852075602,-0.015748525735284163,-0.0695191911072794,-0.007543478091910173,-0.024717904412036997,-0.03265423729946239,0.0,-0.01588318868413596,0.002042312643189843,-0.01000506853787949,0.0,0.0,0.0,0.0007094272031440813,0.0,0.0,-0.028623562955485286,0.0,0.035214799631172265,0.0038861194901006666,0.04319590116797329,0.0,0.0,0.0,0.013485273596560755,-0.007455998495401175,4.2729507553682045e-11,0.0,0.0,0.0,-0.004549692258920411,0.021217268449248653,0.0,-0.012604876356397815,0.0,-0.014619127737023396,0.0,-0.015004771030963173,-0.0054528058607673765,-0.00213211711758079,-0.05291083363357294,0.0,0.0005519572897797539,0.0,0.019773952716215227,0.07259492354195972,0.022282121719215998,0.025008383008271767,0.01698131322585894,0.010070409128946328,0.01392369692388505,0.013936463351608449,0.03612113078552721,0.017908847648676847,0.0,0.0,0.0,0.019927100187381728,0.0,0.030748053225784167,0.0,0.0,0.0,0.010513259238573299,0.008606898199799474,-0.0035560828092420895,-0.01851228938551576,-0.0013698592596873619,0.0,0.0,0.0,0.003492812615622526,0.0,-0.004976196337450919,-0.007517142176189333,0.0,0.0054636025052107315,0.021275274565397267,-0.00020316786777383047,0.0,0.0,0.0,0.003082412259471211,-0.016132373065257808,0.0,0.00018840637718008405,0.0,0.017211111754542048,0.010586767506973046,-0.02186071756686655,-0.014644828872360158
2019-09-30,0.0,0.0,-0.016865095211105883,-0.005426750749232943,-0.024620413104955344,0.0,0.0,-0.05390209792545176,-0.0067805845345098635,-0.062237699710176196,0.0,-0.016272207514764003,-0.04826490965715135,0.0,0.0,0.0021963149647163025,0.0,0.0,-0.0055464881733129825,0.0,0.0,0.0,0.0,-0.02282984470202885,0.0,0.027869869796648093,0.02799418884051652,0.043636451513122405,3.341528605405042e-11,0.0,0.00086535963838264,0.002947673297061033,0.0,0.0,0.0,-0.003640522178261658,0.0,-0.002138591819924449,0.0033678140478090642,0.0,-0.018211053496221683,0.0,-0.012961249931651887,0.0,-0.00899758221797307,-0.00412150835521583,-0.0009068506297738267,-0.0761191979366218,0.0,0.0,5.148006727988234e-05,0.009937051618369427,0.05941052085079153,0.015800424262122595,0.063370281826502,0.007952326850961582,0.0033873949005824243,0.00689786903299482,0.006092056141143427,0.024652111996336355,0.015126909692451014,0.03451864394518238,-0.006606825547278908,0.0,0.028050382838239126,0.0,0.02357761401403013,-1.1591679331825637e-10,0.0,-0.008630301564852448,0.0,0.0,-0.010569273915880577,-0.018425510625425627,-0.0060033573719849125,0.0,0.0,0.0,0.007400588887718527,0.0012288502810600963,-5.343046588446812e-05,-0.01174341972273301,0.0,2.8558168731783533e-05,0.01150733534176264,-0.002930579483486878,0.0,0.0,0.005450057799637438,0.00814135640199354,-0.013181046348178252,0.0,0.0,0.0,0.020818398944332052,0.03772211400610588,-0.019359855871742757,-0.012653751118301932
2019-10-31,0.0,0.006942696187812707,-9.267786509160424e-11,-0.020735325324352568,-0.01333691585723101,-0.04737838602457836,0.0,-0.014569509331597721,0.0,-0.06161975399153348,-0.001558130281981368,-0.0039046947751962004,-0.027283957986894154,0.0,0.0,0.006362482109714502,0.0,0.0,-0.000962039767301078,0.0,0.0,0.0,0.0,0.0,0.0,0.028790332654765927,0.0685284292240052,0.025491482067950846,0.0,0.0,-0.002064183142286816,0.00034582884432198365,-0.017113466176593508,0.0,0.0,0.0,0.0019476473861057783,0.0,0.0021777380180337787,-0.0004721495200893023,-0.019284176982328295,0.0,-0.009274987705392325,0.0,-0.00250045056166138,-0.004917744145743462,-0.00784201486976172,-0.025333988245843018,0.0,0.002733708247352624,0.0,0.0011374372117261002,0.003341018901465885,0.0029644809203592023,0.007199869112632402,0.004226667862567228,3.2549500405723944e-11,0.00032599168448635283,0.0005292801124581509,0.003384281849306631,0.0,0.0,-0.0863614410245386,0.0,0.004674208454631062,0.0,0.015189547399320167,-0.0020567326225176207,0.0,-0.03646561646495125,0.0,0.0,0.0,-0.005720647643297211,0.0,-0.009583810782283219,-0.005952710444831712,0.0,0.01648587232960218,0.000999522866264654,-0.016883877811468516,-0.046485428094350405,0.0,0.014973021028252046,0.10123164034311223,0.0,0.0,0.0,0.02517876909499081,0.0399722254216105,-0.003856242319746542,0.0,0.008463934139980825,0.0028150052903659732,0.04595843757446429,0.05762844362979037,-0.0047040068790860125,-0.0017776111298852416
2019-11-30,-0.003754155135134815,0.0,0.0,-0.01235934826061025,-0.011583076991106847,-0.039923014409710696,-0.0007548059650077013,-0.005927994714815297,0.0,-0.031162954986475908,-0.002519405469110944,-0.0022046969426055027,-0.019244608933189817,0.0,0.0,0.0,0.0,0.0,0.0,0.0,0.0,-0.0008875899171016829,0.0,-0.00023186601132351665,-0.0028834878977635893,0.018293837178843458,0.008149811165848495,0.01909319768834112,0.0006028901485763272,0.0,-0.2,0.0,-0.023380881849374282,-0.016387480429007183,0.003553578148621846,0.0,0.010475099102347226,0.0,0.012364737202210556,0.0,-0.00846218376394339,0.0,0.0,0.0,-0.0006062752204653905,-0.005150815323285053,-0.010176957071121803,-0.012772112143607248,0.0,0.011569421599098871,0.0,0.008788709910061046,0.008863123228790732,0.012408692755855278,0.008067172114478466,0.01144815167496911,0.006403184423536066,0.004849526589708146,0.0077869527594684506,0.0006199512288940782,0.0,0.003525863172654587,0.0,5.71618568519619e-11,0.012266939641086333,0.0,0.013365429129802268,-0.0005011956089043564,0.0,-0.012205985071365544,0.0,0.0,0.0,0.0,0.0,-0.003771834785646369,0.0,0.0,0.013887134241532938,0.0,-0.012966023004798202,-0.022994714957893327,0.0,0.04407768608535381,0.06607343247776495,0.0,0.0,0.0,0.02108067360332039,0.045015909369367446,-6.482294131795411e-11,-0.003991208795383081,0.004993790680372446,0.07007755517708895,0.020570312571142956,0.031727236873701846,-0.006914901233663621,-0.02628042504276163
2019-12-31,-0.0011807972394493533,0.0,0.0,-0.011068857847042412,-0.01252288880470387,-0.024677704143623625,0.0,-0.0027541868514310195,0.0,-0.014805209520533425,0.0,-0.0023273693477542374,-0.006976301020960456,0.0,0.0,0.0,0.0,0.0,-0.022757114942232145,0.0,0.0,-0.013950975845438064,0.0,0.0,-0.0013759304720160866,0.0,0.0,0.02503622003089251,0.04235565318121726,0.0,-0.2,0.0,-0.009805881179852188,-0.012557696893915225,0.0034437683992143736,0.0,0.009405886495578782,0.0,5.3530807703077725e-11,0.0,-0.013499927348155893,0.0,-0.005544451969945939,0.0,-0.001802343844484374,-0.01518169155616778,-0.009166025709282448,-0.005041617481428501,-0.010407545661319456,0.004349861822196029,-0.009550766514631933,0.006861815315428709,0.0033821824995341836,0.019299646687505365,0.02534802585105581,0.009105026934472803,0.003972145705102809,0.007397690859162215,0.0030024931937467298,0.0,0.0,0.00927457056221728,0.0,0.01226791194210534,0.012988814171549217,0.0,0.013175899484861602,0.0,0.0,-0.05801487347370672,0.0,0.0,-0.006753545514202313,-0.004295811054207492,0.0,0.0,-0.0011755870427474682,0.0,0.014533328473947197,0.005853074695392446,0.0,0.0,0.0,0.10610771680004151,0.009995496786435671,0.0,0.006744755672228595,0.001549113727794127,0.030848392212460874,0.05397113140299806,-0.002032368253526632,-0.004034316723958363,0.006871659047939239,0.02031043571183961,0.010305046063637675,0.022242236215913175,-4.000429600612496e-11,-0.01673821370327825
2020-01-31,-0.011901408141779458,0.0,0.0,0.0,-0.01327976246241226,0.0,0.0,-0.010970162904771968,-0.0007527840998417143,-0.0011218477387988713,0.0,-0.0007034626323028346,-0.004763757355903514,0.0,0.0,0.0,-0.0007389205207787936,0.0,0.0,0.0,-9.064298255178167e-11,-0.15039697034438546,0.0,-5.055149464922413e-05,-0.004486336169304031,0.0,0.0007024720414967112,0.004237831075267417,0.03010557681585195,-0.01510254727943225,0.0,0.0,-0.004587162431689242,-0.007436774559532144,0.0,0.0,0.0004922588335554728,3.041505462439159e-11,0.0,0.0,-0.0013231150778213298,0.0,0.0,0.0,-0.003795634593210886,-0.007184197107149966,0.0,-0.0020872968580426614,0.0,0.008424697976129037,-0.059689202429448765,0.010708948780731075,0.01605387325759966,0.045980998330618375,0.01672943584218927,0.007463654555917163,0.007757242826656552,0.012406629467544514,0.004211827523341808,0.0071335957769104305,0.0,0.02984596240830618,0.005628623559128163,0.08304961217607594,0.02823993292891739,0.0018206790839628616,0.01987902737637885,0.0,0.005243706365241091,-0.020596956972196406,0.0,0.0,0.0,-0.03156035351227605,0.0,-0.016880547343057453,0.0,0.0,0.005197217836175682,0.0,-0.0030868302065692388,-0.012171702869164358,0.0,0.06503174240784299,0.0,-0.03670915977488,0.0,0.010266718662988863,0.00959930659632698,0.029494861763815782,-0.0028763470532997522,-0.015023378531020027,0.0,0.017051042340342406,0.006050186033395589,0.011192337326876814,-0.019826927261631978,-0.04089590218400635
2020-02-29,-0.007870253862931584,0.0,0.0,0.0,-0.017272173775002665,-0.005684407115947365,-1.2753143382212167e-10,-0.027620906669916723,0.0,-0.009326341285504611,0.0,-0.011077855809406201,-0.010059042041517814,0.0,0.0,0.0,-0.006471452442803897,0.0,-0.01444561488962523,0.0,-0.012308575037530646,-0.02910152365177287,0.0,0.0,-0.014092945229622764,0.0,0.017144522747676208,0.01721843374414993,0.01875326870404769,-0.031533202165517256,0.0,0.0,-0.017479265755189967,-0.03224981031601607,0.007483752873979489,0.00848331161771644,0.0,0.006222272082757853,0.0014422763418690334,0.0,0.0,0.0,0.0,-0.0046896664813955114,-0.004821833540578536,-0.005127518714682588,-0.007445885535715014,-0.00972246195932732,0.0,0.007689697630147342,-0.07232575107711302,0.04231909113590108,0.014794719633314512,0.03257708004602465,0.01478808906606934,0.009735724740880707,0.003065166340712033,0.01361952899900559,3.6644958759108315e-11,0.08894920719330374,0.0,0.022681202131063602,0.011424030789570537,0.006728704727276847,0.006451422624329353,0.004361077671727797,0.039931680274081054,0.0,0.0,-0.015671380869351076,0.0,0.0,0.0,-0.011152284723598336,0.0,-0.006691144766391638,0.0,0.0,0.032982880154545764,0.0,-0.009083382909189038,0.0,0.0,0.001598909848536668,0.0033136969653636238,-0.014139582753112542,0.0,0.0,0.0,0.012035949385932604,0.0,-0.009946502259621987,0.0,0.02143155533515542,0.02352168332602499,0.009251063832191184,-0.027496245674337803,-0.05509298855974847
2020-03-31,-0.02538949685832884,-0.014740467139170044,0.0,0.0,-0.007944530715573389,0.0,0.0,-0.014949854161236507,0.0,0.0,0.0,0.0,0.0,0.005995077963326899,0.0,0.0,-0.003972467233456708,0.0,-0.011270481941836153,0.006498356627645585,-0.026275282795540807,-0.028279766085651765,-0.0019606947808786857,0.0,-0.02223547951592841,0.0018491294443646405,0.008092231875884103,0.020969818235973617,0.020495685544816487,-0.030470811134936087,0.0,0.0,-0.02192252594285617,-0.03161114033518629,-0.0016375436867180832,-7.20263778208193e-05,-2.3449034888716925e-10,-0.003518541588568811,0.0,0.0,0.0,0.0,0.0,-0.0038432105885720844,0.0,0.0,0.0,0.0,0.0,0.02823601029481682,0.0,0.003214466496855208,0.03618754841296586,0.039082957816788784,0.002674739983045313,0.05678923285143368,0.00622958230405667,0.045317997456594115,0.013056505206152104,0.003286097390406578,0.0,0.03377192130571618,0.022622280298326275,0.006048536981682284,0.0052592658929781905,0.008645811747526022,0.04164461499554354,9.188826473147121e-11,0.0,-0.016378920125829515,0.0,-0.001185052715892237,0.0,0.0,0.0005814717570189456,-0.033383139697309216,-0.015358572419203301,0.0,0.021013757492378736,-0.01829242381323534,-0.04709882743820832,-0.0003831054852755306,0.0,0.0002466443822900195,0.0037557853327826168,-0.048469639014339316,0.0,0.0,0.0,0.042839135926309155,-0.000977105182804683,-0.03427159875232,0.0,0.008751638303477841,0.0,0.006843697586955451,-0.0015963815923513988,-0.0325109126464812
2020-04-30,-0.006311762741298813,-0.0068401136610767325,0.0,0.0,0.0,0.0,0.0,0.01821654626973244,0.005208894754932818,0.0,0.0,0.0,0.0,0.0008477135217330379,0.00015778581434056782,0.0,0.0,0.0,-0.0005391003136233104,0.0025947178355767674,-0.014548955642343606,-3.0415617342044405e-11,-0.15463295027216692,-0.001045271543726618,-0.0025266726581027713,8.447703872680998e-05,0.003518424568171183,0.014717590005891642,0.015206045182589126,0.0,0.0007383658380117028,0.0,0.0,0.0,-0.0006098482794593104,0.0,-0.01059682790602759,-0.005804688020673407,1.010174940509279e-10,0.0,0.0,-0.005451163519116687,0.0,0.0,0.0,-0.0006867557718955449,0.0,-0.0030464144949055956,0.0,0.13138904882953006,0.020686928079828238,0.002827164167508634,0.07538287403383147,0.038928202702190016,-0.000516800402263544,0.021699654284150074,0.018648532929713753,0.016856147366994496,0.0172329495716752,0.0,0.0,0.01826388502508576,0.021307527266458542,-0.009853774001422663,-0.012839221708447538,0.0,0.020999144016931436,0.0,-0.010172884710850415,-0.07582410385764216,0.005451029407217707,-0.0076395985878953444,-0.02548723897777562,0.0,0.0025717801352310547,-0.008964278421854524,-0.03768833527654964,-0.03451862212564478,0.0002909058553759803,0.0,0.0,0.0,0.0,0.0,0.0027212931109341257,-0.04570976643035082,-0.000863480553204014,0.0,-0.003975258063880743,0.013968152376281868,0.0,-0.010761636043269789,-0.002402973901227584,0.002644717083017261,0.0,-0.00014150208288829568,0.006839502827320829,0.0
2020-05-31,-0.003039690656290676,0.0,0.0,0.0,-0.0017560670378784073,0.0,0.0,0.04906451393928765,0.0037292786414365145,0.0021627056275488788,0.0005065089518838389,0.0,0.0,0.0,-0.005383844465092633,0.0,0.0,-0.0035128731361406926,-0.025144090362517562,0.0,-0.061014003011501436,-0.03801527167190809,-0.10426786223510354,-0.0007204586675487534,7.635806429148796e-05,-0.004087634498489306,-0.00041130869593178403,0.0,0.000316339503057212,0.0,0.0,-0.001208972913031278,0.0,0.0,0.0011109124577488153,0.0,0.0,0.0,0.0020426855824388695,-0.003588737532614532,0.0,0.0,-1.5744260851672304e-10,-0.007558524274528492,-0.001396200107047415,0.0,0.0,0.0,-0.02277485463588551,0.06963126897510588,0.01913322272540271,0.005915259134797369,0.03602145692235134,0.04355618931645325,0.0038045357740814313,0.024582194000369414,0.014200409766472051,0.007999397467003845,0.023038066845864458,0.016877420496186443,-0.004385600574296658,0.01731515783647198,0.035211836566126954,0.0,0.0,0.0,0.024038798072843533,0.006982783632753065,0.015455446188389354,-0.017046248410661557,0.0,0.0,-0.024994758706262752,-0.0037313456434099578,0.0,-0.013932171908806221,0.0,0.0,0.0,-0.012038984512769087,-0.022076948931925213,0.0,0.0,0.004443613629473921,0.011687891694213847,0.0,2.1473048141468604e-10,0.0,-0.006388363095334592,0.02308850624635091,-0.011612626070911921,-0.02633570851170629,-0.03204898382873635,0.0,-0.014952508200216194,-0.026575357546010536,0.02349669144375403,0.014510550283110471
2020-06-30,-0.008323367164467367,0.0,0.0,0.0,-0.007092893782450732,0.0,0.0,0.012983908468771536,0.0,0.0,0.0,0.0,0.0,0.0,-0.013758676922898443,0.0,0.0,-0.002910157864525081,-0.004019253667307976,0.0,-0.07709604940644772,-0.04439285093555169,-0.03765503882413429,-0.001242643912405197,0.0,-0.0004326593663077337,0.0,-0.0043402853381598145,1.3313112726449384e-10,0.0,0.0,0.0,0.0,0.0,0.0,0.0,0.0,-0.006731291141126452,0.0,-0.003298722304976396,0.0,0.0,-0.0021319451257577294,-0.013952691651458288,-0.0015342486377856051,-2.2609151726337307e-10,0.0,0.0,0.0,0.042820529170989226,0.05860445374117266,0.01094580887411125,0.045516490707631294,0.03831170065942885,0.007165260951006735,0.014808000924680804,0.01916435819768755,0.006760435731131786,0.023246554024497462,0.015861787050520118,0.008390274909113506,0.030852582449447948,0.03254868787060301,0.010320685214181871,0.00753631020012075,0.018773368670999196,0.010686025013846644,0.0005714458925010095,0.009768146717061742,-0.020520074868769004,0.015522689688303398,0.0008074089550581983,0.0,-0.00447261923502842,0.0,0.0,-0.004498556588433588,0.0,0.001343951323909762,-0.014828562394213284,-0.017032705030430226,-0.005863901494046057,0.0,0.00952140084872697,0.014577279421129142,0.0,0.0,-0.0017092778538083594,-0.007531323350890569,0.016395493363054917,-0.015924873361080328,-0.04611704085789548,-0.026280055825312607,0.0,-0.0633854531324052,-0.04292277973583482,0.011930874286836889,0.004264086540344613
2020-07-31,-0.0008507506963518646,0.0,0.0,0.0,0.0,0.0,0.0,0.0004007486096863583,0.0003607387021989087,6.82770710765869e-11,0.0,0.0,0.0,0.0,-0.012187918389476264,0.0,0.0,-0.01507049299094579,0.0,-0.0046006339197684765,-0.043546833463806375,-0.09346575462291426,-0.0065866761979927165,-0.002957502380014413,0.0,-0.00520226687139345,0.0,-0.0023464352726707037,0.0,0.0,0.0,0.0,0.0,0.0,0.0,-0.001967079340170176,0.0,0.0,0.0,-0.006302649018741389,0.0,0.0,-0.00249267595071561,-0.0017795701616224729,-0.003976117184275144,0.0,0.0,0.0,0.0,0.02494766242746003,0.12099508388520287,0.0038461593345575657,0.024963379380814017,0.01986394813970938,0.004780651930578081,0.011707794570477563,0.012594405396480242,0.00606207840759688,0.017044326308908616,0.018295632318107515,0.004232598693291534,0.0256281332503575,0.01496971150925128,0.0003529238870364266,0.0,0.02478590248424512,0.004697474882824739,0.010523756166067034,0.03856495007206137,-0.025854138927485736,0.01354771058898587,0.00863560841596401,0.0,-0.013030204523533135,0.01781642814171747,-0.005654197858905693,-0.002376809578008595,-4.9132993186858793e-11,-0.004353848190965174,-0.03770032805124603,-0.005209701792867933,0.0,0.0,0.025913124867454725,0.018946938799947504,0.0,0.0,-0.008714363104168444,-0.004452685420202013,0.01566340445742078,-0.13330020123356387,-0.01602666342332995,-0.018561228207286007,0.0,-0.005560238601252777,-0.015872034577192582,0.008258147938084463,0.001600576365234903
2020-08-31,-0.015037827189441393,-0.004056742610588797,-0.0003799779454762333,0.0,0.0,-0.046433789735685585,0.0,0.004891447819414161,0.0,-0.09649777405590139,-0.0055329095879099385,0.0,0.0,-0.0014434267445807211,-0.024478791125615216,0.0,-0.00796482614611041,-0.027267516783982676,0.0,-0.004556145375420782,-0.006093698980181986,-0.012985714537698667,0.0,0.0,0.0,0.0,0.0,0.0,0.0,0.0,-0.0005240050711453502,0.0,0.0,0.0,0.0,-0.004502633080373227,0.0,-0.047240044064616904,0.0,-0.005176405638570327,-0.0766460080952638,0.0,-0.02971003446740244,0.0,-0.0025976680746828467,-0.0014013604337803419,-0.013700198762901617,-0.013762594288557682,0.0,0.04166283187242001,0.07237432787450167,0.009258260956456607,0.03271469821522718,0.029580697473937653,0.006157063633849984,0.025922909842909975,0.02494879062677436,0.011283864317336911,0.030068404339282748,0.03718843031121386,0.015111216572906903,0.0187453126020163,0.011628768044602533,0.001246417471013567,0.00390634625692558,0.019658195543681846,0.006733248590200909,0.0030721381820473623,0.036008837617717206,0.0,0.008886489574518703,0.0025788851799778754,3.5792985369990906e-11,-0.004750187205916124,0.008078286990971295,0.0,-0.016015291466652683,0.0,0.0,-0.00397967286409787,0.0,0.0,0.0,0.013419845298349617,0.008175105556424459,0.0,-0.0010102314114355828,0.0,0.0,0.01107636395878392,-0.02063458123562198,-0.005619942997542,0.0,0.0,0.0,-2.284542081738886e-11,0.0037548047347666425,0.0018680105059771896
2020-09-30,-0.028467706178783154,-0.0015125097453927419,0.0,-0.018679650831831193,0.0,-0.06155790093374227,-0.0012067952753507668,0.0034847596727854606,0.0,-0.07317952620319568,-0.0055302344271242875,0.0,0.0,0.0,-0.01223721753724472,-0.0027904743767424127,-0.00514138772473492,0.0,0.0,-0.0028524323488271787,-0.002820960365791135,-0.014520138979719427,0.0,0.0,0.0,-0.02942657425148955,-0.008299506747253993,0.0,0.0,0.0,0.0,-0.015393858241512383,0.0,-0.0499638417576031,-0.007819592628733956,0.0,-0.006938081516739727,-0.02203408206803112,0.0,-0.022970534855178,-0.04394431778350302,-0.007520318570576377,-0.007836618353791487,0.0,-0.037068844038748563,-0.00046192078725062574,-0.0011796601213832564,-0.0027847074530491854,-2.4557901011042264e-11,0.029428360255099924,0.054995831619086194,0.010575585621528022,0.02368312248994563,0.01715945380644472,0.004494833822460764,0.01947254666543691,0.008842204700083001,0.011197529430003973,0.019583257251385426,0.03172826907304884,0.013027758565457641,0.015477321490984233,0.007884745302274883,0.00025164876190756887,3.9677170871215935e-11,0.024460040670448758,0.008979780193911073,0.009377353481497859,0.08457607804105798,0.0,0.013807550441622015,0.013294889635873742,0.0,0.0,0.026946825911602346,0.0,0.0,0.0,0.0,-0.005860605872117884,0.0,0.0,0.0,0.0099924856415913,0.00986961659865406,0.0,0.0,0.0,0.0,0.010329495702421804,0.0,0.0,0.0,0.0005048769301142129,0.0,0.0,0.011386790159648124,0.005186988023946378
2020-10-31,-0.014049291430539927,-3.943983512983148e-11,-0.006986885530310712,-0.006125935997703363,-0.06232944955656974,-0.005033750751140819,-0.008001487352443482,0.01630260832764642,0.0,-0.05343989148193106,0.0,-0.0012742497709476272,0.0,0.0,-0.003343797645311989,-0.003243913741713493,0.0,-0.005392851068875885,0.0,-0.0028249632886183356,-0.009714031506921876,-0.012610355289330823,0.0,0.0,0.0,-0.01929192773174732,-0.02676410324723214,0.0,0.0,0.0,-0.007695799781186993,-0.01016178477687145,0.0,-0.04493759544323613,-0.009138047533984417,-0.002561102472858335,-0.01820736514618438,-0.021977301644661038,0.0,-0.002674994813061467,0.0,-0.018693578454763254,0.0,0.0,-0.08524448781769661,0.0,0.0,-0.0004548932517544125,0.0,0.02902925861250407,0.10155401542872193,0.011051784707085704,0.025979947925372008,0.009870947768401167,0.0,0.02439560928029623,0.01634260211162174,0.006471271952597961,0.024677843600141417,0.01664646494859006,0.00954905439208855,0.012446711339904751,0.007026016676266407,7.493983167009736e-11,0.0,0.016202613500440072,0.0,0.024929428812662604,0.013763686091076,0.0007861137453793925,0.027270664083547,0.0036536541562448965,0.0,0.0,0.0049852961753683,0.0,0.0,0.0,0.0,-0.03287784924334745,-0.004948314189615714,0.0,0.0,0.009132847495036345,0.016373482495262798,0.02741956931140163,0.005167878583224634,0.0,0.004457612784352972,0.020438299040873974,0.0,0.0,0.0,0.0,0.0,0.0,0.009428550448407777,0.004646166130543374
2020-11-30,-0.01394591299700472,0.0,-0.0066061681619520975,-0.003940525946638903,-0.04803449876418612,-0.010270834514784053,-0.005508698125323413,0.00385515997267284,-0.00032514678254804503,-0.024548842943078325,0.0,0.0,0.0,0.0,-0.005275713762774007,-0.0021978026972141514,0.0,-0.05575115409532543,-0.0005968567860546289,-0.024351439900401842,-0.0031516346529539218,-0.02593209689802138,0.0,0.0,0.0,-0.018372942053810792,-0.006071518616586807,0.0,-0.002788164232096345,0.0,-0.011290741715148888,0.0,0.0,-0.0028584868671526708,-0.016356657561196336,-0.0003968116116160685,-0.04152358006317005,-0.026991327453033027,0.0,-7.126173302958563e-11,0.0,0.0,0.0,-0.035130721919721546,-0.036312037609520446,-0.0031746697694839386,0.0,0.0,0.0,0.046858209358760936,0.01477375051496773,0.042647544944994176,0.04606186099057756,0.0220939866279395,0.002070617851510591,0.030443169205583657,0.03967641946005124,0.0035724165562531717,0.0386013926605965,0.006963354329985145,0.010290060969917277,0.024090935869833158,0.006860619014475883,0.011172374509177177,0.0,0.023471316008467746,0.0026246149840367977,0.011190803522670432,0.005551287378454377,0.0,0.010197554727035825,0.0,0.0011602871861638464,0.0,0.0,0.0,0.002163269188122216,2.947958973912685e-11,0.0,-0.035131768250236554,-0.0331632451777038,0.0,0.0,0.0004746883709813714,0.005113129923714361,0.031729972689099,0.0,0.0,0.045984714611136124,0.008441342629080806,0.0,0.0,0.0,0.0,0.0018651459142609086,0.0,0.0,0.0
2020-12-31,-0.02437050279466853,-0.012424992383955946,-0.013592471248182787,-0.013049410387448238,-0.01962328992663563,-0.01036645187525024,0.0,-0.020669084638574923,0.0,0.0,0.005799004060798943,-0.02220614597809449,0.014084367221926386,0.0,-0.02865592760699493,0.0,-0.0005822289455855404,0.0,-0.0237908110022146,-0.006226050816218168,-0.03028620124859423,-0.039292000288151586,-0.020978563174164466,-0.005164726657955978,0.0011491973471682414,-0.021544736114224094,0.0,-0.027921582520646252,-0.014908221586820312,0.0,0.0,0.0,0.0,0.0,-0.018887288025742844,0.0,-0.01942904685846597,-0.03069000484070941,0.0043207651216725235,-0.0018502962833162376,0.0,0.0,-0.020203432522000138,-0.0210827407818855,-0.006312882906449486,-0.004920252133443885,0.003963125133432719,-1.5003511285624e-10,0.0,0.010680647949084132,0.0,0.001969922764884184,0.006376627782702196,0.016201998390809186,0.0,0.025248694777565504,0.008130940905689497,0.025430954577579094,0.011431421303604639,0.0,0.07806611218323406,0.0431785724705383,0.026004050906470785,0.033613489535789964,0.0,0.04197183560068094,0.029761936154246046,0.020254897815604234,0.007112604060113297,3.0641328350181744e-11,0.0,0.0,0.0,0.0,0.0,0.006704116202973973,0.0024040833122348252,0.0,0.0,-0.014816032824200612,0.0,0.0,0.0,0.0,0.0018689475587801054,0.01940906036323794,0.0032070801151984417,0.0,0.0325035376984491,0.0,0.008779002394143125,0.0,-0.00615462347936989,0.010373006260746278,0.0,0.0,0.0,0.0
2021-01-31,-0.017308679425305167,-0.014668278313224939,-0.01271362177462408,-0.007884901189498337,-0.010546786894168922,-0.006768386461192119,0.0,-0.07070766340890083,-0.008654476048469195,-0.004517688667580917,0.0,-0.00830160916044249,0.011443687070684107,0.0,-0.013339708856918186,0.0,0.0,0.0,-0.004511299513299267,0.0,-0.0055046402339801685,-0.016943245800551524,0.0,0.0,0.0,-0.016080142453004355,0.0,-0.022264861107685625,-1.2157343939588394e-10,0.0,-0.02606839997304456,0.0,0.0,-0.013426632419503308,-0.014548725468640583,0.0,-0.01199211831653069,-0.024910471697469,0.0,0.0,0.0,0.002160075191320182,-0.007938450472389903,-0.009705259109547532,-0.0016564496684100352,0.0,0.0,-0.01631587263221038,0.006652624635595322,-0.005895927587146338,0.01215639000142813,0.0,0.0,-0.04192307112401403,-0.06263086835373882,0.0,-0.022271763746935343,0.0,0.0,0.0,0.0,0.0008842548968722117,0.004226789801791262,0.0012607385034387956,0.0,0.013393228023528268,0.0318863909833168,0.025531459351554753,0.07848769667320417,0.008430343926863185,0.0018779904420813637,0.0,0.002956631422452705,0.008122418870663456,2.7288058111618056e-11,0.2,0.001032828480591211,0.011146173573293396,0.014029774878436482,0.0,0.0033814993668624892,0.005303147009431773,0.0,0.0,0.001275233005686142,0.013509920042618468,0.0017108348300744324,0.0,0.010458759849932133,0.0,0.017163240592543046,0.0,0.0,0.001388226956534307,0.002405804153450464,0.0077238374384628605,0.0,0.0
2021-02-28,-0.0061152447851750445,-0.014374859415188158,-0.012908476004083838,-0.009875834088990468,0.0,0.0,0.0,-0.01803692933197137,0.0,0.0029007530480599972,0.011430101792951697,-0.006213887331631555,0.010683716231061104,0.0,-0.0110680656745986,0.0,0.0,0.0,-0.018945454333309377,-0.005595027913983555,0.0,-0.012039268063851754,-0.0014393873053337976,2.7305277141357394e-11,0.0,-0.016192683414527363,0.0,-0.012341514731178897,0.0,0.00743005746858229,-0.02642266732215204,0.0,0.0,-0.017399291362422378,-0.017500885321268686,0.0,-0.018397786713954617,-0.018853963396522108,0.006763511144307402,0.0,0.0,0.0,-0.011649814325598612,0.0,-0.0022215318077311312,0.0,0.015824318680280187,0.0,0.0,-0.002644900885303064,0.008028706560889972,-0.0017852083340780245,-0.015584658843523032,-0.1177508757028623,-0.0674911701133339,0.0,-0.019870937952489967,0.0,0.0,-0.012229557712719153,-1.1434281512558725e-10,-0.00185711354628616,0.0,0.0,0.0037517295363869944,0.0013900191344433624,0.013215062141457998,0.024316233597672824,0.02891222123830586,0.01697605121569207,0.007301123744980838,0.006215510305863876,0.0010964903931536868,0.0,0.0,0.025175124526098613,0.0,0.0,0.0012641965211072149,0.0,0.003172335363294564,0.007831964907198492,0.0,0.0,0.007394704724858628,0.2,5.6772434428102105e-05,0.0,0.001597712476203508,0.0,0.037952707018901057,0.0027698163696952445,0.0,0.0045655019383192795,0.013376107951102893,0.028607449507397,-0.003193004151588269,0.0
2021-03-31,0.0,-0.006239770336286027,-0.005382092059750936,-0.00026891202207568146,0.0,0.016658380451754426,1.1839791753539035e-05,-0.009468116237250766,-6.390545095092662e-11,0.007891724472741992,0.007832473511469104,0.2,8.95803304028849e-12,0.0,-0.0021964130435368507,0.0,0.0,-0.016466961441676576,-0.023072336464475433,-0.01038191379689809,0.0,0.0,0.0,0.05678776335289661,0.0,-0.012253939926295691,0.008543808716322033,-0.01491198404924707,0.004349082024375482,0.07069800911022163,-0.00709919888520412,0.0025887496440311145,0.01659088661030872,-0.0048948876258891015,-0.003963263047485666,0.0,-0.006004696926254454,0.0,0.0033986341006984723,0.0,0.0,0.0,-0.006294222274586624,0.003004635168885483,0.0,0.029764734182247992,0.003766321602131782,0.0,0.0013346249591949114,-0.027475549899627073,0.0,-0.02085300682363817,-0.027409500716733738,-0.06485659281244593,-0.057962314850403374,-0.02770737242596825,-0.03428460759105335,-0.019874256419727405,-0.02364522612106461,-0.03192229334375231,-0.015223888521602174,-0.01032513032346035,0.0,0.0,0.0,-0.00011423138402699686,0.0,0.008619601604003671,0.011877322004214503,0.004843612145942926,0.0003534421811388604,0.0,0.0003062639756800254,0.0,0.0,0.0,0.0,0.0,0.0,0.0,0.0007523567992599139,9.795134648103021e-05,0.0024039221068236113,0.0,0.0,0.0,0.0,0.0,0.0,-0.009447320565677668,0.01988405514919259,0.004883717388560725,0.011729679649398564,0.0,0.0004892356400090355,0.0005371723013032584,0.0,0.0
2021-04-30,0.0,0.0,0.0,0.0,0.0,0.004856937833304278,0.0010352167083221276,-0.012073743303127724,-0.009907935407241324,0.006655841266184051,0.007594430395450642,0.2,1.0251056854446388e-11,0.0,0.0,0.0,0.0009040370248652494,-0.014681997284613816,-0.02322205181879163,-0.008301311632085856,0.0,0.0,0.0,0.0046156131811455475,0.021672200905478906,0.0,0.015868253374565048,-0.009922145943994355,0.001415262969472928,0.0607115257595866,-0.0017269908537399044,0.01866286907526118,0.0648731871211713,0.0007308773541871556,-0.005928024332474361,0.0,0.0,-0.0038199262251853235,0.003125421358895397,0.0,0.0,-5.6953181285945754e-11,-0.0077801090173017905,0.0,0.0,0.00018796580659419436,0.002318765918377384,0.0,0.0,-0.01988946862431112,0.0,-0.0260453864088033,-0.030109421048711078,-0.022025920856199085,-0.05019615208663576,-0.03078168854094125,-0.02612020507857004,-0.025930194829322087,-0.02307417745005872,-0.026289377154928767,-0.01609688562521358,-0.0330909895743947,-0.012547484467937992,-0.002821435346501142,-0.009957681180246324,-0.017509308666375935,0.0,0.0037593386288770625,0.002558064088489889,0.0018041118683977417,0.0,0.0,0.004403859022721978,0.0,0.0,0.0023109683900941554,0.0,0.0,0.0,0.0,0.013809406395437523,0.004226576660868349,0.0,-0.005944363244963132,-0.014065990110764613,0.0,0.0,0.0,0.0,-0.010139633829612115,0.03844031547059764,0.00812407860158636,0.0031196502072468675,0.0,0.0002739148367071067,0.0,0.0,0.0019413097658623117
2021-05-31,0.0,0.0,-0.0007858212978473085,0.0,0.0,0.006446836602731281,1.0460991917075345e-11,-0.02496838706253549,-0.004330234019084045,0.004901343673459449,0.004247382713795452,0.2,0.0,0.0,0.0,0.0,0.011025256521203121,-0.011254252891519068,-0.029442890962143826,-0.010513163516664295,0.0,0.0,0.0,0.0030660828821363127,0.002065665064978908,0.0,0.015205339586545016,-0.004329194526623337,0.0016088962333798257,0.07301597287889729,0.0,0.01718117034099308,0.042360599557096486,0.0019338693701879744,-0.0016892492370856817,0.0,0.0,0.0,0.0,0.0,-0.005944569377288084,0.0,-0.00390063541045963,0.0,0.0,0.0,0.013467270265099003,-0.0027762017593025187,0.0,-0.018001941780665304,0.0,-0.025257876437798577,-0.027010696152288523,-0.017744422384153764,-0.043567636973869464,-0.02779402305379583,-0.02839177715888661,-0.02721758159480388,-0.025665254905786982,-0.02874806815920523,-0.014979888926235911,-0.024649518154475896,-0.015269720240707205,-0.019572141033436512,0.0,-0.0353495634041399,0.0,0.0017916889252595305,0.0,0.0,0.0,0.0,0.009632636975638537,0.004063354756588034,-6.756237620392582e-11,0.0,0.0,0.001977266466109827,0.001772533042506536,0.0,0.03558952366481861,0.0024614682282129534,0.0,-0.0018166706092529478,-0.01436413437059404,0.0,0.0,0.0,0.00413268167073762,-0.004664484531787786,0.026536400605229684,0.0033896823200665286,0.002145916457861751,0.008634926652347214,0.0007655925876084817,0.0002024431387028314,0.0,0.0003781988073476702
2021-06-30,0.06239598288142115,0.0,0.0,0.003456204671411276,0.011979384187856356,0.004352927364718261,0.007541171416940988,-0.02922058262589808,0.0,0.019876470196704146,0.04080131986782566,0.2,0.010743567773877322,0.0,0.007517677511113307,0.024718392566555714,0.0105190778473697,-0.003282697241539655,-0.019085350858570743,-0.010643164661240444,0.0,0.0013509914461849871,0.0,0.0008541850617745562,0.0,0.0,0.0001770278128249209,0.0,0.0,0.019404856069329134,0.0,0.005261186139502085,0.01777696956409884,0.0,0.0,4.3689162228598945e-12,0.0006535536704374576,0.004437039092390744,0.0,0.0,0.0,-0.005992353943523741,0.0,0.0,0.0,0.0,-0.003711118275179137,0.0,0.0,-0.015978055908047774,-0.012307524180677496,-0.03340204130203616,-0.027773284767889705,-0.02012307919676303,-0.02244548983474484,-0.03281411735482157,-0.02965595017421693,-0.027116546578475596,-0.026497753314267073,-0.023702712688867297,-0.0070419256900031875,-0.024106430426696853,-0.01678003521637884,-0.0180028679342623,-0.0031991999880300326,-0.02411818536464133,0.0038818784767175136,0.000486208447294118,0.0,-7.05205365852179e-05,-4.33392290768233e-11,0.0,0.0027433824317018964,0.0009675126156338162,-0.010004304222691756,0.0,0.0,0.0,0.0,0.0,0.022952888161334044,0.0,0.0016254043865551785,-0.009548568154469177,-0.025112213925321616,0.0,0.0,0.0,0.009286144994736654,-0.018047775445985976,0.002752395029082638,0.0,0.0,-0.00021615014483522074,0.0,0.0014862003102386666,0.0,0.0
2021-07-31,0.011481990939616542,0.008807235137308076,0.0,0.014732709240787763,0.000985764408260639,0.0070022136696650935,0.03431696283590696,-0.02454101395026389,0.011619884914335219,0.03176110787585141,0.0811012592217317,0.2,0.006349660776420451,0.0002195444760070422,0.016808387273391446,0.004225927876232164,0.0,0.0,-0.010566144699974552,-0.004324355650566733,0.0,0.010036424816974365,0.0,0.0,0.0,0.0,0.012978794239316742,0.0,0.004445998627427993,0.002625877198570948,0.005425649551527625,0.0029031414699142387,0.010210245245171874,0.0,5.9853106505806694e-05,0.0,0.008437745761732082,0.001265194621115316,0.0,0.0,0.0,-0.006201839369944705,0.0,0.0,0.0,0.0010518356443493765,0.0,6.367029661945423e-12,0.0,-0.023374181719313162,-0.014130882021089496,-0.031861763726962644,-0.02593378797872516,-0.01952820459249894,-0.02639109286823241,-0.029800921640781703,-0.029457350893607168,-0.029855329146310006,-0.02758589493129561,-0.029859697554975584,-0.013491732697608377,-0.02859316363297302,-0.015314584029417789,-0.018923996857132676,-0.005624333394961094,-0.029181019190036246,0.0,0.0,-5.1953043433141235e-11,0.0,0.0,0.0,0.006360837919936827,0.0003902905391782835,0.00402559349384158,0.0,0.0,0.0,-0.0010024988395105306,0.0,0.0,0.0,0.0,0.0,-0.016854030650584384,-0.003385682188256256,-2.1272311093802113e-06,0.0,-0.001588028108522666,-0.019471610597846203,0.0,0.0,0.0,-0.008248729060565254,-0.004906002724981394,0.0,0.0,0.00036986911255538677
2021-08-31,0.004548697568169905,0.011720593278454991,0.0,0.0013751320157776405,0.0,0.0,0.005084933783573714,-0.035287405249531216,0.0,0.029679642774855745,0.02699784004992539,0.0505919572581871,0.0,0.0,-0.00399218297033949,0.0,0.0,-0.01480328575150378,-0.03287728912531625,-0.010785988784323979,0.024625574028118956,0.0,-0.0023401395338917357,0.0,0.0,0.0,0.022117306722838598,0.00019481505112574463,0.02368112126689187,0.013998048954375264,4.589885057043341e-11,0.0017672415459819963,0.005114427774905688,0.0,0.0,0.0,0.0,0.0,0.030870420211423034,0.0,-0.0014313568371295449,-0.013747533646333574,-0.008401592195730412,-0.013817929164783114,-0.002723053182018516,0.0,-0.020052978743072675,0.0,0.0,-0.017109803136250674,0.0,-0.024372478012661066,-0.007050576788237707,0.0,-0.0113526622113799,-0.028258944332599623,-0.0269362876668081,-0.024314195267740143,-0.017760054164835132,-0.024564387987564024,0.0,-0.0286349265127449,-0.0121204491499566,-0.021035490382657448,-0.0031495801194743617,-0.038506218226919804,0.00042507770216588587,0.0,0.0,0.0,0.0200871266909439,0.017106849929638325,0.00292368076055778,0.026347401367444952,0.0,0.10627875128408994,0.004070569269386447,0.013202077342266019,0.0,0.0,0.0,0.021881673827478892,0.0,0.0,-0.007363613980388032,-0.0006967609489919612,-1.1156974810805492e-10,0.0,0.0,-0.04651283581524652,0.00232620639741562,0.0,0.0,0.0,0.0033162732685381754,0.020854003902073204,0.00021881351405559707,0.00859374241344082
2021-09-30,0.0,0.00958797253828198,0.0,0.0,0.0,0.0,0.004153080740991581,-0.010029189335823753,0.0,0.015038627820911634,0.011441837492940397,0.0320391397891461,0.0,3.868597270327989e-11,0.0,0.0,0.028674248626583566,-0.006281520027875386,-0.002455695372820897,-0.004232074144515809,0.0009280690356482204,0.0,0.0,0.0,0.005448430266787726,0.012394115493474484,0.012329513497447013,0.12606253238077283,0.018433129495855047,0.04402198169981637,0.008734586156385327,0.0025719677205303503,0.01865220316095532,0.0,0.0,0.000566440329831914,-0.004020328845263605,0.0,0.010611447231894038,0.0,-0.0012683013736912681,0.0,-0.021522664197391773,-0.01290241485140554,0.0,0.0,-0.009860140274962443,0.0,0.0,-0.01148098431052761,0.009517736546876213,-0.021992671322682296,0.0,0.0,-0.00373572315664824,-0.02128469199540521,-0.02205730849568025,-0.017627584988984958,-0.007141637241789704,-0.016544744781469282,-0.01450294576336381,-0.04090721203464731,-0.01753325215406968,-0.06697457222191958,-0.0181148504502464,-0.0741743825262937,0.0,0.0,-0.010835803426250762,0.008904671734338423,0.0,-0.006557658188629528,0.0,0.015651686127297403,0.0,0.00035332180209610186,0.02691540098744266,0.030990959712879566,0.0,0.0,-0.0014942475030976941,0.0,-0.00758902880482204,0.0,-0.00998923698105494,0.0,0.0,0.0,0.0,-0.03688913514139337,0.0001881133672652888,0.025652962123150876,0.005758559588989687,-8.72731951137627e-11,0.0,0.009777873004777376,0.004599391487946556,0.0
2021-10-31,0.0,0.0022528542727071705,0.0011014891637361236,0.0,0.0,0.0,0.00899827021037637,-0.0005585674688784914,0.0,0.007982441144903206,0.005270680229921984,0.03852240030123017,0.003752750588973036,0.007034734038893186,0.0,0.0,0.0,0.0,0.0,0.0,0.0,0.0,0.0,0.0,3.4276178501815847e-11,0.001266622175070153,0.007313465736260648,0.005437135828009792,0.031552348961838825,0.011464072143267827,0.024866671639219542,0.008353824862060528,0.020166578211198986,0.0,0.0,0.0031852838878478275,-5.510180460191677e-11,0.0,0.05866724931882564,0.0001915052015429744,0.0,0.0,0.0,-0.006906572082784832,0.0,0.0,-0.004977957303134348,-0.0030119370053838168,0.0,-0.015399870079647493,0.009259357116695377,-0.018787021008075132,-0.009039906823198501,-0.0006410498780712965,-0.010266614613255495,-0.021495105055620627,-0.01980879561739493,-0.016591563697630644,-0.00964081501054944,-0.01201343651407434,-0.0037752175075809126,-0.04050482738988597,-0.016274722603176896,-0.045000864828967285,-0.05556640754549486,-0.08467079962851631,-0.008793714615973138,0.0,-0.0165614260541997,0.003485968414906115,-0.006842819058703298,-0.010414116655681701,-0.0036201887375689797,0.2,0.0,0.0,0.007886844844694365,0.006839639244057323,0.0012001539105379654,0.0,-0.0073368917383609305,0.0,0.0,0.0,-0.008251620583251948,-0.025704373542767327,0.0,0.0,0.004278857953645685,-0.01754279729706948,0.004257421855990345,0.009726409672718747,0.0,0.0,0.0,0.0,0.005684969036593893,0.0
2021-11-30,0.0,0.0,0.0,0.0,0.0,0.0030408478207551897,0.05617411194084793,0.0,0.0,0.001396179849262489,0.002934273155203364,0.018251312396186156,0.016738466389880594,0.01160758614250606,0.0,0.002780082140973772,0.0015115780266610084,0.00234330554389369,-0.0013289346849594981,0.04857499660327133,0.0,3.960664450199414e-11,0.0,0.0,0.004560180334346071,0.0,0.01825416423397759,0.00024561717102324456,0.03372457712975789,0.030397069193630086,0.014426568663937758,0.0,0.03382746754606666,0.0,0.0,0.02674045853434385,-0.016370694082858215,-0.025056021850810448,0.013231303273940393,0.0,0.0,0.0,-0.012403497190251321,-0.009236401312156592,0.0,0.0,0.0,-0.00843225397908701,-0.008478459371697514,0.0,0.020429878527495622,-0.00533199817143871,0.0,0.0,-0.0038174627518424474,-0.001346540520014423,-0.002911690498058316,-0.000989621271518504,0.0,0.0,0.0,-0.020690984973052343,-0.013464707181073558,-0.04099554313747946,-0.024131650729714883,-0.019321870915916882,-0.007915642841950862,0.0,-0.01661260682446351,0.0013865901640159487,-0.06833249181722716,-0.021755291588987646,-0.019788805716867593,0.019440094299488724,-0.004200626468406423,0.0,0.0036368767145700445,0.0008538969905948846,0.0,-0.045497174704729665,-0.0381702795535418,0.0,-0.025505257437745572,0.0,0.0,-1.0596270115391407e-10,-0.006630001673048462,-0.016818990267509798,0.0,-0.014464498377628645,0.00747150303323849,0.022994169150086473,0.0,0.0,0.0,0.0,0.01533684083066874,0.06769000415976932
2021-12-31,0.0,0.0,0.004470825041501368,0.0,0.0,0.01591676220784123,0.0657457437484771,0.0,0.012623478063427618,0.001960929063365712,0.011514049615315549,0.058319499614357916,0.009009350006111328,0.009894864380622242,0.0,0.019594223375684092,0.010510373379844165,0.020866474853200364,-0.03821852897616864,0.0,0.0,0.0,0.0,0.005070597470331966,0.0033913162591929073,-0.00046784022922055586,0.004339292146316385,0.0,0.0,0.050821351940717144,0.0025610690077426915,0.0,0.0544513886008846,0.0,0.0,0.0033402028749395414,-0.012061036243015306,-0.018073569522422707,0.020684777219135995,0.0,0.0,0.0,-0.006515176847027177,-0.008815818624267384,-0.00236816526760681,0.0,-0.002859546245197636,-0.004571516863735976,-0.0024448614442236375,-0.013541313268663702,0.021856251871883295,-0.013536581282849739,0.0,0.0,-0.0022952252258782277,-0.0035162410594862547,0.0,0.0,0.0,0.0,0.0,-0.00831723483792214,0.0,-0.035035199020460206,-0.012194385618621005,-0.011415376697676527,-0.008516956812747235,0.0,-0.0067729541699120535,0.015301481885438837,-0.019599372318417237,-0.0089750564721767,-0.01697975927346738,0.02429397878285349,-0.05887981816092435,0.0,0.0027412326340534475,0.0,0.0,-0.05551630750038366,-0.06272586663852109,0.0,0.0,6.96539884233654e-11,0.0,-8.584042318544277e-11,-0.020118858179629117,-0.037975530158297396,0.0,-0.007691902955239782,0.0,0.00949143497004459,0.009623657662746333,0.005713007452275488,0.0,0.0,0.01161840587143505,0.014273979930605502
2022-01-31,0.0,0.0,0.01733623914007076,0.0,0.0,0.012128842071599952,0.13539062110116085,0.024645831424536947,6.536891779292174e-11,0.007505432449652949,0.010667472862798554,0.023470781569828028,0.006557999049361835,0.009848331441295374,0.0,0.018594024518471062,0.009793939994928802,0.015535306677598289,0.0,0.0,0.000880464860545443,0.0,0.0,0.04739411483489962,0.0,-0.005954765566447585,0.0,-0.0004609040514476088,0.0,0.026747653584984397,0.0,-1.0172155407912964e-10,0.030518329065843397,0.0,0.0,0.0,-0.009098177254105515,-0.016958179048436908,0.0071046346646638624,0.0,0.0,0.011523425997940434,-0.004725493717043288,-0.012882062002273579,-0.0010426009275825024,0.0,-0.007368081493193252,-0.0018400837083062268,0.0,0.0,0.004501457878093829,-0.020727412387761608,0.0,0.0,-0.024789961513822963,-0.01978928253091822,0.0,-0.006580906964121113,0.0,-0.02366513887187455,0.0,-0.03104003213286452,-0.018389333952974932,-0.048084567818176875,-0.0237710173753154,-0.01185513244782237,-0.01997884562510273,0.0,-0.017308970774830772,0.00835728128628321,-0.02499606598151846,-0.04023471510623905,-0.017845910023848048,0.004917108499837222,0.0,0.0,0.010300285264619739,0.0,0.0,-0.023762310200421587,-0.02571751631108032,0.0,0.004515788124338692,0.009039708908421306,0.0,0.0,-0.019331029783534882,-0.013722826617994118,0.0,-0.008078675709219453,0.0,0.007216560872503514,0.023014963454263113,0.0,0.0013006453769549976,0.009256321212248038,0.001936433746886942,0.0
2022-02-28,0.0010862992594224614,0.016521055974729124,0.01303274584065369,0.0047616914098960305,0.0004968999149813309,0.024845777934029194,0.09990731185735394,0.008278280808419919,0.01495182047021337,0.0003443755916705438,0.005593818730755623,0.07867057022215662,0.011804565818441269,0.012800628914452043,0.0032215986013486523,0.03453965525909471,0.007325447059442028,0.03881259392276226,0.0,0.0,0.004566894697987644,0.0,0.0018477110494597427,0.03786840998573683,0.0,0.0,0.01048279099866092,0.0,0.0,0.015851998456738594,0.0,0.0,0.011654253814711931,0.0,0.0,0.0,0.0,0.0,0.017120576310569822,0.0,0.0,0.0,0.0,-0.0013164195410114334,0.0,0.0,0.0,0.0,0.0,-0.0025833051666746478,0.0058768494259505396,-0.008939509998258866,-0.00614197346760497,-0.009610746110809506,-0.010320763340801889,-0.02827869068796405,-0.0024604948817404963,-0.0030955137839033245,0.0,-0.00737076491490871,-0.010346982568260697,-0.012960261047514568,-0.16795234150663993,-0.07399138154895234,-0.10057673985471151,-0.004935462192796585,0.0,-0.00019408824244380047,-0.0023893963166706743,0.007996076075632186,-0.0061636969642750155,-0.008090589380083219,-0.004906118943918854,0.0028225641692409577,0.0,-3.2863384010643177e-11,0.0,-0.0006943305463847355,-0.00037867811100350903,-0.011511252509982327,-0.002500869913865594,0.0,5.880676787565252e-11,0.0,0.0,-0.00047301306998826355,-0.008327692898842316,-0.0028988001640572383,0.0,0.0,0.0,0.0,0.006916737366681259,0.0,0.0,0.0,0.0,-0.0005901222930674734
2022-03-31,0.0,0.03139201813136728,0.011379776046780669,0.00015058437698770854,0.0,0.013034425478238465,0.0785154450462356,0.0020175541582931095,0.013684248906397932,0.0,0.0,0.02306780830320487,0.0037106955380914143,0.017645504668040556,0.012089131897972586,0.024762327489161472,0.0976417722783722,0.009356792615270348,-0.010680469023808413,0.0,0.0006198128684053709,0.0,0.0,0.026570911533352587,0.0,-0.0016648709456691107,0.006524554791733744,0.0,0.00955258733847158,0.006761990011370557,-0.001447961989211454,0.0,0.0017819368161078877,-0.002976585699661529,0.0,0.028212834764149174,-0.0002983380815495434,-0.006564237396233767,4.872407560626758e-11,0.0,0.0,0.01114856053179744,0.0,-0.06393217135967799,0.0,0.0,-0.008678205683687863,0.00436970945307923,0.0,0.0,0.004294661610824133,-0.013137174062978015,-0.0016033255116301886,-7.031867226407942e-11,0.0,-0.05329929283648392,0.0,0.0,0.0,-0.003953700893885705,-0.007556027355871171,-0.01216073217677728,-0.0142978291041646,-0.2,-0.020776173083878725,-0.01954241380313018,0.0,0.0,0.0014360707819326155,0.038964031678908384,-0.0009205677321619968,0.0,-0.012380384781405187,0.00827046932625612,0.0,-0.0006392357251499346,0.0,0.0,0.0,-0.002689842454180688,0.0,-0.001857742101207364,0.0,-0.00015312007730455582,-0.012126307883884082,-0.00048698304433535735,-0.010690566816484278,-0.009616418937416547,-0.005869321367851885,0.0,0.00474196736581568,0.0,0.00830181614465711,0.0,0.0,0.0,0.0,0.0
2022-04-30,0.0,0.08169935012126085,0.002520400511099055,0.0,0.012213031612170909,0.0034392311418433015,0.013921929999408804,0.00982690719122899,0.012031697620927158,0.0,0.004127336016466237,0.002858554539971612,0.0883764230960036,0.015044413905869577,0.017862827597520656,0.013295883841175433,0.038603903467933964,0.0,-0.005185754336443227,0.009455494010773403,0.0,0.0,0.0,0.009085508288360059,0.0004452084951870892,0.0,0.025490797202424795,0.0,0.004946611145379046,0.00241940386652914,0.0,0.0,0.0,-0.0051676942002519075,0.0,0.05207627139374725,0.0,0.0,0.0,0.0,0.0,0.0034333874788394564,0.0,0.0,0.006967968723945489,0.0,0.0,0.006690016833383693,0.02216357824514182,0.0,0.0011128514948477407,-0.019755641050510024,-0.012118150059474643,-0.01692637561162108,-0.001866246341399892,-0.02431939217033546,-0.005833992803758216,-0.0030102107168326845,0.0,-0.01356212804124023,-0.01964231941417778,-0.018561832276445398,-0.018808796653130188,-0.08798539450538102,-0.02068089993023894,-0.03809908110775636,-0.016487235488048056,0.0,0.0,0.015233443663305379,0.0,0.0,-0.0029838014665722478,0.0,0.0,-0.008160695135864711,0.0,-1.1110046895422889e-10,-0.005581074095919506,-0.0098516926268021,0.0,-0.03389524380805464,0.0,-0.01187566801824226,-0.029754298585992885,-0.020848125473488997,-0.000992651084747131,0.0,-0.029901402565107742,0.0,1.6169070096019423e-11,0.0,0.0013172265033023116,0.02334034197578411,-0.011279456387964947,-0.006864745933097291,0.0,0.0
2022-05-31,0.09372348566224063,4.320650198277241e-05,0.008212273377889778,0.0346040252795948,0.0,0.0006222743983517639,0.005758290061566887,0.012538112343423781,0.011736466165269912,0.0,0.0,0.0,0.0,0.013360625919798141,0.09239388451630333,0.09119543517535657,0.04373646432311646,0.011779743186880735,-0.027807975172725936,0.0,0.004161688293968444,0.0009542569167071268,0.0,0.0,0.016329114969886163,0.0,0.0,0.0,0.0,0.0,0.0,0.010885477579469177,0.004196955144888488,0.002264820762457332,0.00022006895581688025,0.008025390952794375,0.024301108170028618,0.0,0.0,0.00043987817477965824,0.0012828762845881931,0.0,0.0,-0.0051521754690994044,0.0007664342174466117,0.0,0.0003784090580996187,0.0,1.8672379670024887e-11,0.0,0.004808756932216849,-0.00728125163962954,-0.009521412565460229,-0.003457173444879137,0.0,-0.021618120853391883,0.0,-0.004052042293352907,0.0,-0.010854707486743746,-0.007499526618661878,-0.013684458847276428,-0.019615574485983337,-0.06864301540960757,-0.02276270577901506,-0.04182766846763805,-0.01476171971144737,-0.0025127292244022945,-0.007722764372635371,0.0009873845619009197,-0.008872344830286412,0.0,-0.008839585107013445,0.0,-0.0005869319913038498,-0.006580998459641528,0.0,0.0,0.0,-1.3277846940263827e-10,0.0,-0.03295994885476359,-0.00430296221739244,-0.009569410483541218,-0.02351937250011039,-0.032741809541381464,0.0,0.0,-0.020591563685816265,0.00029309209450370993,0.0,0.0,0.0,0.0,-0.033663414857587615,-0.028996635496433214,0.0,0.0
2022-06-30,0.015356061927933793,0.005670574754345081,0.0011160927377576635,0.006051490428259226,0.00432854402587114,0.0,0.003216762267809544,0.00787740608380661,0.016872252490428587,0.0,0.0,0.0,0.0008073102202468803,0.01857990920128646,0.08893073634879574,0.01732897378024074,0.03818057973368912,0.014206494609763799,-0.021265730163328625,0.0,0.0,0.0,0.0,0.0,0.020783560095886725,0.0,0.0,0.0,0.0,0.016635067322085233,0.0,0.024975522883907395,0.005321544428906949,0.0,0.02146466942062865,0.007557668049346279,0.0,0.0,0.0,0.0,0.005050267334032822,0.0,0.0,-0.011533070059430084,0.023763872577759013,0.03557268586039511,0.0,2.2831683584928924e-11,0.0031249212177999626,0.0,0.0,-0.015432377096197079,-0.004376342451185296,-0.004721003585229829,-0.004667700350964524,-0.02830572865104456,-0.00920430429591,-0.013961540260632949,-0.009529524123529568,-0.014186603764099776,-0.01697562810489098,-0.02168590200903311,-0.02743122988426296,-0.04916284858776828,-0.03330769056728931,-0.050100786462292726,-1.151143521227359e-10,0.0,-0.005181366556893313,0.0068461118425221556,0.0,0.0,0.0,-0.004707453904444943,-0.0238973465985279,-0.01275500908573065,0.0,0.0,0.0012581293163213528,-0.007507523562274736,0.07183006018680048,-0.008756433959812552,-0.009846380634806846,0.0,-0.02297486247863871,-0.01656565286658595,0.007401528752768837,0.009891202077772956,0.0,0.0,0.0,0.0,0.0,0.0,-0.024119555522998243,-0.018896048915633196,-0.00894435538144894,0.0
2022-07-31,0.015336152257598925,0.005796800511057655,0.0,0.0004777732946956368,0.021181374180270596,0.0,0.0020031379239873717,0.0,0.0020429677557681123,-0.00013957796687883684,0.0,0.0,0.0,0.008218428942327185,0.012652308933687831,0.012367293363697181,0.016630375740436708,0.02619647006211176,-0.0006845312848670375,0.0,0.0,0.0,0.0,0.018958911175843793,0.0,0.0,0.0,0.0,0.0,0.1325509307843018,0.0,0.0,0.0,0.0,0.007792019416317346,0.0004515932423367337,0.0,0.0018486289036261769,0.0,0.0,9.608703189231738e-11,0.0,0.0019793444732081763,0.0,0.016002515544461745,0.03415494780195311,0.0,0.008812301713304754,0.00653061424263659,0.042060715112176746,-0.0018078759840520788,-0.006329289075033434,-0.006250750385226026,-0.025680626706679192,0.006530864419569666,-0.031414759932063746,-0.06314689888250692,-0.003772359903928197,0.0,-0.0045786670651415395,-0.04261532010431579,-0.10458670066240924,-0.01752734925829143,-0.008564803219072508,-0.019999969727112172,-0.04198115532360182,-0.007936959818535046,-0.0033916520806308685,0.0,0.0,0.0,0.004954563712962981,0.0,0.0,-0.040727121506830284,-0.007210209782392149,0.0,0.0,0.0025610560765982927,-4.038859681280851e-11,0.022734136178231414,-0.0016010770644004266,0.0,-5.074841978370369e-05,-0.008122064020449411,-0.002398720430612161,0.0,0.0,-0.0015198061259343717,0.014137080569942674,0.0,0.0040039618180331095,0.05103273175276889,0.0,-0.014865184668624383,-0.019603527276700384,-0.007090847025525077,-0.00640144625801319
2022-08-31,0.025555610475399004,0.004496399097404935,0.0,0.0,0.039652019713942534,0.0,0.0,0.0,0.0,0.0,0.0,0.0,0.0016532661174090385,0.0058423291894236125,0.012935642535173679,0.0056047142684112865,0.014908752701718857,0.018035405868597688,0.0,-0.0005875472204613266,0.00010590282640686214,0.0,0.0,0.030699974135079234,0.0002107011474680767,0.0,0.0,0.0,0.003164726829951871,0.03460915763278511,0.0034835237821766838,0.0037689124646440634,0.0,0.0,0.016574482396496677,0.0034556639182519756,0.0,0.0019171104747161475,0.0,0.0,0.0,0.0,0.0171966133332326,0.0,0.06347372784887753,0.06289441229536341,0.009652724586388946,0.024593292935609135,0.02729937137537068,-0.01570158764588178,-0.01863666546401079,-0.029851416037206632,-0.039667303293092725,-0.025254581755800948,0.0,-0.05147532634147174,-0.03256845856706136,-0.018894811862561364,-0.009274666874643778,0.0,-0.016671509353475392,-0.022259205455062683,-0.009443299210082466,-0.024072239280768168,-0.022328663347088745,-0.024680920409041074,-0.013417470464417046,-0.00712181137141106,-0.00880219628921876,0.0,0.0,0.0,0.0,0.0,-0.015354945665250952,-0.004432958180367472,0.0,0.0,1.1095385588732605e-10,0.0,0.03375228174372278,-0.0021840930511177995,-0.016318319553150405,-0.0036188013273241843,-0.03179824494838666,-0.009467579740083276,-9.41808675339218e-11,0.0,-0.011408399351380629,0.0,0.0068638553747400605,0.001383865989994635,0.026215558830289042,0.0,-0.007591318840945356,-0.007115659005054514,0.0,0.0
2022-09-30,0.02258957388226052,8.898290575352849e-11,0.005506856289559571,0.004228922339496488,0.06763281893900534,0.0,0.003710298655189838,0.007054179276043157,7.862293882922246e-05,0.0,0.0005259989349485709,0.0,0.00567844824511379,0.004638510716922591,0.03507781292648879,0.025660138882683377,0.01189436011258666,0.01320114565901914,0.0,0.0,0.006286467342259891,0.0,0.0,0.02777534865527951,0.0022749891893159707,0.0,0.0,0.0,0.0,0.04547644251964487,0.00861980785133028,0.0,0.0,0.0,0.01691930156477925,0.008166101273793611,0.0,0.03467033334102863,0.0,0.0,0.0,0.0,0.0,0.0,0.044010110427190996,0.03845308861532968,0.005033102868431628,0.007720574423226456,0.020549243028304843,-0.02503241015887615,0.0,-0.024542890103153858,-0.04860798822676565,-0.038022438987283524,-0.011396405619309071,-0.0302904648747744,-0.03469823896900232,-0.01706552655195431,-0.02414853391383023,0.0,-0.016447189138017335,-0.014813854378316244,-0.004350963659026119,-0.01926386107280379,-0.026058767337375742,-0.0264409069553353,-0.011831746189436233,-0.0068482240481211485,-0.008741113566567383,0.0,0.0,0.0,0.0,-0.00026227257870708185,-0.011667101901096199,-8.143709399193566e-11,0.0,0.0,0.0,0.0,0.01763301380119526,-0.0033927605169082158,-0.007236913694236016,-0.010599627763247941,-0.04523185409297951,-0.009788945269219241,0.0,0.0,-0.013528671671481475,0.0,0.0,0.0,0.008934387211759246,-0.0016220098139343793,-0.003591700816804156,-0.004476618049999879,0.0,0.0
2022-10-31,0.00661245161621061,0.0016346181021238727,0.010464275909132435,0.0,0.032603516910597034,0.0,0.006814206645605576,0.005905857019577996,0.0,0.0,0.0,0.007896231896577238,0.00425517269616209,0.0,0.0,0.0,0.0006154570166711148,0.006046729727821653,0.010942069181397493,-0.0302096370042754,0.0,0.0,-0.03754489066897686,0.008036902744169053,0.0,0.0,0.0,-0.0028815365914008338,0.0,0.08596181200520675,0.011505287908337764,0.0,0.0,0.0,0.025440056362792625,0.04061048673223165,0.0,0.10066955286337641,0.0,0.0,-0.000503173010967536,-0.010256702781530073,0.0,0.016991106294617107,0.016917457449910005,0.003923147670567541,0.0,0.0018698072684683817,0.0,-0.00405900810535547,0.0,-0.0041983035730525356,-0.004659623106132301,-0.014804595037889246,0.0,-0.009988763460305706,-0.03655506912629874,-0.008788670227096236,-0.009599875038297363,8.429253095855138e-11,0.0,0.0,0.0,0.0,-0.02443207494214316,-1.094491320182243e-10,-0.02378310891627791,-0.01233007960251413,-0.09256399300372534,0.0,-0.06445762755878215,0.0,0.0,-0.0003184826399634106,-0.01600594181227529,0.0,0.0,0.009377192675911748,0.005947195033887312,0.0,0.016501041462090582,-0.009071320018166849,-0.003173731710269517,-0.006461232719120093,-0.011357208270369346,-0.011862692099053423,-0.01073333600812908,-0.01028537323782496,-0.02681244284717085,0.0,0.009262298737501996,0.01203982519267363,0.027613874656161483,-0.0023015067731871446,0.0,0.0,0.011347452191902642,0.002194915944023712
2022-11-30,0.00919927451220799,0.00234059085966198,0.01110996540101152,0.00404657452321655,0.02337330131399728,0.0,0.004623612674459828,0.009769592071198124,0.0004281008385645049,0.0,0.0006230439470443923,0.025590445325193955,0.0,0.0,0.0,7.819177984812279e-11,0.00041450544261745133,0.003783824381366313,0.026318281850242604,-0.00436406924354686,0.0,0.0014193204804576777,0.0,0.0020036875343545507,0.0,0.0,0.0,0.0,0.0,0.12487061377060943,0.012969072798710877,0.0,0.0,0.0024439310761794316,0.021997886686169685,0.035893567867085675,0.0009882837020797491,0.12852177598101133,0.0,0.0004324283845916481,0.0,0.0,0.00014867486084811643,0.022822239680386013,0.0022871011411308316,0.0,0.0020025841142543347,0.0,0.0,-0.026630902994182193,-0.00025965394169026753,-0.007224389059527582,-0.007552169169414213,-0.010164354405952158,-0.005598483784970277,-0.0052736270896846,-0.047447122142444134,-0.00043396404014621346,-0.027899077684756975,0.0,0.0,-7.053851932924274e-11,0.0,0.0,-0.009851831492685302,0.0,-0.026598005036445757,-0.0038569918144451916,-0.02712038961677085,0.0,-0.2,-0.03996077589347669,-0.015870857377531418,-0.0013455905794065761,-0.001804496649391136,-0.014411337146243349,0.0,0.0028848045243547098,0.0,0.0,0.0,-0.0005273233246532358,-0.0015924166036817274,0.0,0.0,-0.0010403998834057097,-0.0005717159115191145,-0.006227918546276224,-0.003791036709412867,0.0,0.0,0.0,0.016692914178801723,0.0,-0.0016974789464404636,-0.0008836208413604005,0.0,0.0
2022-12-31,0.011619044773247702,0.0,0.008780836954639487,0.007210418448047925,0.0051584669535053055,0.0,9.419113316746216e-11,0.0,0.0,0.0,0.0006690134339664871,0.022893755388771125,0.0,0.0,0.0,0.0,0.0015275959442780924,0.018623638136780227,0.09277029841570396,-0.02307203203602565,0.0014582712736068086,0.011955607690813648,0.01104931915288787,0.0,0.0,0.0,0.0,-0.0071214453789796225,0.0,0.06832565921814669,0.007849164930699249,0.0,0.0007466688282873094,0.00781222258212216,0.016544519293624414,0.045317831930059616,0.005838736639898677,0.07928026228245466,0.005368852881561344,0.0005250340392575219,0.0,0.0,0.0,0.04319649761771994,0.0004142210795344841,0.0,0.0,0.0,0.0,-0.05450443143372219,0.0,-0.013589030919341463,-0.009003163817919803,-9.727931429448632e-11,-0.012544774438893916,-0.018347926885249163,-0.00048769750200949326,-0.009446674424597712,-0.0026797461754404055,0.006144026327885483,0.0,-0.11579269966217494,-0.007897556242700514,-0.00534259021411083,-0.0772702464176042,0.0,-0.021507845393206,-0.0027910644514166022,-0.0003049020833341845,0.0,0.0,0.0,-0.00043332096749605284,-0.00551622840911477,-0.009666916795234778,-0.01662773325325292,0.0,0.0027811277031362072,0.005699446893437566,0.0,0.0029688095808167794,0.0,-0.014013778833134326,0.0,0.007470651510918101,0.0,-0.0047343866496235105,-0.0010423763314585102,-0.006191086455106762,0.0,-0.011631567518969009,-0.034267358110001346,0.0,-0.0014940304222754801,0.0,0.0,-0.012677388680326553,0.0
2023-01-31,0.01469276177970259,0.004150148216312411,0.012259664850062867,0.003395796148469972,0.0028029562356533862,0.0,0.0,0.0,0.00037398094958227235,0.0005510888034435046,0.0,0.015181461957118484,0.0,0.0,0.0,0.0,0.0,0.018220978935821426,0.15484716505946214,-0.04563620929158491,0.005821319714062917,0.020265305552773553,0.03835185264547703,0.0030687453094352126,0.0,0.0,0.0,-0.014961831217757729,-0.002012903690478278,0.003020214335072589,0.005206354173825079,0.0,0.0036569596091696895,0.00987058330803502,0.007471915710619855,0.03207030901153072,0.006483274793039702,0.019458403818312032,0.005300895862997289,0.008242854654722333,0.0,0.0,0.0,0.051212368610944144,0.0,0.0,0.0,0.0,0.0,-0.0376921127212918,-0.005322380779053604,-0.004968116965452033,-0.003412791030385199,-0.0005584702224384033,-0.005543732844716317,-0.009930999583233792,0.0,-0.0041098781905282026,-0.0010523070997181588,0.02521008016469213,0.0,-0.14867154951795758,1.0774660105184528e-10,-0.0009985122389770242,-0.008001570045664687,0.0,-0.007742796442753389,0.0,0.0,0.0,0.0,0.0,0.0,-0.008956648048381323,-0.013136701451339121,-0.022047573157062638,-0.0008382267962744091,0.0003626513308278754,0.0,0.0,0.006627373528972278,-0.0007541810466068074,-0.008863897087362727,0.0,0.021822534822114978,0.0,-0.025615930368804656,-0.010812246253673226,-0.024755037768189204,0.0,-0.01391127095690098,-0.03675840061433391,-8.770604578974959e-11,-0.02421541836174409,0.0,0.0,-0.008718306119629723,0.0
2023-02-28,0.051660421377198756,0.0,0.01727192917938352,0.0,-0.006424188862874963,0.0,-0.011265722183387873,-0.03520591816065027,-0.008163750492053269,0.015829017751587373,0.0,0.0,-0.008195652722798756,0.0,-0.012848690935165413,-0.052432400307897295,0.0,0.0011191313163550773,0.10853162231891791,-0.07046166924094228,0.0,0.009119322539257915,0.0011746789484347179,-0.010633781087108215,-0.017014174412714675,-1.2426759567172348e-10,0.0,-0.026048102194613683,-0.009542951739989175,0.0,0.006438590365536392,0.0,0.006574979378582438,0.00801074385451713,0.0,0.01798221264955836,0.0,0.0,0.016190055235956714,0.04398432415738135,0.045621168313759626,-0.03890993657937835,0.0042780688505113336,0.04635179845834682,-0.001498247991040063,-0.026308560752801004,-0.02834331870662399,0.0,0.0,-0.030250723326878847,0.0,8.552681672170159e-11,0.0,0.0,0.0005391964308431598,0.0,0.0,0.0,0.0,0.03193600749228028,0.0037727980558019945,-0.026607282153798133,0.01866355131775217,0.0,0.0,0.0,-0.008152368514158301,0.0,0.0005715125871265053,0.0,0.0,0.0,0.0,-0.0039034065067062107,0.0,-0.0010605802094496386,0.0004137068956478295,0.013343009767121715,0.006646892237501668,0.004266227374281176,0.009787771796910547,0.0,-0.0012687248705185502,0.0,0.009871946007139112,0.0,-0.007556862034791799,-0.004128534311871554,-0.013830379302959946,4.14307546862421e-05,-0.01237452363504707,-0.008221798648808188,-0.007331229875547027,-0.012016520115157943,7.88450209531392e-06,0.0,0.0,0.0
2023-03-31,0.015365684010111135,0.01121698743102485,0.0,0.0,-0.009024353458716269,0.0,-0.003361074630429173,-0.004565092137106456,0.0,0.017450151266823186,0.0,0.003081067727871724,-0.01773387739254238,0.0,-0.014353023271140847,-0.015425283919696543,-2.059556586953119e-10,0.0,0.06308307037523651,-0.0013102692365315912,0.009513103438898213,0.01692679398426278,0.0600330029832024,-0.030548275008345938,-0.018056361362168157,0.0,0.005731808247628657,-0.053352138413178166,-0.03106918134982855,0.0,0.0028027359011501382,0.0,0.011179749569167991,0.012685884355024431,0.0,0.015259355704781655,0.017932200687910085,0.0,0.0038596453439735078,0.020482725013465954,0.0,0.0,0.0,0.059711263195947155,-0.007520563532755176,-0.03619016241383999,0.058400319329538215,0.0,0.0,-0.04303584300487242,-0.014095468336180875,-0.003793230569737876,0.0,-0.013678865634576301,0.0,-0.0040125855868797244,0.0,-0.0107737297284275,-0.006014212917838636,0.0094775754887996,0.002676698940326712,-0.040493284353496965,0.0,-0.005578008757126204,-0.04307196211050391,0.0,-0.03298351107438366,0.0,0.0019368530363268245,0.0,0.0,0.0,0.0,0.0,0.0,0.0,0.0,0.014326593944600985,0.010309688149685829,0.001205842526363192,0.015901604099751096,0.0,-0.0024795420118345463,0.010915569473212927,0.0,0.013330558369747315,0.0,0.0,-0.007599496424753298,0.0020913429950749378,0.0,-0.010664008323831502,-0.006284578293667619,-0.012932016539654024,0.013112124361717893,0.0,0.0,4.8374022245878777e-11
2023-04-30,0.0086173440738455,0.0,0.0,0.0,-0.004309106434759927,0.0001257575338090266,-0.015068663461856095,-0.12610403621200228,-0.0031619526794422334,0.027209038462457747,-0.008555442453789384,0.0,-0.04115026184504765,0.0,-0.005508022390666552,-0.011501729350730234,0.0,-9.666030145300583e-11,0.05477235155616576,-0.0016096262925871655,0.0,0.01761410929691629,0.0694876726991774,-0.03166989737981027,-0.02222056822802537,0.0,0.0,-0.02797078541879565,-0.016901030641504552,0.013265516205589047,0.0010199065705126442,0.0,0.012084786333938684,0.001467232523880735,0.010709816327746376,0.031852981930377805,0.019951562983532033,0.0,0.0,0.016148034269574296,0.0,0.00021733980206342058,0.0,0.021859767816625155,-0.029328509667893715,-0.02821744634650755,-0.010811647783349018,-0.0029077018251490146,-0.00696757588736942,0.0,0.0,0.0,0.005546550775993221,0.0,0.002168816589956923,0.0,0.0,0.0,0.0,0.013299642824621918,0.017721607299811287,-0.003276326353895747,0.0,0.0,-0.002049745094111342,0.0,-0.005578007770008786,0.0016854852861758268,0.016224751606284435,7.038132247443712e-11,0.0,0.0,0.0019072984255168058,-0.009934354483994816,0.0,0.0,0.0,0.0050759001536049625,0.04676945328988996,0.0,0.018459499335333834,0.0,-0.005194788120355437,0.053043445618606154,0.0015048524226665833,0.010189477914944907,0.0,0.0,-0.003288471461996451,0.0,-0.007610983521771338,-0.010247833647285941,-0.023030280137932787,-0.0131150600078502,0.0,0.0,0.0,-0.02271014500485078
2023-05-31,0.001593017830464956,0.0,0.0,0.0,-0.005986606253207605,0.0,-0.007958359389738951,-0.026121238054696124,-0.0005643095452254354,0.0627095345726022,-0.006285060580746279,0.0,-0.017642887090645227,0.0,0.0,-0.020876103157400454,0.0,-0.0012779173106034442,0.0634434137185059,0.0,0.0,0.0026679794744200775,0.006110344069418806,-0.024569054383578225,-0.00664574164561038,-5.208081508584681e-11,0.0,-0.005024059478012071,0.0,-0.0047248529325041415,0.004009156407065667,0.0,0.020388583209609127,0.0,0.0,0.0,0.0021774577969593087,-0.012255052069999448,0.003612293201653457,0.010377810685791118,0.0,0.003943772885899145,-0.00560896325903719,0.008577936445332753,-0.025503217814650262,-0.015366826168564983,-0.006861609800692658,-0.005332050799147722,-0.06637833175663406,0.0,0.0,0.0,0.004442289301462262,0.0,0.006579200233511516,0.0,0.0,0.0,0.0,0.0065145146319628006,0.0064525694439062685,0.0,0.0,0.0,0.0,0.00019037031441443802,0.0,0.009640117273543681,0.0825435135704256,0.0,0.0,0.0,0.0,-0.03216807362021382,0.0,-0.004508000090602229,0.001197262908755085,0.0009166621774430271,0.005024104460817549,0.002486830659675893,2.914935086103993e-11,0.01328231535903988,-0.009755144224271041,0.05521533764124473,0.0,0.06321356065989323,0.006030925051167003,0.04213085260999097,-0.0029180796835620326,0.00452827337587418,-0.007729460282931474,-0.12058831018582958,-0.01485641730181123,-0.012528416583984592,0.0,0.0,-0.0035961199639725763,-0.026369736520045924
2023-06-30,0.0,0.0,-0.0004558718039945092,0.0,-0.005845562654914748,0.0,-0.014858435706861501,-0.006173775095525696,-0.00433492310462329,0.015198208558730945,-0.00832487828803305,0.0166913521382921,-0.025802560039993507,0.0,0.0,0.015631847567758754,0.0,0.0,0.049438167440936896,0.0,0.0,0.0,0.0,-0.022899349290708162,0.0,0.0,0.0,-7.238530630522179e-11,-2.113981596274115e-05,-0.02486473430070405,0.013314596022763562,0.0,0.018481829441235765,0.0059826457104284825,0.0,0.0,0.008589432049142144,-0.04328462234419532,0.0021140967155813687,0.0,0.0,0.013993999308834212,-0.02545639532125582,0.021013331686017992,-0.018654613320968027,-0.020739412511827912,-0.005954346757880683,-0.004548058124263489,-0.08624855628954078,0.0,0.0,0.0,0.0,0.0,0.0025876302759792933,0.0,0.0,0.008612424069298925,3.2133116280572153e-11,0.006235181055422706,0.003810343153132194,-0.0005270027381707966,0.0,-0.003400447783554467,-0.009203739056522357,0.0,-0.009353285828551985,0.0071726755015582575,0.010160205085260048,0.0,0.0,0.0,-0.0027219646588249984,-0.04082510530531137,0.025553254621044692,0.0,0.011968330464526758,0.04431613339641051,0.013394525140263963,0.0,0.009935387463706907,0.004083274381940622,-0.017230729254689704,0.012635645896157009,0.0,0.14280852237756633,0.001012703315440074,0.0012134153433915563,0.011111498554193461,-0.0001694180638866216,-0.025030498221698876,-0.023453590347262354,-0.032468132530016146,0.0,0.0,0.0029393432328512575,0.0,-0.01714885136787171
2023-07-31,0.0,-0.004217408045500601,-0.03663574598704337,-0.005363964727168982,-0.04733773838706792,-0.007267886017976093,-0.028445399342854283,-0.007456775135524752,-0.015841837096029408,0.0,-0.005248463485100299,0.008467067558277634,-0.012096122435203855,0.0,-0.004187747067683592,-0.016716513404276937,0.0,0.015400122146042548,0.01578527645945745,0.0,0.0,0.0,0.0,0.0,0.0,0.0,0.0,0.0,0.0,-0.005764607931159054,0.0004150877907192904,0.0,0.005892334980402034,0.0190381140140274,0.0,0.0,-0.0002717160954247915,-0.027346087085761254,0.0,0.0,0.0,0.0,-0.009900125775016396,0.0063449352315222175,-0.0153964842332312,-0.009005030441855183,-0.010193177230412284,-0.043849371732171044,-0.02626243119360534,0.0,0.0032097012875066484,0.0,0.02851333253721133,0.009181677933263369,0.010846344837894614,0.019834446237086963,0.02024879235621388,0.013049327581128858,0.026556664077370194,0.05331162417106563,0.09225609782516282,0.0,0.001507368117867677,-0.06032588146402532,-0.03634228899572622,0.004149754897848063,-0.016528074740561366,0.0,0.026002285265845745,0.0,7.994334808743515e-11,0.003941800882930721,0.0,-1.4772528719872005e-10,0.0,0.0,0.0,0.0,0.0040892375309893895,0.0,0.0,0.0,-0.005178871298719452,0.01617881556147913,0.0,0.01860221551933647,0.0,0.0042310639560772115,0.001747402929689707,-0.0008785249629167474,-0.013099113752305089,-0.006918791007716426,-0.02192382078023744,0.0,0.02374531605220519,0.023233615782943348,0.02422017639849112,0.0
2023-08-31,0.0,-0.016047782771307542,0.0,0.0,-0.018419485135448707,0.0,-0.01919439904501589,0.0,-0.006811068638575541,0.0,-0.015102708251879446,0.008306266336419815,-0.013341527412760755,0.0,0.0,0.0,0.0,0.01779773212630763,0.013951215021463133,0.004107619699340753,0.0,0.0,0.0,-0.019158503441406956,0.0,-2.2870875221600476e-10,0.0,-0.03181133889026641,-0.013578470019379922,-0.008103413766827881,0.013914333838790632,0.009863790997474442,0.005416987970028393,0.028492358445781758,0.0,0.0,0.0,-0.02141851982352094,0.00449176006095124,0.0,0.0,0.0017403118076538377,-0.0010222201617333785,0.009676118659271237,-0.0047537146659132334,-0.0007396054701802789,0.0,-0.006575102421151486,-0.012102041365109274,-0.006180617640337017,0.0031751920427391697,0.0,0.005515525769748168,0.0,0.0,0.017024705812861928,0.0037004480592494225,0.008385625207177701,0.015898072347203186,0.03402568436092782,0.2,0.0,0.0,-0.017061391309938927,-0.02553023252668913,-0.0010603705944385515,-0.01844026152966812,0.0,0.006974282343429477,0.0,0.0,0.0,-0.008699077925383833,-0.04190237738139929,0.0,0.0,0.0,0.0,0.014695787067698345,0.005590144856746109,0.008149837542646426,0.0,-0.07742038535817986,0.007125586795900267,0.0,7.379551602012504e-11,0.0,0.0022080292514801065,0.006132069109545944,-0.06000779451571173,-0.010428829922406823,-0.0029987422700791743,-0.02184088197552592,0.0,0.003077716880279962,0.0031848519828609734,0.03737794553222663,-0.0002491355410552053
2023-09-30,0.0,-0.040736140491305445,0.0,0.0,0.0,0.0,-0.021517116374761898,0.011723117531011708,-0.004724338538546448,0.01576196693102393,0.0,0.02575465845336042,-0.0038734242739127227,0.05364206171076906,0.012317701048996531,0.0,0.005723357474088005,0.005222238542807705,0.0,0.0,0.0027362879098521563,0.003855417151008817,0.002264359848082306,-0.010538523931916937,0.0,0.0,0.0,-0.006362106949944109,-0.015092015551673782,0.0,0.06793192897390588,0.02520511410406964,0.014139553881722314,0.03256128470247098,0.0,0.020736353791853904,0.0,0.0,0.013110314120203298,0.0,0.0,0.0013249741840928627,0.0,0.00800774991478391,-0.008648059954076382,-0.004739108448257696,0.0,-0.008635228529309272,-0.01730655208664655,-0.031292849653471996,0.0,-0.006356973509790834,4.1036027644745155e-11,0.0,0.0,0.05694810022515348,-0.007135664282287155,0.0012809769802005074,0.0,0.01585950543326343,0.0,0.0,-0.013444332716161965,-0.025779887610330166,-0.026366164563307995,-0.020366765398319858,-0.023105837555464203,0.0,0.0,0.0,-0.013415873039085684,-0.002376808610270694,-0.03010740852765511,-0.036061355273279416,-0.002646891706219701,0.0,0.0,0.0,0.0070946258249041825,0.017243514677501928,0.0007315097412251823,0.0,-0.013748545339554094,0.005393058186064141,-1.7349455876402038e-10,0.0,0.0,0.01466442956247461,0.007096850376347405,-0.08268877240382434,-0.009599262615948494,-0.00874329214120417,-0.0045906997499782845,0.0,0.0,0.0009615809570944312,0.05070740772063128,0.0
2023-10-31,0.0,0.0,0.0,0.0,0.0,0.00027585289756832467,-0.006140046287311431,0.0007161820847568991,0.0,0.002671467831319412,0.0,0.028679524213268713,0.0,0.0022955698136521577,0.0,0.0,0.02559421985139796,0.033780284666035366,0.0,0.0019189114202855279,0.03090964005922897,0.0072162499405391805,0.016898020726851804,0.012644158765461854,0.0025400835315292835,0.0,0.0,-0.012363495558871842,-0.060223824313396714,0.004834763023448319,0.08717783602840366,0.018461617781524498,0.007289135032108789,0.017147652374117018,0.0,0.008616676099278506,0.004341630921104117,0.0,0.005866425270921622,0.0,0.0,2.8277577733691683e-11,0.0,0.03762570931680539,0.0,0.0,0.0,0.0,0.0,-0.05628016479841938,0.0,-0.012529221597295317,-0.0038838285879594157,-0.0017125773844554246,-0.01028404536333555,0.0,-0.0005415099815374044,0.0,0.0,0.0,-0.012558158528544142,0.0,-0.004671727295259056,-0.014607385909052997,-0.003577839399661617,-0.00816144215405906,-0.0013381160985384258,0.0,0.0,0.0,-0.026160678415886936,-0.005175496768276424,-0.016629552079491,-0.025754559950732673,-0.012634532395983835,-0.012620360253165914,0.0,-0.05578374119844153,0.001212236285391053,0.09035855438104881,0.0,-0.011078724343678029,-0.03777346644712697,0.008232779064070727,-0.019522657058102435,0.0,-1.2098740994225248e-10,0.0,0.0,-0.06021299517657475,-0.00464440249336352,-0.0024253754782106664,0.0,-0.0007100745622801736,0.004185682887149979,0.005446724321528968,0.027818466478583995,0.005243944904341528
2023-11-30,0.0,0.0,0.02492614366093841,0.014507162948775644,0.0,0.03869066799621539,-0.016678552853102158,0.001885711609037823,0.0,0.0001804888485338524,0.0,0.03295388962599497,0.049380787937804795,0.0022423575350739204,0.0,0.0,0.0,0.02845153514750879,-0.002975094744098905,0.0089670701439614,0.009443701873846501,-3.92768503564771e-11,0.005009278503023443,0.005499891910393789,0.01977709952656959,0.0,0.0,-0.013298592499394123,-0.030739004290724986,0.013254239548520645,0.0,0.0,0.019670582542282378,0.035479943017870205,0.0,0.006199918434816151,0.0,0.000216218615473137,0.010257653715895146,0.0,0.0,0.006260731751499874,-0.001987007201008674,0.06015431049989308,0.0,-0.00017146004184769587,0.00029265688851989717,0.0,-0.004074248788289513,-0.004783851209696684,0.0,0.0,0.0,0.0,-0.012328517737639716,0.0016948298169762652,0.0,2.2360859023780508e-11,0.0,0.0,0.0,0.0,-0.0014093149089791255,0.0,-0.0028122402610616646,-0.0011983612571601877,-0.005441815823326971,-0.027522774206560026,-0.007067704069331418,0.0,0.0,0.0,-0.004109433295499977,-0.02325640455620269,-0.016306561186841356,-0.003353635592818162,-0.00513408195778267,-0.06411774504613812,0.0,0.002861212238824552,-0.007989124372647814,-0.029085076193170734,-0.07265850289008051,0.0012710738778426319,0.0,0.0,-0.019312238742153598,0.0,0.0,-0.03228916921520737,-0.06449665121104749,-0.015637188610553025,0.0,-0.009765647198357878,0.0,0.0002772704476309257,0.04980404898787975,0.05038952232603615
2023-12-31,-0.0010680564688693615,-0.004599854510197203,0.020694745678085474,0.00957364242429736,-0.00467288995650697,0.009521505650918936,-0.03450175293016771,0.0,0.0,0.003262236505004743,0.0025415947582250486,0.04483148377990836,0.004238376833027488,0.009206475742194206,0.0,0.0,0.0,0.05122742100120349,0.0,0.028093121675304807,0.026853306868611152,0.0,0.011275525047816997,0.00464532068246801,0.008726345025699947,0.0,2.4264948123736202e-11,0.0,-0.0003891348490476968,0.0006745663155974124,0.0020042119845352273,0.0,0.020228564241842696,0.027156316051393077,-0.003335567777836549,0.0010120365126396738,0.0006971174281646952,0.0,0.025621313313269688,0.0,0.0004519200675197049,0.06627121588470979,0.0,0.015304113869004397,0.0,0.0,0.009922928822649443,0.0,-0.009983530283359382,-0.013647907281576093,-0.008080161046795308,0.0,0.0,-0.16518104871171657,-0.000730089811870215,0.0,-0.011343505124899917,0.0,0.0,0.0,-0.0006024152886774664,-0.0059764961321790485,-0.0064165196740262505,-0.008580350190665336,-0.00499828139883328,0.0,-0.026565425538779986,-0.002739678375994931,-0.0002805297347654986,0.0,0.0,-7.042770949324439e-11,0.0,-0.029235085652032693,-0.008076617860743427,-0.012844146408032333,0.0,0.0,0.0,0.0074941453730255295,0.0,-0.004820968155541121,-0.0540672927811237,0.0,-0.013526461754412694,0.0,0.0,0.0,0.0,-0.028364709969959115,-0.011147140231685875,-0.02422438202927654,0.0,0.0,0.00012314545218973592,0.0,0.03241667145159341,0.05593063153483454
2024-01-31,-0.031237975459985558,-0.009073420425896116,0.02203756281443557,0.0,-0.005276612759343744,0.003705514063629232,-0.03813212697405021,0.0,-0.00181844361837323,0.002592459396814364,2.6712083885891393e-11,0.029025206527172418,0.0045267640011674385,0.0,0.0,0.0,0.0,0.05577968737086671,0.0,0.025273562994635283,0.015082350198414104,-0.0309762784283612,0.01576745453665539,0.019490371909985517,3.3430602585081108e-06,0.0,0.005831485161021839,-0.0012407374483473206,-0.005088138328360924,0.0,0.0,0.0,0.012144830948418995,0.00278988355329525,0.0,0.1548656633203719,0.0012258345927861818,0.004719002612022224,0.026301995543077793,0.0,0.005943528984456306,0.016413142520201516,0.0,0.015194291022216913,0.0,-0.02940049836769088,0.006033605417701481,0.0,-0.024824086546725934,-0.028403195356002782,-0.016314711173119133,-1.0833459712064018e-10,0.0,-0.06381935576456277,-0.006963667475527586,0.0,-0.03809422990876511,0.0,-0.002994944963202214,0.0,-0.009201227389161936,-0.02026131172517549,-0.01484327342645404,-0.004600792841727059,-0.014853122763216623,0.0,-0.017974663452654624,0.0,0.0,-0.004339739682517413,0.004521699791999823,0.0,0.0,-0.0028071792309529676,0.0,0.000684207237314885,0.0,0.0,0.0,0.00018044889818398668,0.0,0.0,-0.0030216178787124625,0.0,-0.017058541433137273,0.0,0.0,0.0,0.0,-0.024926460309868864,-0.015609876006350715,-0.016843770753421177,0.0,0.0,0.003780440003689712,0.004804337942855768,0.006870962281178215,0.034410363268460545
2024-02-29,0.0,-0.007462846242943869,0.004267735591005832,0.0,-0.004061210774512986,0.03542894015864038,-0.018464143930296547,0.013764943742029691,-0.00567685462174312,0.004571022802359287,0.014332013016916006,0.0,0.006371952749271382,0.0014633143034866504,0.0026896579548354137,0.0,0.04575309172718382,0.10225937620823408,0.0,0.019767927986547196,0.0,0.0,0.0043877320929101874,0.0,0.0,0.0,0.004393428780942931,0.0,0.0,0.0,0.002825347023932375,0.0,0.008862953517652516,2.288008555817088e-05,0.005785190314176366,0.00638010723963376,0.01192808309852922,0.004537710508092702,0.00460187394292761,0.0,0.010820297215583105,-1.1476825489868184e-10,0.000555740755646659,0.14663246486407838,0.0,0.0,0.0034379592998859862,0.0,-0.005249007355177201,-0.018357341087289668,-0.027533886691112817,-0.008347338107948759,-0.0023624839336405233,-0.08521664801366453,-0.013494304825621658,0.0,-0.049988855403958386,0.0,-0.0075933164703949575,-0.007745630458770378,-0.013944046910029307,-0.015332942472129296,-0.021737885779769255,-0.012885952684283582,-0.01772231062295576,-0.010032891571021742,-0.025431027681707786,0.0,0.0,-0.0029585351680524565,0.0,0.0,0.0,-0.010107766200970154,0.0,0.0,0.0035670983437009894,1.9211669775427028e-11,0.0013213560998147213,0.0,0.0,0.0,-0.018719597989781567,0.0,-0.01533893118147097,-0.012761587213429479,0.0,0.0,0.0,-0.04148649223558456,-0.009537970268495389,-0.010448193988474989,0.0,0.0,0.0,0.0,0.003701260734594184,0.025568539822618773
2024-03-31,0.0,0.0,0.0031988491572112194,0.0,0.0,0.0019808845052519367,-0.006291986784752626,0.0,-0.013730225379129086,0.008181348932713089,0.0,0.0,0.0,0.004146567334632321,0.008645189995941546,0.0,0.010338372896597807,0.008380595336563736,0.024177877305028548,0.0490229984132144,0.0,0.0,0.02067810085574605,-0.00954448720562075,0.0,0.0,0.00510051120423897,0.0,-0.0040177340063714635,0.0,0.022245459116628598,0.0012954390194221085,0.028195253171238843,0.0025169195463176975,0.020183565180685474,0.018413171878155492,0.038382500516839495,0.020754164014807442,0.026147966474341575,0.0,0.10066129270565588,-0.0014515096520778775,0.0,4.549620435466214e-11,0.0,0.0,0.008438640946888731,0.015682865962663255,-0.020074543173693053,-0.019286975500495428,-0.02733169148232658,-8.341413852971732e-11,-0.003252169269500372,-0.18498679593640835,-0.014843197464376592,0.0,-0.01439691868456188,0.02285916926200493,-0.0031856495543653484,0.0,-0.015316030216707925,-0.008671390185983903,-0.026361278534033947,-0.004068576957840673,-0.009613053007828802,-0.011375955263990713,-0.011718165747579393,-0.001281092135533747,0.0,-0.005034944367230042,0.0,0.0,0.0,-0.0055140092090014275,0.0,0.0,0.01495045631477656,0.0023914093078142152,0.0,0.0,0.0,-0.0011666750388482543,-0.010221108512074454,0.0,-0.029712984635415458,0.0,0.0,0.0,0.0011354724572919471,-0.023302246788477247,-0.007767875901851232,-0.006480729320509218,0.0,0.0,0.0,0.004028098876370473,0.0,0.007866859265461374
2024-04-30,0.0,-0.0026283534950225632,0.0,-0.0017693375273302463,0.0,0.0067211829317128866,-0.0037806104192323548,0.0,-0.009818509306888792,0.016177158345222063,0.0,0.0,0.0,0.0071462710054632835,0.023517320700184557,0.0,0.014575624023512352,0.0,0.006299374067510559,0.021355081313130127,0.0,0.0,0.0,-0.0035177646457179666,0.0029965700487492443,0.0,0.005630354427698362,0.04221498112137664,0.0,-9.246548825680687e-11,0.054355992210202514,0.0229553635230064,0.027131947269543353,0.057499307603373365,0.004550361095105451,0.018954810885235148,0.01911242413930143,0.004851058520238224,0.04131894547574532,-0.005030450126126846,0.0,-0.0035767497738699574,-0.0020270409931216755,0.003974336094848415,-0.003945375318325553,-0.17280859023973458,0.001334548927156612,-0.023521142749438565,-0.03223066392620505,-0.008494665490286825,-0.013379587401779035,0.0,0.0,-0.01759783483583784,0.0,0.0,0.0,0.002993736841236135,0.0,0.0,0.0,-0.004648237950560216,-0.005806303068841432,0.0,-0.004624742207894651,0.0,-0.023021101613302494,0.0,0.0,0.0,0.0,-0.0046947517188135005,-0.012295390204499556,-0.003324164833647663,0.0,0.012001970415662502,0.017865730217890285,0.026036552917642272,5.0132031134388255e-11,0.0,0.0,-0.006313530992792647,-0.0419410889529781,0.0022573854831991645,-0.026377954606606326,-0.0008751977189615235,0.0,0.0,0.006425887279892805,-0.024496316519270006,-0.01815174380548553,-0.0193027994649631,0.0,0.0,0.0,0.018376166372302865,0.0,0.011369556693725615
2024-05-31,0.0,7.21779272716351e-11,0.0,0.0,0.0,0.015940090750581892,0.0,-0.007466997544931667,-0.027104826180449168,0.0,-0.005796807007374944,0.0,0.0,0.009371873542416682,0.022344110533143086,0.0,0.01148728788052017,0.0017055560809830898,0.03471820545222452,0.026236721230703967,0.022678308699591986,0.0,0.010752825497247643,-0.012167194339838044,0.003935076811945953,0.023270603595395414,0.021223688112128842,0.0,0.0,-0.01108760889203199,0.02700234367627165,0.004325309289118274,0.030098350799988557,0.020189614810199447,0.0,0.0,0.0,-0.004470305661468048,0.017929169244118727,-0.019177931317457993,-0.006516309405674365,-0.016313176940992352,-0.012968696751300902,0.019544383216001545,-0.0039036349415813884,-0.034484197565959614,0.04712738362411285,-0.021297350712764576,-0.03250689845473108,-1.0651879409013637e-10,0.0,0.002375850931153913,0.0,-0.023274148089639665,0.0,0.0,0.012259193992507723,0.015015539007114885,0.0,0.0,0.0,0.0,-0.0009925364678180168,0.010019253941924806,0.0,0.0,-0.02059085225289426,0.0,0.005414404288880442,0.0,0.0,-0.002228897307212719,-0.007057019847883273,0.0,0.020097683994216256,0.0,-0.005852358040048399,0.0,-0.004160595299261118,0.01975428685355179,0.011158387333248096,-0.01157281785279869,-0.030415449829109206,0.0,-0.03539134213556767,-0.009689644636292218,0.0,0.0,0.0,-0.033816899939110835,-0.050751574351491,-0.038748653485340005,0.0,-0.010195274642457938,0.0,0.00978012368261961,0.0,0.02424437305591035
2024-06-30,-0.0019390153623037565,-0.013371822700468152,-0.00741420471263573,-0.004312270764686404,-0.011484890538314519,0.007613814086273125,0.0,0.0,-0.028331039699624364,0.0,0.0,0.0,0.0,0.0,0.015055811478562992,-0.0038274317863385733,0.0,0.0,0.06233978771874195,0.01685815720246537,0.009433205755685408,-0.004905537144736784,0.0,-0.01085247778263312,3.889176641639002e-11,0.015607359893810211,0.020607087679999983,0.0,7.792505556791142e-05,-0.021566636651238525,0.0024611591706368272,0.0,0.001591832845714206,0.0,0.0,0.0,0.0,-0.0069112999550026795,0.0,-0.02325028185523675,-0.016294862809587477,-0.011033580000762464,-0.016195467212589777,0.0,-0.015313187723707223,-0.037540939798889325,0.001010241306564592,-0.031177298401927123,-0.03828061369338686,0.0,0.0,0.004563343740244267,0.01740995361407913,-0.01697027725700711,0.0,0.009370351580687483,0.005440725600106279,0.009951811001797737,0.0,0.0,0.0,0.13089582261509763,0.0,0.030136122013360574,0.0,0.038445470135728965,-0.031471858014316755,0.0,0.0,0.0,0.013085719257875442,0.0,-0.020101314936374712,0.0002479760844351554,0.010619084420497565,-1.1166769071130203e-10,0.0,0.0,0.0,0.010708958985679605,0.008176102803097052,0.0,-0.025115136377775054,0.0,-0.013060489207133158,0.0,0.005224251103401485,0.0,0.0,-0.013982568316656011,-0.0376868261257914,-0.01154647656763579,-0.019901963122898537,-0.006160231368674268,0.008372678847316654,0.010160263989986184,0.0007676039644618545,0.033767378009232685
2024-07-31,0.004617503470658852,0.0,-0.010681302487410312,-0.0008435770807541276,0.0,0.07782948663059187,0.0,-0.006251824613159544,-0.08463516052099627,0.004012266358122348,-0.009295848088815357,0.0,-0.005848057534829789,0.0,0.0,0.0,0.01008135119486865,0.0,0.007760101446413725,0.0,0.0,0.0,-8.641037452540696e-11,-0.012040462273997082,0.0030302485472917225,0.009958872979333754,0.03774300931446062,0.0,2.076895391511908e-11,0.0,0.024900937941239328,0.006377638776640425,0.010566181755665746,0.004982585919098417,0.0074782584292417105,0.0,0.0,-0.006682314765894647,0.0,-0.019160083928966357,-0.046054977915581496,0.0,-0.013402215492762716,0.024439448348530877,-0.026884414233952224,-0.030468389114350073,-0.0008223667002659971,-0.02957428009321407,-0.02825332812468944,0.0,0.0,0.0043099975177757245,0.0,-0.008947952650829764,0.0,0.0007932377888189075,0.09317878585137895,0.06376170673813972,0.00030076303485063833,0.0,0.0,0.0,0.0,0.007810762882751193,0.0,0.0,-0.0157546074814329,0.002632750169886744,0.0033313845010744716,7.403170325712594e-05,0.0,-0.0019207093899508794,-0.03236102724331812,0.0,0.020333707034648783,-0.010211052378929384,0.0,0.0,0.0,0.0010707684572258836,0.0,-0.00010720754516391971,-0.016409268078124595,0.0017401615571866695,-0.012115009507512497,0.0,0.0,0.011306160987601102,0.0,0.0,-0.04109657438196635,-0.006794745342679122,-0.01528786644540673,-0.003786348741879032,0.013390436055403094,0.042187454587073944,0.0,-0.0043090277567568785
2024-08-31,0.005560225808465743,0.00017701505874638247,-0.019492978557635026,0.0,0.0,0.11849680103289684,0.0015491102380521319,-0.007978332781120052,-0.03176108686908206,0.008476489430373152,0.0,0.0,0.0,0.0,0.0,0.0,0.006461134678239621,0.0,0.0,-1.2407542148319046e-10,0.007053191272309549,-0.008949864715327712,0.0,-0.021775719112867343,0.0031267738762770186,0.007878033605728776,0.040636571282298625,0.0,0.0,-0.00567765596047376,0.01782047362056027,0.16203464078894259,0.007257309670129292,0.004164179761634333,0.017997042413414304,0.00772411669420792,0.006025633819599581,-0.008307731301592097,-0.0031300714840506055,-0.02669498094585597,-0.019793642560515395,0.0009606776771975535,0.0,0.0039507207951865264,0.0,-0.017956776823172708,0.0,-0.003860218029219048,0.0,0.0,0.0,2.193640093692374e-05,0.0,0.0,0.0,0.0005588837388224971,0.013652976411623902,0.026733790136673426,0.0,0.0,0.0,0.0,0.0,0.0064358664231449186,-0.004216157785643897,0.0,-0.006001484730742617,0.0,0.00864776240249186,0.0004973050000791186,-0.012344482187718294,-0.0200545202873419,-0.10116839828540417,0.0,0.012215503183669475,-0.02628191060046402,-0.016205211699647525,0.0,0.0,0.0029254865898643277,0.0,-0.01763496823646984,-0.01999771192031577,0.0009603481699661184,-0.008275464860614576,0.0,0.0,0.0,-0.0027331544022084374,0.0,-0.05056112268256625,-0.009011958174736535,-0.0007662601611027149,-0.003344665356173746,1.8467214693962602e-11,0.0,-0.008234749170723726,-0.017788720193138884
2024-09-30,0.010319329613988897,0.0,0.0,0.053449058861265955,-0.003182709487618354,0.025009634553453636,0.0,-0.005559556849887593,-0.010798848884397685,0.0011808497339742467,0.0,-0.0017202446519788204,0.0,1.8357453951019846e-11,0.004495480051568676,0.0,0.008424937964554697,0.0,0.0,-0.009735518091608419,0.010112377011013477,0.0,0.0,-0.005103954334845681,0.017339619105026054,0.009884521591022174,0.005223872442783721,0.001019988365616118,0.0,0.0,0.020565216525077906,0.18909918256436878,0.015853530916535876,0.008186278035871289,0.0,0.014629384140264882,0.0,-0.2,-0.0016336810258692253,-0.00931377456269777,-0.008253053350216295,0.0,-0.002843000846711292,0.0001781969581482106,-5.6030536430491065e-11,-0.004278528768448373,0.0,-0.0007038587481150552,0.0,0.0011883563451200467,0.0,0.0029684503665106314,0.0,0.0,0.0,0.015058961503892672,0.023139872458195064,0.025647358718622573,0.0,0.002420271416987278,0.0,0.0,0.0,0.008851998091737206,-0.0020181283900959886,0.0,-0.01252503014837146,0.0,0.0035611971269672487,0.0,-0.013534131743103845,-0.05439119966308753,-0.03753230982000814,-0.0011410541450720183,0.0077762904040199286,-0.024129717154589333,-0.009908284776669524,0.0,0.0,0.00434890233128372,0.0,-0.007646281830920856,-0.01152564364529071,0.008833511268388905,0.0,0.0012333715153825162,0.0,0.0,-0.007076839026625124,0.0,-0.02006844776476858,-0.008205643189582428,0.0,-0.0035491717144487283,0.0,0.0,-0.01244604103276316,-0.011175346296177566
2024-10-31,0.013869239668273201,0.0,-0.0018584170755906533,0.0,-0.033717391788408685,0.0,-0.0022162407919581965,-0.0029637379912047083,-0.016179864207045556,0.006846440440644405,-0.006385421833037972,-0.008359924861405797,-0.013391036783440998,0.0,0.0,0.0,0.0,-0.00039931622683700945,0.0,-0.06430203146334866,0.0,-0.02118256759038745,0.0,-0.0004131758022718158,0.020185116395337557,0.01917060068352444,0.00308947471267862,0.006917337289735099,0.002685995155861588,0.0,0.07808420798269015,0.015509338065654915,0.030130050955636256,0.0014479573663265146,0.0,0.0,-0.01028369803721969,-0.06202113762660181,-0.034721667911294024,-0.019391845609979086,-0.024678041629928274,0.0,-0.009263444614465037,0.0,-0.010357974287370064,-0.020829905446080398,0.0,-0.0011473806816956974,-0.00040136628430768764,0.00808542448850063,0.008586996990389267,0.008022397089955242,0.0,0.0,0.0,0.035178625064346145,0.0017100272438573389,0.04186339132712573,0.0,0.027301383039992844,0.0,2.91646673308753e-11,0.014704700085305545,0.028352924468219864,0.0,0.03982468853002611,-0.009562927347958404,0.0,0.0014952315203877013,0.002813708117776195,0.0,0.0,-0.005629899894708095,0.0,0.0,-0.048804641272541714,-0.03917693031948525,0.0,0.0,0.014888275940840395,0.0010156785715850034,-1.2290585370638962e-10,0.0,0.007775433311546959,0.01459137014063836,0.04534496618485722,0.0,0.0,-0.0027698457118420033,0.0,-0.022041790331656323,0.0,0.0005090191391219885,0.0,0.0,0.0,0.0,-0.007548376455023096
2024-11-30,0.057396202616956805,0.0,0.0,0.0,-0.025863501961764228,0.0,-0.002900203917164579,-0.004419111307193292,-0.012737542405706027,-0.010740876127828347,-0.0027994937267146166,-0.017819050015574857,-0.010640704587203481,0.0,0.0,-0.004323447916253815,0.0,0.0,0.0,-0.049342986841877066,0.0,-0.027669130519773925,0.0,0.0,0.007066434126892498,0.008825463812993106,0.0015283207912596857,2.181388053381705e-11,0.0001720817210485673,0.0023628873635558306,0.016058772102442106,0.009275743721431303,0.014573789374123128,0.0,-0.009266014425985422,-0.005933816232022627,-0.028287167749756075,-0.031091865300527564,-0.024122387664253873,-0.03158616010501484,-0.035418809695962145,8.623151957240601e-05,0.0,0.0008650116965492068,0.0,-0.014173995169903815,-0.024830178089945875,-0.013678174863923788,0.0,0.0,0.0005451427038223715,0.03080732804190855,0.020219376556469326,0.0011244701583352954,0.03443334153685413,0.053346165991873064,0.003895676567353063,0.04193792413581912,0.0,0.015752396986759416,0.0064092476346671555,0.007880338464257484,0.015090000054413284,0.022436306884041638,0.0,0.020714758688026292,0.0,0.0,0.0,0.0,0.0,0.0,-6.96288663435249e-11,0.0003496909692713537,0.007097092878878972,-0.020477806158128234,-0.04502645799017201,0.0,-0.011153710823225563,0.025766586435919014,0.0,0.0,0.0,0.0,0.07398321644269193,0.0,-0.0009110785998636609,-0.003735083523589526,-0.00722011097168831,0.0,-0.020457129011741106,-0.003374004227612508,0.0,0.0,0.0,0.0,0.0,0.0
2024-12-31,0.003535855275689738,0.0,-0.008118646254878202,0.0,-0.021027917764932215,-6.582509556794947e-11,-0.01894858678773103,0.0,-0.027056292430820708,0.0,0.0,-0.014840195095536976,0.0,-0.005689988259361801,0.0,-0.028149351507684446,0.0,0.0,0.0026401303894303613,-0.009247701626885858,0.0,-0.018557163797727812,-0.03659580575367778,0.0,0.02149616200316631,0.028331608841757384,0.01067400972326764,0.01784724804158425,0.012418627082823272,0.007655136773365641,0.002527584853385977,4.1171199133752455e-11,0.004760704775629749,0.0,-0.006574691409605481,-0.007163912387457662,-0.0034460304428092173,-0.01134739373959142,0.0,-0.008665474871875837,-0.003614171961094029,0.011083795469793366,-0.010678702092198048,0.001397999198648787,-0.0047089140424185095,-0.00766596387955863,-0.0004346764074871611,-0.0012822001491187907,0.0,0.0014717846545366869,0.0,0.027983073394899857,0.011645155827420463,0.0,0.026650741107521428,0.03559239236318853,0.0,0.0,0.0,0.012767947340122737,0.0026487633847225188,0.013450780548840077,0.0,0.022894640900627393,0.0,0.012105088809726189,0.0,0.0,0.0,0.0,0.0,0.0,-0.002855106494729268,0.010588040973423357,0.009741814116261419,-0.09521591242384508,-0.011978768871403717,0.0,0.0,0.030989461162284654,0.0,0.0,0.002574325821902287,0.0,0.10839150655988772,0.0,-0.013929196860112831,-0.02372073296658654,-0.008813320304930039,0.0,-0.03242058559603242,-0.057252595754083445,0.0,0.0,0.0,0.0,0.03163923660692916,0.014496383957991821
2025-01-31,0.0,0.0,-0.0022976405747807504,0.0,-0.02387116812133486,-0.002040185012280291,-0.006895911810010172,0.0,-0.01375880696523507,0.0,0.0,-0.007536138471826852,0.0,-0.0022417495905223375,0.0,-0.04770031077812666,0.0,0.0,0.01956952080200946,-0.0020270622176185187,-0.002325274240124994,-0.005896592551802462,-0.018757327718633903,0.0,0.026144978224080698,0.03670919648659185,0.012619747605493316,0.05047233200065939,0.028229462205049603,0.023063753545293594,0.01616022180588663,0.006364666128549485,0.010215369430504388,0.0005640137132044984,-0.000276122774703742,-2.2660324042043305e-11,0.0,-0.0015413108512847373,0.0,0.0,0.0,0.016109221310235733,-0.003073354870890887,0.006309148992739026,0.0,-0.004055598621820011,0.0,0.0,0.0,0.0,-0.005860857246352913,0.023128958780345914,0.005488147791242128,0.0,0.008862626209860456,0.04536565021687739,6.92825432258428e-11,0.0,0.0,0.04379273471292192,0.014925044426270868,0.006068676390327848,0.003953067449198257,0.030168648689158282,0.0,0.0,0.0,-0.004020688283683779,-0.018690493310185848,-0.0005110317929178334,-0.003952173873588447,-0.002503280952320408,-0.07444142719696813,0.0023213119013631178,0.00039956206980647273,-0.002676445968891247,0.0,0.0,0.0,0.0289111464691656,0.0,0.0,0.0,0.0,0.013823235921962418,0.007691831763602793,-0.2,-0.01167124926462208,-0.0013372109431270224,0.0,-0.008718890912348478,-0.021321695061337242,0.007541705684436581,0.0,0.0,0.0,0.00502601920387955,0.0
2025-02-28,0.0,0.0,-0.007416155526317748,0.0,-0.03782687910808511,-0.009674603431473524,-0.009279215501062206,0.0,-0.038633991297940845,0.0,0.0,-0.031594154695005816,0.0,-0.019861320425758538,0.0,-0.13640718003829783,0.0,1.0388899986996852e-10,0.013209061255619723,-0.0010608544381602468,0.0,-0.031009331688501306,-0.003261916424430659,-0.008956130373335204,0.036599310170537906,0.04136876002765666,0.009319655421790718,0.03968101187958912,0.0345817096097376,0.03493705310968729,0.02373642929609144,0.008934582524435974,0.020384833523378495,0.01061270013417893,0.0,0.0,0.0,-0.006829448247881517,0.0066893076594196285,0.0,-6.789590908142106e-11,0.02772671718899407,-0.012551271355534643,0.006494069105991038,-0.005468555300080424,-0.013471992419015071,-0.005380552740770359,0.0,0.0,0.0,-0.0001339083509915381,0.022489206431853325,0.007324745432108368,0.003177664951195565,0.006948904680918358,0.021938690521846854,0.005806772761134443,0.002907185282973748,0.0,0.01949443982128249,0.02244568359230715,0.0,0.0,0.0055724449049995095,-3.3614732300833376e-05,0.0,0.0,-0.02168637279160946,-0.014769737341425131,-0.004700060480469429,-0.0037563533432043135,-0.012242955589853343,-0.0041988228794574076,0.0,0.0,-0.0035648415518694703,0.0,0.0,0.0,0.030487624385167215,0.0,0.0,0.00502382283724868,0.0,0.013381431787997188,0.0,-0.042339242273961394,-0.011629418337827324,-0.0022611192474834892,0.0,0.0,0.0,0.01642265030135225,0.0,0.002303531296617433,0.0,0.0,0.0
2025-03-31,0.0,0.0,-0.0033555790784942103,0.0,-0.014434717005816087,-0.0175675218916285,-0.0027203904588287433,0.0,-0.029735576559503502,-0.002846918991604369,-0.0006209129866016756,-0.02441755769106554,0.0,-0.02331920055623152,0.0,-0.1999090028715203,0.0,0.0,0.03485317189103898,0.0,0.0,0.0,0.0,-0.03120813310718549,0.02535507575555522,0.101025166996736,0.011482454376586033,0.055522867365772624,0.053031484225121876,0.02943743803713616,0.021969748793806896,0.008733854564171918,0.014418473786587957,0.0029628693104545123,0.0,0.0,0.0,-0.011386823591936483,0.0003302948423613963,0.0,-0.006015718875078234,0.00892024443307557,-0.010665268211897843,0.006251539284272717,-0.010595501995980755,-0.02869692745819997,-0.0014860921834440697,0.0,-0.006729674605137447,0.0,-0.003449373884906905,0.013121540951856744,0.00841045919483309,0.006015255096236789,0.005381402655238699,0.004886476105050968,4.551033404792854e-11,0.0,0.0014190863432482555,0.022484045375950206,0.014983131263793246,0.004448913386208872,0.0,0.0,0.0,0.0,0.0,-0.006550715996037833,-0.0076821779676780255,-0.0021712522733292883,0.0,-0.008268641433479926,-5.5517912498558346e-11,-0.003453749600566498,0.0006706465109010793,-3.2922843374262924e-05,0.0,0.0,0.0,0.025735281191564496,0.0,0.005412441817476631,0.008123620494111822,0.0,0.0034138919890339898,0.0,-0.021587749249778673,-0.006032285357289559,-0.012572751266731703,0.0,0.0,0.0,0.0011991239163069648,0.0,0.0,0.0,-0.002486861951154642,0.0
2025-04-30,0.0,0.004977258993780389,0.0,0.0006616331705850054,-0.0034440157129700844,-0.02252678306573457,-0.052416314535885626,0.002028469110173928,-0.02422708334938901,0.0,-5.455982242597255e-05,-0.03691307341004884,0.0,0.0,0.0,-0.025169435752614988,0.0,0.0,0.03322337976758653,0.0,0.0,0.0,0.0,0.0,0.09140854073643091,0.030335010008681152,0.011833397906257623,0.003838619393877668,0.035495374674565094,0.05003139632833196,0.007235078833355871,0.026477057939644406,0.014623789085152784,0.0,-0.0013261099109407428,-0.006129983574709555,0.0,-0.023383127969638155,0.0009880030409224107,-0.008962230297784379,-0.02531500781781421,0.00042002366061072937,-0.03649642670190009,0.0,-0.006861945357767131,-0.02591074206544556,-0.09900941071522394,-0.00734902110202782,-0.002905754285144797,0.0,-0.015985387797067454,0.011495954931337767,0.0686081048319785,0.007862554087756142,0.01215181971739311,0.003264540445096873,0.000804714871710988,2.829319550359526e-11,0.0030579482588632876,0.036682760091888006,0.0022402194699532437,0.0018571224754110566,0.0,0.0,0.0,0.0,0.0,-0.0034536713378140946,-0.0002705914333321253,-0.008318673770769995,0.0,-0.009165834179549255,0.0,-0.015924413139814686,0.01780793595472393,-4.199502316579785e-11,0.0,0.0,0.0,0.00042050512638715774,-0.0018724901083021002,0.013834361767778457,0.0063344252914718235,0.0,0.0,0.0,-0.02356725289658842,-0.011465931654967775,-0.0013268549765272245,0.0,0.0,0.0,0.0,0.0,0.0,0.0,-0.00024787321580635045,0.0
2025-05-31,0.0,0.0,0.0,0.0,-0.0011444605605199945,-0.009496329259444715,-0.001135769788782462,0.0,-0.009074838340884099,-8.156416512187788e-11,-0.006601218622780042,-0.008826749273030777,0.0,0.0,0.0,-0.016321327782472486,0.0,0.0,0.00856837764572626,0.0,0.0,0.0,0.0,0.0,0.025701444051215636,0.011786180519351456,0.0,0.007584324799485406,0.022693740208243985,0.0624388698815669,0.0028269352642043264,0.0008895191188847473,0.012346691938540098,0.0,-0.006270522827326772,-0.019649935103841814,0.0,-0.07907029893298186,0.006888358516431393,0.0,-0.006368546313244807,0.0,-0.0010186376389692076,0.0,-0.00874180026910272,0.0,-0.012826876715449012,-0.015978580436955332,-0.007839219763494448,0.0,-0.13552547184632135,0.0325038335910555,0.04612386873680974,0.04689176550503678,0.024985498356011663,0.013896033070141174,0.007217153009818684,0.004852156199819866,0.016004571933108974,0.026831313690220612,0.012186157707441811,0.012490904932916335,0.0,0.0,3.263247847578897e-11,0.0018653504524964405,0.0,-0.01797559368482032,-0.00023988376536973429,-0.038477955520843564,0.0,-0.017768332873053322,0.0,-0.008728855488032074,0.0037975236722308384,-0.0020050203970089116,-0.0004801867075614367,0.0025171575866819265,0.0,0.007711628072433778,0.0,0.014942632350161845,0.05737649676017749,0.0,0.0,-0.0008889070960759589,-0.03878129718750718,-0.0168951833474086,-0.008363525399917353,0.0,0.0,0.00509592388053065,0.0,-0.0035046749752355565,0.0,0.0,0.000985588516623233,0.0
2025-06-30,0.0,0.0,-0.0006123128260955958,0.0,-7.696136267245938e-11,-0.002255168572419505,-0.00204409774903089,0.0,-0.00013907794040802325,0.0,0.0,-0.00658960535496829,0.0,0.0,0.0,0.0,0.0,0.0,0.009809951933880342,0.0,0.0,0.0,0.0,0.0,0.03418733527323525,0.01070022238607068,0.0,0.0047906937589668915,0.027653495956099214,0.07408676580213737,0.0016333816789835015,0.0012426635826906565,0.017506631587042056,0.0,0.0,0.0,0.0,0.0,0.0022602389041092704,-0.0014295269317269267,-0.00955473573059918,0.0,-0.00024601038420055447,0.0018037941234515977,-0.016252124707933715,0.0,-0.008886506168990999,-0.022492773669048574,-0.010277079499133129,0.0,-0.03841723540131845,0.023669058874543895,0.03059094834930677,0.015035079571560321,0.008006384837202285,0.016352280442958025,0.015283805372122584,0.0015358009077136555,0.009727940558473425,0.004015300285414094,0.02371289567447941,0.005761578689710242,-0.006533611527001918,0.0,0.0,0.0,0.0038714630477037705,-0.018176583059451745,-0.017098513463094364,-0.010447786803559707,-0.03916723068134578,-0.0437774817075472,-0.004342851063919575,-0.003977542589519052,0.0,-0.014741455839350895,-0.023847536574359087,0.0,3.4404137729587565e-11,0.006147471753668712,0.0,0.10195335409184404,0.007917464883845258,0.0,0.0,-0.014449134954121068,-0.11577892050852356,-0.028635245236026837,-0.010060741558361048,-0.015503448882734626,0.03476403580873332,0.005462722769799763,0.0,-0.014265660538248306,0.0,0.0,0.0005172390598494753,0.0
2025-07-31,0.0,0.0,-0.0063556780236806686,0.0,-0.0013058801620711412,-0.008736669969644445,-0.0030524331152527178,0.0,-0.0009965762832972063,0.0,0.0,-0.004080921631743005,0.0,0.0,0.0,0.0,0.0,0.0,0.0,0.0010165989530075677,0.0,0.0,0.0,0.0,0.009134955873625604,0.0020528982286598346,-0.003176305569825954,0.0,0.004759292108873452,0.030240985523626043,0.0,0.0,0.008310165469607594,0.0,0.0,0.0,0.0,0.0,0.002565654918876099,-0.0013129172313341357,-0.008350589181183936,0.0,-0.0008277060139208294,0.0005709315229207245,-0.02988132455212585,-1.0187805099787149e-10,-0.010442560824992309,-0.004936821278698366,-0.0180719285000574,0.007231736958009269,-0.01744400466182152,0.0138721630643956,0.02797469091963498,0.0034555715693682584,0.0016244092502355181,0.009116798306413834,0.021137558333164885,0.0026857183221036564,0.182981592487742,0.0036633604518893923,0.004719459364587899,2.042028225158062e-11,0.0,0.0,0.0,0.0028347848874264456,0.003289197069171023,0.0,0.0,-0.004246861383872614,-0.06270794509228945,-0.03120929090582195,0.0,-0.005742352355976572,0.0,-0.004389948772206797,0.0,0.0,0.0016310467424287191,0.023165699860054977,0.0013684349663151073,0.1185432778064805,0.0008510295224146048,0.0,-0.004951982419493046,-0.010590138259840445,-0.09971660635001954,-0.01672370497893235,-0.018159896422317162,-0.07786467981851702,0.004940942615645911,0.0024893924370450148,0.0,-0.014268085470260611,0.0,-0.005528627022058618,0.0037716524458551418,-0.024927563646866248
2025-08-31,0.0,-0.0004017456972262079,-0.0006343156422564516,0.0,-0.052547316066828144,-0.008161201065816887,-0.004255838893510185,0.0,-0.020273561151101856,-0.0035748470964142858,-0.008686638330083846,0.0,-0.02151070551668629,0.0,0.0,0.0,0.002754273259232466,0.0,0.0,0.001628342010745558,0.006508740592351924,0.003756703189167965,0.00013684475297974914,0.0025193796751730845,0.0,0.0,-0.10822273953073157,0.0,0.0030442902778795183,0.0002904877042926155,0.0,-0.007586596774954148,0.008913039336809958,0.0,0.0,0.0,0.0,0.0,0.0,-0.026850541214047938,-0.009984278012884507,0.0,-0.018149736878152932,0.004646830811696387,-0.006832674395150276,-0.008365083010460789,-0.01743462183703678,-0.007870212455298902,-0.005962133026472572,0.009448225080170215,-3.01908559604112e-11,0.02291098977944106,0.04551143172493184,0.057990295796408665,0.0,0.023295626421867173,0.06471793548250747,0.019420686653323707,0.15619930198683954,0.0033409563212986526,0.011727707461940786,0.0006887370544294407,0.0,0.0,1.117229082379754e-11,0.0025527885211497512,0.01282732880736862,0.0,0.0,-8.097124751896784e-05,0.0,0.0,0.0,-0.016593741589081504,0.0,0.0,0.0,-0.001677558329013801,0.0,0.00033970521266321813,0.0,0.012981677707762804,0.0027976176147118522,0.0,-0.03290927624629754,-0.020127547904376146,-0.030192156275145543,-0.014509763007002774,-0.001698700365227425,-0.011598063716004936,0.0024163789557800986,0.01639553582975117,0.0,-0.03330743469502592,0.0,0.0,0.00023814196615240838,0.0
2025-09-30,0.00766304049683951,0.02021337492357828,0.0,0.0,-0.010475389051993295,-0.015023988891961776,2.850490779246911e-11,-0.006971935707922555,-0.0010196392686186975,-0.002483482241719566,-0.014923556549913003,-0.0065229204364658675,0.0,0.0,0.03940728704767135,0.0,0.023653551478776215,-0.0014104701177883154,-0.021128322922014203,0.0,0.015323641969332098,0.0011227562339468523,0.0,0.0,0.0,-0.002636896906922402,-0.03623820542737128,0.0,0.0,0.0,-0.01584689648133098,0.0,0.005981110726561783,0.0,0.00293933819760374,0.029741728759465156,0.004741695688498565,0.012692008828172452,0.0,-0.00757929805668969,-0.024831385538270263,0.0,-0.01801270295073537,0.0011529457020421148,-0.01585264819189074,-0.03187210030063801,-0.034395131596882365,-0.028862239384838943,-0.025623950640481896,0.027147733679039464,-0.012954036877363038,0.01533192815770525,0.038945599199862936,0.0,0.0,0.007641168520502635,0.019667644679863826,0.10099719340366307,0.006944316859874826,0.0,0.013597364634628408,0.0,0.0,0.0,0.0,0.005879407533907068,0.008206105732807896,0.0,0.0,-0.010103071825954806,0.0,0.0,0.0,-0.022311317239320352,0.0,-0.0002468531928789604,0.0,0.0028708669015391976,0.0,0.0,0.0,0.032926018846207106,0.013622717395662976,0.0,0.0,0.0,-0.025018213902221222,-0.041051796135967246,-0.029591222979638954,-0.0226191070458258,0.008407179456949103,0.022228284194171315,-5.698623926744526e-11,-0.014393220079394094,0.0,0.0005898681874095662,0.0,0.010364122535212413
2025-10-31,0.0,0.0,0.0,-0.0050050020773869195,0.0,-0.008298640622668474,0.0,-0.023550865440183606,0.0,-0.0058408943528572566,-0.012496306766909536,-0.001915140536827478,-0.00016515401314911037,0.02165679655170167,0.004329791445764825,0.0,0.013281742127323103,-0.013884703493579478,-0.013967093411533028,0.0,0.0,0.0,0.0,0.0,0.0,0.0,-0.034889675525759126,0.0,0.001631982672018071,0.0,-0.03530815535864398,0.0,0.0,-0.014379385070067282,0.004148161886971064,0.024976419665591866,0.0005756059990603464,0.006393146143910417,-0.007036276656213694,-0.0074746292094194635,-0.001996908017538959,0.0,-0.008005254545327682,0.015084755153565067,-0.009008453542100149,-0.03533239000780708,-0.014863097016827111,-0.04099928059329119,-0.01552578484095851,0.028887182707030848,-0.0027581596995821726,0.02006172945626044,0.030608286043922156,0.001761233468113115,0.0,0.010585642189700822,0.016970234016215186,0.0,0.011102311992535167,0.0,0.025553778584968313,0.0,0.0,0.004879996202381703,0.0037894355009987306,0.0059647049102260295,0.005612619349682302,0.0,0.0,0.0,0.004672275019345992,0.0,0.0,-0.007771304168627911,0.0,0.0,0.0,0.0,-5.5955226671588796e-11,2.7631509176001957e-11,0.0013930183992024048,0.01866987218548028,0.0,0.0,-0.015638893456952744,0.0,-0.019200348786495746,-0.02133480608676516,-0.07262153110006446,-0.030783674652693604,0.0,0.0032711951057324256,0.0,-0.01994819089381385,0.06813667841619399,0.005751810906391676,0.03779272561495236,0.10245686825712805
2025-11-30,0.0,0.0,-0.00728512352517412,-0.009858942109851334,-0.006231866169510714,-0.016576047405838703,-0.0045108394312759845,-0.023005527539658475,0.0,-0.006993083367963651,-0.015811801906856424,-0.015326515700478128,-0.012435146059348428,0.07017155344111123,0.0,0.004716767411336369,0.00600000340085661,-0.005539596166240607,0.0,0.0,0.0,0.0,0.0,0.006150808843266449,0.0,-5.453068803522821e-11,-0.09030428508243274,0.0,0.0,-0.004870482373440467,-0.029968863285257885,-0.003804054681753059,-0.005353914690908337,-0.0324662540706306,0.0035961722673365586,0.01754013611861982,0.0,0.005729796851536866,-0.0049112793428766986,-0.007388515640674505,0.0,0.0,0.0,0.028568124158098233,0.0,-0.006322338586781263,0.0,-0.0048555605800965195,2.8567999059500426e-11,0.011467893574139161,0.0,0.006128296465404644,0.0,0.0,0.0,0.007970362604649537,0.015397224999976731,0.0,0.004387437133169693,0.0,0.0,0.0,0.00933551471900871,0.010887412021676058,0.015737958775530678,0.007855008242731533,0.010557044111213026,0.0,0.00597949593001835,0.0,0.03246817290993365,0.0010949306943842168,0.022401895598367683,0.0,0.0,0.0,0.0,0.00035955404125835605,-0.004267484271336837,0.0,0.008366914636800704,0.054969626698302416,0.02770867386551083,-0.005272624783228974,-0.017014099106022102,0.0,-0.02455859925021816,-0.02947604697024905,-0.0767295438418985,-0.009692125955190863,0.0,0.0,0.0,-0.0191694380502762,0.0,0.006024940014002972,0.0295054329432003,0.06892284749999066
2025-12-31,-7.724346727103693e-11,-0.01885343155490373,-0.029659205976776886,-0.018001368167029474,-0.014178032474329036,-0.004094690391864054,-0.0002833675848837104,-0.004438255508532463,0.0,0.0,-0.010674519267971591,-0.013200948155189757,-0.0032260040704939924,0.0,0.0,0.014543512923131453,0.002027923799758099,-0.006507424679532564,0.0,0.0,0.0,0.0,0.0,-0.07264435866878786,0.0,-0.0017416546065506726,-0.019146283062498357,0.0,0.0,-0.016631538401605733,-0.01661809852597689,0.0,0.0,-0.010374235057223602,0.004478917109258589,0.011978469767922132,0.028065262467711277,0.052138869790931484,0.0,-0.017382442538723907,0.0,0.0,0.0,0.035246379613860686,0.0,-0.012956564412133432,0.0,-0.002018522481855941,0.0,0.012544575138473598,0.0,0.0037345883483395396,0.0,0.0,0.0,0.00991202896983423,0.010064916167105517,0.0,0.003504438507039002,0.0,0.0,0.0,0.017428234237658085,0.007228520441808216,0.010590976687011543,2.5057701384821794e-11,0.007082731042936985,0.0,0.0,0.0,0.0030890239777261997,0.0,0.010259143592108985,0.00501325369334298,0.0,0.014032804535802558,0.0,0.017384025355529156,-0.005952704583985058,0.0017143669241505826,0.011625754685844078,0.019338771141851754,0.15545718357108526,-0.014534682229804662,-0.008451573380739829,0.0,-0.03838032115620577,-0.023021268651012422,-0.01961275790132259,-0.019491300312424104,-0.005548150084404823,0.0,0.0,-0.07237629603599358,0.0013043279437632885,0.017451317991003665,0.005815194634837333,0.006944486915115991
2026-01-31,0.022316422825539556,0.0,-0.0037914037690066583,-0.02393464557283229,-0.008664046258300381,0.0,0.0,-0.005680112971998963,0.0013765788261580919,0.0,-0.007227772997629105,-0.00655943986452258,0.0,0.0,0.0,0.004468178335304981,0.0,-0.005039401380251287,-0.009173017024771885,0.011726206021264627,0.0,0.002841839367626124,0.006470788304368046,0.0,-0.009046510425025685,-0.0064355130783440954,-0.022267585421860792,-0.004605523437955134,-0.007689627013889571,-0.04788801264823058,0.0,0.0,0.0,0.0,0.0,0.0,0.0007474278384000007,0.00012277674727097384,-0.021478055212529323,0.0,0.0007041604975196799,0.0,0.00883359480452736,0.011285856417339955,3.1125052061799206e-11,-0.007533702737134929,0.0,0.0,0.01809113048055011,0.010745145807296637,0.0,0.0,0.0,-0.0027119387267441784,-0.0026649957690820934,0.0,0.0,-8.91267405583797e-11,0.007468458578124107,0.0,0.0,0.0,0.0374833415634426,0.0905891883960668,0.045018456385620624,0.0,0.018041268910163943,0.0,0.005343953631564578,0.0,0.0,0.0,0.024365795803976128,0.022328460852168285,0.0036738920655155025,0.08678056565688795,0.0075503261156668975,0.0,-0.009295218495913127,0.0,0.013094563337583432,0.014133492048909997,0.016747434127909095,-0.02111901226248216,-0.02306629691047724,0.0,-0.07313853214381787,-0.0388426933600088,-0.020830459703182244,-0.035632430119661,-0.032545882393314934,-0.0053607553000335735,-0.014257445667625953,-0.02351996924424675,0.0,0.00564008156624253,0.0,0.0020106146558662792
2026-02-28,0.0,0.0,0.0,-0.014150245757744614,-0.0062278070180733685,0.0,0.0,-0.003614434096770815,0.00230143747666402,0.0,-0.010958956169152656,0.0,0.0,0.0,0.0,0.0,-0.0006618603935234137,-0.005523324266335964,-0.007294993554882389,0.0,0.0,0.0,0.0,-0.006371429104780043,-0.005440688688094697,-0.0061385973813112525,-0.022401923100889794,0.0,-0.007578414138618283,-0.034221089092154246,-0.012382348334662592,-8.09988789239292e-11,-0.003197643105402525,0.00035810558952857976,0.0,-0.016604328705453943,0.0,0.0,-0.014220381609068791,0.0,0.0,0.0,0.0,0.0,0.01267771238218548,-0.0012629451589731598,0.0,0.0,0.011412342530769948,0.10901711722424552,0.0,0.0009367390648666236,0.009339033638538234,0.0,0.0032390215692491187,0.005194329372947356,0.0013404867091020983,0.0,0.014493782992660978,0.0,0.004366535266214261,0.0037923116230186723,0.04495377239165035,0.01900093037028607,0.03273039630859759,0.0,0.015708986057133233,0.0,0.0,0.0,0.0008296914279518751,0.0,0.002668983009068764,0.005146635006064413,0.00820090506131577,0.11737334418923046,0.018640697746655877,0.011675826386650124,-0.009260509678279844,0.03203991743803858,0.0011441082023901372,0.006703766893696455,0.0034425288634745534,-0.02589009207906781,-0.023933332212546163,1.4498252485745422e-11,-0.02193132771021006,-0.02821286747439363,-0.061018295047091914,-0.06946244701299893,-0.0379961495720654,0.0,-0.021317285482474597,-0.02194911701858733,-0.0007771669553929189,0.001270555193306551,0.0,0.0
2026-03-31,0.0,0.0,0.0011018779449712014,-0.01909611090307844,-0.0005488623483327326,0.0,0.0,0.0,0.0,0.0,-0.014644178842309563,-0.0023634668079398615,0.0,0.0,0.0,0.0,-0.000528882500762627,-0.009171056325718994,-0.01689039880129989,-0.008186725973447703,0.0,0.0,0.0,0.0,-8.974319240194711e-05,-0.0009448998635307324,-0.012898568224455287,0.0,0.0,-0.030049338658320202,-0.013862440892047705,0.0,0.0,0.0,0.0,-0.01531327337473729,0.0,-0.010769309080345197,-0.005662961094384129,0.0,0.0060323610023172965,0.0,0.0,0.0,0.012823365329185583,0.0,0.001098840571286341,-0.014055535948891277,0.02730238426089861,0.05976608344071453,0.0,0.0,1.7267501346076252e-11,0.0,0.008907035836141247,0.011052468654367932,0.0002934721895739219,0.016784923525593246,0.014656346235112739,0.0,0.0,0.007762734487268401,0.14595264964060836,0.007851035613486637,0.006066603785535448,0.0,0.01827610721953519,0.015629262418566263,0.0003609405229673888,0.039842508669296325,0.039578789483601086,0.012552466506369354,0.0017812841465394758,0.0012393142506303737,0.01853959655034769,-0.002470004824680903,0.0,0.011327945636380071,-0.02633514789293568,-9.177079340188784e-11,0.0,0.00672539501336381,0.0,-0.003783592317838759,-0.028059722191644713,0.004184951294129924,-0.009157272217426442,-0.024719859298267925,-0.043550132080804965,-0.08165651104467413,-0.05324942088784537,0.002056516258096233,-0.01951435113952204,-0.03128350633087903,0.0,0.00045273949584796183,-0.001144726849705596,0.0
2026-04-30,0.005564650737407892,0.001198069003484403,0.0055366489113590715,0.0,0.00037256012885296803,0.0012740616273946646,0.006436451920084366,0.0025856105203213423,1.2305160106661796e-11,0.023009277141148525,0.0,-0.005067121474476847,0.006246949617136234,0.0078081974116336215,0.0028052330832536105,0.01897153115381148,0.017910854161552282,0.0,-0.010884365404718726,0.0,0.0025270321582454053,0.0,0.025229311075474114,0.0,0.0,0.0,0.0017487624990235543,0.0,0.0,0.0,-0.0026586862523555964,0.0047715108261581875,-0.0012788700511090832,0.01565258204893982,0.011304001044897826,0.0,0.0033351628900639206,0.0,0.0,0.0,0.006187040397116539,-0.004966336568389918,0.0,0.0010741632026757477,0.009242469073847771,0.004542330060502382,0.0014537960870185196,-0.0005842380334914498,0.018649322164665354,0.0,-0.007082505616573854,-0.004098294101433654,-0.009925125788639204,0.0,0.0,0.0,0.0,-0.022873875518598145,0.0,-0.004704929951458136,-0.011151085470606937,0.0,0.0026937289109961325,0.0,0.0,-0.013037847065687811,-0.007600929391970662,-0.001899833877815669,0.0,0.0,0.0,0.0,0.0,0.10387064870406397,0.1879980434265651,-0.042731356062465586,-1.0070573094942427e-10,0.0,-0.023210420328696683,0.0,0.0,-0.00046039279338156726,-0.041776367695721295,-0.016124059177179784,-0.02449765311107223,0.0,0.0,0.0,-0.010035273748649614,-0.07140972277522603,-0.05438486259308415,0.0,0.0,-0.028990791358463185,-0.029524100011858186,-0.026311121144481555,-0.010005960599939759,-0.012723873931748998
2026-05-31,0.0,0.0,0.0,-0.0077043109717869675,-0.0054199956312218165,0.0025361448256201037,0.0007182640250082465,0.002021390234329521,0.0,0.0013133958617159377,0.0,-0.0011549264303885548,0.0005677947138141192,0.0,0.005369670589480268,0.018180327644238214,0.002339140024540262,0.003551444992454844,-0.0015937499262820255,0.0,0.0,0.0,0.0043429697661990984,0.0,0.0,0.0,0.002107092036045627,0.0,0.0,-0.012807455520804669,0.018990337642994005,0.006667286821422591,0.0,0.01068923959794021,0.0024657939755398663,0.0,0.0,-0.0003758900722498845,0.0019408933333824603,0.008810054282655942,0.2,0.0,1.8196596650231534e-11,0.015005150337043081,0.023710435394478518,0.012779535400410382,0.03846303887155258,0.0,0.056934162281073425,0.0,0.0,-0.01317260336496001,-0.013117803254154164,-0.011415335757280966,-0.003401459607668919,0.0,-0.0006884660866121518,-0.015611385671799892,-0.008414956352651713,-0.016435017077433042,-0.017977303068672103,-5.250332350819171e-05,0.0004298898552841706,-0.013473308084190373,0.0,-0.017985529695630928,0.0,-1.1322018039159508e-10,0.0,0.0,0.006222197874322865,0.0,0.005846456036883037,0.014872700192443073,0.031030597371764453,-0.028813978619815307,0.0,0.0,-0.006321402572106492,0.0,0.0,0.0,-0.029350329518143956,-0.01688951859733245,-0.004811995215895952,0.0,0.0,-0.00901008079451414,0.0,-0.0708363536328898,-0.08567084903898113,0.0020945959991665554,0.0,-0.03944275341124615,-0.022536457322245972,-0.025514281266312087,0.0,0.0
2026-06-30,0.0,0.0,-0.0019911353970824986,-0.00022782528943979653,-0.007894200514230072,0.0,-1.1515930219596205e-10,0.0,0.0,0.0,-0.008659988588892683,-0.0019917536712105413,0.0,0.0004894868567074682,0.0,0.001740102380861423,0.0,0.0,0.012396071545319203,2.7598353853363375e-05,0.0,-0.0031918655099876193,0.0015608156897875334,-0.00031732122018753554,0.0,0.0016118016870355087,0.0,0.002320799446048895,0.022337452736522365,-0.02420496975369618,0.0,0.0,0.045041776236285296,0.028969646359718593,0.0,0.0,0.0,0.0,0.005630400531398598,0.016519247522473694,0.007594386276100498,0.0,0.009349159203213102,0.014714652121057336,0.02134550854456576,0.009621979871879124,0.02155753812046799,0.0,0.01918935358903284,0.0,0.0,-0.009766332353365924,-0.004808907207685421,-0.015052819862270073,0.0,0.0,0.0,-0.0208947695817585,-0.025201128707864427,-0.002599200503728289,-0.03016880859356107,0.0,0.0,-0.020267405681223944,0.0,-0.013541088772442898,-0.015233733776084678,0.0021678517081689754,0.0,0.0,0.0308210142749693,0.004331202155033953,0.03139963786818531,0.029271750943442722,0.06938003156431162,-0.017406557626093746,4.8271269856360973e-11,0.0029768273151371603,0.0,0.05341302321495712,0.022870675861264275,0.0,-0.023521052785319515,0.0,-0.014953497464627975,0.011350207973929766,0.0,-0.0057974035174270635,-0.01064592649671927,-0.06359812662578339,-0.07061997175181586,0.0,-0.007591540569093236,0.0,-0.0293930864871324,-0.0315342933327889,0.0,-0.01892528824332719
