Date,XOM,CVX,COP,EOG,OXY,FANG,DVN,CTRA,APA,PR,MTDR,CHRD,OVV,CNQ,SU,CVE,IMO,PBR,YPF,EC,SHEL,BP,TTE,EQNR,WMB,KMI,OKE,TRP,ENB,LNG,ET,EPD,MPLX,PAA,VLO,MPC,PSX,DINO,SUN,SLB,HAL,BKR,NOV,FTI,HP,PTEN,LBRT,RES,NBR,NEM,GOLD,AEM,WPM,FNV,RGLD,KGC,AU,HMY,GFI,AGI,OR,PAAS,HL,CDE,AG,FSM,SBSW,FCX,SCCO,TECK,RIO,BHP,VALE,AA,CENX,CLF,NUE,STLD,RS,CRS,ATI,MT,MP,LIN,APD,DD,DOW,LYB,CE,FMC,MOS,NTR,CF,WY,VMC,MLM,CCJ,UEC
2000-01-31,0.0,0.0,0.0,0.0,0.0,0.0,0.0,0.0,0.0,0.0,0.0,0.0,0.0,0.0,0.0,0.0,0.0,0.0,0.0,0.0,0.0,0.0,0.0,0.0,0.0,0.0,0.0,0.0,0.0,0.0,0.0,0.0,0.0,0.0,0.0,0.0,0.0,0.0,0.0,0.0,0.0,0.0,0.0,0.0,0.0,0.0,0.0,0.0,0.0,0.0,0.0,0.0,0.0,0.0,0.0,0.0,0.0,0.0,0.0,0.0,0.0,0.0,0.0,0.0,0.0,0.0,0.0,0.0,0.0,0.0,0.0,0.0,0.0,0.0,0.0,0.0,0.0,0.0,0.0,0.0,0.0,0.0,0.0,0.0,0.0,0.0,0.0,0.0,0.0,0.0,0.0,0.0,0.0,0.0,0.0,0.0,0.0,0.0
2000-02-29,0.0,0.0,0.0,0.0,0.0,0.0,0.0,0.0,0.0,0.0,0.0,0.0,0.0,0.0,0.0,0.0,0.0,0.0,0.0,0.0,0.0,0.0,0.0,0.0,0.0,0.0,0.0,0.0,0.0,0.0,0.0,0.0,0.0,0.0,0.0,0.0,0.0,0.0,0.0,0.0,0.0,0.0,0.0,0.0,0.0,0.0,0.0,0.0,0.0,0.0,0.0,0.0,0.0,0.0,0.0,0.0,0.0,0.0,0.0,0.0,0.0,0.0,0.0,0.0,0.0,0.0,0.0,0.0,0.0,0.0,0.0,0.0,0.0,0.0,0.0,0.0,0.0,0.0,0.0,0.0,0.0,0.0,0.0,0.0,0.0,0.0,0.0,0.0,0.0,0.0,0.0,0.0,0.0,0.0,0.0,0.0,0.0,0.0
2000-03-31,0.0,0.0,0.0,0.0,0.0,0.0,0.0,0.0,0.0,0.0,0.0,0.0,0.0,0.0,0.0,0.0,0.0,0.0,0.0,0.0,0.0,0.0,0.0,0.0,0.0,0.0,0.0,0.0,0.0,0.0,0.0,0.0,0.0,0.0,0.0,0.0,0.0,0.0,0.0,0.0,0.0,0.0,0.0,0.0,0.0,0.0,0.0,0.0,0.0,0.0,0.0,0.0,0.0,0.0,0.0,0.0,0.0,0.0,0.0,0.0,0.0,0.0,0.0,0.0,0.0,0.0,0.0,0.0,0.0,0.0,0.0,0.0,0.0,0.0,0.0,0.0,0.0,0.0,0.0,0.0,0.0,0.0,0.0,0.0,0.0,0.0,0.0,0.0,0.0,0.0,0.0,0.0,0.0,0.0,0.0,0.0,0.0,0.0
2000-04-30,0.0,0.0,0.0,0.0,0.0,0.0,0.0,0.0,0.0,0.0,0.0,0.0,0.0,0.0,0.0,0.0,0.0,0.0,0.0,0.0,0.0,0.0,0.0,0.0,0.0,0.0,0.0,0.0,0.0,0.0,0.0,0.0,0.0,0.0,0.0,0.0,0.0,0.0,0.0,0.0,0.0,0.0,0.0,0.0,0.0,0.0,0.0,0.0,0.0,0.0,0.0,0.0,0.0,0.0,0.0,0.0,0.0,0.0,0.0,0.0,0.0,0.0,0.0,0.0,0.0,0.0,0.0,0.0,0.0,0.0,0.0,0.0,0.0,0.0,0.0,0.0,0.0,0.0,0.0,0.0,0.0,0.0,0.0,0.0,0.0,0.0,0.0,0.0,0.0,0.0,0.0,0.0,0.0,0.0,0.0,0.0,0.0,0.0
2000-05-31,-0.0012251543173353787,0.0,0.009057504556468957,0.019602711366315795,0.00512011046194987,0.0,0.008598073594555862,0.020201366625167416,0.00603530740264409,0.0,0.0,0.0,0.0,0.0,0.0017349894803812735,0.0,0.015201397189840168,0.0,-0.01866993408599508,0.0,0.0033847842678466755,-8.34676734346841e-11,0.02479552162144892,0.0,-0.011878077515467803,0.0,0.0019226328880924564,-0.0019295663341376665,0.017175408269234374,-0.03643732604929871,0.0,0.004688775701329872,0.0,0.035859689208916266,0.001657693542169383,0.0,0.0,-0.03772597944353675,0.0,-0.0027758043797204233,0.16211106223679733,0.02384581787956936,-0.005827424392713727,0.0,0.012011733895912707,0.0,0.0,0.009511547329169716,0.001335235567266579,0.008050657693989534,0.0,-0.01851243821919931,0.0,0.0,-0.03106502022651262,-0.0221615606264765,-0.019244537934641023,-0.014920170934212327,-0.019068673534728343,0.0,0.0,-0.010285850401615703,-0.02118762935464091,-0.029029168311498862,0.0,0.0,0.0,-0.05682615020586234,-0.0262265919417963,0.0,-0.001345175521667076,-0.0013879283458054885,0.0,-0.01403980947525454,0.05788077737559268,-0.007281383828285415,-0.018667294924745358,-0.021543696767986825,0.0077811764695977625,-0.033776928723934174,0.010465330341409182,-0.008144932203477536,0.0,0.006600562091728857,0.00683106397428627,0.0,0.0,0.0,0.0,0.006093489135595447,0.0016755649145449296,0.0,0.0,-0.002538396596535063,9.35639834030642e-11,0.010770014824614262,-0.006277395319451047,0.0
2000-06-30,0.01045774599866831,-0.0003543095266962419,0.014817417622884493,0.033142641473544,0.004649512892285361,0.0,0.007566593932582267,0.014601239231309586,0.005500037507683094,0.0,0.0,0.0,0.0,0.0,0.007540218093282553,0.0,0.027987661353914447,0.0,-0.008786668806415853,0.0,0.008515885739910103,0.00011016575978239092,0.011786887718915468,0.0,-0.004885028243258108,0.0,0.016953717280508342,7.147150198026098e-11,0.034882741861291804,0.000695082324871859,0.0,0.022213408084113533,0.0,0.02410679438184021,-0.004145788482278947,0.0,0.0,-0.03130237760244896,0.0,-0.011182514492969553,0.0349663492546662,0.0210550161488535,-0.007166799703540027,0.0,0.01249215491323032,-0.00889814540152551,0.0,0.006751550484530422,0.01658875099937781,0.004185108871001248,0.0,-0.003906170986158718,0.0,0.0,-0.0680176329411953,-0.03580493208515852,-0.019612063265384585,-0.023236222557413536,-1.0134237418128649e-10,0.0,0.0,-0.0059310461353426144,-0.04396263955087009,-0.026672436271634414,0.0,0.0,0.0,-0.03164826146121002,-0.005444566948060695,0.0,-0.00930600495917589,-0.01059963680768692,0.0,-0.026444330182496718,-0.01659542885466891,0.00928335208147186,-0.02977775816630484,-0.0173333345943942,-0.005911587863261767,0.0,0.004317181153388616,-0.017950062745077034,0.0,-0.0001862868854047109,0.12628538185085983,-0.011758796262548625,0.0,0.0,0.0,0.004610303457137263,0.004371629786009076,0.0,0.0,-0.013179168116076364,0.0,0.0,0.00956546967061456,0.0
2000-07-31,0.0,-0.0004340782472406209,1.322259211440049e-10,0.026900426961042806,-0.0015530845417088168,0.0,0.007705822928841481,0.0019186647947699144,0.011518170271369723,0.0,0.0,0.0,0.0,0.0,0.02882174883873818,0.0,0.0038030348030544097,0.0,0.016402626478315033,0.0,0.011951366202269359,0.019956487042206983,0.008403034448794706,0.0,0.006282052414479577,0.0,0.0,0.010481332657341766,-0.007033665848171505,0.0028221413880012724,0.0,0.06632086456399425,0.0,0.10665873288163732,0.012805847366412017,0.0,0.0,0.007701906492447481,0.0,-0.009809988603991442,0.0024118257429527187,-1.1502801412317612e-10,0.014327788587944342,0.0,0.018675387950387222,-0.00024958790807502485,0.0,0.009474327978914848,0.005808520008946573,-0.017333272532706754,0.0,0.015280899235129061,0.0,0.0,-0.013871967948084497,-0.022554678875416703,0.00033417021605185724,0.0037405912358929503,0.009300601290620264,0.0,0.0,-0.030541030728953287,-0.011502761554057737,-0.004422006079860594,0.0,0.0,0.0,-0.004939570318286359,-0.01834996217700859,0.0,0.0,0.008293147243761519,0.0,-0.026223619104095663,-0.014452749845445274,0.04167957184930766,-0.08317993566844227,-0.02612289406462448,-0.029666882671994202,0.020218907994148817,-0.014650193301996291,-0.011809141030842444,0.0,-0.020790415490659853,-0.0010402610716635714,-0.0320989484840505,0.0,0.0,0.0,-0.001400906834084235,-0.01778142408929489,0.0,0.0,-0.05438614001746633,-0.0038103399813358132,-0.019190127019295643,-0.0008003658461185878,0.0
2000-08-31,0.0,-0.021515667669495753,-0.0024077482164547703,0.001004723595436303,-0.01687791438457364,0.0,-0.01188049849615142,-0.008528749681610286,-0.007213780191519866,0.0,0.0,0.0,0.0,0.0,-0.00832832142925937,0.0,0.007217684009745262,0.0,0.018960583160447075,0.0,-0.006297235300995061,0.0,-0.015889344450344657,0.0,0.00859632811040898,0.0,-8.274146235654541e-05,0.007583276469370825,0.0006896834515313548,0.01115538842003348,0.0,0.14960072086232412,0.0,0.04441795269476473,-0.006042192909235747,0.0,0.0,0.02651732824355185,0.0,0.009276635184824274,-0.005409231159419748,0.002032391723194055,0.03026047473588194,0.0,-0.006550767817700289,0.008244368482005974,0.0,-0.008355214100288291,1.2036631203289486e-10,-0.04949202987281952,0.0,0.014905100596928093,0.0,0.0,0.013208167244459244,-0.028385115469549357,0.00954397979422402,0.007962063594168888,-2.3005613656816392e-10,0.0,0.0,-0.04617564823625158,-0.015133145589185519,-0.028432773112583302,0.0,0.0,0.0,-0.005031119635462361,-0.06716633146950404,0.0,0.021534237339851398,0.010195340615215666,0.0,0.012078261029338167,0.020357527921437763,0.0,0.0035598557233162127,0.01791176424756093,0.006368403929354864,0.029623301437671345,0.00023079675634035107,-0.015548476823368814,0.0,-0.002426261246917211,0.0029347929531067457,-0.06460575934496843,0.0,0.0,0.0,0.0040288675531397625,-0.008009973017173655,0.0,0.0,-0.00307597845679852,-0.011667358873786789,-0.016631521299960282,-0.012839100052208978,0.0
2000-09-30,0.0032936420272842637,-0.009086308845844595,0.010857656253170821,0.0,-0.005308595554647768,0.0,-0.0069844223685657895,-0.01594821474097925,-0.004963559009285705,0.0,0.0,0.0,0.0,0.0,-0.013624226528281278,0.0,0.02875421770148661,0.0,-0.01941761004825312,0.0,-0.008749588161769269,-0.01342698909189335,-0.025853971165911836,0.0,0.022806075223693045,0.0,0.015623588091095488,0.01993232452464812,0.01003029545415846,0.0021442727066367617,0.0,0.06783346152943145,0.0,0.04161374119728634,-0.013743840067687078,0.0,0.0,0.0005996676136936527,0.0,0.016202527741274352,0.0046916682005498705,0.010331880380217614,-0.004035953971988121,0.0,-0.010773106217921657,-0.0024836843320253485,0.0,0.0,0.014530938471609979,-0.027770010311353663,0.0,-0.019611088224050718,0.0,0.0,0.02415634454128639,-0.04593670451079332,-0.012752345876603767,-0.01432334261540781,-0.0352545431351053,0.0,0.0,-0.00656341671990903,-0.0318320692489808,-0.029424543585790896,0.0,0.0,0.0,0.003979217415173407,0.007783614371191146,0.0,0.006949695333293551,-0.016953126679607317,0.0,0.03776113356858689,0.021088152245736673,-0.014832506377860427,0.0,0.03198102090144164,0.00107609815507139,0.029568238991863355,0.007508439031369205,-0.03055022591319202,0.0,0.015082755503162463,0.016040076228067145,-0.048868105984083726,0.0,0.0,0.0,0.02310161535657786,0.004677641041727457,0.0,0.0,1.9921458994147465e-10,-8.370837441032652e-05,-0.010844192190822066,-1.4697461442076863e-10,0.0
2000-10-31,0.024467887223631177,0.005624181431457745,0.014061754839333808,0.009049708535450575,0.010910352990249438,0.0,0.007432694592508014,0.0031676563779185042,0.0019775865645724425,0.0,0.0,0.0,0.0,0.0,0.0,0.0,0.026117914587204846,0.0,-0.049216056139983214,0.0,1.0732711789208371e-10,-1.3622534192439429e-10,-0.004500635930925183,0.0,-0.0020766918324644987,0.0,0.042010950951912346,0.007886469801303603,0.012010549798330222,-0.015868029728592192,0.0,0.0559511702353821,0.0,0.10055871364968623,0.011972201802060906,0.0,0.0,0.0028242313862558307,0.0,0.005013892461416429,0.0,0.0172500147094639,-0.013071970348304382,0.0,0.002135367053785841,0.013943678264880688,0.0,0.018914212117227082,0.031082924922672298,-0.008037059048254303,0.0,-0.010799478966496922,0.0,0.0,0.005668287846086345,-0.028690094221017405,-0.015977002147885454,0.0,-0.030902689627943444,0.0,0.0,0.0012283538144996916,-0.020941157625822528,-0.010899633973355787,0.0,0.0,0.0,-0.0065427301781826,0.023890671663178584,0.0,-0.020684699961536733,-0.008139214302444065,0.0,-0.01555238991094285,-0.00815161266551622,-0.018549138021679915,-0.020619588385204973,-0.013958768949665096,-0.0023329879098325248,-0.005781802177834698,-0.013308095845915913,-0.02074370157716155,0.0,-0.008634829319642073,0.010471567914163834,-0.06482780142714875,0.0,0.0,0.0,0.010361638194095297,0.0076142596527057176,0.0,0.0,-0.01882165759508686,-0.014936886072820902,-0.027433595972113794,0.016401106511239317,0.0
2000-11-30,0.02980695886754209,0.0017610262784028738,0.007684115653311578,0.009500749785160965,-0.0003600711870452095,0.0,0.00018452726608752151,0.0037844901469093343,1.145018987878023e-10,0.0,0.0,0.0,0.0,0.0,-0.009088526222550132,0.0,0.012095362720515732,0.0,-0.03996587776846473,0.0,0.0,-0.008391371647898658,-0.020603282050544174,0.0,-0.0024829328406654632,0.0,0.02987311809543508,0.0064712864111069225,0.0318807665268225,-0.02979878528230027,0.0,0.01016282735818598,0.0,0.020133844491707305,0.015876096921462274,0.0,0.0,0.003864368002785244,0.0,-0.00024860901691494807,-0.012002851119574451,-0.0003725827467435481,-0.020543840654379635,0.0,-0.0031670468237538184,0.002016714103847481,0.0,0.12586666754357742,0.01633161721073264,-0.02298538688316156,0.0,-0.019172884805911672,0.0,0.0,-1.799200962090784e-10,-0.04442416184983638,-0.024578428320332368,-0.013940318717575489,-0.024286972238689936,0.0,0.0,-0.005019770167082634,-0.035888813394724516,-0.024456244446137643,0.0,0.0,0.0,-0.015660353934172786,0.007348141614643646,0.0,0.00500317210194631,-0.011651506453043884,0.0,0.0,-0.021174562828997122,-0.030429077638478116,0.0035456783812022547,0.00691913783274564,0.030722174846996676,0.0032718457658028753,0.002061901629715703,-0.035456994786255525,0.0,-0.005230393716833393,0.015539507427923635,0.01965609587050585,0.0,0.0,0.0,0.024376799835023635,-0.008589293786962568,0.0,0.0,0.008417684941758806,0.0,-0.010029058491049255,0.045843322253640136,0.0
2000-12-31,0.00360606769201125,-0.0029856688404355275,-0.006118842315750184,0.034858062958798175,0.004093559363388558,0.0,-0.006191055686102347,0.0,-0.10423699216425254,0.0,0.0,0.0,0.0,-0.008599780814807868,0.005211872001512227,0.0,0.0,-0.015230443730984729,0.0013309690647801057,0.0,0.0014539076785427868,-0.038837934106649055,-0.03135723353160336,0.0,-0.00859176647137632,0.0,0.00826166980922446,0.025621302387906098,0.029932120297834666,-0.008695417121110988,0.0,0.0,0.0,0.023054585194499155,-0.0003510762673450574,0.0,0.0,0.0247618002408524,0.0,-0.013533226936665158,-0.015352095844127221,-0.009158240810287873,0.007524503801149517,0.0,-0.013229046799499957,-0.007349471898351375,0.0,0.05423330682050572,-0.0034001290215098985,1.161422416600228e-10,0.0,0.014601280373803819,0.0,0.0,-0.020330008493477627,0.005211872001512227,-0.02125062309392661,-0.006000777023845632,-0.0005736136055282769,0.0,0.0,-0.020250016961015395,-0.0008235891806519368,0.0,0.0,0.0,0.0,-0.0028686335660898505,-0.004540106305336882,0.0,0.008719253509625588,0.008476232679668322,0.0,0.01254471177579445,-0.014231473769309552,-0.011710922782195118,0.01592877924140997,0.00866779976725493,0.030237129882876614,0.022444807829754113,0.013971464353141057,-0.08875964157135466,0.0,0.0,-5.680455297015449e-11,0.023403066091875327,0.0,0.0,0.0,0.0063756948083595385,-0.015442171229604415,0.0,0.0,0.012128013353547667,0.016387566186841923,0.015498129309854222,0.06146047140753295,0.0
2001-01-31,-0.04631353333641431,0.001274210018158425,-0.028696408964988512,0.02081281725053974,0.01229945709946096,0.0,0.001029130513735251,0.009644681092570525,0.0026167502315614832,0.0,0.0,0.0,0.0,-0.022028591022838766,0.013439270678850111,0.0,0.004926713397150642,-0.040293342697551686,-0.018650470279918594,0.0,0.008308593763333968,-0.026870744369373235,-0.0025148159369908288,0.0,-0.012363240630267794,0.0,0.015676106562980758,0.026000497727426977,0.007763102604259322,-0.014389761592675564,0.0,0.007783849175166303,0.0,-0.0036986941299654783,0.0,0.0,0.0,0.016584636766453425,0.0,-0.006300412606352285,-0.01025513342258948,0.002694594698070726,0.01621565401211171,0.0,0.0032444919873085365,-1.2230844242361308e-10,0.0,0.024317625505073364,-0.0010531734429718117,0.004993030326332344,0.0,-0.0007483591946205126,0.0,0.0,-0.007369931140882513,-0.0006839097652089692,-0.006758038849090212,0.0,0.003540203962289146,0.0,0.0,-0.023598274739647054,-0.01582147691898051,-0.012849747576079526,0.0,0.0,0.0,1.18268417457412e-10,-0.018397260859936003,0.0,0.0,0.01660670955081524,0.0,0.008410849487745618,-0.0011016311634817184,-0.00045149417936194856,0.010153878180372057,-0.01317560640964908,-0.00013749578623822246,0.12716048744497946,-0.02475118304366989,-0.12609257897662035,0.0,0.004206608956426081,0.0,0.007849847708784633,0.0,0.0,0.0,-0.014535304517676711,0.0,0.0,0.0,-9.938432365004262e-05,0.024819703650937733,0.02349373476103362,0.07413276276780341,0.0
2001-02-28,-0.09119843218597377,-0.0015666657149928096,-0.004586148092095312,-0.014985073269793573,-0.00493565656288257,0.0,-0.004132460147391054,0.0034243960280447732,-0.009673970332423443,0.0,0.0,0.0,0.0,0.0,-0.009144320333683757,0.0,-0.03655747689519951,0.0,-0.04537335783958808,0.0,0.005106418779379332,0.005556717853877316,0.019518298285838294,0.0,-0.0013434689444827557,0.0,-2.1320653286785977e-10,-0.0022937200543438506,-0.02983405168364159,-0.006246221078791405,0.0,0.04221862920517766,0.0,0.0017353934197423667,-0.002674792534882509,0.0,0.0,0.011469334079141002,0.0,2.191656564771385e-10,0.020271495934742707,0.012536801459754067,0.0017982653610913175,0.0,0.02740732521204013,0.01031293831426084,0.0,-0.0012748267680906579,0.008525175025064256,-0.019293365327707993,0.0,-0.027438609122328442,0.0,0.0,-0.0020034467130140747,-0.029402408068896574,0.0,0.016326815609860653,0.03576829781488532,0.0,0.0,0.0061224467767088545,-0.00028350900167222577,0.0,0.0,0.0,0.0,0.030267194513126688,0.005473621849714743,0.0,0.00797194576233541,0.0012933048308891072,0.0,0.045335829072230646,0.007243878623152542,-0.040060374474412346,0.035980671637490566,-0.0028517301631427105,0.039118854274236795,-0.040448027426569874,-0.041595114728008455,-0.016400183119206744,0.0,0.013244820844540636,-0.004018490693646672,0.0,0.0,0.0,0.0,-0.008174573207782197,0.01409725309911623,0.0,0.0,0.020053371793831532,-0.002209525302148478,0.023832347517205994,0.027988156803354602,0.0
2001-03-31,-0.09697286029017996,0.002264365957633425,-0.020832841302341188,-0.01903722292263761,-0.007067522024949175,0.0,-0.011637638614546789,-0.011156783132196516,-0.015625924300689195,0.0,0.0,0.0,0.0,0.0,-0.005543364767163734,0.0,-0.018491937817222356,0.016218796637902717,0.0028561398293625584,0.0,-0.030645307222799994,0.0023624473725580163,-0.019079327270217595,0.0,0.0,0.0,-0.015688955562307344,0.0,-0.014515315391785988,0.008013997264986687,0.0,0.009338978586557677,0.0,0.025832493978984503,-0.006890375489246662,0.0,0.0,0.0,0.0,-0.01937174658659552,0.007904218142055004,-0.010741246725661966,-0.012726853253465618,0.0,0.0026685042200366607,-0.007751055175043351,0.0,-0.022547375617032604,-0.008524586630749753,-0.0071974343059653025,0.0,0.005686224651432224,0.0,0.0,-0.005265649470739602,0.0036118256213061462,0.004276897694352313,0.006243122026083856,0.03041695154394571,0.0,0.0,0.013569175177911265,0.01848112153546886,0.015429303623751065,0.0,0.0,0.0,0.05182246983984735,0.1240264565990205,0.0,-1.6729858132142714e-10,0.009194450220137214,0.0,0.0002273645059142695,1.4575200338546525e-10,-0.019067098063881065,0.021179513193640517,0.016233618163456368,0.0,-0.02835422899615529,0.0028913353834731583,0.012668030604175668,0.0,-0.004646629639230888,-0.006599700285011453,-0.01648987155962766,0.0,0.0,0.0,0.008966721073166737,-0.013775191515493522,0.0,0.0,0.0037688157080910892,-0.02375595589976373,0.01872875362836638,0.05511790707063001,0.0
2001-04-30,-0.02007855015526438,0.03456386728784336,-0.007906462291894492,-0.004733010548436736,0.0210820043651433,0.0,0.009386413204626385,-0.006337824992405419,0.0,0.0,0.0,0.0,0.0,-1.2521939914430978e-10,0.01542603722780621,0.0,0.005729021169066919,-0.009611907259502903,-0.007954351488490765,0.0,-0.04125601744863809,-0.004464303218575205,-0.030520190467424827,0.0,0.033162629913548056,0.0,-0.03384174699459444,0.0216291467451723,0.010162356308692827,0.00293998613611883,0.0,0.07136877557512296,0.0,0.019628306471790844,0.0031261783465942536,0.0,0.0,0.04268313992210803,0.0,-0.04591352492713485,-0.009373970715728805,-0.04064400028582423,-0.02293445872286336,0.0,-0.0009866602942109298,-0.03514599893379789,0.0,0.010308497160366801,-0.03407036848194623,0.0038186111385357644,0.0,5.434293943026877e-05,0.0,0.0,-0.006077929963314297,0.0003360193549924204,3.309102983382572e-05,0.0030930959041493805,0.007853079141789999,0.0,0.0,-0.010067077912929401,-0.0026676797517312507,-0.005761520828993271,0.0,0.0,0.0,0.004595579219516306,1.6201353874506368e-10,0.0,0.0,-0.007576513482718874,0.0,-0.0016847815914086376,0.047799092435514876,0.006042244538259862,-0.0018064487397259825,0.0,-0.014368950171532816,0.0,0.011981478165062792,-0.0026524000869305652,0.0,0.04322605470329562,0.0004889008444738774,-0.0530800478699466,0.0,0.0,0.0,0.006852371085995489,-0.03294198318702074,0.0,0.0,-0.00554131906179463,0.002133539416339397,0.0,0.06049614008679549,0.0
2001-05-31,0.008649222290583663,0.031926813599337675,0.008330353130380925,0.0,0.026600542589575372,0.0,0.025531500957504172,0.006526830909098951,0.007696917128638914,0.0,0.0,0.0,0.0,0.015095048325627747,0.016949232294443447,0.0,0.017016709372578244,-0.011420360433774321,-0.04543362009908857,0.0,-0.005401770031735245,0.008982104553408686,0.0,0.0,0.05362701986000299,0.0,-0.012866305429030821,-0.012729065272762232,-0.022756803642245794,-0.017117309665384123,0.0,0.02573387723309258,0.0,0.023693553656028297,0.010367213399516932,0.0,0.0,0.03513361346777701,0.0,-0.006519803071246999,-1.6574231335878982e-10,-0.010033699232307493,0.0021516032850731766,0.0,-0.012268019498957412,-0.014174885888993861,0.0,0.029394027153033925,-0.0036528418995126445,0.002001341519837052,0.0,0.005281160094780692,0.0,0.0,-0.021644978793685054,-0.014122632782164765,-0.0005183418953457695,-0.020482410211370688,0.0037441372098657695,0.0,0.0,-0.024650466777387258,-0.028259669838664778,-0.02323179836009594,0.0,0.0,0.0,-0.009537294751031426,-0.01923582249115772,0.0,0.00578251340981284,-0.010891375755914425,0.0,0.011806152822752429,0.06563244323668835,0.007666845837616919,0.0010143408282342005,0.0,1.342160128585044e-10,-0.029769308662543376,0.0,-0.03574760837563531,0.0,0.017404682683264772,0.0,-0.0030470835310662855,0.0,0.0,0.0,-0.02564139417673346,-0.04819362856963477,0.0,0.0,-0.0002455482507107669,0.0036587452566441917,-0.010406152446076438,0.022601453760583895,0.0
2001-06-30,0.00749114269801469,0.008326485199971747,0.06607076251216451,-0.006347478714472228,0.005664113712843942,0.0,-0.021693100637592277,0.02996150552740108,-0.015651504136262394,0.0,0.0,0.0,0.0,0.059288397744721916,-0.008868226949094924,0.0,0.0,0.0,-0.01806583829232162,0.0,0.005699712349148862,0.0017826957817658814,0.0010244979324383358,0.0,-0.021460579747642032,0.0,-0.012684739344581093,-0.03376505301565422,-0.026649818003118338,-0.03492211045245959,0.0,0.0,0.0,0.029904538886081102,-0.004579063573103877,0.0,0.0,0.046732863275167014,0.0,-0.009658426259062283,0.010601308082137027,-0.002505169106222755,-0.022312802133951856,0.0,-0.036452314002375044,-0.031170510195401752,0.0,-0.002312787439366944,-0.023920483220065764,0.020507211598011003,0.0,0.005752207292035731,0.0,0.0,0.0021083326949713176,0.009575300601455249,0.0,-0.01891486168901067,-0.016404528491799433,0.0,0.0,1.5265441804566499e-10,0.0008840010663300602,-0.011814252026205955,0.0,0.0,0.0,0.009719176727028484,-0.014665250129413417,0.0,-1.7008334071791795e-10,0.0,0.0,0.019509777948685792,-0.005760259759388927,0.03489057430047966,0.0012760564478497675,-0.002290203733207076,-0.006466144764147881,-0.011239459573209236,0.015492141132304666,-0.005190198623314134,0.0,0.037430640552916145,0.015426253400431043,0.014287021078749025,0.0,0.0,0.0,-0.011010810022302232,-0.06322402579516864,0.0,0.0,0.0025120393547747037,0.003816548309906667,0.006722570444445482,0.027542123195114704,0.0
2001-07-31,0.002655285220409088,-0.002898456079159503,0.0,-0.018201706886826822,-0.001975234541087943,0.0,-0.029147712729854225,-0.008758469438072515,-0.021855279104129276,0.0,0.0,0.0,0.0,0.0,-0.012283190349954296,0.0,-0.001091023835321239,0.000245566968731669,-0.018591074241216806,0.0,0.002939445619691016,-0.007494384811607109,-2.2190865987086665e-10,0.0,-0.028114215344082316,0.0,-0.01690029727254437,0.024268224936611096,0.02462918761815533,-0.030738685630539428,0.0,0.007947515181170366,0.0,0.0,-0.00576526600743306,0.0,0.0,0.007174408918913193,0.0,-0.01567619800807703,-0.005059447654470904,-0.014344969951593234,-0.02495432666035057,0.0,-0.033452806875268,-0.03142085000101057,0.0,1.3026095694348495e-10,-0.02594434434577783,0.006998999820650505,0.0,0.02109064164902792,0.0,0.0,0.033273297842688315,0.031328729502466374,0.0037708765694228403,0.026697457938328655,0.007116802811152461,0.0,0.0,0.10385998637573607,0.041931767988487446,0.011799101997097735,0.0,0.0,0.0,-0.008772995008185189,-0.024282842373468273,0.0,-0.00552544941225597,0.005656895517588916,0.0,0.001175052576827018,-0.006786090578091875,0.0,0.002094831108603576,-0.0009439366750648701,-0.0035607547213900603,0.020884776532451573,0.004845732165521846,0.02575163102078373,0.0,0.004027686136563761,0.01719760995831019,0.0054073597126724675,0.0,0.0,0.0,0.0,-0.09508357980517572,0.0,0.0,0.0011746936186354555,0.025203511460256532,0.028852923102783926,-0.0003764114360822925,0.0
2001-08-31,-0.013669219099896506,0.0,0.001497374084503031,-0.0073033570142962,0.003489335435764609,0.0,0.0022327035485766983,0.0,-0.0005511115455271024,0.0,0.0,0.0,0.0,0.0,0.020621293532208023,0.0,0.026887560024896152,-0.010661201456991372,-0.008953781043394024,0.0,1.448670833122999e-10,-0.011535593141663025,0.0,0.0,-0.0031398621403175187,0.0,-0.06339326006525518,0.05629489308275551,0.025339446180194257,-0.012337536870623575,0.0,0.05211340861173589,0.0,0.018348534837658883,-0.026296592194651434,0.0,0.0,0.0007549452886157555,0.0,-0.0017944612992532734,-0.0012060512593176135,0.004377572443411808,-0.06330308261037039,0.0,-0.0017112340780371846,-0.00928448351714625,0.0,-0.029927114350217027,-0.08697829590292785,0.005570900455253354,0.0,0.033724201178708474,0.0,0.0,0.04573269369205603,0.016418331973101444,-0.030407208132986648,0.02201165016513665,0.019986657529357937,0.0,0.0,0.019135963468773814,0.01421974746527978,0.0007305572088186814,0.0,0.0,0.0,-0.0012535922845931585,-0.019084557272760826,0.0,-0.04333042264487923,-0.005797144974164165,0.0,-0.0011229522671960084,0.005312106080519597,-0.008326398586336865,-0.014492863467994409,-2.0313128897197963e-06,-0.019384057714554356,0.007535170103858632,0.008994632540292858,0.011855927934703664,0.0,-1.5739046298286625e-10,0.0,0.02176176751215757,0.0,0.0,0.0,-0.0013556612863551345,0.019981512704811813,0.0,0.0,0.027314446940483274,0.007131731181924328,0.000624934649574349,-0.003396872308013439,0.0
2001-09-30,-0.04193228237610113,0.004867427818379385,0.003925144453578068,-0.005858312716473539,0.007938107688627936,0.0,-0.007635980723251452,-0.0025732741143453895,-0.003975552483846747,0.0,0.0,0.0,0.0,-0.005830319372883293,0.024638462339298856,0.0,0.01294799349338918,-0.03896596008912089,-0.01147246204406416,0.0,-0.0038409705199449026,0.009000413530878085,0.018234719926209973,0.0,0.0,0.0,-0.05444080956648653,0.021669271553628192,0.0,-0.039061203872814906,0.0,0.10645072634011193,0.0,0.03048592334870839,0.01225621463698535,0.0,0.0,0.010293492120347466,0.0,-0.0027759287768564602,-0.012337645014560682,0.0,-0.06204009193122444,0.0,1.5345735179004492e-10,-0.006163010233038254,0.0,-0.023117649382381308,-0.05204624863308577,0.018317763131855208,0.0,0.02126996946339138,0.0,0.0,0.050608788664515805,0.020546323396194523,0.014819039435465553,-0.005820473720384949,0.0,0.0,0.0,-0.000815973877413522,-0.003940246601378423,-0.012746256482742307,0.0,0.0,0.0,0.008954716546484482,-8.562060883785109e-11,0.0,0.0037515199940661766,-0.006483543411727069,0.0,-0.009181319367875501,0.005848447610119002,-0.009364125424451178,0.0,0.01434412933570209,0.014075050123317346,0.0008993673019231364,0.006473608988099417,-0.014211454288154382,0.0,0.001158626676956306,-0.0051637827990226835,0.010639013530635854,0.0,0.0,0.0,-0.01762435145833667,0.026242894667360794,0.0,0.0,0.008890143439851221,-0.016524756580704063,-0.02405601405170878,0.010452700290461516,0.0
2001-10-31,-0.035011463937937894,0.0,0.0,-0.025572521858477647,0.0,0.0,-0.01281964247746667,-0.013831204686387839,-0.014247364753653494,0.0,0.0,0.0,0.0,-0.018137254283677958,0.025422337373094295,0.0,0.007935915947059164,-0.03337777582251665,-0.036811825583708324,0.0,-0.0064763257633439035,0.01181655636049939,0.004571651378082658,-0.03332260457868258,-0.004505403448643415,0.0,0.0,0.05389074631645378,0.02397333063223629,-0.01597457102894002,0.0,0.026242158594200822,0.0,0.011597880094796637,0.011100346280504587,0.0,0.0,0.01566880369360336,0.0,-0.01389699634942267,-0.025652947247336313,-0.004629332008717841,-0.007133240340615287,-0.026864776943014555,-0.00426269726759033,-0.020382418374447507,0.0,0.0033350616987331736,-0.09356457485065661,0.046606846475798595,0.0,0.038408794339435476,0.0,0.0,0.02309239476647443,0.039275530263435665,0.0004450638890570803,0.01596421682926668,0.021641511772269976,0.0,0.0,0.02771463727652855,0.025519393665508098,0.005491116680451265,0.0,0.0,0.0,0.012796996154275259,-0.001007412411376888,0.0,0.0075188256654251445,0.0,0.0,-0.007976277258346447,-0.0008937117500552048,-0.0017869230893449296,-1.4353266454695277e-10,0.0,0.007316088938316189,9.455838043705819e-11,-0.0008414700136156313,-0.007426599823523752,0.0,0.0019611111167683716,0.005280723205032943,0.0008472743339913282,0.0,0.0,0.0,-0.014691709064507117,0.0008411551020229347,0.0,0.0,0.0,-0.013546078658051025,-0.005354876182408774,0.023723531062119507,0.0
2001-11-30,-0.007146323983448884,0.0,-0.010041737398949757,0.01242056120532808,-0.005640067778520805,0.0,-0.0044774387356416884,0.009606036081514936,0.011790566455027086,0.0,0.0,0.0,0.0,1.326143736225295e-10,0.03866985953853398,0.0,0.015229889083517694,-0.02221232909970597,-0.03242885050734096,0.0,-0.023777228241076045,-0.015466447845573354,-0.0018096072539714194,0.0005457732796202443,-0.007457609303274548,0.0,0.015084044078613178,0.08473560034018851,0.05744960428444853,-0.06290277631291812,0.0,0.01158503626193263,0.0,0.0,0.0,0.0,0.0,0.0,0.0,0.0018163225849774742,0.0,0.009796388015361581,0.014449251889273554,-0.004954261239838267,0.0031634378872527043,0.014173991402831933,0.0,0.024498920432575934,0.013205530664279928,0.02302586745177214,0.0,0.006808525182845563,0.0,0.0,0.008565395040813474,0.0016205233290467933,-0.0038481370731377443,0.03563701453043533,0.05322041993582082,0.0,0.0,0.005902194481587494,0.005128490149096603,0.010404644815210133,0.0,0.0,0.0,-0.0018285272568239453,-0.03843354766324325,0.0,-0.0049708819268512484,-0.0026713955984479236,0.0,-0.013112889422004278,-0.00969239690826891,0.00094147318245288,-0.012148581941344853,-0.012504348239204653,-0.0159427232363518,-0.021744581483975157,-0.007126027192955934,-0.035489899217007834,0.0,0.004483898796963437,-2.391886529278323e-10,-0.010227196549215806,0.0,0.0,0.0,-0.04096998962184452,0.0,0.0,0.0,-0.014081242919129286,-0.05689295581074435,0.0060407394860628955,0.0,0.0
2001-12-31,-0.038042176769723685,-0.004083875017799091,0.0017857312571737337,0.010928395394748925,-0.001310392881058311,0.0,-0.007242989268399957,0.0,-1.6330266306999955e-10,0.0,0.0,0.0,0.0,-0.004413812685026154,0.013114762978708325,0.0,-0.019903084132623206,-0.001905267834781677,0.0,0.0,-0.01769440369498118,-0.055103324538599556,-0.01974553395577036,-0.008003468048864548,-0.010366293306557015,0.0,0.021982619524344445,-0.014477241823432834,0.07584673053838757,-0.05630345102255994,0.0,0.05155700365209281,0.0,1.8450379995955558e-10,-0.007255949645971073,0.0,0.0,-0.0004329487468722123,0.0,0.0015490010490878058,-0.012057638905592478,0.0003020852444864935,0.0005859082731689992,-0.00019563104502133557,0.0,0.027433692009620737,0.0,0.06322120625467008,0.016247620503352586,-0.025845906579733055,0.0,-0.0244061598594664,0.0,0.0,-0.028528486006410125,-0.03768922324076594,0.0005586228171049086,-0.0012276512579543334,0.032026977293276956,0.0,0.0,-0.020716793610081503,-0.029817998691668443,-0.029082756982801078,0.0,0.0,0.0,0.011809711747520261,0.0,0.0,0.010877200035412015,0.015383093999988495,0.0,0.010827683462095795,0.009993531088004427,0.01069269003102736,0.010837639244655275,-0.003296664361834749,-0.0021670648083536126,0.0007094252395344463,0.0019536048588037723,-0.018683811113993476,0.0,0.02344978149075792,0.0169099387623035,0.015692166251452408,0.0,0.0,0.0,0.0,0.011791656634561503,0.0,0.0,0.002697390768179223,0.0,0.029234129410975418,0.0,0.0
2002-01-31,-0.010460026415365923,-0.004783858602511905,0.015313105624492748,0.0,0.0,0.0,-0.009841758757069939,-0.011126460259268918,-0.005277370790697339,0.0,0.0,0.0,0.0,-0.02567728337859965,0.0,0.0,-0.0027496768588910164,0.006389318686648347,0.015391172073843851,0.0,-0.025586953077098414,-0.01807426472111034,-0.009886001076171788,-0.021410498016679786,-0.03522992420455064,0.0,0.0,-0.027004304144448953,-0.017228559509559118,-0.011705097830951597,0.0,-0.008590048851794322,0.0,-0.008174183444658726,-0.008183572263021759,0.0,0.0,0.06222017332526904,0.0,0.0029730797979569054,-0.040130058661747146,-0.009073899444854493,-0.0027336000593085447,1.1120451783542089e-10,-1.5076709472472843e-10,0.0009604794670055886,0.0,0.033342971558426235,-0.003698346102319158,-0.04612526193391275,0.0,-0.00678892643534461,0.0,0.0,-0.05979960152246825,-0.022457853781217077,0.021693114640080786,0.0,0.009694379024200193,0.0,0.0,0.0,-0.021333224061538016,-0.019370977184641838,0.0,0.0,0.0,0.0036095830220145633,0.011652685315592963,0.0,0.014039243246209183,0.008103325545292823,0.0,0.0,0.022275135807803142,0.015804389875644222,0.02170231293364663,0.001695927979420316,0.011283073282077788,0.006982225953420812,0.04340583833643294,0.0036860283699014554,0.0,0.028220069518576335,0.014882007633842202,-0.007498408459430872,0.0,0.0,0.0,0.015580761763360235,0.026236943013735973,0.0,0.0,0.03371828117639602,0.006044612802497519,0.03307777847588296,0.010021981639123748,0.0
2002-02-28,0.0,-0.020061604432233763,0.0,-0.019811450879255333,0.0,0.0,-0.0008314949733411571,-0.02979634178069828,0.000740584834878489,0.0,0.0,0.0,0.0,-9.610253066644324e-05,-0.00932625837250954,0.0,-0.011235845970429143,-0.009787481243119288,-0.004939552768936833,0.0,9.885621394658376e-11,0.0,0.0012770355154372323,-0.022449622079289546,-0.06158460692605863,0.0,-0.007562357936633144,0.0021913006000328834,-0.0370634611360915,0.013449978922379471,0.0,0.0024199525733845863,0.0,0.0,0.013004233083110456,0.0,0.0,0.03493751290532062,0.0,0.011761459098391817,-0.04836013490961113,-0.0010332103562854858,-7.801019820220063e-05,0.0032392576029422436,-0.004839265727834273,-0.003460268814395165,0.0,-0.024377868058595323,-0.01672299939769389,-2.030731805318798e-10,0.0,0.012013823328588323,0.0,0.0,0.0,0.006900013734868719,0.02534896872914688,0.01920696719650477,0.012859070664662265,0.0,0.0,0.015894204900596363,0.0031135652512645174,0.004477311443197345,0.0,0.0,0.0,0.0058106924515426836,0.0008286451359303315,0.0,0.0,0.001149042702834493,0.0,-0.025651516209620986,-0.011079696381559694,-0.006645672732075078,0.024110811851540202,0.0235082617030435,0.00520119059202105,-0.02870740610586826,-0.0008379716115866802,0.0032308545592675078,0.0,0.014038354666896237,-0.01133767787270964,-0.04561909235119057,0.0,0.0,0.0,0.12203908141800736,0.034827096351335504,0.0,0.0,0.025333597793632878,-0.01448522215522974,-0.022217805885206075,0.05708713029038498,0.0
2002-03-31,0.004603355661700789,-0.023009396238842846,-0.013085818731694685,-0.02248858167152754,-0.005016838949532889,0.0,0.0019465809990571214,-0.030339859022980968,-1.6881786300387307e-10,0.0,0.0,0.0,0.0,0.014842351240304912,-0.007044762138851269,0.0,-0.00536077865964188,-0.003464442276274616,-0.021898441550141225,0.0,0.044710456933641105,0.00969081030456605,0.0005765586269274096,0.0017885552370774137,-0.057644378557218934,0.0,0.0,0.01693901395962276,0.002144382472376096,0.0,0.0,0.0017752168111135431,0.0,-0.017936997314339165,3.385663085175304e-05,0.0,0.0,-0.01463178469733506,0.0,7.596081988755575e-11,0.0,-0.015875368462487965,-0.007628415326722803,0.0,-0.007638390398635996,-0.0023201511202058326,0.0,-0.022907526873983335,-0.004436946697658945,0.0153477487567556,0.0,0.018394636154198823,0.0,0.0,0.01421285377276231,0.03366035156347322,0.04400557040451512,0.05583247957913096,0.028969879067834086,0.0,0.0,0.01312343424209651,0.01634549748948895,0.015933438734925105,0.0,0.0,0.0,0.0,-0.019622356592544216,0.0,0.0005801230295460404,0.02316266485743162,0.0,0.0,-0.03622700884397006,-0.02907466554907237,0.0,0.006405458502693279,-0.012553973577618163,-0.022597608920744253,-0.023614079706139303,-0.02026716002314697,0.0,0.005190624843047203,0.0009681082439668953,-0.021987069610035822,0.0,0.0,0.0,0.023203103147440927,-0.003064828441704845,0.0,0.0,0.029441143460470758,-0.003991887760480515,-0.024270482117649688,0.05617174519702277,0.0
2002-04-30,0.007173010617302262,-0.007604784709011256,0.0,-0.006156263702998447,0.00015147027908447844,0.0,0.0038061357873207,-0.009287478720345022,0.0036008355723976438,0.0,0.0,0.0,0.0,0.04017104752026446,0.0,0.0,0.0,0.0,-0.02386723343937824,0.0,0.015265316741113134,0.011412673446893628,0.010280056239852186,0.004356564563160965,-0.016794659945334703,0.0,0.0017799707837649094,0.0,-9.438706279889326e-05,-0.037934119181351325,0.0,-0.04296153342611969,0.0,-0.048958668001836896,-0.02071405365198874,0.0,0.0,-0.05318245180979789,0.0,0.010130806289781568,0.0025076210976246924,-0.003532989873830451,0.0002528184672800712,0.0014339009374949583,7.20356371879248e-11,0.002136328009635897,0.0,-0.023080382530876745,0.0009209615335294716,0.06361776750724146,0.0,0.005370942483683357,0.0,0.0,0.031576990086081766,0.01941174877153944,0.02091314385278737,0.007090147352853675,0.033246523632826874,0.0,0.0,0.030919398183926344,0.02096993521665473,0.011945632517856592,0.0,0.0,0.0,-0.01359104095228121,-0.014182387254425841,0.0,-0.015863359298118454,-0.0034381015767100697,0.0,0.0,-0.015784852492507544,-0.007715772688843537,-0.018005760564207343,-1.8073830165025488e-10,-0.0018568941935501655,-0.0015344897933346193,-0.01746903341745757,-0.03134182331007517,0.0,-0.008843938932179482,0.003956035752035275,-0.010418988347291776,0.0,0.0,0.0,0.006371654624714243,-0.005552641206922992,0.0,0.0,0.0,-0.017884785047778004,-0.022347124687909593,0.1292305620592622,0.0
2002-05-31,-0.01382644806651738,-0.002869211353596378,-0.004925408601065826,0.01854486235115031,0.0,0.0,0.0021010744498960268,0.004726856584059238,0.018715856674801367,0.0,0.0,0.0,0.0,0.0024109513506743777,-0.0012285316061559194,0.0,0.0,-0.005378321897955808,-0.024176523307145762,0.0,-0.00475002984276576,-0.0043548015244413265,0.0,0.05314448787818018,-0.0008256436069891253,0.0,0.0274778445130207,1.0373255807226091e-10,0.0009176397721602095,-0.029044496093437826,0.0,-0.12289203083591063,0.0,0.0,-0.008803308727132145,0.0,0.0,-0.0345951490371332,0.0,-0.02399350769525181,-0.006005893090100455,0.0,0.01806840072773994,0.028129823893826542,0.013027623741674082,0.02974300767415556,0.0,0.0,0.036531245136596203,0.01583069783410361,0.0,0.03097885435121822,0.0,0.0,0.003546849333702914,0.039203945281299515,0.011594570018531508,0.0027629169111967867,0.019479033251141767,0.0,0.0,0.0038845989373459382,0.04768255474345436,-0.007899775782601866,0.0,0.0,0.0,0.0006331301344399257,0.012083774659822997,0.0,-0.02424916445829566,-0.0222262952455815,0.0,-0.025816571405562948,0.0,0.018976929248915215,-0.00543569371474451,0.011296204479502987,0.013960120206800514,-1.336360339582417e-10,0.005461300483786042,0.00908484527307027,0.0,-0.013016623898276932,-0.010445706396469915,-0.0021502321024814692,0.0,0.0,0.0,-0.00596733303604572,-0.014849512116957422,0.0,0.0,-0.017972054939737313,-0.0247751661401093,-0.02533859052486142,-0.012187974819038565,0.0
2002-06-30,-0.0175774777438559,-0.007828799055140636,-0.020032161053498917,0.0,0.000706633883388802,0.0,0.011206729348263226,-0.007311466981409445,-0.00543996240633909,0.0,0.0,0.0,0.0,-0.0017708911699953818,-0.009184395120259894,0.0,0.0,-0.015509034042475195,-0.03535200828080135,0.0,0.0010183684640965268,-0.008767525899022936,0.005303374310630698,0.03838648507567632,-0.01381597363790665,0.0,-0.0004351062525547564,0.020068251282545427,0.01853684997977829,-0.0005364302702117475,0.0,-0.11146172263873363,0.0,0.008275319133665509,-0.019877217834890538,0.0,0.0,-0.042926788160757255,0.0,-0.04204862289541617,0.010109878918151176,-0.010376741858818213,-1.4437081249151203e-10,0.009033146226713308,-0.005952318460879541,0.0,0.0,-0.011497017418118807,7.006422569912289e-11,0.012443160573518353,0.0,0.01895856656201068,0.0,0.0,0.011845251352313152,0.03575397745681823,0.0236636762394785,0.0331510420949451,0.10421409552571397,0.0,0.0,0.01128760820960176,0.04994119025457661,0.004390891100592262,0.0,0.0,0.0,0.0062827973998912465,0.003254410154364488,0.0,-0.012969395421765442,0.0,0.0,-0.01541392915609023,-0.0009753377284202481,0.013717956501787358,0.0,0.0037556526717673045,0.005588148393179936,0.0,0.022512493698709866,0.014237071502810986,0.0,-0.023055955241689328,-0.006614418416207365,0.0004255102205838871,0.0,0.0,0.0,-0.021069029102913892,-0.005751634152813242,0.0,0.0,0.0019314633943628247,0.0,-0.01335414573363094,-0.013094493721012417,0.0
2002-07-31,0.004514860267103009,0.010863981138651552,-0.0023656837682428525,-0.013238884677418081,0.024565637184708125,0.0,0.0,-0.016595263984442395,-0.0013101976686902153,0.0,0.0,0.0,0.0,0.018012306353711753,0.010507039137142397,0.0,0.030342246893432376,-0.02639494151370204,-0.0283564120718852,0.0,0.016757397120144717,0.0,0.035068964264261836,0.08051473125877022,-0.035220983045106936,0.0,0.0,0.05415543067633293,0.030163688613845243,0.01672174484389251,0.0,-0.022262727101775147,0.0,-0.002407533966017052,-0.03676194358142864,0.0,0.0,-1.1451533400840974e-10,0.0,-0.0812659342961662,-0.0030500008623859406,-0.028628042353604142,-0.018477978976923274,-0.006448512717303517,-0.024609041716348777,-0.014254455905871528,0.0,-0.023238961026209842,-0.016199345602903398,-0.004141145299601167,0.0,0.002683450093020221,0.0,0.0,0.01590676361579579,0.012981515747488443,0.0,0.0011471223622056515,-0.0015865932529793322,0.0,0.0,0.010820252250714608,0.022682833253051475,0.01185580103883517,0.0,0.0,0.0,0.0,0.005713822676146932,0.0,-0.003701337722040151,0.005009778587673178,0.0009442004368185482,-0.0011949346824917885,0.0,0.0010832670706518084,0.011561408419620429,-0.006490121094079706,-0.0027636960090786237,0.011597110108414516,-0.00510659679087352,0.00485468452656778,0.0,0.0,0.011065614857756688,0.027017726607682563,0.0,0.0,0.0,-0.059421466300525444,0.0,0.0,0.0,0.010886620466421882,-0.005154208756616662,1.2913763445377818e-10,-0.00935305514077311,0.0
2002-08-31,0.0007159989089545232,0.0,0.0,-0.009288393124098482,0.0007543566497742534,0.0,-0.0023786278274355653,-0.0025357125348271325,0.0036984248563740997,0.0,0.0,0.0,-0.0028732526309676863,0.030569479392194298,0.009235421051564262,0.0,0.007046675877830075,-0.01305936673850844,0.015079598016651171,0.0,0.0,-0.0023534903823790834,0.012943988054265276,0.020201262529757118,-0.024380499699981188,0.0,0.006737560530071455,0.016278307772491323,0.009373686622047364,0.011820950450007566,0.0,0.02664352910320983,0.0,0.00401249897531867,-0.04161873224787539,0.0,0.0,0.0648379945358004,0.0,-0.05249196450240396,-0.0031771574591089274,-0.011951740903103887,-0.018936980160323972,-0.015760790962997435,-0.2,-0.017985235129789515,0.0,0.030551885381863264,-0.016958589932232034,-0.0010170798665114016,0.0,0.0,0.0,0.0,0.02129631817416005,0.011233420306721876,0.0,0.0,-7.679290089491207e-11,0.0,0.0,0.014066378901823271,0.012997837865379511,0.01714760291364378,0.0,0.0,0.0,-0.000701393976592547,0.057691065409087874,0.0,-0.004872499731571929,0.05530447604320584,-0.0002403702051763128,-0.003937714269626925,-0.0021330178884766955,-0.0007897186189093047,0.0023330760153482477,0.013520174387106019,-0.004009381622302181,0.0,-0.0033296225671682173,0.01438024082725862,0.0,2.943941430960333e-10,0.0,0.004564504328559953,0.0,0.0,0.0,-0.033747018706503096,-0.000755215748797749,0.0,0.0,0.004963285825135942,-0.00433696213293431,0.0,-0.004379470352603693,0.0
2002-09-30,-0.015600082319275519,-0.004600909244534044,-0.004024841442153475,-0.009224002299484224,0.013015809926819452,0.0,0.006582525527177945,0.006665482775770204,0.003057682789192375,0.0,0.0,0.0,0.0,0.00212129982905883,0.017912740984861168,0.0,-1.4175302500290127e-10,0.0,0.04668408235935675,0.0,-0.010156561685763035,-0.0052128734615209515,-0.010020846545724486,0.0,-0.004733026229563957,0.0,-0.0005340467073960234,0.0008946068840994417,0.0,0.014550845722392534,0.0,0.054630396425356866,0.0,-0.011188995099436022,-0.062358124891657,0.0,0.0,0.02610683989034451,0.0,-0.003472225852854494,0.008341503201417562,-0.008370306250834224,0.0,-0.018736696568800854,0.022642034336120734,-0.003342892345222677,0.0,0.019868678338491996,0.0031668678993019583,0.03008769003778516,0.0,0.018179416293796418,0.0,0.0,0.02738269703373541,0.00022079303773391677,0.0034834533936887267,0.024450673637552676,0.02563301814547283,0.0,0.0,0.008082285858672055,2.8780724306042296e-10,0.03568466102808304,0.0,0.0,0.0,0.0,-0.005336154751976275,0.0,0.0,0.03775363052376943,0.0,-0.036569222164573034,-0.008556258323919475,0.0022361981009755643,-0.04026618704970418,-0.009915812346147104,-0.016967067624747183,-0.027388560781847753,-0.02186749576535973,-0.003053156184187247,0.0,0.009812450831114691,0.0,-0.001495431606982869,0.0,0.0,0.0,0.0061947634673823315,0.024556871432668197,0.0,0.0,-0.059281967949391515,-0.03635780533482561,-0.05548390700770681,-0.0058845420226571726,0.0
2002-10-31,-0.03466511475841485,-0.0014894665457899712,-0.008157124679600818,0.00999723039157717,0.010996797768143173,0.0,0.022429269909562597,0.007229856276409616,0.03093165720860964,0.0,0.0,0.0,0.02152739494096257,0.0,0.0052512694700156464,0.0,0.014937619945038285,-1.41590808916303e-10,0.003987569060426233,0.0,-0.007784924267387195,-0.013873209421153868,-0.020812590515918113,-0.005212576994982443,-0.0019108310098479968,0.0,0.0034273279002000412,0.0032967349420047793,0.007699301638901807,2.1281595030891098e-10,0.0,0.0,0.0,-0.006049408939207279,-0.03465530682583644,0.0,0.0,0.027752419868450076,0.0,-0.01382143146040136,0.0,0.012328005758154272,0.01695599088323026,-0.016188812191119447,0.006289902293825646,0.011958323029592119,0.0,-0.013100340154529412,0.013017683858560208,0.019831444429068427,0.0,0.03181311665779379,0.0,0.0,0.05397184544609411,0.026035311240367433,0.03231953665548537,0.03705531623021876,0.04018813316639411,0.0,0.0,0.0,0.00954521811953485,0.003280242691903799,0.0,0.0,0.0,-0.0034908958801874385,-0.005558714701222312,0.0,-0.009100217014931675,-0.003126137159479657,-0.002314288550345975,-0.04145342940360612,-0.0011295258183430207,0.0,-0.05573463311736893,-0.0073823738137348705,-0.012140008304085317,-0.03218896957958518,-0.014162617525616289,-0.014190648260883733,0.0,0.0,0.0,0.0,0.0,0.0,0.0,0.0047341140944295946,0.011211365912229564,0.0,0.0,-0.04157049514663182,-0.04501532939393845,-0.03372057842425923,0.0,0.0
2002-11-30,0.0,-0.017010826745052107,-0.0004964042255358951,0.043637579020989935,0.0,0.0,0.029309959665431245,0.00038612483899451086,0.00324219401958052,0.0,0.0,0.0,0.0031645728070694005,-0.02079844195120645,-0.0139049908600622,0.0,-1.5051039600849445e-10,0.0,-0.003875506995559134,0.0,0.0,-0.02130294286830844,-0.0020349512883467064,-0.02063418623148702,-0.020586462548757144,0.0,4.61431059361628e-05,0.0009236275202785856,-0.004387359952741524,0.0,0.0,-0.010063463583858871,0.0,0.00485108092931468,0.01126071536660421,0.0,0.0,0.033490160345572575,0.0,-0.0027373193926597266,0.01188867369201089,0.04477956680023185,0.05166714524015702,0.007383468769252094,0.01573375255331217,0.04948298576717106,0.0,-0.02075627932311952,0.025976009656538006,-0.0034995275503326034,0.0,0.0,0.0,0.0,0.021266543734728242,-0.0004709735464442968,0.017991217947805047,0.0005853949421614443,1.6319038998162042e-10,0.0,0.0,-0.009875615685778813,0.0,-0.005229297972280759,0.0,0.0,0.0,-0.019351102203632377,0.019560989265614944,0.01854778893647546,0.010132454064279003,0.02062655260319642,0.009618514056036654,0.0,-0.019251378593743138,-0.017977393933905322,-0.0024326232414927174,0.012601564711829502,-0.04233422093487245,-0.037822174728949914,-0.021624648125856433,0.0,0.0,0.001691222695185981,0.0,-0.01797844578107713,0.0,0.0,0.0,0.01495499192907394,-0.0035605219634629705,0.0,0.0,-0.009553863524716332,-0.07357569299115407,-0.05687338310509556,0.015199004851978044,0.0
2002-12-31,0.005196988300575012,-0.009266007123608708,0.0,0.022035973256446347,-0.014148945632809991,0.0,-0.011918122869387966,0.014047715615646217,-0.01647251312506745,0.0,0.0,0.0,-0.026876989889118397,-0.043437481350447345,-0.0228879749963916,0.0,-0.008629824196576806,0.0002702350603383837,0.0019204248116153103,0.0,0.0013370996195237685,-0.005473024467948877,-0.0019209635192491779,-0.012618042560627657,0.0,0.0,0.0,0.0005143995662687198,-0.06225669743556866,-0.003204041242340307,0.0,-0.024040642504947123,0.0,-0.020461415902501882,0.0,0.0,0.0,0.024362447541720223,0.0,0.00914708498376236,0.03096489810481394,0.02273239453941304,0.06696328341565799,0.012062731225665601,0.0011384538759758233,0.01906523483911892,0.0,0.005924477286650096,0.021139302649964827,-0.051384202458333916,0.0,-0.025798850609500427,0.0,0.0,-0.010535661996912169,-0.017508213689001288,-0.004785357683515036,-0.019446488681809357,-0.02001400720397505,0.0,0.0,-0.027302243863050784,1.741790779722457e-10,-0.008865013479135138,0.0,0.0,0.0,0.0,0.09972374368698116,0.0010938815877510894,0.023280256614824597,0.034658630868293176,0.013647293627335433,0.011284749062030891,0.0,-0.020411496935885988,0.010014470272638186,0.013379411769619313,-5.9116584456620085e-05,-0.0025817364944698083,-0.0011370376647503204,0.0,0.0,0.014452099486096692,0.0,0.0023964953874979805,0.0,0.0,0.0,0.0,0.0,0.0,0.0,0.005515055252967746,-1.0854885277799241e-10,-0.006557885730063351,0.011730767516628104,0.0
2003-01-31,0.012939133028232004,-0.021403349217241418,-0.013655592909012337,0.04190676710686857,-0.008692630247359567,0.0,-0.033977331162522925,0.08555192954666771,-0.0001076944241046332,0.0,0.0,0.0,-0.0018292162572145904,-0.0029263922117569383,-0.0007364941551771586,0.0,0.0,0.003547232782023183,0.030187432781417226,0.0,0.0,0.012549760111371147,0.0,0.0085153452021479,0.006435563605141073,0.0,0.01825108005871533,0.030821883990747517,-0.1717521621933469,0.0087737597029098,0.0,-0.0031233280222341536,0.0,1.3492622800336816e-05,-0.00839792724521008,0.0,0.0,0.01893996824908199,0.0,-0.00032440402734707814,-0.0011261028986589577,0.005346889491464948,0.0036154054540109538,0.05139653641193802,-0.014895972563202804,-0.001681992267223282,0.0,0.0,-0.008706708744930146,0.0,0.0,-1.6991548513409543e-10,0.0,0.0,0.004613545985291591,0.006032296294017282,0.021871820249428586,2.2807052274689437e-05,2.4565498605778146e-10,0.0,0.0,0.005665843719169611,0.024800265619423438,0.017434387008690277,0.0,0.0,0.0,0.0217763113516033,0.011444479116299429,-0.015034930142909431,0.0,0.0183179083185391,0.02856541569863751,-0.00820238454100793,0.0,-0.01570551485548323,-0.01396416546943336,-0.0232560104774945,-0.013118897817769266,-0.0010631883855565093,-0.027618309217915655,-0.021176333664221395,0.0,0.00011418064447436795,-0.02424787753651718,0.0,0.0,0.0,0.0,-0.02560877843319835,-0.015115368071254189,0.0,0.0,0.0,0.0005485585509582364,0.0,-0.0025509426707806247,0.0
2003-02-28,-0.007263704764668764,-0.038668874291730326,0.0,0.0,0.015364501915018834,0.0,-1.8133767602585337e-10,0.0,0.0308311213568029,0.0,0.0,0.0,0.009892402036771587,0.017489546230515955,0.03999000041338672,0.0,0.036562874648559694,0.011744740001469547,0.025398075286195615,0.0,-0.01558160065451489,0.0,0.0,0.0,0.003937504155975457,0.0,-0.022080058865366233,0.032744169421972925,0.0,0.02255511002995068,0.0,0.007342273811874056,0.0,0.029777977660029785,0.0,0.0,0.0,-0.0015353868841310049,0.0,-0.02111913172548127,-0.006060919106473031,-0.01063623020793758,-0.016784408099639672,0.0,-0.02102141172197313,0.024635919867698846,0.0,-0.00973570922796722,0.012167508661061565,0.010356019353396504,0.0,0.0086123191383201,0.0,0.0,0.020305081800681423,0.011066829503059204,0.020313689700262774,0.00438799577473793,0.0055928327072259304,0.0,0.0,0.011666969806522988,1.232903949701124e-10,0.006247438468992135,0.0,0.0,0.0,0.01780216507494383,0.014409435185590088,0.015009957504419141,-0.013360499971466776,-0.012730338502176336,0.0,-0.02138894494143759,-0.013259537650627325,-0.001979602681970199,-0.01642345738744579,-0.004540905726526971,-0.027085894262562412,-0.012550790767425343,-0.037345983464435226,0.006219477452294297,0.0,-0.015007894690900145,-0.05746321751851289,-0.005796006774107118,0.0,0.0,0.0,-0.039430046790868,-0.020418581980873544,0.0,0.0,-0.008673054179687768,-0.012321605502785297,-0.009736201474970464,0.027576062908979116,0.0
2003-03-31,-0.008537561109110242,-0.007923766579469523,0.010451240682386781,0.00425516653649208,0.09430356313990403,0.0,0.00750435892508359,-0.0003459122521931272,0.03657987214980844,0.0,0.0,0.0,0.004444896909387065,0.025723517467875507,0.07021651370251443,0.0,0.02244053292509992,-0.004454035790838755,0.060326084145444575,0.0,-0.02228104938136764,-0.008880118305778343,-0.007800456285393973,-0.0025456505196834824,0.025773284536618972,0.0,-0.010435154212702835,0.010654718899539478,0.01411871211818099,0.0022505554486354573,0.0,0.007538936578601834,0.0,0.005925668569910835,0.0023393823032268174,0.0,0.0,0.0013374328443655648,0.0,0.0,0.0045796581565484456,-0.0032210444794992794,0.001600532043031833,-0.00018566780464851585,0.0,0.01677699820025541,0.0,-0.022300468283672083,0.020094031390141393,0.0,0.0,0.0,0.0,0.0,-0.0017514289916585584,0.0,0.0,-0.0024453618404158047,-9.351035747053713e-11,0.0,0.0,-0.0014165622972750287,-0.004784281603182061,-0.0043492850235340936,0.0,0.0,0.0,6.771010438126653e-11,0.009688563682692782,0.011800031432986297,0.0009070676004046441,0.0,0.0,-0.005350468264514768,-0.012260078680803643,0.008972272018972802,0.0,0.0,-0.06607952701677686,-0.0016955745523687573,-0.04218045518932337,0.0166118194677858,0.0,-0.037306888849240195,-0.03886762140624564,-0.030714840830898503,0.0,0.0,0.0,-0.0290506644254258,-0.02751201698347085,0.0,0.0,0.001982447711783038,-0.028205273265122344,-0.06711878568187547,0.0008021403446111748,0.0
2003-04-30,0.005594291754468492,0.002032840828876235,0.019285225558338403,6.480306584705977e-11,0.024170062339408552,0.0,0.008083983399825379,0.001476300822387259,0.002549099034550027,0.0,0.0,0.0,0.005277771149165147,0.008531585092606963,0.00013768737918697373,0.0,0.014611617508708045,0.0001520185555347511,0.0711439071882973,0.0,-0.0016708336048515324,0.0,-0.03589893062824574,-0.00037885386946646975,0.1702622489368491,0.0,0.0031917351586227575,0.0,0.04340618927629188,0.004185119519907652,0.0,0.017096754868368563,0.0,-0.002081502632652488,0.01053793543241253,0.0,0.0,0.011981410942621278,0.0,0.0,0.016174624472891683,0.0,0.00511375874784008,0.0,0.0,0.004453808132664298,0.0,-0.012261995193032353,0.012761787627359312,-0.016343565114177033,0.0,-0.026232565547387766,0.0,0.0,-0.009876083101994835,-0.009590805165196272,-0.010072124161103447,-0.027453993554181853,-0.01081191837047357,0.0,0.0,-0.012133753420632925,-0.2,-0.024785688523997474,0.0,0.0,0.0,-0.0030029051668939225,-0.0029394718638408477,-0.002319007641035733,0.0004929604352276624,0.002307948800348467,-0.0006435302660352206,0.0,-5.133160925064094e-11,-0.004044672886585077,-0.0018375510973355834,-0.004708408516801878,-0.030639997751286865,-0.001837429820927191,-0.009953652994969581,0.024711512284802034,0.0,0.0013378699542315237,0.0,-0.003285690470652587,0.0,0.0,0.0,-0.0059735874232073926,0.0,0.0,0.0,0.0,-0.021898211693923964,-0.007323269467778792,0.00893794473340466,0.0
2003-05-31,0.019721893604916226,-0.009388151263497308,0.0,-0.013207184073944696,0.001311034646228814,0.0,-0.00356586413959922,0.0069570410437204844,-0.012228935012523938,0.0,0.0,0.0,0.0,-0.00342431084242199,-0.012685964019619057,0.0,-0.006108136885469241,0.018186890033866688,0.11015036438554221,0.0,0.00742840595384172,0.00454797969723028,0.0,0.005946341706221903,0.034472566592090644,0.0,0.02825533726979037,0.011998405454376686,0.03700922337860664,0.018454134384554958,0.0,0.030612502172748232,0.0,0.008326749230783715,-0.003993080951011791,0.0,0.0,0.012681566646159888,0.0,0.0,0.016113489244166983,-0.019026453320889637,-0.007344346747609418,-0.015564044156587067,-0.006746681285827775,-9.476943986271056e-11,0.0,0.0,-0.0019133801595219292,-0.0016476446948305264,0.0,-0.02369613550454201,0.0,0.0,-0.008065576048072178,-0.017981406173909954,-0.16027931787792302,-0.06835770880094916,-0.02212749661075683,0.0,0.0,-0.0023645918382317393,-0.000651867568687639,-0.022522299756833376,0.0,0.0,0.0,8.576755873581182e-11,0.0,-0.02884161734944534,-0.0047764587278376555,-0.0013772147303503168,-0.001987330309585973,0.0056454033095466125,0.001430924804958963,-0.018871259331296686,-0.0012555417234551016,0.0,0.0,0.0019445073950884102,0.005554184145988435,0.05789211904673032,0.0,0.014241498210289999,0.010731012623949734,0.011499258297061164,0.0,0.0,0.0,0.004398013829362352,0.0,0.0,0.0,0.0,0.004151234472561772,0.007056353688171324,0.003281564645676903,0.0
2003-06-30,0.010178139978668538,-0.0040868640160918335,-0.02045524113284668,-0.011235822259731899,0.0,0.0,-0.0036524297443062707,0.0032132554281744997,-0.014060647606317691,0.0,0.0,0.0,0.0004800565997001247,-0.00128666790961395,-0.014805710439205318,0.0,-0.015087423350776568,0.008384882056044438,0.07062993625511706,0.0,0.011808588493268539,0.0,0.0009379273202934493,0.0020367629017800136,0.019098219749998292,0.0,0.06915328984689824,0.01892123677277325,0.007366736739385467,0.028022275134047925,0.0,0.0,0.0,0.00516059500788981,-0.04047433778462086,0.0,0.0,-0.022329844437592672,0.0,0.0022522569916438285,0.01364696078531606,-0.010944685983250707,-0.011694686843772688,-0.0025707909701486184,0.0,0.00027909101135431395,0.0,0.0,-0.00037007234470143145,0.0,0.0,-0.03812821841343706,0.0,0.0,-0.00019819918394508196,-0.007926333555686038,-0.0338955380943687,-0.018793813852409032,-0.014656195931784181,0.0,0.0,-1.636693852746132e-10,0.0,-0.056934593298195287,0.0,0.0,0.0,1.180874902873954e-10,-0.0005775214100805302,-0.020051348746482865,-0.005156183900686134,0.0,0.0,0.0034277352049063565,0.003789538380679521,-0.07273476608630913,0.0005220372468938052,0.000826326928518936,0.0045722355551773885,0.005393467939460699,0.023361794565925676,0.1375968941902475,0.0,0.010625730985231964,0.0,-0.001135047033848425,0.0,0.0,0.0,0.0236208318363177,-0.04215532567213556,0.0,0.0,-0.0007652396838089855,0.002315690684115185,0.012377505292083894,-0.013836450150176384,0.0
2003-07-31,-0.006755454841434023,0.00036099715996369463,-1.617972505649535e-10,-0.005688439746890612,0.0,0.0,0.003855507590933245,0.008193477137778012,-0.0036403668760731883,0.0,0.0,0.0,0.017851448706822034,0.0038441000109225862,0.0,0.0,0.0006723687394106613,-0.01325318713229324,0.02390214702252301,0.0,0.010638087797941748,1.1062565670449962e-10,0.01025455652868792,0.0,-0.014422934178695756,0.0,-0.0128673741362137,0.004653160238927943,0.013482001831951938,0.05616518103988033,0.0,-0.024027022626270017,0.0,0.0067293074327721535,-0.024870612817312798,0.0,0.0,-0.035236189093253704,0.0,0.0,-0.005090489413009251,0.0,-0.017122909928442002,-0.008155027459671909,-0.006237498056835067,-0.02585301266375338,0.0,-0.02115141630127356,-0.021768435018409027,0.041194968738981715,0.0,-0.008867933764218842,0.0,0.0,0.012462507313700721,-0.004660156877207348,0.0,0.0,0.008092986569894026,0.0,0.0,0.05248778885668914,0.0042726890909050505,-0.01323704301331827,0.0,0.0,0.0,0.01676247550805179,-0.0270852964620818,0.005361742695593287,-0.023491334016536813,0.02331304063047188,-0.0008269058592167461,-0.00033308359432981157,0.0,-0.023534526619489023,0.011644754274740488,0.016025843497938466,0.0606196931524157,0.0,0.0017554572102856942,-0.019201435147915724,0.0,0.007840841484322349,-0.03421727548071847,-0.02844892154847559,0.0,0.0,0.0,0.05523867037081138,-0.06185814655759096,0.0,0.0,0.015166518539556305,-0.008097570607272142,0.0,0.007157680716501063,0.0
2003-08-31,-0.018856447774812393,0.0,-0.011056112206293173,-0.02105978689682843,-0.007991728839929121,0.0,-0.020868738540457205,-0.01917127449221184,-0.014440307660436373,0.0,0.0,0.0,-0.013210233775928079,-0.005553262310601742,-0.004052115079622211,0.0,0.0,0.1036461518672329,0.0,0.0,-0.008573311081686293,-0.004464371290094142,-0.0009724526848844673,0.0,-0.029203064542761236,0.0,0.0,0.0,5.527158676203416e-11,0.007953744716547185,0.0,-0.008685677737928018,0.0,0.007223402836019713,-0.026907572334470962,0.0,0.0,-0.02344253537557985,0.0,-0.01580133178795657,-0.019685086108276174,-0.00993775937327838,-0.03556871955698522,-2.4016003492705764e-10,-0.02146186122261677,-0.04386231963644751,0.0,-0.020362912815186863,-0.03408994264923135,0.1317617522728095,0.0,0.00614375664813271,0.0,0.0,0.00042574277559105753,-0.017063012884275537,0.016762202796665383,-0.007776269746237248,0.0001792540161330441,0.0,0.0,0.012311341503979754,0.00838919790228421,0.007523950501321777,0.0,0.0,0.0,0.009277422911102205,0.0,0.03060174661500046,0.0003563897986547049,0.010499371295279796,0.005564283681789869,0.022143453873489122,0.006404756320577523,0.005353222792860957,0.0,0.013190509279662359,0.026643269974481423,0.006937404329553669,0.0,-0.010684312733954603,0.0,0.008700068831887738,0.0009629998355414894,0.00323458627635787,0.0,0.0,0.0,0.01386738036173193,-0.025197478620868234,0.0,0.0,0.020568250961024687,0.010655900460601421,0.0027184845084139925,0.0,0.0
2003-09-30,0.0,0.0,-0.009845007491175829,-0.016229114054765036,-0.008076152084121577,0.0,-0.024968114979001352,-0.02392273528218494,-0.005633376993978851,0.0,0.0,0.0,-0.02404054425732355,-0.02925742024932766,-0.022987704703016115,0.0,-0.00522002128412765,0.009531609991465217,-0.03136478953819146,0.0,-0.027871257319965932,-0.015004230083504292,-0.011910410897738002,0.0,-0.010391632859809414,0.0,0.0,0.005749592112839033,0.0023996644827949374,-0.0014116589555803092,0.0,-0.020677259245806344,0.0,-0.005956559812059268,0.0,0.0,0.0,-0.049906729444893036,0.0,-0.00914078023045825,-0.006046169151305972,-0.019320060940877168,-0.03709514170867627,0.0008168749404404567,-0.01857207038130332,-0.03128733080135754,0.0,0.0,-0.01724297265683096,0.08663402499563144,0.0,0.005047061795954582,0.0,0.0,0.019522605203048153,-1.8757867399595753e-10,0.008887669498295428,-0.008668254660193676,0.0,0.016264954132176147,0.0,0.018241016560336953,0.011032193566787606,0.016209169078697693,0.0,0.0,0.0,0.09501546680732532,0.002739071708589131,0.026758179906863973,0.003732338414250906,0.014904972097679145,0.007608173707953427,0.013059390953860233,0.0021644831636508147,0.01395832944845211,0.008205668709855028,0.01943263736791486,0.01232590635442944,0.012728753027696053,0.0,0.0,0.0,0.0,0.00028550958560328785,0.0,0.0,0.0,0.0,0.01351511463123484,-0.001994733507861689,0.0,0.0,0.04425404359437989,0.008975524107143619,5.4650372687656525e-11,-0.005957766236985841,0.0
2003-10-31,0.0,-0.0088375346229325,0.0,0.0,0.007441894754859914,0.0,-0.005956826225727993,0.0,0.0029529407751175416,0.0,0.0,0.0,0.0,0.003687194459132464,0.0,0.0,0.007199896410621437,0.018891524532377815,0.0,0.0,-0.0017438287851224614,0.004824050560034234,0.0,-0.011088609091888108,0.003234143410084256,0.0,-0.02224910614308239,0.008953673778087827,-0.005718137411363267,0.006265073988349437,0.0,0.005955666880945215,0.0,-0.024256614160970108,0.0,0.0,0.0,-0.03978941546655134,0.0,0.0,0.0034957221616123374,-0.022846759181436773,-0.01218567394277118,-0.020505711062426574,-0.013408057667700117,-0.012987652343898126,0.0,-0.024488832246566863,-0.0022602128934325776,0.0022939654564888886,0.0,-0.0059441593021704675,0.0,0.0,-0.029963143345346794,0.002854088306899935,0.006420296358883955,0.004029866016390181,0.010597524490655498,0.13785261257187195,0.0,-2.1264600329863568e-10,-0.015064066511278498,0.005269622327585847,0.0,0.0,0.0,0.12611678063625312,0.010637463790389877,0.05730729350902161,6.539217536784308e-11,0.002107401471740926,0.020031035228198733,-0.02223129280849744,0.00340584975698212,0.005216637788630024,-0.027788585771385946,-0.0076902196701182715,-0.012795744268744653,0.008413476505810187,-0.029714560956504366,0.011128241351289418,0.0,-0.02440489870956454,-0.016098539319026703,-0.023890175542729774,0.0,0.0,0.0,0.00939137807120354,-0.026687736636948664,0.0,0.0,0.0,-0.010179738632825666,-0.019224167066341835,0.004024684585089602,0.0
2003-11-30,-0.017147523657451733,0.0,0.0,-0.008576157386059774,0.003543201921107814,0.0,-0.019955771618531765,-0.021424945721646615,-0.003771966002905021,0.0,0.0,0.0,-0.025167094590390456,0.03953095916129601,0.0073724020673568294,0.0,0.03680025282242926,0.007882264908569308,0.01319639363215945,0.0,-0.015256489795187721,0.027592736337575467,-1.6641152867461832e-10,0.006339191004208168,0.0,0.0,-0.038130236463435586,0.019547551232120826,9.173204040797798e-11,0.0,0.0,-0.011315789618673532,0.0,-0.021733013055674117,0.0009244265211965717,0.0,0.0,-0.003076117882226011,0.0,-0.018601682488202938,-0.009299501477866184,-0.034911454749390294,-0.012823936473973894,-0.03935494204906395,-0.022406154030619706,-0.014534629132429798,0.0,-0.02317540593825004,-0.01717305723083708,0.007166624178865735,0.0,-0.028466365844833606,0.0,0.0,-0.01930700076911435,0.0017843533036030258,-0.0012536332366957963,0.0014347630323849549,0.0009007217061716101,0.028407102637025252,0.0,-0.007123996448174108,-0.016274583684277973,-0.0013726640091063348,0.0,0.0,0.0,0.06441883756829664,0.03438400443212657,0.02778055051790976,0.006604165867189939,0.007541482656384716,0.08167032596937861,0.0,0.018059201089946797,0.0,0.0,0.0007050366460731901,0.0036172580789194516,0.015754487250456993,-0.00405052322372415,0.010704442559751103,0.0,0.0012563277340547024,-0.0255791661387388,0.0,0.0,0.0,0.0,0.013410160637455325,-0.018736197116107165,0.0,0.0,0.0,0.0,0.0,0.011670774434253855,0.0
2003-12-31,-0.022896076817107546,0.0006108134677505455,-0.003536855589861583,-0.01324162537620879,7.608808979459995e-11,0.0,-0.012274683656225235,-0.011437577263549471,0.005932096538937418,0.0,0.0,0.0,-0.017389108652918216,0.029748622956820448,0.00821548387352429,0.0,0.003120709978708491,0.01736485984294296,0.0027544164558172147,0.0,-0.0036210223628826317,0.01737500602925876,0.003156085912324938,0.01061545252476758,-0.020119575021877525,0.0,-0.02564842678215549,0.03162020234835757,0.0034193145164164514,-0.020775574749199034,0.0,-0.009143876975397904,0.0,-0.0039038229975833466,0.0,0.0,0.0,0.00181570261385345,0.0,-0.047672242627650956,-0.050660430011538124,-0.02352097254218418,-0.006342323804065494,-0.020519435342673573,-0.035269738167565116,-0.008330194195658868,0.0,-0.018479445173828563,-0.0206010588521206,0.011631332523488934,0.0,-0.02382382946815884,0.0,0.0,-0.007800043746875789,0.010214144788727704,0.0009530336673975915,0.053587805977619876,-0.02856940212937703,0.0,0.0,0.0018415208279833806,0.0,0.004916008073601746,0.0,0.0,0.0,0.05210138487719682,0.17980095739606863,-0.004388563567131974,0.0,0.0,-0.006784218508773801,0.0,0.0005840995295346151,0.010892758436517188,0.0,0.0021652109827555973,0.0,0.004763043266209735,0.0,0.0,0.0,0.0012540912556122325,-0.001781962390856723,-1.3691677202357506e-10,0.0,0.0,0.0,0.014012308489586938,-0.0066142087568835245,0.0,0.0,-0.024853704332773265,0.0,0.0006285146225777491,0.014905018149553154,0.0
2004-01-31,-0.0005035236198678598,0.002630105085292839,0.0,-2.3464218840817287e-10,0.002722815300366837,0.0,0.0,0.0025483287573328326,0.0028169030249726775,0.0,0.0,0.0,0.0,0.011298503357431733,0.025863517798212776,0.0,0.00020127216919619761,0.007028345983118182,-0.013013171947323576,0.0,0.0,0.0,0.005593696378826263,0.027300855032159344,-0.049252184882554444,0.0,-0.0017924153628049108,-0.005267603432469289,-0.008332312719543085,-0.006105796622666939,0.0,0.003060390148948719,0.0,0.0323190289469892,0.0,0.0,0.0,0.012018099777680832,0.0,-0.00265299821719784,-0.009681095507862237,0.0,8.591154794411546e-11,0.0,-0.028600487700163876,0.0,0.0,-0.018818874999202442,-0.0070121524544591975,0.0,0.0,-0.015176510786714874,0.0,0.0,-0.034754468442946516,-0.045558827214126775,-0.004932576339945691,0.03541563136642859,-0.058056921589918195,-0.04381606957890401,0.0,0.012945872041275504,0.025516835806127715,0.008001139276900963,0.0,0.0,0.0,-0.02027667091013192,0.09994538074577598,-0.009797975101897876,-0.0031565777088028786,-0.0038577293930106473,-0.0048523474730099705,0.0028143567552324075,-0.026060021675042337,0.05849848362172886,-0.03382530709102752,0.008096529721838537,-0.01151224151505685,0.0,0.0036224164889749316,0.015390716528181626,0.0,0.00030275125548244865,0.010235916863507806,-0.008107899337515462,0.0,0.0,0.0,0.0337697711787648,0.0018740045380475196,0.0,0.0,-0.02270761595065635,-0.0025176221905342413,0.012383227334872854,0.03578510463041951,0.0
2004-02-29,0.0015413870579417445,0.004573149653075279,0.003791234910744263,0.0,0.02089992268719288,0.0,0.0008671142531629596,0.03324024714490361,-0.0023432927093265162,0.0,0.0,0.0,0.0,0.0,0.010214822220305396,0.0,0.0,0.007579061877910075,0.00948075783713566,0.0,-0.008314565968383359,0.0,-1.5112264517402116e-10,0.0,0.0,0.0,0.01423076404987824,-0.026555346486815963,-0.02995196009257943,0.02013941072583078,0.0,-0.008237291017920619,0.0,0.0,0.026648504106905318,0.0,0.0,0.008493375948966148,0.0,0.026665856177086198,0.022307611503875096,0.03906184553018072,0.032449400782891276,0.07677808112346879,0.0021823171970911095,0.01634418992969241,0.0,0.008262665831392938,0.01618718980401576,-0.031168692328239017,0.0,0.008345774021108126,0.0,0.0,-0.041163199239835434,-0.044121612819325556,-0.027084104575080217,-0.024237006211678014,-0.03385661117126646,-0.04353288697959269,0.0,-0.004004943492775885,-0.01378352056692774,-0.011851492233659104,0.0,0.0,0.0,-0.032938438791357945,-0.003586727182980886,-0.0030598328678968483,0.0,-0.007854986381814083,0.0,-0.00983368038914299,0.023345756952491838,-0.005633284649776011,-0.005400107396319989,1.317776196812962e-10,-0.016387823600062815,0.022626302184271252,-0.009818541952886044,-0.008782678925627936,0.0,-0.016706685054112387,-0.006379313238703623,0.005704104968821658,0.0,0.0,0.0,0.007469709708935682,0.024236520535616996,0.0,0.0,-0.0013703248566488623,0.006332921143330055,0.0,-0.022041048668140894,0.0
2004-03-31,0.0,0.0,0.0007043228784146877,-0.012372347257923607,0.00018442113367484896,0.0,-0.004040782719685845,0.00032120718307207654,0.0,0.0,0.0,0.0,0.005866783543710885,0.0013666660818203026,0.0,0.0,0.0,3.3201265905612195e-05,0.0,0.0,-0.010268451948123392,-0.0010759456899223634,-0.003485283720045635,0.0006808416153697542,-0.013545657291776418,0.0,0.0,-0.024578149137742297,-0.02161616192356156,0.001895827268593172,0.0,-0.0222484366141163,0.0,-0.002768197513997269,0.042032798429767836,0.0,0.0,0.017070469897765467,0.0,0.01471697087792257,0.022584567234289976,0.047246675961319935,0.2,0.03344459734153994,0.0017273796454660383,0.006840494620989881,0.0,0.0,0.023293602154414603,-0.023124608240762234,0.0,0.024267574341506584,0.0,0.0,-0.039720819866263156,-0.06459735186970926,-0.015219677853254789,-0.0358351865004275,-0.043640308964379856,-0.03220977245772494,0.0,0.008540084557953343,-0.016232268757846623,0.0036831693547757123,0.0,0.0,0.0,-1.9457111346937715e-10,-0.021037953079777173,0.0,-0.005286337032460815,0.0,-0.0032860795727829633,-0.0037134431104383437,0.015741532356769432,5.664247749381846e-11,0.007179168617227307,0.00016575837738064947,-0.009939331158684749,0.013271796160981654,-0.003991157073059221,-0.006090911053907924,0.0,-0.015549137878053348,-0.02156053069979406,0.0011893458036631712,0.0,0.0,0.0,0.004343124237899799,0.0007524750808363599,0.0,0.0,0.0,-0.0023808801338357855,0.0008551439203259626,-0.0205848306853715,0.0
2004-04-30,0.0,1.4423335698954567e-10,0.02051100864970242,-0.008383927354010959,0.019079436779391383,0.0,0.005332354292643132,-0.016507580564365323,0.009941569457778673,0.0,0.0,0.0,0.004657302787456844,0.007351076880913374,0.034341299788660136,0.0,-2.63025126168262e-10,0.033278679497167,0.03429574869225019,0.0,-0.01902112120850868,0.010010850329830326,0.0,0.011880345252211478,-0.048375411151815935,0.0,-0.026018267443500363,0.0005314773418327946,0.0,0.0,0.0,-0.012071080996295296,0.0,0.009731924091660609,0.0065894437683858996,0.0,0.0,0.03558909290005573,0.0,-0.0012091099896791241,-0.017381862426426312,-0.0031778318499992705,0.0,0.05000283582659539,-0.027010429248472318,-0.002889136556482096,0.0,-0.03997262275674821,-0.0028135430491672887,0.0,0.0,0.10320453158118639,0.0,0.0,-0.012580258502815394,-0.00813216742719374,-0.005793992304062842,-0.011917843794866047,-0.0098940253755169,-0.003806038096593213,0.0,0.009479522832601955,0.0003663507316130837,0.0035481031167785295,0.0,0.0,0.0,-0.009875062610230212,-0.03879074725355495,0.0012642946891170616,-0.053282023722426505,0.0,-0.013386567651520648,-0.015764293833603425,0.0,0.012019520043177396,0.0013585327939829124,0.012203166231725954,0.005561809460150917,0.0,0.0,0.011796583482428841,0.0,0.0,-0.01594524327772543,-0.03621896568656782,0.0,0.0,0.0,0.03292466438643073,0.010996874533271743,0.0,0.0,0.002151599636765695,-0.01927213776456627,-0.01755563398018297,-0.0029530738600772387,0.0
2004-05-31,0.005921829583818336,0.013889087012569894,0.016556756233337168,0.021055223009745435,0.032876185745196206,0.0,0.028992079576178185,0.017154815218442965,0.006123345196845719,0.0,0.0,0.0,-0.0005007377315243628,0.004282241917444479,0.0,0.0,-0.004016182227881642,0.0004268485846875249,0.03822238322447313,0.0,0.004394207697301703,0.1117166051829262,0.003917996230809974,0.013577371050731086,0.01281819706478747,0.0,-0.012165120755137274,0.0,0.0,0.0,0.0,-0.0026530231443742053,0.0,0.007382463049194351,0.010330469554215798,0.0,0.0,0.05002582174256266,0.0,-0.015460715161336715,-0.009461022690215901,7.505450809229652e-11,0.0,0.012249143975841545,-0.04632975121979254,0.0029943089351967904,0.0,0.014845774737711101,-0.0032959889178769118,-3.9990556310984857e-10,0.0,0.0,0.0,0.0,-0.021623941569544874,-0.007004900305350739,-0.025321217350598255,-0.024963744932397083,-0.01441885937578609,-0.008851230564986743,0.0,-0.004453475050604559,-0.008336329732630455,-0.006294822422018187,0.0,0.0,0.0,-0.022383504958823516,-0.015338839332048111,0.0,-0.0695139147660149,-0.008036851739150055,-0.030948520479408128,-0.02565196564558066,-0.015344415223023511,0.0,0.0,0.0024049829521400664,0.007570763619660964,-0.01633037701461865,0.0,0.01654592665451811,0.0,0.006773615861560067,0.010622588929174476,-0.02515249894474454,0.0,0.0,0.0,0.018593431087880977,0.007735536295993176,0.0,0.0,-0.008211494892802637,-0.022926558168836788,-0.025009995282986433,0.0,0.0
2004-06-30,0.02145436410505738,0.01500428886346154,0.04647481493116266,0.050395749776778104,0.0,0.0,0.007993798512420257,0.022772296326272302,-0.007928458930954882,0.0,0.0,0.0,-0.013945955647391765,-0.014962160589364937,-0.010082401794209338,0.0,-0.014560707446157384,-0.015013706844994262,0.013572087615695026,0.0,0.01749482812211216,0.025209566615728516,0.018313708561396868,0.08141224431061335,0.03078229465725122,0.0,-0.00011897997607595304,-0.0011410223711359945,-0.0038588923743776626,-0.01267395477748371,0.0,-0.00875867514910771,0.0,-1.8469242386540012e-10,0.029800863468676286,0.0,0.0,0.02786919881313708,0.0,-0.029982816660166795,-0.04302945452026511,-0.01450181687651645,-0.000828014377680844,0.003160954192710345,-0.10940912551252449,-0.010090008427888764,0.0,0.026357738871705637,-0.07028579209060533,-0.00037286432849550075,0.0,0.0010985825179406022,0.0,0.0,0.0,0.0,0.0,-0.0035243986671053633,0.0,-0.005723262210395506,0.0,-0.011189269986108428,0.0,-0.013840066585758766,0.0,0.0,0.0,0.0,-0.001465669949230003,0.0,0.0018475362043649881,0.0,0.00042854733722944867,-0.007357896202759835,0.0,-0.009523747459165236,0.011264457585340145,0.009756468972922233,0.007416557965293439,2.686274877709006e-05,0.0037341666364685863,0.011794542815575602,0.0,0.002774285540748593,0.0031926292086769934,0.002039324076033378,0.0,0.0,0.0,7.91484902237687e-11,0.0,0.0,0.0,-0.004512797508365316,-0.03942632156664232,-0.021891760984379824,0.006557240567301671,0.0
2004-07-31,0.13864240089850646,0.0017115089068889123,0.04218198859086955,0.052485085621259746,-0.009946710614537784,0.0,6.279927523062781e-11,0.008900328605357494,-0.002030744215784806,0.0,0.0,0.0,0.0,0.0,0.0,0.0,0.0024103189101613806,-0.03132266260726128,-0.032159311891949524,0.0,0.02960178958788538,0.002712290556532957,0.010891528258092507,0.061840181068650385,0.005577156755516247,0.0,0.0,-0.011552594670428606,-0.014582634930562374,0.0012597118327249827,0.0,-0.014065587789714064,0.0,-0.006149916189947437,0.01862898187681846,0.0,0.0,0.02522231535735048,0.0,0.0,-0.006241357820373743,-0.011611078869143978,0.0023927093681013092,0.0017634277802621797,-0.03704787764344106,-0.0431253101983384,0.0,0.021182895389723785,-0.015053917393091051,-0.013220759554971425,0.0,-0.005030907042449829,0.0,0.0,-3.3416775210258166e-10,-0.021494678864640425,-0.018592616509738733,-0.030190048458115747,-0.016880260549487783,-0.026503983662048727,0.0,-0.023841907495378237,-0.023603394066985313,-0.04528522575233777,0.0,0.0,0.0,-0.004792858788858017,0.002276015710841892,0.000486946512377273,0.0,0.0,-0.011991935260335321,0.0,0.0,0.0,0.010863377025892426,0.009030915399499937,0.00757742123524129,0.0024843113979019973,0.0076365484276683165,0.014400390841402008,0.0,0.0048976198094755575,0.004145110302745466,0.00289387262215488,0.0,0.0,0.0,-0.019893343434771858,-0.0005235307841388353,0.0,0.0,0.0,-0.00027040015980678945,-0.00299444444719339,0.005902851287297577,0.0
2004-08-31,0.02591096382005208,0.0044206108570638974,0.1293906323880438,0.028035166081152682,0.0,0.0,0.0035418618088367913,0.006180951423216651,0.003652908368919855,0.0,0.0,0.0,0.004464299008995823,0.004230967448505526,0.007348273045629043,0.0,0.00945973160577559,-0.005098722636643923,0.0,0.0,-0.004899148145393261,0.0047063870639642,0.0,-0.01890508833596429,-0.015729517005509317,0.0,-0.02219703308324475,0.0036797914494238865,0.0021941593708873,-0.0025801160778423397,0.0,-0.00834710952614047,0.0,-1.4881896878179493e-10,0.004338489092740906,0.0,0.0,0.02195420860949686,0.0,0.0007278946383004473,0.003144036867448924,0.0014795268475002008,0.005865863962715368,0.005738621959259137,-0.015821715277725443,0.0,0.0,0.0,0.0,-0.013225815869985787,0.0,-0.02650089687299967,0.0,0.0,-0.017470968418298854,-0.03796668319821862,-0.02907210337805055,-0.03151706018766953,-0.03366668151766394,-0.023859644850603268,0.0,-0.012412787895539828,-0.03841890434326638,-0.06299141614564654,0.0,0.0,0.0,-0.008754347315905676,0.0,-0.004933460425222746,5.06558547974386e-11,0.008123408389542227,-0.01070620633721344,-0.011378955387362935,-0.01720228766069938,0.009239512307809202,0.0249721639882932,0.02529034283245006,-0.00022762267702426567,0.01622448064746647,0.007450739043527599,0.12564928639000078,0.0,0.0,-0.0022593022844720743,-0.014430685800538077,0.0,0.0,0.0,0.0,0.002584720632325638,0.0,0.0,-0.0023611032011595836,0.0,-0.007064615995176078,0.0,0.0
2004-09-30,0.014262863307881344,0.0337806884285386,-0.02106163733968328,-0.01952527023884773,0.006621694278562363,0.0,-0.01690129943576254,-0.022236899446733793,-2.759274999360463e-10,0.0,0.0,0.0,-0.02673560188698992,0.0,0.00013441077394086813,0.0,-0.008389617294732216,0.015186311622321046,-0.006163323262988633,0.0,-0.01329080225739277,-0.0053942378383710285,0.0216578257609594,-0.003755172518824775,-0.01147882699187789,0.0,0.0,0.025632931576016326,0.028385110564739604,-0.02710064247015984,0.0,0.007127825121401213,0.0,0.0,-0.03583408840900819,0.0,0.0,0.046651627080676,0.0,-0.020330413898406268,-0.023660681131968425,0.0,-0.0226645137774492,0.0258757601580818,-0.016711847046336693,0.0,0.0,-0.022229198177958837,-0.02098138262772576,0.01761524109820418,0.0,0.0,0.0,0.0,0.007015169800362579,0.0,0.003008705558980536,0.004280112370233561,0.00019399720357580843,0.011538384554782956,0.0,0.017132854588072597,0.0,-0.0423164052480665,0.0,0.0,0.0,0.024055340094800964,0.0,0.009759043756109309,1.3264301476872788e-10,0.024007841964710713,0.014298043779632588,-0.021154705551857587,-0.01167332099566231,0.010974501038543768,-0.0068591864505366746,0.0,-0.032014786700578036,0.02034928407657304,-0.007533237215594741,0.04959033981193471,0.0,-0.0017673208385508897,-0.012558290164928388,0.0005654225899359024,0.0,0.0,0.0,0.02855930995736803,0.019236494519114897,0.0,0.0,-0.01473292158816263,-0.004944368918917014,0.0,0.012502864431302316,0.0
2004-10-31,0.0,0.0037972579383677885,-0.0179411263879014,-0.023006003586512894,0.015964991235423952,0.0,-0.02354886217520736,-0.02429751788979651,-0.012629676651533908,0.0,0.0,0.0,-0.020364531132869495,-0.0012429396822348092,-0.010525835994439556,0.0,-0.01731867709150947,0.008196201299041478,-0.01787578871928788,0.0,0.0,-0.020116699093685544,0.00048681401782390155,0.0,-0.03039660850631007,0.0,0.002839889730756481,0.02469267115393077,0.05967112430652627,-0.017589161642743337,0.0,0.003985093532740536,0.0,0.0,-0.02085959701291167,0.0,0.0,9.825702115691523e-05,0.0,-0.015122548737275516,-0.0187578186052726,-0.006753511965672848,-0.030727460298699605,0.010397911689454475,0.0,-0.018761000646503507,0.0,-0.005056161638613534,-0.023320906242272867,0.010714913050349287,0.0,0.008653766820996504,0.0,0.0,0.008970608591003931,0.0012811806485813052,0.022649847719464707,0.024487388670626428,0.006121270858104213,0.02418063726436098,0.0,0.0218191822183583,9.989361078298743e-05,-0.0021859346688745092,0.0,0.0,0.0,0.12052236561269847,0.0030518080343671606,0.009764986055859513,-0.012224181187999334,0.0,0.029475048760658134,-0.0024384579911239652,0.0,0.0,-0.014855194465539902,-0.0068826795087413096,-0.028500140711105064,-0.012923717875087056,-0.043777259725461495,0.018944601245298523,0.0,1.107254128231104e-10,0.0,0.0025323888883916615,0.0,0.0,0.0,0.035375174210487845,0.01262585828931784,0.0,0.0,0.0,0.0,-1.6481296176131294e-10,0.008598867414344317,0.0
2004-11-30,0.012446062917623605,0.0,0.0,-0.0004656230224173977,0.0018005825559011522,0.0,0.0,-0.01425173864405409,0.0,0.0,0.0,0.0,0.0025648990371043862,0.006132599975031729,0.007746211886954395,0.0,0.009079109464356517,0.0048402547866191,-0.000614703341192212,0.0,0.014990366053854101,0.0,0.019990352425972923,0.004476671184990414,0.0012599883331159605,0.0,0.019391850853518418,0.07051884144451118,0.07869418205977212,0.01088669255400139,0.0,0.0,0.0,0.0018233970962778813,0.0006798903238246939,0.0,0.0,0.0,0.0,-0.017792384485586774,0.005302920205437451,-0.0029973792910959374,-0.002022606453398636,-0.024058073395644572,1.1255014388584372e-10,0.0,0.0,0.0187265420157152,0.00013574407178441018,0.002678605541528572,0.0,0.03696264199920541,0.0,0.0,-0.014478357061895961,0.05418153766811447,-0.012691013410526853,-0.026831576164171252,0.012001392588582922,6.102769866919819e-05,0.0,0.0,-0.009567878920023056,0.006914811828801501,0.0,0.0,0.0,-0.026156658517253167,-0.023834354862763956,0.08357152661896515,-0.0072442085847032895,0.0,-0.0023721558699051244,-0.019705979322472287,-0.028349240736071393,-0.01206697162251211,-0.012031557711089077,-0.01639919604160954,-0.03780614673042972,0.0,-0.0827695433766512,0.003613443348604388,0.0,-0.001676324400706472,-0.011421315879936365,-1.5760191776274613e-10,0.0,0.0,0.0,-0.030807830203472258,-0.026991016653063717,0.0,0.0,-0.018990089356768096,-0.0064498968941880865,-0.009156178888795377,0.008527853348611197,0.0
2004-12-31,0.018106017571323314,-0.012725637349255482,0.0042398003383550585,0.0014616658045268982,0.0,0.0,0.02000579128286883,-0.007245263101649924,0.0,0.0,0.0,0.0,0.02870099292499139,-0.0047886869651056155,0.0,0.0,0.03118576185157183,-0.0026751383356756475,0.0004601464376474883,0.0,0.03024532390914022,0.004661841166870375,0.017688258806581515,0.0,0.0026576858176195445,0.0,0.003781867150971652,0.023835376266582525,0.015703113364190797,0.00994294047164373,0.0,0.009555962040958287,0.0,0.0,0.003024682243181202,0.0,0.0,-0.007341672608200022,0.0,-0.028789961871252004,0.055338486395020536,-0.017021949523199267,0.007885983376063846,-0.025498730383904673,0.0,-2.070815842407105e-10,0.0,0.03825776724077635,0.030749222074583454,0.00012534777775518655,0.0,0.011282288500720716,0.0,0.0,-0.014433184070131767,0.05586658860246139,-0.015295986608708179,-0.06001912471075739,-0.012435111258897666,0.0,0.0,-0.005391060322425363,-0.03267472351548093,-0.025530987901571028,0.0,0.0,0.0,-0.027832546764730688,-0.029655204339062904,0.012947518066886791,0.0,0.0,0.0,-0.014648425157309493,-0.03203919440563263,-0.0035214821679974305,-0.003108624917719794,-0.01742996696286823,-0.02152268314020775,0.0003434933912813837,-0.002025555517191899,0.057710483607615846,0.0,0.0,-0.0004857140395867719,8.637260476048558e-11,0.0,0.0,0.0,-0.01862679699795826,-0.022328974692388467,0.0,0.0,-0.022502043997622376,-0.012405568166426824,0.0010268741472276748,0.0032087192842095817,0.0
2005-01-31,0.010099327412842722,-0.011654013960806403,-0.005078113144792252,-0.0012268947845396378,0.0,0.0,-0.0036389287204983273,-0.0063176845207594265,-0.011229548429750479,0.0,0.0,0.0,0.01110191428192812,-0.003313962866259684,0.002024443930321035,0.0,-0.006689138346458024,0.036437018261059516,0.024281016386903307,0.0,0.009209956821212673,-0.008626157022517598,0.011417617907251517,0.011859028050422734,0.0036307685550349437,0.0,0.05236651838697384,0.0216382004814731,0.0247261951446586,0.017583706664169554,0.0,0.050257055282150034,0.0,0.028340888086637574,-1.1911190912861276e-10,0.0,0.0,0.0,0.0,0.0,-0.0027677374384742597,-0.011077797025400049,0.0,-0.002257942811145598,0.01903864694871751,-0.006481168218517981,0.0,0.0,0.0,-0.02502189950580706,0.0,-0.02312233640128669,0.0,0.0,0.004088850241935053,-0.016432047312204698,-0.013492963553999497,-0.2,-0.029304607835054834,0.0,0.0,-0.017320569989663904,-0.03191770505703249,-0.03660734092329115,0.0,0.0,0.0,-0.0025166353032419976,-0.001306018727961801,0.014398667309689334,0.007402983157026668,0.008674917087813065,0.02819949596347179,-0.016156042551105584,0.0,0.009618915890548944,1.67345995641122e-10,-0.0017522343381939974,0.0,0.00526701575586516,0.0002337794041516858,-0.0002816003267767368,0.0,0.0,0.008820395040077988,0.0005535964051940358,0.0,0.0,0.0,-0.0003539426363073775,-0.004054968129040483,0.0,0.0,0.0,0.017215462207411495,0.0360958341776068,0.02541778459010527,0.0
2005-02-28,0.0018404700655018276,0.0,0.001977892068199725,0.0,-0.0012624355985947227,0.0,0.0,0.0,0.00037306596286954273,0.0,0.0,0.0,0.003663385249801944,0.004297517551975579,-0.008571521316213917,0.0,0.0014546032499053335,0.021114336802180698,0.03631650870608336,0.0,0.006265886532508481,-0.0016946712849048092,-0.0006724919904922347,-0.0013828007336747848,8.824922062868474e-11,0.0,0.0,-1.0485825947356799e-10,0.005756785537746485,0.0037047065815231472,0.0,0.1166723064771656,0.0,0.03869492945340152,0.010453199789403626,0.0,0.0,0.00818164942949617,0.0,0.024948180112723057,0.0,-0.0026446334145093513,0.002713558593341557,-0.0062642311841143794,0.026520065669339427,-0.004697249728967912,0.0,0.0,-0.0038581971698060653,-0.03238784467348509,0.0,-0.02382738836289735,0.0,0.0,-0.004318019682995764,-0.015664833241649388,-0.015400461654562232,-0.2,-0.03814697771689431,-0.00018865226109605651,0.0,-0.014530671113582961,-0.02229241434599198,-0.06410481598014352,0.0,0.0,0.0,-0.004381892287484859,0.0,0.0,0.01242391680402368,0.008792599835771396,0.025543067949267025,-0.016364733718445455,0.0,0.02250156821047613,0.0036974564925415006,-0.000887493505304627,-1.0282915448468283e-05,0.002892946352680165,0.0045631584508917045,-0.003971657553088846,0.0,-0.004218630089974366,0.008200929582707682,0.0,0.0,0.0,0.0,-0.001940476045602291,-0.0011410268107710138,0.0,0.0,-0.005173495514444989,0.08103979708660641,0.012426931648433259,0.0029685796651847964,0.0
2005-03-31,1.9529194635377093e-10,0.0038961973527238884,0.009306316050921214,0.002987801146628951,0.0,0.0,0.0021571644880934325,0.0021804108967923034,0.007414359533061669,0.0,0.0,0.0,0.014458232360416474,0.003032665094742025,-0.012838848016148067,0.0,0.00625178554268427,0.00978740249787615,0.014133873802422946,0.0,0.009205069283885692,0.0,-0.002785297208318352,-0.0028703998949500043,0.0075524225672281,0.0,-0.005342555110020973,-0.04029895717772457,-0.019807886072609582,0.0,0.0,-0.008291699677253477,0.0,0.0,0.020015601297234103,0.0,0.0,0.018170086516438148,0.0,0.012042665503664611,0.001170780661731587,0.0,0.0067823303645050785,-0.010736380192089516,0.059141362900218236,0.0,0.0,-0.011534438346295955,-0.0011016392396907037,-0.021071258644989075,0.0,-0.017341393046833475,0.0,0.0,-0.02906194802072891,-0.03951742167664558,-0.024039287843897666,-0.03739590233518341,-0.028390553101096987,-0.00685990347403469,0.0,-0.01603703341316027,-0.030607883873220443,-0.02147835443865175,0.0,0.0,0.0,-0.005096297007276113,0.0,0.0,0.024870580116480804,0.018889526396649706,0.022385777631848267,-0.018739904621614248,-0.002207053274333315,0.07051996612012597,0.026146607775575585,-1.6963601843885978e-10,0.0,0.02313231670603806,0.007711771601897841,-0.012801051548613747,0.0,-0.015903146913495883,0.023356807979213395,0.0,0.0,0.0,0.0,-0.01457078037252143,-0.019966824485019734,0.0,0.0,-0.023305900803945994,0.06660719200122238,0.0066929256143872014,0.0,0.0
2005-04-30,1.8282747094268333e-10,0.0,0.007568698774783914,0.03795451595224822,0.017134666651409555,0.0,0.02780671570897384,0.01124105671342623,0.005894571939856885,0.0,0.0,0.0,0.05000102980534227,0.014007113875977107,0.010489163415147275,0.0,0.03801760257375427,-0.0019690423928000575,-0.0033179302352402146,0.0,-2.5920419750773096e-10,0.0,0.0032296013471974634,0.0,0.01699302318463891,0.0,0.0307080677756366,0.0029015787018229046,0.0,-0.04027323485089168,0.0,-0.04299750957127423,0.0,-0.02737045115016112,0.02387697038329072,0.0,0.0,0.014029185788781446,0.0,-0.005827337826976081,0.004010605056851548,-0.006944624466376104,0.024644104813657218,0.0,0.0,0.01294291328687836,0.0,-0.05189518343494552,0.020392661849544514,-0.011429152160427997,0.0,0.005837556883822572,0.0,0.0,0.004221692132121509,-0.05924852491023712,-0.002382646767866687,-0.02861434634175568,-0.01122269148448873,-0.008307522665786708,0.0,-0.0037025473782082005,-0.023546915732877597,-0.009359215257679984,0.0,0.0,0.0,0.0,0.0,0.006294403820870491,-0.006399686404817497,0.0,-0.007944695038394716,-0.006701186195837424,0.0,-0.0019525801219385786,-0.009282398820872553,-0.028170320517112293,-0.009818476150363555,-0.023404275644210097,-0.014113486377197802,-0.03239169680505595,0.0,0.024088959831025603,0.03472696304636113,-0.014610700372189032,0.0,0.0,0.0,0.025941326856200497,0.012229041019532988,0.0,0.0,0.005866958366393484,-0.006801620664812662,0.0,0.006949250261625028,0.0
2005-05-31,0.005286658834768242,-0.005374626427095952,0.010036727596000609,0.028917527126746053,0.017458460168926274,0.0,0.01232783533575111,-0.0024003596289842214,0.0,0.0,0.0,0.0,0.010748396549416934,0.00568649855139721,0.011425196567094289,0.0,0.015370527721188588,0.0,0.007750999280636715,0.0,0.0,0.0,2.471170926046932e-10,0.012564402239142949,0.0,0.0,0.018082069589325095,0.010920688686049554,0.03353295958238457,-0.06988706764185895,0.0,0.005689187378122709,0.0,0.05283438955068947,0.016132487873513207,0.0,0.0,0.007413548859206295,0.0,0.0,0.0,0.0,0.004106904117418523,-0.002428157859862524,0.0,0.014710611892190018,0.0,-0.038404863729592856,0.006903967274556437,-0.01774971335298529,0.0,0.0012411145634358158,0.0,0.0,0.07939886638261909,-0.0587090271470159,-0.005436516523802849,-0.03367377902287458,-0.02061099317363451,-0.008965739121764705,0.0,-0.011870278908508435,-0.028923324660195558,-0.01455132164935263,0.0,0.0,0.0,-0.005442358982027647,0.0058374843791888665,0.0011360146132731494,-0.00484259869491935,-2.9309948046533403e-10,-0.010922500061625236,-0.004719017952908207,-0.0008897654016284171,-0.006860516164074258,-0.014329037244233078,-0.020282296730208458,-0.0012100488112286856,-0.015534797395346819,-0.023630152951213363,-0.02578784541349939,0.0,0.045672681864475574,0.0,-0.01285997512230114,0.0,0.0,0.0,0.01816380171360412,-0.012483605470825875,0.0,0.0,0.035674246759109136,-0.02121971446333159,0.0,0.004975744702652258,0.0
2005-06-30,-0.0141154872139332,0.0,0.013510880279768982,0.020420157097151972,0.022620518694818556,0.0,0.0,-0.0018555532577659484,0.0,0.0,0.0,0.0,0.006811974761949585,0.01372486727752466,0.004808141656165147,0.0,-0.002113656692273273,0.02222569155222734,0.01602953741959643,0.0,0.0,-0.007272808187667818,-3.131098774350287e-05,0.03770095355631713,0.005167170150447945,0.0,0.01341311209702726,0.0025220624753589946,0.032720113291129026,0.0,0.0,0.021041627628079613,0.0,0.06545657300766712,-0.004431602575385425,0.0,0.0,0.015486426379738717,0.0,0.0,0.004854783962540864,0.025660543688454062,0.004848682167857033,0.0,0.02642250346642603,0.026203463723194664,0.0,0.0030423544681186495,-0.0011646031602884192,-0.02211546097137925,0.0,-0.025936519549427415,0.0,0.0,0.0,-0.012506213019618899,0.009331730623753602,0.008286068366390321,0.002693152794536016,-0.039812573547117855,0.0,-0.002364859529662547,-0.02178710539952104,0.0,0.0,0.0,0.0,-0.00692003798020864,-0.026921267295562826,-0.008204110446077831,-0.015632880932798274,-0.014867975169148243,0.0,-0.14356535907391882,-0.01942735629154798,-0.01057302198675784,-0.0014071467616065985,-0.011346904741449226,2.0649783893473456e-10,-0.01041358006374015,-0.04217851329698366,-0.005392423921405688,0.0,0.0013598197879042566,0.0,-0.01586593786492182,0.0,0.0,-1.2162207469790716e-10,0.01698508523790248,-0.0066927449451399616,0.0,0.0,-0.005082985015325707,0.02181292688805066,0.03483907729340501,0.0,0.0
2005-07-31,-0.0076528635177118606,-0.0008695822397175566,0.017087314777233343,0.022523320993701,0.021186214000141857,0.0,0.003190512881726896,0.0,0.004757838515693069,0.0,0.0,0.0,0.012619889695587487,0.021485171327915848,0.013388223658853405,0.0,0.0005244133071203108,0.02539920738724438,0.006857526729846281,0.0,0.006470799876146284,0.0,0.0,0.040909530872165804,0.0,0.0,0.011692670500081256,0.009661075106580354,0.030853470768883038,-1.1463675549042021e-10,0.0,0.0036630324938510747,0.0,0.057580955898823415,2.26874322033426e-10,0.0,0.0,0.0218786906055369,0.0,0.0020694151916867513,0.012242328602646974,0.03179457041824173,0.0,-0.002802771177059496,0.028832580677055016,0.017734040034480796,0.0,0.0075476265917987576,0.0,-0.007430481942965652,0.0,-0.017297867290618895,0.0,0.0,-0.0048937907300343085,0.0,0.0024813769116935475,0.006330427273557516,0.0,0.0,0.0,-0.003198906293362251,-0.015021616431462409,0.0,0.0,0.0,0.0,-0.002360479811846863,-0.08024838398371334,-0.0053148441307523985,-0.009509283401863071,-0.0021875369809490914,-0.002929084753371078,-0.09625705169656033,-0.026507353962254312,-0.01237508117255151,-0.024798344871778694,-0.015439112280381485,-0.016328964804843974,-0.041280864804593795,-0.014562007278764232,-0.012454880578726778,0.0,-0.013225028306547093,-0.005000938475583836,-0.018938546784218562,0.0,0.0,-0.004471729652096551,0.0,-0.0011372028127153721,0.0,0.0,-0.03550539971831837,0.018083511786795948,0.04115426288803654,0.0,0.0
2005-08-31,0.0,0.1232019462162221,0.011459149958059182,0.007739320231848714,0.08876052270019529,0.0,0.004212224884002778,0.012261398898762632,0.01265331595653553,0.0,0.0,0.0,0.001911235039442991,0.024579397142827347,0.0,0.0,-0.0019633110650253,0.0,-0.004012182896001922,0.0,-0.021849960565302563,0.0,0.008191246783304709,0.0052982570245142645,0.001179475753700282,0.0,0.05717984286929398,5.6473468396319336e-11,0.0,0.02668262858721136,0.0,0.0,0.0,0.004622067042012935,0.0,0.0,0.0,-0.0030703954476226413,0.0,0.0003437517670513464,0.004529954507021624,0.018503765104429717,0.004089194580279654,0.0,0.010813111581105064,0.0011847826953855706,0.0,0.0039014606182292914,0.006481108675959352,-0.026479258749165072,0.0,-0.02401624027364566,0.0,0.0,-0.018596232703341455,-0.02423675933907824,-0.028554861709163496,-0.02202063562031627,-0.031741202700437524,0.0,0.0,0.011432114161740342,-0.04582187350081403,-0.015404190103877025,0.0,0.0,0.0,0.005574631221626095,-0.02093578985615846,0.0,-0.0008822969669671641,0.0,-1.2459534090063812e-10,-0.02269726397975148,-0.021371890539955488,-0.008943456656306692,-0.025040429667088505,-0.0108587519147154,-0.011855431392020584,-0.01446204988207223,-0.004721490890555834,-0.013558821585815223,0.0,-0.008200014781347053,-0.030620024192311794,-0.012482895078653633,0.0,0.0,0.0,-0.00985518812366626,0.001539584325682069,0.0,0.0,-0.015747099694227693,0.011742713932745794,0.005428736073558302,0.024503061610778126,0.0
2005-09-30,0.13427240521603484,0.014987325990789842,0.017740183199358356,0.0,0.0,0.0,0.047029364825316194,0.008274385805233162,0.0052313948586237505,0.0,0.0,0.0,0.0023022053334328762,0.015078654538693139,0.0,0.0,0.0,3.790852133183659e-11,0.0,0.0,-0.020230995906176046,0.02978687449785347,0.0387347739761241,0.008291785424066677,0.006412849087614332,0.0,-0.008329695992978572,-0.0024275348948035037,0.0,0.01180263063904302,0.0,-0.03942568035187849,0.0,0.0,0.0008065569510164172,0.0,0.0,0.0,0.0,0.001148463692142,0.023149455508383508,0.005074042600867348,0.004993718101630817,0.005258498831184237,0.0014917698560913707,0.0007113799387047247,0.0,0.04537338008376792,1.5922511864078247e-05,-0.017755530248258194,0.0,-0.01149343350962582,0.0,0.0,-0.0019497564990306484,-0.017775257018385296,-0.02186696142747658,-0.03910306476503659,-0.01805017788095699,-0.02279037414340996,0.0,-0.0023224822056005638,-0.06352914807834745,-0.02047182470311142,0.0,0.0,0.0,0.017917739442262957,-0.004267209664383543,0.0,0.00877173839455702,0.02277928624840597,0.0027015406116546107,-0.01462503864862093,-0.0027319909351076195,0.0,-0.0009826477695771328,-1.545757052601464e-10,0.0,-0.014777817961892032,-0.0016541500433560204,-0.0033325941258120456,0.0,-0.008785552270218266,-0.051808005007385,-0.027238110611491187,0.0,0.0,0.0,-0.018656759690213263,-0.01765104081300256,0.0,0.0,-0.015440126092208276,0.003004952838375835,-0.01052703858708037,0.016856720958998966,0.0
2005-10-31,0.00840686416332075,0.03486901658731871,0.01624662583995737,0.004575985961159217,-1.3003408961884718e-10,0.0,0.04048201653373832,0.0095577573692881,0.07089397963813074,0.0,0.0,0.0,0.013904478374734353,-0.010003868863415026,0.0,0.0,0.008824767757359856,0.00963589420982488,0.007672812934204864,0.0,-0.0012536958016856586,0.03390856656956928,0.010240523156811355,0.0,0.01757091758401865,0.0,-0.02426260625846113,0.0009554534912794595,0.004772783983761128,0.012879440936374487,0.0,-0.028994067232925327,0.0,-0.031723172289131234,0.0007555401991377245,0.0,0.0,0.006032296594684358,0.0,-0.015847133862200012,0.019782316380395966,-0.0017102895604441646,0.0,0.0060667772073424294,-0.011013723834565826,-0.0009112107857942542,0.0,0.03099291024461982,0.0036505589399899517,0.0,0.0,5.854659163938971e-11,0.0,0.0,0.0010628746781596904,0.0,0.0,-0.0030991740298810097,0.0,-0.005589376042258181,0.0,0.0,-0.014413229989480329,0.0,0.0,0.0,0.0,0.006068902824907107,-0.004995507188444376,0.0,0.028534682515129806,0.033957821868524,0.002702214043359141,-0.03752076185814,-0.025428550455880296,-0.000788305124375719,-0.009206936909405428,-0.01173254356831542,-0.003076379964382773,-0.02305403075936144,-0.013183732165975848,-0.018716016545059513,0.0,-0.02581247742274083,-0.04123949956443813,-0.03620604069470975,0.0,0.0,-0.025994883978527443,-0.028322190560576114,-0.028646749694306858,0.0,0.0,-0.01725384486508387,0.0,0.0,0.0549952193543519,0.0
2005-11-30,-0.01023819542853748,-0.010517762757886795,0.0,0.0015457120147608619,-0.013338251800986042,0.0,0.0,0.0013113792896457873,-0.016242696808915394,0.0,0.0,0.0,-0.0015275595981754785,-0.01869150455893023,-0.008155800425242223,0.0,-0.00812419390068605,0.0,-0.0016541121922726545,0.0,-0.011439466046062238,-0.005959721193956727,-0.009912625758820667,-0.013433557149731094,0.0,0.0,-0.03735480075949642,0.015564115887227404,0.004738818140817283,-0.0034379079073869737,0.0,0.013479567242548054,0.0,-0.03928054045375155,0.0,0.0,0.0,0.0,0.0,0.015011744419707462,-0.0025682208908778714,-0.018103855918686906,0.0,-0.011753198499746537,-0.018376699434196415,0.0,0.0,0.04767763670607583,0.0005568455707907208,0.0029919763695162803,0.0,0.0004784470329853358,0.04203610960378127,0.0,0.0,0.005209969478732668,0.006799945202287655,0.01763792396142041,0.0088145042352021,0.0076438829999615964,0.0,0.0,-2.2642315280304316e-10,0.0,0.0,0.0,0.0,0.04088925530047546,0.018446183245051775,0.005543193588580324,0.0037915664916977855,0.0,0.01911492261343641,-0.04564989174051912,-0.05642834949764489,0.010754277294951226,0.05606438491501678,0.0,0.09011563758733589,0.010897201653174416,1.9296288525622874e-10,-0.024906665041616507,0.0,0.011793718667139028,0.005954494073757901,0.005936032308992779,0.0,0.0,-0.01569451501187162,-0.02469224962873696,-0.043834762197281135,0.0,0.0,-0.0032072868984042158,-0.0192956217628264,0.02920055391196667,-0.006179986510330202,0.0
2005-12-31,-0.006604365661599312,-0.014294369669325476,-0.026842994488807555,0.0,-0.015753799754285543,0.0,-0.009478152372974556,-0.012399479507678628,-0.014499766257048113,0.0,0.0,0.0,-0.014303255604202973,0.001482126450878861,-0.0023105637940827443,0.0,-0.010650150897603374,0.0,-0.014587791707915075,0.0,-0.02062465887374101,-0.01579407310521937,-0.016536587948137532,-0.03191018367240835,-0.015056712450106891,0.0,-0.04248023318177797,0.003496745092708283,0.0,-0.02482293167789015,0.0,0.0040170183397542185,0.0,-0.01573889971868166,-0.02870250531382522,0.0,0.0,0.0,0.0,0.03359075169942484,0.0,-0.00029376796800339235,-0.03271862136202271,0.0,-2.22288232871877e-10,-0.02641665014864057,0.0,0.04829386378145824,0.0,0.0,0.0,0.0,0.025556475353154924,0.0,0.0,0.0,0.00025440552425843964,0.006003638609185016,0.0028612995822905976,0.0,0.0,0.006793710565704959,-0.006081564728147212,0.002458561627200596,0.0,0.0,0.0,0.013515607677359457,0.02037108887907661,0.0033971604615975286,1.2085016044617025e-10,-0.0016443198178722575,0.00139184041375212,0.014750367967402969,0.0024304040308890437,0.008507785260979289,0.03167867854959662,0.0032581348899596405,0.09864953266912553,0.04861415879868835,0.007349615576608732,0.0,0.0,0.037036170720897196,0.044722606012887384,0.015722014143795926,0.0,0.0,0.0023711029368294854,-0.04691241152007971,-0.01957175227002447,0.0,0.005263393946864775,0.0,-0.011774197913817811,-0.0011952383917920675,0.0061617403168200665,0.0
2006-01-31,-0.009181641595073573,-0.009726591819350894,-0.10804708728113331,0.0,-0.004792028841813031,0.0,-0.003194835914564417,-0.012896937387542766,0.0,0.0,0.0,0.0,-0.012160178895137689,0.007234594049364702,0.001358813997628603,0.0,0.0,0.0,-0.042497569417330947,0.0,-0.010248766789073417,-0.023096290047492113,-0.004401563460671011,-0.0031462159299923786,-0.003269052399892498,0.0,-0.028863179965148856,0.00806911098208654,0.0,-0.010409183411595711,0.0,-0.03492090385929195,0.0,-0.04377941991945028,-0.013760246778971006,0.0,0.0,-0.0054450150271506265,0.0,0.014970406248043263,-0.0028581294348224598,1.4659539732289948e-10,-0.009009399801633441,0.0,0.0006146719045532798,-0.01772491420059891,0.0,0.06177008847934485,0.0032578022510522317,0.007846590492243009,0.0,0.009325299886474783,0.03320216044430347,0.0,0.010403190018484287,0.00914890343816577,0.009585144666220529,0.015321780252983256,0.013207333225340304,0.0060065643551555645,0.0,0.0,0.0,-0.003143480681837095,0.0,0.0,0.0,0.06893580616914484,0.014832781685087861,0.013550618751304108,0.008320139243059365,0.0,-0.01168544843846911,0.025779430643753477,0.00640358191534135,-1.6070689763512992e-10,0.007789915748558625,0.0003252344354784916,0.0,0.058355587075553106,0.012074239062100069,-0.0036842075226242547,0.0,0.049824312038989696,0.012230904119778625,-0.01899587195882315,0.0,0.0,0.0,-0.025776739437737794,0.0,0.0,0.0,0.0,-0.001533200059773561,-0.021751899562296836,0.010254994273810599,0.0
2006-02-28,-0.015866179694944915,-0.012212263995718535,-0.022860382001362756,0.0,-0.0010832093625807527,0.0,8.036020175525115e-11,-1.7922490786332783e-10,0.007819563125894834,0.0,0.0,0.0,-0.002672105675616621,0.010591200787191205,0.0073464278304091425,0.0,0.03412136571109109,0.0,-0.05464948877286747,0.0,-0.005022153047096685,-0.013617607416923172,0.0,0.0,-0.0010316274869376437,0.0,-0.023966142712463893,-0.021778295258826196,0.0,-0.0021446588216522027,0.0,-0.027541609026447655,0.0,-0.014455979611739205,0.0,0.0,0.0,-0.00894334549361371,0.0,0.0,-0.0070201650651246505,0.0,0.0,0.0027437394871503854,0.00038864285813681695,-0.0031910211959917893,0.0,0.09443446023099838,0.015654283537043172,0.04208381815883288,0.0,0.015525885866182039,0.006264144644782353,0.0,0.010759429592926395,0.023420053028688128,0.021373474235717702,0.0009069588406679389,0.02016141939306952,0.013556060033606728,0.0,-0.00272261081109833,0.00829040136425627,-0.015778094938182222,0.0,0.0,0.0,0.0,0.0009175100523686255,0.040865321188076405,0.04291639403230342,0.0,-0.013793068823456973,0.009213337150078148,0.018990761620875745,-0.020134632149057637,0.0,0.0,-0.011542161351005557,0.0031156749142618664,0.0022715895537075976,-0.008760909264481129,0.0,-0.02514330969997275,0.0,-0.1326983838031504,0.0,0.0,7.275868887973545e-05,-0.010281530019937627,0.018479481316128175,0.0,-0.011381845055194156,-0.004958611159827357,0.004045870439851099,-0.0047486081055030365,0.02366997223646396,0.0
2006-03-31,0.0,-0.010131271408369348,0.0,-0.023605424129893037,0.0,0.0,-0.02530528250281221,-0.01098794045065264,-0.016908371672468447,0.0,0.0,0.0,-0.02763059762948186,0.0,0.0008689819201803317,0.0,-0.021596209753664188,0.0013708932025618104,0.0,0.0,-0.013730555520998491,-0.0010827973719834468,-0.012441300883570936,0.0,-0.03178426860031226,0.0,0.02087201047554854,-0.041010665072938525,0.015207525326509517,0.05341623048422377,0.0,-2.618450494091188e-10,0.0,0.03131828337098871,-0.0052911256749729905,0.0,0.0,-0.010169711371434981,0.0,0.0,-3.650326412334024e-05,0.0,-0.015500586980332352,0.0,-0.0040086185693487845,-0.03172542785034566,0.0,-0.026894209271797736,-0.03391051321112685,-0.01318317409288963,0.0,0.012099883879577306,0.020713579912116278,0.0,-0.021027535559084393,-0.01205323044556654,-0.007965402537765662,-0.006255761424753321,0.0036628307337476184,0.010318932955499415,0.0,0.0,0.0030055821166346665,0.013918822463540042,0.0,0.0,0.0,-0.01862771083707255,0.003001612908384433,0.00039978485882682756,0.0,0.0,0.0,-0.013055645534590175,0.022895041653859284,-0.015065511928758286,0.012949975945088442,0.008910796430721533,0.011503854910633812,1.3371387394231744e-10,0.00840424708970813,0.0,0.0,0.0016507587107995325,0.04087050309880872,-0.029014646187046193,0.0,0.0,0.04042155547279532,0.033002913608276056,0.0306532268139827,0.0,0.0181755616875849,0.0003971475358089245,0.03791261824649625,0.041193603187998,0.0008832408653852474,0.0
2006-04-30,0.0,0.0,0.0,-0.017037512510499425,0.0,0.0,-0.01819614904075148,-0.005948153484161451,-0.033299176368663676,0.0,0.0,0.0,-3.9172579849026547e-10,-0.007894201888406551,0.0,0.0,0.0018882177715764277,-0.000262021484356777,-0.00925418936467157,0.0,-0.014202152620669027,-0.0009213142427850326,-0.0055651458003374505,0.0013685331204010152,-0.04631692615331693,0.0,0.0682297067796942,-0.10610988584561329,-0.046585521939431586,0.022243378743001647,0.0,-0.0020966250526498757,0.0,0.012098355169453288,0.0,0.0,0.0,0.00023946084299560864,0.0,0.0,-0.0005255287307811633,-0.00813477409863835,-0.015313743316858239,0.0,-0.0056318868309204635,-0.009859822466301104,0.0,-0.023929077799608102,-0.015940885751113656,-0.026904055434615992,0.0,0.01669720788560789,0.016079029670581474,0.0,-0.0005399541068617482,0.0,-0.0075136432492933685,-0.0027954292443339683,0.0,0.00016787994381407652,0.0,0.0018497061950780267,0.008082477669041235,0.016253586155257363,0.0,0.0,0.0,0.0,0.00012327825405600317,0.0,0.002987480622983325,0.0010001229660441526,0.0,0.0,0.013146496042848928,-0.02145339747050584,0.013306460421640102,0.00938080741313918,0.009450081789931838,0.001735026643525366,0.0054115241221358076,0.0013979663514482813,0.0,0.019969193326105954,0.09726375084160163,-0.021549664235522976,0.0,0.0,0.0035233260675048505,0.024559867559089465,-0.02001290669990945,0.0,6.877295144213401e-11,0.007734385232704414,0.06267629857497238,0.0611363937549931,-0.0062062543766956526,0.0
2006-05-31,0.0,0.0032816958823526786,0.0032718193160684293,-0.016959398822468132,0.000822611003376668,0.0,-0.017446005988406146,-0.0037376711565015232,-0.009972352323157338,0.0,0.0,0.0,0.0,-0.0020006159179917567,0.0031476781365341057,0.0,0.0,0.0,-0.0809103463641206,0.0,0.0,0.0006526982517261196,0.0,0.011805505690928935,-0.01657192993305756,0.0,0.028566551050521517,-0.04114500648320236,-0.04310738107021058,0.034099732011998785,0.0,0.0,0.0,-0.03531460370578046,0.0011183679249351076,0.0,0.0,0.0,0.0,0.005393862646173722,0.0,0.0,-0.004753552024400194,0.002741221693212434,-0.004833047760707203,-0.006069303118224355,0.0,-0.0012740518538815104,-0.004154135256665726,-0.006678965362931636,0.0,0.046204124893971486,0.01505788058216595,0.0,-0.012187003538938713,0.002316278355716412,-0.010105252737777988,-0.0021452625996860077,0.0,0.006408304588761639,0.0,-0.0019186832991239249,1.3090942600263352e-10,0.03172555141195863,0.0,0.0,0.0,0.0,0.009674802732030295,0.006017174091813732,0.010900882046806825,0.010426875424151959,0.0,0.0046998741843762865,0.04109739418036449,-0.024770002673369297,0.013156912878296255,0.019901265716580224,-0.005555570979637018,0.014418476246085986,0.021880784430765483,0.0,0.0,0.10974546817452951,0.039640351065646624,-0.054593352557564166,0.0,0.0,-0.008136817187084077,0.001825855257240222,-0.03961629928459834,0.0,-0.03391413576208842,-0.009002132554886752,-2.1864200463223252e-10,-2.7893542133527267e-06,-0.003124330110682816,0.0
2006-06-30,0.0,0.007549350992974531,0.0,-0.024713559747946253,0.005149930690074705,0.0,-0.025885195649324927,-0.017672042184281,-2.085240808989543e-10,0.0,0.0,0.0,0.008178371773557892,-0.00435739133854163,0.0027377592542837752,0.0,0.0,0.0,-0.04756489696475493,0.0,0.008252411495138067,0.0025192209452089298,0.007202271078692177,0.002013230385116956,0.02179768865393261,0.0,0.020038885022384628,0.008119500092789963,0.008022324202719094,-0.008911659554554082,0.03295670687914263,0.1919865398360803,0.0,0.006738986451902449,8.147956419257768e-11,0.0,0.0,0.006964798987472982,0.0,0.000845600897839393,0.0002884113377601132,0.02161994105944214,0.0013510342845889079,0.026715717078982546,-0.012015896280177876,-0.009216487218522898,0.0,0.0,0.0,0.0,0.0,0.0019880319928907205,-0.011491266733137958,0.0,-0.025550861635209546,0.0,-0.024642999776584216,-0.011938075123708676,0.0,0.0,0.0,-0.025274955065284526,-0.012580877174077245,-0.01974768502026557,0.0,0.0,0.0,-0.005383699309913072,0.0,-0.0009057444170449024,0.00857074885815947,0.004127639981036592,-0.004754168780651148,0.0016477116574373056,-0.00039242550488291245,-0.03816621179643757,0.0,0.0,-0.021463349316875904,0.006802305000995928,0.0,-0.01791532356164574,0.0,-0.017250841204871043,-0.011399342856394776,-0.013470622036271952,0.0,0.0,-0.014106088885501501,0.06711816159620707,0.005974047066585471,0.0,0.0,-0.02931728444796943,-0.020401950109800924,-0.023509098096843567,0.012722672365123157,0.0
2006-07-31,0.0,0.013783927801276843,0.0019235018505325877,0.0025810864381522526,0.005249116564734216,0.0,0.006546030127196486,0.004502021399227153,1.154560690710741e-10,0.0,0.0,0.0,0.02527745802924898,0.0,0.0,0.0,0.025204466597058977,0.0,-0.019516358797294207,0.0,0.003406471572863095,-0.00116494902944959,0.003272533715247048,-1.8678276934652694e-10,0.13205909498998558,0.0,0.039816867869510296,0.00023611051317848193,0.012534054293675002,-0.018293281631068897,0.028849994251780125,0.009087372802947672,0.0,0.006612584576583909,0.009232424557009034,0.0,0.0,0.053983081518776656,0.0,0.0,-0.0002581464131343426,0.006358030637092775,-0.007183330650428027,0.029716095728910284,-0.02661514703949465,-0.034858211405860096,0.0,0.0,-0.01748635067411598,0.0,0.0,0.0,-0.004455081707335522,0.0,-0.026865942384017183,-0.0030892788407016944,-0.005939633520910769,0.002554098206665061,0.0,-0.0030496598645224377,0.0,-0.03305520185577211,-0.032594105116038136,-0.01304418482250325,0.0,0.0,0.0,-0.006242079237621929,0.0,-0.01674391405782331,-0.0011167766437645422,0.0,0.0,0.0,-0.01624291784994602,0.0,0.007330938715612359,0.010896444577774955,-0.004584066994144737,0.0029844017135025806,0.004974347064511774,-0.044771914696702615,0.0,0.0,-0.015942965020981074,-0.04334554298894827,0.0,0.0,-0.00018605397758018468,0.019346274459930483,0.02889925922921088,0.0,-0.017805738971946834,-0.045176172966624156,-0.021061692455449185,-0.01931130019903752,0.00278191008234843,0.0
2006-08-31,0.01319571577144903,0.024539030237863566,0.013601613867753565,0.014509408058622917,0.016615529927745266,0.0,0.017591794216962973,0.013800083174958098,0.00848037718392984,0.0,0.0,0.0,0.039976953344670864,0.0,0.0,0.0,0.0,0.0034032936000371553,0.00386531752545783,0.0,0.014919858869358456,0.0032274322051986663,0.014784585950837899,0.0,0.18208787252808656,0.0,0.02047470547398014,0.0,0.0,-0.027655130764259742,-0.0002663054127239982,0.011624648071127456,0.0,-0.0016494977929919325,0.011550216390134425,0.0,0.0,0.036336997181237535,0.0,0.002115355874720324,-0.013144552443914265,-0.006510038903352763,0.0,-0.0013809684362213737,-0.13873326610578354,-0.00729658551184278,0.0,-8.969079780434311e-05,-0.0008946671650743029,-0.0006110442608873853,0.0,0.004982538152634142,0.0033001569692667223,0.0,0.000681652176872803,0.0031406259496840855,0.0015180388288151474,0.0,-0.0022718411590383876,-0.002122685537227849,0.0,0.0,-0.0018565108651066476,0.0,0.0,0.0,0.0,0.0,0.01049042329113172,1.0267946296049169e-10,-0.011753001976421089,-0.0060022053613612725,0.0,-0.006149137627935445,-0.18592483354742506,-6.481038391169752e-11,0.0021164651885076774,0.0,-0.007352726901563344,-0.007540706371596444,0.0,0.0,0.0,0.006078778843963772,-0.0009356355085376366,-0.01297082258217199,0.0,0.0,-0.0011228477841840109,-0.008038893789699545,0.0009905310423118598,0.0,-0.001151903935366839,-0.01714522553380809,-0.012020951104906231,-0.009886100476812383,-0.007522222277170863,0.0
2006-09-30,0.01731216920514051,0.008165270142359491,0.0,0.0,0.0,0.0,1.352641179495021e-10,0.0,-8.014818627771674e-11,0.0,0.0,0.0,0.0,-0.006349766785663791,-0.008916678977160261,0.0,0.010368172280893283,0.0,0.022901706508602713,0.0,0.005474587918897684,0.0,0.006181075218687095,-0.0008652125150453254,0.0647863197717604,0.0,0.029654497947650092,0.01731994415051662,0.01860862395723843,-0.18278211049349735,0.0054892480919830795,0.014856427818814506,0.0,0.0033895806884646144,-0.004209120143488708,0.0,0.0,0.0,0.0,-0.003346646473246897,-0.013520036991547258,-0.018911283096223,0.0,-0.018123339874232473,-0.08093017878321022,-0.005067565745342759,0.0,-0.011887732119535725,0.0,-0.005241332455340737,0.0,0.0328783328540632,0.04156434149151199,0.0,0.014453683412420948,0.02637826839446296,-0.0015782499733208288,-0.004528492403114329,-0.009765532443271973,0.0,0.0,0.018634010772738675,0.013437950384015239,0.013809899834685984,0.0,0.0,0.0,0.0105349409451423,0.0020453734680376478,0.010215791382600377,-0.007202496756239932,-0.013729232611634019,-0.01096187791568564,-0.013753300634697922,0.0,-0.0026070501358017766,-0.007901860927280903,-0.0064074527248065465,-0.014869752302172209,-0.009598664800457832,-0.008334796222251898,0.008701067492269282,0.0,0.046103861009499314,0.01233893944298908,0.0,0.0,0.0,-0.010144426006909485,-0.013484335548296054,0.020151193199933724,0.0,0.0018550534242336924,0.0,0.0,-0.004981474060376002,0.0023896686551229305,0.0
2006-10-31,0.0029396059571747623,0.0016356846331002251,-0.0018147684416374619,0.0,-1.160488373402349e-10,0.0,0.0,0.0,-0.0020414642561141783,0.0,0.0,0.0,-0.0020762419737372093,-0.0062998029166211,-0.01545390883828234,0.0,0.0,-0.0016245421022005602,1.497356903797398e-10,0.0,0.0,-9.130270700216001e-05,0.0,-0.0060812535241247054,0.0,0.0,0.008118758519756923,0.013005128193435399,0.010596040693195865,-0.05429968647755813,0.04290893570536009,0.00499950709272699,0.0,0.012284187566531036,-0.012822149733679412,0.0,0.0,-0.0022103335006738323,0.0,0.0,-0.010040754208858372,-0.017808365603837063,0.0,-0.12273604512197413,-0.055134137181330437,-0.007094809034602117,0.0,-0.05508200970872069,-0.004499585080274447,-0.0018209758411805777,0.0,0.0,0.0003334108533625727,0.0,0.0,0.011759876901835865,-0.005669020578852406,-0.005552743340471068,-0.02754678420989397,0.026501735897048573,0.0,0.006856824316873767,0.011661514424245144,0.0024828962257644,0.0,0.0,0.0,0.0019507790315037136,0.0,0.0,-0.01891999103946449,-0.0030166592135466874,-0.00014642512678365044,-0.004560078497250628,0.014444891295393286,0.016261749185226052,0.0,-0.01627999590370166,-0.00026337052187630256,0.014661690997363658,0.00044649643863691954,0.008529826070321017,0.0,0.08319245937449857,0.03711747078193395,0.022812785513914392,0.0,0.0,-0.03901279519970126,0.01727054512325068,0.0602630595913194,0.0,0.014409557103696596,0.018297513265647325,0.020303384985236504,0.013953684111910697,0.0,0.0
2006-11-30,0.009045921280726071,0.013095107725950196,-0.0135532147926597,0.0,-0.06648237991832089,0.0,0.010738749107583464,0.0,-1.4420400703981646e-10,0.0,0.0,0.0,-0.02197232055862905,-0.0014786649544058037,-0.0031944898235370446,0.0,-0.016767709739297088,-0.0030564212083595615,0.0,0.0,0.0,-0.005757388017954055,0.0,-0.009680700107071399,-0.004634664661133995,0.0,0.010515770213388264,0.0,0.0008112646067925179,-0.10451685630207233,0.017178083767532246,0.01311625709825793,0.0,0.022898691945458686,-0.01573794990481911,0.0,0.0,0.0,0.0,0.0,-0.0016582566058813226,-0.007900789100107183,-0.016739654819129483,0.0,-0.005165225448769679,-0.037521661764017666,0.0,0.0,-0.013191740775045622,-0.015088773740218398,0.0,-0.002384786280736739,-0.0005233171923732362,0.0,-0.002321831811863201,-0.006071637395863445,-0.007929783846508819,0.002666144737295292,-0.07070986290269592,0.00763741306613239,0.0,-0.00255809110453119,-0.0007622933105765446,-0.01110171291677921,0.0,0.0,0.0,0.0,0.00912510184658919,0.001771398952831078,0.0014364173441087135,0.0,0.00939232326935649,0.0,0.00651563611299358,0.030400208899761312,0.011218761207759869,0.003572939105838288,0.0,0.010138929957749294,0.01655100280329951,0.01582478664400387,0.0,0.037831744239710745,0.0224660509870779,0.017852923339410548,0.0,0.0,0.004845346368106728,0.028478366029289232,0.03777580945967628,0.0,0.025265073410263256,1.218393772615224e-10,0.0,0.10183377635121767,-0.031537820852438274,0.0
2006-12-31,0.013499135562365165,0.013495821790698104,-0.001210192994159792,0.010545055537351423,-0.02579473607232032,0.0,0.022891655788107878,0.002603586032815137,0.0,0.0,0.0,0.0,-0.013938963127809076,-0.006127639333954723,-0.005605320636543554,0.0,-0.01263531737709236,0.0,0.0,0.0,0.0,-0.005999138946563497,1.853169198647353e-05,-0.003404641593043597,0.0,0.0,0.003116301614872126,0.0,0.003324144666317687,-0.04026882764650243,-0.044794704305913126,0.014868288589405709,0.0,0.006518761527369018,-0.020921466519373613,0.0,0.0,0.0030262209387908606,0.0,0.00434881363497468,-0.005060640275821115,-0.003122300284562087,-0.007898375829892543,-0.01428662033362076,0.0,-0.01694583521779603,0.0,0.0,-0.005389618753043344,-0.023271112586585586,0.0,0.0,-2.985020942654224e-10,0.0,0.0,-0.0466312199778028,-0.0009436633594226443,0.0014461369881239115,-0.03037600290620503,0.0,0.0,0.0,0.0,-0.009656145361601476,0.0,0.0,0.0,0.0,0.021051730041277954,0.0,-0.015056028717194319,-0.021700219876887934,0.014236586126961208,1.518193683214509e-10,0.007998066978507754,0.04862558244950591,0.000832419337029485,0.003507573657162849,0.007853756555304363,-0.048752327547617914,0.037890746978092714,-0.0063819269557570816,0.0,0.05058946273755225,-0.005268788984060942,-0.024028783150758976,0.0,0.0,0.0032336413235819345,0.05519052476606056,0.044857321252445424,0.0,0.07598673549537328,0.007589515898062003,0.00830121797806769,0.012552663910017105,-0.034529441029591296,0.0
2007-01-31,0.0036093220621138474,0.010982081221123562,0.017049639041804312,-0.028668278753906793,0.0,0.0,-0.010344332717464452,0.0016442616773332868,-0.004178104956853664,0.0,0.0,0.0,-0.01880972657759565,-0.004909856139553912,0.0,0.0,0.0007625648146173033,0.057054502864203015,0.0,0.0,0.0,-0.0015089991927197406,0.007857700711839385,-2.546295767562284e-10,0.0,0.0,0.0,0.042619847252982276,0.0,0.0,0.0037779615103489053,0.025784738537045923,0.0,0.009136912031374355,-0.019997968678819474,0.0,0.0,0.0,0.0,-0.010750242014308135,-0.020610418464555882,0.010252626719922239,-0.008129319470859205,-0.004525361049820392,-0.0054842904754384665,-0.011094154151862818,0.0,0.006758539437707828,-0.020008018980408254,-0.012002268603594681,0.0,0.0,-0.02041122705284188,0.0,0.04657617696847478,-0.053475379154029855,0.0,-0.009220735977189119,6.283369078715448e-11,-0.0077209514166575715,0.0,0.0004749152433529307,0.027373104724363276,-0.00921318626379224,0.0,0.0,0.0,-0.025628614523868273,0.0,-0.005822044635989365,-0.02112480967459046,-0.030223805603752228,0.008744222298284513,0.0,0.009236081211857965,0.0060819645442499225,-0.02234355567647178,0.0,0.011887641657881936,-0.06024088856422371,9.75565180159636e-05,-0.013613582279212328,0.0,-0.01848453099981934,0.0,-0.02145534769517074,0.0,0.0,0.020404601799827404,0.02223531438879793,0.004976928083495958,0.0,0.09979811712218914,0.013710298331257469,0.009038845989289142,0.015038889976355788,0.007034643197055877,0.0
2007-02-28,-0.007073308241119368,0.0,0.0,0.0,-0.02019222609983979,0.0,-0.00369817198869312,0.0009479697302554429,0.001981972590760504,0.0,0.0,0.0,-0.009175044502779258,-0.028980664136186628,-0.023777843125999874,0.0,-0.012557590855747421,0.0030498555085127234,0.0,0.0,-0.021207508294429068,-0.03426468717227803,-0.011793326267166514,-0.004036318232233557,0.0,0.0,0.0,-2.382728942120396e-10,-0.029135068082721517,-0.01142928827330128,0.018301024509368196,0.0719576460683627,0.0,0.014254741345116688,0.0,0.0,0.0,0.0,0.0,-0.013693855333179619,-0.038248674457086046,-0.012662085966605872,-0.015731832221609315,0.011214294298978038,0.0,-0.009611688037070548,0.0,0.02728227058544009,-0.015681659657452912,-0.016988462825115378,0.0,-0.00708475474947896,-0.01345999232107666,0.0,0.0,0.0022796041244003283,0.0,-0.03347199863882647,-0.015080510504860612,-0.02936171179613416,0.0,0.0042549239453394975,0.0,-0.0301076380784074,0.0,0.0,0.0,-0.012688187700658849,0.009554210172596,-0.011298998939048548,7.334764164634332e-11,0.0,0.04320806148903475,0.0028847354706356314,0.01073261146948283,0.011627170927490469,0.002807043027495908,0.01267185549225997,0.010283942055684439,0.005060477462844582,0.013321272206981814,0.011584248483026067,0.0,0.0,0.0154457967283807,0.009361577920969423,0.0,0.0,0.015180221507996744,0.01946726735461126,-0.007506903262620224,0.0,0.07647808748870957,0.0349678697050228,0.015419086853210175,0.024420161403684915,0.0,0.0
2007-03-31,-0.044449276482552764,-0.016922527560863876,-0.008946747960692104,0.0,-0.026982323344468512,0.0,0.0,0.010781710996479621,0.0,0.0,0.0,0.0,0.0,-0.015608952150215159,-0.0402584417230763,0.0,-0.00460036436703654,-0.009951030445806367,-0.01593726457606015,0.0,-0.04552451907303023,-0.04256238929838037,-0.021525969441625895,-0.0017382772109825815,0.0,0.0,-0.013821176451871614,-0.0187845214335634,-0.02633267869426905,-0.008981765849530587,0.018513178350739495,0.08907887803527428,0.0,0.0215375097814006,0.00415683034184419,0.0,0.0,0.0031015648759884417,0.0,0.0,0.0,-0.029386637015760664,8.709168280658839e-11,0.009996684667057963,0.0007095913505671897,0.0,0.0,-0.0028461056921981103,0.0,0.0,0.0,-0.018751644922929276,-0.000711990063671552,0.0,-0.0016086388263302092,0.008262479433357985,-0.022096781205224743,-0.0108634439027201,-0.0027971152430192672,-0.0002548509394519909,0.0,0.011004748055460907,0.0,-0.00836325885249405,0.008646189040519087,0.0,0.0,0.0,0.019476302012373832,-0.028373105602975006,0.0021906337165380632,0.005206983954301285,0.008492920976219917,0.007766694769826655,0.0,0.012407814315823627,0.0,0.0004688691840542218,0.028313438103563075,0.004568767567546216,0.0033381488685777214,0.02542573899261543,0.0,0.0,0.00792734151548206,0.02432424950209143,0.0,0.0,0.0012046669379352983,-1.4348309797605314e-10,0.0,0.0,0.05229342726168198,0.04051206913399294,0.025022827081924826,0.04526974108967003,-0.011018201525716384,0.0
2007-04-30,0.0,-0.0019804701016626377,0.0,0.0,0.0,0.0,-0.00940502407714558,0.0,-0.012880192751574584,0.0,0.0,0.0,0.01019950005155218,0.0,-0.0011114813916582205,0.0,0.0,-0.004939126763305844,-0.02922071406448856,0.0,-0.015964070738770052,0.0,0.0,-0.004707552031526806,0.00397848992475629,0.0,0.0,-0.0040576283850519155,0.0,0.0010107714351377474,0.02323508306917365,0.0835805067617888,0.0,0.014526806112148809,0.027300993098621988,0.0,0.0,0.026917383255745046,0.0,0.0014330928298935922,0.001172976192249816,-0.019890797569625394,0.013301856090575145,0.016363952281072635,0.0069091043052415925,-0.024024895530752294,0.0,-0.013573738311694193,-0.026857590421108312,-0.03375705906791667,0.0,-0.04768039768913501,-0.04116710220392729,0.0,-0.020909754643703066,0.0,-0.023312460589461858,-0.0010844395398225217,0.0,-0.026391912624615013,0.0,0.0,0.00546904911847837,-0.01924903803081303,-0.017055623101949875,0.0,0.0,0.0035744944996989308,0.0052541774766443556,-0.05672276903972097,0.004684016115941719,0.016034681389442793,6.402138344122797e-11,0.0007044464162117049,0.0030770046463100653,0.010837321099593492,-0.004615748838934536,0.0,0.04073153405056917,-1.5319143387523506e-10,-0.0006095785414279391,0.008833636501495067,0.0,-0.005781772202293036,-0.008748588887385916,0.08119571913347215,0.0,0.0,0.019847052643925084,-0.016922766738123738,0.0038963266001763833,0.0,0.003692671328227187,-0.007377705969213666,0.00298783328192684,0.059249520225908105,0.0,0.0
2007-05-31,4.202759949928087e-11,0.0,0.0,0.0,0.0013446431846256433,0.0,0.0,0.0,-0.004402037845298633,0.0,0.0,0.0,0.0097975152638828,0.006255347860800285,0.0,0.0,0.01530458109415795,-0.0013209500793972442,-0.015295861674285528,0.0,0.0,0.0003775704184147179,0.0019157275228068019,0.0,0.003946674654821588,0.0,0.0015058091709095332,0.0,0.0,0.0044253034595332875,0.014067190090480384,0.05250610134271921,0.0,0.027902316333072393,0.022015383814729828,0.0,0.0,0.047286061178960066,0.0,0.0035726760066871056,-0.004540406341964276,0.0,0.022129748278210078,0.0027895736875946445,0.005567810507420138,-0.003841313324132977,0.0,-0.009139062704619018,-0.002041238601308275,-0.04219370277541535,0.0,-0.04265023488308526,-0.008571346004204464,0.0,-0.04092370983469071,-0.031074302923922617,-0.013066166345972104,0.0,-0.013044248443909156,-0.04144239443179077,0.0,-0.031629303775455336,-0.001218349625700996,-0.036617569262913915,-0.05538729080523283,-0.015782420529745253,0.0,0.0,0.0,-0.005025891692529773,0.005799993267571345,0.0,0.006075038991368342,0.006433448204800121,0.0008281829560392123,0.008987641133712504,-0.009464621213715886,0.0,0.004951699893899592,0.004648774564803729,0.0010506295660462337,-1.201849901594663e-10,0.0,0.0,-0.002620189904590956,-0.011343873751416968,0.0,0.0,0.09820052426632189,-0.005572210147024975,-0.0021197085331554916,0.0,-0.01606811377835592,-0.024868111100922373,-0.008735369545058021,0.1177104749704169,0.002603558273166065,0.0
2007-06-30,0.2,0.005653038225161677,0.0,0.0048769609442053845,3.822233104141513e-05,0.0,0.10385640952386808,0.0,0.0,0.0,0.0,0.0,0.0,0.01209281970127749,0.009120504142560779,0.0,-0.0001321687022173045,0.0,-0.0006318231517998213,0.0,0.0006515188573942332,-0.004426819406965635,0.010084508403446399,0.0006697303302033303,0.0027316660273793243,0.0,0.010413261327799104,0.0011302141684085766,0.0,0.0036428787493008098,0.002136262250894882,-0.020275580291132505,0.0,0.0008457910509966859,0.0029186139918014023,0.0,0.0,0.010671919080665613,0.0,0.0026218164662477673,-0.0034036038912124483,-0.0007004359282810639,0.018373187882201263,0.0,0.0,0.00048138573478325673,0.0,-0.017051306110827207,0.0,-0.028971638777541064,0.0,-0.016840718398122553,-0.004109644761834732,0.0,-0.044848205576928764,-0.03666352938049113,-0.033174964762044505,-0.013851929425004128,-0.03192694652499037,-0.024348349277458783,0.0,-0.04311536198194915,-0.027363109628850503,-0.03830180053043542,-0.02678569948255531,-8.738362393026399e-11,0.0,0.0,0.0006679042303250402,0.0,0.0,-0.0076285183299017335,0.016067572456935443,0.0,-0.0023978991030714244,1.6275400688626097e-11,-0.014444220070917503,-0.008380398247378355,0.0,-0.002072462636339155,0.003253864243253768,-0.00031594171447175696,0.0,0.001608708661273313,0.0,-0.022312004182173925,0.0,0.0,0.02045995335387531,0.0,0.000989861767912053,0.0,0.0,-0.011378235312942252,-0.014146684324777866,0.03340362911080825,0.020537796969703963,0.0
2007-07-31,0.0,0.025907224629759563,0.0,-0.010488884757622684,0.012833605725290841,0.0,0.00775305630751188,-0.007910968706042024,0.0,0.0,0.0,0.0,0.0,0.0,0.009240451658982074,0.0,0.0,0.007281869416497403,0.0,0.0,0.023718290197092474,0.0,0.02444150281241277,0.0012470685001660636,0.0,0.0,-0.00567001461852387,-0.013698282986707411,-0.005189895164878774,0.0003395593947431485,0.028927050027963565,-0.014641351496162847,0.0,0.007595016629583117,0.0,0.0,0.0,0.025793617718191483,0.0,0.025684393028596413,-0.0005186377773272185,-0.005510976591584033,0.08672032357542835,0.009886756172791519,0.0365089518581906,0.0,0.0,0.0,-0.004689148662217893,-0.046599261104044595,0.0,0.0,-0.003974837234511961,0.0,-0.04672877638645953,-0.027376862010772218,-0.03923706406969675,-0.01795239651574177,-0.042383254035661004,-0.027260328141111307,0.0,-0.032843017737827385,-0.013119881469736134,-0.027146657514508257,-0.00565848029890693,0.015534383031312654,0.0,0.0015842306782274775,0.015205882451006484,4.882707399146793e-11,0.0023134360387866066,0.004547580046495998,0.0,0.0,0.0,-0.0037924111254606496,-0.016145217672007058,-0.015085188445290073,-0.012626608525736186,0.0,-0.014495576854131853,0.0011543696451095818,0.0,0.017580515138310267,0.01790407241758186,-0.009325531898055966,0.0,0.0,0.039305005875468466,0.010217813689844488,0.02056327663364007,0.0,0.0031422611153103415,-0.008844624733651985,-0.02108586337247157,0.017068435536877327,-9.315002888904518e-11,0.0
2007-08-31,0.0029941972626864664,0.009878398376562408,0.0021261367298411734,-0.01715200445136987,0.000985042108727874,0.0,-0.0034879221012871528,-0.016247590845931834,0.0,0.0,0.0,0.0,0.0,0.0,0.00269909187341801,0.0,0.0,0.03696899122356837,0.000577669036155653,0.0,0.0004984632043409262,0.0007155968124208452,0.001794301540851001,0.0025568180675258983,0.0,0.0,-0.004448677230439468,0.0,0.0,0.0,-0.0031064358907066203,0.0,0.0,0.0,-0.013002073331912091,0.0,0.0,-0.0016094009144595192,0.0,0.03982449551560387,0.0,-0.007583813164132367,0.06004181572940202,0.0189637929027217,-0.004248667895219931,-0.012140851676818339,0.0,-0.01679163848343437,-0.015745350301224023,5.973180162368174e-11,0.0,0.008893132497279783,0.010701601997566732,0.0,-0.009123876397544164,-1.2152469869010192e-10,0.0,-0.05695772750501251,-0.004863664773589469,0.0,0.0,0.0,0.0,0.0018383873516487498,0.003592904976417985,0.0291990974253364,0.0,0.01623819646441346,0.02137335010636116,0.004637976997823175,0.0,0.031743637067057386,0.003245972240680178,-0.004716677091905132,-0.0048367353592203175,-0.008825174004705949,-0.02361774411409431,-0.012463153008088399,-0.024690005931540544,-0.01093684552494914,-0.012131956046504341,0.0,0.0,0.1551278569043752,0.02072043232596288,-0.01766223472842221,0.0,0.0,0.0,0.005461314666631275,0.0006039236450763055,0.0,0.00599740488981132,-0.019866239914735982,-0.029838191481796988,-0.009070279701845995,-0.013946985668173803,-0.1208880823394105
2007-09-30,0.08147234712061924,0.0367908942076734,0.038917580942995335,-0.09282180229287108,0.0,0.0,0.0,-0.022419860261399426,-0.005542113640446281,0.0,0.0,0.0,-0.007394342658331587,0.015771277823272273,0.0,0.0,-0.0018402248152082988,0.003988620508980762,-0.0029859769674734425,0.0,0.0,0.0,0.0,0.0,0.0,0.0,-0.0008951646945346125,0.002355892846177657,0.0012155887193717255,-0.0083793417480488,-0.005259899822407661,-0.004437436202020968,0.0,-0.004134259964906687,-8.246212932661427e-11,0.0,0.0,-0.0013395641681565387,0.0,0.028078317548876984,0.0013653592588524807,9.957092482343537e-11,0.052561452232350724,0.029678415701772525,-0.004087359306939761,-0.014587520662786829,0.0,0.0,-0.0040258099368232925,0.015577278877419307,0.0,0.02623594428753281,0.0,0.0,0.014071750796425987,0.004034994043822285,0.0033546707637190946,-0.0071503008911207675,0.0,0.0010984508663628794,0.0,0.0,-0.0033089874697586168,0.0,-0.002396269469838649,0.0,0.0,0.005876265062520481,0.011103504944446122,0.0009576395138965021,-0.0047250595886082335,0.008062358940801543,0.017202359268376727,-0.029982327805571418,-0.05276376240742664,0.0,0.0,0.005122436866345498,0.0,-0.009771795607959993,0.0,0.011958933499080863,0.0,0.011871977630568213,0.05709360232403709,-0.16143850751089284,0.0,0.0,-0.0004070688498430885,0.001968830573676798,0.008955718300635934,0.0,0.0032575364298177813,-0.020283770997171865,-0.016197983792451378,-0.003672004517669071,-0.006487988758454133,-0.001263495108415935
2007-10-31,0.01704984292202937,0.03817637477928531,0.024180416989302324,-0.0015627404026743916,0.006020085004797894,0.0,0.004813871563490464,-0.002126574416066051,0.0,0.0,0.0,0.0,-0.003867177918433938,0.010216591869621044,0.002138654264611294,0.0,0.0,0.002649183594279945,-0.06236378434605263,0.0,0.0018068813074674434,-0.0052140618903979375,-0.0020568713791653238,0.00012087727140938976,0.0,0.0,-0.029252402405050993,-0.003445944824257549,0.0,-1.570304706509208e-10,-0.08612728940141312,-0.020442069941542868,0.0,-0.07216349181374088,-0.008029563023156097,0.0,0.0,-0.044369488744776996,0.0,0.01558741750660834,0.0,0.010576185245895788,0.0473513862435649,0.022929772059305412,-0.005399442741275663,-0.010737069932067243,0.0,0.0,0.0,0.017501569829103454,0.0,0.023008020257381134,-0.007583040518967847,0.0,0.04940153720688329,0.0,0.0,-0.015618541632262107,0.0,-0.009095122030375607,0.0,-0.004364918959893537,0.0,-0.012936042763407072,-0.013102363828343367,-0.023329800446499974,0.0,0.0,0.0,0.0,0.0,0.008679637965745397,0.011816514527025587,-0.002743894681622797,-0.004421507619349623,0.01122265173245864,0.002884105908118625,0.024964483337515376,1.4045346539916223e-10,0.0,0.0,0.02328151190373697,0.0,0.005552512526228079,0.061512779537293075,-0.009305388970798393,0.0,0.0,-0.00046351573343418704,0.010236505666839688,0.02203161285283647,0.0,0.02119574430853532,-0.0045822870549626525,-0.02178675713561448,-0.013508845287366235,0.0,0.003093271678176507
2007-11-30,-0.003281309646067936,-0.010921252685059373,-0.012037285018459038,0.0,0.010854533504877894,0.0,0.02024934781367909,0.0,0.006246486269437546,0.0,0.0,0.0,0.0,0.015013136626107112,0.0030949242610256106,0.0,0.0,0.011657778295905238,-0.011190352686041821,0.0,0.01941033285142451,0.0,-0.008458094409417426,-0.0026815993991256963,1.38666725563398e-10,0.0,-0.009712235121086394,0.0,0.001168615068676021,0.0,-0.025707159334989065,-0.003374128338061934,0.0,-0.027799188501043154,-0.012476555223075437,0.0,0.0,-0.030523963326430398,0.0,-0.02183229175757424,-1.1596484452745265e-10,-0.015775124811361094,0.00011345354741645202,0.0038575295973442007,-0.020818562877778505,-0.030571229160708258,0.0,-0.03394984570046382,-0.03077564200529752,0.010762401047229406,0.0,0.04132887269994778,0.0,0.0,0.04287384558523578,0.008912519408547455,-0.006496003113979645,-0.013436064200685275,-0.005818459183713764,0.0,0.0,0.0,0.0,-0.007002673351902208,-0.002424446964010936,-0.006168457211268247,0.0,0.00025582337336257384,0.003262157450939228,0.0,3.739267852046788e-05,0.00653167084411951,0.004548006852778564,-0.0033372513125632516,0.0,0.06749018157046197,0.015777312142379103,0.026188376102725067,0.01392581513576211,0.011006159883713203,-0.01847535430727843,0.0005486555442540506,0.0,0.0,0.0,0.0,0.0,0.0,0.0,0.017034647460056607,0.057607411539624606,0.0,0.07652734750442311,0.0,-0.04701877531971756,-0.06369295165773269,0.003715265201359107,-0.01424374325914197
2007-12-31,-0.008514764073492451,-0.020888857492217174,-0.027155960875662338,0.01200840887498057,0.018991220999617614,0.0,0.0,0.0,0.005174268978106813,0.0,0.0,0.0,0.004915472472624157,-0.013010326829562487,0.0,0.0,0.0,0.02861926916183661,0.0,0.0,0.0,0.005849365610746811,0.0016974708559599724,-0.003052995651017219,0.0,0.0,0.0,0.008936088645164288,0.0,-0.01875083864115177,0.0005007629450718825,0.012396413743435182,0.0,-0.0076226321725354025,-0.0054736229852456325,0.0,0.0,-0.030960234896920957,0.0,-0.02814838451433214,-0.00593127524607031,-0.03174490507596747,-0.008115659999686765,0.0,0.009022272326900048,-0.04552128663341583,0.0,-0.03850712789828032,-0.047685947177670114,0.0181538901563572,0.0,0.0,0.0014032842760893915,0.0,-0.010084821063562085,0.006978460339391859,0.0016426895287233354,-0.007321002544901429,-0.009745894808145873,-0.010624505056778602,0.0,0.010382132239046923,0.062025412908237515,0.04296480666421859,0.001209184669550282,0.03449026132138847,0.0,-2.867688324802801e-10,-0.004919848048336184,-0.022187895156840557,0.06161677429745451,0.0,0.0,-0.01641790680542499,0.01936823585724972,0.0,0.0,0.008360474637156943,-0.017609356089961895,0.05882111312702347,-0.0249074685942493,-0.003655063641456963,0.0,0.0008972091093820658,0.0,-0.004177953584132939,0.0,0.0,0.0,0.003528514164216233,0.023402079533003592,0.0,0.03409439356211319,0.0025500688301726784,0.0,1.647800381734143e-10,-0.011120602167807438,-0.016142861988404623
2008-01-31,0.010379565692344835,0.009440408561830746,0.00870856819904057,0.0017092807678813242,0.04181167191558994,0.0,0.0,0.002708460851741484,0.006070340567169639,0.0,0.0,0.0,0.0,-0.0010846070075252578,0.000454806670233771,0.0,0.002922409625785213,0.026193661488461587,0.0,0.0,0.0,-1.667526263870811e-10,0.04888367384532526,-0.0419234550139199,0.0,0.0,-0.015775044037697406,0.0,0.0,-0.027330931810961454,0.0,0.0,0.0,-0.014160002717274266,1.7103847860681698e-10,0.0,0.0,-0.009724715655429648,0.0,0.00598994346226505,-0.0006769211556252487,-0.01551926507059807,0.0015451096162854543,-0.0056646113133350445,0.046821996992377206,0.0,0.0,0.007164104598080045,0.0,0.0,0.0,0.0,0.0014607333894002613,0.0,-0.005504005059878373,0.0,-0.005284200419099974,-0.03466760715329041,-0.0421883231831731,-0.005853748467371462,0.0,0.010444170337194589,0.0,0.055365896755861996,0.0005652708018335915,0.0,0.0,-0.005198803497730305,-0.014589408274911722,-0.022180137382211446,0.012581428263929488,-0.016365132399963466,-0.010973780119046412,-0.014306658681235132,-0.004657906477829102,0.01114872116301469,-0.0036663431883898296,0.01715715913548906,-0.002998573810763138,0.011351535357764257,-0.06132500649353447,0.0,0.0,0.033192758781288446,0.0300834727764372,-0.02163931594986261,0.0,0.0,0.0028558328448497613,-0.000825597887222387,0.03082506118397859,0.0,0.04904615894316751,0.0,-0.005470595215940125,0.013117797240340002,-0.019041951780212642,-0.07140335060921507
2008-02-29,0.0,0.0,0.0028313011082591252,0.017194474297190697,0.0,0.0,0.008411981512536576,0.017748199040845014,0.0005232575924092576,0.0,0.0,0.0,0.008025201551195224,1.908454739514487e-10,0.00030018711548336917,0.0,0.0032689775029952745,0.026872518713973812,0.0,0.0,-0.003910586932140022,-0.011276393099631549,-0.0028182048126264227,-0.03954042314864433,-0.00047526980445642065,0.0,0.008213419619397117,0.0,0.015233492570065236,-0.04158077872611837,0.0,0.01477827190508033,0.0,-0.004115083025339634,0.0,0.0,0.0,0.002903541452425238,0.0,-0.0035613876110323346,-0.001494761474789578,-0.010949017066132246,0.0,-0.007240976534820177,0.03195782796837152,0.02036006664731266,0.0,0.0,0.008317001205014822,0.02642914221127565,0.0,0.03697147091385674,0.0065835777565471125,0.0,0.009973936951617475,0.0353175181376559,-0.009635315527185809,0.0,0.0,0.026461278534780253,0.0,0.04095662811866552,0.0,0.01586573854170312,0.01660853101539194,-0.019601191578818646,0.0,0.0,-0.014287949185947895,-0.004144416585208581,0.0,-0.01756419782474952,-0.10878448246967222,-0.00890865199658269,-0.0450373082271501,0.031315700019477186,0.0,0.007242170134495425,0.0,-0.007445298936458823,-0.04113608792081228,-1.4410432194742331e-10,0.0,0.0,-0.008255696118700025,-0.02509956992998957,0.0,0.0,0.0,-0.001178704724913894,0.02952544054426432,0.0,0.02980914712686866,-0.008453312643719851,-0.006860486429871622,-0.006150810398851937,-0.02356949131519585,-0.01692414580633522
2008-03-31,-0.011156049708230798,-0.007626159578684852,-0.00623923518957312,0.016837488310030246,0.0,0.0,0.010218334469240803,0.012599414145236538,0.0,0.0,0.0,0.0,0.011584027692354852,0.0,-0.0029856130394069033,0.0,0.0,0.0,0.0,0.0,-0.01738934776632548,-0.015126026374724365,-0.01222772070041164,0.0,0.0,0.0,0.006617050570923906,-0.005164911788140163,0.0,-0.026621691812973514,-0.013515082721598709,-0.009365511376804308,0.0,-0.048077272006347024,-0.018461015253233858,0.0,0.0,0.0013266211768741868,0.0,-0.006466200927720614,0.0,-0.016073517770642913,-0.013229198126218247,0.0,0.010051553022530508,0.02081629548738793,0.0,0.00429714923053783,0.016316990756445507,1.485573740770016e-10,0.0,0.10927215965048799,0.0,0.0,0.0047604004689234284,0.06487379007355706,-0.03595881097626392,0.012920103026489653,0.0,0.054731417862863174,0.0,0.05001810988299956,0.007374022096396633,-0.0008959159026639429,0.012485434092487787,-0.022608524862767272,0.0,0.0,0.00022702559519805206,0.0023506389657280045,0.003417200851641915,0.0008647393463613347,0.0,0.0,0.010007086840239073,0.02579318674009376,0.010258663658926305,-0.00022418477068466444,0.0,-0.018074675287398284,-0.007887569647761952,-1.3508897506469553e-10,0.0,-0.01746847390106881,-0.015512285054370937,-0.03449022560802234,0.0,0.0,-0.009020724031358509,0.0038469449050553784,0.004998153150456787,0.0,0.005172310164660035,-0.03877610915177865,-0.025272376584715376,-0.04408556994501984,0.0,0.005963687617314401
2008-04-30,-0.0005200665354234135,0.0,-0.006767216105491635,0.019494403666267153,0.0,0.0,0.019662038451303453,0.02056749440210204,0.018347652085288817,0.0,0.0,0.0,0.01556455091251098,0.0,0.0,0.0,0.0,-0.010411908323258126,0.021204130209594357,0.0,-0.0021920111452446633,-0.005607954055140548,0.0,0.0023344372212558075,0.0,0.0,-0.012341523260540296,-0.002157132660078613,0.012062556506154206,-0.026666892982798503,-0.02007945852169385,-0.03170721515645408,0.0,-0.03362215804475177,-0.029374218046235714,0.0,0.0,-0.008217446912594026,0.0,0.0005221486939499986,0.011050346857314854,0.0,-0.0021498127541869053,0.006506627685546131,0.032556289064556224,0.05328786398114095,0.0,0.03616481356367588,0.041672794070793294,-0.01836596832950298,0.0,0.0022635212628409358,0.0,0.0,0.0,0.0,-0.04942195142017159,0.01096764493126162,-0.01779681459628591,-0.008339704533654709,0.0,0.0006224145739356964,0.011558546680434592,-0.012603486244727548,-0.004519923214031785,-0.022207413364564037,0.0,0.0,0.0,0.01692864744573656,0.0,-0.0007254869263311505,0.009249423792926753,0.0009874718901832094,0.017024079035884477,0.0213270985855623,0.03575061352235555,0.021456244641701174,0.02225442716665981,-0.010350089297868383,0.0,0.016040374696743794,0.0,0.0,0.0,-0.07467720784747711,0.0,0.0,0.0,0.00257134420132311,2.0099629755199508e-10,0.0,-0.001054572498838794,-0.004573515015494374,-0.046352960463472044,-0.03349514547705159,-1.4461948277895194e-10,-0.0037007461220165006
2008-05-31,0.0023545356468351658,0.008460100521031372,0.0,0.0,0.0,0.0,0.002985483075789959,0.0024666864370163984,0.018403954333004582,0.0,0.0,0.0,0.0,0.0,0.0,0.0,0.0,0.0,0.006460079051857971,0.0,0.0038669841787118027,0.00019261725459486533,0.007465525520684085,0.007880005357081984,-0.0034948844587791273,0.0,0.0,-0.025888520411416118,-0.0025238235968442317,-0.03139533109622891,0.0,0.0,0.0,0.0,-0.02391476122805364,0.0,0.0,-0.01943348189462813,0.0,0.013429962920440065,0.021246333931807464,0.017824001371588172,0.0,0.012293878460029174,0.0336805399505877,0.024843664337321082,0.0,-0.003947050777558829,0.04269945047779732,-0.03559098252251977,0.0,-0.0141169316808826,-0.02018037623184313,-0.015821257312705714,-0.021483496905546344,-0.0205687003321359,-0.0115363530139571,-0.0055644698850828254,-0.03421175665783582,-0.014893609503306322,0.0,-0.01782012289106782,-0.009362594115191565,-0.028356961352004162,-0.01967732016044577,-0.027239625588999786,0.0,0.0024510783030709886,-0.0019182579965471072,1.2926190461784693e-10,0.0,0.0,0.007116754624517047,-0.009497881547640466,0.0,0.014868990443633783,0.05607480697814291,0.04878091672505363,0.011010485072688403,-0.031361277554541336,-0.015368881938198,0.05459354434428982,0.0,0.029092066678352475,0.022310703760403325,0.004469277733104934,0.0,0.0,0.015025232035873672,0.007652340345427914,0.0,0.0,0.0,0.0,-0.005287994378691434,-1.114166768470675e-10,-0.009577236492496219,-0.019966058363435096
2008-06-30,-0.004542070370037713,0.002921539712671097,9.672604379938948e-11,0.0,0.004601780998603137,0.0,0.008073107038339715,0.01597011371811756,0.0,0.0,0.0,0.0,0.011232924800234684,0.004561938928564504,0.0069315120897207325,0.0,-0.000432689891884555,0.0009100950948035208,0.0,0.0,0.004452769224896551,0.0,0.005211246924394945,0.009857975436545229,0.0,0.0,0.0,-0.0079317057108632,0.0,-0.08304154035936362,-0.00536015273309278,-0.005440863417949317,0.0,0.005838708538417492,-0.007564874633415307,0.0,0.0,-0.013338096352574614,0.0,0.0,0.01129330912324167,0.015149829967037447,0.007447040542946293,0.008375746373211838,0.030311835682757214,0.04111285163006182,0.0,-0.011814671989082181,0.07060794694333845,-0.006169263144657606,0.0,-0.00728041937306203,-0.016399882558622625,-0.003706316605115257,-0.008686363205853977,-0.02017148685072985,-0.005625101487349955,-0.009037544153420953,-0.09852309613215954,-0.0025360760863527743,0.0,-0.033331442487460713,-0.05232096688538161,-0.027848301621227232,-0.007185904223058816,-0.003945819658852792,0.0,0.0,-0.0036077053691688315,0.01662339439206694,0.0,0.0,0.0,-9.789591566608164e-11,0.01519592721203689,0.019455265227426955,0.0,0.0,0.00508452110238891,-0.01227820779056437,-0.005299318999534655,0.09791503261379282,0.0,0.03643375928058562,0.015891176957278014,0.0,0.0,0.0,0.01335815878471639,0.011423179337388182,0.0,0.0,0.0,-0.018193021733399147,0.0,0.0037573122276893427,0.0,-0.018387096077868138
2008-07-31,-0.013462712685686698,0.0,0.0013484760307065338,-0.0023138735300670863,0.0,0.0,0.0018587992704711506,0.020127111123383733,0.0,0.0,0.0,0.0,0.005226318302101115,0.0008412491149676369,-0.0014736906689157678,0.0,-0.013374712326060492,0.0010243657662563157,0.0014941666019718395,0.0,0.0,-0.0076836055727924945,0.0,0.0,0.10254345683293568,0.0,-1.4597288896789045e-10,0.0,0.0,-0.03919515969568871,-0.023894844389569264,-0.017977824070457626,0.0,-0.01613042471287137,-0.022140907551722815,0.0,0.0,-0.02451722564125519,0.0,0.0,0.007767254968904632,0.0,0.01279499478074319,0.004313330537486075,0.1693543655056512,0.02956047003099149,0.0,0.0016798801321012788,0.045577651269933725,0.0072518648483222035,0.0,0.001815434624770711,0.0,0.005242618794935202,5.557894961077974e-11,0.0001648146538576949,-0.007292126009456876,0.004025587044680771,-0.111265213013561,-0.0025495492232299063,0.0,0.0,-0.02252022618232743,-0.010001144505831786,8.06530872197438e-05,0.0,0.0,0.0,-0.014505727710480084,0.0,0.0,0.0,-0.014183851842586862,-0.001473618150937344,-0.01120025621436344,0.01329660094778379,-0.004779740025771451,0.019582374018279874,0.01493734818069829,-0.01852659201818562,-0.017020739447511795,0.0026186047942355637,0.0,0.0,-0.0011796204034154822,-0.020041529682897814,0.0,0.0,-0.0011091947002211772,0.0116756670687528,0.0030222630347171466,0.0,0.0,-0.03467165055830804,-0.014019394799423586,-0.011494844520429958,0.010701294436596087,7.29841409656651e-05
2008-08-31,-0.026771413782333546,-0.005702421581633051,0.0,-0.007733914667811975,0.0,0.0,-0.0003869382385277422,0.0,-0.0012123419677896494,0.0,0.0,0.0,0.0,0.0,0.0,0.0,-0.04388389225001031,0.0,0.0166935230015807,0.0,-0.009134386786830156,-0.029415409089732066,-0.006601150974539564,-0.0006285517552474969,0.0,0.0,-0.008983265072050054,0.012425259666319455,0.01077452928379122,-0.017365790057663786,0.0,0.016041076371284557,0.0,0.004358123848994166,-0.03224115360067725,0.0,0.0,-0.03318407738418286,0.0,0.018104638449142972,0.004800316878953069,4.875349612607569e-05,0.009337367694605926,0.0,0.010329782608166124,0.007125777229627686,0.0,0.052588308373391665,0.004991118143606688,0.018126142394129543,0.0,0.0,0.0,0.011098450600393385,0.06839852038884003,0.0075920284598974905,-0.0172268897297643,0.0,-0.06401985580698363,0.025883544092648043,0.0,0.0,0.020365438025033294,-0.007648077584604478,0.0041090834828874665,-2.552162597494754e-10,0.0,-0.005370939860516866,-0.02404527893479427,0.003393014429616001,-3.500038712420459e-05,-8.859675649413272e-05,-0.03585918545324032,0.0,-0.02135307199652176,0.01738093583813509,-0.01107189503132306,1.934277703560682e-10,0.008212499944790681,-0.019008298513283953,-0.022015772490754766,0.0,0.0,0.008575079397455486,-0.007655515714433697,-0.030900526082479896,0.0,0.0,-0.010456388193434883,0.017120971959636203,0.018026916378534312,0.0,0.09795668568913718,0.0,0.0,0.0,0.001955948825112013,0.004186164854735712
2008-09-30,0.0,0.00033350595642044073,0.0,0.0,0.0,0.0,0.005644934881082668,0.0,0.0,0.0,0.0,0.0,6.027258501758057e-05,0.006391081130900735,0.01750966692534526,0.0,0.007433095369198092,-0.0035793072298179155,0.060765268566060494,0.0,-0.001688382439980993,-0.020579099646584154,-0.021665658643890705,-0.01921988040926847,0.0,0.0,-0.03807039895463244,-0.001556810366045054,0.00951524522091279,0.013118827884371293,0.023966923619671884,0.030415083476802798,0.0,0.039731955699788074,0.003209707067279359,0.0,0.0,0.009195487768131139,0.0,0.0,0.0,-0.030686351331879462,0.0,-1.1172558089416302e-10,0.001139493001231753,0.0026349788374980935,0.0,0.04981292708007136,0.000624609470979428,0.0,0.0,0.0009070139535399519,-0.0112971381814903,0.0,0.04142769293768265,0.0,-0.003435558495975656,-0.006261664183246372,-0.007320712449668603,0.017134356295912225,0.0,-0.004322208081677104,0.0,0.0,-0.00834724607342413,-0.03246480436134073,0.0,-0.006383263619993516,-0.007174969207769571,-0.0161038842279652,-0.006217738716773358,-0.006657648326784528,-0.0676855173682848,-0.001818892629023501,-0.040037130634789066,1.5998309761707903e-10,-0.005322810490280361,-0.002292205736035076,0.0,0.005454247534078948,0.001992354896158623,-0.01375826749646688,0.0,-0.0026472087610428944,-0.10816704157218256,0.01642861921529898,0.0,0.0,0.0,0.0032477339588426793,0.0,0.0,0.02086724569224629,0.033083685028568705,0.04135615227684482,0.0365978335100797,-0.005238200251960966,0.0
2008-10-31,0.012605751474954184,0.018285911862918596,0.004499882006608815,0.011022546287563547,0.003189391697766586,0.0,0.01753213779292486,0.008708470798227447,0.012605331570381444,0.0,0.0,0.0,0.012422219882231796,0.012099714438109319,0.0027289648618003845,0.0,0.006827160150118614,-0.0017526343990401218,0.06446180952975993,0.0,0.0,-0.01870866733047888,-0.023438495704564265,-0.007582513448767496,0.0,0.0,-1.332136112587965e-10,-0.0060876138978884515,0.0,0.011666467004812496,0.0,1.2102261447759062e-10,0.0,0.0064209676984933175,0.011783120284275462,0.0,0.0,0.02182129792386891,0.0,-0.01414710711876274,0.0,0.0,-0.0012835968440496088,-0.015371925826433534,0.0,0.0,0.0,0.006988956740491742,0.0,-0.027680342982814833,0.0,0.021225251301942742,-0.01356601936987617,0.0,0.02177244163793132,0.008418728427627678,-0.015786951550269483,0.012693326280978003,0.005114334794134243,0.010986148515150243,0.0,-0.0925760352166877,-0.005026297537960526,0.0,-0.029619159946017472,-0.014742502269639298,0.0,-0.0034063630515487604,-0.0038916423809378137,-0.0020843500982466743,-0.0072412105167365395,-0.004921350754374054,-0.023286117605854143,0.0,-0.007427894398316602,0.0,-0.011050516567203107,-0.06340548975373499,-0.009707837917569127,0.0,4.041740579511262e-05,-0.004163145968809597,0.0,0.0,0.0,0.011288586184659553,0.0,0.0,0.0,0.0,-0.013571213368151902,0.0,0.0,0.07995338401880017,0.04345696250529343,0.039380316801357375,-0.058256670004869275,-0.00021633403718326777
2008-11-30,-0.0018191845946188491,0.008260305188959698,0.0007877558105010727,0.003029438369147037,0.0,0.0,0.014631537448183518,0.0,0.001426581616005445,0.0,0.0,0.0,0.0026444509671574123,0.008398513288987277,0.0022225347480524862,0.0,0.000590961878663806,0.0,0.029026958839645674,0.0,0.0,0.006387462289142477,-0.020552888035657173,-0.012834692299049186,-0.0013578562337696312,0.0,0.0,0.0,-0.03245697222218051,0.06515051955356253,0.0040295493314076395,0.0,0.0,0.03354391730728323,0.00691673101953308,0.0,0.0,0.019753999373282625,0.0,-0.00365728364541038,0.0,0.0,-0.003638935947062429,-0.014247602204241335,-0.00650191373668691,0.0,0.0,0.0024288700939266218,0.0,-0.0005619982281913611,0.0,0.019150599139993424,-1.3016363529495418e-10,0.0,0.028814416995007856,0.011045005743898148,-0.08288500873022923,0.043518551105858186,0.027698177273691747,0.029478960437102963,0.0,0.0,-0.03212093314799955,-0.0003803852823554472,-0.009889052615738532,2.624903646973856e-10,0.0,-0.002085204368178068,-0.01206115770840563,0.0,-0.012667152885122853,-0.010713838511944466,-0.024254976407698466,0.0,-0.011694790299388854,0.0,0.022088798061207896,-0.0907865010319232,-0.012552972883589801,0.0,0.011436870655212128,-0.005683855679919215,0.0,-0.004461693264398307,-0.004259134888198819,0.006305914797237525,0.0,0.0,0.0,0.0,-0.020337809923221133,0.0,-0.00436754938978017,0.032990039644896094,0.033215099141934726,0.025027479618027444,-0.06084123800341785,-0.00032741770145907874
2008-12-31,0.03988433886137748,0.02273014615639259,0.0,0.02140245981475653,0.0,0.0,-0.10408913490496309,0.010436555249218769,-0.0009390749905760687,0.0,0.0,0.0,-0.0023599051785091634,-0.01615498124425642,-0.0002048588294156615,0.0,-0.00028741167941612194,-0.004225879611418334,0.03803312030861053,0.0,0.006632002106837223,0.027115086670469246,0.0018078140419732097,-0.011098983297129715,-0.004487905803555284,0.0,1.8526405420526434e-10,-0.0035321154016479143,-0.01376504199656447,0.043333136998236405,0.0,0.0,0.0,0.01039514813950772,-0.000893370890970248,0.0,0.0,0.0,0.0,0.0,-0.0009548873427618645,0.0,0.0,-0.010027219514426205,-0.03098730400321805,0.0,0.0,-0.02281502858434972,0.0,0.02222648765195851,0.0,0.01658378577755472,0.0,0.0,0.03740891914880179,0.026100587486124722,0.023264449252710942,0.02149381064098699,0.020611010144545534,0.012252024610748643,0.0,0.010938030283232486,0.0,0.0,0.00332643792895222,0.011848694508162479,0.0,-0.0020275044696102707,0.0,-0.00423450265007535,-0.007377398986999026,0.003996540603793425,-0.0006005960549357834,0.0,-0.011197209859929126,0.0,0.01667163429523251,-0.2,-0.005221769206394086,0.0,0.004586639414899607,0.0,0.0,-2.594499110329026e-11,-0.007898863481736462,-0.0011552079773427416,0.0,0.0,-0.0013261120167865866,0.011924962320903992,-0.007047508140236152,0.0,-0.0023818903266473136,0.0021595935405376633,0.012995646857236651,0.01196575738320217,0.007875179617771174,-0.02270833353018373
2009-01-31,0.02065386631445218,1.692740914336902e-10,0.0,-0.006237124969283888,0.009007153712159332,0.0,-0.14434615259330896,0.0,-0.0031915029682795517,0.0,0.0,0.0,-9.833033544134822e-11,-0.010530205409788652,-0.0025038926004163258,0.0,0.0,0.0,0.009584807755908375,0.008659750137640372,-0.010143276825443338,-0.014120759801747073,0.006942051377340414,-0.015106741775875005,-0.03625938949936886,0.0,-0.016046335693941653,-0.0018891753450630778,0.0,0.0,-0.015824358965238754,-0.020747118161700277,0.0,-0.0065638471340463585,0.004026295533151712,0.0,0.0,0.0,0.0,-0.004055351365241456,0.0,0.0,-0.002982757662321823,-0.045833206104519596,-0.034724908645426406,-0.000615909258316022,0.0,0.0,-0.0007926733953645331,0.02833357137582029,0.0,0.029155390161218,0.018607615252137336,0.012781092831374043,0.03967692934881498,0.032090483159935644,0.03319347066147667,0.030764312041253867,0.027299585848073873,0.027695574201058313,0.0,0.01994354614148249,0.006183010176458082,0.009073470966256197,0.019967940321007484,0.01545900511586119,0.0,0.0,0.010730531422704881,-0.0074210963743048565,-0.022290848311118064,0.009910046411339303,0.0,0.0,0.0,0.0,0.011696963519273013,0.0,-0.005731702952510467,0.0086775865870251,0.0,0.0,0.0,-0.006644269180885264,-0.0027127544868999617,-0.04439071969180934,0.0,0.0,0.0,0.005239644284947425,0.0,0.0,-0.012940768638371727,-0.003155618671543455,0.021132962409742787,0.01722647936843184,0.006286863394380731,-0.0021975334195349474
2009-02-28,-0.0007365035513195194,-0.012055695164977663,-0.01886000073660244,-0.010356239199226853,0.0,0.0,-0.08584412847829061,-0.0013565776018143762,-0.002183240094829038,0.0,0.0,0.0,-0.006282782085678882,-0.016739669194123848,-0.019971956205995133,0.0,-0.015479861665327988,0.012421901475182797,-0.007908081228471964,0.0,-0.026907659806691554,-0.031210860904203594,-0.0017383059891279249,0.0,-0.007537631700728424,0.0,0.0,0.0,0.006046538595224729,0.0010176079220017835,0.0038380883135268975,0.0,0.0,0.0073404026063246695,0.024202711507998943,0.0,0.0,0.015980232211859374,0.0,-0.02529478575178297,0.0,-1.3998514657142397e-10,0.0,0.0,-0.003932613429761357,-0.04125403761378485,0.0,-0.0004955979524233884,-0.02845432001175431,0.009937702771321145,0.0,0.024310554963973073,0.0179512228808819,0.03559948746166088,0.007106792100051584,0.005324459801722793,0.03125666263626555,0.04818401423397192,0.035655303071373684,0.01231523072838868,0.0,0.04195183115134706,0.0061383019891365275,0.0,0.055504753285692696,0.034018062920802616,0.0,0.0,0.0,-0.0036461612381646,0.0,0.0,0.013498510788377912,-0.012207289759764157,-0.008917754704470251,0.0,0.0017625763138875918,0.005510317217384226,0.0007454371426345451,0.0,0.0,0.0,0.0,0.0048599757027474,1.4775609726623201e-10,-0.06529695981466611,0.0,0.0,0.0,0.015786372806791717,0.006228577073369417,0.0,-0.01182415994532042,-0.031189112174188967,-0.0010015193742572864,0.0,-0.0013164944822664684,0.015506370178341868
2009-03-31,-0.01612310414082133,-0.03141183350810442,-0.016459143367021572,-5.726136501865996e-06,0.0,0.0,-0.014990676166319768,0.0,-0.0018584147579965207,0.0,0.0,0.0,-0.01492787595553465,-0.042184481160666656,0.01386650082305571,0.0,-0.008679712093369102,0.021703987848798373,-0.008468936177061657,-0.005186557656146375,-0.02847903632546239,-0.06341527590779766,-0.004349556646854687,0.0057780614863143795,-0.011654591096733094,0.0,0.0,0.0,0.0,0.03258122984812208,0.03724568982649753,0.016593127089899084,0.0,0.030776987635688684,0.0006239588314856258,0.0,0.0,0.02368826066228968,0.0,0.0,-0.0040583517132220595,0.0,0.01449012057814694,0.01131114347034143,0.011273936505351193,-0.04460233696118512,0.0,-0.004020427204758889,-0.0355841189214064,0.007725716810847379,0.0,0.0044460044870537055,0.0064151050828527845,0.018859357094008735,0.0,0.0,0.011038305616805253,0.012936641331883145,0.00817356438741894,0.004794912372228167,0.0,0.0,0.0,1.0335568235414503e-10,0.0016432448490302815,0.03196027539128617,0.0,0.029261862302567828,0.0,-0.0146834123305782,0.016950208250726368,0.0,0.011034773228115732,-0.011165945397308226,-0.0015841618982460454,-0.004114074457735462,0.0,0.0,0.03373380432724133,0.0,-1.4209883996808464e-10,-0.006117356511632251,0.0,0.0,0.0,-0.04483964619090883,0.0,0.0,-0.00735657704229241,0.0,0.03415037082083318,0.0,0.018829405192968652,-0.03942595266461857,-0.0013604820158947387,0.0,-0.012892235451722224,0.028113443744785888
2009-04-30,-0.01891469157255717,0.0,-0.011212085711770306,-0.007292002354732015,0.0,0.0,-0.015796105119027015,-0.0023358633482252218,-0.006237552379863582,0.0,0.0,0.0,-0.006457759490263744,0.001674130453308003,0.025445110666415107,0.0,0.008483151091137165,0.0698324462021122,-0.03378280654560935,0.0,-0.015500713282958397,-6.584437194461186e-05,0.0,0.0,-0.015196898138313247,0.0,-0.014524190902320754,-0.02017146012539276,-0.026185381460597044,0.015425272638240329,0.046271881047463465,0.0,0.0,0.0,-0.015554242925687974,0.0,0.0,0.0,0.0,0.0,-0.2,-0.016950742976984932,0.01755208679350689,9.311942123586669e-11,7.660845899642958e-05,-0.00037999961900789394,0.0,-1.3426659676666702e-10,-0.009205470493331864,0.02016932235513345,0.0,0.003966083738723632,0.016472393251156812,0.00038629674483129723,0.0,0.0,0.020199271173218816,-0.005479287002244896,0.007545822025533914,0.012282723348540452,0.0,0.0,-0.002437794566172574,0.010894918354917026,-0.0059369662263240785,0.00025024556494726596,0.0,0.03735230529722355,0.008337256456706008,0.006387491156122403,0.028533631933591236,0.008127360751940892,0.0,0.0,-0.011830711002943608,-0.004827900405847485,0.0,-0.009021251556071518,0.08481320459569074,-0.009512898555198756,0.0,-0.009436065570557883,0.0,0.0028203292756354362,0.004435251159643941,-0.005224099131791512,0.0,0.0,0.0025750306697307538,0.0,0.010621585165491707,0.0,0.01984201853956305,0.0,-0.0005292150299931201,0.0,0.0,0.009226770997358625
2009-05-31,-0.02291668813674798,-0.006212364013496848,-0.007395156984617999,0.0,0.0,0.0,-0.004887269203360209,0.0,0.0,0.0,0.0,0.0,0.0,0.009170679051793543,0.04544008371485867,0.0,0.0,0.07185967438347854,-0.01907679358363343,0.0006334957518371293,-0.008615409225589494,0.0,-1.583864267566372e-10,0.004754484425048417,0.0,0.0,-0.0034314686822509545,-0.008278778203635682,-0.010856119864728666,-0.02404969893764901,0.026406584971551454,0.006068872033199137,0.0,-0.002500881253114131,-0.0155028322148849,0.0,0.0,-0.05137694967796733,0.0,0.00393355530406752,0.0,-4.3907055491472106e-05,0.026716938615353614,0.0021309798787721174,0.0,0.0003610269131259801,0.0,0.002616902833383126,0.0,-0.02310875273569243,0.0,-0.02751600117966266,-0.003807722257054844,-0.007010835135925532,-0.026142256629208542,-0.019992637108133815,-0.01524445688483404,-0.06060973981015579,-0.01462347085721042,-0.015590684610219618,0.0,-0.007166795964361298,0.0,0.026443033943433482,-0.022877215138677368,-0.038486255045634986,0.0,0.04729680533638072,0.00675009964999501,0.025604170154401584,0.09493406922281146,0.010723561649766292,0.0,0.002453623711106465,0.0,0.0,0.0,0.0,0.018804493189864213,0.0,0.005184518704350252,0.0,0.0,0.005075222664248948,0.010068050810289992,0.0021521423253942273,0.0,0.0,0.01721535135253416,7.176174654523357e-05,-0.024907727247953402,0.0,-0.007771132199720716,0.005768788151102703,0.0,1.155441469377581e-10,0.008409148767050869,0.012951880628711013
2009-06-30,-0.02105299087790277,-0.031210737674307962,0.003633933422217242,0.04773284294097655,0.0,0.0,0.006480069097058572,0.030049691396037668,0.04129846966748191,0.0,0.0,0.0,0.007197205103654803,0.050504818695043203,0.00038853072597613993,0.0,-0.011470295575597462,0.003318747563456068,-1.4558972600491006e-10,0.0026086854264472507,0.0,0.0,-9.197409709115926e-05,8.191447259517147e-11,0.005339844099218738,0.0,0.00338074909500038,0.0,0.0,-0.036974270544488465,0.0,0.015154572703643936,0.0,0.0,0.0,0.0,0.0,-0.014671096925757918,0.0,0.018657320667084004,0.0,0.0,0.0,0.013255954154339295,0.0,0.0,0.0,-0.006498948165174564,0.0,-0.02301275440730476,0.0,-0.027457989628292493,-0.013975490410827419,-0.007763885129284983,-0.031591947783296534,-0.022909064415278783,-0.023536360278216234,-0.0250833383604543,-0.016664916455606138,-0.012806852587767733,0.0,-0.01039513520249431,0.02311552424626844,0.0,-0.014576933601044197,-0.023385236420397706,0.0,0.013365733040751752,-0.004528121527780605,0.045784708527270984,0.0007982873961144061,0.0011685626556448456,0.0050226167722114265,0.0,0.003306768323629562,0.05153533303256216,0.0014451332608024377,0.0045277129169993624,0.0,0.0,0.0,0.00042347515926545687,0.0,-0.019549089309310066,-0.014128391877001654,0.0,0.0,0.0,-0.008083336630286295,0.04032317530647325,-0.011499715530507257,0.0,-0.003123596824826039,-0.011846936040700919,-0.02918052873493954,-0.02293006483847207,0.036535081196678094,0.023646453325777597
2009-07-31,0.02459785461626082,0.0,0.0,0.0,0.02274841646409499,0.0,-0.0014139603365016936,-0.008517314066892259,-0.013084986968998572,0.0,0.0,0.0,0.0,0.0,0.001438350943516778,0.0,0.0033485388840232377,0.012495474301331692,0.00040353222894294193,0.09962111481367382,0.004864824871139799,0.015551350542614797,0.006803388859562068,0.007591463997442692,0.0006277932285443802,0.0,0.020882410636360774,0.0,0.021007810391849912,-0.061098154134753974,-0.008523503520944177,0.001449397514775593,0.0,-0.0014454362954232948,-0.0341408438738665,0.0,0.0,-0.03395884565550759,0.0,0.0026791211270660695,-0.006377957476987671,-0.005888303292349236,0.0,0.0,-0.010642505363045753,-0.009082144718118789,0.0,-0.02841047306922336,-0.008536845647713539,-0.008083356071469658,0.0,0.0,-0.002144910273609878,0.0,0.0,0.0006957872855360407,0.0,0.0,2.6085269134021516e-10,0.008168444926000528,0.0,0.0,-0.003732915443838528,-0.022726263463079266,0.0043910862933223705,-0.0026079422580159704,0.0,0.007879293351996495,0.01727582041147142,0.012173488209026487,-0.00988318988716108,0.018829258556876578,0.0,0.016596176703575116,0.014895150753279804,-3.4334689398430387e-10,0.0662953751852541,0.006587687906698622,0.0,-0.009149998606188214,-0.0017609296916343935,0.0333650859669201,0.0,-0.030476238074937514,-0.015441759430121235,-0.009884928698854392,0.0,0.0,0.0,-0.017464627731406095,0.0,0.0,0.0,-0.0336544514549381,-0.05260368833454076,-0.049263525816531546,0.0,0.04673650076798932
2009-08-31,0.007281209145338152,0.022189065978188906,-0.004529469197628193,0.0,0.0071434877416735485,0.0,-0.008874901460986316,0.0,0.0,0.0,0.0,0.0,0.0,0.0,-0.002908919018799916,0.0,0.0,-0.0018428762130073013,0.0,0.05074397116589716,0.0,0.0,-0.0016430439504595698,0.0,0.0,0.0,0.031005257026962378,-0.00024603047936048235,0.012596965515942036,-0.05360766979352314,0.016460542256739954,0.013544142356913414,0.0,0.015522563125477623,-0.030643495671182325,0.0,0.0,-0.009969350291228047,0.0,-0.012429354524820153,-0.002990419210691862,0.0027560206454753395,-0.0037549831569013135,0.000430105205184013,0.0,-0.0021225524673646958,0.0,-0.07682550586162412,-0.0031204847974171807,-0.024094577705104103,0.0,0.0,-0.008128106797133132,-0.0063590252198470094,-0.014035508345920576,0.0,-0.0023999584493751944,-0.03033495570861332,-0.011957505492143547,0.0,0.0,-0.011054749344516283,-0.006448709330725461,-4.1820327971019913e-10,-0.0006288961461280133,0.0,0.0,0.005675402496584442,0.023885981322786846,0.029750265434815362,0.005995777006496532,0.01492171637297473,0.0,0.07023221405834051,0.02566430531518846,0.0,0.004503932410537433,0.012740185558025415,-0.03601803847738904,-0.05572364401412665,-0.05206163363621028,0.0025132636640887267,0.0,0.013900292407796135,0.02520002711563976,0.014267314860013798,0.0,0.0,0.046464724500436115,-0.025245634819569457,0.0,0.0,1.7325445555314236e-10,0.001662408037415032,0.010497212809487478,0.011111664165178064,0.0,0.0013399821271481381
2009-09-30,-0.028492887442177553,0.02901985976099414,0.0,0.0,0.02493916347333024,0.0,0.0,0.0,0.0,0.0,0.0,0.0,-0.003435021624888745,-0.0009418436443201324,-0.01495631482553993,0.0,-0.04107105647202667,-0.03172161251377973,0.018474614697101512,0.0,0.01095966565164007,0.019451050987888293,0.0,0.00656600627266943,0.0,0.0,0.026812568013543682,0.003362588506193571,0.0,-0.02791704801794794,0.0,0.0,0.0,0.0019891878486442633,-2.554046537921546e-10,0.0,0.0,0.0006656497505833187,0.0,0.0,0.00842721507874203,-0.026907627158829942,0.0,0.02013318197098409,0.0,-0.007628009729682728,0.0,-0.0009620371425314886,2.3497960821174896e-10,-0.021985914062080347,0.0,0.0,0.003487195253222875,-0.001151460078025017,-0.043796786153363874,-0.005257781835788886,-0.004613546409245334,-0.044474503328539076,-0.013438690103822282,0.0,0.0,-0.007006176807965149,-0.004694366357527405,0.005172743499774003,-0.021611061980464318,0.015848226993553788,0.0,0.015115627345782251,0.036596935130317566,0.0024571071362755087,0.0,0.005717367103697506,0.0,0.03905746566110034,0.07133116565988762,-0.009719287733217617,-0.011407481025901616,0.019357134393869112,-0.025355147054180835,-0.011268035867485938,-0.03642357156514459,0.008371933634845693,0.0,0.0,0.016357874846643427,0.009057457835485104,0.0,0.0,0.0,-0.014609859346673793,-0.00434248313871636,0.0,0.01497017282408829,0.015738417880997998,0.032425751581672324,0.018136670971492318,-0.005002485692977463,-0.029807902631750472
2009-10-31,-0.06098931924356034,0.0,0.0,0.0,0.009209247563006385,0.0,0.031277878438382055,-0.01632269511411715,0.0,0.0,0.0,0.0,0.0,-0.0025639545364244394,-0.0068687509014997055,0.0,-0.03146796179560338,0.0,-0.005416491152234878,-0.0072649948424445485,0.02060854058023842,0.050453443128035506,0.0744909102955871,0.0,0.0,0.0,0.0018618018085756838,0.06453290231925901,-0.018932052942135295,-0.024883305481300258,-0.025596685410377868,-0.01932953648376043,0.0,-0.029342338349202784,0.022287114815112273,0.0,0.0,0.013067333362775045,0.0,0.007941883996378218,0.022496480506744337,-0.015585633590409473,0.004123945860678695,0.022846460641323472,0.0,0.0,0.0,0.009514471476253464,0.008935201404622948,-2.01770239802107e-10,0.0,5.57625237580331e-11,0.02923896521680162,0.0,0.0,0.0,-0.0034794497745012924,0.0,0.0021597898605367548,-0.029105507726922653,0.0,0.0007530625692016919,0.0,0.008160902523798927,-0.0029411564879349397,0.02460404052512,0.0,0.0007648859966293271,0.0026894533179536904,-0.018399117341963717,-0.018737139764239703,-0.005310788262253284,0.0,0.003202314431289936,-0.010405365242224317,-0.00010785511646470671,0.0014936233459009252,-0.03445194396093287,0.0015969150728363337,0.002384235463134653,0.0,-0.005805068971388972,0.0,-0.004788006232643703,-0.009159090368761462,0.0,0.0,0.0,-0.03070558996884187,0.0,-0.033164880413384154,0.0,0.026492404825689427,-0.01029444861650117,0.029422693146099264,0.0033890974522722685,-0.018580871706200455,0.0
2009-11-30,0.0,0.006905450649696669,0.005568600209839422,0.0,0.0,0.0,0.0,0.008348136767657487,0.013759203069421933,0.0,0.0,0.0,0.0,0.0,0.0,0.0,-1.7583949859232674e-10,0.002902312887949703,-0.019013030098086373,-0.011793213941201277,0.01692426919716512,0.04509827703182054,0.025812932315003454,0.03233883368482737,0.013786003775049715,0.0,0.005032130600497888,0.0,0.0,-0.030945017461280255,0.0,8.185889553293216e-11,0.0,0.0,-0.02057655411084592,0.0,0.0,0.05850458535308245,0.0,0.0915045864220904,0.038514657822605006,0.0,0.0,0.005508294565234954,0.0,0.005253690731162983,0.0,-0.00816954936925237,0.004139653729501434,0.0,0.0,-0.01710357099192281,0.003971555237334998,-0.02347102627728968,0.0,-0.013139011712677243,-0.016815297944841764,-0.002259205246249246,-0.0019917280675114356,-0.049339487595117464,0.0,-0.0009386832422914389,0.0,0.0027634662686592307,0.010700714003864237,0.0119886130469065,0.0,0.049063762024398126,0.012901095754288992,0.003413469394478639,0.002851293298213461,0.0006417715160722693,0.013056869204440448,-0.0034980078650949484,-0.026535413141627696,0.007935046193530658,-0.02667553696690695,-0.0583405891366933,-0.0124652654622192,-0.011802204633536099,-0.008576099433621965,-0.023534092661371967,0.0,0.0,0.0008107251633470335,0.0,0.0,0.0,0.0,-0.001927921765449131,-0.03117858663776523,0.0,-0.0038665225869010484,-0.021530823878745914,-0.02219876519826226,-0.022116498959352592,-0.001202214274368446,-0.008996081163676468
2009-12-31,0.01218433563463153,0.010842094353392345,0.008412507069118148,-2.202592196225578e-10,0.0,0.0,-0.009007366055524747,0.0022723166219767196,0.0,0.0,0.0,0.0,-0.025631504976682873,-0.009253019331729269,0.0,0.0,-0.0013649205432816865,0.0017184331385886708,0.0,-0.03262194687024351,0.03746443072746919,0.02233985004035746,0.012971025105556548,0.06981857752729786,0.03555462575852789,0.0,0.0036695387313389516,0.0,0.004525748687562208,-0.06054270984571638,0.02091284539617251,0.008950058574136948,0.0,0.007939668464491166,-0.05925206346507449,0.0,0.0,-0.010100654172541716,0.0,0.02736581348184132,0.0,-0.015206217497496401,-0.004730661614203489,0.0,-0.018092574598484706,-0.003703846504443083,0.0,-0.021944075896615112,-0.011526563021330222,0.0026023635924867774,0.0,-0.016632551952130793,0.0027704108425922786,0.0,0.0,-0.020310720684812038,0.0,-0.006747502384618475,0.0,0.0,0.0,0.0,7.564622077620011e-11,0.0,0.04939673649130617,0.007522386103850653,0.0,0.0409878526207165,0.013587394464248703,0.014635555915811402,0.018979596162846727,0.002996352926294198,0.0272423582308344,-0.022547764464448495,-0.0011115637548557728,0.018362266138461935,-0.026373737638475447,0.0,-0.014469000047950174,-0.009323372913839573,-0.013239591393526998,0.0,0.0,-0.0072702735683948016,0.002084005214341459,-0.0010219366079156085,0.0,0.0,0.011890851908103198,-0.009829707405656257,0.0,0.0,-0.013320086239919048,0.0,-0.026317595568066954,-0.028506470761762607,0.0,0.0
2010-01-31,-0.030925628001341385,-0.015702116969744932,-0.016367058204790126,0.0038357620405293073,0.0,0.0,0.00033989673604370294,0.0,0.0035230404670950695,0.0,0.0,0.0,-0.0015671427405720506,6.295785489054381e-11,-0.0040096822213347635,0.0,0.0,-0.013399300140630366,0.000791639933478278,-0.034156136996426466,0.0,0.0,0.01102216297856604,0.0026492468377775735,0.11250080096374805,0.0,0.010228260688172156,0.005180247283010329,0.009570489424134186,-0.018482282204871237,0.02079763430706976,0.013645197340708567,0.0,0.08460190122991786,-0.0353444556755075,0.0,0.0,-0.0372486392481854,0.0,0.012602539949794269,-0.004338209873990499,-0.07271220127451308,0.0,0.010101255757279293,-0.003167249363635732,-0.03055724305206573,0.0,0.0,0.0,-0.011808141117920487,0.0,-0.020324570601126687,-0.001233452581701906,-1.8531942610689053e-10,-0.013989610952450085,-0.02270216526320618,-0.012330026665474477,-0.017764059052860715,-0.017576948003170067,0.0,0.0,-0.005117400950673164,0.0,-0.03194535592116213,0.07011742067582158,0.0005416148799018127,0.0,0.0,-0.009933508972680631,0.0,0.01102285875898089,0.0,0.001528849253503628,0.0,0.0016841654575059483,0.005915376519892235,0.0,0.0,0.0,0.0005133116483424157,0.000391882013134254,0.002836153919124304,0.0,-0.01192925440216837,-0.0002689194953629447,0.0,0.0,0.0,0.0847393669178375,-0.0026045449165922946,0.004782205421189374,0.0,0.0,0.007197884020019534,0.0,-0.002494694950521132,0.003799361562687055,0.003539472951777241
2010-02-28,-0.03503961995242735,-0.028555181796803834,-0.02672953062750353,0.006144295021311133,0.0,0.0,0.00031813474910736254,0.0007311549246162797,0.0076656381077433965,0.0,0.0,0.0,0.008391512242547215,0.0,-0.01651773400744128,0.0,-0.017760053325845966,-0.025779616909371188,0.012829593025977807,-0.02061973672561294,-0.020568650575642215,0.0,-0.00579973648733206,-0.016656057718479222,0.015214378366341662,0.0,0.008966105124558874,0.0005827427964719113,0.00285254791237815,0.02403482888741905,0.11314026981487521,0.0150039200625602,0.0,0.04221824318195543,0.016637516151579868,0.0,0.0,0.005278594497788886,0.0,0.0,1.1230649354950351e-10,0.016458124049212392,0.0,0.0,0.033624205211769245,0.0028403799999570187,0.0,0.04097758635922357,0.02674918043792592,-0.010402971412854137,0.0,-0.015378666144645914,-0.000962978557292683,-0.003369838562874986,-0.012488554727713751,-0.03340849326675338,-0.01566607759813706,-0.023183673571943224,-0.021496840655233322,0.0,0.0,-0.008416329726547506,-0.0007608163824776291,-0.035569188889394115,0.0,0.008542916703988396,0.0,-0.018562154454323326,-0.025745535616084947,0.0,0.0,0.0,-0.005631366335947759,0.0015538676773083275,0.00455283036075419,0.0,0.0,0.0,0.0006765621806079909,0.0233238385687783,0.012096630568219118,0.0,0.0,-0.028044831156883228,-0.01346700368564148,0.0,0.0,0.0,0.0,-0.009005372676407612,0.0,0.0,0.04478338764346386,0.003811015259252764,-2.8632577968308116e-10,-0.004413388166058532,0.0,0.0
2010-03-31,-0.0018809788600351208,-0.01431673662555225,-0.015443413055647736,0.0,0.0,0.0,-0.0005039704547516762,0.0,0.0025977289794793415,0.0,0.0,0.0,0.003011795029296741,0.0,-0.07582281339572627,0.0,-0.005542641651829252,-0.008054455762994878,0.0,0.021399658589645043,-0.018620349995326885,-0.03607216451436889,-0.027575813568746662,-0.01825895470680254,0.008337898371276391,0.0,0.0021374760831367147,0.0,0.0,0.026155234961642095,0.08605429974728333,0.020335006180933528,0.0,0.06464524604967177,0.009466703052632384,0.0,0.0,0.0027470579162087116,0.0,-0.028696272604810034,0.00319753481849551,0.0371278768382475,0.0,0.0,0.0057052002137783775,0.028834567684036427,0.0,0.026959531942936064,0.0037923658204989607,0.004911611993556429,0.0,0.007170756743049133,0.0026547307011315253,-0.003858158037634228,0.0,0.0,-0.014322303793947562,-0.02790522279830729,-0.017970297242921852,0.0032398811682355193,0.0,-0.01763999541680188,-0.0027524145861281125,-0.012208742875570753,-0.008316349953041792,0.03533426951736877,0.0,0.0,0.0,0.008721074011662963,0.0,0.0,0.0,-0.0008655959735761589,0.0,0.011359475075275753,-0.00618156228273608,-2.0384717989714955e-10,0.005565300745929765,0.018493381109406345,1.2217241924151493e-10,-0.007160101823095535,0.0,-0.028648040555681188,-0.0649261505072822,0.010540225002329548,0.0,0.0,0.0,0.004408598031655951,0.0,0.0,0.035095513499027,-0.0006718256112613492,-0.014712361140961545,-0.013185678702168828,-0.007886633298444254,0.0
2010-04-30,0.0,0.0,0.0,-0.0066066337651017725,0.005735721736987988,0.0,-0.03215559176314295,-0.028738920055729433,-0.0048674911690867,0.0,0.0,0.0,-0.01194641575671365,0.002030177297733718,-0.012993806819776231,0.004942724851725676,0.0,0.0,-0.0002958531606307391,0.033733601449148394,0.0,-0.0062645076379369904,-0.016269290621460028,-0.0046680647727206336,0.021588438610738798,0.0,0.005389081103379872,0.005658869626551554,0.003772524502683102,0.0,0.08526145292421115,0.032897466126824454,0.0,0.08752990674402868,-2.3868830694126187e-10,0.0,0.0,0.00013263610974399278,0.0,-0.016798275105887,0.0,-0.0074145461524666246,-0.020500036852698737,0.009061686208479034,-0.0562534551823652,-0.0567449687970964,0.0,-0.034470637782752014,-0.06146320262241436,0.003902706881655621,0.0,0.0,0.00245242745924269,0.0,0.0,-0.007964345187100616,-9.509117785473813e-05,-0.007217179593484117,0.0,0.01058518748886879,0.0,0.0,0.0,-0.007792771360976046,-0.020047050824206103,0.020825383922428085,0.0,0.003190534157348465,0.0,0.022165490550726023,0.00915459498208327,0.005056754918747772,0.008164890699296531,-0.00021538537896804698,0.0,0.025238351674938736,0.0,0.0,0.016910302407656272,0.03408206349442052,0.011430842180849537,0.0,0.0,0.0,-0.02367557001077341,0.02067286127123727,0.0,0.0,0.0,0.007756026139936589,1.777283062944909e-10,0.0,-0.021601502369341986,0.0006772943005991444,-0.004488247285220018,-0.002187249421410066,-0.015002100558408532,-0.011261808575588589
2010-05-31,0.010636610479093193,0.008913049793928748,0.0025095114661689137,0.0,0.01657068484671362,0.0,-0.02106273482488154,-0.041661050945919084,-0.023298120984469834,0.0,0.0,0.0,-0.01099534908073229,0.015476348557761654,0.0,0.027869626330735506,0.014837342074753627,-0.014738417673700134,7.049698268239006e-11,0.0,0.005329353274643864,-0.019262574308835996,-0.02244469330065987,0.008899243236486437,0.004667519577760036,0.0,0.009551354124849571,0.0,0.0,0.0,0.007966975367824692,0.03372773791022653,0.0,0.033505644049385476,0.0,0.0,0.0,-1.7800004483547388e-10,0.0,0.0,0.0,-0.0006277349452979454,-0.011540322857481581,0.005565268456670603,-0.014239530096555309,-0.015900020155720455,0.0,-0.0037445784444617137,-0.018546339146915735,0.0,0.0,0.0,0.0,0.006298296867561629,0.005435003646635283,-0.005671106849751628,0.00556478445922929,0.0020048000447098133,0.0077653719346498055,0.07240044849104428,0.0,0.005931628331115149,0.003845832595711912,0.0,0.0,-0.01277629117275931,0.0,-0.013934682140595124,-0.005546431389166419,-0.007475919739395736,-0.017433193045111043,-0.01425978585922537,0.0,-0.012338214386927556,0.0,-0.007844221481581056,0.0,-0.020736170914862864,0.0,0.009722113040564723,0.0,-0.012765711823055704,0.0,0.0,0.0,0.163844582264109,0.0,0.0,-0.0010889935674061586,0.0014270123745981503,-0.031596850017296105,0.0,-0.03986911302995039,0.00862659926067451,0.00028980797996197116,0.0008174490919349009,-0.04340432352277143,-0.03519752411651254
2010-06-30,-0.005195769290671816,0.0,0.007388518556377482,0.02210997857950336,0.0,0.0,0.0007595517069913932,-0.012337873525129309,-0.013568409040581332,0.0,0.0,0.0,0.0022158446521420992,0.0,0.0,0.009268504821844381,2.037194011504838e-10,-0.01577128127953216,-0.0006766951304697406,0.0,0.0,-0.016720112497900688,-0.01946285503060675,-0.0005279962534046896,-0.0030945561546774996,0.0,0.00014317712589933076,-1.6730561679449715e-10,0.0,0.0,-0.0019133870355743051,0.0,0.0,0.02888437134817978,0.0,0.0,0.0,-5.4114069884569556e-06,0.0,0.0,-0.009464165630635147,-0.004172154986695707,0.0,0.0,0.0014286446674086708,0.00468548304118613,0.0,0.005557499605645316,0.0,0.020196510539350895,0.0,0.013598970914719883,0.0326635091128792,0.036453727159767094,0.030765614612249505,0.005190376603592062,0.04570067955169829,0.02070919004035089,0.052219388706417895,0.02405819055052434,0.0,0.01988218895962702,0.0005234184509113706,0.004784973194426037,0.041218292958621866,-0.003687796270185436,0.0,-0.007554694688823816,0.0,-0.005269131238644234,-0.00855928968462835,-0.010533087032359195,-0.0019017895449129304,-0.013475412339153432,-0.00638013575144955,-0.0003946394878851258,0.0,-0.01280407076126174,0.0,0.015537841131999078,0.006345078053733448,-0.011063690403948704,0.0,0.0,0.0,0.0,0.0,0.0,-0.008148093232781033,0.00391757861451519,-0.023189342152069362,0.0,-0.06849326935641846,0.0,0.0130057544383305,0.030787142097388094,-0.015634890625305372,-0.2
2010-07-31,-0.0041683861104633586,0.0,0.0009159147304546192,0.007112052011256273,0.0,0.0,0.0,-0.00817081668019386,-0.005011751890285875,0.0,0.0,0.0,0.0006178014229480046,0.0,0.0,0.0017027560667873351,0.0,-0.0049478573068222325,0.006548071363553669,0.023367569445172102,0.0,-0.01114144383057231,-0.014487046123434223,-6.999237283489049e-11,-0.0021808000019901065,0.0,0.0,0.0029121536563706447,0.011916498589467382,0.0038616037738762785,0.02113871765076652,0.019976247520935842,0.0,0.030536815601079206,0.0,0.0,0.0,0.016285159799117044,0.0,0.0,0.0,0.004888158453857405,0.0,-0.001381433181673834,0.0,0.0,0.0,0.020988377666281668,0.0,0.03893241582274262,0.0,0.014405706538677676,0.024418286066971013,0.04535203653002481,0.007662952100978078,0.003783851806481138,0.031224417404887034,0.04872698901696862,0.018784680712466098,0.02878249056465103,0.0,0.013124241281244408,0.0,0.00901844968779853,0.038256164439253296,-0.008042739155938042,0.0,-0.020689798797647277,-0.004894964729726694,-0.08296554157325099,-0.00863357297232934,-0.015986222948041938,-0.02289884101484945,-0.024916732602456963,-0.009077020998573852,-0.05001705933503074,-0.005898572831733575,-0.04568984264760429,-0.002469870655886077,0.0,0.0,-0.02360862118727453,0.0,0.0,-0.0003543293849162942,-0.0023181324934221244,0.0,0.0,-0.006944675504952803,0.0,-0.03276104482481547,0.0,-0.01451702382399014,0.0,1.7416597611008803e-10,0.004759420100765727,-0.00021714874993977165,-0.06560870857219138
2010-08-31,-0.002360086377046815,0.0,0.0037152270537383148,-0.0355886108523877,-0.019354518286176757,0.0,-0.0070381692134701395,-0.054681143838574045,0.00191559196764745,0.0,0.0,0.0,-0.001415871172977913,-0.0012080902847992439,0.008279425295280527,0.0042184184153111395,0.0,0.0,0.012343103091236167,0.048340882200050325,0.0,-0.004588863241459302,0.006413118893750837,0.0,-0.0010761904679743861,0.0,0.004818712055695758,0.024560637561713325,0.027102611098462237,0.0,0.03368958245966732,0.04388277488708081,0.0,0.05511061391676835,-0.047806007042717626,0.0,0.0,0.01654299583726398,0.0,0.0,0.015928384944910657,0.0239009634014414,0.0,0.0007576546387920789,0.009984564270429812,0.011419181093353527,0.0,0.04860105922432058,-0.006040587199838013,0.0,0.0,-0.011775122086765299,-1.7011789448627378e-10,0.03149149397975759,-0.06506812804546447,-0.018212372904374437,-0.011569623881500643,0.0,-0.009666379702356944,0.009126745709051358,0.0,-0.02558675987232656,-0.0391085047541492,0.0,0.005645191356277601,-0.014365707104943986,0.0,0.0,2.868436757199144e-10,0.0,0.010639329054295339,0.009946248639228054,0.0,-0.004333262184023435,-5.2270752138779053e-05,0.0,-0.021824641287139502,-0.002702157690016578,-0.0158737245993351,-0.01485369422217071,-0.01483402749163408,0.0,0.0,0.019289146364001482,0.001597140138119816,0.0,0.0,0.0,-0.0016336064329998885,0.0,0.0,0.0,0.009054182139352782,0.0,-0.01907426144120785,-0.02830761739991272,0.0,0.0016850200261576461
2010-09-30,1.7100846384398278e-10,0.002139610155546044,0.0,-0.0370817136558756,-0.022046514893024255,0.0,-0.006913850907574716,-0.04715323745626237,0.0,0.0,0.0,0.0,-0.027688362918032977,-0.012366628219358774,0.0,0.0,0.0,-0.00743328772186262,0.0,0.07075583976676508,0.000769651752042793,0.0,0.0,-0.007131079791415082,-0.002997672994253178,0.0,-0.002410660717346856,0.028835867040650977,0.19209356243287135,-0.02594051603200082,0.00011417400395859946,0.0047233724112161896,0.0,0.0009897230527750435,-0.1176285409639183,0.0,0.0,-0.013726494064567687,0.0,-0.008188327266343871,0.0034592663106279673,-0.009601704724734272,8.553317404463616e-05,0.0048311370968021706,-0.0003562890718649965,0.0,0.0,0.01061648170371434,-0.01980273445627934,-0.003527301921447032,0.0,0.0,0.001667506317785078,-0.011499793652762361,0.0,-0.005425721899956669,-0.008165379786290762,-0.010370118101289143,0.012867748648771896,0.0,0.0,-0.006149037183448456,0.0,0.0037796050094253413,0.008777304777565758,0.014669261994556464,0.0,0.0060081036870453155,0.003290481088644443,0.0,0.006922741704962411,0.0,0.0,-0.0005624223905591918,0.0,0.013858796935151123,-0.012010934789739152,0.0,0.0,-0.009225131222038059,-0.010978272312851497,0.0,0.0,0.010806556438579511,0.01327920502810064,-1.5109553684143499e-10,0.0,0.02195352743451822,0.0,0.006120750352993421,0.02465265481513515,0.0,0.029507046641478525,0.002192485079013912,-0.023737009547883162,-0.029881261185923234,0.00023200497424916426,0.0
2010-10-31,0.003931983070541535,0.0,0.0,-0.02675578293323898,-0.006170136577334053,0.0,0.0,-0.014584875535745272,-0.0036111916806494085,0.0,0.0,0.0,-0.01147090896610955,-0.007523874178826705,-0.013239039591079046,0.0,-0.02379325223994845,-0.009624078101042108,-0.04446350680252768,0.03260109150847895,1.1022943739367168e-10,-0.00041470057795903203,-0.005379418310481399,-0.0007199378486243462,-0.014539504799538045,0.0,-0.02221368498588974,0.011594589633448508,0.0788236392963511,-0.04578401532982193,0.0032111654362408488,0.0,0.0,0.0,-3.131644872716355e-10,0.0,0.0,0.0,0.0,-0.001915513325836612,0.0,-0.027714853690614733,0.0,0.0,-0.010637215124092308,-0.0036725025609347065,0.0,0.00513287272672376,-0.01448390202554765,0.0012954187273422455,0.0,0.010591317384816099,0.018322292180499498,0.0,0.001964662165330133,0.008755431528495877,0.006670356788977962,0.004504093425835599,0.028403491225548482,0.01634392561477632,0.0,0.009080581323389902,0.014899040068875416,0.01924184575128409,0.019724801533825786,0.03345976110642963,0.0,0.005754931968655169,0.0,0.0,0.00037806918223093897,0.0,0.0,0.0,0.002934603986017772,0.0050695186707360096,-0.018591412894360896,-0.015050422963170046,0.0,-0.019342786683624134,-0.014839509010728037,0.0,0.0,0.0,0.0143898582969801,-0.008371958664725194,0.0,0.12771551458083316,0.0,0.005730003615846447,0.006742220910438565,0.0,0.002732918180820617,-0.016335925470831663,-0.05855821950669643,-0.04019786930685733,0.0,0.0
2010-11-30,0.004744269856407274,0.0,0.0,-0.01273270081490584,-0.011124144160920443,0.0,-0.005131182375781184,-0.02695717476094386,0.0,0.0,0.0,0.0005781674937110723,-0.030916843830410292,0.0,-0.02055998113605001,-0.02389559704954291,-0.0109779998565117,-0.03201903405997026,-0.037127503410832145,0.028258076336272843,0.0009026320500016574,-0.010194683323992437,0.0,-2.283803016688178e-10,0.0,0.0,0.0,-0.0015539787746097883,0.04234232919671056,-0.002314151655898311,0.004343883004699793,0.0020887621720490027,0.0,0.0,-0.0026490973550030083,0.0,0.0,0.00343134907843744,0.0,0.0,-0.014305429013259057,-0.00972640629205623,0.004794695740450824,0.0002571594210331556,-9.49559771467425e-05,0.0,0.0,0.0,0.0,-0.03964261659179,0.0,0.01653327133129146,0.013688375324947629,7.960421534060954e-11,-0.03391273200336713,-0.019924851390305174,0.003224640588348995,0.0,0.015532729546458996,-0.04457945169288498,0.0,0.014017970541095912,0.025351654735660735,0.00419642376045039,0.007615846263481401,0.18515162555077547,0.0,0.007857986082885984,0.005486613164180759,0.0,0.004043276954716839,0.0,0.0,0.0,0.0,0.0,-0.01725107187484115,-0.003461865712828652,-0.004003099447234584,-0.004348029645403383,0.0,-0.011221850466812934,0.0,0.0,0.0004206177438376478,0.0,0.0,0.09567279139349023,0.000670103441707949,0.005959670847055172,0.0,0.0,0.00019037974558331675,-0.013253931800578862,-0.0393351690261321,-0.016784466271606565,0.0013315995660797915,0.0013130989885734097
2010-12-31,0.026928066508109583,-0.013987705156687933,0.0,-0.025585566404136024,0.0,0.0,0.0,0.0,0.00392409406090266,0.0,0.0,0.015696892686530732,-0.0314294177479962,0.02215421491518582,-0.005447431897782709,-0.016254935375444507,-0.028619840944218655,-0.03664500887950159,0.0,-0.01939496891916683,-0.013107437964553275,-0.02032945616111084,-0.020954437453134897,-0.023725542243031195,0.009333314529889749,0.0,5.182664927523744e-11,-0.03261811496214141,0.0,0.002948905953526344,0.0031059986367488533,0.0,0.0,-0.0196097496798779,0.0,0.0,0.0,0.0470077010835605,0.0,0.042745966804739445,0.0,0.04023412503427469,0.04011000304224819,0.005417101765660961,0.01733864923591527,0.0,0.0,0.0,0.004488482101127954,-0.046499917079973536,0.0,0.007238987994945752,0.00347699824010208,-0.004278347235784076,0.0,-0.030036987431045645,-0.012339800913044907,-0.015413290845207222,0.002602781484754214,-0.0035477218016067603,0.0,0.006265623038499596,0.0,0.0,0.0007919736754094212,0.013942595995224443,0.0,0.0006526640354113749,0.0,0.0,-1.6268987060427118e-10,-0.0005209964280161884,-0.012211888277171202,-0.000897011548848935,-0.011184083126074938,0.006942352745841862,-0.022331588484747915,0.002301972096521437,0.0,0.0,0.0,-0.022460468422510326,0.0,-0.003807620410469738,-0.005281258526995851,0.0,0.0,0.013347777127073425,0.0,0.02022558867497746,-0.00147940551702897,0.0,0.0,0.004716517399069498,0.0,0.09270474669223447,0.04185520054479152,0.0015007038448960285
2011-01-31,0.027119960447592524,0.0,0.0,-0.0423174581241532,0.003738746792892858,0.0,0.0029228350548815654,0.0,0.010588714146698206,0.0,0.0,0.006279249061905513,-0.01663772120622276,0.003189689361220985,0.0,0.0,-0.018360076036528065,-0.010919599833884805,0.0,-0.03727035069559955,-0.018861897418092854,-0.005924633597964924,-0.02604821724910224,-0.01609691693305919,0.009545593781126164,0.0,0.0,-0.017255381288042333,-0.010325380612230988,0.0,-0.0209955050389745,-0.036401094811369085,0.0,-0.03149344563620365,0.002336152076577593,0.0,0.0,0.045513256926146654,0.0,0.024511101029650373,0.0,0.06425079109950713,0.008376817557784902,0.0023901640254759306,0.12247900005732118,0.0,0.0,-0.007209857431768302,0.0,-0.023267378258520825,0.0,-0.03095434108620778,0.0,-0.03755959916866367,0.0,-0.013744125987801479,0.0,-0.002699520661085854,0.014582511984212645,-0.003450705199928753,0.0,0.016115983158167153,0.005379174607280224,0.007413675766359822,0.004813201546467066,0.012518492335386237,0.0,0.006869556703648144,-0.005132675488740972,0.006259371850237839,-0.003166020502595221,0.0,-0.0017077149284191935,0.0,0.0,0.0,-1.8366062535681196e-10,0.00722928390496828,0.0,0.0,-0.015904258966707933,-0.0014991967741922651,0.0,0.0,6.072498783865524e-11,0.0,0.0,0.018210912829877246,0.0024766150584784852,0.0064877418531723565,-0.02298214755775283,0.0,-0.015182236158587388,0.0,0.0006960868400254554,0.019089883346062826,0.038615436736149616,-0.006632543163938782
2011-02-28,0.020472411246289804,7.021361908449115e-11,0.004341970357507957,0.0,0.0,0.0,0.06342878063331261,0.0025052732826918436,0.0,0.0,0.0,0.00940834913099574,0.0017346963284484518,0.0,0.018463250218040274,0.003136293381630018,0.0,0.0,0.0,-0.005520050064020593,0.0,0.00294743412776451,0.0,0.0,0.05877216397027682,0.0,0.01944612837284752,-0.004675879714716911,0.016632623087959493,-0.0003666701688848133,-0.026222917942308306,0.0,0.0,0.0,0.02142048017185363,0.0,0.0,0.0316354009404772,0.0,0.02980067319494733,0.006639789949003172,0.024260586114995788,0.04432197253115113,0.0,0.007182505128627396,0.01280365130258322,0.0,-0.020210408190737515,0.04657489341640991,-0.025784055250667272,0.0,-0.04398856263547185,-0.023501528650322002,-0.04102890167485601,-0.026138327091971697,-0.019968902554158636,-0.02691703798633804,-0.018215565547787287,-0.019944151186239864,-0.027699678892992824,0.0,-0.02277403994896188,-0.016607664542443435,-0.016972474044251163,-0.012198249448997472,-0.018424029095197865,0.0,-0.0044564864184338275,-0.005322811676344996,0.0,0.0,-1.4923567477065266e-10,0.0,0.004191273108967261,-0.00026384286626479327,0.0212879897638591,0.0,0.0,0.0016866832123500527,0.003281453964798875,0.0012435635591697175,0.0,0.0,-0.006656819075891127,-0.008419386724390597,0.004816857966549737,0.0,0.0065195445011164395,0.0,-0.019023003018696746,0.0,0.0,0.0,0.011043306965161318,-0.0028271237397527234,-0.01540620283317766,0.0,-0.020465228866486527
2011-03-31,0.017404121579028504,0.002450657875283273,0.004408147055590366,0.0019307642949679504,0.0,0.0,0.0016336866375937674,0.08593750868035717,0.0,0.0,0.0,0.008072984898964897,0.0,0.0,0.020871283628042935,3.0407508678393328e-05,0.0270739920100128,0.0,-0.003901671397584783,-0.02630442968556759,0.0,0.0006619650986972771,0.008676877487848678,0.0,0.040418961198646845,0.0,0.050406834555646964,0.0,0.00925496420760083,0.005381621644390105,0.0,0.0,0.0,0.006300155982683742,0.008602494148910235,0.0,0.0,0.044138214029447564,0.0,0.028970006831897373,0.011576525007909396,0.001414402865825536,0.05271576238988583,0.0,0.00872187030725489,0.013348243162424663,0.0,0.0,0.0019032953392335767,-0.04378672591733275,0.0,-0.04017169784786327,-2.7381187209095854e-10,-0.005203753747299398,-0.028207629812003535,-0.050353528271278786,-0.009928306057135211,-0.021101680833993264,-0.010747093563187142,-0.023596607808244463,0.0,-0.014974770988257257,-0.021505930846604477,0.0,-0.0017880375020051123,-0.0005667202721963587,0.0,-0.02915267572020208,-0.03348163329411717,-0.023982115308548158,-0.011258072894677316,-0.0025090596016511773,-0.010550932181874832,0.0,0.0,0.03176268352555882,0.0,-0.0054814023221260175,0.0,0.0,4.594908318761926e-11,-0.0034800734987109243,0.0,0.0,-0.002729062205019709,0.0,0.0,0.0,-0.004837122625168843,-0.028595226255691435,0.0019467697994705626,0.0,0.0,0.003984798202197963,0.0,-0.016979173816821968,-0.004688832273468653,-0.020136033177556554
2011-04-30,-0.0004380304553860841,0.016598949788587357,0.012588436204215398,0.0,0.004852471284182728,0.0,-0.0034007433439433004,0.04807091169449247,0.015171547923070997,0.0,0.0,-0.011692090193519028,0.0,0.0,0.0,0.005977405967586782,0.0,8.257360807508031e-11,-0.027616638081618478,-0.04600055044004194,0.0,-0.020030766193270152,-0.0013538241421768929,0.025074797899197646,0.012512056891021136,0.0,0.02142049642153027,0.0,0.046373043459907504,0.0,0.007565517259440551,-0.014412708469197026,0.0,-0.014964252576856034,0.03668476908772748,0.0,0.0,0.012825063536878576,0.0,0.0,0.01554664988723309,-0.0003749986941416144,0.0,-0.008539608667343528,0.0025622974974756196,0.025562946746838833,0.0,0.007436877304396326,0.014972151766347528,-0.011953949988887564,0.0,-0.01586503040033694,0.0,0.0,0.0,-0.021471373579254844,0.0,0.0,0.0,-0.007094293608967135,0.0,-0.002060105847095767,-0.009945970302613525,0.001023415418264526,0.0060747531485621595,0.0,0.0,-0.0066333497110043,-0.06839345054750862,-0.059278463801431855,0.0,0.0,-0.03774513945123958,0.003907581506805242,0.006635286685290103,0.004338133110409155,-0.007701549344995361,0.005982817761784785,0.03463507203818689,0.01723910550125601,-0.004833506746048826,-0.014436844184054479,0.0,0.001826244265602929,-1.2927846221080677e-10,0.0248151966983005,0.0,0.06172600316283381,0.0,0.0,-0.014945963784593326,0.0,-0.006181563685769833,-0.002863132975317791,0.0,0.0,-0.03348010120732418,-0.02629199944678349
2011-05-31,0.0,0.0,0.0,0.0,0.020207595684469053,0.0,-0.0029936356598963113,0.02699419907295698,0.024885265128208593,0.0,0.0,-0.023818849972819522,0.0,-0.012401377577107377,-0.004099598369212249,-0.002085097075862592,0.0,-0.013150087470114405,-0.031099426656675776,0.0,0.00985416113950259,-0.011948538604124056,0.0008660070644455062,0.04259497040892766,0.005167767682345538,0.0,0.012488855474420598,0.003992153436441072,0.03392333349146711,-0.00825754810782011,0.011633210882181683,0.0,0.0,-0.0030487607696041124,0.0,0.0,0.0,0.0,0.0,-0.015725727150972597,0.013283659295876635,0.05735722578411111,-0.011349393453324391,-0.019186949628767026,0.0,0.007476515523553424,0.0,0.014930963582095318,0.0,8.228408487699427e-11,0.0,-0.003813442786523849,-0.0037165421500083384,0.00388951896498829,0.02121783871504377,0.0,0.0,0.011166509563492258,-1.7788324420743616e-10,-0.004020463423492281,0.0,-0.010475011502074283,-0.011397436671708214,0.0,0.0033752891456262455,0.0,0.0,0.0,-0.14622563694471047,-0.007214199031207626,0.020616071016941996,0.02014020776657258,-0.011205660451384974,0.0,0.030157875051229643,-0.006669127931807134,-0.00623846743914782,-0.006158314393759801,0.0,0.006496711956244967,0.012598018855251672,0.0,0.0,0.01931060118620992,0.0,0.015106864656210313,0.0,0.019062382310928307,0.014866148141213299,0.01634007893675974,-0.03076757533789809,0.0,0.0,-0.016697339907712116,-0.005181795653942702,0.0,-0.035233426236064486,-0.03582056946437396
2011-06-30,0.0007785813082423806,0.0,-0.007339200386074749,-0.004345296062618934,0.005891814324251137,0.0,-0.01015989279652464,0.02030519905461399,0.0,0.0,0.0,-0.001785055327797786,0.0,-0.035923747837804304,-0.0009268755851009979,-0.012166233308016422,0.0,-0.0175947254272904,0.00872855805020521,0.033204042228050415,0.0,0.010127902520501128,0.0,0.00045321036767374226,0.002486350393498066,0.0,0.0423498917758341,0.05576878554922465,0.07488677127466595,0.014658723283459997,0.0,0.0,0.0,0.0,-0.00336793065353235,0.0,0.0,0.005306811665105593,0.0,-0.028592734899098707,0.003793699956619126,0.0031649927763894936,-0.025727656779387275,-0.01666000950036226,-0.004895205734118642,0.020788796635247485,0.0,0.0011399514779368897,-1.1457516989913673e-10,0.0082010213862397,0.0,0.0,-0.017555281345110134,0.010462948118696773,0.027447084641946225,0.0,0.0,0.0,-0.0014416033578644547,0.0,0.0,-0.04548585507836476,0.0,-0.007169771439599164,0.0010646879618080487,0.0,0.0,-0.0010071783160727021,-0.12282805834297147,0.0,0.0,0.00040413468211373713,0.0,-0.00036827548775649534,0.0,-0.016924231865688647,-0.003547465886268999,-0.012614956008815195,-0.006338618027766065,0.025949315092126717,1.0779108887188067e-10,-0.0014042378667070126,0.0,0.018126077482992053,0.016101789931784235,0.0,0.0,0.018258411147275888,0.04599299315879214,0.00026672312934490476,-0.050385394762173734,0.0,0.023890730517569174,-0.022154262117670936,-0.011245315848326054,0.0,0.0,-0.010044929836541455
2011-07-31,0.0,-0.000805226753442307,0.0,-0.06927557946455254,0.0,0.0,-0.010489633736954815,0.06693498159940613,0.0,0.0,0.0,-0.018942877407486253,0.0,-0.024742260722180318,-0.0032966629874686274,0.004274939136929104,-0.0016511156810172076,-0.006128932137051484,0.024721609406909723,0.011415480234995697,0.0,0.0006904219392846938,0.0,0.0,0.0,0.013021329864943294,0.053413780409748264,0.02158624533351902,0.012957134834339305,0.01100973883972641,0.008655025334372322,0.010034314329069337,0.0,0.008942034652836856,-0.013806603511007244,0.0,0.0,0.04359592186475543,0.0,0.0,0.02519132036321526,0.0,0.014719284025640626,0.0,0.009967280998999246,0.01893852918896464,0.0,0.0,-0.006351350088486714,0.0,0.0,0.0,-0.04041201845806841,0.0,0.005779479540185405,0.005820313205227737,-0.0006912052434009933,-0.0006595967366022891,-0.004342887328480284,0.009065195112035566,0.0,-0.015854047551169054,-0.0031392212433207136,-0.04886327716190631,0.0,-0.008770078966351017,0.0,1.3981790560552623e-10,-0.04630096588751039,-0.0004998206013696062,0.006474167841919257,0.0,-5.5234845289372036e-11,-0.0051897416578018645,0.0,0.004964210353310686,-0.0003119334430925118,-0.028247312838690294,-0.007965600446393646,0.029975893045412386,0.0,0.0,0.0,0.02274957818984228,0.01338857357550408,0.0,0.0,0.0,0.027929451097302067,0.002995133689925506,-0.10033021804136166,0.0,0.010788631851861631,0.0,-0.007386865795083212,-0.004366761517444734,-0.018059901886016323,-0.003118302651054369
2011-08-31,-0.0073682754680070945,0.0,0.0,-0.021396832550355765,-0.01829316517999301,0.0,-0.000776122605210844,0.05737701843900256,0.0,0.0,0.0,-0.00736027335587942,-0.004538225234318864,-0.010008403920123119,-0.004631741254190602,0.013193720046400664,-0.1488622561672056,0.0,0.0,-0.0006317590998735912,0.006140287424746143,0.0,0.0,-0.011587594835670668,0.0034756293584612442,0.0,0.012998930422351158,0.0,0.0,0.0,0.0,0.003600233096936384,0.0,0.005191637431692795,-0.0069621470981066445,0.0,0.0,0.10167880106637668,0.0,0.012600827324647904,0.023010918580551362,0.00845095490729424,0.01695293031800387,0.007541334201087709,0.017193340820038094,0.03381226458472912,0.0,-0.006446504246891296,0.0,0.0,0.0,-0.006596049885157876,0.0,0.010605267096704814,0.005119140416045365,0.018726655127746916,-0.001353156888920264,0.0,0.0,0.016485142523334058,0.0,-0.007999646202012203,-4.110002187714258e-11,0.0,0.0037234379142317142,0.01108416212044366,0.0,0.007910190247858918,0.0,-0.07621726457011524,0.003598664110280509,-0.001103212131527412,0.0025911855003337586,-0.010079487974507419,-0.0034288730128255304,0.0,-0.001734569172076608,-0.024255033889393526,-0.006589090770467659,0.018083050160742468,-0.029732163156553405,0.0,0.0,0.0,-3.0839772646014586e-05,0.0,0.0,0.0,0.059284052426203625,0.011086626483203629,9.980331972750575e-11,0.0,0.0013540187275590105,-3.555582665063251e-05,-0.013532228052324232,-0.06834270933347411,-0.00010681830442129143,0.007129579023188419
2011-09-30,-0.009200577131405206,0.0,-0.00013245271394857167,-0.008043982061649434,-0.012578127901965953,0.0,-2.2059575356706523e-05,0.02600224145668393,0.0,0.0,0.0,-7.171099756193187e-11,-0.01537131394216983,-0.030986521286275173,-0.0034281924888694333,7.540195604815799e-11,-0.1291200485193293,0.0,-0.02173292185454417,0.008175940868167529,0.0007974314911510911,0.0,-0.007207247050032858,-0.030715907202982867,0.0,-0.001047556983907625,0.0,0.0036272148969446368,0.01422570982745783,0.0013073130917709032,0.0,0.00434670151906062,0.0,0.0,-0.005644212658440887,0.0,0.0,0.011630265275354745,0.0,0.0,0.0,0.0,0.0,0.00438772862184129,0.0,0.0,0.0,0.012794371007167184,0.0,0.02123638513596599,0.0,0.010839506290356843,0.020224941287677274,0.021627383480417466,0.025461126515739237,0.03368757819656922,0.013543096979910317,0.009144253477738647,0.017310201107211067,0.07806481209509716,0.0,0.012127882860965139,0.006564934036757932,0.017498929395612105,0.020215072431738174,0.026422161646892293,0.0,0.0,0.015076892445640437,-0.005991298510767694,0.0,-0.008629612163799616,0.0,-0.02114948290315102,-0.0077291650440786674,-0.0008761184414291432,-0.0171198499702655,-0.004149873128078381,-0.012689683277654264,0.0,-0.020046372486288065,-0.0012749310047742582,0.0,-0.00037670850929663927,-0.006175521242879457,-0.0005205593147779712,0.0,0.0,0.0,0.0,0.01560167196028941,0.0,0.0236914999448423,-0.005751848434044819,0.0,-0.11228785412612552,0.0,0.02436675257957732
2011-10-31,-0.0012550707498695552,0.0,-0.021200291395513014,0.0,-0.009912429249133022,0.0,-0.001554145466211339,0.014825693382030025,-0.0007398803151334622,0.0,0.0,-0.0013951355473292876,-0.003982047179715328,0.0,-0.0037223846199298423,0.0,-0.012984953448693767,-0.00010565744104573105,-0.011031647826396249,0.018514768182261106,0.0,0.0,-0.04778747888835687,0.0,0.0,0.004466757113181097,-0.0009169186335924184,0.02205343002511079,0.019366329193018606,1.5052597247697907e-10,-0.03652452968106577,0.013850945956292013,0.0,-0.020519706131660327,-0.00013945004582823026,0.0,0.0,0.006378304681546928,0.0,0.0,0.0,0.0,0.0,0.0013889292812948543,0.0,0.0,0.0,0.011780263004422649,0.0,0.06416911472098909,0.0,0.03576468189963676,0.01725670157541329,0.016195343811799663,0.030904614084484375,0.01811850733002016,0.028637749614886413,0.004280504147693305,0.029225831764609883,0.01730064024694316,0.0,0.01829258163878663,0.003925462320232692,0.014385538463441072,0.014897775101115654,0.017828509912658722,0.0,0.0,0.007659611631815086,0.0,-5.480138680403653e-11,0.0,0.0,-0.005034367959848139,-0.0015191421871119993,0.0,-0.017455502443857067,-0.005344499333257715,-0.008205267048308883,-0.002907635097792842,-0.006401796842381108,-0.010129310160383289,0.0,-0.15699106363267104,-0.06832189724673228,-0.004732457406574707,0.0,0.0,0.0,0.0,0.007170755683199591,0.0,0.01950330099307491,-0.02539475829038634,0.007374710307422561,-0.013790575676419038,0.0,0.014482643782092944
2011-11-30,0.02755081406504265,0.019716369675394783,0.009345977641902066,0.0,0.008017903548471265,0.0,0.0,4.679120362189213e-05,0.0,0.0,0.0,0.01216138991121147,-0.018524310675759912,-4.025904144796398e-10,0.0,-0.0031989112500083404,0.0,-0.001482313450489974,-0.09251007401085999,0.0,0.013398950827553461,0.02214469764520635,0.017623189268399408,0.011348880093752593,0.018843050050499785,0.044707217316017595,0.021563001748409086,4.2142445189075507e-10,0.029496885289539452,0.018352439164348446,0.0,0.03146667612744492,0.0,0.039302763080097926,0.006334051446844066,0.0,0.0,-0.015198744822413787,0.0,0.0,-0.011698368360894391,0.0,0.005230395085911366,0.0,0.0,-0.015337263323420544,0.0,-0.029278772521637943,0.0,0.047674541987918755,0.0,-0.04526026616094993,-0.01110399377314528,-0.010573493282664508,-0.002888275769222441,-0.056032727995397026,0.0,0.0,0.015382544223299096,0.0,0.0,-0.029757691833898006,-0.019983363050816563,-0.007549338014000693,-0.0328504017891892,0.0026081662583788373,0.0,-0.005183199908532133,-0.004115656185358492,0.0,-0.007018815501042977,-0.0036349422124180813,-0.007419116774592938,-0.022441190526772466,-0.0019378127178901487,-0.008841652772792962,0.010140172336787502,0.0,0.006101596158919778,0.01979358322977658,0.0,0.0,0.0,0.015583115487226153,0.01752088998042087,0.0,0.0,0.0,0.0,0.007152033044144438,-0.0167832276894696,0.0,-0.002412977224627032,0.0,-0.013083102217634911,0.0013919136820348182,-0.003899995781509262,0.0
2011-12-31,0.04135561617755491,0.0,0.0066896890977015825,0.016472902137977155,0.010780968563957062,0.0,0.0,0.021104965740477745,0.0,0.0,0.0,0.007013714690303784,-0.021511768792527867,0.0,-0.00043028714418568337,-0.0048474285777676835,0.002881789788063576,0.0,-0.005774420963429168,0.0,0.0,0.0007044593076037666,0.0,0.002635110121229723,0.0231073685355298,0.04632334826210865,0.03787111687902498,-0.010510940681152629,0.019335793249301906,0.0,-0.018674941227871028,0.010929593429135062,0.0,0.005660683224324817,0.0,-0.0002738528976915566,0.0,-0.04507589710641129,0.0,0.0,-0.0010903550573355758,-0.002637151814362404,0.0,0.026327717679561213,0.0,0.0,0.0,-0.0025017412096117087,0.0,0.08797740405595628,0.0,-0.0897193911356892,-0.005348203033498716,0.0,0.010238916732002779,-0.06186489366987558,0.016532767036302323,0.01105389203445925,0.0,-0.010562131680671069,0.0,-0.04139463319322536,-0.0053011211618482325,0.006265913243697467,-0.019728699612782508,0.0055970583533000665,0.0,0.0,0.0,-0.004436137720083176,-3.782427296252074e-10,-0.004688676156315828,-0.020824308790274276,-0.020453939987202036,-0.019586590757919888,0.0,0.009767964773255864,0.001453510524642592,0.019644097956353298,0.0,0.0007527893226501894,-0.004805405287144843,0.0,3.8686870252998927e-10,0.0,0.0,0.0,0.012697740644520512,0.0,0.01899704468595815,-0.01887761916481535,0.0,-0.014912771967310605,-0.00829726482811929,0.0,0.01982606336617683,-0.024004722308857727,-0.01186470369377697
2012-01-31,0.0760557339339093,0.0007941084814322027,0.011560951051059167,0.006925766096956883,0.0,0.0,0.0,0.0,-0.0026611099184847727,0.0,0.0,0.0,-0.028419887767028834,0.005667049977970527,-0.002943045595332558,0.0,0.019868055762923942,-0.0015502619553701296,0.018874726269685914,0.015349059011907978,0.005432955793199174,0.0,0.0,0.0,0.012480896807903295,0.04498542690934371,0.04221639191964778,0.003962474892051224,0.04132425835852327,0.0,0.008257163426009897,0.004960135329876042,0.0,0.02606894634583568,-0.0027145010986969077,0.0,0.0,-0.024832107269466264,0.0,0.0,-0.0009334326542196726,-0.013615290896957585,0.0,0.022554266970640443,0.007093359319350662,0.0,0.0,0.0,0.0,-0.020428413389410913,0.0,-0.021097910427276077,-0.02188073953822106,0.0,0.0,-0.07172840881996251,-0.002506018179851973,-0.009753245026514576,-0.022371421308358296,-0.0003294697711311011,0.0,-0.06723973488667476,-0.021462573524248574,0.0,0.0,-0.006326622339120696,0.0,0.0,0.0,0.0,-0.005135803515952373,-0.010870919966727071,-0.029876519005717053,-0.03845306961078456,-0.025079051985421645,0.0,0.006060864627746464,0.0037773023761718412,0.007603238492025638,-0.0018920962601831598,1.6973383502612357e-10,-0.0032093492380402995,0.0,0.01878978454830201,0.0,0.001393646090088191,0.0,0.010274422979348092,0.0,0.02317161045758585,-0.016678470905799495,0.0,-3.939335997343137e-10,0.003232989171002771,0.04577019238897337,0.0054942220407948805,-0.022567194442513407,-0.0034433303085999864
2012-02-29,0.0011184721531431316,-0.0003276881332832184,-0.01894456362200785,0.0,0.0,0.0,-0.012702673031099475,-0.03433165530897183,-0.002866596337625534,0.0,0.0,0.0,-0.01354417899842483,0.011896571684904687,0.0,0.005418805063322673,0.07187590059997037,0.0,-0.0021008164415443472,0.021289891290733855,0.0,0.0,0.007653067752936335,-0.028751324046971692,0.04503202853081331,0.024208492328068754,-1.9481239366804438e-10,-0.00513531822943668,0.01533091870114626,0.0,0.011850041561408526,0.03166008922216362,0.0,0.025731715593423857,0.0,0.0027636611557744083,0.0,0.0,0.0,-0.0024212032794000615,-0.00216268522712333,-0.0346888840553699,0.0,-0.006450579070956234,0.03089387199438677,-0.04120413720334139,0.0,-0.040565901144569275,0.0,-0.024821793849447243,0.0,-0.027001442384312443,0.0,0.0,-0.008973821229297959,-0.040867060358871055,-0.010145532226185026,-0.023025540835694778,-0.00858062120589754,0.005038867082294939,0.0,-0.0237243228849878,-0.03498828555513314,-0.0077891283320297615,0.011035109499685076,-0.0022821134852738065,0.0,0.0,0.0018388408317224312,1.355153717485153e-10,0.0,0.0,0.0,-0.0003307296389593343,0.0,0.0,0.017373739473432428,0.012206295552976998,0.0019822334825297613,-0.015232475962551782,-0.026038927726420257,0.0,0.0,0.004378171489607459,0.008784872235527829,0.01878037424830271,0.0,0.010839003679894559,0.0,0.04025532851399111,0.0,0.0,0.005025146696136264,0.01411164053277366,0.03889657668302986,0.0,0.0,0.002730272230382909
2012-03-31,-0.001376808534480711,-0.0025366267754166802,-0.0034342629137953154,0.004063567278551154,0.0007598147500488513,0.0,1.1964177545732728e-10,-0.019749648920853232,0.0003148354664193144,0.0,0.0,-2.625881500763434e-05,0.0,-0.013428465467399585,0.0028150845196295324,0.018957775674396334,0.0037710571297084085,0.0,-0.03512190126699338,0.04969437500329353,-0.007521462069217046,0.007647343695972353,0.020652442118308283,0.0,0.039623993561682384,0.00998075318213653,-0.026181010374966528,-0.010489143078962402,0.0,0.006829662459326765,0.0,0.03569190156270779,0.0,0.02304680846751664,0.0,0.01817146238679227,0.0,0.016890999981900558,0.0,0.0,0.0,-0.004990346435073865,0.006752064446482504,-0.061978180220431445,0.0,-0.019386403084101493,0.0,-0.02623740150811768,0.008380104606700826,-0.013650017371565041,0.0,-0.011268060311774509,0.0,0.0,-0.009023664814434965,-0.015821193734854758,-0.011866017051314112,-0.0019153003608906463,-0.010705392758515125,-0.003945823789067095,0.0,0.0,-0.016603283739309676,0.0,0.0,0.0,0.0,-0.0002721013238345487,-0.0033407524322035965,0.0,0.0,0.0,0.0,0.0,0.0,-0.009838351327330628,0.0,-1.3831053966922742e-10,0.002074758867103105,-0.011961306741429758,-0.14453190954597767,0.0028889116977117964,0.0,-0.0027989050943703093,0.11896244076980986,0.0014561595594314936,0.0,0.0,0.0,0.04562646518995977,0.0007997853707776279,0.0,0.0111432188646407,0.027168837391306516,0.0,0.004331746499767696,0.003607339865096369,0.00789628951317925
2012-04-30,0.008636329894670855,0.0044783221461008145,0.006468209694467184,0.003882617414997985,0.0,0.0,0.006941750821405137,0.0,6.086108615337932e-11,0.0,0.0,-0.0007424849859753402,0.0038423705029177048,-0.027344228732476078,0.0,0.0,-0.0012980028361700914,-2.3176045144104018e-10,-0.008681568160297845,0.021052044414908523,0.0,0.0,0.0,0.0037634099121949555,0.024563810220880392,0.02654242530057805,-0.012247014090996515,0.0042029775851647405,0.013498869839513655,0.003310144672186495,0.0,0.0040607317582895056,0.0,0.0006552286778160033,0.007286169772511255,0.015390900958958662,0.0,0.004590898634180838,0.0,0.0,-0.01199558523935815,-0.015024236698687715,0.004697494928704045,-0.012972488425969132,-0.015937130261441224,-0.010362875653514087,0.0,0.0017269516514615973,0.0,-0.03092632987477028,0.0,-0.026925652951250236,0.0,0.0,-0.011568250063750177,-0.03667631509370186,-0.025095547839544492,-0.0034399084148068497,-0.020689709508967844,-9.671519817311275e-05,0.0,0.0,-0.04250707788043131,-0.004694176734132195,-0.005703094079784617,-0.009417901799484754,0.0,-0.0036518874155176155,-0.00033425208943216344,-0.005727212521247419,0.0,-0.0020411449179815393,0.0,0.0,-0.002520368284909078,0.0,0.0,0.0,0.008788756540437578,0.0,-0.15132014306701563,0.0,0.0,0.015222363409449035,0.06078724103723072,0.0018833944142643234,0.0,0.0,-5.869694845220053e-05,0.18586508899194548,0.0,0.0,0.0005346226181301581,0.04756162415254368,0.0,0.004316715449673741,0.0,0.005448534523555916
2012-05-31,0.004194603268947191,0.0,0.0,0.0,-0.004797673724786522,0.0,1.1358630708947756e-10,0.005774444334337056,0.0,0.0,0.0,0.010342214794728162,0.012949907035080047,0.0,0.0,0.0,0.0,-0.02435034910502927,-0.0023255036897963455,0.047393208290213686,0.0,-0.0039509511977957965,-0.004272495990152635,0.0,0.04942724389062723,0.008662805465086739,0.018536364420909356,0.007587778461107983,0.03173839556560389,0.025765067510414387,0.0,0.006365721882979112,0.0,0.003493862598823424,0.007110729628929758,0.005346591565432174,0.0,0.0,0.0,0.0,0.0,0.0,0.0,-0.005256167383834789,-0.012867280312393314,-0.008852251901103964,0.0,0.0,-8.4908417258762e-11,-0.022127537640945463,0.0,0.012860889620354116,-0.004777872222875036,0.01024547529442121,-0.03350420206084878,-0.02263955199242001,-0.039710690751989644,-0.008203405395121866,-0.17790023962301865,0.002500144516814709,0.0,-0.0044393830587444606,-0.03643834611170026,-0.010210964382600336,-0.009761282948600748,-0.005915505816302689,0.0,-0.0014283204955890033,0.009964410830853147,0.0,0.0,0.0,-0.012822721303793843,-0.011423393658997031,0.0,0.004117977013621196,-0.007073614516161782,-0.009447633371151311,0.019787923735674732,0.02700471795838433,0.001441411944558375,-0.009176438627748314,0.0,0.03644422823369499,0.0,0.011590397489576052,0.0,0.0,0.010204046841525915,0.0927056799158884,-0.005792880807544304,0.0,0.015456275998607532,0.0009874817792187827,-0.0003475011866039631,0.0,0.0,-0.0001858406374414279
2012-06-30,0.0,-8.321306011864277e-11,-0.010544211226232034,-0.00045182048307752456,-0.012817366043200109,0.0,-0.00019002024263311689,0.03474442210867275,-0.0091042645123754,0.0,0.007580449229347892,0.0013718343049558624,0.03127627603494239,0.0,0.0,0.0,0.0,-0.0524225373829506,0.0,0.033548607852026666,0.0,-0.005110397315228966,-0.0379814452210458,-3.535892768664213e-05,0.02479561633152316,0.0,0.03779155147380366,0.0031193227120091547,0.03442622530805109,0.020477975477553565,0.003559776878009286,0.015613463597923587,0.0,0.03304322863432485,0.0,0.0,0.0,-0.0060729639680691515,0.0,0.007241863074054702,0.0001641846397485826,0.026400947589779705,-0.010929005934271353,-0.004861917946389954,-0.013712964193850862,-0.02235800121428095,0.0,0.009474767265834664,-0.004050828953873399,0.0,0.0,0.04512533111463743,-0.025480554156094997,0.017581189152301942,0.03733824051496236,-0.09470516158984316,0.02172167824235279,0.0,0.00922334156035007,0.0017346838923536657,0.0,-0.09449107832097259,0.0,-0.020085642396241894,-0.0012801794742087825,0.006885153247941792,0.0,0.0,0.0018905522031904057,0.0,0.0,0.0,-0.0025511142332910568,-0.002792328468731237,0.0,0.0,-0.010702457157067028,-0.008914893915309691,0.0,0.004499774419816833,0.0,-0.021837245157489582,0.0,0.003116754331197961,-0.00218748180748759,0.0,0.0,-0.0017869247127382123,2.2736330180974493e-10,0.01606913330265393,-0.01937886116997596,0.0,0.010183655278315927,0.0,0.0,0.0,0.0,-0.003162973792169347
2012-07-31,0.009642447279922835,0.009878462168801156,0.022998209328068536,-0.029179357713900428,0.0,0.0,-0.013176632374325587,0.030213448764105335,0.0,0.0,0.0,-0.008172509637926881,0.011904019134312462,-0.010190767335377948,0.0,-0.003285661278529792,0.0,-0.02377786160254345,0.0,-0.001853132080408664,0.0,0.00020619054087851467,0.0,0.0,-0.0029443340705341834,-0.13667717567897258,0.0026501588861400503,0.0,0.0,0.0,0.008735806067864622,0.007745596834651561,0.0,0.009615129775169071,0.007674113062017413,0.020905034029643478,0.0,0.04009903117235336,0.0,-0.0002785414986932817,-0.012458408607950153,-0.0018717056980981628,-0.023688990608519086,-0.01864149740652507,-0.028062612523653985,-0.04802833101461396,0.0,0.05256817968087999,-1.1193149960979826e-10,0.021515476985867574,0.0,0.013744843301822383,0.0,0.013264162845242873,0.07048258765981714,-0.0020786415915415393,0.011048773371726443,0.0,0.00808619068870761,-0.009149545128449083,0.0,-0.0047380097406079045,0.038885424783244464,-0.004133657616494805,0.0,-0.07828302274835658,0.0,0.0,0.005027468657072021,-0.0003061716989567613,0.0,0.0,0.0,-0.003134224439653392,-0.0026794619420945497,-0.005513478339389363,0.004017020338614383,0.0,0.0,0.0,-0.006103404350726656,0.0,0.0,0.0,0.0,-0.0004191350552776218,0.0,0.0,-0.014320797685649233,0.00026707720577118086,0.017530814472188492,0.0,0.011344029106332068,0.03580005621872031,2.3969087924021296e-10,0.004282049831690944,0.009868197568682723,-0.00685293042029783
2012-08-31,0.005651288960727769,0.013686102307432165,0.0005851685804873335,-0.009355471377516014,0.0,0.0,-0.00812541443568167,0.027038860140394954,0.0,0.0,0.0,-0.005178251210801153,0.024351047035964617,-0.01547312469307999,0.0,-0.012838308347178093,0.0,-0.006818547967117926,-0.051851452349670576,-0.020001451403650845,0.0,0.0,2.447227993594243e-10,0.0,0.0,0.0,0.016938896144839413,0.01368074918040556,0.0,-0.01119092544274421,0.010764751217175484,0.017090557511460124,0.0,0.025835584552954587,0.02156929801553446,0.016768410309182583,0.021299485216515163,0.032183649639965256,0.0,0.0008995393428599523,0.0,0.004505466988947945,0.0,0.0,-0.0023064476434047207,-1.8194172629394703e-10,0.0,0.07437107829108068,-0.004333919005590232,-0.022744808503281765,0.0,0.027336603812407784,0.0,0.02488029366025718,0.006293496005167593,0.0,-0.027913509303955013,-0.009023350592604331,-0.022567269159293375,-0.032941024350403435,0.0,-0.02789811352654153,0.0,-0.012415323143509578,0.009410559189496421,-0.013812284030423406,0.0,0.0,0.004504745538028318,-0.014300283007854244,0.0,0.0,-0.009398716898317158,-0.009827900837413271,-0.025417682319145773,-0.02644042436416854,0.007484012330651921,0.010446992595520252,0.0,0.0,-0.016771856405403077,0.0,0.0,-0.01329712341845131,0.0,-0.025825111628054353,0.0,0.017260956842785134,-0.012576025069554306,0.003178706651551691,0.020123918056770107,0.0,0.004784247820670791,0.03707553381604199,0.0,0.0,0.0,-0.029355879383248344
2012-09-30,0.0,0.007351870003040667,0.0,0.0010702007338263503,-0.00911501514731967,0.0,-0.008491594773970029,0.0,-0.013286916295489911,0.0,-0.02153866128619526,0.0028904394878454366,0.0004998104443289552,0.0,0.010089586714284808,0.0,0.013848300414557903,0.0020778983192942225,-0.004444261461863311,0.0,0.0,0.0,0.008274771177918977,0.000801378099205549,0.0005793616631989248,0.0,0.0046497941484465125,4.5723790586212207e-11,-0.009828542538512022,-0.006440019081305142,0.000558376167693258,0.003023298757041686,0.0,0.0006672239191246638,0.2,0.0,0.0724330696813927,0.0012820735482969943,0.0,0.005135508530770387,0.0,0.0,0.005045037383703669,0.0025728348465971526,0.0,0.0,0.0,-0.0022823578293006083,-1.5631811068389258e-10,-0.0004255783262107171,0.0,0.05892631305461046,0.0030467469463139807,0.05448529478244436,0.0,0.0071671317440559,-0.04780878903488224,-0.02303088140682743,-0.028626995780644534,0.0,0.0,-0.001885763948998899,0.0,0.0,0.011795551772454076,0.001588358960057899,0.0,0.0004238106526184992,0.0,-0.029181195179310115,-0.020010382239472296,-0.0032980437517892377,-0.033664360440546,-0.016296293249836186,-0.027596113670920786,-0.046225652098815906,-0.008531964874669992,0.0,0.0,-0.01016595278592375,-0.04606970296634848,-0.011560482870875362,0.0,-0.018294913417018208,0.0,-0.024122051179588568,0.0,0.013263609564081695,0.0,0.0,0.0,0.0,0.0,0.006452348437070481,-0.010057503026666439,-0.010379532175488504,-0.007340479004892288,0.0
2012-10-31,0.00346227818226231,0.08402404463882922,0.0,0.008267006519631494,-0.017438091244432297,0.0,0.0,0.0,-0.005991582201465534,0.0,-0.01927516124463746,0.0,-0.016311970380668065,0.0,0.018534975837046015,0.0,0.0003902384444548507,0.03228157069629833,0.0,0.008799802280899875,0.0,0.0,0.002125463228630174,0.0,0.0018217807897593535,-0.015421801876776439,7.99110787508402e-05,-0.008119681269818125,-0.045593948721979596,0.0,0.02824734882968774,-0.00212598838436967,0.0,-0.006138227283341362,0.0,0.019501907461441047,0.06493422272853652,0.015821092675490245,0.0,-0.004739718833961923,-0.008089100933222057,-0.018741097206302893,0.0,-0.005761210847180927,-2.2645192557340297e-10,0.0,0.0,-0.03535665399641797,-0.008109595522929712,0.0,0.0,0.04806306404146852,0.007939395724514577,0.015851721215099066,0.003454505546361464,0.005917756018754498,-0.0031622635271033295,-0.04760463776309909,-0.008123010313674437,0.0,0.0,5.639918200480042e-11,0.003614960963341826,0.004085492984759253,0.034651186320010324,0.013171499645094103,0.0,0.005709574326670715,0.005490219206639405,0.0,-0.002626330170732548,0.0,-0.014670900167921984,0.0,0.0,-0.017776521008933538,-0.021095466601447288,-0.04188800004187913,0.0007316284074238412,0.0,0.0,-0.047539329931869156,0.0,-0.008239143066626249,0.0,-0.005926410773795662,0.0,0.020874333346955213,-0.014344149002257453,0.0,-0.01772898200960289,0.0,0.009819294844924123,0.03233372395986595,0.0,0.0,-0.032061025447101356,0.0
2012-11-30,0.0021446753985084276,-0.005923734505999722,0.001868168680656232,0.005656150947293975,-0.021966616841878187,0.0,0.0,0.013008352846079856,-0.02221195630835097,0.0,-0.025877505567264963,-1.6955271530134132e-10,0.0,-0.0011401218637315104,0.04587514735349783,0.012510353572703125,-0.011855421704274005,0.0,-0.015008491602683543,0.022598919514476873,-0.012985501122458122,0.0,0.0,-0.011329638072314395,0.0054611617668342645,-0.05799864045918784,0.0,0.0,0.0,0.027713238134481642,0.0,-0.0024300478341732178,0.0,0.013989546154365791,-0.010703728860609886,0.0,0.012234107605948617,-0.00588019813207883,0.0,-0.022926274437930123,-0.007286642527610364,-0.03808065171225835,-0.012930553097562764,-0.027546819627570895,0.0002229075132458438,0.007323932410332754,0.0,-0.03712321254968148,-0.02306914218279012,0.0,0.0,0.10478924362198316,0.0,0.0,0.0,0.0,0.0,-0.005537064210642246,0.0,0.0,0.0,0.010898260424146386,0.00395634774034379,0.006272554402784617,0.0,0.0003247227332559447,0.0,1.2279542416673172e-10,0.02593818729987416,0.018431513947309876,0.00954809343611405,0.014462624289824312,0.0005358053736436812,0.0,0.002335465018738567,0.0,0.0015887827993013271,0.0,0.021654533128665287,0.0,-0.014327087817957263,0.0,0.0,0.0,-0.019650387212758497,0.0,0.0,0.012149053682859342,-0.01111027895873054,-0.00847993108390329,-0.032901010974956194,0.0,-0.002130227892951246,0.09497286465708767,0.0,0.0015352854228473216,-0.024580342305128643,-0.007008770363010128
2012-12-31,0.0,-0.013806395621638332,0.0,0.018619218644177954,-0.02419705205629962,0.0,-0.014638889263511088,0.004517140571500063,-0.028718945477132565,0.0,-0.010517532135658175,0.006766302109909524,0.0,-0.018381464425539843,0.0,0.0,-0.026237459232897952,-0.014419361371074895,-0.004013258161972197,0.0,-0.1091899455656455,0.0,0.0,-0.015369639517414675,-0.0003591306502076492,-0.04606502571486576,-0.0018571082515706548,0.001287617635452199,0.012887724182390592,0.07186119230261846,0.0,-0.018380045301414166,0.0,0.041254199104955244,0.0,0.01268392332173087,0.01625624370317215,0.0020228839407211464,0.0,0.0,0.0,-1.4819423417028643e-10,-0.02782938998590943,-0.01519217055672304,0.011790937089891197,0.019183220407750095,0.0,0.0,7.534547032176506e-11,-0.006802337120101757,0.0,0.006764699288330797,0.0,0.0,-0.008648404205909848,0.0,-0.005830065294255296,-0.02567736991623353,-0.001973656839963479,0.0,0.0,0.0,0.0,0.0,0.0,-0.0008969283905846896,0.0,0.0,0.02010964558668079,0.07444092479425025,0.007231683928477857,0.012429674662361154,0.0,-0.008349762663416214,0.003566088503634894,-0.01407837162598206,0.039012760749292545,0.006818471656926709,0.042556241902669205,0.0,-0.008432845311604834,0.011640353057550257,0.0,0.01009846983824485,0.0,0.015515083937446373,0.0,0.0021600268924737084,0.008579914976848386,0.0,-0.0017723544408325448,0.0,0.0,0.010215145826371503,0.002382384352108357,0.007347826956717403,-0.00715191902205058,-0.02121317173139549
2013-01-31,-0.04340846354404165,0.0,0.0,0.008842681669026532,-1.3298637081658232e-10,0.0,-0.01651383746321759,0.005978204429249945,-0.009895066346814158,0.0,-0.00663714928539007,0.016215147943455466,-0.021603274476550513,-0.00918660702297921,-0.0023310204963033,-0.00941213796190864,-0.0032755481671551618,-0.0036154135978056774,0.0,0.0,0.0,-0.01136949616579936,0.0,0.0,-0.01381067608561532,0.0,-0.07678300473964698,0.011084405376858291,0.0170544104655484,0.025088004451771746,0.0,-0.03968144789349328,0.0,0.0,0.0022033544047604377,0.023957778611331006,0.009113034914416717,0.0021822037230949925,0.016528397565534536,0.0,0.0009932547863660593,-0.00012914643406598805,-0.015084538416337272,0.0,0.024918419344123907,0.028710337333445794,0.0,1.1837704264015859e-10,0.0,-0.021374478153556302,0.0,-0.006527667601698544,-0.020023005186260188,0.0,-0.0106468859934975,-0.010281893300709201,-0.014511931410582338,0.0,0.0,-0.025807685069412882,0.0,-0.018570398713791833,-0.015776470717664907,-0.009597911138057665,-0.019707701521506,-0.026877902700091726,0.0,-0.017559240263060435,0.00016419841683090275,0.0769222648700097,0.003691698180410461,0.015543245436770986,0.0,0.0,0.020831051564623896,0.0,0.04392876918995275,0.002979544162167426,0.030954204772816653,0.0,0.0,0.015600133839405407,0.0,0.029365385787819425,0.0,0.0186485525364669,0.0,0.002385512761429974,0.026036242844454688,0.004999362032685664,0.0,0.0,0.0,0.0,0.0,0.015080198466794183,0.0,0.0
2013-02-28,-0.0044594485867825735,0.0,-8.667462733100145e-11,0.019073737897152054,0.0,0.010848993861729724,-0.0003674922754001335,0.010698570482520965,0.0,0.0,-0.032303086419111664,0.009586950176908443,-0.03579587909290357,0.0,0.0,-0.008650506227102856,0.0,-0.008181009045396474,0.012850248360852357,0.0,0.0009564610775557954,0.0,0.006265779142830563,0.0019160696164276477,0.0,0.0,-0.0040072713709632946,0.0,0.000125301516472595,0.0261909739553422,0.0,-9.454163509345111e-05,0.04434781209997609,0.0,0.005145739312832332,0.012620325399023328,0.0,0.0,0.0,0.0,0.003567489463975107,-0.004893619498106585,0.0,0.004521961271245202,0.0285149300123979,0.026217245776031278,0.0,0.00223784841847679,0.0,-0.020102397473441367,0.0,-0.03567466744109682,-0.0213104327075511,-0.019844260528220248,-0.021702624497697744,-0.028412000885567383,-0.0223088020389735,-0.01646475793613685,-0.020116631686580743,-0.04547469323504076,0.0,-0.02170783508965375,-0.022001145216622473,-0.013232747291921818,-0.03955222726241497,-0.020522996105343742,0.0,-0.018382025260172265,0.05595297212947857,0.0,0.0,0.0,0.0,0.0,0.0,-2.9719370578634786e-05,0.029520727291447092,0.015471913562631794,0.01564010580171214,0.0,8.100712651569034e-11,0.0,0.0,0.008584028775626557,0.0007891620526447805,0.0,0.0,0.00835706341997796,0.046561141427007804,0.0629623050445479,0.023492099352653124,0.0,-0.002585022903727601,0.0,-0.0020905441948022123,0.006982043219514855,0.0,-0.009731614636920856
2013-03-31,0.001094229264080234,0.029272628272168547,0.0,0.015802124151452962,0.0,0.011074098039680357,0.0,0.026850319049435443,0.0,0.0,-0.006464484555486958,0.01710576531775203,-0.01683085128701655,0.01694854303106201,-0.0033564185473448933,-0.009844654610922052,-0.001175280698840947,-0.009254418072735226,0.0,0.0,-0.0007160283199863442,0.0,0.0,0.0,0.0012118119459210701,0.0013985937876094673,0.0,0.0,0.0,0.006775130979940558,0.022304261595899377,0.002396209634082224,0.0,0.009125058445267264,0.01428199757462726,0.04556061682780904,0.0178256993737034,0.037036903141931254,0.009968701490986888,0.002407913685725867,0.012156411773993283,1.1270007047453586e-10,0.0,0.0628206008063838,0.020591667482925752,0.043847755124212046,0.0,0.027721970163217112,0.004619432689878105,-0.02495372719873318,0.0,-0.04718939701909211,-0.021123557892504186,-0.01679770119965412,-0.018965583611273637,-0.02479880074127665,-0.01884607387807063,-0.006718074280355706,-0.014909775848159662,-0.045588324867312784,0.0,-0.0327494699311241,-0.020591329307681386,-0.013028423118902906,-0.12208101340882285,-0.008165011012743466,0.0,-0.000139205142243835,0.0,-0.004608365560624422,0.0,-8.407909144049746e-11,0.0,0.0,-0.0009865414125239563,-0.003101984854907904,0.0,0.009215109971707705,0.0064058369802815,-0.002963598232831908,0.0,-0.0031104047281283595,0.0,0.02310014020391468,0.0,0.0,0.0,0.0,0.0,0.0,0.0,0.0,0.0,0.0,0.0,0.0,0.0010804690816506109,-0.000941500576620165
2013-04-30,0.0005893094556954011,0.010916451000066104,0.020352849159082118,0.01209726958274462,0.0,0.016240693978485037,0.0,0.04157166150741527,0.0,0.0,0.009206263428322118,0.0069077467413318555,0.0,0.021315117400831952,-0.006233484533744941,-0.03441285093928104,-0.008274171447099214,0.0,0.0,-0.007688845548403674,-0.006161204795119752,0.0,-0.006817442521215049,-0.0025486750518914627,0.010949336713199915,0.004316250948878029,0.0,0.003341347577340893,0.035197406494536315,0.015886658795444767,0.06320959667764706,0.005162011807865116,0.0048438329485136575,0.005099763462954028,0.0,0.03746074141765103,0.02725016390427817,0.0,0.01583928460090375,0.0,0.0,0.004185618668529647,0.0,0.04138310053163181,0.0,0.02302587673560808,0.0,0.0,0.0,0.0,0.0,-0.002235550795022155,-0.011311394369782533,-0.05143233819839241,0.0,0.0,-0.017153276578807757,0.0,-0.022855696674284713,-0.007940599172930813,0.0,-0.008601874247720164,-0.0863234311403176,-0.009920460033240437,-0.008113853984350614,9.257461355593783e-11,0.0,0.0,-0.0013988671753118475,-0.017976222138330146,-0.02576999847696106,-0.019226132324861662,-0.041531796732503186,-0.003204974551240818,-0.03662509174157586,-0.02167906406074244,0.0,0.006137651465266781,0.039177755576435686,0.0,0.0,-0.025909862247940594,0.0,0.00617465195203314,0.0,0.0,0.0,0.0,-0.0012108381726201568,-0.0039220625495151725,0.0,0.0,-0.0035199397057269063,0.0052197077149459085,-9.106585310875024e-11,0.0069418796597872316,0.0,0.0
2013-05-31,0.0,0.06436921398351514,0.02426826349607613,0.0,0.004346016363606078,0.011361011088522487,0.0,0.008312199662043187,0.0,0.0,0.03327367363842041,0.0,0.0,0.0,0.0,-0.15003806117628782,-0.00718737647698756,0.013273698920209964,0.0,-0.04116594614540938,0.0029575676701330896,0.007879402813497176,0.0,0.0,0.019305648390885,0.022466785280929817,0.020253726101819518,0.02178257038711004,0.062097780948215754,0.01689759638810874,0.019230192451186776,0.023372828461426094,0.014667509569629249,0.04429614236224515,-0.0013045733052876956,0.0,0.0,-0.0011537933422712955,0.0033210103203317933,-0.006926605707013343,0.004257107122991052,0.0,0.0,0.005658089855650708,-0.005923977950764261,0.0,0.0,-0.003248081988083051,-0.009637501090940387,-0.0007896776677031812,0.0,-0.0029677555478006164,-0.006608897571191882,-0.016173346000113657,0.0,-0.0020982634308660047,-0.010586715479398523,-0.00045604829747473334,-8.031055642626378e-11,0.0,0.0,-0.006327638280947876,-0.12594625943008309,-0.007143865448093037,-0.005870930105069311,0.0,0.0,0.0,-0.007158248749349619,-0.012748638893252038,-0.013484083266419079,-0.01612991192842172,-0.0013406691567039348,0.0,0.0,0.0,0.0,0.0,0.0,0.0,0.0,-0.016544379470266643,0.0,0.004903848017241623,0.006595981706803207,0.01750579684906134,0.0,1.150419242535804e-10,0.0016494471959747298,0.0,0.010858625489952528,0.0,-0.0010288540136351623,0.003107424214153588,0.0,0.007730841135217675,-0.014314548028885985,-0.0056953519709686835
2013-06-30,0.005139285410227114,0.08424627638051359,0.02651770795466618,0.0,0.02585133834282295,0.021425598997236422,0.0,0.010527022790398972,0.009560755087950668,0.0,0.025521848073502478,0.0,0.0,-0.0007429235328723796,0.0038955094758592367,-0.007683852594076585,-0.09142948015947257,0.006170225631277336,0.0,-0.06789412571720702,0.012147645590055843,0.010997825188884919,0.011751453482966152,-0.01509155769795524,0.0,0.0,0.0,0.0,-0.0002560842837435097,0.00016319594743777283,0.0,0.0,0.0,0.0,0.0,0.0,0.0,0.0,-0.0011956849328250629,-0.005684331450855434,0.0075819148477859685,0.0,0.0,0.010405387223013115,1.5595940078190851e-10,-0.006271862014372854,0.0,-0.024480960082019467,0.0,-0.0018967489517870122,0.0,-0.0065264242376220395,-0.010127681899703535,-0.09845842644757645,-0.005164599647076152,0.0,-0.018724681750011348,-0.014224103153823405,-0.015574942652288986,0.02954808997127316,0.0,-0.014726285605719492,0.0,-0.015359993688920005,-0.016507733796745548,-0.003628063209113116,-0.010837747694438361,-8.84528932233359e-11,-0.019436567647264827,-0.0017808699452697735,-0.011263930102252954,-0.006060366768201196,-0.0067143547008280974,0.0012981030393494997,0.029150402304906526,0.0,0.0,0.0,0.0,0.0,-0.0022556155475046274,0.0,0.0,0.018549841913631626,0.024048754538383534,0.04011557579977712,0.0,0.007828352661233587,0.01635406544230687,0.021639337097758893,0.010823425636514564,0.0,0.0,0.0,0.006080778162687355,0.019540361425273912,0.003119921426345286,0.0
2013-07-31,0.021092236793002473,0.0,0.010309045481640284,0.025382647944629987,0.0018286258783369413,0.02668715702208235,0.0,0.04969541636285629,0.030652484909036284,0.0,0.03902610215269228,0.02405025163718517,0.0,0.0,0.0,-0.005200891377084298,-0.1267620619096062,-0.0006314181138434266,0.024676088386803675,-0.024711541670621517,0.0,0.0,0.0,-0.015273624435257436,-0.01320985999232908,0.0,-0.004184019322858118,-0.0077989349317845996,-0.006653759720189675,0.0,0.017077314629659324,0.01301079617593809,-1.0167596692605094e-10,0.0,0.0,0.0,0.0,-0.0031535820017790377,0.0,-0.03828100637391173,0.0,0.018322567774773476,0.013611736817427151,0.029680229032221606,0.02624767489471612,-0.0004290096351034416,0.0,0.00818825957672599,0.007780651053290423,0.0,0.0,0.0,-0.006073601588388777,-0.017516608032136373,-0.00655774667459098,0.0,-0.02197101805189136,-0.029392116723212295,-0.02591804699542123,0.0,0.0,0.0,0.0,-0.0038595109020205247,0.0,0.005304397484340151,-0.004670846141154968,0.0,-0.04123726108535921,-0.005159198637343451,-0.028520794013379605,-0.012538788373510332,-0.013122147501935444,-0.0028836515821280113,0.017280332635407295,-0.0025169946815458257,0.001174430775772738,1.708523423035902e-10,0.004298865432025859,0.0017003723107176436,0.0,0.0,0.0,0.01824835134565774,0.01853708220218989,0.0,0.0,0.022659208458976437,0.0,0.0035721875939707754,-0.002601384663722756,0.0,0.0,-0.029170574766214225,0.0,0.0,0.012047493789973567,0.007857991277097656
2013-08-31,0.016373907951134248,0.0,0.01044362736259833,0.03192641503217277,-0.0051789238970088814,0.0031714696622006373,0.0,0.02759479303891237,0.0,0.0,0.036315853914702524,0.07374278716526048,-0.004592601092956422,1.368204495738692e-10,0.0019140564442942122,0.0,0.008216606731995106,-0.020360857605023534,0.03387151345571671,0.0,0.0,-0.038123550392651785,0.010814837560636881,-1.8778227394456086e-10,0.0,0.0,0.001861996481368753,0.0,0.0,0.0,0.02628860599125779,0.01389765262181185,-0.05930036541614891,-0.03858882499962718,-0.005090773172333122,-0.0072244606383016375,-0.0006000407319417995,-0.001440302556103784,0.00013809525175880456,0.009748478960559357,0.011783816984652902,0.04227627442374669,0.0,-0.010870657298446168,0.0039751865278222906,-0.008700162332423968,0.0,0.018268445733760613,0.0,-0.011961633337724431,0.0,-0.010916923934159167,0.0,0.0,0.0,-0.005610116594409951,-0.05166906014095033,-0.002815855220788265,0.0,0.0,0.0,0.0,-0.0031147683054108507,-0.01173567396792703,0.006670722724983862,0.042194247935247335,-0.009195326305763819,0.0,-0.08340949676817737,-0.0015580741646535165,0.0,0.0,0.0,-0.010858841287008092,-0.004544846575259408,0.0,0.007786181128442349,0.00018110776796607142,0.015178395739959867,0.0015823305551822193,0.0,0.0,0.0,0.025923408157097004,0.01206318835108471,0.0,0.0,0.0,0.0,0.005795996206852915,-0.042387827071562335,0.0,0.0,-0.02989815917316532,-0.01379602100546924,-0.005493112212840538,-0.0009627436139808288,0.0
2013-09-30,-0.012084874501282976,0.0,0.01333767708310118,0.04924993515012602,-0.01845809096485662,0.02001557930904192,0.0,0.03447212577445931,0.0,0.0,0.045152281214711334,-0.002723613736495661,-0.0022841417446726794,0.0,0.020617912246788394,-0.0016741111547481787,0.0,-0.003456187711101606,0.029819534645158928,0.0,0.0,-0.002434891804224118,0.0229989708326927,0.0,0.0040805341416669735,0.0074343933557746615,0.0,-0.0016190427017321821,-0.00846774774062339,-0.0014820184049194427,0.0,-0.014818334156828285,-0.03583650296630004,-0.057165181320271236,-1.400682647399443e-10,-0.00010335178138100107,-0.008643092306140248,0.0,0.01835637091699993,0.004076759791212753,0.034768807633681786,0.0,0.011667962918592597,-0.023543938926997545,0.04783284603944834,-0.0009135824329613575,0.0,0.0,-0.0010449657839046186,0.0,0.0,0.0,0.007100587730714294,0.0045636948905257765,0.0035216593920331524,0.0,-0.012242601718489293,-0.017964379314583043,-0.005848137628689488,0.006811428888578618,0.0,0.0,0.0,0.0,0.021292324158939252,0.028767491091074918,0.0032564247898875937,0.0016736957379815045,-0.004226077672087386,0.0,0.006115804278040787,0.0,0.0,-0.007608965809541292,-0.13259232364729123,0.009292117304302043,0.0,0.0,0.0,0.006220424481481225,0.0,0.0,0.0,0.0,0.0,0.011228079066617061,0.0,0.021870908961803163,0.0,0.004403668011886168,-0.029517091474044566,0.0,0.0,-0.02517159792688299,-0.007367196090922857,-0.00934419128355227,-0.05136376715440612,1.6267763421133156e-10
2013-10-31,-0.02817081750479543,-0.010430423265728952,0.005957358402647444,0.06523423215308505,0.0,0.005478509593126694,0.006530675538691911,-0.005258268964171739,0.0,0.0,0.0,0.0,-1.858434696752558e-10,0.0,0.08431998292608621,0.0,0.0,0.0007572975413359163,0.011110307153949218,0.0,-0.008768067834678064,0.004718188888824431,0.022720851246722587,0.01644390478287877,0.010858372865422438,-0.029259983287714238,0.0,-0.010785317750263182,-0.015597285837759699,7.504614529361592e-11,-0.0015649638986790497,-0.008633208931012382,0.0,-0.004482664078317183,-0.022017999422031698,-0.029411984001268803,-0.01826021911450703,-0.019550624606762004,0.0,0.0,0.000664378008746218,0.0,0.027861540325210134,0.0,0.0035286293854792615,0.0003558783572208459,0.0,0.0049971116652183555,0.0024958947877561106,-0.012582137280113636,0.0,-0.012025402959016761,0.0,0.0,-0.005719924786968857,-0.009422519423862812,0.0,-0.053669353871429536,-0.028277666189135416,0.0,0.0,-0.026698612281059936,-0.00599308856225023,-0.01546654361213115,-0.008841973405595501,0.0,0.024454875244996538,0.031820892324472314,0.0,0.05435723781885117,0.007617363968141604,0.002825468619239877,0.03691567015288008,0.0,-0.01259089415804385,0.0,0.0,0.0,0.0,0.0018149616683859771,0.0,0.0,0.0,0.0,-0.002286276804319939,0.01730541192278683,0.0,0.024865638000039453,0.01872766333042876,0.0034855826144915064,0.0,0.0,0.0,0.0,0.0017761206378380746,-0.007050075471347699,-0.0840872151421677,-0.003096487369024113
2013-11-30,-0.004734501245741169,-0.012467397099568822,0.022980560287145374,0.06151301795195135,0.0,0.004769610504035999,0.0011284162554536506,-0.03275492492697015,0.0,0.0,-0.004819259158868678,0.0,0.0,0.0,0.0,0.0,0.0,0.007004177390196252,8.30760465824428e-11,0.0,-1.0875752456089451e-10,0.0,0.08004854323757925,0.027997748481463018,-0.01180936946353755,-0.027086339322295212,0.0,0.0,0.0,0.0062112643050851925,0.0,0.0,0.005475898930809661,-0.00471947145032047,0.0,-0.011676396113700872,0.0,-0.004250557810405954,-0.00909595157696399,0.006194144725365567,0.0,0.0,0.05588795816917026,-0.020370792610716747,0.00912791437472561,0.0053991954604633245,0.0,0.0043437100337759115,0.004500975279708505,-0.028093513943505833,0.0,-0.012076577376757233,-0.022256129955735462,-0.012183240110024009,-0.023460155090296083,-0.023127937229516244,0.0,-0.027104667632970324,-0.025040125374277366,-0.012550992375786763,0.0,-0.029803087760858542,-0.024021079240556416,-0.023921373612161508,-0.028059033032803996,-0.014232756002547843,0.008542824240102062,0.04944179288866639,-0.005401645705516507,0.0,0.011401535159398783,0.012424576934025286,0.04344042183753484,0.0,0.0,0.0,0.0,0.002534472950061604,0.0,0.0072099307922766035,0.0017625620203722842,0.0014748630352137981,0.0,0.0,0.0,0.003610010658468038,0.0,0.010895881870493488,0.028647655943236584,0.0,0.010141355121965411,0.0,0.0,0.0,0.005888981078179869,-0.0019806691711209724,-0.009998555266195426,-0.03290350023152228
2013-12-31,0.008297363626650735,0.0,0.0,-0.003201678334422287,0.0,0.0,0.0,-0.052639726157243855,0.00941759408626562,0.0,0.009646033018842858,-0.003419487036573356,0.020595897031482704,0.012521844946154393,-0.005600242609414275,-0.006801407173550478,-0.005445589747896672,0.0,0.0059909877410087575,-0.012367307817870548,0.14079672286123077,0.00769879147086783,0.0,-0.0014370255247493486,-0.01950180025393019,0.0,0.022650756781620294,0.0,-0.0007828216568928618,0.0,0.012487208248061444,7.294362665120946e-11,0.038600313777048846,-0.003467525050422729,0.00865553531478965,0.0028741332696202173,0.017532849102675246,0.0035427127282720203,0.003983116954628257,-1.0572716572555389e-10,0.0,0.0,0.00041752502570452545,-0.022669909148904464,0.0021334847860708245,0.0,0.0,0.0,0.0,-0.030132148004286832,0.0,0.0,-0.12868884468450656,-0.020099619947104175,-0.009566937246040878,-0.015328953284295217,0.0,-0.0198026137166158,-0.017660541579235047,-0.015261313928507082,0.0,0.0,-0.016602991022932577,-0.010106486480255476,-0.029083281519889044,-0.006616583630235705,-0.001242437644830476,0.0,-0.012427859348539707,-0.013156075977794309,0.017313630255747187,0.0,0.0,0.013083616063108707,0.01940599667337227,0.0,0.0,0.002410672011606083,0.0,0.0,0.0,0.03187263071267819,0.0,0.017076608834211065,0.0,0.0,0.0,0.015271820506716015,0.0009477942818519824,0.0,0.03792971276898254,0.0,0.0,0.0,0.013616758349872008,-0.007707749457681976,0.0032278886979151935,-0.009181041909650932
2014-01-31,0.028407940442236865,0.0037767330554589734,-0.00538308590337228,-0.00722604672422595,0.0,0.0,0.0,0.0,-0.003234468506122569,0.0,0.0,-0.009356321006819258,0.0,0.019503004259820055,-0.008327087512551696,-0.05115976158817058,0.0,-0.015001117281489014,0.007031553541157501,-0.024064534264061535,0.006311290395507159,0.0,0.0,0.0,0.0,0.015925327631680773,0.01568439907041749,0.0,0.0,0.0,0.02492486124360437,0.0,0.005201953847927806,0.0,0.014965078019286293,0.0506833162175549,0.07609134818360189,0.011592430088071811,0.0,-0.0035460474483965,-0.0032454433768371615,-0.0012339478523070463,-0.003310951387448584,0.0,0.0,0.0,0.0,0.0,-0.00074202209776732,-0.057770185887588255,0.0,-0.00899984740532089,-0.04757254894390981,-0.014872425544353956,-0.0064941150582430215,-0.03541505257970209,-0.014877191715256961,-0.03301511482052465,-0.031873707304878936,-0.021642754573157546,0.0,0.007356957993170698,0.0,-0.02025500209664329,-0.02404997905942219,-0.022271741572427367,-0.011613054203547458,0.0,0.0,0.0,0.04541914177226067,-0.005058166536243134,-0.00838827762555227,0.00766190464383158,0.009576321064794235,0.0,0.0,0.00506165538218623,0.004702142798128451,0.02785299202711431,0.001114933783322767,0.004053568055706926,0.0,0.011058908906505353,0.0007291895682939245,6.057682651900905e-11,0.0,0.028934181443734303,-1.2365869445471977e-10,0.0029344428008176928,0.0,0.0,0.006442934420482156,0.0,0.04787351422116046,0.0,0.009127975061587504,0.0
2014-02-28,0.0,-0.005869263106717413,-0.026881743051896428,0.0,-0.010727500888867123,0.002527599518491643,0.0,0.014308401411694144,-0.019379916410049478,0.0,0.0,-0.005637132320477241,-0.0031222866464418607,0.0,-0.008860193166878168,-0.0201212316759555,-0.0035497425601793654,-0.06413956158483718,0.0,-0.04086964407868636,0.0013933141906960044,0.0,-0.0013937380930227122,0.002563700415117897,0.01930943940754245,-0.004063569166275639,0.039095896262312274,0.0,0.0,0.015247834710694701,0.017796321943567686,0.015007533347121186,0.020444343167299525,-0.0018874216918454434,0.01414336398919434,0.0,9.147583205506489e-11,0.0,0.0,0.0,-0.04370097378503138,0.0,-0.022533387432397953,0.0,0.02309757097647424,0.009568128224857978,0.0,-0.006852504119574231,0.002220409830415406,-0.09311695623791354,0.0,0.0036259102703606874,0.0,0.007472973593872992,0.01076267336228396,0.0,0.0,0.0,-0.0023250698840356077,-0.02699719966309567,0.0,0.04490760225250237,0.0,-0.015116285398429834,4.065719127994675e-05,0.0,0.003979595667711812,0.0,0.0032062475646775883,0.0,0.0,-0.016369349462533305,-0.01799974488067071,0.048556398381794284,0.037579339441273354,-0.008693666677511971,0.0,-0.0005961366801653245,-0.0019552675673544027,-1.2371992342986617e-10,0.0,0.0,0.0,0.0,0.0,0.014256318569121625,0.0,0.0001239882979031999,-0.01780831572641565,0.0,-0.006975460655415409,0.0,0.0082369949266348,0.0,0.09763629801702241,0.017774422041668746,0.005116722934937034,-0.0024567372636051773
2014-03-31,0.0,-0.007819150139303824,-0.007492054310558214,7.63463957593697e-05,0.0,0.002121521732289772,0.0,-0.005590234233653665,-0.05141349409130422,0.0,0.00023913883005696255,-0.00861583962956397,0.0,0.0,-0.016152485405340245,-0.022039450726840482,0.0,-0.035381488806754624,-0.0024761196446606293,-0.034766592912068205,0.0,0.0,0.0,0.0,0.001208428615949368,-0.05265367569894636,0.002303346120901703,-0.006535103249685213,0.0,0.01766590976802563,0.009034726941217422,0.0,0.0,0.0,-2.5094681609709443e-10,-0.009436656152384697,0.0,-0.024083623771248508,0.014659786413598937,0.0,0.0,0.007093443253230647,-0.0050470580093753626,-5.825562800852161e-05,0.042897558189740795,0.01448917482810888,0.0,0.0,0.004969235466321596,0.0,0.0,0.0067217751081299,0.014433007316442426,0.01849095018449122,0.04198304611054777,0.0045100975741848475,0.01260000466287269,0.006951336831519353,0.0,-0.023373180626572006,0.0,0.09246572721588428,0.0,0.0,0.022890204339177496,0.011025911774233739,0.024669447558763737,-0.015061347051653047,0.0,-0.023580705020852962,0.0,0.0,-0.009511772670616444,0.014361347570250767,0.003368604880302023,-0.018875598769015747,-0.004567481270606938,-0.007226214288641572,-0.02578141500594908,-0.007965237245278575,-0.013613046980534572,-0.03718117503497565,0.0,0.0,0.0,0.0012414868381423008,0.0,0.0,0.0,0.0,0.0,0.0,1.4769193602400027e-10,-0.015267650607069038,0.04296119778702587,0.052302273445030564,0.012264964100107951,-0.008433892767590781
2014-04-30,0.0,0.0,0.0,0.009891152643460953,0.0,0.009159226143302399,0.006234797621404254,-0.05145350488707767,-0.001150871802869637,0.0,0.006096522232107718,-0.013666979170204109,0.018467255282945547,0.011131542274099935,0.0,0.0,0.0,0.0,0.0,0.0,0.0,-0.0035618847424008673,0.00012505155962654882,0.01878939471813068,-0.00492534577159169,-0.03332120157791479,-0.014872382455315808,0.0,0.0001879684084818262,0.039705869365587364,0.05007803991335578,0.028103065177873466,0.009361174595083944,0.007542217964881942,-0.002421024129130556,-0.011082900407748396,0.0,0.0,0.0,0.010966783041178332,0.006603092998682491,0.01828862130525624,0.0,0.0,0.05745009603420276,0.03390460821003066,0.0,0.01252286817603753,0.012493448456556786,0.0,0.0,-0.01720972431809031,-0.006981555356403965,-0.020057822288587535,-1.974856095212591e-10,-0.02375460422776649,0.0,-0.0025808120398672575,1.438591817157701e-10,-0.015401668899986062,0.0,-0.007825294324207333,-0.010515660463325955,-0.027029257698757792,-0.027368112511596487,-0.011915753832610738,0.021397915991477025,-0.008333653182750565,-0.0016226221680348272,-0.07876132874804011,0.0,0.0,-0.00873171463268181,0.021612272656128428,0.009666448136501764,-0.005544946248284097,0.0,0.0,-0.007380074340437577,0.0,0.0,-0.02022939597930312,0.0,0.0,0.0,0.009731480908647686,0.0,0.002830559315740441,0.0,0.0,0.0012471054401168857,0.0,0.01532767155992527,-0.020581164027271268,0.0,0.05108374972531611,0.0,-0.04171873957025764
2014-05-31,0.0060389413365489345,0.038400723307192006,0.053581616373128346,-1.6755767504994038e-10,-0.008087222256283616,0.0,0.009907256994665669,0.0,0.003934584984074164,0.0,0.0,0.0,0.029628897404713774,0.008621957673206044,0.010687297220550522,0.003700055073145109,0.0019938890679884135,0.0069305150321188995,-0.0018776573141405994,0.0,0.0,-0.00788735971988922,0.0,0.04101739333310817,0.0,0.0,0.0,0.017972442249140026,0.01662188404644265,0.0005354644852866924,0.0,0.010947413464742373,0.0,0.0,0.0,0.0,0.011904749698163797,0.003999870685593527,0.0,0.03733904637539776,0.0,7.900166238931058e-11,0.0004554868175412225,0.011024442120020907,0.0,0.0,0.0,0.11779537682147367,0.0,0.0,0.0,-0.036001532612427174,-0.02254895755127215,-0.018551629835201606,-0.011453560529263784,-0.029392184069960255,-0.0036469209676970303,-0.005225225504375778,0.0,-0.011756389930532872,0.0,-0.02042247618828312,-0.02266058619630453,-0.037387123055227144,-0.03338525871045633,-0.011200590578237931,0.0,0.00360691076877551,-0.010813400285681478,-0.0014537619614091233,-0.018051566657547525,0.0,-0.02676769282576186,0.012607084142470673,0.005877340825894878,-0.02790897017460422,0.004580343350142299,0.006298678995279569,0.0,0.0,0.008012410207807835,0.0,0.0,-0.0036834637150055666,-0.012288363868096995,0.0,0.0,0.0,0.015977927066384862,-0.008048630066930285,0.0,0.0,-0.012929873864212026,0.0,-0.019390557314847925,-0.003745294764281864,-0.02475821573841662,-0.04867553357609369
2014-06-30,0.0,0.0,0.04104671658305504,0.0006561812392671434,0.0,0.04657885685043629,0.0773220488960929,0.0,0.037578762333455,0.0,-9.459049860538619e-11,0.002448556003322398,0.0,0.0,0.0001075069974476719,0.0,0.005270429734972191,0.0,-0.00415262026146114,-0.004233580021176563,0.001383911262116488,0.0,0.0,0.021574817209611453,0.003854355131464456,0.1030179740846517,0.003576811042685527,0.0,0.0,0.0032717158936996092,0.0,0.012825851471643718,0.008800863316522621,0.024777949477827636,0.0,0.0,0.00927558684801934,0.0,0.009333631273361462,0.020623220872345558,0.01248845388124591,0.004124684811717002,0.005287881754704757,0.009509977011954001,0.0,0.0,0.0,0.0,0.004427914582820304,-0.0041517007970615525,0.0,-0.00045168957242535144,-0.019349435586323443,0.0,-0.00038282338216042957,-0.009445702511848219,-0.00860482709248001,-0.010063296983101636,-0.0034641188532460836,-0.0097495220779683,0.0,-0.006960512926179521,-0.01785110488395276,-0.035723277250759765,-0.020964175942642008,0.0,0.0,0.0,0.0,0.0,-0.032837216545203066,-0.0005916691150198455,-0.05396344134502491,0.0,0.0,-0.026785462129279302,-0.00027632990778719314,-0.006852953022062022,5.8022327627270145e-11,-0.006647798520559543,0.0,-0.011513495219348031,0.0,0.0,0.0,0.0102907763032077,0.0,0.011166581830040196,0.006814049614228432,-0.0009824487609441657,-0.0010966546337270039,0.0,-0.013032450218433978,0.0025639336300612055,-0.04608617720939994,-0.009756476300909667,-0.134029038834924,0.0
2014-07-31,-0.009563631644406646,0.0,0.08122867380998487,0.013097119256460805,0.01721232561711238,0.01204491770897339,0.05601700709477393,-0.017684563345735947,0.07009521587917887,0.0,-0.00431501417280564,0.03415905809275657,0.0,0.0,0.0,0.0,0.004407553396330856,0.0,0.0,-0.07147305958657195,0.0,0.001954987192212852,0.0,0.0,0.0141611658299968,0.007485645707161375,0.005614106775195883,0.0,-0.008905367163059506,0.005797820927359676,0.011677483867197361,0.011596807653390271,0.03427173636510869,0.006818770809332782,-0.021518234838207015,-0.025096072436254144,-0.010734981684020803,-0.022656857080229624,0.0,0.005794471023238952,0.011412374108886379,8.806176018042313e-11,0.007576076396634428,0.004397537319169704,0.008765893843279918,0.012988695759292885,0.0,0.0,0.007767837209772043,-0.002476320560509111,-0.013083462762380333,0.0,0.0,0.0,0.0,-0.0028052220567487997,-0.01070132721936962,-0.012531965347543403,-0.014867990069877386,0.0,0.0,0.0,0.0,-0.0031031191513761916,0.0,0.0,-1.2125494895416034e-10,0.0,0.0,0.0,-0.005681287924978741,-0.014740409178217931,-0.005401572074389652,0.005177963940471133,0.0,-0.041507054351077204,-0.024980107477053228,-0.008160748967835361,0.015806002613757763,-0.0018603002745115125,0.0,-0.03235883914301129,0.0,0.005259342621198132,0.0011917494226645095,0.0,0.0,0.0,0.0,-0.02804334719751438,-0.029780876802126325,0.0,-0.011654483728003586,0.02622165967104505,-0.008268839737668213,0.0,-0.036044943903261524,0.0
2014-08-31,-0.027360177301802777,0.0011569912086858154,0.0,0.0,-0.006224916186581582,0.0,0.0,-0.06810527033108468,0.03402755729174156,0.0,0.0,0.0,-0.020768749196441325,0.0,0.0,0.0,0.0,0.03572810149253881,0.10618276467982325,-0.04570164279538727,0.005142762429443671,-0.009805865277698165,-0.017019532047000498,-0.019303466903065395,0.006524348789252899,0.014668159118770419,-1.5253350369598762e-10,0.03349161532222539,0.004561074338727362,0.0,0.0,-0.000176687168421599,-0.0024873996611066147,0.0,-0.02513229849740116,-0.012623760780769256,-0.018800208955200574,-0.008677515103116193,0.0,0.0,0.0,-0.00753194567755005,0.005666930287724431,0.008340123410872447,-0.009361177266082555,0.0,0.0,0.0,0.0,0.0,0.0007627686541930502,0.005001437008618499,0.004882597578691153,0.004940130948545956,0.005071547913782271,0.0,0.0,0.0,0.0,0.0,0.0,0.00019087364177961964,0.0,0.0,0.0016455522515230747,0.006121029934839779,-0.005640133439755894,0.021182119441657675,0.017180658305472794,0.020435029051197824,0.010524326665533136,0.001426836763687613,0.01444102899712738,0.04687406601041613,0.03668323753963609,0.0,-0.0028223280152735305,0.013194041402204142,-0.016372515990586336,-0.025939450003756363,-0.01127871550784661,-0.0007143809589738296,0.0,-0.01720389826865182,0.03395228936645742,-0.009156649078735007,0.0,1.548304262706128e-10,-0.018172702669577913,-0.05631991379705315,-0.032327686902365455,0.0,0.0,-0.003096112559669602,0.0,0.0,0.0,-0.0018748995065111984
2014-09-30,0.0,0.0,-0.016526556625121987,-0.012365006004118774,0.0,0.0,-0.015576893593920062,-0.002155379668414081,0.00031884054332279195,0.0,-0.00511982666458679,-0.02682438097949134,0.0,-0.006182347371196382,-0.0034025346582280103,0.0,0.0,0.031011460373552895,0.0,-0.020620198515571467,0.0,-0.03931868144408336,-0.027069152641797437,-0.03867990932318341,0.0,0.017555849831280883,0.002728312100319323,0.05961176874438375,0.030430852080620303,0.013045130553266672,9.878760898963174e-11,0.004283259167761191,-0.0001350018609221695,0.0,0.006483733148764541,0.011059113882155368,0.010423086195239777,0.012146585185045355,0.02988537597165646,-0.00899393941207182,-0.00997704355467267,-0.026117111803527285,0.004118834263761212,0.0014566498833960696,-0.033995008470318534,0.0,0.0,-0.0043395822583378735,-0.014057191007728486,0.006102952464580767,0.008571990060038105,0.0,0.0,0.0,0.0,-0.012025101914281045,0.0,0.0007359371017361497,0.026747225238618232,-0.005875344089822484,0.0,0.0,0.0,-0.006576244574333061,0.0,0.0,-0.024660580833163814,0.0,0.01711446511562857,0.0,0.0,0.0,0.0,0.021502183291630426,0.060151978630752556,0.0,0.0169132680261498,0.039540773657110825,-0.016104338705582488,-0.04136366927554715,-3.846957946341308e-10,-0.016477310585165196,0.0,0.0,0.006846422751541539,0.009656282847862385,0.0,0.02616215022390817,0.0,-0.03736589181644061,-0.01079182426618538,0.0,0.02380012312045109,0.0015953954466771272,0.0,0.0,0.0,-0.017303947697490985
2014-10-31,0.0,0.0,-0.055636107279897824,-0.006344305231729853,0.0020612350520035935,0.0,-0.013345445891187446,0.0,-0.0008386566566525112,0.0,0.0,-0.0770527858242137,0.001788689876669763,-0.013300281177880678,-0.010136951258104729,0.0,0.0,0.0,0.012360116124181286,0.0,-0.004366116824379809,-0.025082548799825292,0.007427978302468763,0.0,0.00026482378732594567,0.017791523922948447,0.007923688397055085,0.01515504964941752,0.0,0.032224298893308884,0.029593486093075834,0.025449842942601344,0.011422371897893349,0.01532722814898457,0.0,0.008251757854152603,0.006392794573229867,0.0,0.021994418004803562,0.0,-0.0903981211210308,0.0,0.0,0.0,-0.002798433626084172,-3.2140477210981767e-10,0.0,0.0,-0.010590242089502174,0.0,0.0,0.0,-0.019303845397303555,-0.009367337294640439,0.0,-0.016648520220934465,-0.003579531582373461,-0.0006753087828629518,0.003825670669536075,0.0,0.0,-0.013182389016364482,0.0,-0.007602656378117768,-0.017050050853154402,-0.02635377551845862,0.0,-0.0077715547282390645,0.0,-0.009770277819549084,-0.004152308459080336,-0.008577950987863108,-0.0076485618993866605,1.7526249058131317e-10,0.050482800669015046,-0.0018531599318856473,0.0426450618654918,0.016531677664815433,0.006810013206620435,0.0,0.003164667935535102,-0.02544574339645952,0.0,0.010812203383660164,0.0,0.021672262817944404,0.0,0.010847523868966705,0.006147792265237094,0.0,0.0,0.0,0.08554653210912677,0.009534622002069828,0.0,0.01654986784659819,-0.011127031631432712,0.0
2014-11-30,0.013668062728453447,0.0,-0.040298252389297684,0.0,0.0,0.0,-0.012521004296574469,0.0,-0.005103244862614592,0.0,-0.0036947198550299452,-0.023155801549767555,0.0,-0.014212396209992094,0.0,0.0,0.0016334539590139782,0.0,0.038621913987340065,-1.964591002339641e-10,-0.01355121304618707,0.0,0.0,0.0,0.005582931342272213,0.019584065105458633,0.0,0.0025472607810837745,0.0,0.013310616644827225,0.01869365824814409,0.006288188146883998,0.048854155902825436,0.002527923738100632,0.014627151303719934,0.025905486536487356,0.0007471726022840959,0.0094404727947955,0.0,0.0,-0.003044992120956436,0.0,0.0,0.00423041205851442,-0.011576935713792745,0.0,0.0,0.0,-0.008331963292912052,0.0,-0.011759776849964558,-0.0011674117395320748,-0.02234454051527861,-0.0005711618169301893,-6.938931075013225e-05,-0.0019663681491889485,-0.006662771543795547,-0.006696497681992028,0.0,0.0,0.0,-0.011092853799263423,0.0,-0.0014561752625375766,-0.01143088389657271,-0.032096146902266115,-0.008933056357998693,-0.029063984410581396,0.0,-0.03862111383201363,-0.018105870949520167,0.0,-0.04427859039727916,0.031019656770836058,0.04920090213401896,0.0004893601566173929,0.02698602009088146,0.024531131600222997,0.0011495155700435933,0.015020443085378568,0.0,-0.11807614545031617,0.0,0.0,0.03901299852266616,0.0,0.0,0.0,0.01044417194900773,0.0,1.9827943197944908e-10,0.0,0.02847189295207509,0.02756534226408064,0.012596057223973885,0.0,-0.00011673760063509895,0.007249581601713192
2014-12-31,0.0007891702984103728,0.0,-0.01716560766444323,-0.0017919700613810436,-0.028027259241664205,-0.009960148369860176,0.0,0.012986841993606989,-0.0120146565460926,0.0,0.0,-0.006571860079140589,-0.016327291588964545,-0.004661454061193171,0.0,-0.007683989817514693,0.0,-0.009574537932581345,0.0,-0.006294437878488848,-0.19673069682352481,0.0,-0.002446906480231097,-0.005022125334927285,0.0,0.033267197237555016,-0.04835148948514777,-0.014878918529278555,0.0,0.0,0.0,0.0,0.03174915739176974,0.0,0.017487213434465725,0.02461893366530461,-0.010666437136042048,0.0007371155723188174,0.0,0.0,-0.0011169261939989964,0.0,-5.121732637694522e-11,0.0,-0.005470100763041939,-0.0013603889981906,0.0,-0.0003589969247074834,-0.024308056744612914,0.0,-0.004597917354480308,0.0,0.010300125045660982,0.013605476350645483,0.008495396945047374,0.0033810126668871905,0.0,0.0,0.012919251596577872,0.0,0.0,0.0,0.005837137459785963,1.489669863054671e-10,-0.016868328565906157,0.005957658703922627,-0.010963018790871323,-0.010092723533591781,0.013131404083154802,0.0,0.0,0.0,-0.002880148836271988,0.03863529187560324,0.020636268510433344,0.0019884421971437713,0.0,0.008069849918977691,0.0,0.022477289920029318,0.0,-0.01693431382253579,0.0,0.006907129860401131,0.04650362288054978,0.0,0.0,-0.006879292390097371,0.020011808752201165,0.0,0.01928395168360336,0.0,0.0035921007652447816,0.035117333496924336,0.034001917385490944,0.0,0.019758364052174127,0.027753536107142568
2015-01-31,0.0,0.0,0.0,0.0,0.0,0.0,0.0033299238447956677,0.0,-0.0008014914530135759,0.0,0.0,-0.004227593305867442,-0.03997955165932461,-0.007047569218969444,0.0,-0.015056839927415402,0.0,-0.024368968216473292,-0.002744325704038658,-0.017545764966692058,0.0,-0.003913483544421679,-0.1814313484617598,-0.011332290131408577,-0.003545160470821149,0.05142526474571516,-0.0846085481445788,0.0004253941600640492,0.016823013060561807,0.0,0.0,0.0,0.01957694007351085,-0.0004608085699736031,0.0,0.0,-0.005766162301301981,-0.00107084229582818,0.010509770138032367,0.0,-0.005087127406079662,0.005575644775072239,-0.0038437837321172066,0.0,-0.0027193547910801022,-0.0010811616323339907,0.0,0.0,-3.735014073687658e-11,1.5134433235636847e-10,0.0,0.005677804553734505,0.01768637977066838,0.013311718815304496,0.01201360856773406,0.013294137199821678,0.002866537356943497,0.011933258289887214,0.025796681074831476,0.0,0.0,0.00015693983314423655,0.026351419795534108,0.02121415119139528,0.0,0.026413075921727352,0.0025646646968383465,-0.010110183687890609,0.0,0.0,-0.009442278304863999,-0.003324686004321126,-0.03278289116413,0.0,0.0,-0.0008762926246677455,-0.000346695632695837,0.0,-0.01058600341327385,0.0,0.010334319377040668,-0.012555049988296539,0.0,0.02071846162259287,0.03734459380500922,-0.003343743209010839,0.0,0.0,0.024361299085601435,0.0,0.027534410703677216,0.0,0.013413009488860263,0.03153172328021831,0.024358985994322856,0.0,0.0,0.02345686862601597
2015-02-28,0.0,0.0,0.0,0.0,1.0418280710292485e-10,0.0068633998017542455,0.0012911003638396282,-0.0012674778786924397,0.0,0.0,0.003623664430654525,0.0,-0.05584803626102043,-0.06162490183045112,0.0,-0.021120542677586358,-0.0027078993539911,-0.04379422530940359,-0.012093953724128,-0.0010600823709805078,0.0,0.0,0.0,-0.0017820827780404389,-0.006930480014951597,0.0,-0.07446777087840344,0.0,0.0,0.002012248021410785,0.0,-0.004343535284167854,0.029011353145430043,0.0,0.01296712790508441,0.011702591961487202,0.0,-0.01739502271613095,0.020083324116555584,0.0,0.0,0.0,-0.0032831379603323416,-0.0030415208594969027,0.0,0.0,0.0,0.0,0.0,0.01342355196669517,0.0051410797955916245,0.01704682638043908,0.01608432113539252,0.010831726078314364,0.010115591625943665,0.00780708324112504,0.013435350985015512,0.019307512360327208,0.0349763042554943,0.0,0.0,0.009881128295155242,0.06658728219510683,0.06853531356452447,0.01455077883599163,0.03823568629276533,0.016751169531027423,-0.009833192647674136,0.0,-0.01238373712778083,-0.01053886703213079,-3.5172127813752625e-05,-0.044985532769855924,0.0,-0.016978758885945893,-0.02035994876743719,-0.010229170354343538,-0.01267403221269072,-0.008106768631448944,-0.00046381504397484554,0.0,-0.03621211260125296,0.0,0.0,0.0,-0.004905783740839668,0.0,0.0,0.0,0.00527085933483391,0.016027185024356773,0.0,0.019433584183414874,0.0003857675290578539,0.008617087539027983,-6.421698060581283e-11,-0.001532438094816854,0.0
2015-03-31,-0.0038357510285647206,-0.0005411414216763764,-0.0011775107931606898,-0.0001563452148451209,-0.0028030162576862744,0.034169666008075354,0.0,0.0,0.007862316961864109,0.0,0.0,-0.006620292536206375,-0.0008038815718628779,-0.010438154158188247,-0.009086205730526091,-0.11093145718423013,-0.007486325548227054,-1.2182007946489047e-10,0.0,0.0,0.0,0.014093278757735734,0.0,0.0,0.0,-0.005499004072704845,-0.014988844275171569,-0.015176116139189306,-0.005390591904607959,0.02595082261947244,0.018438486284164217,-0.2,0.038768041835176396,-0.007238952894644434,0.037476546229730436,0.02233385224961113,0.004373756312478057,0.0012790043950367876,0.014564224255593767,0.0,0.005852586259178386,0.02468067016843198,-0.016311058270969007,-0.0072577210472403696,0.0,0.012552043706209846,0.0,0.0,0.0,0.022739569911059365,0.0,0.007505640351021753,0.0,0.0,0.010165378114423973,0.0,0.0018393374418848724,0.0,0.0,-0.0029111540968933996,0.0,0.0,0.01588008157770689,0.0,0.012255676790607333,0.0,0.008589187849377254,0.0,0.0,0.0,0.0,1.7004269588654917e-10,-0.005071426491729149,-0.013206255357737015,-0.036922378293920886,0.0,0.0,-0.0022050127310088373,-0.0012162245663491957,-0.0033801765953155338,0.0,0.0,0.0,0.0,0.021553510199313407,0.0015399803415065262,0.0,0.011753424846470817,-0.00015668760660030671,0.02346108951903986,0.04406523265502296,0.0,0.01832637043797077,-0.005354975469270339,0.03189632885866961,0.0060338948931233155,0.0,-0.003833338619653801
2015-04-30,0.0,0.0,0.0,0.006242005126365384,-0.056262195487805484,0.02207184141397186,0.0,0.007331526390112951,0.0,0.0,0.0,0.0,-0.003930783669264824,0.006490834601230994,0.0,-0.034171547182945336,0.0,0.0,0.014711377055052582,-0.011764584533170582,0.0,0.0,0.0,0.0,0.03260294978476992,0.00637451344948064,0.004129519564163275,-0.003030342240894069,0.0,0.003863541275476647,0.01758118034140661,-0.05704166006135299,-0.004783165668915322,-0.009767594877671043,0.04252200026977668,0.011088641545258454,0.017459522480838707,2.0746097170020022e-10,0.01568596670269124,0.0,0.05287196302485104,0.051864755995295914,-0.006528879763195773,0.0,0.008937448486737007,0.03529633119578845,0.0,0.0,0.016699787686774267,-1.9707304371880954e-10,0.0,-0.002314910182777485,-0.015343695391805237,-0.010328453890736078,-0.007267189886982271,-0.019031599243998124,-0.0044543637115601635,-0.006202386173532743,-0.012008167796613928,0.0,0.0,-0.009862711558968491,-0.0024273292498147073,-0.012059754468234353,-0.0030973239487370584,-0.027843399064492142,-0.0017894181172388272,0.0,0.005315577986161641,0.0,0.0,0.0,-0.015271269827412033,-0.04683847885142162,-0.06144703024130564,-0.016690343589466024,0.004777006799095381,0.01305427301203528,0.01106678440015178,0.0,0.0,0.0,0.0,0.0,0.002219376919630441,0.008609988577264275,0.0,0.031921217111429964,0.0,0.0,0.0,0.0,-0.0028492428535951955,-0.03559217826901937,0.03312383727262047,0.015014840511002775,0.0,0.0010713908131044188
2015-05-31,-0.003772503925021605,0.0,0.0,0.013294364563998917,0.0,0.04520213067155572,0.001988478320834143,0.01242603549152451,0.0,0.0,0.005898522411229297,0.00516649685076581,0.0,0.02360571478899114,0.0003212181920571561,0.0,0.0221559420233769,9.19071999098593e-11,0.06662457353994435,0.0,-0.003190604512252648,0.0,0.0,0.0,0.0,0.019183929724401097,0.007896089269804283,0.0,0.008828757156155607,-0.007534801666470632,0.0,0.0,-0.00804730912640433,0.0,-0.0073201360768992444,-0.008521511191826016,0.0,-0.009600623544420614,0.0,0.003935044499541318,0.01828527595988487,0.015719564837217266,0.0,0.0,0.008966927172073185,0.009142825656781988,0.0,0.00020784767002117265,0.024564165841959244,0.0,0.00013840390200737688,-0.006924625367847156,-0.01650701866779734,-0.0002009739674320925,-0.02126837362652111,-0.013713533605820966,0.0,-0.015045420100209301,0.0,0.00022857380379189045,0.0,0.0,-0.0220119115222967,-0.009935315184436862,-0.05582407564571852,-0.03952065407012092,-0.008180957844526972,0.0,0.00036053943590235387,-0.00243004292131874,-0.006276481944023793,0.0,0.0,-0.017473439436657478,-0.05293656951052754,-0.0060915567287392084,0.002255368415004763,0.08282736328475869,0.07765127461559124,0.0,0.0,-1.7923628715492196e-10,0.0,-0.010709625126696388,-0.018336754528164325,0.0,0.0,0.01249650515563978,0.002735171144526246,-0.008478647679250606,-0.024253320924335988,0.0,-0.019949159037009032,-0.07594405233801757,0.0,0.0,0.0,0.007892895508752431
2015-06-30,0.0,-0.005672437754910861,0.0,-0.011723109968374069,0.003470928455880874,0.0,0.0029432145625258995,0.02748370741998196,-0.0017614935974526044,0.0,0.02177583637203022,0.009194242543869451,0.0,0.0,-0.0008790342042661774,-0.0071784798300184695,-0.005755823778529445,0.005542928384114417,0.0,-0.0115993985448457,0.0,0.0033791430782389477,0.0,0.0,0.0,-0.0031568835767033323,-0.03723308168235977,0.0,-0.0025131296877433256,-0.04008996090009157,0.049853867707703954,-0.00347639823112927,-3.364672065990408e-10,-0.016262781778482418,-0.02559738587993745,0.0,0.06817690341781003,0.0,-0.04701403400640629,0.004776291819581417,0.0,0.0,-0.00604382970635334,0.003216000946775381,0.0015820047891221957,0.0,0.0,2.2761993996690342e-10,0.0,0.012618312606000048,0.00563234799565766,0.01276398278925556,0.0,0.0024248003908020127,0.0,0.0,0.0,-0.023414021605762034,-0.02562882008918465,0.0038405323134131208,0.0,0.00398144437134483,0.0,0.005740916771327276,-0.03727265362096313,-0.00383893275622751,-0.030669381266665123,0.0,0.0,-0.029779081382212226,0.0,0.0,0.0,-0.012899318803224527,-0.061257946585086896,0.0,-0.005719705941851873,0.011037340445553451,0.00861405274964664,0.0,0.0,0.00962848069753452,0.0,0.0,-0.027022414894865537,0.031900700007333936,0.0,0.015705502976172996,0.03200466786455235,-0.0013887152643820323,-0.0024417364349720396,0.0,0.013700007882258322,-0.01271000789053111,0.05437885840120321,0.031032381837760456,0.0,0.043600600174928915
2015-07-31,-0.006292258941568452,-0.01593547812304647,0.0,-0.000934639157227417,0.006977227282905634,-0.0008647104621386695,0.0,0.002294983122450052,0.0,0.0,0.0035882675103005228,0.0020062400063746324,0.0,-0.014923271030704515,-0.0028580721181119375,0.0,0.0,0.009834159917886805,0.0,0.0,-0.005591740343474542,0.0,0.0,0.0,0.03977951454877561,-0.02220082147910437,-0.04090397637356986,-0.004811734004932406,-0.0009663526076425873,-0.027436285588008598,0.0044650164164185425,-0.018715239008818167,-0.001781624140521598,-0.02541881850047517,0.03051463700802666,0.03473145078877513,0.06383568943936359,0.04277329572869069,-0.02213509808096082,0.0,0.0,-0.0029047286340004395,0.0,0.004705747123721765,0.0,0.0,0.0,0.0006300652509462901,0.0,0.0016730927898113653,0.007997627123712043,0.003235274736990779,-0.018048014004524833,0.0,0.0,0.0005555628658629699,0.0,-0.01575546612172379,-0.00815448520245659,0.0,0.0,0.0,-0.0011761724485659256,0.05300154084659405,0.009735631201824982,-0.009282176822869479,-0.01665133967467561,0.0,0.0,-0.021647108846883516,0.0,-0.008226241985449361,1.5791107411147868e-10,-0.029587091145798213,-0.11217740871866477,-2.9666725199749717e-10,-0.0234222251898434,0.0,0.0,0.0,0.0,0.0017168714228442763,0.0,0.0,0.0,0.016821176821428033,0.0,0.01190699329742304,0.02680526621981852,-0.02119742094757126,0.03606557272791236,0.0,0.049911170735433684,0.015150420239930832,0.007369821452396628,0.01021970448682555,0.0,0.0016979787286439188
2015-08-31,-0.007036428054829973,-0.05005607584078649,0.0,0.0,0.001037222947348752,-0.002975984270769358,-0.004211597908134785,0.0,0.0,0.0,-0.002486989069478691,0.0,-0.0031133973920422675,-0.034619508699532585,0.012993802295990913,8.999340915611167e-11,0.007675859473488125,0.007145462656693219,0.0,0.0,0.0061013347461437144,-0.0065721489443410965,0.014419632202666592,0.0,0.020287379707009865,-0.01431917952973979,0.0023120452486948785,-0.02649498428437839,-0.001105142201626111,0.0,0.0,-0.01539623738443665,0.0,-0.005077905475350349,0.2,0.03948743659291065,0.01985489467554397,0.048107602936100814,0.0,-0.1198635945890043,-0.003106395528936447,-0.033352641790064114,0.0,0.0,0.0,-0.015916722309491243,0.0,-0.0075190527643560585,0.0,0.0,0.008249874754469547,0.0,0.0,-5.2051599646336186e-11,0.0,0.0,0.0,-0.004042289089083669,5.787403510806472e-05,0.0,0.0,0.0,0.0,0.004266182792027279,0.0007253455706121402,0.0,-0.0010738344422307896,0.0,0.0,-0.014785159538175656,-0.012598008032014656,-0.030076552605402696,0.0,-0.026642475535453743,-0.010980737560781871,-0.0015984297236137132,9.929818508777045e-06,-0.011127324170383469,0.001393450311011375,-0.01655315756345878,0.0,0.0,0.0,0.0,0.013307750602920372,0.001691326084357851,0.0,0.00616386943548685,0.012132967281252934,-0.017298045650050678,0.00954845078282587,0.0,0.010929599670030696,0.00398340053855491,0.018474105003039656,0.02300415829771987,0.005598952724296112,0.0010400887251927574
2015-09-30,-0.01515164114308618,-0.05066188805775982,0.0,1.5685014873322059e-10,0.01006090347110654,0.0,-0.013956174586399715,-0.006404794168787846,0.0,0.0,0.008113368895014987,0.006790802684380054,0.0,-0.02613744922491454,0.03421027950108607,0.0,-0.005728361354416918,0.0,0.0,0.0,0.0,-0.012804820353109276,0.0,-0.015507030470465803,0.0038148750751890543,-0.04433500491272427,-0.00666246427594566,-0.003445960527876995,-0.006869682756479624,0.0,-0.13835603365598753,0.0025459324749176706,0.0,0.0,0.015237195644515205,0.008240901372261964,0.01161083550789226,0.04495165402892584,0.0,-0.024515307986124273,-0.013645254824760025,-0.0170110618412201,0.0,0.005603405417087053,0.0015837650470876571,0.0,0.0,-0.005029023932220718,0.0,0.0,0.030476773818467414,0.011078523725248339,0.0,0.010791359582893182,0.0,0.0,0.019047424519463552,-4.1598966425681e-11,0.023535410308863795,0.010999884695264152,0.0,0.008507440641561928,0.0,0.0,0.005841864874753137,-0.0003310577282819449,-0.01287653336387858,0.0,-0.009527107452549814,0.0,-0.0026162723925497416,-0.002891820704917016,-0.011872372762023194,-0.0014553095008083602,0.0,0.021024878663328743,0.014807213772242114,-0.016106150738260643,0.004921196475888435,0.02625636302509957,0.0,-0.01521130014165881,0.0,-0.0048211726358080315,0.029457072081672957,-0.0021968489816218324,0.0,0.0,0.0,-0.013872099483763717,0.0,0.0,0.0,0.0,0.04743867033351626,0.0591121262782484,0.01703983768565824,0.0069000402415152545
2015-10-31,0.0,-0.001758575952442135,0.010619349245854098,0.005633182454006762,0.009551304688025012,0.009031102318208648,-0.05291097431389041,-0.002265202810369953,0.0,0.0,0.008552279047608316,0.01427604846017041,0.00366257480652237,-0.03434290912070732,0.0,0.03167163870903773,-0.010077844797255875,-0.01678151892102853,0.0,-0.009184607952608082,0.0,-0.12590730417539397,0.0,-0.08142348077813366,-0.003983224024162205,-0.012175305807201815,-0.004803077093660882,-0.01576055545770227,-0.01531510378897997,0.0,0.0,0.0,-0.012471537633003026,-0.0061376133652997775,0.001734853934668652,0.0,0.0,0.024528513324079747,0.0,-0.010766359802792827,-0.00785924247427526,-0.017303876994268597,0.0,0.013569621801863193,0.0,0.0,0.0,-0.0002916030704324132,0.0,0.012456994420325876,0.05260805473509249,0.034883118490760597,0.009162521782377543,0.03383061253402803,0.007729162501880967,0.011631808564119984,0.038221279534042175,-6.783131754527568e-11,0.01710614340954617,0.026974343338719606,0.0,0.022387297832984713,0.009844436064455495,1.7085515623631683e-10,0.023175860308632987,0.0,0.0,0.0011013186485385072,0.0,0.0,-0.003701482771120548,-0.007192729259852317,-0.009554175642323429,0.015702660198015184,-0.0025567196881148184,0.019285596379316577,0.0,0.0,0.0,0.0,0.0,-5.8517748387380986e-05,0.0,-0.011202862322416058,0.0,0.0,0.0,0.0,-0.0018361841383702099,-0.014105934022383446,0.0,0.0,0.0,0.0,0.015353516275966098,0.01571480602029696,0.0,-0.008271476005591513
2015-11-30,0.01835076494834971,0.013833979910282892,0.016629354314439397,0.00768514347752889,0.0,0.008739104001673855,0.0,-0.030407860791659993,0.0,0.0,0.006703179677317864,0.0,0.0,0.0,0.0073395643128143255,0.012868343429312343,-0.002158246392080652,-0.006464301184307821,0.0,-0.005818398932977119,0.0,2.366962498030712e-10,0.00809337877357,0.0,-0.014009491958687573,-0.03167439222440802,0.0,0.0,0.0,-0.02650395069446859,-0.02412363974809584,0.0,-0.025808990583885905,-0.004710901908687821,0.01673753896829685,0.007602043473223623,0.01920163766187301,0.022331338181533943,-0.020099242500097408,0.0,0.0,-0.02100813759469056,-0.02801649349886477,0.0,0.0,0.0,0.0,0.0,-0.01046109323869291,0.013101858744834013,0.060999052669268784,0.06969264850618725,0.015496487277079746,0.05193259150908614,0.0,0.015035956039725669,0.0,-0.012148867793326757,-0.0160647885321195,0.0,0.0,0.004819053700448369,0.0,-0.0602804751903742,0.0,0.0,0.02215830489714518,0.00405986742348192,0.014324255998038153,-0.001096561650105567,0.0,-0.00973337709391886,-0.009160203831080432,-0.012935789052888187,-0.061137173513873634,-0.000580279116426648,0.0,0.0,0.0,-0.0031649457734499627,-0.024746906730537848,-0.018346127299726935,0.0,0.005608202476334819,0.0,0.018999076210847662,0.0,0.010227250378371766,0.017093943312255805,0.0,-0.011107958455255218,0.0,-0.0012672599757153698,0.009374988028081337,0.0009610914619004192,-0.006964144481468766,0.0,-2.5812715256787653e-10
2015-12-31,0.009606275875752631,0.016220669899673495,0.015169101795017922,2.3765320597573832e-05,0.005492943167575675,0.021712218321684407,0.01363168522143251,-0.0497612935516741,0.009233535702456863,0.0,0.00625471031949916,0.0009110823607482643,0.016207658123901382,0.00913604298338134,0.0,-0.013470912136079129,0.0,0.0,0.0,-0.004177848143000746,0.0,0.000894828321598625,0.02204407551672861,0.0,-0.0012967817276958742,-0.03491382378885632,-0.013778649894317084,-2.2572734647943126e-10,-0.00506123267775221,-0.0028174341938013692,-0.012045550407378052,0.0,0.0,-0.024633629755243063,0.06662942110905692,0.044286193039736126,0.02128446174043803,-0.011536086306673571,0.0,0.0,0.004514419453362265,0.0,-0.0034294375069796436,0.0,0.0033729269385461796,0.005428644176526791,0.0,0.016389988962203485,0.0,0.0,0.052504528143352255,0.0,0.0,0.0,-0.03677044179892443,0.0,-0.03271165916780275,0.0,-0.012264571442162383,-0.03196678264158771,0.0,0.0,-0.006934332962432577,-0.03176942236084342,0.0,0.0,0.0,-0.013158714664649032,-0.014364086853047625,-0.008572709853119866,-0.005230556609060526,-0.03040779836194591,-0.027805111510524252,-0.009572381392448625,-0.032502515716957,-0.00719048049629222,0.0,0.0,0.0,2.1597395044445898e-10,-0.01592964427427035,-0.005926109578752846,0.0,0.014355810271249473,0.0,0.014211589934271417,0.0,0.025920254888878305,0.010311717705216697,0.005155208197408582,0.0,0.0,0.0,0.046046928472328365,0.02304931382140273,0.0,0.0,0.0
2016-01-31,0.0,0.011522572141439253,0.0,0.0,0.0,0.0,0.0,-0.03728650810426043,0.003937816783707683,0.0,0.0,0.0,0.0,0.0039555982983026415,-2.1704763174005704e-10,-0.016338139533140044,0.0016262946879321764,0.0,0.0,-0.015234748657695063,0.0,0.0,0.0,-0.0012699005832479445,-0.014441140111773734,-0.02582352551844371,-0.019674708233931384,0.0052762231577623935,-0.002779094976092549,-0.016418465281452587,-0.022961234010131597,0.0,0.013907011624560464,-0.014418991166084224,0.03491704593070731,0.012044670902206954,1.9417674320378066e-10,-0.016252946252916855,0.09156038177058823,0.0,0.0,-0.0013044427778975797,-0.01578003225897675,0.0,0.00579720412230096,0.014810677590419577,0.0,0.01974284973218653,-0.0019764186701620497,0.0011015469245357844,0.07278579722194164,0.0,0.0,0.0,-0.007175984772342988,0.0,0.0,0.0336162049724785,0.036296042530228834,0.0,0.0,0.0,-0.00494758737224626,-0.1448692934235139,0.0026205671144915524,0.0,0.0067513939123451635,-0.007270188761094863,0.0,-0.002423176068591333,-0.013992913956077551,-0.01374523363619867,-0.009674748961911145,0.03954927681199551,0.03247724782780831,-0.015323580574561083,0.0022386818431787215,0.004015687005023943,0.003673475239183498,0.0,-0.026926388332183922,-0.015407494970953162,0.0,0.0,0.0,0.011896568842338296,0.0,0.0005782158376221024,0.0036094022267502686,0.00636542051962215,-0.00932468844590673,0.0,-0.0043260040560203,0.01577840499241883,0.007547719241745996,-0.0026324203151440262,0.0,0.0
2016-02-29,0.0,0.0,-0.0014615733171551683,0.0,1.1059831296916445e-10,0.011115924847245284,0.0,0.020724901320687092,0.0,0.0,-0.002379167788713699,-0.0017038777785668448,0.0,0.0,-0.05409753007711066,0.0,0.0,-0.003171603107703224,0.006441444225871356,-0.016562577958347275,-0.012865362017986702,0.0029057732348432186,0.0,-0.004744719784217595,-0.0089682406328835,0.0,9.325318354169501e-05,0.03161651732103642,0.011008295143235475,-0.007192701180719437,-0.009094614088280478,0.00336805235185083,0.0,0.0,0.00527389778136074,0.0,0.0,-0.005382524790809521,0.006388714240452143,0.00322311884054487,0.0,0.0,-6.2843434510578e-11,-0.002517132662004214,0.0,0.0,0.0,0.009256605526639214,-0.0022965244879794462,0.024541553552990154,0.0200114624696778,0.02697515649516089,-0.03310609448557322,-0.03117616884545779,0.00010948218429286643,-0.01432486583471466,0.029152782200461795,0.05490495580561484,0.046895592309700106,0.019136825620719056,0.0,0.0030443179276239065,0.0,-0.004486358926924208,0.0,0.017003206873366743,0.036842140242298156,-0.016893770090750874,0.015415634260032979,0.003812781412745046,-0.03673689869195904,0.0,0.0,0.0001295964659084165,0.05000350260479683,0.0,-0.030392519929735944,0.027092089719222206,-0.06958475639778382,0.0,-0.03549122097117216,-0.04450897536077759,0.0,0.0,-0.012977965351958843,0.0,0.0,0.0,-0.00609144104643599,0.0,-0.025115396410674114,0.0,-0.005991742038261736,0.0,0.0,0.0,0.013512421727481579,-0.0006836758824988304
2016-03-31,0.0020858374961110664,-0.022940087410881504,-0.07834803631736234,-0.000271002887834782,0.0,0.0,-0.016936060104021638,0.003896271160568883,-0.015731571819706247,0.0,-0.002569295495046094,-0.002308820563941552,0.0,-0.0007049181480688488,0.0,-0.003797364312181789,0.0,-0.0023277640713407085,0.00518071712715841,0.0,0.0,0.0,0.0,9.063008339338137e-11,-0.033115717150415246,0.0014217439828853784,0.0,0.09884430596185953,0.005899327056679065,0.0,-0.020678154950903457,-0.008615759179735902,-0.022560122515522224,0.0,-0.011768346530904377,-0.0396932742392055,0.0,-0.00722048627495387,-0.006085911877844065,0.0,0.0,-5.756315938376968e-11,-0.012637135531132474,-0.007494701459350486,0.0,0.0,0.0,0.006646267915586432,-0.007676059795668863,0.01892293798083484,0.0008882873528564132,0.024047377785490105,0.0047198159751751885,0.006212975346437888,0.0006667316754748065,0.005130460937342122,0.027532969251438277,0.10334132694658572,0.051123372517690994,0.009993328950435618,0.0,0.009626619516164801,0.008168608316376239,0.004675532363579314,0.004837633896009106,0.016071500418472186,0.04617247460547577,0.0,-0.004320279640353372,0.006843633157912016,0.0,-0.0019095756695939523,0.0,0.0,0.01816862991127936,0.0044731728068030975,-0.0014068953171098447,0.0009344133832818834,0.0034737261134054403,0.0,0.0,-0.0030503288757037068,0.0,0.0,0.0,0.0,0.0,0.0,-0.1436169786052413,0.0,0.0,0.0,0.0,-0.0038262466868645597,0.0,0.0,-0.0009766499368235632,-0.017412454574724505
2016-04-30,0.020449066679902903,0.0,-0.011697713710714567,-0.01155073961812042,-0.0045572739610861045,-0.011384359727665643,-0.01440631103387355,-0.0030184368617216743,-0.004899400403239666,0.0,-0.0014835836977435113,0.0,0.0,0.0,0.0,-0.007313755808936044,0.0,0.0,0.0,0.001278218097817022,0.0012987823016669163,-0.02305912658569675,0.0,0.00928709022636771,-0.025685143336695228,0.0,0.0,0.15339303776468255,0.025142623783752892,-0.005977641676278657,-0.02387754731769663,-0.007107825926628907,-0.015456330452350857,-0.016652071779033065,-0.020809722963343276,-0.02244311248574143,0.0,-0.011388222771745579,-0.014342448354133657,0.0,0.0,-0.010640307020312217,-0.018444695148761306,-0.005261346663423528,0.000883911397259742,0.005724223673978641,0.0,0.050243207812493924,0.0,0.0060512056560472665,-0.003846864639055991,0.00966048671862512,5.627221349514551e-06,0.0,0.0,0.004247832977837734,0.006258621572256414,0.004440488637457143,-0.0029204619310518455,0.013531956580553037,0.0,0.012376764500840234,0.003904109405402644,0.022424738579637223,0.02188857673214802,0.031450746172689295,0.008775848138097985,0.006532479049268424,-0.006758078456632028,0.02216459294173412,0.0,0.0,1.50247870704982e-10,0.0,0.0,0.03356737015726841,0.0,0.0,0.010880987501962747,0.0,0.006207893813714932,0.0,0.0,0.0,0.00486600163897392,0.0,0.0,0.0,-0.008703860508978867,0.0,-1.267500167257561e-10,0.0,-0.011446603242273083,0.0,0.0,0.0030635101159655165,0.0,-0.17486701379031588
2016-05-31,0.0442705706386754,0.0,0.0,0.0,0.0,0.0,0.0,0.0,0.0,0.0,0.0028122876476620426,0.00486402997725523,0.001151518366290206,0.0,0.001956918080817254,0.0,-0.012711104036988052,0.0034019621226518745,-0.0046895427353825896,0.01432623959571537,0.035305120286464,-0.004844677167811758,0.0,0.020068420221350934,-0.008540403237611304,-0.03551045677494022,6.208527779235685e-11,0.04239392627954279,0.011150358980587196,-0.020524216282011155,-0.004013554302694047,0.0,-0.002879729807068134,-0.008934900034515367,-0.035972995922277436,-0.01462441096643595,-0.023968027674994775,-0.007158255601242546,-0.0009730933218780074,0.0,0.004511955582661997,0.0,0.0,0.0,0.02270616145187882,0.0360951834138131,0.0,0.011949161756623094,0.0,0.0,-0.037487895770980356,0.0,0.0,-0.01257681117045034,-0.0054394486365088425,0.0,-0.013677926419879628,-0.027398630496692992,-0.02183205820336695,0.005847146330192826,0.0,0.0009634758713801222,0.0,0.01876741401267263,0.043832118378141945,0.0,-0.027547282782939605,0.008683226915662317,0.0,0.023392568926978188,0.010378762695052814,0.006426234563940912,0.028293954340577885,0.0,-0.016822796172837357,0.018505569274176098,0.0,0.0,0.011409506818605449,0.0006526771753761803,-0.013900536392745192,0.0,0.0,0.0,0.0,-0.007800030000815674,0.0,-0.021973020731569034,0.0,0.058050916528363514,-0.008030911293143395,0.0,-0.04103518188829437,0.0,-1.7451712526026884e-10,0.007832613704804547,-0.01797752683078576,-0.04115457516862195
2016-06-30,0.019168490210434045,0.0,0.0,0.002734795587334175,0.0023043825866310894,0.0317416755674838,0.004742014383631456,0.0,0.003367265972326929,0.0,0.017213767644870332,0.008457042700854912,0.0038830725666642346,0.0,-0.004583037617380945,0.00039856236692144053,-0.027347827781124948,-0.005115205853058302,0.010390675291578232,-0.0011215487061480127,0.0,0.0,0.0,0.0,0.028245441030084542,0.0011076985540492883,0.14760105009279714,0.0014247237403370962,0.0,-0.010377071627246399,0.007055770620334723,0.02833786064916388,0.00031241559458981876,0.0050836453455916945,-0.0424957663522994,-0.01599547306507904,-0.023410280949372614,-0.03729657904720623,0.0,0.0,0.013833333858279959,0.0,0.0,-0.004144954309391481,0.0,0.0,0.0,0.0,-0.00036657246938148985,0.0,-0.039569615160081686,0.0017570669280769315,0.0,0.0,0.0,0.0,-0.005542412652325453,-0.029252555951634385,-0.014268380013918069,0.0,0.0,8.181096649925956e-11,0.0026657097084876362,0.00013129243739405086,0.005702801682922708,0.0,-0.03480341418488443,0.0,-0.012717230612607076,0.0,-0.004311500969761938,0.0,-0.00707767502203425,-0.007240848218279762,-0.010717948094743133,0.0,0.0,0.0,0.0007495310951582401,-0.014322381258686305,-0.02689482715119199,0.0,0.0,-0.01264145436012884,-0.007071360261436484,0.0,0.0,-0.02063401399532862,0.003930181781354204,0.09503246185208576,-0.0217768052585099,0.0,-0.02457906011584827,-2.301523723835911e-10,0.01592221284933635,0.03670505721941424,-0.0343241987107581,0.0
2016-07-31,0.041092563600450195,0.007752829716906967,-0.0010625080385729894,0.0,0.0,0.005655418225355412,0.0,0.054120786569489286,0.0,0.0,-0.0010022057718339198,0.0,0.0,0.0036098906352092733,-0.004497834459265487,-0.003424417277995526,-0.029716802418698895,0.0,0.0,0.0,0.0006312572004173059,0.0038916188045536957,0.0,0.0,0.0150784536124912,0.043836836783122154,0.06619963038197034,0.023685516913798547,1.6807279574015055e-10,0.0,0.0,0.0422435847600945,0.004200467374760703,0.027062026892106815,-0.1604829045349363,0.0,-0.009284924159324385,-0.030913461059525846,-0.014994817739941574,0.0,0.01624136564045903,-0.004087821193143326,-1.4774099880171983e-10,-0.00875498251882467,0.0,0.002801639121870861,0.0,0.0,0.0,0.0006414545544070423,-0.01441542903032293,0.003546482226378987,0.0004888450574026268,0.0,0.0030083741694187814,0.0,0.0,0.0,0.0,0.0028158079819989904,0.0,0.0,0.0008238342234610512,0.009065731852228935,0.004655912662190487,0.0,-0.0005438955506357608,-0.0027905536319171548,-0.005086669870638022,0.0,0.0,0.0,0.0,-0.00701097716079406,-0.008239529605512283,0.0,0.0,0.0,0.016543437121849452,-0.006020105009312784,-0.013718308387661355,-0.00556931107308099,0.0,-0.0022485243115971778,-0.008794406363615117,-0.012658162103971199,0.0,-0.025083866305406877,-0.006169408815040917,0.010756117049602392,-0.003237183540060383,0.0,-0.02618889765043255,-0.014615727917348931,0.04692769270068333,0.03488944853599556,-0.06938636435284759,0.007732975463253295
2016-08-31,-0.003656676045558085,0.0,-0.025732891656052213,-1.3706982172534562e-10,-0.0031234172616825037,-0.01426736794520874,0.015178767952127414,0.0,-0.023211397978725314,0.0,-0.01248918526309993,-0.03339519598320292,0.0,0.0,-0.01087776325985984,-0.01475607564261486,-0.03178671063739435,0.0051723694032321695,-0.02853439660257682,-0.006244581483265342,0.0,0.0,-0.0006712203108325446,-0.002230894413891054,0.0016409708019611148,0.029822585271923482,0.0,0.014927696044044763,0.0,0.002247494851343867,0.05842961169560568,0.0,0.0,0.015002999263306492,-0.015186213447724037,0.0,-0.04832334607662293,-0.007876663786172204,-0.01676729675226952,0.0,0.0,0.0,-0.007702504376155347,-0.024578402514322337,-0.001565814860594843,0.0,0.0,-0.007428530423259578,-0.00905718645271282,0.015743117771779006,0.0,0.015812881884430446,0.01650693105967921,0.0,0.01667498322100635,0.0,0.012737818391323973,0.010717556679381336,0.011855140634693081,0.008216394360579532,0.0,0.01464605822832516,0.02755481476000231,0.03373052114676711,0.035129951681050216,0.01686959600020422,0.0066079693625549,0.0,-0.0038561787056298575,0.01089267159206087,0.0,0.0,0.0,0.0,0.0,0.018667016057835484,0.009030857856290113,1.6041512723161252e-10,0.049999820224539776,0.000971901266494072,0.0,0.0,0.0,0.0,0.0,0.0,0.0,-0.023357411308796837,-0.040969595367523884,-0.0023102645645810835,0.0,0.0,-0.018709118902756287,0.0,0.0065869671943755434,0.0,-0.06133369783984406,0.018624535182667216
2016-09-30,-0.01571174407387991,-0.011683967599943154,-0.022068516586710416,0.003928732254439295,0.0005496385840486657,0.0,0.020993517184863912,-0.007328378700502942,-0.11254353451598381,0.020900949176416588,0.004896117009600373,0.0,0.012068206853265503,0.0,-0.012240898076829657,0.0,-0.03630519527371316,0.015105922369503267,-0.06107693995284984,-0.007274916472282142,-0.010329611270721132,-0.00039636733349578617,-0.014766940405370278,-0.011006352964623515,0.02574695011005112,0.04737547946357532,0.0,0.0,-0.014246919531548259,0.010759611755146021,0.07702518137270283,-0.018505981369983982,0.0,0.0,0.005326728106671544,0.03268585136016653,0.0,0.0024447456109340077,0.0,0.0,-0.009877214433785919,0.011884778381674867,0.0,0.0,-0.012491468185432151,-0.00724810229602134,0.0,0.0,0.0,0.0,0.004422624983092766,-1.8048596156134966e-10,0.0,-0.004082388445125371,0.0,-0.011193371982118967,-0.00039968647819617223,0.0,0.0,-0.005439352786550826,0.0,0.0,0.0,0.0,-0.0002830311413941651,0.0,0.0,-0.0017012288912590244,-0.014744333162599222,0.004867210612845833,0.0,0.020534072674007236,0.0,0.0008526396281692358,0.0,0.0,0.0,0.0,-0.01155336362677426,9.213193409317914e-11,0.006133251033910001,0.001177002879304003,0.0,0.08410531748340437,0.026084358225134892,0.006064325334569588,0.0,0.0015466674676187175,0.0,0.0,0.022442556953852395,0.0,0.0009637441476458654,0.0007748363090661765,-0.0090701893442999,-0.004610214811266931,-0.05181979010625191,0.028338982582187096
2016-10-31,0.0,0.0,0.0005721025130355478,0.018124755242956328,0.0,0.005396827103968634,0.015381617646952042,9.405296153763471e-11,0.0005935340467785381,0.041388603836220166,0.08805231777583948,0.010089429658910243,0.02755550631655794,0.010546290140690166,0.0023363120033614,0.0,0.0,0.0,0.0,0.0,0.0,0.0011642809609029045,0.0,0.0,0.0721262496719362,0.0659456940314522,0.009402390045150547,0.0,0.0,0.0,0.0,-0.0019969270594777586,0.0071856024013983435,0.010885593728217903,0.0,0.0,0.00475264389991803,0.0,-0.026045525106069767,-0.016477517314063196,0.0,0.02127064828790572,0.009168651146956905,0.00987432574575731,0.0,0.0022425127284926493,0.0,0.007753964000140921,0.010113565840584472,-0.013203090411681315,-0.022473452351224513,-0.004151456904504344,0.0,-0.03710909214142117,-0.0030443446769781524,-0.023575148379256738,-0.02392981490363604,-0.016561419861728526,-0.016483002487102605,-0.003985038448139817,0.0,-0.007358790437566029,-0.005026716816181753,-0.008977191077164333,-0.03096467091559499,-0.013652582407530322,-0.012233495609139125,-0.014158749476181657,0.0,0.0032795088145059132,0.0,0.012991586272860957,0.0,0.0,-3.392498948562256e-10,-0.011377580626082486,-0.011256863011594396,-0.009325310286941722,-0.036658007035791175,0.0,0.0,0.0,0.0,0.005186389392198415,0.0,-0.0011523858242547158,0.0,0.021036942454256906,0.005582154198040188,0.0,-0.004450270541649143,0.0,0.0,0.0,-0.03373989460176031,-0.036771146617866256,-0.05386051433016768,0.0
2016-11-30,-0.016057044569020858,0.02066224366701317,0.015862426675718504,0.0,-0.006852696503380367,0.0,-0.0027044174527495485,-0.007160594215146641,0.002048049618871441,0.00410924133796919,0.0,0.0,0.0,0.0028853168508961814,0.029228833713068513,0.0,0.028597971378163407,0.017533887284699103,0.0,-1.4720311799778977e-10,0.0,0.02302074420736268,0.00668739464125704,0.0,0.0,0.0,0.0,0.0,0.0030983707445679963,-0.009112010214997147,-0.011775110798944836,0.0,0.024554404520738884,0.0068576926873804775,1.2810060954713428e-10,0.0,0.01618276685030787,-0.0010332513710483496,-0.08879626255700934,0.0,0.01892216815868641,0.030300707569615525,0.0,0.051323877456994446,0.0,0.012899331338011629,0.0,0.036695640499403735,0.009826146034480648,0.0,-0.05400839261348291,0.0,0.0,-0.006985278499351538,0.0,0.0,-0.006219230303362669,-0.0012913807013236972,-0.019518654604581465,0.0,-0.003453896909389106,-0.007501385602241585,0.0,-0.018763150732578858,-0.04869514078019693,-0.009632463905345669,-0.042406686398688324,0.0,0.01842283789158157,0.036643245437622964,0.011491560255654521,0.015561293955299527,0.012289782470370164,-0.011333298173309315,0.003263091349170454,0.0,0.0,0.0062270574283513425,-0.007190280013975187,0.0,-0.008341819210472117,0.006647064475530164,0.0,-0.0022882738856328205,-0.012029008114966941,0.0,0.0,0.0,0.028156851373111906,0.0,-0.01049823251809821,0.0,-0.006283659354244148,-0.0077868374078798475,0.0,0.0,-0.06049655272237917,-0.011784989718999278
2016-12-31,0.0,0.012437316693888487,0.005625625644960177,0.0,-0.006900968582281947,0.0,0.0,-0.006665918205376976,0.0,0.0,0.0,0.0,0.0,0.0,0.040795182401946135,0.0027344042779327096,0.04467560200016485,0.0,-0.007462307059485218,-0.06092624825723488,8.909911312765684e-11,0.0,0.0,0.0,0.0,-9.782848410588931e-11,0.0,-0.007623894319729982,-0.0017466774696309876,-0.002333402735746972,0.0,-0.0040717528731231255,-0.003902466634037389,0.0,0.005121156062384543,0.006504540320537262,0.013398959198598525,0.0009415882937037258,-0.01972604499052831,0.0,0.009654121086392771,0.02209790897793896,0.0,0.06102582654496017,0.0,0.003883909910822459,0.0,0.011643341160875842,0.0011376291695729555,-0.019200764820250297,0.0,-0.014976478098733046,-0.01729930596458506,-0.02492109510728822,-0.008045422465319196,-0.017488042564565476,-0.028042120025970858,-0.020608323711405425,-0.027966419246021074,-0.008925436844072952,-0.04425394550314252,-0.002591552004347281,0.017644507555636305,-0.038468768484687256,-0.004965428639322113,-0.03402841658428185,-0.03781613870210547,0.005265450636598738,0.0178306954298593,0.06502996576762676,0.02286748988577833,0.0,0.02780416003156619,0.0,0.012798118883349556,0.0,0.0008591680994492697,0.01277864645723156,0.0,-0.0028494469639579333,0.0,0.030670144285414525,0.0,0.0,0.0,0.004656998234796344,0.0,0.0,0.034866297100304165,0.0,0.0,0.0,0.0,-0.002414448263327592,0.00034176802965743395,0.0049094777689528205,0.0,-0.023778764781612147
2017-01-31,7.013107412707224e-11,0.02010973149249198,0.006515046174674623,0.0,-0.010321790384329508,0.0,0.0,0.0,0.0,0.004141080257673131,0.0,0.0,0.0,-0.0027700723455100847,0.01041074967734815,0.0,0.010294916548146063,-0.009762507187740755,-0.06102868220808134,0.0,0.009814136529274525,0.0017999771056956375,0.0,0.0037887927860969866,0.0,-0.0031947331200238766,0.0023291271598251846,-0.002909016852242112,-0.012910320862055026,0.0,0.0027436354058131634,0.0,0.0,0.0,0.018419931612066044,0.11719258895041915,0.018083498703334575,0.017122781131033497,-0.005927753417721308,0.00071878909302738,0.004599468173865942,0.0038016722817531996,0.0,0.01589295380027597,0.0,0.0013354109532055384,0.0,0.0,0.0010005855824111675,-0.011018880204013906,0.00433940812031437,-0.016467580049180263,-0.014182864876853775,-0.012580149033274137,-0.013470979227010321,-0.03553055521708345,-0.02603037933168813,-0.022043469487051857,-0.021730683838163962,-0.011892516225753956,-0.021884689736358365,-0.009440163703972635,-0.013741252225778416,-0.03512936055795708,-0.006607272399318152,-0.048895177591641886,-0.05693022460927347,0.0,0.0,-0.00657804834812691,0.0075486061643115,-0.0014030487990182737,-7.678993035579075e-11,0.0,0.0,0.0,0.0,0.002344771157141777,0.0,0.0,0.0,0.0,0.0,-0.0023791556796341714,0.0,0.2,0.0,0.0,0.0,3.342733033555729e-05,0.0015482607812736216,0.0,0.007443650770147847,-0.0032386724043529567,0.0,0.0023700344390974017,0.004256967748814953,0.0
2017-02-28,-0.020567602136698927,-0.0023438115841893296,0.0,-0.004595419703753729,-0.04755792564064075,-0.008188468835328807,-0.012062111555187197,-0.013171458802005636,-0.03465808454707604,-0.0005882967847795144,-0.0043374310255379885,-0.008403470913777472,0.0,-0.05097818828357344,-0.01643824647182481,-0.047013148600438766,-0.026489498017855845,-0.03992645019735106,0.0035644591398239734,0.015174338099995008,0.009082805050496759,0.0,0.004485214627558513,0.01238292649740543,-0.029260044251764265,0.0,0.0,0.011507002909145062,0.0,0.013533670430816188,0.0,0.04793575350756816,0.015499376822730492,-0.01905403357627652,0.0,0.0,-0.012510447101820954,0.0,0.0036710920310131213,-3.3288385622490435e-10,2.4528577265612766e-05,-0.007750576586331139,0.0,-0.01167234365207517,-0.01474739238880447,0.0,0.0,0.0,0.0,0.001455630180015957,0.004409454821468249,0.0,0.0006755333549045275,0.0020796443262241595,0.0,0.0,0.0,0.0,0.0,0.0012314532732030157,0.0022932968435215558,0.0,0.0,0.0,0.0,0.0,0.0,0.0,0.0037874500298703184,-0.005654592910344599,0.01333026849741303,8.509363014520713e-05,0.0,0.004149399247010457,0.005058521730259114,-0.0018787421502844484,-0.01286526067574089,-0.009338038340547136,-0.0067248342317054646,0.008253945045614844,9.26727438069548e-11,0.0,0.0,-0.014269090732565146,-0.01695498996883663,0.17459462482632793,0.0,0.0,0.0025725501936679535,0.0,0.0007315714581269101,0.0,0.020689890127612402,0.0,0.0,0.0,0.09381466918618175,0.023925835441941504
2017-03-31,-0.01175049847875985,-0.0013292531562844048,-0.008563846704348602,-0.009576347114053736,-0.020598352736451487,0.0,-0.012474169514351749,-0.003666128249877141,-0.03123784449489641,-0.0008466755510193257,-0.006840413406075636,-0.00986779347096534,-9.410187527348727e-11,-0.2,-0.005134496401237784,-0.03317917060511314,-0.020756105259711666,0.0,0.007200004085647352,0.0,-0.0011244186556738766,-0.00708976155436475,0.0,0.0,-0.013164189842532488,0.0,-0.0065825422759280055,0.0,0.0,0.017139176787529662,0.0,0.008247225825905142,0.015195010499734419,0.0,0.0,0.0,-0.011893939293104222,-0.0025049289905948163,0.0,-0.012261628084070776,0.0,-0.019717370695133848,0.019717918816044185,-0.012872300461561634,-0.014935854363054321,0.002172731392275453,0.0,0.0,-0.0114335745390654,0.0,0.0,0.0,0.0,0.013170977232673893,0.0,0.0,0.0,0.0070639395701266984,0.0,0.000711495379092307,0.012551179579686662,0.0013383895238997365,0.0,0.0,0.002034081272475771,0.0,0.0,0.0,0.0047554041789695835,0.0,0.00345169011706771,0.0,0.011636862454756798,0.005881429568526384,0.007165772897099305,0.0174937005663134,0.0008173262693048003,0.0,0.010382834349587046,0.022402600031440848,1.3944074499027194e-10,0.02373005639885047,0.0,0.0009155549731221983,-0.007390532671168965,0.2,0.0,0.001606529359711141,0.033949269796662504,0.0,0.01982312470763522,0.0,0.0,0.022437732613970432,-0.003009789989613963,-0.00019807334688478094,0.0,0.007007981612450126
2017-04-30,0.0,0.0,0.012035682902622725,-0.0060061902850752176,-0.03956449010694535,0.0,-0.033333945266240436,0.02135908624652547,-0.024391537390875483,0.0014650303357730292,-0.011081199507657848,0.005144050955332053,0.0,0.013707022185231703,0.0012833092746073326,-0.10640750045019752,-0.03850156279058667,-0.015005872829866138,0.011950731285212565,0.0,0.0,0.0,0.010294051833778068,-0.013395921908797053,0.010397548019028265,0.0,0.005081668550542548,0.0,0.0,0.0007824780127308293,0.025157627146476957,0.0,0.0,0.007172628463643632,0.008315867571741862,0.02164706798118107,0.0,0.0,-0.011981988580091182,-0.035411588862268764,-0.013384699530074989,-0.024795935530504055,0.024782652875275094,-0.002753611658240169,-0.011787524403503044,-0.009559048630945043,0.0,-0.00890053452926895,-0.034412862495526636,-0.006620336295141324,-0.020501369699852185,-0.0002959074721387869,0.0,0.0052870621835918955,0.0,0.0,0.0,0.0,0.003933390444699245,0.014895153991396695,0.004452529363084147,0.0,-0.0009608458434283623,-0.0031753870504079725,0.0,-0.008026744393506027,1.4663835937605964e-10,-1.2498976490931351e-10,0.0,0.0,0.0,0.0,0.0,0.0,0.0,0.0,0.010083979474820261,0.008454787559940778,0.004748054454127136,0.0,0.0,0.013861715327614032,0.0,0.03005525071286847,-0.005160300343008978,0.12294830130167404,0.0,0.0,0.03149535977946117,0.02051766672887084,-0.0007466240123896381,0.0,-0.006087800951861354,0.048690244891509755,-0.006571434172199479,-0.0011772348844115482,0.0,0.0
2017-05-31,0.0038751592508924236,0.0,0.0017274261560555238,0.0,-0.04780672253723049,0.0,-0.053998933629002856,0.018258911718418605,0.0,-0.0021405225490653264,-0.004052829704687226,0.0,0.0,0.019353382403703715,0.00946967661147486,-0.046017401456622996,-0.01769596816117183,-0.01512290962488578,0.04307583338783414,0.014760002573801749,0.003612149117626337,0.006470719944645626,0.03918690988320046,-0.025046943569185628,0.04616074490657048,0.0,0.0,0.016425285679250896,-0.0023181055154664516,-0.0041817438217687936,0.0,0.0,-0.013564155526682145,-0.000989868353869987,0.0,0.03095787347588932,0.012057630963384502,0.0,0.018169304127118282,-0.016424144271148036,-0.05450830857085436,0.0,0.0,-0.0005387879132461313,-0.009946903455626627,-0.013390671374349433,0.0,-0.00380508635228029,-0.019327636511387785,0.0,0.0,0.0195698597876713,0.003969057193658018,0.0468324174954158,0.017894405709004683,0.0,0.007846344240219679,-0.0020353091499621316,0.007327413810981723,0.0,0.0,-0.004346084035734404,0.0,0.0042143041027796375,-0.0020319571481499394,-0.05528144543322889,1.9252503017347815e-10,0.0,-0.005005141855025666,0.003761604376867752,-0.006719061582740396,0.0,-0.0067475456609806155,0.0,0.0,0.0,0.0,0.0,0.0,0.0,0.0,0.0,0.0,0.03874754481698915,0.002773137958925162,0.00938260147146051,0.0,0.0,0.0,0.04000817707507218,-0.009785898557042289,0.0,-0.04120072977859874,0.005145463553630336,0.0,0.008966658014932039,-6.379425119411469e-11,-0.015969183836210443
2017-06-30,0.0,0.0,0.0,-0.0011466596956150516,-0.021644346697129883,0.0,-0.004939343108731765,0.0,-0.02082138321391781,-0.010311385127710732,0.0,-0.003300978721462802,0.0,0.0,0.012657057373015089,-0.14743241560014636,-0.012621844927805066,-0.02729809917278351,0.0029900406669209835,0.0,0.014877503584542213,0.017371147729999214,0.048003958849498964,0.0039364441590809965,0.0,-4.9958085758712735e-11,0.0,0.011537277208932481,0.0,0.006448014453220642,0.0,0.0,-0.016731474372396048,-0.006483826357298453,-0.028146357229149422,0.03555982931484204,0.0,0.0,0.017164642325317492,-0.010558452158815946,-6.80690367632663e-05,0.0,-0.0034737915271470876,-0.002034189830252884,-0.008843584927727865,0.0,0.0,0.005769577918564283,-0.018964533431004987,0.012376106276743081,0.0,0.021335163560166664,0.0,0.034776286386044214,0.02458278775676221,0.017210140906605227,0.015108509013644978,-0.004662672587926532,0.002688404452325645,0.0,0.0,0.0009052159208228914,0.01643963843913994,0.017322587411326848,0.005730434749123519,0.0,0.0,-0.0027382607582320207,-0.00568457193782703,0.0,0.0,-0.04482470715061771,-0.003148840188898992,-0.010680692441418383,0.015207292978724744,-0.014694965931928662,0.0,0.0,-0.003344078573561342,4.21235526017865e-06,0.0,-0.05224550726576328,0.0,0.039449721463198355,0.018630110494899595,0.0,0.0,-0.002414909105196368,0.0,0.009634262672835087,-0.010740058872812729,0.0,0.0,0.0,0.020395976035083883,0.051887655447639236,0.0,9.571934289232834e-11
2017-07-31,0.0,0.0,-0.007709454394012594,0.0,0.0,-0.01726199909041108,-0.009459238922251948,0.008260785538343834,0.0,0.0,0.0,-0.10894747165525122,-0.1647540167795144,-0.0019323009550070026,-0.0010903879900294932,-0.022217858288131862,0.0004816720540441623,-0.05334539912188438,-0.0018761307035498644,-0.007464281526924029,0.007906313415478558,0.003733353748077626,0.0,0.0,0.0,-0.000307869047047006,0.0,0.020748137608609857,0.0,0.013318153077659994,0.0,0.0,-0.0003521213379197978,-0.004058294545250973,0.006939786335937941,0.030481870121591415,0.0074921524288257026,0.0,0.0012442739257108634,-0.012585435720216684,-0.004369763318297421,-0.0040145762087921795,0.0,-0.015767667672662532,0.0,-0.0008693764962875341,0.0,0.030365748334307083,-0.0069627918993003255,0.0,-3.488536930136719e-11,0.0,0.0,0.010061446641981579,0.012780555515668335,0.010913446123177978,-0.0008003737168590716,-0.013770788763924,0.007209951150100742,0.0,0.01459140803581659,0.0,0.0,0.0,0.011897035224486594,0.006858265298836169,-0.004705858588628061,0.0,-0.014135885717687802,-0.005388244698016251,0.019239745121219162,0.0,0.0023262935426265367,-0.010664316580084715,0.1380301781818139,1.194268210475263e-10,-0.00017683253673692173,0.0,-0.0028409787723393583,0.0,0.0,0.0,0.0,0.02657843907517916,0.013199496831836086,0.004508366224585319,0.0,0.0,0.014572313364902485,0.0,-0.0021702849180962546,0.0,0.008089827132222237,0.0,0.03799255350066929,0.009576385979973467,0.0,0.020602046346890626
2017-08-31,-0.013944010356033704,0.002950712045477333,0.0,1.32994972615771e-10,0.0009923366027608797,0.0,-1.7732260434175982e-10,0.0,0.0017941298358683713,0.0,0.0,-0.03932868374554761,0.0,0.0,0.0,-0.002216671148576674,0.0,0.0,-0.09004606305000118,0.0,0.0,-0.005271468852213486,-0.008255890800204755,0.0,0.0033265572226600783,0.0,0.0063375303497651995,0.021860349744212602,0.0,-0.014007984394850863,0.0,0.0011247626454777952,0.0006107159599383966,0.0,0.004924188233387266,0.01204222806583444,0.0029205878909131762,0.0,0.02840239355942991,-0.0014846256640710603,-0.039150018630662,-0.020680296477962046,0.0,-0.0008197463959910677,-0.005343918683772271,-0.08208237433232715,0.0,0.03132936052623071,-0.04014752450818092,0.0,-0.02219095169555725,-0.007922279652323783,-0.001797282768347602,-0.003580590415774412,0.0,-0.0016451883704934871,-0.01916148019104311,-0.008684773073420134,0.0,0.0,0.014997121285507587,-0.012097556232435346,-0.00695935295812535,-0.0346046171118056,-0.010030209414075402,0.060801614614253104,0.0,0.0039787707778830474,0.0010188407403271995,0.0,0.02381476019137531,0.00610962412862194,0.011813554779212561,0.0,0.15441542839938863,0.007246892297751352,0.0,0.0,-0.0003316722589449907,0.0,0.0006978928660919179,0.005270877065726475,0.0,-0.0012373175567861963,-0.003603042946399236,0.011703109983355399,0.0,0.00767398471507741,0.00991514865176069,0.0,0.0,0.0,0.05358237932364628,0.0,-0.003374408136750674,0.0,0.0,0.008344147365070009
2017-09-30,-0.027551085966078862,0.0,0.0,-0.006725945588412275,0.0,0.0,-0.0008475882439437192,0.0,-0.014835266836572542,0.018368455024825023,0.0,-0.013997332208788574,0.0,0.004577917239133651,0.0,0.0,0.0,0.0,-0.017548330417888967,0.0,0.0,0.0,0.0,0.0003045273217180566,-1.4119599410415668e-10,0.0,0.0,0.0005440614848758324,0.0,-0.04249710155143572,-0.0030040675688550217,-0.006042359967468539,0.0,-0.016897420866725858,0.0,0.0,0.0,0.01147948088244734,0.0001942674307268734,-0.004513774442507579,-0.029044622651123304,-0.03955346469873614,-0.02224133727558087,-0.005899952682174426,-0.028704987256752454,-0.036567304962187,0.0,-0.0040346007568842586,-0.05034486156310924,0.0019334102065860857,0.0,0.0002956594714763657,0.0,7.714614715496537e-11,0.00855460931264483,0.0,0.0,0.0,0.010893016456390925,0.0008144573968925985,0.007942449751556056,0.0,0.0,0.0,-0.023983915953807552,-0.0011971414254444554,0.005649799800212933,0.003759840996805545,0.006352795322948081,0.011808824010569565,0.025984830418743738,0.008336188384095474,0.02805770689785547,0.012336463716704228,0.02760801065588255,0.02210419669600659,-0.02276250168409944,-0.00823622838149084,0.0,0.0056405908906080856,0.2,0.006798713782995299,0.0,-0.003274453654282625,0.0,0.05911066452861966,0.0,0.004436237829183557,0.0,0.005327714860627029,-0.01101545857106191,0.0,0.0007851091517223519,-0.01298450709100107,-0.021914502332431855,-0.012332531526202768,0.0,-0.011447353733756221
2017-10-31,0.0,0.006313945346201719,0.0001734815413062503,0.0,0.0,0.0,0.0,0.014747303038182624,-0.006134873380949885,0.03084098545228791,0.0009294352174674299,0.0,0.0,0.010948200626179289,0.0,8.911394519118101e-11,0.011738438329757298,0.013654656412391023,0.00010516370839987954,0.0,0.005091748566625373,0.007967108183994431,0.04850318461204198,0.002756959573497687,-0.014527764882683952,-0.018071089488302227,-0.0010594863123289293,-0.008564291425985958,0.0,0.0,0.0,-0.0256708491600727,-0.0053891579885402266,-0.03630836937525639,0.006345478633781292,0.0,0.009603625930649283,0.03747015839792374,-0.005535605996996166,0.0,0.0,0.0,0.0,-0.0032478666199259407,0.0,0.0,0.0,0.00042126139034334047,0.0,0.0,0.0,-0.004038980285481012,-0.01689728631687486,0.0,0.0,0.0,-0.0228091318003541,0.0,0.0,-0.0037488464471067437,0.0,0.0,-0.024003595818103712,0.009365904735592233,-0.04791112023308605,-0.042617581191804074,-0.008279711458800052,-0.004302587165245208,0.0,-0.0010165306723454708,0.0,0.0,0.0,0.024806202345370485,-2.0525586349702426e-10,-0.009177893847625707,-0.011410889946332568,-0.026614468758287043,0.007700332201509301,0.009550177636634497,0.08546965014981625,-0.0017812403581954437,0.0,0.006372756614654063,0.014395056938475011,0.08614104855259806,0.0,0.009951354047144256,0.011240147869834276,0.020523254355630745,-0.012694156222486888,0.0,0.0068729795025964,0.0,-0.062036591182121986,-0.043677591377525145,-0.009985203485583535,-0.022487238596342104
2017-11-30,0.0001937200419283367,0.0,0.0019904698027830305,0.0,0.0,0.004309191735905654,0.0,0.05619368002599304,0.0,0.021023198464494946,0.0,0.0016077597807006583,0.0,0.011310425399385718,0.0,0.0,0.008439450441253655,0.015227352667823404,0.01284417957654385,0.003703808780227718,0.0076522596086858645,0.012438184405269915,0.05972211988756998,0.00674850986169161,-0.00092711867307631,-0.022292486837093558,0.0,-0.038243073544563154,0.0,0.0,0.0009442223474065902,-0.015963098347605443,0.0,-0.0015474402052129874,0.00464826491706336,0.002331463087317582,7.173292642004687e-11,0.009467936280454246,-0.11106828707465152,0.0,0.0,-1.400986464354378e-10,0.0,0.0,0.0,0.0,0.0,0.0,0.0,-0.012941500355409141,-0.0028340996909723463,-0.00770524673606995,0.0,0.0,-0.008306434628754019,-0.009487078442427323,-0.013180441489810875,-0.007166326079327372,-0.005337815035022073,-0.009281347855884216,-0.00725516735934912,-0.00813448267746356,-0.07053164943775209,-0.005181017887484683,-0.0002599072610712748,-0.04299762789156369,0.0,-0.01493131521407001,0.0,-0.0075270865270802125,0.0,-0.002610797038806853,-0.007410156269902584,0.0,-0.01273849982739084,-0.020172765557381823,0.0,0.0,0.0056527277051714,0.00599533110249331,0.020253023413267037,0.0,0.0,0.017125727703274047,0.027160475853779044,0.1516433804624938,0.0,0.010584054418256966,0.0029009973910587745,0.0,0.0,0.0,0.008797665985312989,0.009090418780660624,0.0,0.0,-0.024077155555166683,-0.009890576359537545
2017-12-31,0.0,0.0,0.0,0.0,0.005928702738786606,0.012351905348183851,0.0,0.07711325558795615,-0.001903601659170523,0.030040682827543158,0.0,0.0,0.0,0.0,0.0,0.0,-0.00024117745038771814,0.0,0.0,0.012153831224564475,0.006535161907072924,0.0,0.01676935318541518,0.0,-0.004263219516748939,-0.04235954157122581,-0.015745544473272994,-0.007940771979723862,-0.01091720596444736,0.04143948960574261,-0.007474079065707662,-0.011869955571477702,0.012976659284509999,-0.06051452398334476,0.007992782777231495,0.10548550208578798,0.0017250122386979184,0.009970963589253215,-0.024722601275057546,-0.007015263220526013,-0.0028352276038224357,-0.0143312448204837,-0.0011588515828253262,0.0,0.002003358296485585,0.0,0.0,0.0,-0.005711136472841273,-0.0002558049753619187,-0.07352197273418876,-0.001003359278721894,0.00044244901180641184,3.7986549622011205e-05,-0.007220231973970835,0.0,0.0006146247097337128,0.0,0.0,-0.002501189355370602,-0.032787952695100916,-0.05320791329777404,-0.02896985924957178,-0.01192213914323353,-0.020245077570726886,-0.005719393377675369,0.0,0.0,6.63024385379182e-11,0.0,0.0,0.0,0.0,-0.007489922643745646,-0.0361512373752668,-1.1822740547369507e-10,0.001395243974609718,0.013386514119796055,0.004493159286114958,0.0,0.0,0.008409849679177224,0.0,0.04996159059696113,0.022096391324086168,0.0051954586461867795,0.0,0.0007083891994969787,0.0,0.022086133651770295,0.019565694063115365,0.0,0.0,0.002072696149099179,0.007047158274890297,0.0,0.0,0.0
2018-01-31,0.0004976917880864616,0.004871451326101206,0.0,0.02325919643499499,0.011310558149520656,0.004923769128713342,0.01086368197333614,0.0,-0.0033189093803489213,-0.0032516591893125696,0.006321001328961952,-0.016697725195044782,7.053415791633414e-11,0.0,0.0003884496149807507,-0.09988914534266898,-0.020183559211477783,-0.012084787209590163,-0.016235806777606325,0.007179039634741765,0.10347859197743506,0.0,-0.004961740969981209,0.0,0.0,-0.00788070799460474,-0.007843776916090504,0.0,-0.0014262431648491285,0.009952772817487583,-0.009293573218718732,0.0,0.0,-0.0001252332607797356,0.021185135184071478,0.1094962953895873,0.006055599485779443,0.015909990164155736,-0.05281421962765214,0.0,0.0,-0.0060017746837649965,0.0,0.004839948763672523,0.03074773442094391,0.0010659444946136297,0.0,0.0,0.0,0.0,-0.03413731910127873,0.0,0.0,-0.0020617154701125504,-0.050223113405914364,0.0,0.0,0.0,0.0,-1.1710215053034147e-10,-0.048048289327284006,-0.017896408435462054,-0.021203191545455594,-0.008844405263774969,-0.008726709299916256,0.0,-0.00876565816449802,0.0,0.0,0.007465830359265067,0.0,0.002147999821781872,0.006228453351991518,-0.0005476182273600532,0.0,0.0,0.0,0.012021814272209566,0.006552138667308664,0.0,-0.012908691551844017,0.019200868303295458,0.0,0.005915468064687635,0.0,-0.011351466972429461,0.0,0.006475577168231972,0.0,0.0,0.026423761948106948,0.0,0.0,-0.010517652463273935,0.03342229076507819,-0.002758898511803203,0.0,0.0017989451303250079
2018-02-28,0.0,0.0,0.00248596977309826,0.01330050036376124,0.0,0.0,0.0,-0.03148148092524746,0.0,-0.010739906352958238,0.011775093089961145,-0.027473863571396178,-0.006710780715466831,-0.009823229209327199,0.0,-0.01035076481059457,-0.005263853110067959,0.0,-0.00015226003872873407,0.008659472467311378,0.029785971173012998,0.0,0.0,0.0028694070943865372,0.006684587351650466,0.0,0.0,-0.02325568300123076,-0.020314986890684065,0.005540832223311909,0.0,0.004341320493870214,0.0,0.0,0.009004420224380916,0.16764013513398401,0.0,-0.005820177199716149,-1.3095217033992827e-10,0.0007976682570731876,0.00055934263785291,0.0,0.0,0.007894771907754129,0.07869739237999972,0.00043634722990717095,0.0,-0.02772149156902247,0.021166779502754994,4.556663166310116e-11,-0.04956815199484309,0.0,-0.0023527533365747676,-0.035039348073795044,0.0,0.0,-9.42131887409038e-05,-0.02133650934529538,-0.00857386360265742,-0.025520667079872206,-0.04048163415710446,0.0,-0.010306520294682774,0.0,-0.03291461089290124,-0.0018138788916210933,-0.03376744902807701,0.0,0.0,0.04232309852285184,0.0019654912673787114,0.0048194000638004855,0.011750915952950278,0.0,0.0,-0.00864631873589497,0.0004732208004258263,0.004863675429978455,0.000770230496020814,0.0,0.0,0.012256808495824697,0.0,0.0,0.011568330062954397,0.0,0.0,0.005593135618261554,-0.005340092618930532,-0.02778777247236673,0.023601608267373512,0.0,0.0,0.0,0.008374073672541582,0.0,-0.014427356967889333,-0.002920381793360113
2018-03-31,0.0,-0.002369843444412665,0.0012775623395681968,0.0,0.0,0.0,-0.006809420915005642,-0.05856466047077727,0.0,0.0,0.0,0.0,-0.006807253143806293,-0.010635915948070628,-0.005045178724818394,-0.004804218652391706,-0.008437945765244488,0.0561418610482557,0.006268369027751246,0.022797239093569257,0.0,0.0,0.01601075873817981,0.02469308888524439,0.0,-0.0028290164418619747,0.020157373339693873,-0.026850208025848452,-0.02242501210398911,0.0,0.0,0.0,0.0,0.03129761736228788,0.000229326046993237,0.0,-0.002199255472653885,-2.1316609076059997e-10,0.011803245395339461,0.0,0.0,-0.0025098012798321894,0.0,0.0,0.004232279317242182,-0.0032408440500480665,0.0,-0.010212734995635648,0.0,0.008036161935047142,-0.03981064291933428,-0.0025814565219162396,-0.008658340432779637,-0.04954184020535124,0.0,-0.00755622269639568,0.0,0.02238366277051729,-0.010805800704537821,-0.027196126331520614,-0.027558057229673524,0.0,-0.0035597274525541456,0.00919646954104427,-0.03672227990444589,0.0,-0.06325839237709528,0.0007499278587775921,0.0483168971607987,0.023944851030507888,0.013096289031141232,0.005349357755989465,0.047699028912791853,0.0,0.0005761873898655176,0.0,0.011268067630033267,0.030319256062020725,0.03005354441720812,0.005643075399486504,0.021794489435951796,0.013631596594402356,0.0,0.0,0.0,2.0685675935138802e-10,0.0,0.0,-0.004404496736572317,-0.02385764091065213,0.012526971292665938,0.0,0.0,0.0005054449807683491,0.0,0.0,-0.020747665929608645,0.0
2018-04-30,-0.002273075183453287,0.0,0.01563533696029667,0.0,-0.0012490746409377813,0.025867836726770798,0.0,-0.017355805415441773,0.0,-0.01439138454308707,0.0,0.0,0.0,-0.001796098366114166,0.0019470563148739246,0.0026928741350823885,-0.011756653881531109,0.020098904064149735,-0.0036279058175949118,0.015268374227084462,0.0,0.00034585627970324604,0.01615874074310722,0.01893682967630901,-0.02839706734238819,-0.04518113648978937,0.004188709854871849,-0.1319821847320505,-0.024226995826437326,0.0,-0.014668681055573625,-0.002614288241005295,-0.004747156118623881,0.06632810902522869,0.002441506633991387,0.024632575229085022,0.0,0.01664479444849261,0.0,0.0,0.0,0.0,0.014613572139006822,0.0,0.0,-0.009755484080616003,0.0,0.0,0.0005639114456337823,0.003045105722898945,0.0,0.0,2.0375098407046937e-10,-0.04826615729094963,0.0051724917480786324,0.0,0.0,0.06955642806219525,0.0,0.0,-0.009641727845747832,0.008962515905016117,-0.004045897756309266,0.010924125715962187,0.012306230763461401,0.025843220963436244,-2.822868361303209e-10,-0.01759737947342881,0.07654995729522852,0.0,0.0,0.0,0.007604740583662621,-0.01128451598241046,-0.0031603945995015517,0.02032964311886856,0.0,0.003048936924495798,0.00453906758452843,-0.006678039747783788,0.0,0.0,0.0,-0.005311570570827435,0.0,-0.009125591070026645,0.0,0.0,-0.007684021385666208,-0.02623065998636757,0.0,0.0,-0.024563340331566888,0.0,-0.004503212530987171,0.0,0.00575254750472867,-0.007884499411495598
2018-05-31,0.0,0.0,0.027159063921510906,0.004275216474136456,0.0,0.03667104645907719,0.0,-0.005552041680955261,0.0,-0.014782812594324481,0.0017542564977296358,0.015013488093197105,0.002228057807758765,0.004957459330557354,0.01339558357301009,0.011903759275278333,0.0,-2.352186809121904e-05,-0.022760308350871238,0.034648877973196386,0.0,0.012382500108942707,0.029966000644802714,0.036679083035863834,-0.013802448955212564,-0.003988198394094055,0.006989964881929092,-0.003998432315220632,-0.01568009337930634,0.00376085167430973,0.0,0.0,0.0,0.06899990825823586,0.01816838012889466,0.011990912363746603,0.014469462004667075,0.03561304758736651,-0.009353180713022846,0.0,0.0,0.010160192391596674,0.021364535414766916,0.0017128345332476245,0.0,0.0,0.0,-0.0329927513803978,3.101399665291241e-10,0.0,0.003584503660129424,0.0,0.0,0.0,0.00028407491552975747,0.0,-0.007103474842396662,-0.004035071071984556,-0.005702327086443488,0.0,-1.5654318362307405e-10,0.0,0.0,-0.004879801075698044,0.009370594787003361,0.03530055894672319,-0.016065299035884686,-0.06180860002908016,-0.0015559235722604498,-0.043808117898455776,0.0,0.0,0.0,0.0,-0.013530422827917731,0.00564615535876794,-0.02557011870051488,-0.014990522230733876,-0.009388844133082266,0.0,0.0,-0.0030079966712165986,0.0,0.0,0.0,-0.03769717726905537,0.0,-0.006097548054535472,0.0,0.0,0.0,-0.07553378742872557,-0.01823374989958587,0.0,-0.01548955652195685,-0.012567871862432035,0.021549629587884252,0.0
2018-06-30,0.005380828581109796,0.0,0.01523535386338448,0.0,0.010052522245502914,-0.02404836361240697,0.028290945320526114,-0.03810611543733477,-0.002102121401832044,-0.02815765383177159,-0.016780494932699612,0.01465496484995257,0.004251996737825928,0.0,0.02208347427005498,0.011064385779569549,0.003400054374614855,-0.0333740149088875,-0.03338442362588014,0.0,0.0,0.02131081259848054,0.0,0.024839886742917663,0.0,0.0,0.013464231924387777,-0.004716173747365644,-0.00922045843636554,0.016643233412595285,9.557581712618532e-11,0.004083410622319465,0.0,0.0,0.015275482692688625,0.0,0.015511796667251512,0.05893111049762219,-1.3332946150404484e-10,0.0,-0.001837765775851342,0.0,0.08029005129183077,-0.0004998726647853624,-0.008004032416758677,0.0,0.0,-0.03404464198210046,0.0,-0.01281546352722148,0.009554231169291418,0.0,0.01574597338352695,0.0,0.0,-0.023296733852458805,-0.04012564363924331,-0.0319485564477203,-0.037285359612695364,0.06561236897681601,0.002056397556127729,0.0,0.0,-0.008575543276240733,0.013505048191635359,-0.0013545167963542365,-0.04209871535198501,-0.013951012434216578,-0.035679839846107286,-0.0020174202568857846,0.0003442130904003027,0.004659331805845623,0.0,-0.0011467088293977234,-0.000508114526864798,0.007237105958064287,0.0,0.0,0.0,0.0,0.0,-0.007252590743697881,0.0,0.0,0.0,-0.007382316134724288,0.0,0.0,0.006133122506317267,0.002730490828915109,0.0,0.0,0.0,0.007657173964849059,0.0,-0.00028533181681730254,0.0,0.0
2018-07-31,0.016738095598362358,0.0,0.0030774621692814556,0.0,0.0,0.0,0.019037781811191735,0.0,0.0021997840850792694,-0.0023985560413855153,-0.002616017488655173,0.0,0.0,0.0,0.00359511461771787,0.0,0.0,-0.031374726269581224,-0.026280664053628295,-0.0018763227114396994,0.0,0.0,0.0,0.0,0.030211048751086704,0.14082491758074986,0.010860558222653862,0.0,0.005880004480629286,0.0019066020032190512,0.0034814969558553937,0.0,0.0,0.0,0.0,-0.0026575205683591874,0.0,0.0,-0.005765193115896851,0.0,-0.00914655397593458,-0.00021831141140975967,0.05183864558170271,-1.0895431200001651e-10,-0.012693194317509362,-0.005221327037432751,-0.00016286329781676204,-0.03092568210999384,-0.01044924523753096,-0.019634361191992758,0.0,0.0083008408245251,0.009668074366181787,0.0010972887925008465,0.010804378575433503,-0.0015360917631603282,-0.13242006227441847,-0.05405057021003205,-0.016629983665600836,0.03904823485927515,-0.0005589878215720424,0.005516164388159493,-0.012495568661157233,0.0,0.054966061646180266,0.0,-0.027617517985735435,5.807555727335014e-11,-0.04881876323707816,0.0,0.0,0.006386324998560933,-0.006451354354797655,-0.004393568868944319,-0.008075448710739898,0.004631522019278891,0.0,0.0,0.0,0.0,-0.00042107240147685473,-0.014363945458494776,0.0,0.005270663390480067,-0.010746525649270977,0.008797886076205817,0.0,0.0008052911273688531,0.0,0.013921433855457709,0.0,0.0086352944695224,0.026797309352666242,0.0,0.00392569743701972,0.0017760219055781067,0.0,0.0
2018-08-31,0.0,0.004248925072163705,0.11719013854089105,0.015808939070027547,0.0,0.0014251105918740145,0.002390565774592182,0.0,0.003035570212246399,0.0,0.002643605133926225,0.0,0.057698278155401565,0.0029371900095180653,0.08484882999681885,-0.004101218522374112,0.010189135587137604,0.0,0.0,0.0,-0.009258713228298158,-0.00038805101117041885,0.004225950415524824,0.0,0.015816685119801818,0.017679129790065078,0.0,0.011758249534015247,0.005302365166981633,0.0,0.0,0.0,0.0,0.007023238540615919,0.0,0.0,0.0,0.0,0.0,-0.002081364926432888,-0.06286569307006755,0.0,0.02801641568020932,3.190199981763982e-05,-0.2,-0.022732057937146385,-0.002109542110386224,-0.00791838104415901,-0.023124566904274665,-0.03818641844242623,-0.003923291159607949,-0.0028523839069227886,-0.002259704423053597,0.0054685783485030745,-0.0027302947397744417,0.0,0.0,0.0,0.0,0.0,-0.005015845904417947,-0.002140887013150949,-0.03131758562151812,-0.009854007522349792,-8.290189386498105e-11,0.0,0.0,0.0,0.0,-0.0004527049079079566,-0.0023107400916991547,0.004276026508959049,0.0,-0.026673711007163526,-0.018397548518132308,0.006655467013559713,7.463193148728936e-11,-7.966862467356313e-06,-9.330142328453558e-05,-0.0014280079024547039,0.0,0.0,0.0,0.01805510203564021,0.0,0.03788903157783129,0.0,0.0,0.0009614745085277804,0.0,0.015734291253812444,0.0019191714354799237,0.006086566823479494,-0.012041116756282765,-0.0031081888908534917,-0.002626706069321051,0.0,0.010684066027946245
2018-09-30,-1.36711927254225e-10,-0.003707040668508066,0.0637282616281683,0.0,-0.004379263276406091,0.0,0.0,0.0,0.0,0.016132905347216814,0.009966207539909384,0.0,0.0014819619027682193,0.0,0.0,-0.02851829331474267,0.0,0.0,0.0,0.018275771078794155,-0.02623086656981238,-0.02259659156577794,0.00035772918298048985,-0.00023716316331557299,0.016496071464096027,0.0,0.0,0.0,0.0,1.4628691429057212e-10,0.002455743367975901,0.004348999033238754,0.005333326032362328,0.049024141619317445,0.004802147436373082,0.011192141331263223,0.003280659300575683,0.004795740272329093,0.016136530811555787,-0.004912353222014432,-0.06938813621249543,0.0,0.007557094010096766,0.0,0.0,0.0,0.0,0.0,0.0,-0.016505158392217296,0.0,-0.017958698093488733,-0.014796870615422533,-0.0028065299339869168,-0.01587956179429701,-0.009385018324731782,0.0,0.0020284464385839913,-0.0032162972398613486,-0.011398827951050752,-0.009348539640311312,-0.020338901047419675,-0.1089902693820661,-0.03235718708422425,-0.011995670170314238,-0.010756654981925228,0.0,-0.012577685114918283,0.0,-0.0027952262965103914,-0.008957693501654814,0.0,0.0,0.0,-0.01488471544537327,0.006476920424131674,0.0,0.0,0.0,0.009307811380959995,0.0010970255382000576,0.0,0.0,0.0,0.015345147668794306,0.09679116214634531,0.0,0.016854036033756663,0.008836024635479306,0.0,0.05450872228718558,0.005541767486795621,0.020672741485117958,-2.720889524373411e-05,-0.007914346378964581,-0.007139231586233201,0.0,0.027174762969341175
2018-10-31,0.01351059002708875,0.0,0.039901999710971366,0.0,0.0,0.0028862661967648437,-0.01936130038171474,-0.0007595747650924242,0.005553787368478845,0.03169123475310383,0.0,0.020171765037849308,0.0,-0.020838579413273894,-0.009813275485799255,0.0006732242314063647,0.0,0.002810943942029848,0.0,0.032072902796572496,0.0030035394904271403,0.006636395699860884,1.0139323156546286e-10,0.013099692097034089,0.0,0.0,0.0,-0.011181442872071954,-0.040356142113365745,0.02285996477218897,0.0,0.0,0.0,0.0018953954655007937,0.0,0.0,0.0,0.0,0.06425880457107107,-0.022494957063887308,0.0,0.0,-0.00036198534904269915,0.0,0.022349574777523803,0.0,0.021397198232824655,0.005591017343981844,0.008274371183362342,-0.01934998635231895,-0.007648151122490751,-0.01771716748429663,-0.008926419548301144,-0.015485293762847336,-0.0068731176262848345,-0.04541829330358469,0.0,0.0,-0.010277981059309568,-0.0030389261466649223,-0.018394317225913708,-0.08107564302837651,-0.024603506717846817,-0.036903435996060635,-0.006546185691090546,-0.027774175089734284,0.0,-0.01678963457515387,-0.0063490586978209185,0.0,0.0,0.0,0.0038036724180423327,0.0,0.0,0.009253291837609433,0.0,-0.0046204069312956765,-0.007268341121559381,0.01568347502213262,0.008895608028525778,0.0,0.0,0.0,0.010358604176974416,0.0,0.0,-0.0022985597087526615,0.0,0.0,0.04087917345825375,0.03052185978309521,0.026183708946306606,-1.522345744926119e-10,0.0,-0.007474141213813567,0.0075962330504222055,0.02818570547920312
2018-11-30,0.0057542454724709416,0.0,0.0,0.0,0.0,0.0,-0.01748484100883509,0.01378062130250482,0.0,0.0070316378456566145,0.0,0.0,0.0,-0.013809592630045327,-0.018194732996911597,0.0,0.008342697945606263,0.06143915291440866,0.004455914846503422,0.011996795842323047,0.0,0.01159322785239589,0.0,0.007326507524165317,-0.01965322773480991,0.0,0.00548137663694006,-0.07697783380153576,-0.09185185660437932,0.0,-0.00024194260758996278,0.0,-0.043607871927937365,0.0,-0.0017249773233809235,0.0,-0.03952580285022904,-0.012955376474305481,0.010427191603644885,-0.010487330499804902,0.0,0.0,-0.026967178312863157,0.0,0.0,0.0,0.0016573928818182193,0.026298203543846738,0.0,0.008282653568647692,-0.016899629470545942,0.013026370458097989,0.0,0.0010946883163243833,0.011079156130797158,-0.0025342282567172732,0.04488658195946412,0.04281329527666495,0.015550346828955163,0.0,2.2603018016380432e-10,-0.002354545489350982,-0.006293470101398778,-0.006683332814732298,0.007569536464338757,-0.012547030920402526,0.052616963336046325,-1.4883782018060174e-10,-0.002088855267028584,0.0,0.014752426090023142,0.004676467314521857,0.040892797980987536,-0.007290800655307827,-0.0015738103017868565,0.01535373306719033,0.0,-0.0016828616613228575,-0.022202032715502758,0.0,0.0,0.0,0.0,0.0321784587981646,0.0,-0.006928064033876476,0.0,-0.01008555703184479,-0.0036306745752312923,0.0,0.003576989279551585,0.0,0.0,-0.005246049537528357,0.0,-0.018476492245956787,0.01606456869190933,0.0
2018-12-31,0.001458678526913917,0.010099916766904292,0.0,0.0,0.0,0.0,-0.030935642947967055,0.03514949054119712,0.0,0.0,-0.00731662753516684,-0.0040981993164086895,-0.008309819118681512,-0.015287242065043205,-0.005857121546375501,0.0,0.0,0.024664845353128195,0.0,0.0,0.0,0.0,0.0,0.0,0.0013761521199314878,0.0,0.0,0.014540067592678188,0.016069023271253646,0.0,-0.007313551718529845,-0.004737012954863501,0.0,0.0032456824810645065,-0.015129733866319127,-0.019308957570536106,-0.05921200138775093,-0.038181195812317645,0.009206046797698663,-0.018657939092257422,-0.00574940939278468,-0.005527004223666876,-0.06223278910524557,-0.0067220992775249115,0.0,-1.0589517382314399e-10,0.0,0.0,-0.0056156532320561555,0.03852924417517372,-0.011802021596688236,0.028936407588546906,-0.0032787318591966873,0.032089359507902225,0.0,0.01340424344769366,0.10266075238718633,0.004563771230604359,0.05035605134437688,-0.002783327430410305,0.007135020864849419,-0.0006072334052895082,0.0,-0.026036361524426302,0.0,-0.026992905231869795,0.010926268391941068,0.0,-0.01598704636759839,0.0,0.0,0.0,0.0038318943666502477,-0.07301986413393978,0.0,0.0,0.001108382076617306,-0.01440286779871882,1.2621055111112108e-10,0.0,0.0,-0.0027795186993973637,0.0,0.00912265578508763,0.0051537992257418026,0.003098229711040041,0.0,0.00023361674094101443,0.0,0.005291432406678601,0.02567057828005927,0.0,-0.002118121683074058,0.0,0.004415230525152373,0.018624983574156297,0.019038174792620384,0.0
2019-01-31,0.0,0.003127631871624417,-0.004147566061777963,0.0,0.0,0.0,-0.042299355960304645,0.0,-0.00031324440956823876,-0.004390676226759573,-0.0038075383281632688,-0.020255649088807462,-0.0023972078403162156,0.0,0.0,0.0,0.0,0.0,0.0,-0.02631323493547841,0.0,-0.11494493350813062,-0.0025521977234181825,-0.05221693998706046,0.0,0.0,-0.0009036820739502523,1.41316260659989e-10,0.005711304543076092,0.0016523070648841122,-0.0018846972073059529,-0.0016347520391738024,0.0,0.0,0.0,-0.006904172829194461,-0.07112515979661467,0.0,0.011025969871507611,-0.01162334589040843,-0.0098161552467075,0.0,-0.011471688736233084,-0.01880315845640359,0.0,-0.00042013711258468756,-0.0012219539399022728,-2.2810765165999386e-11,-0.006836194324878845,0.07334531879515613,-0.0014917390611374347,0.03126729635709202,0.02145685155140131,0.03811297650809128,0.02009129759689878,0.03523693052723218,0.04783690637152472,0.003625866282126051,0.0838770335650006,0.0,0.026230542194990134,0.005252546725819784,0.0026831810455840684,0.0,0.010230426492706762,0.0020692180680935103,0.0058693687371344705,0.0,-0.01477948471178853,0.011361796631353723,0.000584725102353528,0.0131190211184615,0.0,-0.007689703444392861,0.0008641196732650227,-0.030950062204628172,0.0,-0.028565720486978467,0.0,0.0,0.0,0.0,0.0,0.0,0.01592420118090888,0.005385031989893788,0.0,0.0,0.0,0.0,0.001149660104417252,-0.00023964834512120255,0.0,0.0,0.0016356284586899951,0.006291405125533075,0.014981436303863033,0.0
2019-02-28,-0.021094858976907053,-0.011088312693601488,0.0,-0.005637893576094207,-0.009146943949599943,-0.013474162685695072,0.0,0.0,-0.004609668600037122,-0.017212404065883088,-0.013203598527059554,-0.023491220881031994,0.0,0.0008078443615377425,0.0,0.0,-0.008068946956774521,0.0,1.244805449823613e-10,-3.4338967895440665e-10,0.0,0.0,0.0,-0.006189370897190059,0.0,0.0,0.0,0.0,0.005419215246697537,0.005297955107007698,0.0,0.0005766670257409557,0.0,0.0,0.0006087381559745048,0.0,0.0,-0.020493279261835102,0.007918309435534935,0.0,0.0,0.0,-0.012052907787294372,0.0,-0.010773687966181772,-0.01583152438501931,-0.01600110111046184,-0.032174811468477116,-0.0014539701199203065,0.008277138099063901,0.0031530898229585806,0.03139670052821176,0.022088388351268813,0.02623032735106105,0.01481381278875862,0.026055144441856054,0.04415213703091411,0.012614711544074635,0.09088530676160038,0.014011566594688179,0.03142939831046022,0.007937073964167209,0.011585209790035076,0.013222668895918424,0.011392916310207122,0.012555713913892355,0.01950899035573322,-0.0021870566692726236,0.0,0.025933173101882208,0.016265674963424136,0.024457513341784348,-0.10915421305974278,-0.012686641863056083,0.0,0.0,0.0,0.0,0.0,0.0,0.0,0.0,0.0,0.0013068026100312281,0.010097811671034466,-0.027721394660247405,0.0,-0.020544897724331483,-0.01564808250618238,-0.007410304047538546,-0.015629380637748963,0.0,0.0,0.0,-0.018642479682635417,-0.020281960800319073,0.0,-0.00809492409647162
2019-03-31,0.0,0.0,0.0,-0.00730407879958683,-0.000569759048120328,0.0,0.0030684263312142006,0.0,0.0,-0.041645921766281804,-0.0027353732720643595,-0.02117602245059045,0.0005785852691946482,0.01224974298660986,0.0009525334131178715,0.018184625021514283,-0.008430496285732779,0.0,-0.014730304338975769,0.0,0.003957451028177121,0.005619958580860886,0.002629640854431668,0.0,0.0,0.004597038474842948,0.0,0.002159782867277681,0.004595072740607089,0.0,0.0,0.0,0.0,0.0,-0.001114933005554989,-0.00796545124110299,0.0,-0.021657204472168397,0.002064438020227009,0.0,0.0,0.013926721283559327,-0.0068901611124056175,0.0,-0.00033189101111907724,0.0,0.0,-0.006369621906470551,0.0,-0.03256069621948213,0.0,-0.004710477085773643,0.0,0.0,-0.011317229349007097,-0.015519469712922137,0.0,0.011865438949923203,0.0027783470864829927,0.04385240030750323,0.12248446853103043,-0.04469337795763843,-0.019300932124501347,-0.006544045814195557,1.5952243473143257e-10,-0.015921961989015593,0.1277831215208867,0.0033926822010161674,0.006326394189381455,-0.011576310741342497,0.020226901785014913,0.03622388893387805,-0.07559972108899135,-2.97999328822821e-10,0.0,0.0007821271930596954,0.0,0.0,0.005049638877511197,0.0,0.0,0.0,0.0,0.019948203509034746,0.01631597631939699,-0.02180252606638388,0.0,-0.01155467549332645,0.0,0.004310019332706727,-0.008907519469982047,0.002803710056085181,-0.04725144400627595,0.0,0.001272664175931312,0.0,-0.013491260607781589,-0.018327133265207116
2019-04-30,0.018017310010447565,0.04345439773355342,0.0,-0.004441992298277466,0.0,0.0,0.018953444468809862,0.0,0.0,-0.030224290342094378,0.0,0.0,0.0,0.0,0.0,0.0,-0.003676558594242436,0.0,-0.015317149305056232,0.007447273995894788,8.380850727521301e-11,0.013232454271419353,0.0,-0.006795388518774891,0.0,0.0019962624890963545,0.0,0.0,0.0,0.0,0.0028387733106430136,0.0,-0.005024924982418639,0.0005866827474641159,0.0,-0.018774860736030245,0.0,-0.027944543596070945,0.0,0.0,-0.006756877748470461,0.031046804928911705,-0.016631807397213098,0.0,0.0,0.014268696286917858,0.0,0.0037595275039465957,0.0,0.003415431397211481,-0.020241916822001386,0.0,0.024475473623755396,-0.004742625413859462,0.03121354795635127,0.0,-0.013578503317930542,-0.004255388817890602,-0.01175384049788445,0.002831049214435069,0.00841168178214404,-0.04008107908691624,-0.024621295154011746,-0.030976465333267384,0.001060853696147723,-0.03512999756573131,0.0007705699872039044,0.003572281802267921,0.11395696104298893,-0.0053615096399117134,0.007691549416998808,0.011500468685567334,0.0,-0.00996011805618042,0.0,-2.874302218031587e-10,-0.0024780831283706685,0.0,0.004748882651897334,0.0,-0.002960683786077452,-0.02310018340727932,0.0,0.024792231437672035,0.02861394780462896,-0.006702413653831677,0.0,-0.011373362067849174,0.0,0.006057222820589822,-0.030475906933763685,0.0,-0.08006531518244073,0.0,0.03081548653964588,0.04039739861386794,-0.006552918328723084,7.333369571298414e-05
2019-05-31,0.0,0.0,-0.012405920833375581,0.0,-0.006197011169414879,0.0009036204220061082,0.014685704309928872,0.003921929708415835,0.0,0.0,0.004663167105032687,0.0031054665378104115,-0.0008290582187516199,0.002407322678589712,0.0,0.0,0.006013753739211352,-0.0021965864815377415,0.0,0.0,0.020798832904502896,1.3538322901773638e-10,0.0,0.0,0.004330223315279277,0.011481245584955611,0.004229148487023595,0.031614933579461685,0.0,0.0,0.0,0.009296159186861731,-0.008406904503063225,0.0,0.00899719210262177,0.0,-0.0042512200767199386,-0.012562762747088644,0.004626998994019534,-0.011501993188536655,-0.057440870018326894,0.0,-0.026646699838776718,0.017551892481097897,0.016143190764296225,0.0,-0.003799760215173392,0.0,0.014919755582763358,-8.284176418099941e-11,-0.031227439347627384,0.0,0.0,-0.011131245431495693,0.0,-0.0005090313474928468,-0.022769724583893005,-0.010955489392084669,-0.006436324797596451,0.0,0.0,-0.0013695466190945548,-0.022246499388311622,-0.047822272623211606,-0.0021387812427640755,-0.08435463754468513,0.0,0.0,0.0006162332384430967,0.0,0.014217689225620276,0.0,0.0,-0.0253240902710791,0.0,-0.004835451176633584,-0.03821494533136682,-0.013409460531937837,0.0,0.0011867533506200265,-0.007795185066154837,0.0,0.0,0.013664656502782093,0.0791466162457496,0.010373845736378973,0.0,0.003703098443999868,0.0,0.0,-0.020195898851976802,0.0,0.0,0.008176260518431268,0.07274920938958794,0.10767523197488359,-0.0030251890789868663,0.008799867754241478
2019-06-30,0.0,0.0,-0.0485920742011246,0.0,-0.018316807852940233,0.004447313463495712,0.0,1.5505927856378032e-10,-0.0019732254222288347,0.005512186446678421,0.0,0.0,-0.005831259865074171,0.009513075717827835,0.0,0.007010673568390925,0.008655199347158724,-0.014679660587120611,0.025646968395503896,-0.0033141188628259067,0.01477715985148637,0.0,-0.0008152820325554726,0.0,0.0,0.01894336243447404,0.0,0.062182295095958504,0.03642531473412696,0.0,0.0,0.0020419545535064624,-0.041114786351571134,0.0,0.0,0.0,-0.003757059318065593,-0.009856296093724301,0.005142983933867891,-0.004719163979869453,-0.007683673682891769,-0.007979716574837377,-0.007477262277183846,0.0,0.0,0.0,-0.01871420018459747,-0.004748246395748753,0.0,0.0043025231182959355,0.021322478658380214,0.01401299241685377,0.0015815628815870804,0.019689647788496103,0.0,4.2449669210798965e-05,0.014355746200562855,0.0,0.03365560699617475,0.004247761900329134,0.0,-0.012220066114486224,-0.01001640055070658,-0.07266329558235417,-0.013130377968999506,-0.07242715930351339,0.0,-0.006887886291887523,0.0,0.0,0.008238925718736594,0.0,0.0,-0.01617008558923016,-0.002713380323015089,-1.6954126663024908e-10,-0.008956442615014205,-0.03046519270380675,0.0,0.0,-0.016343762552125992,0.0,0.0,0.06288198899784543,0.03442080421323272,0.0,0.0,0.0,0.008094403476629715,0.0,-0.02359770647231613,0.0,0.01118461516066468,0.0,0.03434032890128388,0.021867054864144978,-0.01483541008064349,0.005462621340036353
2019-07-31,0.0,0.0025545614005859922,-0.004073732965254096,0.0,-0.027457176828008825,0.0,-0.005921504241084637,-0.06787769281219141,-0.00983000391621378,-0.023313953813466532,0.0,-0.004793031486258165,-0.047680345898007875,-0.015346926032844738,-0.014526521145672105,-0.006642826721070677,-0.005367373730319097,0.0,0.032502503490548125,0.0,0.010952158901139986,-0.011086582613617403,0.0,-0.020257484549787028,0.0,0.02447282399740128,0.0,0.02419614837588557,-0.0003218377471492272,0.006101140586443409,-0.017118564765641546,0.0,0.0,0.005272392955126866,0.0,0.0,0.0,0.0,0.012919286903098374,0.0,-0.020713259158709,0.0,-0.018405729864102483,0.0,-0.018899764784341827,-0.015964397904536666,0.0,-0.05367104069269194,-0.006085825892618447,0.01903445808121524,0.020572705287201704,0.025290729812134267,0.012866037936497416,0.028632342700666953,0.017934718104288584,0.018003886379110254,0.02771929592333403,0.017746403191859373,0.05125314356206444,0.020451919510785597,-0.03128939712350334,0.0,0.0,0.0006002663217971497,0.01484624503168186,-0.0041569080504621075,0.017472161280305747,0.0,0.0,0.0,0.010818430548236231,0.01044300074421887,0.006371546252358149,-0.01089028364829199,-0.006402985166470566,0.0,0.0,0.0,0.0,0.0,0.0,-0.005430591962964115,0.0,0.024607998217243524,0.01713970783634671,-2.7175933152590526e-10,-0.012280562866287979,0.0,0.0,0.0009784621256292497,0.0,0.0,0.0,0.0,0.018245524393479748,1.4931531186062181e-10,0.0,-0.014193693346673066
2019-08-31,0.0,0.0,-0.005175840671382489,-0.0015087073299411558,0.0,0.0,-1.8067601139996664e-10,-0.06984862395436779,-0.013500932288793534,-0.04726764002877254,-0.0013804988406165288,-0.016194247176831836,-0.029238254550009543,-0.02515732941045487,-0.027075324892672153,0.0,0.0,0.0,0.0,0.0,-0.0008167725911986918,-0.017813234360075758,-0.004500446466950737,-0.02265017583703052,-0.01712574683820125,0.008885414904668763,0.001925104931353118,0.0,-0.04648865028042596,0.0,0.0,0.01670604229393038,-0.018074600970290174,0.0,0.0,0.0,0.008459296822289583,0.0031987110678766352,0.03113653828900682,0.0,0.0,0.003369556186123413,0.0,0.00630973234375771,-0.004907887366454912,0.0,0.0,-0.03304935103310407,0.0,0.0,-0.006276888869561369,0.020921186816650846,0.06657242507345756,0.034146470192678496,0.046967282581228335,0.02359565581046323,0.00348290947038178,0.02750192404449642,0.0,0.037074799161452995,8.008993102266697e-05,0.015322354536380542,0.0,0.006651528259417814,0.04047655634051888,0.011166984682060826,0.017764892149427915,0.0,-0.0001564122763162126,-0.006582071537423329,-0.011119971170313448,0.0,0.0,-0.0006967810682490686,0.0,1.8445204280204549e-10,0.0,0.0,0.00855626994494692,0.0,-0.006161788318500628,-0.0033743843157522076,0.0,0.0,0.010003668680199732,0.0,-0.00199168487770198,0.0,0.002913065280841615,0.008796456525079302,0.0,0.0,0.00934266543522661,0.0,0.010594077450386602,0.018078340610222413,-0.022914916257930365,-0.03895083624000092
2019-09-30,0.0,0.0,-0.01269849028682222,-0.0021683038416355346,-0.00028868768402765373,0.0,-0.0024257981608964674,-0.10582539398756405,-0.010490900763194482,-0.059843307257857706,0.0,-0.01635711008281457,-0.035058602008513684,-0.03704523860736656,0.0,0.0,-0.006803330476339844,-0.0030651995128755873,-0.004225049493275198,0.0,-0.009366600033884113,-0.02319858685831324,0.0,-0.014228086780831786,-0.006511194788061589,0.0,0.008990505484055791,0.0072504996383991145,0.0,-0.003424694904951726,0.0,0.00031292076881150107,-0.006884137183895839,0.0,0.0,0.0,0.004173685872853468,0.0,0.002682937275852003,0.0,0.0,0.0,0.0,0.0,-0.010373112684899263,-0.00171880585372568,0.0,-0.06677201380087519,0.0,0.0021035534002812172,0.00726737223951061,0.013998965219357538,0.05286391557632815,0.017233667518235664,0.07093354693171687,0.016542279600157958,0.007817129692077134,0.01744545555686869,0.004009359265434463,0.010654843198420675,0.02127816698503419,0.1262211191160401,0.0,0.006648801372096766,0.030243741098929144,0.021996830418010035,0.011370575569629655,0.0,0.0,-0.00711675016070536,-0.009419018192451408,-2.378272462634577e-10,-0.006281450942294293,-0.005087168588515658,0.0,0.0,0.0,0.0,0.002659204033970425,0.0009723980020975244,0.0,0.0,0.0,0.0,0.0,0.0,-0.004876825783450759,0.0,0.005532189212428752,0.0036542116007237473,0.0,0.0,0.002614457576528142,6.114329772810806e-11,0.003921952710951902,0.01860571500405554,-0.01086674817085176,-0.01757939287128154
2019-10-31,0.0,-0.00811930359466667,0.0,-0.02140679422606289,-0.004751708064065633,-0.1127864947803481,0.0,0.0,0.0015291264277919748,-0.03982346289659166,0.0,-0.007130241971322118,0.0,0.0070693555988323095,0.018194042348938212,0.0006066799429624388,0.0,0.0,-0.012629674460426803,0.0,0.0,0.0,0.0020111411118305866,0.009201446927613073,0.0,0.0,0.12634209273790856,0.034861205835377794,0.014223460408744329,0.0,-0.02405715306762215,-0.0009172958096239632,0.0,-0.03539162276389367,0.0,0.005348187092345346,0.0,0.006087272897100575,0.0,-0.0022208369442388706,-0.013296913292211198,0.0,-0.0014460487912315782,-0.012679004690011689,-0.006037588385161203,-0.016961602653520796,-0.018833038334306725,0.0,-0.00728837295643448,0.0056333405408258335,0.0,1.5908571267070712e-10,0.0,0.006239190799425359,0.006860005466142175,0.011943528255773004,0.0015092557383172825,0.004244193211488658,0.0,0.0,-0.002030149890118262,8.967931869008069e-05,-0.011354418459257838,0.002040227636036264,0.0,0.0,0.014228316074661644,-0.007832448679760694,0.0,-0.047026372347781856,0.0,-0.002793300944337422,-0.005443930856867388,0.0,0.0,-0.030386581091266598,0.0,0.0,0.0,0.02807685815099773,-1.905234635045453e-10,-0.013307702635301979,0.0,0.0050038219396989735,-0.021367801810942527,0.0,0.0,0.007510531000185919,0.039581415626313725,0.01165335743003953,-0.0011438543871705236,-0.011536281024931233,0.0,0.029164526639894033,0.043587525880954596,0.05506916444082678,0.0020910503611975073,0.0
2019-11-30,0.0,-0.002235305356526711,0.00012379646470947987,-0.004928187149904443,-0.0011680728766346733,-0.05650083881919461,-0.0006805860451723398,0.0059768391321217956,0.0,-0.026868592025190263,-0.0056792892005411155,-0.002579644291532314,-0.007656480133547173,0.0003295063524866993,0.0,0.0,0.0,0.015775632699031317,0.0,0.01103879686795859,0.0,0.0,0.012835033557708033,0.006702247572977344,-0.003074429265927769,0.0,-0.00010047344557749797,0.0,0.07516510644124641,0.0,-0.2,-0.013866596327169411,-0.013487678438754445,-0.028208198197232803,0.02075325958245272,0.015566567109022511,0.022045410412478747,0.012992681258468308,0.008624416647973223,0.0,0.0,0.0,0.00491263509917204,-0.022117354739103784,0.0,0.0,-0.00695912407591268,-0.009491589142246164,0.0,0.0,-0.01144828554988553,0.0,0.0,0.0,-0.005645660364103281,0.0,0.0,0.0,0.0,-0.013699724263968328,-0.007382870261348198,-9.855205548112906e-11,0.013067550731557699,0.0,0.0,-0.008006808488257683,0.013347068283460214,8.704727625469743e-05,0.00949419823898855,-0.004644642715310493,0.0,0.0,1.4411751237477424e-10,0.004798869204200282,0.0,-0.0014494036261884535,0.0087619427667208,0.005937495062789062,0.01985914819563499,0.0,0.00353952179745218,0.0,0.0,0.029459194924047662,-0.02790241481864744,-0.00029134997038073306,0.014021906516098118,0.010992400957886611,0.01516500454150365,0.03287708606550469,0.0,-0.006272091420658096,-0.007654308892531512,0.105749636095976,0.0,0.0,0.0,0.0
2019-12-31,0.0,0.0,7.598924167840336e-11,-0.002467303194922083,-0.011705290896301042,-0.04029831182216046,0.0,-0.0015586552957160852,-0.0007523861797817672,-0.02196682391471172,-0.005770322044406651,-0.010133527950908721,-0.007091759136350914,0.0,0.0,0.0,0.0,0.0,0.0011986056791012578,0.006751601226055187,0.0,0.0,0.0,0.0,-0.002775478928132702,-0.009999855676929239,0.0,-8.606272322978966e-11,0.06475081057343207,-0.0023049497855877525,-0.2,-0.006219844601380579,-0.021094803914846468,-0.023954248486727746,0.005132254675321629,0.0,0.005691964335364242,0.0,0.0,0.0,0.012864557341666197,0.0,0.006715135555372253,-0.015926766009728397,0.0,0.0,-0.013855252357567351,-0.011245830381536157,0.0035851544704788665,0.0,-0.0417794484512202,0.0,0.0,0.002285641114534545,-0.002577458608184216,-0.0004390019804183019,0.0,0.0,0.0,0.0,0.0,0.004568023935832203,0.011739648324761452,0.009486251650143185,0.0012722343034483597,0.0,0.007742397180625131,0.014055190344428068,0.03709409496588891,-0.009755981164322788,0.007135819976837591,0.00315740233303995,0.000854147177305364,0.0,0.0,0.0025668290318930716,0.1245018971581022,0.011652040226788243,0.010700767317668261,0.0,0.01936417647225576,0.011286542687473049,0.0,0.04956769716409974,0.0,-0.006449751528054604,0.026068002270267537,0.0,0.0,0.02841488631913689,-0.0013630074661042308,-0.013664817703533493,-0.0025543954582896104,0.009796226112689457,-0.0026468957483142524,0.0,0.0,-0.009647831227799714
2020-01-31,0.0,0.0,0.008504829635256065,0.0,-0.0035067786172891195,-0.001230125891596855,0.0,-0.01937205033552159,0.0,0.0,0.0,0.0,0.0,0.00633068193733804,0.0,0.0,0.0,-0.012758828845812663,0.002941328762951327,0.0020533052058940493,0.0,0.0021333599984127067,0.0,0.0,0.0,0.0,0.0,0.0,0.07584307690192275,-0.01887613349818439,-1.7765373910513525e-10,0.0,-0.012679667725754186,-0.007728888784773912,-0.01601324471734763,-0.0290480593593475,-0.018238884561720216,-0.042373420860052156,-0.0301241010208032,0.007034351509475185,0.015920425014232024,0.0,0.0,-0.0004247501988106242,0.00247623674389258,0.0064101892891311905,0.0,0.0,0.006925731638565973,0.0,-0.1447509580854623,-0.009718607007408678,0.0,0.006383310841360115,0.0,-0.014556388722491641,-0.009687327512760004,-0.0064027391818562715,-0.005277319136982782,0.0,-0.012237018591263964,0.03130083000002794,0.010537565162582876,0.08276841988743955,0.0,0.003966235121090966,0.0,0.025412590787303718,0.033151383545323806,0.0,0.011463708948403812,0.010495204927126994,9.050106773019171e-11,0.0,0.0,0.01571346187645854,0.00035129302900176824,0.004603447493342337,-0.002988056026325143,-0.006898992903488943,-0.013643616399796287,0.006484153329390918,0.0,0.06700636741717339,0.0,-0.020932189964985085,0.020628269019373674,0.011899827687412462,-0.0008093884020053025,0.019564409018799852,0.0,-0.003908482144737421,0.0,0.0016960051808143088,-0.005851218759740369,0.0,-0.009778402265806979,-0.02018436030022117
2020-02-29,-0.010195971744350562,-0.008667160235261514,0.0,0.00028569628407403453,0.005600439140112766,0.0,0.0,0.0,0.044198707259344175,0.0,1.1549922618723797e-10,0.0,-0.00022327406981144236,0.0,0.0,0.0,0.0,0.0,0.0,0.002341512289412743,-0.011431524655965848,-0.012028451335293813,-0.0003107699417558564,0.0,-2.498722410988292e-10,0.014766318875368592,0.022264072223610706,0.04191502991706903,0.04190696983618595,-0.008614241709786993,0.009223474382149396,0.0,0.0002289956657760528,0.0,-0.03918892913425524,-0.0379227034558809,-0.036028277489706086,-0.04654018833830325,0.0,0.0,0.001709795930456742,0.0,0.0,0.0,0.00016415925718832027,0.0,0.0,0.005405621947487848,0.0,0.02206840420971336,-0.04986784347554504,0.011957630824434322,0.012789242249639074,0.0404036314715756,0.0,0.01583946108032461,0.002691955715665315,0.003970371947323101,0.009853724193969265,0.11359286725860261,0.012715313881592086,0.01491917352608348,0.00873907302036621,0.0,0.0,0.013129225712408533,0.024216455471036742,0.0,0.0,-0.004821758306504306,0.0,0.0,0.0,-0.017549835242209613,-0.0052239530940483316,-0.001968585245781854,-0.016566815374902864,-0.004301648800428316,-0.0007369420755978458,-0.025723290948355782,-0.02710830604860138,-0.0036262750131218313,0.0,0.0,0.0008695913037211993,-0.02870003121055617,-0.00950473285695309,-0.014169133153465697,-0.024844674056507934,0.0,0.0022330850098088695,-0.014919408212920383,-0.011213132060925581,0.0,0.0,0.0,-0.028002142463330302,0.0
2020-03-31,-0.01919319198903735,-0.018014007828778246,0.0,0.0,0.0,0.0,0.0,0.0,0.03173650341589549,0.0058728205119392834,0.0,0.0010233200143231545,0.0,0.0008476304231885961,0.0,0.0,-2.830921893726767e-10,0.0,0.0,0.005038630184715221,-0.01988902053574948,-0.013276570677189485,-0.007061310893860106,0.0,-0.0009503412224567995,0.007042035822490111,0.0020733223764648773,0.02642409177218704,0.014810577432721456,-0.005537252245571346,0.0013592132680067418,0.0,0.0,-0.0019442200105178969,-0.030632168432741896,-0.04063182208549107,-0.051067674661301514,-0.026083997714464294,0.0,0.0,0.0,0.0,0.0,0.0,0.001270555206243883,0.0,0.0,0.006069049267701933,0.00623805578075017,0.04609080152230608,0.05771455184851613,0.0,0.01627331417936598,0.05019499661864597,-0.0016712767891795255,0.06594756159594113,2.7748408365864217e-10,0.021315629980896568,0.018973796890753597,0.024294111824104885,0.006978696354012469,0.012076379496180433,0.014231314507720002,0.0,0.0,0.004504361778817319,0.016276413994138483,0.0,0.0,-0.0031648843128470167,0.0,0.0,0.0,0.0,0.006909610043833256,-0.01277430370753871,-0.030773514200833126,-0.02492598550054468,-0.010707642076739776,-0.03794124157884234,-0.006537366820902682,0.0,0.0,0.0,0.0004643185021893691,-0.03604859446723436,-0.018551985587043057,-0.010927066658987203,-0.0390934524029794,0.0,0.0,-0.012642197962065983,-0.01034067300038755,-0.001487463110014576,0.0,-0.0029836127762998686,0.027948335108466303,-0.005147160467308526
2020-04-30,-0.0044643394365749215,-0.004855412264178531,0.0,0.0,0.004676429085580959,0.0,0.0,0.07259007151163727,0.014687674518399158,0.0,0.0,0.0,0.0,0.0,0.00035728335196339204,0.003089126225560728,0.0034272726051713573,0.0,0.0,0.007550393071176808,-0.010972648941697503,0.0,-0.16245447484474354,-0.00427421433824894,-3.604906101563603e-11,0.0014521124408309325,0.010328082153198546,0.007114639287353824,0.005130714033797636,0.0,0.008570174684334617,0.0,0.0,0.0013407252080944103,-0.002023001592972754,0.0,-0.010451734719441953,-0.006020520765904637,0.006473562514489208,0.0,0.0,-0.005389157389015541,0.0,0.0,0.005948489142921759,-0.00018195965594723821,0.0,-0.001477091077185877,2.073929560462719e-10,0.0577799497404128,0.11161889770588185,0.0,-0.004847468162985915,0.02415052042949894,-0.0023452045179729354,0.019650766209713698,0.0,0.013391602026365993,0.0,0.006188127492220204,0.0003943620976011612,0.0,0.0,-0.02707254233845898,-0.020012735875918668,0.0,0.0036434524939135365,0.0,-0.021511947685138488,-0.05515365280784625,0.021983555559115953,-0.007821936704233076,-0.02466716725536196,0.009289567444154342,0.02504828569516085,-0.0043686432011244575,-0.02969492050178203,-0.036123377526546895,-0.0036524228306874327,0.0,0.009224366648637614,0.0043893480465128434,0.0,-0.009826005291478106,0.0,-0.0300201842343252,-0.001605379663197658,0.0,-0.002934054186637875,0.0,0.0,-0.0013441453189379322,0.0,0.0,0.0,-0.004433656835405698,0.04051044836890665,0.0
2020-05-31,0.0,0.0001943540648588366,0.0,0.0,-0.0018560272417659225,0.0,0.0,0.0733920456078456,0.0,0.0,0.0,0.0,0.0,-0.0030250110255900606,-0.010391953819687657,0.0,0.0,-0.006132662701774781,-0.03876987306163778,-0.0057663979973515585,-0.05551100742307653,-0.038769143720266776,-0.09746057948248493,0.0,0.003917861526517933,-0.0072494243293608545,-0.004074607244927222,-0.006565454652152577,-0.011534972909635581,0.0,0.0,0.0,0.0,0.0,0.0,0.0,1.9463497687056945e-10,0.00021360629553558654,0.0,-0.00468566944158295,0.0,0.0,-0.0008282477300073562,-0.002121384093794046,-0.006837716833296325,0.0,0.0,0.000971412744404633,-0.03945351622589603,0.03779919536186636,0.1305131612620125,0.013027284229624729,0.02884736534308556,0.021290469036989886,0.018630116535003027,0.014818683929569466,0.025510986194773867,0.0037104344641851724,0.013666992154003766,0.019435098976756524,0.012170501387387142,0.0047766322203910494,0.0011354391162278598,0.0019621216657418564,0.005803801851733915,0.0023444896870589353,0.0,0.0,0.0,0.0,0.009250030927213819,0.0,-0.023335359958850267,-0.0027638579811160384,-2.385410690055821e-10,-0.0051378426246963625,0.002317088337428556,0.0,-0.013600683534868659,-0.01137073300052445,-0.03214212411467768,-0.001546775369198473,0.0,0.0,0.006640756041418884,0.007038078197776616,0.0,0.0,0.0,0.00012703193188618722,-0.016634081557751066,-0.005306923270994698,-0.024111388799929714,0.0,0.0,-0.023016579614562643,0.014811384051439202,0.0256835766626275
2020-06-30,-4.120672371671211e-05,0.0,0.0,0.0,-0.0244589959051923,0.0,-0.0037502916694904373,-0.0018659377338999283,0.0,0.0,0.005791200640230611,-0.020263621611992647,0.009549941298174274,0.0,-0.02172023186195699,0.0006989170098487486,-0.0024587633266972835,-3.54540110135543e-10,-0.013530087065960594,-0.01170263890797436,-0.05908633774487891,-0.0398211520822257,-0.028849886603221214,0.0,0.0,-0.005072354219871618,0.0,-0.026282571549949698,-0.0033191618674542015,-0.0014335417789279698,0.0,0.0,0.0,0.0,0.0,0.0,3.344105799435666e-10,0.0,0.0,0.0,0.0,0.005949091492291917,-0.007300136400313841,-0.024179556082242554,-0.004366103603369725,0.0,0.0,0.0,-0.005604731000608625,0.004421284702953321,0.08284047051824403,0.014780211023156829,0.044510336824087705,0.018537072686522188,0.021055350514711774,0.0,0.00772755946775949,0.0,0.006621062624448937,0.002658928719621008,0.01950880032783484,0.03595837626211062,0.02090166689294099,0.03137526781930461,0.02948274112029302,0.036486856526444615,0.0,0.0,0.009429828040315702,0.0,0.021109808459542866,0.012883024413450173,0.0,0.0,0.006074934166567484,0.0,0.0,0.0,0.0,-0.009776614475803701,-0.029972661258972397,-0.02805408492545199,0.0,0.0071180085883711585,0.014136993860437212,0.007712372370677629,0.0,0.0,0.0,0.0046011531098430975,-0.015081245044596861,-0.03161612461099705,-0.014038270030284971,-0.010822344658630932,-0.029503329518060423,-0.0260280173827162,0.017593289347652013,0.00048545083775255256
2020-07-31,-0.011674677480115215,-0.009872953961576834,-0.004060974212869966,0.0,0.0,-0.009020150151345127,-0.012752340217771602,-0.04602147182397168,-0.004590251328262678,-0.010691186960007109,0.0,-0.001326358908038086,0.0,0.0,-0.027972960011306874,0.0,-0.005528903056956259,0.007985493497564217,0.011879458690444218,0.0,-0.009101664148545971,0.0,0.0050591442561572775,0.0014080614498317135,-0.005341399635035381,0.0,0.0,-0.06477701944199957,-4.244801230174609e-10,0.0,-0.015551491563151876,0.0,-0.006381179436398173,-0.005581679647712942,-0.014980917853959866,8.734801022047822e-11,-0.006616573113370395,-0.025034293073015402,-0.011394241212800292,0.0,0.0,0.0,-0.01322311765281203,-0.04349577543435738,0.0,-0.012454061030801983,0.0,-0.015782708886991927,0.00360419043687819,0.0,0.05049488750945075,0.0,0.0,0.0,-0.003097448576079262,0.0,0.0,0.0,0.0,0.0,0.0,0.005982578861947449,0.0,0.0,0.002184769983550903,0.023226919013442343,0.0,0.0073839956423394455,0.061945934475724586,0.025719037716892067,0.012859082321533936,0.027849884469978374,0.012512427788426103,0.024045403760437276,0.046226514842733886,0.023597174594370014,0.0,0.003430524601427465,0.0001303502199598168,0.007854769237468282,0.008908097931320993,-0.011780646426570554,0.0,0.04634593694534387,0.0004042894509410703,0.0,6.64626259775005e-05,0.011238575341841172,0.0,0.004131982653122594,0.053616701037573586,-0.07248863391925867,0.0,0.0,0.0,0.009907350555972803,0.0,-0.01940492041043685
2020-08-31,-0.020695231462622643,-0.019436716829564698,-0.013328605782359062,-0.0074073178686817846,0.0,-0.02919333320761676,-8.9112204899918e-11,-0.0025434459303766647,0.0,-0.12466542053008493,0.0017077606126116068,0.0,0.000791933210290504,0.0,-0.019827063923821903,0.0,0.0,0.02801932596060345,0.0,0.007463332687846586,-0.008818399184696048,-0.010648261196585566,0.0,0.0,-0.005700134951432466,-0.011763143826455406,-0.007813118296026255,0.0,0.0,0.0,-0.023523344176081963,-0.005224747546916599,-0.0015979988642065778,-0.012953741538952077,-0.012990085993355542,0.0,-0.014249090765179464,-0.0628576928513656,-0.001100347422804447,0.0,0.17359566031424414,-0.002138888396886876,-0.024516640616530323,0.0,-0.011481905903744144,0.0,0.00782691947792742,-0.02803432842058242,0.0,0.0046563284475555685,0.02290103475697362,6.386204591373994e-11,0.00329026938288607,0.0,0.0,0.004921296117934519,0.00764537439318827,0.006299919297901974,0.013289225219553256,0.01114998667337943,0.002737327447635083,0.0,0.0,0.0,0.0,0.004692885169856789,0.004775977423587844,0.008764133289094846,0.06654643035120276,0.0,0.00048367971460266,0.000865638170208243,0.006573503288044756,0.043808408325215396,0.0186017991888909,0.0,0.0,0.0,0.0,-0.0031555514288371866,0.0,0.0,0.0,0.014274313138028554,0.000575672103133464,0.0,0.0,0.0,0.0,0.005110455389952322,0.0262100963915124,-0.005284998820841449,0.0,0.002421313992275495,0.0,0.0,-0.005805741126620271,-0.003244703047658739
2020-09-30,-0.030838344824326337,-0.00926332611410641,-0.010748805652597464,-0.02347953641436568,-0.006761945587377056,-0.02514345451562791,-0.0020701120662125925,0.0,0.0,-0.05949931754319031,0.005313146109876912,-0.004285520872800343,0.0,0.0,-0.008659788731445885,0.0,0.0,-0.00030716563185567523,-0.0017467312765038045,0.0,-0.010362889243972032,-0.020812024166905866,0.0,0.0032807531809307903,0.0,-0.031914953173716724,-0.018167813770097303,0.0,0.0,0.002136998032352263,-0.005613784794726937,-0.002874627605570305,0.0,-0.061939740192926654,-0.01626768687552123,-0.004481742222492382,-0.02761057935454935,-0.039171117853525686,0.0,0.0,0.10105220185307418,-0.010751341886096331,-0.0029639595904764667,0.0,-0.038448002537785304,0.0,0.006851478814707127,0.0,0.0,0.0,0.0,0.0016153144531945286,0.0,0.0,0.0,0.0,-7.424793024321073e-11,0.0002576290391518002,0.0,0.0,0.004756258101908155,0.0,0.001357898261473193,0.0,0.0,0.00866855017240972,0.012980242764864551,0.014549174753518078,0.1653114362139338,0.0,0.011058659724340501,0.05042850329436591,0.0,0.025494089413998618,0.03940461593960842,0.0,6.118978399665114e-11,0.0062772846628131596,0.002025873281535268,-0.015162959185912163,-0.008315556764474022,0.004082552636405107,0.0,0.003033834397576805,0.00048826090895524193,0.005409826499920078,0.001738267970537598,0.0,0.0004442235106679309,0.002334522208251755,0.004062227636303507,0.0,0.0010574694415333187,0.01452870666060206,0.0,-0.002337171476593905,0.0,0.0
2020-10-31,-0.017851325162359072,-0.003133589361387173,-0.0022336795716962434,-0.012686412563693322,-0.09215540681555172,-0.007794266588107003,0.0,0.0,-0.001490934275064979,-0.04050815798615695,0.0,-0.014418039486233766,0.0,0.0,-0.0038362496396887377,0.0,-1.114690460107517e-10,-0.005769171050965126,-0.0060051911051220075,-0.0033774707448508147,-0.005385894566674933,-0.016309037529907134,0.0,0.0,0.009163360327898567,-0.016144379199642546,0.0,0.0,0.0,0.0,-0.0014058743707997161,-0.005311629648607358,0.0,-0.04363951722680199,-0.016647575438437284,-0.009737051063510858,-0.019487138066122567,-0.03710007187625241,0.0015122222868635665,0.0,0.0,-0.018698486636529968,-0.0009200496868755093,0.0,-0.062240709938839546,0.0,0.047573213305490226,0.0,-0.002147637420731029,0.0,0.02293728249748237,0.00030066349754399006,0.0,0.0,0.0,0.0,-0.003244399169503706,0.0,0.0,0.0,0.0012952326862124448,0.0,0.0,0.0,0.0,0.0,1.194885948480023e-10,0.024300198737236205,0.0056263985423604425,0.03680072152317823,0.0032064405865414,0.0,0.0,0.0,0.0,0.01569580128184756,0.02012197332606184,0.01238670781979574,0.01045819770138246,-0.030320653698417428,0.0003868719109980231,0.03907776040857085,0.019287937555334762,0.0,0.005461060134803016,0.01847042473475549,0.03529875181213581,0.025113470345836456,0.02597331565015928,0.0008771306087981602,0.02333901368735386,0.0447232781696644,0.0,0.0020147252208523093,0.029347894121358534,0.017031364099976198,0.0,0.002218587300019221
2020-11-30,-0.012600330911314045,0.0,-0.009261313202350487,-0.0015239652530997703,-0.028010921208517583,-0.012180223886814385,0.0,0.0,-0.00470210370405654,0.0,0.0,-0.012894938019303444,0.0009515636337217775,0.0,-0.0006212169726563752,-0.0009947781969579018,0.0,-0.038391762544308136,-0.00791289880154016,-0.013574879340291088,0.0,-0.025473074428995397,0.0,0.0,0.0,0.0,0.014762155532073587,-0.0028412145817026157,-0.003711335867466269,0.0,0.0,0.004262206366046864,0.0030484939813581555,0.00046439761688009536,-0.02688707791707709,0.0,-0.04583276047809443,-0.024182664753941752,0.002355369845997722,0.0,0.0,0.010398918874318843,0.0,-0.025055345709705558,0.0,-0.005314619338946531,0.008943399114527247,0.0,0.0,-0.008129750556317384,0.018254767868313197,0.0,-0.026237523000098656,-0.018430503550970624,0.0,-0.0002868335131151533,-0.12350423028259326,-0.0033284320985697935,-0.00922421077495551,0.0,0.0,-1.4373734300552415e-10,0.0,0.0,0.0,9.077222317882624e-11,0.004933940667456523,0.017154728430127313,0.014471153251635093,0.01685516264242026,0.0,0.0,0.007978493963808932,0.0017344279806130011,0.0,0.02073084140198383,0.019102887730549988,0.017984689687020796,0.013711660756166734,-0.007067139750373847,0.02520777343006039,0.019552771547286144,0.0,-0.0018239512121289196,0.0,0.014964011045996664,0.008402571369751918,0.014562580969337527,0.10125404642746579,0.0,0.008202778236932563,0.029598912768704595,0.0,0.0,0.04309062818492176,0.037064666583750495,0.0,0.0
2020-12-31,0.0,0.0,0.0,0.0,0.0,0.0,0.0,-0.003782639040509045,0.0,0.0052310406573090745,0.0,-9.38679891582535e-11,0.006592940604790352,0.0,0.0,0.0,0.002682884103394195,0.0,0.0,0.0,2.155935985945992e-10,-0.0009618269290889086,0.0,-0.001222376750309281,0.0,0.0,0.03004625217469358,-0.0024386941748076032,0.0,0.0018638814361489964,0.0,0.0098703968776428,0.009869338677926139,0.006244977959364965,0.0,0.0,0.0,0.0,0.003449501745469536,0.0,0.0,0.021105236349217002,0.0,0.0,0.004216774301311429,0.0,-0.000986191487956569,0.0,0.008930294646671316,-0.03012192818068984,-0.007836773521341794,-0.024850592166016625,-0.046938064760476905,-0.02248627823996087,-0.019788511538337633,-0.0395327768622261,-0.06117283547068174,-0.0378943978415525,-0.041849506041816496,-0.012104253360804736,-0.05856462739420368,-0.021200233303000745,-0.011548988509034491,-0.01190752869588616,-0.0012531163188941883,-0.006877312360030125,0.008370897408989346,0.029095442516617793,0.026635533721484136,0.0,0.0,-0.0004278113959267909,0.006294749787737047,0.00999136821488858,0.0,0.04848127081206077,0.03484087866760316,0.03346561093603169,0.02579373963471718,0.0,0.01840663449880173,0.015785425150891617,0.0,-0.0007754457603665045,-0.016863845108457096,0.01794512536925104,0.0,0.0018982020704400538,0.07037614299682828,0.0,0.011253110163154122,0.02935823818189451,0.0,-0.003789464241373551,-0.002596937104683945,0.0019041101190759545,-0.006534764653039197,-0.003692278694658917
2021-01-31,0.0,-0.0038052669270548923,-0.001523432189015142,0.0,0.0,0.0,0.0,-0.03583160167919979,0.0,0.006518828211941977,0.0,0.0,0.014341994893311675,0.0,0.0,0.0,0.01622144003851595,0.0015766612115658066,-0.004716688710425328,0.00011096860217346852,0.0,0.0,-0.0012528184173371175,0.0,-0.00799124514997796,-0.006553494934934021,0.014703174246988533,-0.013056995006402268,0.0,0.006695687210571684,-0.0013594031960118152,0.0,0.0,0.0,0.0,0.0,0.0,0.0,0.0042665987438371186,0.0,0.005072716380444149,0.020291150278423653,0.0,0.0,0.0,0.0014572520996816347,0.0,-0.0011297060066873823,1.1241974239998726e-10,-0.027877018166306188,-0.0327058285721316,-0.027630787383455955,-0.027310278593847177,-0.06436456930409595,-0.05514054346292679,-0.029373089677268947,-0.020971069758137405,-0.021971097572705527,-0.030199915983086814,-0.023389206916014475,-0.0058682567036826725,-0.010447953023717987,0.0,-1.0828038654450508e-10,0.0,-0.003378098733273183,0.033069146102743176,0.012031256520474447,0.06244643979823454,0.002703557861651869,0.0010787172905863285,0.0007833580121501142,0.005710997597609274,0.00858393553042103,0.0,0.2,0.0,0.003210254576158357,0.0035301680235942786,0.006353533726272817,0.016262173645205838,0.018820827063285344,0.008954445703511832,0.0,-0.019582695253988074,0.02334631122237338,0.0,0.0,0.0,-0.0024734408872440173,0.001344781715603469,-0.00012894889116163555,0.0,0.0,-0.013069455299950196,-0.006897093491679318,0.0,0.0005136235802484668
2021-02-28,0.018184756315737207,-0.008559464682782998,-0.0039144537200928664,0.0,0.0,0.009757051018719985,0.0,0.0,0.0,0.022874519734035148,0.031420011412962745,-0.005223298204441321,0.00471295677530658,-0.005044261435097996,0.0,0.0,0.0,-0.0008147995090454124,-0.02119945135697024,-0.006825027108520049,0.0,0.0,-0.0033052139011070973,0.011297231328093894,0.0,-0.005796089650555433,0.0028012944501259953,-0.007668533527883884,0.0,0.005374618650267106,-0.0025660892134691964,0.0,0.0,0.0,-2.417724359556526e-10,0.0,0.0,0.01103865174031861,0.014834486035589466,0.0,0.0,0.0,-0.00439442330280028,0.002518873522755076,0.0,0.004716743824361541,0.009503069221600489,0.01157562518084697,0.0,0.0,-0.01643417255871571,0.0,0.0,-0.1610338495579,-0.02373275494128372,-0.013620105054700847,0.002835443973081568,0.0,0.0,-0.013633624945037325,0.0,0.0,0.0,0.0,0.03466058572152937,1.1559786938436274e-10,0.0,0.0,0.008714105174502362,0.0051666854689513386,0.01297365896911217,0.014403647523393187,0.0,-0.011316173083672465,-0.008060922798402446,0.015848184577403508,-0.024931417530582353,-0.015506155806932754,-0.011222498763012382,0.006493186866067009,0.00035298825995955946,0.0,0.0,-0.013406331482542064,-0.055266609421359573,0.2,-0.009367014195718325,-0.004075917239089486,-0.01843586714129965,-0.020926641816701418,0.01810179195621503,-0.003718837808510344,0.0,0.0,0.003327171804617569,0.012516080346804487,0.0001815865910073293,0.003814993441036833
2021-03-31,0.0061713853137631515,0.0,0.0,3.8018134671584156e-11,0.008377841187001873,0.052373967816511754,0.0012372268591957412,0.0,0.0,0.02001575057939741,0.021524954439244955,0.0,0.0024675143781900727,0.0,0.0,0.0,0.0,-0.020791171290071256,-0.009876414334970112,-0.010082685692090068,0.006039431032668139,0.015354782245728687,0.0,0.12155021819903575,0.0006646317195787589,0.0,0.016354777878872608,-0.0010298219780741308,0.010914073718521235,0.09278844205321006,0.0,0.007533547585256338,0.01555611546322093,0.0014480703439937249,0.0,0.0007976295943577833,0.0,0.004191517328497567,0.0,0.0,0.0,0.0,-9.931740086864379e-11,0.0025052901623104896,0.0012043076158739503,0.0453002178278278,0.0,0.007631791630528432,0.006059777374465608,-0.02175585305691752,0.0,-0.020866913026191092,-0.02058431476921667,-0.05473084891504241,-0.015312446339543827,-0.028198286571383728,-0.016752815109195233,-0.02048993748327002,-0.01821457321859909,-0.026208136980416883,-0.019047975760606538,-0.009632351716393317,-0.005772804376216583,-0.010254158759508917,0.0,-0.010372736084144843,0.0,0.001111850603898609,0.0007426337275542307,0.0,0.0,0.0,-0.005209876983172787,-0.003906952927763063,0.0,-0.009747155916835903,0.0,0.0,0.0,0.004059587047549304,0.0,-0.0050881303680040315,0.0,-0.020380162105598204,-0.06074314914297342,-0.006603790735731614,0.0,0.0,0.0,-0.0425481347531962,0.013859754195507248,0.0,0.01216291204021956,-0.005238765692149895,0.0,0.0,0.0,-0.0005596358134052878
2021-04-30,0.001857052078450491,0.0023722350608836166,0.0,0.008577960643860303,0.0,0.010649971532817843,0.0,-0.0064092010702386844,0.0,0.0010162596493241197,0.014297940122556464,0.0,6.647258717957563e-11,0.0032495095097382735,0.002981392683069018,0.0,0.008587147738588695,-0.037370163132404884,-0.0009330765605404519,0.0,0.0,0.0,0.0007829330552809375,0.008433259245557762,0.06591028084333098,0.009494141279426146,0.028610157000105534,0.0,0.011755720246460672,0.11671258976377544,0.0,0.031571278039824534,0.10354005743619782,0.0016841941052691022,0.0,0.0,0.0,0.0,0.0,0.0,0.0,-0.004022161934081369,-0.001289990032662199,-0.020240468610072282,0.0,0.0,-0.02528792772759921,-0.0003311047675559253,0.0,-0.009628771523954622,0.0,-0.043043449823007146,-0.027830559078830523,-0.006340622874338537,-0.008030373505706357,-0.022954124981069093,-0.020477936315412934,-0.01676182028706834,-0.008256092741019228,-0.017673427798888683,-0.016037246449479944,-0.04133299001106261,-0.013726914923196972,-0.014591755424879536,-0.025834385824594543,-0.0765152192639612,0.0,0.0,-0.0040569050307036674,-0.004029453196611369,-0.001497550737900604,-2.1229048445908634e-10,0.0,0.0015945160450674717,0.004814514021099905,0.0,0.004687485516729033,0.00450121102347207,0.005561042563318827,0.0,0.007388466167423715,0.0001340376690053773,0.0,0.0,0.0,-0.017806060714442185,0.0,0.0,7.544513874337452e-05,-0.007690245446426467,0.03233134630764839,0.0,0.0,0.0,0.0,0.0,0.0,0.006827855446501483
2021-05-31,0.0,0.0,-0.0032330096748588565,0.0,-0.00616849890111703,0.00303025258441119,0.0,-0.030405266080149228,-2.10357228893206e-10,0.0,6.249773657439036e-11,0.0,0.0,0.0,0.0,0.0,0.035440887958120365,0.0,-0.01962557898833242,-0.008727354782751908,-0.018215909635287676,0.0,-0.009594041367067088,0.005456168068316677,0.010673308893543005,0.0097155380495594,0.01590458190340776,0.006283395278244049,0.02184073594522767,0.13788565548443804,0.0,0.026536956551933402,0.058390783617167305,0.004326798778263849,-0.004801370598100195,0.0,-0.005069397124521156,-0.00857689510883651,0.006819526502494441,-0.005373355503655062,-0.013888112096528717,-0.02149042583603771,-0.00268082775265383,-0.043485813334774984,-0.017096703319527194,-0.013762110724789358,-0.0008811016414067611,-0.016880540490545666,-0.015461995115848864,0.0,0.0017263918640931337,0.0,0.0,0.0015395467906079336,0.001126936848383271,0.0,0.0,0.0,0.0,0.0,0.0,-0.011180705777061605,-0.01555507285035461,-0.037413282223907184,-0.05130956033947387,-0.07704703743336669,0.0,0.0,-0.009931525745036139,0.0,0.0,-0.004921565949344102,0.015004715327154272,0.012813986043991728,0.0,0.0,0.0030367169880054228,0.010499984311744185,0.012862402958522484,-0.008429473502498149,0.015301538157559002,0.0010611548001186705,-0.01879346789181017,0.0014778092664193027,0.0,0.0,0.0,0.0,0.005831821124634785,0.0011348253309532849,0.032421122204482296,0.0,0.0,0.040714959269687885,0.0,0.0,0.0,0.0011414990360175084
2021-06-30,0.06568599282509267,-0.0159704059582674,-0.0026869542367374964,0.0,-0.028303555590079302,0.0,0.006199837837373378,-0.04629584069745871,0.0,0.0,0.06792033080255903,0.005805367344823274,0.0,0.0,0.005718399650630418,0.017098996735898965,0.037194450091839866,0.0,-0.00432260262567773,-0.033954197780275926,-0.02015548551619224,0.00030274749037977484,-0.01627046425692423,0.008141902320446027,0.008360119960433723,0.0,-0.0032034510095910935,0.00024185791093887983,0.0,0.07243282273645225,0.0045459203964974965,0.009964596447244184,0.03819048320903401,0.0,0.0,0.0,0.0,-0.07532546181113942,0.0,0.0,-0.011107777696407804,-0.005300874886089231,0.0,-0.0024516096281896665,-0.007748895173543686,-1.6132835973376513e-10,0.0,-0.03514917986309385,-0.01709599302987975,6.562223765051948e-05,0.0,0.008110173481743005,0.014554782548917391,0.005898898207562344,0.006120197282419355,0.008797713033023043,-0.006084847954425452,0.00775435873023082,0.0,0.0,0.022914005954498797,0.0,0.0,-0.005190338523501197,-0.0029675044144113366,-0.0094271548125742,0.0,7.22671962427362e-11,-0.001895082138506475,0.0,0.0,0.0,0.012830790334944914,0.0,-0.032945916290336365,-0.017236914697441628,0.0,0.0,0.0,-0.002171734722990996,0.02286597336814664,-0.002138550977743726,-0.08455635914231366,-0.00010057905405282466,0.0,0.0,0.0,0.0,0.03099828445622527,-0.0012541215273924097,0.0019371872941602486,0.0,0.003563775550089836,0.0,0.005784411688476698,0.0,0.0,-0.008688145823433907
2021-07-31,0.020067707989494716,0.0,0.007842366554407398,0.01706242662701691,0.0,0.0,0.056330134823931885,0.0,0.0,0.020640142453414483,0.10415559872524889,0.012340699425702444,0.015700773006730732,0.007803073715356409,0.026686202751104043,0.009945647133124636,0.0,0.025935908576627382,0.0,0.0,9.294477217329765e-11,0.0074466085237459125,0.0,0.0,0.013625130664451318,0.0,0.005095103415849419,0.0,0.006600746826009423,0.012014851248086067,0.03320783571201786,0.0020460164206752003,0.026323479781296885,0.015734064930460912,0.0,0.0,0.005450534852135386,-0.033059042501926,0.005505864601878486,0.0032358383076604973,0.0,0.0,0.0,0.003569374730277941,0.007623339263230037,0.011406366704177991,0.0,0.0,0.003334885415150721,-0.001320471796119484,0.0,-0.007915294434575802,0.0,0.0,-2.0536401515664611e-10,-0.014707915939131962,-0.015041463366316139,-0.021061934089484993,-0.008175517779247415,-0.009952041960836249,0.0,-0.02136844287190743,0.0,0.0,0.0,-0.013544664446125284,-0.03548219015313626,-0.006482420333405791,-0.02832929960615577,0.0,-0.008557519264773343,-0.0038015010564800083,0.013269276727791214,-0.0033271838470557784,-0.09320992887553749,0.0,0.0,0.0,-0.01698541682210144,0.0,-0.020310454172317912,0.0,0.0,0.0,-0.003123563232597784,-0.0027449161549794408,0.0,-0.00409631129877483,-0.01276844808636918,-0.02838930268104817,-0.020635392550500942,0.0,0.0,-0.029111998949421233,-0.01230227993522185,-0.0054188357378836555,0.0,-0.01877624785120445
2021-08-31,2.0613545673706542e-10,0.0,0.006107914943326004,0.0,0.0038926374549568296,0.0,0.0009113886048382263,0.0,-0.002653819603541806,0.0021676807325679763,0.004223569985169234,0.017648749989781894,0.0,0.0,-0.004140247243948858,0.0068757087355986,-0.012530391062665427,0.008150290294899852,0.0,0.020763237197795728,0.055692936365352226,-0.006935940694864894,-0.0052063506984689,-0.012705487047074492,0.0,0.0,0.004368864873652189,-0.009724976844933701,0.019347287282550495,0.0033779246970986722,0.0025663719953138296,0.0,0.0004654316147226105,0.0,-0.016661420080578485,-0.003482351661118111,-0.011137401298332466,-0.022401552774104914,0.05201118252844153,0.0,0.0,0.0,-0.023660826067776065,0.0,0.005314584888786967,0.0,-0.0081374193365823,-0.02325534861716844,0.0,0.0,0.0,0.0,0.0,0.024498117681360128,0.0,-0.0036457729253794083,0.0,0.0,0.0,0.0,0.0,-0.02323642554862451,0.0,-0.006681505657384578,-0.014655707085184155,-0.02709640803997644,0.0,0.0,-0.005861411416370353,0.0,0.0,0.02878307991592886,0.0022812748710053007,0.005992750704094384,0.014017543889890812,0.11574258408183086,0.005773355778099483,0.011072396997613962,0.0,-3.565382164052931e-10,-0.02395224351817531,0.0233064745122294,0.038603565649285666,0.013321271517882522,0.0,-0.008660011342330106,-0.0029768654501529886,-0.013829670558757227,0.0,-0.05472865436913734,-0.033686097321312586,0.0,-0.010087089146702964,-0.06427110223193194,0.0,0.002721822009790275,0.0,-0.04399750200088314
2021-09-30,-1.2743410178766552e-10,-0.01523836760472247,0.0,-0.010781886142617375,0.0,0.0,0.005490887454744162,0.0,0.0,0.0,0.0,0.0,0.0,0.0,-0.006849214890539929,0.0,-0.03491389507208975,0.0,0.022364411666228424,0.0,2.2889352213833376e-10,0.0,0.0,0.005288971500544157,-0.004406629399434474,-0.02319015788002675,0.0,-0.08327138714185323,0.002164202926982294,0.010470535990240407,-0.0002193757085551064,-0.004070495515833114,0.0,-0.003582716961295556,-0.004875862026461336,0.0010408300319625827,-0.005973422185146848,0.0,0.002196860340733186,-0.006201287342893,-0.006729077578799717,0.004711959648418003,-0.04307404624126457,-0.00855922399742961,0.0,0.0,-0.005572173596571305,-0.01779351544823378,0.0,0.0,0.012230388631061732,0.0,0.012513234340651255,0.00475210340024512,0.0,0.0,0.0,0.005117104660474483,0.011500878243168134,0.010208154673333835,-0.009118967925484708,0.0,-0.026196907530025928,-0.036309735710838,-0.04250005732487972,-0.024267955387550746,0.0,0.0,0.0,0.0,0.0,0.0,-0.003638124085129134,0.051342739800282866,0.0025233644045312377,0.021733845431937973,0.05535504239534529,0.05144545820424441,0.0030410440027785965,-0.020195243843293787,-0.007242186666583277,0.020498060322810308,0.0,0.04437632227091051,-0.0007102791915636727,0.0,0.0056970082062538195,0.0,0.021929109139183472,-0.012300385397518297,0.006109474156753324,0.004784041807876679,-0.03221742207593068,0.016888554436599108,0.036254137531523685,0.047971274151287345,0.0,0.0
2021-10-31,0.0,0.0,0.0070370338253876626,0.0,0.0,0.002981802439146282,0.025255425846387507,0.010597630383563808,0.0036740180362067254,0.0006698480156853316,0.0,0.0,0.008661708986024518,0.0027662458984983713,0.0,0.0036014561756286404,2.0207297651641174e-10,0.0,0.0,6.024743932117133e-05,0.010727891154040086,0.008551774319251564,0.013989984437976097,0.024446962303610147,0.0,0.0,0.009895741454131404,0.0,0.01129792409683227,0.023209334590219254,0.0,-0.01250202959639231,0.0,0.0,0.0,0.00937750295272329,0.0,0.004237216615007409,0.0,0.0,0.0,0.0190213958454691,0.0,0.0,0.0,0.0,0.0,0.0,0.0,-0.02467242652932916,0.006557574918624625,-0.006246856717011095,-0.0034029388392294332,-0.0025696240725185905,-0.0065067639999007425,-0.010945973453328843,-0.004220704938686919,-0.003716759822009658,-1.0697742779168703e-10,-0.0013587620466579662,-0.02135041703714533,-0.026843039889057636,-0.11742577776459903,-0.02953347924673392,-0.03104042792961825,-0.039234904208690115,-0.007138129131996957,-0.008557800374588628,-0.00837140990560414,0.007251781027012391,-0.011163600507221266,-0.007755337354486564,-0.031662564823159926,0.2,0.0,0.0,0.0,0.0,-0.004367042396234933,-0.013412489072490364,-0.020813011113820945,0.0,-0.009290984515845554,0.0,-0.013689287710319496,-0.01337347025935862,0.0,0.0,0.0,-0.008833986636986209,0.023476622592128685,0.021390467851022124,0.0024778939269005777,0.005142554264636933,0.0,0.0,0.015992263880581094,0.017649696521909942
2021-11-30,0.0,0.0,0.004765173806667828,8.951802861913688e-05,0.007974922147421772,0.010034227229238548,0.05520514394107731,0.0,0.011711741511042177,0.0,0.0,0.002553257077698779,0.028184815618837192,0.010957010450579131,0.0004451942229538651,0.011795833274678733,0.0,-0.020001871869775183,-0.017418577665757974,0.03559981726095328,0.0,0.012478937720528415,0.009619194434690073,0.0,0.0042003770314950695,0.0,0.015954482838143345,0.0,0.004063057217754631,0.016873095758098568,0.0,0.0,0.0020464496623967465,0.0,0.010845113026212036,0.03162995181980644,0.0,0.0,0.0,1.1264825989514246e-10,0.00040613425704153844,0.0,0.0,0.0,0.0,0.0,0.002318549342754149,0.0,0.0,-0.02462468681059604,0.007795202808042176,-0.016647447024608512,-0.013435590549492915,-0.003784006679231211,-0.0183263554295785,-0.0016718095034418204,0.0,-0.004676123393444847,-0.0020469552612038867,-0.01456356437098663,0.0,-0.0031204908182650023,-0.011614000727309655,-0.02045635594171334,-0.0035458462456008162,0.0,-0.008053999109979452,0.0,-0.0082705869955493,0.007419220028542722,-0.0773799987171843,-0.017909046843590345,-0.06448717333457948,0.0,0.0,0.0,-0.00539162567589899,-0.0032650912782899487,-0.01017260257425799,-0.01988281913805205,-0.02950886241538183,0.0,-1.4101332417726568e-10,0.0,0.0,-0.017283764147863305,-0.030302022048285658,-0.025723119658804496,0.0,-0.006435605630263231,0.01987666479163979,0.026900924250983914,0.0,0.0,0.0,0.0,0.02317165221425895,0.12508433811519543
2021-12-31,0.0,0.02542288114278764,0.0,0.0,0.0,0.007940226511068191,0.030892900096269223,0.0,0.02058677034991979,0.0,0.0,0.02580856165099039,0.0,0.006556442199050474,0.004481548972817779,0.01463065771593018,0.0,0.0,-0.14969323208274202,-0.009939184730855524,-0.0019027913068385802,-1.7861363972513e-10,-0.0010676041459176061,0.0,0.0,-0.01230758792424695,0.0,0.0,-0.0036099108733192377,0.01660746477401569,-0.021799307020059867,0.0,0.04680622515189198,-0.007874691887745084,0.0,0.0,0.0,-0.0047618908489369055,0.0003110626825319647,0.0,0.0,-0.005265395811851815,-0.007907212659637694,-0.01736863223555812,-0.008257572282930227,-0.0159102174180652,-0.010862642099878611,-0.004791446339487523,-0.008589404749906632,0.0,0.0,-0.0028884725795111196,0.0015479956044836807,0.0,0.0,0.004154125728775763,0.041297113775502416,0.02476068508560962,0.03143910450924142,0.002097655548302611,0.0,0.004116658024790094,0.0,-0.012912084996941228,0.0,-0.0011012838560386907,0.0,0.005159901306814534,0.0,0.0,-0.015228894056894128,0.0,-0.017811544035426594,-0.003743500346528143,-0.0018432792847585847,0.0,0.0,0.0,0.00691645583793173,-0.052996150105973576,-0.054600525453441115,-0.004635567346862745,0.029714591366462328,0.006563209957449189,0.00399252517478519,0.00907971316805762,-0.008319279374274213,-0.03201069396675862,0.0,0.014776467972542121,0.0,0.0,2.3751637935079896e-10,0.03728430703624616,0.010331870188995387,0.014626190602757905,0.0,0.0520966876264625
2022-01-31,0.0,0.0,0.0,0.0,-0.01249466728484611,0.0,0.02751242059123817,-0.07484793200270537,0.0,-0.028895452720745184,-0.018182370446126975,0.0,-0.006303607974410404,0.0,0.0,0.0,0.004185840062701128,0.021595803634780992,-0.004366857030588788,-0.021834576499427282,-0.0022081725682616404,-0.005982486785176975,0.0,0.0065563044250121355,-0.006636908278923552,-0.008222864844420976,-0.005714890831243786,-0.010104504673225509,0.0,0.0,-0.05309463727558053,0.0,0.0007774917255919862,-0.025031805204629186,0.0,0.0,0.0,-0.005858181603886495,0.0,-3.0204690662194213e-10,0.0,-0.0005102114718487263,0.0,-0.02147750280942748,-0.012457349945406836,0.0,-0.017566001507401285,-0.002348092508996129,-0.025369780416457554,0.01621912541063694,-0.007892874403388764,0.0,0.02399678294026942,0.0,0.02858646462989977,0.0,0.010830053105464001,0.004615703578601509,0.008118159365976707,0.030125647860929403,0.0,0.0,-0.02972110761338669,-0.059491220531281426,-0.014840575396485197,-0.0019061290002662151,-0.005780063052253116,0.004131547474870031,0.003861612959827941,0.0,0.0017839001718722763,0.03598581110470005,0.0009705610804620771,0.011210977151513726,0.01159835184646457,0.0,0.0,0.0,0.028117716972037694,0.0,0.0,0.0,0.019848053830333636,0.011032143258228945,0.0,0.052510409784304025,0.00044312554361829827,0.0,0.0,0.0348327031631183,0.0,1.3279655718162727e-10,0.03306606674076067,0.040554589087836775,0.010756816201212193,0.016175816164940154,-0.010859175017154747,0.0
2022-02-28,0.0,0.017819724534663513,0.0013652946142139104,0.003740579084146039,0.0,0.0031361476837465717,0.050901475529701756,0.0,0.008670929967798367,0.0,0.0,0.030971545796632437,0.0,0.006890169445311463,2.0125377896722198e-10,0.010116506412675084,0.02448210969724136,0.09093474350668167,0.0,0.0,0.0,0.0,0.0070782809862769335,0.02589991514576698,0.0,0.0,0.0,0.0,0.0,0.0,0.0,0.0,0.007393372475789861,0.0,0.0,0.002094344779796332,0.003405259654110351,0.0,0.014548830063786688,0.0,0.0001892427640533769,0.0,0.004863847620260724,0.0,0.0,0.004209972614230328,0.0,0.0,0.0,0.0,-0.01529145305724125,-0.0069467354380059665,-0.008249086643518236,-0.012914698340810934,-0.0001128165050539476,-0.023858789624984854,-0.010245677827493192,-0.010995296854355158,-0.006763391978457502,-0.013601074286491825,-0.016378140216283133,-0.019350560884640444,-0.09435115878144576,-0.05531425916426348,-0.08468220637389354,-0.0040931092554048,0.0,-0.003006044908739295,0.021472021703563774,0.008784862442549536,0.028025147990422355,0.07143629660107721,0.019907614067614248,0.0,0.0,-0.011330504040179351,-0.006653315021101676,-0.009577866633233775,-0.0006035994618206398,0.0,0.0042375009954874485,0.0,-0.006666304829405512,-0.0030277561838883307,-0.004884353442195918,-7.453039277148743e-11,0.022721524084997672,0.0017006357516249333,-0.0013867088383649352,0.0030021037845252966,0.0,0.0,0.0,0.0,-0.004082708426630006,-0.0059493448881335715,-0.03866766439931967,-0.02101537362011291
2022-03-31,0.0,0.02554088348004461,1.0399140455301505e-10,0.0,0.0003202996739364345,0.004121723187644616,0.0316063751455748,0.0,0.0,0.0,0.0,0.0,0.000881000593822561,0.008662179681864989,0.012006874787982827,0.005690915341335639,0.08644576444421637,0.01038418106908042,0.0,0.004512974153615386,0.0,0.0,-0.007583172367953955,0.0037844714989035545,0.0,0.0,0.0,0.0,0.019435853410537215,0.0,0.0,0.002984821591644199,0.0,0.0,0.0,0.034521593120682786,0.0,-0.016888802717982772,0.0,0.0,0.0,0.01091717793312822,0.00039378754833712347,0.027041859147960316,0.017890492834845156,0.016547280163041963,0.0,0.021736835075546045,0.006201703245427632,0.0,0.0,-0.01533958005935614,-0.006324309590995241,-0.00029943606636169363,0.0,-0.06544192374025848,-0.0028739931539696053,-0.0069698986489095715,0.0,-0.01440650022028058,-0.008440434098036286,-0.014801974635629626,-1.1257969100735352e-10,-0.11737840765977402,-0.008131798054184423,-0.013781948880559378,0.007267157015599174,-0.0015455403005610587,0.010089762829581257,0.01949906263811633,0.06138732708256175,0.026275662874221666,0.016015103780476294,0.0,0.0,-0.008196012762231334,-0.0009704473549901652,-0.001243550203676817,0.0,0.0,0.007836876546279275,-0.011819035839569114,-0.008998845046079413,-0.026727182737284916,-0.031451895818104224,-0.015313235360114676,0.0,0.0,-0.02576508589392501,0.0,0.0,0.0,0.0,-0.013213345880861498,-0.025405391939553865,-0.024189725658891253,-0.002335399219176564,-0.004163125978148673
2022-04-30,-0.007640688471122073,0.07881494320455014,-4.59417725723261e-05,-0.011413341788893878,0.013450988551465202,-0.005499804371200829,0.0,0.0048907033889101685,0.0,-0.01708005873805039,0.0,-1.312350121569263e-10,0.07696067859559748,0.003899382491285306,0.003287525303265667,0.0,0.017271832614036794,-0.0044241501724131506,-0.003461970740704395,0.02451585367813937,-0.00910561382564865,-0.024153129041301593,-0.029180978415501435,0.007623471234424143,0.0,0.0,0.02595580472858002,0.0,0.007012403573797529,0.0007420135970386682,0.005249220066726628,0.0,-0.011416114448969996,-0.019457144966276253,0.0,0.042457436836005044,-0.01501383097711313,-0.01143386339164581,-0.03134935186774449,-0.014365531014519926,0.0,0.004328585848231976,0.0,0.008353204755569554,0.031771754734999325,0.0,0.0,0.011604627166105328,0.04212995242221825,0.0,0.0014269605908204203,0.0,0.0,0.0,0.00047586922633729826,-0.01076327946887902,0.0,0.0,0.0,0.0,0.0,0.0,0.0,-0.02973987283111539,0.0,-0.005287132998034644,-0.012393771099701974,0.0,0.010524925354452791,0.01511587122724088,0.03464470594107609,0.012551355737122755,0.009020764046603484,4.122447028946007e-11,0.0,0.0,0.0,0.0,-0.00357167855691971,0.0,0.0,-0.0025529328302109095,0.0,-0.018502691823454345,-0.03179772907795961,-0.031671626017653866,0.0,0.0,-0.03471232573084348,0.0005548825538963065,0.004495853312452353,0.0,0.0008684291778265082,-0.05457818548874677,-0.02824100847808807,-0.021146251463478774,0.0,0.0
2022-05-31,0.06216970784604246,0.0,0.0,8.496336260953152e-11,0.005217649224770839,-0.02553140804946822,-2.914663102694153e-10,0.025045654502586254,0.0072000763547501335,-0.029882093255680788,-0.002499022054841774,0.0,0.0,0.007307901488523286,0.0836971451891383,0.0601602424314369,0.026246177994208794,0.0,0.0,0.0,0.0,-0.01680896210590914,-0.008197613488483638,0.0,0.024753081683923168,0.0002445713555150706,-0.003012782382150722,0.0,0.0,0.0,0.00496944485569188,0.029915073951959744,-0.013744602725232183,0.0,0.020312331987831438,0.015332454034189265,0.01237575740215742,0.0007392808719034582,-0.020912232184465144,-0.001260435126968128,0.0,0.0,0.0,0.0,0.01514015496094705,0.0,0.02329402974695913,0.0,0.008579733150022669,0.0,0.003751878163387895,0.0017969718211601324,0.0,0.0,0.0,0.0,-0.01547515195356783,-0.0025799871496240264,-0.0021993590304766114,0.0,0.0,0.0,-0.011446121847339294,-0.039527548780192164,-0.00975553174709607,-0.018214768430347944,-0.029796463506108616,-0.0156562954730276,-0.016767262889527935,0.001009543611541083,-0.006611970581849173,-0.0004355062491188655,-0.005922500605213965,-0.007705330906286178,-0.016654142607248373,0.0,0.0034716762936443783,0.006836780972761996,0.0,0.0,0.0,-0.020203498088009163,-0.013506571368244473,0.0,0.0,-0.07082804703774463,0.018281427339824585,0.018723657367889654,0.0,0.010930831029448437,0.0,0.0,0.0012905000930148274,0.0012062641898064371,-0.03590957049846853,-0.038955219585842533,0.0,0.0
2022-06-30,0.020332724767092875,0.0,0.0008234089793989483,0.0056389096770195525,0.0018100140667404664,0.0,0.005224469562595478,0.027220907769062667,0.004495650511381588,0.0,0.0,0.0,0.0,0.0007944045019717054,0.09475331527404812,0.028150542040205014,0.03124138515779384,0.006669406481627143,0.0,0.0,0.0014954103489552314,0.0025056041438763915,0.002188143199670579,0.0,0.023335116726641958,0.0,0.0,0.0,0.0,0.0,0.0,0.028653254449881243,0.0,0.0028984987288569936,0.036868314354016885,0.015054617889336992,0.00868937943807736,0.0014259997709314006,0.0,0.0,0.0,0.0,0.0,0.0,0.022498203400738163,0.03244646482255291,0.0003722837227921682,0.0,0.0,-0.002496910113900387,0.0,0.0,-0.0137726028136618,-0.011850111025299918,-0.01016440862594863,-0.011926919384187508,-0.04177184872544698,-0.016808921110788293,-0.023679816765889435,-0.0035585068449223377,-0.02015082966951732,-0.0105378816461307,-0.017261361050303292,-0.002960943151979269,-0.02061153100192771,-0.03314397171521439,-0.06673218766538105,-0.020718696722070926,-0.008895714510188585,0.0,-0.0009541782969133304,0.0,0.0,-0.01333073749770308,-0.029235603443796127,-0.0008510201213138365,-2.1357167365127016e-10,0.0,9.813780305089319e-11,-0.016462273016118266,0.0033807102531062346,0.0,-0.005771659632751613,0.0,0.0,-0.006053499903032962,0.02018327130623935,0.033737906515629565,0.03711168204162127,0.0,0.0,0.0,0.0,0.0,-0.03935873230474334,-0.03624842917847405,-0.005206950329743453,-0.009483753519079843
2022-07-31,0.026333673806980856,0.0,0.00868176973242696,0.009787657240080265,0.036579177908754326,0.017071662312196735,0.014246770401091161,0.003725629373771181,0.0,0.0,0.012141143878303265,0.008227535441453823,0.0,0.0,0.015416257051861762,0.02761858333736487,0.000524723189053076,0.002767148089196514,0.0,0.0,0.015548191316941429,0.019934098726666964,0.04841511455856089,0.03360419723273971,0.0,0.0,0.0,0.016519318051170722,0.011392083124771392,0.0,0.0,0.0,0.0,4.702212568575492e-10,0.01081176251254045,0.007310033435915098,0.008860405124562924,0.06463472748842984,0.0,0.002158153677333424,0.0,0.005193063717705028,0.0,0.014127279454550074,9.730421440423565e-06,0.009837641488491804,0.0,-0.0028975460852850837,0.0,-0.022937558137009314,-4.1343580075600497e-11,-0.0112306358912276,-0.013251996535839333,-0.04592745078313562,-0.009246572771458832,-0.018631063864426263,-0.08953890101999631,-0.006935371051939865,-0.0007506453833565972,-0.009972265894673482,-0.03578335034874236,-0.09327580626332257,-0.00892471082447042,0.0,-0.009057332985292694,-0.012523186331226384,-0.004117930782718347,-0.0018764617461269576,0.0,0.0,0.0,0.0,0.0,-0.005429932033895058,-0.050591268511729716,-0.0047155255179059784,-0.0016795605267753522,0.0,0.0,-0.006307545423309306,0.0,0.0,0.0,0.0,0.04852246743542375,0.0,0.0,0.0,0.0,-0.0032400500493550448,0.0,-0.00033806087763328316,0.0,0.0,-0.005374787579499988,-0.007676732347068175,-0.008233793618120495,-0.009533956773116001
2022-08-31,0.019666853978819315,0.00225867432296067,0.0,0.0,0.007163348629817617,0.0,0.0,0.0,0.0,0.0,0.009382222127036462,0.004575333281352628,0.0,-0.0028078021207776087,-0.0036118240998743527,0.0,-1.8447385376096804e-10,0.022762440975975965,0.0,-0.012105500418368557,0.0,0.0,0.0,0.02425162720092945,0.0,0.0,0.0,0.0,0.004775357043361581,0.06472699997017936,0.008518065866615255,0.01434964186431277,0.01227400715358109,0.01391808895058557,0.0,0.0,0.0,0.011428125420952623,0.018006749305702802,0.0,-0.00900364775602336,-0.00903410387773684,0.0,0.01351103521123969,0.0,0.0,0.0,0.0,0.0,-0.04861420537584418,-0.04229825862043634,-0.07165898993252531,-0.0584408695889352,-0.059085550516892446,-0.0033108035222006622,-0.03876459547182639,-0.012994476183821697,0.005998295204753105,0.0133504888360472,0.041292114002329745,0.0,0.0,0.007287338038424577,-0.0009626073283121167,0.0061422676725914095,-0.016278864826658145,-0.017175457262311518,-0.0016025024334475754,-0.011920259353756159,-0.014294927846491985,-0.009915909338412117,-0.009754280075637396,-0.017403564506252422,0.0,-0.00679398385867503,0.0,0.02124739143305207,4.045819652095332e-10,0.009866293039621072,0.0,0.0,-3.025234163607794e-06,-0.0020205820119019637,0.0,0.034348495506934786,0.0,-0.006649636708949485,-0.004086178209647534,-0.008310859943922676,-0.0010967333917234646,0.0,0.0,0.006071866154931072,0.0,0.01760322444773828,0.02677993184092179,0.02809918377932623,0.03034453833532374
2022-09-30,0.0013260252581585755,0.0,0.010143906500295868,0.0,0.01613237831749134,0.0,0.009707908307161388,3.9562183836726645e-10,0.0,0.018851173852722357,0.006264155921104448,0.01779210413040134,0.0026970784183718527,0.0,-0.023115803654680172,-1.5712855659257262e-10,0.0,0.04690829159873867,0.031078015532412538,-0.0027897000942688726,0.0,0.0,-0.012586185444271899,0.015119032428509151,0.0,0.0,0.0,-0.013210121087115704,0.0,0.06549430420114247,0.014228715930178163,0.0,0.008549164778585328,0.01912845891585105,0.0,0.0122424188589306,0.0,0.02990969987109225,0.0,0.0,-0.0027053528966376793,-0.017659719829575163,0.0,0.0037701182647289647,0.0,-0.0051286347757661084,0.0,0.0,0.0,-0.0562728457096974,-0.005502825295251387,-0.02466829538727568,-0.05475573304561444,-0.056800464860762824,-0.039179193397808655,-0.010737586305273269,-0.014529100927405088,-0.019068618142634382,-0.024251629765584,0.0,-0.007053634031386989,-0.023142509678810434,0.0,-0.008144043129458621,0.0,-0.027628804271579946,-0.011428302192431848,0.0,-0.004045919598657241,0.0,-0.004140119433649396,-0.004257579516082947,-0.018539127473747995,0.0,0.0,0.0,0.001540451991498144,0.002635675981917762,0.0,0.006788998037994945,0.024305053369005576,0.0,0.0,-0.00098277954943794,0.03848774505705992,0.0,0.0,-0.0036173687659559403,-0.004058001582049353,0.0,0.0,0.00132560692311825,0.021503915961728334,0.0,0.0052499370922210525,0.003070893062002191,0.03985735150447809,0.025891419537477617
2022-10-31,0.0,0.0,0.02361700994479349,0.012706091244594256,0.0,2.0435886927202216e-10,0.0054352394523440005,0.0,0.0,0.01035777169423525,0.0,0.021383895002514548,0.0,0.0,-0.04845074387966389,-0.014225892265876564,0.0,0.012658100070723158,0.07740122089373662,-0.02966299195969709,-0.002087107432546329,0.00358715618906166,-0.03152589032920973,0.0,0.0,0.0,0.0,-0.027254294004470003,-0.012861132975246539,0.05960700364425768,0.007436175797330081,0.0,0.0,0.0008102725036632935,0.0016742947030239895,0.03393017750448788,0.0,0.0718445637951425,0.0,0.0,-0.004781886254609703,-0.019995698587210734,-0.0006373628320718663,0.01728246534159269,-0.011910039196067614,-0.020064439213190066,0.0,0.0,-0.014180263956527479,0.0,0.0,0.004409689383455588,0.0,-0.020642507655834155,-0.002709635495865603,0.02967923718458058,0.0,-0.01762091446094371,0.0,0.0,0.0019523566179303008,0.0,0.0,0.015362271701790484,0.006825016644815414,0.0,0.0012616803174569286,-0.0047973083485032,-0.04606211540243528,0.014188236491027871,-0.04022662960865478,-0.023858357213793965,0.019003423979231368,-0.00509637245386205,-0.007800883522105268,-2.2139555009953936e-10,0.0,0.0,0.0,0.0038318279924980094,0.0171758409699995,-0.006048671429482654,0.0,-0.0093773685808296,0.0,-0.0053537593163214044,-0.013603952569146087,-0.027404015331322414,-0.024293031118061758,0.0,0.0,0.0036366518337965707,0.010766588063564437,-0.007466734385054866,0.00024898692332992476,0.0,0.011926753910663043,0.0
2022-11-30,0.002452264309279167,0.00041868303462393576,0.010663910509246912,0.005778063734803882,0.0,0.003288934552595069,0.0,0.0,0.0,0.0,0.0,0.00459474339030168,-0.0059198453832729,0.0,0.0,0.0,0.0,-0.010488732212183802,0.03645204698932986,-0.006139796354087137,0.0,0.0,0.0004945110908192474,-0.009084540110650172,-0.0026503991062320925,0.0,-0.001079494271042401,-0.010479860361431434,-0.0123565604883184,0.11436720468002233,0.0020226441875854594,-0.003971437979372277,0.0,0.0,0.0,0.020271062766858423,0.0017435605587584949,0.0509306167116149,0.01292048105808624,0.01571525142023819,0.0,0.0,0.007220589187927291,0.03745271082290774,0.0,0.0,0.0,0.0063619683970323575,0.0,0.0,0.0,0.025039537598426826,0.0019414772528906798,0.0,0.0,0.007064678277871999,-0.011276510126529991,0.0,-0.00023438933883882402,0.012441845941034748,0.01979583710385039,0.0,0.00886357559397707,0.029808194731803263,0.03227688411378523,0.012228300363479784,0.005046072435772759,0.0,-9.859328760974582e-05,-0.013857071826673591,-0.13543125511232745,-0.061425979381402235,0.0,-0.01540721274686665,-0.0029524360097057624,-0.04149390011270416,0.0,2.5658938049652175e-10,0.0,0.0,-1.8658092644693915e-10,-0.005669426294276456,-0.014822274072823417,0.0,0.0,0.0,-0.014714271588537551,-0.026013408686111288,-0.017732789806135497,0.012344348928486642,0.0,-0.016662247620932612,0.0,-0.013089590658480303,-0.006089908931957174,-0.01011205972372679,-0.025586639017101676,-0.0051593692040873725
2022-12-31,0.0,0.0,0.0,0.0,-0.017696039624376787,-0.006836154773271224,-0.025068443454419453,-0.027525602635943842,0.0,0.0,-0.0006302882702355466,0.0,0.0,-0.0012831154258162514,-0.013354340056356169,-0.004438875945408483,0.0,-0.02142393475873603,0.06156514167011981,-0.015193611803225015,0.0018807475447636722,0.005277344410470747,0.013019417773525117,0.0,0.0,0.0,0.0,-0.016592454869859465,0.0,0.0,0.0,-0.02113012531349388,0.0,0.0,0.0004326473308409447,0.019634192388580742,0.0,0.011968075922251855,0.0,0.0,0.0,0.0,0.0,0.0446575882007355,0.0,0.0,-0.004280065424837233,-0.018736428640481168,-0.007923558635945504,0.0037548264734690085,0.008392176994127207,0.017730582031778488,0.004374974947969559,0.006480475782026713,0.0035748634743881075,-0.010446812981210429,-3.4071065157929304e-10,0.015317282072295732,0.0,0.01953050887134148,0.03013390486398175,-0.00137684821520544,0.03459169845915856,-0.04017209197597987,0.09021523497779645,0.029026429943380665,0.004103275586571502,0.014769267184625382,0.001419344235710211,0.0,0.0,-0.0021169765107593415,0.0,0.0,1.943028444216599e-10,-0.0205912902214713,0.0,0.0031859620006411005,0.0,0.005451071900650786,-0.0019420592832465838,0.0,-0.0054777117644853,0.0138610815048428,0.00401440632955251,0.008656867310214355,0.0,-0.00046381586551100316,-0.004100165364575085,0.022980609619886315,-0.025400768254221707,-0.06943974460467636,0.0,-0.008094008981597539,0.0,0.0,-0.08001134066315403,-0.028253325340789254
2023-01-31,0.0,0.0,-0.005924362565160487,-0.0028326521232683198,-0.02163318031234704,-0.011599146547163305,-0.02001662473184922,-0.02838999208696147,0.0,0.0,-0.011023739715890343,-0.01779195563402188,0.0,-0.005183435551602022,-0.008431374240017475,-2.94900945755884e-10,-0.009963512647375319,-0.02120657537263549,0.03830498717982811,0.000744780140822687,0.0,0.0,0.023940381551982245,0.0,0.0,0.0,0.0,-0.020807487176641017,0.0,-0.036263495120126644,-0.008717360088239435,-0.016908608259249832,0.0,-5.988231896594169e-05,0.0,0.0,0.0,-0.02328882452322399,0.0,0.0,0.0,0.0,-0.003086084682592757,0.0,0.0,0.0,-0.0023432645452575946,-0.009408687698628258,-0.002460259827633521,0.020005627700105066,0.0274701255232676,0.04280424185527364,0.016459795892557888,0.0,0.018289922375646785,0.005563243067538072,0.0227836533805651,0.008148497910541948,2.6142832765491753e-10,0.042962934062569194,0.0006445235578261129,0.011193365632620512,0.031399009367718084,-0.02959651410327919,0.0,0.022231742055117285,0.0,0.0031950314010272857,0.014913117804505945,0.023035156849480192,0.02182613859560132,0.008844645094390563,0.02091350621926297,0.0,0.0,0.023788243076296452,0.0,0.0,0.0,0.0,0.0,0.0060689026556291275,-0.021419365919391274,0.0006353099567874493,0.020267298170634097,0.009712785156342042,0.010564207973447136,0.00328882553118675,0.0,0.0,-0.03653430574048501,-0.07178605907612515,-0.030208192922116784,0.0,0.0,0.0,-0.011996266741423596,-0.011118789433426661
2023-02-28,0.004975822542750584,-0.03369478720218388,-0.0023209483072728766,-0.013821290757700375,-0.01927241187039046,-0.0018362140380147787,-0.01311314162171255,-0.026069011879121702,-0.022965872584862917,0.0,0.0,-0.012916678234148219,-0.020976807656618753,0.0,0.0,0.0,-0.00345660913429893,-0.0002379408835407289,0.036169283869784824,0.034165808400486886,0.0,0.0,0.0,-0.031542779388554036,-0.019813265861001423,-0.008098321157434708,0.0,-0.0019680166582551404,-0.0007842996305198935,-0.02618298801880046,0.0,0.0,0.0,0.0,0.0,0.0,-0.026988812404257854,-0.010752825162482252,0.011114044415107485,0.025740035074227455,0.2,0.030608414794300747,0.0,0.0027379777275362152,-0.023704461342581383,-0.02693935100901138,-0.08427993431131399,0.0,1.3839047962081745e-10,0.012815442321496577,0.010738445313913514,0.01346199277934506,0.00848372680199434,0.0,0.006372023407079293,0.005888206628067926,0.0,0.0,0.0,0.0065604158748492625,0.0,0.011725694754571426,0.007305707272039538,0.0,-0.025340939623411843,0.0,-0.004640051706503834,0.0,0.005144559418939983,0.009978433050355607,0.0031286985479923517,0.0,0.0012350881827260466,0.0,0.00039902254784724886,0.023069487317594773,0.0,0.0018194997035383604,0.0,0.0,0.007165275827400499,0.0015863283341051853,-1.9000560398315953e-10,-0.0016314871968668091,0.0,0.0,0.010034918406641056,0.00533414053963053,0.0022415060072866946,0.0,-0.0033295660904790847,0.0,-0.030815390977848866,0.0,0.0,-0.0025057951008053123,0.0,0.0
2023-03-31,0.0,-0.054316859318132814,-0.013114996480152085,-0.014404590409382733,-0.007862100655392286,0.0,-0.01426108910458527,0.0,-0.03373356930702051,0.008373267031784072,0.0,0.0,-0.04126804280059191,0.0,0.0,-0.006961476375789188,0.0,0.0,0.020002593771150795,0.0019165775034962168,0.02750979134521339,0.030939175711327507,0.0,-0.022789920422653372,-0.05094849419571244,-0.005011273923204029,0.0,0.0,0.0,0.0,0.0019588834376725035,0.010906258274699614,0.016703291914125173,0.027157058467998752,0.0,0.0,0.0,0.0,0.002710689690445447,0.0,-0.004807129434318885,0.0,0.0,0.052468243618162914,-0.033194057290261474,-0.024231045742289136,-0.05096161151510725,0.0,0.0,-1.615056921496284e-10,-0.005339540202479003,-0.004176184530106039,0.0,-0.0018766800063401191,0.0,-0.0015890101088730242,-0.006056576268797704,-0.011099878131321364,-0.004423815549359845,0.0,0.003762887966787639,-0.0014742424298409666,-0.00029982130834188997,0.0,-0.040429929498595384,-0.013600499198187222,-0.020649736444717202,0.0,0.016741233062983835,0.0,0.0,0.0,0.0,0.0,0.026133413195052607,0.02168557620171815,0.00938305567603728,0.025022580696541494,0.03928275407883824,0.012957882364683803,0.04956752790986302,0.008944304864124569,0.012687306242014728,0.01877144997683972,-0.00713514712406366,0.00806359087835141,0.009626317390861507,0.013951780035838444,0.001566057750251242,0.0,0.013168267367206865,0.0,0.0,0.0,0.0,2.373755770369484e-10,0.008038183338553558,-0.003982682062877536
2023-04-30,0.0,-0.0024829596419508565,-0.018286794204773624,-0.0015694040609120644,0.0,0.0,-0.022365444098405084,0.011326182647408341,-0.06771148919257441,0.0,-0.00850164039536791,0.0,-0.07025773279027084,0.0,0.0,-0.025275969254979457,0.0,-0.0007149014694428301,0.0,0.0,2.0349833445072725e-10,0.020861068325010276,-0.01768411250559111,0.0,-0.010046990347452218,0.0,-0.0029403484578416524,0.0,0.0,0.04984921775144052,0.0,0.01019330960376699,0.00998844335815551,0.00503658998221172,0.00588612742280716,0.019723485102999025,0.017080583191226403,-0.001856587853176258,0.0,-0.012599103229050461,-0.02832169362710387,-0.0004708644868078304,-0.0044803263225749335,0.002173301205271217,-0.0646511505081745,-0.04857367700982815,-0.030130931690018705,-0.010902211252541755,-0.01239442808657365,0.0,0.0,0.0,0.01261830353617805,0.004303740166019501,0.008972138565425088,0.0066603700818124514,0.014549580242792444,0.01989078064555544,0.015825805556927496,0.020639043034245613,0.03755771194441434,0.005284032738299143,0.007544201735361799,0.00693396880621317,0.0,0.0039016727977023934,-0.000454230968913666,0.0,0.009006806915743494,0.0,0.0,0.0,-2.499594483625048e-10,-0.0015326997095874897,0.0,0.0,0.0,0.0,0.06923708679937716,0.0,0.01859586085817063,6.483535965844603e-06,0.0,0.0849901429809402,-0.0013161718797768283,0.0,0.0,0.0013639602650602246,0.0,-0.0012294607342656825,0.0,0.0,-0.006918451685129667,0.0,-0.001698534722642895,0.0,0.0,-0.024631689564312245
2023-05-31,0.011249330567860413,0.004343846242005457,0.0,0.0,0.0,0.0,0.0,0.029226572765249405,0.0,-0.00891748173416515,0.0,0.017497035569150183,-0.0034260943671023257,0.006895380586927784,-0.0013058191625417977,-0.02035606621766677,0.0,0.0,-7.185299628449975e-11,-0.01093169528276849,0.0,0.0,0.0014127747253914222,0.0,0.0,0.0,0.0,0.00279085801671575,0.00706279400091612,0.0,0.0,0.042974994542344824,0.0041369812103409865,0.0,0.0,0.0,0.0,-0.004094997753676962,0.0,-0.0021261060073767737,0.0,0.0,-0.045364167719084685,0.0,-0.028809266311727057,-0.007978352168011807,-0.003944341531378188,-0.014937684056607729,-0.11861853617117747,0.0,0.008003445418847673,0.015318707429793355,0.017959957680199944,0.014984221088439945,0.017595492446017623,0.018343149010798376,0.024458595868999466,0.03305283612054093,0.031525970647164385,0.027211110540360295,0.028774560278278585,0.006804717612927696,0.003618803898311166,0.0,0.0015082345147429393,0.004205894648398183,0.001501440960991456,-0.002026634307010896,0.029158491093911037,0.004210745683042953,0.0,0.0,-0.002529717274013518,-0.036176009431584666,-0.005705650083492938,-0.013221522037118067,-0.014984867929603593,-0.005922948987921678,0.0,2.2099806813124982e-10,0.0,-0.00673804337497567,-0.006486405611268143,0.08417305661033354,0.0,-0.021165830301557012,-0.010934502636825619,0.0,-0.014533331447388305,0.0,-0.003139579955691103,-0.06503145094919299,-0.0030597587212489613,0.0,0.0,0.0,0.0,-0.01753313839596859
2023-06-30,0.0,0.0,0.011341734495551137,0.0,0.0,0.0,0.0,0.0,0.0,-0.0010991861680463419,0.0,0.10136630207101273,0.0,0.004871368959028006,0.0,-0.053397460012513547,0.0,0.04645053271695416,0.009222463421575577,-0.0032609657864346555,0.00557523288787096,0.0,0.0013475394622051234,0.0,0.0,0.0,0.0,0.009051512026085768,0.0,-0.003293870783778008,0.020479705708926117,0.007242400934675053,0.0007046695683131153,0.025258265542611267,-0.00022796048605256019,0.0,-0.005919413286602344,-0.009292941393936183,0.008264647708558566,-4.6851672369592454e-11,0.0,0.0,-0.02315423053165491,0.0,-0.0025448667340874855,-0.005904707743117015,0.0,-0.005586302210407324,-0.0917267101199868,0.0,0.006515976104878725,0.00943947114112302,0.0010650328775073173,0.008370099781114514,1.63509665358479e-10,0.00944282647712412,0.008882547512420817,0.024525257838589002,0.017157049527635235,0.010029910429793098,0.009194455883871388,0.0,0.0,0.0,0.0,0.0,0.0,-0.006686526471856706,0.0,0.013822448508545448,-0.004123790827554811,0.0,-0.008053378862080931,-0.1236508753968892,-0.015079553474738942,-0.026461926135835326,-0.011308137503574503,-0.040872270700490966,0.0,0.011126127091700345,-0.003939864589307748,-0.005090037417050923,-0.0038349687852863535,0.006984513474335829,0.0,-0.028655222219266127,-0.0022981817120505013,0.0,0.0,0.0,-0.0063715064062219795,-0.0036150886756550226,-0.00017572167892365378,-0.0043743338397474055,0.03634040270971068,0.044821227041851035,0.031106277932922234,0.0
2023-07-31,-0.0024383025563279323,-0.001655102779435369,0.0005535818734367289,0.0,-0.006872183011743983,-0.00433139451505824,-0.0015657533409990253,0.0,-2.1817962090996974e-10,0.0006679161478016758,0.0016759039882200861,0.07596572795997061,0.0021618817350641433,0.0,0.0,0.0,0.0,0.0678073985470715,0.023597473123580508,0.002763145297377174,0.0,-0.006518211589670489,-0.003511552700280367,1.8777407802281047e-10,0.009131297587277869,0.0,0.0,0.0,0.0,0.0,0.0007563827441412691,0.0,0.0,0.031155657111588526,0.0,0.0,0.0,0.0,0.0,0.0,0.0,0.007259934918775578,0.0,0.01688081336746907,0.005749247095001488,0.0004893450532428531,0.0003446806144512041,0.0,0.0,-0.006903387288175121,0.0032606940966477664,-0.008801204971766799,-0.03513794116048817,-0.015647241093910566,-0.039885948046348284,-0.001906756555594331,-0.02288377613121031,-0.0024541791919479696,-0.0040545304670025,-0.01557758666773371,-0.021999948079694808,-0.04407459794089248,-0.05501699321569584,-0.060241310491489536,-0.032470732239998405,-0.04080668063479226,-0.03180854701737644,0.0,0.0,0.0,0.0,0.0,-0.0016108904247937145,-0.0012240626950477335,0.0,0.0010880762277493137,0.0035302111198040292,0.0,0.008945751235324066,0.0,0.006050657671948696,0.0,0.0,0.003003305821138221,0.0,0.0030664633044456394,0.0,0.0,0.014610982387052648,-0.01980349156894704,-0.008359989554739825,-0.0024377038506590404,0.0,0.01293803278432825,0.0718393391773904,0.06735076252360288,0.03828745206802541,0.01906788423029835
2023-08-31,-0.009986090084232258,-0.0024378993183230007,0.011394022130361737,0.0,0.0,0.0,0.0,0.0,0.0,0.0,0.0,0.0383881938741481,0.018952418185930683,0.0,0.0,0.010265101482947753,0.0,0.03376101310977055,0.0,0.016433326993623685,-0.0006959926113840498,-0.004907416232239721,-0.0035240840923049846,0.0,0.00521059455880501,0.0,0.0,-0.02819846567482232,-0.00932483604548639,0.0,0.013285492797751269,0.0,0.0,0.049979318356755585,0.010190430760088916,0.0,0.0,0.012463065269564444,0.0,0.005065501326764884,0.0067768837345224585,0.01958930714290317,0.002591679119290338,0.019548834948355392,0.025803085249051026,0.02165715846833238,0.017069380407733478,0.0,2.968151652652196e-10,-0.00914395180252902,0.012647752143670903,-0.011393533412757107,-0.019774220131564286,-0.015233361142570572,-0.023089735155831986,-0.002569748988531354,-0.02989032804126332,-0.03446669747126553,-0.014479676461034598,-0.016682157199973336,-0.17265617943233202,-0.007620854038218733,-0.007901840206902787,-0.013938806522303504,-0.005347708796257019,-0.007751737496085459,-0.012629302844912807,0.007947406483058703,0.0,-0.002698065025590741,0.0,0.0,0.0,-0.001249218346017951,0.0,0.0,0.0,-0.0027249969838342414,0.01330486734694027,0.0,0.0011637848216946155,0.0,0.0028561922097287817,0.0,0.0,0.016782267211024902,0.0,0.0,0.030706705187755985,-0.02960203757481326,-1.4179365784044047e-10,0.0,0.0009068597369932782,0.0,0.0,-8.105872482391952e-05,0.06423555203442168,0.011023804611194878
2023-09-30,0.0,0.0,0.004412754985843376,0.0,0.0,0.010310427546738995,0.0,0.01399185915482597,0.019695635643312392,0.014808915741482147,0.011496397092621017,0.0014772392009654105,0.003436116955885986,0.08146937748270533,0.05845420861747119,0.02164399253418655,0.006254977498909242,0.0,-0.005455833126293654,0.0,0.0,0.005265348781546595,0.046519199281058514,0.0,0.0,0.0,0.0,-0.028376091077304412,-0.020679928615576656,0.0,0.04510917932210123,0.0,0.0038274857204778096,0.00799646783115972,0.004336773913482432,0.04314673727425347,0.006317251786029624,0.019340434445392043,0.013443141702164972,0.0017626724487661263,0.0,0.0006709242071486852,0.009908409127276613,0.0,0.0,0.0,0.0,0.0,0.0,-0.025942217224595655,-0.014044076428833041,-0.010265927140093061,0.0,0.0,-0.008598193196241576,0.019531701624999044,-0.030393744275503915,-0.008648331245613417,-0.014292283855924745,7.818530943518577e-11,-0.07298066143055937,0.0,-0.019695546801134278,-0.02347479424433663,0.0,-0.010634503895195418,-0.0051423278393774195,-0.002292026265457814,0.0,-0.0073266183982630675,-2.0948036946167598e-10,-0.011099640456917243,0.0,-0.01964845810453263,-0.020734215506836236,-0.013252953111015812,0.0,-0.006364634222253513,0.0,0.0,0.0,-0.008648488005995065,-0.01768839347682671,0.0,-0.006160242305400023,0.0,0.0,0.004327866963046468,0.0,-0.06453685131881004,0.0,0.0,0.0,-0.005750607645010853,-0.00895996647345689,-0.008912444103160534,0.019341114408902817,0.00170338862906095
2023-10-31,0.015526288863156315,0.0035651254616008584,0.0,0.0,0.0,0.0015917016738556998,0.0,0.0,0.0,0.00522284228115768,0.0,0.009390354649543372,0.0,0.0071976673439805225,0.011232548595642634,0.009542257519244745,0.05754210629329204,0.0033749555575103554,-0.018976981985241892,5.7556818918976384e-11,0.02725144373894503,0.007243387822995988,0.03596875239427043,0.01993748201320455,0.0,-0.003012754440859019,0.0,0.0,-0.048363646022127275,0.0012161965999812735,0.10788833716353226,0.00943951996241736,0.002112223552565024,0.0002521318935156222,0.009079081467360266,0.015060444579502119,0.0023250794401170555,0.003895161138853372,0.01802971789351934,0.0,0.0,0.0,0.0,0.01613137720045479,0.0,0.0,0.000909328415867673,0.0,0.0,-0.03318249231586797,-0.012592068860408803,-0.0130658430851902,-0.009139026264395816,-0.009781415681106513,-0.010868659654745375,0.0,-0.014855127569329387,-0.02011823756960399,-0.010546692971135908,0.0,-0.0713783864874866,0.0,-0.010306885479716586,-0.011668757337750649,-0.0002534528051308259,-0.011480878350737616,0.0,-0.0019266362029236532,0.0,0.0,0.0,0.0,0.0,-0.008009467963139937,-0.008406086467724493,0.0,0.0,0.0,0.0,0.056485711190243676,-0.005615117852252994,-0.011417622945372382,-0.020730114401734716,-0.0037375925201838084,-0.01797544065095672,0.0,-2.0196119921819525e-10,0.0,0.0,-0.055983773493118616,0.0,0.0,0.0,-0.021596966310875942,-0.021873694883229967,-0.013136179225691082,0.015819988901322517,0.026768786334790524
2023-11-30,0.0,0.0,6.734156578646052e-11,0.0,0.0,0.04151343691708758,-0.014123993119023872,0.0,0.0,0.0,0.0,0.007450905416653592,0.03142279071367278,0.0,0.0,0.0,0.0,0.009419503727736528,-0.010992445310779092,0.015341215135970244,0.023779531950396508,0.0,0.019631445194946463,0.01913354397389135,0.0022912579478252034,-0.004697701478251679,0.000827024537975354,0.0,-0.027742579132223985,0.017121424497978568,0.0,0.0,0.028009507881030477,0.0052275190616499585,0.0,0.00802374097759586,0.0,0.0,0.03236906579182449,-5.6821804984915184e-11,0.0019386356597617894,-0.0012030006606701016,0.0,0.062088134418033465,0.0,-0.0013151075968213862,0.014771515427742016,0.0011537330437946787,0.0,0.0,-0.011339885618329637,0.0,0.0,-0.011550069110791922,-0.003737324876672736,0.0,0.00021590184887405913,0.0026546268280438013,0.0,0.0,0.0,0.0,0.0,0.0,-0.0005307228556655722,0.0,0.0,-0.03142910867359657,-0.13492678668175448,0.0,0.005381790455836917,0.0009320426240883857,0.0035819247081129296,-0.0019173839613117936,0.0,0.004458205474273426,-0.0072485522477042695,0.0010105654751017322,-0.009455607077021493,0.0,-0.031871180161258186,-0.021069373426439993,-0.03514031776239404,0.0,-0.002078615670098308,-0.01826789200949153,-0.019296162914848983,-0.004704348828243426,-4.033859466922885e-05,-0.024210460588886068,-0.031888766697114886,-0.0040102964672434115,0.0007125304322114597,-0.028851773179044707,-0.006316960795499111,-4.3244447327783716e-05,0.03457655112722243,0.10496192868332631
2023-12-31,-0.005269941644664608,-0.00506659197527101,-0.007906543430879752,-0.0068444076348075904,-0.008705526429312625,0.0,-0.022058735176924537,0.0,-0.024637026384890782,0.0,0.0,0.0,-0.0033511567842035303,0.0,0.0,-0.009859696035370957,-0.0008039538180931967,0.0019167896334752893,0.0,0.032384622653218294,0.017810170732957414,-0.0010560479699364311,1.6274503051175172e-10,0.0,0.013222388712531742,0.0,0.013331263556509617,0.00015590913831216096,0.0,0.008442300743918375,0.0,0.0,0.04498076281558721,0.012977839295633056,-0.001680197635270181,0.0,0.0,-0.007282321985274927,0.07086363283805816,-0.02483662714252099,-0.005083416487274353,-0.04814187318382484,-0.02745824421458493,0.0,-0.00844283193003621,-0.029480606056827785,0.0,-0.004772857110338853,-0.00797179569451654,0.0,0.0,0.004982107292536166,0.006016327745185461,-0.14479155720049963,0.0,0.011437975508434018,0.01061697612320025,0.02203521708208451,0.012877806459950675,0.007917018834641612,0.0019100806912953278,0.0,0.003157994537270145,0.016618148695494488,0.0,0.0034012482653645484,-0.014405652335668167,0.0,0.0,-9.145498665013988e-11,0.016961237274465007,0.010444060279670177,0.016767959218593486,0.0,0.0,0.03037590111425,0.0,0.003018102369910461,0.0,0.0,0.0,0.0,-0.01988182710837678,0.007225244140307887,-0.011633648265447556,-0.03127328756736241,0.0,0.0,0.0,-0.005834353558408657,0.0,-0.009138434551570257,-0.0023308405963869934,0.0,0.0,0.0,0.03267475916513378,0.06547615491926559
2024-01-31,-0.008128836557858392,0.0,-0.009998707625404696,-0.01464797312556704,-0.007232293338711177,-0.004261845678228653,-0.0033649480033261596,-0.015573053433095285,-0.014552284836329409,-0.006289811745019644,-0.01132148922518024,0.0,-0.012143932467073447,0.0,-0.0012001714857500525,-0.05853465316005027,0.0,0.02749969951806405,0.0,0.011373646401300402,0.0026119053917773856,-0.0056113811386934755,0.008737309294373856,-0.010167953390623203,0.0,0.0,0.03787186563976376,0.02539435985916562,0.0031523116519052456,0.0,0.0,0.0,0.016217538939065725,-0.0013502816246409692,0.0,-0.024009992749367753,0.0005038332565853568,-6.375998933184687e-11,0.07631978658636955,-0.012065135677830406,-0.025258813930520603,-0.001788725397760386,0.0,-0.00897184626952872,-0.013349489605269748,-0.17226174457360574,-0.007894050129953707,-0.013284975701862468,-0.01532723271784809,0.021623842717432937,0.0,0.009571123126482462,0.005029701393126027,-0.013784768513246993,0.0,0.01190200630069731,0.0,1.588936150198543e-10,0.0,0.0,0.0,0.027625858570258146,0.0,0.03561727340357493,0.008002626642524118,0.0,0.0,0.004206166739859191,0.0,0.0,0.03770203565633762,0.0242239930400364,0.028372304080108934,0.0,0.013358426231613811,0.011150812594545966,0.0,0.0,0.0,0.0,0.0,0.002639922924880341,0.0,0.0,-0.006411926301163628,0.0,0.0011668871139768888,0.0,0.008739785519081828,0.0,0.0,0.0,-0.001211681532729525,0.006737777069633356,0.011962795546545184,0.020684404632019957,0.0,0.0
2024-02-29,0.0,0.008078354992642058,-0.010478068106551879,-0.02276940902142333,0.0,0.0,-0.002114735502779665,-0.09840658626494304,-0.01725781010695939,0.0,-0.02499876780937787,-0.0021942331837811946,-0.0018851089092116705,0.0,0.0,-0.046558750818954074,0.02833483313486032,0.14542644583228578,0.0,0.002024188080930657,-0.007203802154238765,-0.0208276999546698,-0.003956423394608749,-0.019116705231363478,0.0,0.0,0.0,0.018445206097329296,0.0,-0.004447325117203191,0.007175843635941288,0.003269717819421239,0.032837723949122107,0.0,0.03625634792253284,0.01658730596623099,0.026815656134961893,0.015418495168856128,0.01609517323907465,-0.009472879371386373,-0.007398408781266497,-0.011320201844488094,0.0013006064330936648,-0.1565126034490418,0.011235706887861099,-0.0006915631684151719,0.0,0.0,0.0,-0.0032961110204748835,0.0,0.0,0.0,-1.4979440409995246e-10,0.0,0.0,-0.004810744333615,0.0,0.0,-0.0032873126701247336,0.0,-0.0022488827826027936,-0.003329637462696852,0.0,-0.003381828883802154,0.0,1.501766625941006e-10,0.0025918570817351863,0.010423537845183505,0.004105500955305091,0.0,0.0,0.0,0.0015956250348358528,0.013365098213999112,0.016280600474950096,0.01829602570401841,0.0,0.007488738148161179,-0.002078243886026006,0.0,0.006763968821908191,0.0,0.0,-0.003943006417073056,-0.0018831181892648883,0.0028707414083518896,0.0,0.0,0.0,-0.004130032013861013,0.0,0.0,0.0006209652926505789,0.01148979617361098,0.017164917920309896,0.0,0.017641021479659347
2024-03-31,0.014576354996234999,0.0023517354245744717,0.0,-0.0034815714130861306,0.0,0.012180020926233655,0.0,0.0,-0.018146612273763223,0.013645880158535578,0.003808016193745331,0.0,0.005029248381406192,0.0030432297990083774,0.017475390224221163,0.0,0.022252091154298402,0.0,0.0,0.0,-0.0001448217108004989,0.0,-0.01884498008210823,-0.026425922300988662,0.0,0.0,0.009386307494473979,0.0,0.0,-0.07285190940458527,0.03443390844064303,0.022620984486182584,0.037527221709731905,0.015682631340748217,0.038333447269074596,0.023460209703973035,0.014251693428935229,0.0,0.0,-0.006135517411211617,-0.10809488717214077,0.0,-0.004039192887481365,1.6035923036357784e-10,0.0012313865904580352,0.004772697935718215,0.011282177357003039,0.032408485376098056,0.0,-0.01457081443080671,-0.006976281318803471,-0.006944001277501254,-0.015312929852225765,-0.03925597085297232,-0.02177909413935945,-0.015636513878114298,0.0,-0.004987634223971128,-0.0020216668141920034,-0.020769248973878197,0.002548947788216494,-0.011759761586765727,-0.01932284032433492,-0.005525185853985463,-0.007278122186584355,-0.019604316289743764,-1.1487208657220726e-10,0.0,0.0,0.0,-0.004279760052320733,-0.00162989334262507,-0.004364221555696107,0.0,0.0,0.0,0.049359332140439596,0.022128894464077845,0.024750517102687705,0.0,0.0,0.0,0.0,0.008056369809722113,-0.01652113522361641,0.0,0.0,0.007629881862982622,0.0,0.0,-0.003295193051465,0.0,0.0,0.0,0.016319385447116586,0.02945355283309968,0.0,0.0
2024-04-30,0.008778974045945822,0.006653230876961826,0.0,0.0,0.0,0.012910706222662846,0.0,0.0,-0.003916615942379374,0.018005760086627808,0.0008836735876237732,0.0,0.0006239740192222604,0.009251217137296928,0.029391763215287976,0.005608083855095216,0.022486691159248166,-0.04436174217950025,0.0,-0.03062931128995853,0.0,0.0,0.0,-0.020723411797246984,0.005820607408849211,0.0,0.009926417394639718,1.4516140417652014e-10,0.0,-0.022342978709270257,0.05878219858353112,0.03467511291412509,0.015085570312218955,0.09304357126324489,0.001488946409804635,0.006437457501525007,0.0,0.0,-0.001570547867237349,0.0,0.0,0.0,-0.016534804009458014,0.00824104683209142,-0.0036866313704837783,0.06507205409576441,-0.016976736973067213,0.009349988560742805,-0.012960516881772846,-0.011697836334594728,-0.000321923097864233,0.0,-0.01619013940843445,0.0,-0.008965369162044476,-0.006033214838183134,0.0,0.0,-0.0074657078158421215,0.0,0.0,-0.005578554113387746,-1.9040534033212963e-10,0.0,0.0,-0.002979340360319537,-0.020190437959163907,0.0,0.0,0.0,-0.031029851558500233,-0.026256881510242597,-0.03908004336452607,-0.003894100995687508,0.0,0.001980213565269987,0.0023985953224109173,0.03325392928551521,0.01309846308811386,0.0,0.0,-0.01564188874178936,-0.03717694025193867,0.0023608908015353377,-0.029571161921059488,0.0,0.0005693719126642342,0.005482629404292418,0.0,0.0,-0.0048530902849138755,0.0,0.0,0.0,0.0,0.018338860992526747,-0.02960511659142963,-0.029765104479298293
2024-05-31,0.00953152102055921,0.0661556276336353,0.0,0.015370299126779695,0.021834515685049787,0.0,0.009860946199089317,0.0,0.0,0.0,-0.012199985896733948,0.0,0.0,0.0,0.03894905376317182,0.017140934357327206,0.0,-3.614069663668593e-05,0.028172253510780246,0.0,0.037841760909911946,0.019573698023993842,0.013122992213280792,0.0,0.0,0.020559855355343205,0.0,-0.031907099986169446,0.0,-0.0019501587397975756,0.00041955513597901646,0.0,0.0037925962515841065,0.0,0.0,0.0,-0.008889656274556386,-0.014650909378518219,-0.04037250624020532,-0.012409177036971164,0.0,0.0,0.0,0.010058319258905608,-0.0036439375297514847,-0.02697769643439,0.0,-0.0299320186256941,-0.02237142784069431,0.004898648177632313,0.019445921249501386,0.008068195968867667,0.0,0.0,0.0,0.0,0.011667965543155889,1.7034918138946287e-10,0.0,0.0,0.0,0.014732575408206069,0.0,0.018226241537921864,0.01565089720131061,0.01356230643050547,0.0,0.004426440285805292,0.012433734936163982,0.007957947214629722,0.0,-0.015421640370020395,-0.053958958291830214,0.0,0.008309313228248372,-0.03057406125686651,-0.034285903036144365,-0.013496437126748658,-0.0261858359432421,0.038867451648066126,0.009368432554244879,-0.020735795523962763,0.0,-0.013502406691196714,-0.003982646301190127,0.0,0.0,-0.005177064724821395,-0.00690555317149503,0.0,-0.0023944766000629386,-2.0985969989714192e-10,-0.016723748841274467,-0.029777635873994613,-0.014871426679196192,-0.005598716255312494,0.0,-0.0010669784226627077
2024-06-30,0.0,0.01520059378035901,-0.008965310840954352,0.0,-0.003902492381148996,0.0,0.0,0.0,-0.011245657271554032,-0.003876652860315244,-0.007826599241141066,0.0,0.0,0.0,0.017644327556171936,0.0,0.0,0.0,0.017118546831975116,0.020217433854860852,0.016981720557781254,0.0,0.0027977747814987874,0.0017080961835582644,0.0,0.010265163078135825,0.0,0.0,0.0,-0.004885747967745942,0.0,0.0,0.0,0.0,-0.0019639910276016905,-0.009591149152291038,-0.01269993408444127,-0.009649641296744524,-0.1036029025436546,-0.020449419244195438,-0.007512733798317432,0.0,0.0,0.0,-0.01570481097500153,-0.01812789966744653,0.008667625874381184,-0.01823019737303532,-0.013973639569920563,0.008877530757117379,0.0010123306168751762,0.0024585950398104176,0.01863257024913169,0.0,0.0,0.00989377760619462,0.0,0.0,0.0,0.0,0.0,0.1914134537263835,0.00019040628000352374,0.017509392649051433,0.0039441981943446475,0.038449553102014214,0.0,0.00027027097879880847,0.0,0.004388064237735579,0.024978159223478548,0.0,-2.669929194059635e-10,0.008562133484648954,0.0,-0.022969467668646226,-0.028889095071962623,-0.010189452033465407,-0.010620425594258817,0.029325742476591938,0.008941819366509212,0.0,0.002216962953501013,-0.02589963712878739,0.0011097655706846466,0.0,0.0,-0.014650624518926814,-0.013654318230612634,0.0,-0.017677124752295176,6.173040298811077e-11,-0.009933039192421238,-0.02663764736909957,-0.026796976249247092,-0.019873412627774402,0.012272671890996054,0.004951319035676018
2024-07-31,-0.004642371675334346,0.0,-0.03486924547120012,-0.0028524004487935667,-0.0050672042683377995,0.0031625289853361104,-0.02250901627661217,0.0,-0.0272934280659014,-0.004517638124423407,-0.0006385211667685724,0.0,-0.01446263328478636,-0.008497305520207108,0.0,0.0,0.0,-0.0003069376694136348,0.0,0.0018538036292449352,0.0,-0.015016909726215086,-0.004398968519582602,0.010697035718527422,0.02800520797367926,0.03508395948533221,0.027448303396040707,0.004746922187156665,4.442769797578036e-05,0.015943507386543116,0.034689284078089196,0.014827425287432043,0.013480455360707452,0.008720132662808902,0.0,-0.002259249006182966,0.0,0.0,0.0,0.0,-0.04580496512008155,0.023091002669583673,0.004792221301599337,0.016247020709829415,-0.041826057610913105,0.0,0.0,0.0,0.0,0.0008441632918256431,-0.000254776181559261,0.0014572951938956811,0.0,0.0,0.005329703092306572,0.024665307983381436,0.14180174297985643,0.025788395525894618,-0.02396071453791273,0.002760697299471397,0.0,0.0,0.0,0.01560333575559714,0.0,0.0,0.0,0.0,-0.0006352927184498185,0.0,0.0,0.00033979375367670255,-0.02270436188644945,0.0036490582899473376,0.0,0.0,-1.7122096801675076e-10,0.0,0.0,0.018286454218454328,0.0,0.0,-0.007172811080786259,0.0,0.007565125821102344,0.009075688124376842,-0.004936139489905573,-0.03558629025584455,-0.02368804743532616,0.0,-0.042697081636521673,0.0,-0.007368589481657588,0.0,-0.009007420777906798,-0.0835577011612756,1.4032729241188027e-10,-0.0034679212304297258
2024-08-31,0.0,0.0,-0.0178967795359733,0.0,0.0,0.02112000060764613,-0.02422511607210655,-0.014856519169946979,0.0,-0.04120059770275529,0.0,-0.00014564520793561428,-0.020889059651149303,-0.01572186670540096,0.0,0.0,0.0,-0.05038996933544537,-0.011850608533852305,-0.00781920491236063,0.0,-0.0878055557912804,-0.006184514740392784,-2.0527960110812492e-10,0.0046037954392020445,0.02280275648314758,0.02179839426347493,0.011027270329393728,0.0,0.02058874782504817,0.015012770094561739,0.18673506462412423,0.010257974069001344,0.01775087278263364,0.004903563097145737,0.0,0.0038752624012622946,-0.021126846101519665,9.448538763064896e-11,0.007793818963408323,-0.002188146141426031,0.034538102842097664,0.015471799220007111,0.00994154647983674,0.0,0.0,0.0,0.0,0.006009752521415752,0.011155829393612983,0.0,0.0037390168283473455,0.0009557031073016156,0.0,0.003950265230495106,0.0011847065520893159,0.028701362359603865,0.013485395062018096,0.00012786843440731484,0.0,0.0,0.0,0.0,0.0007385330390065976,-0.0027129751110761637,0.0,0.0,-0.01998557750339939,-0.01869985510783812,0.0,-0.013004102400673822,-0.0028398852223031484,-0.04490524544323318,-0.004282988217752501,-0.023834289049446424,-0.014626440770033215,0.0,0.0,0.0,0.008406175382489058,0.0,-0.009101689873009642,-0.004956383537538115,0.010951027457464348,0.0,0.0,-0.00035648982867751553,0.0,0.0,0.0,0.0,-0.002516824727527587,0.0,0.0,0.0023726250152717814,0.0,-0.002398841485365439,-0.013477981915300974
2024-09-30,0.001454281718848961,-0.0017994295469005055,0.0,0.0935924237130719,-0.011911749501846078,-0.0006830181847382895,-0.013421974327418523,-0.02715966296293677,0.0,-0.024648689580692582,-0.0009543529912438086,-0.00417898535254917,-0.008804033213882257,0.0,9.421197005470797e-11,-0.002819644141148279,0.010773674053299032,0.0,0.0,-0.023469719992902812,0.0,-0.025121046423971654,0.0,-6.298477267644495e-11,0.014811151399338284,0.01714068383211235,0.010798369969128032,0.02214736501060357,0.011805292331742788,0.0012910590633232436,0.0,0.16305790467556092,0.001158209403765924,0.0,-0.002011616632147002,0.0014577763514741584,0.0,-0.2,0.0,-0.002260995597653925,-0.0033705950487246685,0.0,0.0,0.0,0.0,-0.002314492202774893,0.0,0.0,0.0,0.019672646661210765,0.0003770500137859473,0.01017982519403087,0.00689190466328134,0.0,0.0060692377386587955,0.007312001606204982,0.03323942455794062,0.003638898650751939,0.0,0.010290502812159166,0.0,0.0,0.00025636455533040533,0.0,0.0,0.0,-0.002341268355711424,-0.01578213064655864,-0.0029088719588303636,0.0,0.0,-0.008761998729993769,0.0,-0.012666676028182621,-0.03172880261014774,-0.008618356274413192,-0.0005180646342359305,-0.003402081571768656,0.0,0.004243567469710323,0.0,0.0,0.0,0.02741584049405798,0.006882822143235801,0.00485985383757192,0.0,0.0022134934639285115,0.0,0.0037117069987447748,0.0,-0.0008502924555016453,0.0032566675229147232,0.0,0.0,0.0,-0.05052933671592018,-0.006962114254219812
2024-10-31,0.0,-0.002434074324943156,0.0,0.0,-0.0426467296931613,-0.00871751315477001,-0.017178769625769946,-0.027445498843783896,-0.007579170203122036,-0.13673910602577,-0.011680398642204716,-0.015421066666185751,-0.024876411420520137,0.0,0.0,-0.013868201381045624,0.0,0.0,0.0,-0.05332132581933019,-0.006304839418569139,-0.02134844608805314,0.0,0.0,0.020608865586862216,0.008634469511234087,0.010065483558992878,0.03664694627364248,0.02454022680092446,0.0,0.002726129183286645,0.0,0.04211315355392263,-1.0698942942342145e-10,-0.01199993837787579,-0.0011315845358164773,-0.006419876130581621,-0.02621552794375433,0.0,-0.01010644424195587,-0.011726624485902523,0.0,-0.005514540854666459,0.0,-0.0030619611538295136,-0.01106472287459711,-0.0003278493528668719,0.0,0.0,0.004635788387896466,0.011459601372691348,0.0,0.0,0.0,0.0,0.00016272756227064456,0.0,0.006984122337272018,0.0,0.03897148609564736,1.4117800009443542e-10,0.0,0.015449271667547731,0.0,0.0,-0.0012739895658832943,0.0,0.0024737573173893375,0.0032297278808065665,0.0057674157734075755,0.011603643232779773,0.009337206055216074,0.011260773352753307,0.0014833933585660397,0.0,-0.008896852087707081,-0.002237677229924549,0.0,0.0,0.0,0.0,0.024324708395714045,0.008625377174402088,0.01657284143950196,0.08068237262965097,0.03036576386450158,0.0030163775350044507,0.0,0.0,0.028497767639635678,-0.008213534328344358,-0.0022473254220757156,0.03916011317776635,0.000600489139535416,0.0,0.0,0.0,0.0
2024-11-30,-0.008981745758012728,0.0,0.0,-0.0016256802857583508,-0.023196700406970073,-0.0001517422066960381,-0.010562746708192922,0.0,-0.014978891099533867,-0.0007666719528082796,0.0,-0.019864725469861587,0.0,0.0,0.0,-0.03381735541495425,0.0,-9.831753731359814e-11,0.0,-0.05957223129238106,0.0,-0.03886145789394353,-0.009736634084804303,-0.007898360934654663,0.01849942519746359,0.022799867402413118,1.2224435012406505e-10,0.0,0.0,0.0,0.010381302532535282,0.0,0.014247840768945719,-0.03434084085964507,-0.031498973407196096,-0.01722154729302483,-0.04122240142648026,-0.029801858527752287,-0.007815540368114165,-0.017597577858248656,-0.020596083899943513,0.004779482632965242,-0.00778377529424339,0.0,0.0,-0.003847661939550962,-0.029648963728052584,-0.004475570357730531,0.0,0.0,0.0,0.007288103866344205,0.009110191138609216,0.009142923822352236,0.016168376872967603,0.02816416500553275,0.0,0.030158127750458223,0.005996399495825639,0.0003977916837179618,0.02793095665503108,0.0072658092798584,0.006191466480155765,0.0,0.01527343279690734,0.007595490972693049,0.008316749086616481,0.0,0.00012324259673353536,0.0,0.0,0.0,0.0,0.017550019964474757,0.02096845676964501,0.0,-0.006383577180635777,0.004594837488374795,0.0,0.0,-0.0004636959418510596,0.0,0.012825902850378202,0.0,0.14889165748246708,0.0,0.0,-0.010434858792179277,0.0,0.0,-0.006852129518462375,0.0,0.0,0.0,0.005389515857926128,0.0046446734247792805,0.015468657094112694,0.019835132907471274
2024-12-31,0.0,0.008369714009737664,0.0,0.0018659999777965348,0.0,0.0,-0.0013422641007176056,0.00473644728219818,-0.010027421903546142,0.0038739366948662276,0.003964413026833261,0.0,0.003228734514469905,0.0,0.0,-0.019040845838553068,0.0,0.0,0.0121375551161549,-0.010834830902894433,0.0,-0.010335613541073893,-0.07665391845196999,0.0,0.026407010348972196,0.03141229186627625,0.014373709713086056,0.0,0.005278830339054472,0.0129639341170903,0.009338395018648442,0.006037945637035088,0.0073581720772107895,0.0,0.0,0.0,0.0,-0.0036601560914433268,0.0,0.0,0.0,0.01979325484471784,0.0,0.007362462461045882,0.005618296081486593,0.0,0.0,0.0,0.0,-0.03828996783007069,-0.021582336258155057,0.0,0.0,0.0,0.00702581945020991,0.0,-0.005400918024263421,-0.005238922712856425,0.0,-0.010301478612076937,0.0,0.0,-0.013808988211833888,-0.0037848082087000856,0.0,0.0,0.0,-0.009426547347796542,-0.010478765636030264,-0.009694543602899328,-0.010630344135464964,-0.011101066805734111,-0.016501606555895058,0.01335224446783237,0.025391110950514786,-0.007218126345016953,0.0,0.02597239045766746,0.004354462039058971,0.000959468001318786,-0.00203423041546691,0.0,9.643110409682056e-11,-0.012342511376703818,0.07856563864970362,-0.00795822063208422,-0.03868216200021589,-0.05550983224661075,-0.02491154005773655,-0.021383634689717,0.0,-0.031824397296122846,0.0,-1.6834992357419836e-10,0.029780862637583786,0.010727083794366645,0.05139112451025191,0.06835869181838
2025-01-31,0.0,0.0,0.0,2.5718879268361504e-10,0.0,0.0,-0.003127755259053877,0.02069540579125281,0.0,0.01219763664014357,0.018258435948356026,0.0,0.0065281884746180305,-0.00020987216170895563,0.0,-0.015083155719002476,0.0,0.010061961032563764,0.05840197063745187,0.006443189656794687,-0.0018963422365523468,0.011932272772800009,-0.018862107610854956,0.013396079323093656,0.007875974639302662,0.029229630768061676,0.006480020364525312,0.0054155332734320185,0.026708865154459676,0.02862943815241142,0.04048115412360047,0.014804351827484536,0.017569465301125468,0.008779622154909787,0.0,0.0,0.0,0.0,0.004944167756545433,0.0,0.0,0.017313685492201917,0.0,0.015701322511082846,0.0,0.038223846964592544,0.03889351564765243,0.008461969814308913,0.0,-0.014058659569014963,-0.013703316335894857,0.0,-0.00016025145885387027,0.0,0.0,0.0,-0.003058144465014463,-0.0024542272319927824,-0.0017688247341987862,-0.0027953248604921164,0.0,0.0,-0.01132127261835405,-0.0017002253256321216,0.0,-4.756037478259464e-11,-0.0007218420241598886,-0.004725018114743203,-0.031249941939626963,-0.0010041634193836998,-0.008366378396218906,-0.012686027769999468,-0.10701994916441575,0.0,0.0018257354818435674,-0.0022367327765277552,0.0,0.0,0.0,0.013716810436261639,0.00483226177739856,0.0,0.0,-0.0002586543741106381,0.0,0.0,-0.2,-0.01269099515961935,-0.003072316810119547,-0.007798568949468974,-0.0031520505599417054,-0.014817880907483125,0.012197487824535917,0.0,0.0,0.0,0.0,0.0
2025-02-28,-0.017261433043296383,0.0,-0.021004322258658427,0.0,-0.028506555703863366,-0.01396231849441181,-0.004763404938610053,0.012174890835537222,0.0,0.0,0.0,-0.024628470902917917,0.0,-0.03223826808995647,0.0,-0.09890965442016493,0.0,0.029485759050727176,0.0,0.04621426074639775,0.010424169645760631,0.07339520642462179,0.006620153570054024,0.0,0.0,0.0,-0.001650100078038817,-0.010318484178221553,0.0,2.7958371318322867e-10,0.007349093323881653,0.0,0.001856173602495301,0.01587715950402224,0.0,0.0,-0.0010345432993753602,-0.003760013111847196,0.0,0.0,-0.007363877624523711,0.012005041286876291,-0.014915212541678826,0.0,-0.014121908083968453,0.0,0.0002511310297761298,0.0,-0.018839932313989515,0.004130702780828892,0.0,0.02089115582655391,0.0009873289983616806,0.02558407008102412,0.0,0.030931773251435236,0.026099342351123097,0.022175469185758623,0.02140847855304087,0.03044804817935766,-0.0018707222148334457,0.013003009726616947,0.005297438037798912,0.00491920923874728,0.0,0.011791516784879438,0.0,-0.044216857250732836,-0.017103657036923178,-0.014388315389794194,0.0,-0.015862370562721648,0.0,-0.010594319509443737,0.0,-0.004136197192587669,-2.042435948756199e-10,0.0,0.0,0.0,0.0,0.0,0.003906122959325874,0.0,0.002060547566157755,-0.01212517085981165,-0.046669155762331674,-0.010256698448295161,0.0,0.0,0.01738861131893047,0.03291812232883885,0.010406013531486416,0.0,0.0,-0.001229921713918074,-0.007172107106581372,-0.0010960076642590605
2025-03-31,0.0,0.003547936212560989,0.0,0.0,-0.0006283555841681057,-0.00746064666400347,0.0,0.0,-0.029087294572475154,-0.0030026020841989647,-0.01095386093378706,-0.0036581633260968148,0.0,-0.03252042252929437,2.5202481376361926e-10,-0.14987868522276498,0.0,0.0,-0.024509541196869263,0.04178636413137452,0.025022897345181,0.06869490855281211,0.020802787110964928,0.0,0.00556437518410557,0.0,0.0,-0.02929389300588047,0.001794985265837753,0.01339813693583595,0.0,0.0018004846554051316,0.018490493347561938,0.01498124781466222,0.0,0.0,0.002796858045261616,0.0,0.016311279398477166,0.0,-0.0027796226484002083,0.0,0.0,0.0,-0.028947767796362493,0.0,-0.017255110334988867,-0.008747602188955393,-0.023156705151754473,0.0039526323717138665,0.0,0.020117157985090558,0.02282892649946748,0.030613164023286656,0.007852964840151674,0.0006088123495491044,0.008249056782889827,0.0,0.023501151680464454,0.05079177714399492,0.0,0.014301918025934661,0.0,-0.004562442948149521,-0.001550113533381628,0.0,0.0,-0.001960241898041527,-0.002221223026796331,0.0,0.0,-1.3303641140634226e-10,0.0,-0.01985988184036389,0.0,0.0,0.0,0.0010040640306443825,0.0,0.01537315111618598,0.0,0.021417628737009045,0.015476602121694674,0.00928454323285274,0.0,0.0,-0.007347124181787752,0.0,-0.01956798901879274,-0.010680974685468745,-0.0001825178564961727,0.01963369480700429,-0.0036084534991506025,0.0,-0.0029524806904854934,-0.005951301572263606,-0.035351533034355856,-0.012323448841429632
2025-04-30,0.011142914618210141,0.03140013389118747,0.004324098823949151,0.0,0.0,-0.003399872198031066,0.04980666263646526,0.0,-0.006018230376130824,-0.010442358486028406,-0.013507776704095432,0.0,0.0,0.0,0.00512528522976425,-0.0035820107229890584,0.007975127218854842,0.0,-0.01490872991639982,0.002662614146069492,0.023153136690147437,0.012971988765953927,0.02558403848250615,7.194582217169359e-11,0.038373557662655745,0.00017142686456659726,0.0,0.0,0.0056236212749803385,0.007312956111527367,-0.010791135645352388,0.0048102855114405384,0.0,0.0,0.0,0.0,0.0,-0.012850457587922188,0.0,0.0015730890965273225,-0.000986175783057379,-1.0105136494803253e-10,0.007127581511250525,0.0,-0.015695850260297125,0.0,-0.09780188792387648,-0.011654156566578783,-0.009744621720156551,0.0009808329764213856,-0.01404867382271157,0.005253626305083153,0.13666102323565146,0.01086796811274648,0.02655347235877568,0.0,0.0,0.0,0.008407468625847044,0.03958265062173471,0.0004493115444549904,0.002624932375865648,0.0,0.0,0.0,0.0,0.0,0.0,0.0,-0.014699003801719181,0.003859548604589758,0.0,0.008244868091876443,-0.11949550891817165,0.0,-0.005751489547871259,0.0,0.0,0.0,0.0,-0.006399331863813006,0.017375778538950868,0.0,0.0,-0.004202250200329117,0.0,-0.01725487079522788,-0.005933702033669531,-0.0045669097431323075,-0.0031456198685447115,0.0,0.0,-0.0099007848493571,-0.0009454882643813896,-0.012382901948747001,-0.009335111072402518,-0.041926692419418446,-0.01862839685853647
2025-05-31,0.0,0.0,0.0,0.0,0.0,-0.0015967968771515898,0.0,0.0,-0.002400439929385824,-0.00687194383941869,-0.01127999472311208,-0.001543340641698616,-0.001591846674372643,0.0,0.0,-0.0012322978384961677,0.0,0.0,-0.005082436917236116,0.0,0.0,0.0,0.0,0.0,0.0009200541478202935,0.0,-0.0007863279448131385,0.02339185153696734,0.02603557663559972,0.0044669905236529505,-0.026525368105195412,0.0,0.0,-0.0030409817006794653,-0.000767841271547745,-0.002851679250971479,0.0,-0.03696344383212501,0.0,0.0,-0.005676569641731796,-0.00693411294309783,0.0,0.0,-0.008717661642512593,-0.0013001407917869704,-0.016725897574507622,-0.011870612894862265,-1.3821436435657284e-10,0.025752700698117692,-0.04679730533997408,0.038577894059132506,0.06821833595672017,0.056161563517373406,0.04937755924395846,0.020843978798461893,0.021095786241256315,0.01339555152912355,0.01538072174748785,0.033910992795806026,0.02501816717886804,0.0060667050000802,0.0074383199235100025,0.0008624689972781502,0.00497708621236268,0.009914477934533091,0.009369498009669935,0.0,0.0,-0.030386941184791696,0.004107149707693997,0.0,7.949588449797408e-11,-0.027073274415825518,-0.002466051186776693,0.0,0.0,0.0,0.0,0.0,0.0,0.008459232312360091,0.0005680073932917947,0.0,-0.18661182199316145,-0.005560758401348645,-0.023873144878452626,-0.011992700024390542,0.0,0.0022930918240586127,0.011671555267963681,0.0058109812179346,0.0,-0.011478267402361334,0.0017854800688685117,0.004128221440552561,0.0,0.0
2025-06-30,-0.0037030423136065783,-0.0007282825325658126,-0.009169672142666906,-0.014033682248265405,-0.000546011711674532,-0.0013662115756968346,-0.006481829355803244,-2.2358815302853979e-10,0.0,0.0,0.0,-0.00695939133015977,0.0,0.0,-0.001318823448673498,0.0,0.0,0.0,0.0,0.0,0.0,0.0,0.0,0.0,0.0007817255409729043,0.0,-0.012163556572275962,0.014703150941425078,0.023773209386624278,0.013318880611015504,0.0,0.0,0.0,-0.028719271171918696,0.0,0.00483869271089058,0.0,0.0033016947408944803,-0.011625834070956902,-0.010810468765102799,-0.015482301797189835,0.0,-0.0016511284950453226,0.0,-0.03974912236398887,-0.012915741190343468,-0.012507039182281519,-0.03557036853631211,-0.011699111880148171,0.010357797946667776,-0.028724433153798155,0.010678144121594407,0.022263250539815704,0.006674724451210608,0.007210503827811451,0.012367008563420247,0.010355120368844149,0.0,8.792042776764906e-11,0.0,0.03546712331545504,0.0,0.0,0.009599709598226827,0.0,0.0,0.010724401544923169,0.0005385288315573759,0.0,0.0,0.0,0.000302395749582988,0.0,0.0,-0.04777042371904507,-0.012183491613268295,-0.006487742544552445,0.0,0.004535754647338055,0.013195759295910771,0.013088041452391794,0.09792188413211399,-0.005826409500241005,0.0,0.0,-0.0029450548785271576,-0.12018041982499139,-0.03032606688296164,0.0,0.0,0.08669017079825661,0.014656832262765387,0.011187807790281622,-0.008355066974350431,0.010727462070196201,0.021684890468549503,0.01776825012373305,0.011287084079610096
2025-07-31,-0.0005534246728163934,0.0,-0.005480512458984476,0.0,0.0,0.0,0.0,0.0,0.0,0.0003012621119792046,0.0,0.0,0.0,0.002557372721951514,0.0,0.0,0.005616850756480496,0.0,-0.001991204882905169,0.0,0.0,0.0,0.0,0.0,0.00850319804256177,0.0030883882940123866,-0.007664723657166603,-0.01895477944144998,-0.01770912434829964,0.01664845091070451,0.0,0.0,0.0,0.0,0.0011168006556863954,0.004789505568011101,0.0,0.00957293222423665,-0.05596140413103705,-0.004405527058228944,-0.0028810135915689756,0.0,0.0,0.004420952684210507,-0.04111899084107631,-0.0015143303909626832,-0.00833785801532759,-0.007138476287179822,-0.004529673677946496,0.006539971485482213,-0.022518619867421878,-0.0011772187891105797,0.016206146985865776,-0.024894866855837233,-0.01712858550089031,0.0,0.002473785118609314,-0.04186016648718533,0.06777351996827838,-0.028460469662817633,0.0,0.0,-0.0005582983545616322,0.007991572220209645,0.0018959559020632394,0.0,0.019605142701543496,0.00874653395549895,0.005498635416847962,0.006769501091104379,-0.05335348800665337,0.0,0.0,7.775675576439042e-11,0.0,-0.015228045751291495,0.0,-0.01322560857006849,0.009709107818926435,0.04108573916393309,0.010253107584634696,0.10199549894420697,0.0,0.0007598963168921205,0.0,0.0,-0.07540366232888149,-0.0051740517482878985,0.0,-0.0032092013521391794,0.008897321134372617,-2.359727719459236e-10,0.006133452330375998,-0.009230325873257799,-0.010336347160672731,0.0,0.03692864348317399,0.08412075433038949
2025-08-31,0.0,0.014114617831103196,0.0,0.0,0.06914381338977228,0.0017891011698896336,0.002133897269784324,-0.005910617470071978,0.053944744781412694,0.015296114401060443,0.012140967328965097,0.004503365360335302,0.10645341184676482,0.0,0.007467783351004957,0.005896338226420143,0.011049327507706671,0.0,-0.011082557336852488,-0.008693670930048303,0.012057876326495317,0.006582132242956016,0.0,0.004984228058884707,-0.007101601650611534,-0.004346510793681047,0.0,-0.04063269564609475,-0.023898695740211105,-0.008543994557009198,0.0,0.0,0.013788815244153487,0.0,0.0,0.0,0.0,0.0005000805767404074,-1.214840004201129e-10,0.0,0.0,6.434773305736643e-11,0.0012408862937645822,0.018690674568939445,-0.0009372030251833063,0.0,0.0,0.0,0.0,0.004571647883891895,-5.5505252447826225e-05,0.0,0.013167125193325442,-0.11972888353404475,-0.029966874288875237,0.0002999503856060853,0.005398479020860787,-0.0441016139597551,0.05723297190501527,-0.01788938002524179,0.0,0.0,0.0,-0.003169812405511514,0.0,0.0,0.011433886331006176,-0.0009081659293957317,-0.002115014745562333,-0.015789258414656376,-0.0036619792701437846,0.0,0.0,0.0,0.0,0.0,0.0,0.0,-0.008361578950914895,-0.0023862610726813668,-0.008283964474314669,0.0,0.005825786518895623,-0.01287311728609641,0.007519461912069898,0.01360697167356871,-0.05789197839589409,0.0,-0.007954872312468714,-0.012178165975559548,-0.006606112565041377,0.0,-0.0036512306340147284,-0.031278683236132046,0.0,0.0,0.0,0.019165543335258883
2025-09-30,0.02506145318551385,0.061825830289026544,0.07872481722463485,0.0,0.018460909557872482,0.0,0.025133424223178106,-0.016770700776051098,0.00760823032658894,0.0,0.0,0.0,0.005016691464808527,-1.7051247489686614e-10,0.057382333170408466,0.020965569708558496,0.008921446375396953,-0.002221291627761522,-0.010725565109843616,0.0,0.0021522929549278535,0.013853213497743839,0.0,-0.007322903340716005,-0.031828673196663354,-0.030340446363747286,-0.02877076623924984,0.0,0.0,-0.007710309364373291,-0.008228101628401319,0.005571327349983445,0.0,-0.004477434459540765,0.004833363976609524,0.012851497318909656,0.01305945436377705,0.01559255574934151,-0.008590280709107018,0.0,0.0001638566387009429,0.0,0.0,0.0,0.0,-0.011190451349117003,-0.009451372126184665,0.0,0.005777475225023137,0.009786091610488998,0.0,7.054308496235354e-11,0.0011660244047367958,0.0,-0.0040065435262666834,0.0,0.0,-0.06002929434540453,0.0,0.0,0.004175742044671188,0.0,0.0,0.0,0.0,0.0,0.0,-0.0008554245872602781,-0.011369341016128149,-0.021963827715366875,0.0,0.0,0.0,0.0,0.006293221706513755,0.0,0.0,0.0,-0.017544914155946462,-0.02048308041865859,-0.023147230844805862,0.0,0.004191668931349393,0.0,0.024262241764524756,0.017815612846880616,-0.015140720431123971,-0.00690878197712891,-0.03873511566096445,-0.02507612057320019,-0.03733603627676075,-0.012956464197296711,-0.026622080864734318,0.0,0.0005437362329641072,0.0061139072688931265,-0.00019672694768406348,0.04269601051743001
2025-10-31,0.0,0.0,-1.4077633316087862e-10,-0.012429818823878365,0.0,-0.007163354660057033,0.0,-0.011146238216378258,0.0019134300713698452,-0.017298962853033714,-0.01622851294772942,-0.010576967258733272,-0.0030581502768298042,0.0,0.0,0.0,0.0,0.0,-0.028770593183949797,0.0,0.0,0.0,0.0,-0.02008088126931092,0.0,0.0,-0.041883881172155184,0.0,0.0024988954283480472,-0.000799163479139562,-0.02490836073517836,0.0,-0.02141429657492135,-0.026596756766717005,0.014323694424261697,0.01822553059391227,0.0011384012735767542,0.00036576605419341474,-0.026733212542825836,0.0,0.0,0.0,0.0,6.569249647984418e-11,0.0,-0.03139697265069808,0.0,0.0,0.0,0.017967351892665864,0.00021747099742284458,0.0158451766579703,0.010834762416402043,0.003533643368385808,0.0,0.007530009784497199,0.0091830726661917,0.0,0.009092875449223894,0.0,0.016807140426063304,0.0005327785430195293,0.007377958665290598,0.008642106527538981,0.0007061579222809157,0.004791533182747152,0.0,-0.0031618069258152726,0.0,0.0,0.016322001609862677,0.0,0.0,0.001404162328064269,0.0014570584471050203,0.0,-0.00729463506361813,0.0,-0.007756348708965144,-0.0035906330949352265,0.0,0.004554952028796565,0.0,0.0,-0.013282420387633944,0.0006166593264189277,-0.0002507376586911635,-0.025386713457281412,-0.08972961765778548,-0.027577995037768175,-0.007328421889857246,-0.005368759884832697,-0.007967408960672846,-0.0008183777198309262,0.1647563049849081,0.008592037359412651,0.002643377955724974,0.14812568954865216
2025-11-30,0.0,0.0,-0.012265303554870056,-0.014612754315929895,-0.00703380031700653,-0.00985617977767646,-0.006321705021418464,-0.008807653601545843,0.0,-0.015245490590517767,-0.022602613503285282,-0.024126363644024207,-0.016176995038577117,0.0067450827409896085,-0.0025603339150293597,0.0,0.0,-0.006518481978746067,0.0,0.0,0.0,0.0,0.0,-0.020142334815070908,0.0,0.0,-0.057762662511500765,0.0,0.0,-0.014162318619172123,-0.024541157076854524,-0.002838694260353982,0.0,-0.023420161987646765,0.004069267763431482,0.011697652424986825,0.0,0.0,0.0,0.0,0.02652937264390746,0.0032871092149222444,0.007634038720591907,0.02438130558673788,0.0072399935172295414,0.0,0.008451683733082298,0.005780623799735441,0.03198670663928652,0.0,0.0162273956662294,0.0,0.0,0.0,0.0,0.0,0.0003743740059726394,0.0,0.0,0.0,0.0,0.0,0.008922903879239821,0.0,0.011540222306454682,0.0,8.535795625921625e-11,-9.572168304818658e-11,0.023514943723828858,0.0033209544322040864,0.06004900624112847,0.0,0.03433916575851976,0.01472064770892451,0.0065074030128881395,0.009798419782409817,0.0,0.024627750352998204,-0.006507778372318187,0.005128312655653057,0.010944620067849077,0.0607685742642546,-0.00406350305576642,-0.009653336628530003,-0.0200857753543953,0.006310766801992497,0.0,-0.021981300928304588,-0.10306460016676121,-0.015429064962319517,-0.008337619519561907,-0.006849397080463248,-0.0015939175062217779,-0.013438701800409958,0.0,0.0,0.018105196994472612,0.04699650547472051
2025-12-31,0.007524889229861429,-0.007830077829089236,-0.023337966545013963,-0.006170006226750592,-0.021379002950419296,0.0,0.0,0.0016889177337963903,0.0,0.0,-0.005041364279228215,-0.0067956801962677955,0.0,0.007819325598277258,0.0,0.004049568789646035,0.0,-0.00022893062565776,0.00020869011464909963,0.0050714238342226365,0.0,0.006891705755027741,0.00930326360460688,-0.07458816639349382,-0.004688543459037906,-0.003695227070111706,0.0,0.0,-0.0061461153455901535,-0.03910868780767948,-0.0030407946082031193,1.3646031813895091e-10,0.007227240584263133,0.0,0.0,0.0,0.0037180576597119403,0.0,0.010512860301916652,0.0,0.0,0.0,0.0244569861004411,0.06570349663247507,0.032736753545827973,0.0,0.0044926648194775695,0.016436092818597824,0.018256793554399228,0.0,0.020195558991949254,0.0,-1.6561632007968558e-10,-0.003510042506877387,0.0,0.0,0.0,0.0,0.0,0.0,-0.007666632532959502,0.0,0.009793232041731548,-0.0030874787853293526,0.0020309151460927463,0.0,0.0,0.0,0.0,-0.000456921534712153,0.009787145158605105,-0.007633523989674559,0.03962706372554148,0.04051566879368114,0.0,0.0,0.004585331108780344,0.06820285044540202,0.0,0.0064109974968229785,0.01124915226540628,0.043404760443637634,-0.05267353623237207,-0.034171265925182714,-0.004528812369770758,0.01809859356869126,0.0,0.0,0.0,-0.034037953977783184,-0.03632979517544376,-0.00039811571940901906,-0.0327090018271129,-0.06456825979017002,-0.0070947778404215935,-0.004955996146210264,0.0,-0.004127322144411405
2026-01-31,0.0514661963768286,-0.023510726559259208,0.0,-0.009116119657057406,-0.0031054068169376566,0.0,0.0,0.0,0.0,0.0,0.0,0.0,0.0,0.0055647211840842165,0.0,-0.00416971951663319,-0.0069797868643546495,0.0,-0.004711629568655632,0.027446167017580226,-0.011123319569061254,-0.0029702883262823425,0.020573904781637765,-0.0032327245980819045,0.0,0.0,0.0,0.0,0.0,-0.04462884735652225,-0.0047589497104233314,0.0,0.0,0.014695885393484891,-0.015370683804387997,-0.040008229443330316,-0.028559823055629128,-0.02922024616189896,-0.003199055075307113,0.01105834995092141,0.0,-0.02125531164320925,0.005458949879050276,0.0,0.0,-0.005955955836597905,-0.0022289201327011657,0.0,0.0,0.01698401300155459,0.03082408140667038,0.0,0.00022913413387735745,0.0,0.0041789635829225505,0.0,0.0011735855790016086,0.0,0.0,0.0001470161021745935,0.0,0.013266965149711726,0.0352311510604086,0.0,0.03475276343119666,0.0,0.009399292912173165,0.01823833835921817,0.0,0.0007706182021492809,0.00750587092803536,0.0,0.032942771884077494,0.05497269615878116,0.005535821641747598,0.034408008924853156,0.010330205001778033,1.4381686115565238e-10,0.0,-0.00459646229485431,0.0014421879671201584,0.03871311159010076,-0.05308150916032454,0.0,-2.1276686243412064e-10,0.010015376307948408,-0.007813435259510827,-0.01548811334902601,0.0,-0.009994680810587419,-0.02836006688508124,0.0026738519470949035,-0.05562414642123674,0.0,-0.010221361548478485,0.0,-0.01660505152025165,-0.03410942884155128
2026-02-28,0.0014921456225562315,0.0,0.00896302860351613,-0.005438331667442725,0.0,0.0,0.0,-0.006783622191196603,-0.0041723032672755485,0.0,0.0,0.0,-0.007237048368232912,0.0,0.0,-0.005278120780711318,-0.02333483203212866,0.0,0.0,0.0,0.0,-0.009923131303695812,0.0,0.0,0.0,0.0,0.0,0.0,-0.027066125426193806,-0.02353890861712493,0.0,-0.012172030543885853,-0.01563128821013301,0.01766845709246638,-0.02157486054934009,-0.045296255997282535,-0.014565819793938515,-0.03111449541862138,-0.021650313513849273,0.0012004999391507165,0.002799830373520318,-0.010946098644233114,5.8067172887085214e-05,0.0,0.0025433795650301703,0.0,0.0,0.0,0.008598784279084847,0.16204575809534613,0.011607783446664277,0.0,0.030680128410834007,0.0,0.03648948858941992,-2.373746908573268e-10,-0.01384590909555353,-0.0056217643832028345,1.1016118799421786e-10,-0.030758654694814848,0.0,0.0,0.014968312658045439,0.0,0.02375721645735364,-0.03365995509558092,0.0027950380440087894,0.02256595941720986,0.0,0.012799615547750403,0.013476751619402821,0.002333813781331888,0.010492172891510543,0.010931886333335722,0.010842678133107788,0.01213382928785565,0.013509226693622759,0.0,0.0,-0.03120549031989826,0.00673636715625474,0.015466230511549033,-0.034950156615303936,0.0005928697479240272,-0.013881382706148263,0.0,0.0,-0.02185751119090182,0.0,-0.0027032800968022643,-0.002744994454981797,0.04040612354432984,0.0,0.002044556874769717,-0.022538293243269867,0.0,0.0,-0.0005090215408809394
2026-03-31,0.00246050982549973,0.0,0.026397879302656652,0.0,0.0,0.0,0.0,0.0,0.0,0.0,0.0,0.0,0.0,0.0,0.0,0.0,-0.004960953791944298,-0.002856208138938818,-0.04320208416568524,-0.021192105483610182,0.0,-0.006604161766971588,0.0031272716391228168,0.008491371348168984,0.0,0.0017650637431917194,0.0027623707887940367,0.00017277402051968163,-0.007181937889264057,-0.004799134803636343,-1.6179915391550734e-10,0.0,0.0,0.013267146532059283,-0.0036528210288263806,-0.016657114125344426,-0.003433451551162878,-0.029369355070910007,-0.0034078752280690115,0.0,0.005640542012103469,0.0,0.001995222440424383,0.0,0.0,0.007471079203152456,0.0,-0.032841842322723996,0.017682288049400082,0.04885944150428782,0.0,0.0,0.00569631663108918,0.0,0.02548879402558742,0.0,0.0,0.004990713422391213,0.003795353878892481,-0.016322869664605433,6.948954293505727e-11,0.0,0.036343919606722834,0.0,0.0034477733149538793,-0.013394520424901454,0.0,0.049744634358097645,0.003277104130992554,0.08680629429478444,0.04744136818965635,0.032925736859898226,0.0,-0.015553072172471366,0.0,-0.06179446958436681,-0.011529514771301898,0.004567059225507767,-0.023605478349101188,-0.010688258731011355,0.0,0.011561959001330734,-0.024578881395797107,0.01338732002727102,-0.0157643290217279,0.0010394243318095375,0.0,-0.0025634195647434425,0.0,-0.030611652026630822,-0.00879840072114364,0.029393268222144085,0.0,-0.032137763335764284,-0.011379226197231447,0.0,-0.0168667969339869,-0.024252301576328544
2026-04-30,0.003167136898919663,0.0003648395987532667,0.016657104286279617,0.010881852337087201,0.012531081456377463,0.0057163344362328415,0.00933423101055325,0.0035590555308034175,3.903608339183796e-11,0.047435174307211926,0.004936376028365581,0.0,0.0248098890563092,0.01731522134442324,0.0,0.027763893328618013,0.029095321902743117,0.0,0.0,0.0,0.010896098349582979,0.0,0.035470450568640954,0.0,0.0,0.0,0.02308551163152138,0.0,0.0,0.007869318866584296,0.0,0.009436577642300338,0.0,0.031278278310038134,0.015055041682624316,0.00566690259067909,0.007449765970639174,0.0,0.0,0.0,0.0,0.0,0.0,0.0,0.0,0.0076921299287595534,0.0,0.0,0.00282010306107843,-0.007756017351962779,-0.01795909903718099,0.0,-0.002720439143336389,0.0,-0.007432972943644827,-0.00705313196998063,0.0,-0.03802765962919751,-0.011410736197627655,0.0,-0.006898090670824076,-0.0016819629069875772,-0.02411861649393745,-0.009355646997107676,-3.241974356898156e-05,-0.0007546905951780164,-0.032220994967474256,-0.006135992150287957,-0.011009162038748728,-0.009933305383889757,0.0,0.0,-0.003974861993969215,0.03496238182826475,0.0896783346474232,-0.079251503546643,-0.021724734957660273,-2.920088182172834e-10,-0.023030045048359385,0.0,0.0,-0.0064603942934577975,-0.032468512922453154,0.0,0.0,0.0,0.002814120668889091,0.002257472691260461,0.0,0.0,-0.019382724213291,0.0,0.0,-0.020791258625160437,-0.030588394965748347,-0.030389170204081755,-0.01679323675675067,-0.0206442239594809
2026-05-31,0.0,0.0,0.0,0.0,0.0,0.013022349556574357,0.005551958777631532,0.005432255796722118,0.0,0.002474513470864703,0.000390022385538144,0.0019349193057511143,0.007537415228476812,0.0,0.00825727985477791,0.04128122156054005,0.0011871743320332445,0.011955512972971068,0.0,0.0,0.0,4.849345164808441e-05,0.004959060767272185,0.0,0.0,-2.12197074190254e-10,0.012329320627507384,0.0,0.0,0.0,0.03936459788313425,0.010246139315763169,-0.012790362734383099,0.01382096197576317,0.00446116370060798,0.0029872287026234774,0.0,0.0032509770938920876,0.0,9.021974122597221e-11,0.19978512810168278,0.0,0.0,0.0,0.007798129137518373,0.026464233956523826,0.00645618875210699,0.0003481771740855806,0.04191979239661838,-0.014783814192649262,-0.014575654034116517,-0.015819021883878757,-0.01760206028507039,-0.01825616317674684,-0.026893605992994327,-0.018248379021201223,-0.013530936853404849,-0.024325321478687996,-0.024398642143133694,-0.011735164842646821,-0.01934385248014739,-0.01746837158182333,-0.028486670850771584,-0.018422078245658866,-0.014283452037345703,-0.014374313740323424,-0.032537015913105226,-0.019719731142578755,-0.02018849919058909,0.0,0.0,0.0,-0.009743042632082095,0.0,0.0008966202778647685,0.0,0.0,0.0,0.0,0.0,-0.00043355335209311664,-0.008112598514927549,0.0,0.0,0.021938255673877978,-0.011917995816655464,0.0,0.0,0.003900907679408758,0.0,-0.05693847217843184,0.0,0.0,0.0,-0.0005284211975784316,-0.013713769134604705,0.0,-0.0008290351401725759
2026-06-30,-0.02608563772871564,-0.021836117936627385,-0.015500000566309648,-0.003109320451079736,-0.008198414922820614,0.0,-0.00927111533813653,-0.0026085871741219815,0.0,-0.005920566378016396,-0.00871037076508867,0.0,0.0,-0.008015539140504195,0.0,0.0,-0.009239636930419178,0.0,0.008778754224164487,0.0,-0.014441510175099032,-0.003738585102899106,0.0,0.0,0.0,-0.06432607354836146,-0.006144391128449018,0.016637571558506644,0.025961964260958575,-0.01874682551516167,0.0,0.0,-0.051856571781776946,0.004279291745863265,0.0,0.0,0.0,0.01239755464590059,0.0,0.007476389291502518,0.0,0.0009193148273645013,0.0067822307395771645,0.0,0.0068531226801183285,0.0,0.0,0.0,0.002734116055784643,0.0,0.0,-0.021625958170211634,0.0,-0.020054295826980168,-0.05184507483988178,0.0,0.0,0.007964271958713333,-0.03281484856556955,-0.010079844411108289,0.0,0.0,0.0,0.0,0.0,0.0,0.0,0.008611915296380074,0.006462137295220073,0.025653440237629648,0.03242817469235993,0.025920145865100656,0.0010447406387477846,0.016035439496182087,0.024982121410269977,0.02936756748521003,0.03577539361646436,0.0371804976654678,0.03101912318995422,0.04731773893496366,0.02114308142116762,0.019811910620587944,0.01397423997501463,0.0,-3.384132702000109e-10,0.008040506757167483,-0.005792483760762343,-0.002682896688554479,-0.00712406309273862,-0.025571464095534124,-0.008823401093402102,-0.032511920772027754,-0.0033244837612286344,0.01444724325120173,1.624563029553763e-10,0.0,0.0,0.0
