Date,XOM,CVX,COP,EOG,OXY,FANG,DVN,CTRA,APA,PR,MTDR,CHRD,OVV,CNQ,SU,CVE,IMO,PBR,YPF,EC,SHEL,BP,TTE,EQNR,WMB,KMI,OKE,TRP,ENB,LNG,ET,EPD,MPLX,PAA,VLO,MPC,PSX,DINO,SUN,SLB,HAL,BKR,NOV,FTI,HP,PTEN,LBRT,RES,NBR,NEM,GOLD,AEM,WPM,FNV,RGLD,KGC,AU,HMY,GFI,AGI,OR,PAAS,HL,CDE,AG,FSM,SBSW,FCX,SCCO,TECK,RIO,BHP,VALE,AA,CENX,CLF,NUE,STLD,RS,CRS,ATI,MT,MP,LIN,APD,DD,DOW,LYB,CE,FMC,MOS,NTR,CF,WY,VMC,MLM,CCJ,UEC
2000-01-31,0.0,0.0,0.0,0.0,0.0,0.0,0.0,0.0,0.0,0.0,0.0,0.0,0.0,0.0,0.0,0.0,0.0,0.0,0.0,0.0,0.0,0.0,0.0,0.0,0.0,0.0,0.0,0.0,0.0,0.0,0.0,0.0,0.0,0.0,0.0,0.0,0.0,0.0,0.0,0.0,0.0,0.0,0.0,0.0,0.0,0.0,0.0,0.0,0.0,0.0,0.0,0.0,0.0,0.0,0.0,0.0,0.0,0.0,0.0,0.0,0.0,0.0,0.0,0.0,0.0,0.0,0.0,0.0,0.0,0.0,0.0,0.0,0.0,0.0,0.0,0.0,0.0,0.0,0.0,0.0,0.0,0.0,0.0,0.0,0.0,0.0,0.0,0.0,0.0,0.0,0.0,0.0,0.0,0.0,0.0,0.0,0.0,0.0
2000-02-29,0.0,0.0,0.0,0.0,0.0,0.0,0.0,0.0,0.0,0.0,0.0,0.0,0.0,0.0,0.0,0.0,0.0,0.0,0.0,0.0,0.0,0.0,0.0,0.0,0.0,0.0,0.0,0.0,0.0,0.0,0.0,0.0,0.0,0.0,0.0,0.0,0.0,0.0,0.0,0.0,0.0,0.0,0.0,0.0,0.0,0.0,0.0,0.0,0.0,0.0,0.0,0.0,0.0,0.0,0.0,0.0,0.0,0.0,0.0,0.0,0.0,0.0,0.0,0.0,0.0,0.0,0.0,0.0,0.0,0.0,0.0,0.0,0.0,0.0,0.0,0.0,0.0,0.0,0.0,0.0,0.0,0.0,0.0,0.0,0.0,0.0,0.0,0.0,0.0,0.0,0.0,0.0,0.0,0.0,0.0,0.0,0.0,0.0
2000-03-31,0.0,0.0,0.0,0.0,0.0,0.0,0.0,0.0,0.0,0.0,0.0,0.0,0.0,0.0,0.0,0.0,0.0,0.0,0.0,0.0,0.0,0.0,0.0,0.0,0.0,0.0,0.0,0.0,0.0,0.0,0.0,0.0,0.0,0.0,0.0,0.0,0.0,0.0,0.0,0.0,0.0,0.0,0.0,0.0,0.0,0.0,0.0,0.0,0.0,0.0,0.0,0.0,0.0,0.0,0.0,0.0,0.0,0.0,0.0,0.0,0.0,0.0,0.0,0.0,0.0,0.0,0.0,0.0,0.0,0.0,0.0,0.0,0.0,0.0,0.0,0.0,0.0,0.0,0.0,0.0,0.0,0.0,0.0,0.0,0.0,0.0,0.0,0.0,0.0,0.0,0.0,0.0,0.0,0.0,0.0,0.0,0.0,0.0
2000-04-30,0.0,0.0,0.0,0.0,0.0,0.0,0.0,0.0,0.0,0.0,0.0,0.0,0.0,0.0,0.0,0.0,0.0,0.0,0.0,0.0,0.0,0.0,0.0,0.0,0.0,0.0,0.0,0.0,0.0,0.0,0.0,0.0,0.0,0.0,0.0,0.0,0.0,0.0,0.0,0.0,0.0,0.0,0.0,0.0,0.0,0.0,0.0,0.0,0.0,0.0,0.0,0.0,0.0,0.0,0.0,0.0,0.0,0.0,0.0,0.0,0.0,0.0,0.0,0.0,0.0,0.0,0.0,0.0,0.0,0.0,0.0,0.0,0.0,0.0,0.0,0.0,0.0,0.0,0.0,0.0,0.0,0.0,0.0,0.0,0.0,0.0,0.0,0.0,0.0,0.0,0.0,0.0,0.0,0.0,0.0,0.0,0.0,0.0
2000-05-31,0.0,0.0,0.0,0.0,0.0,0.0,0.0,0.0,0.0,0.0,0.0,0.0,0.0,0.0,0.0,0.0,0.0,0.0,0.0,0.0,0.0,0.0,0.0,0.0,0.0,0.0,0.0,0.0,0.0,0.0,0.0,0.0,0.0,0.0,0.0,0.0,0.0,0.0,0.0,0.0,0.0,0.0,0.0,0.0,0.0,0.0,0.0,0.0,0.0,0.0,0.0,0.0,0.0,0.0,0.0,0.0,0.0,0.0,0.0,0.0,0.0,0.0,0.0,0.0,0.0,0.0,0.0,0.0,0.0,0.0,0.0,0.0,0.0,0.0,0.0,0.0,0.0,0.0,0.0,0.0,0.0,0.0,0.0,0.0,0.0,0.0,0.0,0.0,0.0,0.0,0.0,0.0,0.0,0.0,0.0,0.0,0.0,0.0
2000-06-30,0.0,0.0,0.0,0.0,0.0,0.0,0.0,0.0,0.0,0.0,0.0,0.0,0.0,0.0,0.0,0.0,0.0,0.0,0.0,0.0,0.0,0.0,0.0,0.0,0.0,0.0,0.0,0.0,0.0,0.0,0.0,0.0,0.0,0.0,0.0,0.0,0.0,0.0,0.0,0.0,0.0,0.0,0.0,0.0,0.0,0.0,0.0,0.0,0.0,0.0,0.0,0.0,0.0,0.0,0.0,0.0,0.0,0.0,0.0,0.0,0.0,0.0,0.0,0.0,0.0,0.0,0.0,0.0,0.0,0.0,0.0,0.0,0.0,0.0,0.0,0.0,0.0,0.0,0.0,0.0,0.0,0.0,0.0,0.0,0.0,0.0,0.0,0.0,0.0,0.0,0.0,0.0,0.0,0.0,0.0,0.0,0.0,0.0
2000-07-31,0.0,0.0,0.0,0.0,0.0,0.0,0.0,0.0,0.0,0.0,0.0,0.0,0.0,0.0,0.0,0.0,0.0,0.0,0.0,0.0,0.0,0.0,0.0,0.0,0.0,0.0,0.0,0.0,0.0,0.0,0.0,0.0,0.0,0.0,0.0,0.0,0.0,0.0,0.0,0.0,0.0,0.0,0.0,0.0,0.0,0.0,0.0,0.0,0.0,0.0,0.0,0.0,0.0,0.0,0.0,0.0,0.0,0.0,0.0,0.0,0.0,0.0,0.0,0.0,0.0,0.0,0.0,0.0,0.0,0.0,0.0,0.0,0.0,0.0,0.0,0.0,0.0,0.0,0.0,0.0,0.0,0.0,0.0,0.0,0.0,0.0,0.0,0.0,0.0,0.0,0.0,0.0,0.0,0.0,0.0,0.0,0.0,0.0
2000-08-31,0.0,0.0,0.0,0.0,0.0,0.0,0.0,0.0,0.0,0.0,0.0,0.0,0.0,0.0,0.0,0.0,0.0,0.0,0.0,0.0,0.0,0.0,0.0,0.0,0.0,0.0,0.0,0.0,0.0,0.0,0.0,0.0,0.0,0.0,0.0,0.0,0.0,0.0,0.0,0.0,0.0,0.0,0.0,0.0,0.0,0.0,0.0,0.0,0.0,0.0,0.0,0.0,0.0,0.0,0.0,0.0,0.0,0.0,0.0,0.0,0.0,0.0,0.0,0.0,0.0,0.0,0.0,0.0,0.0,0.0,0.0,0.0,0.0,0.0,0.0,0.0,0.0,0.0,0.0,0.0,0.0,0.0,0.0,0.0,0.0,0.0,0.0,0.0,0.0,0.0,0.0,0.0,0.0,0.0,0.0,0.0,0.0,0.0
2000-09-30,0.0,0.0,0.0,0.0,0.0,0.0,0.0,0.0,0.0,0.0,0.0,0.0,0.0,0.0,0.0,0.0,0.0,0.0,0.0,0.0,0.0,0.0,0.0,0.0,0.0,0.0,0.0,0.0,0.0,0.0,0.0,0.0,0.0,0.0,0.0,0.0,0.0,0.0,0.0,0.0,0.0,0.0,0.0,0.0,0.0,0.0,0.0,0.0,0.0,0.0,0.0,0.0,0.0,0.0,0.0,0.0,0.0,0.0,0.0,0.0,0.0,0.0,0.0,0.0,0.0,0.0,0.0,0.0,0.0,0.0,0.0,0.0,0.0,0.0,0.0,0.0,0.0,0.0,0.0,0.0,0.0,0.0,0.0,0.0,0.0,0.0,0.0,0.0,0.0,0.0,0.0,0.0,0.0,0.0,0.0,0.0,0.0,0.0
2000-10-31,0.0,0.0,0.0,0.0,0.0,0.0,0.0,0.0,0.0,0.0,0.0,0.0,0.0,0.0,0.0,0.0,0.0,0.0,0.0,0.0,0.0,0.0,0.0,0.0,0.0,0.0,0.0,0.0,0.0,0.0,0.0,0.0,0.0,0.0,0.0,0.0,0.0,0.0,0.0,0.0,0.0,0.0,0.0,0.0,0.0,0.0,0.0,0.0,0.0,0.0,0.0,0.0,0.0,0.0,0.0,0.0,0.0,0.0,0.0,0.0,0.0,0.0,0.0,0.0,0.0,0.0,0.0,0.0,0.0,0.0,0.0,0.0,0.0,0.0,0.0,0.0,0.0,0.0,0.0,0.0,0.0,0.0,0.0,0.0,0.0,0.0,0.0,0.0,0.0,0.0,0.0,0.0,0.0,0.0,0.0,0.0,0.0,0.0
2000-11-30,0.0,0.0,0.0,0.0,0.0,0.0,0.0,0.0,0.0,0.0,0.0,0.0,0.0,0.0,0.0,0.0,0.0,0.0,0.0,0.0,0.0,0.0,0.0,0.0,0.0,0.0,0.0,0.0,0.0,0.0,0.0,0.0,0.0,0.0,0.0,0.0,0.0,0.0,0.0,0.0,0.0,0.0,0.0,0.0,0.0,0.0,0.0,0.0,0.0,0.0,0.0,0.0,0.0,0.0,0.0,0.0,0.0,0.0,0.0,0.0,0.0,0.0,0.0,0.0,0.0,0.0,0.0,0.0,0.0,0.0,0.0,0.0,0.0,0.0,0.0,0.0,0.0,0.0,0.0,0.0,0.0,0.0,0.0,0.0,0.0,0.0,0.0,0.0,0.0,0.0,0.0,0.0,0.0,0.0,0.0,0.0,0.0,0.0
2000-12-31,0.0,0.0,0.0,0.0,0.0,0.0,0.0,0.0,0.0,0.0,0.0,0.0,0.0,0.0,0.0,0.0,0.0,0.0,0.0,0.0,0.0,0.0,0.0,0.0,0.0,0.0,0.0,0.0,0.0,0.0,0.0,0.0,0.0,0.0,0.0,0.0,0.0,0.0,0.0,0.0,0.0,0.0,0.0,0.0,0.0,0.0,0.0,0.0,0.0,0.0,0.0,0.0,0.0,0.0,0.0,0.0,0.0,0.0,0.0,0.0,0.0,0.0,0.0,0.0,0.0,0.0,0.0,0.0,0.0,0.0,0.0,0.0,0.0,0.0,0.0,0.0,0.0,0.0,0.0,0.0,0.0,0.0,0.0,0.0,0.0,0.0,0.0,0.0,0.0,0.0,0.0,0.0,0.0,0.0,0.0,0.0,0.0,0.0
2001-01-31,0.0,0.0,0.0,0.0,0.0,0.0,0.0,0.0,0.0,0.0,0.0,0.0,0.0,0.0,0.0,0.0,0.0,0.0,0.0,0.0,0.0,0.0,0.0,0.0,0.0,0.0,0.0,0.0,0.0,0.0,0.0,0.0,0.0,0.0,0.0,0.0,0.0,0.0,0.0,0.0,0.0,0.0,0.0,0.0,0.0,0.0,0.0,0.0,0.0,0.0,0.0,0.0,0.0,0.0,0.0,0.0,0.0,0.0,0.0,0.0,0.0,0.0,0.0,0.0,0.0,0.0,0.0,0.0,0.0,0.0,0.0,0.0,0.0,0.0,0.0,0.0,0.0,0.0,0.0,0.0,0.0,0.0,0.0,0.0,0.0,0.0,0.0,0.0,0.0,0.0,0.0,0.0,0.0,0.0,0.0,0.0,0.0,0.0
2001-02-28,0.0,0.0,0.0,0.0,0.0,0.0,0.0,0.0,0.0,0.0,0.0,0.0,0.0,0.0,0.0,0.0,0.0,0.0,0.0,0.0,0.0,0.0,0.0,0.0,0.0,0.0,0.0,0.0,0.0,0.0,0.0,0.0,0.0,0.0,0.0,0.0,0.0,0.0,0.0,0.0,0.0,0.0,0.0,0.0,0.0,0.0,0.0,0.0,0.0,0.0,0.0,0.0,0.0,0.0,0.0,0.0,0.0,0.0,0.0,0.0,0.0,0.0,0.0,0.0,0.0,0.0,0.0,0.0,0.0,0.0,0.0,0.0,0.0,0.0,0.0,0.0,0.0,0.0,0.0,0.0,0.0,0.0,0.0,0.0,0.0,0.0,0.0,0.0,0.0,0.0,0.0,0.0,0.0,0.0,0.0,0.0,0.0,0.0
2001-03-31,0.0,0.0,0.0,0.0,0.0,0.0,0.0,0.0,0.0,0.0,0.0,0.0,0.0,0.0,0.0,0.0,0.0,0.0,0.0,0.0,0.0,0.0,0.0,0.0,0.0,0.0,0.0,0.0,0.0,0.0,0.0,0.0,0.0,0.0,0.0,0.0,0.0,0.0,0.0,0.0,0.0,0.0,0.0,0.0,0.0,0.0,0.0,0.0,0.0,0.0,0.0,0.0,0.0,0.0,0.0,0.0,0.0,0.0,0.0,0.0,0.0,0.0,0.0,0.0,0.0,0.0,0.0,0.0,0.0,0.0,0.0,0.0,0.0,0.0,0.0,0.0,0.0,0.0,0.0,0.0,0.0,0.0,0.0,0.0,0.0,0.0,0.0,0.0,0.0,0.0,0.0,0.0,0.0,0.0,0.0,0.0,0.0,0.0
2001-04-30,0.0,0.0,0.0,0.0,0.0,0.0,0.0,0.0,0.0,0.0,0.0,0.0,0.0,0.0,0.0,0.0,0.0,0.0,0.0,0.0,0.0,0.0,0.0,0.0,0.0,0.0,0.0,0.0,0.0,0.0,0.0,0.0,0.0,0.0,0.0,0.0,0.0,0.0,0.0,0.0,0.0,0.0,0.0,0.0,0.0,0.0,0.0,0.0,0.0,0.0,0.0,0.0,0.0,0.0,0.0,0.0,0.0,0.0,0.0,0.0,0.0,0.0,0.0,0.0,0.0,0.0,0.0,0.0,0.0,0.0,0.0,0.0,0.0,0.0,0.0,0.0,0.0,0.0,0.0,0.0,0.0,0.0,0.0,0.0,0.0,0.0,0.0,0.0,0.0,0.0,0.0,0.0,0.0,0.0,0.0,0.0,0.0,0.0
2001-05-31,0.0,0.0,0.0,0.0,0.0,0.0,0.0,0.0,0.0,0.0,0.0,0.0,0.0,0.0,0.0,0.0,0.0,0.0,0.0,0.0,0.0,0.0,0.0,0.0,0.0,0.0,0.0,0.0,0.0,0.0,0.0,0.0,0.0,0.0,0.0,0.0,0.0,0.0,0.0,0.0,0.0,0.0,0.0,0.0,0.0,0.0,0.0,0.0,0.0,0.0,0.0,0.0,0.0,0.0,0.0,0.0,0.0,0.0,0.0,0.0,0.0,0.0,0.0,0.0,0.0,0.0,0.0,0.0,0.0,0.0,0.0,0.0,0.0,0.0,0.0,0.0,0.0,0.0,0.0,0.0,0.0,0.0,0.0,0.0,0.0,0.0,0.0,0.0,0.0,0.0,0.0,0.0,0.0,0.0,0.0,0.0,0.0,0.0
2001-06-30,0.0,0.0,0.0,0.0,0.0,0.0,0.0,0.0,0.0,0.0,0.0,0.0,0.0,0.0,0.0,0.0,0.0,0.0,0.0,0.0,0.0,0.0,0.0,0.0,0.0,0.0,0.0,0.0,0.0,0.0,0.0,0.0,0.0,0.0,0.0,0.0,0.0,0.0,0.0,0.0,0.0,0.0,0.0,0.0,0.0,0.0,0.0,0.0,0.0,0.0,0.0,0.0,0.0,0.0,0.0,0.0,0.0,0.0,0.0,0.0,0.0,0.0,0.0,0.0,0.0,0.0,0.0,0.0,0.0,0.0,0.0,0.0,0.0,0.0,0.0,0.0,0.0,0.0,0.0,0.0,0.0,0.0,0.0,0.0,0.0,0.0,0.0,0.0,0.0,0.0,0.0,0.0,0.0,0.0,0.0,0.0,0.0,0.0
2001-07-31,0.011324147662499746,0.014186257447431485,0.026681357497928878,0.04157470490309789,0.024361818779946327,0.0,0.019160625043748408,0.018877304682842065,0.013054983875463973,0.0,0.0,0.0,0.0,0.0,0.012167085751364754,0.0,0.033519286846246756,0.0,-0.02617678937836284,0.0,0.012377828590419374,0.0,0.021413075706947355,0.0,0.0,0.0,0.02867657633811525,0.03841915430034066,0.038236649019841064,-0.014965178559763006,0.0,0.08324001185786464,0.0,0.07549668738564784,0.021130326025429753,0.0,0.0,0.05499219945258418,0.0,0.0,0.0,0.01989510962493856,0.01910818891948605,0.0,0.0,0.0,0.0,0.059998031545147386,0.0,0.0,0.0,0.015552690987070685,0.0,0.0,0.0,-0.011984913132272644,0.0,0.0,0.0,0.0,0.0,0.0,0.0,-0.011474123761067413,0.0,0.0,0.0,-0.011735046622062387,-0.009964040581814094,0.0,0.0,0.0,0.0,0.0,0.0,-0.015401771115286513,0.0,0.0,0.012313037041018323,0.01051740506472225,0.0,-0.01839114995272541,0.0,0.01000435342741804,0.03765683425825622,0.0,0.0,0.0,0.0,0.01834762707904048,-0.015761222908800183,0.0,0.0,0.0,0.020894066330911912,0.019911917279288868,0.03105642126278638,0.0
2001-08-31,0.014551086540510134,0.02877939983386299,0.02854260084382638,0.039810945407634794,0.042450956572191605,0.0,0.016899136037918826,0.015163649420476683,0.012887613301092948,0.0,0.0,0.0,0.0,0.0,0.024349408516007857,0.0,0.043300313984250965,0.0,-0.026147165901070437,0.0,0.016775215529520254,0.0,0.010754771866311718,0.0,0.0,0.0,0.028684473192325158,0.049917948110456876,0.03296030728516248,-0.015816190443813872,0.0,0.08940091889807471,0.0,0.070875363332285,0.01238295681171083,0.0,0.0,0.039120989960383074,0.0,-0.008346711210625938,0.0,0.018029371969797404,0.0,0.0,0.0,0.0,0.0,0.05791413231378556,0.0,0.0,0.0,0.0,0.0,0.0,0.0,-0.011639333087471915,-0.008784154191843072,0.0,0.0,0.0,0.0,0.0,0.0,-0.012499968781355324,0.0,0.0,0.0,0.0,-0.00963230092077716,0.0,0.009342086969774606,0.0,0.0,0.0,0.0,-0.013091437387188707,0.0,0.0,0.014134881038197029,0.01513092519611119,0.0,-0.016540644159064248,0.0,0.017930908433426464,0.032005214438397364,0.0,0.0,0.0,0.0,0.021657883368667738,0.0,0.0,0.0,0.011053268655174283,0.014024268844889288,0.018800492804890316,0.029870604439674858,0.0
2001-09-30,0.007444405214565121,0.0,0.02417066608865902,0.019981584501962812,0.02320742293254899,0.0,0.0,0.007149848727263691,0.0,0.0,0.0,0.0,0.0,0.0,0.020801288541933936,0.0,0.030391050854569644,0.0,-0.03402565218720453,0.0,0.0,0.0,0.0,0.0,-0.010540247727280164,0.0,0.018484819308878252,0.0683181174519744,0.029044626792641432,-0.012418248244286377,0.0,0.11953333362847361,0.0,0.07726822353331494,0.013154950060886293,0.0,0.0,0.07661555051507975,0.0,-0.013640164543051754,-0.011915328757928372,0.0,-0.01809682452540497,0.0,0.0,-0.012393559536016759,0.0,0.02947411138593152,-0.011540733226805587,0.0,0.0,0.03415297259075503,0.0,0.0,0.018841664768357472,-0.011315170037898517,-0.007362367484669224,-0.008027031082525098,0.008057993013060847,0.0,0.0,0.0,0.0,-0.014300151157125537,0.0,0.0,0.0,0.0,0.0,0.0,0.0,0.0,0.0,0.0,0.0,-0.012763108994920322,0.0,0.0,0.011872588679599963,0.027854630059267704,0.0,-0.020418235837416088,0.0,0.00883909686551328,0.03142558579659718,0.0,0.0,0.0,0.0,0.007610449608028018,-0.007740293699379894,0.0,0.0,0.0,0.0,-0.011672782570223545,0.06813511946800034,0.0
2001-10-31,0.007550095140907446,0.0,0.014765546249590034,0.0,0.011778829940409427,0.0,-0.012652923225959546,0.0,0.0,0.0,0.0,0.0,0.0,0.0,0.02339133991241086,0.0,0.01998481573951119,0.0,-0.03666024968020056,0.0,-0.01000521081943727,0.0,-0.008816942312705453,0.0,-0.011116169602370076,0.0,0.026910419679508614,0.09127517218040686,0.02606912665714699,-0.014961057298856894,0.0,0.1164888885483436,0.0,0.04970777892810356,0.008358791750845073,0.0,0.0,0.0724439777161854,0.0,-0.016269583805039612,-0.018602512054052597,0.0,-0.015292008030010538,0.0,0.0,-0.01342289174303081,0.0,0.029859535717371488,-0.015914303909010878,0.0,0.0,0.047579879786259466,0.0,0.0,0.029101103285278287,0.0,0.0,0.0,0.024282485843663083,0.0,0.0,0.0,0.0,-0.014306301043614847,0.0,0.0,0.0,0.0,-0.014743561272352608,0.0,0.0,-0.008496005239526644,0.0,0.0,-0.007746924816801541,-0.020181564805259063,0.0,0.0,0.0,0.008686825632432013,-0.018619788042706524,-0.02144637683133926,0.0,0.0,0.016806456525584365,0.0,0.0,0.0,0.0,-0.009328292380695423,-0.016399471751417583,0.0,0.0,0.0,0.0,-0.020503328623767445,0.04947346347788707,0.0
2001-11-30,0.0,0.0,0.0,0.0,0.008363521674318503,0.0,-0.01632068562498058,0.0,0.0,0.0,0.0,0.0,0.0,0.0,0.028240595756776364,0.0,0.01636009200435847,0.0,-0.03856202249697702,0.0,-0.020228014567109702,-0.01005276178857281,-0.01006680744154994,0.0,-0.013205965297639937,0.0,0.017790948599010446,0.07941993316027574,0.028238353591360905,-0.022249649526593723,0.0,0.14097454599960935,0.0,0.048663778185625645,0.011306814015259263,0.0,0.0,0.0797127009445755,0.0,-0.013734002740075728,-0.021183123598792684,0.0,-0.009583665171670305,0.0,0.0,0.0,0.0,0.036772181665244714,-0.007323066307244874,0.0,0.0,0.043433900249357574,0.0,0.0,0.04414893072592999,0.0,0.0,0.014191540825178171,0.013340384324636695,0.0,0.0,0.0,0.0,-0.014782875821119796,0.0,0.0,0.0,0.007298964413158559,-0.01921831986849439,0.0,0.0,0.0,0.0,0.007644473476190284,0.0,-0.016832620968872215,0.0,0.0,0.006583601830502302,0.0,-0.014314029071752445,-0.019905022937936726,0.0,0.009494326703083844,0.01174173251468103,0.0,0.0,0.0,0.0,-0.015213862232140454,-0.01095823466913133,0.0,0.0,0.0,0.0,-0.014373411419374302,0.03817053779083767,0.0
2001-12-31,0.0,0.0,0.011599673772203355,0.0,0.013919315461942642,0.0,-0.01548400388680895,0.0,-0.007271251920289928,0.0,0.0,0.0,0.0,0.0,0.02336995508606357,0.0,0.012177843186364333,0.0,-0.03324735180967816,0.0,-0.020670173513457523,-0.019366287634239285,-0.014246020244882316,0.0,-0.01641076591856205,0.0,0.026117770181294818,0.06494795863481663,0.04127250534631797,-0.020716803559261292,0.0,0.12336528390303875,0.0,0.041020914917876475,0.0,0.0,0.0,0.05646447404751562,0.0,-0.013881622133884088,-0.019865037793382938,0.0,-0.014936462092445727,0.0,0.0,0.0,0.0,0.03864043422253861,0.0,0.0,0.0,0.026900382494958682,0.0,0.0,0.03278406943138614,-0.008099038396579855,0.0,0.0,0.012551324850260014,0.0,0.0,0.0,0.0,-0.01429565341030653,0.0,0.0,0.0,0.013484685101275576,0.0,0.0,0.010723614495859147,0.0,0.0,0.01697413855973153,0.0,-0.014130244990629006,0.02241371825963716,0.0,0.014382406157210125,0.012256234510275577,0.0,-0.014785995727542085,0.0,0.02478203863928828,0.027903119563899337,0.01815735523045884,0.0,0.0,0.0,0.0,0.0,0.0,0.0,0.018396164153484516,0.0,0.0,0.04798790676035244,0.0
2002-01-31,0.0,0.018244752990630893,0.015458684112777381,0.011988890709135808,0.020696274306376872,0.0,0.0,0.012971806852266109,0.0,0.0,0.0,0.0,0.0,0.0,0.045652543479221014,0.0,0.014386904157085947,0.0,-0.015947135020261474,0.0,-0.012661160785184363,0.0,0.0,0.0,-0.01853335689011687,0.0,0.03264153206152037,0.07533937260705091,0.02699053006264634,-0.018663806718688666,0.0,0.12017876082645419,0.0,0.03427346548445769,0.015334991138635052,0.0,0.0,0.05770061943322748,0.0,-0.010812718750821999,-0.019364565870022808,0.0,-0.010009171973472763,0.0,0.0,0.0,0.0,0.048057074076969124,0.0,0.0,0.0,0.03683888504641249,0.0,0.0,0.026810263773772023,0.0,0.0,0.016869220309312708,0.023880638323402856,0.0,0.0,0.011608613343964356,0.0,-0.008581484801267027,0.0,0.0,0.0,0.013133410809953986,0.0,0.0,0.01221095413533869,0.0,0.0,0.009043749097491248,0.0,-0.00903162039594095,0.017252075752096297,0.0,0.011571394642544003,0.0,0.0,-0.010635782309290112,0.0,0.029062865477374803,0.02510447438211865,0.015940985324220575,0.0,0.0,0.0,0.0,0.0,0.0,0.0,0.015368813918647035,0.0,0.0,0.05114664984982806,0.0
2002-02-28,0.0,0.0,0.0,0.0,0.0158281618241999,0.0,-0.016190544239954217,0.0,0.0,0.0,0.0,0.0,0.0,-0.011876699977944978,0.03228212217915757,0.0,0.011554710048352356,-0.016032400565455403,-0.01857813036472376,0.0,-0.016620005662306106,-0.012811710136168766,0.0,0.0,-0.024683969783191626,0.0,0.012117437671597288,0.05296683785217186,0.033412848501105506,-0.013909740659599571,0.0,0.11780329870522833,0.0,0.03925061145718703,0.017100332093657054,0.0,0.0,0.0610262199155324,0.0,-0.01525016720310257,-0.022182216195517315,0.0,-0.012681069746096896,0.0,0.0,0.0,0.0,0.023352088430022334,0.0,0.0,0.0,0.05358356223344051,0.0,0.0,0.01728331961575634,0.015136417095140737,0.0,0.024351520307965783,0.03685191160445825,0.0,0.0,0.0,0.0,-0.013464774964788238,0.0,0.0,0.0,0.019444744759176923,0.0,0.0,0.013240994624710442,0.0,0.0,0.0,0.0,-0.01569986058383876,0.027023954371442754,0.0,0.013188183590564742,-0.01128155659905593,0.0,-0.012385295752042003,0.0,0.02443539459319719,0.019559499936000736,0.012242773247101952,0.0,0.0,0.0,0.0,0.0,0.0,0.0,0.021516156211665426,0.0,0.0,0.051798756697380474,0.0
2002-03-31,0.0,0.0,0.0,0.0,0.014139650548718588,0.0,0.0,0.0,0.0,0.0,0.0,0.0,0.0,0.0,0.038931439161003584,0.0,0.00967074631634592,0.0,-0.013658990277930449,0.0,-0.01018946298700343,0.0,0.0,0.0,-0.022133368136544776,0.0,0.0,0.08727613879308589,0.03579233550176668,-0.012033074588449348,0.0,0.07041823225263222,0.0,0.024915634700959505,0.0,0.0,0.0,0.045918587197527616,0.0,-0.012012087319249314,-0.014744306823811813,0.0,0.0,0.0,0.0,0.0,0.0,0.019875251476955697,0.0,0.017388422989088607,0.0,0.04971175254972059,0.0,0.0,0.02687469764370437,0.022798864378093683,0.014717881432791758,0.03359573629363889,0.056463810225737765,0.0,0.0,0.01249602555664422,0.017788956067168498,0.0,0.0,0.0,0.0,0.019497546227902045,-0.009270727840048749,0.0,0.01735754514175784,0.012908519934906727,0.0,0.02104871182409778,0.0,-0.01182369487601435,0.029720842135382754,0.013837580835164436,0.01020350861585813,0.0,0.0,-0.009939198470701502,0.0,0.03450100285647062,0.020228449313917592,0.016162569714477087,0.0,0.0,0.0,0.0,0.0,0.0,0.0,0.03314361348187106,0.011715738278787972,0.0,0.04509529723406812,0.0
2002-04-30,0.0,0.009302138876853456,0.0,0.0,0.021223429733126794,0.0,0.0,0.006640537104928437,0.0,0.0,0.0,0.0,0.0,0.0,0.04961220442375569,0.0,0.014598144278110254,0.0,-0.009363597601435748,0.0,0.0,0.0,0.0,0.0,0.0,0.0,0.0,0.06614170904558618,0.013798484961227233,-0.009283650810448013,0.0,0.06212289509591744,0.0,0.021343378526570287,0.010762585810049715,0.0,0.0,0.03652907583906773,0.0,-0.00785282912035354,-0.009633077399280966,0.0,0.0,0.0,0.006432075014949602,0.0,0.0,0.015173104257452226,0.0,0.03443641485614654,0.0,0.060726109303864705,0.0,0.0,0.0468083341110897,0.043925818847201425,0.03157545297521276,0.052852620984895425,0.06265462259703564,0.0,0.0,0.027118891064311732,0.038646083953568555,0.008345121933342015,0.0,0.0,0.0,0.027907304867445352,0.0,0.0,0.010675442305382732,0.012931500609017495,0.0,0.011498834999543036,0.010918523355423728,0.0,0.024656831968779422,0.008424872547111394,0.0,0.0,0.0,-0.006337187409324852,0.0,0.03135027548589917,0.018900968287620286,0.0,0.0,0.0,0.0,0.0,0.0,0.0,0.0,0.019180283007404673,0.0070418848548798344,0.0,0.033273701776386236,0.0
2002-05-31,0.0,0.006540065080265915,0.0,0.0,0.020204534048339773,0.0,0.0,0.0,0.0,0.0,0.0,0.0,0.0,0.007427413907886505,0.030799403906399347,0.0,0.01518661479641452,0.0,-0.01101345673755855,0.0,-0.006856782155957285,0.006700844081833325,0.0,0.0,0.0,0.0,0.0,0.06316376495117544,0.01928627442824531,-0.008189739099602033,0.0,0.059209564837703725,0.0,0.021728089811049622,0.008924993329953236,0.0,0.0,0.0383480379938895,0.0,0.0,-0.008588169345195998,0.0,0.0,0.0,0.008179052414553715,0.0,0.0,0.017147516599977625,0.0,0.025713367264082534,0.0,0.049112281763870114,0.0,0.0,0.050468140540966815,0.034709057878309656,0.057387434817360417,0.0595869906292135,0.07259391789681936,0.0,0.0,0.0308513833919806,0.047461158649620465,0.0,0.0,0.0,0.0,0.02526558436958751,0.0,0.0,0.010931332839452787,0.008055922969386129,0.0,0.007454047727477546,0.013983038155071846,0.008877946435366808,0.020810038152518626,0.01829768915115808,0.01367057592009315,0.0,0.0,0.0,0.0,0.027030790842663174,0.01794055799509951,0.0,0.0,0.0,0.0,0.0,0.0,0.0,0.0,0.018938042884115287,0.0,0.0,0.023366382199784527,0.0
2002-06-30,0.0,0.0,0.0,-0.006189330383570432,0.014490559021724261,0.0,0.0,-0.005889247097934375,0.0,0.0,0.0,0.0,0.0,0.007779545975592242,0.020705192045721646,0.0,0.013956530169547756,0.0,-0.013168640468710196,0.0,0.0,0.007096330807560853,0.006465822607782482,0.0,-0.008671181926675398,0.0,0.0,0.04626624437466472,0.017212157826868482,-0.0067282287490195575,0.0,0.035719735176703064,0.0,0.024297202208067015,0.0,0.0,0.0,0.01644426671826122,0.0,-0.013332453469833444,-0.008723902932335563,0.0,-0.00580947499912595,0.0,0.0,0.0,0.0,0.007063656860918579,0.0,0.026907779291262857,0.0,0.07024251104551645,0.0,0.0,0.059629563882915536,0.06679100272008354,0.04984080975999525,0.0609742719562143,0.07566302608983705,0.0,0.0,0.04097707178556094,0.09623601239200809,0.014076806089921871,0.0,0.0,0.0,0.028113958281326335,0.0,0.0,0.0,0.009503371281612336,0.0,0.0,0.0,0.008240564160863769,0.020034454136987553,0.01580701450099979,0.010410205427784914,0.0,0.0,0.0,0.0,0.012749528963522503,0.01111616989651944,0.0,0.0,0.0,0.0,0.0,0.0,0.0,0.0,0.015075864838492863,0.0,0.0,0.021600309677957327,0.0
2002-07-31,0.0,0.009298513145865763,0.0,0.0,0.027566146316816847,0.0,0.0,0.0,0.0,0.0,0.0,0.0,0.0,0.00915544768565817,0.038254000434458535,0.0,0.034816869838096225,-0.00869954518913624,-0.0167794637828048,0.0,0.0,0.0,0.010139579922318315,0.0,-0.011531360880801872,0.0,0.0,0.07467073294432712,0.04423843594654402,-0.006821850666349318,0.0,0.0,0.0,0.022006222382032276,0.0,0.0,0.0,0.02749907993983318,0.0,-0.0195346437473233,-0.013384318149836419,-0.0064642273267184365,-0.008630300273670346,0.0,-0.007708311927558371,0.0,0.0,0.0,-0.007508897648051528,0.024420448935660963,0.0,0.05209906301094835,0.0,0.0,0.06451878547002872,0.06717536746225142,0.03236759982334584,0.04748683563523445,0.04817490478663041,0.0,0.0,0.0270373897888522,0.06304032522258264,0.0,0.0,0.0,0.0,0.016889700755715584,0.0,0.0,0.0,0.00954230038956576,0.0,0.0,0.0,0.02025931738136156,0.020018282384674624,0.015214629293809878,0.005859208814146593,0.0,0.0,0.0,0.0,0.017309236182726315,0.01932456971321894,0.0,0.0,0.0,0.0,0.0,-0.005847142345109373,0.0,0.0,0.013283778617981315,0.0,0.0,0.025423165837953978,0.0
2002-08-31,0.0,0.0,0.0,0.0,0.01857325335024373,0.0,-0.011512832725545808,0.0,0.0,0.0,0.0,0.0,0.0,0.012595702252855123,0.031221423770144942,0.0,0.01833552078524393,-0.020709446216763332,-0.027936518199366014,0.0,-0.0156298808095113,0.0,0.0,0.0,-0.018930486113476173,0.0,0.0,0.04404799801297349,0.025359429857985293,-0.016842183037352555,0.0,0.014326353442165924,0.0,0.03399858864278521,0.0,0.0,0.0,0.033212104904301855,0.0,-0.025009188210113706,-0.023010405322680113,-0.015570469720075183,-0.01845952451326746,0.0,-0.017442620523161968,0.0,0.0,0.01726406707753392,-0.014294700574225763,0.024058316000445633,0.0,0.03725984110412722,0.0,0.0,0.08347135166779669,0.04928386972381349,0.01615015032235792,0.04257769363347706,0.05483861201541917,0.0,0.0,0.028886533030762846,0.046487486905338306,0.0,0.0,0.0,0.0,0.0,0.0,0.0,0.0,0.017878504413529808,0.0,-0.012330721177066337,0.0,0.016673615656267526,0.014082622613410162,0.017731000213294254,0.0,0.0,-0.016462634900665157,0.0,0.0,0.016327758187262627,0.0,0.0,0.0,0.0,0.0,-0.01772249776975235,0.0,0.0,0.0,0.0,0.0,-0.013494092603440656,0.0,0.0
2002-09-30,0.0,0.0,0.0,0.0,0.01802872458231043,0.0,0.0,0.0,0.0,0.0,0.0,0.0,0.0,0.010617677628531717,0.03068921037566404,0.0,0.018644168853649713,-0.009115152298304948,-0.016454106806597094,0.0,-0.009275169947672092,0.0,0.0,0.0,-0.01475532087673149,0.0,0.0,0.037553979370074306,0.022213914659066678,-0.008629007562482381,0.0,0.014461812138079743,0.0,0.02222144137048167,0.0,0.0,0.0,0.030221690283528238,0.0,-0.015505409388575546,-0.01571291729559903,-0.00933063498280203,-0.01359463722735996,0.0,0.0,0.0,0.0,0.0,-0.009416588297642553,0.03128414496102007,0.0,0.04750712803616104,0.0,0.0,0.10081879769643766,0.06058464207365594,0.026135458975190644,0.0583144105064572,0.06124452254186313,0.0,0.0,0.041742235676849704,0.07759207248867496,0.020418488184260463,0.0,0.0,0.0,0.009932755751562316,0.0,0.0,0.0,0.02136399358359906,0.0,-0.012428750056190693,0.0,0.01700823577945335,0.010074745947691404,0.0,0.0,0.0,-0.014168037306861144,0.0,0.0,0.017918598279042575,0.01575105275962086,0.0,0.0,0.0,0.0,-0.009199224883728641,0.0,0.0,0.0,0.0,-0.0104179376315574,-0.009653202934968085,0.0,0.0
2002-10-31,-0.019952147802836526,-0.017388566909116634,-0.014475138285815346,0.0,0.0,0.0,0.0,0.0,0.0,0.0,0.0,0.0,0.0,0.0,0.017001241198756713,0.0,0.0,-0.01530819728696922,-0.018358384357764074,0.0,-0.019263708265497757,-0.016128618696696385,0.0,0.0,-0.014945872596866222,0.0,0.0,0.03638419100430276,0.03093008260148719,-0.011700436239210412,0.0,0.0,0.0,0.013258117977489828,-0.0174139598985651,0.0,0.0,0.0,0.0,-0.025377863381658653,-0.019114470804029768,0.0,-0.015475671557644862,0.0,-0.013392733250134833,0.0,0.0,-0.011518049288268882,-0.012196523176654601,0.021394023843893193,0.0,0.0376084882331223,0.0,0.0,0.12582326938516356,0.0602922935513391,0.021546376461539264,0.06509824621859674,0.05690319744420741,0.0,0.0,0.028261041657699663,0.06194309958388131,0.0,0.0,0.0,0.0,0.0,0.0,0.0,-0.011092807154577933,0.012810996161254149,0.0,-0.021439407511563386,-0.013400880241821988,0.0,0.0,0.0,-0.012738522145535431,-0.01332894980975546,-0.01922189204312752,0.0,0.0,0.0,0.0,0.0,0.0,0.0,0.0,-0.011940398466897047,0.0,0.0,0.0,0.0,-0.014890191224145649,-0.0190194738075337,-0.01166247047457946,0.0
2002-11-30,-0.0197532867844433,-0.02355673834716173,-0.0187145517679919,-0.01285747812713255,0.0,0.0,0.0,-0.015649736677228413,0.0,0.0,0.0,0.0,0.0,-0.011314179952156753,0.0,0.0,0.0,-0.014998585932896316,-0.023497581376388292,0.0,-0.0208209763585175,-0.02148172479780397,0.0,0.0,-0.018684297883529235,0.0,0.0,0.04493587139013012,0.025141821416098168,-0.01220905067180663,0.0,0.0,0.0,0.0,0.0,0.0,0.0,-0.012005532476459505,0.0,-0.026919082694134358,-0.019701732111018562,-0.017013285397013814,-0.016628095211168564,0.0,0.0,0.0,0.0,-0.014120979576775482,-0.01557262153379401,0.010316482429447967,0.0,0.019842182291427812,0.0,0.0,0.12084571941230428,0.025866635815688176,0.021549793474331783,0.055499757762342186,0.0586021100143068,0.0,0.0,0.020921279817093245,0.05026555623147871,0.0,0.0,0.0,0.0,0.0,0.0,0.0,0.0,0.020487915110596618,0.0,-0.022055088930122067,-0.016584199299242177,0.0,0.0,0.0,-0.014194985146556396,-0.02054182249676908,-0.026860168384192758,0.0,0.0,0.0,0.0,-0.014485112123769578,0.0,0.0,0.0,0.0,0.0,0.0,0.0,-0.011416764179303944,-0.032710356323719506,-0.03137686027365777,0.0,0.0
2002-12-31,-0.01724196316595274,-0.021471959247501587,-0.011978778113086817,0.0,0.0,0.0,0.0,0.0,0.013705250842913888,0.0,0.0,0.0,0.0,0.0,0.0151314522526332,0.0,0.0153888655332757,-0.015036929382021242,-0.014996605344100484,0.0,-0.01898664213418129,-0.016975945020600312,0.0,0.0,-0.017090520040589106,0.0,0.0,0.04348759936399067,0.01466334084621058,-0.013134469420701102,0.0,0.0,0.0,0.024037618776361576,0.0,0.0,0.0,0.014574052804092921,0.0,0.0,-0.011440869971714741,0.0,0.0,0.0,0.013354970563301441,0.035566352378433835,0.0,0.0,0.0,0.015225616066466661,0.0,0.011305592405331959,0.0,0.0,0.12726202717838223,0.03180188122963491,0.02874171452560038,0.04644073149475002,0.050666437230288595,0.0,0.0,0.01574782565426029,0.054902706095030084,0.0,0.0,0.0,0.0,0.017567688309941532,0.017809214121483213,0.0,0.018559570912297266,0.04471916637563551,0.0,-0.018154135791396266,-0.01446647663240781,0.0,0.0,0.0,0.0,-0.017027983395300518,-0.026365342139349962,0.0,0.0,0.029713635677145585,0.0,0.0,0.0,0.0,0.0,0.0,0.013881402950249923,0.0,0.0,0.0,-0.02622122713556858,-0.025155439477815435,0.0,0.0
2003-01-31,-0.010782650380090866,-0.019175848514978437,-0.010155625148283463,0.0,0.0,0.0,0.0,0.0,0.016610631418653307,0.0,0.0,0.0,0.0,0.0,0.01231939905629858,0.0,0.0,0.0,-0.01021299443528489,0.0,-0.01423199396996545,-0.010731576983105614,0.0,0.01440940699971622,-0.013507012096747841,0.0,0.0,0.03598340754157661,0.013093870061568159,0.0,0.0,0.0,0.0,0.0,0.0,0.0,0.0,0.019642496935032127,0.0,-0.014963558975195053,-0.01310524597227575,0.0,0.0,0.0,0.012552483488837035,0.03363578277577109,0.0,0.0,0.009071948329805221,0.022384540073143267,0.0,0.020860222522335877,0.0,0.0,0.09250924950975759,0.04358958911572137,0.03623946263715648,0.06334708885922635,0.06607232336431361,0.0,0.0,0.03085090154974308,0.07729176205832897,0.023037678556971013,0.0,0.0,0.0,0.019223776304068043,0.018671121647089502,0.0,0.020159839240567613,0.0439661826872479,0.0,-0.01669038826805842,-0.012764069768738054,0.0,0.0,0.0,0.0,-0.013958127911144863,-0.024482511898616967,0.0,0.0,0.025800455586928152,0.0,0.0,0.0,0.0,0.0,0.0,0.0,0.0,0.0,0.0,-0.016363694102390733,-0.018204268003932045,0.009346813251334346,0.0
2003-02-28,0.0,-0.02177401609795652,-0.011047338044650804,0.016605273862578485,0.011062595760320329,0.0,0.0,0.0,0.03486392682396259,0.0,0.0,0.0,0.0,0.0,0.017529580061133327,0.0,0.012356202398453966,0.0,0.0,0.0,-0.016103490666507198,-0.015711027315868344,0.0,0.010685303358583463,-0.013084119443784495,0.0,0.0,0.03870598654655663,0.014148403283222954,0.0,0.0,0.0,0.0,0.0,0.0,0.0,0.0,0.0,0.0,-0.015695267282865577,0.0,0.0,0.013874164429247474,0.01040778410125061,0.0,0.058787871288087275,0.0,0.0,0.023303091121951985,0.01667676896643079,0.0,0.01432155529005898,0.0,0.0,0.0827057367858944,0.034216710092743116,0.03692228138671875,0.061761134636487976,0.058393714073955647,0.0,0.0,0.02798689818488028,0.05816417906294728,0.024911565024404298,0.0,0.0,0.0,0.018206093359854646,0.02486012956270841,0.0,0.0,0.028338035469084418,0.0,-0.019047086067084645,-0.013628688707612246,0.0,0.0,0.0,-0.015519722037999515,-0.01635447809088467,-0.025687016541843705,0.0,0.0,0.015544043398295626,0.0,0.0,0.0,0.0,0.0,-0.014163103484153162,0.0,0.0,0.0,0.0,-0.020042687401480404,-0.016802930487494983,0.0,0.0
2003-03-31,0.0,-0.01465219379855236,0.0,0.026259971530846107,0.022815387015317563,0.0,0.02165390817321874,0.010661706831522857,0.0447347485174561,0.0,0.0,0.0,0.0,0.0239801431480938,0.019667719329037145,0.0,0.016405553417365805,0.0,0.0,0.0,-0.010872770180348343,-0.013459586131978108,0.0,0.01436450783416163,0.0,0.0,0.0,0.03172998637754405,0.015248095324740987,0.0,0.0,0.0,0.0,0.012198959020129478,0.0,0.0,0.0,0.012134173349155467,0.0,0.0,0.0,0.0,0.020946694137831158,0.03956465050027741,0.020593101670516898,0.07507214806376411,0.0,0.0,0.03710882340135106,0.0,0.0,0.0,0.0,0.0,0.03755784470698658,0.02459595263691153,0.03531652396430039,0.042258045163161666,0.054089037086489995,0.0,0.0,0.0,0.03128415661914374,0.016584820783591227,0.0,0.0,0.0,0.016443855616965618,0.04543537981764129,0.0,0.020988041945932692,0.0465573848240891,0.0,-0.01116350707544356,0.0,0.014945987039605122,0.0,0.0,-0.013220626999807972,0.0,-0.02060045524553084,0.0,0.0,0.020361791432096186,0.0,0.0,0.0,0.0,0.0,-0.011830600783447527,0.0,0.0,0.0,0.0,-0.015981302743384853,-0.016659857762260963,0.0,0.0
2003-04-30,0.0,-0.02181735977366537,0.0,0.0,0.02665831354399982,0.0,0.017843434039537094,0.0,0.031217420560165327,0.0,0.0,0.0,0.0,0.020975609314447374,0.012322700194162981,0.0,0.02013169338648124,0.0,0.012609864933920524,0.0,0.0,-0.01521958257145421,0.0,0.012878994844251004,-0.013642927150913866,0.0,0.0,0.03477289712775861,0.018032109681914123,0.0,0.0,0.0,0.0,0.0,0.0,0.0,0.0,0.025119753306249295,0.0,-0.012559251700609352,0.0,0.0,0.0,0.030318778986318455,0.0,0.05169978665690493,0.0,-0.013288464833582812,0.017220165149433024,0.0,0.0,0.0,0.0,0.0,0.028157139271946685,0.027260972862295896,0.03255861926883325,0.031412991524228655,0.04343842066879878,0.0,0.0,0.015796473643269984,0.03836662441767916,0.015044083299547997,0.0,0.0,0.0,0.020527475994202703,0.06160661490605032,0.0,0.016342682475531823,0.044906387480498994,0.0,-0.015902198607974295,0.0,0.0,0.0,0.0,-0.01801276279842569,-0.015175347969766237,-0.02628390054608669,0.0692970406436216,0.0,0.01786818120478317,0.0,0.0,0.0,0.0,0.0,-0.013770376809172771,0.0,0.0,0.0,0.0,-0.019285531663565145,-0.020657066187950664,0.0,0.0
2003-05-31,0.0,-0.020490956248655472,0.0,0.0,0.026613700510830934,0.0,0.024337990586731067,0.0,0.031517737685794966,0.0,0.0,0.0,0.0,0.02491774785338493,0.0,0.0,0.014760945746163934,0.0,0.015011884438604623,0.0,0.0,0.0,0.0,0.019979786501341797,0.0,0.0,0.011998176633376371,0.04888162994047236,0.01754077786676944,0.029459614590360287,0.0,0.0,0.0,0.017200501720517854,0.0,0.0,0.0,0.022947288468927976,0.0,0.0,0.0,0.0,0.012930196115222808,0.037194389637688965,0.015600581625683813,0.040563588005951424,0.0,0.0,0.014025291515142846,0.015986346635952418,0.0,0.0,0.0,0.0,0.03376498041079062,0.0383041509589969,0.025415915909747573,0.02490530919929137,0.040109120602830936,0.0,0.0,0.01602961299032231,0.0718884691291205,0.019229639650192146,0.0,0.0,0.0,0.010998767314851245,0.04689951897710852,0.0,0.0,0.027034185872029996,0.0,-0.013402384087777127,-0.013462472721818306,0.0,0.0,0.0,-0.016236288276018057,-0.011264343676590134,-0.015670789661190652,0.07121678938810466,0.0,0.0,0.0,0.0,0.0,0.0,0.0,-0.011302271770740198,0.0,0.0,0.0,0.0,-0.012476039184323382,-0.018429817890581183,0.0,0.0
2003-06-30,0.0,-0.010319531523915045,0.0,0.0,0.025336608129071264,0.0,0.02002376959612216,0.011182892293111165,0.02307250783882421,0.0,0.0,0.0,0.0,0.03276147971464699,0.0,0.0,0.017034110220886585,0.0,0.0178175820470347,0.0,0.0,0.0,0.0,0.025726032244755358,0.0,0.0,0.01362585335433048,0.051452155441003684,0.030847963181804394,0.033202746518411166,0.0,0.0,0.0,0.02166512685412987,0.0,0.0,0.0,0.024089153574581846,0.0,0.0,0.024747393856655333,0.0,0.0,0.018727125744054846,0.012913476236456336,0.03277248018184163,0.0,-0.009957202987062895,0.014895812074642953,0.0218979093651909,0.0,0.0,0.0,0.0,0.055862968115052265,0.04754448874711678,0.023603126192407477,0.025894494787457197,0.04268225144705385,0.0,0.0,0.014663465752296354,0.08085825003935733,0.017492862026403058,0.0,0.0,0.0,0.019431178855859738,0.03308667449752891,0.0,0.0,0.028511651522704684,0.0,0.0,-0.012980190789569763,-0.009832574853690572,0.0,0.0,-0.011406858189253794,0.0,0.0,0.04771203770550696,0.0,0.0,0.0,0.0,0.0,0.0,0.0,0.0,-0.01134598492611278,0.0,0.0,0.0,-0.010877391233888471,-0.012144637340206358,0.0,0.0
2003-07-31,0.0,0.0,0.0,0.014752361800215589,0.028287983222864906,0.0,0.026233008683667815,0.03243619982997298,0.024401958038542913,0.0,0.0,0.0,0.0,0.03070163641125691,0.014046981838141603,0.0,0.024703079805037487,0.0,0.03146863497882255,0.0,0.0,0.0,0.008797085855894055,0.027321407978722564,0.0,0.0,0.013132716542347028,0.048696485346115634,0.0355668678687943,0.03699774005462952,0.0,0.0,0.0,0.02592186032287698,0.0,0.0,0.0,0.017123105413403956,0.0,0.0,0.022070706346452144,0.0,0.0,0.01778233401053422,0.015541740710560437,0.027140099604733386,0.0,0.0,0.014689258115591663,0.021364766154905894,0.0,0.0,0.0,0.0,0.054520114264137894,0.032161486756786914,0.023703662836835313,0.018942243576074547,0.03165415713636784,0.0,0.0,0.015701146679522285,0.07450626580619539,0.015931239952896744,0.0,0.0,0.0,0.018112835303646917,0.03133846546276034,0.0,0.0,0.02416860122140164,0.0,0.0,-0.012629864248543851,0.0,0.0,0.0,0.0,0.0,0.0,0.04181050167286482,0.0,0.0,0.0,0.0,0.0,0.0,0.0,-0.010692518772318095,-0.016476774038595578,0.0,0.0,0.0,-0.009424042267703757,0.0,0.009048061069263575,0.0
2003-08-31,-0.01299448634842721,-0.009248047253211272,0.0,0.008336691379932837,0.028163978290260322,0.0,0.0,0.022255262929409582,0.0165917545987418,0.0,0.0,0.0,0.0,0.018575284546735855,0.0,0.0,0.023675468460859238,0.0,0.03741005939536634,0.0,0.0,-0.010312559592954898,0.0,0.02446961571935195,-0.011479649719504124,0.0,0.019820241514627468,0.054971336449613856,0.040698612789676354,0.05625787660740868,0.0,0.0,0.0,0.03394323944956816,0.0,0.0,0.0,0.024791328275676896,0.0,-0.011035416901462619,0.01349489032395597,0.0,0.0,0.012981173520404845,0.0,0.0,0.0,-0.009316936463743892,0.0,0.023739100887944602,0.0,0.0,0.0,0.0,0.047389643514699355,0.027902081584067515,0.02206755380238061,0.0,0.015052386827610606,0.0,0.0,0.021830332927939067,0.07856617251745679,0.01422790280493563,0.0,0.0,0.0,0.030290345918682366,0.048215100003281004,0.0,0.0,0.030418959045314324,0.0,-0.008858036451723963,0.0,0.0,0.0,0.0,0.0,0.0,-0.008651366082234779,0.07264295677688459,0.0,0.012120554393497497,0.0,0.009731188137174116,0.0,0.0,0.0,-0.011958219183875107,-0.015514188609403838,0.0,0.0,0.0,0.0,0.0,0.0,0.0
2003-09-30,-0.011658420669054427,-0.013037500862531333,0.0,0.0,0.025509221107843143,0.0,0.0,0.008637868183140164,0.018476634507501734,0.0,0.0,0.0,0.0,0.011948038258029217,0.0,0.0,0.023434756237083576,0.0,0.029011607972357946,0.0,-0.008734788232477973,-0.014360783244293795,0.0,0.01654769618760688,-0.011168251442898122,0.0,0.0,0.05612914311432176,0.0469962895358027,0.07554501245033346,0.0,0.0,0.0,0.04049418240055895,0.0,0.0,0.0,0.015215074480271677,0.0,0.0,0.01648636121753462,0.0,-0.012262862491122158,0.011801846219291309,0.0,0.0,0.0,0.0,0.0,0.02146839551670361,0.0,0.0,0.0,0.0,0.04087107847425624,0.028375754823985872,0.027029396674644008,0.009959180503373183,0.013143540243594685,0.0,0.0,0.024320023799057556,0.07366605897035673,0.023200471254652084,0.0,0.0,0.0,0.025607943267718848,0.04028971648387914,0.0,0.011437868031868739,0.04046447748772737,0.026208234822277344,0.0,-0.015232112903412235,0.0,0.0,0.0,0.0,0.0,-0.009306569613703375,0.05947127921007776,0.0,0.0,0.0,0.0,0.0,0.0,0.0,-0.013848020144346143,-0.01866122200097474,0.0,0.0,0.0,0.0,0.0,0.009982316959335375,0.0
2003-10-31,0.0,-0.013292700810797104,0.0,0.0,0.03372676485259456,0.0,0.0,0.0,0.01671915646630146,0.0,0.0,0.0,0.011816032397367605,0.016120128478798137,0.0,0.0,0.027544143371784905,0.0,0.06141451421933467,0.0,0.0,-0.016336959185236005,0.0,0.012385562027935157,-0.010285032201490279,0.0,0.0,0.05592433781694416,0.0336591720926828,0.12086290504334121,0.0,0.0,0.0,0.022152583364568924,0.0,0.0,0.0,0.019413407555549614,0.0,0.0,0.018520218254777655,-0.010989842037207022,-0.016305922793825665,0.0,0.0,0.0,0.0,-0.012967820939213377,-0.010472985309511773,0.01898607006179503,0.0,0.0,0.0,0.0,0.023233158487965096,0.013868802369260124,0.023210910309165448,0.0,0.0,0.0,0.0,0.019647755467373507,0.018359741363815404,0.029201648728894206,0.0,0.0,0.0,0.03669564797383203,0.031509976146669755,0.0,0.01610228152223955,0.04700037029692029,0.03964233397033619,0.0,-0.011430216592744763,0.0,0.0,0.0,-0.015474753312502079,0.0,-0.010513392490631584,0.04677183389995129,0.0,0.010905186089784783,0.0,0.0,0.0,0.0,0.0,-0.011856314740261489,-0.018165003051530865,0.0,0.0,0.0,0.0,0.0,0.01651441390506454,0.0
2003-11-30,-0.0080020193341555,-0.01006372610094356,0.0,0.0,0.025735267347274392,0.0,0.0,0.009206202565318728,0.021758146005154834,0.0,0.0,0.0,0.008321413019023664,0.021357186159420765,0.015897375781153387,0.0,0.035102654802313386,0.0,0.1311057144773783,0.0,-0.013534383946843143,-0.016893156787447218,0.0,0.011354817282571565,0.0,0.0,0.0,0.0529599171464913,0.03078500873078773,0.08666089316492705,0.0,0.0,0.0,0.023237348104870353,0.0,0.0,0.0,0.02708916651216887,0.0,0.0,0.013325060103358086,-0.010618828522619366,-0.01212021226133599,0.0,0.0,0.0,0.0,-0.008241292852216989,-0.00747083438290598,0.020389079693399485,0.0,-0.009613884133454997,0.0,0.0,0.008220793723518824,0.0,0.012696749391844852,0.0,0.0,0.0,0.0,0.0,0.008196099419475007,0.01746844093024847,0.0,0.0,0.0,0.042045902512393034,0.04338842644784775,0.0,0.022273806515025616,0.04574555350521128,0.04086018583799718,0.0,0.0,0.0,0.0,0.0,0.0,0.0,-0.008766287128112215,0.041533134339463325,0.0,0.021472909924484702,0.0,0.008668923304728725,0.0,0.0,0.0,0.0,-0.016394419663349383,0.0,0.0,0.0,0.0,0.0,0.03142477813876506,0.0
2003-12-31,-0.009803190299114249,-0.007389057274744593,0.0,0.0,0.024035238254821796,0.0,0.0,0.010317017142153119,0.016870845493709572,0.0,0.0,0.0,0.01051941575604431,0.01823651746005981,0.014585787439975798,0.0,0.02337617022671495,0.01579069808509889,0.11297500811593003,0.0,-0.010070247432092104,-0.010615440093584992,0.0,0.010580742075639511,0.00986084268260646,0.0,0.0,0.04555877649756392,0.03003352068024689,0.05518599405785843,0.0,0.04553047581742107,0.0,0.022454433091257334,0.0,0.0,0.0,0.02143751545118472,0.0,0.0,0.02724917380857966,0.0,0.0,0.0,0.0,0.0,0.0,0.0,0.0,0.034316650790445116,0.0,0.0,0.0,0.0,0.009055753122054788,0.0,0.028533931529956966,0.0,0.007896347462413635,0.0,0.0,0.01514600546503827,0.010256089583209184,0.028248467441250782,0.0,0.0,0.0,0.05574674714818767,0.04079943496514586,0.0,0.020939192738842795,0.040472883099170694,0.032098486927753134,0.0,0.0,0.00898997998490539,0.0,0.007146477995633392,0.0,0.0,0.0,0.039449542234127624,0.0,0.018486701150664607,0.0,0.0,0.0,0.0,0.0,0.0,-0.011965983796932205,0.0,0.0,0.0,0.0,0.0,0.037975217327865775,0.0
2004-01-31,0.0,0.0,0.011354171604527764,0.0,0.02365452318355633,0.0,0.010343900697740799,0.013866963793761133,0.019008298020702388,0.0,0.0,0.0,0.013559484914734691,0.019548009582248626,0.016189100126853775,0.0,0.026441047800583144,0.030847352819752576,0.0815995596965,0.0,0.0,0.0,0.0,0.014599046183804351,0.02404041358525301,0.0,0.0,0.032882704774984395,0.024862683964093277,0.07448337728853979,0.0,0.016782774431202054,0.0,0.015450642810962518,0.010336870062943536,0.0,0.0,0.0139399298523827,0.0,0.0,0.038230027677712254,0.0,0.0,0.0,0.0,0.0,0.0,0.0,0.0,0.03234643065925635,0.0,0.0,0.0,0.0,0.0,0.013731070373086312,0.030271927202174045,0.0,0.011204967024558641,0.0,0.0,0.02091329510939792,0.019422849027444837,0.02395784745192476,0.0,0.0,0.0,0.037583370846399275,0.03457289630489622,0.020590504340715243,0.018470992177377486,0.02453328124655534,0.028578775169091776,0.0,0.014619463566913004,0.013509450120577369,0.0,0.0,0.0,0.0,0.0,0.04605038291120114,0.0,0.019060324483096337,0.0,0.012385887673510116,0.0,0.0,0.0,0.0,0.0,0.0,0.0,0.0,0.0,0.0,0.046175401438984555,0.0
2004-02-29,0.0,0.0,0.013478885669961124,0.011324272215540552,0.02639954704896763,0.0,0.0,0.017136295545494822,0.017178075723210878,0.0,0.0,0.0,0.014502574579946654,0.01866105836910704,0.016636420759754314,0.0,0.028338671141484653,0.028315069590953694,0.07810341687691848,0.0,0.0,0.0,0.0,0.015796417279700912,0.02806179571305977,0.0,0.0128777451911133,0.027712698648313387,0.018319215216325836,0.09147735647828797,0.0,0.0,0.0,0.02344685444851376,0.022034925899026787,0.0,0.0,0.018003023904255913,0.0,0.012900782371692015,0.04169395850741404,0.0,0.0,0.0,0.0,0.0,0.0,0.0,0.0,0.014716100262232412,0.0,0.0,0.0,0.0,0.0,0.0,0.019863724147351183,0.0,0.0,0.0,0.0,0.02058485067771175,0.013924493564637937,0.018607866351732637,0.0,0.0,0.0,0.029554729227051907,0.041336751333233154,0.0231310193359561,0.02205053106075919,0.030196413418402714,0.02814416132665,0.0,0.027200603377799525,0.0,0.0,0.024769406826641797,0.0,0.011660689555334633,0.0,0.036404240229445176,0.0,0.013694475257004625,0.0,0.014377034095124672,0.0,0.0,0.0,0.0,0.0,0.0,0.0,0.0,0.0,0.0,0.027383848773887026,0.0
2004-03-31,0.01480305596840055,0.0,0.016923618915338372,0.0,0.019954693281122277,0.0,0.0,0.0,0.0,0.0,0.0,0.0,0.0,0.018960358756554274,0.014816359847863022,0.0,0.020717673688712863,0.049827055650852325,0.06465795470906562,0.0,0.0,0.0,0.0,0.01918000945561002,0.027415079015982387,0.0,0.0,0.021326630260646726,0.013820821429709317,0.094998247618759,0.0,0.0,0.0,0.016144950857298494,0.029861910305353866,0.0,0.0,0.013837144546823612,0.0,0.01440047271222952,0.04176283125617827,0.0,0.0,0.0,0.0,0.0,0.0,0.0,0.0,0.01326137451377957,0.0,0.0,0.0,0.0,0.0,0.0,0.0,0.0,0.0,0.0,0.0,0.02835604121309609,0.0,0.026111142744022726,0.0,0.0,0.0,0.03761200923224829,0.020178157468022963,0.02186711181486568,0.019804294042554304,0.026082527898004984,0.02638039463965357,0.017592413163749446,0.03053249957847241,0.013565447050420109,0.013875664745884647,0.018772769014402495,0.0,0.027125177737946354,0.0,0.04322221605740522,0.0,0.014995198195672499,0.0,0.014713365248332586,0.0,0.0,0.0,0.0144652240496443,0.0,0.0,0.0,0.018481967518583872,0.0,0.01386958924487403,0.025726546551863336,0.0
2004-04-30,0.0,0.0,0.014321489459338414,0.0,0.02102788982355839,0.0,0.0,0.0,0.015718424504586836,0.0,0.0,0.0,0.0,0.025547533834068725,0.02420518591624653,0.0,0.021666941079506962,0.042122392253181165,0.071851056098466,0.0,0.0,0.013264846400324666,0.0,0.022518610252714913,0.033641837907467914,0.0,0.0,0.02253814373789575,0.016009892309738448,0.08780929843093191,0.0,0.014158724513466364,0.0,0.020278980115665708,0.015758363896940214,0.0,0.0,0.02570287565124871,0.0,0.013173288792236322,0.022420380638908447,0.0,0.0,0.0,0.0,0.0,0.0,0.0,0.0,0.020350033794479836,0.0,0.0,0.0,0.0,0.0,0.0,0.012782611907574161,0.0,0.0,0.0,0.0,0.033698338420552636,0.014871438563608631,0.029728589891306098,0.0,0.0,0.0,0.033406995185573954,0.02151023271882809,0.018777297382941188,0.0,0.02000497347523926,0.018194959454451543,0.0,0.03537351236358186,0.02121214655642183,0.0,0.02001334040471845,0.0,0.03745228932289129,0.0,0.041887566044756096,0.0,0.012897445284157757,0.0,0.0,0.0,0.0,0.0,0.0,0.0,0.0,0.0,0.016809815305253568,0.014066767445479024,0.015514659354651636,0.017710831507040645,0.0
2004-05-31,0.012944218904783474,0.01776133383383806,0.02361488767459479,0.0,0.03247593358376047,0.0,0.0,0.017336698288364493,0.021014875791981365,0.0,0.0,0.0,0.013661544181749252,0.037298673256137276,0.019223399879851562,0.0,0.026734279298063553,0.03962960230393893,0.08141381986774834,0.0,0.0,0.018211934662868457,0.015243594166463635,0.031101409989206245,0.041946415972400355,0.0,0.0,0.01928246673929999,0.013271945847863197,0.09975102969035697,0.0,0.015149539047469171,0.0,0.028084741225083747,0.03674896272339195,0.0,0.0,0.02293488874934807,0.0,0.0,0.013402438040839713,0.0,0.0,0.0,0.0,0.0,0.0,0.0,0.0,0.013139539555883711,0.0,0.0,0.0,0.0,0.0,0.0,0.0,0.0,0.0,0.0,0.0,0.021414038006557733,0.0,0.017709298352896693,0.0,0.0,0.0,0.016002531287598997,0.012580543462032145,0.01590499015892627,0.0,0.012539443029636364,0.013344753641908251,0.0,0.01716893919161795,0.013846443326279989,0.0,0.01946855506333415,0.0,0.021582798484550213,0.0,0.05627485267547818,0.0,0.0,0.0,0.0,0.0,0.0,0.0,0.021139259736451844,0.0,0.0,0.0,0.0,0.01310906275305288,0.0,0.016536317554391635,0.0
2004-06-30,0.014045894220679445,0.02180584500028297,0.02546142002353246,0.013532035188371467,0.02507941052756241,0.0,0.0,0.01609057312512324,0.018156506347234366,0.0,0.0,0.0,0.0,0.027150172231690212,0.016859983592522318,0.0,0.02816733718833992,0.022357366804331927,0.08808172361702123,0.0,0.0,0.01778328384548178,0.01780178934294531,0.031223212382484957,0.049096827350481695,0.0,0.0,0.021676427157017213,0.017212935126718402,0.07235102137566625,0.0,0.0,0.0,0.021786723254258743,0.02917198796814198,0.0,0.0,0.02428190403934105,0.0,0.0,0.019043263413824587,0.0,0.0,0.0,0.0,0.0,0.0,0.0,0.0,0.0,0.0,0.0,0.0,0.0,0.0,0.0,0.0,0.0,0.0,0.0,0.0,0.0,0.0,0.0,0.0,0.0,0.0,0.018287104973545545,0.014801540775595116,0.018790935105920288,0.0,0.014222653589905475,0.014196388746026786,0.0,0.022705095230731914,0.015464705191984706,0.017587886704889345,0.03156591748363921,0.015935168963453265,0.03227531941620524,0.0,0.06991630929254902,0.0,0.01287415358659301,0.0,0.012234259127145618,0.0,0.0,0.0,0.017516583796837026,0.0,0.0,0.0,0.0,0.0,0.013309495355794291,0.02009883953613039,0.0
2004-07-31,0.0147948565458998,0.02268369633027144,0.024026898673141662,0.016729683048228503,0.023571345728775988,0.0,0.0,0.019702455964868918,0.014182359310369356,0.0,0.0,0.0,0.0,0.02414645510329489,0.0,0.0,0.025287005206294625,0.02187000779470884,0.06209013001440209,0.0,0.0,0.017914295814263976,0.01887936358421627,0.033968979992173604,0.03235874292503461,0.0,0.0,0.016457276959696076,0.013709568489419403,0.08155891355075391,0.0,0.0,0.0,0.017723345567762738,0.03730713060878474,0.0,0.0,0.028148770853968743,0.0,0.01656460912607959,0.018312835636532476,0.0,0.0,0.015377505159126817,0.0,0.0,0.0,0.0,0.0,0.0,0.0,0.0,0.0,0.0,0.0,0.0,0.0,0.0,0.0,0.0,0.0,0.0,0.0,0.0,0.0,0.0,0.0,0.0,0.016407742822367694,0.014532526614322454,0.0,0.015531563864348482,0.0,0.0,0.02589790856594778,0.016638640089624065,0.020333474970107863,0.02665607741973729,0.019825638193325938,0.03921952506636924,0.021702655677385406,0.06155393099737372,0.0,0.016731009888426147,0.0,0.0,0.0,0.0,0.0,0.035511276408175585,0.0,0.0,0.0,0.0,0.017293320267620066,0.014586609481692103,0.020211867685107132,0.0
2004-08-31,0.0158545232981461,0.021656220058392874,0.02312702839126556,0.018065936485210765,0.0224386897595063,0.0,0.0,0.022079546930260447,0.01473930434769392,0.0,0.0,0.0,0.0,0.023303079622144098,0.013785663831460918,0.0,0.023225867078050223,0.02446875796604233,0.04996431038257841,0.0,0.0,0.02022785569800574,0.02081074756129363,0.02862965005327457,0.027802038135830726,0.0,0.0,0.016043566758519364,0.0,0.0699127753647387,0.0,0.0,0.0,0.01751225270861898,0.02800483949358836,0.0,0.0,0.024981362260112314,0.0,0.0,0.0162703071916203,0.0,0.0,0.014957299547677648,0.0,0.0,0.0,0.0,0.0,0.0,0.0,0.0,0.0,0.0,0.0,0.0,0.0,0.0,0.0,0.0,0.0,0.0,0.0,0.0,0.0,0.0,0.0,0.01511644020001239,0.013533580851097602,0.0,0.0,0.014569353355701782,0.0,0.0,0.021872240922836215,0.018321202969093123,0.020290700436113845,0.034817465421897745,0.022566333038154366,0.04131481989930418,0.037280330595100136,0.06338376170855646,0.0,0.016673088928255024,0.0,0.01434240886204069,0.0,0.0,0.0,0.05063349108714386,0.0,0.0,0.0,0.0,0.02093541065180087,0.01696313962064574,0.01952460852821371,0.0
2004-09-30,0.01493821895409385,0.022730649058388744,0.01458332431750054,0.0,0.024262266181090338,0.0,0.0,0.01589911839614293,0.013585216275543825,0.0,0.0,0.0,0.0,0.021692258770346865,0.0,0.0,0.01769704862380717,0.02146239293602447,0.03728856488950099,0.0,0.0,0.0157227543073967,0.023278223205467293,0.03123018346894243,0.04168774014324592,0.0,0.0,0.017713209356224162,0.0,0.05960085700505476,0.0,0.0,0.0,0.019385407962720477,0.0,0.0,0.0,0.028653179667106697,0.0,0.014607749180284057,0.0,0.0,0.0,0.017895628172438015,0.0,0.0,0.0,0.0,0.0,0.0,0.0,0.0,0.0,0.0,0.0,0.0,0.0,0.0,0.0,0.0,0.0,0.017803548262930423,0.0,0.0,0.0,0.0,0.0,0.017528831482098987,0.01851869061821047,0.01679445826543115,0.0,0.01577469744040255,0.0160718198697674,0.0,0.0242949586374878,0.023187006918671458,0.019402448698750085,0.03176150822487254,0.022737421757732457,0.0516679004557237,0.03521852834698237,0.07036451906037261,0.0,0.01492969337923904,0.0,0.015969287871873468,0.0,0.0,0.0,0.05360136325113041,0.0,0.0,0.0,0.0,0.024210580814813715,0.018197488528048335,0.018051257244140775,0.0
2004-10-31,0.017437741680619883,0.028383899096033904,0.020692341770538362,0.018305886630166517,0.027180439303602293,0.0,0.0,0.01877740553548063,0.019456746055378418,0.0,0.0,0.0,0.0,0.02557434610578172,0.019036034472119167,0.0,0.023184733312557528,0.017470161005163673,0.03164457877102635,0.0,0.0,0.01798635521414831,0.02326239815415857,0.032014944252896874,0.018617535985308124,0.0,0.0,0.015617663421862613,0.0,0.05174196540950402,0.0,0.0,0.0,0.0,0.02258940074481468,0.0,0.0,0.021128983207118947,0.0,0.0,0.0,0.0,0.0,0.027810753461287425,0.0,0.0,0.0,0.0,0.0,0.0,0.0,0.0,0.0,0.0,0.0,0.0,0.0,0.0,0.0,0.0,0.0,0.020778085676255262,0.0,0.017668510189189912,0.0,0.0,0.0,0.01863299993954155,0.020645247015183773,0.020221687801593974,0.0,0.018376596221550617,0.01768663956946311,0.0,0.02532581504927858,0.030191373713278676,0.023177406874691983,0.0379001652526216,0.019819897077501196,0.039376981873085005,0.021521416430975618,0.0658495190739912,0.0,0.015918567111160492,0.0,0.0,0.0,0.0,0.0,0.04532107294215139,0.0,0.0,0.0,0.0,0.01888533136029368,0.0,0.024788373238624335,0.0
2004-11-30,0.019287399202932157,0.022227651562810768,0.021507999097100973,0.01539706011436847,0.02408334596455031,0.0,0.0,0.0,0.01651166667988303,0.0,0.0,0.0,0.0,0.025296016195052295,0.021029351354376613,0.0,0.025068464325128874,0.019390614604224036,0.0440671102069401,0.0,0.0,0.016680994996062196,0.019232066096161012,0.026981771822513944,0.017848447153633436,0.0,0.0,0.016597053926916717,0.0,0.051302087073059596,0.0,0.0,0.0,0.01537968781889696,0.02914539885716222,0.0,0.0,0.020068795545769437,0.0,0.0,0.0,0.0,0.0,0.0,0.0,0.0,0.0,0.018002194624643447,0.0,0.0,0.0,0.0,0.0,0.0,0.0,0.0,0.0,0.0,0.0,0.027669240316694793,0.0,0.021941650168890183,0.0,0.022722675392327595,0.0,0.0,0.0,0.0,0.017703533066646078,0.025794726511195507,0.0,0.02257868168967466,0.017183965443365527,0.0,0.026910066965647367,0.03694187804014551,0.017522986786076836,0.02728079704234693,0.01590025829530392,0.037903538262771735,0.0,0.08193274876924808,0.0,0.01930709914585025,0.0,0.018984555957085165,0.0,0.0,0.0,0.02906551417530965,0.0,0.0,0.0,0.0,0.02115135166077742,0.0,0.026399555088456275,0.0
2004-12-31,0.020523781566897742,0.02002824872048949,0.021571818696130497,0.0183882914100856,0.02389143351260195,0.0,0.0,0.0,0.017088503780549713,0.0,0.0,0.0,0.0,0.021581258544920434,0.017951184009639333,0.0,0.02214845027849685,0.01786449074306819,0.03515122347155492,0.0,0.0,0.0,0.01768360532583759,0.028164063939536837,0.017422894226003207,0.0,0.0,0.016944232575720013,0.0,0.042702053975702,0.0,0.0,0.0,0.0,0.030860915079702303,0.0,0.0,0.023937665555412505,0.0,0.0,0.016931732560640844,0.0,0.0,0.016790382926733013,0.0,0.0,0.0,0.023182683501854102,0.0,0.0,0.0,0.0,0.0,0.0,0.0,0.0,0.0,0.0,0.0,0.02791477445501621,0.0,0.021594145033619873,0.0,0.020091493654557157,0.0,0.0,0.0,0.0,0.020850610434061126,0.02598405754855729,0.0,0.021975113341666505,0.019221900003254543,0.0,0.02636943927133132,0.035736420573688275,0.01821104184856929,0.027588730538859754,0.0,0.0385359342504094,0.0,0.09926970203649432,0.0,0.018782602790139186,0.0,0.01991416636582191,0.0,0.0,0.0,0.02509928082621658,0.01737465951522299,0.0,0.0,0.0,0.01949355095824821,0.0,0.025183462152688917,0.0
2005-01-31,0.036964285590339784,0.02381163507870098,0.024245365663814925,0.01823931045690765,0.028269130259519815,0.0,0.016430561882837744,0.0,0.01640792636877354,0.0,0.0,0.0,0.0,0.023181424502279405,0.020844158672241927,0.0,0.02296801158499734,0.021347381105609353,0.044604144348766785,0.0,0.0,0.018916067322389898,0.029819975213829557,0.02851103438961934,0.0239741451810774,0.0,0.0,0.016508659053182127,0.0,0.05418221862274546,0.0,0.0,0.0,0.0,0.027473981580932245,0.0,0.0,0.021909660712870885,0.0,0.0,0.015696586729805145,0.0,0.01723010888490461,0.0,0.0,0.0,0.0,0.01794006399174002,0.0,0.0,0.0,0.0,0.0,0.0,0.0,0.0,0.0,0.0,0.0,0.0203177395827033,0.0,0.0,0.0,0.0,0.0,0.0,0.0,0.0,0.01971156302796132,0.029072080306038625,0.0,0.018466939094457673,0.02288525830822601,0.0,0.01926235842144969,0.03654827585497237,0.017399057288985612,0.02094448157149822,0.0,0.03015615663233771,0.0,0.0793896269627738,0.0,0.014676642526276006,0.0,0.01497647600648026,0.0,0.0,0.0,0.022509370537652482,0.016072396219495577,0.0,0.0,0.0,0.0185041296509212,0.0,0.029631610809884353,0.0
2005-02-28,0.03298588636308446,0.02561586123306146,0.024393461103335998,0.017231164150491717,0.025606573044218484,0.0,0.015256933340371833,0.0,0.01598307532094962,0.0,0.0,0.0,0.0,0.02487669480513287,0.0,0.0,0.022601407883519043,0.01937804155499897,0.05433864858734066,0.0,0.02052262318826715,0.021644387841027825,0.029173974941439026,0.026678190823297174,0.0,0.0,0.0,0.015207113587458274,0.0,0.05074280542386277,0.0,0.0,0.0,0.0,0.030551256242204644,0.0,0.0,0.033386903848005155,0.0,0.0,0.0164334649224213,0.0,0.01847975469710402,0.0,0.0,0.0,0.0,0.016330838123169367,0.0,0.0,0.0,0.0,0.0,0.0,0.0,0.0,0.0,0.0,0.0,0.01563403960145909,0.0,0.0,0.0,0.0,0.0,0.0,0.0,0.0,0.01894080072466262,0.026370096112897912,0.0,0.018821496948103207,0.0229787944117145,0.0,0.02082694511701676,0.03648300833929073,0.018983615634062524,0.019146654986925773,0.0,0.027309819077295898,0.0183788514304117,0.07875534760827456,0.0,0.01755670522789847,0.0,0.016511515864966523,0.0,0.0,0.0,0.01983004660561175,0.0151296937370165,0.0,0.0,0.0,0.018666328502545716,0.0,0.03225717904508391,0.0
2005-03-31,0.018160814410414644,0.02391521577301409,0.023774106907889878,0.020555181097076915,0.02225906844594697,0.0,0.020152970938712347,0.017593846850094016,0.017623328204486116,0.0,0.0,0.0,0.0,0.024671019819885478,0.0,0.0,0.0214946516107529,0.02016493207106306,0.025838116155880088,0.0,0.02108683318206488,0.02154710119832499,0.026642944780609787,0.02570224752078556,0.0,0.0,0.0,0.0,0.0,0.04474794943037855,0.0,0.0,0.0,0.0,0.032671988214708424,0.0,0.0,0.034784032668920106,0.0,0.0,0.016957608611169482,0.0,0.02454072521351707,0.0,0.0,0.0,0.0,0.0212639264157275,0.0,0.0,0.0,0.0,0.0,0.0,0.0,0.0,0.0,0.0,0.0,0.0,0.0,0.0,0.0,0.0,0.0,0.0,0.0,0.0,0.0,0.0289412721892847,0.0,0.021470169999665247,0.022191668205708507,0.0,0.01912099757487741,0.04556068989017274,0.024780847990224057,0.023824581376349453,0.0,0.027782373123151988,0.02241809124800599,0.06511255393159508,0.0,0.019550709587750112,0.019602595269676622,0.019788900281678918,0.0,0.0,0.0,0.020015147587591858,0.019363863576234364,0.0,0.0,0.0,0.021243017454241685,0.01799989661270861,0.03508401457965974,0.0
2005-04-30,0.018280149236336682,0.02087210916757949,0.024260510775179617,0.028403876133253896,0.02828164481756185,0.0,0.025721327012165757,0.021623704150509657,0.019570054368575156,0.0,0.0,0.0,0.025301985232407176,0.028840949602387228,0.017069847235329314,0.0,0.026796804205064174,0.0186809872068336,0.0,0.0,0.02136839073504539,0.021668196645535473,0.028114643005415427,0.02344471714891464,0.0,0.0,0.021664312337096935,0.0,0.0,0.04241957983404489,0.0,0.0,0.0,0.019757406353894613,0.03658954470385994,0.0,0.0,0.04027284753567324,0.0,0.0,0.021802458747431457,0.016976310304565458,0.030795603314532214,0.018142670921473196,0.0,0.0,0.0,0.017490993785052592,0.01672297330612582,0.0,0.0,0.0,0.0,0.0,0.0,0.0,0.0,0.0,0.0,0.0,0.0,0.0,0.0,0.0,0.0,0.0,0.0,0.0,0.0,0.024686639613613157,0.0,0.0,0.017864118169439995,0.0,0.0,0.03923749544504288,0.019005797450886642,0.0,0.0,0.01935218788128461,0.021947970035901907,0.04893169308890009,0.0,0.019139030305011552,0.025448902184759394,0.0,0.0,0.0,0.0,0.026238537666973004,0.027500149763762673,0.0,0.0,0.0,0.0,0.0,0.02971288057257929,0.0
2005-05-31,0.020382838443116776,0.0,0.029106799756908254,0.03409226663187966,0.03067629176926063,0.0,0.026589794319713082,0.0,0.01791943015393991,0.0,0.0,0.0,0.023142502615960535,0.024662269112366093,0.016804143923011692,0.0,0.026789878245100048,0.021062348152538445,0.018063063327663675,0.0,0.02407617744718152,0.02413060280610223,0.024031550824047825,0.027322677178502272,0.017871021070987373,0.0,0.024989942551027936,0.0,0.017909241268044957,0.05114415621181252,0.0,0.0,0.0,0.031225310270387396,0.04010973799548148,0.0,0.0,0.03737126505160681,0.0,0.018276609564930914,0.026446156302212174,0.020226334345347503,0.024810433081486987,0.0,0.021993432131904116,0.0,0.0,0.02225387465286396,0.0,0.0,0.0,0.0,0.0,0.0,0.0,0.0,0.0,0.0,0.0,0.0,0.0,0.0,0.0,0.0,0.0,0.0,0.0,0.0,0.0,0.03076003327618233,0.0,0.0,0.019783494888754295,0.0,0.0,0.028466098848397892,0.017271656855642654,0.0,0.0,0.0229948806258229,0.02376201371214979,0.029211319692819735,0.0,0.02013377215677959,0.0,0.0,0.0,0.0,0.0,0.021606831120090094,0.0,0.0,0.0,0.0,0.0,0.01802211212839878,0.02450763748957526,0.0
2005-06-30,0.016336321912235715,0.0,0.0273339406568609,0.0377926807672696,0.0336367863106549,0.0,0.02413481105486913,0.014993684870232789,0.017755559802126494,0.0,0.0,0.0,0.028583912562645978,0.032065438957145566,0.01802179460055332,0.0,0.025082852425161888,0.02309695186906177,0.017004974973070987,0.0,0.014944968243407937,0.01671862840535396,0.019256980383729055,0.028572128344987756,0.02407568747155394,0.0,0.026142153376878283,0.0,0.02682146379243482,0.029902879276094023,0.0,0.0,0.0,0.040693915887214174,0.043210484901073785,0.0,0.0,0.05019293293624748,0.0,0.0,0.02743452608802053,0.022410901633438476,0.027695322331376546,0.0,0.024740971147497185,0.01897538850964242,0.0,0.023393093948969275,0.0,0.0,0.0,0.0,0.0,0.0,0.0,0.0,0.0,0.0,0.0,0.0,0.0,0.0,0.0,0.0,0.0,0.0,0.0,0.0,0.0,0.02145118699531924,0.0,0.0,0.0,0.0,0.0,0.022511244810466704,0.02262645839699308,0.0,0.0,0.02140143145350042,0.0,0.025839182827544552,0.0,0.017976490741688264,0.0,0.0,0.0,0.0,0.0,0.024128698274180668,0.0,0.0,0.0,0.0,0.01640932068510156,0.019559655440238837,0.027074192935158017,0.0
2005-07-31,0.0,0.0,0.025280550467979057,0.03901381937799375,0.029065942827192805,0.0,0.026053634041203814,0.0,0.021169705716600144,0.0,0.0,0.0,0.029998551861300658,0.037173433156334326,0.0201332981040916,0.0,0.026874335377859347,0.02293794693477854,0.01638505520724905,0.0,0.023427403470338996,0.018008784193683975,0.0221880910520026,0.030598908105478086,0.019755583560508293,0.0,0.0224496343891122,0.02027907446846111,0.03399889682966655,0.018358539094448234,0.0,0.0,0.0,0.03889649301943743,0.035113640921578045,0.0,0.0,0.04952990609182996,0.0,0.0,0.019248182789009128,0.019008946695377626,0.019558849852970624,0.0,0.02335620003888155,0.015777026075290974,0.0,0.022898065486059414,0.0,0.0,0.0,0.0,0.0,0.0,0.0,0.0,0.0,0.0,0.0,0.0,0.0,0.0,0.0,0.0,0.0,0.0,0.0,0.0,0.0,0.02409107621911841,0.0,0.016645766684228194,0.01566417520192976,0.0,0.0,0.02262660149067654,0.0,0.0,0.0,0.0,0.0293071935025964,0.025057735970655005,0.0,0.022777477162189374,0.0,0.0,0.0,0.0,0.0,0.020287523193408995,0.0,0.0,0.0,0.0,0.017429006808927984,0.022162298178676862,0.037412646380874465,0.0
2005-08-31,0.0,0.0,0.02589620025171365,0.043406130064120155,0.0318200388828633,0.0,0.029612546061140117,0.0186801105037479,0.01998014943106716,0.0,0.0,0.0,0.025578664324759283,0.03584903961000519,0.02000685748831119,0.0,0.024598194631521558,0.020607933611969102,0.0,0.0,0.0,0.017985851717998515,0.022144342536685364,0.029091041793044586,0.026479762088069455,0.0,0.030533406565068776,0.021138277509285673,0.031032100282805602,0.018066494822628905,0.0,0.017579997292482028,0.0,0.04212041164491086,0.029963395708999287,0.0,0.0,0.043842909141696744,0.0,0.0,0.021097630212084818,0.01882836946571354,0.016637696945340896,0.0,0.028677311090645606,0.01844835557004857,0.0,0.028316598491184952,0.0,0.0,0.0,0.0,0.0,0.0,0.0,0.0,0.0,0.0,0.0,0.0,0.0,0.0,0.0,0.0,0.0,0.0,0.0,0.0,0.0,0.019700907197659216,0.0,0.0,0.01633674237833701,0.0,0.0,0.019013062935919527,0.0,0.0,0.0,0.017912452044659802,0.021567216798013274,0.026724042784964055,0.0,0.023940718195513907,0.0,0.0,0.0,0.0,0.0,0.018301590551320166,0.0,0.0,0.0,0.0,0.02117601329070996,0.021144180391943573,0.036163255691046656,0.0
2005-09-30,0.0,0.0,0.027442210902117598,0.04608151173007116,0.02602138528994167,0.0,0.03292573377462979,0.0195016920170135,0.018683179719033587,0.0,0.0,0.0,0.03323078913654494,0.04030769283924444,0.022065303206825895,0.0,0.030580768255806166,0.020007259191996328,0.016095247287966654,0.0,0.0180071692239557,0.0173340471983648,0.02300912205201126,0.02995024168678412,0.02624748643178177,0.0,0.02524309849776672,0.01687701333528362,0.027168012236977415,0.018756570481628907,0.0,0.0,0.0,0.02729610027651608,0.03933780759609294,0.0,0.0,0.0431186261575099,0.0,0.0,0.028993449654874402,0.021130907226527194,0.024460353107301644,0.0,0.030133870590737282,0.019737847885058165,0.0,0.03286620238354611,0.01532804524723467,0.0,0.0,0.0,0.0,0.0,0.0,0.0,0.0,0.0,0.0,0.0,0.0,0.0,0.0,0.0,0.0,0.0,0.0,0.0,0.0,0.017658929905816485,0.0,0.015829889010510797,0.01836421829588236,0.0,0.0,0.0,0.0,0.0,0.0,0.0,0.019053355086195982,0.018720239265249735,0.0,0.016881387088993737,0.0,0.0,0.0,0.0,0.0,0.0,0.0,0.0,0.0,0.0,0.02045503260269735,0.021620655330896826,0.03347754879261217,0.0
2005-10-31,0.0,0.0,0.02471411618241143,0.040667548224987644,0.021787087989438188,0.0,0.029134128992333256,0.015176316050055507,0.019217507013594738,0.0,0.0,0.0,0.038643020484305186,0.028276081897110353,0.02372572328734153,0.0,0.030896521071499893,0.027814475181284895,0.0,0.0,0.0,0.0,0.020139600698203256,0.02406457889063048,0.022410413677806617,0.0,0.02653579949603844,0.02160884096580496,0.03310362651630532,0.01899325600128984,0.0,0.0,0.0,0.0,0.032499598797302916,0.0,0.0,0.04169017817300929,0.0,0.0,0.0306933050254392,0.018950071570324904,0.020937017746635846,0.0,0.027527043731850907,0.017282304116576837,0.0,0.025561307100512003,0.01646102695588083,0.0,0.0,0.0,0.0,0.0,0.018686932763397616,0.0,0.0,0.0,0.0,0.027145915759800313,0.0,0.0,0.0,0.0,0.0,0.0,0.0,0.0,0.0,0.025802324276471004,0.018520562539740857,0.020400146148098854,0.026731638732637373,0.0,0.0,0.02468075844433174,0.0,0.0,0.0,0.01644851622799993,0.02421870033123825,0.016635991614144113,0.0,0.0,0.0,0.0,0.0,0.0,0.0,0.0,0.0,0.0,0.0,0.0,0.019495479233688207,0.024727758604120787,0.03799477948635678,0.0
2005-11-30,0.0,0.0,0.024378624217520566,0.035350056069293714,0.02504800422479218,0.0,0.025798714329513483,0.015130195492108088,0.0,0.0,0.0,0.0,0.02410816055756339,0.033591392860158595,0.023565634258528107,0.0,0.018048350394851486,0.03219919955241798,0.0,0.0,0.0,0.0,0.0,0.021244334048288203,0.016394384927279054,0.0,0.0,0.024495723664789394,0.03421058522012329,0.022058482784528308,0.0,0.015714058300361006,0.0,0.01970914669516662,0.03455103581819723,0.0,0.0,0.04276700505010554,0.0,0.022186121965655812,0.025434887408884888,0.02177950459349447,0.024625341032977675,0.0,0.03171489404258067,0.02687992548603018,0.0,0.03476636484808425,0.021633756338734843,0.0,0.0,0.0,0.0,0.0,0.0,0.0,0.0,0.0,0.0,0.027954280857394823,0.0,0.0,0.0,0.0,0.0,0.0,0.0,0.015299155493320702,0.0,0.02394550542296339,0.016006925781307097,0.018492887660949277,0.02803489051522222,0.0,0.0,0.030882446361691265,0.015597659890652652,0.0,0.0,0.018821389601449558,0.02219265379289886,0.0,0.0,0.021587930233557456,0.0,0.0,0.0,0.0,0.0,0.0,0.0,0.0,0.0,0.0,0.0,0.03366797027061389,0.03013241993594974,0.0
2005-12-31,0.0,0.0,0.016785003736543447,0.032434927112920446,0.020181821656366512,0.0,0.020717610244287556,0.0,0.0,0.0,0.0,0.0,0.018875449672850576,0.03080056737926228,0.02226740541547318,0.0,0.016981010241525235,0.0308136451362078,0.0,0.0,0.0,0.0,0.014402504238542588,0.0192352470605705,0.021769889513306148,0.0,0.0,0.028692282055217337,0.04564962683293632,0.05132684722681061,0.0,0.0,0.0,0.0,0.023567362679355615,0.0,0.0,0.04127221068203351,0.0,0.018784206209770362,0.027193624613774923,0.018311462852223067,0.017362131652147755,0.0,0.032951154941864055,0.017437089243856493,0.0,0.04229514757022869,0.01786728390276331,0.0,0.0,0.0,0.0,0.0,0.015576607089316574,0.0,0.0,0.0,0.0,0.03795017987105633,0.0,0.0,0.0,0.0,0.0,0.0,0.0,0.018134366553396758,0.0,0.03013732254833054,0.018784718201015346,0.020333195070016925,0.03420584017649745,0.0,0.0,0.03213163750636118,0.016328547533860094,0.0,0.0,0.02077489188815951,0.015279465246641866,0.0,0.0,0.01965051427798614,0.0,0.0,0.0,0.0,0.0,0.0,0.0,0.0,0.0,0.0,0.013424427926846456,0.026218618731269204,0.033094155508407254,0.0
2006-01-31,0.0,0.0,0.01331399897773548,0.031299529077014845,0.019820139953679414,0.0,0.0209442430290926,0.0,0.0,0.0,0.0,0.0,0.01819419426205796,0.02984152452622995,0.02074620201673786,0.0,0.01760373882876298,0.03227521586717652,0.0,0.0,0.0,0.0,0.01406242924187314,0.021653041853181027,0.02386332830740355,0.0,0.0,0.02858605895917834,0.04118912790752182,0.05934790729226993,0.0,0.0,0.0,0.0,0.025597491381557376,0.0,0.0,0.03502476968166494,0.0,0.0184342963798924,0.023401843453377515,0.018017923020855788,0.016290490340952243,0.0,0.037884714024884455,0.01609846312618007,0.0,0.05563414978675181,0.019787487468815968,0.0,0.0,0.0,0.0,0.0,0.021290584389756374,0.0,0.0,0.0,0.0,0.038375448459198665,0.0,0.0,0.0,0.0,0.0,0.0,0.0,0.01731628772379493,0.013775631234444042,0.035640766787343736,0.019495699723702332,0.01915712070116952,0.02541144060493155,0.0,0.0,0.021675700757526912,0.0,0.0,0.0,0.013818625696273094,0.014484564688929348,0.0,0.0,0.022408659362760472,0.0,0.0,0.0,0.0,0.0,0.0,0.0,0.0,0.0,0.0,0.013760107551375713,0.02793650443831228,0.03654054911563311,0.0
2006-02-28,0.0,0.0,0.01599660358966189,0.03643477678734357,0.0180158360161534,0.0,0.023320437289564303,0.0,0.014104207309590094,0.0,0.0,0.0,0.0202667881094914,0.03293076626017997,0.02587771917327284,0.0,0.01740572904389028,0.028640286986866492,0.0,0.0,0.0,0.0,0.014449236490622977,0.022079499979751335,0.02161749673330947,0.0,0.0,0.022112765544874905,0.030243959217826244,0.06307517498527591,0.0,0.0,0.0,0.0,0.0322327800980066,0.0,0.0,0.034234645626145525,0.0,0.01829673376989378,0.026579206824713333,0.018067563015079866,0.02176506918763246,0.0,0.0345658682838153,0.01873246739183826,0.0,0.05726769099574526,0.022228745076336206,0.0,0.0,0.0,0.0,0.0,0.019670869376275286,0.0,0.0,0.0,0.0,0.02805631569562339,0.0,0.0,0.0,0.0,0.0,0.0,0.0,0.01611816580530626,0.0,0.03298733684705547,0.020367150179812613,0.019329825586071877,0.02350617534463715,0.0,0.0,0.023939039287899,0.016798284503460322,0.0,0.0,0.01436499678900466,0.018584467340820886,0.0,0.0,0.016914671522135893,0.0,0.0,0.0,0.0,0.0,0.0,0.0,0.0,0.0,0.0,0.0,0.025275564636259927,0.03354508329875559,0.0
2006-03-31,0.0,0.0,0.01970385895486311,0.02450807032154664,0.021471617486465602,0.0,0.018278458552766323,0.0,0.0,0.0,0.0,0.0,0.014935433180311096,0.030438534918010345,0.027689786015815433,0.0,0.018305147457011096,0.028981060926913223,0.0,0.0,0.0,0.0,0.0,0.022659997715715956,0.024214602586928095,0.0,0.0,0.025443588832769246,0.04097444082213279,0.08071967040507168,0.0,0.0,0.0,0.016667324023616505,0.0332210553639984,0.0,0.0,0.024142726751902502,0.0,0.01699952393483977,0.020644743862024403,0.01378723115603523,0.016293730910397645,0.0,0.027363981116257246,0.0,0.0,0.02395685530739623,0.0,0.0,0.0,0.014580930052155163,0.0,0.0,0.013705373650685642,0.0,0.0,0.0,0.0,0.02871268858211427,0.0,0.0,0.0,0.0,0.0,0.0,0.0,0.0,0.014960318599214982,0.04277988517612137,0.02395514408878825,0.02060639048062003,0.02237181378318099,0.0,0.0,0.01752361616187591,0.019453220355305986,0.0,0.021311211867487845,0.015169978639910245,0.027267012221031884,0.0,0.0,0.022380601785482384,0.0,0.0,0.0,0.0,0.0,0.0,0.0,0.0,0.0,0.0,0.020096797916420474,0.04334799715149674,0.04037557888531934,0.0
2006-04-30,0.0,0.0,0.018688917283553333,0.024561535182774093,0.02026226424318462,0.0,0.01661898377244337,0.0,0.0,0.0,0.0,0.0,0.0,0.026086431265220072,0.023616622375647944,0.0,0.01606926628178131,0.026845250783266557,0.0,0.0,0.0,0.0,0.0,0.025784174566998195,0.020033793236723326,0.0,0.0,0.015601594895523638,0.019041430560849452,0.06278564789956755,0.0,0.0,0.0,0.01538556565497791,0.03143098140737242,0.0,0.0,0.030780897838584714,0.0,0.022729448853249363,0.017971068134788947,0.0,0.015557070894330581,0.015009153769229016,0.027948797985344703,0.0,0.0,0.02051255517702274,0.0,0.0,0.0,0.015606826335342798,0.0,0.0,0.018258175656981755,0.0,0.0,0.0,0.0,0.026416800841969415,0.0,0.0,0.0,0.0,0.0,0.0,0.0,0.0,0.023134441116160417,0.03749675745788147,0.029603017236440238,0.024298334799396748,0.024679418456296686,0.0,0.0,0.019928793478885803,0.02790621521067534,0.0,0.03423242405360272,0.018900025101585994,0.03635038832256161,0.0,0.0,0.028056088812892538,0.016153935483464492,0.0,0.0,0.0,0.0,0.0,0.0,0.0,0.0,0.0,0.023916078767371556,0.04816476439762131,0.03357606240843523,0.0
2006-05-31,0.0,0.0,0.019686624135628075,0.02030874921924793,0.023487078640528024,0.0,0.0,0.0,0.0,0.0,0.0,0.0,0.014628963570441075,0.03441508251258119,0.03258799114218765,0.0,0.01669330288472191,0.0341916925260325,0.0,0.0,0.0,0.0,0.0,0.030690813515360203,0.0,0.0,0.0,0.014102565325276943,0.015052014995851631,0.020068479906757374,0.0,0.0,0.0,0.0,0.035601420608812384,0.0,0.0,0.03071592751694308,0.0,0.028251552127440384,0.0185364062040618,0.0196317652136445,0.019188774130785728,0.017090120578251284,0.026763675583663996,0.0,0.0,0.019830585697446758,0.0,0.0,0.0,0.024778401065180096,0.0,0.0,0.014658668929677713,0.0,0.0,0.0,0.015057016718729832,0.02776930166693737,0.0,0.0,0.0,0.0,0.0,0.0,0.0,0.018198190005151438,0.027404810336036752,0.035672595258161,0.034693927909297574,0.02815913079195478,0.026070493125681816,0.0,0.0,0.0,0.02445331790324536,0.0,0.026851320854599913,0.02023331079091837,0.03435207106178471,0.0,0.0,0.02807329834406378,0.01716944876357096,0.0,0.0,0.0,0.0,0.0,0.0,0.0,0.0,0.0,0.02424981923956116,0.04409188461382887,0.03653940658595419,0.0
2006-06-30,0.0,0.0,0.02143753657408128,0.021791208166171395,0.02570508390819278,0.0,0.015286393529668882,0.0,0.0,0.0,0.0,0.0,0.01719747124365419,0.03197549349075738,0.03134364293446205,0.0,0.02053317559667986,0.026855947642105582,0.0,0.0,0.0,0.0,0.01478244881689731,0.02798168178781847,0.015915606409002653,0.0,0.0,0.018033889614857305,0.02076651900365611,0.0,0.0,0.0,0.0,0.018454560107998747,0.038639651799136254,0.0,0.0,0.04054692979092956,0.0,0.027017304721460453,0.021121836068304745,0.028140940720358987,0.021310606117550653,0.028538486121274523,0.02194582455291203,0.0,0.0,0.017869537644129154,0.0,0.0,0.0,0.0304410195682586,0.0,0.0,0.0,0.0,0.0,0.0,0.0,0.02735427113656672,0.0,0.0,0.0,0.0,0.0,0.0,0.0,0.0,0.024997231462690103,0.03166391252347399,0.03918050050089312,0.027262814798607465,0.016151745671300205,0.0,0.0,0.0,0.02605655481420301,0.0,0.02486538095403061,0.020192330255945395,0.034978767280017704,0.0,0.0,0.018594390444143634,0.0,0.0,0.0,0.0,0.0,0.02193203871799437,0.0,0.0,0.0,0.0,0.018978359370422845,0.025332023167699946,0.038826882971691894,0.0
2006-07-31,0.0,0.0,0.019831882031507566,0.023450422812644707,0.028085207680805725,0.0,0.016271938827605078,0.0,0.0,0.0,0.0,0.0,0.0180306899074445,0.03570643973518385,0.03921586840367813,0.0,0.020503945567246773,0.027143587217860542,0.0,0.0,0.0,0.0,0.016701963545399864,0.029278685429061153,0.016168064320026397,0.0,0.0,0.016791462419439778,0.01678836587709785,0.0,0.0,0.0,0.0,0.0,0.036167410336695405,0.0,0.0,0.046076189498887525,0.0,0.025749522646443496,0.01893182394457672,0.02373713635668995,0.01716547029855399,0.03185860755228505,0.0,0.0,0.0,0.018216037814309395,0.0,0.0,0.0,0.03316338023433019,0.0,0.0,0.0,0.0,0.0,0.0,0.019907198163001225,0.025517802418663346,0.0,0.0,0.0,0.0,0.0,0.0,0.0,0.0,0.029003329983735015,0.027333709737541487,0.028018464220122188,0.023260188916863222,0.01576230523086447,0.0,0.0,0.0,0.029001645371319412,0.017409866422044777,0.027767662858407604,0.020162225803848084,0.0342165712960879,0.0,0.0,0.024020603493693057,0.0,0.0,0.0,0.0,0.0,0.023800835812416397,0.0,0.0,0.0,0.0,0.017464965457665363,0.02617227467315747,0.036146247682795445,0.0
2006-08-31,0.0,0.0,0.017001794487130482,0.022741401040430643,0.026954337690403212,0.0,0.017700912315358953,0.0,0.0,0.0,0.0,0.0,0.019020454115970073,0.027907078836954282,0.03647062420634683,0.0,0.017670702591235703,0.026995471546389486,0.0,0.0,0.0,0.0,0.017336032574874264,0.030084977574895335,0.017706872480081435,0.0,0.018933294624594654,0.027099697204004156,0.02800375489906547,0.0,0.0,0.0,0.0,0.0,0.0275588687824712,0.0,0.0,0.047901619708711714,0.0,0.029206746971374268,0.016441636411480755,0.02451154840533105,0.015492664387094486,0.027936069328258168,0.0,0.0,0.0,0.02096461549152626,0.0,0.0,0.0,0.04245300633589743,0.0,0.0,0.015784193696644598,0.019160244468286205,0.0,0.0,0.018295728490297484,0.031015883910026836,0.0,0.0,0.0,0.0,0.0,0.0,0.0,0.0,0.02633398499169496,0.02854956223107901,0.0260449316922181,0.017006429430204768,0.0,0.0,0.0,0.0,0.03149796555735645,0.0,0.018417287656561365,0.0,0.04016641194853371,0.0,0.0,0.03184425455107129,0.0,-0.02364275467794168,0.0,0.0,0.0,0.023189368770139496,0.0,0.0,0.0,0.0,0.0,0.017968077120616117,0.026988738797447735,0.0
2006-09-30,0.0,0.0,0.0,0.0,0.02124827506645105,0.0,0.0,0.0,0.0,0.0,0.0,0.0,0.016905751213817485,0.03019963703717995,0.035170418405410395,0.0,0.019698675503499588,0.03300322359820649,0.0,0.0,0.0,0.0,0.018467590199299475,0.027237026122461625,0.019745741439921347,0.0,0.017770863786009866,0.029029948899088987,0.02834022609084983,0.0,0.0,0.0,0.0,0.016934795338628024,0.020067301430660506,0.0,0.0,0.04146934016639586,0.0,0.026701986938145055,0.016726964474194916,0.020322988106097967,0.015467138296666013,0.025770101467109313,0.0,0.0,0.0,0.02191907846365691,0.0,0.0,0.0,0.046295942120016864,0.0,0.0,0.015760134219828095,0.033892553066202265,0.0,0.0,0.018639833816402124,0.033853279670965256,0.0,0.0,0.0,0.0,0.0,0.0,0.0,0.018480942961255943,0.03135489556509904,0.031261601649529784,0.029699507284705034,0.022450120871240504,0.0,0.0,0.0,0.0,0.02876446549539943,0.01573514668745458,0.01997935098324614,0.01888820332148864,0.03403998233785325,0.0,0.0,0.028787592614833324,0.0,0.0,0.0,0.0,0.0,0.0,0.0,0.0,0.0,0.0,0.017075565884599325,0.021871715880297172,0.030972093525832634,0.0
2006-10-31,0.0,0.021258395567744396,0.0,0.0,0.016967929297734465,0.0,0.019273799558269373,0.023195318838723382,0.0,0.0,0.0,0.0,0.0,0.02541295872662467,0.030840163151776095,0.0,0.015636030178263524,0.028701886067738,0.0,0.0,0.0,0.0,0.019093856732110163,0.0,0.025712959592264138,0.0,0.018596179031637003,0.03286936554667772,0.027491566943872576,0.0,0.0,0.0,0.0,0.0,0.0,0.0,0.0,0.0386505032471415,0.0,0.026389111785025808,0.0,0.016216875784471618,0.0,0.021748023312796995,0.0,0.0,0.0,0.01673171684657261,0.0,0.0,0.0,0.03030706823890859,0.0,0.0,0.0,0.029695568024588396,0.0,0.02016513838825513,0.0190415668023611,0.03381756003587059,0.0,0.0,0.0,0.0,0.0,0.0,0.0,0.01919971290128882,0.030411660514956484,0.033036184075759215,0.02888411897927919,0.019269684338298742,0.022890638144482695,0.0,0.0,0.0,0.03449343114645092,0.022026724329898908,0.01969262295600369,0.02531355537498787,0.03909197948966947,0.0,0.0,0.03390523969369089,0.01900764673925522,0.0,0.0,0.0,0.0,0.02735585783304122,0.0,0.0,0.0,0.0,0.018550747981571317,0.02268432287627474,0.026372330925662872,0.0
2006-11-30,0.016780872280397933,0.027800923820485816,0.0,0.0,0.0,0.0,0.021297295523705462,0.021812420296937984,0.0,0.0,0.0,0.0,0.0,0.02006196470800464,0.028410071864748327,0.0,0.021433359129155432,0.022926786474130333,0.0,0.0,0.0,0.0,0.01937327795459888,0.0,0.022546889647757643,0.0,0.02440297506017585,0.02838347837736169,0.02191115911124841,0.0,0.0,0.0,0.0,0.0,0.013882643573085883,0.0,0.0,0.033702679712252465,0.0,0.02360158945076419,0.0,0.0,0.0,0.023858067314114675,0.0,0.0,0.0,0.018694323421955407,0.0,0.0,0.0,0.04156436396248294,0.0,0.0,0.0,0.029340095665295808,0.0,0.016320037029657314,0.0,0.030104905680267153,0.0,0.0,0.0,0.0,0.0,0.0,0.0,0.020528946385897546,0.03782494030693996,0.03672574950610816,0.03371774608493609,0.02319477503947176,0.022040090963553485,0.0,0.0,0.0,0.03566215752490123,0.027233029556189437,0.018742916785500767,0.022360296831097626,0.05012304416313653,0.014999097062521241,0.0,0.031534083297113234,0.018417173485989265,0.0,0.0,0.0,0.0,0.01884390246002546,0.02509621965273387,0.0,0.0,0.0,0.0,0.015802445483614876,0.01894320535168524,0.0
2006-12-31,0.019546078996340525,0.02753799736914032,0.0,0.0,0.0,0.0,0.019092820991948464,0.023279769573887096,0.0,0.0,0.0,0.0,0.0,0.0,0.01984418552483794,0.0,0.015596611894779072,0.021510271663462,0.0,0.0,0.0,0.0,0.019155652934256945,0.0,0.024842076699161622,0.0,0.026041869960868824,0.023118455485833335,0.019626126578227553,0.0,0.0,0.0,0.0,0.0,0.0,0.0,0.0,0.028623336558809626,0.0,0.021699283373027234,0.0,0.0,0.0,0.02279849549574396,0.0,0.0,0.0,0.01592094978020567,0.0,0.0,0.0,0.04718072794383881,0.0,0.0,0.0,0.020064316735167013,0.0,0.015443170214369757,0.0,0.027274627940797845,0.0,0.0,0.0,0.0,0.0,0.0,0.0,0.019316533381855898,0.051077484535474955,0.0347012016531391,0.028836989959130768,0.01678893752177724,0.02518715219837612,0.0,0.02191632760206259,0.016325131701770527,0.04665037825968431,0.031856600685626985,0.02532768789539026,0.02361435589046289,0.055607816535567,0.015024088938157973,0.0,0.0376012348761138,0.016262269597019662,0.0,0.0,0.0,0.015461758219048199,0.021933152620925822,0.017928333325964475,0.0,0.0,0.0,0.0,0.0,0.020385738887747876,0.0
2007-01-31,0.021744465855575826,0.030885718865133704,0.0,0.0,0.0,0.0,0.0,0.01700642640829358,0.0,0.0,0.0,0.0,0.0,0.0,0.021924289078077374,0.0,0.016101483119609933,0.02845177574834435,0.0,0.0,0.0,0.0,0.016917209388910146,0.0,0.014923174464254762,0.0,0.024237444619775367,0.026971775070284008,0.018708708116041004,0.0,0.0,0.017325379773124858,0.0,0.0,0.0,0.0,0.0,0.030301877349425455,0.0,0.015584907928355403,0.0,0.0,0.0,0.021280807561649212,0.0,0.0,0.0,0.01823401532815944,0.0,0.0,0.0,0.05839916742011558,0.04560154845164382,0.0,0.02522036857330564,0.02663374693300481,0.0,0.016722121418598277,0.01889858560771008,0.028951114586170418,0.0,0.0,0.017664658412636116,0.0,0.0,0.0,0.0,0.0,0.04310707881995384,0.034737826542393185,0.028785988437071187,0.0,0.027863861004590422,0.0,0.019603833673425445,0.0,0.03209257792612091,0.025909426298917414,0.019355529003623712,0.01641126815173681,0.04461747624566268,0.0,0.0,0.023303861081503688,0.022947611006166067,0.0,0.0,0.0,0.01566635445253185,0.024500507746406136,0.0,0.0,0.0,0.0,0.0,0.016967683706820516,0.025438345824876835,0.0
2007-02-28,0.015523469812269465,0.017894296491608293,0.0,0.0,0.0,0.0,0.0,0.014954434940515508,0.0,0.0,0.0,0.0,0.0,0.0,0.012467783791855444,0.0,0.0,0.0226344822076905,0.0,0.0,0.0,0.0,0.0,0.0,0.0,0.0,0.022333745093266043,0.015057002386165455,0.0,0.0,0.0,0.030141767263893775,0.0,0.0,0.0,0.0,0.0,0.020474655423118625,0.0,0.0196373962695458,0.0,0.0,0.0,0.01552876609632361,0.0,0.0,0.0,0.012654873548149346,0.0,0.0,0.0,0.04526712565022991,0.0404881858125465,0.0,0.0,0.023699128010430642,0.0,0.015031579480622514,0.014135194845003266,0.04421711330031775,0.0,0.01654917133648584,0.018987885466650277,0.0,0.0,0.0,0.0,0.0,0.05861587329557074,0.0326214970622677,0.021766307435881906,0.0,0.031282499204783244,0.0,0.020763119415333,0.01444924492590161,0.03869458702521042,0.034443732533032914,0.023774681751048164,0.0269120176813962,0.06347153774982535,0.01876933371792946,0.0,0.026014872036899568,0.03247652050223536,0.0,0.0,0.0,0.014705694756009097,0.02821863718694066,0.0,0.0,0.021832194306165672,0.0,0.013455543776172526,0.01891029538569278,0.021143753025014974,0.0
2007-03-31,0.0,0.0,0.0,0.0,0.0,0.0,0.0,0.012887474182821329,0.0,0.0,0.0,0.0,0.0,0.0,0.0,0.0,0.0,0.012694242334782096,-0.013383023601319653,0.0,0.0,0.0,0.0,0.0,0.0,0.0,0.0206977874142359,0.0,0.0,-0.012548367270016254,0.0,0.03989502315123723,0.0,0.022523329076927376,0.0,0.0,0.0,0.023675564159316626,0.0,0.024949085334197763,0.0,0.0,0.0,0.019082746826984808,0.0,0.0,0.0,0.0,0.0,0.0,0.0,0.03925504677440527,0.02755609521786275,0.0,0.0,0.02350004785446874,0.0,0.0,0.0,0.034953113725774705,0.0,0.016062928134547606,0.01603213794814652,0.0,0.0,0.0,0.0,0.0,0.0659474200066126,0.022568093598346214,0.016048747993007678,0.011642616907961539,0.02212933355014541,0.021351655039220478,0.026477567908691404,0.011352295589603201,0.03374713432356092,0.030727124431525595,0.02483258937435194,0.02880829558515646,0.0589241873041321,0.024365121726966723,0.0,0.025481116219046893,0.036376040422323154,0.0,0.0,0.0,0.024253724103842255,0.02231601854403342,0.018202491999016933,0.0,0.040831713432419245,0.01409776954245989,0.019389313965847366,0.022558980988532342,0.017874634436151764,0.0
2007-04-30,0.019124960525043273,0.01974585430424202,0.0,0.0,0.0,0.0,0.0,0.0,0.0,0.0,0.0,0.0,0.0,0.0,0.0168137813950104,0.0,0.0,0.017658933829724745,0.0,0.0,0.0,0.0,0.0,0.0,0.014867760063619857,0.0,0.03285119898426518,0.0,0.0,0.0,0.0,0.029844390986873325,0.0,0.01979260490859078,0.0,0.0,0.0,0.0327189656525311,0.0,0.020319832054461966,0.0,0.0,0.0,0.024026541300012492,0.0,0.0,0.0,0.0,0.0,0.0,0.0,0.029325007968921426,0.02282985751651165,0.0,0.0,0.023013194462722122,0.0,0.0,0.0,0.015668441275943107,0.0,0.015607158676693732,0.03230501865415632,0.0,0.0,0.0,0.0,0.0,0.052066798652809824,0.020175240560943854,0.01990146301153147,0.018020509642244126,0.022366733125762758,0.01757361742032921,0.034682162939390686,0.015408553386877324,0.0341371248474233,0.037258750587146255,0.020021551855068955,0.02233495255071714,0.057431538222069874,0.02763383374273505,0.0,0.019021893556249576,0.024880801579338554,0.0,0.0,0.0,0.02097505735312378,0.02282358585685612,0.027030956092783758,0.0,0.0352396873633148,0.0,0.02047611635140869,0.02077830183065817,0.02324726691189336,0.0
2007-05-31,0.019590450539882447,0.022575582175713538,0.0,0.0,0.0,0.0,0.0,0.02019900675320116,0.0,0.0,0.0,0.0,0.0,0.0,0.019068955619432157,0.0,0.0,0.018709354602281923,0.0,0.0,0.0,0.0,0.016749061887033023,0.0,0.019515161274675546,0.0,0.04176179420777239,0.0,0.0,0.0,0.0,0.03787337045890167,0.0,0.025365053188796085,0.0,0.0,0.0,0.03332433896573962,0.0,0.021893492375147785,0.0,0.0,0.0,0.01912120939180968,0.0,0.0,0.0,0.0,0.0,0.0,0.0,0.029400995390336394,0.020383269575196695,0.0,0.0,0.01875752390935671,0.0,0.0,0.0,0.01481578279188731,0.0,0.0,0.02826395375987477,0.0,0.0,0.0,0.0,0.0,0.05001591630471973,0.019126228311788816,0.0201217475578143,0.019223886809022726,0.024461536102612747,0.014663105310922787,0.024110607987107784,0.0,0.02580917316937264,0.032662894647762564,0.01940651840654659,0.026060207506143872,0.05014128166715563,0.023812423928166217,0.0,0.01677680552768368,0.02425988643163858,0.0,0.0,0.0,0.025348834205052323,0.026227191559026006,0.030687327689485882,0.0,0.03079380890991286,0.0,0.021944910108821075,0.02671122189250437,0.020266129099699947,0.0
2007-06-30,0.02348850156447636,0.02458728185759348,0.0,0.0,0.015389888880819163,0.0,0.0,0.021231418642503344,0.0,0.0,0.0,0.0,0.0,0.0,0.014413314008885349,0.0,0.0,0.01991145995096872,0.0,0.0,0.0,0.0,0.01645640869857416,0.0,0.016171800944609807,0.0,0.04380128147111265,0.0,0.0,0.0,0.0,0.02766514775733882,0.0,0.03058173877026665,0.0,0.0,0.0,0.036175246495070514,0.0,0.021779691943713566,0.0,0.0,0.0,0.024236781385696522,0.0,0.0,0.0,0.0,0.0,0.0,0.0,0.015888325658662314,0.019155772064100882,0.0,0.0,0.0,0.0,0.0,0.0,0.0,0.0,0.0,0.01725277269632113,0.0,0.0,0.0,0.0,0.013892143957914218,0.059969437372664906,0.01423072253635339,0.01601598595302952,0.018601571430603626,0.03304594865901305,0.0,0.02222986745239325,0.022575499999952883,0.025491146407137982,0.0313722768312301,0.021929319368936554,0.023331021164187192,0.044611961738931026,0.031876994902671124,0.0,0.020608946453829123,0.029449169338626367,0.0,0.0,0.0,0.025206621756317247,0.026221959612629905,0.029517864332321543,0.0,0.03400216229148707,0.0,0.01829848878016771,0.03284292343467254,0.01649113343421625,0.0
2007-07-31,0.021999416025608228,0.03101691497757756,0.0,0.0,0.0,0.0,0.0,0.015764501246083532,0.0,0.0,0.0,0.0,0.0,0.0,0.0,0.0,0.0,0.01339626858981885,0.0,0.0,0.014369016569388195,0.0,0.017949579665883973,0.0,0.018349885646533375,0.0,0.03676527537644378,0.0,0.0,0.0,0.0,0.03192253509154467,0.0,0.06603263650968823,0.0,0.0,0.0,0.038889276932282606,0.0,0.015109118864968425,0.0,0.0,0.011701371137363518,0.02168155990617095,0.0,0.0,0.0,0.0,0.0,-0.0168272264205849,0.0,0.012161176523525682,0.012916728077295405,0.0,-0.011556954572872988,0.0,0.0,0.0,0.0,0.0,0.0,0.0,0.014638935282830254,0.0,0.0,0.0,0.0,0.012189841939987314,0.05743047044637534,0.011489442819119686,0.01824128337886241,0.019726168774731108,0.025661599947226773,0.012949170941564671,0.017378197965759897,0.0,0.012705711219300253,0.019768034777201713,0.0,0.01527562898862311,0.025146336890629797,0.027067722991162422,0.0,0.03242251493287718,0.03918008515147222,0.0,0.0,0.0,0.03253816214756753,0.03413592025763117,0.04281749339148884,0.0,0.06331880504061538,0.0,0.018134482204928564,0.039374548376409524,0.0,0.0
2007-08-31,0.02834865380779705,0.03255253755927144,0.012661925498704893,0.0,0.0,0.0,0.0,0.015231505931166428,0.0,0.0,0.0,0.0,0.01431455585738051,0.0,0.0,0.0,0.013587248867601289,0.018545551652226138,0.0,0.0,0.01600606187859137,0.0,0.019524588774095422,0.0,0.023907957531132146,0.0,0.029360360663433293,0.0,0.0,0.0,0.03866975518164327,0.039373078961698525,0.0,0.04182729682723943,0.0,0.0,0.0,0.037069289290969885,0.0,0.02307931302797016,0.0,0.0,0.02522273442382552,0.03116477425778348,0.0,0.0,0.0,0.0,0.0,0.0,0.0,0.013369384357304488,0.014035805422511125,0.0,0.0,0.0,0.0,0.0,0.0,0.0,0.0,0.0,0.0,0.0,0.0,0.0,0.0,0.026609219553073313,0.06472350637018198,0.014655226180610008,0.015104575199553404,0.025777846316703205,0.035500962423265184,0.012073387306078879,0.012985718723335885,0.01306512772043716,0.0,0.01921594645938416,0.0,0.014591176116773312,0.02443921837432577,0.026840315133792373,0.0,0.03074788944828445,0.033500660449062275,0.0,0.0,0.0,0.025219627376535266,0.026402527416721933,0.03221538767969592,0.0,0.04501388260426074,0.0,0.0,0.013465419375578982,0.0,0.0
2007-09-30,0.031808880411679126,0.0407894142980682,0.015038479767040754,0.0,0.013346184634844495,0.0,0.011651461907492533,0.013721591770513806,0.0,0.0,0.0,0.0,0.0,0.0,0.0,0.0,0.0,0.019606984489234966,0.0,0.0,0.01728733569677466,0.0,0.014241422781597483,0.0,0.023855878317500367,0.0,0.021311262681482757,0.014389195067752554,0.012659536440985959,0.0,0.029235079147828576,0.02713859928326081,0.0,0.026006746574059294,0.0,0.0,0.0,0.030744570088164214,0.0,0.026160149672888336,0.0,0.0,0.031349985049975944,0.0363264212428261,0.0,0.0,0.0,0.0,0.0,0.0,0.0,0.01090427347748567,0.0,0.0,0.0,0.0,0.0,0.0,-0.010137904166070065,0.0,0.0,0.0,0.0,-0.014446226297900806,0.0,0.0,0.0,0.01620877030961622,0.06282662286285358,0.012313814239432461,0.011234503182305695,0.02240732442352542,0.045317308470281335,0.0,0.0,0.018856484498994724,0.0,0.015689708634252255,0.0,0.0,0.017495919125187533,0.02861120634161645,0.0,0.030028934615837565,0.037321707662356554,0.0,0.0,0.0,0.027610132968215476,0.030596826091285684,0.05335468551101118,0.0,0.06782910164881009,0.0,0.0,0.010139366148990366,0.0,0.0
2007-10-31,0.03157560378823916,0.03828495806989459,0.015933853794575542,0.0,0.012070597150839352,0.0,0.016091405445132063,0.0147328634089079,0.0,0.0,0.0,0.0,0.0,0.010373675448009304,0.0,0.0,0.011768429238260094,0.01823949049844886,0.0,0.0,0.014465720894262324,0.0,0.014439709520686805,0.0,0.02617277987215082,0.0,0.018717897191724227,0.015502689391209142,0.013713381463039954,0.0,0.018349205414382962,0.025728916676524636,0.0,0.019349933107246295,0.0,0.0,0.0,0.01810890017292957,0.0,0.023510468539270527,0.0,0.0,0.03918859899637692,0.04101129486015542,0.0,0.0,0.0,0.0,0.0,-0.01263406902466705,0.0,0.0,0.0,0.0,0.0,0.0,0.0,0.0,0.0,0.0,0.0,0.0,0.0,-0.012328240610791151,0.0,0.0,0.0,0.018748518614647425,0.05822646542600983,0.013925615037869142,0.014125901124071727,0.022477397836459488,0.0397676540447349,0.0,0.0,0.023858868930794842,0.0,0.014282732983068177,0.0,0.0,0.015070126437108438,0.034823364123647914,0.0,0.03002573290954273,0.036989683040549386,0.0,0.0,0.0,0.03013779876313024,0.029872234762151152,0.05800022672509788,0.0,0.07737499666339216,0.0,0.0,0.0,0.0,0.0
2007-11-30,0.026901877949484655,0.027000281502951178,0.012922613712259265,0.0,0.014783063150317294,0.0,0.018720674100210336,0.021058392541355952,0.015344943427598859,0.0,0.0,0.0,0.0,0.01858019947379863,0.0,0.0,0.012096355195809101,0.024916796502170734,0.0,0.0,0.01574438157849023,0.0,0.0,0.0,0.022366644835211988,0.0,0.017893897956426454,0.013865785605738097,0.0,0.0,0.013352100786772405,0.022237063900399177,0.0,0.0,0.0,0.0,0.0,0.013545001472636773,0.0,0.014184902909259282,0.0,0.0,0.033589728510428234,0.02457593412011765,0.0,0.0,0.0,0.0,0.0,0.0,0.0,0.01476094224209059,0.013261362852817272,0.0,0.0,0.0,0.0,0.0,0.0,0.0,0.0,0.014751654115355006,0.015002399473468623,0.0,0.0,0.0,0.0,0.02535987799724562,0.06498171135519175,0.01992620269016623,0.014812099881672092,0.02473198709336932,0.044410937529764764,0.0,0.0,0.028234155584469095,0.0,0.01974384427052219,0.0,0.0,0.015419918358528451,0.04394936376523026,0.0,0.02954920296634741,0.033205041569554554,0.0,0.0,0.0,0.03768436882027525,0.027425897019864007,0.054758937480497705,0.0,0.07434945570213347,0.0,0.0,0.0,0.0,0.0
2007-12-31,0.030405082666005397,0.026126637546489296,0.010630830692396199,0.0,0.01622513598972357,0.0,0.011758834350006565,0.012440100807091715,0.011966565022918187,0.0,0.0,0.0,0.0,0.0,0.0,0.0,0.0,0.028048838985729563,0.0,0.0,0.011811745234355537,0.0,0.015431881007024438,0.0,0.022857199097005013,0.0,0.015244510183849376,0.01529955444244944,0.0,0.0,0.013786018160120643,0.024163781887521107,0.0,0.015372206532721231,0.0,0.0,0.0,0.0,0.0,0.015198638834995719,0.0,0.0,0.03249637609366591,0.019963056535383803,0.0,0.0,0.0,0.0,0.0,0.0,0.0,0.010977261995325036,0.0,0.0,0.0,0.0,0.0,0.0,0.0,0.0,0.0,0.020271152235638693,0.025489284501423858,0.0,0.0,0.0,0.0,0.01762697066399595,0.03580749239729229,0.0,0.027625643915449534,0.018877192834733904,0.03935339746104657,0.0,0.019951347161939352,0.025928945083950817,0.0,0.014263084968704926,0.0,0.010492787487248995,0.013726483834013764,0.04799352904869168,0.0,0.03178965993103327,0.04412303211601568,0.0,0.0,0.0,0.032530843247949776,0.02619820723762657,0.061101406320872756,0.0,0.11081940939254842,0.0,0.0,0.015825874095045513,0.0,0.0
2008-01-31,0.0234095870020719,0.023402780335029058,0.011389710542767937,0.0,0.017574134986458666,0.0,0.011859440737511062,0.013007538076425108,0.014000683501284245,0.0,0.0,0.0,0.0,0.0,0.0,0.0,0.012424162407751977,0.03163946368931243,0.0,0.0,0.0,0.0,0.01307163841904592,0.0,0.02370669948426114,0.0,0.0,0.012600191993308191,0.0,0.0,0.014985067417858757,0.017236746280385313,0.0,0.0,0.0,0.0,0.0,0.0,0.0,0.01745386517125105,0.0,0.0,0.037520429472024205,0.022731054579419433,0.014031949150087198,0.0,0.0,0.0,0.0,0.0,0.0,0.011393541952487901,0.011745918984329615,0.0,0.0,0.0,0.0,0.0,0.0,0.0,0.0,0.020327656900129904,0.012588233936064881,0.0,0.0,0.0,0.0,0.01956957022466007,0.025299426665463448,0.0,0.019362681013930207,0.014679474454231832,0.03321140320880648,0.0,0.02155786800224588,0.03362953072760199,0.0,0.023755236452315493,0.012337057173926781,0.017073761717860753,0.0,0.03990564218134812,0.0,0.036962277465011066,0.039093475631373255,0.0,0.0,0.0,0.04623720596555693,0.026964693298751098,0.07470628391080167,0.0,0.10802934869879276,0.0,0.0,0.01952456818805619,0.0,0.0
2008-02-29,0.017337100977193508,0.016243401394603625,0.01311590684733269,0.012026147434945754,0.014580037947501637,0.0,0.01427531595289145,0.016124589239477766,0.01438163149401248,0.0,0.0,0.0,0.011217587899902211,0.0,0.0,0.0,0.0,0.04043224170849882,0.0,0.0,0.0,0.0,0.0,0.0,0.014729937561783266,0.0,0.01160323591936382,0.01105057190946445,0.0,0.0,0.013744436332434261,0.021587463466822287,0.0,0.011886031803496006,0.0,0.0,0.0,0.0,0.0,0.0,0.0,0.0,0.023580827076303355,0.01850194294827736,0.02420586067730854,-0.009955930410665398,0.0,0.0,0.0,0.0,0.0,0.017904369248312742,0.0,0.0,0.0,0.011445837166249999,0.0,0.0,0.0,0.0,0.0,0.0199118613440599,0.0,0.0,0.0,0.0,0.0,0.014140240234258255,0.027624996838751033,0.0,0.02475318307587129,0.01697335691039888,0.040650690836813615,0.0,0.018197946820161657,0.04383628228236554,0.0,0.02841118791936856,0.014599421562788548,0.0,0.0,0.03157605369278316,0.0,0.02363407122062423,0.02353551330668758,0.0,0.0,0.0,0.038793213177905544,0.03253109545179656,0.09126952911318062,0.0,0.13002187335854615,0.0,0.0,0.01960907743679743,0.0,0.0
2008-03-31,0.015604008909908946,0.015397899410504283,0.014814225941528638,0.014081763247606037,0.01839853554043085,0.0,0.01580206586776861,0.019365702259841463,0.01768397699995911,0.0,0.0,0.0,0.0182711355453472,0.012246808269514376,0.010284874983958756,0.0,0.014576664364547928,0.041663501488765325,0.0,0.0,0.0,0.0,0.0,0.0,0.016760125681920424,0.0,0.0,0.010814793611715631,0.0,0.0,0.0,0.016305903501605237,0.0,0.0,0.0,0.0,0.0,0.0,0.0,0.0,0.0,0.0,0.025016321403790242,0.022812611836856563,0.02676136796331349,0.0,0.0,0.0,0.0,0.0,0.0,0.024983198109642984,0.01284662922033001,0.0,0.0,0.014731930211524783,0.0,0.0,0.0,0.0,0.0,0.02578362265546135,0.014963717529390748,0.0,0.0,0.0,0.0,0.0169722413593274,0.028197689109856205,0.0,0.026193342993588567,0.019564494134516507,0.03781874314232825,0.0,0.01925704249184667,0.03854257797119189,0.0,0.028550891259206006,0.015663733136363357,0.0,0.0,0.02850630524585218,0.0,0.016142771149014943,0.01890489257131631,0.0,0.0,0.0,0.03529474945075141,0.027786763141581877,0.08727212218525197,0.0,0.11536025610277352,0.0,0.0,0.0,0.0,0.0
2008-04-30,0.013316101200557396,0.017527667545642247,0.012335762905628907,0.01797056077782191,0.021323846130307456,0.0,0.01892965175848582,0.0221493403158925,0.024351145481941516,0.0,0.0,0.0,0.02286835354074312,0.0,0.0,0.0,0.014079900672499718,0.034171639415614324,0.0,0.0,0.0,0.0,0.0,0.0,0.014369118603410834,0.0,0.0,0.010752461161448883,0.00985057218169631,0.0,0.0,0.013142660180681153,0.0,0.0,0.0,0.0,0.0,0.0,0.0,0.010756860429116149,0.0,0.0,0.026532366737837695,0.023856230842474818,0.037597484708926175,0.0,0.0,0.0,0.0,0.0,0.0,0.025130752023530607,0.0,0.0,0.0,0.01291593896117066,0.0,0.0,0.0,0.0,0.0,0.023483650594253756,0.014693667648978791,0.0,0.0,0.0,0.0,0.01508421879480545,0.025617245624696933,0.0,0.020056486819892663,0.014761440750357464,0.03771070673013151,0.009994062929512885,0.018496036871258642,0.044097667457993366,0.0,0.03521885343928604,0.021164075379735144,0.0,0.0,0.029285776433327908,0.0,0.023778256862712347,0.022284859738189947,0.0,0.0,0.0,0.03640299205702155,0.02892445663163236,0.08526477583225245,0.0,0.08975235382853264,0.0,0.0,0.0,0.0,0.0
2008-05-31,0.012587638937922896,0.01680997691006739,0.011178137058352081,0.018296859687477646,0.0224246001032872,0.0,0.017523394696458968,0.018995548894000455,0.025236444272917838,0.0,0.0,0.0,0.02021531766828819,0.011796503982821073,0.011350727701910087,0.0,0.0140061072879661,0.037233023435528124,0.0,0.0,0.0,0.0,0.0,0.0,0.010882506241710834,0.0,0.0,0.0,0.0,-0.010222462228687428,0.010925734376508008,0.014417483579387602,0.0,0.0,0.0,0.0,0.0,0.0,0.0,0.011993593062215771,0.010924018015804868,0.0,0.02717785150673019,0.03040306901536813,0.035508916992976175,0.0,0.0,0.0,0.0,0.0,0.0,0.011524059896478228,0.0,0.0,0.0,0.0,0.0,0.0,0.0,0.0,0.0,0.0,0.0,0.0,0.0,0.0,0.0,0.018684857576257465,0.025293730202958647,0.0,0.02604535516763662,0.021708595168765315,0.03831651556026135,0.0,0.01586681424230838,0.04454841169402645,0.010034706023032988,0.032413069950353236,0.020765778351334557,0.0,0.0,0.03532716804557443,0.0,0.025170963072060397,0.0265830261369978,0.0,0.0,0.0,0.03660032101313293,0.03169651880177137,0.08647065439818043,0.0,0.09283953904248236,0.0,0.0,0.0,0.0,0.0
2008-06-30,0.0,0.015802305658918228,0.010830207853642224,0.01942476940580093,0.02538458442335641,0.0,0.020002339533837184,0.019453096595878693,0.02391704749971039,0.0,0.0,0.0,0.03312886214629685,0.014752384975916749,0.015038122269687317,0.0,0.014431816348795631,0.03478248716299404,0.0,0.0,0.0,0.0,0.0,0.012861260371716978,0.014975698138723738,0.0,0.0,0.0,0.01070823638284369,0.0,0.0,0.0,0.0,0.0,0.0,0.0,0.0,0.0,0.0,0.013152005747593782,0.015456701957297331,0.0,0.03492844521741637,0.02820074854584592,0.04274983868321216,0.0,0.0,0.0,0.011048257163162522,0.0,0.0,0.016424077654975194,0.0,0.0,0.0,0.0,0.0,0.0,0.0,0.0,0.0,0.0,0.0,0.0,0.0,0.0,0.0,0.021666454808251173,0.021634201628338987,0.0,0.0254132534845374,0.02217218943070936,0.03069936673594297,0.011277433087710996,0.015615342851762715,0.053220893584766484,0.011261514910563474,0.02972555158453644,0.02063510287189068,0.0,0.0,0.035862818766061365,0.0,0.027836367297443126,0.023912781793346678,0.0,0.0,0.0,0.0272199880875639,0.028727125253820412,0.07539032800030566,0.0,0.07027599208482584,0.0,0.0,0.0,0.0,0.0
2008-07-31,0.0,0.01600115499016655,0.014833937760803084,0.01663761334246064,0.02607489253696187,0.0,0.019426865517466734,0.02151634214271835,0.02104262486255718,0.0,0.0,0.0,0.030577846966161053,0.017451481363756495,0.0,0.0,0.013754439076284826,0.035963315682583326,0.0,0.0,0.0,0.0,0.011260182915308014,0.01074776065664231,0.015905442950097628,0.0,0.0,0.0,0.01210402621867713,0.0,0.0,0.0,0.0,0.0,0.0,0.0,0.0,0.0,0.0,0.015120823237971596,0.02163314442159486,0.0,0.038764909974784684,0.030970611414661137,0.043428314087001894,0.011569842820299945,0.0,0.0,0.015200985488057967,0.0,0.0,0.019322945401837346,0.0,0.0,0.0,0.011880357536502953,0.0,0.0,0.0,0.0,0.0,0.0,0.0,0.0,0.0,0.0,0.0,0.020327744183850277,0.01490452768488294,0.0,0.025299248185016672,0.021490393356037286,0.01928704381939464,0.0,0.010599280216113562,0.05733136938124617,0.0,0.02686000037403949,0.023516496902902573,0.0,0.0,0.028255761036611923,0.0,0.022956979230797078,0.016829387296845265,0.0,0.0,0.0,0.021561240899763877,0.030175649575806082,0.09539409208895577,0.0,0.0740209244023789,0.0,0.0,0.0,0.0,0.0
2008-08-31,0.0,0.01261085750277256,0.012019736543365415,0.011526648757807824,0.026699338859427643,0.0,0.014444283567412952,0.0,0.01868265424975218,0.0,0.0,0.0,0.018284456908450774,0.012687268638563549,0.014442744203003312,0.0,0.012723351290094175,0.03543757283833032,0.0,0.0,0.0,0.0,0.0,0.0,0.0,0.0,0.0,0.015163910793531634,0.019884396399878098,-0.015541190043163294,0.0,0.0,0.0,0.0,-0.014740628618754116,0.0,0.0,-0.014782057481096325,0.0,0.020682250821739565,0.015625527074814165,0.0,0.036986135558437376,0.02380324010871855,0.03886073797679394,0.0,0.0,0.0,0.0,0.0,0.0,0.0,0.0,0.0,0.0,0.0,0.0,0.0,-0.013314198963032141,0.0,0.0,0.0,0.0,0.0,0.0,0.0,0.0,0.019306999426648708,0.0,0.0,0.025569320334344055,0.020716536501379158,0.01863662213015184,0.0,0.0,0.07487399533977684,0.0,0.021872006958043956,0.013594336712617418,0.0,-0.01642596702584336,0.025692700714962276,0.0,0.037069921237383764,0.02211206122825825,-0.01204153628062913,0.0,0.0,0.013283007506027995,0.045433407573547545,0.08674896841218178,0.0,0.09522525021197849,-0.016203786689659695,-0.016250388517625888,0.0,0.0,0.0
2008-09-30,0.0,0.0,0.012783439700360926,0.014030331726811432,0.028577695119263186,0.0,0.019027012548422782,0.0,0.02308486378131135,0.0,0.0,0.0,0.02271475200716289,0.015424991616900894,0.016620573915452852,0.0,0.01672844801939113,0.03375246601058368,0.014063539171464641,0.0,0.0,0.0,0.0,0.0,0.0,0.0,0.0,0.013260109959390858,0.019729585185738013,-0.016678325244982455,0.0,0.0,0.0,0.0,-0.019889664700967483,0.0,0.0,-0.015990921161591124,0.0,0.015172955657076282,0.017062533350375067,0.0,0.032373552940934754,0.020233346640704922,0.03638714050199352,0.0,0.0,0.0,0.0,0.0,0.0,0.020168518140994303,0.0,0.0,0.0,0.0,-0.017351238585648292,0.0,-0.0214257237722731,0.0,0.0,0.0,0.0,-0.015486529564041623,0.0,-0.012860515637102238,0.0,0.0,0.0,0.0,0.02202708266698909,0.01597982858630054,0.01310501486920278,0.0,0.0,0.06677429176246025,0.0,0.0,0.0,-0.013566770063959574,-0.02001672867393156,0.020959581133168023,0.0,0.03637835892714415,0.023955588171508325,-0.016579743261626808,0.0,0.0,0.0,0.05201256734186282,0.07295811122960605,0.0,0.10139541908854871,0.0,-0.01341213956275153,0.0,0.0,0.0
2008-10-31,0.0,0.0,0.0,0.0,0.027738281302929938,0.0,0.0,0.0,0.025018753305106042,0.0,0.0,0.0,0.01785174090683265,0.0,0.0,0.0,0.0,0.03272793050536541,0.02154687606448521,0.0,0.0,0.0,0.0,0.0,0.0,0.0,-0.021404255678179954,0.0,0.017204686131548654,-0.026734410269118814,-0.028970070117454994,-0.01728501480884134,0.0,-0.028293091034556798,-0.036480287580963805,0.0,0.0,-0.028631374656560436,0.0,0.0,0.0,0.0,0.0,0.020273218627473742,0.016497329280294695,0.0,0.0,0.0,0.0,0.0,0.0,0.028093676294944026,0.0,0.0,0.018324639241879527,0.0,-0.0431137477888725,-0.025257083141115015,-0.03871832950246898,0.0,0.0,0.0,-0.017956034042611643,-0.026658306135761697,-0.01671419346730136,-0.022934493697257752,0.0,0.0,0.0,0.0,0.0,0.0,0.0,-0.01910520762499465,-0.0160177917272532,0.016430001743211263,-0.019440881589097576,0.0,-0.016125360471857277,-0.02795882431776195,-0.03347034984692449,0.0,0.0,0.0,0.0,-0.02768294636799037,0.0,0.0,0.0,0.019077690132196515,0.040346172278465105,0.0,0.04702822722354432,-0.0161595124348679,-0.022727941341822308,-0.021944594736531202,-0.023503637499677606,-0.02855303708187926
2008-11-30,0.0,0.0,0.0,0.0,0.0,0.0,0.0,0.0,0.0,0.0,0.0,0.0,0.0,0.0,0.0,0.0,0.0,0.0,0.0,0.0,0.0,0.0,-0.017893425527327613,0.0,-0.017909599170002743,0.0,-0.03112257629934204,0.0,0.0,-0.017066928211174472,-0.034364468052696585,-0.018440765600860134,0.0,-0.029247702146460185,-0.0376477839839635,0.0,0.0,-0.031811292005135994,0.0,0.0,0.0,-0.022101813299620708,0.0,0.0,0.0,0.0,0.0,0.0,-0.019058024567308138,-0.018327915854851468,0.0,0.0,-0.022446454134330694,0.0,0.0,0.0,-0.04193460892468394,-0.026378045395148802,-0.03604526242962206,0.0,0.0,-0.023332428707616048,-0.020903315295762764,-0.025011778527979558,-0.022624251667586342,-0.02561614292206912,0.0,-0.02013286344614465,-0.020254488910301217,-0.020616739594097683,0.0,0.0,-0.01802829707721819,-0.025620199075654333,-0.022382766280511023,0.0,-0.02003453685208302,-0.01724960518943922,-0.021770697858594205,-0.033494742896524474,-0.033838638584893985,-0.018076861182222674,0.0,0.0,0.0,-0.03557497084373564,0.0,0.0,-0.021556742096949758,0.0,0.0,0.0,0.0,-0.025133678187739615,-0.025142086811939888,-0.028838944249788147,-0.028042013995559036,-0.02492654414306033
2008-12-31,0.0,0.0,0.0,0.0,0.0,0.0,0.0,0.0,0.0,0.0,0.0,0.0,0.0,0.0,0.0,0.0,0.0,0.0,0.019652552127683215,0.0,-0.019474105786288127,0.0,-0.022498647746156675,-0.018890215106296567,-0.02286187269622871,0.0,-0.030643224500287402,0.0,0.0,0.0,-0.03787345424396093,-0.02775075161593013,0.0,-0.03485581724987229,-0.037896422543024534,0.0,0.0,-0.03437595898429518,0.0,0.0,0.0,-0.021758142902572174,0.0,0.0,0.0,0.0,0.0,0.0,0.0,0.0,0.0,0.0,-0.02233500889604958,0.0,0.030833344107327784,0.0,-0.025235303235594475,0.0,-0.020371474729283773,0.0,0.0,0.0,-0.02415247534768933,-0.02532993599092242,-0.02013762125687633,-0.019910304299301438,0.0,-0.022091948196229214,-0.022462661371832664,-0.020868966253315833,-0.022412430596388717,0.0,-0.01936536323628186,-0.02520333444830713,-0.02269442603193672,0.0,0.0,-0.01917684551423017,-0.022268302388629584,-0.03517520814346742,-0.03346670071221442,-0.019430302615768225,0.0,0.0,-0.02481195833800557,-0.03339014673595631,0.0,0.0,-0.02350538391636297,0.0,0.0,0.0,0.0,-0.023419741180772082,-0.02001618019294505,-0.02400237979512174,-0.02572226735685075,-0.023678819609742587
2009-01-31,0.0,0.0,-0.01944949325718081,0.0,0.0,0.0,0.0,0.0,0.0,0.0,0.0,0.0,0.0,0.0,-0.02004695380319411,0.0,0.0,0.0,0.020100360323977353,0.0,-0.01900600817900838,-0.01974452845752083,0.0,-0.01911722401388487,-0.027532722403185397,0.0,-0.033050712340779685,-0.0205159326717138,0.0,0.0,-0.03809526563463317,-0.03198379693523407,0.0,-0.03463952737168532,-0.03150506555719092,0.0,0.0,-0.03547953917310126,0.0,-0.0232885395717359,0.0,-0.02327533279839473,-0.02082870458213231,-0.019149529946027834,0.0,0.0,0.0,0.0,-0.019066353592432306,0.0,0.0,0.0,0.0,0.0,0.04323126614708492,0.0,0.0,0.0,0.0,0.0,0.0,0.0,-0.020368616106064375,-0.023312605122305107,0.0,-0.020595109972671784,0.0,-0.02429820930014597,-0.021683838459499106,-0.021863968694996613,-0.02416767488562864,0.0,-0.021914864192042274,-0.024988905233372122,-0.020643019977078125,0.0,0.0,0.0,-0.023179657337795,-0.02580055596258565,-0.030878679891163476,-0.01923015603747896,0.0,0.0,-0.025228526669312117,-0.0374566262417481,0.0,0.0,-0.023352374658253423,0.0,0.0,0.0,0.0,-0.025929842611266636,0.0,0.0,-0.02330414783551707,-0.022695764050977552
2009-02-28,0.0,0.0,-0.024037183081109404,0.0,0.0,0.0,0.0,0.0,0.0,0.0,0.0,0.0,0.0,-0.018569310957760484,-0.020992066258960614,0.0,0.0,0.0,0.027907854837138087,0.0,-0.02574625471989755,-0.025299296317593603,-0.023497539714252783,0.0,-0.028372860853570537,0.0,-0.030521053059986956,-0.019061408949533405,0.0,0.0,-0.028213912515542814,0.0,0.0,-0.02135955655499607,-0.02942547889075867,0.0,0.0,-0.025698426992953247,0.0,-0.0273182476445797,-0.019537593257199577,-0.02512221499189348,-0.021283977162458306,0.0,0.0,-0.019602494440523505,0.0,0.0,-0.021154883841991563,0.0,0.0,0.0,0.0,0.0,0.033167280790143056,0.0,0.0,0.0,0.0,0.0,0.0,0.0,-0.021400498170051525,-0.024659713731106495,0.0,0.0,0.0,-0.02399345018116398,-0.02412844486041719,-0.023108123423291636,-0.024887094753629765,0.0,0.0,-0.02724696220441631,-0.020945499155393933,0.0,0.0,0.0,-0.02173456296631526,-0.029383102777011907,-0.03355916916027337,-0.022450359266985923,0.0,0.0,-0.02784804689642724,-0.040662983934984825,0.0,0.0,-0.025459573717933004,0.0,0.0,0.0,0.0,-0.028375417400074297,0.0,-0.02045329943032238,-0.025306767732466692,-0.01850803440489095
2009-03-31,-0.02308853178664445,-0.022632251984052883,-0.02692789442682833,0.0,0.0,0.0,-0.02335922429565343,0.0,0.0,0.0,0.0,0.0,0.0,-0.020797472267349234,0.0,0.0,-0.024980325282489505,0.0,0.0,0.0,-0.028397030898903886,-0.026687527284970314,-0.02686543163432565,-0.022849474520323966,-0.0324426824794881,0.0,-0.030701628142549064,-0.026769923070212996,0.0,0.0,0.0,0.0,0.0,0.0,-0.027140090212909328,0.0,0.0,-0.021591545805097558,0.0,-0.028797381053415616,-0.0207805151909173,-0.024446704418516815,-0.01982464791041871,0.0,0.0,-0.021035085354125474,0.0,0.0,-0.021062454274644406,0.0,0.0,0.0,0.0,0.0,0.0,0.0,0.0,0.0,0.0,0.0,0.0,0.0,-0.024089149439391333,-0.02139896698508166,0.0,0.0,0.0,-0.019795916573524246,-0.028309941000858162,-0.022252080883865336,-0.02063932265915779,-0.02163110351134571,-0.024330601936822686,-0.02674988512796718,-0.02043454142894696,0.0,0.0,0.0,0.0,-0.028496019374506458,-0.032935695396082515,-0.023587029820018077,0.0,-0.021490511633115394,-0.02953488462636019,-0.033259089520198265,0.0,0.0,-0.02463279866609916,0.0,0.0,0.0,0.0,-0.02741774478754332,0.0,0.0,-0.02783689433527862,0.0
2009-04-30,-0.023866873990790623,0.0,-0.02620239432428829,0.0,0.0,0.0,-0.027166576729563928,0.0,-0.020685081356968265,0.0,0.0,0.0,-0.022354431962463554,0.0,-0.01988925973108952,0.0,-0.01983710351058004,0.0,0.0,0.0,-0.03251436369846318,-0.0306514127155081,-0.025734800174263696,-0.022841323732979105,-0.034426873506321565,0.0,-0.03356805644741658,-0.037048813235407325,-0.024897059275126265,0.0,0.0,-0.02225476187278883,0.0,-0.019544040934296524,-0.030781131567638995,0.0,0.0,-0.02576730662401642,0.0,-0.02698017191835289,-0.02376186860301295,-0.026087724619785813,-0.02002703768376596,0.0,0.0,-0.020382883236845176,0.0,0.0,-0.02144306426868138,0.0,0.0,0.0,0.0,0.0,0.0,0.0,0.0,0.0,0.0,0.0,0.0,0.0,-0.02056639395972878,-0.019714913765625702,0.0,0.0,0.0,0.0,-0.021983582818429014,0.0,0.0,0.0,-0.026862585944847184,-0.02503600292937196,-0.02218110630517291,0.0,0.0,-0.019240950237259784,-0.018953573704833183,-0.030129431533790458,-0.030497060314323563,-0.02548185514637957,0.0,0.0,-0.01948932308872506,-0.029332915328321295,0.0,0.0,0.0,0.0,0.0,0.0,0.0,-0.026236354527659243,0.0,0.0,-0.0255795346751172,0.0
2009-05-31,-0.03599341152375324,-0.02100426324897862,-0.031429931548179434,0.0,0.0,0.0,-0.021983552376778577,0.0,0.0,0.0,0.0,0.0,-0.017987619731137782,0.0,-0.01980587780538925,0.0,-0.022456111234584714,0.0,0.0,0.0,-0.04638278518291443,-0.046754228769462725,-0.03972988136409639,-0.02900385759404805,-0.030233024569622763,0.0,-0.02770812471541515,-0.0353966177774438,0.0,-0.020962008495171235,0.0,-0.017206136715543167,0.0,0.0,-0.03368532584722144,0.0,0.0,-0.02709704733482251,0.0,-0.025703214333692187,-0.01878885814188661,-0.0249386239552571,-0.02388299706720812,0.0,0.0,0.0,0.0,0.0,0.0,0.0,0.0,0.0,0.0,0.0,0.0,0.0,0.0,0.0,0.0,0.0,0.0,-0.01787816837805323,-0.02344668852163993,-0.018215165065134754,-0.019539909589923715,-0.021282522898869505,0.0,-0.019374619200120072,-0.021343986740578517,0.0,-0.0207841778408961,-0.018287226782717665,-0.023203375407272336,-0.025547900376728234,0.0,0.0,0.0,0.0,0.0,-0.023791766977501256,-0.02182709500925031,-0.027098267404139235,0.0,0.0,0.0,0.0,0.0,0.0,0.0,0.0,0.0,0.0,0.0,-0.02123317941891435,-0.019278355053890715,-0.021786126469840524,-0.01794796953192218,0.0
2009-06-30,-0.04069909006242575,-0.029484674514050395,-0.03497851608309602,0.0,0.0,0.0,-0.01719897612077981,0.0,0.0,0.0,0.0,0.0,0.0,0.0,0.0,0.0,-0.021986546536591,0.0,0.0,0.0,-0.030597812877610656,-0.02657518882746805,-0.024410628380483464,-0.01898447673616522,-0.02957802213262735,0.0,-0.023421848699607024,-0.023439091880420312,0.0,-0.027886812779405728,0.0,0.0,0.0,0.0,-0.03749122454285666,0.0,0.0,-0.02826574736676739,0.0,-0.024653807125866702,-0.01901747975437624,-0.027747630307252812,-0.02329028544272216,0.0,0.0,0.0,0.0,0.0,0.0,0.0,0.0,0.0,0.0,0.04447979468992771,0.02544265951754196,0.0,0.0,0.0,0.0,0.027052701887117527,0.0,0.0,-0.018005261031562594,-0.022775955779672313,0.0,-0.022076765366839734,0.0,-0.017393788504582626,-0.018831601026038657,0.0,-0.021129850223863253,0.0,-0.020205815806040927,-0.03207670602497349,-0.017893727126164907,0.0,0.0,-0.016818771390289085,0.0,-0.02726285814653912,-0.02304323440213087,-0.021675119037351965,0.0,0.0,-0.021490412378914713,0.0,0.0,0.0,0.0,0.0,-0.01625920697912127,0.0,0.0,-0.026899735714827414,-0.02205900966143011,-0.027419165134497176,0.0,0.0
2009-07-31,-0.03018743530265394,-0.021666110615627343,-0.038874078233569864,0.0,0.0,0.0,-0.02387692035533537,0.0,-0.018336885295356604,0.0,0.0,0.0,0.0,0.0,0.0,0.0,-0.02041873923339938,0.0,0.0,0.0,-0.026393276186580047,-0.020909817883369416,-0.021487638071209465,0.0,-0.03234525173917107,0.0,-0.028970177277473922,-0.029269780570899698,0.0,-0.030725040188708103,0.0,0.0,0.0,0.0,-0.042631711871919595,0.0,0.0,-0.03568729151187237,0.0,-0.018413536331783435,-0.020629345485649344,-0.02609852388323133,-0.025161766316625214,0.0,0.0,0.0,0.0,0.0,-0.01760487823916158,0.0,0.0,0.0,0.0,0.0,0.02046820887249808,0.0,0.0,0.0,0.0,0.0,0.0,-0.019951661687682455,-0.023087151382535576,-0.026149491208121364,-0.017413760865725086,-0.024232858577899908,0.0,-0.01806095233916373,0.0,0.0,-0.02494381424171146,0.0,-0.02250767020083607,-0.031442514248771015,-0.019672195514325266,-0.02102840543267447,0.0,0.0,0.0,-0.02929017973027188,-0.02234365124018267,-0.020977565910344886,0.0,0.0,-0.018643700072181257,0.0,0.0,0.0,0.0,0.0,-0.022626765359106328,0.0,0.0,-0.031464704498578036,-0.02704220624319918,-0.028964337780594176,0.0,0.0
2009-08-31,-0.035191944499541175,-0.0238164375348071,-0.037824415798627484,-0.026521595401953778,0.0,0.0,-0.030064465509131146,0.0,-0.019524938036712052,0.0,0.0,0.0,-0.02190069387082766,0.0,0.0,0.0,-0.02849489969312533,0.0,0.0,0.0,-0.024073042395913475,-0.019479258352414385,-0.022695876092981418,-0.019534870575269165,-0.0344867877166903,0.0,-0.01895350080230188,-0.025745391679370344,0.0,-0.03237997641110086,0.0,0.0,0.0,0.0,-0.041468794805502945,0.0,0.0,-0.03380721693222857,0.0,-0.02529283721687145,-0.023284275068749565,-0.022413353502133235,-0.022577593536326976,0.0,0.0,-0.019625458289962972,0.0,0.0,-0.019293410525193132,0.0,0.0,0.0,0.0,0.0,0.0,0.0,0.0,0.0,0.0,0.0,0.0,-0.02040934838257785,-0.02295773597416919,-0.024746971627674762,0.0,-0.022149544890413167,0.0,0.0,0.0,0.0,-0.02256560437776643,0.0,-0.02355834051324403,-0.03003359965973372,-0.01877504625013221,-0.021232770535304056,-0.01858087912143353,0.0,-0.01958462372317559,-0.031155205791691887,-0.028937246913582824,-0.02173434083118142,0.0,0.0,0.0,0.0,0.0,0.0,0.0,0.0,-0.022408251052040744,0.0,0.0,-0.022719456108142203,0.0,0.0,0.0,0.0
2009-09-30,-0.03338665547308617,-0.02070251014190988,-0.03301136303036581,-0.02923753678434848,0.0,0.0,-0.029729892065099843,-0.0177931850813009,-0.02243417390392714,0.0,0.0,0.0,-0.02470938689865659,0.0,-0.017919638606065418,0.0,-0.031138775920844804,0.0,0.0,0.0,0.0,0.0,-0.019041583677829734,0.0,-0.03294076764468284,0.0,0.0,-0.020107326868394074,0.0,-0.03281365419611272,0.0,0.0,0.0,0.0,-0.03802124097570059,0.0,0.0,-0.02756863008749238,0.0,-0.02367204634822922,-0.021969039845989566,-0.028732186114464802,-0.0207273988268447,0.0,0.0,-0.024741164781407563,0.0,0.0,-0.020542621285249325,0.0,0.0,0.0,0.0,0.022414985379236797,0.0,0.0,0.0,0.0,0.0,0.031007334978005934,0.0,-0.020793407324407764,-0.024393258573868013,-0.024689419042069165,0.0,0.0,0.0,0.0,0.0,0.0,-0.022914394299224393,0.0,-0.025452778604688427,-0.02995624123525494,-0.01861115417427854,-0.023386085136769184,-0.022074050394986243,-0.02006459909159589,-0.019464294566489945,-0.027251997568681262,-0.025905395242524644,-0.024298855584655867,0.0,0.0,0.0,0.0,0.0,0.0,0.0,0.0,-0.023205438150876397,0.0,0.0,-0.023175532094384034,0.0,0.0,0.0,0.0
2009-10-31,-0.046167981527979615,-0.031098908202707325,-0.03554379977778233,-0.022980334929932456,0.0,0.0,-0.025644246310091847,-0.020485648537595907,-0.021508003624308866,0.0,0.0,0.0,-0.019265421394206193,0.0,-0.017704962272083683,0.0,-0.03370824162593915,0.0,0.0,0.0,-0.025955873710228235,-0.02410341484965795,-0.02835374250563194,-0.0297506723868389,-0.031118426256360764,0.0,0.0,0.0,0.0,-0.026968669957321747,0.0,0.0,0.0,0.0,-0.033440911089129284,0.0,0.0,-0.019080454223269143,0.0,-0.0253959223096684,-0.021362812890515115,-0.023468387248018936,-0.01941651079308907,0.0,0.0,-0.021575727026689383,0.0,0.0,-0.01775105443661442,0.0,0.0,0.0,0.0,0.02720682508854388,0.029169583060705273,0.0,0.0,0.0,0.0,0.023156419832322233,0.0,0.0,0.0,0.0,0.0,0.0,0.0,0.0,0.0,0.0,-0.022938305556009547,0.0,-0.022558296887506383,-0.026354820700534565,-0.017675533478870843,-0.023097238868086147,-0.02506614390905004,-0.021723278391749815,0.0,-0.023311820590994025,-0.022627283291231447,-0.025234900716109458,0.0,0.0,0.0,0.0,0.0,0.0,0.0,0.0,-0.026607568074695113,0.0,-0.01996181183968255,-0.02146004182824798,0.0,0.0,0.0,0.0
2009-11-30,-0.026318657747712026,-0.021533708002999485,-0.034725844490442345,-0.019248746900961254,0.0,0.0,-0.0231564413121644,0.0,-0.01855457237322574,0.0,0.0,0.0,-0.026516707430574462,0.0,-0.02619277415919208,0.0,-0.03263884283288154,0.0,0.0,0.0,-0.024015173558606433,0.0,-0.027952403632977674,-0.03204310216179989,-0.026136828175086675,0.0,0.0,0.0,0.0,-0.02581280090696977,0.0,0.0,0.0,0.0,-0.03522972261682107,0.0,0.0,0.0,0.0,-0.02767566608474035,-0.02401650144547766,-0.02980580054906549,-0.030748976788302084,0.0,-0.018244539007301924,-0.023292923802559835,0.0,0.0,-0.020173085631851193,0.0,0.0,0.0,0.0,0.0,0.0,0.0,0.0,0.0,0.0,0.0,0.0,0.0,0.0,0.0,0.0,0.0,0.0,-0.019869049629811567,0.0,0.0,-0.01973957359191895,0.0,-0.02046711731566335,-0.03327007145825997,0.0,-0.027047970388443383,-0.02402537887239987,-0.021503178257560464,-0.023654559898825873,-0.02381372537396243,-0.02212496310940757,-0.03222733104407445,0.0,0.0,0.0,0.0,0.0,0.0,0.0,-0.023727989421720292,-0.028138130511849473,0.0,-0.021937179336393366,-0.021788525330440973,-0.020650519165211507,-0.023241699750374406,-0.018739217931968852,0.0
2009-12-31,-0.019856235281439268,-0.019012282560408777,-0.03276149664666676,-0.017344549093061958,0.0,0.0,-0.022832152304972025,-0.020893105267859473,-0.019460844796932004,0.0,0.0,0.0,-0.028367822504710358,0.0,-0.01911653801724032,0.0,-0.027676468023456077,0.0,0.0,0.0,-0.018884702908120936,0.0,-0.020567758014206926,-0.03410924508485643,-0.029717676363239583,0.0,0.0,0.0,0.0,-0.026608097983169543,0.0,0.01658470062260784,0.0,0.027642830608833834,-0.03206338314716539,0.0,0.0,0.0,0.0,-0.028478796379649812,-0.02830654608080059,-0.02918795002855341,-0.03011382265254867,0.0,-0.025650934971245844,-0.026311600594449626,0.0,0.0,-0.02245606568197306,0.0,0.0,0.0,0.0,0.0,0.032314437534350336,0.0,0.0,0.0,0.0,0.03368931077897541,0.0,0.0,0.0,0.0,0.0,0.0,0.0,-0.01931974659853861,0.0,0.0,-0.025848389519386766,0.0,0.0,-0.030271192367597455,0.0,-0.024573159209910808,-0.02244255600769425,-0.020578493421656484,-0.02623585488531904,-0.017230224243420657,0.0,-0.02888153124567547,0.0,0.0,0.0,0.0,0.0,0.0,0.0,-0.02006998302417266,-0.02923159150067541,0.0,-0.027499866451781648,0.0,0.0,0.0,-0.01780805759267654,0.0
2010-01-31,-0.022834591938064024,0.0,-0.03438885065954655,0.0,0.0,0.0,-0.014666865026978204,0.0,0.0,0.0,0.0,0.0,0.0,0.0,-0.023767502828769972,0.0,-0.02422577852097244,0.0,0.0,0.0,0.0,0.0,0.0,-0.02807208529255956,-0.026101124015131684,0.0,0.0,0.0,0.013848117980714574,0.0,0.02009669488413823,0.02801778938222061,0.0,0.036475558071524306,-0.035801902193365376,0.0,0.0,0.0,0.0,-0.03983769945074457,-0.02618229831000424,-0.03707649952340009,-0.03692528660685618,0.0,-0.023665479917178225,-0.02706116366683482,0.0,-0.015344337961099417,-0.021399824537480884,0.0,0.0,0.0,0.0,0.02314964516305441,0.01966485807521729,0.0,0.0,0.0,0.0,0.03948510769588201,0.0,0.0,0.0,-0.016759389417923366,0.0,0.017174437349068643,0.0,0.0,0.020652576651462234,0.0,-0.02752001498394511,0.0,0.0,-0.02762851209640324,-0.015821807008977756,-0.02881546496590734,0.0,-0.022677046733354123,-0.02279455712903279,-0.013889283850137678,0.0,-0.028098413459482545,0.0,-0.013673609714841434,0.0,0.0,0.0,0.0,0.0,-0.023017137736421448,-0.0320621064364965,0.0,-0.03752253621957052,0.0,0.0,-0.015668397529154592,0.0,0.01813564701608291
2010-02-28,-0.027548202312087815,-0.016400970765254354,-0.035089446090307154,0.0,0.0,0.0,-0.02000431151280292,0.0,0.0,0.0,0.0,0.0,-0.015989691250108594,0.0,-0.02532433532604113,0.0,-0.03055927098639082,0.0,0.0,0.0,-0.014810835952831877,0.0,0.0,-0.025260981913115627,-0.022031199824374837,0.0,0.0,0.0,0.0,0.0,0.02661497994258897,0.025256906901967614,0.0,0.031882953700759116,-0.030079542999217137,0.0,0.0,0.0,0.0,-0.03221309100573737,-0.024036218246848096,-0.026814541630107085,-0.031341716625092324,0.0,-0.017339532424292058,-0.026151396169412457,0.0,0.0,-0.0182182437234393,0.0,0.0,0.0,0.0,0.021529413198682224,0.0,0.0,0.016762720263484972,0.0,0.016389916425565625,0.045802462233983314,0.0,0.0,0.0,0.0,0.0,0.04013254003821892,0.0,-0.014807579032569738,0.0,0.0,-0.02313190071526554,0.0,0.0,-0.03185632215949283,-0.01653121599994783,-0.02634425585196809,0.0,-0.016747141744947416,-0.01744198474192218,0.0,0.0,-0.025312185688659807,0.0,0.0,0.0,0.0,0.0,0.0,0.0,-0.024013579267690877,-0.025297119696144642,0.0,-0.030127559555989246,-0.01753811849424505,-0.030767935768295028,-0.036497679820149974,0.0,0.0
2010-03-31,-0.021346719274712808,-0.010717875611307699,-0.03267742345784933,0.0,0.01730393976672936,0.0,-0.015949110289362686,0.0,0.0,0.0,0.0,0.0,0.0,0.0,-0.013948888488334804,0.0,-0.01061381959700696,0.0,0.0,0.016948373676186075,0.0,0.019420400131396356,0.0,0.0,0.0,0.0,0.039570111108443724,0.0,0.02160336272356725,0.013559096090640136,0.06262673678609283,0.052312294683989805,0.0,0.05827686487461151,-0.024051563003871786,0.0,0.0,0.0,0.0,-0.01729578317763301,0.0,-0.010583467042205474,0.0,0.014624890411482419,0.0,0.0,0.0,0.0,0.0,0.014596638213492602,0.0,0.0,0.03274896376445863,0.024156686288095322,0.011462783645333237,0.0,0.023891992135172038,0.0,0.010872023499263285,0.04260167338922212,0.0,0.0,0.0,0.0,0.0,0.04345408901981506,0.0,0.017548245528989155,0.032752367727606826,0.0,0.0,0.03290189370454438,0.03143234777029514,-0.019382055867957573,-0.010811787275563025,0.0,0.0,0.0,0.0,0.0,0.018430130518125348,0.0,0.0,0.0,0.0,0.0,0.0,0.0,0.0,0.0,0.0,0.0,0.021381581720096875,-0.018780112818668808,-0.02843798312290379,-0.029363354646793183,0.012667801189659274,0.048894767958520276
2010-04-30,0.0,0.0,0.0,0.0,0.02491545111898302,0.0,0.0,0.0,0.0,0.0,0.0,0.0,0.0,0.0,0.0,0.0,0.0,0.017264603891782523,0.0,0.024379923653727,0.0,0.012218607292094933,0.0,0.0,0.0,0.0,0.022102985932993074,0.0,0.018662454186184636,0.0,0.032690858094303915,0.0278934739282566,0.0,0.025607853694085768,0.0,0.0,0.0,0.0,0.0,0.0,0.015098009651821367,0.0,0.0,0.02547003937118974,0.0,0.0,0.0,0.0,0.0,0.020231259808689415,0.0,0.01497605333102553,0.05409291393221466,0.022276779766448512,0.011513778940017297,0.012825329803245588,0.02002904174822172,0.0,0.019105978416280176,0.03611305065781054,0.0,0.016197422271383422,0.0,0.014307367769651465,0.020131235457565524,0.08873298334355441,0.0,0.04298681982592223,0.032104842678716244,0.031027179976394783,0.014140719371391577,0.03950468066525428,0.03680204039447634,0.0,0.0,0.0267439095309487,0.0,0.0,0.021440223107124463,0.01946637038535197,0.01553542721157514,0.013989771959174179,0.0,0.014437465043435285,0.0,0.0,0.0,0.0,0.022167810599034322,0.0,0.0,0.0,0.016485167533670585,0.0,0.0,0.0,0.015444305948796406,0.040885809707202535
2010-05-31,0.0,0.0,0.0,0.0,0.021071798113801967,0.0,0.0,0.0,0.0,0.0,0.0,0.0,0.0,0.013902122569720714,0.0,0.0,0.0,0.018386368855594002,0.0,0.01588987674683359,0.0,0.0,0.0,0.013299444103254898,0.01576871357214479,0.0,0.027108691770954457,0.0,0.019985521881384114,0.0,0.048008522227150345,0.030187088965451237,0.0,0.033498376845837285,0.0,0.0,0.0,0.0,0.0,0.013175904284387389,0.022063294920657905,0.0,0.0,0.030608934305076916,0.013282990058814009,0.0,0.0,0.0,0.0,0.0,0.0,0.0,0.05185909005930157,0.020560578552604274,0.0,0.0,0.01313274243695342,0.0,0.0,0.02577078324862209,0.0,0.0,0.01044002283472854,0.01825584751810169,0.015861675168241055,0.035753569975003716,0.0,0.03207278961178258,0.02161209300056565,0.05779770695921029,0.02498550019424058,0.018956516570188,0.030252139142156055,0.0,0.0,0.017623214687979366,0.0,0.014774708040791432,0.027931126357009256,0.02643495778946276,0.01760402542016728,0.0,0.0,0.016469946680542732,0.019110237491576504,0.011981175608215426,0.0,0.0,0.050302786661944744,0.0,0.0,0.0,0.014618437009874904,0.0,0.0,0.0,0.0,0.06960067975967256
2010-06-30,0.0,0.0,0.0,0.014634590147858232,0.019233483205852723,0.0,0.0,0.0,0.0,0.0,0.0,0.0,0.0,0.017518591389465255,0.013824424628217999,0.0,0.0,0.01269884139222004,0.0,0.020022084702117145,0.0,0.0,0.0,0.01252484014873884,0.013317417156155881,0.0,0.021953937851556728,0.0,0.01700942782472523,0.0,0.042993259410442325,0.03341754835871537,0.0,0.03888080464090707,0.0,0.0,0.0,0.0,0.0,0.0,0.010707822156174109,0.0,0.013808186982516487,0.03547768129707096,0.01837520841554002,0.0,0.0,0.0,0.014612432434464005,0.0,0.0,0.0,0.029923371064385366,0.0242554704370049,0.0,0.0,0.013084493947891643,0.0,0.0,0.018973627898934392,0.0,0.0,0.0,0.0,0.01769765504863823,0.03761401299499037,0.0,0.03874875887135661,0.019122912833103654,0.06553942309558958,0.030611721573041782,0.014925882949602542,0.02809192305770687,0.0,0.0,0.015102470552872102,0.0,0.0,0.0317103828083095,0.02137974007804621,0.018453770833863566,0.0,0.0,0.013563479750161265,0.013010345513963002,0.014997871862170612,0.0,0.0,0.03955205825994564,0.0,0.0,0.0,0.0,0.0,0.0,0.0,0.013008444962598042,0.10962159946308579
2010-07-31,0.0,0.0,0.0,0.012618367207857015,0.021392382060286198,0.0,0.0,0.0,0.0,0.0,0.0,0.0,0.0,0.02432677723860273,0.015747682633476378,0.0,0.0,0.0,0.0,0.03134113269611288,0.0,0.0,0.0,0.0,0.0,0.0,0.020547098653293454,0.014009455895782492,0.020722246939257182,0.0,0.04275297923274688,0.03660233373113445,0.0,0.03769841066484396,0.0,0.0,0.0,0.0,0.0,0.012081845155893002,0.014431103334391937,0.0,0.0,0.02094658581288538,0.021150044663151575,0.013179787265204555,0.0,0.017220772637289487,0.01753579010985688,0.013613908464370198,0.0,0.0,0.043450842658354354,0.025119188897592157,0.0,0.0,0.015805235717356998,0.0,0.0,0.0272220290447772,0.0,0.0,0.0,0.01827118289012976,0.01781772950809455,0.02626050755219706,0.0,0.028434190116500883,0.021315648853214637,0.07892083930258362,0.03250332142063135,0.020109717189149515,0.017676750236292345,0.0,0.01425925006055782,0.014020828740063506,0.0,0.0,0.014031627769050755,0.022786241908888123,0.01612593570298718,0.0,0.0,0.0,0.0,0.021233618413872616,0.0,0.0,0.042724235450257775,0.0,0.0,0.0,0.0,0.0,0.0,0.0,0.0,0.07399237417101122
2010-08-31,0.0,0.0,0.0,0.01730728404325149,0.018148964920978266,0.0,0.0,0.0,0.015053940583343042,0.0,0.0,0.0,0.0,0.022657517646979663,0.0,0.0,0.0,0.0,0.0,0.027959837282905804,0.0,0.0,0.0,0.0,0.0180604322376336,0.0,0.031109904313413272,0.01580633396841136,0.02132401136096557,0.0,0.031881756498248495,0.036046910929111546,0.0,0.0435718268138503,0.0,0.0,0.0,0.0,0.0,0.0,0.014556122734734686,0.0,0.0,0.022836774388581733,0.015632512787691667,0.014894128642879163,0.0,0.022946407200366618,0.017329606984274416,0.0,0.0,0.0,0.023483963663011174,0.01657818102627206,0.0,0.0,0.0,0.0,0.0,0.015553515353328428,0.0,0.0,0.015079751272683184,0.0,0.018655259593598972,0.016799259670307504,0.0,0.01838605567790263,0.021644414173749762,0.11663753354382235,0.021170754222518455,0.018150843725210464,0.017779410507810674,0.0,0.02412576880539675,0.02282885184394266,0.0,0.0,0.0,0.024974828127967107,0.0168443354010557,0.0,0.0,0.014630641523939305,0.014545135294333308,0.043244689904797545,0.0,0.0,0.04483817150224149,0.0,0.0,0.0,0.0,0.0,0.0,0.0,0.012664163616059683,0.054260198212430034
2010-09-30,0.0,0.0,0.0,0.01301059511585171,0.013754989764410754,0.0,0.01255512953753281,0.0,0.012290848766352643,0.0,0.0,0.0,0.0,0.017046724006266653,0.0,0.0,0.0,0.0,0.01988845694290854,0.04060890454599082,0.0,0.0,0.0,0.0,0.018668044599798927,0.0,0.030356351086730453,0.02144883576895807,0.03402694143385172,0.0,0.039935264993877916,0.044315140509924945,0.0,0.05882065513415576,0.0,0.0,0.0,0.0,0.0,0.0,0.018557948502768724,0.0,0.0,0.020896557324177348,0.016908432074570885,0.013055509464244327,0.0,0.023370324624632302,0.012742785804584109,0.0,0.0,0.0,0.028290671874098228,0.016486608298065333,0.0,0.0,0.0,0.0,0.0,0.02014702768748745,0.0,0.0,0.01630144886941594,0.0,0.029386995758665706,0.02907931872442925,0.0,0.01578806706604079,0.01690871906652524,0.0839916409774313,0.016077838584461795,0.011592904547588588,0.02017434156306967,0.0,0.03239481589289997,0.02731676930671327,0.0,0.0,0.0,0.02411218434126394,0.012325216692862375,0.0,0.0,0.0,0.0,0.03510833993187132,0.0,0.0,0.02504945974206533,0.011374982509688786,0.0,0.0,0.0,0.0,0.0,0.0,0.0,0.0458342085637663
2010-10-31,0.0,0.0,0.013565086223410223,0.012780665782038212,0.01965747835690444,0.0,0.0,0.0,0.0,0.0,0.0,0.0,0.0,0.01742317482736905,0.0,0.0,0.0,0.0,0.015430230528636223,0.04488823405056972,0.01353388010422607,0.0,0.0,0.0,0.0136611532867709,0.0,0.02794421145432806,0.024263515018741647,0.03697651426132875,0.0,0.03244861224300865,0.04775055789725553,0.0,0.061862771572925294,0.0,0.0,0.0,0.014470160266856486,0.0,0.0,0.015878842854106612,0.0,0.0,0.02423665339503249,0.0,0.0,0.0,0.016287949302101794,0.0,0.0,0.0,0.0,0.047278046196020794,0.023575555351677865,0.0,0.0,0.014472277012955927,0.0,0.01411910638373221,0.028953951013536105,0.0,0.017527922963024828,0.017963942037818207,0.0,0.05298223579260381,0.059704325588552674,0.0,0.019031933513527655,0.021706894292333693,0.05191917268340728,0.015812815975286554,0.014922859229039359,0.020554419359796853,0.0,0.02136134856190417,0.024474460711439997,0.0,0.0,0.0,0.014976194889644795,0.0,0.0,0.0,0.0,0.0,0.017630400805143776,0.0,0.0,0.013135597367949546,0.013560472168861819,0.0,0.0,0.0,0.0,0.0,0.0,0.0,0.02127637667613196
2010-11-30,0.0,0.01401468482836001,0.014208832380028694,0.01114345142385037,0.01229983491055432,0.0,0.0,0.0,0.0,0.0,0.0,0.0,0.0,0.0,0.0,0.0,0.0,0.0,0.0,0.05555765911487932,0.011327514818053412,0.0,0.0,0.0,0.013130884286016747,0.0,0.03373704983034941,0.01741608354911922,0.03817041131405583,0.0,0.04236905193094165,0.057471010743221994,0.0,0.071904401921824,0.0,0.0,0.0,0.01756383199192296,0.0,0.0,0.012635343570967813,0.0,0.011424890321997868,0.022963144253593103,0.0,0.0,0.0,0.02549240284058341,0.0,0.0,0.0,0.0,0.043097571243952464,0.01568308665171958,0.0,0.0,0.0,0.0,0.0,0.017570837896890536,0.0,0.0,0.012895573644934703,0.0,0.04075772093830038,0.06604365631882046,0.0,0.018068959328028343,0.028887753822559318,0.0419270870834797,0.01982635404024721,0.015445405625013675,0.02124769018649502,0.0,0.015392092085396688,0.024706119310167342,0.0,0.0,0.0,0.019145491610775542,0.0,0.0,0.0,0.014438573467047048,0.014333731776473374,0.02393152232619734,0.0,0.0,0.022922330713384825,0.016662937735160487,0.0,0.0,0.012385108660833942,0.0,0.0,0.0,0.0,0.011799911503801958
2010-12-31,0.0,0.0,0.013774762906595212,0.0,0.013630838725941785,0.0,0.0,0.0,0.014833504567938473,0.0,0.0,0.0,0.0,0.014476426545345122,0.0,0.0,0.0,0.0,0.0,0.018390243917141003,0.0,0.0,0.0,0.0,0.014082468019373679,0.0,0.02587412988749251,0.014101139420803094,0.032800343897251734,0.0,0.03484861263104763,0.04009740319943065,0.0,0.04744037234299127,0.0,0.0,0.0,0.03788866713750955,0.0,0.0,0.016587397920800447,0.0,0.01667982209854781,0.025406297208673205,0.015536324883570436,0.0,0.0,0.03570357438903114,0.0,0.0,0.0,0.011931260707322814,0.06096162633660514,0.017142731160471665,0.0,0.0,0.0,0.0,0.012844283391798737,0.030255877105513123,0.0,0.022614110935347452,0.035077785084976075,0.014842405212137524,0.05011928956531525,0.07995561435637791,0.0,0.017779183360136206,0.021004270237308564,0.03579365109014614,0.017518836199167907,0.01243600261905831,0.01811340383246815,0.0,0.0,0.02344537918573772,0.0,0.0,0.0,0.017152819202084946,0.0,0.0,0.0,0.011636338886852117,0.0,0.022867818674456544,0.0,0.0,0.012369000004899829,0.021985983152333185,0.0,0.0,0.0,0.0,0.0,0.0,0.0,0.0
2011-01-31,0.0,0.0,0.017172678706648493,0.0,0.014578428799293792,0.0,0.013602601878130777,0.0,0.0,0.0,0.0,0.0,0.0,0.014081918363103612,0.0,0.0,0.0,0.0,0.0,0.01847992737531433,0.0,0.0,0.0,0.0,0.015738735902809952,0.0,0.026138197147783104,0.016447326269721556,0.029238497706722148,0.0,0.023958686841685978,0.029478826592183927,0.0,0.03618118174855876,0.0,0.0,0.0,0.0342317402699784,0.0,0.0,0.018261118154967827,0.0,0.017794706908241285,0.023069757679630196,0.014625736433485567,0.0,0.0,0.03370770964771399,0.0,0.014003489715523641,0.0,0.0,0.06569265751182207,0.015450995995866338,0.0,0.0,0.0,0.01390682130966363,0.020653091088745912,0.02755060859381988,0.0,0.0263481887787837,0.03775723073274166,0.01692370475978807,0.06297531844713786,0.07877188251991271,0.0,0.017946908658463417,0.01899510598280212,0.022734767897680776,0.01542111047198328,0.0,0.01807554567863565,0.0,0.0,0.025782680487126945,0.0,0.0,0.0,0.029179134642087243,0.02085342617778074,0.0,0.0,0.0,0.0,0.016171614399479024,0.0,0.0,0.014023394482704465,0.02399454524147724,0.0,0.0,0.0,0.0,0.0,0.0,0.0,0.0
2011-02-28,0.0,0.014929949855203095,0.019866328669589962,0.0,0.0,0.0,0.017632528752388354,0.0,0.013706103091483395,0.0,0.0,0.0,0.0,0.019978978775850496,0.0,0.0,0.0,0.0,0.0,0.019858255232108813,0.0,0.0,0.0,0.0,0.020731085281114222,0.0,0.03129837656644632,0.0,0.044428363198195354,0.01551743952583314,0.02969063107689205,0.039899604616432535,0.0,0.04471617418234735,0.0,0.0,0.0,0.03722634765478094,0.0,0.014058605041778105,0.02005483737237177,0.018441552517750478,0.02277572318558635,0.023992106000845722,0.021636754784709892,0.01651273716442125,0.0,0.028477356057752343,0.0,0.0,0.0,0.0,0.035450764860434476,0.0,0.0,0.0,0.0,0.0,0.0,0.01559912907006346,0.0,0.01496146650885501,0.03309515606396867,0.0,0.061333508186929134,0.04635316504009334,0.0,0.014997850117735937,0.015197995152369706,0.027171044272277192,0.018813628524426577,0.0,0.02239246626053609,0.0,0.0,0.036765506809478876,0.0,0.0,0.0,0.024763390283987823,0.02367120030515795,0.0,0.0,0.0,0.0,0.018485923882818174,0.0,0.0,0.016378676419633018,0.025409733260516123,0.0,0.0,0.0,0.0,0.0,0.0,0.013729556376836581,0.0
2011-03-31,0.01366912500928511,0.020141925222453227,0.02593157569640685,0.0,0.0,0.0,0.015092377932332316,0.0,0.0,0.0,0.0,0.0,0.0,0.01773218198863506,0.0,0.0,0.0,0.0,0.0,0.015422968308050341,0.0,0.0,0.0,0.0,0.02269352849835397,0.0,0.03324643120157702,0.015441187991960106,0.046966029735564595,0.024145513307568575,0.031802780421293204,0.038203684355090875,0.0,0.055094640124547865,0.014186711114954939,0.0,0.0,0.04113307429219351,0.0,0.014985948516699318,0.017535111132118544,0.0,0.019967725344383708,0.020842831715735144,0.019722246974961822,0.017965570426736778,0.0,0.02943091494592218,0.0,0.0,0.0,0.0,0.03851920944682557,0.0,0.0,0.0,0.0,0.0,0.0,0.022374628945268583,0.0,0.015626016491648177,0.022972881016617912,0.0,0.06532400257665423,0.043505799869405205,0.0,0.0,0.0,0.01873644261044002,0.01715313568637623,0.0,0.014491301953287782,0.0,0.014477434730680888,0.04241842992080185,0.0,0.0,0.0,0.02270164313228489,0.02007532679889956,0.0,0.0,0.0,0.0,0.0,0.0,0.0,0.01828773503792763,0.019221450031466827,0.015468923233635672,0.0,0.0,0.017291554260953856,0.0,0.0,0.0,0.0
2011-04-30,0.0,0.015828392159820147,0.01896464725644463,0.0,0.015122750319728788,0.0,0.017422957698361295,0.0,0.0,0.0,0.0,0.0,0.0,0.0173027030175156,0.0,0.0,0.0,0.0,0.0,0.01781986702282185,0.0,0.0,0.0,0.0,0.01965656594619187,0.0,0.03235112427351975,0.018440700365704513,0.05026617677203145,0.02501444436183285,0.03174687720893059,0.03221088537559828,0.0,0.035438822425775174,0.01873831307874135,0.0,0.0,0.033366288368761106,0.0,0.0,0.015422115375499151,0.0,0.02067179775842996,0.019614888410421843,0.023949598091216728,0.019195822488097043,0.0,0.04537106969208281,0.0,0.0,0.0,0.0,0.03608065363128811,0.0,0.0,0.0,0.0,0.0,0.014333705517588514,0.019803927563302248,0.0,0.01484086789962788,0.018161917063283874,0.0,0.07231605306642105,0.04118539879524695,0.0,0.0,0.0,0.014435003165248412,0.014926131339305634,0.0,0.0,0.0,0.018734967180279578,0.03897519539305918,0.0,0.0,0.015237008378725821,0.033458466232075004,0.027026711561633738,0.0,0.0,0.0,0.0,0.016232988835935977,0.0,0.0,0.01531186849814111,0.028655629077699196,0.0,0.0,0.0,0.016366699333611016,0.0,0.0,0.0,0.0
2011-05-31,0.0,0.01712474781772854,0.020255561556865823,0.0,0.017451799551278284,0.0,0.015977414946620343,0.012934412987155409,0.014527044814675953,0.0,0.0,0.0,0.0,0.013927566650592289,0.0,0.0190097006991294,0.013141902166652049,0.0,0.0,0.023342893658522733,0.0,0.0,0.0,0.0,0.02198239471403015,0.0,0.032910020605034306,0.02110921955736892,0.04721847132979858,0.03543100283503113,0.03257514905484447,0.0320195426784258,0.0,0.035544894150909175,0.023370565617863687,0.0,0.0,0.041829349705305746,0.0,0.0,0.01729017153505735,0.017988793949753397,0.01771754811392275,0.018983068146527095,0.023975617627247887,0.024390634122399665,0.0,0.052888726852517776,0.0,0.0,0.0,0.0,0.024648680572860824,0.0,0.0,0.0,0.0,0.0,0.0,0.0,0.0,0.0,0.0,0.0,0.06199068456125051,0.03281874272071183,0.0,0.0,0.0,0.0,0.013980801979674344,0.0,0.0,0.0,0.01887286064663775,0.029518851499535995,0.0,0.0,0.0,0.03611686089259084,0.027900447098692674,0.0,0.0,0.01645802251241742,0.0,0.013976186987208962,0.0,0.0,0.018020873581577078,0.02772444155207472,0.0,0.0,0.013054329949508408,0.0,0.0,0.0,0.0,0.0
2011-06-30,0.015070785973758404,0.018104242688394417,0.020098772328655604,0.0,0.014528006818360762,0.0,0.0,0.0,0.0,0.0,0.0,0.0,0.0,0.0,0.0,0.020425231254094844,0.010945494794912424,0.0,0.0,0.028396312508679484,0.011513963487039128,0.0,0.0,0.0,0.02129151728234479,0.0,0.03408326917289749,0.022330164678329323,0.09437364104261586,0.041454104793270205,0.02641376626898193,0.026392306202087025,0.0,0.025405655052283285,0.021797806423087273,0.0,0.0,0.05266157576801979,0.0,0.011895870894562347,0.021120270160159035,0.02137022201866067,0.016518601241115344,0.017306573739207378,0.019054985129622747,0.027506952458015425,0.0,0.04946193556243362,0.0,0.0,0.0,0.0,0.0235146056294225,0.01237558070423672,0.010761687606979405,0.0,0.0,0.0,0.0,0.0,0.0,0.0,0.0,0.0,0.05554790833832146,0.03264489683999101,0.0,0.0,0.0,0.011143652726430402,0.011011546735517547,0.0,0.0,0.0,0.0,0.028303041500986337,0.0,0.0,0.0,0.029776790949042564,0.012677331898520123,0.0,0.0,0.02085401616557232,0.0,0.0,0.0,0.0,0.01926593989030183,0.025654437833418958,0.0,0.0,0.016946535439670205,0.0,0.0,0.0,0.0,0.0
2011-07-31,0.017072513433936162,0.021330780238400578,0.02490438118733709,0.0,0.014000527724035207,0.0,0.0,0.021711137297669308,0.0,0.0,0.0,0.0,0.0,0.0,0.0,0.025514963446949587,0.0,0.0,0.0,0.02290994029974434,0.014721085938972181,0.0,0.0,0.0,0.01954801393348622,0.0,0.040911911707425745,0.023932788445726053,0.05425753221927733,0.020043068688740433,0.02648110337503896,0.027512611174552535,0.0,0.023281183815774282,0.0,0.0,0.0,0.0556745898476505,0.0,0.012296295656655928,0.021639703132313507,0.013745599108147565,0.024993786658603433,0.022124713097143003,0.01818934366977575,0.027562905153925905,0.0,0.033105132356322245,0.0,0.0,0.0,0.0,0.01965829624288177,0.011998789830289963,0.0,0.0,0.0,0.0,0.0,0.0,0.0,0.0,0.0,0.0,0.05186508935238353,0.02523538484543676,0.0,0.015786757674729205,0.0,0.0,0.016649896448207822,0.012249658065098201,0.0,0.0,0.0,0.04514814688097244,0.0,0.0,0.0,0.04043841353518016,0.015090265558005798,0.0,0.0,0.02695260693124044,0.015053209876324969,0.0,0.0,0.0,0.029584516574953104,0.03444867759407905,0.0,0.0,0.0,0.012374678982612894,0.0,0.0,0.0,0.0
2011-08-31,0.014045975180422481,0.023938800118038363,0.023877555307826225,0.0,0.0,0.0,0.0,0.026686127733474115,0.0,0.0,0.0,0.0,0.0,0.0,0.0,0.02423114887900169,0.0,0.0,0.0,0.0193352212551756,0.017417600851481394,0.0,0.0,0.0,0.020606970777819197,0.0,0.0352569718265964,0.017300639417429774,0.05233233674978283,0.02265077568888475,0.01596912286092773,0.022071225705617273,0.0,0.020154154864239094,0.013357540608777592,0.0,0.0,0.06939962707035426,0.0,0.016262966910518168,0.027946155865104964,0.014854628760036523,0.025098740665909655,0.026215274675300982,0.02269200815782282,0.03692439166458882,0.0,0.031547127854450255,0.0,0.0,0.0,0.0,0.0199881255475452,0.01521381279926022,0.013619276515469023,0.0,0.0,0.0,0.0,0.0,0.0,0.0,0.0,0.014125718593698771,0.0660328047910578,0.029718772801266672,0.0,0.013202578733455195,0.0,0.0,0.014704625776309994,0.0,0.0,0.0,0.0,0.02408516322423532,0.0,0.0,0.0,0.032155053157996466,0.0,0.0,0.0,0.03116583372387771,0.016576254231225357,0.0,0.0,0.0,0.028561499927504577,0.028415392293700683,0.0,0.0,0.012261998433815889,0.0,0.0,0.0,0.0,0.0
2011-09-30,0.0,0.021856588197924874,0.021224194971688426,0.0,0.0,0.0,0.0,0.054065483302343086,0.0,0.0,0.0,0.0,0.0,0.0,0.0,0.020470145679926593,0.0,-0.011637261574283306,0.0,0.026565985001257952,0.011935231567906617,-0.011221970525820801,0.0,0.0,0.0,0.0,0.04877727468123745,0.014904733396291383,0.05542012372903008,0.017272805574188786,0.012170850131978043,0.025211232727269398,0.0,0.0188365797305863,0.0,0.0,0.0,0.07295983180620093,0.0,0.0,0.016114819976256214,0.0,0.01904819235037528,0.02030906679371863,0.01728500215704603,0.022572135163204783,0.0,0.05553718799899374,0.0,0.013000701314013086,0.0,0.0,0.029299744114031877,0.019813867298098024,0.02378660682419484,0.0,0.0,0.012648757237972963,0.013128786409727729,0.01151480380450914,0.0,0.010731913722592887,0.0,0.01924221712389783,0.09509176239950183,0.034461548997505725,0.0,0.0,0.0,0.0,0.0,0.0,0.0,0.0,0.0,0.0,0.0,0.0,0.0,0.017417112283195084,0.0,-0.011868524153486385,0.0,0.018197858348770343,0.0,0.0,0.0,0.0,0.01823540415733098,0.012730103188382129,0.0,0.0,0.033122845980873325,0.0,-0.010310745604387172,0.0,0.0,0.0
2011-10-31,0.012099446850661416,0.020416841464599267,0.012177795494918153,-0.021714926934777133,0.0,0.0,0.0,0.04172458940669906,-0.01257063906209345,0.0,0.0,0.0,-0.024371573355145816,-0.013443359814663883,-0.013170500412820365,0.0,0.0,-0.025670796106268937,0.0,0.03582404889947971,0.0,-0.024495919793175086,0.0,0.0,0.0,0.0,0.044278256481390166,0.02408610877287503,0.07463290565721463,0.0,0.0,0.030327253491097918,0.0,0.020841111542641046,0.0,0.0,0.0,0.04706661939000456,0.0,0.0,0.0,0.0,0.0,0.0,0.0,0.0,0.0,0.026668981099983256,-0.015542816181885428,0.013858266234795085,0.0,0.0,0.01617116050354756,0.01339171611669834,0.01431241065958277,-0.01872955796098012,0.0,0.0,0.0,0.0,0.0,0.0,0.0,0.0,0.07238583098317353,0.051774039632644576,0.0,0.0,0.0,0.0,0.0,0.0,-0.017691723545170714,-0.014818975727004033,-0.015171366889017959,0.0,-0.020036992629043345,-0.019768191128580574,-0.019065202695509015,0.0,-0.01428901208126282,-0.023955840791300677,0.0,0.022309143671092296,0.0,-0.013401151243689409,0.0,0.0,0.0,0.0,0.0,0.0,0.019042664022984303,0.0,-0.03106786397149658,-0.02763439930003199,0.0,0.0
2011-11-30,0.02329776195285582,0.027987762391033295,0.0233050805725543,0.0,0.0,0.0,0.0,0.04391877179418866,0.0,0.0,0.0,0.0,0.0,0.0,0.0,0.014469642471518723,0.0,0.0,0.0,0.036253980460983624,0.02256754626762451,0.0,0.0,0.012827340501436132,0.021591850912549063,0.0,0.051169812225417326,0.02617255160761073,0.06785596109058509,0.026031828502079062,0.01806426465963818,0.035053464853006984,0.0,0.020643585730997085,0.0,0.0,0.0,0.04345895274420668,0.0,0.0,0.013560807484832784,0.01416239832574378,0.021547452111459225,0.02265758355943769,0.0,0.012498295001463497,0.0,0.031223280011412453,0.0,0.016423900575525785,0.0,0.0,0.016821363183509585,0.013510385388287704,0.0152766562213401,0.0,0.0,0.012456849208776974,0.012152603207571413,0.0,0.0,0.0,0.0,0.015048081509637776,0.05339617324612205,0.05342968937935697,0.0,0.0,0.0,0.0,0.0,0.0,0.0,0.0,0.0,0.0,0.0,0.0,0.0,0.0170514788429364,0.0,0.0,0.0,0.02908386898447047,0.018132873744446887,0.0,0.0,0.020537818238753676,0.013213508626071714,0.015759635888088742,0.0,0.0,0.034185637043714696,0.0,-0.013199501478754334,0.0,0.0,0.0
2011-12-31,0.02855561243328619,0.02975680506517493,0.02581582948891727,0.0,0.0,0.0,0.0,0.05881676101243445,0.0,0.0,0.0,0.02854848678943389,0.0,0.0,0.0,0.013087923969603042,0.0,0.0,0.0,0.03721510452061967,0.023197058237179755,0.01968676323918956,0.0,0.015255245170653577,0.026327823184096228,0.0,0.0555127817510148,0.019371294246693732,0.05670691718293715,0.020234474991469815,0.0,0.027309733235476242,0.0,0.016368834911139524,0.0,0.0,0.0,0.018468895834731217,0.0,0.011217434307605141,0.012494644187830715,0.0,0.025490502827834553,0.03590158526269541,0.012008328031736785,0.015038150897469668,0.0,0.024709889940941174,0.0,0.0,0.0,0.0,0.01301446745094297,0.01150038952456275,0.02060783606089912,0.0,0.0,0.010230086044356414,0.010572910239350131,0.0,0.0,0.0,0.0,0.01633285387272613,0.0485841783710228,0.05532945286187901,0.0,0.0,0.0,0.0,0.0,0.0,0.0,0.0,0.0,0.0,0.0,0.0,0.0,0.020109910330744427,0.0,0.0,0.0,0.02701257338461538,0.01753111444695985,0.0,0.0,0.027598135583430758,0.018970238994624845,0.02045558178567906,0.0,0.0,0.02505339032804182,0.0,0.0,0.0,0.0,0.0
2012-01-31,0.03604087944670129,0.03305846074044872,0.02636039283377176,0.0,0.0,0.0,0.0,0.05004500605707698,0.0,0.0,0.0,0.02206463646042835,-0.014411809383830743,0.0,0.0,0.01264583297125043,0.0,-0.010719514185182397,0.0,0.03389140539665522,0.025525829283859193,0.0,0.0,0.017264726612877,0.0308486803630738,0.0,0.06448197842206885,0.025049624039334938,0.07023665005599461,0.0195189425794181,0.011855328242203847,0.02691253925056829,0.0,0.021479514619391134,0.0,0.0,0.0,0.02359184180478148,0.0,0.0,0.0,0.0,0.02002745131223727,0.02933625809148803,0.011740217851580036,0.0,0.0,0.017391378496898497,0.0,0.0,0.0,-0.010553372377350781,0.012613562807999952,0.0,0.017042680696655117,-0.016584159952170354,0.0,0.0,0.0,0.0,0.0,0.0,0.0,0.013310327760369793,0.06797416160499248,0.0455350313731556,0.0,0.0,0.0,0.0,0.0,0.0,0.0,0.0,0.0,0.0,0.0,0.0,0.0,0.018237919100675314,0.0,-0.009319583872181552,0.0,0.02345470860212927,0.014786709764712538,0.0,0.0,0.0288008368345606,0.015661429243254827,0.02087943603092684,0.0,0.0,0.020622240320518754,0.0,0.0,0.0,-0.010124941157225216,0.0
2012-02-29,0.03553537478446646,0.02748968208801748,0.02122586174213728,0.0,0.0,0.0,0.0,0.03389495605242668,0.0,0.0,0.0,0.029947455418877507,0.0,0.0,0.0,0.019179011971550336,0.012895389957295337,0.0,0.0,0.02287751452716616,0.023256352677046784,0.014572899415492318,0.0,0.019585613816478862,0.03612757933880184,0.0,0.05933485764144066,0.01498271107264398,0.05654403565529316,0.03536534377884876,0.01360492354173821,0.031753074085383866,0.0,0.025713168430293292,0.012850818507002681,0.0,0.0,0.03243894912196136,0.0,0.013225453548078941,0.0,0.0,0.023124336779010636,0.02598283428630951,0.01658580303756968,0.0,0.0,0.0,0.0,0.0,0.0,0.0,0.0,0.0171382144260359,0.016965251382346908,-0.017181253706208988,0.0,0.0,0.0,0.0,0.0,0.0,0.0,0.01248510128251342,0.0629175564691942,0.039258885688184336,0.0,0.0,0.0,0.0,0.0,0.0,0.0,0.0,0.0,0.0,0.0,0.0,0.012843079674803805,0.02296281510709508,0.0,0.0,0.0,0.021375872249724787,0.014094140915761819,0.0,0.0,0.02903628581867251,0.01948208790636712,0.02365631112783803,0.0,0.0,0.01983012113498747,0.012679021834933994,0.0,0.0,0.0,0.0
2012-03-31,0.040531914448352885,0.029863031499807128,0.02425417308957377,0.0,0.011993098819523632,0.0,0.0,0.03806771964115286,0.0,0.0,0.0,0.02075412824268669,-0.0117946023247204,0.0,0.0,0.022189288809191226,0.015244826035728328,0.0,0.0,0.02703820078484254,0.017994600719832582,0.0,0.0,0.02068631409920681,0.04022980353175379,0.0,0.060789618326048706,0.01965281906295841,0.060089788738969446,0.04619424908502853,0.012973484229802499,0.03315347899463858,0.0,0.029772003747233468,0.011393403832612165,0.0,0.0,0.0365469645774121,0.0,0.0,0.0,0.0,0.02218996170944906,0.020847542285650552,0.014488400467550462,0.0,0.0,0.0,0.0,0.0,0.0,-0.014508474503032477,0.012703494475606366,0.016463964085297773,0.012729450602001082,-0.023476826081211485,0.0,0.0,0.0,0.0,0.0,0.0,0.0,0.011538079362388228,0.04177384002339757,0.03723863916464129,0.0,0.0,0.0,0.0,0.0,0.0,0.0,0.0,0.0,0.0,0.0,0.0,0.0,0.019119049528250748,0.0,0.0,0.0,0.02202015243264389,0.0,0.0,0.0,0.024343359818274853,0.012580605742823608,0.023371326956616357,0.0,0.0,0.02263400592880321,0.016765314191284405,0.0,0.0,0.0,0.0
2012-04-30,0.04070007761757451,0.033534907777034835,0.025851378912607158,0.0,0.0,0.0,0.0,0.042037632769420956,0.0,0.0,0.0,0.018433076342260202,-0.014207485570540268,0.0,0.0,0.023666584519644183,0.012948972258998848,0.0,0.0,0.025859042598247343,0.011917307257488845,0.0,0.0,0.018499537466148814,0.043346309884593925,0.0,0.058127596786822014,0.02369401928423082,0.06502975650288617,0.042565056277858546,0.0,0.025720818226232973,0.0,0.028228633075896604,0.015818287802374844,0.0,0.0,0.03717792321353378,0.0,0.0,0.0,0.0,0.0159229727732373,0.022188896681635022,0.0,0.0,0.0,0.0,0.0,0.0,0.0,-0.02158304232565227,0.0,0.012902774177629889,0.012874482026546358,-0.03128676099835829,-0.012085986028789547,0.0,0.0,0.0,0.0,-0.016802865648707376,-0.014366541961983732,0.0,0.03551959596332696,0.0,0.0,0.0,0.0,0.0,0.0,0.0,-0.011231444292819848,0.0,-0.011515495735976267,0.0,0.0,0.0,0.015043608864746368,0.021485811153958725,0.0,-0.010866019337839561,0.0,0.0331092729882813,0.0,0.0,0.0,0.02540549016063965,0.0,0.030811379814114876,0.0,0.0,0.015105185722274112,0.02252796919908695,0.0,0.0,0.0,0.0
2012-05-31,0.03262107741011638,0.03329620477921275,0.01763452710877741,0.0,0.0,0.0,0.0,0.03502139180950354,0.0,0.0,0.0,0.011965957532144612,0.0,0.0,0.0,0.02081729086085592,0.020286278405960555,0.0,-0.01767536489860411,0.05364523313031828,0.01877052166125088,0.0,0.0,0.025139450039685506,0.04490502904354059,0.0,0.06061053505082485,0.033140733548934515,0.07134692205458305,0.02653541673944744,0.0,0.031233351348035853,0.0,0.03499551761672998,0.0,0.0,0.0,0.02742579966212753,0.0,0.0,0.0,0.0,0.0,0.0,0.0,0.0,0.0,0.0,0.0,-0.011086796857431764,0.0,-0.016571061222496658,0.0,0.018346294912381083,0.0,-0.03253120368969858,-0.015100192337044438,0.0,-0.01164755987834893,0.0,0.0,-0.024793275447478322,-0.0242317210195851,0.0,0.0,0.0,0.0,0.0,0.0,0.0,0.0,0.0,-0.01133915319996739,-0.010898490554874737,-0.01110739420405396,0.0,0.0,0.0,0.01092699613966771,0.02678234938074354,0.0,-0.012149093934728707,0.0,0.03335450477166772,0.0,0.0,0.0,0.01856348275358116,0.0,0.02799870532764971,0.0,0.0,0.01778577481207363,0.014242101035368675,0.0,0.0,-0.01345034322399562,-0.020026902596508814
2012-06-30,0.015190109183724832,0.0,0.0,0.0,0.0,0.0,0.0,0.030911579284565154,0.0,0.0,0.0,0.0,-0.01793712902055816,-0.01884696017925629,0.0,0.0,0.0,-0.02024331940865515,-0.028330170025025015,0.03931768130201264,0.0,0.0,0.0,0.0,0.034030474118656985,0.0,0.05514839332360636,0.01569137562095528,0.06534515844119539,0.022160310242182023,0.0,0.03132925110477938,0.0,0.0370514919749857,0.0,0.0,0.0,0.023581471995579837,0.0,0.0,0.0,0.0,0.0,0.0,0.0,0.0,0.0,0.0,0.0,-0.017785481452287356,0.0,-0.02113045209311675,0.0,0.016819183351542626,0.0,-0.048137144542086584,-0.01901411552411548,0.0,-0.017899062359607757,0.0,0.0,-0.03721790184840171,-0.034201047295164766,0.0,0.0,0.0,0.0,-0.015133240880916657,-0.018044091353621637,-0.017358866227091405,-0.015307747899680074,-0.018180031400105705,-0.023519696573445173,-0.023550575727123817,-0.022117492102491802,0.0,0.0,-0.016942054142173705,0.0,0.0,-0.018123469220671106,-0.022148728610067364,0.0,0.017207125052790182,0.0,0.0,0.0,0.0,0.0,0.02245128130570187,-0.01856913322856427,0.0,0.0,0.0,0.0,-0.01646662843136017,-0.02255526805474423,-0.02500530609738937
2012-07-31,0.0,0.01699982333612811,0.0,0.0,0.0,0.0,-0.01962070153590155,0.03663717353992446,0.0,0.0,0.0,0.0,-0.019739731556787297,-0.021000208043045917,0.0,0.0,0.0,-0.020651078860863634,-0.028923826587342216,0.03315703495528282,0.0,0.0,0.0,0.0,0.022120610052110936,0.0,0.04843374339757144,0.026009940872247526,0.06740480663343854,0.015019968538030512,0.0,0.02976730048890561,0.0,0.03550534806260053,0.0,0.0,0.0,0.022774003914920373,0.0,0.0,-0.016427275988087915,-0.017814847334159237,0.0,0.0,0.0,-0.018450602208534523,0.0,0.0,0.0,0.0,0.0,-0.016321748569905134,0.0,0.03983039722676937,0.033761281989884526,-0.04170083596739352,-0.014494293937406326,0.0,0.0,0.0,0.0,-0.029948901078518386,-0.024116948472144437,0.0,0.0,0.0,0.0,0.0,0.0,-0.016112173817186177,0.0,-0.013570700759420849,-0.020449183737858503,-0.02483121592559313,-0.02044721639022271,-0.013975509291735041,0.0,0.0,0.0,0.0,-0.022435600462925115,-0.020448003298056065,0.0,0.025119317605551857,0.0,0.0,0.0,0.0,0.0,0.03288877840565253,-0.014967556171343918,0.0,0.01619220648816991,0.0,0.0,0.0,-0.019087557954973976,-0.022842546543405253
2012-08-31,0.0,0.0,0.0,0.0,0.0,0.0,-0.0195218275266324,0.034502952257590154,0.0,0.0,0.0,0.0,-0.016386718056458957,-0.023710050502958987,-0.014429785336905608,0.0,0.0,-0.020794939489376822,-0.02935209895583573,0.038434748548877684,0.0,0.0,0.0,0.0,0.01961795954999429,0.01927795926910843,0.0413275821365982,0.021930425000223325,0.062062489830147984,0.0,0.0,0.036552739913107944,0.0,0.04367959660970045,0.0,0.0,0.0,0.016672267662897932,0.0,0.0,0.0,-0.014580004199640841,0.0,0.0,0.0,-0.020513854439848295,0.0,0.0,0.0,0.0,0.0,-0.014716764695223926,-0.014371044881150914,0.028285070728642347,0.025442469454713595,-0.038669821322393286,-0.021969845595501185,0.0,-0.02058154601421213,0.0,0.0,-0.036759903974386776,-0.028036801079568636,-0.019478986025829644,0.0,0.0,0.0,0.0,0.0,-0.015820305286574146,0.0,-0.015063168036924444,-0.022318224843231566,-0.025758397550581125,-0.025235371807403848,-0.01857975883327181,0.0,0.0,0.0,0.0,-0.02387871282733565,-0.019405769856483762,0.0,0.0,0.0,0.0,0.0,0.0,0.0,0.03266081122572871,-0.014369573849873274,0.0,0.0,0.0,0.0,0.0,-0.019287938591264802,-0.02596171423380044
2012-09-30,0.0,0.0,0.0,0.0,0.0,0.0,-0.022233430395177323,0.023207432041661157,-0.016906629167200676,0.0,0.0,0.0,-0.02080704508030674,-0.01913989635515452,0.0,0.0,0.0,-0.01992798137815673,-0.025791497200701292,0.04060596399123583,0.0,0.0,0.0,0.0,0.022261112132001836,0.024835481541536843,0.03906756223021823,0.01871600479461709,0.04867347060278151,0.0,0.0,0.04005070851383554,0.0,0.048688214385096934,0.0,0.0,0.0,0.01817332215942011,0.0,0.0,-0.014982299063709082,-0.017451709670960464,0.0,0.0,0.0,-0.02671822234384769,0.0,0.0,-0.015243130128309293,0.0,0.0,0.0,0.0,0.027241105071652123,0.034006190929722555,-0.03500367127200695,-0.02583168887275961,-0.02584131554673852,-0.02374849227337709,0.0,0.0,-0.027675821164903885,-0.017726213841342132,0.0,0.0,0.0,0.0,0.0,0.0,-0.015582062482611056,-0.014517982194878641,-0.016707824104077028,-0.024901460027631203,-0.027674901226985422,-0.026452392309621816,-0.020478190009256277,0.0,0.0,0.0,0.0,-0.025289873011593907,-0.022990435894280993,0.0,0.0,0.0,0.0,0.0,0.017319502720451754,0.0,0.02785049794780546,0.0,0.0,0.019679265922374706,0.0,0.0,0.0,0.0,0.0
2012-10-31,0.0,0.0,0.0,0.0,0.0,0.0,-0.021655634342128537,0.024793281739485896,-0.01898615038201817,0.0,0.0,0.0,-0.02772547425294492,-0.018649401841431913,0.0,0.0,0.0,-0.016161240934439464,-0.023029888392677944,0.03609428809088609,0.0,0.0,0.0,0.0,0.024741485643384558,0.025410323850805865,0.04334612142713289,0.0,0.03571307081832004,0.0,0.0,0.03809809414365121,0.0,0.04680312981154118,0.0,0.0,0.0,0.02674804792587954,0.0,0.0,-0.018270162879635062,-0.021263743176063832,0.0,0.0,0.0,-0.036037396680107435,0.0,-0.018915167645537426,-0.017065241720535623,0.0,0.0,0.0,0.0,0.03444480181222161,0.032047831726509574,-0.021671229714645333,-0.020696128659272433,-0.02654176032333534,-0.01951810304125528,0.0,0.0,-0.01762726126449236,0.0,0.0,0.0,0.0,0.0,0.0,0.0,-0.01634330190285235,0.0,-0.018153609295514715,-0.02209192411149105,-0.030180486136563902,-0.02477217458877863,-0.020405209539778625,0.0,0.0,0.0,0.0,-0.026347600541604226,-0.025759170201155132,0.0,0.0,0.0,-0.015574958995400463,0.0,0.01702958709121572,0.0,0.02899094572419235,0.0,0.0,0.026686086324383712,0.015610483306729551,0.0,0.0,0.0,0.0
2012-11-30,0.0,0.0,0.0,0.0,-0.017140181100695838,0.0,-0.02085632868084054,0.024547648191148262,-0.021640844356803593,0.0,0.0,0.0,-0.027836744457508646,-0.017971617419794684,0.0,0.0,0.0,-0.01605578277663671,-0.02167846580755159,0.028016983281124206,0.0,0.0,0.0,0.0,0.03517208178403003,0.01971284244910049,0.040649855535910974,0.0,0.031308321601537605,0.0,0.0,0.04932576910608432,0.0,0.05511919951425576,0.0,0.0,0.0,0.0,0.0,0.0,-0.02227173858488887,-0.027286043672470155,0.0,0.0,-0.017334290688274787,-0.042955236412687,0.0,-0.01644660906207503,-0.024213988476970164,0.0,0.0,0.0,0.0,0.02985123238063925,0.01757824606973364,-0.01914949797907634,-0.01590964551411804,-0.02236211415670695,-0.01808633759506153,0.015400563528922516,0.0,0.0,0.0,0.0,0.0,0.0,0.0,0.0,0.0,-0.01707823350252776,0.0,0.0,-0.017915370215009312,-0.0296285852235826,-0.022124385818470243,-0.024545512460156564,0.0,0.0,0.0,0.0,-0.03073312786889827,-0.02901955591791976,0.0,0.0,-0.017381322527077192,0.0,0.0,0.021752223963151854,0.0,0.02968336690147991,0.0,0.0,0.016877668977047854,0.027382436440031188,0.0,0.0,0.0,0.0
2012-12-31,0.0,0.0,0.0,0.0,-0.01866058181330408,0.0,-0.021323113672330602,0.017863805801773186,-0.023359385241333273,0.0,0.0,0.0,-0.02572592618119825,-0.018913868445081895,0.0,0.0,0.0,-0.018375459596096728,-0.021430302419127332,0.02870023219486261,0.0,0.0,0.0,0.0,0.028776642453311626,0.018373912438785066,0.030624818274338293,0.0,0.040515048597511684,0.022330859793855014,0.0,0.03764523682955426,0.0,0.055184995479933274,0.0,0.025303705367611007,0.0,0.022441644021342386,0.0,0.0,-0.021034197745855108,-0.02474515999130491,0.0,0.0,0.0,-0.03327176741265603,0.0,-0.014830252954462839,-0.017828179598850604,0.0,0.0,0.0,0.0,0.02983919730985107,0.015726313104450097,-0.018608887507441968,-0.016350684215959022,-0.024390375867993752,0.0,0.0,0.0,0.0,0.0,0.0,0.0,0.0,0.0,0.0,0.017514866132538144,0.0,0.0,0.0,-0.01912146151500741,-0.02848202183746559,-0.019699741949643145,-0.026197241868263728,0.0,0.0,0.0,0.0,-0.03162676573603225,-0.028605576490371248,0.0,0.0,0.0,0.0,0.0,0.03125209230003325,0.0,0.03199786419086566,0.0,0.0,0.029150926383338254,0.02880487310765329,0.015372014158612213,0.0,0.0,0.0
2013-01-31,0.0,0.0,0.0,0.0,0.0,0.0,-0.020795471806418792,0.01594186068758421,-0.023535648240597586,0.0,0.0,0.0,-0.02672165998959581,-0.016321681189114524,0.0,0.0,0.0,-0.016109859929599138,-0.015788335447255684,0.033879828720919686,0.0,0.0,0.0,0.0,0.02459827453563889,0.024310368486461977,0.02396087110254217,0.019907145019921704,0.048383363168760525,0.023254870769832924,0.0,0.03347274412027854,0.0,0.06081870206585764,0.020261110753156304,0.02566774101850234,0.0,0.019009991042649665,0.0,0.0,-0.022385595076171376,-0.030673793509440217,0.0,0.0,0.0,-0.03151552691565009,0.0,0.0,-0.019927254486542475,0.0,0.0,0.0,0.0,0.024485216699095546,0.0,-0.025022832574810902,-0.016311342440776144,-0.018627730865002273,-0.015396507931381968,0.0,0.0,0.0,0.0,0.0,0.0,0.0,0.0,0.0,0.018135405246282984,0.0,0.0,0.0,0.0,-0.028321096748621957,0.0,-0.015573345720975684,0.0,0.0,0.025633142988416686,0.0,-0.02060971299231741,-0.019166126677549827,0.0,0.0,0.0,0.0,0.0,0.03963726057553734,0.0,0.03637611987091357,0.0,0.0,0.0170163604471957,0.04379323610604592,0.023246175122317966,0.015406688910265729,0.0,0.0
2013-02-28,0.02046665583266746,0.015426195746721286,0.012480934218260326,0.019852116105899,0.0,0.0,0.0,0.01592848883694263,0.0,0.0,0.0,0.012569088337854386,-0.0130404890784075,0.0,0.0,0.0,0.0,-0.013415210509054263,0.0,0.02994936625377883,0.0,0.0,0.01259110136805017,0.0,0.035278850392866594,0.029046014527123423,0.026024768402634273,0.013630352305204886,0.03463465391233338,0.0507306497310759,0.021137546289759106,0.028343841959985863,0.0,0.04915220311013567,0.029785520545905535,0.03896613508940224,0.0,0.025272573186123446,0.0,0.0,0.0,0.0,0.0,0.0,0.0,0.0,0.0,0.0,0.0,0.0,0.0,0.0,0.0,0.014387821789797563,0.0,-0.02077226315441881,-0.019259743893887137,-0.01589195438072862,-0.021337183469458256,0.0,0.0,-0.012795393278443895,0.0,0.0,0.0,0.0,0.0,0.0,0.017258502239727747,0.0,0.0,0.0,0.0,-0.024611471853044384,0.0,0.0,0.021794352307380603,0.0,0.03306904038905113,0.0,0.0,0.0,0.0,0.01469161284980136,0.0,0.014380444111222492,0.0,0.07270747887958603,0.0,0.04991543340844834,0.0,0.0,0.012112644428536483,0.05025896039969319,0.019828401751790757,0.01720454167479708,0.0,0.0
2013-03-31,0.015778488617198154,0.017152893317537905,0.019766775486486032,0.03060601272842762,0.0,0.0,0.0,0.025677930029445108,0.0,0.0,0.0,0.01612623756012721,0.0,0.0,0.0,0.0,0.0,0.0,0.0,0.020681930546158026,0.0,0.0,0.0,0.0,0.029797580588929132,0.020210874577912714,0.018671503419023756,0.012757578089241101,0.029405569417743443,0.06593542264336583,0.022360631636808424,0.023613242978584886,0.0,0.03937622381943738,0.03428748683617875,0.05355395082793067,0.0,0.03874001790236905,0.0,0.0,0.0,0.0,0.010507130855837899,0.0,0.018631774275590953,0.011185282798376397,0.0,0.01444211287469705,0.0,0.0,0.0,0.0,0.0,0.01198439572920481,0.0,-0.012921115107960852,-0.013480180365880109,0.0,-0.013597238894652537,0.0,0.0,0.0,0.0,0.0,0.0,0.0,0.0,0.0,0.027974148735389257,0.0,0.0,0.0,0.0,0.0,0.0,0.0,0.020892837993334527,0.01431689291966395,0.03800339917721224,0.0,0.0,0.0,0.0,0.015553880257965681,0.0,0.023717792574616075,0.0,0.06969803504064899,0.012727026738298128,0.04095670431259,0.0,0.0,0.017683199027509273,0.04363119048176573,0.017691991014190223,0.015903319801710204,0.0,0.0
2013-04-30,0.01599397907322468,0.014298562454787929,0.019197074560637555,0.025095003624253917,0.0,0.0,0.0,0.03216947128748463,0.0,0.0,0.0,0.010853660993255838,0.0,0.0,0.0,0.0,0.0,-0.011103901277263975,0.0,0.019703713768820862,0.0,0.0,0.0,0.0,0.030183700562216264,0.025668377453878673,0.019153579384865553,0.015670419337969133,0.03608960981628395,0.035730317657631856,0.034007194090222424,0.02774944393033081,0.0,0.05239321338680551,0.0268404079768664,0.05613359853148454,0.0,0.033264788468325826,0.0,0.0,0.0,0.0,0.0,0.0,0.0,0.0,0.0,0.0,0.0,-0.014162515853499267,0.0,0.0,0.0,0.0,0.0,-0.017164812954807582,-0.02410660429550684,-0.015993705618052037,-0.02611988160039933,0.0,0.0,-0.011749405404624979,0.0,0.0,0.0,0.0,0.0,0.0,0.022099485705163385,0.0,0.0,0.0,0.0,-0.015407007506946234,0.0,-0.013445833865466094,0.01754983374633719,0.011295414881297426,0.034759242143053475,0.0,0.0,-0.011320653856863826,0.0,0.013550197631152302,0.0,0.015270058998445444,0.0,0.06992345184497227,0.0,0.03521678325325288,0.0,0.0,0.0,0.05200676888109164,0.019773444323730186,0.01778487999872724,0.0,0.0
2013-05-31,0.011661684651297556,0.018535556784487123,0.021593298614963223,0.0,0.0,0.0,0.0,0.024006042432686187,-0.012450720133740845,0.0,0.0,0.0,0.0,0.0,0.0,0.0,0.0,0.0,-0.014288274139244788,0.018308715063664743,0.0,0.0,0.0,0.0,0.02891952587891384,0.02739599885801058,0.017652707385300174,0.02280632902446695,0.04249642607352859,0.049501258148891746,0.04041790282901372,0.02874503664938866,0.0,0.05561546371329399,0.024452085805437417,0.045998714275171666,0.0,0.051487881621125366,0.0,0.0,0.0,0.0,0.0,0.0,0.0,0.0,0.0,0.0,0.0,-0.01723660726011017,0.0,0.0,0.0,0.0,0.0,-0.017252213749830558,-0.02658028198499814,-0.019100811124303715,-0.027729808171120734,0.0,0.0,-0.013440040308949774,-0.012131509313983012,0.0,0.0,-0.012668082317274251,0.0,0.0,0.0,0.0,0.0,0.0,0.0,-0.01135115471809601,0.0,-0.012395427415540578,0.011319241685229122,0.0,0.01742566839805964,0.0,-0.013469430471580782,0.0,0.0,0.016105476118787414,0.0,0.02064095355948128,0.0,0.051517085632063954,0.0,0.034689064481563794,0.0,0.0,0.013869903668627469,0.06520231145128264,0.016531596112550465,0.01300970997393944,0.0,0.0
2013-06-30,0.011339605266035146,0.019695107266951107,0.02427561976200183,0.0196132506980727,0.0,0.0,0.0,0.04257040306217606,0.0,0.0,0.0,0.013597140310083624,0.0,-0.011362778795826393,0.0,0.0,0.0,0.0,-0.013160333310639658,0.0,0.0,0.0,0.0,0.0,0.0205335556334304,0.016804092228021143,0.0,0.0,0.017225141256241635,0.08388070164406002,0.03517304123621326,0.02551384974683259,0.0,0.03984382337840533,0.03640016244085461,0.05801788671328315,0.0,0.05051034842402187,0.0,0.0,0.010455050515885345,0.0,0.0,0.0,0.0,0.0,0.0,0.0,0.0,-0.012818670900485624,0.0,0.0,0.0,0.0,0.0,-0.010636139898922854,-0.02642957407037413,-0.017575756447773514,-0.024294532081741496,0.0,0.0,-0.011839089802194681,0.0,0.0,0.0,0.0,0.0,0.0,0.0,0.0,0.0,0.0,0.0,0.0,0.0,-0.012625164451575459,0.014483446851717601,0.0,0.02770802186880282,0.0,-0.014398990203851898,-0.010363928252423469,0.0,0.015106330951839459,0.013152139041099117,0.020624321960472286,0.0,0.06317486034301492,0.0,0.041320065275891354,0.012641769282739069,0.0,0.013896806590675442,0.04672741020201869,0.012962706470620429,0.02724838336272986,0.0,0.0
2013-07-31,0.020058820746692282,0.021285763099127265,0.045638301935969336,0.022469219955740347,0.0,0.0,0.0,0.0874657127007381,0.0,0.0,0.0,0.0,0.0,-0.018289348590805346,0.0,-0.01601341320731768,-0.019973671605195024,-0.01489414844520472,-0.014473676733365642,0.0,0.0,0.0,0.0,0.0,0.0,0.019193750193683867,0.0,0.0,0.015105767670959367,0.04277100589740858,0.044951418334908476,0.02751173475899061,0.0,0.03584651305260524,0.019351698910971465,0.03667595395634722,0.0,0.026006699353494683,0.0,0.0,0.0,0.0,0.0,0.0,0.0,0.0,0.0,0.015085715134306496,0.0,-0.016689145341476933,0.0,0.0,0.0,0.0,0.0,0.0,-0.029650092494281903,-0.02073495453962382,-0.03000796653082254,-0.0157041896770493,0.0,-0.014723743465591837,0.0,0.0,0.0,0.0,0.0,-0.018719818227879905,0.0,-0.018875601196476063,0.0,-0.015566025381797806,-0.015992349327987983,-0.02411836390644228,0.0,-0.015485135661332278,0.0,0.0,0.021306173778107437,0.0,-0.015673586611750518,-0.018607598541439712,0.0,0.02118391508844123,0.0,0.0,0.0,0.03772129636461929,0.0,0.0319237369580244,0.0,0.0,0.0,0.03998067889464613,0.0,0.014273293728377058,0.0,0.0
2013-08-31,0.01993744339367691,0.021220797133920995,0.027678223205708567,0.026504236924693662,0.0,0.0,-0.014720444488963267,0.0903700625001466,-0.01585233708653726,0.0,0.0,0.02005617712433071,0.0,0.0,0.0,-0.01908022564476514,0.0,-0.015605322569229528,0.0,0.0,0.0,0.0,0.0,0.0,0.01463192534455038,0.017665154927411376,0.0,0.0,0.017619414920159074,0.0386356179170042,0.05280697372955931,0.023176434659537896,0.0,0.02724440884802094,0.021536659205317114,0.034865931810072706,0.0,0.024854947744025246,0.0,0.0,0.017466554709768843,0.0,0.0,0.0,0.0,0.0,0.0,0.016079015205552365,-0.016105992797215255,-0.017447634083699287,0.0,0.0,0.0,0.0,0.0,0.0,-0.03274446664119592,-0.023245509914890914,-0.021989498940572477,0.0,0.0,-0.01574785666381718,0.0,0.0,0.0,0.0,0.0,-0.015162454156598512,0.0,-0.01613003250583785,0.0,0.0,-0.016197675094877514,-0.02498558095271706,0.0,0.0,0.0,0.0,0.028138771039573705,0.0,-0.014755656675225402,-0.01446687685423868,0.0,0.03526655950419994,0.016335751243859695,0.0,0.0,0.04538614487458039,0.0,0.032116880927880224,0.0,0.0,0.0,0.03616834803606785,0.0,0.0,0.0,0.0
2013-09-30,0.0,0.018474223928905038,0.035265331410671286,0.043641161002011354,0.0,0.0,0.0,0.1312608505870332,0.0,0.0,0.01822181090878572,0.017502527146608122,0.0,0.0,0.0,-0.019089517606554873,0.0,-0.014956608430061689,0.0,-0.01303025792092088,0.0,0.0,0.01561699275285704,0.0,0.016339449682609038,0.0,0.0,0.0,0.0,0.03729223335992025,0.05687220254703838,0.02098187123705343,0.0,0.026604107268428327,0.020165591727621633,0.03265195349200375,0.0,0.025043253561631316,0.0,0.012897621549812405,0.03342840915838337,0.012091056206924966,0.0,0.0,0.012798226715323937,0.0,0.0,0.01810846317879999,0.0,-0.014821008744362516,0.0,0.0,0.0,0.0,0.0,-0.012294932142045849,-0.029992660175181284,-0.023409879435275192,-0.023163925832451082,0.0,0.0,-0.016673489012053753,0.0,-0.011772867078786515,0.0,0.0,0.0,0.0,0.0,0.0,0.0,0.0,-0.013781282683585807,-0.02701748538278902,0.0,-0.014307361198550105,0.0,0.0,0.016852101378081585,0.0,-0.014244877178482374,-0.012810510092010702,0.0,0.0,0.0,0.01276345583703652,0.0,0.04909272915276397,0.0,0.025836974050274377,0.0,0.0,0.0,0.0288307392463095,0.0,0.0,0.0,0.0
2013-10-31,0.0,0.018670810958727135,0.04854066892112333,0.04812179080246491,0.0,0.0,0.0,0.07583403382284376,0.0,0.0,0.0,0.019648140834689284,0.0,0.0,0.0,-0.01600006133772749,0.0,0.0,0.0,-0.01570964276257476,0.0,0.0,0.025224024683837738,0.0,0.0,0.0,0.0,0.0,0.0,0.02987359834009664,0.048591464847193844,0.018192919907455276,0.0,0.023410871910766632,0.01794273345523208,0.02186168076239011,0.030796122490579853,0.02165556201660333,0.0,0.012843355878700757,0.027043814770942122,0.0,0.0,0.0,0.02121749153620898,0.01674369355368021,0.0,0.02239807904014217,0.0,-0.01571011231672763,0.0,-0.012148284984947917,0.0,0.0,0.0,0.0,-0.030773431480787726,-0.02059803430469525,-0.02257811832705427,0.0,0.0,-0.020916832061206456,0.0,-0.01496750242289654,0.0,0.0,0.0,0.0,0.0,0.0,0.0,0.0,0.0,-0.015346136510445382,0.0,-0.012517583879862829,0.025317628305022388,0.024254144507971857,0.022755134653187452,0.0,0.0,0.0,0.0,0.014533143092427632,0.016267309348293735,0.017257611035927194,0.0,0.05390549586194901,0.0,0.024839065341466352,0.0,0.0,0.0,0.04010822158910456,0.0,0.01488564734204529,0.0,0.0
2013-11-30,0.013774906618668422,0.01895400108622618,0.03996121604796683,0.04627453797632284,0.0,0.0,0.0,0.046253443025211206,0.0,0.0,0.018175879758591567,0.028952253301182992,0.0,0.0,0.017782247314513215,0.0,0.0,0.0,0.011851266201831386,0.0,0.0,0.01792745076031942,0.028412016701148946,0.0,0.0,0.0,0.0,0.0,0.0,0.04088275129297446,0.05003440948146482,0.018272273708290793,0.0,0.016107512096253638,0.02372080187783756,0.02425649864923546,0.03156516572543792,0.01951199420356108,0.0,0.02028033615741309,0.034037576831315475,0.016192692227889455,0.0,0.0,0.026605445318476438,0.018866853185842677,0.0,0.020149812935409572,0.0,0.0,0.0,0.0,0.0,0.0,0.0,0.0,-0.014775256075445393,-0.013570106296440964,-0.014876193680988943,0.0,0.0,0.0,0.0,0.0,0.0,0.0,0.0,0.0,0.0,0.0,0.0,0.0,0.0,0.0,0.0,0.0,0.027462013988191918,0.03767377472646151,0.025298056140166267,0.0,0.0,0.0,0.0,0.026505266214798293,0.017077363498687093,0.019743601536826322,0.0,0.04037832972058628,0.016434760192511434,0.025044364133596612,0.0,0.0,0.0,0.03272885827791825,0.017600054914091823,0.02202865811990351,0.0,0.0
2013-12-31,0.0,0.018707443145351728,0.036428764032664165,0.04364678176194863,0.0,0.0,0.0,0.03261863445951086,0.0,0.0,0.02483496516677502,0.023734370825348104,0.0,0.0,0.0,0.0,0.0,0.0,0.023462793607915238,0.0,0.0,0.01434506299879814,0.025402334569002632,0.0,0.015010042782315493,0.0,0.0,0.0,0.0,0.0415839967879209,0.05079904535301496,0.016997250200558953,0.0,0.016874122787965223,0.025633756803858473,0.02261498778166974,0.03517645831311322,0.018470770965791708,0.0,0.01625638136639811,0.041428355239180044,0.017608310227992408,0.0,0.0,0.03345465325625373,0.020890102190610396,0.0,0.014718662113541312,0.0,-0.014973767780960151,0.0,0.0,0.0,0.0,0.0,0.0,-0.017335176654371762,-0.01591435950307837,-0.017911164124493034,0.0,0.0,0.0,0.0,0.0,0.0,0.0,0.0,0.0,0.0,0.0,0.0,0.0,0.0,0.0,0.0,0.0,0.023318161365861602,0.03308750051816432,0.02413102839486534,0.0,0.0,0.0,0.0,0.027361856571782223,0.017528222555479447,0.018744482265697804,0.0,0.04869121729835807,0.02854943722681147,0.023714241393217966,0.0,0.0,0.0,0.02507496282791261,0.018059233909806804,0.014907140871639942,0.0,0.0
2014-01-31,0.014769964665369093,0.01629880982272454,0.029337713191278553,0.03594318444858852,0.0,0.0,0.0,0.03255211301369528,0.0,0.0,0.016741277815075357,0.020025592428182606,0.0,0.01493033607290185,0.0,0.0,0.0,0.0,0.032109906846100926,0.0,0.0,0.01740133991950231,0.025614250769538667,0.0,0.013000311813998232,0.0,0.0,0.0,0.0,0.051812794959103195,0.054255484111209965,0.01765575809497112,0.0,0.0,0.02306294225762706,0.02385089796587324,0.031453313851517714,0.017100467491993662,0.0,0.0,0.023738127667432947,0.0,0.0,0.0,0.033240128812077205,0.020982694421072708,0.0,0.0,0.0,-0.014250930728296031,0.0,0.0,0.0,0.0,0.0,0.0,-0.018336626946969473,-0.020109931491310126,-0.018990186626664643,0.0,0.0,0.0,0.0,0.0,0.0,0.0,0.0,0.0,0.0,0.0,0.0,0.0,0.0,0.012340776985391148,0.01945592005754531,0.0,0.024042455530158973,0.02998003668580212,0.026552512365404082,0.0,0.0,0.0,0.0,0.03908756358201543,0.01914807422761788,0.03090807396937197,0.0,0.049127454728102364,0.02066888383359782,0.02467680121708914,0.0,0.0,0.0,0.023804217506780356,0.021863419570970686,0.020778723507077643,0.0,0.0
2014-02-28,0.0,0.0,0.014127416464041026,0.029680137030113848,0.0,0.0,0.0,0.041520374751880855,0.0,0.0,0.0231354588137812,0.0,0.0,0.0,0.0,-0.014019605717805382,0.0,0.0,0.012530764754058796,-0.01726242597900267,0.0,0.0,0.014466261412204534,0.0,0.01681668154108655,0.0,0.017281018449265093,0.0,0.0,0.05414334704096867,0.06288709663121184,0.031263770352917386,0.0,0.026342213002640304,0.025544135779328257,0.020895039607862792,0.026325659011220547,0.0,0.0,0.0,0.03288299374178154,0.013855849692650699,0.0,0.0,0.05035327256614502,0.026716943570014893,0.0,0.015355186959473546,0.0,-0.019778524989268038,0.0,0.0,0.0,0.0,0.0,0.0,0.0,-0.019907596079362908,-0.018071328868257432,0.0,0.0,0.0,0.0,-0.02154104167007575,0.0,0.0,0.0,0.0,0.0,0.0,0.0,0.0,0.0,0.017639640426314395,0.026413941801610014,0.0,0.018957888646679483,0.017758901158942596,0.02047661660905561,0.0,0.0,0.0,0.0,0.025680802302098654,0.014845850158253245,0.0365836207929827,0.0,0.04712263167930901,0.015454621309797703,0.01979937275609084,0.0,0.0,0.0,0.016721214142463983,0.02895057547446911,0.026890178265512966,0.0,0.0
2014-03-31,0.0,0.0,0.0,0.0304576607282589,0.0,0.0,0.0,0.023005882566516832,0.0,0.0,0.030145844285971866,0.0,0.0,0.0,0.0,-0.01615956840942722,0.0,0.0,0.017524914070829952,-0.016529020041401544,0.0,0.018633922841677527,0.019794131308664996,0.0,0.0,0.0,0.0,0.0,0.0,0.055537912524645135,0.06130560480595653,0.030029981725152997,0.0,0.025859237199364667,0.019494891157397373,0.01622656915631548,0.020614232295031426,0.0,0.030583386578383918,0.015120288464254523,0.03143845385870854,0.018657631554606792,0.0,0.0,0.04856073599982146,0.030342778751983452,0.0,0.019780772134282844,0.016295973221796194,-0.017224370990296282,0.0,0.0,0.0,0.0,0.0,0.0,0.0,-0.01504344925384822,-0.016306205007271635,0.0,0.0,0.0,0.0,-0.0202291363295555,0.0,0.0,0.0,0.0,0.0,0.0,0.0,0.0,0.0,0.01622749600752173,0.01893021091391255,0.0,0.018393781009950212,0.023803923468656608,0.017097004056331976,0.0,0.0,0.0,0.0,0.02928248331574819,0.01898012774494972,0.04097547011651586,0.0,0.050485281145366954,0.017689941573888448,0.021877108088375865,0.0,0.0,0.0,0.0,0.021743967906069073,0.023610649391291007,0.0,0.0
2014-04-30,0.0,0.0,0.013748815316679937,0.024244903919992126,0.0,0.06006084776964724,0.0,0.01548982819674808,0.0,0.0,0.031513403965539526,0.0,0.0,0.0,0.0,0.0,0.0,0.0,0.023235455006924952,0.0,0.0,0.0,0.01768770519246906,0.0,0.0,0.0,0.0,0.0,0.0,0.06642414070848042,0.06158084579238203,0.03057929188971128,0.03732226125415605,0.019249241916473134,0.022753252659144612,0.01439306654439859,0.017727695466012976,0.0,0.026620873883545962,0.01738431871105253,0.0312468545555718,0.0203779578500464,0.0,0.012907656595281824,0.05470105328392439,0.027076924552660343,0.0,0.022212594984654267,0.017106003658839127,-0.013809912882071163,0.0,0.0,0.0,0.0,0.0,0.0,0.0,-0.012874652435821093,0.0,0.0,0.0,0.0,0.0,-0.017310057539275326,0.0,0.0,0.0,0.0,0.0,0.0,0.0,0.0,0.0,0.018886508502049072,0.020131779116962047,0.0,0.012988521167386857,0.014834952471604976,0.013946085059741112,0.0,0.0,0.0,0.0,0.022904311477812862,0.01739215260298075,0.03212210108326802,0.0,0.039593935279962744,0.01685059461651382,0.02108616107918971,0.0,0.0,0.0,0.0,0.017340588088856166,0.022282692922167696,0.0,0.0
2014-05-31,0.0,0.0,0.016971573332732803,0.024477454648828438,0.015313268527221691,0.06055612623304142,0.015210811590595275,0.01808127542103426,0.0,0.0,0.03703858667820095,0.0,0.0,0.020436996028199553,0.0,0.0,0.0,0.0,0.017959506029450352,0.0,0.0,0.0,0.02111608937512407,0.0,0.014496766591213944,0.0,0.014222787956759698,0.0,0.0,0.06105058273167557,0.0526343497624953,0.03366010258714038,0.03549455872527906,0.017854460069585406,0.022112509905979467,0.013975049349182792,0.017990553420952883,0.0,0.02655115640406621,0.017104191187147535,0.03173459090538395,0.021966767274713694,0.0,0.015139959386725724,0.049741538455290335,0.026699134521313856,0.0,0.029351296099877945,0.015528374987611804,0.0,0.0,0.0,0.0,0.0,0.0,0.0,0.0,0.0,0.0,0.0,0.0,0.0,0.0,-0.01674482772671413,0.0,0.0,0.0,0.0,0.0,0.0,0.0,0.0,0.0,0.02182181456950566,0.01718236253286149,0.0,0.0,0.014966379158826537,0.0,0.0,0.015835214553810584,0.0,0.0,0.02019949277364533,0.0,0.030540034595082984,0.0,0.04776648392144401,0.017742848518853677,0.01858802344586887,0.0,0.0,0.0,0.0,0.0,0.014142100016562393,0.0,0.0
2014-06-30,0.0,0.0,0.019212600064995786,0.026737246584531596,0.015718527702749802,0.07144047333764927,0.01702200465954514,0.0,0.0,0.0,0.029598948934219816,0.0,0.0,0.018538706616771528,0.0,0.0,0.0,0.0,0.0,0.0,0.0,0.013253119479071504,0.01687922357422387,0.012491111102747256,0.020192519045648002,0.0,0.018623171641901925,0.0,0.0,0.05988456632517393,0.06291724735721894,0.042285451100125784,0.035041438048909954,0.020992226638554063,0.018861710122458856,0.0,0.018891531878453514,0.0,0.03322503914759181,0.020706187841793608,0.031225854878324653,0.02536015699260171,0.013307605885619921,0.013615330069699779,0.04294305290373425,0.02469900917418561,0.0,0.02688241450162784,0.016871952604880086,-0.01467765090400682,0.0,0.0,0.0,0.0,0.0,0.0,0.0,-0.013709789753013945,0.0,0.0,0.0,0.0,0.0,-0.01613752729768798,0.0,0.0,0.0,0.0,0.0,0.0,0.0,0.0,0.0,0.020496293730245602,0.014460311973252411,0.0,0.0,0.0,0.0,0.0,0.0,0.0,0.0,0.018745559209876004,0.01310108967448576,0.027716838897463455,0.0,0.04461515302855989,0.01463567991479275,0.014285677401605544,0.0,0.0,0.0,0.0,0.0,0.0,0.0,0.0
2014-07-31,0.0,0.0,0.02477874811359254,0.031286568997093624,0.0,0.07492497190550439,0.02057186586905174,0.0,0.0,0.0,0.04168817991387731,0.0,0.01207656692615705,0.02360876606508546,0.011738848583178097,0.0,0.0,0.0,0.0,0.0,0.014284918016263389,0.013053255199408092,0.017998174860275665,0.013561459236298984,0.022223011711677204,0.0,0.019694265132008056,0.0,0.0,0.06305975146461505,0.05917727176743168,0.03406900608464277,0.035959487077231275,0.012110410169735098,0.0,0.0,0.013073108114684139,0.0,0.024937012593007072,0.020210536544942866,0.02796418354994191,0.02431864223762401,0.01269244363663689,0.0,0.03916390160339802,0.02888965256370993,0.0,0.020685386462914013,0.016911515397080166,0.0,0.0,0.0,0.0,0.0,0.0,-0.01144250934942965,0.0,0.0,0.0,0.0,0.0,0.0,0.0,0.0,0.0,0.0,0.0,0.0,0.0,0.0,0.0,0.0,-0.0115408169496738,0.03239227532232505,0.022085324235412544,0.0,0.0,0.0,0.0,0.0,0.012445735586659153,0.0,0.0,0.019713073289002767,0.015299143309913603,0.03358636691525218,0.0,0.03325168946907049,0.01730819614706454,0.0,0.0,0.0,0.0,0.0,0.0,0.01622295962912987,0.0,0.0
2014-08-31,0.0,0.0,0.02362284613320005,0.026598816568230283,0.0,0.06453296314357033,0.0197604782039509,0.0,0.01946331632807495,0.0,0.03890195969848458,0.0,0.0,0.019960412718284595,0.01642222862010607,0.0,0.012127188687639763,0.0,0.024179083441478674,0.0,0.020210014174779706,0.012750300733371791,0.014371681022422885,0.0,0.02193122277932492,0.0,0.037859762645166016,0.0,0.0,0.06384559909006378,0.042822011133628116,0.02765523580802666,0.026349508810697354,0.0,0.0,0.0,0.01229504824450941,0.0,0.031159575366593213,0.015938372241666034,0.025780927022656247,0.018715898518728846,0.017796967312577287,0.0,0.0246573331225366,0.019696680225542464,0.0,0.014331467980074423,0.014039436256223444,0.0,0.0,0.0,0.0,0.0,0.0,-0.011914474043323922,0.0,0.0,0.0,0.0,0.0,0.0,0.0,0.0,0.0,0.0,0.0,0.0,0.0,0.0,0.0,0.0,0.0,0.046889235846821815,0.039646960121945136,0.0,0.0,0.012447138163945841,0.0,0.0,0.0,0.0,0.0,0.013988054020038951,0.02378235557168896,0.03719728486228662,0.0,0.0486510593474027,0.0,0.0,0.0,0.0,0.01270372148735677,0.0,0.012126444109890711,0.012876936393689234,0.0,0.0
2014-09-30,0.0,0.0,0.018846686947654692,0.025062854808177173,0.01671021417141345,0.052549094779500365,0.01608809761019655,0.0,0.01628802700688935,0.0,0.03580878895925362,0.0,0.0,0.016094716385621325,0.016892045809786913,0.0,0.015301226168113007,0.0,0.016509797867373978,0.0,0.022855349956891376,0.0,0.016302378399095405,0.0,0.019285091101525844,0.0,0.03947648882672976,0.012416385398204798,0.0,0.05266076944394045,0.04355984706149412,0.029269029943865453,0.022185778470571148,0.0,0.0,0.0,0.0,0.0,0.029220182167878802,0.0183692757031753,0.024653666671188734,0.016851407865465812,0.018567762539524437,0.0,0.02865532982638532,0.01833231674238715,0.0,0.017795308515740106,0.014658989530806478,0.0,0.0,0.0,0.0,0.0,0.0,-0.012605023881493718,0.0,0.0,0.0,0.0,0.0,0.0,0.0,0.0,0.0,0.0,0.0,0.0,0.0,0.0,0.0,0.0,0.0,0.05366916226905209,0.05288623494239869,0.0,0.0,0.013752716730977247,0.0,0.0,0.0,0.0,0.0,0.017518366166393472,0.024728002674234004,0.03966725566537123,0.0,0.04589055393645435,0.01631041250225143,0.0,0.0,0.0,0.01851748918711607,0.0,0.0,0.013187873365406739,0.0,0.0
2014-10-31,0.0,0.0,0.016128475414893886,0.023057917003888064,0.0,0.04338184699927869,0.011386470285641208,0.0,0.013876612127314667,0.0,0.032010059013737054,0.0,0.0,0.01419553569129339,0.0,0.0,0.0,0.0,0.02661066712540545,0.0,0.013277607676256567,0.0,0.015893376866145992,0.0,0.016967488679104484,0.0,0.025333396375925778,0.0,0.0,0.06428950899120459,0.051703895222131216,0.029685693584201134,0.02129396899491194,0.0,0.0,0.0,0.015770957850753917,0.0,0.03429008296341462,0.016319000335513787,0.02071483065578289,0.016280463080120478,0.014367260544935244,0.0,0.02790042769125398,0.02356495168117315,0.0,0.025971038669110196,0.011860938576206976,0.0,0.0,0.0,0.0,0.0,0.0,0.0,0.0,0.0,0.0,0.0,0.0,0.0,0.0,0.0,0.0,0.0,0.02277983454509252,0.0,0.0,0.0,0.0,0.0,-0.011820817875051804,0.048391334595726025,0.06079931017379675,0.0,0.017142770716420903,0.017653002994820758,0.0,0.0,0.0,0.0,0.0,0.0156655314219827,0.027194273111557192,0.03636832645423999,0.0,0.04442477245139673,0.0,0.0,-0.013412208444245599,0.0,0.03198523844090732,0.0,0.011638898774302832,0.014591207900859694,0.0,0.0
2014-11-30,0.0,0.0,0.014937522309795255,0.022073649275839526,0.0,0.03245370529109344,0.0,0.0,0.0,0.0,0.036062013652100475,0.0,0.0,0.0,0.0,0.0,0.013882234873272484,0.0,0.027044254299373585,-0.01274050932534482,0.0,0.0,0.015055317185275844,0.0,0.027495377762075425,0.0,0.03025938986831235,0.0,0.0,0.0671043368307688,0.05600928483957306,0.02383427077431389,0.037227184518128384,0.0,0.0,0.0,0.011917924765346758,0.0,0.02488347880575902,0.020255690512004165,0.014350087583807897,0.0,0.0,0.0,0.020590852263375575,0.0,0.0,0.011938020640702051,0.0,-0.015233129375210238,0.0,0.0,0.0,0.0,0.0,-0.01686055389590656,0.0,-0.013615661139287477,0.0,-0.012499207568632511,0.0,0.0,0.0,-0.013752477120014777,0.0,0.0,0.024048260687208684,0.0,0.0,-0.014907031582613885,0.0,0.0,-0.012387689684243232,0.07733012173278941,0.06988599857449182,0.0,0.020577524252060227,0.022754416501569806,0.0,0.0,0.0,0.0,0.0,0.016900057236765995,0.03014642392019903,0.03285860049803378,0.0,0.018810665119947202,0.011695400523032255,0.0,-0.017948778336595885,0.0,0.025487577566838556,0.012185319308295955,0.0,0.0,0.0,0.0
2014-12-31,0.0,0.0,0.0,0.014993625439810372,0.0,0.01974228901085163,0.0,0.0,0.0,0.0,0.0,-0.011707716656289969,0.0,0.0,0.0,0.0,0.0,0.0,0.030718258372657598,-0.01601588251167628,0.0,0.0,0.0,0.0,0.02658022250770855,0.0,0.02848676848140726,0.014375182183499167,0.012374488362134114,0.05151688353061868,0.05566086110506394,0.02128561200104084,0.0376413961351415,0.0,0.018518129672352338,0.01431845129194887,0.016090248874830758,0.0,0.02687397464940995,0.0,0.0,0.010834345193333046,0.0,0.0,0.0,0.0,0.0,0.0,0.0,-0.013616744268086595,0.0,0.0,0.0,0.013764652839939627,0.014188917378731193,0.0,0.0,-0.012679107854601863,0.0,-0.012136141669734138,0.0,0.0,0.0,-0.012598361533581225,-0.012936076131398109,0.0,0.032131941065754184,0.0,0.0,0.0,0.012221223133311084,0.0,-0.01287886273043929,0.09812902983969307,0.06557335587973692,0.0,0.02221054261028951,0.023030632508758704,0.0,0.0,0.0,0.0,0.0,0.018026587033629027,0.038874246518906204,0.03791805269502077,0.0,0.0,0.0203793933480778,0.0,0.0,0.0,0.0402448457913068,0.019545834967305113,0.02594057822139686,0.013240536000527093,0.0,0.0
2015-01-31,0.0,0.0,0.0,0.014343456389227524,0.0,0.01885077129140343,0.0,0.0,0.0,0.0,0.014579341973990422,-0.015910338187093767,0.0,0.0,0.0,-0.013371203422823883,0.0,0.0,0.01628366829712799,-0.022124734620524205,0.0,0.0,0.0,0.0,0.016767552077640593,0.01396599613093177,0.0,0.013282696018560684,0.017202694266343032,0.06446136529239221,0.047226102520957554,0.019773800526224423,0.061268212138159174,0.0,0.02229810652235084,0.016078097467635933,0.015999101867046187,0.0,0.0356484917966668,0.0,0.0,0.0,0.0,0.0,0.0,0.0,0.0,0.0,0.0,-0.015222133602801259,0.0,0.0,0.0,0.0,0.0,0.0,0.0,-0.013471722173191907,0.0,-0.016791632844569315,0.0,0.0,0.0,0.0,-0.013454196408209737,0.0,0.04032454949677855,0.0,0.0,-0.020331143512674538,0.0,-0.012399775192321952,-0.020175723960423976,0.07353209055015515,0.06426345465962058,-0.017147347359617777,0.0,0.013995048730360025,0.0,0.0,0.0,-0.01395056435585122,0.0,0.017322916879737138,0.027463643824159743,0.03712835967119488,0.0,0.0,0.017794433594503615,0.0,0.012160367416782026,0.0,0.03495272672373645,0.025198707051008493,0.033483731185201204,0.0,0.0,0.0
2015-02-28,0.0,0.0,0.0,0.0,0.0,0.021212317931086376,0.0,-0.0150896217191724,-0.01132766474610458,0.0,0.0,-0.015719926444591845,0.0,0.0,0.0,-0.014458994615618649,0.0,-0.012032982952382575,0.011795365945608897,-0.021279945166192,0.0,0.0,0.0,0.0,0.011220355184783409,0.011558147002778792,0.0,0.0,0.016679175930916383,0.06351752554182946,0.050388974088263656,0.018236525157249116,0.06596417840354318,0.0,0.024844471316301856,0.017675195817808593,0.02007793055188409,0.0,0.02935586445370969,0.0,0.0,0.012195756853958087,0.0,-0.012794995740562464,0.0,0.0,0.0,0.0,0.0,0.0,0.0,0.0,0.0,0.0,0.0,0.0,0.0,0.0,0.0,-0.0204287039121836,0.0,0.0,0.0,0.0,-0.010670265172697313,0.0,0.03607610755711173,-0.01595389487322656,0.0,-0.02298573236397606,0.0,-0.013092845171316096,-0.02379829042150328,0.07217332272466412,0.05898694248230117,-0.019004652697030888,0.0,0.0,-0.014380653363308403,0.0,0.0,-0.018980572908145053,0.0,0.0,0.03669666243625049,0.02538383941186941,0.0,0.0,0.0,0.0,0.016077702692633294,0.0,0.04251512243868752,0.02846062898909221,0.03557142126922754,0.0,-0.01133672355042915,0.0
2015-03-31,0.0,0.0,0.0,0.0,0.0,0.023694516986048866,0.0,-0.010411843518906894,0.0,0.0,0.0,-0.01715115972440688,0.0,0.0,0.0,-0.018725258525238486,0.0,-0.012380639599707187,0.00960434941669699,-0.021596666750579262,0.0,0.0,0.0,0.0,0.01603221788019441,0.019918811422393413,0.0,0.0,0.011828637778586254,0.05689142634273008,0.056950109834038934,0.01261919554147835,0.06892912955523128,0.0,0.03700003052145603,0.035305513683256726,0.025555303670423645,0.0,0.03489753690940294,0.0,0.0,0.014469871357280454,-0.01016865807562711,-0.01177760340757321,0.0,0.0,0.0,0.0,0.0,0.0,0.0,0.0,0.0,0.0,0.01769304077493617,0.0,0.0,0.0,0.0,-0.017554738418692848,0.0,0.0,0.0,0.0,0.0,0.0,0.026142752117682244,0.0,0.0,-0.012400035889036808,0.0,0.0,-0.024545529143631804,0.0544212345767783,0.03663487224386861,-0.01841688752292823,0.0,0.0,-0.012978317533942725,0.0,0.0,-0.010604021037360205,0.0,0.010516861173331978,0.05840236351418546,0.030007272870097704,0.0,0.010432386713424883,0.0,0.0,0.02230069285302352,0.0,0.03580399586343564,0.022847165479264207,0.0357090013665693,0.016680350406552108,0.0,0.0
2015-04-30,0.0,0.0,0.0,0.0,-0.013770474142460761,0.020142592409262527,0.0,0.0,-0.01605327167242818,0.0,0.0,-0.020846568070344112,-0.018324413842162192,0.0,0.0,-0.02583176748848213,0.0,-0.01804589948259168,0.01404623563382174,-0.037275192708907376,0.0,0.0,0.0,0.0,0.023067326881920237,0.026202282204627027,0.0,0.0,0.01527209046801755,0.04672983629524275,0.061278497479736446,0.0,0.05470004623592942,0.0,0.0313284621621236,0.028485727581189335,0.01979205559994472,0.0,0.03814257930990856,0.0,0.0,0.0,-0.01667971209324576,0.0,0.0,0.0,0.0,0.0,0.0,0.0,0.0,0.0,0.0,0.0,0.013524166772826137,-0.014194466254243992,0.0,0.0,0.0,-0.021680640722050646,0.0,0.0,0.0,0.0,0.0,0.0,0.015491583672835272,-0.015048840297999829,0.0,-0.01744220056558568,0.0,-0.017722062647661956,-0.030505059965088788,0.027389692441833237,0.015940422757449106,-0.024979074407002245,0.0,0.0,0.0,-0.01418716213572814,0.0,-0.024515601209583737,0.0,0.0,0.05667571953754597,0.02898414208126113,0.0,0.0,0.0,-0.013758122734521596,0.0,0.0,0.02728723324444554,0.0,0.04103568132847228,0.0186888439123245,-0.014934251549194203,0.0
2015-05-31,0.0,0.0,0.0,0.015458164258061895,0.0,0.030116373799280578,0.0,0.0,0.0,0.0,0.0,-0.017112147501814765,0.0,0.0,0.0,-0.019682645180706962,0.0,0.0,0.0,-0.028562251659200018,0.0,0.0,0.0,0.0,0.027507740730318867,0.032646641487009256,0.0,0.0,0.030493402824213863,0.050598309248779796,0.06155613273249664,0.01680622476475561,0.0653737264463036,0.0,0.015347948510832012,0.014840065300774783,0.015618307704408987,0.0,0.04034103780218539,0.0,0.0,0.014241261315762565,-0.013712904482914352,0.0,0.0,0.0,0.0,0.0,0.0,0.0,0.0,0.0,0.0,0.014709606269162198,0.02042548587727698,-0.013385257743351652,0.0,0.0,0.0,-0.0157771830659347,0.0,0.0,0.0,0.0,-0.012880708194272887,0.0,0.030220264382818437,0.0,0.025157158611626772,-0.013601902146856071,0.0,0.0,-0.014065807668079536,0.0304009706600554,0.012826925516366891,-0.02171279672086641,0.0,0.01355689609850591,0.0,0.0,0.0,-0.021032844532132677,0.0,0.0,0.045809580985670825,0.04033532017804458,0.0,0.020263678556390573,0.013166719821312152,-0.012840929988315476,0.0,0.0,0.032585694030326705,0.0,0.04220385477380219,0.02302512842901109,0.0,0.0
2015-06-30,-0.02032527570153507,0.0,0.0,0.0,0.0,0.02400920744132334,0.0,0.0,-0.01686719211010636,0.0,0.019556536892593603,-0.020708968061597277,0.0,0.0,0.0,-0.026580276515763765,0.0,0.0,0.0,-0.03390770445959038,0.0,0.0,0.0,0.0,0.023391375040198774,0.02736896819335315,-0.013542107158731874,0.0,0.014482378213018256,0.05805655216411309,0.06497727434554482,0.0,0.04485251615926134,0.0,0.013381118756753671,0.0,0.0,0.0,0.03604959736279737,0.0,0.0,0.0,-0.01923270673874265,0.0,0.0,0.0,0.0,0.0,0.0,0.0,0.0,0.0,0.0,0.01550573026073251,0.021751579746792288,-0.014534068758208951,0.0,0.0,0.0,-0.018191003993467673,0.0,0.0,0.0,0.0,-0.01426152681128103,0.0,0.01764269900293134,-0.015879010626450914,0.0,-0.022182016211022174,-0.01368312472961899,-0.017653019356704148,-0.018549853588073848,0.015350112638588813,0.0,-0.025745062223060063,0.0,0.0,0.0,-0.01630458155022577,0.0,-0.024261283730382586,0.0,0.0,0.049856962069072,0.028091390145292022,0.0,0.018204524406945716,0.019326730778360748,-0.0193850304863204,0.0,0.0,0.037660864145361246,0.0,0.051708959191179835,0.026981110234902243,0.0,0.0
2015-07-31,0.0,0.0,0.0,0.0,0.0,0.026649858367780988,0.0,-0.015831906702812475,-0.01720457121741677,0.0,0.0,-0.02211216012678136,-0.01707664093225376,0.0,0.0,-0.027639693807224287,0.0,0.0,0.0,-0.03224597050935728,0.0,0.0,0.0,0.0,0.04029674956577413,0.02200014951041052,-0.0244153494656209,0.0,0.01654430242879816,0.0431095235931108,0.06112352444847321,0.0,0.041866061033396434,0.0,0.0183964404185713,0.02315215589726291,0.015696270313669772,0.0,0.029941435218957334,0.0,0.0,0.0,-0.0204702749889085,0.0,0.0,0.0,0.0,0.0,0.0,0.0,0.0,0.0,0.0,0.0,0.0,-0.016222978044406047,0.0,0.0,0.0,-0.01745411028186602,0.0,0.0,0.0,0.0,-0.018367163792198236,0.0,0.0,-0.014732385642533737,0.0,-0.0241528242995826,-0.014392267647780364,-0.019203880357183147,-0.018500425509206123,0.0,0.0,-0.025290628524643186,0.0,0.018461746855463163,0.0,-0.016340993646345437,0.0,-0.025054016922900157,0.0,0.0,0.04848629130406618,0.023424755726794387,0.0,0.0222425447764171,0.03251918026242282,-0.02067896126162889,0.0,0.0,0.04310455131689613,0.0,0.03342126870459785,0.01713677420415083,-0.0150392123723367,0.0
2015-08-31,-0.02425804183275765,-0.020599887001326735,0.0,0.0,0.0,0.0,0.0,0.0,-0.023842568665068092,0.0,0.0,-0.02448546046604915,-0.023378654962689694,-0.027419546455101425,0.0,-0.03244338129652778,0.0,0.0,0.0,-0.03517239340004311,0.0,-0.021271030341279598,-0.019975358493045624,0.0,0.02645542991735954,0.0,-0.025537214542786166,0.0,0.0,0.0295199169572122,0.04376014641539823,0.0,0.0,-0.02407531313268578,0.02839650640239524,0.03298822043053973,0.0,0.0,0.0,0.0,0.0,0.0,-0.02784092529488451,0.0,-0.021391477197442364,-0.01857077857048731,0.0,0.0,-0.019333648133274227,0.0,0.0,0.0,-0.0231530874846447,0.0,0.0,-0.020459286176985912,0.0,0.0,0.0,-0.02292925209962834,0.0,-0.02111926930449438,0.0,0.0,-0.021796921252581924,0.0,0.0,-0.01989772707539291,0.0,-0.026409064817887528,-0.024082507861996477,-0.025928216405259736,-0.021358471948404508,0.0,0.0,-0.027543232306306186,0.0,0.0,0.0,-0.018915591867439963,0.0,-0.026069539305526683,0.0,0.0,0.029472770735836835,0.0,0.0,0.0,0.019458309007048424,-0.030727510710789184,0.0,0.0,0.018523815060887936,0.0,0.03091435463216385,0.0,-0.02052517203837037,0.0
2015-09-30,-0.030385304246865745,-0.02716276083635651,-0.02011105557781957,0.0,0.0,0.0,-0.02265302179815185,0.0,-0.024234779009077466,0.0,0.0,-0.01984254401643965,-0.024870994538141008,-0.033181798853126145,0.0,-0.03673176733119139,0.0,0.0,0.0,-0.03927369221921855,-0.021051326136373505,-0.021168762221053215,-0.02575017266633109,-0.0208787089512984,0.0,0.0,-0.03175994403101735,-0.02166251776182994,0.0,0.0,0.02777129700180279,-0.020431541711124934,0.0,-0.034061454640073006,0.0,0.0,0.0,0.0,0.0,0.0,-0.018585345735083636,0.0,-0.028940426448909796,0.0,-0.021285278700250307,-0.019803050597673386,0.0,0.0,-0.01955435812183009,0.0,-0.022544243015352235,0.0,-0.020370866459321173,0.0,0.0,0.0,0.0,0.0,0.0,0.0,0.0,0.0,0.0,0.0,0.0,0.0,0.0,-0.019930173923280295,0.0,-0.02458962436650516,-0.023620264271489777,-0.025951903706377354,-0.02050629030539741,-0.023251421462888694,-0.023129647202838038,0.0,0.0,0.0,0.0,-0.019791771602096386,-0.019558337498349152,-0.028759123172054424,0.0,-0.02343644546057207,0.025744179085931063,0.0,0.0,0.0,0.0,-0.03246995313017086,0.0,0.0,0.0,0.0,0.03519385218633653,0.0,0.0,0.0
2015-10-31,-0.033758867854152746,-0.02871547841368223,-0.02102518354887363,0.0,0.0,0.0,-0.024500106915653495,-0.021845431569756334,-0.024647980726853463,0.0,0.0,0.0,-0.023373058953855677,-0.03482549775110599,-0.021120281103895546,-0.030022644170465036,-0.021983250580902856,0.0,0.0,-0.034477106348751,-0.027305116446255478,-0.025342345187805662,-0.028733058824085365,-0.021181130738441693,0.0,0.0,-0.03441105609684067,-0.024728955858066042,0.0,0.0,0.0,-0.02991893864647053,0.0,-0.03351620964159103,0.0,0.0,0.0,0.0,0.0,-0.02102630310298657,-0.020936707315121615,0.0,-0.02953203389375944,0.0,-0.021410479598347118,-0.019886335531824357,0.0,-0.02026903274716197,-0.019626448489870097,0.0,0.0,0.0,0.0,0.0,0.0,0.0,0.0,0.0,0.0,0.0,0.0,0.0,0.0,0.0,0.0,0.0,0.0,0.0,0.0,-0.022588579805122713,-0.02281037662214246,-0.02736650190231614,-0.018999939927736614,-0.020183680601777082,-0.02398923484641867,0.0,-0.018987746259635577,0.0,0.0,-0.020255206763444628,-0.020804572138264952,-0.024364277272729537,0.0,-0.02245489654120324,0.0,0.0,0.0,0.0,0.0,-0.030880879855221918,0.0,0.0,0.0,0.0,0.028195067407410988,0.0,0.0,0.0
2015-11-30,0.0,0.0,-0.019234901881527988,0.0,0.0,0.0,-0.02411784792241268,-0.023617244779808377,-0.021902938467980283,0.0,0.0,-0.01840405716441601,-0.02290257271801248,-0.02372788217788091,0.0,-0.03702927185073043,-0.023212919356376156,0.0,0.0,-0.03611183115041802,-0.02235399479055503,0.0,-0.024861080772849063,-0.022994282262493275,0.0,0.0,-0.03421100535050517,-0.02204570562438077,0.0,0.0,0.0,-0.018830393436872504,0.0,-0.03195367079795371,0.0,0.0,0.0,0.0,-0.018332521176123218,0.0,-0.02284360612569284,-0.024198850287435795,-0.03631920899095373,-0.01895271860732149,-0.01923723540052423,-0.023644394794220903,0.0,-0.01839178911729627,-0.023812645355782355,0.0,0.020272256738700492,0.0,0.0,0.0,0.0,0.0,0.0,0.0,0.0,0.0,0.0,0.0,0.0,-0.018661252865872217,-0.019518636119401432,0.0,0.0,0.0,0.0,-0.022077635192659723,0.0,-0.029211163175049487,-0.021142307301122622,-0.03211867970107542,-0.03950111141845322,0.0,0.0,0.0,0.0,-0.021064539433216584,-0.02401523798404216,-0.025424201408603915,0.0,0.0,0.01997962998245046,0.0,0.0,0.0,0.0,-0.023657809846293083,0.0,0.0,0.0,0.0,0.05011096847253541,0.0,0.0,0.0
2015-12-31,0.0,0.0,-0.018849664585182,0.0,0.0,0.0,0.0,-0.022042556010255385,-0.020040897865311092,0.0,0.0,0.0,0.0,-0.021783611230661016,-0.022277324100520114,-0.03608234000283862,-0.02409381385177483,0.0,0.0,-0.03532970845696686,-0.02275207561612259,0.0,-0.02257471887194469,-0.02235804572046183,0.0,-0.022357859687348013,-0.033329365791232704,-0.023308416047126617,0.0,0.0,0.0,-0.022392452098383142,0.0,-0.0303161124431686,0.029272823466438235,0.03232583682420393,0.0,0.0,0.0,-0.020774928545711557,-0.02837206054444658,-0.023874180861147464,-0.03432890360293189,0.0,0.0,-0.021750467634667377,0.0,0.0,-0.024606389668182908,0.0,0.02548658603550758,0.0,-0.02200771076708328,0.0,-0.023077496369819966,-0.018873350384086336,0.0,0.0,0.0,0.0,0.0,0.0,0.0,-0.01899508744942056,-0.01979576181410457,-0.020243361098687206,0.0,0.0,0.0,-0.019627902033117713,-0.020839643863142753,-0.028005497263879034,-0.019457641826525613,-0.027742822202706963,-0.03128641133245092,0.0,0.0,0.0,0.0,0.0,-0.022714728408023827,-0.022534735483672127,0.0,0.0,0.0,0.0,0.0,0.0,0.0,0.0,0.0,0.0,0.0,0.0,0.04411671014074363,0.0,0.0,0.0
2016-01-31,0.0,0.0,-0.021568647943794723,0.0,0.0,0.0,-0.02021166132318919,-0.023145839980773856,-0.02185924312627937,0.0,0.0,0.0,0.0,-0.022522977087565656,-0.02300939805724797,-0.03524511409686624,-0.022659784961692908,0.0,0.0,-0.03622165739552745,-0.02528472035860072,0.0,-0.020031247232689006,-0.022472285125165945,0.0,-0.02354582794250331,-0.033526904854850575,-0.0231639469486739,0.0,-0.022133538232571456,0.0,0.0,0.0,-0.03155879287432953,0.026094184515758408,0.0,0.0,0.0,0.0,-0.02012920550352744,-0.02887402307268566,-0.022547410566953464,-0.03619369634237093,-0.019732493244633355,0.0,-0.022557182981775625,0.0,0.0,-0.024383619061582547,0.0,0.03195407664980664,0.0,-0.023240004310554698,0.0,-0.022404529887951094,0.0,0.0,0.0,0.0,0.0,0.0,0.0,0.0,-0.020336154078633113,-0.022217122068440738,-0.024759270085721582,0.0,0.0,0.0,-0.020167974072191105,-0.0256401912669921,-0.029829958319775658,-0.020120846356672856,-0.027407003421291796,-0.023913363898655938,0.0,0.0,0.0,0.0,0.0,-0.0225191177362619,-0.023930214642375897,0.0,0.0,0.0,0.0,0.0,0.0,0.0,0.0,0.0,0.0,0.0,0.0,0.03288677037306572,0.0,0.0,0.0
2016-02-29,0.0,0.0,-0.022744818193934972,0.0,0.0,0.0,-0.020454172308484703,0.0,-0.020928645270494296,0.0,0.0,0.0,0.0,-0.0218140325565995,-0.024428403722905008,-0.035359387361726016,-0.02800907688149536,0.0,0.0,-0.034861019905660894,-0.025967901345613685,0.0,-0.02085483907535245,-0.021867776399319493,-0.01993139303663405,-0.01999581350659812,-0.031770387005400344,-0.02175764501372116,0.0,-0.02570864193731822,-0.021017139362736977,-0.024525079429871234,0.0,-0.031940588077716194,0.0,0.0,0.0,0.0,0.0,0.0,-0.02790615063555994,-0.024139656434349146,-0.04250271496458681,-0.02219190797957352,0.0,-0.021964867028636,0.0,0.0,-0.024002676145114168,0.0,0.020302035652131636,0.0,-0.025440171099552825,0.0,-0.028343046481463463,-0.022707264541516493,0.0,0.0,0.0,0.0,0.0,0.0,-0.024456760084790998,-0.024238258885419226,-0.02557113976631913,0.0,0.0,0.0,0.0,0.0,-0.024952672672660273,-0.02854576102283703,0.0,-0.026269472208535646,-0.022375873568541618,0.0,0.0,0.0,0.0,0.0,-0.02364212234240073,-0.023010781245835586,0.0,0.0,0.0,0.0,0.0,0.0,0.0,0.0,-0.021084698425194944,0.0,0.0,0.0,0.022415208423398097,0.0,0.0,0.0
2016-03-31,0.0,-0.01793466087115982,-0.026220484276091922,0.0,0.0,0.0,-0.022470911453194464,-0.017396662935984242,-0.023036354047323127,0.0,0.0,-0.01753717334782118,-0.01961096584000493,-0.021228704481411613,-0.019025956690225377,-0.0359561969390154,-0.022871577372791253,0.0,0.0,-0.033579514140215996,-0.023906632661805014,0.0,-0.021908201551999993,-0.021023727740128652,-0.024007892162783883,-0.017747267035451483,-0.033887247639848704,-0.01742857023875226,0.0,-0.02216216432262673,-0.025813909319532327,-0.02705579551580314,-0.02255866223196507,-0.03332888107078483,0.022114209421491792,0.0,0.0,0.0,-0.02217099427178369,0.0,-0.029470420469622425,-0.02674879547595474,-0.04416316576474461,-0.02275378666719439,0.0,-0.021150317166006013,0.0,0.0,-0.025702007027842297,0.0,0.036842198530829144,0.0,0.0,0.0,0.0,0.0,0.0,0.0,0.0,0.0,0.0,0.0,0.0,0.0,0.0,0.0,0.0,0.0,0.0,0.0,-0.02236701115153513,-0.03207267310429838,0.0,0.0,0.0,0.0,-0.01934789486422927,0.0,0.0,0.0,0.0,-0.026703025143539904,0.0,-0.018198011821563786,0.0,0.0,0.0,0.0,0.0,0.0,-0.017806269615311312,0.0,0.0,0.0,0.0446911056173317,0.0,0.0,0.0
2016-04-30,0.0,0.0,-0.021003059299364468,0.0,0.0,0.0,0.0,0.0,0.0,0.0,0.0,-0.017362150804833037,-0.016813689460199066,0.0,0.0,-0.030394611237558936,-0.02626543857650399,0.0,-0.016448445975582125,-0.028940326981207503,-0.022522651553519776,-0.01665242008808792,-0.0195216453190804,-0.017333773703009772,-0.030101402730583836,-0.023693275654733677,-0.023913318366201378,0.0,0.0,-0.028060349888656928,-0.03172348145714082,-0.024994505862519913,-0.024752297861248575,-0.04214770605943655,0.026023098332858166,0.0,0.0,0.0,0.0,-0.017114955885452608,-0.023576691558089967,-0.01649202556862874,-0.04523094044918003,-0.025493355603296467,0.0,0.0,0.0,0.0,-0.018059715117721725,0.01593589624094296,0.0426121557271671,0.02864885410021335,0.0,0.016076953168671946,0.0,0.0,0.016187486803100087,0.017745883369545523,0.0,0.0,0.0,0.0,0.0,0.0,0.0,0.0,0.024727689323091568,0.0,0.0,0.0,-0.02391832537577927,-0.029372071771375054,0.0,-0.020203473233708465,-0.01989962849526008,0.0,0.0,0.0,0.0,0.0,0.0,0.0,0.0,0.0,0.0,0.0,0.0,0.0,0.0,0.0,-0.02208346500297519,0.0,0.0,0.0,0.06195335828506763,0.02599942570840548,0.0,0.0
2016-05-31,0.0,0.0,0.0,0.0,0.0,0.03505719627226303,0.0,-0.018310556592391534,0.0,0.0,0.0,0.0,0.0,0.0,0.0,0.0,-0.026958879481943487,0.0,0.0,-0.02176117865183508,0.0,0.0,0.0,0.0,-0.023808562825343868,-0.027223369028272288,0.0,0.0,0.0,-0.0199714071538911,0.0,-0.019319728642725117,-0.023288004246595394,-0.03295516137262259,0.02206489672647559,0.0,0.015458279412197939,0.0,0.0,0.0,0.0,0.0,-0.0322860047121605,-0.021161972015885138,0.0,0.0,0.0,0.0,0.0,0.03385938327593144,0.05994952028676648,0.04688169424496508,0.0,0.021109433030638114,0.0,0.021174044092478143,0.024404834757551678,0.017289910999186524,0.0,0.0,0.0,0.02142673201169669,0.02475992256759446,0.019659265159779078,0.03557875871365142,0.017158910901821364,0.030606461378259855,0.0,0.0,0.0,0.0,-0.016629673077738785,0.0,-0.016403372454458724,-0.018000113803355852,0.0,0.0,0.0,0.018666412780782488,-0.015291832952720387,-0.015701175484331892,0.0,0.0,0.0,0.0,0.0,0.0,0.0,0.015726983462508344,0.0,-0.022958934944258515,0.0,-0.01580384291144034,0.0,0.058523537885260234,0.03046357000465356,-0.021639395502793115,-0.02070708618077488
2016-06-30,0.0,0.0,-0.016968338906979602,0.0,0.0,0.0365944463994124,0.0,0.0,0.0,0.0,0.0,0.0,0.0,0.0,0.0,-0.01590017247180891,-0.035754559617759064,0.0,0.0,-0.02216274542707653,-0.018316596336141567,0.0,0.0,0.0,-0.018447840550187864,-0.028381472069409528,0.0,0.0,0.0,-0.026952064427181677,0.0,-0.014977785331219715,-0.02709946824983931,-0.033822779498146896,0.0,0.0,0.016764733368440105,-0.01626139861869393,-0.018101949831848225,0.0,0.0,-0.017061485126760905,-0.037558608291957174,-0.025235010205099214,0.0,0.0,0.0,0.0,0.0,0.027792237084572347,0.028462958309847176,0.03913379646520601,0.0,0.015428207411425561,0.0,0.0,0.015002442013070558,0.0,0.0,0.0,0.0,0.01787389352581857,0.0,0.0,0.024856130494077196,0.0,0.0,0.0,0.0,0.0,-0.019719549885055834,-0.019304872111717542,0.0,-0.01915375593117544,-0.01968740897373234,0.0,0.0,0.020885357203004905,0.02636244212137267,-0.0188510840103284,-0.020183050374064124,0.0,0.0,0.0,0.0,0.0,0.0,0.0,0.016510711785809748,0.0,-0.028461761396045036,0.0,-0.02200797377373948,0.0,0.07411453300146387,0.05279829223759,-0.022109472497993537,-0.024938614664927198
2016-07-31,0.01836226099265401,0.0,0.0,0.0,0.0,0.02383434029520537,0.0,0.0,0.0,0.0,0.0,0.0,0.0,0.0,0.0,-0.015978056514761956,-0.019949767096220893,0.0,0.0,-0.0183541983340681,0.0,0.0,0.0,0.0,-0.01962553533696351,-0.027695439649694925,0.0,0.0,0.0,-0.022081424847115158,0.0,0.0,-0.02826281253749258,-0.022527547703776955,0.0,0.0,0.018268102239186363,-0.020554823507918846,-0.023902430519415676,0.0,0.0,-0.023525414096073748,-0.0284830480552099,-0.018152995584777152,0.0,0.01714333831476814,0.0,0.0,0.0,0.022849861600396135,0.027320884639383227,0.03060067862346248,0.0,0.017338865165810752,0.0,0.0,0.0,0.0,0.0,0.017350130814264206,0.0,0.014721883368412824,0.018121319381379078,0.014540067391464996,0.02848317137883499,0.0,0.0,0.0,0.0,0.0,0.0,-0.016956138322085423,0.0,-0.02015124011219466,-0.020310199205690768,0.0,0.015697916781220806,0.037378089948893654,0.058490875650606906,0.0,-0.017767960586486706,0.0,0.0,0.0,0.0,0.0,0.0,0.0,0.020316725000876387,0.0,-0.030584707086561778,0.0,-0.028771097289616583,0.0,0.0769814578198815,0.06215358486504412,-0.016041472740166863,-0.02037013660196174
2016-08-31,0.0,0.0,-0.017142790632126627,0.0,0.0,0.016221001656547072,0.0,0.0,0.0,0.0,0.0,0.0,0.0,0.0,0.0,0.0,-0.025244361400635622,0.0,0.0,-0.020074905864065278,0.0,0.0,0.0,0.0,-0.016651369862698415,-0.021285204172094885,0.0,0.0,0.0,-0.018837819461062534,0.0,0.0,-0.027901946223060588,-0.018435102033919248,0.0,0.0,0.0,-0.025161126896334124,-0.022164902997876244,0.0,0.0,-0.02082270962298197,-0.028847197860132245,-0.023229142699032458,0.0,0.0,0.0,0.0,0.0,0.029705061889408396,0.028686057399774874,0.04730588626889933,0.0,0.023575134637719566,0.0,0.016176838926573876,0.026224357736074684,0.013451997854844485,0.0,0.01670016463237968,0.0,0.034142952151975756,0.02901864506489324,0.03217659175450733,0.04400179564400374,0.024166344438484918,0.019029723788896287,0.0,0.0,0.0,-0.013874411997191586,-0.017669403571714717,0.0,0.0,-0.0143951134261853,0.0,0.014032688306818692,0.03481354397004985,0.04208630390329384,0.0,0.0,0.0,0.0,0.0,0.0,0.0,0.0,0.0,0.0,0.0,-0.028488303815424942,0.0,-0.02451143723712259,0.0,0.048630228070388054,0.0306472356728921,-0.024826021865932645,-0.019644174591982165
2016-09-30,0.0,0.0,-0.018305131134730788,0.0,0.0,0.01955968389673015,0.0,0.0,0.0,0.0,0.0,0.0,0.0,0.0,0.0,0.0,-0.035830643226168434,0.0,-0.015667945275069317,-0.019924911493956504,0.0,0.0,0.0,0.0,-0.01599785502527938,-0.023529677370264446,0.0,0.0,0.0,-0.020922068128429637,0.0,0.0,-0.030087862659056202,-0.021885225656902037,0.0,0.0,0.0,-0.02396293039942096,-0.026933128473232506,0.0,0.0,-0.02358015213998845,-0.02705593022781492,-0.01725688979418399,0.0,0.0,0.0,0.0,0.0,0.03689732458429553,0.030294115552273477,0.04941299194222091,0.01669774756451425,0.024999785804512956,0.0,0.01754542744329598,0.02210583054763869,0.01868426282588705,0.0,0.0,0.0,0.0375166131149532,0.03010730656037795,0.03909612811615542,0.03096910311339969,0.028738905778496648,0.022291799629505,0.0,0.0,0.0,0.0,-0.016454170443145323,0.0,0.0,-0.017379224572178904,0.0,0.0,0.01988773862656948,0.02441638771459805,0.0,0.0,0.0,0.0,0.0,0.0,0.0,0.0,0.0,0.017147780675665202,0.0,-0.02142563831563549,0.0,-0.02524041020780213,0.0,0.037386569933028996,0.025702881665170912,-0.026598166485939462,-0.022503653881511536
2016-10-31,0.0,0.0,-0.01843802416689066,0.0,0.0,0.0,0.0,-0.019480302839917207,0.0,0.0,0.0,0.0,0.0,0.0,0.0,-0.014758318828079918,-0.053610210428677744,0.0,-0.018473430711008716,-0.024972280136551086,0.0,0.0,0.0,0.0,0.0,-0.02246413743089312,0.0,0.0,0.0,-0.021111418591426616,0.0,0.0,-0.0349370505049505,-0.018740434818973466,0.0,0.0,0.0,-0.02453802409146528,-0.030803553038178454,-0.015983630693347316,0.0,-0.02737343039557954,-0.02506429891200005,-0.023372200089044486,0.0,0.0,0.0,0.0,0.0,0.02321783045851146,0.02538691858023641,0.045871398024045336,0.017912950981872112,0.019283444351275162,0.0,0.01580946931441004,0.0,0.015297843237315182,0.0,0.0,0.0,0.031943818934629345,0.02963494236752656,0.028304117095852642,0.02644530767308543,0.02704880025135211,0.0,0.0,-0.0171563292163183,0.0,0.0,0.0,0.0,0.0,-0.014594546354554651,0.0,0.0,0.0,0.017640833499055805,0.0,-0.01470258993796047,0.0,0.0,0.0,0.0,0.0,0.0,-0.01823327278202763,0.0,-0.01440797458709016,-0.02896932498022356,0.0,-0.027470558003221325,0.0,0.03490768955405604,0.021683059389918772,-0.04176302445094556,-0.048193210297531826
2016-11-30,0.0,0.0,-0.017674104265380887,0.0,0.0,0.015198052915055275,0.0,-0.026849110559909007,0.0,0.0,0.0,0.0,0.0,0.0,0.0,0.0,-0.03283591052081022,0.0,-0.02843542659918501,-0.020810076704409028,0.0,0.0,0.0,0.0,-0.01562447513776171,-0.025094566131478493,0.0,0.014989010570743788,0.0,-0.024750272315202108,0.0,-0.017816557747911445,-0.03431237499880123,-0.017198639674268167,0.0,0.0,0.0,-0.02786180388269696,-0.026804321575926864,-0.01635031312285768,0.0,0.0,-0.025510290716126493,-0.016942674469999884,0.0,0.0,0.0,0.017886971511503424,0.0,0.018045051289573677,0.023488922741708627,0.03367237012248027,0.0,0.015972759930162197,0.0,0.0,0.0,0.022037283649145503,0.0,0.0,0.0,0.026293036125305067,0.03202735762495921,0.024332952580526916,0.0,0.024081478979932774,0.016410308557281324,0.0,0.0,0.022969835748063275,0.0,0.0,0.0,0.0,0.0,0.0,0.0,0.025017949686855494,0.0,0.0,-0.017976515950432852,0.0,0.0,0.0,0.0,0.0,0.0,-0.021003427794515993,0.0,-0.018681600011609373,-0.03502430721530551,0.0,-0.03332025019599271,0.0,0.029485133474854125,0.02124345210121258,-0.05648907701564735,-0.059481975784407504
2016-12-31,0.01591240730217724,0.027934579714697937,0.0,0.0,0.0,0.02839738381801047,0.0,-0.01934627176853508,0.0,0.0,0.0,0.0,0.0,0.019019682467623405,0.01885961505885728,0.0,-0.016223823591133387,0.0,-0.02891377438055412,-0.01860989016250228,0.0,0.0,0.0,0.0,-0.015379401636369968,-0.017940418197689333,0.026798594341225952,0.022033794821517308,0.0,-0.017112278316913723,0.0,0.0,-0.03114069661261862,0.0,0.0,0.0,0.0,-0.015647811812233896,-0.028956394486290872,0.0,0.018480800995392215,0.0,0.0,0.0,0.0,0.02784931996437265,0.0,0.039210050181081,0.0,0.016007163882116374,0.027129383176635623,0.020294939017586337,0.0,0.0,0.0,0.0,0.0,0.0,0.0,0.0,0.0,0.03192013570651064,0.03995760628370318,0.013477594707927374,0.0168669318854633,0.016884426290835898,0.0,0.0,0.0,0.03975269892357964,0.0,0.0,0.0,0.0,0.0,0.01854667888961028,0.027939361084863387,0.0436542574426636,0.03211982020381177,0.0,0.0,0.0,0.0,0.0,0.022926634857898375,0.0,0.0,0.0,0.0,0.0,-0.01917731256012887,0.0,-0.021548227128223522,0.0,0.04523169249274608,0.03545196929233903,-0.02455590411735479,-0.03279027242620523
2017-01-31,0.02564045792386282,0.039286518650074154,0.0,0.0200005984625341,0.0,0.029330234212152508,0.0,0.0,0.015474736528904645,0.0,0.0,0.0,0.016248291913303025,0.01930543444387926,0.01616703490110619,0.0,0.0,0.0,-0.019624956398724726,0.0,0.0,0.0,0.0,0.0,0.0,-0.025904212726205772,0.03086785706465153,0.02464873474340873,0.0,-0.014610493211746704,0.0,0.0,-0.0162166833637393,0.0,0.0,0.0,0.016464618794872887,0.0,0.0,0.0,0.022913052587081654,0.0,0.0,0.0,0.02267058068462714,0.034360130771431914,0.0,0.04892105046298137,0.014489776948899573,0.031928229415267885,0.03258483536161232,0.03144482787490686,0.0,0.01771873341369274,0.0,0.0,0.0,0.015574008847805373,0.0,0.025075935842945138,0.0,0.03588068266246204,0.033957079089747044,0.023916153098524143,0.02288307903145135,0.020770431099134998,0.0,0.0,0.0,0.032626685545744896,0.0,0.0,0.0,0.0,0.0,0.03513031002980388,0.019004200839255588,0.03696146583612283,0.023126034435692645,0.0,0.0,0.0,0.0,0.0,0.0,0.016914005271519664,0.0,0.0,0.017756031251456424,0.0,0.0,0.0,0.0,0.0,0.02931293413502093,0.024288882123645345,0.0,0.0
2017-02-28,0.01426194238267439,0.03295527062176984,0.0,0.01572494307168025,0.0,0.027341385098449755,0.0,0.0,0.0,0.0,0.0,0.0,0.01866953234164446,0.01700481139416038,0.0,0.0,0.0,0.0,0.0,0.0,0.0,0.0,0.01709960168357306,0.015100324486368819,0.0,-0.01599245423353612,0.02519166040634865,0.03951700184134248,0.0,0.0,0.0,0.0,0.0,0.0,0.0,0.0,0.0,0.0,0.0,0.0,0.030521066972813125,0.0,0.0,0.0,0.0,0.03363503429866569,0.0,0.054381517078315775,0.0,0.02977480955268827,0.025488257373421447,0.026647599938625463,0.018411780212316275,0.015246816848679534,0.0,0.0,0.0,0.024337983899643586,0.0,0.015485428398176185,0.0,0.035672917996706965,0.039320679151999466,0.031361389760515036,0.022515751076496848,0.02566063400308223,0.0,0.0,0.017909143547192533,0.03826095882215066,0.0,0.0,0.019964817819161578,0.01703953835163859,0.023192316552087755,0.014820086934722147,0.01524523823590008,0.027404605452901923,0.02169005916611203,0.0,0.0,0.0,0.0,0.0,0.0,0.03349644930815377,0.0,0.0,0.02857711610745554,0.028728051881204798,0.0,0.0,0.0,0.0,0.02667213464178068,0.019678889055843803,0.0,0.0
2017-03-31,0.0,0.030565193789557136,0.0,0.01452553484348888,0.0,0.02241137977931509,0.0,0.0,0.0,0.0,0.0,0.0,0.013396581566155315,0.016722821662358566,0.0,0.0,0.0,0.0170712083725098,0.0,0.0,0.0,0.0,0.013810452544445441,0.0,0.0,0.0,0.024456169471356738,0.034933404916783664,0.0,0.0,0.0,0.013235082542321478,0.0,0.0,0.0,0.0,0.0,0.0,0.0,0.016030086449545258,0.02495471055967843,0.0,0.0,0.0,0.01708623719598922,0.03777346889766963,0.0,0.055620647577175365,0.0,0.025841853149812934,0.020257071360851513,0.014954760119108642,0.0,0.015324835548184786,0.0,0.0,0.0,0.058577743084120004,0.0,0.015496807384187987,0.0,0.03150082524563781,0.02689955318145897,0.02234098253320317,0.01957038139704424,0.020800026871005916,0.0,0.0,0.0,0.03937346356496465,0.0,0.0,0.021024544243457417,0.0,0.022638439253282055,0.032266080220868694,0.02113901554223139,0.03209490570368377,0.025126100423696347,0.0,0.0,0.0180687265108633,0.0,0.0,0.015679007929002755,0.04746275240476258,0.0,0.0,0.030782882135217016,0.03299800927359157,0.0,0.0,0.0,0.0,0.020207325840140556,0.016980926911271985,0.0,0.0
2017-04-30,0.0,0.024446900588179273,0.0,0.0,0.0,0.021483800683345714,0.0,0.0,0.0,0.0,0.0,0.0,0.016320697616317926,0.029388095797415574,0.0,0.0,0.0,0.02241250350589746,0.0,0.0,0.0,0.0,0.0,0.0,0.0,0.0,0.032672325895542774,0.0427747127350266,0.0,0.0,0.0,0.0,0.0,0.0,0.0,0.0,0.0,-0.013481989677551315,0.0,0.0,0.01701807440188077,0.0,0.0,0.0,0.0,0.02606838957761825,0.0,0.03404059279261566,0.0,0.020522407349999817,0.0,0.014494781109726474,0.013377386872592156,0.0,0.013558832670352287,0.0,0.0,0.06592665543996541,0.0,0.023008809783099046,0.0,0.02945702886788326,0.029206360877000157,0.030545802061296347,0.021012162209250188,0.016742160178576198,0.0,0.0,0.013466909230769987,0.04527465430774605,0.0,0.0,0.02272730028134378,0.017587005100761353,0.035238000065930426,0.023599975714652936,0.020077247461809142,0.03661065568574951,0.021962022560414327,0.0,0.0,0.024896985135957277,0.0,0.013684136042633828,0.0,0.035386836548080086,0.0,0.0,0.022237871339993467,0.03537849440531334,0.0,0.0,-0.013630899375093994,0.018175085451025506,0.019502231981552834,0.022603218620039313,0.0,0.0
2017-05-31,0.0,0.019720060397155997,0.0,0.0,-0.01859094384702701,0.0,0.0,0.0,0.0,0.0,0.0,0.0,0.0,0.021005781533799558,0.013756548202730352,-0.01680543948361423,0.0,0.018667887616583223,0.0,0.0,0.0,0.0,0.013855088888437431,0.0,0.0,0.0,0.03881503302650935,0.0451777483977742,0.017032338677652553,0.0,0.0,0.0,0.0,0.01691287938771084,0.0,0.0,0.0,0.0,0.0,0.0,0.0,0.0,0.0,0.0,0.0,0.0,0.0,0.0160362426591389,0.0,0.02745082888356424,0.0,0.023051168137561237,0.0,0.01654874410438834,0.025090941077014126,0.018194163130910747,0.013874161288067876,0.05328833549510397,0.0,0.027617462235021168,0.0,0.034683489621154515,0.03994507634802868,0.03613661907352125,0.023430667026122592,0.020194061405030002,0.0,0.0,0.014146213550407304,0.06760735420810492,0.0,0.01463491690617523,0.02764167459705472,0.0,0.03148597450004334,0.023727166374963148,0.01914612552536493,0.03784358137177151,0.01841108284112379,0.0,0.0,0.024880131503402077,0.0,0.014480832720380579,0.0,0.02578429710602033,0.0,0.0,0.016880587964631336,0.029140317964122007,0.0,0.0,0.0,0.0,0.0,0.01830803292281254,0.0,0.0
2017-06-30,0.0,0.016069223274251858,0.0,0.0,0.0,0.0,0.0,0.0,0.0,0.0,0.0,0.0,0.019420627613410367,0.015874091390196358,0.019808482551143446,0.0,0.0,0.021067750722429272,0.0,0.017955866129452207,0.016882541017092422,0.016028011177416757,0.0281104715756382,0.01588419067817152,0.0,0.0,0.050067438704242434,0.03433390126899444,0.0,0.0,0.0,0.0,0.0,0.0,0.0,0.0,0.0,0.0,0.0,0.0,0.0,0.0,0.0,0.0,0.0,0.0,0.0,0.021426983172234022,0.0,0.025888629184445303,0.0,0.020860935119134547,0.0,0.021152603275969115,0.027085714593120317,0.026035967990703904,0.0,0.021255403807202495,0.0,0.0181052566071145,0.0,0.03676001018661738,0.03886843074650428,0.03374667624979391,0.021810523058513363,0.022319850775107078,0.0,0.0,0.0,0.056028420101940084,0.019655233765820797,0.016006313532505416,0.02856111057166185,0.0,0.0247917968232318,0.028178133105212645,0.0,0.026164120158214305,0.0,0.0,0.0,0.0254525638559357,0.0,0.03263029398616329,0.017165534460998395,0.021740415642789782,0.0,0.0,0.017493475032742938,0.03284773217038044,0.0,0.0,0.0,0.0,0.019131290491003757,0.02733398543249935,0.0,0.0
2017-07-31,0.0,0.016387349140179707,0.0,0.0,0.0,0.0,0.0,0.0,0.0,0.0,0.0,0.0,0.01643396935521949,0.0,0.01523755090202907,0.0,0.0,0.02598615764743652,0.0,0.02212796768457949,0.019512297174144478,0.0,0.0,0.0,0.021414384184730625,0.0,0.042208749576419326,0.03273282470261795,0.0,0.0180436628398001,0.030085525912934202,0.0,0.0,0.0,0.0,0.0,0.0,0.0,0.0,0.0,0.0,0.0,0.0,0.0,0.0,0.0,0.0,0.01784821401325409,0.0,0.018031820246924637,0.0,0.0,0.0,0.022343532818257898,0.034775921902560854,0.022850207807533995,0.0,0.0,0.0,0.02089396859910613,0.0,0.027680228381299167,0.028097493745300416,0.032158490177938585,0.02203973791270566,0.017869575836020616,0.0,0.019800926899551805,0.0,0.05144890040524513,0.028036724658313042,0.020760676026204326,0.04016019630038372,0.015589798115189837,0.019836736110930696,0.02759190814894702,0.0,0.02176447701138658,0.0,0.0,0.0,0.02561570848138209,0.0,0.028789811531756315,0.01521755325458152,0.04191030276567885,0.0,0.0,0.024622153916588677,0.02875943257970427,0.0,0.0,0.0,0.01904281893885662,0.020823539017891652,0.025468705276414844,0.0,0.0
2017-08-31,0.0,0.021300998437212556,0.017220667101590165,0.017149410144542274,0.0,0.0,0.013802274946593637,0.0,0.0,0.0,0.0,0.0,0.021218724987450758,0.017798888119858008,0.01688275559544264,0.0,0.0,0.03351583370436879,0.0,0.02781306827434394,0.021429729344043438,0.018654166807117675,0.015753697166508315,0.0,0.03691033669286533,0.0,0.053153735099992626,0.029178574106490076,0.0,0.0,0.04299987195150343,0.013880175466948962,0.025113753435630208,0.015374215786952633,0.0,0.03278278112085564,0.0,0.0,0.0,0.0,0.0,0.0,0.0,0.0,0.0,0.0,0.0,0.016485590059125473,0.0,0.0,0.0,0.0,0.0,0.0,0.020497473885617176,0.0,0.0,0.0,0.0,0.0,0.0,0.015394416723463346,0.02193260777880005,0.018177258979537987,0.0,0.013139400402940862,0.0,0.0,0.0175632521783709,0.037980696403505,0.027400868602979953,0.024018738235656513,0.03788941107598972,0.0,0.0,0.0237711017947241,0.0,0.022007209065988336,0.0,0.0,0.0,0.04948261295697026,0.0,0.024622226609037613,0.0,0.035964445073498386,0.0,0.0,0.03199061465087309,0.028622199251906767,0.0,0.0,0.0,0.02129141312333292,0.0,0.019834804857370526,0.0,0.0
2017-09-30,0.0,0.015308848459186657,0.0,0.0,0.0,0.0,0.0,0.0,0.0,0.0,0.0,0.0,0.011994202483623706,0.0,0.0,-0.01323480745807094,0.0,0.01709799285832492,0.0,0.0,0.023432865303500423,0.022066223240032178,0.02102714153455046,0.01438781834212167,0.04718167483806256,0.0,0.04526760851714211,0.030225081420733657,0.0,0.0,0.05911551109577532,0.012038351200178678,0.016777706945963332,0.0,0.0,0.02862567057909202,0.0,0.0,0.0,0.0,0.0,0.0,0.0,0.0,0.0,0.0,0.0,0.01500561852144798,0.0,0.018789097185330002,0.0,0.01326757528287031,0.0,0.01552465937991765,0.02867065874257052,0.0,0.0,0.0,0.0,0.015535185410779064,0.0,0.01989664130723101,0.026426702895830774,0.012323212350774484,0.0,0.0,0.0,0.0,0.01792787955610085,0.042006081440719246,0.039973217127907,0.025884431783638102,0.03670273909358562,0.021541763285352893,0.022235468675626254,0.024382087005853,0.0,0.017618676670054453,0.0,0.0,0.0,0.03538377426970307,0.0,0.020423299021889434,0.0,0.04634124264656791,0.0,0.0,0.03530156971461332,0.041858588552729906,0.0,0.0,0.0,0.0,0.0,0.01643601460331211,0.0,0.012762311199236528
2017-10-31,0.0,0.019738346135218614,0.0,0.0,0.0,0.0,0.0,0.0,0.0,0.03684876430313824,0.0,0.0,0.014578394887596727,0.0,0.016187763663071997,0.0,0.0,0.0,0.0,0.0,0.026786183916541438,0.02352933854347395,0.01751661438182756,0.014680290941557865,0.050206566014239624,0.0,0.04341246288834817,0.03149022531153495,0.0,0.0,0.026846174805973195,0.0,0.01473024435096741,0.0,0.024774567295337224,0.04336748846813165,0.015449485650198345,0.0,0.0,0.0,0.0,0.0,0.0,0.0,0.0,0.0,0.0,0.025290391597182178,0.0,0.0,0.0,0.0,0.0,0.0,0.017357901488709467,0.0,-0.015429126661857846,-0.015355896848878581,0.0,0.0,0.0,0.0,0.0,0.0,0.0,-0.018420182630560365,-0.013488230810938332,0.0,0.017371379583471735,0.01735328603810518,0.03073015021222068,0.018419287114425226,0.02296228301089117,0.023939284637808846,0.01421704920158834,0.0,0.0,0.017033630810574765,0.0,0.013719114978213811,0.0,0.02576382590451684,0.0,0.029841042897925937,0.018532731861426826,0.07903205273879182,0.0,0.0160647729003216,0.045174637873868925,0.05335182201761133,0.0,0.0,0.0,0.0,0.0,0.014954325229964285,0.0,0.016054681392988962
2017-11-30,0.0,0.013468491993928858,0.0,0.0,0.0,0.0,0.0,0.0,0.0,0.03266821254405712,0.0,0.0,0.0,0.0,0.014176537123626905,0.0,0.0,0.03932564945690906,0.0,0.01619774457831208,0.03104263274742219,0.025720225835298694,0.02190221308862282,0.01852892305757776,0.021582809284494714,0.0,0.017737758772310666,0.01974034847644775,0.0,0.02151492671984174,0.021286476063384747,0.0,0.01219830923957769,0.0,0.02671205411379279,0.05080304644569513,0.0,0.013588563177905931,0.0,0.0,0.0,0.0,0.0,0.0,0.0,0.0,0.0,0.018865869900460026,0.0,0.0,0.0,0.0,0.0,0.01250734938342936,0.01877892405128476,0.0,0.0,0.0,0.0,0.0,0.0,0.0,0.0,0.0,0.0,0.0,0.0,0.0,0.024100518134031853,0.020981167924984785,0.03794716666837862,0.022823179054411325,0.03479546753977462,0.028518719886872903,0.013503458635191203,0.0,0.0,0.0173671737214912,0.0,0.021718483443563884,0.01985548280947357,0.03531483925840875,0.0,0.0390003313683652,0.022559892112689238,0.07236483507149193,0.0,0.014963600981878888,0.03705911026847709,0.03766514753746322,0.0,0.0,0.012877046822713515,0.018237312705957392,0.0,0.0,0.0,0.0
2017-12-31,0.0,0.013912672471513135,0.0,0.0,0.0,0.0,0.0,0.0,0.0,0.051575500008505734,0.016042812297325973,0.0,0.013067779268826674,0.0,0.015268886705709861,0.0,0.0,0.014769155434572754,0.0,0.0129256053550805,0.020602722271179,0.014879740664941807,0.022391229064548258,0.01239276777233056,0.02254256625234023,0.0,0.0,0.0,0.0,0.013680277148528219,0.0,0.0,0.0,0.0,0.03695878723673418,0.04814697929815833,0.01719694201878205,0.026585514242619627,0.0,0.0,0.0,0.0,0.0,0.0,0.0,0.0,0.0,0.016908204970158276,0.0,0.0,0.0,0.0,0.0,0.0,0.0,0.0,0.0,-0.013001148480399875,0.0,0.0,0.0,0.0,0.0,0.0,-0.014225334005249984,-0.01752499785938823,0.0,0.0,0.022403248246152238,0.013666381245185896,0.028777382802625633,0.01987471344209824,0.027494918953196258,0.02141736099187016,0.0,0.0,0.015276156112641359,0.03537353666012211,0.0,0.019894754192532702,0.015588224659539796,0.04356022567938631,0.0,0.038689572777757954,0.0296242664819576,0.07028872112373132,0.0,0.02431743359259033,0.05112766557667458,0.04569504031294925,0.0,0.0,0.02084182878434284,0.021488945537752227,0.0,0.0,0.0,0.0
2018-01-31,0.0,0.019245343432150654,0.017696419493729354,0.014696710290070655,0.0,0.01692541284004349,0.0,0.0,0.0,0.03723866971639902,0.015925456805966614,0.0,0.015246603936563156,0.0,0.019535638841965876,0.0,0.0,0.0,0.0,0.023832094431443362,0.03024358959686914,0.020592296944871608,0.024709578305361087,0.021204137923567484,0.01729738258204139,0.0,0.018623232774266068,0.0,0.0,0.0,0.0,0.0,0.0,0.0,0.041045798452875135,0.0487685561021868,0.02227655651260321,0.0288106014639087,0.0,0.0,0.0,0.0,0.0,0.0,0.0,0.0,0.0,0.02214978170145542,0.0,0.0,0.0,0.0,0.0,0.0,0.0,0.0,-0.014537853745036494,-0.015085439100649922,0.0,0.0,0.0,0.0,0.0,0.0,-0.017401761313946613,0.0,0.0,0.0,0.02969620079957601,0.012370765748300474,0.029345525688310038,0.021915848010350025,0.02729900456378603,0.02241727914122002,0.015543521941425248,0.0,0.0129639969476729,0.029954806637417883,0.0,0.0,0.0,0.023704895337017307,0.0,0.036638951532773266,0.023450928860234824,0.046020190628006344,0.0,0.028020030957335594,0.052038670287860925,0.04133539284003233,0.0,0.0,0.02419507377070966,0.0,0.0,0.0,0.0,0.0
2018-02-28,0.0,0.01917762931916945,0.018260949166562415,0.0,0.0,0.0,0.0,0.0,0.0,0.02851465136438038,0.0,0.0,0.0,0.0,0.016229820403838885,0.0,0.0,0.0,0.0,0.024600642648145578,0.03365749849729537,0.01986938173425104,0.02587255654637901,0.02213657358719852,0.0,0.0,0.015591728509404051,0.0,0.0,0.013473877141190046,0.0,0.0,0.0,0.0,0.03541602858572783,0.04442751145919601,0.019349806755655986,0.02148604831330915,0.0,0.0,0.0,0.0,0.0,0.0,0.0,0.0,0.0,0.0,0.0,0.0,0.0,0.0,0.0,0.0,0.0,0.0,0.0,0.0,0.0,0.0,0.0,0.0,0.0,0.0,-0.02201225142185653,0.0,0.0,0.014514910414904289,0.03504434477868753,0.013664867520430734,0.0409449049345821,0.02359707674855505,0.04321343673813761,0.02273215139335965,0.03366596910761339,0.0,0.020437926962372666,0.03708376627996223,0.013010479324411,0.01387384085829254,0.012903374045393346,0.03145473421398777,0.0,0.03074271284372791,0.020832069472308867,0.04366850805310981,0.0,0.025490666513904043,0.046368885303704296,0.03180949143787552,0.0,0.0,0.018298728723375617,0.01635591027681959,0.01518210066400353,0.015032187936920724,0.0,0.0
2018-03-31,0.0,0.0,0.013910892599866118,0.0,0.0,0.013043791590724505,0.0,0.0,0.0,0.0,0.0,0.0,0.0,0.0,0.0,0.0,0.0,0.014369060612878785,0.0,0.028236525685402664,0.025146954272083966,0.013754653342179447,0.02801243689232867,0.02275335178705839,0.0,-0.015745099434786775,0.0,0.0,-0.013167834723177027,0.0,0.0,0.0,0.0,-0.012624752376354735,0.04230922351724868,0.04311369993003084,0.0,0.02371129061538907,0.0,0.0,0.0,0.0,0.0,0.0,0.0,0.0,0.0,0.0,0.0,0.0,0.0,0.0,-0.014311010141963065,0.0,0.0,0.0,-0.014071673471125775,0.0,0.0,0.0,0.0,0.0,-0.01416106524123877,-0.013869456481619904,-0.025522744427557163,-0.012368953243797482,0.0,0.017154487677014916,0.05437368623357573,0.015310611839231311,0.04306882399502748,0.01887613954641217,0.057962610892258425,0.02094997247380186,0.02991416973641777,0.0,0.02428013172788106,0.051674866858358925,0.02111480839875047,0.0,0.013793793949791909,0.0340828214617425,0.0,0.02137768617535926,0.02073539579428842,0.03693488058774167,0.0,0.01987776246799207,0.041619788119812505,0.023266854173995623,0.0,0.0,0.02942623750373418,0.0,0.0,0.0,0.0,0.0
2018-04-30,0.0,0.0,0.019653579231394807,0.0,0.0,0.018565622122385408,0.0,0.0,0.0,0.014103207114109081,0.01457318762562159,0.0,0.0,0.0,0.0,0.0,0.0,0.0,0.0,0.036983669778415,0.028209940190167176,0.017176231803710487,0.03400779306627878,0.03207025394145237,0.0,-0.014721929811741823,0.015441265900900558,0.0,-0.013544561214122262,0.023164474381920507,0.0,0.0,0.0,0.0,0.03860529439726991,0.0436481784070312,0.013894200172152288,0.031824453302632276,0.0,0.0,0.0,0.0,0.0,0.0,0.0,0.0,0.0,0.0,0.0,0.0,0.0,0.0,0.0,0.0,0.012094879377906034,0.0,0.0,0.0,0.0,0.0,0.0,0.0,-0.01636366556314144,0.0,0.0,0.0,0.0,0.014508425600287271,0.055102031928543994,0.0,0.03849635874863461,0.017985745063416474,0.037425870953476145,0.02538060581604128,0.022963134616909915,0.0,0.02039261400917203,0.04114282001761355,0.023143046559773485,0.01695664809891819,0.024600660016314307,0.023579525955600446,0.0,0.021501616049961276,0.029012998523626023,0.016843911432931263,0.0,0.02105388719897324,0.0322065923149262,0.03361988870372617,0.0,0.0,0.025755290718322756,0.019681940270478517,0.0,0.0,0.0,0.0
2018-05-31,0.0,0.0,0.02065792895545545,0.0,0.0,0.0,0.0,0.0,0.0,0.0,0.0,0.0,0.0,0.0,0.013048419148840822,0.0,0.0,0.0,0.015383454619594806,0.05505137136385467,0.0345748507659877,0.026089633195903926,0.04346036878335301,0.03784531926377445,0.0,-0.015950105293929116,0.0,0.0,-0.016224692336560795,0.025684232641895864,0.0,0.0,0.0,0.0,0.04713281861934989,0.04254315451708537,0.021023950235676686,0.03679711306464142,0.01782399462956487,0.0,0.0,0.0,0.0,0.0,0.0,0.0,0.0,0.0,0.0,0.014805958783307696,0.0,0.0,0.0,0.015266759628309827,0.01507803100153768,0.0,0.0,0.0,0.013795187535319844,0.0,0.0,0.0,-0.017251902934022983,0.0,0.0,0.0,0.0,0.0,0.04083949338771504,0.0,0.04158699721554206,0.018937823790542336,0.03402223798861729,0.022137481633377993,0.01819825969700284,0.0,0.0,0.020911494284241727,0.0,0.019817757199987275,0.01854985211311965,0.023696468801015915,0.0,0.02701159080059236,0.02346572169716127,0.01470829414393743,0.0,0.014466290036798097,0.03326220987108094,0.025436072542976196,0.0,0.0,0.019298431188835133,0.0232177853282933,0.0,0.0,0.0,0.014946490961196388
2018-06-30,0.0,0.0,0.021222997420659487,0.0,0.011442231465076304,0.0,0.0,0.0,0.0,0.0,0.0,0.0,0.0,0.0,0.013111046710744409,0.0,0.0,0.0,0.0,0.04425969107283813,0.027407900218263052,0.02280898513947815,0.024275513379459785,0.034208224619243596,0.0,0.0,0.01663645755335293,0.0,-0.01287054171583541,0.03038850423156911,0.0,0.0,0.0,0.0,0.04650678297431144,0.0386392699647728,0.021564650820096985,0.04494841394374479,0.0,0.0,0.0,0.0,0.0,0.0,0.0,0.0,0.0,0.0,-0.011870338844826175,0.0,0.0,0.0,0.0,0.012868559375621463,0.023896158785439388,0.0,0.0,0.0,0.0,0.0,0.0,0.0,-0.012890841543065358,0.0,0.0,0.0,-0.012690309506696112,0.0,0.03061494346402237,0.011322527426445132,0.04104342738389341,0.0264009264270696,0.038732177105622614,0.018889703236218032,0.020363857111828323,0.0,0.0,0.028669491100208756,0.021180189318357828,0.026102833301095148,0.03307056102186109,0.022105674488356073,0.0,0.03127749789771411,0.02062110712630301,0.01247112704127501,0.0,0.023634774194576248,0.03657809999009159,0.028246705722697697,0.0,0.0,0.016887209438251675,0.027279747919017484,0.0,0.0,0.0,0.0
2018-07-31,0.0,0.01649748099866451,0.03257075564747725,0.0,0.017373210744030757,0.016471601148896387,0.0,0.0,0.0,0.0,0.0,0.0,0.0,0.01594529538990982,0.02404826704848307,0.0,0.0,0.0,-0.014774444688896387,0.04520930150894964,0.03337570103335919,0.033515561945828005,0.03803329638103393,0.04498548637230008,0.0,0.0,0.025288493277472703,0.0,0.0,0.021912493509650823,0.0,0.0,0.0,0.0,0.04270542693111196,0.03057030138735949,0.02722739223642903,0.04797591507331852,0.0,0.0,0.0,0.0,0.0,0.0,0.0,0.0,0.0,0.0,-0.015592236062216503,0.0,-0.01341522946590569,0.0,0.0,0.0,0.020302988729408358,0.0,-0.018045886078478603,0.0,0.0,0.0,0.0,0.0,-0.02650827195469155,-0.02038360882121085,0.0,0.0,-0.017920442940824028,0.0,0.01591198226639623,0.0,0.027396083225055542,0.0191609087461809,0.016361220936549986,0.0,0.0,0.0,0.0,0.028699701678342918,0.013339936947538551,0.01382157203097718,0.0,0.0,0.0,0.03882981856354601,0.022969580927456205,0.013616934498765991,0.0,0.01872281645234516,0.03683601109836155,0.03141557612868334,0.0,0.0,0.017471106093531606,0.02479766103036173,0.0,0.0,0.0,0.0
2018-08-31,0.0,0.012539382799495308,0.033415302779974114,0.016164587124463628,0.01711912658934013,0.017692132250712648,0.0,0.0,0.0,0.0,0.015824823844933913,0.0,0.0,0.018901620875316938,0.024853409215536745,0.0,0.0,0.0,0.0,0.044896052834178864,0.03049754613739534,0.031043737588830552,0.041034608741793356,0.054756973514908165,0.0,0.0,0.025153361635084828,0.0,0.0,0.017682652043423615,0.0,0.0,0.0,0.0,0.03882617386012635,0.031291313690542666,0.03282755088502669,0.046111018811331325,0.0,0.0,0.0,0.0,0.0,0.0,0.0,0.0,0.0,0.0,-0.013071619617751025,0.0,-0.011370314774637973,0.0,0.0,0.0,0.01768453051134416,0.0,0.0,0.0,0.014541995718613192,0.0,0.0,0.0,-0.022566455228037713,0.0,0.0,0.0,-0.014881742845858704,0.0,0.023211369605947822,0.011843507844963814,0.033036321251999116,0.03561160394795144,0.02125938112615643,0.0,0.0,0.0,0.0,0.020442901832598087,0.0,0.01312388509667187,0.017060491764410598,0.0,0.0,0.04034590026357485,0.02500786664607062,0.01142434756302313,0.0,0.01912453490778248,0.030491815782956462,0.031482564079484694,0.0,0.0,0.021785474367750617,0.0,0.0,0.0,0.0,0.0
2018-09-30,0.0,0.011913718277164321,0.035555044884989236,0.011859921920827183,0.01627323908057104,0.0,0.0,0.0,0.0,0.0,0.016316462446410978,0.0,0.0,0.0,0.025808190010898565,0.0,0.0,0.0,0.0,0.05136949247450496,0.02642027643681375,0.025985785994550377,0.031112389545305427,0.0559084074394873,0.0,0.0,0.018781140793995073,0.0,0.0,0.02663674750377112,0.0,0.0,0.0,0.0,0.044323756177348586,0.03628360017376088,0.030015482969269577,0.05131907251346212,0.018357312466716454,0.0,0.0,0.0,0.0,0.0,0.0,0.0,0.0,0.0,-0.012969678574404377,0.0,0.0,0.0,0.0,0.0,0.0,0.0,0.0,0.0,0.0,-0.01999061694079654,-0.017187933854303526,0.0,-0.02522158340194668,-0.013300879905477006,-0.012306199058493486,0.0,-0.02017110932930602,0.0,0.014277680858751635,0.0,0.01908165906864303,0.026311075038032938,0.022674154952558676,0.0,0.0,0.0,0.0,0.023430731209659505,0.012016953957843711,0.023466751165057503,0.02074271567031447,0.0,0.0,0.03147723197697,0.0335542619485682,0.012131542933433177,0.0,0.021409527510394467,0.029820206632324656,0.015835394488391618,0.0,0.0,0.03838207041448185,0.0,0.0,0.0,0.0,0.0
2018-10-31,0.0,0.014189371670267717,0.046151595809933874,0.019111102851411377,0.018094894900443907,0.0166101282502818,0.0,0.0,0.0,0.01813172033860618,0.021236197194525245,0.0,0.0,0.0,0.016514901674765495,0.0,0.0,0.0,0.0,0.05638645919115177,0.030164596049744172,0.030967275701235662,0.028961387589715833,0.06142264836894739,0.0,0.0,0.021052657037207323,0.0,0.0,0.028950451687734406,0.0,0.0,0.0,0.0,0.03694900723721324,0.027262177022345537,0.021394371732454766,0.03838379974175265,0.0,0.0,0.0,0.0,0.012996127857064483,0.0,0.0,0.0,0.0,0.0,0.0,0.0,0.0,0.0,0.0,0.0,0.0,0.0,0.0,0.0,0.0,-0.014658129719607792,-0.014772258696740445,0.0,-0.022368195398107756,-0.016310475323105315,0.0,0.0,-0.018526714566720306,0.0,0.012353785690741933,0.0,0.022251191895810294,0.03041264348019549,0.032029371697989875,0.0,0.0,0.022228956477755846,0.0,0.016155746783402154,0.0,0.016510482093248558,0.02246730427553546,0.013084402428612833,0.0,0.024628741667466033,0.02583412049757104,0.0,0.0,0.016664069757817635,0.026927727494411982,0.0,0.0145730899395269,0.0,0.0523117202088296,0.0,0.0,0.0,0.0,0.0
2018-11-30,0.0,0.0,0.04476760013563105,0.0,0.0,0.0,0.0,0.0,0.0,0.01510858918193167,0.013031070512703795,0.0,0.0,0.0,0.0,0.0,0.0,0.025499824719334235,-0.0147827595842947,0.05422842848148272,0.021348994364308548,0.024369520712571823,0.01704437315065503,0.0445463140554782,0.0,0.0,0.03079000690929717,-0.014531435344624739,0.0,0.013824800992700163,0.0,0.0,0.0,0.0,0.023788629285111863,0.020414171688006022,0.022322723407504564,0.06131555010974556,0.0,-0.014553689140699669,0.0,0.0,0.0,0.0,0.015192026286107668,0.0,0.0,0.0,-0.015618424627450165,0.0,0.0,-0.012641173811099148,0.0,-0.013697520547641956,0.0,-0.02068059591705565,0.0,0.0,0.0,-0.02135104967801963,-0.018673533186945833,0.0,-0.03396061140058347,-0.029013916377619346,-0.015100800781351,0.0,-0.016768825735478273,0.0,0.0,0.0,0.024701102326145877,0.030232300436512725,0.049132907636184414,0.0,0.0,0.02884382372025739,0.0,0.012656970418308787,0.0,0.0,0.031021047873183008,0.0,0.0,0.030365472099356996,0.014533217849297132,0.0,0.0,0.0,0.0,0.0,0.03017160757295849,0.0,0.04576714817217328,0.0,0.0,-0.013607441770188345,0.0,0.0
2018-12-31,0.0,0.017842333083525994,0.043553484985941485,0.0,0.0,0.014467613225052594,0.0,0.0,0.0,0.0,0.0,0.0,0.0,0.0,0.0,0.0,0.0,0.026353978709951775,-0.013735259662233367,0.039834787316991034,0.023577638811674864,0.024520278897060276,0.018646864860172654,0.04080442275469087,0.0,0.0,0.02294343602260283,0.0,0.0,0.016864225640923863,0.0,0.0,0.0,0.0,0.0,0.01689764551196147,0.0,0.05161363614808018,0.0,-0.01891224472992592,0.0,-0.014523428188173327,0.0,0.0,0.014030149699130912,-0.013613726516334492,0.0,-0.018911051678993533,-0.019814702686352242,0.0,-0.017616250506100797,0.0,0.0,0.0,0.0,-0.020033548471690116,0.0,0.0,0.0,-0.02969045126279794,-0.03100305024031292,-0.017165418291066815,-0.04593022378762013,-0.033266553827706935,-0.020487116489621933,-0.014172303850405,-0.02153555799498454,0.0,0.0,0.0,0.016604549973320042,0.027519616610079456,0.03741547401973907,0.0,0.0,0.0,0.0,0.0,0.014414709518054474,0.0,0.03028536816832428,0.0,0.0,0.027527698310048383,0.022642455898388498,0.0,0.0,0.0,0.0,0.0,0.045556028061789704,0.0,0.031987710483331246,0.0,0.0,0.0,0.023685005104843924,0.0
2019-01-31,0.0,0.0,0.037404612319588915,0.0,0.0,0.0,0.0,0.0,-0.019615907056829217,-0.018170442059339906,-0.016479670897648815,0.0,-0.01933030052601013,0.0,0.0,0.0,0.0,0.017876217271694972,-0.017290964727576644,0.030720289609684964,0.0,0.01875807276112946,0.0,0.017668563742098187,-0.020728880647661988,-0.02265721996051323,0.0,-0.026891962207998964,-0.018374327604216763,0.02592040871013194,0.0,0.0,0.0,-0.016758495980339468,0.0,0.0,0.0,0.03587881778484961,0.0,-0.03230866490814229,-0.023867875016750553,-0.01843789573207347,0.0,-0.020895558829158487,0.0,-0.022039780460830587,0.0,-0.031113834690655765,-0.02639771150481433,0.0,-0.01727764824922849,0.0,0.0,0.0,0.0,0.0,0.0,0.0,0.0,-0.028702873196502488,-0.02135218056826911,0.0,-0.06616267129842184,-0.028729003524624347,0.0,0.0,-0.021385199277896363,-0.020738514932669375,0.0,0.0,0.0,0.024665345754423116,0.029043362391856727,-0.01974629465866874,-0.024704276766578593,0.0,0.0,0.0,0.0,0.0,0.0,0.0,0.0,0.03340251994900819,0.028744641110808454,0.0,0.0,0.0,0.0,0.0,0.0,0.0,0.03958284566600547,-0.02348986475170544,0.0,-0.016686282893594525,0.0,0.0
2019-02-28,0.0,0.0,0.05435068500135206,0.0,0.0,0.0,0.0,0.0,0.0,0.0,0.0,0.0,0.0,0.0,0.0,0.0,0.0,0.03223109909726964,0.0,0.0513660600364302,0.024218033565541707,0.02698503734848591,0.015309442119625887,0.025264531721770362,0.0,0.0,0.02006105245598388,0.0,0.0,0.04309433825888999,0.0,0.014316981169276755,0.0,0.0,0.01851489684948213,0.019292061287133854,0.0,0.036979209338514465,0.0,-0.015446218348427989,0.0,-0.013121271908346515,0.0,0.0,0.025705678955240584,0.0,0.0,-0.02690686709686814,-0.014490380547570854,0.0,-0.01895679215049957,0.0,0.0,0.0,0.0,-0.015359459541273204,0.02213421568390774,0.0,0.0,-0.022156967764433617,-0.01898547406619622,-0.01581875373457744,-0.04100757430046466,-0.023840561606744356,0.0,0.0,-0.019658172192178948,0.0,0.0,0.0,0.01932886554617146,0.030715121522666505,0.01412565996879123,-0.020933997704705387,-0.020802032429170177,0.0,0.0,0.0,0.0143640622750565,0.0,0.015746437650514866,0.0,0.0,0.04019272644282796,0.030291799865584994,-0.015062868012019368,0.0,0.0,0.0,0.0,0.04203382820567285,0.0,0.041252104566656164,0.0,0.0,0.0,0.019578679663675953,0.0
2019-03-31,0.0,0.0,0.04115177336821937,0.0,0.0,0.0,0.0,0.0,0.0,-0.02060338405287707,0.0,0.0,-0.016693977737436964,0.0,0.0,0.0,0.0,0.02317391058497816,-0.016623246450019162,0.05814067934626177,0.016952109926072222,0.02305376180507682,0.015371427325120422,0.018178817030639362,0.0,0.0,0.01909906094037138,0.0,0.0,0.037931270754704864,0.0,0.01587633382913118,0.0,0.015722152365946682,0.0,0.0,0.0,0.02147472168304964,0.0,-0.02018742707856425,-0.020635609778987585,0.0,0.0,0.0,0.0,-0.017600189820624213,0.0,-0.03558027799772284,-0.0165557047776778,0.0,-0.025434214550402078,0.0,0.0,0.0,0.0,-0.014608887674006941,0.03407489086927758,0.0,0.0,0.0,0.0,-0.017140028774899566,-0.04318870948183192,-0.028660245627015208,0.0,0.0,0.0,0.0,0.0,0.0,0.02874871078272223,0.04559710692476592,0.024812021015470545,-0.025747087853196654,-0.01982052802037324,0.019868980468761437,0.0,0.0,0.01765321343732861,0.0,0.0,0.0,0.0,0.044794069431621494,0.03669171660388397,-0.019037776865302544,0.0,0.0,0.0,0.0,0.031226239149330117,0.0,0.019219587168703013,-0.014560204733770682,0.0,0.0,0.018509943913854365,0.0
2019-04-30,0.0,0.013284771527686352,0.03572336062614629,0.0,0.0,0.0,0.0,0.0,0.0,-0.022066004243767503,0.0,0.0,-0.01610750799895262,0.0,0.0,0.0,0.0,0.019692883006720317,-0.019029728340514175,0.04731675744349382,0.0,0.018460626358929227,0.0,0.01414279123746299,0.0,0.015246939869918671,0.02781164654342646,0.0,0.0,0.038963882087947106,0.0,0.026752259777021954,0.0,0.024294122075725903,0.0,0.0,0.0,0.01717046842815581,0.019905009397440904,-0.016526203539010784,-0.018695946161043035,0.0,0.0,0.0,0.0,0.0,0.0,-0.031127685892548065,0.0,0.0,-0.026753697459987874,0.0,0.0,0.0,0.0,0.0,0.025007503951666676,0.0,0.0,0.0,0.0,-0.014875729884249303,-0.04145159103862912,-0.026399703911690782,0.0,0.0,0.0,0.0,0.0,0.0,0.03533721613065724,0.051174575439674345,0.032496808210867555,-0.028024461528302246,-0.014703233139905089,0.023012706510727274,0.0,0.0,0.01832692368682013,0.0,0.0,-0.018534951375386008,0.0,0.04141813525191961,0.0342179338002362,-0.022732120135310716,0.0,-0.01464671896848358,0.0,0.0,0.014419983051223953,0.0,0.0,-0.013653814079026102,0.0,0.0,0.03906708338971514,0.021426514499609126
2019-05-31,0.0,0.0,0.0329692194456039,0.0,0.0,0.0,0.0,0.0,0.0,-0.018678642981863117,-0.013541180011357368,-0.017095573398700194,-0.019666777355403158,0.0,0.0,0.0,0.0,0.02360528177462548,-0.018919651896133784,0.04087032742181339,0.0,0.022140032304187034,0.0,0.017578870945259874,0.0,0.022681708169366516,0.031167890168448474,0.0,0.0,0.02931630128332595,0.0,0.03031546000131135,0.0,0.0240526337451514,0.0,0.0,0.0,0.0,0.02397214078099731,-0.018068058713622933,-0.02348431658931247,0.0,0.0,0.0,0.0,-0.021211462455468188,0.0,-0.03531735980725587,0.0,0.0,-0.03512610037947431,0.0,0.0,0.0,0.0,-0.016905461362970088,0.0,0.0,0.0,-0.013491192739092574,0.0,0.0,-0.038830977472940995,-0.03123204651832377,0.0,-0.018870018639627117,-0.013681214828484237,0.0,0.0,0.0,0.03812048370132322,0.04552570471709215,0.022960231791848452,-0.03180102270253225,-0.015779411882116554,0.018246435548972186,0.0,0.0,0.018263953918067018,0.0,0.0,-0.0187722253025116,0.0,0.03959676782305681,0.04300483337416297,-0.017288915555170665,0.0,0.0,0.0,0.0,0.0,0.0,0.018568856051611626,0.0,0.0,0.0,0.019281256441413572,0.0
2019-06-30,0.0,0.0,0.0,0.0,-0.02156450680909346,0.0,-0.019295278859167188,0.0,0.0,-0.021348753725771483,-0.01978651250808571,-0.017179411435093883,-0.026254682139450532,0.0,0.0,0.0,0.0,0.017463651478139577,0.0,0.0,0.0,0.0,0.0,0.0,0.0,0.01720846504748207,0.02225288634991055,0.0,0.0,0.017987003659807835,0.0,0.01734621731553541,0.0,0.0,0.0,0.0,0.0,0.0,0.027051895352379084,-0.026454328066238417,-0.034607876605572636,-0.018628000278642826,-0.02401690332635453,-0.01994224286306442,0.0,-0.02742443679013704,0.0,-0.03624402951697842,-0.01744353255565201,0.0,0.0,0.0,0.0,0.0,0.0,-0.017253323224433428,0.018464385310721417,0.0,0.0,0.0,0.0,-0.02545910321378997,-0.03620605217749632,-0.035340110410345425,0.0,-0.03276494088165757,0.0,-0.028955856855211137,-0.01759878083421547,0.0,0.02281958146718351,0.02782078251679188,0.0,-0.04512561696617124,-0.026814892255801845,0.0,0.0,-0.02410504500416767,0.0,0.0,0.0,-0.02721393273734999,0.0,0.037769946890197234,0.03770504428038041,-0.02467759222695003,0.0,-0.02659197995720254,0.0,0.0,0.0,0.0,0.0,-0.019480595257805603,0.0,0.0,0.0,-0.01833182284957028
2019-07-31,0.0,0.0,0.0,0.0,-0.023971892832363836,0.0,-0.01646676820984071,0.0,-0.01697120708825381,-0.025911580330032224,-0.017241511080404833,-0.01712109024871765,-0.029601548213744947,-0.01617234001006648,0.0,0.0,0.0,0.0,0.0,0.0,0.0,0.0,0.0,0.0,0.0,0.025880065300267343,0.02138964066847971,0.0,0.0,0.023509768226285834,-0.01600859907860393,0.01723476796961374,0.0,0.02188532707119958,0.0,0.0,0.0,0.0,0.022325078353209293,-0.0249173383297958,-0.03803906019903883,0.0,-0.02537697746109605,0.0,-0.017886734498652974,-0.02940932488268463,0.0,-0.03805313793444563,-0.0183143883080144,0.0,0.0,0.0,0.0,0.0,0.0,0.0,0.03263455138911234,0.016634880939360542,0.0,0.0,0.0,0.0,-0.022384936311460733,-0.016494876067489898,0.0,-0.028312746800592002,0.0,-0.023358379890209984,0.0,0.0,0.027762400236998663,0.03567600048278316,0.0,-0.04137449004666514,-0.026518127175571102,0.021450480429787668,0.0,-0.017839629890948245,0.0,0.0,0.0,-0.024851890806801474,0.0,0.047047719715180084,0.05629240604709323,-0.020060535572477788,0.0,-0.018971407824537045,0.0,0.0,0.0,0.0,0.0,0.0,0.0,0.0,0.018646394078118685,0.0
2019-08-31,0.0,0.016028844061353173,0.0,0.0,0.0,0.0,0.0,0.0,0.0,-0.023772201061519446,0.0,-0.01612989054805864,-0.02497743033818098,0.0,0.0,0.016036549919350374,0.0,0.0,0.0,0.0,0.0,0.0,0.0,0.0,0.0,0.03505377817599941,0.024346766021961792,0.017154439944768434,0.0,0.022718700475641795,0.0,0.034460439234981786,0.0,0.017730198739426342,0.0,0.0,0.0,0.0,0.0405785756211898,-0.01801437306188752,-0.028108894058403566,0.0,-0.018644396011720247,0.0,0.0,-0.017321946276613247,0.0,-0.03480556310069278,0.0,0.0,0.0,0.02774818513746682,0.02413479907802176,0.024150403228856115,0.0344619323209525,0.0,0.03873473421087917,0.0,0.0,0.0,0.015891768137774667,0.0,-0.017874731997418968,0.0,0.03504039548254416,0.0,0.0,-0.020000743060133407,-0.017703106094593725,-0.01730480113580257,0.0,0.029029402566314016,0.0,-0.032459991924509914,-0.021013325755661803,0.018796467298432512,0.0,0.0,0.0,0.0,0.0,-0.023408421292550604,0.0,0.04302369365010904,0.05781730380471302,-0.016015480676814544,0.0,0.0,0.0,0.02364942941516522,0.0,0.0,0.015859909632082742,0.0,0.02066957723193227,0.019328410215521133,0.0,0.0
2019-09-30,0.0,0.0,0.0,0.0,-0.01622111416634157,0.0,0.0,-0.0169441967152848,0.0,-0.021347440125702676,0.0,-0.019776099134896547,-0.021878527695971955,0.0,0.0,0.0,0.0,0.0,-0.017350251443289905,0.0,0.0,0.0,0.0,-0.01713656274194612,0.0,0.03484127307396213,0.02214580576770475,0.021317098117654917,0.0,0.0,0.0,0.025188389530103803,0.0,0.0,0.0,0.0,0.0,0.0,0.040642452212514175,-0.018478566589225805,-0.02623052893389568,0.0,-0.020974791820735177,0.0,-0.017790480692448835,-0.018275652610624978,0.0,-0.029086001614809957,0.0,0.0,0.0,0.033653221039789474,0.028308197196628547,0.039682402363134764,0.03830885701787106,0.0,0.05027507507435857,0.015779763073424786,0.023666205496948055,0.0,0.022539943170523522,0.0,0.0,0.0,0.031748935467696277,0.0,0.016743045773057044,-0.01927084178735826,-0.019553485883516852,-0.016451234742021002,0.0,0.0,0.0,-0.030458439731507678,-0.017744981028350267,0.0,0.0,0.0,0.0,0.0,0.0,-0.01962779512505345,0.0,0.042465226301782795,0.045765059472188147,0.0,0.0,0.0,0.0,0.021939780402307957,0.0,0.0,0.020541340266901808,0.0,0.02319114779781425,0.01665978880065171,0.0,0.0
2019-10-31,0.0,0.0,0.0,-0.020402474669267465,-0.02363237280765812,-0.019395329789380595,0.0,-0.017368131745150818,0.0,-0.02644616866501392,-0.017578361986347962,-0.023895726717083194,-0.02535737534871449,0.0,0.0,0.0,0.0,0.0,-0.01829799476308247,0.0,0.0,0.0,0.0,0.0,0.0,0.033467052463899555,0.02133612672172001,0.02388240734466285,0.021466956091403214,0.0,0.0,0.0,0.0,0.0,0.0,0.0,0.0,0.0,0.037552191133226456,-0.019839387952166207,-0.03162615755785679,0.0,-0.02305708377002081,0.0,-0.019066518596067217,-0.024316937378100697,-0.01693313551545475,-0.034118896881070566,0.0,0.0,0.0,0.017878258178120183,0.017158290120119882,0.028046515055988534,0.027499666575185322,0.0,0.036038612407517656,0.0,0.0,0.0,0.0,0.0,-0.018197096591885748,0.0,0.0,0.0,0.023124803316059626,0.0,-0.017214116303521522,-0.019660684269105343,0.0,0.0,0.0,-0.03077961716864046,-0.017329024988891176,0.0,0.0,0.0,0.0,0.0,0.0,-0.02337668266231063,0.0,0.04193867293906671,0.04494369491045792,0.0,0.0,0.0,0.0,0.022511008707087773,0.0,0.0,0.022566979129063604,0.0,0.03719936104107702,0.036101681160628535,0.0,-0.019398446577924208
2019-11-30,0.0,0.0,0.0,-0.02185179154597784,-0.02981493084216265,-0.019129393721828626,-0.018430824593951147,0.0,0.0,-0.024608457607727865,0.0,-0.025565269451465415,-0.025812787298135218,0.0,0.0,0.0,0.0,0.019090726458687254,0.0,0.0,0.0,0.0,0.0,-0.018579077573208095,0.0,0.02267563259013348,0.0,0.02116048912937465,0.01924196811839666,0.0,-0.018441509982677,0.0,0.0,0.0,0.0,0.0,0.0,0.0,0.0481443659725027,-0.019427603274958714,-0.02732671423224118,-0.017476110375443065,-0.020682343035533436,0.0,-0.01804553694197397,-0.021656960254645568,-0.018773066407641818,-0.03047046174878432,0.0,0.0,0.0,0.020121318959530298,0.0,0.032838482314834876,0.01778914767309131,0.018522324334139743,0.04751208935501039,0.026315422393713928,0.02892982371946553,0.0,0.0,0.0,0.0,0.0,0.018084599815704504,0.0,0.06224122660516728,-0.01751575988055537,0.0,-0.0221797950939803,0.0,0.0,0.0,-0.025903618390232606,-0.018587627080043086,0.0,0.0,0.0,0.0,0.0,0.0,-0.020240128855561562,0.0,0.03754680969905496,0.03964699692340905,0.0,0.0,0.0,0.0,0.018530472630498895,0.0,0.0,0.0,0.0,0.0,0.0,0.0,-0.02108833511855568
2019-12-31,0.0,0.0,0.0,-0.02200665352356269,-0.03201391784813375,-0.025594241375515057,-0.018110370973986916,-0.018309382498345503,-0.01632539669093477,-0.02478896951491203,-0.01704942048544571,-0.02746432542805143,-0.03217888739190416,0.0,0.0,0.0,0.0,0.024122514868897865,0.0,0.0,0.0,0.0,0.0,-0.018145871458942857,0.0,0.0,0.0,0.018226313048888127,0.0,0.0,-0.020800672737551613,0.0,-0.01621446975343161,0.0,0.0,0.0,0.0,0.0,0.0452130619589327,-0.016282615811662016,-0.02223972922707247,0.0,-0.02207853716770139,0.0,0.0,-0.017889955661514332,-0.017030954796504936,-0.029125773545036544,0.0,0.0,-0.015979497757116705,0.016119425514197195,0.0,0.030656056549112756,0.016545141244675245,0.0,0.0366754615945475,0.025399466536116824,0.01774360041283651,0.0,0.0,0.0,0.0,0.0,0.015594719564773001,0.0,0.07755372417198964,0.0,0.0,-0.01981402995066015,0.0,0.0,0.0,-0.02541274330323278,0.0,0.0,0.0,0.0,0.0232566984295358,0.0,0.0,0.0,0.0,0.043410844554061974,0.05344411612943181,-0.016538150756606,0.0,0.0,0.0,0.021890981126340636,0.0,0.0,0.0,0.0,0.0,0.017632672960851,0.0,-0.025120633676986102
2020-01-31,0.0,0.0,0.0,-0.015413371791130576,-0.02579370829936867,-0.014835768047796882,0.0,0.0,0.0,-0.015095760941728011,0.0,-0.01783307723615589,-0.024770532952974766,0.0,0.0,0.0,-0.014442389200872211,0.018031443641912705,0.0,0.0,0.0,0.0,0.0,0.0,0.0,0.021480510711159154,0.0,0.023338730263501997,0.015560752579830677,0.0,-0.017563764717688786,0.0,0.0,0.0,0.0,0.0,0.0,0.0,0.0316702534492801,0.0,-0.015138486487631544,0.0,-0.02236252788966254,0.0,0.0,0.0,0.0,-0.017701382691080205,0.0,0.0,-0.01855428943693742,0.02409244585914251,0.0295410013345091,0.03361227312592547,0.028041403084861652,0.014960832723092015,0.040448929539770924,0.026906363071113534,0.02448283076939548,0.0,0.0,0.015759331264488335,0.0,0.0,0.031330256447148486,0.0,0.08972451022269207,0.0,0.0,-0.015175262320510542,0.0157658075660139,0.0,0.0,-0.022057637354834292,0.0,0.0,0.0,0.0,0.024155094145519404,0.0,0.0,-0.014465248651685178,0.0,0.038544770824659076,0.04226786503295066,-0.01766011687251921,0.0,0.0,0.0,0.026851769091831002,0.0,0.0,0.0,0.0,0.03132462955384502,0.04098943660973079,0.0,-0.022255434195049172
2020-02-29,0.0,0.0,0.0,0.0,-0.021980878121104913,0.0,0.0,-0.015940829367596103,0.0,0.0,-0.014289320657730718,-0.015066164351999815,-0.020643552741992036,0.0,0.0,0.0,0.0,0.015231952615276734,0.0,0.0,0.0,0.0,0.0,0.0,0.0,0.030818520466223208,0.01821265823445919,0.05253028181599709,0.027205993591426395,0.0,-0.017040461632838542,0.0,-0.018944249202393855,-0.018590144071609128,0.0,0.0,0.0,0.0,0.028732927293619304,0.0,0.0,0.0,-0.020263486230743845,0.0,0.0,0.0,0.0,-0.014823451633359434,0.0,0.02450267659762169,-0.01695976944375606,0.03135962708640682,0.038247697548905606,0.04971033675069987,0.024356583682580313,0.025646405837497974,0.032650106547821585,0.018776620959723014,0.039588344436397804,0.016181130288350637,0.0,0.0,0.0,0.0,0.020746901619317658,0.0,0.0804814028146913,0.0,0.0,-0.014151803779583621,0.014278694995873396,0.0,0.0,-0.018773707103485165,0.0,0.0,0.0,0.0,0.01835965598368675,0.0,0.0,0.0,0.0,0.0274932860659899,0.033537098838556365,-0.017305869183126425,0.0,0.0,0.0,0.020658173983096613,0.0,0.0,0.0,0.0,0.0228038968036587,0.022737057270010408,0.0,-0.020378280350792064
2020-03-31,-0.021171256593670012,0.0,-0.017914056647796963,-0.01986439105299328,-0.02786085314563946,-0.02081984050198833,0.0,0.0,0.0,0.0,-0.017495693201747195,-0.017460044155249967,-0.024052283054746045,0.0,0.0,0.0,-0.02003802925063532,0.0,0.0,0.0,-0.019166240454878327,-0.024743641054321412,-0.01832100452075293,-0.02252057312033408,0.0,0.0,0.0,0.04880853561104355,0.024902394183610108,-0.01805262034059663,-0.02347347427540014,0.0,-0.024404503450539454,-0.023048330395300475,0.0,0.0,0.0,0.0,0.0,-0.01735995784648729,-0.01870162944438159,0.0,-0.02283746927043295,0.0,0.0,-0.018306051044197313,0.0,-0.018971965776408757,0.0,0.02878527983253614,0.0,0.0,0.03729805789852823,0.04981615247868635,0.0,0.03631916428086343,0.023486878387934167,0.021810840739907675,0.040252521872989555,0.0,0.0,0.0,0.0,0.0,0.0,0.0,0.06261205671533938,0.0,0.0,-0.019982696728953954,0.0,0.0,0.0,-0.020392800453243615,0.0,0.0,0.0,0.0,0.0,0.0,0.0,0.0,0.0,0.019949471065278196,0.025492143365614863,-0.02023873986682128,0.0,0.0,0.0,0.020916716436545846,0.0,-0.01874688898820939,0.0,0.0,0.0,0.0,0.0,-0.023604752495396297
2020-04-30,-0.027434613715415605,0.0,-0.0226218615086097,-0.02230122632778093,-0.023053823187766637,-0.02154227555423393,0.0,0.0,0.0,0.0,0.0,0.0,-0.020997240754254774,0.0,0.0,0.0,-0.02259976762116038,0.0,0.0,0.0,-0.025296452107837604,-0.029102991846098977,-0.022601224015809464,-0.027508116468852976,-0.02129844329112632,0.0,0.0,0.02443592747443967,0.0,-0.021908015236132342,-0.021039041775748873,0.0,-0.02546841312584238,-0.022197116549510593,0.0,0.0,0.0,-0.021099181106809865,0.0,-0.02052212059790919,-0.020675530120284745,0.0,-0.02353419683471354,0.0,-0.020373884559833192,-0.021581411415694047,0.0,-0.023995959229715532,0.0,0.035405442044332915,0.0,0.0,0.05140259632213538,0.04728526882922114,0.0,0.02321428977126007,0.02225431921887422,0.0,0.026446686871195734,0.0,0.0,0.0,0.0,0.0,0.0,0.0,0.0,0.0,0.0,-0.025586147879285714,0.0,0.0,-0.023587763062802376,-0.022045562130036913,0.0,-0.02129109423878521,0.0,0.0,0.0,0.0,-0.02116479892225938,0.0,0.0,0.0,0.028033984367228947,-0.02450392342437148,0.0,0.0,0.0,0.0,-0.02159062712979271,-0.023960455282933096,0.0,0.0,0.0,0.0,0.0,-0.029038206079903615
2020-05-31,-0.01674451524410857,0.0,0.0,-0.014949652142793585,-0.01666010390071199,0.0,0.0,0.0,0.0,0.0,0.0,0.0,0.0,0.0,-0.016147658550015185,0.0,0.0,0.0,-0.01767530736428858,0.0,-0.027309710756164875,-0.028508684426453663,-0.02339722338789128,-0.019917868337952404,0.0,0.0,0.0,0.021172109739426195,0.0,0.0,0.0,0.0,0.0,0.0,0.0,0.0,0.0,0.0,0.0,-0.01574235943833765,0.0,0.0,-0.016980003563720734,0.0,-0.016790500796835927,0.0,0.0,0.0,-0.015431481170401712,0.048544498205500476,0.0,0.020183490569672245,0.0666426085322659,0.04839436510828673,0.025143741618158875,0.03621161923335532,0.036980745296563325,0.026516178474418284,0.038579669820094115,0.04088844588281702,0.0,0.0170346932700324,0.0,0.0,0.019056751888394168,0.0,0.043815992842255735,0.0,0.0,-0.020846955409508636,0.0,0.0,-0.021057612383423928,-0.017468583023082913,0.0,-0.016773324659313086,0.0,0.0,0.0,-0.014634872470853795,-0.023031692720914758,-0.015647614361084552,0.0,0.018223942987484937,0.03472699737622336,0.0,0.0,0.0,0.0,0.023636096498025828,-0.0225736963929665,-0.01974359491408718,-0.016215037242113567,0.0,0.0,0.0,0.0,0.0
2020-06-30,-0.013404130087198624,0.0,0.0,0.0,-0.01841328542009271,0.0,0.0,0.0,0.0,0.0,0.0,0.0,0.0,0.0,-0.0147816223851967,0.0,0.0,0.0,-0.014575514309201527,0.0,-0.02903634804452253,-0.026959075237614285,-0.017285486777177707,-0.013863007792137174,0.0,0.0,0.0,0.03530657878450782,0.0,0.0,0.0,0.0,0.0,0.0,0.0,0.0,0.0,0.0,0.0,0.0,0.0,0.0,-0.016022838224825142,-0.015602120301810872,-0.01465987466423575,0.0,0.0,-0.013923524233803402,0.0,0.041854377576472236,0.01659719855297214,0.01904867396659,0.0601919337835957,0.056400593997582495,0.02228457753993558,0.027480859943586892,0.026101125616954428,0.017113439443461168,0.03337195436784525,0.036385287110418704,0.0,0.027508390787510183,0.0,0.0,0.020273207357767994,0.0,0.032631852592715796,0.0,0.01380995978592403,-0.021619834685623326,0.021214442945903928,0.0,0.0,-0.016397682338273236,0.0,0.0,0.0,0.0,0.02739156352547034,0.0,-0.019565885207110233,-0.019304884488396134,0.0,0.030378725203476648,0.04465686526455755,0.0,0.0,0.0,0.0,0.048041364983704093,-0.021203525860468822,-0.020011426773651718,-0.015326960037707196,0.0,0.0,0.0,0.0,0.0
2020-07-31,-0.01659912447591546,0.0,0.0,-0.01471174620320255,0.0,0.0,0.0,0.0,0.0,0.0,0.0,0.0,0.0,0.0,-0.018215082030180553,0.0,0.0,0.0,-0.015256556420339174,0.0,-0.03087188833894891,-0.03071989887401715,-0.018622708314033416,-0.016856133854156893,0.0,0.0,0.0,0.0,0.0,0.0,0.0,0.0,0.0,0.0,0.0,0.0,0.0,-0.01518758880942548,0.0,-0.015972808282787382,0.0,0.0,-0.018015735414864457,-0.018993188872246755,-0.016584005540343352,0.0,0.0,0.0,0.0,0.05095431835080153,0.017153935465592525,0.015382389279301361,0.05331984020246786,0.04404217903050489,0.016736176484567114,0.03050500693397477,0.029883688804879092,0.021564515536402273,0.035198249702395844,0.032345599139491615,0.0,0.02775345569516812,0.0,0.0,0.019001638914720252,0.0,0.030602596131180767,0.0,0.0,-0.022065185042021724,0.0,0.0,0.0,-0.014694943158608307,0.0,-0.016513381736602505,-0.018321572239733394,0.0,0.0,-0.016509429190770353,-0.01998394095005887,-0.020763208191628923,0.0,0.03405345123759284,0.04522408059576397,0.0,0.0,0.0,0.0,0.04483141002866225,-0.023093198517076457,-0.033821679055172485,-0.01907446495439838,0.0,0.0,0.0,0.0,0.0
2020-08-31,-0.017567810667667907,0.0,0.0,0.0,-0.012587886614266413,0.0,0.0,0.0,0.0,0.0,0.0,0.0,0.0,0.0,-0.017622225461173136,0.0,0.0,0.0,0.0,0.0,-0.029447677699224985,-0.030107870700745425,-0.019144641638464407,-0.013383668460653657,0.0,0.0,0.0,0.0,0.0,0.0,0.0,0.0,0.0,0.0,0.0,0.0,0.0,0.0,0.0,-0.01361757376161947,0.0,0.0,-0.015457499573836896,-0.013787770502798185,-0.014463896412683605,0.0,0.0,0.0,0.0,0.05497498999855613,0.025564432905468858,0.022247912620396892,0.056373300192364376,0.049981699804553935,0.019190413719668117,0.038669612395396895,0.03019485793553652,0.03130884284923757,0.046194570961185094,0.029012899823773735,0.0,0.039544859835233405,0.022236334029451833,0.0,0.022996766290951192,0.01606205752257566,0.02594984813865637,0.0,0.012657343230140256,-0.01780403005435394,0.01371349987996718,0.0,0.0,0.0,0.0,-0.015381184818183968,-0.014346817924172292,0.0,0.0,-0.014977237254934685,-0.01849327293592721,-0.016897282406234768,0.0,0.032114082946517346,0.03668229225585199,0.0,0.0,0.0,0.0,0.031097729870772518,-0.017530452315721718,-0.0306128535910816,0.0,0.0,0.0,0.0,0.0,0.0
2020-09-30,-0.019281321351068807,0.0,0.0,-0.013615129444409055,-0.01369602708131318,0.0,0.0,0.0,0.0,0.0,0.0,0.0,0.0,0.0,-0.01679190800042792,0.0,0.0,0.0,-0.01421373727589576,0.0,-0.03007892352612247,-0.0332808291528675,-0.015782490637324852,0.0,0.0,-0.012863854167263803,0.0,0.0,0.0,0.0,0.0,0.0,0.0,0.0,0.0,0.0,0.0,-0.014010180713921508,0.0,-0.013575725675956723,0.0,0.0,-0.01480936358265763,-0.014898681034694619,-0.016102277353233278,-0.012716272338295543,0.0,0.0,0.0,0.04687315132139974,0.029567208668959424,0.024158237004921135,0.0477155841482405,0.044553784939998384,0.017525064700545427,0.034630944140973514,0.03213284124681893,0.039537145598333615,0.05366243554770777,0.026189183606364123,0.0,0.03885849317070457,0.028603827252205862,0.01915688556358279,0.021477654035315458,0.024097429421339286,0.03342001329432178,0.0,0.013427500056241465,-0.016306251144971737,0.0,0.0,0.0,0.0,0.0,0.0,0.0,0.0,0.0,-0.01615653411411984,-0.01831195748509576,0.0,0.0,0.032935215012376284,0.0340207990185021,0.0,0.0,0.0,0.0,0.03327036037647858,0.0,-0.017694777795029183,0.0,0.0,0.0,0.0,0.0,0.0
2020-10-31,-0.021416776797485926,-0.014035868102307237,0.0,-0.015423703220945544,-0.013653453402781561,0.0,0.0,0.0,0.0,0.0,0.0,0.0,0.0,0.0,-0.020075655538421357,0.0,-0.012785366639984292,0.0,-0.01549546635242715,0.0,-0.03508540911102244,-0.035711868853624235,-0.0206830015770024,-0.014329010019290357,0.0,-0.016447621980226826,0.0,0.0,0.0,0.0,0.0,0.0,0.0,0.0,-0.012783894104540512,0.0,0.0,-0.017201114270669643,0.0,-0.01485065474744554,0.0,0.0,-0.016392796580613822,-0.015994543958247804,-0.01704947798500704,-0.013157845824619893,0.0,0.0,0.0,0.05131644579403408,0.05306963733897453,0.025160603049902076,0.04809654821012543,0.04092517795761276,0.0,0.03840288464060072,0.032304573286890174,0.032925010492471436,0.0503088598300488,0.02188718671481246,0.0,0.03407324326167567,0.023660881201849608,0.01814608150743432,0.0,0.022799848906786113,0.032386284527412344,0.0,0.0,0.0,0.0,0.0,0.0,0.0,0.0,0.0,0.0,0.0,0.0,-0.018983246308639297,-0.017121888268166265,0.0,0.0,0.024283780419663732,0.028948308581164896,0.0,0.0,0.0,0.0,0.028655172088690374,0.0,-0.013970808546381344,0.0,0.0,0.0,0.0,0.0,0.0
2020-11-30,-0.02057441351042102,-0.0141043738352297,0.0,-0.014467872373898382,-0.013668424187114014,0.0,0.0,0.0,0.0,0.0,0.0,0.0,0.0,0.0,-0.02059964841404232,0.0,0.0,0.0,-0.01684057954868594,0.0,-0.03409542698059259,-0.038259168307680204,-0.02211442203235382,0.0,0.0,-0.017334308850359754,0.0,0.0,0.0,0.0,0.0,0.0,0.0,0.0,0.0,0.0,0.0,-0.015455951206347612,0.0,0.0,0.0,0.0,-0.015521998866897842,-0.016267829300406697,-0.015960461409386173,0.0,0.0,0.0,0.0,0.04463204792111835,0.04013490354556147,0.02294836729338777,0.040491486850516685,0.03363667780051952,0.0,0.031182967031630877,0.020011726888773528,0.029111298877568716,0.03258834723661255,0.022260735147049387,0.0,0.04311626827815318,0.04209178909259334,0.026328645504588598,0.01621257121265468,0.03376957817449005,0.0370639567912099,0.021550900319777237,0.026973834119970973,0.0,0.0,0.0,0.0,0.0,0.0,0.0,0.0,0.017198642633317603,0.024290228628945528,-0.01706564720639262,-0.01522654699409717,0.0,0.0,0.016001138877747723,0.023067908796855146,0.0,0.0,0.0,0.0,0.033395307421692416,0.0,0.0,0.0,0.0,0.0,0.014383598531358776,0.0,0.0
2020-12-31,-0.02391948834954493,0.0,0.0,-0.015626781973407507,-0.013284577241263357,-0.013446302414122242,0.0,0.0,0.0,0.0,0.0,0.0,0.0,0.0,-0.016695546738004798,0.0,0.0,0.0,-0.01832816977430917,0.0,-0.02294840212244311,-0.02785932383059682,0.0,0.0,0.0,-0.014935786265823724,0.0,0.0,0.0,0.0,0.0,0.0,0.0,-0.01494566985660433,0.0,0.0,0.0,-0.018226921445047492,0.0,-0.014234899416673602,0.0,0.0,-0.013587453153775509,-0.017903122435192098,-0.013613530952957843,0.0,0.0,-0.014454570170735545,0.0,0.03865534486891097,0.06514902110568378,0.0,0.03254383470993763,0.036727715917397416,0.0,0.027673116356855904,0.0,0.021048360790414892,0.020437178859802157,0.013754399855048605,0.0,0.042922171427333296,0.04195295743310484,0.016971936044430636,0.0,0.0392615672961406,0.04875890234019377,0.038195496288077405,0.038632166048358584,0.0,0.013809786250079125,0.0,0.0,0.0,0.0,0.0,0.0,0.019547507161823494,0.028500686199853725,-0.016810772563358774,-0.01463444668391513,0.0,0.0,0.025684278922492303,0.0245067396982235,0.0,0.0,0.0,0.015149363429728436,0.044661703608333006,0.0,0.0,0.0,0.0,0.0,0.0,0.0,0.0
2021-01-31,-0.01833271656511373,0.0,0.0,0.0,0.0,0.0,0.0,0.0,0.0,0.0,0.0,0.0,0.0,0.0,-0.012595228168137036,0.0,0.0,0.0,-0.016991536871330194,0.0,-0.018814524427217778,-0.02222253690241732,0.0,0.0,0.0,-0.016113033258677963,0.0,0.0,0.0,0.0,0.0,0.0,0.0,-0.013246953212105119,0.0,0.0,0.0,-0.01564848423090133,0.0,0.0,0.0,0.0,0.0,-0.015794470131474225,0.0,0.0,0.0,0.0,0.0,0.04479643741651999,0.04484584858767855,0.013310211936572516,0.028724457830119204,0.025908587581626077,0.0,0.024776895797768813,0.012868329821730841,0.02067354207397386,0.025895749840725204,0.0,0.0,0.03924824066001054,0.057945403413598044,0.02826122713989735,0.012958665440726574,0.034195378828470166,0.05568815529975871,0.046074560680693114,0.05312396311891286,0.0,0.033234702146781286,0.01692695682789926,0.01626679017158533,0.0,0.012869855966482189,0.012815020656795306,0.0,0.016270347809211473,0.021583780450825627,0.0,0.0,0.016148738919551167,0.0,0.03168606193379067,0.01924158388517682,0.0,0.0,0.0,0.0,0.03445864750006584,0.0,0.0,0.0,0.014716757760814738,0.0,0.0,0.020590779006369977,0.01413483772849329
2021-02-28,-0.013974781074161058,0.0,0.0,0.0,0.0,0.0,0.0,0.0,0.0,0.0,0.0,0.0,0.0,0.0,-0.013619465410293538,0.0,0.0,0.0,-0.014152582371142749,0.0,-0.014689031217860329,-0.01799289888538725,0.0,0.0,0.0,-0.01372531598768788,0.0,0.0,0.0,0.0,0.0,0.0,0.0,-0.012523837972784162,0.0,0.0,0.0,-0.011645981528369634,0.0,0.0,0.0,0.0,-0.011473602327410232,-0.01443006791568223,0.0,0.0,0.0,0.0,0.0,0.036309485925551624,0.04831923689177921,0.0,0.01991319710912596,0.01405436234013167,0.0,0.012679814301730206,0.0,0.0,0.01878901561753031,0.0,0.0,0.02437824410476459,0.052800477903477146,0.015994167270655703,0.020434855678008446,0.02625160918800432,0.041835983851624535,0.07299348275501961,0.07877908963571696,0.0,0.04995875322645469,0.02981753540485909,0.02629650791900485,0.0,0.020636506802128658,0.03403261371615798,0.0,0.026131724874511104,0.02161919287208002,-0.011149868443264311,0.0,0.019378221674111958,0.0,0.025592970532905056,0.018476463177884577,0.0,0.01581194829097203,0.0,0.0,0.02787685919600067,0.017710786927595045,0.0,0.0,0.0,0.0,0.0,0.01977887607958308,0.013970583598587428
2021-03-31,0.0,0.0,0.0,0.0,0.0,0.0,0.0,0.0,0.0,0.0,0.0,0.0,0.0,0.0,0.0,0.0,0.0,-0.010181480378603823,-0.010628334120653598,0.0,-0.010400857393312124,-0.01223508122293951,0.0,0.0,0.0,-0.010332116661872053,0.0,-0.010873997490445306,0.0,0.0,0.0,0.0,0.0,-0.010131537528872537,0.0,0.0,0.0,0.0,0.0,0.0,0.0,0.0,0.0,-0.011359218990662777,0.0,0.0,0.0,0.0,0.0,0.024893202548619958,0.05092676504831017,0.0,0.0143454852029307,0.0,0.0,0.0,0.0,0.0,0.017384856052282918,0.0,0.0,0.030214495984889244,0.05505768820295444,0.0191769754441429,0.027421581371447745,0.03862660191246987,0.05164810116186957,0.08142850215114542,0.07441550324611033,0.013115125888606301,0.06121618503530683,0.03627283916488976,0.023909385836080037,0.0,0.022170024124212498,0.02613854195793595,0.013685806839167466,0.027265864825566928,0.02851239797146716,0.0,0.0,0.020278222843109116,0.0,0.019232864458175604,0.013244851504088714,0.0,0.015084449309753249,0.0,0.009541025478250363,0.014327317011502786,0.015949445111506033,0.0,0.0,0.0,0.010415634890224361,0.015209978738233267,0.023276697098871705,0.019470959798516926
2021-04-30,0.0,0.0,0.0,0.0,0.0,0.0,0.0,0.0,0.0,0.0,0.0,0.0,0.0,0.010505391517195588,0.0,0.0,0.0,-0.011806515493582692,-0.010351401645064403,0.0,0.0,-0.011277358973263343,0.0,0.0,0.0,0.0,0.0,0.0,0.0,0.0,0.0,0.0,0.0,0.0,0.0,0.0,0.0,0.0,0.0,0.0,0.0,0.0,0.0,0.0,0.0,0.0,0.0,0.0,0.0,0.023356026458168838,0.06784412740375609,0.0,0.01161748805431361,0.011086219783113974,0.0,0.0,0.0,0.0,0.012546524711999962,0.0,0.0,0.01846182832182252,0.025819000506430486,0.011952705302430531,0.01050800928997768,0.02304452957410041,0.0315150279533279,0.08433404124850621,0.06385600201758322,0.010597655850323785,0.037071248749337725,0.027687271597597086,0.025047813555663167,0.011846218801485613,0.03972652124942947,0.044663307543116,0.021889108887872995,0.038552965747538435,0.0262778959554813,0.0,0.0,0.03287202110446162,0.0,0.024241084008525596,0.021760599885808394,0.0,0.019322116981742046,0.011721733058197917,0.01813351853319456,0.016799663589821084,0.02946719573704764,0.012638825273888737,0.0,0.0,0.01714278573659888,0.01998433070335073,0.026109869228788357,0.02656404996609151
2021-05-31,0.0,0.0,0.0,0.0,0.0,0.0,0.0,0.0,0.0,0.0,0.01917713720106235,0.0,0.0,0.0,0.0,0.0,0.0,0.0,0.0,0.0,0.0,0.0,0.0,0.0,0.015602858310673947,0.0,0.0,0.0,0.0,0.015069864662196036,0.0,0.0,0.0139461967401206,0.0,0.0,0.0,0.0,0.0,0.01567873681346943,0.0,0.0,0.0,0.0,0.0,0.0,0.0,0.0,0.0,0.0,0.039249972464228115,0.07484732621973467,0.0,0.018052069016497713,0.018453442942016108,0.0,0.022060733023056153,0.0,0.0,0.01950190421404369,0.016569373190444114,0.015949478674172866,0.017641234712287006,0.0222216523518361,0.0,0.0,0.01611709535119995,0.045553337472145766,0.07650719079433348,0.0496106376168804,0.014757304221578662,0.034941570629373905,0.023445092616274355,0.029757378372137277,0.014622674159828642,0.01919869508506447,0.024344749069988163,0.017620938304702894,0.029710505484760594,0.025070731774318657,0.0,0.0,0.020293839955834655,0.0,0.019275280809912892,0.01444513103799054,0.0,0.0,0.0,0.01732455499980276,0.015427566509991983,0.035715702309940346,0.0,0.0,0.01417775658701778,0.019794238191535266,0.019113581047347724,0.02322796124092843,0.035924505821271456
2021-06-30,0.0,0.0,0.0,0.0,0.0,0.0,0.0,0.0,0.0,0.0,0.014189078705126573,0.0,0.0,0.0,0.0,0.0,0.0,0.0,0.0,0.0,0.0,0.0,0.0,0.0,0.01521574425919926,0.0,0.0,0.0,0.0,0.02066322852730529,0.0,0.0,0.013191142379589575,0.0,0.0,0.0,0.0,0.0,0.016830461683744954,0.0,0.0,0.0,0.0,0.0,0.0,0.0,0.0,0.0,0.0,0.03179626661680031,0.10908809751356853,0.0,0.019772470816761145,0.01778775555493851,0.0,0.021475084245761524,0.0,0.0,0.017856990437094537,0.017464976493532795,0.016363585510268133,0.01505439737187367,0.02172224256668135,0.0,0.0,0.016110793138076847,0.028435968644202784,0.07083500847877901,0.036699145344198415,0.015549159732290334,0.030100202339980425,0.020126641937092064,0.0237365552586789,0.013982880995752248,0.0,0.025056466505902753,0.025007172398214615,0.034878955832117496,0.02625566536208902,0.0,0.0,0.025727816477608547,0.0,0.018804140148767093,0.015978285623706352,0.018224657936654013,0.0167409011556718,0.0,0.021304479014996894,0.0,0.025328571427394374,0.01824596415603243,0.0,0.0,0.02167056383293544,0.016920647984555552,0.030957499921514024,0.03485033367054245
2021-07-31,0.0,0.0,0.0,0.0,0.0,0.0,0.0,0.012972889681623813,0.0,0.01064715719653241,0.027755114226302367,0.0,0.02117768483782846,0.0,0.0,0.0,0.0,0.0,0.0,0.0,0.0,0.0,0.0,0.0,0.03154353480851691,0.0,0.0,0.0,0.0,0.023318271762799752,0.0,0.0,0.01877811103080488,0.0,0.0,0.0,0.0,0.0,0.025155232435579607,0.0,0.0,0.0,0.0,0.0,0.0,0.0,0.014412600892011487,0.0,0.0,0.016558850844775312,0.08638615964062198,0.0,0.0148072686735264,0.0,0.0,0.0,0.0,0.0,0.0,0.0,0.012238250442929218,0.0,0.017443238953731507,0.0,0.0,0.0,0.019436978693662735,0.060589133185193995,0.03355243878528378,0.024787079803580057,0.03151281200928857,0.021720051443891098,0.03367085681648247,0.024869816558440446,0.019409494758619462,0.034768973129540436,0.02842696905476642,0.03809149640232318,0.016538704180178058,0.0,0.0,0.030358605415281053,0.0,0.017973848245055775,0.01163166733996907,0.023632429990310337,0.019512177090358466,0.01376142823933506,0.02413200130895829,0.0,0.01858446280480124,0.024822653085723352,0.0,0.0,0.015217766395583332,0.01661322358842062,0.03273081576352985,0.030459750483838772
2021-08-31,0.0,0.0,0.0,0.0,0.0,0.0,0.0,0.0,0.0,0.0,0.029133879533947884,0.0,0.017292925574030373,0.0,0.0,0.0,0.0,0.0,0.0,0.0,0.0,0.0,0.0,0.0,0.02254638186745437,0.0,0.0,0.0,0.0,0.023812843757302762,0.0,0.0,0.017624415296001547,0.0,0.0,0.0,0.0,0.0,0.026930703336974393,0.0,0.0,0.0,0.0,0.0,0.0,0.0,0.0,0.0,0.0,0.013549033095389356,0.06289558837207782,0.0,0.017045314396633413,0.014582915431435927,0.0,0.0,0.0,0.0,0.011633301970893056,0.0,0.01739358699715639,0.012477329797844975,0.01794873079487332,0.0,0.0,0.0,0.02856544929999373,0.05440828803621083,0.03406087072149777,0.03011965406812654,0.033615253488108635,0.02903260914274781,0.028259186841384995,0.02166333946102272,0.01561050035588008,0.04379460643062634,0.031829332709422176,0.040632862060954504,0.020467124280513754,0.0,0.0,0.03042830400075956,0.0,0.021313842108867765,0.020050917722305914,0.02489979009274124,0.018958510586477375,0.011774555598164918,0.027042342189745425,0.0,0.018399324362869018,0.019858998864146687,0.0,0.0,0.02407840072208754,0.022279393726695823,0.01835234686121186,0.02563724604542149
2021-09-30,0.0,0.0,0.0,0.0,0.0,0.0,0.023769122550191975,0.0,0.019484929977991644,0.0659573479253649,0.06625787669458122,0.0,0.05862117183258907,0.0,0.0,0.019567679374532864,0.0,0.0,0.0,0.0,0.0,0.0,0.0,0.0,0.021990914829230712,0.0,0.026625386553853415,0.0,0.0,0.028792189431485187,0.013771724515500716,0.014586948596483799,0.025557272253526372,0.0,0.0,0.01504410152794104,0.0,0.0,0.03818240110355442,0.0,0.014407047386538955,0.0,0.0,0.0,0.0,0.0,0.018267514691114164,0.0,0.0,0.0,0.020226859849204856,0.0,0.0,0.0,0.0,0.0,0.0,0.0,0.0,0.0,0.0,0.0,0.013639586457597582,0.0,0.0,0.0,0.03148713109724646,0.04119413774091835,0.021648980825941282,0.02299273292894244,0.01287807533992583,0.0,0.015278338221337463,0.03500581477412739,0.0,0.03138527447982271,0.022742222485246696,0.027271627109687255,0.0,0.0,0.0,0.0249271994890531,0.0,0.01385475436976277,0.0,0.018719696411675042,0.019947879109207964,0.014266794405249117,0.022798757337276775,0.0,0.03081810592502992,0.015952078302604495,0.0,0.018361336957924468,0.017238399408212035,0.019587426154322435,0.0,0.016893161575203045
2021-10-31,0.0,0.0,0.0,0.0,0.0,0.0,0.022666513735648156,0.0,0.0,0.027306296261529226,0.04423133770456634,0.0,0.04944015132391607,0.01828053110293982,0.0,0.01804554542138782,0.016448087496705517,0.0,0.0,0.0,0.0,0.0,0.0,0.02010312167252281,0.018679904987264063,0.0,0.029684819734472644,0.0,0.016402678893378386,0.0401402269687912,0.0,0.0,0.02299513417907653,0.0,0.0,0.016775166118345796,0.0,0.0,0.03232413496549699,0.0,0.01435552686555942,0.0,0.0,0.0,0.0,0.0,0.015955090188914427,0.0,0.03479048331110361,0.0,0.038535202247297416,0.0,0.0,0.0,0.0,0.0,0.0,0.0,0.0,0.0,0.0,0.0,0.0,0.0,0.0,0.0,0.0,0.03597172101664464,0.018975247703524486,0.035354534620450406,0.0,0.0,0.013995705316572474,0.04835599239598148,0.017508293316388455,0.03153699779188941,0.019191515739095895,0.025987396942207884,0.015627499282604183,0.0,0.0,0.02373369810424808,0.0,0.015246611556889125,0.0,0.0,0.014754900855617547,0.0,0.022701204748063412,0.0,0.050075331250336155,0.025494491232192693,0.016339798591770944,0.01665854116983554,0.01713167002634874,0.021566933183550602,0.016631961976871674,0.0
2021-11-30,0.0,0.0,0.0,0.0,0.0,0.016141963041549634,0.032373054074170536,0.0,0.013416989610770138,0.033626648329824246,0.046150493862187746,0.0,0.04267001028865271,0.019482421489477177,0.0,0.018495734111136784,0.01871374490037746,0.0,0.0,0.0,0.0,0.0,0.0,0.01701599871888193,0.019204701381545335,0.0,0.023779789909591148,0.0,0.01678005982911519,0.046393117820075776,0.0,0.0,0.020156628125166737,0.0,0.0,0.014585588100669162,0.0,0.0,0.03006039039386912,0.0,0.014109653525665036,0.0,0.0,0.0,0.0,0.0,0.015332195499534424,0.0,0.0,0.0,0.04000918805450076,0.0,0.0,0.0,0.0,0.0,0.0,0.0,0.0,0.0,0.0,0.0,0.0,0.0,0.0,0.0,0.016295016115329224,0.03900958959047584,0.01768661188436166,0.036772419438336756,0.0,0.0,0.0,0.0345560046157103,0.0,0.030841647345350724,0.020928552637479288,0.02528576466391035,0.012524926702380817,0.0,0.0,0.032350983572458504,0.0,0.014595708358603873,0.0,0.0,0.0,0.0,0.020732893581754626,0.0,0.05190932287133897,0.030137993656035974,0.014545902671147495,0.02033608717201305,0.021574882946787884,0.025332506834737936,0.016978988915892425,0.019105825359133338
2021-12-31,0.0,0.0,0.0,0.009998723478879996,0.0,0.0187154306727328,0.039697167962640924,0.0,0.0,0.030570174120202676,0.03216515248807543,0.2,0.023761641265638064,0.021121650036449904,0.0,0.017401609537715926,0.015068244679963747,0.0,0.0,0.0,0.0,0.0,0.0,0.01515430023922382,0.01441403778169283,0.0,0.022978093060780407,0.0,0.01200211873453413,0.043888174966044365,0.0,0.010923848899112071,0.040968152633150595,0.0,0.0,0.010673450757666587,0.0,0.0,0.0307970789903083,0.0,0.0,0.0,0.0,0.0,0.0,0.0,0.0,0.0,0.0,0.0,0.02340457291077916,0.0,0.0,0.0,0.0,0.0,0.0,0.0,0.0,0.0,0.0,0.0,0.0,0.0,0.0,0.0,0.0,0.02598639530423514,0.01269778082742544,0.023728110357602,0.0,0.0,0.0,0.027042626918194146,0.0,0.017779640450359326,0.014914036630402652,0.015960396703532213,0.011285373466613229,0.0,0.0,0.014582397694284566,0.01986904278501618,0.011537775906720225,0.0,0.0,0.0,0.0,0.016043892781871846,0.0,0.023513692215777315,0.02930397876425613,0.021192525701925678,0.01406499065519868,0.015254170255607106,0.0182828467026013,0.013034048048918565,0.02022265461386667
2022-01-31,0.0,0.0,0.011919054459049004,0.012290744218896255,0.0,0.020516631024111862,0.04633249755523543,0.0,0.0,0.031976878164231275,0.026656984837945014,0.2,0.021278702235696185,0.021574540026601613,0.0,0.0204588920528202,0.01812916552051464,0.0,0.0,0.0,0.01225602690890879,0.0,0.0,0.015433367793597991,0.01350859335114606,0.0,0.02678866513275315,0.0,0.011094733051251913,0.031834444910197636,0.0,0.011992872605832901,0.03529367782213124,0.0,0.0,0.0,0.0,0.0,0.028031129305743887,0.0,0.0,0.0,0.0,0.0,0.0,0.0,0.0,0.0,0.0,0.0,0.014009991079084594,0.0,0.0,0.0,0.0,0.0,0.0,0.0,0.0,0.0,0.0,0.0,0.0,0.0,0.0,0.0,0.0,0.02530392758971689,0.01182553805439273,0.02901986638745061,0.0,0.0,0.0,0.028361744751409096,0.0,0.022182826286714398,0.016137522982217913,0.015278738673949141,0.012106242443076174,0.0,0.0,0.019086762073609313,0.019207578951350977,0.0,0.0,0.0,0.0,0.0,0.01387555343612456,0.0,0.02417029187029137,0.030913872307377917,0.02053801772668109,0.011416073725413119,0.01692781701278105,0.020567941948106645,0.013667070389427105,0.018035021334160455
2022-02-28,0.014238768852174084,0.013089763632796481,0.016059394522389022,0.01783333824741898,0.0169744541227879,0.026899497599718287,0.05258581502821046,0.0,0.011991405104774469,0.05294268519363028,0.030728377183089364,0.2,0.021680851017919552,0.024558800435982298,0.0,0.02447659309616158,0.02090239947970649,0.0,0.0,0.0,0.01475658680433082,0.0,0.0,0.014702750313076277,0.013309785955887063,0.0,0.03041357771595748,0.0,0.01310406613873923,0.03318272552080634,0.0,0.014893999061972515,0.036190906417400685,0.0,0.0,0.015640428064549083,0.0,0.0,0.02743916570516354,0.011754402873177375,0.0,0.0,0.0,0.0,0.0,0.014135981827682135,0.0,0.0,0.0,0.0,0.01457938564696671,0.0,0.0,0.0,0.0,0.0,0.0,0.0,0.0,0.0,0.0,0.0,0.0,0.0,0.0,0.0,0.0,0.015083017273016835,0.0,0.026997422331722448,0.0,0.0,0.0,0.026809680771713702,0.0,0.0,0.01158988086612348,0.0,0.0,0.0,0.01465397442409602,0.013835870208685591,0.013288161376735344,0.0,0.0,0.0,0.0,0.0,0.0,0.0,0.015671264273777945,0.019275528815351953,0.017575858362805626,0.0,0.011617544828652553,0.014535890904850069,0.0,0.0
2022-03-31,0.014952133454912085,0.01717079265298552,0.01746101277366708,0.018477675371258863,0.020522799852334732,0.028659867169331645,0.05549170931190753,0.0,0.0216022541924315,0.06425861624818112,0.03079476935284269,0.2,0.03319965943180929,0.025013149372751148,0.012033707547993225,0.02478783124183781,0.02383116016563836,0.01135660702456663,0.0,0.0,0.014205396491706174,0.0,0.0,0.014403937239380002,0.0,0.0,0.024128993496184067,0.0,0.011727766259330332,0.02543185775558204,0.0,0.013466244185653656,0.030370125602923195,0.0,0.0,0.021960466436118244,0.0,0.0,0.0183024722161468,0.011921794656701908,0.011364593925482289,0.01082830005945309,0.0,0.0,0.0,0.018228202902696066,0.0,0.0,0.019452976428657467,0.0,0.0,0.0,0.0,0.0,0.0,0.0,0.0,0.0,0.0,0.0,0.0,0.0,0.0,0.0,0.0,0.0,0.0,0.013456448375937896,0.0,0.015215163061828282,0.0,0.0,0.0,0.03277126407275662,0.0,0.0,0.0,0.0,0.0,0.0,0.010579127076657716,0.0,0.012316204871451464,0.0,0.0,0.0,0.0,0.0,0.0,0.0,0.012329699151057957,0.012094251194145263,0.014911216629439073,0.0,0.0,0.0,0.0,0.010919752746261363
2022-04-30,0.015224329427797124,0.017621961600892074,0.019680935627852062,0.018202095131940595,0.024607050515487092,0.02916159407203736,0.050971494810479516,0.0,0.02861425854774241,0.0474066806953154,0.0346483518229656,0.2,0.02940000607979795,0.02573968947336531,0.01317784615205245,0.029193462157278662,0.019937952623067676,0.011586649984737116,0.0,0.0,0.013644102636525391,0.0,0.0,0.016939277193483034,0.0,0.0,0.02117432049721235,0.0,0.01375395062601775,0.022180564687118227,0.011624099334584581,0.0,0.023753138052204078,0.0,0.013198155502535745,0.021724520213632553,0.0,0.0,0.011598454249433808,0.012076221518600327,0.011750230445302545,0.0,0.0,0.0,0.0,0.01990111620728473,0.0,0.011835398237250553,0.017967305784280154,0.0,0.0,0.0,0.0,0.0,0.0,0.0,0.0,0.0,0.0,0.0,0.0,0.0,0.0,0.0,0.0,0.0,0.0,0.0,0.0,0.018932087320674074,0.0,0.0,0.0,0.034144902216854005,0.0,0.0,0.0,0.0,0.0,0.0,0.0,0.0,0.018203610213998727,0.0,0.0,0.0,0.0,0.0,0.0,0.0,0.013348671110037716,0.01209071286643685,0.018291606619883948,0.0,0.0,0.0,0.012097851306588954,0.014595344437251379
2022-05-31,0.02429893163398431,0.020648515816044825,0.022725205819703186,0.022533516962916802,0.024131054864492244,0.028227060867986202,0.055290554923172266,0.0,0.031415178009864035,0.044048760466606524,0.03934271749517652,0.04824672056703046,0.035784136715017935,0.031820953116144315,0.017643871222268678,0.03976597515069898,0.03204595681015692,0.0,0.0,0.0,0.0,0.0,0.0,0.019491921489331963,0.019271334770729197,0.0,0.021029867550095477,0.0,0.01560513932898439,0.031398180719322884,0.016154865158035107,0.01600008358933253,0.02680167640882993,0.0,0.017279144566988012,0.028520037514827186,0.0,0.0,0.02032050451625995,0.0,0.0,0.0,0.0,0.0,0.0,0.023165534828914952,0.0,0.01645013507303025,0.017214720909013524,0.0,0.0,0.0,0.0,0.0,0.0,0.0,0.0,0.0,0.0,0.0,0.0,0.0,0.0,0.0,0.0,0.0,0.0,0.0,0.0,0.026842269968973088,0.0,0.0,0.0,0.022243959313175087,0.0,0.0,0.020939658238912674,0.017008260550345006,0.0,0.0,0.0,0.0,0.0,0.0,0.0,0.0,0.0,0.0,0.0,0.0,0.0187164267755137,0.015131840392876832,0.020340651939864327,0.014412681128570774,0.0,0.0,0.017420131149408137,0.020271863677400834
2022-06-30,0.024874481872065996,0.025787956817236526,0.02715684907374401,0.024733386944893684,0.027348275032349774,0.026358914227456124,0.05462575982153377,0.014697952753737604,0.03230369657000975,0.03524185640430371,0.03948189640903377,0.051286763442134,0.033840436669612534,0.03268989598984362,0.019147623457172955,0.03696970502156185,0.032398160735917135,0.0,0.0,0.0,0.015756323482993502,0.0,0.0,0.020464911823502484,0.023787509000801087,0.0,0.019572759778098622,0.0,0.016659351733474104,0.02880082493823407,0.020582794954080382,0.017511376774684145,0.030096416050098593,0.0,0.019579986387251305,0.030345690526442027,0.0,0.0,0.018482006144549895,0.014519120427785267,0.0,0.0,0.0,0.0,0.0,0.021733624398014618,0.0,0.0,0.016458402978817153,0.0,0.022291046468081516,0.0,0.0,0.0,0.0,0.0,0.0,0.0,0.0,0.0,0.0,0.0,0.0,0.0,0.0,0.0,0.0,0.0,0.0,0.024878883932491186,0.0,0.0,0.0,0.014828884734148359,0.0,0.0,0.016327575312311892,0.01646551088923856,0.0,0.0,0.0,0.0,0.0,0.0,0.0,0.0,0.0,0.0,0.0,0.0,0.017149531085215435,0.015125221042755342,0.0196386358943237,0.0,0.0,0.0,0.0,0.0
2022-07-31,0.028126330598902335,0.022924139600924556,0.027895016950898542,0.026317340419395513,0.02976810859147405,0.022661451708959668,0.046737705741132445,0.0,0.026801046119326315,0.022598778828838918,0.03185000274955127,0.05096127822694825,0.03357103537033953,0.036172935794973396,0.025035057735601204,0.04391108780137984,0.04056448213336967,0.01628954702488267,0.0,0.0,0.015086078149687156,0.0,0.0,0.026424884335051167,0.019538798589815567,0.0,0.015773524334396626,0.0,0.01702713922300592,0.04261497487610503,0.022550990014611534,0.013940888358389416,0.023083758145051647,0.0,0.021253054058128305,0.02579638064450818,0.0,0.0,0.016232260049186188,0.0,0.0,0.0,0.0,0.0,0.014142898310591063,0.021987387813120825,0.0,0.0,0.0,0.0,0.025279296882491264,0.0,0.0,0.0,0.0,0.0,0.0,0.0,0.0,0.0,0.0,0.0,0.0,-0.01959015496572077,0.0,0.0,0.0,0.0,0.0,0.015995200971079176,0.0,0.0,0.0,0.02163246675225186,0.0,0.0,0.020537406721756198,0.01825540063782762,0.013681831906027531,0.0,0.0,0.0,0.0,0.0,0.0,0.0,0.0,0.0,0.0,0.0,0.0,0.01471578574920401,0.022674093115094742,0.0,0.0,0.0,0.0,0.0
2022-08-31,0.027900577393709908,0.02264706942508325,0.022946923301714765,0.020661162188252837,0.028209402533273444,0.02183918731240192,0.04686772128680823,0.014983221352037014,0.020459507183172146,0.0,0.03102807718688462,0.03935008249884701,0.0286740520865385,0.0330827935931568,0.021786773744370283,0.039000624689694584,0.040918823479331644,0.042637002962110385,0.0,0.0,0.0,0.0,0.0,0.03370526640787123,0.023400628360554183,0.0,0.016673849526096726,0.013543690415290853,0.021409688014310313,0.05224493300256098,0.019308294781214652,0.018180183847298362,0.02749372563735648,0.014564252210905558,0.01370769982669052,0.022739913309816652,0.0,0.0,0.02283439554950086,0.0,0.0,0.0,0.0,0.0,0.0,0.021555936502296008,0.0,0.0,0.0,0.0,0.025446858558401154,0.0,0.0,0.0,0.0,0.0,0.0,0.0,0.0,0.0,0.0,0.0,0.0,-0.020219740044703508,0.0,0.0,0.0,0.0,0.0,0.0,0.0,0.0,0.0,0.01702740973589182,0.0,0.0,0.0227282367943313,0.01851290558498325,0.014011076386634123,0.0,0.0,0.0,0.0,0.0,0.0,0.0,0.0,0.0,0.0,0.0,0.014483925564796926,0.015834889104635236,0.02737949861647191,0.0,0.0,0.0,0.0,0.0
2022-09-30,0.027161771297468554,0.019259002857167078,0.028426626094061186,0.02053641390614396,0.033099441493976714,0.022211668210339947,0.0541704743139004,0.01590840468494584,0.02769382283076816,0.016399547650641593,0.028289877283873305,0.044520400903124195,0.02918370274138591,0.027826272579567032,0.017044149562762147,0.03719259770272366,0.03709126310122805,0.04883495285156197,0.0,0.0,0.014946565616028898,0.0,0.0,0.03364151160691364,0.020556686411931785,0.0,0.0,0.0,0.0,0.0533819263991336,0.02262982908950805,0.015404542133693883,0.02419309869798085,0.014673144920663406,0.019959845905602958,0.029700368096046474,0.0,0.0,0.01887443455927708,0.0,0.0,0.0,0.0,0.0,0.012910289746285119,0.018771575686363475,0.0,0.0,0.0,0.0,0.01683472813977709,0.0,0.0,0.0,0.0,-0.01387449671352459,0.0,0.0,0.0,0.0,0.0,0.0,0.0,-0.02150553364766933,0.0,-0.013345284534888174,0.0,0.0,0.0,0.019697304749472008,0.0,0.0,0.0,0.0,0.0,0.0,0.0,0.0,0.0,0.0,0.0,0.0,0.0,0.0,0.0,0.0,0.0,0.0,0.0,0.0,0.013104515817288068,0.018596921526525326,0.03322078054922751,0.0,0.0,0.0,0.015326225386559044,0.0
2022-10-31,0.02649166385445285,0.01972060216285481,0.04019359881251463,0.023491453706970776,0.036484408963383314,0.019729711104992293,0.05331546944274137,0.022108436895150258,0.021448117585133895,0.015198906032734187,0.022744341058681422,0.03783076286865767,0.03031200276347962,0.02552266888766091,0.013976730093728212,0.031345935080901076,0.026137493597197456,0.04709020883152044,0.0,0.0,0.01900858383460565,0.0,0.0,0.02914828145662601,0.0,0.0,0.0,0.0,0.0,0.07208259615032407,0.01850741742147902,0.0,0.018490592646355386,0.0,0.01896297219514412,0.03631335410049318,0.0,0.017129661500001572,0.016234165350317485,0.0,0.0,0.0,0.0,0.0,0.0,0.016221972642535273,0.0,0.0,0.0,0.0,0.02289072296338497,0.0,0.0,0.0,0.0,-0.01602344693176354,0.0,0.0,0.0,0.0,0.0,-0.01670879115712814,0.0,-0.018547140965232634,-0.016019683678523005,-0.01637644825516635,0.0,0.0,0.0,0.015490344071374996,0.0,0.0,0.0,0.0,0.0,0.0,0.0,0.0,0.0,0.0,0.0,0.0,0.0,0.0,0.0,-0.015318478718973653,0.0,0.0,-0.015737128729912737,0.0,0.0,0.018664568133547894,0.03656628542835827,0.0,0.0,0.0,0.016414851925996815,0.0
2022-11-30,0.031203162959115637,0.025961337691633495,0.04001235964486185,0.025671832016216797,0.04026517344726762,0.028112485424098797,0.05211938846548074,0.027582468328547546,0.028766153397858856,0.01519380226538317,0.023583812377113676,0.033925043631782836,0.02675979561453162,0.02586700416374271,0.019469483998115357,0.037477395417829816,0.024060004293660085,0.03333705935594405,0.0,0.0,0.021099974272816856,0.0,0.0,0.026050041407086947,0.0,0.0,0.0,0.0,0.0,0.06035877583681486,0.014807932400796224,0.0,0.017024864111180007,0.0,0.01919874618638245,0.032375507609027784,0.0,0.024333031087233007,0.02009415213320838,0.014205925255098461,0.0,0.0,0.0,0.0,0.0165684168768334,0.018007222821701054,0.0,0.01697691772621636,0.0,0.0,0.0,-0.013674959900271687,-0.015075042696678696,0.0,0.0,-0.01845273373460642,0.0,0.0,0.0,0.0,0.0,-0.01636860936551662,0.0,-0.017392997627288253,-0.015270588138313597,-0.016977159851929123,0.0,0.0,0.0,0.0,0.0,0.0,0.0,0.0,0.0,0.0,0.0,0.0,0.0,0.0,0.0,0.0,0.0,0.0,0.0,0.0,0.0,0.0,-0.013706655483820314,0.0,0.0,0.0,0.03261198298399482,0.0,0.0,0.0,0.0,0.0
2022-12-31,0.030236847043560954,0.02853654476506122,0.03607403166759109,0.02835518011835548,0.03039437779244286,0.019012222112360814,0.037003502750455455,0.021392661341858268,0.0304147346314681,0.0,0.018456148405844253,0.02949974092984811,0.024990123468437448,0.02445663708245343,0.01625974009802452,0.029167943894761326,0.0342853102529593,0.026019985404136033,0.016867026336489843,0.0,0.02480217845362451,0.019123932044040642,0.017034555485583556,0.035653561137851376,0.01619343423514237,0.0,0.0,0.0,0.0,0.06020591979973966,0.0,0.0,0.018294177199950353,0.0,0.028770766364081837,0.045172202324434245,0.0,0.027204501329229195,0.016016173874508766,0.014331583506717625,0.0,0.0,0.0,0.0,0.016616566256642793,0.014934449251726989,0.0,0.0,0.0,0.0,0.02464589851161065,0.0,0.0,0.0,0.0,0.0,0.0,0.0,0.0,0.0,0.0,-0.013718252633619142,0.0,-0.017855203381029604,0.0,0.0,0.0,0.0,0.0,0.018945286272139348,0.0,0.0,0.0,0.0,0.0,0.0,0.0,0.018907653925821884,0.015946973675982155,0.0,0.0,0.0,0.0,0.0,0.0,0.0,0.0,0.0,0.0,0.0,0.015810095542894736,0.0,0.038393876697520084,0.0,0.0,0.0,0.0,0.0
2023-01-31,0.03432777908219629,0.027758635823283515,0.03656727825966808,0.028489348373294893,0.03313307579988679,0.02346293080224156,0.03698097495859503,0.018377561943071642,0.037270910518083226,0.015534157382139027,0.017571202502787,0.024138047686033264,0.029831490460288154,0.02485028538299397,0.025381229707640878,0.03476248870986367,0.027019791042608342,0.0269129513143256,0.02292494292679552,0.0,0.02144548916624821,0.021943036020631128,0.01994922569173529,0.03358889470446153,0.016479978334592183,0.0,0.0,0.0,0.0,0.03512635344596118,0.0,0.0,0.017915453740759035,0.0,0.0335520543036335,0.04526880698647219,0.0,0.02035737462805237,0.015577085790720426,0.019456283381293144,0.017892189688377448,0.0,0.0,0.020114916592073723,0.020021491014097798,0.01949064923040879,0.0,0.015886095162019897,0.0,0.0,0.02058852395735375,0.0,0.0,0.0,0.0,0.0,0.0,0.0,0.0,0.0,0.0,0.0,0.0,-0.016090657830248538,0.0,0.0,0.0,0.0,0.0,0.02001970337867972,0.0,0.0,0.0,0.0,0.0,0.0,0.0,0.0,0.0,0.0,0.0,0.0,0.0,0.0,0.0,0.0,0.0,0.0,0.0,0.0,0.0,0.0,0.023940654276383724,0.0,0.0,0.0,0.0,0.0
2023-02-28,0.03935779303087689,0.02387003707406199,0.03678205287181493,0.03468668322703258,0.033099302266647035,0.023256445297718323,0.026617504484497876,0.0,0.028795786273299935,0.01967668018308739,0.022995931258216792,0.025107993501230864,0.021401954477890044,0.027452606732244103,0.030156365008020714,0.03249889241878713,0.031241601201595273,0.025264964773841433,0.021482549682338026,0.0,0.02520909469690145,0.021227035351756605,0.017102958485789813,0.0,0.0,0.0,0.0,0.0,0.0,0.02980298765639006,0.020025659287142745,0.0,0.018897484081908635,0.017096912299658415,0.033894850826068135,0.039842726997458756,0.0,0.0,0.02015066075567803,0.021678359013215995,0.019672314353241738,0.0,0.019222025585655726,0.026727299104812502,0.01853642958475474,0.017503748374114142,0.0,0.019668332652573384,0.0,0.0,0.025385288466162826,0.0,0.0,0.0,0.0,0.0,0.0,0.0,0.0,0.0,0.0,0.0,0.0,0.0,0.0,0.0,0.0,0.0,0.0,0.022863239570771996,0.0,0.0,0.0,0.0,0.0,0.0,0.0,0.0,0.0,0.0,0.021476012151959774,0.0,0.0,0.0,0.0,0.0,0.0,0.0,0.0,0.018742787713554032,0.0,0.0,0.021528649227228996,0.0,0.0,0.0,0.0,0.0
2023-03-31,0.03881097691393368,0.02325010799714152,0.020315589627711943,0.019520007814775905,0.027040239012572305,0.017216624824988497,0.01626533560422208,0.0,0.022115139928756453,0.0,0.0,0.02049340181272233,0.0,0.022848165356708895,0.02793536794894547,0.024282994217835318,0.020537694939508112,0.03218679145829922,0.03265391941701256,0.0,0.025733063480329294,0.026210645417078873,0.017479741572937028,0.0,0.0,0.0,0.0,0.0,0.0,0.039757439741252454,0.021787019812214356,0.018638524615369828,0.024414274895903643,0.020401374922111526,0.033736518474597896,0.04343904113930326,0.01880558978117315,0.0,0.02193535651783784,0.02142416352327179,0.015950965697746358,0.0,0.01861445466475118,0.032269304406408315,0.017748595596304293,0.0,0.0,0.0,0.0,0.0,0.0,0.0,0.0,0.0,0.0,0.0,0.0,0.0,0.0,0.017495367140026422,0.0,0.0,0.0,0.0,0.0,0.0,0.0,0.0,0.0,0.019717944869850956,0.0,0.0,0.0,0.0,0.0,0.0,0.01680807997559473,0.03219100679461441,0.03631269832078009,0.0,0.051609477909602255,0.0,0.0,0.0,0.0,0.0,0.0,0.0,0.0,0.02306616356841707,0.0,0.0,0.018980830287388756,0.0,0.0,0.0,0.0,0.0
2023-04-30,0.03857765327049861,0.02222948252716758,0.016565419464183995,0.016255838189431524,0.03459912232843147,0.0,0.0,0.0,0.0,0.0,0.0,0.01628970092072395,0.0,0.018539078907381674,0.0,0.016686199383901874,0.023016183635495804,0.03770022455242813,0.04090590014798152,0.0,0.022215410632326304,0.023097236721170287,0.01545781785779498,0.0,0.0,0.0,0.0,0.0,0.0,0.04198441744508179,0.026585075811332726,0.018351778038734005,0.023601205845679266,0.018605294171550952,0.04268562003766574,0.05539217182643349,0.01808849235314971,0.018737681537060662,0.016027900158626245,0.017049545409965436,0.0,0.0,0.0,0.0304835439249388,0.0,0.0,0.0,0.0,0.0,0.0,0.0,0.0,0.0,0.0,0.017014092043052587,0.0,0.0,0.0,0.0,0.03088086465188381,0.013649713021301427,0.0,0.0,0.0,-0.015316179398605087,0.0,-0.014035114894259843,0.0,0.013712432044563383,0.0,0.0,0.019731001187521843,0.015283463340719816,0.0,0.0,0.0,0.0,0.024432833307718515,0.046711330406605044,0.016262398894378458,0.06209973574200337,0.0,0.0,0.0,0.0,0.0,0.0,0.0,0.0,0.026399293981458714,0.0,0.0,0.014743551986791649,0.0,0.0,0.0,0.0,0.0
2023-05-31,0.04234565500113823,0.02062969431937203,0.018700118336633553,0.019080551293400663,0.035943315287061975,0.01356721990596299,0.0,0.0,0.0,0.015954950214387642,0.0,0.01680835522417022,0.0,0.022183928572385016,0.015521964105609123,0.0,0.020612799909284035,0.033085339455295834,0.046616451452063966,0.0,0.03058920087097704,0.030509180300046988,0.02302094078361306,0.0,0.0,0.0,0.0,0.0,0.0,0.030269306001989987,0.03250177050725897,0.022523402111594853,0.02008413093711377,0.02438278991534615,0.02725687608157079,0.04060196383094748,0.01709564012125546,0.0,0.018575022059653997,0.019389006718342126,0.0,0.0,0.0,0.04476683697146062,0.015985740360009337,0.0,0.0,0.015724126182035423,0.0,0.0,0.0,0.0,0.0,0.0,0.015354020201704977,0.0,0.0,0.0,0.0,0.029249556547533074,0.015212504667711147,0.0,0.0,0.0,-0.013147855773726685,0.0,0.0,0.0,0.013300268433841704,0.022578247016865484,0.0,0.0,0.0,0.0,0.0,0.0,0.0,0.020598901019054785,0.033833334176939456,0.026452928460169015,0.06043316929714536,0.0,0.0,0.0,0.0,0.0,0.0,0.0,0.0,0.015512937575327108,0.0,0.0,0.0,0.0,0.0,0.0,0.0,0.0
2023-06-30,0.03791666893925551,0.01726836915287466,0.02226459242953056,0.015961018687188265,0.05295557651900345,0.0,0.0,0.016104930775838206,0.0,0.0174028492135063,0.0,0.023300653051630045,0.0,0.017208804264910265,0.0,0.014636969478537229,0.0,0.038720917601770086,0.05365575641696723,0.0,0.027104808961947308,0.019902601925975313,0.014562924299388104,0.0,0.0,0.0,0.0,0.0,0.0,0.0304447247534493,0.043900415964612964,0.022942694850806702,0.022436979899851477,0.032451379113675426,0.02468843791715674,0.03467262558836548,0.016276035300057803,0.017938896636087772,0.0,0.015509186229717118,0.0,0.0,0.0,0.05166188859683867,0.01519016318080262,0.0,0.0,0.0,0.0,0.0,0.0,0.0,0.0,0.0,0.0,0.0,0.0,0.0,0.0,0.03304264200163152,0.018433023878063514,-0.014777647940705805,0.0,0.0,-0.021228453856978934,0.0,-0.015009231166834641,0.0,0.0,0.0,0.0,0.0,0.0,0.0,0.0,0.0,0.0,0.017069205642047197,0.02984508248212539,0.021119416390178225,0.05117740963999311,0.0,-0.016067295990157427,0.0,0.0,0.0,0.0,0.0,-0.01620804167584302,0.0,0.0,-0.014464277672045835,0.0,-0.014477401913650852,0.0,0.0,0.0,0.0
2023-07-31,0.023890992339603442,0.013360514090461973,0.013136424793309483,0.0,0.030928874566006404,0.0,0.0,0.013929408883077808,0.0,0.012948090081640344,0.0,0.029411509332287488,0.0,0.0,0.0,0.0,0.012589965049364243,0.03796637414021214,0.07429217640115972,0.0,0.01827568695942946,0.012645765586037454,0.0,0.0,0.0,0.0,0.0,0.0,0.0,0.02575313369363925,0.03508525347070884,0.018740450522644187,0.015824699476646394,0.027914584121094807,0.02462355348784419,0.0369273413595033,0.0,0.016815706081811703,0.0,0.0,0.0,0.0,0.0,0.06498693368767519,0.0,0.0,0.0,0.0,0.0,0.0,0.012141813346438884,0.0,0.0,0.0,0.0,0.0,0.0,0.0,0.0,0.03827852090031252,0.024320950914185895,-0.011403845464656299,0.0,-0.012543643730548995,-0.018431613692791008,0.0,-0.021785201755770634,0.0,0.0,0.015141617550806353,0.0,0.0,0.0,-0.011775702202334312,0.0,0.0,0.018867343400150977,0.03358035602194231,0.04951135505290065,0.034178519423680664,0.05607213090643177,0.0,-0.011781417291333295,0.01825260443492526,0.0,0.0,0.0,0.0,0.0,0.0,0.0,0.0,0.0,0.0,0.012836129327195871,0.012308517597423593,0.02674127886201285,0.0
2023-08-31,0.021370213837435197,0.0,0.015661666649828373,0.0,0.024967622459604544,0.0,0.0,0.01648979572379015,0.0,0.0,0.0,0.04015136721064422,0.0,0.0,0.0,0.0,0.0,0.03940637321094057,0.07290253186734752,0.0,0.01791852440469347,0.019628558603051054,0.01930561833850705,0.0,0.0,0.0,0.0,-0.01590012868233163,0.0,0.016679347339201466,0.034608251848008094,0.020585128332172443,0.020554680332375206,0.03845345688878489,0.02899281729710746,0.03883844320266721,0.01795230689977945,0.035992935946064016,0.0151645695855709,0.016374479913214304,0.0,0.0,0.0,0.07116076216921252,0.0,0.0,0.0,0.0,0.0,-0.015390291115016518,0.0,0.0,0.0,0.0,0.0,0.0,0.0,0.0,0.0,0.03485244740259664,0.0,0.0,0.0,0.0,-0.015016173339865234,0.0,-0.01856048334016819,0.0,0.013400751434306368,0.0,0.0,0.0,0.0,-0.015176961962271234,-0.013854879144883004,0.0,0.0,0.01817561709264469,0.03470573663759074,0.02011799398968054,0.03286960072533768,0.0,-0.012815814106400552,0.029078044979142823,0.01784850154664593,0.0,0.0,0.0,0.0,0.0,0.0,0.0,0.0,0.0,0.015859732491352346,0.012835037812084431,0.020382352137681192,0.0
2023-09-30,0.022064680725889258,0.0,0.014700030883714202,0.0,0.0,0.0,0.0,0.0,0.0,0.025274482750578028,0.0,0.03623530096526684,0.0,0.0,0.0,0.0,0.0,0.041713430748567926,0.0750472088150503,0.0,0.016127412826538127,0.021112356534003646,0.02219984727685597,0.0,0.0,0.0,0.0,-0.019852384118728587,0.0,0.0154282415089601,0.03009960999885387,0.015717317805273592,0.02084638812745928,0.0418353348608747,0.01751865001841304,0.04010190226439505,0.019531747583104744,0.022659529396967918,0.025508923634233877,0.015296811846126263,0.0,0.0,0.0,0.06652173461954945,0.0,0.0,0.0,0.0,0.0,-0.02506766968588074,0.0,0.0,0.0,0.0,0.0,0.0,0.0,0.0,0.0,0.0313795316450744,0.0,-0.016462474687216254,0.0,0.0,-0.02079982885319221,0.0,-0.019872733008830055,0.0,0.0,0.0,0.0,0.0,0.0,-0.02001642655638031,-0.01659607925501662,-0.016251767162247188,0.0,0.0,0.037532706615337315,0.019046100059472097,0.029187281136519246,0.0,-0.017910755664777733,0.021804834426560175,0.0,0.0,0.0,0.0,0.0,-0.02076495908189189,-0.01612175742394073,-0.01663977084138491,0.0,0.0,0.014850109592659125,0.0,0.01430188699421421,0.0
2023-10-31,0.022307356578884222,0.0,0.016928394968399447,0.0,0.0,0.014878354069986098,0.0,0.0,0.0,0.025882590667392354,0.0,0.04505311179772978,0.0,0.0,0.0,0.0,0.0,0.04859232742411519,0.05639282182110362,0.0,0.021670216281852818,0.024952964724710675,0.02876915650068222,0.0,0.0,0.0,0.0,-0.01890946251222424,-0.012777761223241832,0.016953788222474786,0.03423545253846764,0.01915802335300297,0.028921035516859137,0.04702128334178513,0.015611207541940637,0.039068668918928434,0.021616513278593503,0.02526948376623913,0.026814018697191935,0.01592980155709687,0.0,0.0,0.0,0.07860542576774047,0.0,0.0,0.0,0.0,0.0,-0.021112617902612277,0.0,0.0,0.0,0.0,0.0,0.0,0.0,0.0,0.0,0.021226345340067128,0.0,-0.01470446017933124,0.0,0.0,-0.016470974659682152,0.0,-0.015074158790352218,0.0,0.0,0.0,0.0,0.0,0.0,-0.017853637733936938,-0.013160842653574529,0.0,0.0,0.0,0.01964391807883611,0.026857859104852496,0.01952472585431431,0.0,-0.013013694558909817,0.01834971791496953,0.0,0.0,0.0,0.0,0.0,-0.021723141801148673,-0.014757951680412301,-0.013860521207294026,0.0,0.0,0.0,0.0,0.02634621146906305,0.0
2023-11-30,0.0,0.0,0.0,0.0,0.0,0.0,-0.018373873462232147,0.0,0.0,0.04415889801751215,0.0,0.03080348808601835,0.0,0.0,0.0,0.0,0.0,0.040605282760041383,0.03713843394959625,0.0,0.015045068281490648,0.01322944132109465,0.019070110504541538,0.0,0.0,0.0,0.0,-0.027271239956474215,-0.021717837239887475,0.018491045991472947,0.03099531477915159,0.0,0.04029882856273439,0.049402911815973366,0.0,0.02970292911936179,0.01452926284458755,0.0,0.04095708026683856,0.01289425971832162,0.0,0.0,0.0,0.0799145665798823,0.0,0.0,0.0,0.0,0.0,-0.020400476346711306,0.0,0.0,0.0,0.0,0.0,0.0,0.0,0.0,0.0,0.03244325856078865,0.0,0.0,0.0,0.0,-0.01302689453962471,0.0,-0.017584141055043512,0.0,0.0,0.0,0.0,0.0,0.0,-0.02064058314448068,0.0,0.0,0.0,0.0,0.021676751194832835,0.029887214501701356,0.015008218323547987,-0.014417295420776695,-0.016536267400269717,0.020123251055450847,0.0,0.0,-0.01477544310267457,0.0,-0.01337117098475465,-0.027388725607364064,-0.01874190591059648,-0.017779179852675468,0.0,-0.01467344542657611,0.01350549128972363,0.01480846015321913,0.040449698230421285,0.01816225464155333
2023-12-31,0.0,0.0,0.015589309525525785,0.0,0.0,0.01783369105678013,0.0,0.0,0.0,0.033821321851740915,0.0,0.0393512414765196,0.0,0.014368534663619889,0.0,0.0,0.0,0.036201911746127836,0.046907734579278854,0.014073944899351626,0.019145380167808913,0.015135191152022585,0.021682280643778133,0.0,0.0,0.0,0.014848669606959991,0.0,0.0,0.015996370729146597,0.034567246923845246,0.01876590169172407,0.044323340968907325,0.046002042400002684,0.0,0.028145971953799757,0.025342707079310915,0.0,0.03812055420529022,0.014561845937878239,0.0,0.0,0.0,0.05982869134690949,0.0,0.0,0.014643268358711322,0.0,0.0,0.0,0.0,0.0,0.0,0.0,0.0,0.01522631747064684,0.0,0.0171364662435426,0.0,0.03207237142634771,0.012729620108566646,0.0,0.0,0.0,0.0,0.0,0.0,0.0,0.014179001042369532,0.0,0.0,0.0,0.0,0.0,0.0,0.0,0.013591677986186592,0.0210989741838872,0.023626794730049066,0.03255550385589391,0.02028050219893566,0.0,0.0,0.03129531366232503,0.0,0.020206809368955074,0.0,0.0,0.0,-0.015130654956937084,0.0,0.0,0.0,0.0,0.02050076197297591,0.020656338813275103,0.039289898438847094,0.021165840575218715
2024-01-31,0.0,0.0,0.013960894398298914,0.0,0.0,0.019731852422070834,0.0,0.0,0.0,0.037647820205814676,0.0,0.044704027498773176,0.0,0.01592489113261907,0.0,0.0,0.0,0.03608962578378478,0.05036808843550873,0.018547206591323764,0.02192499256129641,0.01436860753594352,0.029269452117162188,0.0,0.0,0.0,0.013491856492938365,0.0,0.0,0.0,0.030981183989626106,0.0,0.04312830886691408,0.03560208412598904,0.0,0.02684043088825743,0.027919646039012168,0.0,0.04183357303854748,0.016156596858974102,0.0,0.018382379026672443,0.0,0.05161947071491804,0.0,0.0,0.0,0.0,0.0,0.0,0.0,0.0,0.016882186717270892,0.0,0.0,0.02205384240600999,0.0,0.01852281778094603,0.0,0.023428135471896497,0.01285215597018357,0.0,0.0,0.0,0.0,0.0,0.0,0.0,0.024425644681984868,0.0,0.016565864319705245,0.015911677771677145,0.01365244058966068,0.0,0.0,0.0,0.0,0.01720411905066026,0.02276684001655455,0.03277086655428552,0.021948544846831366,0.0,0.0,0.03316202748207897,0.0,0.020150895173772176,0.0,0.0,0.012170325004576259,0.0,0.0,0.0,0.0,0.0,0.018998801159939516,0.02054454495521337,0.027495281322307816,0.0
2024-02-29,0.0,0.0,0.0,0.0,0.0,0.015304127999595686,-0.015210723246605875,0.0,0.0,0.026180738578058485,0.0,0.01669786369662579,0.0,0.013654548660225939,0.0,0.0,0.0,0.028712347362818455,0.03230671747564576,0.023826421254985932,0.017390390827151957,0.0,0.027504838230817688,0.0,0.0,0.0,0.0,0.0,0.0,0.0,0.0407975037990694,0.018320019020329856,0.05473970932665489,0.036551107646054216,0.0,0.028252000305388904,0.03488907373638209,0.0,0.04923124952831243,0.0,0.0,0.0,0.0,0.05008546172217042,0.0,0.0,0.0,0.0,0.0,0.0,0.0,0.0,0.023536602061851944,0.0,0.0,0.019650779933991426,0.0,0.02977245919535442,0.016631762288920843,0.02271432910602314,0.018829909756263658,0.0,0.0,0.0,0.0,0.0,0.0,0.0,0.02909403173079881,0.0,0.015915668841956814,0.0,0.0,0.0,0.0,0.0,0.014900440662733262,0.021694757279716932,0.027830737117461965,0.026213398734422317,0.0,0.0,-0.013419690664843801,0.03971285053217806,0.0,0.0,0.0,0.015166602488588263,0.014012246342321198,-0.014699768821871462,0.0,-0.013551678298613307,0.0,0.0,0.018806624043052198,0.023659996488707976,0.03466727822781348,0.01586354496562087
2024-03-31,0.0,0.0,0.0,0.0,0.0,0.022366557313030458,0.0,0.0,0.0,0.035275635124544256,0.0,0.021561658997483007,0.0,0.024471929275093687,0.0,0.0,0.01890905538664909,0.027545866597567328,0.019692789205620894,0.024460759515283127,0.01793891937443902,0.013420597247130486,0.023529054729008354,0.0,0.016198678615397644,0.0,0.02265375578130314,0.0,0.0,0.0,0.04385758050982702,0.02838240545707779,0.05771074244579715,0.0423496072026641,0.0,0.02331957471933974,0.0314622397576284,0.0,0.045267517537308455,0.0,0.0,0.014065469326940668,0.0,0.04136535468690107,0.0,0.0,0.01579837754041424,0.0,0.0,0.0,0.0,0.0,0.0,0.0,0.0,0.0,0.0,0.021932815929876788,0.0,0.014738407663203588,0.0,0.0,0.0,0.0,0.0,0.0,0.0,0.0,0.023346977539640247,0.0,0.0,0.0,0.0,0.0,0.0,0.0,0.020716173956674664,0.026219912049948706,0.030946017904445816,0.025257177182902574,0.016908837659326274,0.0,0.0,0.037490868878668926,0.0,0.012945832647895755,0.01553993346446463,0.02095434505785817,0.021715499551823187,0.0,0.0,0.0,0.0,0.0,0.02223474991120224,0.02752473831442549,0.01624139729139688,0.013682188649797004
2024-04-30,0.0,0.0,0.0,0.0,0.0,0.014895061046903735,0.0,0.0,0.0,0.025363063319631136,0.0,0.01975880307947478,0.0,0.016301771053376754,0.0,0.0,0.0,0.02301008374247512,0.02002168786281342,0.02294177592962277,0.017076047946994535,0.0,0.019499725790541107,0.0,0.0,0.0,0.01944050594427716,0.0,0.0,0.0,0.03760867054355269,0.02598602582389251,0.04591792308840129,0.04634735299805648,0.0,0.02570418298879738,0.025079002228897147,0.0,0.03782283510153837,0.0,0.0,0.0,0.0,0.04328520143755349,0.0,0.0,0.0,0.0,0.0,0.0,0.0,0.0,0.015924702428157748,0.0,0.0,0.019880875245711534,0.017645051281242396,0.03161970736615702,0.022555387583356755,0.02270719116298591,0.01864812236116706,0.0,0.0,0.0,0.0,0.0,0.0,0.0,0.031075872455046026,0.0,0.01524253990250335,0.0,0.0,0.0,0.0,0.019221213081398826,0.01580282426501508,0.020293071575076038,0.027776716156316848,0.024700386663209048,0.016357079222480978,0.0,0.0,0.03616021425562483,0.0,0.0,0.016232971369204395,0.025056922156590205,0.02788829625709081,0.0,0.0,0.0,0.0,0.0,0.025996549712973605,0.033355974249198395,0.029798611322693278,0.0
2024-05-31,0.0,0.0,0.0,0.0,0.0,0.023203532542009277,0.0,0.0,0.0,0.0251244913046813,0.0,0.02218924717434808,0.0,0.021400124481211116,0.015546354955000605,0.0,0.013247170977695002,0.03681617971921819,0.02586658907085304,0.03367051776548726,0.02287344901495379,0.0,0.018662871586943415,0.0,0.0,0.0,0.015557292260608856,0.0,0.0,0.0,0.04583356748889655,0.031313630173103284,0.051497304217648816,0.051922727726301444,0.0,0.020771870523922892,0.016003703312188398,0.0,0.03204374021381246,0.0,0.0,0.0,0.0,0.04311176902996615,0.0,0.0,0.0,0.0,0.0,0.0,0.0,0.0,0.014585762321862967,0.0,0.0,0.020512791153208657,0.0,0.030770291736323046,0.01408129516954597,0.017331021156981364,0.0,0.0,0.0,0.0,0.0,0.0,0.0,0.0,0.028303273913375816,0.0,0.0,0.0,0.0,0.0,0.015117006378248901,0.0,0.0,0.0,0.0157922227841583,0.03659648647880279,0.02663812402844295,0.0,-0.015221356418516482,0.023953275777504494,-0.01329638421652107,0.0,0.0,0.01778996870851524,0.01848349615728399,-0.01574769262775907,0.0,0.0,0.0,0.0,0.018911360097302883,0.029012379607858456,0.03952499616393509,0.021674681565002473
2024-06-30,0.0,0.0,0.0,0.0,0.0,0.026839328746186948,0.0,0.013119374982010741,0.0,0.024323701798036168,0.0,0.030449914940580497,0.0,0.02935717734188887,0.023227570657352495,0.0,0.02420564823744913,0.029566656065039713,0.018769600033787363,0.029843604804758173,0.030150447650398305,0.0,0.021114279444737427,0.0,0.017586317129809084,0.0,0.020347313317861573,0.0,0.0,0.0,0.046730430404948994,0.0332501299400538,0.04808810813687014,0.043146080706289724,0.0,0.01974151480425073,0.014904729228700819,0.0,0.015761860222158263,0.0,0.0,0.0,0.0,0.03734798585063085,0.0,0.0,0.01716325651924169,0.0,0.0,0.0,0.0,0.0,0.014187009558315256,0.0,0.0,0.023898475468657827,0.0,0.027380915379070465,0.0,0.01614856628752533,0.0,0.0,0.0,0.0,0.0,0.0,0.0,0.0,0.024574896692280867,0.0,0.0,0.0,0.0,0.0,0.01589557041356293,0.0,0.0,0.013619971291280958,0.01714153620246578,0.0490155237041213,0.023892339620269668,0.0,0.0,0.020375681853954112,0.0,0.0,0.0,0.017506740020493274,0.01589911966784798,0.0,0.0,0.0,0.0,0.0,0.01720398250053392,0.025338782465537862,0.043592483748209794,0.019293374162831205
2024-07-31,0.0,0.0,0.0,0.0,0.0,0.028329009905221452,0.0,0.0,0.0,0.022384873858346165,0.0,0.019828047602614793,0.0,0.016824822580670067,0.0,0.0,0.02044286088148141,0.041225503626290655,0.0,0.02856263168900528,0.03606003984847444,0.0,0.012904483841505957,0.0,0.03610643689322539,0.01673470453876987,0.022378627487159054,0.0,0.0,0.0,0.04661112745371973,0.03338274717415654,0.056737294264469,0.05658157489958161,0.0,0.017676393911657207,0.020729527851784026,0.0,0.018534504031565847,0.0,0.0,0.0,0.0,0.05130756023757611,0.0,0.0,0.0,-0.014047988975890616,-0.015269897550321017,0.0,0.0,0.0,0.0,0.0,0.0,0.02484120615950746,0.0,0.035227510532335145,0.0,0.013311020678110647,0.0,0.0,0.0,0.0,0.0,0.0,-0.01321636052668303,0.0,0.014338143092983755,0.0,0.0,0.0,-0.01582029546896038,0.0,0.0,0.0,0.0,0.0,0.013300692611206309,0.042111775788590634,0.01723403951371497,0.0,-0.01662039396090826,0.027912914039105386,0.0,0.0,0.0,0.0,0.0,-0.01639936245736582,-0.016829582463892823,-0.013340251058900299,0.0,0.0,0.019597389878622855,0.02637137404752149,0.026332825938738647,0.014534202679365796
2024-08-31,0.0,0.0,0.0,0.0,0.0,0.029017171999309282,0.0,0.0,0.0,0.015558015428885616,0.0,0.02231958455313852,0.0,0.020711362923770776,0.01627196885224348,0.0,0.028758344324000304,0.03660149214714119,0.0,0.028522631605205667,0.02604792950191305,0.0,0.0,0.0,0.03833603491860934,0.02580262331989325,0.0280197863818953,0.0,0.0,0.0,0.0415741277479641,0.02991856647726211,0.04519515549006456,0.04684492878061766,0.0,0.018810707576472643,0.019176530857073958,0.0,0.014900201700299747,0.0,0.0,0.0,0.0,0.04255280078805002,0.0,0.0,0.018355161967476257,0.0,0.0,0.0,0.0,0.020569237435582807,0.01461345910984146,0.0,0.0,0.03703667581560792,0.019125056719978804,0.038481428720671146,0.02106964532592559,0.0171254671122481,0.0,0.012913970981849779,0.0,0.01650615830916664,0.0,0.0,0.0,0.0,0.0,0.0,0.0,0.0,0.0,0.0,0.0,0.0,0.0,0.0,0.0,0.04511646156714446,0.01603789093936951,0.0,-0.013609682776238391,0.021152324865855318,0.0,0.0,0.0,0.0,0.0,-0.012908041777567936,-0.018627715573680537,0.0,0.0,0.0,0.0218188946463133,0.026990978414920916,0.018580659579737435,0.014421122987013247
2024-09-30,0.0,0.0,0.012685150061289209,0.012621044204807938,0.0,0.028193009425792507,0.0,0.0,0.0,0.017805255741652294,0.0,0.0,0.0,0.024640852399649454,0.025957065629283068,0.0,0.03114441717808307,0.04879122866716198,0.015785227829292193,0.02014817479539552,0.030971203031467574,0.0,0.01740545973179192,0.0,0.04470773437935731,0.027817008427939886,0.03940105612341822,0.014232557569006906,0.0,0.0,0.04608178721094855,0.031198031897559396,0.052380639122999846,0.052130997973494686,0.0,0.014872179629195684,0.018291277175574182,0.0,0.01772326379321812,0.0,0.0,0.0,0.0,0.03952675129545751,0.0,0.0,0.017311342456099423,0.0,0.0,0.0,0.0,0.020011147825797458,0.0,0.0,0.0,0.02360940538880893,0.0,0.02539464117950172,0.0,0.014595558298391237,0.0,0.0,0.0,0.0,0.0,0.0,-0.012230083687910525,0.0,0.0,0.0,0.0,0.0,0.0,0.0,0.0,0.0,0.0,0.0,0.0,0.050444266147884935,0.015230617060318991,0.0,-0.012571373880785804,0.02395166600362987,0.0,0.0,0.0,0.0,0.0,0.0,-0.016416139045900207,-0.012272253431454317,0.0,0.0,0.016714386243180435,0.019268806781057295,0.015271185872426972,0.020195753403014934
2024-10-31,0.0,0.0,0.0,0.0,0.0,0.014302905761665976,0.0,0.0,-0.0131171997258381,0.017186764300126476,0.0,0.0,0.0,0.0,0.016907394730865218,0.0,0.02787506760691833,0.03660508686430335,0.014137358175478778,0.013048789835892511,0.0,-0.013975735485340661,0.0,0.0,0.05111851889962481,0.040004816101578265,0.03897699587160305,0.014849726549005671,0.0,0.0,0.0459543054411271,0.027818023717388445,0.06268640037726687,0.04235349584199876,0.0,0.01676713605671577,0.01722428098011841,0.0,0.01703902141457819,0.0,0.0,0.0,0.0,0.04184227297347195,0.0,0.0,0.01683004146259621,0.0,0.0,0.0,0.0,0.01694503715166926,0.0,0.0,0.0,0.026763031708242478,0.0,0.026734984309305293,0.0,0.01696521732356137,0.0,0.0,0.0,0.020837403471394234,0.0,0.0,-0.013875759646727989,0.0,0.017152446977644818,0.0,0.0,0.0,0.0,0.0,0.01395801352748846,0.0,0.0,0.0,0.0,0.05145845249077692,0.021433306529388862,0.0,0.0,0.02454102547941954,0.0,0.0,0.0,0.0,0.0,-0.01396996688046669,-0.01851308070351168,0.0,0.014053822484443236,0.0,0.020010183767063063,0.022448508189167722,0.021129809102476166,0.038588612083749314
2024-11-30,0.014575410164631392,0.0,0.0,0.0,0.0,0.018666813614652826,0.0,0.0,0.0,0.019724747439117018,0.0,0.0,0.0,0.01846695325755168,0.02540052484061277,0.0,0.04160166651176863,0.018883141673697593,0.016647819943092737,0.0,0.018131033298008227,0.0,0.0,0.0,0.05059627467756447,0.04545514587448605,0.05279591389905977,0.014270115112397225,0.016209738643180573,0.018965510474037432,0.05245891716857343,0.031937600540105346,0.05301324883003108,0.02669752687346153,0.0,0.013927735803517255,0.013238896770609748,0.0,0.0,0.0,0.0,0.015456191412177848,0.0,0.03862267373617753,0.0,0.0,0.012343396656133229,0.0,0.0,0.0,0.0,0.021757187014368497,0.015100242095566643,0.0,0.0,0.0290461226655663,0.0,0.0241841407074116,0.0,0.01615882218650761,0.0,0.0,0.0,0.018230501977523295,0.0,0.0,0.0,0.0,0.016848731304933744,0.0,0.0,0.0,0.0,0.0,0.01646107175408756,0.0,0.0,0.01635440499088761,0.0,0.046912335468174755,0.0,0.0,0.0,0.01830290675517095,0.0,0.0,0.0,0.0,0.0,0.0,0.0,0.0,0.018636401402930238,0.0,0.014911471774232283,0.017879091741846983,0.020119493555656048,0.04101007739049042
2024-12-31,0.014002406856203577,0.0,0.0,0.01375251024703912,0.0,0.019851674319392425,0.0,0.0,0.0,0.019818301222066684,0.0,0.0,0.0,0.016578460452106116,0.02706818772207538,0.0,0.03271847069025628,0.0,0.027106220854976427,0.0,0.0,0.0,0.0,0.0,0.04990700958072425,0.04942582047172303,0.051375601483246644,0.016603536733853577,0.022837612970082622,0.022371160133509194,0.03857452824527691,0.02479184732009557,0.0435977418638864,0.02656668056187731,0.0,0.013801311576081497,0.019490343701798814,0.0,0.019543059286877724,0.0,0.0,0.015639807103147926,0.0,0.03359886832175774,0.0,0.0,0.0,0.0,0.0,0.0,0.0,0.025274370481287285,0.017526658443817365,0.0,0.0,0.0299437621197792,0.0,0.028324985145104356,0.0,0.01755151342555479,0.0127268349736711,0.0,0.0,0.023303294026478887,0.0,0.0,0.0,0.0,0.0,0.0,0.0,0.0,0.0,0.0,0.02347139677009692,0.0,0.0,0.014797538564756029,0.0,0.05244961129848937,0.0,0.0,0.0,0.016678629245822783,0.0,0.0,0.0,0.0,0.0,-0.014087826325820388,-0.014015676302302866,0.0,0.018226793028382406,0.0,0.0,0.013774956094133912,0.023226672935384766,0.035598319101062356
2025-01-31,0.0,0.0,0.0,0.0,-0.017737609137976472,0.0,-0.02058462333544951,0.0,-0.021656066917124454,0.01511008270110958,0.0,0.0,0.0,0.0,0.016506425591482105,0.0,0.0,0.0,0.040091899318083345,0.0,0.0,-0.014844614036930987,0.0,0.0,0.04795694857321144,0.052563907210260975,0.033205487750899126,0.02953345622614392,0.02797093558947856,0.02211237993799946,0.04516096655208047,0.019058199275893754,0.037193005391623464,0.0178993894971898,0.0,0.0,0.0,-0.01644751812840505,0.014750647843834556,-0.016889054240192148,-0.014277440186442879,0.0,0.0,0.028434070307222264,0.0,-0.02325137055408013,0.0,0.0,0.0,0.0,0.0,0.02359352526249456,0.0,0.0,0.0,0.0331017750812716,0.0,0.02855544840500385,0.0,0.021429241227109735,0.0,0.0,0.0,0.020275632355176876,0.0,0.0,-0.01993462767918973,0.0,0.0,0.0,0.0,0.0,-0.020143146071795407,0.0,0.021924285701979476,-0.018184307632513184,0.0,0.0,0.0,0.049644360788913044,0.0,0.0,0.0,0.0,0.0,0.0,-0.017738124229706713,-0.016422222607076254,0.0,-0.022625592351483124,-0.031812532297274265,-0.02016901790463933,0.0,0.0,0.0,0.0,0.015464600794669226,0.025745461306589106
2025-02-28,0.0,0.0,0.0,0.0,-0.01844081469928329,0.0,-0.014833456888969225,0.0,-0.023757663488633025,0.0,0.0,0.0,0.0,0.0,0.0,-0.013259391906850883,0.0,0.013532941248084625,0.03246665663667289,0.0,0.0,0.0,0.0,0.0,0.04583289944046806,0.05271664298483753,0.028544363939371365,0.02209394495625688,0.03132453483462716,0.022735849827710073,0.04064190273324874,0.020621038588506373,0.0394384724840861,0.0220102969197272,0.0,0.0,0.0,-0.015622722453532934,0.01658544697169767,-0.013514405186533528,-0.013602245157793218,0.015633006450535083,0.0,0.025870423631850454,0.0,-0.01848172113438735,0.0,0.0,0.0,0.0,0.0,0.03754153726878533,0.018606514314412594,0.0,0.012783124760365874,0.040228249387202424,0.02594775746658898,0.039467621640249244,0.0,0.025426547472482647,0.021412636527965438,0.0,0.0,0.03955902066927017,0.0,0.0,0.0,0.0,0.0,0.0,0.0,0.0,-0.013187232009651061,0.0,0.03007379381925958,0.0,0.0,0.0,0.0,0.054416933374512394,0.0,0.0,0.0,0.0,0.0,0.0,-0.015982866423970513,-0.013798667797879687,0.0,0.0,-0.01709951309567327,0.0,0.014730943040192885,0.0,0.0,0.0,0.0,0.01817619836787437
2025-03-31,0.0,0.0,0.0,0.0,-0.016526914746343272,0.0,0.0,0.0,-0.02147753131454787,0.0,0.0,0.0,0.0,0.0,0.0,-0.0165610456449457,0.0,0.0,0.03082866979658255,0.0,0.0,0.0,0.0,0.0,0.04808579497902408,0.050531374428241994,0.03231760521254026,0.021919037242949226,0.036000050319636025,0.02306528019433483,0.027984045121045922,0.018481356364967703,0.039217050613078695,0.021778242643948946,0.0,0.0,0.0,-0.016022242055390823,0.014719382089833106,0.0,-0.013396048199622682,0.01341465219655952,0.0,0.018861594637686392,-0.011890794962433835,-0.015996038984665267,0.0,0.0,0.0,0.0,0.0,0.04305430873622016,0.030754477766224548,0.0,0.019980016477613122,0.04303753626423834,0.02586812756870412,0.03360317771749518,0.01677682043342872,0.03839155596568159,0.027476121035862097,0.018773759531517848,0.0,0.024577845763819727,0.0,0.0,-0.012719646286463208,0.0,0.0,0.0,0.0,0.0,-0.011956699900086245,0.0,0.03144192748958653,0.0,0.0,0.0,0.0,0.0499175417250174,0.0,0.0,0.0,0.020292996333475387,0.0,0.0,-0.013312446520569602,0.0,-0.01351088275604628,0.0,-0.015479359979571276,0.0,0.0,0.0,0.0,0.0,0.0,0.0
2025-04-30,0.01392628654770349,0.0,0.0,0.0,-0.013009561162363176,0.0,0.0,0.0,-0.024351247418776614,0.0,0.0,0.0,0.0,0.0,0.015453686935391184,-0.017389250249986454,0.01396803219320641,0.0,0.03556872585362354,0.0,0.01232732603320758,0.0,0.0,0.0,0.04383121653330198,0.04868775182824403,0.023955427903499832,0.022412917633184454,0.038700538695537016,0.020130760957038023,0.023662427412559448,0.019219797897417942,0.031898368845901394,0.017237165067531812,0.0,0.0,0.0,-0.01637843073530867,0.0,0.0,-0.013555955986035746,0.012616281793069008,0.0,0.018857159299742066,0.0,0.0,0.0,0.0,0.0,0.0,0.0,0.05005790564771978,0.031828325365243264,0.013439321700629218,0.029603457577412368,0.042162865349810036,0.026181323732948503,0.03684376200199759,0.015557403288479932,0.042639292000307784,0.028876687478705327,0.020540048861636434,0.0,0.02732176041501539,0.0,0.01739957045893282,0.0,0.0,0.016090134333391858,0.0,0.0,0.0,0.0,0.0,0.04126200408314453,0.0,0.0,0.0,0.0,0.03477110938766616,0.0,0.0,0.0,0.015556156859820753,0.0,0.0,-0.012730554474508451,0.0,0.0,0.0,0.0,0.0,0.0,0.0,0.0,0.0,0.0,0.0
2025-05-31,0.0,0.0,0.0,0.0,-0.01756516721955957,0.0,-0.013516989184811413,0.0,-0.023753081989989475,0.0,0.0,-0.018222459282092374,0.0,0.0,0.0,-0.021538911890933415,0.0,0.0,0.013015777455886637,0.0,0.0,0.0,0.0,0.0,0.043130112805644466,0.03560660855233143,0.0,0.03177803662875504,0.0414314588347109,0.017250739631431918,0.014052132807024085,0.0,0.02917287870654645,0.0,0.0,0.0,0.0,-0.021649025568928084,0.0,-0.014369406077695396,-0.017648538030487892,0.0,-0.01418948524671362,0.01549405387703323,-0.014154660285082808,-0.015488176721026828,0.0,0.0,0.0,0.0,0.0,0.05410632300730962,0.03331935304943164,0.027689090849098315,0.029811418144684933,0.051639042105085124,0.03427989841082644,0.030623714711248997,0.013172992873370136,0.042269956371475646,0.03035582069674328,0.02150873209270279,0.0,0.02065997347866979,0.0,0.0,0.0,0.0,0.016298691808809797,0.0,0.0,0.0,-0.014966351294845373,0.0,0.029761236430258988,-0.01685095796486409,0.0,0.0,0.0,0.040279518135835614,0.0,0.0,0.0,0.0,0.0,0.0,-0.023654310109072083,-0.020090119105997294,-0.015634798562985115,0.0,0.0,0.0,0.0,0.0,0.0,0.0,0.0,0.0
2025-06-30,0.0,0.0,-0.01337718979664157,0.0,-0.015272347544248435,0.0,-0.013774045528354826,0.0,-0.018523594677738786,0.0,0.0,-0.01912685014224085,0.0,0.0,0.0,0.0,0.013569341143485236,0.0,0.016274821903324934,0.0,0.0,0.0,0.0,0.0,0.05022646164013667,0.039522455786789035,0.0,0.025980997675194305,0.03699932057216824,0.023968466828020892,0.017704537928777683,0.013540970727076178,0.029264588364285835,0.0,0.0,0.0,0.0,0.0,0.0,-0.014003285950929539,-0.016643150566330093,0.0,-0.014429979895271066,0.021336046364727485,-0.015728244784016333,-0.014046491452519454,0.0,0.0,0.0,0.0,0.0,0.04988891090402472,0.03426539238710529,0.025269176144717912,0.02623484585237087,0.055562603296911005,0.036975820101793566,0.025278442350707548,0.015548285336860247,0.0368078778730444,0.035735378445300406,0.019257895515001146,0.0,0.028651235712628998,0.0,0.0,0.0,0.0,0.0,0.0,0.0,0.0,-0.016770051390698634,0.0,0.0,-0.019203140508253783,0.0,0.0,0.0,0.05363186398521806,0.01440496395060182,0.0,0.0,0.0,0.0,0.0,-0.029681008733272486,-0.020530588108921204,-0.01298933013029042,0.0,0.0,0.0,0.0,0.0,0.0,0.0,0.0,0.0
2025-07-31,0.0,0.0,0.0,0.0,0.0,0.0,0.0,0.0,-0.01153651159701454,0.0,0.0,-0.011353601868428749,0.0,0.0,0.0,0.0,0.015998450597318227,0.0,0.010853476024954485,0.0,0.0,0.0,0.0,0.0,0.04775484870727068,0.03994677694753148,0.0,0.019021837381518688,0.030680459928831637,0.027494996958134784,0.01516577377839077,0.0,0.02242608215828243,0.0,0.0,0.0,0.0,0.0,0.0,0.0,-0.012623660402240387,0.011691212485621109,0.0,0.025041820833264748,-0.014462116759481058,0.0,-0.010996936366668944,0.0,0.0,0.020812904477089805,0.0,0.05478461263439529,0.03778725426907397,0.02166625398229472,0.026480219195962926,0.06081856950425236,0.0370969106065668,0.019637726500814627,0.013762156504998362,0.04357206994815303,0.03217316393331332,0.034730362260658953,0.014240071710900777,0.03810357663090338,0.014786243600645042,0.02251606225046545,0.0,0.0,0.01257561780284493,0.0,0.0,0.0,0.0,0.0,0.013184103897234093,0.0,0.0,0.0,0.0,0.06852958920135324,0.018690652245402024,0.0,0.014178383894274487,0.011947908502385349,0.0,0.0,-0.026471607253364546,-0.0144054163976997,0.0,0.0,0.0,0.0,0.0,0.0,0.0,0.0,0.0,0.0
2025-08-31,0.0,0.0,0.0,0.0,0.0,0.0,0.0,0.0,0.0,0.0,0.0,0.0,0.0,0.0,0.010832112228134735,0.0,0.013347776766584487,0.0,0.011590983762210964,0.0,0.0,0.0,0.0,0.0,0.03428044274699053,0.031070564080946522,0.0,0.018761818785673616,0.02962121683138334,0.025902213384380913,0.011721117199578216,0.0,0.020894622901736496,0.0,0.0,0.0,0.0,0.0,0.0,0.0,0.0,0.014441102142608443,0.0,0.02130856223927539,-0.01308471329176157,-0.010746225912428544,-0.01059157051630276,-0.01129839131469359,0.0,0.029710096663791846,0.0,0.06430411748587579,0.05044428240794366,0.020493477070108953,0.017599819055172147,0.06956716809542696,0.03248055442104801,0.01951410455029215,0.018582941621596145,0.03290251388930885,0.036831520919913874,0.03632109003528795,0.015799331127152292,0.036786211905446224,0.013268727519819196,0.02491102412792706,0.01411710312145358,0.0,0.0,0.0,0.0,0.0,0.0,0.0,0.019991949683180743,0.0,0.0,0.0,0.0,0.056700988588402335,0.0,0.011239633820438289,0.026513885412134595,0.0,0.0,0.0,-0.030930144472921656,-0.015811592994394927,0.0,0.0,0.0,0.0,0.0,0.0,0.0,0.0,0.015684286906272785,0.0
2025-09-30,0.0,0.0,0.0,0.0,0.0,0.0,0.0,0.0,0.0,0.0,0.0,-0.011395949888965811,0.0,0.0,0.0,0.0,0.013541400862791248,0.0,0.0,0.0,0.0,0.0,0.0,0.0,0.027275925327917727,0.02672836705772915,0.0,0.026449140322532726,0.03850621538129449,0.02849627847505553,0.0,0.0,0.017386525629985,0.0,0.0,0.0,0.0,0.0,0.0,-0.010885895971379197,-0.012692019965849071,0.012245652118512225,-0.010430720041190103,0.018088018228396563,0.0,-0.013632690636017334,-0.013624268870779707,-0.013875030520253993,0.0,0.03247527178576217,0.0,0.05896718673113323,0.05154783175655396,0.022777802261930238,0.016728241801014947,0.06613625307247628,0.03552382745927562,0.0,0.024507903629791244,0.031375020412920125,0.04114564496285773,0.03822742662865305,0.01372127267982885,0.03520014765661761,0.010991508537313073,0.021252320377790686,0.0,0.0,0.0,0.0,0.0,0.0,0.0,0.0,0.0,0.0,0.0,0.0,0.0,0.05309526047364224,0.0,0.012516919811228234,0.040297373134193896,0.0,0.0,0.0,-0.027341837268838647,-0.019267452892675264,-0.0129422698575964,0.0,0.0,0.0,0.0,-0.010409179028034524,0.0,0.0,0.01744767449219206,0.010850273989030173
2025-10-31,0.0,0.0,0.0,0.0,-0.009772789258808182,-0.010555474787132396,0.0,0.0,0.0,0.0,0.0,-0.012104780158627065,0.0,0.0,0.0,0.0,0.012746505826200473,0.0,0.0,0.0,0.0,0.0,0.0,0.0,0.03013596584974895,0.025504163162286,0.0,0.03711722909776947,0.03981670616878715,0.024403177379356895,0.0,0.0,0.013695307825968537,0.0,0.0,0.0,0.0,0.0,0.0,0.0,0.0,0.014371480935556385,0.0,0.018529979861685825,0.0,-0.012589430317255538,-0.010449299522863723,0.0,0.0,0.027632051403353834,0.0,0.05724565699902077,0.045107053988070626,0.02597241081233162,0.019569852380451048,0.06640857159258275,0.0416254190776279,0.014188157273879001,0.029150098384902526,0.03397654897133509,0.04796812034029522,0.02863290801281468,0.0205660314063384,0.03543403473265801,0.012817870497333938,0.016716552272013838,0.01681680658745775,0.0,0.0,0.0,0.0,0.0,0.0,0.0,0.011981123841875522,0.0,0.0,0.0,0.0,0.03649300958389375,0.0,0.02286359655396268,0.028088445509768026,0.0,0.0,0.0,-0.02713234747704286,-0.018179424413987996,-0.011554143261728425,0.0,0.0,0.0,0.0,0.0,0.0,0.0,0.01667181655558874,0.015415657917638348
2025-11-30,0.0,0.0,0.0,0.0,-0.014246955096578678,-0.014308846124634973,-0.013163577419001623,0.0,0.0,0.0,0.0,-0.01930088180890347,0.0,0.0,0.0,0.0,0.013785264803040159,0.0,0.0,0.0,0.0,0.0,0.0,0.0,0.026585750185277812,0.02303872498712573,0.0,0.027224509676424195,0.028690470289166704,0.01998205875776012,0.0,0.0,0.02002746237450705,0.0,0.0,0.0,0.0,0.0,0.0,0.0,0.0,0.017089461499414465,0.0,0.026484472048649347,0.0,0.0,0.0,0.0,0.0,0.03676283618801938,0.0,0.05771864622158025,0.03133370986697558,0.01729593135943153,0.013116668860095092,0.053918752774903746,0.04770166729985038,0.013582486020554538,0.0333473446926615,0.025655986442715734,0.028239742200809183,0.019879495285606966,0.0211351276814709,0.02970171067605016,0.01654435439951256,0.0,0.01682653245512615,0.0,0.0,0.0,0.0,0.0,0.0,0.0,0.014219334016082871,0.0,0.0,0.0,0.0,0.04473018841129722,0.013943211870726164,0.03374611383819212,0.033587892012861734,0.0,0.0,0.0,-0.03227451429253053,-0.026391403682983334,-0.015909098794248365,-0.01327994540145986,0.0,0.0,0.0,0.0,0.0,0.0,0.021192277836672456,0.024036592347097194
2025-12-31,0.0,0.0,0.0,0.0,0.0,0.0,0.0,0.0,0.0,0.0,0.0,-0.01175475334595575,0.0,0.0,0.0,0.0,0.016072634894382865,0.0,0.011850789792557003,0.0,0.0,0.0,0.0,0.0,0.023540243446745986,0.02487925199816762,0.0,0.025115737797275235,0.030358686503857677,0.014109153690965312,0.0,0.012832840969057551,0.023754077900600034,0.0,0.0,0.0,0.0,0.0,0.0,0.0,0.0,0.013615369232138396,0.0,0.02843344978650426,0.0,0.0,0.0,0.0,0.0,0.03674823607131362,0.0,0.05477877959882319,0.034255971690119486,0.01991168492510716,0.01555091625640591,0.051691166632795396,0.04949984657870146,0.014690909133788416,0.035311871194624915,0.03040534553068755,0.0287883039904662,0.02759177925385058,0.03333273034782321,0.023206320803813026,0.02676490798993615,0.01735083101876223,0.02464334509381704,0.0,0.0,0.0,0.012461580849003024,0.0,0.0,0.0,0.015535148628464153,0.0,0.0,0.0,0.0,0.038832142549078,0.0140424246071766,0.04366704136085147,0.03327114849705941,0.0,0.0,0.0,-0.021619051517198565,-0.016520774245780672,-0.013669773157948125,0.0,0.0,0.0,0.0,0.0,0.0,0.0,0.014200659418479748,0.015340319699916914
2026-01-31,0.0,0.0,0.0,0.0,0.0,0.0,0.0,0.0,0.0,0.0,0.0,-0.012727232800402211,0.0,0.0,0.0,0.0,0.0,0.0,0.0,0.0,0.0,0.0,0.0,0.0,0.024456620952019396,0.020123414167705495,0.0,0.01837095445347199,0.02412500256237917,0.0,0.0,0.012423414766579379,0.025274466983817225,0.0,0.0,0.0,0.0,0.0,0.0,0.0,0.0,0.0,0.0,0.02210725572079445,0.0,0.0,0.0,0.0,0.0,0.04255073212764545,0.0,0.04279078051032915,0.03568638224768607,0.015995708212961358,0.01597395230944585,0.047392459376240106,0.04431593685104451,0.013898913195898614,0.03110639992297464,0.028131981294366164,0.02473015308386365,0.028406861078081134,0.03341025382989529,0.020278684681988953,0.03111242665948519,0.017314710694640488,0.028325852565072376,0.0,0.013442950598402927,0.0,0.02222969331104313,0.0,0.019768796532801725,0.01385856012167839,0.03130064174353813,0.0,0.0,0.013563770669193068,0.0,0.025502083197925282,0.012290589227870507,0.0718708531227988,0.024125515039139168,0.0,0.0,0.0,-0.02321351009172854,-0.01924816802220392,-0.013806011100757716,0.0,0.0,0.0,0.0,0.0,0.0,0.0,0.019365715711680703,0.015382590460449562
2026-02-28,0.0,0.0,0.0,0.0,0.0,0.0,0.0,0.0,0.0,0.0,0.0,0.0,0.0,0.0,0.0,0.0,0.0,0.0,0.0,0.0,0.0,0.0,0.0,0.0,0.019766447498110424,0.018458190964560153,0.0,0.013746937824012212,0.014931568610412536,0.0,0.0,0.012235080569803701,0.024905460732471865,0.0,0.0,0.0,0.0,0.0,0.0,0.0,0.0,0.012528166632030692,0.0,0.02700758955220498,0.0,0.0,0.0,0.0,0.0,0.0375441417104994,0.0,0.042101965036852075,0.03342460947742539,0.019885379323624136,0.01747338910096262,0.047106536777622,0.040985604751451306,0.014295715938764997,0.046040468555124725,0.016202474157372054,0.0252286045440792,0.031172797595728784,0.032511510930518954,0.02192692495124821,0.039478575661523505,0.015551242917250093,0.035696945347203995,0.0,0.018186684704342027,0.0,0.022462044351874405,0.011866678127112033,0.02054261972084418,0.014500992985886014,0.034360939482522175,0.0,0.0,0.021809431173693865,0.0,0.021636921943329637,0.012684395458077266,0.0552569532199881,0.02644500458686125,0.0,0.0,0.0,0.0,-0.01149729898322875,0.0,0.0,0.0,0.016729764424867878,0.0,0.0,0.0,0.0,0.02765513035787124,0.02415881131864325
2026-03-31,0.0,0.0,0.0,0.0,0.0,0.0,0.0,0.0,0.0,0.0,0.0,0.0,0.0,0.0,0.014750147239617567,0.0,0.015011879949896991,0.0,0.0,0.0,0.0,0.0,0.0,0.0,0.020346099596362865,0.018127029396097318,0.0,0.01381085423364414,0.01567317579774294,0.0,0.0,0.013958953069376069,0.022813336901953807,0.0,0.013417458061849954,0.0,0.0,0.0,0.0,0.0,0.0,0.013914709364308398,0.0,0.03164010056937448,0.0,0.0,0.0,0.0,0.0,0.043428286561953834,0.0,0.040358525198623485,0.0356294897163883,0.021645203577105265,0.01912724760194769,0.05169249535900711,0.05609752152273674,0.0,0.041652690490893256,0.018912420546892756,0.025787473667346274,0.033842025185623396,0.029702806166398844,0.026230882704111648,0.045407465252708286,0.021756942735045946,0.03415009431780389,0.0,0.01663617254865371,0.0,0.017636402802145554,0.0,0.016490229424250148,0.0,0.030051909935930255,0.0,0.0,0.019287700384979182,0.0,0.021058687658573376,0.015912600599716966,0.04472371114775667,0.014932815977210296,0.0,0.0,0.0,0.0,0.0,0.0,0.0,0.0,0.017644448733844388,0.0,0.0,0.0,0.014344906250004626,0.01827343181572116,0.014121667936402356
2026-04-30,0.019015358740270976,0.0,0.0,0.0,0.0,0.0,0.0,0.0,0.0,0.0,0.0,0.0,0.0,0.019640117663626434,0.024981341689955763,0.018490839335812106,0.022869312714004945,0.0,0.0,0.025121622945184188,0.019401821743791785,0.020059007471042316,0.020738896748894696,0.01846041621149815,0.0,0.018156562644082292,0.0,0.018809771939504012,0.02318259744787138,0.0,0.0,0.021697729922032647,0.02694983052887075,0.01938272482122562,0.027132287519257493,0.018248154645237664,0.0,0.0,0.0,0.0,0.0,0.0,0.0,0.04463722021054716,0.0,0.0,0.0,0.0,0.0,0.037401038650680035,0.0,0.02787369735227266,0.021707092709295935,0.018541491988681668,0.0,0.03931680215948575,0.04298771192298083,0.0,0.03184646661129519,0.0,0.0,0.022435649134139497,0.023037978412408133,0.019479507483979242,0.02150113064212867,0.0,0.021646012056936625,0.0,0.0,0.0,0.02575432140833168,0.0,0.0207610894758493,0.0,0.04516591414828992,0.0,0.0,0.019469744949354148,0.0,0.034045089725689794,0.026267172721361514,0.028957164092978473,0.0,0.0,0.0,0.0,0.0,0.0,0.0,0.0,0.0,0.026864376559631222,0.0,0.0,0.0,0.0,0.017964932851519393,0.0
2026-05-31,0.0,0.0,0.0,0.0,0.0,0.0,0.0,0.0,0.018272711997934368,0.0,0.0,0.0,0.0,0.019284870348859694,0.026530546464749092,0.030671965963623638,0.024999908042204682,0.01720483119018556,0.0,0.023987976726358433,0.025324196113537808,0.026703718062440547,0.03312017599374196,0.0,0.0,0.0,0.0,0.01852388485598541,0.017709411591681816,0.0,0.0,0.016993610857310958,0.0,0.01696624528103808,0.027849727866852764,0.0,0.0,0.0,0.0,0.0,0.016302434635957905,0.0,0.0,0.04686714415720756,0.0,0.0,0.0,0.0,0.0,0.04083205880510574,0.0,0.022568072371841157,0.02070227981822326,0.01719721643986424,0.0,0.03823551904531343,0.043101409123990124,0.0,0.03171395383137981,0.0,0.0,0.021357856662359554,0.025553082290245287,0.01702241422550021,0.023227251340925,0.0,0.0236489111208572,0.0,0.0,0.0,0.03266488511263718,0.017109032276302116,0.027291100633891327,0.0,0.032939291781884206,0.0,0.0,0.016755817400510346,0.0,0.023488486285490443,0.02215770346143101,0.030043614127506293,0.0162851088392517,0.0,0.0,0.0,0.0,0.0,0.0,0.0,0.0,0.03227091628865372,0.0,0.0,0.0,0.0,0.01652065856716628,0.0
2026-06-30,0.0,0.0,0.0,0.0,0.0,0.0,0.0,0.0,0.0,0.0,0.0,0.0,0.0,0.015878652418209287,0.01900546530124031,0.021267547558743362,0.01982900120942827,0.0,0.0,0.021609399346973507,0.016013102893771062,0.0,0.023118075083990133,0.0,0.0,0.0,0.0,0.016933178290663334,0.01585272188536875,0.0,0.0,0.0,0.0,0.019287454584052868,0.027074173965742295,0.018163669371001674,0.018948751527657834,0.021964587981382806,0.0,0.0,0.0,0.0,0.0,0.03070773898791919,0.0,0.0,0.0,0.0,0.0,0.03968775022807922,0.0,0.020178296105810352,0.022645673053333842,0.0,0.0,0.03381294141936726,0.04188917105938067,0.0,0.026753222467447848,0.0,0.0,0.02386248687648672,0.025276332282555436,0.020631555355171482,0.02491397588718803,0.0,0.027478443444390876,0.0,0.017547613146843624,0.0,0.03692145646517872,0.021682170489854283,0.027453685281707767,0.025325404298334155,0.05038273032164854,0.0,0.02153640688685532,0.03137419524716465,0.0,0.029877777459758312,0.033471041522672704,0.03638385451439394,0.02019878276292442,0.0,0.0,0.016877681185501047,0.0,0.0,0.0,0.0,0.0,0.018183831831806052,0.0,0.0,0.0,0.0,0.0,0.0
