Date,XOM,CVX,COP,EOG,OXY,FANG,DVN,CTRA,APA,PR,MTDR,CHRD,OVV,CNQ,SU,CVE,IMO,PBR,YPF,EC,SHEL,BP,TTE,EQNR,WMB,KMI,OKE,TRP,ENB,LNG,ET,EPD,MPLX,PAA,VLO,MPC,PSX,DINO,SUN,SLB,HAL,BKR,NOV,FTI,HP,PTEN,LBRT,RES,NBR,NEM,GOLD,AEM,WPM,FNV,RGLD,KGC,AU,HMY,GFI,AGI,OR,PAAS,HL,CDE,AG,FSM,SBSW,FCX,SCCO,TECK,RIO,BHP,VALE,AA,CENX,CLF,NUE,STLD,RS,CRS,ATI,MT,MP,LIN,APD,DD,DOW,LYB,CE,FMC,MOS,NTR,CF,WY,VMC,MLM,CCJ,UEC
2000-01-31,0.0,0.0,0.0,0.0,0.0,0.0,0.0,0.0,0.0,0.0,0.0,0.0,0.0,0.0,0.0,0.0,0.0,0.0,0.0,0.0,0.0,0.0,0.0,0.0,0.0,0.0,0.0,0.0,0.0,0.0,0.0,0.0,0.0,0.0,0.0,0.0,0.0,0.0,0.0,0.0,0.0,0.0,0.0,0.0,0.0,0.0,0.0,0.0,0.0,0.0,0.0,0.0,0.0,0.0,0.0,0.0,0.0,0.0,0.0,0.0,0.0,0.0,0.0,0.0,0.0,0.0,0.0,0.0,0.0,0.0,0.0,0.0,0.0,0.0,0.0,0.0,0.0,0.0,0.0,0.0,0.0,0.0,0.0,0.0,0.0,0.0,0.0,0.0,0.0,0.0,0.0,0.0,0.0,0.0,0.0,0.0,0.0,0.0
2000-02-29,0.0,0.0,0.0,0.0,0.0,0.0,0.0,0.0,0.0,0.0,0.0,0.0,0.0,0.0,0.0,0.0,0.0,0.0,0.0,0.0,0.0,0.0,0.0,0.0,0.0,0.0,0.0,0.0,0.0,0.0,0.0,0.0,0.0,0.0,0.0,0.0,0.0,0.0,0.0,0.0,0.0,0.0,0.0,0.0,0.0,0.0,0.0,0.0,0.0,0.0,0.0,0.0,0.0,0.0,0.0,0.0,0.0,0.0,0.0,0.0,0.0,0.0,0.0,0.0,0.0,0.0,0.0,0.0,0.0,0.0,0.0,0.0,0.0,0.0,0.0,0.0,0.0,0.0,0.0,0.0,0.0,0.0,0.0,0.0,0.0,0.0,0.0,0.0,0.0,0.0,0.0,0.0,0.0,0.0,0.0,0.0,0.0,0.0
2000-03-31,0.0,0.0,0.0,0.0,0.0,0.0,0.0,0.0,0.0,0.0,0.0,0.0,0.0,0.0,0.0,0.0,0.0,0.0,0.0,0.0,0.0,0.0,0.0,0.0,0.0,0.0,0.0,0.0,0.0,0.0,0.0,0.0,0.0,0.0,0.0,0.0,0.0,0.0,0.0,0.0,0.0,0.0,0.0,0.0,0.0,0.0,0.0,0.0,0.0,0.0,0.0,0.0,0.0,0.0,0.0,0.0,0.0,0.0,0.0,0.0,0.0,0.0,0.0,0.0,0.0,0.0,0.0,0.0,0.0,0.0,0.0,0.0,0.0,0.0,0.0,0.0,0.0,0.0,0.0,0.0,0.0,0.0,0.0,0.0,0.0,0.0,0.0,0.0,0.0,0.0,0.0,0.0,0.0,0.0,0.0,0.0,0.0,0.0
2000-04-30,0.0,0.0,0.0,0.0,0.0,0.0,0.0,0.0,0.0,0.0,0.0,0.0,0.0,0.0,0.0,0.0,0.0,0.0,0.0,0.0,0.0,0.0,0.0,0.0,0.0,0.0,0.0,0.0,0.0,0.0,0.0,0.0,0.0,0.0,0.0,0.0,0.0,0.0,0.0,0.0,0.0,0.0,0.0,0.0,0.0,0.0,0.0,0.0,0.0,0.0,0.0,0.0,0.0,0.0,0.0,0.0,0.0,0.0,0.0,0.0,0.0,0.0,0.0,0.0,0.0,0.0,0.0,0.0,0.0,0.0,0.0,0.0,0.0,0.0,0.0,0.0,0.0,0.0,0.0,0.0,0.0,0.0,0.0,0.0,0.0,0.0,0.0,0.0,0.0,0.0,0.0,0.0,0.0,0.0,0.0,0.0,0.0,0.0
2000-05-31,0.0,0.0,0.0,0.0,0.0,0.0,0.0,0.0,0.0,0.0,0.0,0.0,0.0,0.0,0.0,0.0,0.0,0.0,0.0,0.0,0.0,0.0,0.0,0.0,0.0,0.0,0.0,0.0,0.0,0.0,0.0,0.0,0.0,0.0,0.0,0.0,0.0,0.0,0.0,0.0,0.0,0.0,0.0,0.0,0.0,0.0,0.0,0.0,0.0,0.0,0.0,0.0,0.0,0.0,0.0,0.0,0.0,0.0,0.0,0.0,0.0,0.0,0.0,0.0,0.0,0.0,0.0,0.0,0.0,0.0,0.0,0.0,0.0,0.0,0.0,0.0,0.0,0.0,0.0,0.0,0.0,0.0,0.0,0.0,0.0,0.0,0.0,0.0,0.0,0.0,0.0,0.0,0.0,0.0,0.0,0.0,0.0,0.0
2000-06-30,0.0,0.0,0.0,0.0,0.0,0.0,0.0,0.0,0.0,0.0,0.0,0.0,0.0,0.0,0.0,0.0,0.0,0.0,0.0,0.0,0.0,0.0,0.0,0.0,0.0,0.0,0.0,0.0,0.0,0.0,0.0,0.0,0.0,0.0,0.0,0.0,0.0,0.0,0.0,0.0,0.0,0.0,0.0,0.0,0.0,0.0,0.0,0.0,0.0,0.0,0.0,0.0,0.0,0.0,0.0,0.0,0.0,0.0,0.0,0.0,0.0,0.0,0.0,0.0,0.0,0.0,0.0,0.0,0.0,0.0,0.0,0.0,0.0,0.0,0.0,0.0,0.0,0.0,0.0,0.0,0.0,0.0,0.0,0.0,0.0,0.0,0.0,0.0,0.0,0.0,0.0,0.0,0.0,0.0,0.0,0.0,0.0,0.0
2000-07-31,0.0,0.0,0.0,0.0,0.0,0.0,0.0,0.0,0.0,0.0,0.0,0.0,0.0,0.0,0.0,0.0,0.0,0.0,0.0,0.0,0.0,0.0,0.0,0.0,0.0,0.0,0.0,0.0,0.0,0.0,0.0,0.0,0.0,0.0,0.0,0.0,0.0,0.0,0.0,0.0,0.0,0.0,0.0,0.0,0.0,0.0,0.0,0.0,0.0,0.0,0.0,0.0,0.0,0.0,0.0,0.0,0.0,0.0,0.0,0.0,0.0,0.0,0.0,0.0,0.0,0.0,0.0,0.0,0.0,0.0,0.0,0.0,0.0,0.0,0.0,0.0,0.0,0.0,0.0,0.0,0.0,0.0,0.0,0.0,0.0,0.0,0.0,0.0,0.0,0.0,0.0,0.0,0.0,0.0,0.0,0.0,0.0,0.0
2000-08-31,0.0,0.0,0.0,0.0,0.0,0.0,0.0,0.0,0.0,0.0,0.0,0.0,0.0,0.0,0.0,0.0,0.0,0.0,0.0,0.0,0.0,0.0,0.0,0.0,0.0,0.0,0.0,0.0,0.0,0.0,0.0,0.0,0.0,0.0,0.0,0.0,0.0,0.0,0.0,0.0,0.0,0.0,0.0,0.0,0.0,0.0,0.0,0.0,0.0,0.0,0.0,0.0,0.0,0.0,0.0,0.0,0.0,0.0,0.0,0.0,0.0,0.0,0.0,0.0,0.0,0.0,0.0,0.0,0.0,0.0,0.0,0.0,0.0,0.0,0.0,0.0,0.0,0.0,0.0,0.0,0.0,0.0,0.0,0.0,0.0,0.0,0.0,0.0,0.0,0.0,0.0,0.0,0.0,0.0,0.0,0.0,0.0,0.0
2000-09-30,0.0,0.0,0.0,0.0,0.0,0.0,0.0,0.0,0.0,0.0,0.0,0.0,0.0,0.0,0.0,0.0,0.0,0.0,0.0,0.0,0.0,0.0,0.0,0.0,0.0,0.0,0.0,0.0,0.0,0.0,0.0,0.0,0.0,0.0,0.0,0.0,0.0,0.0,0.0,0.0,0.0,0.0,0.0,0.0,0.0,0.0,0.0,0.0,0.0,0.0,0.0,0.0,0.0,0.0,0.0,0.0,0.0,0.0,0.0,0.0,0.0,0.0,0.0,0.0,0.0,0.0,0.0,0.0,0.0,0.0,0.0,0.0,0.0,0.0,0.0,0.0,0.0,0.0,0.0,0.0,0.0,0.0,0.0,0.0,0.0,0.0,0.0,0.0,0.0,0.0,0.0,0.0,0.0,0.0,0.0,0.0,0.0,0.0
2000-10-31,0.0,0.0,0.0,0.0,0.0,0.0,0.0,0.0,0.0,0.0,0.0,0.0,0.0,0.0,0.0,0.0,0.0,0.0,0.0,0.0,0.0,0.0,0.0,0.0,0.0,0.0,0.0,0.0,0.0,0.0,0.0,0.0,0.0,0.0,0.0,0.0,0.0,0.0,0.0,0.0,0.0,0.0,0.0,0.0,0.0,0.0,0.0,0.0,0.0,0.0,0.0,0.0,0.0,0.0,0.0,0.0,0.0,0.0,0.0,0.0,0.0,0.0,0.0,0.0,0.0,0.0,0.0,0.0,0.0,0.0,0.0,0.0,0.0,0.0,0.0,0.0,0.0,0.0,0.0,0.0,0.0,0.0,0.0,0.0,0.0,0.0,0.0,0.0,0.0,0.0,0.0,0.0,0.0,0.0,0.0,0.0,0.0,0.0
2000-11-30,0.0,0.0,0.0,0.0,0.0,0.0,0.0,0.0,0.0,0.0,0.0,0.0,0.0,0.0,0.0,0.0,0.0,0.0,0.0,0.0,0.0,0.0,0.0,0.0,0.0,0.0,0.0,0.0,0.0,0.0,0.0,0.0,0.0,0.0,0.0,0.0,0.0,0.0,0.0,0.0,0.0,0.0,0.0,0.0,0.0,0.0,0.0,0.0,0.0,0.0,0.0,0.0,0.0,0.0,0.0,0.0,0.0,0.0,0.0,0.0,0.0,0.0,0.0,0.0,0.0,0.0,0.0,0.0,0.0,0.0,0.0,0.0,0.0,0.0,0.0,0.0,0.0,0.0,0.0,0.0,0.0,0.0,0.0,0.0,0.0,0.0,0.0,0.0,0.0,0.0,0.0,0.0,0.0,0.0,0.0,0.0,0.0,0.0
2000-12-31,0.0,0.0,0.0,0.0,0.0,0.0,0.0,0.0,0.0,0.0,0.0,0.0,0.0,0.0,0.0,0.0,0.0,0.0,0.0,0.0,0.0,0.0,0.0,0.0,0.0,0.0,0.0,0.0,0.0,0.0,0.0,0.0,0.0,0.0,0.0,0.0,0.0,0.0,0.0,0.0,0.0,0.0,0.0,0.0,0.0,0.0,0.0,0.0,0.0,0.0,0.0,0.0,0.0,0.0,0.0,0.0,0.0,0.0,0.0,0.0,0.0,0.0,0.0,0.0,0.0,0.0,0.0,0.0,0.0,0.0,0.0,0.0,0.0,0.0,0.0,0.0,0.0,0.0,0.0,0.0,0.0,0.0,0.0,0.0,0.0,0.0,0.0,0.0,0.0,0.0,0.0,0.0,0.0,0.0,0.0,0.0,0.0,0.0
2001-01-31,0.0,0.0,0.0,0.0,0.0,0.0,0.0,0.0,0.0,0.0,0.0,0.0,0.0,0.0,0.0,0.0,0.0,0.0,0.0,0.0,0.0,0.0,0.0,0.0,0.0,0.0,0.0,0.0,0.0,0.0,0.0,0.0,0.0,0.0,0.0,0.0,0.0,0.0,0.0,0.0,0.0,0.0,0.0,0.0,0.0,0.0,0.0,0.0,0.0,0.0,0.0,0.0,0.0,0.0,0.0,0.0,0.0,0.0,0.0,0.0,0.0,0.0,0.0,0.0,0.0,0.0,0.0,0.0,0.0,0.0,0.0,0.0,0.0,0.0,0.0,0.0,0.0,0.0,0.0,0.0,0.0,0.0,0.0,0.0,0.0,0.0,0.0,0.0,0.0,0.0,0.0,0.0,0.0,0.0,0.0,0.0,0.0,0.0
2001-02-28,0.0,0.0,0.0,0.0,0.0,0.0,0.0,0.0,0.0,0.0,0.0,0.0,0.0,0.0,0.0,0.0,0.0,0.0,0.0,0.0,0.0,0.0,0.0,0.0,0.0,0.0,0.0,0.0,0.0,0.0,0.0,0.0,0.0,0.0,0.0,0.0,0.0,0.0,0.0,0.0,0.0,0.0,0.0,0.0,0.0,0.0,0.0,0.0,0.0,0.0,0.0,0.0,0.0,0.0,0.0,0.0,0.0,0.0,0.0,0.0,0.0,0.0,0.0,0.0,0.0,0.0,0.0,0.0,0.0,0.0,0.0,0.0,0.0,0.0,0.0,0.0,0.0,0.0,0.0,0.0,0.0,0.0,0.0,0.0,0.0,0.0,0.0,0.0,0.0,0.0,0.0,0.0,0.0,0.0,0.0,0.0,0.0,0.0
2001-03-31,0.0,0.0,0.0,0.0,0.0,0.0,0.0,0.0,0.0,0.0,0.0,0.0,0.0,0.0,0.0,0.0,0.0,0.0,0.0,0.0,0.0,0.0,0.0,0.0,0.0,0.0,0.0,0.0,0.0,0.0,0.0,0.0,0.0,0.0,0.0,0.0,0.0,0.0,0.0,0.0,0.0,0.0,0.0,0.0,0.0,0.0,0.0,0.0,0.0,0.0,0.0,0.0,0.0,0.0,0.0,0.0,0.0,0.0,0.0,0.0,0.0,0.0,0.0,0.0,0.0,0.0,0.0,0.0,0.0,0.0,0.0,0.0,0.0,0.0,0.0,0.0,0.0,0.0,0.0,0.0,0.0,0.0,0.0,0.0,0.0,0.0,0.0,0.0,0.0,0.0,0.0,0.0,0.0,0.0,0.0,0.0,0.0,0.0
2001-04-30,0.0,0.0,0.0,0.0,0.0,0.0,0.0,0.0,0.0,0.0,0.0,0.0,0.0,0.0,0.0,0.0,0.0,0.0,0.0,0.0,0.0,0.0,0.0,0.0,0.0,0.0,0.0,0.0,0.0,0.0,0.0,0.0,0.0,0.0,0.0,0.0,0.0,0.0,0.0,0.0,0.0,0.0,0.0,0.0,0.0,0.0,0.0,0.0,0.0,0.0,0.0,0.0,0.0,0.0,0.0,0.0,0.0,0.0,0.0,0.0,0.0,0.0,0.0,0.0,0.0,0.0,0.0,0.0,0.0,0.0,0.0,0.0,0.0,0.0,0.0,0.0,0.0,0.0,0.0,0.0,0.0,0.0,0.0,0.0,0.0,0.0,0.0,0.0,0.0,0.0,0.0,0.0,0.0,0.0,0.0,0.0,0.0,0.0
2001-05-31,0.0,0.0,0.0,0.0,0.0,0.0,0.0,0.0,0.0,0.0,0.0,0.0,0.0,0.0,0.0,0.0,0.0,0.0,0.0,0.0,0.0,0.0,0.0,0.0,0.0,0.0,0.0,0.0,0.0,0.0,0.0,0.0,0.0,0.0,0.0,0.0,0.0,0.0,0.0,0.0,0.0,0.0,0.0,0.0,0.0,0.0,0.0,0.0,0.0,0.0,0.0,0.0,0.0,0.0,0.0,0.0,0.0,0.0,0.0,0.0,0.0,0.0,0.0,0.0,0.0,0.0,0.0,0.0,0.0,0.0,0.0,0.0,0.0,0.0,0.0,0.0,0.0,0.0,0.0,0.0,0.0,0.0,0.0,0.0,0.0,0.0,0.0,0.0,0.0,0.0,0.0,0.0,0.0,0.0,0.0,0.0,0.0,0.0
2001-06-30,0.0,0.0,0.0,0.0,0.0,0.0,0.0,0.0,0.0,0.0,0.0,0.0,0.0,0.0,0.0,0.0,0.0,0.0,0.0,0.0,0.0,0.0,0.0,0.0,0.0,0.0,0.0,0.0,0.0,0.0,0.0,0.0,0.0,0.0,0.0,0.0,0.0,0.0,0.0,0.0,0.0,0.0,0.0,0.0,0.0,0.0,0.0,0.0,0.0,0.0,0.0,0.0,0.0,0.0,0.0,0.0,0.0,0.0,0.0,0.0,0.0,0.0,0.0,0.0,0.0,0.0,0.0,0.0,0.0,0.0,0.0,0.0,0.0,0.0,0.0,0.0,0.0,0.0,0.0,0.0,0.0,0.0,0.0,0.0,0.0,0.0,0.0,0.0,0.0,0.0,0.0,0.0,0.0,0.0,0.0,0.0,0.0,0.0
2001-07-31,0.0,0.0,0.02811319123627278,0.05419245989688669,0.02077785687719269,0.0,0.04456127187260239,0.034599787344853514,0.02020143502152555,0.0,0.0,0.0,0.0,0.0,0.0,0.0,0.024791345280973896,0.0,-0.019694903138469694,0.0,0.0,0.0,0.01625340894155912,0.0,0.0,0.0,0.06190668302478419,0.054017486999424276,0.03434456892305748,-0.01763127090878064,0.0,0.12139808488542336,0.0,0.056935498773664335,0.018999462676779284,0.0,0.0,0.04741379213804934,0.0,0.0,0.0,0.026759596633389962,0.019232190091151524,0.0,0.0,0.0,0.0,0.044642285172483094,0.0,0.0,0.0,0.019269556841651162,0.0,0.0,-0.016620958879740175,0.0,0.0,0.0,0.0,0.0,0.0,0.0,0.0,0.0,0.0,0.0,0.0,0.0,0.0,0.0,0.0,0.0,0.0,0.0,0.0,0.0,0.0,0.0,0.0,0.0,0.0,-0.01977141805361219,0.0,0.021455950487229015,0.039920586568240504,0.0,0.0,0.0,0.0,0.02120867301828046,-0.036712757934692905,0.0,0.0,0.0,0.017704113395740455,0.017663758188990644,0.023205646794498914,0.0
2001-08-31,0.0,0.023372505407132448,0.028290283438201853,0.05492055798844016,0.03556180444187999,0.0,0.040362859751869526,0.02584039341773429,0.02162178806426877,0.0,0.0,0.0,0.0,0.0,0.03397200072783084,0.0,0.03920597172119429,0.0,-0.018796057047598215,0.0,0.0,0.0,0.0,0.0,0.0,0.0,0.05966223984597777,0.08065288440531271,0.04179191829070853,-0.013761584492298857,0.0,0.11360249186863648,0.0,0.053386557814330805,0.0,0.0,0.0,0.031163677964121925,0.0,0.0,0.0,0.02011786203509547,0.0,0.0,0.0,0.0,0.0,0.04082306736876072,0.0,0.0,0.0,0.0,0.0,0.0,0.0,0.0,0.0,0.0,0.0,0.0,0.0,0.0,0.0,-0.014455863851151154,0.0,0.0,0.0,0.0,-0.014854317942423572,0.0,0.0,0.0,0.0,0.0,0.0,-0.015025968678168126,0.0,0.0,0.0,0.018424696506212968,0.0,-0.02355223156612655,0.0,0.03335771007168332,0.03173110953418591,0.0,0.0,0.0,0.0,0.023364549026268337,0.0,0.0,0.0,0.01409330258174069,0.0,0.01371386809865932,0.020519876051986418,0.0
2001-09-30,0.0,0.0,0.019034624470274507,0.022540106071136386,0.01867714017592354,0.0,0.0,0.011308341431374573,0.0,0.0,0.0,0.0,0.0,0.0,0.03398225763781187,0.0,0.02549526040865675,0.0,-0.025876721481190842,0.0,0.0,0.0,0.0,0.0,0.0,0.0,0.030470930610034943,0.1621233405323038,0.041567820853764065,-0.021681142185718663,0.0,0.14259355296813497,0.0,0.05626414143369816,0.0,0.0,0.0,0.058868185088994156,0.0,-0.015810105874697312,0.0,0.0,-0.016082949733906834,0.0,0.0,-0.01663740417677068,0.0,0.020683461882611387,-0.012525866618147323,0.0,0.0,0.03369892586949389,0.0,0.0,0.01549593436109386,-0.011629060191741833,0.0,0.0,0.0,0.0,0.0,0.0,0.0,-0.016443815198254563,0.0,0.0,0.0,0.0,0.0,0.0,0.0,0.0,0.0,0.0,0.0,-0.017003288464836973,0.0,0.0,0.0,0.031201168887387814,0.0,-0.02190402287270558,0.0,0.014663063885025751,0.030713946005750416,0.0,0.0,0.0,0.0,0.0,-0.010817690951356837,0.0,0.0,0.0,0.0,0.0,0.044205729677201766,0.0
2001-10-31,0.0,0.0,0.01119379534185933,0.0,0.0,0.0,-0.01346129797858099,0.0,0.0,0.0,0.0,0.0,0.0,0.0,0.037908192771498615,0.0,0.01658269404166352,0.0,-0.027768888777437207,0.0,0.0,0.0,0.0,0.0,0.0,0.0,0.03036152470073233,0.2,0.03744357619099587,-0.019260450641132163,0.0,0.1279189918884974,0.0,0.03463358000285509,0.0,0.0,0.0,0.05274288083043665,0.0,-0.01944524309088621,-0.014946058353977373,0.0,-0.013793357431994011,0.0,0.0,-0.017930897175042433,0.0,0.026463938485766537,-0.01707801741325751,0.0,0.0,0.05671272590006979,0.0,0.0,0.026695105640695722,0.0,0.0,0.0,0.02149993479940184,0.0,0.0,0.0,0.0,-0.0202825452892917,0.0,0.0,0.0,0.0,-0.012617729969410444,0.0,0.0,0.0,0.0,0.0,0.0,-0.02228192851895011,0.0,0.0,0.0,0.0,-0.01460631297928774,-0.023615801689164193,0.0,0.0,0.016185574776386043,0.0,0.0,0.0,0.0,0.0,-0.018029853222741712,0.0,0.0,0.0,0.0,-0.016123731843822483,0.03241537025416495,0.0
2001-11-30,0.0,0.0,0.0,0.0,0.0,0.0,-0.01293215584476257,0.0,0.0,0.0,0.0,0.0,0.0,0.0,0.034106670693909436,0.0,0.01760089178375047,0.0,-0.02542059011156758,0.0,-0.015127294849579798,-0.0118409993135067,0.0,0.0,-0.011921238824314173,0.0,0.01959857231279383,0.2,0.0495800609911493,-0.03573450735909491,0.0,0.14323943489040042,0.0,0.03227064722720325,0.010741411552420501,0.0,0.0,0.07198902225634309,0.0,-0.020186283393498244,-0.0163292413981463,0.0,0.0,0.0,0.0,0.0,0.0,0.03738972813012575,0.0,0.0,0.0,0.04962446741611021,0.0,0.0,0.03122952629794278,0.0,0.0,0.010966069780824093,0.01218678166972683,0.0,0.0,0.0,0.0,-0.02225967555905983,0.0,0.0,0.0,0.0,-0.015481535418746813,0.0,0.0,0.0,0.0,0.0,0.0,-0.014878159605635237,0.0,0.0,0.0,0.0,0.0,-0.015153010624108934,0.0,0.0,0.012084394344469276,0.0,0.0,0.0,0.0,-0.011320422021169473,0.0,0.0,0.0,0.0,0.0,-0.011368755214135294,0.02743845111550493,0.0
2001-12-31,0.0,0.0,0.0,0.0,0.016309756228091794,0.0,-0.012865753841418295,0.0,0.0,0.0,0.0,0.0,0.0,0.0,0.029360199550955944,0.0,0.013270818748777872,0.0,-0.02144656883673504,0.0,-0.019250086294511554,-0.01960042387697179,0.0,0.0,-0.013886740721881563,0.0,0.0283203429626951,0.13928944741648563,0.08577292012656622,-0.032194403875247406,0.0,0.1603480057639172,0.0,0.028104369687839654,0.0,0.0,0.0,0.06102938327378611,0.0,-0.019039595174401777,-0.018466898343927757,0.0,0.0,0.0,0.0,0.0,0.0,0.03933535612791946,0.0,0.0,0.0,0.025157449764895232,0.0,0.0,0.020903825004814403,0.0,0.0,0.0,0.013800630228958338,0.0,0.0,0.0,0.0,-0.021259421109214943,0.0,0.0,0.0,0.0,0.0,0.0,0.0,0.0,0.0,0.0,0.0,-0.013125898758384227,0.018758806874086896,0.0,0.016498232542109477,0.0,0.0,0.0,0.0,0.020102932634190582,0.02501865666642541,0.01660664336112865,0.0,0.0,0.0,0.0,0.0,0.0,0.0,0.015106519612690562,0.0,0.0,0.03576991259097095,0.0
2002-01-31,0.0,0.017246493883241506,0.020313677788448545,0.0,0.026089471238124252,0.0,0.0,0.0,0.0,0.0,0.0,0.0,0.0,0.0,0.057564198863115826,0.0,0.017595721417479906,0.0,0.0,0.0,0.0,0.0,0.0,0.0,-0.017684072243150044,0.0,0.025937702998993874,0.1652188235101672,0.052550104237262515,-0.016550697055272925,0.0,0.11095477691266761,0.0,0.029926529309067074,0.01705247194612404,0.0,0.0,0.06518540346648202,0.0,-0.011918245194858469,-0.017995395077217625,0.0,0.0,0.0,0.0,0.0,0.0,0.04729897440245768,0.0,0.0,0.0,0.03564575542844687,0.0,0.0,0.018218564011803506,0.0,0.0,0.01291395819409305,0.030730690953020938,0.0,0.0,0.0,0.0,-0.01365130866811167,0.0,0.0,0.0,0.01760365833522869,0.0,0.0,0.0,0.0,0.0,0.0,0.0,0.0,0.014956319068435494,0.0,0.014290121418241902,0.0,0.0,0.0,0.0,0.0202074545860304,0.020552653541014466,0.01199599136324367,0.0,0.0,0.0,0.0,0.0,0.0,0.0,0.01167130703839484,0.0,0.0,0.06047945784980351,0.0
2002-02-28,0.0,0.0,0.0,0.0,0.0214929402281682,0.0,0.0,0.0,0.0,0.0,0.0,0.0,0.0,0.0,0.0290553854632679,0.0,0.0176066635003146,-0.014970508335055937,-0.014318249633186973,0.0,-0.015721134846850324,0.0,0.0,0.0,-0.02150165182779482,0.0,0.0,0.09627956050967594,0.055674206304801854,0.0,0.0,0.12918121218756604,0.0,0.042665227733689436,0.018619034890098373,0.0,0.0,0.07987366397222981,0.0,-0.018211772908618952,-0.01983618014882263,0.0,0.0,0.0,0.0,0.0,0.0,0.021299394542223814,0.0,0.0,0.0,0.0520289076283891,0.0,0.0,0.026422117701763174,0.014997984245597923,0.0,0.022548738824548265,0.034224062878216555,0.0,0.0,0.0,0.0,-0.02116147043098644,0.0,0.0,0.0,0.02303714808414579,0.0,0.0,0.0,0.0,0.0,0.0,0.0,-0.013663513379997421,0.02493084547444712,0.0,0.016754755724295255,0.0,0.0,0.0,0.0,0.019680185734588636,0.02007540630712296,0.0,0.0,0.0,0.0,0.0,0.0,0.0,0.0,0.018350058120536146,0.0,0.0,0.07581801843299957,0.0
2002-03-31,0.0,0.0,0.0,0.0,0.017757693777289276,0.0,0.0,0.0,0.0,0.0,0.0,0.0,0.0,0.0,0.030677018819008445,0.0,0.012810204247851894,0.0,0.0,0.0,0.0,0.0,0.0,0.0,-0.01853873296751371,0.0,0.0,0.0703313772359997,0.046259313509807956,0.0,0.0,0.08716342656623438,0.0,0.0351221088892094,0.0,0.0,0.0,0.10759018481967438,0.0,-0.01500875253523366,0.0,0.0,0.0,0.0,0.0,0.0,0.0,0.01920683319713761,0.0,0.0141962933242406,0.0,0.05259676192786216,0.0,0.0,0.036249844065331285,0.021509310540969172,0.01511744928950898,0.033649807387428794,0.04688359950748352,0.0,0.0,0.0,0.01628421625927568,0.0,0.0,0.0,0.0,0.02080456780831494,0.0,0.0,0.0156700761954384,0.0,0.0,0.0155804315703132,0.0,0.0,0.025733584263323103,0.012095399436721535,0.013851238398997306,0.0,0.0,0.0,0.0,0.026176455924402948,0.019614286671606487,0.01268861151674529,0.0,0.0,0.0,0.0,0.0,0.0,0.0,0.027997711575974474,0.0,0.0,0.11283470777110173,0.0
2002-04-30,0.0,0.0,0.0,0.0,0.03212839315085748,0.0,0.0,0.0,0.0,0.0,0.0,0.0,0.0,0.0,0.033398311831894296,0.0,0.014407527017223188,0.0,0.0,0.0,0.0,0.0,0.0,0.0,0.0,0.0,0.0,0.04458989278555842,0.014721079615109472,0.0,0.0,0.06302803389722417,0.0,0.04007589975683384,0.012319048549472062,0.0,0.0,0.11787118748977707,0.0,0.0,0.0,0.0,0.0,0.0,0.0,0.0,0.0,0.011014896942601712,0.0,0.02376188328562968,0.0,0.04967117292019938,0.0,0.0,0.042164662038131816,0.03218366121067135,0.041657819662953094,0.04098488558357777,0.04568966103640951,0.0,0.0,0.019504360537506708,0.026387447089187187,0.0,0.0,0.0,0.0,0.028306360261671666,0.0,0.0,0.012972888636972374,0.014015041701496436,0.0,0.0,0.010822939858567247,0.0,0.02686481996737129,0.010401558435887623,0.010854128453392899,0.0,0.0,0.0,0.0,0.034180556090244396,0.021811525143065804,0.0,0.0,0.0,0.0,0.0,0.0,0.0,0.0,0.04046661050408163,0.0,0.0,0.08374374654643037,0.0
2002-05-31,0.0,0.0,0.0,0.0,0.02354837804484519,0.0,0.0,0.0,0.0,0.0,0.0,0.0,0.0,0.0,0.023553979748214243,0.0,0.013736349998688089,0.0,0.0,0.0,0.0,0.0,0.0,0.0,0.0,0.0,0.0,0.042184194393100255,0.018356304469814684,0.0,0.0,0.05822743418143621,0.0,0.035911198735742215,0.0,0.0,0.0,0.09026573545027772,0.0,0.0,0.0,0.0,0.0,0.0,0.00931230781968095,0.011092585168428723,0.0,0.013990581085939653,0.0,0.020717071402796026,0.0,0.049668073854226266,0.0,0.0,0.05546501234029213,0.03154761140625039,0.07138952864887561,0.05475901730089826,0.06825635212025277,0.0,0.0,0.0422498580946124,0.03983509220359181,0.0,0.0,0.0,0.0,0.029966720767184107,0.0,0.0,0.01170853040177518,0.0,0.0,0.0,0.014261997667916927,0.0,0.018015472989422555,0.022907611794643918,0.01619256808664812,0.0,0.0,0.0,0.0,0.03191461749984107,0.017258514605044534,0.0,0.0,0.0,0.0,0.0,0.0,0.0,0.0,0.024516073687024718,0.0,0.0,0.03919122603253522,0.0
2002-06-30,0.0,0.0,0.0,0.0,0.017366607697365227,0.0,0.0,0.0,0.0,0.0,0.0,0.0,0.0,0.0,0.01465695283565436,0.0,0.013110805698616673,0.0,0.0,0.0,0.0,0.0,0.0,0.0,0.0,0.0,0.0,0.03858787393510476,0.012079739895530177,0.0,0.0,0.0328399547835596,0.0,0.03696314841722558,0.0,0.0,0.0,0.023903467108969283,0.0,-0.012148807765683847,0.0,0.0,0.0,0.0,0.0,0.0,0.0,0.0,0.0,0.034082018638789346,0.0,0.07132260811101696,0.0,0.0,0.04740098164161715,0.07243899935557785,0.06468244416830218,0.08153309114008928,0.07485725817583481,0.0,0.0,0.03363930095975837,0.10376294843779602,0.01276461950058184,0.0,0.0,0.0,0.03541059899874829,0.0,0.0,0.010685205254758382,0.01335948817918155,0.0,0.0,0.0,0.0,0.01904896773208899,0.019799332431895394,0.009534222274242277,0.0,0.010722861042291195,0.0,0.0,0.019957564110286714,0.013641286971267817,0.0,0.0,0.0,0.0,0.0,0.0,0.0,0.0,0.016977662715639795,0.0,0.0,0.03272118202252634,0.0
2002-07-31,0.0,0.0,0.0,0.0,0.03483261352998875,0.0,0.0,0.0,0.0,0.0,0.0,0.0,0.0,0.012967232108688054,0.03378142916856927,0.0,0.03692586900019059,0.0,-0.02001791018977182,0.0,0.0,0.0,0.021533171751937204,0.0,0.0,0.0,0.0,0.08090344363271006,0.04464748696220018,0.0,0.0,0.0,0.0,0.03433980781684465,0.0,0.0,0.0,0.03589828891570126,0.0,-0.025853452257385487,-0.02009033294614063,0.0,0.0,0.0,0.0,0.0,0.0,0.0,0.0,0.023754825169420866,0.0,0.04487801535843847,0.0,0.0,0.05912461608894155,0.06627393337520472,0.026028664232166505,0.043377325220560176,0.040112849344949984,0.0,0.0,0.02320979643168314,0.07768816596232732,0.0,0.0,0.0,0.0,0.016316808925970278,0.0,0.0,0.0,0.014117546413583159,0.0,0.0,0.0,0.01777208648422503,0.021255558254953445,0.017417621215709618,0.0,0.0,0.0,0.0,0.0,0.03285373591438055,0.027748505776087937,0.0,0.0,0.0,0.0,0.0,0.0,0.0,0.0,0.015658199653243547,0.0,0.0,0.030620707898025915,0.0
2002-08-31,0.0,0.0,0.0,0.0,0.021064199604201975,0.0,0.0,0.0,0.0,0.0,0.0,0.0,0.0,0.0,0.03560541094920935,0.0,0.0,-0.019345675335994093,-0.0386441582321359,0.0,0.0,0.0,0.0,0.0,0.0,0.0,0.0,0.03951442117846141,0.02259130374794033,-0.02118646757340245,0.0,0.0,0.0,0.054843797132584464,0.0,0.0,0.0,0.05195251874263315,0.0,-0.04218411266877212,-0.03279187455908063,-0.022769066294093275,-0.023766301381804664,0.0,-0.022699384086711002,0.0,0.0,0.022765868119738072,-0.021240584063302897,0.02771658806601944,0.0,0.03594429482486965,0.0,0.0,0.07421770235338321,0.047370349130496266,0.0,0.03996027586017219,0.051398294835854605,0.0,0.0,0.02657289016484612,0.046061049131421346,0.0,0.0,0.0,0.0,0.0,0.0,0.0,0.0,0.02971904393772039,0.0,-0.01791354969606005,0.0,0.0,0.0,0.027570957588674835,0.0,0.0,0.0,0.0,0.0,0.032038864849328094,0.0,0.0,0.0,0.0,0.0,-0.02410002692277827,0.0,0.0,0.0,0.0,0.0,-0.026450968968309625,0.0,0.0
2002-09-30,0.0,0.0,0.0,0.0,0.019910328524498297,0.0,0.0,0.0,0.0,0.0,0.0,0.0,0.0,0.016815656701763014,0.037521997262111466,0.0,0.017507683548834668,0.0,-0.017997225204475272,0.0,0.0,0.0,0.0,0.0,0.0,0.0,0.0,0.03798833364505166,0.020446284543239466,0.0,0.0,0.0,0.0,0.029898387428698874,0.0,0.0,0.0,0.032873915926850655,0.0,-0.029057495654312093,-0.026031186929364094,0.0,-0.016765660644312154,0.0,0.0,0.0,0.0,0.0,0.0,0.034826225035113,0.0,0.04235875957000318,0.0,0.0,0.0918649119472005,0.05907726936409153,0.025152975921478433,0.058348883235652765,0.07151348609351374,0.0,0.0,0.03891835347044314,0.0804058392322425,0.021228928084505327,0.0,0.0,0.0,0.0,0.0,0.0,0.0,0.036582486117534264,0.0,-0.021461577980670325,0.0,0.017431772106840375,0.0,0.0,0.0,0.0,-0.015465906938370135,0.0,0.0,0.028075602224420793,0.018306048702446037,0.0,0.0,0.0,0.0,0.0,0.0,0.0,0.0,0.0,-0.017422595922036835,-0.01874422203992563,0.0,0.0
2002-10-31,-0.025373473065227956,-0.018398688302815432,0.0,0.0,0.0,0.0,0.0,-0.022588582271612038,0.0,0.0,0.0,0.0,0.0,0.0,0.023116575220921226,0.0,0.0,0.0,-0.019265969961100374,0.0,0.0,-0.019519338083307736,0.0,0.0,-0.02132432901107788,0.0,0.0,0.03453302152344849,0.027166692112271282,0.0,0.0,0.0,0.0,0.0,-0.045759628266854355,0.0,0.0,0.0,0.0,-0.05196566042821888,-0.027546296842345473,0.0,-0.0237067238451969,0.0,-0.02430376845555334,0.0,0.0,0.0,-0.02174104073140766,0.0240337848375469,0.0,0.03200330056150517,0.0,0.0,0.11063006839801354,0.055866273270883664,0.018201909891433884,0.06185557907626201,0.06654389134739674,0.0,0.0,0.02427920719839266,0.05898038925745692,0.0,0.0,0.0,0.0,0.0,0.0,0.0,-0.02015161537250862,0.0,0.0,-0.03013149772549705,-0.01925074755875324,0.0,0.0,0.0,0.0,0.0,-0.019538842911829855,0.0,0.0,0.0,0.0,0.0,0.0,0.0,0.0,0.0,0.0,0.0,0.0,0.0,-0.02173191109220074,-0.030491193378960058,0.0,0.0
2002-11-30,-0.022767553613717233,-0.024598366095838927,-0.019222159318936293,-0.021683625141974718,0.0,0.0,0.0,-0.032064540164845355,0.0,0.0,0.0,0.0,0.0,0.0,0.0,0.0,0.0,0.0,-0.026529211242187656,0.0,-0.018416226365106272,-0.0268256840244739,0.0,0.0,-0.02663892340949155,0.0,0.0,0.04999877827521499,0.02290651729728301,0.0,0.0,0.0,0.0,0.0,0.0,0.0,0.0,0.0,0.0,-0.0384973999268225,-0.0239724342302138,-0.01801054785278702,-0.022100129251535393,0.0,0.0,0.0,0.0,0.0,-0.01913546244935007,0.0,0.0,0.0,0.0,0.0,0.10724796445995356,0.0246970345084542,0.019091396018710127,0.05529372988395495,0.07400331930015014,0.0,0.0,0.0,0.06211339007898802,0.0,0.0,0.0,0.0,0.0,0.0,0.0,0.0,0.027284755155987193,0.0,-0.023594011877498915,-0.02381952368247294,0.0,0.0,0.0,-0.023471179353642475,-0.02456531192204018,-0.027424471256821556,0.0,0.0,0.0,0.0,0.0,0.0,0.0,0.0,0.0,0.0,0.0,0.0,0.0,-0.04959293678523722,-0.04443341705630973,0.0,0.0
2002-12-31,-0.01734518133359513,-0.021445118267116554,0.0,0.0,0.0,0.0,0.0,0.0,0.016408459427628964,0.0,0.0,0.0,0.0,0.0,0.016669493427713872,0.0,0.0,0.0,-0.017431354802227975,0.0,-0.01695000482959667,-0.018212698480972934,0.0,0.0,-0.016789075546015126,0.0,0.0,0.04684472240734163,0.018327758419975134,0.0,0.0,0.0,0.0,0.035747119888140964,0.0,0.0,0.0,0.016807391274212474,0.0,0.0,0.0,0.0,0.0,0.0,0.017586345194520805,0.0437716710132968,0.0,0.0,0.0,0.0166589446715568,0.0,0.0,0.0,0.0,0.16700857415338824,0.0430477173584212,0.027133430545808215,0.04832884326512731,0.06727245687245259,0.0,0.0,0.027843511193728052,0.08055569175603525,0.0,0.0,0.0,0.0,0.016532953446196017,0.02849379406239184,0.0,0.0,0.042646380156145525,0.0,0.0,-0.01612723942462008,0.0,0.0,0.0,0.0,0.0,-0.025104684827450204,0.0,0.0,0.025084805071439325,0.0,0.0,0.0,0.0,0.0,0.0,0.0,0.0,0.0,0.0,-0.023030547001925028,-0.024794031880959466,0.0,0.0
2003-01-31,0.0,-0.01981736011152247,0.0,0.0,0.0,0.0,0.0,0.0,0.01607528044365319,0.0,0.0,0.0,0.0,0.0,0.0,0.0,0.0,0.0,0.0,0.0,0.0,0.0,0.0,0.015058660190740928,-0.016292813244264646,0.0,0.0,0.04252544554814139,0.01756822524840662,0.0,0.0,0.0,0.0,0.0,0.0,0.0,0.0,0.024285563937985807,0.0,-0.014567097691712293,0.0,0.0,0.0,0.0,0.01658166205562231,0.043738000193313614,0.0,0.0,0.015404447893356921,0.02296514483932664,0.0,0.018393034935237203,0.0,0.0,0.10677965071785243,0.04764561656754347,0.03705714136667465,0.06546819883307477,0.08347110077610678,0.0,0.0,0.034383931157992584,0.09822964405656172,0.027358457555960676,0.0,0.0,0.0,0.01905864005517613,0.0368097876799434,0.0,0.017800107226962947,0.049011776910533544,0.0,0.0,-0.014813101863103764,0.0,0.0,0.0,0.0,0.0,-0.023751485977565334,0.0,0.0,0.022533365193278757,0.0,0.0,0.0,0.0,0.0,0.0,0.0,0.0,0.0,0.0,-0.015379143083926496,-0.017176114644458403,0.0,0.0
2003-02-28,0.0,-0.026911682646626155,0.0,0.029825650250061425,0.0,0.0,0.0,0.0,0.03096568410469085,0.0,0.0,0.0,0.0,0.0,0.013215066326011785,0.0,0.014422036387963341,0.0,0.0,0.0,-0.017135068247127197,-0.012905014212623432,0.0,0.0,-0.01529957328662038,0.0,0.0,0.056090443596820035,0.022126699999535298,0.0,0.0,0.0,0.0,0.0,0.0,0.0,0.0,0.0,0.0,0.0,0.0,0.0,0.024693053452260416,0.0,0.0,0.10982292986633892,0.0,0.0,0.05902583537626386,0.013265708410612748,0.0,0.0,0.0,0.0,0.08564861127200303,0.03346884584250785,0.04076684997131283,0.05368866469094846,0.05656917440364214,0.0,0.0,0.026135176699508558,0.07661013526234477,0.02363253213899571,0.0,0.0,0.0,0.014392110733416277,0.029095000972894327,0.0,0.0,0.022326669334906346,0.0,-0.013116204716835876,-0.017624343095869036,0.0,0.0,0.0,-0.019126840054169706,0.0,-0.027417209179764285,0.0,0.0,0.0,0.0,0.0,0.0,0.0,0.0,0.0,0.0,0.0,0.0,0.0,-0.014677185467324983,0.0,0.0,0.0
2003-03-31,0.0,-0.019084943259162903,0.0,0.04041798269187406,0.036226657315839385,0.0,0.02633619720675635,0.015699127127990372,0.03679365500710915,0.0,0.0,0.0,0.0,0.015891922634856073,0.013941561327755933,0.0,0.01599542341586678,0.0,0.0,0.0,0.0,0.0,0.0,0.0,0.0,0.0,0.0,0.04499876762214453,0.019544228595568855,0.0,0.0,0.0,0.0,0.0,0.0,0.0,0.0,0.0,0.0,0.0,0.0,0.0,0.03414021566706687,0.03678560947808517,0.017892462575165198,0.1192709385970589,0.0,0.0,0.08812268296136927,0.0,0.0,0.0,0.0,0.0,0.032037240759934846,0.023213406735614728,0.03275863833245738,0.038476318931061085,0.046484835368111155,0.0,0.0,0.0,0.040487053022036354,0.016474193999621346,0.0,0.0,0.0,0.0,0.0717570574611076,0.0,0.013257431989555967,0.034579461819963894,0.0,0.0,0.0,0.021725441220647405,0.0,0.0,-0.014294811999239234,0.0,-0.018272682646840895,0.0,0.0,0.0150390502301384,0.0,0.0,0.0,0.0,0.0,0.0,0.0,0.0,0.0,0.0,0.0,0.0,0.0,0.0
2003-04-30,0.0,-0.059241886151203585,0.0,0.0,0.05219475082546026,0.0,0.020657269824738107,0.0,0.02616854672544216,0.0,0.0,0.0,0.0,0.0,0.0,0.0,0.018879796562668662,0.0,0.017795454762666058,0.0,-0.015456178823924967,-0.020307624029910366,0.0,0.0,-0.01742613768627552,0.0,0.0,0.07590553030923614,0.020262224680186607,0.015700730984065103,0.0,0.0,0.0,0.0,0.0,0.0,0.0,0.019254333855411827,0.0,0.0,0.0,0.0,0.0,0.03368272122078099,0.0,0.057283449983191195,0.0,0.0,0.037324063526816866,0.0,0.0,0.0,0.0,0.0,0.02506374508732164,0.0255538042899517,0.030063519236394425,0.029198244165508275,0.035180986297907224,0.0,0.0,0.0,0.048804689062249336,0.01641336775764209,0.0,0.0,0.0,0.01628944478984542,0.06023004309744512,0.0,0.0,0.034504175593044126,0.0,0.0,0.0,0.0,0.0,0.0,-0.019129417427225296,0.0,-0.021846282017587502,0.11479731960039216,0.0,0.01538426162550731,0.0,0.0,0.0,0.0,0.0,0.0,0.0,0.0,0.0,0.0,0.0,0.0,0.0,0.0
2003-05-31,0.0,-0.053316363715703086,0.0,0.0,0.05071461806715423,0.0,0.031379166489114714,0.0,0.031585287286222036,0.0,0.0,0.0,0.0,0.021542130153606117,0.0,0.0,0.015954952757085427,0.0,0.03662403484322619,0.0,0.0,0.0,0.0,0.01706543631480587,-0.016124650330252482,0.0,0.0,0.05006106076718568,0.021691515259997667,0.03833032639823067,0.0,0.0,0.0,0.0,0.0,0.0,0.0,0.01686179361763008,0.0,0.0,0.0,0.0,0.016498210412881197,0.044721663738157336,0.0,0.06932921252774957,0.0,0.0,0.029315066692095902,0.0,0.0,0.0,0.0,0.0,0.030613113780404214,0.041288907032651395,0.024127975990232205,0.024307171303564534,0.03400819476504754,0.0,0.0,0.015355346770014431,0.07119667485744073,0.02235393888351234,0.0,0.0,0.0,0.0,0.03817004220274228,0.0,0.0,0.021958828451430126,0.0,0.0,-0.016841535245604902,0.0,0.0,0.0,0.0,0.0,0.0,0.08279223594469332,0.0,0.0,0.0,0.0,0.0,0.0,0.0,0.0,0.0,0.0,0.0,0.0,0.0,-0.015870545401563622,0.0,0.0
2003-06-30,0.0,0.0,0.0,0.0,0.03005943166562985,0.0,0.032020837893820445,0.0,0.02254380775171369,0.0,0.0,0.0,0.0,0.03641614695028119,0.0,0.0,0.018378968443490518,0.0,0.03820465366480613,0.0,0.0,0.0,0.0,0.022338868452213216,-0.017488562214169924,0.0,0.0,0.05088353108006418,0.030487542673080112,0.04221819295908262,0.0,0.0,0.0,0.018441461339884422,0.0,0.0,0.0,0.01995739183103778,0.0,0.0,0.046975576913829656,0.0,0.0,0.017694297153180695,0.0,0.051057937610801955,0.0,0.0,0.021761090156681293,0.022062937741919666,0.0,0.0,0.0,0.0,0.04397648325126524,0.04512397618984387,0.023578460934935624,0.023868523060016918,0.03843086365170639,0.0,0.0,0.0,0.07516102239743712,0.01855564209049075,0.0,0.0,0.0,0.022983034766507246,0.029615087475221902,0.0,0.0,0.03230779504724924,0.0,0.0,-0.029615049955161375,0.0,0.0,0.0,0.0,0.0,0.0,0.07779282468447697,0.0,0.0,0.0,0.0,0.0,0.0,0.0,0.0,0.0,0.0,0.0,0.0,0.0,0.0,0.0,0.0
2003-07-31,0.0,0.0,0.0,0.0,0.027690377345190444,0.0,0.03585386438666541,0.029019795747931038,0.019841878454209518,0.0,0.0,0.0,0.0,0.03153366307172681,0.0,0.0,0.02302058172450748,0.0,0.05417373218772202,0.0,0.0,0.0,0.0,0.02311005522160059,0.0,0.0,0.0,0.04034577619696692,0.036565955415926374,0.03340857573509163,0.0,0.0,0.0,0.019172666023564103,0.0,0.0,0.0,0.0,0.0,0.0,0.053910430994537795,0.0,0.0,0.013549516948458474,0.0,0.02347003936632634,0.0,0.0,0.0,0.028574827022033372,0.0,0.0,0.0,0.0,0.04883546560551685,0.059577668578832746,0.03709694382397642,0.019829251631221137,0.03648362569365551,0.0,0.0,0.02601167912648426,0.09191501270483006,0.03358612537844302,0.0,0.0,0.0,0.017888081119632845,0.02161567679739244,0.0,0.0,0.022262256698720298,0.0,0.0,-0.025041891819862057,0.0,0.0,0.0,0.0,0.0,0.0,0.04845295868874194,0.0,0.0,0.0,0.0,0.0,0.0,0.0,0.0,-0.01816162649023224,0.0,0.0,0.0,0.0,0.0,0.0,0.0
2003-08-31,-0.024818452110027044,0.0,0.0,0.0,0.02459592471788139,0.0,0.0,0.01923307498061578,0.014812641097608437,0.0,0.0,0.0,0.0,0.018984629680252857,0.0,0.0,0.018732617136030593,0.0,0.05069739926980212,0.0,0.0,-0.014130840176082557,0.0,0.026816594918203176,0.0,0.0,0.022186565693749816,0.04296936880612307,0.03820840260017311,0.051521176179745165,0.0,0.0,0.0,0.029064408732554847,0.0,0.0,0.0,0.021235889007349774,0.0,0.0,0.031302563363749585,0.0,0.0,0.0,0.0,0.0,0.0,0.0,0.0,0.032830438009247793,0.0,0.0,0.0,0.0,0.04869422517847136,0.05405637318820912,0.03375476504013326,0.0,0.020074356223438512,0.0,0.0,0.026446433112399508,0.0754831159295454,0.0,0.0,0.0,0.0,0.032921376914698826,0.04418885426243938,0.0,0.0,0.037080567957573404,0.0,-0.01425110342903719,0.0,0.0,0.0,0.0,0.0,0.0,0.0,0.0966550512302691,0.0,0.016802488631196048,0.0,0.0,0.0,0.0,0.0,0.0,-0.017450302423391746,0.0,0.0,0.0,0.0,0.0,0.0,0.0
2003-09-30,-0.016270283563918058,0.0,0.0,0.0,0.019584493950702615,0.0,0.0,0.0,0.015338814662704921,0.0,0.0,0.0,0.0,0.013358338576500052,0.0,0.0,0.01966589565267076,0.0,0.03034508480133044,0.0,0.0,-0.02069033268818375,0.0,0.018175279076980713,0.0,0.0,0.0,0.044971132298703975,0.04410521794474621,0.07626873764235281,0.0,0.0,0.0,0.03452514796648814,0.0,0.0,0.0,0.0,0.0,0.0,0.036322343354560124,0.0,0.0,0.0,0.0,0.0,0.0,0.0,0.0,0.0351334330964591,0.0,0.0,0.0,0.0,0.05132310515771159,0.042583313998286444,0.032660227914906526,0.0,0.01450635128111217,0.0,0.0,0.03711092266279121,0.07732531523168515,0.0197625301073117,0.0,0.0,0.0,0.03646870627892415,0.03143598556314959,0.0,0.013392587798582843,0.04519669908198465,0.026064412388558587,0.0,-0.0183670925120826,0.0,0.0,0.0,0.0,0.0,0.0,0.0779721553979142,0.0,0.0,0.0,0.0,0.0,0.0,0.0,-0.0332833591471144,-0.01779270020158242,0.0,0.0,0.0,0.0,0.0,0.0,0.0
2003-10-31,0.0,0.0,0.0,0.0,0.025590487828013417,0.0,0.0,0.0,0.0,0.0,0.0,0.0,0.0,0.01876738563602796,0.0,0.0,0.024379338717907217,0.0,0.05903212242355786,0.0,0.0,-0.015455811784150505,0.0,0.0,0.0,0.0,0.0,0.04684430711280099,0.028169618147313953,0.10676747750926335,0.0,0.0,0.0,0.018955118053633736,0.0,0.0,0.0,0.042208228597897135,0.0,0.0,0.03825529544787547,0.0,0.0,0.0,0.0,0.0,0.0,0.0,0.0,0.04123309659244521,0.0,0.0,0.0,0.0,0.030819605535081923,0.027502913355262365,0.03324748509226846,0.0,0.016266188133772844,0.0,0.0,0.028751355848493535,0.018688500738388115,0.02571270089737378,0.0,0.0,0.0,0.053795165351292244,0.02588448782958808,0.0,0.021140768991018084,0.05487861694150604,0.049173991553575234,0.0,0.0,0.0,0.0,0.0,-0.023038242967223288,0.0,0.0,0.043406625369971086,0.0,0.014544516956229108,0.0,0.0,0.0,0.0,0.0,-0.029693459944033385,-0.01858142068715849,0.0,0.0,0.0,0.0,0.0,0.01921566595687691,0.0
2003-11-30,0.0,0.0,0.0,0.0,0.020385179071697523,0.0,0.0,0.0,0.01966698387685098,0.0,0.0,0.0,0.0,0.022159887642321702,0.01572457746976958,0.0,0.03709752819035254,0.0,0.10768395537933699,0.0,-0.012066741695102221,-0.015441694501866558,0.0,0.0,0.0,0.0,0.0,0.04868009153438394,0.02604456535568079,0.07437234257207899,0.0,0.01972113774547088,0.0,0.03063885411054975,0.0,0.0,0.0,0.059960895726925575,0.0,0.0,0.024190535519098198,0.0,0.0,0.0,0.0,0.0,0.0,-0.01162826303164514,0.0,0.04250237494124446,0.0,-0.01230585859376902,0.0,0.0,0.0,0.0,0.02418009754832999,0.0,0.0,0.0,0.0,0.0,0.0,0.016264177487991315,0.0,0.0,0.0,0.07000905669316607,0.03689125938048068,0.0,0.0254376584295726,0.05054457581431095,0.048287841943621485,0.0,0.0,0.0,0.0,0.0,0.0,0.0,0.0,0.04049257593507778,0.0,0.02195302635600975,0.0,0.0,0.0,0.0,0.0,-0.019945552017451764,-0.01620159530787955,0.0,0.0,0.0,0.0,0.0,0.0295211161279634,0.0
2003-12-31,0.0,-0.01362780420612196,0.0,0.0,0.02691361758455616,0.0,0.0,0.0,0.017167645868829517,0.0,0.0,0.0,0.0,0.02371446703650944,0.013430026037768153,0.0,0.024595310996777798,0.04258328904057729,0.08920493058351671,0.0,-0.013620510752041678,-0.028818425314536725,0.0,0.01582439582051273,0.0,0.0,0.0,0.04136563407622061,0.02556063808296971,0.03693505617814045,0.0,0.05389797192797364,0.0,0.023299517304557815,0.0,0.0,0.0,0.027603099877136713,0.0,0.0,0.03145871606301279,0.0,0.0,0.0,0.0,0.0,0.0,0.0,0.0,0.05275097370275399,0.0,0.0,0.0,0.0,0.0,0.0,0.030282781490583537,0.0,0.0,0.0,0.0,0.016541956905748875,0.0,0.023311346585345154,0.0,0.0,0.0,0.15438219827573627,0.0295684767495164,0.0,0.016581121874632183,0.03263217071402829,0.02411944978320033,0.0,0.0,0.0,0.0,0.0,0.0,0.0,0.0,0.027560162573237932,0.0,0.014089994385164176,0.0,0.0,0.0,0.0,0.0,0.0,0.0,0.0,0.0,0.0,0.0,0.0,0.028558310208292678,0.0
2004-01-31,0.0,0.0,0.0,0.0,0.022883778118993312,0.0,0.0,0.0,0.022377272027260853,0.0,0.0,0.0,0.0,0.022705720877753428,0.0,0.0,0.030588161557834486,0.04493186522559283,0.08508078092912293,0.0,0.0,0.0,0.0,0.022384639142130115,0.02526489282840566,0.0,0.0,0.04056670084707954,0.02653092512381842,0.0681558550049756,0.0,0.019571653835505663,0.0,0.026238556794440183,0.0,0.0,0.0,0.024093908223108425,0.0,0.0,0.03813998288841466,0.0,0.0,0.0,0.0,0.0,0.0,0.0,0.0,0.04266164161119581,0.0,0.0,0.0,0.0,0.0,0.0,0.030579617986997834,0.0,0.0,0.0,0.0,0.023386621670828674,0.019955355798694726,0.027133784159557254,0.0,0.0,0.0,0.05922821416637991,0.04413617188593596,0.019414844206881193,0.02303558589954061,0.028562525756055838,0.029065139297570167,0.0,0.0,0.0,0.0,0.0,0.0,0.0,0.0,0.047817239278052204,0.0,0.019779068309987085,0.0,0.0,0.0,0.0,0.0,0.018823426578380258,0.0,0.0,0.0,0.0,0.0,0.0,0.04690606996950636,0.0
2004-02-29,0.0,0.0,0.0,0.0,0.03170721128553771,0.0,0.0,0.021750181907689216,0.021543961312341122,0.0,0.0,0.0,0.0,0.026097295215934953,0.02230972718705458,0.0,0.03938246795023485,0.04135165958615995,0.09055430839998357,0.0,0.0,0.0,0.0,0.019867100885503846,0.037666137042366384,0.0,0.0,0.030377074731664084,0.019168197005902166,0.09043173851198552,0.0,0.0,0.0,0.040285447757070256,0.0313495579929933,0.0,0.0,0.03216675119445348,0.0,0.0,0.0436651999841449,0.0,0.0,0.0,0.0,0.0,0.0,0.0,0.0,0.0,0.0,0.0,0.0,0.0,0.0,0.0,0.0,0.0,0.0,0.0,0.0,0.026230274305106417,0.0,0.02038202066490067,0.0,0.0,0.0,0.035119520605029556,0.04501885813725842,0.020865433703240416,0.024389287256184732,0.02796502102514564,0.026343098320530927,0.0,0.02771517087306879,0.0,0.0,0.025456781278732386,0.0,0.021177442825412188,0.0,0.034038526148171634,0.0,0.0,0.0,0.0,0.0,0.0,0.0,0.0,0.0,0.0,0.0,0.0,0.0,0.0,0.0256245469061984,0.0
2004-03-31,0.0,0.0,0.016592288045733084,0.0,0.020840055887898393,0.0,0.0,0.0,0.0,0.0,0.0,0.0,0.0,0.02162014427169193,0.018063945488000673,0.0,0.026126993146763967,0.055158316087555684,0.08046250176577778,0.0,0.0,0.0,0.0,0.02190327298498496,0.0937427361822253,0.0,0.0,0.02125140890425751,0.0,0.08256887170861194,0.0,0.0,0.0,0.02509358379932951,0.035417898679293104,0.0,0.0,0.061011624950274235,0.0,0.016726304954603564,0.04045500507192737,0.0,0.0,0.0,0.0,0.0,0.0,0.0,0.0,0.0,0.0,0.0,0.0,0.0,0.0,0.0,0.0,0.0,0.0,0.0,0.0,0.027750751533978844,0.0,0.03281318981125372,0.0,0.0,0.0,0.03599039956216178,0.01720572919783085,0.018167818910539608,0.019261182005463378,0.022438338872006202,0.022534460486322086,0.0,0.028957971455329207,0.0,0.0,0.0,0.0,0.04590050980382731,0.0,0.03755935766895727,0.0,0.0,0.0,0.016604641311693872,0.0,0.0,0.0,0.0,0.0,0.0,0.0,0.01598218120070959,0.0,0.0,0.021798516250997234,0.0
2004-04-30,0.0,0.0,0.0,0.0,0.02171179941452858,0.0,0.0,0.016892872102090447,0.020598362929385487,0.0,0.0,0.0,0.0,0.027443688403146173,0.031721817603460975,0.0,0.024700854839497362,0.04433389330783915,0.08395018008589082,0.0,0.0,0.0,0.0,0.02673835968134224,0.11509312208452248,0.0,0.0,0.02172627102088118,0.0,0.07693613704915132,0.0,0.0,0.0,0.03190337778612181,0.021069504962182812,0.0,0.0,0.04695395313332575,0.0,0.0,0.02062184158023772,0.0,0.0,0.0,0.0,0.0,0.0,0.0,0.0,0.017025105678209307,0.0,0.0,0.0,0.0,0.0,0.0,0.0,0.0,0.0,0.0,0.0,0.03772877957416941,0.02024085458733446,0.03625598805450971,0.0,0.0,0.0,0.031157627091053897,0.018269324844249916,0.0,0.0,0.01692044164184184,0.0,0.0,0.030417130679937322,0.02288288537681979,0.0,0.01842369069598848,0.0,0.04509033256752431,0.0,0.03743615397437682,0.0,0.0,0.0,0.0,0.0,0.0,0.0,0.0,0.0,0.0,0.0,0.0,0.01800027734198225,0.017755371908398248,0.0,0.0
2004-05-31,0.0,0.01639796277352024,0.019776872814222076,0.0,0.031134083600423954,0.0,0.0,0.01850846708469417,0.02133047451741069,0.0,0.0,0.0,0.0,0.033391731731017706,0.016250209063598153,0.0,0.024547005225515055,0.026597765355771363,0.1964446400127191,0.0,0.0,0.014415587222813782,0.014181400363413097,0.03217899838291788,0.0982111918485214,0.0,0.0,0.018269361630862818,0.0,0.07832613882699578,0.0,0.0,0.0,0.024703052147924294,0.036834608236348154,0.0,0.0,0.04724540205055027,0.0,0.0,0.0,0.0,0.0,0.02922164838515949,0.0,0.0,0.0,0.0,0.0,0.0,0.0,0.0,0.0,0.0,0.0,0.0,0.0,0.0,0.0,0.0,0.0,0.016835392474164653,0.0,0.015838828630029975,0.0,0.0,0.0,0.015147843913129969,0.0,0.0,0.0,0.0,0.0,0.0,0.01678391088693147,0.0,0.0,0.022288259632664346,0.0,0.021092534546001043,0.0,0.044726042167525,0.0,0.0,0.0,0.0,0.0,0.0,0.0,0.017536475372458785,0.0,0.0,0.0,0.0,0.018000526793985106,0.0,0.013783584308710241,0.0
2004-06-30,0.0,0.017495257988778268,0.024864443264077392,0.0,0.020113991058663447,0.0,0.0,0.017989866655785506,0.01664528280018046,0.0,0.0,0.0,0.0,0.021896562170599054,0.0,0.0,0.025482585156595756,0.01681796394252204,0.16129181860142175,0.0,0.0,0.0,0.0,0.02805005480105509,0.11152049146516928,0.0,0.0,0.022935367343889655,0.01778242255333266,0.06460279593908716,0.0,0.0,0.0,0.02098956532726284,0.035029125823898014,0.0,0.0,0.0560880404621802,0.0,0.0,0.016796801803533826,0.0,0.0,0.01929185946680867,0.0,0.0,0.0,0.0,0.0,0.0,0.0,0.0,0.0,0.0,0.0,0.0,0.0,0.0,0.0,0.0,0.0,0.0,0.0,0.016323951196810734,0.0,0.0,0.0,0.017768693626032304,0.016306216140244478,0.0,0.0,0.0,0.0,0.0,0.024256016946831587,0.0,0.02268135085043203,0.04021769243638183,0.017148256073804217,0.031380353636550215,0.0,0.06340260201368669,0.0,0.0,0.0,0.0,0.0,0.0,0.0,0.0,0.0,0.0,0.0,0.0,0.016249040680973867,0.0,0.018581529773410977,0.0
2004-07-31,0.027098614377371325,0.03696677902814676,0.05854322593461933,0.015468042608450203,0.02128036790827515,0.0,0.0,0.01733082966231848,0.0,0.0,0.0,0.0,0.0,0.016802471324977246,0.0,0.0,0.026607737130828524,0.0174981312615174,0.12847090822849758,0.0,0.0,0.024339483435014166,0.022429746039444233,0.03144506548038342,0.05671714844430717,0.0,0.0,0.0,0.0,0.11729192963502383,0.0,0.0,0.0,0.0,0.03223800541372633,0.0,0.0,0.045597323370504914,0.0,0.0,0.0,0.0,0.0,0.023128975535601698,0.0,0.0,0.0,0.0,0.0,0.0,0.0,0.0,0.0,0.0,0.0,0.0,0.0,0.0,0.0,0.0,0.0,0.0,0.0,0.0,0.0,0.0,0.0,0.0,0.0,0.0,0.0,0.0,0.0,0.0,0.021898338630310633,0.0,0.01818931549672445,0.03163967918967589,0.017599066574897265,0.02955842332625448,0.016337023820921576,0.04528640535352209,0.0,0.015188263201929375,0.0,0.020835519041636698,0.0,0.0,0.0,0.02538360986851167,0.0,0.0,0.0,0.0,0.02205776998084496,0.016771800695763103,0.0,0.0
2004-08-31,0.02659036247684921,0.03392952379007681,0.059114647011640827,0.015417101886258028,0.017688584863091463,0.0,0.0,0.0,0.0,0.0,0.0,0.0,0.0,0.0,0.0,0.0,0.019820731849987665,0.01788879659737989,0.0935273391816279,0.0,0.0,0.041090017327288376,0.034168830684293085,0.028156648275914926,0.03863877941328437,0.0,0.0,0.0,0.0,0.11145456927229042,0.0,0.0,0.0,0.0,0.022750748662741366,0.0,0.0,0.049102826607824786,0.0,0.0,0.01764630018244892,0.0,0.0,0.020859051307390925,0.0,0.0,0.0,0.0,0.0,0.0,0.0,0.0,0.0,0.0,0.0,0.0,0.0,0.0,0.0,0.0,0.0,0.0,0.0,0.0,0.0,0.0,0.0,0.0,0.0,0.0,0.0,0.0,0.0,0.0,0.02119100025085069,0.0,0.017288550316849876,0.035366754978847684,0.025887986157834844,0.024296137953617056,0.031953691481674665,0.06672971242938987,0.0,0.019473716353784372,0.0,0.019444598476587714,0.0,0.0,0.0,0.03422547060506724,0.0,0.0,0.0,0.0,0.022394997852562038,0.015602529395763962,0.018299994356780938,0.0
2004-09-30,0.027527947784194935,0.040899373990409646,0.018297807790898367,0.0,0.021454039142642222,0.0,0.0,0.0,0.0,0.0,0.0,0.0,0.0,0.0,0.0,0.0,0.0,0.017076957394590246,0.061492627096447164,0.0,0.0,0.021195855819374523,0.04654403489600942,0.0694769813814225,0.036588512188487465,0.0,0.0,0.0,0.0,0.10650832136353255,0.0,0.0,0.0,0.0,0.0,0.0,0.0,0.02927548599782466,0.0,0.0,0.0,0.0,0.0,0.032932864947698,0.0,0.0,0.0,0.0,0.0,0.0,0.0,0.0,0.0,0.0,0.0,0.0,0.0,0.0,0.0,0.0,0.0,0.017442742815511454,0.0,0.0,0.0,0.0,0.0,0.0,0.0,0.021003021408347904,0.0,0.017170884440597004,0.0,0.0,0.026912302413279278,0.022169566410809596,0.017265035035624054,0.03238423379246444,0.027253029821710344,0.03463946308688896,0.03552372035976774,0.06537270910816072,0.0,0.01930932733351862,0.0,0.019588473538843583,0.0,0.0,0.0,0.04343525819621977,0.0,0.0,0.0,0.0,0.029122369574930453,0.023321959950014612,0.018815092919779675,0.0
2004-10-31,0.04173567892973464,0.03664396229934901,0.021102790638830433,0.0,0.025764701454024836,0.0,0.0,0.0,0.0,0.0,0.0,0.0,0.0,0.020364930942706968,0.0,0.0,0.021240422727613326,0.0,0.055315707930944105,0.0,0.027385595456836432,0.02389586659176402,0.049739801710002036,0.03289309286251048,0.0,0.0,0.0,0.0,0.0,0.09832961501558303,0.0,0.0,0.0,0.0,0.0,0.0,0.0,0.0,0.0,0.0,0.0,0.0,0.0,0.03405135797771949,0.0,0.0,0.0,0.0,0.0,0.0,0.0,0.0,0.0,0.0,0.0,0.0,0.0,0.0,0.0,0.0,0.0,0.019662471117157382,0.0,0.0,0.0,0.0,0.0,0.0,0.01935858242340794,0.027262954291959945,0.0,0.0,0.019137880984558684,0.0,0.03042274090651118,0.030303602964445977,0.020622234738542744,0.03337442773023149,0.029819126559615237,0.03130351108397761,0.024321368572388907,0.07098247079494958,0.0,0.020939279165845762,0.0,0.0,0.0,0.0,0.0,0.06194866058566272,0.0,0.0,0.0,0.0,0.019685317792225352,0.025586329728869286,0.026805516022031246,0.0
2004-11-30,0.037610338514219854,0.02248073131458298,0.018663197831443212,0.0,0.018829676276937754,0.0,0.0,0.0,0.0,0.0,0.0,0.0,0.0,0.0,0.019031718181785534,0.0,0.019665929199293854,0.0,0.04403801941197975,0.0,0.02050363129089929,0.01883947408734371,0.04010822185648017,0.023637252937206,0.0,0.0,0.0,0.03020155308940768,0.024485937817517338,0.08204374023813392,0.0,0.0,0.0,0.0,0.01919969479571499,0.0,0.0,0.0,0.0,0.0,0.0,0.0,0.0,0.0,0.0,0.0,0.0,0.0,0.0,0.024583863822008098,0.0,0.0,0.0,0.0,0.0,0.0,0.0,0.0,0.0,0.024813306298611594,0.0,0.03898808749636581,0.0,0.026243488400657353,0.0,0.0,0.0,0.0,0.0,0.07282002159973842,0.0,0.031234812308563543,0.021430000308150315,0.0,0.030333233267681413,0.047655781634799374,0.0,0.0,0.0,0.03663955210614425,0.0,0.09512285355923122,0.0,0.0,0.0,0.02082572069157791,0.0,0.0,0.0,0.02697158958621134,0.0,0.0,0.0,0.0,0.0,0.029152189840908647,0.03384638223640461,0.0
2004-12-31,0.0415613573085142,0.025723734849459032,0.0,0.0,0.033010378192579015,0.0,0.0,0.0,0.0,0.0,0.0,0.0,0.0,0.021580845134701692,0.0,0.0,0.02182730075552718,0.02819235004809919,0.0367978277837469,0.0,0.0,0.020694240576927352,0.03726139849575956,0.02712544912693735,0.0,0.0,0.0,0.02496379327148343,0.0,0.03695939173891291,0.0,0.0,0.0,0.0,0.02333239095653591,0.0,0.0,0.0,0.0,0.0,0.0,0.0,0.0,0.0,0.0,0.0,0.0,0.0,0.0,0.0,0.0,0.0,0.0,0.0,0.0,0.0,0.0,0.0,0.0,0.03030172139056566,0.0,0.03935660831758071,0.0,0.021357846599929953,0.0,0.0,0.0,0.0,0.0216291153894102,0.041168143351394675,0.0,0.02810713175031896,0.026096583392597964,0.0,0.03878815511671613,0.04623554259138559,0.0,0.02083343244862058,0.0,0.0414780763462373,0.0,0.13781901084446038,0.0,0.020738585908653236,0.0,0.02104842173860338,0.0,0.0,0.0,0.025434525091143103,0.023001255866777662,0.0,0.0,0.0,0.0,0.0,0.03757538561642085,0.0
2005-01-31,0.04059526106205185,0.020800556333766693,0.0,0.0,0.03452940877627221,0.0,0.0,0.0,0.0,0.0,0.0,0.0,0.0,0.02570552616261324,0.025230898161560194,0.0,0.021552194428049037,0.0327684555848602,0.04557233011086043,0.0,0.025823561056247023,0.0,0.04215616551048631,0.027733734157845153,0.02161106216630826,0.0,0.0,0.03060975179129601,0.023782380574901184,0.046212243120665956,0.0,0.0,0.0,0.0,0.0248375786089004,0.0,0.0,0.0,0.0,0.0,0.0,0.0,0.02220267217913315,0.0,0.0,0.0,0.0,0.0,0.0,0.0,0.0,0.0,0.0,0.0,0.0,0.0,0.0,0.0,0.0,0.025702957956057655,0.0,0.0,0.0,0.0,0.0,0.0,0.0,0.0,0.029070181429205023,0.04308897230760575,0.0,0.02595898035944804,0.03691778061756079,0.0,0.03295644662322707,0.05181469540454347,0.0,0.0,0.0,0.03466076909286178,0.02440748004708103,0.08932108031251088,0.0,0.0,0.0,0.0,0.0,0.0,0.0,0.02430891493138326,0.0,0.0,0.0,0.0,0.02079774274127813,0.0,0.04927021839141976,0.0
2005-02-28,0.03739674941639558,0.023562764056707167,0.0,0.0,0.03248744186090027,0.0,0.0,0.0,0.0,0.0,0.0,0.0,0.0,0.02855748169658053,0.0,0.0,0.022182931724948972,0.03282776631573293,0.0573549919693851,0.0,0.03210867246983859,0.0,0.02997205957462735,0.026114285620904704,0.0,0.0,0.0,0.0,0.02268833565140733,0.048101372028094495,0.0,0.03019994884063332,0.0,0.02517085174021367,0.0279911708844622,0.0,0.0,0.028652164950424174,0.0,0.0,0.0,0.0,0.02378193264784897,0.0,0.0,0.0,0.0,0.0,0.0,0.0,0.0,0.0,0.0,0.0,0.0,0.0,0.0,0.0,0.0,0.0,0.0,0.0,0.0,0.0,0.0,0.0,0.0,0.0,0.030683157814212728,0.0371201703031363,0.0,0.02638356178265275,0.03563300117435275,0.0,0.031601299387525976,0.05005719117560903,0.0,0.0,0.0,0.044760713082750904,0.03125538076250374,0.07407355985495184,0.0,0.0,0.0,0.0,0.0,0.0,0.0,0.02263259723189811,0.0,0.0,0.0,0.0,0.02389069441897395,0.02107652296192552,0.041681228600400924,0.0
2005-03-31,0.0,0.0,0.024760281629438056,0.0,0.0,0.0,0.024051534281483534,0.0,0.0,0.0,0.0,0.0,0.026455948678261242,0.026927479847353736,0.0,0.0,0.02615662831403987,0.03031767804767926,0.025617925399332796,0.0,0.026686583147027508,0.0,0.026143787748605606,0.024311145111590368,0.0,0.0,0.02491576971410309,0.0,0.0,0.04470005286549973,0.0,0.0,0.0,0.024682202819505547,0.03769581361299093,0.0,0.0,0.032017254899604115,0.0,0.0,0.0,0.0,0.03232577658516326,0.0,0.0,0.0,0.0,0.0,0.0,0.0,0.0,0.0,0.0,0.0,0.0,0.0,0.0,0.0,0.0,0.0,0.0,0.0,0.0,0.0,0.0,0.0,0.0,0.0,0.0,0.03693933784373776,0.0,0.028174445262910526,0.035889672107987124,0.0,0.023626067994784936,0.06369443369136454,0.02771207261031367,0.0,0.0,0.0465944591584029,0.03822574448905709,0.09216880210561854,0.0,0.0,0.0,0.02374236633180175,0.0,0.0,0.0,0.0,0.028259120769153222,0.0,0.0,0.0,0.029506179265556896,0.026399262974672887,0.04130217269295957,0.0
2005-04-30,0.0,0.0,0.02450823402947102,0.0319388613939151,0.029664084793670675,0.0,0.03081785410541456,0.024420313646020302,0.0,0.0,0.0,0.0,0.04307571473327506,0.034880648762701125,0.0,0.0,0.03157889589089819,0.025769434297953666,0.0,0.0,0.0,0.0,0.026189437648303372,0.022924105075070818,0.0,0.0,0.05296213453147783,0.0,0.0,0.04057566936244322,0.0,0.0,0.0,0.03354304163809733,0.04124990967804566,0.0,0.0,0.04322063013289624,0.0,0.0,0.03009770844001684,0.024727246672729075,0.038459294101708376,0.0,0.0,0.0,0.0,0.0,0.022927104495454653,0.0,0.0,0.0,0.0,0.0,0.0,0.0,0.0,0.0,0.0,0.0,0.0,0.0,0.0,0.0,0.0,0.0,0.0,0.0,0.0,0.02892397175889217,0.0,0.0,0.0,0.0,0.0,0.048561754052836234,0.0,0.0,0.0,0.025847522956946443,0.03753094075353742,0.060419542440968,0.0,0.0,0.028178169397218327,0.0,0.0,0.0,0.0,0.025481430578985508,0.03431529262832555,0.0,0.0,0.0,0.023032574066911896,0.0,0.034178477935815216,0.0
2005-05-31,0.0,0.0,0.031502939934079106,0.041641006226863134,0.03508564714501467,0.0,0.03229977858744923,0.0,0.0,0.0,0.0,0.0,0.027969365726858094,0.029764768352929554,0.0,0.0,0.03162928711970369,0.026804945849941978,0.0,0.0,0.0,0.02725078090395416,0.0,0.0293957899513009,0.0,0.0,0.04073375503469641,0.0,0.0,0.05085358747030403,0.0,0.0,0.0,0.044780599248641924,0.046431924879269455,0.0,0.0,0.04507454102626235,0.0,0.026231001189569128,0.03996772931376349,0.03297430591149059,0.028417687800253333,0.0,0.029861978991097732,0.0,0.0,0.025234595994925283,0.0,0.0,0.0,0.0,0.0,0.0,0.0,0.0,0.0,-0.024501706395303212,0.0,0.0,0.0,0.0,0.0,0.0,0.0,0.0,0.0,0.0,0.0,0.029985472566843224,0.0,0.0,0.0,0.0,0.0,0.03131901590839719,0.0,0.0,0.0,0.028189942827189673,0.04303820136974741,0.04104401246490702,0.0,0.025225218362103733,0.0,0.0,0.0,0.0,0.0,0.02662728394869809,0.0,0.0,0.0,0.0,0.0,0.0,0.02616312949844226,0.0
2005-06-30,0.0,0.0,0.02343487411062365,0.03745288138458442,0.02742778236025541,0.0,0.02486971419773867,0.0,0.0,0.0,0.0,0.0,0.0311468232848435,0.02752882169904079,0.0,0.0,0.022859227499057957,0.0,0.0,0.0,0.0,0.0,0.0,0.024553374143425767,0.03614228497386225,0.0,0.03063653749870389,0.0,0.034850527215254855,0.09494715195517345,0.0,0.0,0.0,0.04159346643496176,0.03826787892414338,0.0,0.0,0.04873060409184609,0.0,0.0,0.04302797121384496,0.02514520415109589,0.024134534175551437,0.0,0.028921702426686804,0.0,0.0,0.051849344956690684,0.0,0.0,0.0,0.0,0.0,0.0,0.0,0.0,0.0,0.0,0.0,0.0358321488712324,0.0,0.0,-0.02125464585116935,0.0,0.0,0.0,0.0,0.0,0.0,0.021744312183047954,0.0,0.0,0.0,0.0,0.0,0.02253241084505234,0.03334549953983865,0.0,0.0,0.03249513718103518,0.03102061832357111,0.036141183900014806,0.0,0.0,0.0,0.0,0.0,0.0,0.0,0.02432519862770672,0.0,0.0,0.0,0.0,0.0,0.0,0.023788137979945622,0.0
2005-07-31,0.0,0.0,0.026308343606262354,0.04787924471325216,0.026864003680007853,0.0,0.031073540880242907,0.0,0.022193180388246345,0.0,0.0,0.0,0.03365928141616599,0.03470226481572039,0.0,0.0,0.026424676066498575,0.021317045527042295,0.0,0.0,0.0,0.0,0.0,0.02816577035354669,0.033390013266443655,0.0,0.027771762367072923,0.0,0.041720730543224394,0.0677440357040325,0.0,0.0,0.0,0.04299026277151588,0.036051466860311555,0.0,0.0,0.05203085725354385,0.0,0.0,0.03010157218438652,0.0,0.0,0.0,0.027076989628225093,0.0,0.0,0.03855029605859616,0.0,0.0,0.0,0.0,0.0,0.0,0.0,0.0,0.0,0.0,0.0,0.025131376254952608,0.0,0.0,0.0,0.0,0.0,0.0,0.0,0.0,0.0,0.026738373159966144,0.0,0.0,0.0,0.0,0.0,0.02453156593544799,0.0,0.0,0.0,0.02460390421338428,0.058543951670511574,0.038552827777829084,0.0,0.02562642034470722,0.0,0.0,0.0,0.0,0.0,0.02311836241038387,0.0,0.0,0.0,0.0,0.0,0.02139548687021514,0.03574239327826385,0.0
2005-08-31,0.0,0.0,0.027712297241067357,0.05608965875543435,0.03154044447397033,0.0,0.03555406995851733,0.0,0.021626454451167686,0.0,0.0,0.0,0.029399485045109346,0.03540865586371205,0.021279371116241057,0.0,0.02466202605400471,0.0,0.0,0.0,0.0,0.0,0.0,0.029562431734610227,0.04178826152186919,0.0,0.03682895225089941,0.02372479362468065,0.03956372044047163,0.08085064819635165,0.0,0.026797746844547995,0.0,0.0432929037740079,0.03125805477577014,0.0,0.0,0.04603439243997674,0.0,0.0,0.026854122437755645,0.0,0.0,0.0,0.02804329698299292,0.0,0.0,0.04086796745186974,0.0,0.0,0.0,0.0,0.0,0.0,0.0,0.0,0.0,0.0,0.0,0.031802435413033174,0.0,0.0,0.0,0.0,0.0,0.0,0.0,0.0,0.0,0.021557739923786547,0.0,0.0,0.0,0.0,0.0,0.022057909087704653,0.0,0.0,0.0,0.0,0.025485608579105555,0.03374243037916225,0.0,0.028223222695589693,0.0,0.0,0.0,0.0,0.0,0.022507392401226935,0.0,0.0,0.0,0.0,0.0,0.0,0.035883506085363275,0.0
2005-09-30,0.028585477742809503,0.0,0.0406822818136077,0.0731961880054337,0.04725385028220117,0.0,0.037375285216073376,0.0,0.022191982068171717,0.0,0.0,0.0,0.028692372378135215,0.039331109972684276,0.022487060126893214,0.0,0.027161624230039,0.0,0.019954622829327626,0.0,0.0,0.02169870726046197,0.023746339440098442,0.03273051037066733,0.039662895065012936,0.0,0.022851836222980506,0.0,0.03449763848403095,0.0616569167731309,0.0,0.0,0.0,0.026252522132873497,0.04414607429112639,0.0,0.0,0.04485515731230422,0.0,0.0,0.027980627029581522,0.021027282621705022,0.021668940443676277,0.0,0.025591846357703344,0.025666245701644507,0.0,0.03654727883357378,0.0,0.0,0.0,0.0,0.0,0.0,0.0,0.0,0.0,0.0,0.0,0.0,0.0,0.0,0.0,0.0,0.0,0.0,0.0,0.0,0.0,0.025837836178316805,0.0,0.0,0.02119865033421466,0.0,0.0,0.0,0.0,0.0,0.0,0.0,0.0,0.0,0.0,0.0,0.0,0.0,0.0,0.0,0.0,0.0,0.0,0.0,0.0,0.0,0.0,0.0,0.05547084048152037,0.0
2005-10-31,0.026246756297670235,0.0,0.0424604853162927,0.04965416348480352,0.038833035673063336,0.0,0.030752948767675932,0.0,0.0,0.0,0.0,0.0,0.031911339711148456,0.025424445651424942,0.023322766234954596,0.0,0.02677574347101451,0.031009832107959087,0.03070519953674691,0.0,0.0,0.0,0.0,0.03379878237729511,0.03163205399734266,0.0,0.0,0.0,0.037927055438910263,0.07694541260429409,0.0,0.0,0.0,0.0,0.03560988790759203,0.0,0.0,0.04163515533647925,0.0,0.0,0.030804674213504725,0.023812000211052484,0.0,0.0,0.024489105416695366,0.02341733199095792,0.0,0.03875376619896527,0.0,0.0,0.0,0.0,0.0,0.0,0.0,0.0,0.0,0.0,0.0,0.02574737266518508,0.0,0.0,0.0,0.0,0.0,0.0,0.0,0.0,0.0,0.03222740796525655,0.0,0.02565004621114541,0.0255994913253314,0.0,0.0,0.02680675113048246,0.0,0.0,0.0,0.0,0.02380319038279704,0.0,0.0,0.0,0.0,0.0,0.0,0.0,0.0,0.0,0.0,0.0,0.0,0.0,0.0,0.02407897117911212,0.06016482719484682,0.0
2005-11-30,0.0,0.0,0.0331442187696371,0.034979369182831635,0.03229161657843431,0.0,0.023576499700808308,0.0,0.0,0.0,0.0,0.0,0.0,0.03199317484923674,0.022043111350358646,0.0,0.0,0.030936893167839444,0.0,0.0,0.0,0.0,0.0,0.02009213702781138,0.022308153638747164,0.0,0.0,0.024910703564344345,0.03574133307862364,0.09994110020537385,0.0,0.0,0.0,0.0,0.03715836971874851,0.0,0.0,0.04021691847623606,0.0,0.023217258623364382,0.02063818406388361,0.0,0.027769143825072753,0.0,0.02557956498950152,0.03376682804598711,0.0,0.06766700100891128,0.026263433262507713,0.0,0.0,0.0,0.0,0.0,0.0,0.0,0.0,0.0,0.0,0.02404372025958591,0.0,0.0,0.0,0.0,0.0,0.0,0.0,0.022184840165062038,0.0,0.03565585099064042,0.0,0.024016440496782282,0.03054984808002213,0.0,0.0,0.038001930043209585,0.0,0.0,0.0,0.0,0.0,0.0,0.0,0.02604287091979424,0.0,0.0,0.0,0.0,0.0,0.0,0.0,0.0,0.0,0.0,0.0,0.03321883473348668,0.05205065118315737,0.0
2005-12-31,0.0,0.0,0.020567094535697168,0.03514648180757696,0.029938353539149063,0.0,0.020193479221897393,0.0,0.0,0.0,0.0,0.0,0.0,0.033987639449183635,0.02323069231499927,0.0,0.0,0.033748868004828264,0.0,0.0,0.0,0.0,0.0,0.0,0.021432984171673282,0.0,0.0,0.030182842642300565,0.044209163687621275,0.0678368369626438,0.0,0.0,0.0,0.0,0.026872511330714246,0.0,0.0,0.04251155961340852,0.0,0.02471999334879078,0.024319588194716274,0.0,0.021188001748793525,0.0,0.028113468391325162,0.021808303901699883,0.0,0.09531053824912364,0.023923285431377152,0.0,0.0,0.0,0.0,0.0,0.0,0.0,0.0,0.0,0.0,0.03216484044987957,0.0,0.0,0.0,0.0,0.0,0.0,0.0,0.0316490623159164,0.0,0.041207472032565855,0.022346810291974967,0.02877056706460238,0.03972114138522696,0.0,0.0,0.03939898728240331,0.0,0.0,0.0,0.0,0.0,0.0,0.0,0.0226055714269704,0.0,0.0,0.0,0.0,0.0,0.0,0.0,0.0,0.0,0.0,0.0,0.026193758275464416,0.04670010292747592,0.0
2006-01-31,0.0,0.0,0.0,0.03228338351107249,0.029350205561102027,0.0,0.018857720675825987,0.0,0.0,0.0,0.0,0.0,0.0,0.036965289812520334,0.02356188431734724,0.0,0.0,0.03391302456028874,0.0,0.0,0.0,0.0,0.0,0.025175712355097957,0.021703612440252415,0.0,0.0,0.03343058953973115,0.04133272086020397,0.07206732879153889,0.0,0.0,0.0,0.0,0.02823482044676528,0.0,0.0,0.038705623375315815,0.0,0.02610930684325713,0.018616374382047992,0.0,0.0,0.0,0.03235434858981,0.0186153235551243,0.0,0.10951350691672343,0.02708900380648539,0.0,0.0,0.0,0.0,0.0,0.0,0.0,0.0,0.0,0.0,0.030348219604692018,0.0,0.0,0.0,0.0,0.0,0.0,0.0,0.027303061481030472,0.021400998149131982,0.0438423314816253,0.022416047660500822,0.026882051034309722,0.025221087034289887,0.0,0.0,0.024284179943474087,0.0,0.0,0.0,0.0,0.0,0.0,0.0,0.02488925555605275,0.0,0.0,0.0,0.0,0.0,0.0,0.0,0.0,0.0,0.0,0.0,0.037384062876186494,0.048148924838196036,0.0
2006-02-28,0.0,0.0,0.019695422896098755,0.03835357103942486,0.0,0.0,0.023997098765639102,0.0,0.0,0.0,0.0,0.0,0.0,0.03974155893767232,0.026320182064023187,0.0,0.0,0.028670805886793622,0.0,0.0,0.0,0.0,0.0,0.022456150962105053,0.023874719177781015,0.0,0.0,0.024886150737138003,0.03349878321878049,0.0783802420126899,0.0,0.0,0.0,0.0,0.03629313255183384,0.0,0.0,0.03732356444757348,0.0,0.0,0.0237602120253299,0.0,0.024531181334696714,0.0,0.034627008803573466,0.027584303050457313,0.0,0.10875909793061782,0.03348144157401785,0.0,0.0,0.0,0.0,0.0,0.0,0.0,0.0,0.0,0.0,0.024687563163713105,0.0,0.0,0.0,0.0,0.0,0.0,0.0,0.0216362222697344,0.0,0.04232469232017062,0.02590420154097641,0.024909136710045878,0.02474919079331938,0.0,0.0,0.030453950390826795,0.023514064388995268,0.0,0.0,0.0,0.0,0.0,0.0,0.022725293149175114,0.0,0.0,0.0,0.0,0.0,0.0,0.0,0.0,0.0,0.0,0.0,0.031144377075075984,0.04171668078172023,0.0
2006-03-31,0.0,0.0,0.020434152124431428,0.021764922770403754,0.0,0.0,0.0,0.0,0.0,0.0,0.0,0.0,0.0,0.03613632073416374,0.029759553454735167,0.0,0.019555936592497453,0.028703320207940197,0.0,0.0,0.0,0.0,0.0,0.023410683066781988,0.0260444648911851,0.0,0.0,0.02892266013716061,0.04664860064711904,0.1475584383313287,0.0,0.0,0.0,0.0,0.03944510301439055,0.0,0.0,0.02549362244590218,0.0,0.0,0.01913221558639697,0.0,0.0,0.0,0.027082312401905468,0.0,0.0,0.022542553410373943,0.0,0.0,0.0,0.0,0.0,0.0,0.0,0.0,0.0,0.0,0.0,0.028335530593456632,0.0,0.0,0.0,0.0,0.0,0.0,0.0,0.0,0.0,0.047857015874471345,0.026286510557799927,0.021625365795819824,0.022178246100653744,0.0,0.0,0.0,0.02830534995234322,0.0,0.027976233907598364,0.019600337229350222,0.030131933435729667,0.0,0.0,0.03902547289404879,0.034430511693039775,0.0,0.0,0.0,0.0,0.0,0.0,0.0,0.0,0.0,0.0230557389211214,0.04914950291929922,0.03940739030855165,0.0
2006-04-30,0.0,0.0,0.0,0.024256441950866226,0.0,0.0,0.0,0.0,0.0,0.0,0.0,0.0,0.0,0.03232389506132963,0.024961962482942555,0.0,0.0,0.025007813317089445,0.0,0.0,0.0,0.0,0.0,0.023758903973230206,0.026917196009419345,0.0,0.0,0.02848785112523292,0.02628674821950681,0.10698473009267033,0.0,0.0,0.0,0.0,0.03551141776848064,0.0,0.0,0.03023839625034734,0.0,0.02063573525402123,0.0,0.0,0.0,0.0,0.026722113233350824,0.0,0.0,0.0,0.0,0.0,0.0,0.0,0.0,0.0,0.0,0.0,0.0,0.0,0.0,0.02456442855917069,0.0,0.0,0.0,0.0,0.0,0.0,0.0,0.0,0.02628736158007516,0.0419781520911967,0.03220122189679737,0.023756392461044433,0.029828496594685054,0.0,0.0,0.023794257115795962,0.03660889269436859,0.0,0.03956407828069969,0.022622959299039114,0.038957189725476946,0.0,0.0,0.048255698306365634,0.05088838120832634,0.0,0.0,0.0,0.0,0.022743657659616227,0.0,0.0,0.0,0.0,0.025112875480291327,0.050018327767778904,0.0307244245407843,0.0
2006-05-31,0.0,0.0,0.0,0.0,0.02146208918979336,0.0,0.0,0.0,0.0,0.0,0.0,0.0,0.0,0.04290967421269269,0.0387715718552767,0.0,0.03336717920781026,0.03353364096222228,0.0,0.0,0.0,0.0,0.0,0.03221380795194631,0.0,0.0,0.0,0.023112222596839392,0.0,0.04416220962597468,0.0,0.0,0.0,0.0,0.039747656014434286,0.0,0.0,0.03054833983308835,0.0,0.024527278603337938,0.0,0.0,0.0,0.0,0.02670193168661186,0.0,0.0,0.0,0.0,0.0,0.0,0.03469236803151073,0.0,0.0,0.0,0.0,0.0,0.0,0.0,0.02814533696042623,0.0,0.0,0.0,0.0,0.0,0.0,0.0,0.0,0.03277415620573502,0.040370032201730674,0.04457490211032509,0.02876906589137445,0.02854002761954786,0.0,0.02543521271811986,0.0,0.029599127950967745,0.0,0.026701997984687198,0.023072075426993893,0.04120240515113602,0.0,0.0,0.04353765126344626,0.040076432396727195,0.0,0.0,0.0,0.0,0.02204893575379013,0.0,0.0,0.0,0.0,0.040546477230534915,0.043410551493574825,0.03544564186934385,0.0
2006-06-30,0.0,0.0,0.027568914900741825,0.02581992569955127,0.02566529109825973,0.0,0.0,0.0,0.0,0.0,0.0,0.0,0.0268283603171104,0.04073642505681482,0.038857585150936055,0.0,0.04474830141471788,0.027800616441728612,0.0,0.0,0.0,0.0,0.0,0.0319080383454284,0.025759492139768202,0.0,0.0,0.03313298005036961,0.0,0.0,0.0,0.0,0.0,0.02518244753089924,0.05168462067000687,0.0,0.0,0.044674392684234294,0.0,0.025170976553249864,0.0,0.02827528291635664,0.0,0.03404148265626062,0.0,0.0,0.0,0.0,0.0,0.0,0.0,0.033744076401016204,0.0,0.0,0.0,0.0,0.0,0.0,0.0,0.028301513901144822,0.0,0.0,0.0,0.0,0.0,0.0,0.0,0.0,0.028208260547719237,0.0354974069431415,0.04987401825712106,0.028743411563635385,0.0,0.0,0.0,0.0,0.032028786833743744,0.0,0.026938139272514955,0.0,0.039594026999878615,0.0,0.0,0.0,0.0,-0.025528952366010188,0.0,0.0,0.0,0.04280781860124552,0.0,0.0,0.0,0.0,0.0,0.026294191905444294,0.044584262780950235,0.0
2006-07-31,0.0,0.0,0.02606203598010441,0.025467889899176265,0.02760343712836907,0.0,0.0,0.0,0.0,0.0,0.0,0.0,0.026636700263267164,0.04089548740833705,0.04472121357404032,0.0,0.043954426249008006,0.02737428632756411,0.0,0.0,0.0,0.0,0.0,0.030256420371353177,0.02981422620224355,0.0,0.0363179938870003,0.025518132944560158,0.0,0.0,0.0,0.0,0.0,0.0,0.045951526243756625,0.0,0.0,0.049141048953666375,0.0,0.023259456975007746,0.0,0.0,0.0,0.03620496064993215,0.0,0.0,0.0,0.0,0.0,0.0,0.0,0.04272885395166932,0.0,0.0,0.0,0.0,0.0,0.0,0.0,0.029343040357356336,0.0,0.0,0.0,0.0,0.0,0.0,0.0,0.0,0.03004655796143042,0.03438341784170009,0.03557214745035396,0.02351870299348076,0.0,0.0,0.0,0.0,0.03058240115247654,0.0,0.029971250993841764,0.0,0.03756266179071807,0.0,0.0,0.029239934814433984,0.0,-0.026972325280708635,0.0,0.0,0.0,0.045702819822295765,0.0,0.0,0.0,0.0,0.0,0.02470452749739223,0.040492115034755395,0.0
2006-08-31,0.0,0.0,0.0,0.021825429889130762,0.033844280937152985,0.0,0.0,0.0,0.0,0.0,0.0,0.0,0.022643441869974298,0.03987049117342118,0.06199375128306467,0.0,0.029800958536495174,0.036923182397203505,0.0,0.0,0.0,0.0,0.0,0.030012151865075706,0.022309700379068986,0.0,0.03485865721616478,0.02474773716638385,0.02253550646856788,0.0,0.0,0.0,0.0,0.0,0.03456728840011527,0.0,0.0,0.043300219666284875,0.0,0.037290626672942195,0.022273427989930605,0.024797771371776862,0.0,0.02620319539474152,0.0,0.0,0.0,0.0,0.0,0.0,0.0,0.046826775916860526,0.0,0.0,0.0,0.0,0.0,0.0,0.02571011467914318,0.06148657290940831,0.0,0.0,0.0,0.0,0.0,0.0,0.0,0.0,0.028591204722884636,0.03701101583426632,0.030898251804099237,0.0,0.0,0.0,0.0,0.0,0.031000190520508602,0.0,0.0,0.0,0.04938256270098273,0.0,0.0,0.026850309886465445,0.0,-0.02675457595939703,0.0,0.0,0.0,0.024306817641815057,0.0,0.0,0.0,0.0,0.0,0.0,0.04138378874667388,0.0
2006-09-30,0.0,0.0,0.0,0.0,0.02521874959164949,0.0,0.020664391119072825,0.0,0.0,0.0,0.0,0.0,0.030513146784633127,0.04236151279824502,0.050986666537341914,0.0,0.0349465191522478,0.04028751869365272,0.0,0.0,0.0,0.0,0.02859239010289214,0.023136888212885127,0.06881856294927316,0.0,0.03064400626545654,0.02238555901400095,0.0,0.0,0.0,0.0,0.0,0.0,0.0,0.0,0.0,0.04203752691519203,0.0,0.03305018835747553,0.025462592390586795,0.0,0.023509252608237635,0.022912245889744404,0.0,0.0,0.0,0.0251286537783992,0.0,0.0,0.0,0.04476868088596028,0.0,0.0,0.0,0.036195560231893055,0.0,0.0,0.0235608014149191,0.05723381789428959,0.0,0.0,0.0,0.0,0.0,0.0,0.0,0.0,0.03057942225059188,0.037361440659126395,0.032861510497112625,0.02135745102673654,0.0,0.0,0.0,0.0,0.023393909985170686,0.0,0.02101041640224871,0.0,0.03423351911815994,0.0,0.0,0.0,0.0,0.0,0.0,0.0,0.0,0.0,0.0,0.0,0.0,0.0,0.0,0.0,0.04678709847280476,0.0
2006-10-31,0.0,0.026898851677384962,0.0,0.0,0.0,0.0,0.024315917568524366,0.0,0.0,0.0,0.0,0.0,0.0,0.02902602436608886,0.040952417238839495,0.0,0.02410638723343596,0.0320724084481874,0.0,0.0,0.0,0.0,0.027625336570139436,0.0,0.0468132361808972,0.0,0.026899854089979636,0.023041428765487065,0.02435545313855782,0.0,0.0,0.0,0.0,0.0,0.0,0.0,0.0,0.04792420287007969,0.0,0.038196116210271615,0.0,0.0,0.0,0.0,0.0,0.0,0.0,0.0,0.0,0.0,0.0,0.028240960717246907,0.0,0.0,0.0,0.029808145404129523,0.0,0.027672712273507313,0.0,0.05376856392118112,0.0,0.0,0.0,0.0,0.0,0.0,0.0,0.023012369264193654,0.02869319408630439,0.03553938150675664,0.035932249937677935,0.0,0.028012352556009805,0.0,0.0,0.0,0.060035343997625765,0.02386744399998518,0.03478132943220236,0.0,0.04831829456968007,0.0,0.0,0.0,0.0,0.0,0.0,0.0,0.0,0.028128826243975884,0.04756598665883079,0.0,0.0,0.0,0.0,0.022031155791719024,0.03236405528110015,0.0
2006-11-30,0.0,0.025910170527339616,0.0,0.0,0.0,0.0,0.024293773992849058,0.0,0.0,0.0,0.0,0.0,0.0,0.0,0.050435269530977024,0.0,0.02287484994961194,0.03631335475267349,0.0,0.0,0.0,0.0,0.030326725183628604,0.0,0.03532466745997699,0.0,0.021506943804377707,0.020838151771855138,0.0,0.0,0.0,0.0,0.0,0.0,0.0,0.0,0.0,0.040898688905288215,0.0,0.05103756223759512,0.0,0.021719275164809,0.0,0.0,0.0,0.0,0.0,0.025177994856493722,0.0,0.0,0.0,0.04211491483602502,0.0,0.0,0.0,0.03182213373046477,0.0,0.0,0.022154697352851152,0.0889786019863314,0.0,0.0,0.0,0.0,0.0,0.0,0.0,0.023268124265762424,0.04412280965630335,0.03132502222529511,0.028538130520478096,0.025751827634078586,0.0,0.0,0.0,0.0,0.03768595327066513,0.025703672754133818,0.026192405411795936,0.02866641520226437,0.049248391442203054,0.0,0.0,0.021219714712763668,0.0,0.0,0.0,0.0,0.0,0.0,0.029346788244632414,0.0,0.0,0.0,0.0,0.0,0.037202968616476255,0.0
2006-12-31,0.0,0.023978043307661692,0.0,0.0,0.0,0.0,0.023327191304624767,0.020719155402878532,0.0,0.0,0.0,0.0,0.0,0.0,0.03294321209920367,0.0,0.0,0.03998322945396594,0.0,0.0,0.0,0.0,0.022567552236259992,0.0,0.021110124647500634,0.0,0.01905190054592544,0.0,0.0,0.0,0.0,0.0,0.0,0.0,0.0,0.0,0.0,0.030810887385979095,0.0,0.035619092074624235,0.0,0.0,0.0,0.026375352809418797,0.0,0.0,0.0,0.021472309309606877,0.0,0.0,0.0,0.04317838730515203,0.0,0.0,0.020530700924730055,0.022561108420238552,0.0,0.0,0.0,0.09085084009438495,0.0,0.0,0.0,0.0,0.0,0.0,0.0,0.02738403099254941,0.07510435229914275,0.029902626712337708,0.02300671312318001,0.0,0.023959808766449604,0.0,0.019456091379867722,0.020069876159558745,0.047651636847053064,0.028396035930226465,0.027000261644573476,0.029386964480278475,0.05328759719006114,0.0,0.0,0.07422589650645725,0.0,0.0,0.0,0.0,0.0,0.0,0.0,0.0,0.0,0.0,0.0,0.0,0.02608902064610901,0.0
2007-01-31,0.021258302455955117,0.027584755454418793,0.0,0.0,0.0,0.0,0.0,0.0,0.0,0.0,0.0,0.0,0.0,0.0,0.038390874396346725,0.0,0.0,0.050283543173855264,0.0,0.0,0.0,0.0,0.02179618911231663,0.0,0.0,0.0,0.0,0.03052748085180766,0.021200465812858667,0.0,0.0,0.0,0.0,0.0,0.0,0.0,0.0,0.03954723919967288,0.0,0.0243900253084635,0.0,0.0,0.0,0.026319904437750237,0.0,0.0,0.0,0.023694571671744966,0.0,0.0,0.0,0.050060900850896,0.05476269600055821,0.0,0.03443039186295427,0.02982400764559378,0.0,0.02274504237489382,0.02619359166275706,0.07056448626824598,0.0,0.0,0.0,0.0,0.0,0.0,0.0,0.0,0.0641815127711399,0.0332655411337232,0.024506394320405366,0.0,0.02788591359950401,0.0,0.022741487515128514,0.0,0.03400301136694365,0.02779294203843476,0.02209986527574807,0.02283488268482887,0.04666921790553196,0.0,0.0,0.0,0.028837053177679293,0.0,0.0,0.0,0.0,0.0,0.0,0.0,0.0,0.0,0.0,0.0,0.03160770966984296,0.0
2007-02-28,0.0,0.0,0.0,0.0,0.0,0.0,0.0,0.0,0.0,0.0,0.0,0.0,0.0,0.0,0.0,0.0,0.0,0.02710393722723427,0.0,0.0,0.0,0.0,0.0,0.0,0.0,0.0,0.020787018673054894,0.0,0.0,0.0,0.0,0.05436650920966731,0.0,0.022552889809482158,0.0,0.0,0.0,0.02744801146022417,0.0,0.02172822417816832,0.0,0.0,0.0,0.020118950238146464,0.0,0.0,0.0,0.0,0.0,0.0,0.0,0.04093591066109161,0.046717404213683957,0.0,0.0,0.0257138322857921,0.0,0.0,0.0,0.051654990152619706,0.0,0.0,0.021404189583873724,0.0,0.0,0.0,0.0,0.0,0.06701281933474625,0.03060929757548884,0.019112308410602612,0.0,0.03093647168226616,0.0,0.03576300222261279,0.026394157420127615,0.03421116726974064,0.035517625698403575,0.02926766657753087,0.04027719251098813,0.06258393383686232,0.020677279300186664,0.0,0.025240466791322577,0.04155181465423476,0.0,0.0,0.0,0.0,0.03155044123670003,0.0,0.0,0.030743465181769784,0.0,0.0,0.03816390861275754,0.0198551139906203,0.0
2007-03-31,0.0,0.0,0.0,0.0,0.0,0.0,0.0,0.0,0.0,0.0,0.0,0.0,0.0,0.0,0.0,0.0,0.0,0.0,0.0,0.0,0.0,0.0,0.0,0.0,0.0,0.0,0.01605048046715907,0.0,0.0,0.0,0.0,0.06115301104751638,0.0,0.038259704274053084,0.0,0.0,0.0,0.027407851378556565,0.0,0.027191719231637636,0.0,0.0,0.0,0.021895192567577656,0.0,0.0,0.0,0.0,0.0,0.0,0.0,0.03205624835254406,0.03063348338570592,0.0,0.0,0.02679903753422516,0.0,0.0,0.0,0.03513313737035325,0.0,0.01652873000732772,0.020702691038219943,0.0,0.0,0.0,0.0,0.0,0.07219626962388898,0.01799039109945634,0.0,0.0,0.023056525247973948,0.02377375577005809,0.04158547222178809,0.0,0.0289648866808554,0.03168473395193166,0.04086452613978845,0.039095816439018403,0.06437207370828367,0.023809721625886533,0.0,0.02165127215290572,0.038905537448406656,0.0,0.0,0.0,0.023659026672580814,0.017009490596930143,0.0,0.0,0.07011068432005388,0.0,0.026607982161329258,0.04085054748398754,0.0,0.0
2007-04-30,0.0,0.0,0.0,0.0,0.0,0.0,0.0,0.0,0.0,0.0,0.0,0.0,0.0,0.0,0.0,0.0,0.0,0.01745092937418552,0.0,0.0,0.0,0.0,0.0,0.0,0.0,0.0,0.024369422929781153,0.0,0.0,0.0,0.0,0.09034118148078385,0.0,0.03811314758809078,0.0,0.0,0.0,0.03511593149264984,0.0,0.0,0.0,0.0,0.0,0.03864059304921342,0.0,0.0,0.0,0.0,0.0,0.0,0.0,0.025909836952567097,0.022199976785914732,0.0,0.0,0.028612256056375126,0.0,0.0,0.0,0.0,0.0,0.021218681730550127,0.04117670385522749,0.0,0.0,0.0,0.0,0.0,0.05792102495472006,0.0,0.0,0.017148619072552298,0.02658277552918336,0.02091838776897345,0.055428510654529216,0.021224378183774144,0.023871829212116138,0.037606505073498914,0.043968659522281905,0.03359830165046466,0.05439128659930496,0.02535490887188607,0.0,0.0,0.022827114786281515,0.0,0.0,0.0,0.026591428249332187,0.0,0.017453640765377518,0.0,0.041623659285476095,0.0,0.027136588793376992,0.042453241491011665,0.020750478240519794,0.0
2007-05-31,0.015016962563675577,0.0,0.0,0.0,0.0,0.0,0.0,0.018396578357894895,0.0,0.0,0.0,0.0,0.0,0.0,0.0,0.0,0.0,0.0,0.0,0.0,0.0,0.0,0.0,0.0,0.0,0.0,0.03302295146366317,0.0,0.0,0.0,0.0,0.12497454567654145,0.0,0.04031895987137102,0.0,0.0,0.0,0.03292941042106723,0.0,0.0,0.0,0.0,0.0,0.04504038105182578,0.0,0.0,0.0,0.0,0.0,0.0,0.0,0.025420374503758742,0.018577722828744783,0.0,0.0,0.019638112516659235,0.0,0.0,0.0,0.0,0.0,0.0,0.02971271371419614,0.0,0.0,0.0,0.0,0.0,0.04579745272243417,0.024521684067963605,0.02461793740051257,0.01624057231606878,0.03684174814679194,0.0,0.05352058399051279,0.0,0.018597604556021646,0.031018811972108325,0.021483547765071075,0.02505473261085821,0.06443047749382336,0.0315667895069317,0.0,0.0,0.02179681860873545,0.0,0.0,0.0,0.03226677235415865,0.018930170584673268,0.017627325989320482,0.0,0.028098790485571914,0.0,0.02584624357868291,0.05869322288036121,0.0,0.0
2007-06-30,0.022348038417861187,0.01839752615661821,0.0,0.0,0.0,0.0,0.0,0.029690912346860228,0.0,0.0,0.0,0.0,0.0,0.0,0.0,0.0,0.0,0.0,0.0,0.0,0.0,0.0,0.0,0.0,0.0,0.0,0.03426931538712923,0.0,0.0,0.0,0.0,0.02727957723783592,0.0,0.05823900220198788,0.0,0.0,0.0,0.04793752558679767,0.0,0.017418670989218503,0.0,0.0,0.0,0.050606207483646415,0.0,0.0,0.0,0.0,0.0,0.0,0.0,0.03339238230489377,0.017139541985236918,0.0,0.0,0.0,0.0,0.0,0.0,0.0,0.0,0.0,0.01618767439156933,0.0,0.0,0.0,0.0,0.0,0.04937587642165164,0.0,0.0,0.01887855081066843,0.047885144717566504,0.0,0.02874311661435419,0.019021185201651022,0.020391147519383666,0.03245187828323804,0.024510735191612353,0.024143155119856156,0.07542553480572037,0.04587760040489273,0.0,0.0,0.0256588004195584,0.0,0.0,0.0,0.0319637868812575,0.02040913661036454,0.019796391324914443,0.0,0.034695709299824115,0.0,0.01970073946735954,0.08816513641647124,0.0,0.0
2007-07-31,0.01997593756751346,0.021761536060841687,0.0,0.0,0.0,0.0,0.0,0.017754532234115855,0.0,0.0,0.0,0.0,0.0,0.0,0.0,0.0,0.0,0.0,0.0,0.0,0.0,0.0,0.0,0.0,0.023539932263838548,0.0,0.02554487572692389,0.0,0.0,0.0,0.0,0.02770299424997008,0.0,0.07203790417454484,0.0,0.0,0.0,0.0893076676760193,0.0,0.01700864950999026,0.0,0.0,0.0,0.04408376911506509,0.0,0.0,0.0,0.0,0.0,-0.030172968336434132,0.0,0.024573339042241814,0.0,0.0,0.0,0.0,-0.0181300992811444,0.0,0.0,0.0,0.0,0.0,0.0,0.0,0.0,0.0,0.0,0.0,0.058184790626767124,0.0,0.017231724406698727,0.023692715019329683,0.02651602074603832,0.0,0.016800502355068216,0.0,0.0,0.01612451728131639,0.0,0.016154193663494062,0.029370393682799742,0.033926972728926856,0.0,0.027104441964978385,0.029971387222517444,0.0,0.0,0.0,0.06909921750757203,0.026769548356280242,0.028183820819716286,0.0,0.041569275634804746,0.0,0.016763474054907457,0.09094279869014099,0.0,0.0
2007-08-31,0.031091827726843203,0.02699483218105809,0.017661215094481778,0.0,0.0,0.0,0.0,0.017435502428311045,0.0,0.0,0.0,0.0,0.016807572669159755,0.0,0.0,0.0,0.0,0.017247262940630875,0.0,0.0,0.0,0.0,0.01952189342043851,0.0,0.03477715650288779,0.0,0.02245473063228383,0.0,0.0,0.0,0.028616537748329403,0.0305666086328878,0.0,0.04513295516104512,0.0,0.0,0.0,0.041094693355022506,0.0,0.03307382580023554,0.0,0.0,0.08730373744931577,0.04509127396927579,0.0,0.0,0.0,0.0,0.0,0.0,0.0,0.01684607045130167,0.0,0.0,0.0,0.0,0.0,0.0,0.0,0.0,0.0,0.0,0.0,0.0,0.0,0.0,0.0,0.030031737762455605,0.07406709313630565,0.0,0.0,0.03796545707107025,0.04436657181101864,0.0,0.0,0.0,0.0,0.022346345397012152,0.0,0.0,0.044983402797054386,0.037349573406076926,0.0,0.03080144272048406,0.029554137648999255,0.0,0.0,0.0,0.03569646469759631,0.021035766087323736,0.027465589902594987,0.0,0.03261872139849964,0.0,0.0,0.0,0.0,0.0
2007-09-30,0.05032196261632824,0.06464838252022918,0.020342258221587587,0.0,0.015088469493522027,0.0,0.015378325092803938,0.01562643503822158,0.0,0.0,0.0,0.0,0.0,0.0,0.0,0.0,0.0,0.022884769289060792,0.0,0.0,0.015545422850316546,0.0,0.0,0.0,0.028800474384152848,0.0,0.01600438241422439,0.0,0.0,0.0,0.021314731224851235,0.02120579437322077,0.0,0.021058377767800243,0.0,0.0,0.0,0.02858773055746526,0.0,0.03977479125496065,0.0,0.0,0.0873029566597709,0.04427858584408873,0.0,0.0,0.0,0.0,0.0,0.0,0.0,0.0,0.0,0.0,0.0,0.0,0.0,0.0,0.0,0.0,0.0,0.0,0.0,0.0,0.0,0.0,0.0,0.01544083446933879,0.05321649374618412,0.0,0.0,0.025904725711733554,0.04765529940518045,0.0,0.0,0.0,0.0,0.017378891822148947,0.0,0.0,0.02748712738670912,0.03722121518116269,0.0,0.03432812774467056,0.03547997247838338,0.0,0.0,0.0,0.03017224941271596,0.03325179015515576,0.06329026512587527,0.0,0.05100915775813646,0.0,0.0,0.0,0.0,0.0
2007-10-31,0.04473487104382413,0.08092253521221546,0.020730560790002166,0.0,0.0,0.0,0.019916892154261494,0.016427257397752953,0.0,0.0,0.0,0.0,0.0,0.0,0.0,0.0,0.0,0.01760726709085522,0.0,0.0,0.0,0.0,0.0,0.0,0.029760491138032686,0.0,0.016193023756737597,0.0,0.0,0.0,0.01625481434928091,0.02413693755182878,0.0,0.018013151728691834,0.0,0.0,0.0,0.016793367898081855,0.0,0.04172051814532287,0.0,0.0,0.09373102615602844,0.03612988395426687,0.0,0.0,0.0,0.0,0.0,0.0,0.0,0.0,0.0,0.0,0.0,0.0,0.0,0.0,0.0,0.0,0.0,0.0,0.0,0.0,0.0,0.0,0.0,0.018450089033818808,0.053330159132882485,0.016739006271750564,0.0,0.020548148813806105,0.030950152774772977,0.0,0.0,0.01811003244464144,0.0,0.021292998460552798,0.0,0.0,0.02117949811993421,0.03829123518210077,0.0,0.032871931838842246,0.044416644478878706,0.0,0.0,0.0,0.032782351412489884,0.027904390812926096,0.06396540006669275,0.0,0.06609536278872705,0.0,0.0,0.0,0.0,0.0
2007-11-30,0.03900103943190404,0.04306136349744203,0.0,0.0,0.01738654463321952,0.0,0.023688018570804728,0.02384490211416787,0.0,0.0,0.0,0.0,0.0,0.02330654580998805,0.0,0.0,0.0,0.027170839888492632,0.0,0.0,0.01717225565606316,0.0,0.0,0.0,0.028406944326102336,0.0,0.01733810882318105,0.0,0.0,0.0,0.0,0.020433462586005053,0.0,0.0,0.0,0.0,0.0,0.0,0.0,0.0,0.0,0.0,0.057152266353948274,0.025758438318372878,0.0,0.0,0.0,0.0,0.0,0.0,0.0,0.02488490041998831,0.0,0.0,0.0,0.0,0.0,0.0,0.0,0.0,0.0,0.0,0.0,0.0,0.0,0.0,0.0,0.02971951909210868,0.06863267877852457,0.022641523115974758,0.0,0.028268455579810788,0.03844197726586595,0.0,0.0,0.02455473013039228,0.0,0.02486459170063905,0.017752614111876574,0.0,0.018326515622381852,0.0459037575029578,0.0,0.036630188614530004,0.03839561028993285,0.0,0.0,0.0,0.04303201308713824,0.031073947328309138,0.0650573233798445,0.0,0.07809892397003296,0.0,0.0,0.0,0.0,0.0
2007-12-31,0.040243013142633316,0.0367844317145973,0.0,0.0,0.019805099583951914,0.0,0.0,0.0,0.0,0.0,0.0,0.0,0.0,0.0,0.0,0.0,0.0,0.030911118174427158,0.0,0.0,0.0,0.0,0.0,0.0,0.02563710402410284,0.0,0.021892028694371693,0.0,0.0,0.0,0.01801274837918815,0.025871428425426213,0.0,0.020973173826867694,0.0,0.0,0.0,0.0,0.0,0.0,0.0,0.0,0.04118793002515784,0.018231664494498975,0.0,0.0,0.0,0.0,0.0,0.0,0.0,0.0,0.0,0.0,0.0,0.0,0.0,0.0,0.0,0.0,0.0,0.020385782505789398,0.029980217511596585,0.0,0.0,0.0,0.0,0.018991209047407667,0.035122686602604244,0.0,0.027846057395506676,0.018021658571679464,0.035426002303065585,0.0,0.026703560588007543,0.032309826113181596,0.0,0.018737526040155602,0.0,0.0,0.017187895114050278,0.048943905922147576,0.0,0.03861271759238738,0.04970238757886529,0.0,0.0,0.0,0.04294685341962172,0.027667195855209162,0.07154727682858529,0.0,0.12002258963834575,0.0,0.0,0.02029491088657015,0.0,0.0
2008-01-31,0.028808840883621057,0.030109253098777555,0.0,0.0,0.019462173984551356,0.0,0.0,0.0,0.0,0.0,0.0,0.0,0.0,0.0,0.0,0.0,0.0,0.03466913744296286,0.0,0.0,0.0,0.0,0.016522752469209267,0.0,0.023219382106118458,0.0,0.0,0.0,0.0,0.0,0.020601258864035788,0.017912368696492202,0.0,0.01650012809963111,0.0,0.0,0.0,0.0,0.0,0.01767680129063621,0.0,0.0,0.039399542268540436,0.020039275602197176,0.0,0.0,0.0,0.0,0.0,0.0,0.0,0.0,0.0,0.0,0.0,0.0,0.0,0.0,0.0,0.0,0.0,0.021441274410586735,0.0,0.0,0.0,0.0,0.0,0.018869972145666818,0.02401725233881099,0.0,0.017964178351732175,0.0,0.030132538607376767,0.0,0.028137328266114068,0.046086442172373274,0.0,0.03283277232329379,0.01943101166232044,0.01837050598686635,0.0,0.03946372490120228,0.0,0.03832352406277336,0.040021398980027684,0.0,0.0,0.0,0.04925767297672668,0.02708626995275536,0.07867658198894563,0.0,0.15778298795378837,0.0,0.0,0.027183648111865796,0.0,0.0
2008-02-29,0.01635110179110562,0.016257074882912656,0.0,0.0,0.0,0.0,0.0,0.014856524202983848,0.0,0.0,0.0,0.0,0.0,0.0,0.0,0.0,0.0,0.03727408101994916,0.0,0.0,0.0,0.0,0.0,0.0,0.0,0.0,0.015087490356317004,0.0,0.0,0.0,0.021943296606283053,0.020950268406363923,0.0,0.016412596228373037,0.0,0.0,0.0,0.0,0.0,0.0,0.0,0.0,0.02419779707385844,0.01640757433215625,0.025516058404048757,0.0,0.0,0.0,0.0,0.0,0.0,0.01860409868585481,0.0,0.0,0.0,0.0,0.0,0.0,0.0,0.0,0.0,0.018573922821020137,0.0,0.0,0.0,0.0,0.0,0.01376599779881732,0.028733143355073015,0.0,0.022648818315406452,0.014942480016346116,0.03417856765897232,0.0,0.023826147106864204,0.0770886233544901,0.0,0.028314194326418074,0.021602601380492182,0.0,0.0,0.027906091644826027,0.0,0.02158429270747923,0.02124708094116509,0.0,0.0,0.0,0.039151963217185594,0.030734581002749253,0.08826093921275649,0.0,0.19787797222624517,0.0,0.0,0.04570462092348668,0.0,0.0
2008-03-31,0.0,0.0,0.0,0.0,0.017610834476160075,0.0,0.0,0.019571099370223242,0.017270980136181356,0.0,0.0,0.0,0.021200844383888872,0.0,0.0,0.0,0.016672952162595865,0.042166595769116036,0.0,0.0,0.0,0.0,0.0,0.0,0.016134414383376632,0.0,0.0,0.0,0.0,0.0,0.0,0.02160777504393353,0.0,0.0,0.0,0.0,0.0,0.0,0.0,0.0,0.0,0.0,0.027739831795236185,0.021170499750726334,0.032136221402565994,0.0,0.0,0.0,0.0,0.0,0.0,0.028241523021869157,0.0,0.0,0.0,0.01767021028500337,0.0,0.0,0.0,0.0,0.0,0.038321915279895556,0.016131695626564975,0.0,0.0,0.0,0.0,0.017821718869615397,0.028079462618601995,0.0,0.02788807996241572,0.018730387917262926,0.034623721437222865,0.0,0.021344086417334814,0.0675510154951731,0.0,0.03042130581596504,0.02113758512088213,0.0,0.0,0.027275443982683684,0.0,0.0,0.019177308236130834,0.0,0.0,0.0,0.03869238819454559,0.026544423304759073,0.0902739993034217,0.0,0.17679168043664792,0.0,0.0,0.0,0.0,0.0
2008-04-30,0.0,0.017966554204070194,0.0,0.016865194425144666,0.02040102596713843,0.0,0.017102566683126267,0.020789152851381013,0.02371993904171482,0.0,0.0,0.0,0.024777636716972664,0.0,0.0,0.0,0.01585534659898509,0.03264938117042287,0.0,0.0,0.0,0.0,0.0,0.0,0.0,0.0,0.0,0.0,0.0,0.0,0.0,0.0,0.0,0.0,0.0,0.0,0.0,0.0,0.0,0.0,0.0,0.0,0.03433859956636951,0.02667154782272359,0.04075003025751853,0.0,0.0,0.0,0.0,0.0,0.0,0.023697507655441336,0.0,0.0,0.0,0.0,0.0,0.0,0.0,0.0,0.0,0.03168634927275086,0.0,0.0,0.0,0.0,0.0,0.01750350366870601,0.02693635912120142,0.0,0.022517053415215767,0.019741685061520325,0.05707642341231166,0.0,0.01918731618573192,0.07556066403148132,0.0,0.03383715539319642,0.02670051962585201,0.0,0.0,0.03173234227778247,0.0,0.028758603509501175,0.02951278578492525,0.0,0.0,0.0,0.04020301114121142,0.03680841954664299,0.07967879747264546,0.0,0.10697452811831458,0.0,0.0,0.0,0.0,0.0
2008-05-31,0.0,0.015350040434813344,0.0,0.019058228445965726,0.021546598431584834,0.0,0.017013014837909686,0.018615201792243866,0.026639281234348604,0.0,0.0,0.0,0.025278295001072457,0.0,0.0,0.0,0.015999684472848455,0.044038415914656404,0.0,0.0,0.0,0.0,0.0,0.0,0.0,0.0,0.0,0.0,0.0,0.0,0.0,0.01869734403778806,0.0,0.0,0.0,0.0,0.0,0.0,0.0,0.0,0.0,0.0,0.02851188780517352,0.031079859193347256,0.05013311525348184,0.0,0.0,0.0,0.0,0.0,0.0,0.0,0.0,0.0,0.0,0.0,0.0,0.0,0.0,0.0,0.0,0.0,0.0,0.0,0.0,0.0,0.0,0.02107635791410544,0.027785676759082764,0.0,0.029409924460413232,0.02462495307278966,0.05759192728222152,0.0,0.017309441950864736,0.05541107880460503,0.016455588024495343,0.03328168884141709,0.02070786163435807,0.0,0.0,0.03770319030738835,0.0,0.027533642067885913,0.029793608272570053,0.0,0.0,0.0,0.03767104352296084,0.0394812946996362,0.09076298187486745,0.0,0.10143877365510431,0.0,0.0,0.0,0.0,0.0
2008-06-30,0.0,0.0,0.0,0.02063607752234399,0.02307606319959032,0.0,0.024196712410502405,0.023546999134636346,0.026219489554327145,0.0,0.0,0.0,0.040294837149775685,0.01567832872532769,0.0,0.0,0.0,0.038167587935793224,0.0,0.0,0.0,0.0,0.0,0.0,0.0,0.0,0.0,0.0,0.021577696819033758,0.0,0.0,0.0,0.0,0.0,0.0,0.0,0.0,0.0,0.0,0.0,0.0,0.0,0.03228119375247448,0.029781881439648456,0.05794367783325186,0.0,0.0,0.0,0.01756662820673862,0.0,0.0,0.021283447298327818,0.0,0.0,0.0,0.0,0.0,0.0,0.0,0.0,0.0,0.0,0.0,0.0,0.0,0.0,0.0,0.027046820794006006,0.026790014302813532,0.0,0.03510642036099181,0.02673558208874066,0.04817462078840386,0.0,0.0,0.06453685984849775,0.019606963201015477,0.03196922775650637,0.02527494700135012,0.0,0.0,0.03845684842366399,0.0,0.028636554713575835,0.024816244377443966,0.0,0.0,0.0,0.027320218794698706,0.03109589834142788,0.0781906216804078,0.0,0.07399153654468439,0.0,0.0,0.0,0.0,0.0
2008-07-31,0.0,0.0,0.0,0.0,0.023423857377535186,0.0,0.02250746052909151,0.025487434337926666,0.022568619724949026,0.0,0.0,0.0,0.03425238492229182,0.017755490054876165,0.0,0.0,0.0,0.042651764807612555,0.0,0.0,0.0,0.0,0.0,0.0,0.0,0.0,0.0,0.0,0.023550403222087322,0.0,0.0,0.0,0.0,0.0,0.0,0.0,0.0,0.0,0.0,0.0,0.020160149416720015,0.0,0.0342659680223989,0.031611677066502454,0.06024574257435483,0.02048377099615905,0.0,0.0,0.02474919182341833,0.0,0.0,0.025195139422672173,0.0,0.0,0.0,0.0,0.0,0.0,0.0,0.0,0.0,0.0,0.0,0.0,0.0,0.0,0.0,0.02436812620932262,0.018040187179694467,0.0,0.03949905022055927,0.02644178902946411,0.02797879135107758,0.0,0.0,0.06028867842428052,0.0,0.028802728727997863,0.02581617465232011,0.0,0.0,0.028733739139934367,0.0,0.02278441470411779,0.01698202333597451,0.0,0.0,0.0,0.02008144003422146,0.03295174721064766,0.1290982682729456,0.0,0.06922378720884612,0.0,0.0,0.0,0.0,0.0
2008-08-31,0.0,0.0,0.0,0.0,0.025695395332048468,0.0,0.0,0.0,0.01877051730779971,0.0,0.0,0.0,0.015593652834503495,0.0,0.0,0.0,0.0,0.03704496556204666,0.016370326621443877,0.0,0.0,0.0,0.0,0.0,0.0,0.0,0.0,0.025060913421839116,0.03896503051223638,-0.016670447486290547,0.0,0.0,0.0,0.0,-0.015274444412907942,0.0,0.0,-0.014417869442013276,0.0,0.028571419159244788,0.015095150212503072,0.0,0.037235452299872525,0.024026867258457187,0.03411062964007218,0.0,0.0,0.0,0.0,0.0,0.0,0.0,0.0,0.0,0.0,0.0,-0.017409660597650617,0.0,-0.06621084444275058,0.0,0.0,0.0,0.0,0.0,0.0,0.0,0.0,0.021568322054872448,0.0,0.0,0.03173823247582732,0.022731658956562383,0.023948379794989854,0.0,0.0,0.06348333219561791,0.0,0.022815398341061364,0.0,0.0,-0.01495718515497948,0.030147006800950605,0.0,0.055784160021429205,0.029731967585164967,0.0,0.0,0.0,0.0,0.04743780289892006,0.10434546192949215,0.0,0.08478750524645196,0.0,0.0,0.0,0.0,0.0
2008-09-30,0.0,0.0,0.0,0.020706630486222097,0.03221452520395248,0.0,0.021960297077259282,0.0,0.029749807579661617,0.0,0.0,0.0,0.022327031276771766,0.0,0.0,0.0,0.02258989870994707,0.036486635627151674,0.02400719274934853,0.0,0.0,0.0,0.0,0.0,0.0,0.0,0.0,0.02249315736362704,0.036584546514574254,0.0,0.0,0.0,0.0,0.0,-0.019464221527077052,0.0,0.0,0.0,0.0,0.022506705131858228,0.0,0.0,0.032023043998422346,0.022756443869120836,0.03238154117572633,0.0,0.0,0.0,0.0,0.0,0.0,0.021925230022784792,0.0,0.0,0.0,0.0,-0.026551228848615105,-0.020925639374346817,-0.03184304101440422,0.0,0.0,0.0,0.0,0.0,0.0,0.0,0.0,0.0,0.0,0.0,0.031223713241095786,0.018447354865000015,0.02087153120620878,0.0,0.0,0.05606889528388064,0.0,0.0,0.0,0.0,-0.02121369748329256,0.025388600324527954,0.0,0.04832457493865535,0.03029567520964311,0.0,0.0,0.0,0.0,0.05350562634945985,0.10009214678691322,0.0,0.09507136676045104,0.0,0.0,0.0,0.0,0.0
2008-10-31,0.0,0.0,0.0,0.0,0.0339577967288745,0.0,0.0,0.0,0.036044793359061474,0.0,0.0,0.0,0.0,0.0,0.0,0.0,0.0,0.04040927296198719,0.04769337735223999,0.0,0.0,0.0,0.0,0.0,0.0,0.0,-0.021826954912477353,0.0,0.029359278087103948,-0.027894306455735634,-0.027923793583766468,0.0,0.0,-0.026468781726195986,-0.04333006119589708,0.0,0.0,-0.03838717315787521,0.0,0.0,0.0,0.0,0.0,0.02282292472258978,0.0,0.0,0.0,0.0,0.0,0.0,0.0,0.03499871636225205,0.0,0.0,0.028225291944359326,0.0,-0.049675146523574,-0.030485535348074713,-0.043072621631793026,0.0,0.0,-0.022412202224805652,-0.02940938209333799,-0.03529741409159965,0.0,-0.027491266517772343,0.0,0.0,0.0,0.0,0.0,0.0,0.0,0.0,0.0,0.0,0.0,0.0,0.0,-0.0326147081518772,-0.033988869921538815,0.0,0.0,0.0,0.0,-0.02768352923018497,0.0,0.0,0.0,0.0,0.05340660016596801,0.0,0.04882969919167369,0.0,-0.02327271382724568,-0.027130302148699506,-0.026713970386492265,-0.029173515994946574
2008-11-30,0.0,0.0,0.0,0.0,0.0,0.0,0.0,0.0,0.0,0.0,0.0,0.0,0.0,0.0,0.0,0.0,0.0,0.0,0.03270150561804226,0.0,0.0,-0.0341197516407187,-0.028780793013542957,0.0,0.0,0.0,-0.039734588338958814,0.0,0.0,0.0,-0.042554501461181934,0.0,0.0,-0.028872946988003596,-0.043986612410740464,0.0,0.0,-0.03920363609734845,0.0,0.0,0.0,-0.026837611524015294,0.0,0.0,0.0,0.0,0.0,0.0,0.0,0.0,0.0,0.0,-0.025844539552297822,0.0,0.0,0.0,-0.051668158565882534,-0.03199619886995831,-0.03936380075208292,0.0,0.0,-0.028306325778164124,-0.031586270332349196,-0.03180926569834689,0.0,-0.026442758500165624,0.0,-0.02648825914228263,-0.03734229086558009,0.0,0.0,0.0,-0.029815310086735002,-0.027633611495365574,-0.030139610383865836,0.0,-0.026873907408458266,0.0,0.0,-0.03829908576845845,-0.03757319034040144,0.0,0.0,0.0,0.0,-0.04542327555610532,0.0,0.0,-0.025468678375417293,0.0,0.0,0.0,0.0,0.0,0.0,-0.02994434801615879,-0.034039671260061806,-0.02714949615930952
2008-12-31,0.0,0.0,0.0,0.0,0.0,0.0,0.0,0.0,0.0,0.0,0.0,0.0,0.0,0.0,0.0,0.0,0.0,0.0,0.04253414143654069,0.0,-0.03646127210640491,-0.036575954081089976,-0.04218735463491831,-0.04554994385236052,-0.028496871435792378,0.0,-0.04062500854642488,0.0,0.0,0.0,-0.04061474217942251,-0.02941900033346945,0.0,-0.030145694121280684,-0.044212000828927366,0.0,0.0,-0.03593015905595977,0.0,0.0,0.0,-0.024702310358180754,0.0,0.0,0.0,0.0,0.0,0.0,0.0,0.0,0.0,0.0,0.0,0.0,0.025994560558966383,0.0,0.0,0.0,0.0,0.0,0.0,0.0,-0.026502018580029946,-0.027722176609672,0.0,0.0,0.0,-0.02742831182822012,-0.03411214492245549,0.0,-0.027183929807852666,0.0,-0.034477209116029875,-0.02856747597987111,-0.03253698739468852,0.0,0.0,-0.02834989008302396,-0.025745738781380544,-0.04011621559356186,-0.03868629866750587,0.0,0.0,0.0,-0.029980616811962298,-0.034829411963817086,0.0,0.0,-0.02811143705329128,0.0,0.0,0.0,0.0,0.0,0.0,0.0,-0.03220112327689887,0.0
2009-01-31,0.0,0.0,0.0,0.0,0.0,0.0,0.0,0.0,0.0,0.0,0.0,0.0,0.0,0.0,-0.024934770513920505,0.0,0.0,0.0,0.03905248886834038,0.0,-0.03205906158399536,-0.03809882975439013,-0.026199237044904396,-0.041718122567659645,-0.04896582445686324,0.0,-0.04164777714398228,0.0,0.0,0.0,-0.03787192683279486,-0.03273657028715664,0.0,-0.029470724121718618,-0.02824584793322466,0.0,0.0,-0.0338526034448396,0.0,-0.03482732038375547,0.0,-0.027057467073782353,-0.030256227009643852,-0.05478931077308847,0.0,-0.025428771483862158,0.0,0.0,-0.026336575006441036,0.0,0.0,0.0,0.0,0.0,0.03694535227678826,0.0,0.0,0.0,0.0,0.0,0.0,0.0,0.0,0.0,0.0,0.0,0.0,-0.029468385833427962,0.0,0.0,-0.0351492577135757,0.0,-0.030537755274128633,-0.02532790523516466,0.0,0.0,0.0,0.0,-0.036375702482867936,0.0,-0.030549196452722745,0.0,0.0,0.0,-0.02585043739745791,-0.03971179347444328,0.0,0.0,0.0,0.0,0.0,0.0,0.0,0.0,0.0,0.0,-0.031078062638585313,-0.02545669493647375
2009-02-28,0.0,0.0,-0.02901285567058683,0.0,0.0,0.0,0.0,0.0,0.0,0.0,0.0,0.0,0.0,-0.030242680239548694,0.0,0.0,0.0,0.0,0.04542816383398505,0.0,-0.04940372035383432,-0.05448753658257672,-0.033749866381457765,-0.031478156231599184,-0.04733987522509122,0.0,-0.033932297612440515,0.0,0.0,0.0,-0.027145590376750857,0.0,0.0,0.0,-0.02826272356127575,0.0,0.0,0.0,0.0,-0.03888334209620018,0.0,-0.027553769042444123,0.0,0.0,0.0,-0.031800741186539264,0.0,0.0,-0.030374064753325245,0.0,0.0,0.0,0.0,0.0,0.029343060799155517,0.0,0.0,0.0,0.0,0.0,0.0,0.0,0.0,0.0,0.0,0.0,0.0,-0.02734148547073417,-0.029535409522733393,-0.02970925420149718,-0.03292513977807296,0.0,0.0,-0.030681324866157635,0.0,0.0,0.0,0.0,-0.026511130546000565,-0.02725180965007482,-0.03522191334604144,-0.026341734235602182,0.0,0.0,-0.028711096176303973,-0.048421886487560475,0.0,0.0,-0.027605695436431793,0.0,0.0,0.0,0.0,-0.027333451837899363,0.0,0.0,-0.033970224498078905,0.0
2009-03-31,-0.025297178583702767,-0.031472327283863004,-0.032771376901641044,0.0,0.0,0.0,-0.03801085646385823,0.0,0.0,0.0,0.0,0.0,-0.029760516713437525,-0.04562120403648973,0.0,0.0,-0.032213708819944176,0.0,0.0,0.0,-0.05624931468599352,-0.05309962899662085,-0.035596317058059816,-0.03264088767361855,-0.05197677972981618,0.0,-0.03158227515855635,-0.027074942864709073,0.0,0.0,0.0,0.0,0.0,0.0,-0.024743453898300155,0.0,0.0,0.0,0.0,-0.03482204134004964,0.0,-0.026082880421086016,0.0,0.0,0.0,-0.03374623456715613,0.0,-0.025958036062016646,-0.02896780473719817,0.0,0.0,0.0,0.0,0.0,0.0,0.0,0.0,0.0,0.0,0.0,0.0,0.0,0.0,0.0,0.0,0.0,0.0,0.0,-0.026734314903621385,0.0,0.0,0.0,0.0,-0.028484355471956546,0.0,0.0,0.0,0.0,0.0,-0.02548014225594397,-0.03299169509707709,-0.02499024863712901,0.0,0.0,-0.029189692991441033,-0.047407293847405454,0.0,0.0,-0.02737705009401218,0.0,0.0,0.0,0.0,-0.026931475919047484,0.0,0.0,-0.03272596478624833,0.0
2009-04-30,-0.02607218805350637,0.0,-0.028372168244560268,0.0,0.0,0.0,-0.03519487453480764,0.0,0.0,0.0,0.0,0.0,-0.02983339595615033,-0.024041397384533585,0.0,0.0,0.0,0.0,0.0,0.0,-0.08681120972592325,-0.06140943447843018,-0.03990508763269756,-0.03752754520973161,-0.05045273040340775,0.0,-0.03917661794220037,-0.036333219466846006,-0.02487404908862028,0.0,0.0,-0.023859354698808965,0.0,0.0,-0.028144025893841264,0.0,0.0,-0.023876066716971935,0.0,-0.02868921646754537,-0.02878730667013844,-0.028452244769766155,-0.023668223311414556,0.0,0.0,-0.028887927185260676,0.0,0.0,-0.027927780061280938,0.0,0.0,0.0,0.0,0.0,0.0,0.0,0.0,0.0,0.0,0.0,0.0,0.0,0.0,0.0,0.0,0.0,0.0,0.0,0.0,0.0,0.0,0.0,-0.028995794755238405,-0.023518032158688702,0.0,0.0,0.0,0.0,0.0,-0.03057324377872954,-0.04380826428275422,-0.027688884706293396,0.0,0.0,0.0,-0.028260415746815152,0.0,0.0,0.0,0.0,0.0,0.0,0.0,-0.025358426022970698,0.0,0.0,-0.029500874652066536,0.0
2009-05-31,-0.029062208481471057,0.0,-0.03815379210759956,0.0,0.0,0.0,0.0,0.0,0.0,0.0,0.0,0.0,-0.024721435567327317,0.0,-0.0374089188489368,0.0,-0.027018817196570594,0.0,0.0,0.0,-0.06807950773436651,-0.04684244257631921,-0.049430516313092185,-0.03963198604212898,-0.027031259046079514,0.0,-0.02346699725187161,-0.03557106136863743,0.0,-0.04448882637003419,0.0,0.0,0.0,0.0,-0.03685361639058967,0.0,0.0,-0.032824214288493185,0.0,-0.029451706691810138,-0.022967274461810423,-0.033219852495365694,-0.05157061110588194,0.0,0.0,0.0,0.0,0.0,0.0,0.0,0.0,0.0,0.0,0.0,0.0,0.0,0.0,0.0,0.0,0.0,0.0,0.0,-0.022715025943000157,0.0,-0.022722884798956202,-0.031527244624996516,0.0,-0.028625287589258214,-0.02397136150816946,0.0,0.0,-0.02330451375214736,-0.028503164539594117,-0.02792580497535889,0.0,0.0,0.0,0.0,0.0,-0.022257725962693622,0.0,-0.04453809718791469,0.0,0.0,0.0,0.0,0.0,0.0,0.0,0.0,0.0,0.0,0.0,0.0,0.0,-0.02611384477952488,0.0,0.0
2009-06-30,-0.04436443897086856,-0.029925221036109763,-0.037429366183454285,0.0,0.0,0.0,0.0,0.0,0.0,0.0,0.0,0.0,0.0,0.0,0.0,0.0,-0.026907951027973463,0.0,0.0,0.0,-0.028532173551894812,0.0,0.0,-0.028846000430256483,-0.029746321877670304,0.0,0.0,0.0,0.0,-0.06430144406273107,0.0,0.0,0.0,0.0,-0.044649355121856964,0.0,0.0,-0.036862182766236276,0.0,-0.027810142692296803,-0.025643155168265125,-0.03650314848887931,-0.03463117938647842,0.0,0.0,0.0,0.0,0.0,0.0,0.0,0.0,0.0,0.0,0.05277775524507792,0.02484318530037049,0.0,0.0,0.0,0.0,0.028883799887201744,0.0,0.0,0.0,-0.029797928958977156,0.0,-0.035336133078642834,0.0,-0.039242508845331196,0.0,0.0,-0.03318875484318282,0.0,-0.029719505082115873,-0.0340191483147157,0.0,0.0,0.0,0.0,0.0,-0.026901741278922833,-0.024785541315575286,-0.026811805077535663,0.0,0.0,-0.026502771720414424,0.0,0.0,0.0,0.0,0.0,-0.026566288889288508,0.0,0.0,-0.02762907996604668,0.0,-0.03684197143162925,0.0,0.0
2009-07-31,-0.034367600489083584,-0.023926246327565036,-0.04223672969055141,0.0,0.0,0.0,0.0,0.0,0.0,0.0,0.0,0.0,0.0,0.0,0.0,0.0,-0.02462883757083624,0.0,0.0,0.0,-0.024958454758236034,0.0,0.0,0.0,-0.03439102320773509,0.0,-0.02707476445132334,-0.029049322349365757,0.0,-0.05438542283942722,0.0,0.0,0.0,0.0,-0.04771264057804819,0.0,0.0,-0.037822384013956094,0.0,-0.026040700322641604,-0.02623672776455094,-0.03668669254145678,-0.03775322074039447,0.0,0.0,0.0,0.0,0.0,0.0,0.0,0.0,0.0,-0.02466874558317448,0.0,0.0,0.0,0.0,0.0,0.0,0.0,0.0,0.0,0.0,-0.03334355609976796,0.0,-0.03462050116100083,0.0,-0.034685299284525684,0.0,0.0,-0.04229190608143992,0.0,-0.03091128396459675,-0.03564699374717376,0.0,-0.025433702176427497,0.0,0.0,0.0,-0.030634274159892606,-0.02421741345310597,-0.027012219578335068,0.0,0.0,0.0,0.0,0.0,0.0,0.0,0.0,-0.030001405846380197,0.0,0.0,-0.03626173453553205,-0.03422582862073733,-0.04877436806273793,0.0,0.0
2009-08-31,-0.03460643103055064,0.0,-0.03915401418436985,0.0,0.0,0.0,0.0,0.0,0.0,0.0,0.0,0.0,0.0,0.0,0.0,0.0,-0.03506617608919902,0.0,0.0,0.0,0.0,0.0,0.0,-0.026765084356223844,-0.03408802419666219,0.0,0.0,-0.02436017055152063,0.0,-0.06086612407076438,0.0,0.0,0.0,0.0,-0.044879030372591,0.0,0.0,-0.03924384921828267,0.0,-0.03457106474024459,-0.028861106171174322,-0.02980729978968862,-0.03244555972532103,0.0,0.0,0.0,0.0,0.0,0.0,0.0,0.0,0.0,0.0,0.0,0.0,0.0,0.0,0.0,0.0,0.0,0.0,0.0,0.0,-0.03573866644922133,0.0,-0.033254339915248704,0.0,-0.03175555155266124,0.0,0.0,-0.04138845618947896,0.0,-0.031594469544989366,-0.04763822211656285,0.0,-0.025277651077496608,-0.02703756013884163,0.0,-0.02701041383284251,-0.03231469642423706,-0.02745738130082991,-0.028561980401233675,0.0,0.0,0.0,0.0,0.0,0.0,0.0,0.0,-0.028323719255084923,0.0,-0.025813946806175953,-0.02579675573749746,-0.03145358402768277,-0.03486867073332208,0.0,0.0
2009-09-30,-0.05899817666996714,-0.026745534557478433,-0.048601897617324814,-0.03604906145078191,0.0,0.0,-0.02906017082043858,0.0,0.0,0.0,0.0,0.0,0.0,0.0,0.0,0.0,-0.0257433434885441,0.0,0.0,0.0,0.0,0.0,0.0,0.0,-0.03589678374130725,0.0,0.0,0.0,0.0,-0.059923268039979896,0.0,0.0,0.0,0.0,-0.037048951983200636,0.0,0.0,-0.024720785306770823,0.0,-0.03002590185691714,-0.02341420391658829,-0.02947072529211837,-0.023857846009736727,0.0,0.0,0.0,0.0,0.0,0.0,0.0,0.0,0.0,0.0,0.0,0.0,0.0,0.0,0.0,0.0,0.03254459518789946,0.0,0.0,-0.02324674550416917,-0.026077353762571462,0.0,0.0,0.0,0.0,0.0,0.0,-0.02833084132185941,0.0,-0.029331121553643234,-0.06730109096890712,0.0,-0.03341029353950165,-0.049407977637191916,-0.027176249347415884,0.0,-0.02576531620721342,0.0,-0.029641260122693892,0.0,0.0,0.0,0.0,0.0,0.0,0.0,0.0,-0.023531921957774815,0.0,-0.03369050879300571,-0.024538626100978424,-0.028402158940093042,-0.02804728830392729,0.0,0.0
2009-10-31,-0.07479682767204128,-0.07482650357759058,-0.04821231850830648,-0.025588105675092017,0.0,0.0,-0.024439075806795357,0.0,0.0,0.0,0.0,0.0,0.0,0.0,0.0,0.0,-0.029167904528801657,0.0,0.0,0.0,0.0,0.0,-0.021546080623177862,-0.02793068025947091,-0.031016265952040618,0.0,-0.021396504953475243,0.0,0.0,-0.0394952734968607,0.0,0.0,0.0,0.0,-0.03190546025544733,0.0,0.0,0.0,0.0,-0.029525485724890565,-0.022449888623939197,-0.021343149944766184,0.0,0.0,0.0,0.0,0.0,0.0,0.0,0.0,0.0,0.0,0.0,0.024214059056026766,0.02564181294157264,0.0,0.0,0.0,0.0,0.022905419729267056,0.0,0.0,0.0,0.0,0.0,0.0,0.0,-0.023220838086391898,0.0,0.0,-0.030631691537302153,0.0,-0.02165621581507846,-0.05634976475408774,0.0,-0.026516884751749036,-0.07345688350472415,-0.023036382517037948,0.0,0.0,0.0,-0.02615974358191479,0.0,0.0,0.0,0.0,0.0,0.0,0.0,0.0,-0.02314229335555202,0.0,-0.05794255778078449,-0.020835587877098227,0.0,-0.020650339108716595,0.0,0.0
2009-11-30,-0.04641166371482819,-0.03945311949814479,-0.0375739175163909,-0.024713163244857547,0.0,0.0,0.0,0.0,0.0,0.0,0.0,0.0,0.0,0.0,0.0,0.0,-0.027190049184052895,0.0,0.0,0.0,0.0,0.0,0.0,-0.029813939405691086,-0.03875607135842273,0.0,-0.025667771671567825,0.0,0.0,-0.024798022639707616,0.0,0.0,0.0,0.0,-0.03245309694523259,0.0,0.0,0.0,0.0,-0.034482958133412636,-0.030591032288683356,-0.02541988732612921,0.0,0.0,0.0,-0.03549103322632671,0.0,0.0,-0.02965204473234707,0.0,0.0,0.0,0.0,0.0,0.0,0.0,0.0,0.0,0.0,0.0,0.0,0.0,0.0,0.0,0.0,0.0,0.0,0.0,0.0,0.0,-0.03234130493872626,0.0,0.0,-0.06507583064992199,-0.026121809612273235,-0.03107054492954929,-0.037026134160380586,-0.03602228373833292,-0.02583899445647788,-0.036371032617864854,-0.02661240352748476,-0.025160352758871015,0.0,0.0,0.0,0.0,0.0,0.0,-0.03989008833229707,0.0,0.0,0.0,-0.050670886103673526,-0.03054997064555786,-0.02676673448942217,-0.02801385815337153,0.0,0.0
2009-12-31,-0.02619885366271316,-0.030345241186268607,-0.03773930567404321,0.0,0.0,0.0,-0.029761100274963054,-0.028255050617325684,0.0,0.0,0.0,0.0,-0.02783283059468767,0.0,0.0,0.0,-0.02808755015325951,0.0,0.0,0.0,-0.02488753861243275,0.0,-0.03003805263449094,-0.03743702826954726,-0.051371133821434725,0.0,0.0,0.0,0.0,-0.024698691552880524,0.0,0.0,0.0,0.0,-0.029640094916813676,0.0,0.0,0.0,0.0,-0.053865345334692005,-0.03155906729881575,0.0,-0.025030749453477896,0.0,-0.025937868804663904,-0.0393526643946356,0.0,0.0,-0.033195695796529014,0.0,0.0,0.0,0.0,0.0,0.03532335507572203,0.0,0.0,0.0,0.0,0.028941821914025948,0.0,0.0,0.0,0.0,0.0,0.0,0.0,0.0,0.0,0.0,-0.02436459626160803,0.0,0.0,-0.051564418733973105,-0.03043759303303764,0.0,-0.030610174898366437,0.0,0.0,0.0,0.0,-0.04125396673055409,0.0,0.0,0.0,0.0,0.0,0.0,-0.03006938993615878,0.0,-0.024558283742544717,0.0,-0.056419222925361064,0.0,0.0,0.0,-0.031223313694973158,0.0
2010-01-31,0.0,0.0,-0.04488551832181314,0.0,0.0,0.0,-0.026433304090802374,0.0,0.0,0.0,0.0,0.0,0.0,0.0,-0.026467862880204963,0.0,-0.021171621129845473,0.0,0.0,0.0,-0.01995774072331478,0.0,-0.033931623583943145,-0.043369775451241634,-0.059721414813713514,0.0,0.0,0.0,0.0,0.0,0.0,0.017293999641708756,0.0,0.02571392749093945,-0.03936503053632647,0.0,0.0,0.0,0.0,-0.08125209641232023,-0.04065513287862877,-0.02332447581144654,-0.03226828058044245,0.0,-0.02265501081330921,-0.04187993074119093,0.0,-0.0249168356947559,-0.03506375701202402,0.0,0.0,0.0,0.0,0.03378055997885515,0.0,0.0,0.0,0.0,0.0,0.02399358194942071,0.0,0.0,0.0,0.0,0.0,0.0,0.0,0.0,0.0,0.0,-0.02358109165223856,0.0,0.0,-0.025876213032315853,0.0,-0.02738801295573583,0.0,-0.01890861047531806,0.0,0.0,0.0,-0.028816974040406774,0.0,0.0,0.0,0.0,0.0,0.0,-0.018731580732772105,0.0,-0.028505852977382378,0.0,-0.07294488216538672,0.0,0.0,0.0,0.0,0.03714530143219619
2010-02-28,0.0,0.0,-0.04177136988223548,0.0,0.0,0.0,-0.028858479830323122,0.0,0.0,0.0,0.0,0.0,0.0,0.0,-0.03060102659785591,0.0,-0.030718215319377094,0.0,0.0,0.0,0.0,0.0,0.0,-0.026622150330612382,-0.04816388812396554,0.0,0.0,0.0,0.0,0.0,0.03569384785602862,0.02883503846211525,0.0,0.046649469787773894,-0.03593625937391258,0.0,0.0,0.0,0.0,-0.06574590660176027,-0.034041300478150016,-0.02045299706857494,-0.03012424248796549,0.0,-0.020960318711017712,-0.04576178049500444,0.0,0.0,-0.034664342595828665,0.0,0.0,0.0,0.0,0.0323593427192015,0.0,0.0,0.0,0.0,0.0,0.03125620433054526,0.0,0.0,0.0,0.0,0.0,0.04107627449690871,0.0,0.0,0.0,0.0,-0.02541956244835891,0.0,0.0,-0.023405226825866855,0.0,-0.023827956719302906,0.0,0.0,0.0,0.0,0.0,-0.024565580251388493,0.0,0.0,0.0,0.0,0.0,0.0,0.0,0.0,-0.027992852030059728,0.0,-0.07276540706917169,-0.02415611093920604,-0.02132791729944523,-0.024722549079479884,0.0,0.021524381788563324
2010-03-31,0.0,0.0,-0.024037473301557543,0.0,0.0166185801152335,0.0,-0.015122502583687001,0.0,0.0,0.0,0.0,0.0,0.0,0.0,-0.015055807196698629,0.0,0.0,0.0,0.0,0.014179519991203841,0.0,0.021327644471228563,0.0,0.0,0.0,0.0,0.030067397551542953,0.0,0.018134520373438812,0.0,0.2,0.06860320026538834,0.0,0.09112282277107853,-0.023324592435175887,0.0,0.0,0.0,0.0,-0.025310458906966385,0.0,0.0,0.0,0.0161958159690322,0.0,-0.01723338915413221,0.0,0.0,0.0,0.0,0.0,0.0,0.026980063356070214,0.032384515378044286,0.0,0.0,0.025403132422095815,0.0,0.0,0.026399659492631573,0.0,0.0,0.0,0.0,0.0,0.03715854908502813,0.0,0.014208418590462313,0.025030014835600384,0.0,0.0,0.02697440318616695,0.023119831647738922,0.0,0.0,0.0,0.0,0.0,0.0,0.0,0.015544045489716139,0.0,0.0,0.0,0.0,0.0,0.0,0.0,0.0,0.0,0.0,0.0,0.013860164466300931,-0.022531620366720014,-0.01641821886811602,-0.017766851526421355,0.0,0.07988678620252258
2010-04-30,0.0,0.0,0.0,0.0,0.02488165743633893,0.0,0.0,0.0,0.0,0.0,0.0,0.0,0.0,0.0,0.0,0.0,0.0,0.015802023471137214,0.0,0.022667584838755164,0.0,0.0,0.0,0.0,0.0,0.0,0.01653308615038351,0.0,0.0,0.0,0.12570166357470774,0.03510723453680362,0.0,0.07726114851819649,0.0,0.0,0.0,0.0,0.0,0.014817635966160942,0.029638546831796512,0.0,0.0,0.02154755202572542,0.0,0.0,0.0,0.0,0.0,0.0,0.0,0.0,0.047135915503696287,0.029140114839795152,0.0,0.0,0.01944232445334038,0.0,0.015167703283274754,0.022340845998013097,0.0,0.016161967884638837,0.0,0.014394898637263665,0.022058761412154883,0.09298314206407747,0.0,0.030692158083051493,0.020940089439584666,0.06379671557849889,0.0,0.025928736845834483,0.029708953824868493,0.0,0.0,0.016765577308596142,0.0,0.0,0.018177569906699737,0.018599682779167,0.0,0.0,0.0,0.0,0.0,0.0,0.0,0.0,0.03541003639472311,0.0,0.0,0.0,0.0,0.0,0.0,0.0,0.01490428515887294,0.06229238725384304
2010-05-31,0.0,0.0,0.0,0.0,0.02502124350954593,0.0,0.0,0.0,0.0,0.0,0.0,0.0,0.0,0.016786106962213308,0.0,0.0,0.0,0.017584957822870104,0.0,0.022593106760192824,0.0,0.0,0.0,0.0,0.022429167608508983,0.0,0.019142698180248195,0.0,0.016258598189901097,0.0,0.12510371707532958,0.04503880591377441,0.0,0.09733881250240588,0.0,0.0,0.0,0.0,0.0,0.0,0.0478235686005853,0.0,0.0,0.02793289211854702,0.016197462795441438,0.0,0.0,0.0,0.0,0.0,0.0,0.0,0.04239857970800178,0.030454389759394976,0.0,0.0,0.0,0.0,0.0,0.01831457842415587,0.0,0.0,0.0,0.01323080305286575,0.01745180643074857,0.02979810258100068,0.0,0.023820703098020767,0.015165734676216437,0.07671850825676929,0.01729925509609949,0.0,0.022690668171049,0.0,0.0,0.0,0.0,0.0,0.028091690745944472,0.027296938175316435,0.013084005541462813,0.0,0.0,0.0,0.0,0.015382562097888134,0.0,0.0,0.037817022387735696,0.0,0.0,0.0,0.0,0.0,0.0,0.0,0.0,0.07173351375776572
2010-06-30,0.0,0.0,0.0,0.0,0.017517338630881403,0.0,0.0,0.0,0.0,0.0,0.0,0.0,0.0,0.017964022882519252,0.0,0.0,0.0,0.0,0.0,0.025265990615103935,0.0,0.0,0.0,0.0,0.0,0.0,0.017488782890619104,0.0,0.015579041181984953,0.0,0.04841417204325618,0.03814035845866213,0.0,0.09667221076888537,0.0,0.0,0.0,0.02078838378086119,0.0,0.0,0.0,0.0,0.01513154249411753,0.029293973364903858,0.022886579925550123,0.0,0.0,0.0,0.01447060433325835,0.0,0.0,0.0,0.03331697970599818,0.03327829377822192,0.0,0.0,0.01392469469637928,0.0,0.0,0.02619009068915608,0.0,0.0,0.0,0.0,0.01748089472325755,0.05362904515721585,0.0,0.034597490175368714,0.018501524816068173,0.10194599586674023,0.02893872464295451,0.0,0.0266040804484572,0.0,0.0,0.0,0.0,0.0,0.03915822998436261,0.02331507728451236,0.01680401160330087,0.0,0.0,0.0,0.0,0.02756945665462094,0.0,0.0,0.036655218556770335,0.0,0.0,0.0,0.0,0.0,0.0,0.0,0.0,0.08847718984601186
2010-07-31,0.0,0.0,0.0,0.0,0.01937015898059136,0.0,0.0,0.0,0.0,0.0,0.0,0.0,0.0,0.024906445194224122,0.0,0.0,0.0,0.0,0.0,0.04187789626459959,0.0,0.0,0.0,0.0,0.0,0.0,0.020545585272476415,0.0,0.021432926978540424,0.0,0.04174378669275625,0.04013523960727051,0.0,0.09732864748834273,0.0,0.0,0.0,0.0,0.0,0.0,0.0,0.0,0.0,0.01690475865688092,0.02718768241771087,0.0,0.0,0.0,0.017634495874603605,0.0,0.0,0.0,0.044021789083126726,0.023845003339478723,0.0,0.0,0.017617156321955534,0.0,0.0,0.037010627826956986,0.0,0.0,0.0,0.019415131911796186,0.017283475415516922,0.03340721411892429,0.0,0.02540545494285712,0.021440551015628067,0.12109756586771528,0.03181265991908616,0.019494033576451426,0.016578613915403287,0.0,0.02109848894552094,0.0,0.0,0.0,0.0,0.01995322874598339,0.017652211227884313,0.0,0.0,0.0,0.0,0.03419097818498254,0.0,0.0,0.04035890012124716,0.0,0.0,0.0,0.0,0.0,0.0,0.0,0.0,0.06924929209148822
2010-08-31,0.0,0.0,0.0,0.0,0.01860034190914168,0.0,0.0,0.01802923011328024,0.0,0.0,0.0,0.0,0.0,0.03061031302730974,0.0,0.0,0.0,0.0,0.0,0.03187581821602776,0.0,0.0,0.0,0.0,0.0,0.0,0.03250529050013727,0.0,0.027831091028054415,0.0,0.02983784745722554,0.036945425804450246,0.0,0.061584058719495065,0.0,0.0,0.0,0.0,0.0,0.0,0.0,0.0,0.0,0.019527978868113326,0.018549353639110734,0.0,0.0,0.020376481588995812,0.019212974828752404,0.0,0.0,0.0,0.0311688675254621,0.02510543287234358,0.0,0.0,0.0,0.0,0.0,0.03377820990894768,0.0,0.0,0.045861143248403166,0.0,0.034509144903972985,0.026127250736143245,0.0,0.0,0.024853649795803068,0.11047873325520521,0.019914497954597852,0.0,0.018980565144107998,0.0,0.04314595340729133,0.021208522905067802,0.0,0.0,0.0,0.024174727904251632,0.020060072234668082,0.0,0.0,0.0,0.0,0.05241344049060692,0.0,0.0,0.043482284163131435,0.0,0.0,0.0,0.0,0.0,0.0,0.0,0.0,0.059251297849901616
2010-09-30,0.0,0.0,0.0,0.0,0.0,0.0,0.01931805045856152,0.0,0.0,0.0,0.0,0.0,0.0,0.021721474560398083,0.0,0.0,0.0,0.0,0.01841102366325781,0.04364235663581795,0.0,0.0,0.0,0.0,0.016679303492490093,0.0,0.030481659515464554,0.02055767872102852,0.04037334310656827,0.0,0.030744841597308243,0.03828233444325652,0.0,0.06302287393142653,0.0,0.0,0.0,0.0,0.0,0.0,0.0,0.0,0.0,0.016905484610054516,0.018702140320275933,0.0,0.0,0.019980319183091903,0.0,0.0,0.0,0.0,0.03327861420895563,0.02051882773293146,0.0,0.0,0.0,0.0,0.0,0.04831190422125799,0.0,0.0,0.045092434252215804,0.0,0.04114172144636173,0.03197121075213609,0.0,0.0,0.01939150332152405,0.07849382377545507,0.0,0.0,0.02123818116597046,0.0,0.05612309770306158,0.03188974561677505,0.0,0.0,0.0,0.021975174594989308,0.0,0.0,0.0,0.0,0.0,0.04053523769425171,0.0,0.0,0.0252372732366208,0.01840338033229125,0.0,0.0,0.0,0.0,0.0,0.0,0.0,0.06757498570620141
2010-10-31,0.0,0.0,0.0,0.0,0.018498041444992924,0.0,0.0,0.0,0.0,0.0,0.0,0.0,0.0,0.020168967580526925,0.0,0.0,0.0,0.0,0.0,0.04851556188642731,0.0,0.0,0.0,0.0,0.0,0.0,0.02734132720902999,0.033362177632562016,0.05045870900162046,0.0,0.025209381096504092,0.04161308593609981,0.0,0.05463807091981008,0.0,0.0,0.0,0.020105710059744375,0.0,0.0,0.0,0.0,0.0,0.021308452497782855,0.0,0.0,0.0,0.0,0.0,0.016985230027610904,0.0,0.0,0.05330731075547372,0.02902499029299424,0.0,0.0,0.022762499412338842,0.0,0.03395842916110879,0.0752810347325677,0.0,0.019484271239673542,0.04144419582175411,0.0,0.054251139684857834,0.05692456233953911,0.0,0.018102684355717543,0.023440438017488654,0.04834762139313227,0.0,0.0,0.020605849654448432,0.0,0.030226796932689204,0.03531501162296552,0.0,0.0,0.0,0.018518630777728345,0.0,0.0,0.0,0.0,0.0,0.0,0.0,0.0,0.0,0.01736834841218332,0.0,0.0,0.0,0.0,0.0,0.0,0.0,0.023431470100627103
2010-11-30,0.0,0.0,0.0,0.017796839229380204,0.0,0.0,0.0,0.0,0.0,0.0,0.0,0.0,0.0,0.0,0.0,0.0,0.0,0.0,0.0,0.058342149078377724,0.0,0.0,0.0,0.0,0.0,0.0,0.034145882214905256,0.02837289422423598,0.05158270873866488,0.0,0.03454734251267132,0.050101407650507364,0.0,0.06678097854945281,0.0,0.0,0.0,0.020444632456061238,0.0,0.0,0.0,0.0,0.0,0.021279545864041197,0.0,0.0,0.0,0.02456989678028389,0.0,0.0,0.0,0.0,0.060700633696993946,0.017951854564298923,0.0,0.0,0.0,0.0,0.018573760577201677,0.04108862124432901,0.0,0.0,0.031079932384971837,0.0,0.043992418978227595,0.07459968012558751,0.0,0.019178942750835995,0.03209979813782271,0.04287381225945891,0.02245964300183836,0.015905379884877304,0.022199195783332414,0.0,0.02281232283803861,0.04092877345576208,0.0,0.0,0.0,0.023840863986652173,0.0,0.0,0.0,0.0,0.0,0.021760121178029914,0.0,0.0,0.020219771591205537,0.01977019626195348,0.0,0.0,0.0,0.0,0.0,0.0,0.0,0.0
2010-12-31,0.0,0.0,0.0,0.0,0.0,0.0,0.0,0.0,0.0,0.0,0.0,0.0,0.0,0.01863669799166661,0.0,0.0,0.0,0.0,0.024468871186362325,0.0,0.0,0.0,0.0,0.0,0.0,0.0,0.02707254160590871,0.023397347196741854,0.09784085890103275,0.0,0.04594290977668863,0.03871514907686208,0.0,0.03870847337004232,0.0,0.0,0.0,0.03726526712220259,0.0,0.0,0.015846702275874435,0.0,0.0,0.0253981778292036,0.0,0.0,0.0,0.042413767453544006,0.0,0.0,0.0,0.0,0.06603896084186571,0.0,0.0,0.0,0.0,0.0,0.0246010704037667,0.027703784396128223,0.0,0.022929114738636434,0.03721991887733545,0.026902722996889488,0.047400262471235646,0.08286344869544067,0.0,0.017864245586360662,0.02058245992115209,0.035401059205886556,0.01940600249298618,0.0,0.018387076761123756,0.0,0.016740150703660205,0.03674304827164447,0.0,0.0,0.0,0.018602571799576546,0.0,0.0,0.0,0.0,0.0,0.018731304453108083,0.0,0.0,0.0,0.026176033597073153,0.0,0.0,0.0,0.0,0.0,0.0,0.0,0.0
2011-01-31,0.0,0.0,0.019351029464206415,0.0,0.0,0.0,0.0,0.0,0.0,0.0,0.0,0.0,0.0,0.0,0.0,0.0,0.0,0.0,0.0,0.0,0.0,0.0,0.0,0.0,0.019164384072324642,0.0,0.024514485456713617,0.019437873410240506,0.05996204445198193,0.0,0.030968980681044266,0.0241187490067152,0.0,0.025491347799816075,0.0,0.0,0.0,0.0308286236475144,0.0,0.0,0.016776292871411306,0.0,0.022873166765793398,0.02831215954533127,0.0,0.0,0.0,0.030655459770794327,0.0,0.0,0.0,0.0,0.059225042650608364,0.0,0.0,0.0,0.0,0.0,0.04098843601144078,0.02230695165979568,0.0,0.024094019381460535,0.03940686844058477,0.024906601832293537,0.056907976092456763,0.10623091503965706,0.0,0.02785624491473747,0.02135135116512138,0.026759769833822826,0.018408563234775393,0.0,0.02128885665554156,0.0,0.0,0.061625687571856706,0.0,0.0,0.0,0.03593455983409052,0.0221740769326299,0.0,0.0,0.0,0.0,0.0,0.0,0.0,0.0,0.038079481805239415,0.0,0.0,0.0,0.0,0.0,0.0,0.0,0.0
2011-02-28,0.0,0.0,0.02535660874685163,0.0,0.0,0.0,0.0,0.0,0.0,0.0,0.0,0.0,0.0,0.01834680316741816,0.0,0.0,0.0,0.0,0.0,0.0,0.0,0.0,0.0,0.0,0.02605732988674024,0.0,0.030045209684528184,0.0,0.07795276184766589,0.0,0.03978707501055758,0.03568679486391693,0.0,0.03842170355391747,0.0,0.0,0.0,0.03850089898067618,0.0,0.0,0.021998572199954415,0.0,0.03041906819372656,0.037080057948422535,0.019609335086213736,0.019831668157734846,0.0,0.026285117780893083,0.0,0.0,0.0,0.0,0.02766029545106378,0.0,0.0,0.0,0.0,0.0,0.0,0.0,0.0,0.0,0.025559888321143868,0.0,0.04811492570641549,0.041693315664915756,0.0,0.0,0.0,0.029548499537489906,0.023165389842761352,0.0,0.02765400621650161,0.0,0.0,0.13414464624742695,0.0,0.0,0.0,0.03183251681485878,0.023539453792410747,0.0,0.0,0.020248475234434838,0.0,0.01913389278414483,0.0,0.0,0.0,0.027365119478478896,0.0,0.0,0.0,0.017524146142557526,0.0,0.0,0.017436423656178382,0.0
2011-03-31,0.027505207474538548,0.02068703334364653,0.03787808157215712,0.0,0.0,0.0,0.0,0.0,0.019479749642681007,0.0,0.0,0.0,0.0,0.018323517433688527,0.0,0.0,0.0,0.0,0.0,0.0,0.0,0.0,0.0,0.0,0.0494647967531841,0.0,0.0532751601472134,0.0,0.06354635290894824,0.01973857681301941,0.03545425229529895,0.028663850506092457,0.0,0.0434069029489406,0.01873670310049111,0.0,0.0,0.06846817140563055,0.0,0.02979876969978866,0.018403729216613283,0.02655429724625368,0.03470385227860882,0.028315700038155703,0.022803218864508704,0.028870631239725927,0.0,0.02212406573354341,0.0,0.0,0.0,0.0,0.023173173463280548,0.0,0.0,0.0,0.0,0.0,0.0,0.0,0.0,0.0,0.0,0.0,0.04003925009078829,0.03207649002677547,0.0,0.0,0.0,0.0,0.0,0.0,0.0,0.0,0.0,0.08021320358999744,0.0,0.0,0.0,0.04449263953165829,0.025090594459530404,0.0,0.0,0.0,0.0,0.01869471879513895,0.0,0.0,0.0,0.0,0.0,0.0,0.0,0.020017309380101853,0.0,0.0,0.0,0.0
2011-04-30,0.0,0.0,0.02848304388104226,0.0,0.0,0.0,0.0,0.0,0.02231356892855317,0.0,0.0,0.0,0.0,0.0,0.0,0.0,0.0,0.0,0.0,0.0,0.0,0.0,0.0,0.0,0.037563510255737176,0.0,0.05157302129961134,0.0,0.07151664307914071,0.01993680815551809,0.029651127694522078,0.027034469335573293,0.0,0.03107609190259885,0.024182210797905678,0.0,0.0,0.04647253843674191,0.0,0.021716931198992418,0.0,0.024758415950816102,0.027987379356379422,0.025556202941576987,0.026325665914890897,0.03328404614450862,0.0,0.03634623015386488,0.0,0.0,0.0,0.0,0.023058069243857785,0.0,0.0,0.0,0.0,0.0,0.0,0.0,0.0,0.0,0.0,0.0,0.0502377460322671,0.033126640085422765,0.0,0.0,0.0,0.0,0.0,0.0,0.0,0.0,0.031987544414042085,0.06122528457054725,0.0,0.0,0.023322879102719393,0.06077912448727715,0.031514286227950765,0.0,0.0,0.0,0.0,0.028435293424187873,0.0,0.0,0.024533576118764215,0.0257851114478764,0.0,0.0,0.0,0.02021653941711339,0.0,0.0,0.0,0.0
2011-05-31,0.0,0.0,0.023708428444964548,0.0,0.0,0.0,0.0,0.0,0.0241903551878729,0.0,0.0,0.0,0.0,0.0,0.0,0.0,0.0,0.0,0.0,0.021667870585791695,0.0,0.0,0.0,0.0,0.048542112962627074,0.0,0.06571545041430817,0.0,0.07420538342802147,0.02593204537750382,0.03077183002154816,0.04273795912752455,0.0,0.030341246116414148,0.022247721200149933,0.0,0.0,0.03281450498685423,0.0,0.0,0.026878414205928226,0.0317789676751187,0.026061015521892272,0.022608425855318668,0.02100531387154329,0.0444090996878676,0.0,0.04252369950258596,0.0,0.0,0.0,0.0,0.0,0.0,0.0,0.0,0.0,0.0,0.0,0.0,0.0,0.0,0.0,0.0,0.04205902314082565,0.025361086874759988,0.0,0.0,0.0,0.0,0.0,0.0,0.0,0.0,0.0333521635534204,0.03381931462013805,0.0,0.0,0.0,0.03655358000725555,0.036114015633828246,0.0,0.0,0.02218122023663094,0.0,0.03170817311155826,0.0,0.0,0.028126482195673517,0.026097129165073694,0.0,0.0,0.02648796728700042,0.0,0.0,0.0,0.0,0.0
2011-06-30,0.0,0.018962157125760222,0.018333309336154503,0.0,0.0,0.0,0.0,0.022493143469690686,0.0,0.0,0.0,0.0,0.0,0.0,0.0,0.016509857089401166,0.0,0.0,0.0,0.05257314765678431,0.0,0.0,0.0,0.0,0.021347774187473207,0.0,0.05703529681127196,0.018402223412645052,0.0853002420899805,0.04411365358952571,0.019842266800960955,0.0336739703149587,0.0,0.02512301612791951,0.018832431626010223,0.0,0.0,0.04222555400735633,0.0,0.0,0.04315940187823134,0.02706804253001628,0.024436818644545773,0.03532407091325989,0.0,0.050411679895829876,0.0,0.048659125526097635,0.0,0.0,0.0,0.0,0.018083306004219486,0.0,0.0,0.0,0.0,0.0,0.0,0.0,0.0,0.0,0.0,0.0,0.054600617705989334,0.02729266191433249,0.0,0.0,0.0,0.0,0.0,0.0,0.0,0.0,0.0,0.029865696415969523,0.0,0.0,0.0,0.03394884738883805,0.0,0.0,0.0,0.025552136488245655,0.0,0.0,0.0,0.0,0.03053923956917946,0.02412053945500447,0.0,0.0,0.03216977202434773,0.0,0.0,0.0,0.0,0.0
2011-07-31,0.0,0.021814861071417654,0.02509182207400006,0.0,0.0,0.0,0.0,0.03683759034101974,0.0,0.0,0.0,0.0,0.0,0.0,0.0,0.02557218194268835,0.0,0.0,0.0,0.047914609183292184,0.0,0.0,0.0,0.0,0.0,0.0,0.06205821389783366,0.018881212834393823,0.03680819683322859,0.0,0.0,0.030432079442973187,0.0,0.020847272588241962,0.0,0.0,0.0,0.04136806517156032,0.0,0.018185449769557743,0.041587310873369705,0.0,0.030137988639161967,0.0448613276948029,0.0,0.038028267669950454,0.0,0.03208892859282291,0.0,0.0,0.0,0.0,0.0,0.0,0.0,0.0,0.0,0.0,0.0,0.0,0.0,0.0,0.0,0.0,0.04724479625379069,0.019539383464250524,0.0,0.026638460161934493,0.04875211871662019,0.0342335627670161,0.034853913134795314,0.0,0.02995877916632844,0.0,0.0,0.039235105259548084,0.0,0.0,0.0,0.03380775468652509,0.0,0.0,0.0,0.029793544223801007,0.0,0.0,0.0,0.0,0.037560530195615505,0.026988737010788137,0.0,0.0,0.018877936338671273,0.0,0.0,0.0,0.0,0.0
2011-08-31,0.0,0.02253313918876809,0.022075351330943804,0.0,0.0,0.0,0.0,0.04269075716278504,0.0,0.0,0.0,0.0,0.0,0.0,0.0,0.02399168186092017,0.0,0.0,0.0,0.035522300133252416,0.020780863440173155,0.0,0.0,0.0,0.0,0.0,0.04405051684057337,0.0,0.03564839376623168,0.02173491298773616,0.0,0.029694317829196282,0.0,0.0,0.0,0.0,0.0,0.061322569023657764,0.0,0.026923976873238522,0.058933095616092813,0.03171941832193102,0.0338984466203365,0.0659503421613877,0.025034267821977176,0.0398048353933793,0.0,0.030544814925858976,0.0,0.0,0.0,0.0,0.0,0.0,0.0,0.0,0.0,0.0,0.0,0.0,0.0,0.0,0.0,0.0,0.06555748215389721,0.029309751899114094,0.0,0.02801195898664204,0.0,0.022289342421057477,0.0282061970084793,0.0,0.021620522968718074,0.0,0.0,0.01940505044116951,0.0,0.0,0.0,0.02636406157291223,0.0,0.0,0.0,0.02284332805827124,0.0,0.0,0.0,0.0,0.037905059578250175,0.025633243613048685,0.0,0.0,0.0,0.0,0.0,0.0,0.0,0.0
2011-09-30,0.0,0.032284796164860324,0.028579913198967046,0.0,0.0,0.0,0.0,0.0548353053683736,0.0,0.0,0.0,0.0,0.0,0.0,0.0,0.0338343740026819,0.0,-0.014559111969598578,0.0,0.0434225801110059,0.0,0.0,0.0,0.0,0.0,0.0,0.05629203573062754,0.016703632668909726,0.038984558335400446,0.019939521597949785,0.0,0.03148863955429091,0.0,0.017418116546003257,0.0,0.0,0.0,0.06718968699758095,0.0,0.0,0.014304899501248428,0.0,0.01997642535771919,0.047610411687303754,0.01546635139450432,0.017638615221659645,0.0,0.05261432138228929,0.0,0.0,0.0,0.0,0.045890610792397854,0.02692608303012477,0.01991023143521496,0.0,0.0,0.0,0.0,0.0,0.0,0.019030807310872113,0.017584288451955345,0.021357446910456906,0.09924306702835206,0.06803318438958193,0.0,0.0,0.0,0.0,0.0,0.0,0.0,0.0,0.0,0.0,0.0,0.0,0.0,0.0,0.0,0.0,0.0,0.014628796976346359,0.0,0.0,0.0,0.0,0.014475499602942948,0.0,0.0,0.0,0.029776687280780176,0.0,0.0,0.0,0.0,0.0
2011-10-31,0.0,0.03589497331353263,0.020767410478298172,-0.026386092273655803,0.0,0.0,0.0,0.03686236049452281,0.0,0.0,0.0,0.0,-0.025468262525631672,-0.01893942465982473,0.0,0.0,0.0,-0.030618456894245364,0.0,0.050515304969010466,0.0,-0.024900428799696873,0.0,0.0,0.0,0.0,0.05155380909113401,0.02685185976018343,0.05854937442209715,0.0,0.0,0.03621221816846063,0.0,0.020898141441024688,0.0,0.0,0.0,0.041513884325587905,0.0,0.0,0.0,0.0,0.0,0.0,0.0,0.0,0.0,0.028769247396373227,0.0,0.0,0.0,0.0,0.022180945973735985,0.0,0.0,-0.017643027310302695,0.0,0.018394735887508333,0.0,0.0,0.0,0.0,0.0,0.0,0.09119293977318699,0.07303368851712991,0.0,0.0,0.0,0.0,0.0,0.0,0.0,-0.018358293815376337,0.0,0.0,-0.03022425984850874,-0.02458207931334976,-0.02860359712622539,0.0,0.0,-0.02258841724402738,0.0,0.020781947473110192,0.0,0.0,0.0,0.0,0.0,0.0,0.0,0.0,0.0,0.0,-0.033722977833081105,-0.04632918614923017,-0.01766265472194742,0.0
2011-11-30,0.0337185396094912,0.03327130910423614,0.029421670140666524,0.0,0.0,0.0,0.0,0.042134091164088255,0.0,0.0,0.0,0.0,0.0,0.0,0.0,0.01810428379137441,0.0,0.0,0.0,0.05717573767996593,0.02385137074717771,0.0,0.0,0.0,0.02123896468578435,0.0,0.05136608097729221,0.03854559168510669,0.06418196059871949,0.02578322120654424,0.019800586119688,0.03338240497725342,0.0,0.019857536014743982,0.0,0.0,0.0,0.04565508017366673,0.0,0.0,0.0,0.0,0.01986515085853534,0.023774832543205428,0.0,0.0,0.0,0.04152479849485961,0.0,0.020682900364424456,0.0,0.0,0.02535384038474783,0.019051843131740975,0.0,0.0,0.0,0.02076034738772263,0.0,0.0,0.0,0.0,0.0,0.020131657718249027,0.08344513115311059,0.06689394368950174,0.0,0.0,0.0,0.0,0.0,0.0,0.0,0.0,0.0,0.0,0.0,0.0,0.0,0.0,0.0,0.0,0.0,0.0317339073859757,0.018772967790157837,0.0,0.0,0.019899446462194194,0.0,0.0,0.0,0.0,0.03062080395977541,0.0,0.0,0.0,0.0,0.0
2011-12-31,0.041668762813524,0.038212887442737195,0.03617408652517504,0.0,0.0,0.0,0.0,0.05601410276477497,0.0,0.0,0.0,0.030350437057048978,0.0,0.0,0.0,0.0,0.0,0.0,0.0,0.04787690569856465,0.026350528880757153,0.020865446166904104,0.0,0.01938494687380223,0.02729359813077973,0.0,0.055920330324505954,0.03134106166196226,0.05911565042183338,0.019945066442152475,0.0,0.029095465305775586,0.0,0.0,0.0,0.0,0.0,0.02088208822522289,0.0,0.0,0.0,0.0,0.024558327907980168,0.03476053300915222,0.0,0.0,0.0,0.029495110679736772,0.0,0.0,0.0,0.0,0.019450090087207123,0.0,0.02386206014494629,0.0,0.0,0.0,0.0,0.0,0.0,0.0,0.0,0.02249831618743903,0.06654585800617635,0.07389172158083708,0.0,0.0,0.0,0.0,0.0,0.0,0.0,0.0,0.0,0.0,0.0,0.0,0.0,0.021346386697004192,0.0,0.0,0.0,0.031170163381062557,0.019362557314011618,0.0,0.0,0.027225296210462255,0.0,0.021543193894044188,0.0,0.0,0.02379902016441963,0.0,0.0,0.0,0.0,0.0
2012-01-31,0.05015249867918391,0.037570230728013077,0.03237324424258663,0.0,0.0,0.0,0.0,0.04980921822354624,0.0,0.0,0.0,0.023654383695436827,0.0,0.0,0.0,0.0,0.0,0.0,0.0,0.03831683405889263,0.027236699897724658,0.0,0.0,0.018737035616343475,0.03236636498231231,0.0,0.06438789744317135,0.033930623371846755,0.08251100028412069,0.01994773170267793,0.0,0.028964281885527215,0.0,0.02205367514655174,0.0,0.0,0.0,0.028208912292907364,0.0,0.0,0.0,0.0,0.019552092336219906,0.028573257351511675,0.0,0.0,0.0,0.020884933186783555,0.0,0.0,0.0,0.0,0.01889664262056411,0.0,0.01915787179790176,-0.017565493495520147,0.0,0.0,0.0,0.0,0.0,0.0,0.0,0.01818049938975313,0.09366188284866785,0.056105078883787435,0.0,0.0,0.0,0.0,0.0,0.0,0.0,0.0,0.0,0.0,0.0,0.0,0.0,0.02035286486669223,0.0,0.0,0.0,0.026136624011676438,0.0,0.0,0.0,0.02864145118336708,0.0,0.02221439140276108,0.0,0.0,0.019856284373950966,0.0,0.0,0.0,0.0,0.0
2012-02-29,0.04596564775358634,0.03274624505209738,0.026989946405057634,0.0,0.0,0.0,0.0,0.03787214245099659,0.0,0.0,0.0,0.031359939051235984,0.0,0.0,0.0,0.022103977734592488,0.0,0.0,0.0,0.026576582380930355,0.02576521989505146,0.0,0.0,0.022879071643165282,0.0394261891391252,0.0,0.06351441237838014,0.021079825051891852,0.0702239461290305,0.037653038005809554,0.0,0.037196709749376534,0.0,0.029471617704418248,0.0,0.0,0.0,0.03547780777862107,0.0,0.0,0.0,0.0,0.023486971038796035,0.026311570130032005,0.0,0.0,0.0,0.0,0.0,0.0,0.0,0.0,0.0,0.0215591652720984,0.018342741334931436,-0.019259016626048796,0.0,0.0,0.0,0.0,0.0,0.0,0.0,0.0,0.08949872815624081,0.045804798565243304,0.0,0.0,0.0,0.0,0.0,0.0,0.0,0.0,0.0,0.0,0.0,0.0,0.0,0.027007924909772715,0.0,0.0,0.0,0.02637797961165723,0.0,0.0,0.0,0.030361241013082015,0.01982091501329465,0.025518644285476292,0.0,0.0,0.020347985739959693,0.0,0.0,0.0,0.0,0.0
2012-03-31,0.06715115102837743,0.031451822768335254,0.026617253791070262,0.0,0.0,0.0,0.0,0.03930967211371076,0.0,0.0,0.0,0.02128158029871612,0.0,0.0,0.0,0.022525376580978397,0.01784719310531963,0.0,0.0,0.0293651310133072,0.021104602131877672,0.0,0.0,0.022150651747419113,0.05027972176480832,0.0,0.06093082807169272,0.02167258664659776,0.07084253776601268,0.048099776661608286,0.0,0.038026617200320606,0.0,0.037611896969838104,0.0,0.0,0.0,0.03610766326092556,0.0,0.0,0.0,0.0,0.02346833563528261,0.02022317022537756,0.0,0.0,0.0,0.0,0.0,0.0,0.0,-0.020932945471545165,0.0,0.0,0.0,-0.029977800228604013,0.0,0.0,0.0,0.0,0.0,0.0,0.0,0.0,0.05484552698013807,0.036241638478907004,0.0,0.0,0.0,0.0,0.0,0.0,0.0,0.0,0.0,0.0,0.0,0.0,0.0,0.023117164358071672,0.0,0.0,0.0,0.02795511149578398,0.0,0.0,0.0,0.025510936576020445,0.0,0.03343850974880229,0.0,0.0,0.022844150583914424,0.019068647296637018,0.0,0.0,0.0,0.0
2012-04-30,0.05998405764436007,0.03131631388705958,0.025407161021004966,0.0,0.0,0.0,0.0,0.03686832343922466,0.0,0.0,0.0,0.016869137390584408,-0.01832998453794636,0.0,0.0,0.025862908917508608,0.0,0.0,0.0,0.0319900542935488,0.0,0.0,0.0,0.018023207279474675,0.05836379727104825,0.0,0.05314750147958524,0.022888352615144852,0.07952280240572042,0.03772433267648931,0.0,0.025955144826412764,0.0,0.026314551274366247,0.0,0.0,0.0,0.036668176562101605,0.0,0.0,0.0,0.0,0.016516851405779187,0.022302386587228037,0.0,0.0,0.0,0.0,0.0,0.0,0.0,-0.024827104925589098,0.0,0.0,0.0,-0.03543544852654492,0.0,0.0,0.0,0.0,0.0,0.0,-0.016388446834288167,0.0,0.04508382115838931,0.0,0.0,0.0,0.0,0.0,0.0,0.0,0.0,0.0,0.0,0.0,0.0,0.0,0.01839076158132882,0.022660819130515642,0.0,0.0,0.0,0.045207634248017936,0.0,0.0,0.0,0.030855754461308137,0.0,0.06918005593251571,0.0,0.0,0.016910049014790308,0.031005058672123956,0.0,0.0,0.0,0.0
2012-05-31,0.0375354234239066,0.03627625755913634,0.0,0.0,0.0,0.0,0.0,0.026089351342770375,0.0,0.0,0.0,0.0,0.0,0.0,0.0,0.018746540739516947,0.02730419396554729,0.0,0.0,0.04604638493015343,0.027330202232076894,0.0,0.0,0.024331686189622156,0.11711891440125828,0.0,0.05413286973621647,0.022893242115478916,0.0692407598794906,0.03571668490288578,0.0,0.03409322486883707,0.0,0.02500220955531451,0.0,0.0,0.0,0.01933998139276088,0.0,0.0,0.0,0.0,0.0,0.0,0.0,0.0,0.0,0.0,0.0,0.0,0.0,-0.01404485163059555,0.0,0.013271128807597208,0.0,-0.025897631959829297,0.0,0.0,0.0,0.0,0.0,-0.017170504415694683,-0.0340935589255028,0.0,0.0,0.0,0.0,0.0,0.0,0.0,0.0,0.0,0.0,0.0,0.0,0.0,0.0,0.0,0.01910388471876533,0.04457980977600905,0.0,-0.01639771849797764,0.0,0.040628928488573815,0.0,0.0,0.0,0.017814861296000555,0.01909723324837698,0.08266857007336795,0.0,0.0,0.019156015718143796,0.0,0.0,0.0,0.0,-0.014877375208592865
2012-06-30,0.0,0.0,0.0,0.0,0.0,0.0,0.0,0.035516079399506274,0.0,0.0,0.0,0.0,-0.029582144336489882,-0.022752935010429867,0.0,0.0,0.0,0.0,-0.020781548864817766,0.03554499639198968,0.0,0.0,0.0,0.0,0.04870627089142037,0.0,0.08684216614080417,0.0,0.06011997103617668,0.03599494988734078,0.0,0.03332669835183765,0.0,0.03220844966465526,0.0,0.0,0.0,0.03078613331086378,0.0,0.0,-0.021192785608916104,0.0,0.0,0.0,0.0,-0.038240227293163384,0.0,0.0,0.0,-0.02067069512386862,0.0,-0.023518724934707348,0.0,0.0,0.0,-0.053430600274713774,0.0,0.0,-0.02077648242756254,0.0,0.0,-0.03303429578491996,-0.061745899657703364,0.0,0.0,0.0,0.0,0.0,-0.023333568586060116,-0.022246552599931683,0.0,0.0,-0.021654173101746117,-0.02372179222697862,-0.023373467571259257,0.0,0.0,0.0,0.0,0.0,-0.02525674673182501,-0.03232031162101186,0.0,0.0,0.0,0.0,0.0,0.0,0.0,0.02994149793433068,-0.030633371697033892,0.0,0.0,0.0,0.0,0.0,0.0,-0.022746463537935684
2012-07-31,0.0,0.0,0.0,0.0,0.0,0.0,0.0,0.035575158076642445,0.0,0.0,0.0,0.0,-0.03716215840296745,-0.025183299032467018,0.0,0.0,0.0,0.0,-0.020734131522872384,0.025069311759097053,0.0,0.0,0.0,0.0,0.02825533864730302,0.0,0.08076828955791561,0.02252828304109955,0.06101537057683767,0.025168314844298666,0.0,0.029726381167130323,0.0,0.04016643979195762,0.0,0.0,0.0,0.02698831168526304,0.0,0.0,-0.029336463226319946,-0.029489712577744045,0.0,0.0,-0.022099264419293777,-0.04637665027136234,0.0,0.0,0.0,0.0,0.0,-0.02253670664673561,0.0,0.04057136973751988,0.03830239981129944,-0.051955671542930654,0.0,0.0,0.0,0.0,0.0,-0.027550408344200087,-0.037134199918242225,0.0,0.0,0.0,0.0,0.0,0.0,0.0,0.0,0.0,0.0,-0.02851123007136288,-0.02157373563113802,0.0,0.0,0.0,0.0,0.0,-0.029504253022802452,-0.026219418825230722,0.0,0.025204980231476402,0.0,0.0,0.0,0.0,0.0,0.04255995094108769,0.0,0.0,0.022732796675401908,0.0,0.0,0.0,0.0,0.0
2012-08-31,0.0,0.0,0.0,0.0,0.0,0.0,0.0,0.036748098245513824,0.0,0.0,0.0,0.0,-0.027189701815298544,-0.029062216500356168,0.0,0.0,0.0,-0.033576518398749956,0.0,0.028996822088981935,0.0,0.0,0.0,0.0,0.0,0.0,0.060651941693308634,0.0,0.05125011433705631,0.0,0.0,0.03295654574356057,0.0,0.04152428806964945,0.0,0.0,0.0,0.023698356076855016,0.0,0.0,0.0,0.0,0.0,0.0,0.0,-0.03425071185841618,0.0,0.0,0.0,0.0,0.0,0.0,0.0,0.0383073628319281,0.02891299966144764,-0.03935609603671159,-0.02510602802580633,0.0,-0.02964869363959347,0.0,0.0,-0.03314161366808769,-0.03857935390761456,-0.024802080147602535,0.0,0.0,0.0,0.0,0.0,-0.0257803489826425,0.0,0.0,-0.025579210163049416,-0.052378449657788685,-0.03046430095270268,-0.024364381285659896,0.0,0.0,0.0,0.0,-0.028507960609957066,-0.02617593480448539,0.0,0.0,0.0,0.0,0.0,0.03686466824656735,0.0,0.04052188917553125,0.0,0.0,0.02529328798821121,0.0,0.0,0.0,0.0,-0.026310025386866175
2012-09-30,0.0,0.0,0.0,0.0,0.0,0.0,-0.03341296355342013,0.024499058398757864,-0.02343544697930632,0.0,0.0,0.0,-0.033438384866628784,0.0,0.0,0.0,0.0,-0.02515240784746128,0.0,0.03776004655288815,0.0,0.0,0.0,0.0,0.0,0.0,0.05752774626444477,0.0,0.040226016963623434,0.0,0.0,0.042456417543598024,0.0,0.049084155639949806,0.0,0.0,0.0,0.02650583766881637,0.0,0.0,0.0,0.0,0.0,0.0,-0.024894845478710313,-0.04314247849117969,0.0,0.0,-0.02361490861351241,0.0,0.0,0.0,0.0,0.03769266780453106,0.03516517584509205,-0.028763282993122464,-0.02858001755171302,-0.028409253841736593,-0.03366768842587604,0.0,0.0,0.0,0.0,0.0,0.0,0.0,0.0,0.0,0.0,-0.02464423577680504,0.0,0.0,-0.028608910577345832,-0.05318767920848575,-0.030731725962708338,-0.027025943603343264,0.0,0.0,0.0,0.0,-0.02904812562150302,-0.02905103926386753,0.0,0.0,0.0,0.0,0.0,0.037678257946373236,0.0,0.028832178578706517,0.0,0.0,0.033763102136492695,0.0,0.0,0.0,0.0,0.0
2012-10-31,0.0,0.0,0.0,0.0,0.0,0.0,-0.025765745556242423,0.03164497894423885,-0.02441426732900573,0.0,0.0,0.0,-0.034226819411744755,0.0,0.0,0.0,0.0,0.0,0.0,0.03435327795731691,0.0,0.0,0.0,0.0,0.0,0.0236017713584639,0.05471846705652439,0.0,0.030423519214421418,0.024600122742409684,0.0,0.04425984557585701,0.0,0.06193376189874899,0.0,0.0,0.0,0.03552856657779154,0.0,0.0,0.0,-0.03408284083545737,0.0,0.0,0.0,-0.047401061915012484,0.0,0.0,-0.0312729152868583,0.0,0.0,0.0,0.0,0.04070361701754791,0.03681426810247993,0.0,-0.023753319155867484,-0.03425184727594727,-0.026644894065480984,0.0,0.0,0.0,0.0,0.0,0.0,0.0,0.0,0.0,0.0,-0.022568063928303884,0.0,0.0,0.0,-0.04463223709764247,-0.024102766336135548,-0.024931014116074204,0.0,0.0,0.0,0.0,-0.025307530928322938,-0.03086872244884494,0.0,0.0,0.0,-0.027758463968084787,0.0,0.030702839214694775,0.0,0.030717306484263466,0.0,0.0,0.03801514820021557,0.0,0.0,0.0,0.0,0.0
2012-11-30,0.0,0.0,0.0,0.0,0.0,0.0,-0.022661324284754137,0.03205650410857404,-0.02243618610963874,0.0,0.0,0.0,-0.03541826512883683,0.0,0.0,0.0,0.0,0.0,-0.04156064947711268,0.04696996009823777,0.0,0.0,0.0,0.0,0.029208886991004417,0.020701012862466672,0.044196543929542524,0.0,0.03913987965420406,0.0,0.0,0.04954757268456534,0.0,0.07424363465576155,0.0,0.0,0.0,0.02118243318747864,0.0,0.0,0.0,-0.03156527349269432,0.0,0.0,0.0,-0.0497057516371092,0.0,0.0,-0.028824926737973603,0.0,0.0,0.0,0.0,0.03554070127167502,0.01971565839240284,-0.02048664614788189,-0.020583427451165152,-0.03337150823636395,-0.02628899830711116,0.0,0.0,0.0,0.0,0.0,0.0,0.0,0.0,0.0,0.0,0.0,0.0,0.0,0.0,-0.0440439439762882,-0.020644252102090623,-0.024863409160242874,0.0,0.0,0.0,0.0,-0.025643990243271308,-0.027632207202681176,0.0,0.0,0.0,0.0,0.0,0.04114781347210764,0.0,0.0317538159210607,0.0,0.0,0.0,0.03886482307570271,0.0,0.0,0.0,0.0
2012-12-31,0.0,0.0,0.0,0.0,0.0,0.0,-0.02303519375893136,0.019914989751975438,-0.027669233978011576,0.0,0.0,0.0,-0.02484223585783869,0.0,0.0,0.0,0.0,0.0,-0.03201429935050328,0.05006068290575712,0.0,0.0,0.0,0.0,0.02232694280874324,0.0,0.02146581016037423,0.0,0.05437277193707769,0.057940238929024064,0.0,0.04043205623063234,0.0,0.07056235843553876,0.0,0.02282964867945635,0.0,0.0,0.0,0.0,0.0,-0.022448307819760323,0.0,0.0,0.0,-0.032631517184663936,0.0,0.0,-0.023917605739854974,0.0,0.0,0.0,0.0,0.03162475882728094,0.0,-0.02109073302345037,0.0,-0.0257394788613658,0.0,0.0,0.0,0.0,0.0,0.0,0.0,0.0,0.0,0.0,0.024902572134056628,0.0,0.0,-0.02824362308814949,0.0,-0.06034736696897238,0.0,-0.02270225357564124,0.0,0.0,0.026072120886462786,0.0,-0.026163692029098417,-0.036050110336034016,0.0,0.0,0.0,0.0,0.0,0.054141309595590666,0.0,0.03734323859864597,0.0,0.0,0.02873074235307874,0.030384106194029304,0.0,0.0,0.0,0.0
2013-01-31,0.0,0.0,0.0,0.018258057582910454,0.0,0.0,-0.020290608750567367,0.03048633842059088,-0.03913330836083016,0.0,0.0,0.0,-0.01925755144335338,0.0,0.0,0.0,0.0,0.0,0.0,0.10819045095499605,0.0,0.0,0.0,0.0,0.01992462498403669,0.019936815739814356,0.0,0.019588212250184117,0.0376148136599068,0.04447555959327012,0.024300367038033014,0.03660894681435512,0.0,0.048355471779142255,0.0,0.0517761963140212,0.0,0.0,0.0,0.0,0.0,-0.02290674129120936,0.0,0.0,0.0,-0.0372703721461274,0.0,0.0,-0.026388626969344693,0.0,0.0,0.0,0.0,0.021418554328336756,0.0,-0.01960741062398147,0.0,0.0,0.0,0.0,0.0,0.0,0.0,0.0,0.0,0.0,0.0,0.0,0.029087991096002467,0.0,0.0,0.0,0.0,-0.04603310956067146,0.0,0.0,0.017978408470374924,0.0,0.03578451757063068,0.0,0.0,-0.019700197274814608,0.0,0.0,0.0,0.0,0.0,0.05352579574028325,0.0,0.03844719737253386,0.0,0.0,0.018661879478309037,0.05669208919468818,0.0,0.018299785196679824,0.0,0.0
2013-02-28,0.02217372589059209,0.0,0.023513865635050635,0.02953230304921832,0.0,0.0,0.0,0.027043523006243065,0.0,0.0,0.0,0.01622974449839004,0.0,0.0,0.0,0.0,0.0,0.0,0.0,0.055765083569172154,0.0,0.0,0.017156072651839226,0.0,0.033783756089079374,0.03773552545859496,0.0,0.023834846687554083,0.02793047458834862,0.1158257468235373,0.02399751202097994,0.018424201766384398,0.0,0.032095612975268015,0.021135925769705008,0.04903145020126392,0.0,0.019417159577331113,0.0,0.0,0.0,0.0,0.0,0.0,0.0,0.0,0.0,0.0,0.0,0.0,0.0,0.0,0.0,0.0,0.0,0.0,0.0,0.0,-0.01587149779905489,0.0,0.0,0.0,0.0,0.0,0.0,0.0,0.0,0.0,0.02603015966265595,0.0,0.0,0.0,0.0,-0.029617897779143587,0.0,0.0,0.024339135721464806,0.0,0.0470276489241608,0.0,0.0,0.0,0.0,0.03182940277873031,0.0,0.016679053309109553,0.0,0.0621600222944095,0.0,0.04800547157099901,0.0,0.0,0.0,0.05798324253082559,0.016556305424029312,0.02927363194686444,0.0,0.0
2013-03-31,0.01626748455144122,0.0,0.035701629171339185,0.09471378004740469,0.0,0.0,0.0,0.03111538118952474,0.0,0.0,0.0,0.023738502816830247,0.0,0.0,0.0,0.0,0.0,0.0,0.0,0.018124509229238642,0.0,0.0,0.0,0.0,0.02731858400607287,0.023778270135220363,0.0,0.017803692340230076,0.02847668368974331,0.11168377862379947,0.024232285886011715,0.014189166824388444,0.0,0.025639101071020222,0.024135455113684336,0.06444752456858777,0.0,0.028797694475893434,0.0,0.0,0.0,0.0,0.0,0.0,0.022292919265417155,0.014222636789925325,0.0,0.0,0.0,0.0,0.0,0.0,0.0,0.0,0.0,0.0,0.0,0.0,0.0,0.0,0.0,0.0,0.0,0.0,0.0,0.0,0.0,0.0,0.027543947718182783,0.0,0.0,0.0,0.0,0.0,0.0,0.0,0.02764681690426454,0.014521492525680963,0.06057487773456525,0.0,0.0,0.0,0.0,0.030756008080553513,0.0,0.024162856437536146,0.0,0.04655331269969465,0.01897733746012138,0.0357294803415117,0.0,0.0,0.0,0.04424684523004802,0.0,0.022607945072067846,0.0,0.0
2013-04-30,0.02388432457565605,0.0,0.029795948478158255,0.0872012212754671,0.0,0.0,0.0,0.03609847773895174,0.0,0.0,0.0,0.018457232223348465,0.0,0.0,0.0,0.0,0.0,0.0,0.0,0.018089265623493767,0.0,0.0,0.0,0.0,0.0309179865113996,0.02962303933995279,0.0,0.020750113120626756,0.04667616355384495,0.035779208495723906,0.03437068019226728,0.0,0.0,0.034541521517036086,0.020800531277843926,0.07651475868770001,0.0,0.02451758427841221,0.0,0.0,0.0,0.0,0.0,0.0,0.0,0.0,0.0,0.0,0.0,0.0,0.0,0.0,0.0,0.0,0.0,0.0,-0.023264370479612016,0.0,-0.019724181704505524,0.0,0.0,-0.020690430557968046,0.0,0.0,0.0,0.0,0.0,0.0,0.022606807065561313,0.0,0.0,0.0,0.0,-0.02029485004614273,0.0,0.0,0.02591805209897493,0.019539725661295308,0.06593037799518713,0.0,0.0,0.0,0.0,0.02797059265442478,0.0,0.0,0.0,0.05127402666242468,0.0,0.027465139294256005,0.0,0.0,0.0,0.05567945412230039,0.020694870135680155,0.030929064631784305,0.0,0.0
2013-05-31,0.02039319996821239,0.025641515604492737,0.03383326851609201,0.019431625580422135,0.0,0.0,0.0,0.02914094515762626,0.0,0.0,0.0,0.0,0.0,0.0,0.0,0.0,0.0,0.0,0.0,0.0,0.0,0.0,0.0,0.0,0.03306153171263871,0.0377229685211255,0.0,0.03693550080544394,0.057829076447593275,0.053831257514510254,0.05706445861485306,0.02239334263355791,0.0,0.043108455427074345,0.022454088383149242,0.046939416177214976,0.0,0.04744169324476946,0.0,0.0,0.0,0.0,0.0,0.0,0.0,0.0,0.0,0.0,0.0,-0.017770191410527963,0.0,0.0,0.0,0.0,0.0,0.0,-0.029123338167099208,0.0,-0.024653896611074793,0.0,0.0,-0.022749898961314418,-0.02736494219085966,0.0,0.0,0.0,0.0,0.0,0.0,0.0,0.0,0.0,0.0,-0.01978707273463279,0.0,0.0,0.0,0.0,0.018677621928808973,0.0,0.0,0.0,0.0,0.039442793345171215,0.0,0.026343591104550035,0.0,0.040628924350539636,0.0,0.03342102235502778,0.0,0.0,0.0,0.06597624314888212,0.020637524036541288,0.026200595346193848,0.0,0.0
2013-06-30,0.018348225119026507,0.04119307319467712,0.04866659240659997,0.029970419928579555,0.0,0.0,0.0,0.05413942697650623,0.0,0.0,0.0,0.0,0.0,0.0,0.0,0.0,-0.01549732226300017,0.0,0.0,0.0,0.0,0.0,0.0,0.0,0.022777226223026557,0.02463432167902517,0.0,0.0,0.0,0.07448960234511116,0.0351518679344577,0.020700756944575273,0.0,0.03207949590052015,0.03317946591852097,0.05595289263717215,0.0,0.06974576166812614,0.0,0.0,0.0,0.0,0.0,0.0,0.0,0.0,0.0,0.0,0.0,0.0,0.0,0.0,0.0,0.0,0.0,0.0,-0.029876248061138973,0.0,-0.023782085194105587,0.0,0.0,-0.02312357857361,0.0,-0.016866168188017436,-0.017198753187294878,0.0,0.0,0.0,0.0,0.0,0.0,0.0,0.0,0.0,0.0,0.0,0.0,0.0,0.021826996370657662,0.0,0.0,0.0,0.0,0.02452280949372535,0.015905583435093306,0.024437561907041206,0.0,0.05255371408064385,0.0,0.03666996936029294,0.01937368227232315,0.0,0.0,0.05115512540349133,0.01901748756437604,0.047163785769263465,0.0,0.0
2013-07-31,0.026133110808115773,0.025696722274883413,0.05470008269953409,0.025957282504525257,0.0,0.0,0.0,0.07902401127025563,0.0,0.0,0.0,0.0,0.0,0.0,0.0,-0.04775732394546563,-0.03155640753089299,0.0,0.0,0.0,0.0,0.0,0.0,0.0,0.0,0.026111496208391108,0.0,0.0,0.0,0.03592415892712402,0.04151203960821859,0.02511592277878936,0.0,0.031221594239108738,0.0,0.02861874928470126,0.0,0.027552574112042785,0.0,0.0,0.0,0.0,0.0,0.0,0.0,0.0,0.0,0.0,0.0,0.0,0.0,0.0,0.0,0.0,0.0,0.0,-0.04069169982816688,-0.02317219777459359,-0.03913504693372252,0.0,0.0,-0.03036152854553498,0.0,-0.033290645210104226,-0.023325643183378535,0.0,0.0,-0.022771566337290425,0.0,-0.02433046780033687,-0.036722823082238704,0.0,-0.030550774425701716,-0.024411937148500488,0.0,0.0,0.0,0.0,0.0,0.0,0.0,-0.025462002415096892,0.0,0.03701334386456956,0.0,0.0,0.0,0.0364997537711662,0.0,0.028992674043041785,0.0,0.0,0.0,0.036386419444508204,0.0,0.0,0.0,0.0
2013-08-31,0.029478401787910388,0.028185566806020152,0.02532027230886498,0.02394083752987281,0.0,0.0,0.0,0.08333272763563929,0.0,0.0,0.0,0.020422775040951534,0.0,0.0,0.0,-0.030695037753746105,0.0,0.0,0.0,0.0,0.0,0.0,0.0,0.0,0.0,0.024533035005460658,0.0,0.0,0.0,0.030958319695093914,0.05552402788232605,0.04069942176839073,0.0,0.059708041202188165,0.02959612953010119,0.03324587021787277,0.0,0.03157836999942598,0.0,0.0,0.026346937559694153,0.0,0.0,0.0,0.0,0.0,0.0,0.0,-0.022593483728647848,0.0,0.0,0.0,0.0,0.0,0.0,0.0,-0.04371134664539585,-0.030611172435546258,0.0,0.0,0.0,-0.022708030967437655,0.0,-0.031792801844146734,0.0,0.0,0.0,-0.0194483738046681,0.0,0.0,0.0,0.0,-0.024646223003252248,-0.025907880112920008,0.0,0.0,0.0,0.0,0.025561110011617864,0.0,-0.02063914453195203,0.0,0.0,0.03300036129810157,0.0,0.0,0.0,0.0499746743744546,0.0,0.029264526440381973,0.0,0.0,0.0,0.046575099077918534,0.0,0.0,0.0,0.0
2013-09-30,0.0,0.01973651936509717,0.02869789503755066,0.03165534227149573,0.0,0.0,0.0,0.19185637561275992,0.0,0.0,0.023808303186518828,0.0,0.0,0.0,0.0,-0.024038938956327745,0.0,0.0,-0.021853629477836388,0.0,0.0,0.0,0.0,0.0,0.0,0.0,0.0,0.0,0.0,0.02755413540588429,0.05061557853306623,0.027714107885339356,0.0,0.05200044089222531,0.02523270586544192,0.03266721258301162,0.0,0.03372804636064658,0.0,0.0,0.04178191500526923,0.023595890221999222,0.0,0.0,0.01651396772132112,0.0,0.0,0.02145673389514736,0.0,0.0,0.0,0.0,0.0,0.0,0.0,0.0,-0.030754005854391323,-0.027803927853617124,-0.01948049933270801,0.0,0.0,-0.01904487955516565,0.0,-0.01807401985524382,0.0,0.0,0.0,0.0,0.0,0.0,0.0,0.0,-0.016142090990904422,-0.025870320955623874,0.0,-0.01619712482872117,0.0,0.0,0.0,0.0,-0.018226592095218857,0.0,0.0,0.0,0.0,0.0,0.0,0.06000866190352045,0.0,0.0220433424096641,0.0,0.0,0.0,0.0318467960882826,0.0,0.0,0.0,0.0
2013-10-31,0.0,0.01975478766892106,0.04077923379143193,0.036778627518714795,0.0,0.0,0.0,0.11303737455730974,0.0,0.0,0.0,0.0,0.0,0.0,0.0,0.0,0.0,0.0,0.017622400803293775,0.0,0.0,0.0,0.0312938519801136,0.0,0.0,0.0,0.0,0.0,0.0,0.03459059870449868,0.05107102610775122,0.029980380357906854,0.0,0.042896274431679524,0.02316598353309507,0.026369171019055223,0.03099651551482854,0.03121305649990175,0.0,0.0,0.03853019821317024,0.01779698149877294,0.0,0.02569495813364688,0.031174260631361243,0.017758203946267162,0.0,0.025461512639634816,0.0,0.0,0.0,0.0,0.0,0.0,0.0,0.0,-0.025898870868707614,-0.03067111354687142,-0.018129060449203586,0.0,0.0,0.0,0.0,0.0,0.0,0.0,0.0,0.0,0.0,0.0,0.0,0.0,0.0,0.0,0.0,-0.018550372550337663,0.02071444549872899,0.02527715446813312,0.019027483307816062,0.0,0.0,0.0,0.0,0.0,0.0,0.0,0.0,0.07182806348692605,0.0,0.027902994463952908,0.0,0.0,0.0,0.056035043807967505,0.0,0.0,0.0,0.0
2013-11-30,0.0,0.0,0.03677864092430046,0.07155863845022707,0.0,0.0,0.0,0.06217834724756312,0.0,0.0,0.0,0.026529537095591645,0.0,0.0,0.02087466613878537,0.0,0.0,0.0,0.026571956298574038,0.0,0.0,0.0,0.03585374824171433,0.0,0.0,0.0,0.0,0.0,0.0,0.04338409711271617,0.050013972171594055,0.027064138502315302,0.0,0.032107880209719365,0.025184352418440897,0.026874462072526577,0.03376381728954473,0.022938223141048843,0.0,0.020476390606360185,0.039699936509033265,0.0,0.0,0.0,0.03759909983330103,0.02105054345429852,0.0,0.026484767624472636,0.0,0.0,0.0,0.0,0.0,0.0,0.0,0.0,0.0,-0.023044503115783117,0.0,0.0,0.0,0.0,0.0,0.0,0.0,0.0,0.0,0.0,0.0,0.0,0.0,0.0,0.0,0.0,0.0,0.0,0.027308792049007897,0.039855104113135094,0.02834285939208206,0.0,0.0,0.0,0.0,0.02136137867545357,0.0,0.0,0.0,0.07135960160465178,0.0,0.02680109241533003,0.0,0.0,0.0,0.03364356207340814,0.020703089307976957,0.02059280191104398,0.0,0.0
2013-12-31,0.0,0.0,0.027554591630204562,0.03613163521360355,0.0,0.0,0.0,0.04403612070334306,0.0,0.0,0.02560501235471291,0.01869674580837385,0.0,0.0,0.0,0.0,0.0,0.0,0.026314652036580913,0.0,0.0,0.0,0.030042287636312146,0.0,0.0,0.0,0.0,0.0,0.0,0.04227227217044588,0.04989910138469089,0.025506740513590233,0.0,0.03128692120161955,0.02595412492770552,0.021012749019693484,0.036337282912976644,0.0,0.0,0.0,0.05131380575344818,0.0,0.026219510065694552,0.0,0.04168854277654732,0.02138423665189898,0.0,0.019695492290167017,0.0,-0.018493605161522115,0.0,0.0,0.0,0.0,0.0,0.0,0.0,-0.02997492947173591,0.0,0.0,0.0,0.0,0.0,0.0,0.0,0.0,0.0,0.0,0.0,0.0,0.0,0.0,0.0,0.0,0.0,0.0,0.02140627876221265,0.03352875787272815,0.025918746971568114,0.0,0.0,0.0,0.0,0.022135655850055155,0.0,0.0,0.0,0.15220010490280833,0.028071733322206197,0.023722973468280336,0.0,0.0,0.0,0.025311341439459612,0.018284047725814125,0.0,0.0,0.0
2014-01-31,0.0,0.0,0.02002776910662226,0.026134916170006198,0.0,0.0,0.0,0.027937909717015857,0.0,0.0,0.0,0.0,0.0,0.0,0.0,0.0,0.0,0.0,0.03164631325294872,0.0,0.0,0.018566558806459337,0.030684604887514157,0.0,0.0,0.0,0.0,0.0,0.0,0.0526550716388879,0.04399511474887035,0.021385105521529568,0.0,0.0,0.028186439568006417,0.023760817811832508,0.0377204803059282,0.02186443200892514,0.0,0.0,0.02392933924813841,0.0,0.0,0.0,0.036263487817750004,0.02286097445776558,0.0,0.0,0.0,0.0,0.0,0.0,0.0,0.0,0.0,-0.01893805486892371,0.0,-0.02601436890174319,0.0,0.0,0.0,0.0,0.0,0.0,0.0,0.0,0.0,0.0,0.0,0.0,0.024026544642872145,0.0,0.0,0.0,0.0,0.0,0.021088978588403563,0.02995541932425441,0.02337467699397542,0.0,0.0,0.0,0.0,0.02797121851746177,0.0,0.027420187848432555,0.0,0.1850343145813436,0.029249214106222266,0.02572381399048597,0.0,0.0,0.0,0.02449069370695064,0.033282543225682255,0.035810635635047834,0.0,0.0
2014-02-28,0.0,0.0,0.0,0.026842798540731527,0.0,0.0,0.0,0.04199513142568658,0.0,0.0,0.0,0.0,0.0,0.0,0.0,0.0,0.0,0.0,0.0,0.0,0.0,0.0,0.0,0.0,0.02005469289772983,0.0,0.04201365546768608,0.0,0.0,0.0608953203260765,0.06154346585177826,0.02797106652975179,0.0,0.024703734898846322,0.027706934414779,0.02031257334398208,0.029341145294273247,0.0,0.0,0.0,0.028170458739389614,0.0,0.0,0.0,0.056838346036354695,0.031511749769332575,0.0,0.0,0.0,-0.028028169611906396,0.0,0.0,0.0,0.0,0.0,-0.023340679062610732,0.0,-0.01890811468514449,-0.018572909746743478,0.0,0.0,0.0,-0.024027817348179745,-0.019668801261443884,0.0,0.0,0.0,0.0,0.0,0.0,0.0,0.0,0.0,0.018915737947671943,0.032833265578672825,0.0,0.0,0.0,0.019219186834521788,0.0,0.0,0.0,0.0,0.02013326909491814,0.020993985640665673,0.03625352685160718,0.0,0.09219160654062482,0.0,0.02031769758977975,0.0,0.0,0.0,0.0,0.07468109732977224,0.032013061339338844,0.0,0.0
2014-03-31,0.0,0.0,0.0,0.026888118149949774,0.0,0.0,0.0,0.019361939427326863,0.0,0.0,0.02692597706695929,0.0,0.0,0.0,0.0,0.0,0.0,0.0,0.0,0.0,0.0,0.0,0.0,0.0,0.0,0.0,0.0352612275251033,0.0,0.0,0.07446380137199705,0.08592944663100559,0.04400127550344581,0.0,0.026717346410074987,0.020531148077618685,0.0,0.030080457863044502,0.0,0.03825721228835703,0.0,0.025862018011123283,0.0,0.0,0.0,0.06677934265473041,0.03623827380396464,0.0,0.020514366580532274,0.0,-0.02518243729664482,0.0,0.0,0.0,0.0,0.0,0.0,0.0,0.0,0.0,0.0,0.0,0.0,-0.019817667226467783,-0.020711055534791398,0.0,0.0,0.0,0.0,0.0,0.0,0.0,0.0,0.0,0.02322753682991381,0.03331938028366821,0.0,0.0,0.01869219780689762,0.018076165365839343,0.0,0.0,0.0,0.0,0.026676199925246065,0.021715651678968582,0.041543260501099785,0.0,0.054577814880423986,0.02080201666492028,0.021059291999508678,0.0,0.0,0.0,0.0,0.04864946294329661,0.028137909697079425,0.0,0.0
2014-04-30,0.0,0.0,0.0,0.022334144607195162,0.0,0.06086223069658481,0.0,0.0,0.0,0.0,0.030125337984471708,0.0,0.0,0.0,0.0,0.0,0.0,0.0,0.0,0.0,0.0,0.0,0.0,0.0,0.0,0.0,0.02732714712537239,0.0,0.0,0.08774533783106495,0.09258246768852901,0.04047204251244728,0.034203259909886076,0.020901162085813624,0.027762035416090947,0.0,0.025378623679962957,0.0,0.030995780781387497,0.020470519283066847,0.025392342840102212,0.0,0.0,0.0,0.06298621028175945,0.0337062784049442,0.0,0.022531698751216047,0.0,-0.021141647801526296,0.0,0.0,0.0,0.0,0.0,0.0,0.0,0.0,0.0,0.0,0.0,0.0,0.0,-0.01959981555195183,0.0,0.0,0.0,0.0,0.0,0.0,0.0,0.0,0.0,0.02850101747581054,0.03700135171084052,0.0,0.0,0.0,0.02037765180377007,0.0,0.0,0.0,0.0,0.020498811570485376,0.019882829274004334,0.03145847543787745,0.0,0.04068081127022106,0.02041077735583396,0.020605219711149442,0.0,0.0,0.0,0.0,0.026759520578752007,0.027305450577881817,0.0,0.0
2014-05-31,0.0,0.0,0.0,0.021442875154325015,0.0,0.07135808203345284,0.01715707216759682,0.0,0.0,0.0,0.03574011232605693,0.0,0.0,0.022298096454672733,0.0,0.0,0.0,0.0,0.0,0.0,0.0,0.0,0.017740020909957462,0.0,0.019062591562978144,0.0,0.035779468517377795,0.0,0.0,0.09593258330227579,0.06352327131143269,0.04342143189722255,0.036317330380791324,0.022107927231772788,0.033680603959281956,0.0,0.025125598576163245,0.0,0.024372410340272554,0.021494537796509075,0.028074656844027903,0.026668621994794986,0.0,0.0,0.0514291291407815,0.03135426958949933,0.0,0.033869081527588635,0.0,0.0,0.0,0.0,0.0,0.0,0.0,0.0,0.0,0.0,0.0,0.0,0.0,0.0,0.0,-0.017883275609229445,0.0,0.0,0.0,0.0,0.0,0.0,0.0,0.0,0.0,0.042836059593878394,0.030543100699442778,0.0,0.0,0.0,0.0,0.0,0.0,0.0,0.0,0.019425528847077045,0.0,0.030335196180522613,0.0,0.04475460043117867,0.018156093465452366,0.01811637215438671,0.0,0.0,0.0,0.0,0.0,0.0,0.0,0.0
2014-06-30,0.0,0.0,0.016293597837229213,0.028193662382586714,0.0,0.07586144001997176,0.022469236314823702,0.0,0.0,0.0,0.028237696772896656,0.0,0.0,0.01848112928020451,0.0,0.0,0.0,0.0,0.0,0.0,0.0,0.0,0.0,0.01655971679233838,0.023308352399739017,0.0,0.03935186916650378,0.0,0.0,0.08112835669825788,0.07351735507010751,0.0594035832731879,0.03471260071003021,0.0253708993486529,0.02786972546180613,0.01576230883285814,0.025974877207114663,0.0,0.027733688195734484,0.03598297828655602,0.026516791045595497,0.032407959824445554,0.0,0.0,0.04805350269363021,0.03564439514827653,0.0,0.030856020356722243,0.0,0.0,0.0,0.0,0.0,0.0,0.0,0.0,0.0,0.0,0.0,0.0,0.0,0.0,0.0,0.0,-0.015793018386532798,0.0,0.0,0.0,0.0,0.0,0.0,0.0,0.0,0.03335336134739414,0.018317826909517866,0.0,0.0,0.0,0.0,0.0,0.0,0.0,0.0,0.01730794957588889,0.0,0.029944294650767107,0.0,0.03559180601062971,0.0,0.0,0.0,0.0,0.0,0.0,0.0,0.0,0.0,0.0
2014-07-31,0.0,0.0,0.02219909165953476,0.0331053997897387,0.0,0.073442545248611,0.021171667071349303,0.0,0.0,0.0,0.04532208245158136,0.0,0.0,0.020233511652302905,0.0,0.0,0.0,0.0,0.0,0.0,0.014646099769287064,0.0,0.0,0.0,0.01905122781892908,0.0,0.03867142421788136,0.0,0.0,0.07578794123657413,0.060162309737694715,0.05107961982816322,0.04938868669891963,0.014775215325086181,0.0,0.0,0.016734151610003623,0.0,0.022119434054540383,0.02354959476847973,0.02670016744393112,0.041201643108232926,0.0,0.014732589225489728,0.044917007357541075,0.03668700928228775,0.0,0.024278407933572225,0.0,0.0,0.0,0.0,0.0,0.0,0.0,0.0,0.0,0.0,0.0,0.0,0.0,0.0,0.0,0.0,0.0,0.0,0.0,0.0,0.0,0.0,0.0,0.0,0.0,0.04550055576014603,0.0303243387259427,0.0,0.0,0.0,0.0,0.0,0.0,0.0,0.0,0.020209868665299714,0.01628038597370671,0.05830655353486399,0.0,0.02470051808213727,0.014720951968171503,0.0,0.0,0.0,0.0,0.0,0.0,0.0,0.0,0.0
2014-08-31,0.0,0.0,0.03297807194545613,0.026367784011292368,0.0,0.06313947350289036,0.022834390840296682,0.0,0.03132694600199778,0.0,0.04190207043591185,0.0,0.0,0.0,0.0,0.0,0.0,0.0,0.047529767411114594,0.0,0.024240755560167266,0.0,0.0,0.0,0.01870813289512208,0.0,0.04252353624041806,0.019347503015898097,0.0,0.07599742160794656,0.03817601701434764,0.02977762155050495,0.024429050437187468,0.0,0.0,0.0,0.020116445797776085,0.0,0.028854871090468533,0.0,0.027396666799479847,0.02261077167235639,0.0191989453415121,0.0,0.02312930424156157,0.0239649765817345,0.0,0.019241644262233782,0.0,0.0,0.0,0.0,0.0,0.0,0.0,0.0,0.0,0.0,0.0,0.0,0.0,0.0,0.0,0.0,0.0,0.0,0.0,0.025685677215692718,0.0,0.0,0.0,0.0,0.0,0.06318370233454518,0.0426301519767966,0.0,0.01780843485289382,0.0,0.0,0.0,0.0,0.0,0.0,0.0,0.024377602951513574,0.058971069465513413,0.0,0.04355119294536989,0.0,0.0,0.0,0.0,0.0,0.0,0.0,0.0,0.0,0.0
2014-09-30,0.0,0.0,0.02172073633421657,0.029211236583057187,0.022667517663170267,0.0671880494051242,0.01893978809599607,0.0,0.02508967688570859,0.0,0.03963229922792607,0.0,0.0,0.0,0.0,0.0,0.02313309675892501,0.0,0.03359965696742935,0.0,0.02479841589286172,0.0,0.0,0.0,0.0,0.0,0.036125450420853744,0.0,0.0,0.055168676170591215,0.03407143327554447,0.024086596031194816,0.019077117998674214,0.0,0.0,0.0,0.0,0.0,0.02695357533788352,0.0,0.03376059131405351,0.023927939235202887,0.018600181294678123,0.0,0.03232739516992182,0.028868397148689637,0.0,0.02321868973990881,0.02525913803097844,0.0,0.0,0.0,0.0,0.0,0.0,0.0,0.0,0.0,0.0,0.0,0.0,0.0,0.0,0.0,0.0,0.0,0.0,0.0,0.0,0.0,0.0,0.0,0.0,0.05734819122412896,0.045014613538834916,0.0,0.0,0.0,0.0,0.0,0.0,0.0,0.0,0.023777773537516256,0.04151542537894674,0.07270837894070585,0.0,0.04871175270905465,0.0,0.0,0.0,0.0,0.023498209688222343,0.0,0.0,0.0,0.0,0.0
2014-10-31,0.0,0.0,0.0,0.023635463550170946,0.0,0.04815507635421244,0.0,0.0,0.0,0.0,0.03547305947358931,0.0,0.0,0.0,0.0,0.0,0.0,0.0,0.059989403881332455,-0.02011340101017811,0.0,0.0,0.017279369932049416,0.0,0.0,0.0,0.022890496881221585,0.0,0.0,0.06005152092177741,0.04091144974272338,0.02434272313465945,0.018798835412817495,0.0,0.0,0.0,0.017562952069423605,0.0,0.03026489877685388,0.0,0.026084350460660932,0.02205562351715916,0.0,0.0,0.03905938257645954,0.041793678631998475,0.0,0.03938086581853044,0.0,0.0,0.0,0.0,0.0,0.0,0.0,0.0,0.0,0.0,0.0,0.0,0.0,0.0,0.0,0.0,0.0,0.0,0.028040375407468284,0.0,0.0,0.0,0.0,0.0,0.0,0.05210014861061823,0.04990955368389814,0.0,0.022828283164448515,0.01905602620491842,0.0,0.0,0.0,0.0,0.0,0.021262693339525872,0.046271989601946256,0.06394296499352523,0.0,0.04281423226820985,0.0,0.0,-0.018343908876294463,0.0,0.0308395998783551,0.0,0.0,0.01674767182497371,0.0,0.0
2014-11-30,0.0,0.0,0.0,0.022939304205178732,0.0,0.03391782616183567,0.0,0.0,0.0,0.0,0.05037715187422237,0.0,0.0,0.0,0.0,0.0,0.0,0.0,0.0716788735263762,-0.021216551510571807,0.0,0.0,0.020617184679870827,0.0,0.022687056734502987,0.0,0.029813082435200797,0.0,0.019769592008580795,0.05868501889728744,0.04696338270578045,0.020584954845582107,0.033685533577342885,0.0,0.0,0.0,0.0,0.0,0.022854317140553,0.0181002961658891,0.01586026987266156,0.0,0.0,0.0,0.026349846285915333,0.0,0.0,0.0,0.0,0.0,0.0,0.0,0.0,0.0,0.0,-0.016663094020198752,0.0,0.0,0.0,0.0,0.0,0.0,0.0,0.0,0.0,0.0,0.046146922518839284,0.0,0.0,0.0,0.0,0.0,0.0,0.07456742997645187,0.06252145484272975,0.0,0.026806346155224547,0.0248782025967712,0.0,0.0,0.0,0.0,0.0,0.02154203264581467,0.05823646433477564,0.04796315794785726,0.0,0.01654769274600648,0.0,0.0,-0.023709051296526996,0.0,0.028322471843984256,0.0,0.0,0.0,-0.01599543644746744,0.0
2014-12-31,0.0,0.0,0.0,0.016597714211002184,0.0,0.020255087096783257,0.0,0.0,0.0,0.0,0.0,0.0,0.0,0.0,0.0,0.0,0.0,0.0,0.05768811294802894,-0.019251057523534867,0.0,0.0,0.014261738831392371,0.0,0.021710277382372845,0.0,0.02853208809070503,0.0,0.019442595665745622,0.059348508537114916,0.0466390397862126,0.017969359427443436,0.03374055274626754,0.0,0.018231837405459597,0.013187292198141163,0.019302003972374877,0.0,0.027184629797612415,0.0,0.0,0.0,0.0,0.0,0.0,0.0,0.0,0.0,0.0,0.0,0.0,0.0,0.0,0.0,0.014838441603577624,0.0,0.0,0.0,0.0,0.0,0.0,0.0,0.0,0.0,0.0,0.0,0.058884886517736726,0.0,0.0,0.0,0.0,0.0,0.0,0.09590203143952582,0.05728818993626332,0.0,0.02971426488485096,0.027249724843210123,0.0,0.0,0.0,0.0,0.0,0.02187675917425823,0.06615342634378144,0.06403678665976498,0.0,0.0,0.022271615616025944,0.0,0.0,0.0,0.04394328408524927,0.017380033716244296,0.03306177975303837,0.014056879806281182,0.0,0.0
2015-01-31,0.0,0.0,0.0,0.019970276627725356,0.0,0.026065152168147452,0.0,-0.016716944407637175,0.0,0.0,0.017452346701002264,-0.020134734930010036,0.0,0.0,0.0,-0.01844581255705645,0.0,0.0,0.023668600163537303,-0.02912538423725239,0.0,0.0,0.0,0.0,0.029684231857742077,0.0,0.0,0.0,0.0,0.07158125373003871,0.0536286873216091,0.01762368838242957,0.05206622187793319,0.0,0.022979499793318946,0.019139910935761475,0.01695617010285121,0.0,0.034663616951365314,0.0,0.0,0.0,0.0,0.0,0.0,0.0,0.0,0.0,0.0,0.0,0.0,0.0,0.0,0.0,0.0,0.0,0.0,0.0,0.0,-0.029837905293916226,0.0,0.0,0.0,0.0,0.0,0.0,0.07874230653522417,0.0,0.0,-0.019486571707661295,0.0,0.0,-0.019554305614266555,0.06975986227266268,0.0510616689344372,0.0,0.0,0.0,0.0,0.0,0.0,0.0,0.0,0.019242808256552297,0.05773389911565716,0.041565364592987736,0.0,0.0,0.019666130311262832,0.0,0.0,0.0,0.03746070992320891,0.022380880235245988,0.04360505446149888,0.0,0.0,0.0
2015-02-28,0.0,0.0,0.0,0.0,0.0,0.021447257244965375,0.0,-0.018562557847624575,0.0,0.0,0.0,-0.021673863891269282,0.0,0.0,0.0,-0.018705379144685747,0.0,0.0,0.0,-0.02537598288451223,0.0,0.0,0.0,0.0,0.018635096713131537,0.0,0.0,0.0,0.0,0.06629784656631914,0.061863626368401134,0.015962215992525335,0.07644688472014917,0.0,0.02345820788959207,0.020229586306652187,0.019644068009406768,0.0,0.0285170875647158,0.0,0.0,0.0,0.0,0.0,0.0,0.0,0.0,0.0,0.0,0.0,0.0,0.0,0.0,0.0,0.0,0.0,0.0,0.0,0.0,-0.02318051326532865,0.0,0.0,0.0,0.0,0.0,0.0,0.033233045597473,-0.018599784526925775,0.0,-0.02785408638142743,0.0,-0.015126906385215142,-0.05671310218536626,0.08539637116492843,0.04640012483678543,-0.019854719200132143,0.0,0.0,0.0,0.0,0.0,-0.026676764994888528,0.0,0.0,0.06344979815809,0.026505256921146466,0.0,0.0,0.0,0.0,0.01711769562589216,0.0,0.038692678997711505,0.025189013808700634,0.0391904768060381,0.0,0.0,0.0
2015-03-31,0.0,0.0,0.0,0.0,0.0,0.02136033442939149,0.0,0.0,0.0,0.0,0.0,-0.018445708618527627,0.0,0.0,0.0,-0.04910979825005134,0.0,-0.016756389535472416,0.0,-0.02656978887232664,0.0,0.0,0.0,0.0,0.02078604527792163,0.02393228192211721,0.0,0.0,0.0,0.06188982478708484,0.0884969860532651,0.022115377722620035,0.08122376758085936,0.0,0.03230604125470222,0.03860327127068888,0.023653543861448967,0.0,0.04173542297819222,0.0,0.0,0.0,-0.01332983948182647,0.0,0.0,0.0,0.0,0.0,0.0,0.0,0.0,0.0,0.0,0.0,0.016659922903237423,0.0,0.0,0.0,0.0,-0.017572437568852343,0.0,0.0,0.0,0.0,0.0,0.0,0.021470776151562388,0.0,0.0,0.0,0.0,0.0,-0.026293647602980624,0.0687328903493297,0.0503246754768993,-0.016756172505180907,0.0,0.0,0.0,0.0,0.0,0.0,0.0,0.0,0.05777822611296979,0.02506719208450472,0.0,0.0,0.0,0.0,0.019513787740591034,0.0,0.030658375643699876,0.02501338143489284,0.03127618823418394,0.012567904294618824,0.0,0.0
2015-04-30,0.0,0.0,0.0,0.0,0.0,0.019987484655458354,0.0,0.0,-0.01635660639433971,0.0,0.0,-0.021201712360308947,-0.021917113424151948,0.0,-0.01687350133980107,-0.05894997839812705,0.0,-0.02575671037104124,0.0,-0.0345616324522072,0.0,0.0,0.0,0.0,0.0298284686729286,0.04368979242346643,0.0,0.0,0.0,0.05107064460251823,0.0969823459213878,0.016007242827891854,0.05738006016614791,0.0,0.042873182762227235,0.03812981139797175,0.020126264602493716,0.0,0.04741427336239987,0.0,0.0,0.0,-0.024112921154987203,0.0,0.0,0.0,0.0,0.0,0.0,0.0,0.0,0.0,0.0,0.0,0.0,0.0,0.0,0.0,0.0,-0.02315771837920047,0.0,0.0,0.0,0.0,0.0,0.0,0.0,0.0,0.0,0.0,0.0,-0.015525055126899287,-0.0324869277299742,0.030186027747157347,0.021411334975842446,-0.025713227198611858,0.0,0.0,0.0,0.0,0.0,-0.01930154641318283,0.0,0.0,0.05644212521978682,0.025103167539831633,0.0,0.0,0.0,0.0,0.0,0.0,0.02419147838001158,0.0,0.04326164399964541,0.0,0.0,0.0
2015-05-31,0.0,0.0,0.0,0.017032172192883978,0.0,0.029452015976022018,0.0,0.0,0.0,0.0,0.0,0.0,0.0,0.0,0.0,-0.019381243532584837,0.0,0.0,0.0,-0.021109525832245523,0.0,0.0,0.0,0.0,0.03252100059824152,0.04912111573981884,0.0,0.0,0.022322973791946574,0.05389260800457301,0.10137244357817773,0.02266436677404744,0.07052144243281051,0.0,0.014911258209662466,0.01736696173487349,0.0,0.0,0.13729076237681473,0.0,0.0,0.027979275782117386,0.0,0.0,0.0,0.0,0.0,0.0,0.0,0.0,0.0,0.0,0.0,0.015826408932723097,0.023351671139179048,0.0,0.0,0.0,0.0,0.0,0.0,0.0,0.0,-0.015214305024615205,0.0,0.0,0.023422986919557805,0.0,0.02235402834251867,0.0,0.0,0.0,0.0,0.030855343329444087,0.024708259281300993,-0.019027205928197725,0.0,0.0,0.0,0.0,0.0,-0.014441760488161658,0.0,0.0,0.03675808402793189,0.033478244999085284,0.0,0.01871932720160745,0.0,0.0,0.0,0.0,0.02860660993922985,0.0,0.03890768950404894,0.01738890838557838,0.0,0.0
2015-06-30,-0.020949158200027677,0.0,0.0,0.0,0.0,0.04163550432465072,0.0,0.0,-0.018803101374267803,0.0,0.02736410261439904,-0.0251244113219183,0.0,0.0,0.0,-0.02846664144689601,0.0,0.0,0.0,-0.033348433637915675,0.0,0.0,0.0,0.0,0.030752767199698324,0.05319454935622441,0.0,0.0,0.0,0.07425227061622788,0.10994702296422845,0.0,0.049972241963081566,0.0,0.0,0.0,0.0,0.0,0.0537202042775429,0.0,0.0,0.0208748158363015,-0.020175004938367814,0.0,0.0,0.0,0.0,0.0,0.0,0.0,0.0,0.0,0.0,0.018363349501782634,0.02956195921991913,-0.01845106857256548,0.0,0.0,0.0,0.0,0.0,0.0,0.0,0.0,-0.019225061063579525,0.0,0.0,0.0,0.0,-0.018379901264564645,0.0,0.0,0.0,0.01998761654001116,0.0,-0.024993752035029855,0.0,0.0,0.0,0.0,0.0,-0.018251884331017803,0.0,0.0,0.050408217985303115,0.025056857692549454,0.0,0.024381346657110132,0.0,-0.02057301502362283,0.0,0.0,0.0340690519189153,0.0,0.047664316732097076,0.022052371390183897,0.0,0.0
2015-07-31,0.0,0.0,0.0,0.0,0.0,0.0396897532689641,0.0,0.0,0.0,0.0,0.0,-0.02810371712752536,0.0,0.0,0.0,-0.02812572280210526,0.0,0.0,0.0,-0.03944512148336157,0.0,0.0,0.0,0.0,0.05335374313559206,0.03364649433959771,-0.02537981333137456,0.0,0.0,0.054595640040519026,0.08018891389411732,0.0,0.054634518946888186,0.0,0.020477888315025863,0.02564197452910628,0.01962373079868222,0.0,0.05595402036345316,0.0,0.0,0.0,-0.01978036704327646,0.0,0.0,0.0,0.0,0.0,0.0,0.0,0.0,0.0,0.0,0.0,0.0,-0.02213741124907188,0.0,0.0,0.0,0.0,0.0,0.0,0.0,-0.020424415270879,-0.02904407526925665,0.0,0.0,0.0,0.0,-0.02137844189988116,0.0,0.0,0.0,0.0,0.0,-0.02794421345034058,0.0,0.021510418307749402,0.0,0.0,0.0,-0.021265589476545988,0.0,0.0,0.046950582361556116,0.027735913903359014,0.0,0.033126060290253084,0.03176243466674482,-0.02261576601226498,0.0,0.0,0.041953639209133246,0.02239604616912555,0.031113573044249394,0.0,0.0,0.0
2015-08-31,-0.035504553649867765,0.0,0.0,0.0,0.0,0.0,0.0,0.0,0.0,0.0,0.0,-0.027568648078256874,0.0,-0.027703321525035064,0.0,-0.036542388273411525,0.0,0.0,0.0,-0.04300425247270679,0.0,0.0,0.0,0.0,0.032756893695278275,0.0,-0.03250010881551184,0.0,0.0,0.041385053359547085,0.052562563380201266,0.0,0.0,-0.029875990847462598,0.035213074068561175,0.039352210818984684,0.0,0.0,0.0,0.0,0.0,0.0,-0.03557745639611389,0.0,0.0,-0.02618989290561111,0.0,0.0,0.0,0.0,0.0,0.0,-0.0377849490808017,0.0,0.0,-0.0400726737362173,-0.028069032084935785,-0.034550139921972076,0.0,0.0,0.0,-0.03265239944410851,-0.02870157894194165,-0.027753198272603325,-0.03860294288898261,-0.028593772722682844,0.0,0.0,0.0,0.0,0.0,-0.027354391771845968,0.0,0.0,0.0,-0.027555636016879326,0.0,0.0,0.0,-0.029714941735461055,0.0,-0.025906832159576194,0.0,0.0,0.030048476548642133,0.0,0.0,0.0,0.0,-0.03500533272872833,0.0,0.0,0.0,0.0,0.03189729365807115,0.0,0.0,0.0
2015-09-30,-0.04368403964893294,-0.03276524224452032,0.0,0.0,0.0,0.0,0.0,0.0,0.0,0.0,0.0,0.0,0.0,-0.029045453668226882,0.0,-0.03599343207816695,0.0,0.0,0.0,-0.04248631093697744,0.0,0.0,-0.02568766539114779,0.0,0.0,0.0,-0.029975372244002017,0.0,0.0,0.0,0.03033258283614451,0.0,0.0,-0.03097203991739034,0.0,0.0,0.040853228131672775,0.0,0.0,0.0,-0.028320544956563207,0.0,-0.029808939312055856,0.0,-0.02458056667572481,-0.026380707401568955,0.0,0.0,0.0,0.0,-0.05589961526177949,0.0,-0.02951733570685005,0.0,0.0,-0.029588938725338257,0.0,-0.028752798787542146,0.0,0.0,0.0,0.0,0.0,0.0,0.0,0.0,0.0,0.0,0.0,-0.029798713390984118,-0.02567964183095014,-0.033828585127924804,0.0,-0.02583322662789531,-0.02699867508793269,0.0,0.0,0.0,0.0,-0.034352785263932956,0.0,-0.0296496133703556,0.0,-0.03201906849819654,0.03146209654210854,0.0,0.0,0.0,0.0,-0.048558243754333916,0.0,0.0,0.0,0.0,0.05167086824292381,0.03550366833785687,0.0,0.0
2015-10-31,-0.052491899838198075,-0.03736534574671967,0.0,0.0,0.0,0.0,0.0,0.0,-0.02661035277203162,0.0,0.0,0.0,0.0,-0.03856328084689855,0.0,-0.030312018611734003,0.0,0.0,0.0,-0.03840259007925077,-0.03457989962241948,-0.028259753539229236,-0.03339088131079217,0.0,0.0,0.0,-0.05327681390259794,0.0,0.0,0.0,0.0,-0.028722377109140267,0.0,-0.033825975537929494,0.0,0.0,0.0,0.0,0.0,0.0,-0.032970810100639084,-0.02634076602270413,-0.03155659395151164,0.0,0.0,-0.026183252720800694,0.0,0.0,0.0,0.0,0.0,0.0,-0.027085074878399583,0.0,0.0,-0.03467757133257339,0.0,-0.029178723888276078,0.0,0.0,0.0,0.0,0.0,0.0,0.0,-0.030605478920395977,0.0,0.0,0.0,-0.027979150426325507,-0.03369000214785455,-0.037147604592162646,0.0,0.0,-0.031194902633866407,0.0,-0.026416656029258065,0.0,-0.02665218333038042,-0.02613789982201329,0.0,0.0,0.0,-0.0356575835906861,0.0,0.0,0.0,0.0,0.0,-0.041252061855313465,0.0,0.0,0.0,0.0,0.03947249483989774,0.0,0.0,0.0
2015-11-30,0.0,0.0,0.0,0.0,0.0,0.0,-0.023182867085774356,-0.03749113175929677,0.0,0.0,0.0,0.0,-0.024391527471881808,0.0,0.0,-0.043467329981190295,-0.0313827597034765,-0.024149817775453854,0.0,-0.042801437570310956,-0.023069169297819086,0.0,-0.029211632553428485,-0.03455084888934325,0.0,0.0,-0.03655071534796518,-0.024345551922768195,0.0,0.0,0.0,0.0,0.0,-0.028359432606369372,0.0,0.0,0.0,0.0,0.0,0.0,-0.036385899113608816,-0.04923356765301387,-0.04685749100408438,0.0,0.0,-0.02907554554292566,0.0,0.0,-0.035240055530165876,0.0,0.0,0.0,0.0,0.0,0.0,-0.023020566884491233,0.0,-0.02609541769777866,0.0,0.0,0.0,0.0,0.0,-0.02239763343808963,0.0,0.0,0.0,0.0,0.0,0.0,-0.0250385102017352,-0.050281326211052066,-0.04512761696985408,-0.04006022283971358,-0.03734900577018557,0.0,0.0,0.0,0.0,-0.022793724646965417,-0.028725594091905893,-0.02492576397692316,0.0,0.0,0.0,0.0,0.0,0.0,0.0,0.0,0.0,0.0,0.0,0.0,0.05443783646242881,0.0,0.0,0.0
2015-12-31,0.0,0.0,0.0,0.0,0.0,0.0,0.0,-0.04178797405381601,0.0,0.0,0.0,0.0,0.0,0.0,-0.025498796259537375,-0.05834462085973725,-0.039492195616202486,0.0,0.0,-0.0409533444278969,-0.024338298616325076,0.0,-0.029848940388198297,-0.03673736738283682,0.0,-0.028118505555399485,-0.03917378344922177,-0.027404191247265283,0.0,0.0,0.0,0.0,0.0,-0.027954835845210677,0.035606195542648246,0.029481349312776017,0.0,0.0,0.0,0.0,-0.03292841780335265,-0.03577804940708257,-0.0476146596641519,0.0,0.0,0.0,0.0,0.0,-0.0321693943599479,0.0,0.0,0.0,0.0,0.0,-0.02610495327075301,0.0,0.0,-0.025244569328471276,0.0,0.0,0.0,0.0,-0.02487211339921349,-0.025172225232439366,0.0,0.0,0.0,0.0,0.0,0.0,-0.028914982439705483,-0.03810095479133778,-0.039621919818127876,-0.027672141118785906,-0.027211277464259546,0.0,0.0,0.0,0.0,0.0,-0.02978333256893555,-0.025036121137888435,0.0,0.0,0.0,0.0,0.0,0.0,0.0,0.0,0.0,0.0,0.0,0.0,0.04903448963847562,0.0,0.0,0.0
2016-01-31,0.0,0.0,0.0,0.0,0.0,0.0,0.0,-0.04467078802014431,0.0,0.0,0.0,0.0,0.0,0.0,-0.02758736115182776,-0.044553862422720344,-0.038043522025750856,-0.028053690201996755,0.0,-0.04403017925131766,-0.027966203463522132,0.0,0.0,-0.03659741669981572,0.0,0.0,-0.038147509813979866,-0.025188645112778258,0.0,-0.02451865189343267,0.0,0.0,0.0,-0.030206323413994252,0.03312293655045711,0.0,0.0,0.0,0.0,0.0,-0.03209724151886364,-0.0285081382979793,-0.05267854497099951,0.0,0.0,-0.024491361424286134,0.0,0.0,-0.03383185145205196,0.0,0.03233933316596934,0.0,0.0,0.0,-0.025188148116291314,-0.02455927709726776,0.0,0.0,0.0,0.0,0.0,0.0,-0.026125579460207604,-0.027488499476000027,0.0,0.0,0.0,0.0,0.0,0.0,-0.03537560457031721,-0.04172791890954947,-0.04165568806116367,-0.030499263049234875,0.0,0.0,0.0,0.0,0.0,0.0,-0.03113915961624065,-0.028328546805233914,0.0,0.0,0.0,0.0,0.0,0.0,0.0,0.0,0.0,0.0,0.0,0.0,0.041278753986605965,0.0,0.0,0.0
2016-02-29,0.0,0.0,0.0,0.0,0.0,0.0,0.0,0.0,0.0,0.0,0.0,0.0,0.0,0.0,-0.025553674240956455,-0.0432463449963994,-0.03680328071573881,-0.028843577519085596,0.0,-0.04004744947478367,-0.026107929977613395,0.0,0.0,-0.03257196233959674,-0.02259364130945085,0.0,-0.03017519696152498,0.0,0.0,-0.02856818139567321,0.0,0.0,0.0,-0.028433587595558297,0.0,0.0,0.0,0.0,0.0,0.0,-0.02842874583897209,-0.027544486698365653,-0.060305289621985364,-0.026751025414932943,0.0,-0.0233587447035404,0.0,0.0,-0.03401148395906782,0.0,0.0,0.0,-0.033509329110420316,0.0,-0.02579570808694258,-0.029437387777053167,0.0,0.0,0.0,0.0,0.0,0.0,-0.051243606120721714,-0.0673256424227184,-0.04247324284026623,0.0,0.0,0.0,-0.023431196951567694,0.0,-0.02928768148391932,-0.035391110074506966,-0.03074510634436311,0.0,0.0,0.0,0.0,0.0,0.0,0.0,-0.03640744225971398,-0.024895968001041654,0.0,0.0,0.0,0.0,0.0,0.0,0.0,0.0,0.0,0.0,0.0,0.0,0.026711975763519056,0.0,0.0,0.0
2016-03-31,0.0,0.0,-0.02865837589345361,0.0,0.0,0.0,0.0,0.0,-0.027395931817856732,0.0,0.0,0.0,-0.023938994467617738,-0.02366709249432734,0.0,-0.05047550863322493,-0.03250322098502099,-0.031729621446518114,0.0,-0.03930981935537001,-0.02536070905474639,0.0,-0.02959236094510779,-0.03158458973916597,-0.03165234674256321,0.0,-0.03796141244459202,0.0,0.0,0.0,-0.03206854728678513,-0.02686779405422143,-0.024032056432670826,-0.03378784042821118,0.026972392013422934,0.0,0.0,0.0,0.0,0.0,-0.03311385825418808,-0.03151947609649378,-0.07564325524560442,-0.035676166522519474,0.0,-0.025388681533010566,0.0,0.0,-0.04204486740165911,0.0,0.03975278242744989,0.0,0.0,0.0,0.0,0.0,0.0,0.0,0.0,0.0,0.0,0.0,0.0,0.0,0.0,0.0,0.0,0.0,0.0,0.0,-0.023626771055238846,-0.03604297867138457,-0.024468101353635478,0.0,0.0,0.0,0.0,0.0,0.0,0.0,0.0,-0.029648419293768356,0.0,0.0,0.0,0.0,0.0,0.0,0.0,0.0,0.0,0.0,0.0,0.0,0.045516027910171175,0.0,0.0,0.0
2016-04-30,0.0,0.0,0.0,0.0,0.0,0.0,0.0,0.0,0.0,0.0,0.0,0.0,0.0,0.0,0.0,-0.03675659447681631,-0.049116207927583776,0.0,0.0,-0.033710577635249594,-0.026757942274204468,0.0,-0.025537544307492638,-0.026491438937020592,-0.03534845930841303,0.0,-0.023121562277586872,-0.02348315024950902,0.0,-0.028363575455414878,-0.035594825029276474,-0.02943982684187069,-0.028598063628783088,-0.04634875602967666,0.031038434103635718,0.0,0.0,0.0,0.0,-0.0233441966570971,-0.02724327247019843,0.0,-0.06355930594420474,-0.03597556114446351,0.0,0.0,0.0,0.0,0.0,0.024126858597803832,0.04132505868973415,0.04491129786640763,0.0,0.0,0.0,0.0,0.0,0.0,0.0,0.0,0.0,0.0,0.0,0.0,0.0,0.0,0.030319003233047648,0.0,0.0,0.0,-0.02337990740748297,-0.03006249236679178,0.0,0.0,-0.024075528624404915,0.0,0.0,0.0,0.0,0.0,0.0,0.0,0.0,0.0,0.0,0.0,0.0,0.0,0.0,0.0,-0.027512384961957657,0.0,0.0,0.0,0.06677852092817461,0.027971489035601396,0.0,-0.029708163590095944
2016-05-31,0.0,0.0,0.0,0.0,0.0,0.03865511667038195,0.0,0.0,0.0,0.0,0.0,0.0,0.0,0.0,0.0,0.0,-0.043535726543312586,0.0,-0.026644060444034463,-0.02326078929551901,0.0,0.0,0.0,0.0,-0.024502029260408138,-0.023608477580337746,0.0,0.0,0.0,0.0,0.0,-0.02631036479480681,-0.024934625744577832,-0.03420410947533158,0.02485501146761665,0.0,0.0,0.0,0.0,0.0,0.0,0.0,-0.03327079552983812,-0.024803886103502055,0.0,0.0,0.0,0.0,0.0,0.04511235106909553,0.05992058298658822,0.05905585510514069,0.0,0.021816202098842077,0.0,0.0,0.028731772815220713,0.0,0.0,0.0,0.0,0.023847582246302863,0.025682682221523208,0.021582799847072807,0.03969146326170636,0.0,0.03550292241376931,0.0,0.0,0.0,0.0,0.0,0.0,0.0,-0.02748368491501325,0.0,0.0,0.0,0.0235265367755015,0.0,0.0,0.0,0.0,0.0,0.0,0.0,0.0,0.0,0.0249175973431901,0.0,-0.0302636413359461,0.0,0.0,0.0,0.06289552946632544,0.031036297598901783,-0.03527876300707236,-0.05506874258312083
2016-06-30,0.0,0.0,0.0,0.0,0.0,0.03835415547021698,0.0,0.0,0.0,0.0,0.0,0.0,0.0,0.0,0.0,0.0,-0.04636006555831396,0.0,0.0,-0.022029502687534567,-0.020955434257169232,0.0,0.0,0.0,0.0,-0.024628345948971838,0.0,-0.03215426616767689,-0.023269928804089055,-0.02419564672523449,0.0,-0.024463161128194383,-0.030499593411439766,-0.05586288299664592,0.020778961988068657,0.0,0.020784859547656003,0.0,0.0,0.0,0.0,0.0,-0.034867214203497074,-0.027784874495147695,0.0,0.0,0.0,0.0,0.0,0.035415648792446915,0.026137011127165388,0.04973811615313019,0.0,0.0,0.0,0.0,0.0,0.0,0.0,0.0,0.0,0.0,0.0,0.0,0.026484500994033273,0.0,0.0,0.0,0.0,0.0,0.0,0.0,0.0,0.0,-0.02223735349404911,0.0,0.0,0.023446478207399837,0.03342490558723132,-0.0221427835487876,0.0,0.0,0.0,0.0,0.0,0.0,0.0,0.0,0.025135999384972116,0.0,-0.03472606358580223,0.0,-0.021214898009531257,0.0,0.0763313855630873,0.051070152229262186,-0.04745026325245604,-0.05805554668078885
2016-07-31,0.04075533554727895,0.0,0.0,0.0,0.0,0.03230358123601402,0.0,0.0,0.0,0.0,0.0,0.0,0.0,0.0,0.0,0.0,-0.022622267504756134,0.0,0.0,-0.019502057289330705,0.0,0.0,0.0,0.0,0.0,-0.07178806823724537,0.0,0.0,0.0,0.0,0.0,0.0,-0.028073096607024423,-0.029202033673230814,0.0,0.0,0.026510953803710557,-0.020750787958617897,-0.02350267456069242,0.0,0.0,-0.025893364966119332,-0.024991946928505666,-0.019718034774243977,0.0,0.0218859305043606,0.0,0.04943405442783331,0.0,0.02673115790019128,0.024690521397605313,0.03504795626099095,0.0,0.0,0.0,0.0,0.0,0.0,0.0,0.02117754025476766,0.0,0.0,0.0,0.0,0.02909120818187251,0.0,0.0,0.0,0.0,0.0,0.0,0.0,0.0,0.0,-0.019650173468039493,0.0,0.0,0.03469326835758222,0.0679993894104428,0.0,0.0,0.0,0.0,0.0,0.0,0.0,0.0,0.0,0.025912172492244406,0.0,-0.03603410931433217,0.0,-0.023941766811155205,0.0,0.07811807687900493,0.0701776026821206,-0.028853368200888796,-0.020947500369797537
2016-08-31,0.0,0.0,0.0,0.0,0.0,0.020531661987520267,0.0,0.0,0.0,0.0,0.0,0.0,0.0,0.0,0.0,0.0,-0.03272003773245457,0.0,-0.022013077020336974,0.0,0.0,0.0,0.0,0.0,-0.02073110729945053,-0.06159001062188391,0.0,0.0,0.0,-0.02031467815453626,0.0,0.0,-0.03469671922308988,-0.02721563904485506,0.0,0.0,0.0,-0.020723121469965775,-0.02316267992126361,0.0,0.0,-0.02480663573001605,-0.02262643466128359,-0.024812818121434762,0.0,0.0,0.0,0.0,0.0,0.027587895033812995,0.025813852111309776,0.04018708554246468,0.0,0.0,0.0,0.0,0.023681208028179683,0.0,0.0,0.0,0.0,0.031540073094826135,0.027486433884314303,0.03798221644631145,0.0477154849134107,0.022590340533917553,0.0,0.0,0.0,0.0,0.0,0.0,0.0,0.0,0.0,0.0,0.0,0.0318935424556824,0.05466440010395785,0.0,0.0,0.0,0.0,0.0,0.0,0.0,0.0,0.0,0.0,-0.033741759362992355,-0.04590171626616005,0.0,-0.023791932590889776,0.0,0.07898500621736242,0.05691560794716602,-0.03357682447915064,0.0
2016-09-30,0.0,0.0,0.0,0.0,0.0,0.027961679195450506,0.0,0.0,0.0,0.0,0.0,0.0,0.0,0.0,0.0,0.0,-0.04969149101536684,0.0,-0.03228862376920823,0.0,0.0,0.0,0.0,0.0,-0.03429179617661634,-0.0737640298376432,0.0,0.0,0.0,-0.0230257536510348,0.0,0.0,-0.05464588647356287,-0.028355101881607662,0.0,0.0,0.0,0.0,-0.029928256271095646,0.0,0.0,-0.027512276614997676,-0.02354581406892813,0.0,0.0,0.0,0.0,0.02533797617832724,0.0,0.031205436704534812,0.04264578812516099,0.036771239867635905,0.0,0.026311901878244955,0.0,0.0,0.0,0.03627252027312047,0.0,0.0,0.0,0.03469143148439458,0.024076057660633057,0.040485829791052905,0.025221356733013175,0.0,0.02627530761857049,0.0,0.0,0.0,0.0,0.0,0.0,0.0,0.0,0.0,0.0,0.0,0.0,0.0,0.0,0.0,0.0,0.0,0.0,0.027090297680618526,0.0,0.0,0.0,-0.022603817108343253,-0.03367642461666362,0.0,-0.03366023587824644,0.0,0.04268495327845433,0.028372655795527175,-0.03412913454077136,-0.023476925831174812
2016-10-31,0.0,0.0,-0.020032214879872792,0.0,0.0,0.0,-0.020379832336133812,-0.03481168698638628,0.0,0.0,0.0,0.0,0.0,0.0,0.0,0.0,-0.07425675726934354,0.0,-0.02757147167040772,-0.024631316044364797,0.0,0.0,0.0,0.0,-0.02795154354613822,-0.07380541711126902,0.0,0.0,0.0,-0.02028578209181276,0.0,0.0,-0.07128224476398225,-0.02303161320820318,0.0,0.0,0.0,0.0,-0.03429606716686949,0.0,0.0,-0.02793590948908149,-0.019461348335381202,-0.021633058391891596,0.0,0.0,0.0,0.0,0.0,0.0,0.03367526074143369,0.031220373580583802,0.0,0.0,0.0,0.0,0.0,0.025609898055620302,0.0,0.0,0.0,0.02550779553863691,0.020852343483545435,0.02556205135152011,0.01915338341195388,0.0,0.0,0.0,0.0,0.0,0.0,0.0,0.0,0.0,0.0,0.0,0.0,0.0,0.0,0.0,0.0,0.0,0.0,0.0,0.0,0.0,0.0,-0.02159603642161882,0.0,-0.02131096962551243,-0.02329373446226127,0.0,-0.03430792626409328,0.0,0.037261384416553245,0.02194892216573329,-0.08058085440711077,-0.05675280278268469
2016-11-30,0.0,0.0,-0.033043954816838424,0.0,0.0,0.0,-0.02596045508672985,-0.02339384941729233,0.0,0.0,0.0,0.0,0.0,0.0,0.0,0.0,-0.03122952701424541,0.0,-0.03282174075477136,-0.025292678081158506,0.0,0.0,0.0,0.0,-0.024516149850406684,-0.037806074878555425,0.0,0.0,0.0,-0.021699286771186016,-0.027825868470668397,0.0,-0.11028401053860784,0.0,0.0,0.0,0.0,0.0,-0.04062227978234519,-0.021488041125184293,0.0,0.0,-0.021901464498378525,0.0,0.0,0.0,0.0,0.0,0.0,0.0,0.02767749400421246,0.029810533955490923,0.0,0.0,0.0,0.022684372390596588,0.0,0.03475207331112206,0.0,0.0,0.0,0.03163646003557827,0.03269398599424041,0.022606029995782182,0.0,0.025436815397316383,0.0,0.0,0.0,0.02620106249553116,0.0,0.0,0.0,0.0,0.0,0.0,0.0,0.02587323267197722,0.0,0.0,0.0,0.0,0.0,0.0,0.0,0.0,0.0,-0.02083605172941082,0.0,0.0,-0.02566739160357587,0.0,-0.0401082406790785,0.0,0.028351018945000982,0.0,-0.0791318428024393,-0.04864801290227848
2016-12-31,0.0,0.03548176864103112,0.0,0.0,0.0,0.02536756473294309,0.0,0.0,0.0,0.0,0.0,0.0,0.0,0.04550689987657402,0.026769671693598153,0.0,0.0,0.0,-0.03418202637340379,-0.028165232645764024,0.0,0.0,0.03143661781951308,0.0,-0.026589166856412765,-0.026007615011682732,0.035166368657282135,0.0,0.0,-0.020181264942802667,0.0,0.0,-0.09097953712769974,0.0,0.0,0.0,0.0,0.0,-0.03311933147064262,0.0,0.019853644944830495,0.0,0.0,0.0,0.0,0.021176113300954175,0.0,0.030662271664551592,0.0,0.0,0.05984313240390653,0.0,0.0,0.0,0.0,0.0,0.0,0.0,0.0,0.0,0.0,0.04193603501695362,0.043391131627038,0.0,0.0,0.01908471647696147,0.0,0.0,0.0,0.07032695108944215,0.0,0.0,0.0,0.0,0.0,0.0,0.019702324890381772,0.0312585019150527,0.022194530221625246,0.0,0.0,0.0,0.0,0.0,0.01904707557769746,0.017653283789320736,0.0,0.0,0.0,0.0,0.0,0.0,-0.022528329513709085,0.0,0.04232442455120661,0.03178172308106957,0.0,-0.02828274408594889
2017-01-31,0.020480113725670143,0.04993691541246219,0.0,0.0,0.0,0.022803711666418373,0.0,0.0,0.0,0.0,0.0,0.0,0.0,0.0389084827905542,0.023374909486568188,0.0,0.0,0.0,-0.023615931030038624,0.0,0.0,0.0,0.0,0.0,0.0,0.0,0.03772823403896433,0.02737200665166378,0.0,-0.020215711445063587,0.0,0.0,-0.050748763230480755,0.0,0.0,0.0,0.0,0.0,0.0,0.0,0.021571462832655777,0.0,0.0,0.0,0.0,0.028181214597672016,0.0,0.03270374128611712,0.0,0.042281817094351616,0.0426515952933223,0.036282925193967384,0.0,0.03556611899283554,0.0,0.027481296955607172,0.0,0.027714347499755872,0.0,0.029638813653571683,0.0,0.054779823083370864,0.04339805807497307,0.030771370218126027,0.029683496921548605,0.031832803157344054,0.0,0.0,0.0,0.04851922032123901,0.0,0.0,0.0,0.0,0.0,0.031375864125607875,0.0,0.029049010608442227,0.0,0.0,0.0,0.0,0.0,0.0,0.0,0.03417274852726827,0.0,0.0,0.0,0.0,0.0,0.0,0.0,0.0,0.02715949208433943,0.0,0.0,0.0
2017-02-28,0.0,0.03403342647852843,0.0,0.0,0.0,0.02034454048310469,0.0,0.0,0.0,0.0,0.0,0.0,0.0,0.029913249197625617,0.0,0.0,0.0,0.0220330522934271,0.0,0.0,0.0,0.0,0.0,0.02085168294960384,0.0,0.0,0.0340106347805481,0.03855613281591325,0.0,0.0,0.0,0.0,0.0,0.0,0.0,0.0,0.0,0.0,0.0,0.0,0.028281819427522698,0.0,0.0,0.0,0.0,0.03256063969949701,0.0,0.04796043839885155,0.0,0.04463993209278133,0.030577766987007992,0.027249766398943297,0.02014544863781207,0.023204699323456094,0.0,0.023949380119766467,0.0,0.03923661941479596,0.0,0.0,0.0,0.04112331774655945,0.053842766721383384,0.05269272089229088,0.028854468876866622,0.06250795751041538,0.0,0.0,0.0,0.052831176573698804,0.0,0.0,0.020702489094845074,0.0,0.0,0.0,0.0,0.02051090494332818,0.0,0.0,0.0,0.0,0.0,0.019435935638954474,0.0,0.055202511206832214,0.0,0.0,0.034303731157964125,0.019161734282147937,0.0,0.0,0.0,0.0,0.021281055855527843,0.0,0.0,0.0
2017-03-31,0.0,0.03251662054030213,0.0,0.0,0.0,0.0,0.0,0.0,0.0,0.0,0.0,0.0,0.0,0.02941279653128754,0.0,0.0,0.0,0.030482764320706266,0.0,0.0,0.01795002074022944,0.0,0.0,0.0,0.0,0.0,0.031890542314678756,0.03548545142979411,0.0,0.0,0.0,0.0,0.0,0.0,0.0,0.0,0.0,0.0,0.0,0.0,0.02279740058485316,0.0,0.0,0.0,0.0,0.037101984476956826,0.0,0.04107061327336564,0.0,0.041869037414649986,0.018888707848885473,0.0,0.0,0.01890570210958929,0.0,0.019891519842257708,0.0,0.06240793420859625,0.0,0.02118182894334465,0.0,0.03377833381491819,0.03733621056750647,0.031137559169243628,0.02813137536917687,0.05596187151360741,0.0,0.0,0.0,0.04526578772303948,0.0,0.0,0.025106742872247595,0.0,0.0,0.03730795207950191,0.0,0.027565927986001743,0.020183066885748804,0.0,0.0,0.05275371056315438,0.0,0.026631052976560387,0.0,0.05551011791042251,0.0,0.0,0.038335455210675815,0.023141910778697653,0.0,0.0,0.0,0.0,0.0,0.0,0.0,0.0
2017-04-30,0.0,0.016854884714711527,0.0,0.0,0.0,0.0,0.0,0.0,0.0,0.0,0.0,0.0,0.0,0.019926287627192237,0.0,0.0,0.0,0.027408828174685543,0.0,0.0,0.0,0.0,0.0,0.0,0.0,0.0,0.03930957158549624,0.04576235410634063,0.0,0.0,0.0,0.0,0.0,0.0,0.0,0.0,0.0,0.0,0.0,0.0,0.0,0.0,0.0,0.0,0.0,0.022261122305802256,0.0,0.023385134209846413,0.0,0.033032580676900014,0.0,0.0,0.0,0.0,0.016498217365437055,0.01764457840630323,0.0,0.0645748406510585,0.0,0.03272254393914118,0.0,0.029750582929908485,0.03845542125617197,0.0372632667062634,0.02792788299392449,0.04249617713819701,0.0,0.0,0.0,0.04810070663353905,0.0,0.0,0.021496235828291643,0.0,0.024223248843824673,0.023107331878142384,0.0,0.02496983831746425,0.0,0.0,0.0,0.03977020815392888,0.0,0.01751330900931071,0.0,0.17099059264994407,0.0,0.0,0.02280479009280187,0.02259216967755873,0.0,0.0,0.0,0.015795800741409214,0.015642440462474354,0.017719052923930077,0.0,0.0
2017-05-31,0.0,0.0,0.0,0.0,-0.02030746760039584,0.0,0.0,0.0,0.0,0.0,0.0,0.0,0.0,0.0,0.0,0.0,0.0,0.07509017645675034,0.0,0.0,0.0,0.0,0.0,0.0,0.0,0.0,0.043320513902784484,0.06689261160107343,0.06889164408230745,0.0,0.0,0.017013531164742867,0.0,0.021861687026224725,0.0,0.0,0.0,0.0,0.0,0.0,0.0,0.0,0.0,0.0,0.0,0.0,0.0,0.0,0.0,0.03442694780099874,0.0,0.019047281468014838,0.0,0.019428263052198715,0.03374436088721093,0.017306874211625124,0.01625880289959351,0.055346303745530206,0.0,0.034050823493444064,0.0,0.028487519840128882,0.03976477553882009,0.038848735919361145,0.02856116273291742,0.03114764088189828,0.0,0.0,0.0,0.06340222042390235,0.0,0.0,0.026660229061296455,0.0,0.02255361550336645,0.01937852870705624,0.0,0.026740227675052793,0.0,0.0,0.0,0.03675158539137199,0.0,0.018059926406090727,0.0,0.03827248310006753,0.0,0.0,0.01683469690134291,0.021549362524431407,0.0,0.0,0.0,0.0,0.0,0.0,0.0,0.0
2017-06-30,0.0,0.0,0.0,0.02786967754676227,0.0,0.0,0.0,0.0,0.0,0.0,0.0,0.0,0.024402710239380874,0.0,0.02137604522707783,0.0,0.0,0.06718094808711356,0.0,0.021278350619704966,0.0,0.0,0.0,0.0,0.0,0.0,0.07152177617242612,0.04895143743282105,0.0214289118542656,0.0,0.0,0.0,0.0,0.0,0.0,0.0,0.0,0.0,0.0,0.0,0.0,0.0,0.0,0.0,0.0,0.0,0.0,0.0,0.0,0.04408298021691995,0.0,0.022325807398530448,0.0,0.03846681593089767,0.02835934498576845,0.0,0.0,0.030559217647977317,0.0,0.026636742463340003,0.0,0.026925872419216405,0.03445387360308434,0.03460309759412259,0.025523338054777894,0.030206551601064873,0.0,0.0,0.0,0.049487535374069816,0.0,0.0,0.023464163269304446,0.0,0.0,0.038777802399117725,0.022990427527804568,0.038661054339623836,0.0,0.0,0.0,0.036188255333451096,0.0,0.025217213367801892,0.0,0.022546471737029505,0.0,0.0,0.0,0.026137381971272158,0.0,0.0,0.0,0.0,0.023694775045558697,0.04668142053971404,0.0,0.0
2017-07-31,0.0,0.0,0.0,0.02210153507086553,0.0,0.0,0.0,0.0,0.0,0.0,0.0,0.0,0.022882305847015613,0.0,0.0,-0.023949861040852075,0.0,0.08201640783362006,0.0,0.030250356888425794,0.0,0.0,0.0,0.0,0.023713340358226993,0.0,0.06074534684392854,0.03547917690099986,0.0,0.0,0.04056028643341274,0.0,0.0,0.0,0.0,0.0,0.0,0.0,0.0,0.0,0.0,0.02304776033479864,0.0,0.0,0.0,0.0,0.0,0.0,0.0,0.02632469677492826,0.0,0.0,0.0,0.026562140187523373,0.03671456967692453,0.0,0.0,0.0,0.0,0.026818975108044707,0.0,0.02261115076036742,0.026321109376644135,0.0311007182520513,0.02834316378913628,0.0,0.0,0.0,0.0,0.04871789577165543,0.02242455181428245,0.0,0.03533551964245896,0.0,0.0,0.035035801668497096,0.022756707602903704,0.032240756060171016,0.0,0.0,0.0,0.039533018681194965,0.0,0.02942260463008577,0.0,0.045275998019777594,0.0,0.0,0.0,0.02396394612647186,0.0,0.0,0.0,0.0,0.027711642463477626,0.048038656041257816,0.0,0.0
2017-08-31,0.0,0.022872324366451098,0.0,0.024656176641363277,0.0,0.0,0.024455538090374106,0.0,0.0,0.0,0.0,0.0,0.024750395151574952,0.0,0.0,0.0,0.0,0.043841630266577114,0.0,0.026656327829680165,0.0,0.0,0.0,0.0,0.04476282859077615,0.0,0.053958381151665714,0.027256596871893028,0.0,0.0,0.057936309471548215,0.03428715408972078,0.0,0.0,0.0,0.057039787394958186,0.0,0.0,0.0,0.0,0.022971056329967498,0.0,0.0,0.0,0.0,0.0,0.0,0.0,0.0,0.0,0.0,0.0,0.0,0.0,0.0,0.0,0.0,0.0,0.0,0.0,0.0,0.036213576638822464,0.025042393294428516,0.0,0.03139522820447512,0.0,0.0,0.0,0.0,0.03387573385260194,0.028571337792885163,0.020946524790610738,0.059196568011086734,0.023998391750410953,0.030763337491795054,0.025700256287912514,0.02206715363152435,0.03383967575180041,0.0,0.0,0.0,0.03981500494410105,0.0,0.0,0.0,0.03321099616309803,0.0,0.0,0.027518502866164595,0.02307696125674895,0.0,0.0,0.0,0.0,0.0,0.03932385102498319,0.0,0.0
2017-09-30,0.0,0.0,0.0,0.0,0.0,0.0,0.0,0.0,0.0,0.0,0.0,0.0,0.0,0.0,0.0,0.0,0.0,0.02145159898502268,0.0,0.0,0.01923546524453364,0.02019592965379425,0.0190112429335373,0.0,0.04193964418528387,0.0,0.0458206635838269,0.03181859201148661,0.0,0.0,0.08895667929850952,0.01845830215894137,0.0,0.0,0.0,0.03127859745168139,0.0,0.0,0.0,0.0,0.0,0.0,0.0,0.0,0.0,0.0,0.0,0.0,0.0,0.0,0.0,0.0,0.01859606196827448,0.0,0.03670659117212233,0.0,0.0,0.0,0.0,0.0,0.0,0.033423036946073355,0.03572986475254933,0.019575381440455095,0.0,0.0,0.0,0.0,0.0216132470288374,0.042571223007367286,0.04184082757095821,0.026495336355157297,0.04958122908364166,0.026020027039515118,0.0548379109573268,0.02774176342214101,0.0,0.03207669620546851,0.0,0.0,0.0,0.029674737016764808,0.0,0.0,0.0,0.04543429561023192,0.0,0.0,0.0331934301207324,0.03693549880885225,0.0,0.0,0.0,0.0,0.02000349077485587,0.029782635212057294,0.0,0.0
2017-10-31,0.0,0.020792939691831807,0.0,0.0,0.0,0.0,0.0,0.0,0.0,0.051922775337939917,0.0,0.0,0.0,0.0,0.0,0.0,0.0,0.0,0.0,0.0,0.021844498899123516,0.019850419112400226,0.0,0.0,0.04498081560607197,0.0,0.04472217098376707,0.030453517099107853,0.0,0.0,0.04949625049115447,0.0,0.0,0.0,0.022654190791318234,0.04240510501919423,0.0,0.0,0.0,0.0,0.0,0.0,0.0,0.0,0.0,0.0,0.0,0.02199143258746007,0.0,0.0,0.0,0.0,0.0,0.0,0.0,0.0,-0.02177664842319221,0.0,0.0,0.0,0.0,0.0,0.0,0.0,-0.023758262242086006,-0.01952184451443914,0.0,0.0,0.023425738889080706,0.0,0.033663719867418826,0.0,0.03523241879771447,0.03253468886064898,0.033080739217513006,0.0,0.02038155178634674,0.03717913031090945,0.0,0.0,0.0,0.02502017402114614,0.0,0.026764154039338905,0.03190097037509402,0.0637102554814757,0.0,0.0,0.04226615075351497,0.08605369584312965,0.0,0.0,0.0,0.0,0.021796935504492885,0.029342488430565434,0.0,0.021476317022523523
2017-11-30,0.0,0.0,0.0,0.0,0.0,0.0,0.0,0.0,0.0,0.06094976754072874,0.0,0.0,0.0,0.0,0.0,0.0,0.0,0.03542349665580717,0.0,0.0,0.028131924503091824,0.023735035410681542,0.02109735190452152,0.0,0.019353296389548004,0.0,0.019303446874971587,0.0,0.0,0.023530457394515005,0.03860279590361513,0.0,0.0,0.0,0.025228097937195992,0.0481735559171454,0.0,0.0,0.0,0.0,0.0,0.0,0.0,0.0,0.0,0.0,0.0,0.0,0.0,0.0,0.0,0.0,0.0,0.0,0.018562092001303317,0.0,0.0,0.0,0.0,0.0,0.0,0.0,0.0,0.0,0.0,0.0,0.0,0.0,0.03287948088476133,0.02182344355800442,0.04709976003063485,0.024020400190780788,0.054515094163166716,0.04122204499988172,0.026871116458200454,0.0,0.02136120648358793,0.032108991311968,0.0,0.0194360054840796,0.028684754761559517,0.03541133962563292,0.0,0.03446562905303903,0.031186931635526962,0.06968687338812893,0.0,0.019227044508825862,0.03790768352548591,0.060000881503609826,0.0,0.0,0.0,0.0,0.0,0.0,0.0,0.0
2017-12-31,0.0,0.0,0.0,0.0,0.0,0.0,0.0,0.0,0.0,0.12089809808144505,0.0,0.0,0.0,0.0,0.0,0.0,0.0,0.0,0.0,0.0,0.01704931743396412,0.0,0.01950604286433049,0.0,0.019762287656832113,0.0,0.0,0.0,0.0,0.0,0.015572494643881512,0.0,0.0,0.0,0.03906553256915783,0.03771604046553667,0.01702765895120545,0.0379763395469574,0.0,0.0,0.0,0.0,0.0,0.0,0.0,0.0,0.0,0.0,0.0,0.0,0.0,0.0,0.0,0.0,0.0,0.0,0.0,0.0,0.0,0.0,0.0,0.0,0.0,0.0,-0.025650393599954434,-0.0223656386344059,0.0,0.0,0.02439786338430782,0.0,0.030343619063904603,0.01892075187606969,0.03547873801729516,0.020201183591132432,0.02163882158726944,0.0,0.019960875243830844,0.03866333393966533,0.0,0.020277799247961192,0.02413648095407206,0.046541731487564936,0.0,0.032923139233340365,0.02956194125741751,0.08564700345757807,0.0,0.03423417953830005,0.047403807331337484,0.054660288843214014,0.0,0.0,0.021419118671034982,0.020999478827032975,0.0,0.0,0.0,0.0
2018-01-31,0.0,0.021009735361689052,0.0,0.0,0.0,0.0,0.0,0.0,0.0,0.05903379466391958,0.0,0.0,0.0,0.0,0.0,0.0,0.0,0.0,0.0,0.019385162389629004,0.03393184976572621,0.023809196551646206,0.035413158354157925,0.023537961318501766,0.018306688966397658,0.0,0.0,0.0,0.0,0.0,0.0,0.0,0.0,0.0,0.04753831234285885,0.0424594307740778,0.027106792573077323,0.0457632224781051,0.0,0.0,0.0,0.0,0.0,0.0,0.0,0.0,0.0,0.017951310471187903,0.0,0.0,0.0,0.0,0.0,0.0,0.0,0.0,-0.021398073564833347,0.0,0.0,0.0,0.0,0.0,0.0,0.0,-0.030886448256161707,0.0,0.0,0.0,0.03435395515367832,0.0,0.03200259097074829,0.022157993344209204,0.03419127304728782,0.020867357568958442,0.018108184203857087,0.0,0.0,0.03100652333634195,0.0,0.0,0.0,0.02750557282570443,0.0,0.0317166822932171,0.027784347064310377,0.04729681384079299,0.0,0.041295961134639216,0.07241947533067156,0.06449081485832485,0.0,0.0,0.02727131719528905,0.0,0.0,0.0,0.0,0.0
2018-02-28,0.0,0.018960157845885974,0.0,0.0,0.0,0.0,0.0,0.0,0.0,0.04601701158704404,0.0,0.0,0.0,0.0,0.0,0.0,0.0,0.0,0.0,0.022693497089956445,0.04120223581346452,0.02302790712766707,0.03583483910997583,0.037266160660348914,0.0,0.0,0.0,0.0,0.0,0.0,0.0,0.0,0.0,0.0,0.04252966669517155,0.03628700586808791,0.022148621074069296,0.023907726844706215,0.0,0.0,0.0,0.0,0.0,0.0,0.0,0.0,0.0,0.0,0.0,0.0,0.0,0.0,0.0,0.0,0.0,0.0,0.0,0.0,0.0,0.0,0.0,0.0,0.0,0.0,-0.021126382008107777,0.0,0.0,0.0,0.039232372156261804,0.0,0.04638042251244762,0.032601262372495804,0.043787395758024955,0.01830677381515559,0.025968832317232137,0.0,0.020414961415706975,0.04143969703624095,0.019541357400059925,0.0,0.0,0.04514755770001207,0.0,0.03913191974564225,0.03093626124122634,0.04262542728461728,0.0,0.037308750383736336,0.06348767605539458,0.0443629324993579,0.0,0.0,0.019632326933912772,0.0,0.018692861647989265,0.0,0.0,0.0
2018-03-31,0.0,0.0,0.0,0.0,0.0,0.0,0.0,0.0,0.0,0.0,0.0,0.0,0.0,0.0,0.0,0.0,0.0,0.0,0.0,0.026662609089482286,0.023653405601651512,0.0,0.032549682808132516,0.0337131982591421,0.0,-0.01963497708569201,0.0,0.0,0.0,0.0,0.0,0.0,0.0,-0.024745637336358334,0.04783917151147451,0.04532004627266956,0.0,0.0247507110592315,0.0,0.0,0.0,0.0,0.0,0.0,0.0,0.0,0.0,0.0,0.0,0.0,-0.0188979096035427,0.0,0.0,0.0,0.0,0.0,0.0,0.0,0.0,0.0,0.0,0.0,0.0,0.0,-0.03232903753578698,0.0,0.0,0.0,0.0623713284168023,0.01928064890235658,0.04907529429606489,0.023323753953719478,0.06791223446856628,0.01954347634202031,0.025363846624952658,0.0,0.028087059350061554,0.07477596127090812,0.03617506147962146,0.0,0.01727195668611315,0.04155758872823271,0.0,0.01976876536713686,0.020609470521365348,0.03261966298400598,0.0,0.020733595945606857,0.04580931310625048,0.03456243323217088,0.0,0.0,0.031062162160880088,0.0,0.0,0.0,0.0,0.0
2018-04-30,0.0,0.0,0.025118364272969138,0.0,0.0,0.022993118064405585,0.0,0.0,0.0,0.0,0.019570201495212613,0.0,0.0,0.0,0.0,0.0,0.0,0.0,0.0,0.03603422514487227,0.03119792255084502,0.01990677973658847,0.04122412045202709,0.047272625844775484,0.0,0.0,0.0,0.0,0.0,0.027046545247455863,0.0,0.0,0.0,-0.020611063222958772,0.05157379023075085,0.04330291106667157,0.0,0.03323819488808763,0.0,0.0,0.0,0.0,0.0,0.0,0.0,0.0,0.0,0.0,0.0,0.0,0.0,0.0,0.0,0.0,0.0,0.0,0.0,0.0,0.0,0.0,0.0,0.0,0.0,0.0,0.0,0.0,0.0,0.0,0.06952916785675617,0.0,0.04570877548726106,0.02391168271041111,0.04627778576213769,0.023562984910015447,0.01963357025188468,0.0,0.0,0.04550741541660649,0.026045818857584575,0.02615430335742856,0.03273627944105115,0.02653832750854313,0.0,0.021262344949105085,0.026333638104964335,0.0,0.0,0.024079834025726055,0.050776943321384556,0.04002176695942165,0.0,0.0,0.032829498862097725,0.0,0.0,0.0,0.0,0.0
2018-05-31,0.0,0.0,0.025624229245096976,0.0,0.0,0.0,0.0,0.0,0.0,0.0,0.0,0.0,0.0,0.0,0.0,0.0,0.0,0.0,0.026254512948393285,0.056735831288463455,0.035915141621087776,0.029038485776924684,0.04819648153456616,0.0516180707524737,0.0,0.0,0.0,0.0,0.0,0.029799684154219363,0.0,0.0,0.0,-0.025994945788615352,0.049927053898260305,0.04374493108927915,0.0,0.0384284072819608,0.0,0.0,0.0,0.0,0.0,0.0,0.0,0.0,0.0,0.0,0.0,0.023389834446767885,0.0,0.0,0.0,0.02588135462465661,0.0,0.0,0.0,0.0,0.023336912341313985,0.0,0.0,0.0,0.0,0.0,0.0,0.0,-0.026545855250827453,0.0,0.04822841213916635,0.0,0.04799573981596457,0.02554221399306445,0.04606911379747805,0.0,0.0,0.0,0.0,0.024883344943513054,0.0,0.02148407459054952,0.023599714576398652,0.02845104323824206,0.0,0.027153530864893808,0.028261376862277802,0.0,0.0,0.0,0.03722712079180874,0.03130225822510576,0.0,0.0,0.025154054046199744,0.024216270072430556,0.0,0.0,0.0,0.0
2018-06-30,0.0,0.0,0.026117104659147617,0.0,0.0,0.0,0.0,0.0,0.0,0.0,0.0,0.0,0.0,0.0,0.0,0.0,0.0,0.0,0.0,0.04382686508766547,0.028958261872632878,0.025698143319613658,0.025762875401092806,0.0528325017708394,0.0,0.0,0.0,0.0,0.0,0.034259854685890316,0.0,0.0,0.0,-0.027862586449783,0.046883758895210896,0.04095915731794204,0.0,0.04163337212395877,0.0,0.0,0.0,0.0,0.0,0.0,0.0,0.0,0.0,0.0,0.0,0.0,0.0,0.0,0.0,0.02162500652163827,0.030550810300826396,0.0,0.0,0.0,0.0,0.0,0.0,0.0,-0.028438774630363352,0.0,0.0,0.0,-0.027188666762162254,0.0,0.0343872524431843,0.0,0.050220080074072894,0.035437349104849976,0.049849131303430036,0.0,0.0,0.0,0.0,0.030120653362761273,0.0,0.02580355889699079,0.04060135612142305,0.02513797461694763,0.0,0.03331691484530979,0.027059644945622466,0.0,0.0,0.02396370547301427,0.04075620771735943,0.03083298447404532,0.0,0.0,0.021688068370788852,0.028227378451432843,0.0,0.0,0.0,0.0
2018-07-31,0.0,0.0,0.038047520136639874,0.0,0.0,0.026720839610525498,0.0,0.0,0.0,0.0,0.0,0.0,0.0,0.0,0.028055331909790242,0.0,0.0,0.0,0.0,0.04595972627404892,0.03336465138996405,0.033988143422306535,0.03392596750528714,0.05576557841517268,0.0,0.0,0.026981661838421347,0.0,0.0,0.02427728475063706,0.0,0.0,0.0,-0.030326602381641025,0.03930427376299359,0.02886635882066439,0.024445508637520517,0.04306131029698317,0.0,0.0,0.0,0.0,0.0,0.0,0.0,0.0,0.0,0.0,-0.02302888549461309,0.0,0.0,0.0,0.0,0.0,0.025019132746962852,0.0,0.0,0.0,0.0,0.0,0.0,0.0,-0.056911262870642014,-0.028204229208042268,0.0,0.0,-0.03623149622814504,0.0,0.0,0.0,0.04066778418829683,0.03032504903824561,0.025555577250049102,0.0,0.0,0.0,0.0,0.032893881743318476,0.0,0.0,0.0,0.0,0.0,0.03971349174879843,0.0297070274932032,0.0,0.0,0.0,0.034688704016701065,0.031980367743914564,0.0,0.0,0.027252059170402132,0.024730291906069273,0.0,0.0,0.0,0.0
2018-08-31,0.0,0.0,0.03982782311063454,0.0,0.0,0.02839950995865422,0.0,0.0,0.0,0.0,0.0,0.0,0.0,0.0,0.027279920232244067,0.0,0.0,0.0,0.0,0.06765637897350321,0.0319438384736454,0.031441109310365305,0.03674483782442167,0.0656685818163104,0.0,0.0,0.028446704275247068,0.0,0.0,0.0,0.0,0.0,0.0,0.0,0.035274476645122094,0.027912170702084207,0.029020409293635436,0.043891125403251324,0.0,0.0,0.0,0.0,0.0,0.0,0.0,0.0,0.0,-0.020811395154610668,-0.022920192303034565,0.0,0.0,0.0,0.0,0.0,0.019907172034996458,0.0,0.0,0.0,0.0,0.0,0.0,0.0,-0.03889049497726694,0.0,0.0,0.0,-0.024938855507567012,0.0,0.027061458206405906,0.023214386168678033,0.048482058285731176,0.045344019924130965,0.026101443334448873,0.0,0.0,0.0,0.0,0.023932095142935567,0.0,0.0,0.0,0.0,0.0,0.03905130824043872,0.02690793436151258,0.0,0.0,0.024591453498110937,0.02772451245538737,0.03222718788953088,0.0,0.0,0.03438714649609458,0.0,0.0,0.0,0.0,0.0
2018-09-30,0.0,0.0,0.060581439916098025,0.0,0.0,0.0,0.0,0.0,0.0,0.0,0.0,0.0,0.0,0.0,0.038889535264916265,0.0,0.0,0.0,0.0,0.07800396868534885,0.0333099257956798,0.030548124524250216,0.026090345137033386,0.06698813475800187,0.0,0.0,0.018833086568172844,0.0,0.0,0.026057106536406235,0.0,0.0,0.0,0.0,0.03835208900485934,0.03002456999720587,0.031126128702233313,0.050019180286475784,0.0,0.0,0.0,0.0,0.0,0.0,0.0,0.0,0.0,-0.019136792573272797,-0.024089968053537334,0.0,0.0,0.0,0.0,0.0,0.0,0.0,0.0,0.0,0.0,-0.021072895976486282,0.0,0.0,-0.032664545467195674,0.0,0.0,0.0,-0.02677566985093685,0.0,0.0,0.0,0.01920561042810643,0.028878064167194767,0.023473992621344433,0.0,0.0,0.0,0.0,0.023762162467163065,0.0,0.0191990189526788,0.020428954624182285,0.0,0.0,0.03488336827713689,0.04004460183620279,0.0,0.0,0.04515788872862109,0.031151887865304297,0.020164773663994114,0.0,0.0,0.041086169269960386,0.0,0.0,0.0,0.0,0.0
2018-10-31,0.0,0.0,0.08260514386090446,0.020646848814574372,0.01937141512034798,0.0,0.0,0.0,0.0,0.0,0.02087308074112173,0.0,0.0,0.0,0.0,0.0,0.0,0.0,0.0,0.07760999597619489,0.03506664484926329,0.0334147571623634,0.025790308855861664,0.06689089499194328,0.0,0.0,0.022972109780202657,0.0,0.0,0.030806874294908238,0.0,0.0,0.0,0.0,0.03201503404191776,0.027210574041027794,0.021433577088125554,0.03808358747860666,0.0,0.0,0.0,0.0,0.0,0.0,0.0,0.0,0.0,0.0,0.0,0.0,0.0,0.0,0.0,0.0,0.0,0.0,0.0,0.0,0.0,0.0,0.0,0.0,-0.03271421201841416,-0.019398553685468584,0.0,0.0,-0.021936981319496,0.0,0.0,0.0,0.02214236916705193,0.03374273455763571,0.03258590004457082,0.0,0.0,0.023878856015514937,0.0,0.0,0.0,0.0,0.02441188233633844,0.0,0.0,0.03128695649488173,0.03266484382407964,0.0,0.0,0.02258728584821582,0.02671530913070769,0.0,0.02475576243090143,0.0,0.07120659363151748,0.0,0.0,0.0,0.0,0.025180912397841877
2018-11-30,0.0,0.0,0.05503900330683848,0.0,0.0,0.0,0.0,0.0,0.0,0.0,0.0,0.0,0.0,0.0,0.0,0.0,0.0,0.022223819246968306,0.0,0.07124078991262113,0.03078539612633786,0.028517184867853047,0.0,0.04458371054685921,0.0,0.0,0.03095887451658513,0.0,0.0,0.0,0.0,0.0,0.0,0.0,0.024354209689982937,0.018484888206015192,0.027938469008404698,0.06662405940929556,0.0,-0.018434303407228316,-0.01933490647179891,0.0,0.0,0.0,0.01907908447923122,-0.02217004669995202,0.0,0.0,-0.023015979483341546,0.0,-0.04090730350238359,0.0,0.0,0.0,0.0,-0.027628486264804325,0.0,0.0,0.0,-0.0199084811972727,-0.016838723790133854,0.0,-0.05722448939067456,-0.02874782034787915,0.0,0.0,0.0,0.0,0.0,0.0,0.026235052178371056,0.029979875516925644,0.047522004566523224,0.0,0.0,0.022627566182910612,0.0,0.0,0.0,0.0,0.031203992381188327,0.0,0.0,0.039170738129809896,0.0,0.0,0.0,0.0,0.0,0.0,0.04648638945626752,0.0,0.04273435171554207,0.0,0.0,0.0,0.0,0.0
2018-12-31,0.0,0.0,0.04800501080772372,0.0,0.0,0.0,0.0,0.0,0.0,0.0,0.0,0.0,0.0,0.0,0.0,0.0,0.0,0.022459614688741435,0.0,0.044960300319884926,0.03223657830550207,0.028135242402023662,0.0,0.03851448852590361,0.0,0.0,0.037858196961717897,0.0,0.0,0.01991208402552502,0.0,0.0,0.0,0.0,0.0,0.0,0.0,0.09996227207905538,0.0,-0.02316593341081022,-0.023450939821445978,0.0,0.0,0.0,0.0,-0.022917793951765884,0.0,0.0,-0.021375719792552813,0.0,-0.0551497479391269,0.0,0.0,0.0,0.0,-0.02086424196725878,0.0,0.0,0.0,-0.02642549328933482,-0.02976845470313605,-0.024097976555050322,-0.05294242806973442,-0.0486760486022643,-0.022343662169533044,-0.023147550049490633,-0.024319857195806826,0.0,0.0,0.0,0.0,0.028408900845401184,0.03244685640331349,0.0,0.0,0.0,0.0,0.0,0.0,0.0,0.02805288680959359,0.0,0.0,0.02855388509305499,0.0,0.0,0.0,0.0,0.0,0.0,0.04435443378931034,0.0,0.025937511827627394,0.0,0.0,0.0,0.02155588959831029,0.0
2019-01-31,0.0,0.0,0.046237411713191685,0.0,0.0,0.0,-0.02577323188651303,0.0,-0.024936334768025602,0.0,0.0,0.0,0.0,0.0,0.0,0.0,0.0,0.0,0.0,0.03435565722881049,0.0,0.023395900459410406,0.0,0.0,0.0,-0.034052671928393397,0.0,-0.023589491472228098,-0.034905073509154984,0.03209667952460344,0.0,0.0,0.0,0.0,0.0,0.0,0.0,0.06512647358696683,0.0,-0.03999813007046215,-0.03873065236548516,-0.027887704038194943,0.0,-0.02481000205934016,0.0,-0.030635750182946855,0.0,-0.02759951822267375,-0.028457753467242816,0.0,-0.0637267881927362,0.0,0.0,0.0,0.0,0.0,0.0,0.0,0.0,-0.026034369074972946,0.0,0.0,-0.06697867233504066,-0.027554355370082575,0.0,0.0,-0.026838358931004076,-0.02491200506831556,0.0,0.0,0.0,0.0,0.026261421662435707,-0.027642149803867287,-0.02379815246028721,0.0,0.0,0.0,0.0,0.0,0.0,0.0,0.0,0.03886582572099336,0.02582886518610797,0.0,0.0,0.0,0.0,0.0,0.0,0.0,0.03416283766828142,-0.024807762042231327,0.0,0.0,0.0,0.0
2019-02-28,0.0,0.0,0.0672640778849652,0.0,0.0,0.0,0.0,0.0,0.0,0.0,0.0,0.0,0.0,0.0,0.0,0.0,0.0,0.03459320812438077,0.0,0.051436948286919415,0.03193442938063015,0.03179443828676202,0.020023219699942592,0.025458445105304962,0.0,0.0,0.020217338007322803,0.0,0.0,0.05251777369666561,0.0,0.0,0.0,0.0,0.022336390339979074,0.027704850460702934,0.0,0.0741569997651285,0.0,0.0,0.0,-0.020875222785991396,0.0,0.0,0.024015001660612496,0.0,0.0,-0.024973264007087787,0.0,0.0,-0.03454443710051511,0.0,0.0,0.0,0.0,0.0,0.02782695031132466,0.0,0.0,-0.020775123141802822,0.0,0.0,-0.039506210796183605,-0.022430757261832666,0.0,0.0,-0.027188079102708495,0.0,0.0,0.0,0.0,0.030335849688563805,0.0,-0.02433638197896733,-0.02008224904668702,0.0,0.0,0.0,0.0,0.0,0.0,0.0,0.0,0.05910679847215367,0.03464442584940375,0.0,0.0,0.0,0.0,0.0,0.04171250587034805,0.0,0.04088354159968913,0.0,-0.022867144540098576,0.0,0.024457937747325673,0.0
2019-03-31,0.0,0.0,0.04904776679515065,0.0,0.0,0.0,0.0,0.0,0.0,-0.020133994357181027,0.0,-0.019855948171163682,0.0,0.0,0.0,0.0,0.0,0.026640113463067053,-0.025232747402490457,0.05937944801220991,0.020330102789146914,0.02548977075763928,0.0,0.0,0.0,0.0,0.020077086297187557,0.0,0.0,0.0471990778846767,0.0,0.0,0.0,0.0,0.0,0.0,0.0,0.045076833684621696,0.0,0.0,-0.02228928929507408,0.0,0.0,0.0,0.0,-0.019966490347539296,0.0,-0.034592339479207306,0.0,0.0,-0.03510751639695687,0.0,0.0,0.0,0.0,0.0,0.05063066091973938,0.0,0.0,0.0,0.0,-0.01961298220667701,-0.04551318417741306,-0.031693271768951384,0.0,0.0,0.0,0.0,0.0,0.0,0.03540241373997722,0.05252970174950746,0.03503974129870746,-0.03127516002503426,0.0,0.020310311317642122,0.0,0.0,0.0,0.0,0.0,0.0,0.0,0.06331567878796211,0.0370362402522697,-0.021036555551495046,0.0,0.0,0.0,0.0,0.03189234871931405,0.0,0.03055476497592606,0.0,0.0,0.0,0.023738459376071254,0.0
2019-04-30,0.0,0.0,0.043298011627258666,0.0,0.0,0.0,0.0,0.0,0.0,-0.023676797422651132,0.0,0.0,0.0,0.0,0.0,0.0,0.0,0.021672019938393336,-0.027858057954790946,0.052610753440662794,0.0,0.021578474506938932,0.0,0.017904412759477507,0.0,0.0,0.027581840435806696,0.0,0.0,0.04560204928119368,0.0,0.029994899067055027,0.0,0.02311593637768332,0.0,0.0,0.0,0.033692878115222986,0.022759879856447084,0.0,-0.019719481445718702,0.0,0.0,0.0,0.0,0.0,0.0,-0.03339246740738996,0.0,0.0,-0.030655515245266194,0.0,0.0,0.0,0.0,0.0,0.02940647248389263,0.0,0.0,0.0,0.0,0.0,-0.04153976885348967,-0.026579168845963327,0.0,0.0,0.0,0.0,0.0,0.0,0.041661154888081094,0.056786565586988885,0.06366370962229478,-0.03298312001409015,0.0,0.025498704245976146,0.0,0.0,0.0,0.0,0.0,-0.020908406029457892,0.0,0.05241625673223929,0.033155842651763134,-0.02321626308381232,0.0,0.0,0.0,0.0,0.0,0.0,0.0,0.0,0.0,0.0,0.05407181082884396,0.022999281251149972
2019-05-31,0.0,0.0,0.04015782402842974,0.0,0.0,0.0,0.0,0.0,0.0,0.0,0.0,-0.021066778272792727,0.0,0.0,0.0,0.0,0.0,0.03642950289273145,-0.026650920346947847,0.0433564726138956,0.0,0.024461549703460667,0.0,0.02090970943499284,0.0,0.020441725780705553,0.02999355726769271,0.0,0.0,0.04402795619517737,0.0,0.031927913185953,0.0,0.02493444613145353,0.0,0.0,0.0,0.0,0.032723431407249766,0.0,-0.02251711390676794,0.0,0.0,0.0,0.0,0.0,0.0,-0.03644476453374541,0.0,0.0,-0.03184854596491823,0.0,0.0,0.0,0.0,-0.02188532324002833,0.0,0.0,0.0,0.0,0.0,0.0,-0.04028260848608517,-0.03059769510655836,0.0,0.0,0.0,0.0,0.0,0.0,0.04587593034034743,0.05906045968513739,0.04413425086774879,-0.031678518225604316,0.0,0.020454713849728124,0.0,0.0,0.0,0.0,0.0,-0.022832414776990797,0.0,0.04631324861956711,0.07223580699962033,-0.02636188273379626,0.0,0.0,0.0,0.0,0.0,0.0,0.027899196450191323,0.0,0.0,0.0,0.02249573895168184,0.0
2019-06-30,0.0,0.0,0.0,0.0,-0.027037438460581206,0.0,0.0,0.0,0.0,0.0,0.0,-0.02653757878054589,-0.035379373485416366,0.0,0.0,0.0,0.0,0.02928948236966061,-0.023251158267221725,0.0,0.0,0.0,0.0,0.0,0.0,0.0,0.0,0.0,0.0,0.02395406018281306,0.0,0.0,0.0,0.0,0.0,0.0,0.0,0.0,0.03987223232048102,-0.02652148418946345,-0.03397519352117587,-0.02392425358626554,-0.028324490675183885,0.0,0.0,-0.027232058536753718,0.0,-0.03921670872131275,0.0,0.0,0.0,0.0,0.0,0.0,0.0,-0.023960864839960648,0.0,0.0,0.0,0.0,0.0,-0.02637247049935274,-0.0345836330561342,-0.03622974918636344,0.0,-0.03706973560024389,0.0,-0.031299197948812855,0.0,0.0,0.0338896280070494,0.04193546337298025,0.0,-0.04636989886242823,-0.031451145110046395,0.0,0.0,-0.0236742704350964,0.0,0.0,0.0,-0.029676203846198006,0.0,0.0663157780162141,0.05628585400891844,-0.0315157957144866,0.0,-0.031265113444792346,0.0,0.0,0.0,0.0,0.0,0.0,0.0,0.0,0.0,-0.03358968495404719
2019-07-31,0.0,0.0,0.0,0.0,-0.028492694519487452,0.0,0.0,0.0,0.0,-0.027058767355030437,-0.022642092459545644,-0.03196907742850292,-0.038215779134742,0.0,0.0,0.0,0.0,0.0,0.0,0.0,0.0,0.0,0.0,0.0,0.0,0.031343433002750457,0.023708470608399958,0.0,0.0,0.028934731788600572,0.0,0.0,0.0,0.03179237885219963,0.0,0.0,0.0,0.0,0.02990465354679643,-0.026900193179097157,-0.036379548717122054,0.0,-0.030143054455640025,0.0,-0.021822755520492787,-0.03413956346026662,0.0,-0.043642917037887335,0.0,0.0,0.0,0.0,0.0,0.0,0.022615325964277403,0.0,0.03348502534442399,0.0,0.0214594877405307,0.0,0.0,0.0,0.0,0.0,0.0,-0.033735477313516345,0.0,-0.024685961150986802,0.0,0.0,0.03800961237757188,0.04869940719448323,0.0,-0.042761482624311384,-0.02895092382703583,0.026021573937131743,0.0,0.0,0.0,0.0,0.0,-0.023675502608603793,0.0,0.06815966417296515,0.07667573903846703,0.0,0.0,0.0,0.0,0.0,0.0,0.0,0.0,0.0,0.0,0.0,0.0239747056391332,0.0
2019-08-31,0.0,0.0,0.019578827980353267,0.0,0.0,0.0,0.0,0.0,0.0,-0.02215950885218765,0.0,-0.021704002259867947,-0.03293209768227234,0.0,0.0,0.0,0.0,0.0,0.0,0.0,0.0,0.0,0.0,0.0,0.0,0.08503421990103116,0.034276627016881056,0.04904960465604326,0.0,0.024965070822333794,0.0,0.0535870651895902,0.0,0.0298230080735283,0.0,0.0,0.0,0.0,0.0615930529268388,-0.019601247984560324,-0.026997610399122452,0.0,-0.018972598404643028,0.0,0.0,0.0,0.0,-0.03416265666343251,0.0,0.0,0.0,0.030264379492829497,0.03579819937318676,0.027362346221522976,0.03486863407509248,0.0,0.030914628833365567,0.0,0.0,0.0,0.0,0.0,0.0,0.0,0.03287730210408642,0.0,0.0,0.0,0.0,0.0,0.0,0.030322768000515695,0.0,-0.030389195093013632,-0.02025202235600994,0.026179654528681696,0.0,0.0,0.0,0.0,0.0,0.0,0.0,0.03576761331255858,0.05644321482936649,0.0,0.0,0.0,0.0,0.023246417690320268,0.0,0.0,0.0,0.0,0.025518228112197793,0.025358197164566016,0.0,0.0
2019-09-30,0.0,0.0,0.0,0.0,0.0,0.0,0.0,-0.01903285944818173,0.0,-0.024316481260400532,0.0,-0.0196126728040115,-0.03656676412165123,0.0,0.0,0.0,0.0,0.0,0.0,0.0,0.0,0.0,0.0,-0.02069029557755714,0.0,0.095459331711502,0.03398553354234601,0.06756066783099743,0.020364730250117164,0.0,0.0,0.03402272993257559,0.0,0.0,0.0,0.0,0.0,0.0,0.055015958469429825,-0.019707792977287687,-0.026545146674009177,0.0,-0.021945964604762173,0.0,0.0,0.0,0.0,-0.03382725819480458,0.0,0.0,0.0,0.02922191066569472,0.03474973659498127,0.0381596754610633,0.03694310409437305,0.0,0.03874268981986586,0.0,0.019654445715491672,0.0,0.02651434372943223,0.0,0.0,0.0,0.029570187666997188,0.0,0.0,0.0,0.0,0.0,0.0,0.0,0.0,-0.028407323898743345,0.0,0.0,0.0,0.0,0.0,0.0,0.0,0.0,0.0,0.036474973609597366,0.04877249288502959,0.0,0.0,0.0,0.0,0.026465437433096192,0.0,0.0,0.01937405912051766,0.0,0.03492551411027315,0.023369917795209666,0.0,0.0
2019-10-31,0.0,0.0,0.0,-0.02023876807998276,-0.02394000820902594,-0.02232638992342275,0.0,-0.02138201268493359,0.0,-0.027144388776441996,-0.021054172702512638,-0.022869385549232353,-0.03840296818778374,0.0,0.0,0.0,0.0,0.0,0.0,0.0,0.0,0.0,0.0,0.0,0.0,0.10661784684295406,0.03694560548876025,0.0716459607309879,0.032649620309555455,0.0,0.0,0.022143841949595844,0.0,0.0,0.0,0.0,0.0,0.0,0.04708336731207777,-0.019856787422832506,-0.029747412678164203,0.0,-0.022884409599866568,0.0,0.0,-0.02589289181741779,0.0,-0.0359828296538079,0.0,0.0,0.0,0.0,0.0,0.023539815412530397,0.022833218901435928,0.0,0.02740073671668408,0.0,0.0,0.0,0.0,0.0,0.0,0.0,0.0,0.0,0.026459890749518072,0.0,0.0,0.0,0.0,0.0,0.0,-0.02557113693370178,0.0,0.0,0.0,0.0,0.0,0.0,0.0,0.0,0.0,0.034732077797819054,0.04475364830482838,0.0,0.0,0.0,0.0,0.02665633892208338,0.0,0.0,0.021243753658634217,0.0,0.05379375096968287,0.04420696371372578,0.0,0.0
2019-11-30,0.0,0.0,0.0,-0.022634533093143856,-0.030890820899967183,-0.023355091169686832,0.0,0.0,0.0,-0.051321426391051854,0.0,-0.025528918448680576,-0.04021114028141415,0.0,0.0,0.0,0.0,0.026153983876149693,0.0,0.0,0.0,0.0,0.0,0.0,0.0,0.07004661483114896,0.0,0.06220061721526357,0.030070937278267262,0.0,-0.030437204671577085,0.0,-0.022967490664485293,0.0,0.0,0.0,0.0,0.0,0.054466080036705694,-0.020719082443153975,-0.02711718684297568,0.0,-0.021575931631958978,0.0,-0.020711473604125463,-0.025541751570018215,0.0,-0.03399132530228758,0.0,0.0,0.0,0.0,0.022096718695463657,0.035090171212867935,0.0,0.0,0.043591597192267635,0.024178731401383748,0.025999306847333502,0.0,0.0,0.0,0.0,0.0,0.0,0.0,0.06870518818183552,0.0,0.0,-0.02200387569048011,0.0,0.0,0.0,-0.023100834295452424,0.0,0.0,0.0,0.0,0.0,0.0,0.0,0.0,0.0,0.03442468391967171,0.03965470684714616,0.0,0.0,0.0,0.0,0.021212575464035682,0.0,0.0,0.0,0.0,0.0,0.0,0.0,0.0
2019-12-31,0.0,0.0,0.0,-0.02428788421524609,-0.03602757944868604,-0.02980954704027532,0.0,0.0,0.0,-0.052114552305257224,-0.02108543878506055,-0.024365908278727304,-0.054380364294319285,0.0,0.0,0.0,-0.020236298538773043,0.028949759121258144,0.0,0.0,0.0,0.0,0.0,0.0,0.0,0.040384630958640554,0.0,0.050079531766591,0.0,0.0,-0.039938044126119135,0.0,-0.02197744226459212,0.0,0.0,0.0,0.0,0.0,0.04517812340046696,0.0,-0.029223619569385288,0.0,-0.03146017882306435,0.0,0.0,-0.02185994501746316,0.0,-0.03638829456005428,0.0,0.0,0.0,0.0,0.0,0.029553214893953527,0.0,0.0,0.030476707864867197,0.020102642265540285,0.0,0.0,0.0,0.0,0.0,0.0,0.0,0.0,0.0750365977045952,0.0,0.0,-0.019943114932429635,0.0,0.0,0.0,-0.02633443549146499,0.0,0.0,0.0,0.0,0.030142025929256872,0.0,0.0,0.0,0.0,0.03479589777327002,0.04620459175389931,0.0,0.0,0.0,0.0,0.03415592582185296,0.0,0.0,0.0,0.0,0.0,0.02334403874352284,0.0,-0.02216366431136733
2020-01-31,0.0,0.0,0.0,0.0,-0.02682327003947615,0.0,0.0,0.0,0.0,0.0,0.0,0.0,-0.027778888723914312,0.0,0.0,0.0,0.0,0.021255735219083843,0.0,0.0,0.0,0.0,0.0,0.0,0.0,0.036276939394769565,0.021475852631276916,0.04276121659779114,0.020648099444128282,0.0,-0.020806910293435173,0.0,0.0,0.0,0.0,0.0,0.0,0.0,0.03236267529509282,0.0,0.0,0.0,-0.027764650522123232,0.0,0.0,0.0,0.0,0.0,0.0,0.0,-0.019402425009810507,0.021092122157447702,0.027777871771523348,0.03650192612660806,0.025324152257946847,0.0,0.03760873220833554,0.02244723346521658,0.021515060537895373,0.0,0.0,0.0,0.0,0.0,0.03211355535390958,0.0,0.09057731283764081,0.0,0.0,0.0,0.0,0.0,0.0,-0.023733714200281513,0.0,0.0,0.0,0.0,0.0305528560934874,0.0,0.0,-0.023158589111522642,0.0,0.04816546581988473,0.04937260966266294,-0.03823142132849016,0.0,0.0,0.0,0.0670674867982811,0.0,0.0,0.0,0.0,0.038952973782058295,0.04868948972300186,0.0,-0.019760763592903702
2020-02-29,0.0,0.0,0.0,0.0,-0.022743441691223873,0.0,0.0,0.0,0.0,0.0,0.0,0.0,-0.018502234158378917,0.0,0.0,0.0,0.0,0.0,0.0,0.0,0.0,0.0,0.0,0.0,0.0,0.03052923678051811,0.024902725221850924,0.05475948238045605,0.07467884100950116,0.0,0.0,0.0,-0.018907054729513834,-0.021444081150791727,0.0,0.0,0.0,0.0,0.03057553213635739,0.0,0.0,0.0,-0.02076026303793861,0.0,0.0,0.0,0.0,0.0,0.0,0.03265351120209306,0.0,0.028816587030733105,0.03840049123553328,0.05264820519417395,0.02568833274986327,0.024277448439103008,0.03192135617525698,0.0,0.03726448533563253,0.019742630233482904,0.0,0.0,0.0,0.0,0.022015086192711492,0.0,0.08549725816359983,0.0,0.0,0.0,0.0,0.0,0.0,0.0,0.0,0.0,0.0,0.0,0.020883027583925334,0.0,0.0,-0.020258322376361982,0.0,0.041798448244217544,0.04156275972271603,-0.02404368045913521,0.0,0.0,0.0,0.036717897893466675,0.0,0.0,0.0,0.0,0.03038950740484613,0.028461363680026382,0.0,-0.03915670838659065
2020-03-31,-0.023674269802323337,0.0,0.0,-0.022918975649192517,-0.03271887016826766,0.0,0.0,0.0,0.0,0.0,0.0,0.0,0.0,0.0,0.0,0.0,-0.02287562721991862,0.0,0.0,0.0,0.0,-0.02585384599260883,0.0,-0.023398351521678358,0.0,0.0,0.0,0.05257496274834112,0.029531593032708983,0.0,-0.024654730072416448,0.0,-0.0247826614042611,-0.02708147961165496,0.0,0.0,0.0,0.0,0.0,0.0,0.0,0.0,-0.028129621843055643,0.0,0.0,0.0,0.0,0.0,0.0,0.043998844444406014,0.0,0.0,0.05159081620355718,0.06075799411726148,0.0,0.056615593030957305,0.032224297882904755,0.03290065316406187,0.04323752371793717,0.0,0.0,0.0,0.0,0.0,0.0,0.0,0.061440827859388064,0.0,0.0,0.0,0.0,0.0,0.0,0.0,0.0,-0.02453504251667519,0.0,0.0,0.0,0.0,-0.023529084951765315,-0.027749313697092465,0.0,0.02667646879215367,0.03017605520663106,-0.028980366828502118,0.0,0.0,0.0,0.0334588881512815,-0.022787602061711185,-0.031278590831750254,0.0,0.0,0.0,0.0,0.0,-0.02986704747553588
2020-04-30,-0.030107420056608793,0.0,0.0,0.0,0.0,0.0,0.0,0.0,0.0,0.0,0.0,0.0,0.0,0.0,0.0,0.0,0.0,0.0,0.0,0.0,-0.028751803199662522,-0.02891149809432163,-0.027811444361512762,-0.03193854669777572,-0.023112236787192028,0.0,0.0,0.024867176665735923,0.0,0.0,0.0,0.0,-0.024619147097279855,0.0,0.0,0.0,0.0,-0.035137256305865734,0.0,0.0,0.0,0.0,-0.023531868361822746,0.0,0.0,0.0,0.0,0.0,0.0,0.062706910583574,0.0,0.0,0.09700983833109865,0.06253635079880539,0.0,0.031335546329073996,0.03463483873345639,0.0,0.029901673398322226,0.0,0.0,0.0,0.0,0.0,0.0,0.0,0.0,0.0,0.0,-0.028219148852771655,0.0,0.0,-0.024375379281334156,0.0,0.0,-0.02607685352949983,-0.02575963725094652,-0.027274924056872474,0.0,0.0,0.0,-0.024032099092158695,0.0,0.0,0.03234470827774475,-0.041264324378516945,0.0,0.0,0.0,0.024521492494419022,-0.027005824407274767,-0.035171377078936986,-0.025215307806986966,0.0,0.0,0.0,-0.025043742176421042,-0.0367816255140078
2020-05-31,0.0,0.0,0.0,0.0,0.0,0.0,0.0,0.0,0.0,0.0,0.0,0.0,0.0,0.0,0.0,0.0,0.0,0.0,-0.025679141572789024,0.0,-0.0356325069845327,-0.032463425157034674,-0.03510545424784517,-0.02354844670319224,0.0,0.0,0.0,0.022283531200471173,0.0,0.0,0.0,0.0,0.0,0.0,0.0,0.0,0.0,0.0,0.0,0.0,0.0,0.0,0.0,0.0,0.0,0.0,0.0,0.0,0.0,0.05679608796124742,0.0,0.02241321650841716,0.0734218551115587,0.05188600401787692,0.028095776260435114,0.03757656805004688,0.049235764439169126,0.03260777658776976,0.0442774978838582,0.04549727499029036,0.0,0.0,0.0,0.0,0.024988283847377734,0.0,0.04692009372900938,0.0,0.0,-0.02351579379938523,0.0,0.0,-0.025087278077436503,0.0,0.0,-0.021979670763541365,0.0,-0.019879977069343364,0.0,0.0,-0.027872017105218555,-0.02058163145673224,0.0,0.023830174879083833,0.03956060807184893,0.0,0.0,0.0,0.0,0.02946730246378083,-0.030686018152097545,-0.027362080299275914,-0.02174874260933398,0.0,0.0,0.0,0.0,0.0
2020-06-30,0.0,0.0,0.0,0.0,0.0,0.0,0.0,0.0,0.0,0.0,0.0,0.0,0.0,0.0,0.0,0.0,0.0,0.0,-0.01822873501197666,0.0,-0.03951809422981815,-0.030752816516770882,-0.021946364124931214,0.0,0.0,0.0,0.0,0.036951728193870235,0.0,0.0,0.0,0.0,0.0,0.0,0.0,0.0,0.0,0.0,0.0,0.0,0.0,0.0,0.0,0.0,0.0,0.0,0.0,0.0,0.0,0.05027126157787699,0.021952933826968366,0.020795482652137272,0.06722151966259628,0.060153976372943306,0.02435478453199352,0.02912211180211394,0.03644841201239335,0.021090554327461503,0.03944143351047242,0.03967120766095148,0.0,0.028777552055675896,0.0,0.0,0.024153534818274675,0.0,0.03444317903633214,0.0,0.0,-0.023423885891653177,0.023742694396023698,0.0,0.0,0.0,0.0,0.0,0.0,0.0,0.04023163660017428,0.0,-0.023191426605631612,-0.024786492188054312,0.0,0.03605934526825432,0.055107981421621356,0.0,0.0,0.0,0.0,0.055691676576211685,-0.02679607217652691,-0.026711421765888005,-0.018961685184402496,0.0,0.0,0.0,0.0,0.0
2020-07-31,0.0,0.0,0.0,0.0,0.0,0.0,0.0,0.0,0.0,0.0,0.0,0.0,0.0,0.0,-0.020758367463182104,0.0,0.0,0.0,-0.02001694459489682,0.0,-0.042529896017948855,-0.03590689035142465,-0.023153893871856086,0.0,0.0,0.0,0.0,0.0,0.0,0.0,0.0,0.0,0.0,0.0,0.0,0.0,0.0,0.0,0.0,0.0,0.0,0.0,0.0,-0.02115865988686017,0.0,0.0,0.0,0.0,0.0,0.06157535617545816,0.03321837764324095,0.0,0.061144076538361465,0.047896467667044085,0.0,0.03324014223408023,0.04054095302455266,0.0269291690795783,0.04358837639144349,0.0355347713655509,0.0,0.030646110328306286,0.0,0.0,0.022686661547978493,0.0,0.033927461238212796,0.0,0.0,-0.024406267148116986,0.0,0.0,0.0,0.0,0.0,0.0,-0.021296789921709296,-0.020262349850383086,0.02051154600634222,0.0,-0.02141540836703822,-0.02378989944719161,0.0,0.036932975674966145,0.05258644217441626,0.0,0.0,0.0,0.0,0.0477288577028359,-0.031424882371858004,-0.04252925796466618,-0.02266274795049965,0.0,0.0,0.0,0.0,0.0
2020-08-31,0.0,0.0,0.0,0.0,0.0,0.0,0.0,0.0,0.0,0.0,0.0,0.0,0.0,0.0,-0.018914531567723752,0.0,0.0,0.0,0.0,0.0,-0.03919336747265885,-0.03349039918679172,-0.02347249367499182,0.0,0.0,0.0,0.0,0.0,0.0,0.0,0.0,0.0,0.0,0.0,0.0,0.0,0.0,0.0,0.0,0.0,0.0,0.0,0.0,0.0,0.0,0.0,0.0,0.0,0.0,0.06071239265567797,0.07444813117864695,0.02320018402993151,0.06428977745171191,0.05156111420370937,0.019944291642860535,0.04013958050688371,0.04054466479710998,0.03636325352568975,0.05365465138972565,0.03040136022786137,0.0,0.04161241841873568,0.02364965880794689,0.0,0.0257297075133572,0.017648497973660342,0.026646412795463655,0.0,0.0,-0.021053711255823136,0.0,0.0,0.0,0.0,0.0,-0.017758459767374727,-0.018008833569163746,0.0,0.0,0.0,-0.01885057216978782,-0.018435297341529835,0.0,0.03252437300199733,0.03846394444159537,0.0,0.0,0.0,0.0,0.03202855648247214,-0.02164286798500163,-0.03561649496411574,0.0,0.0,0.0,0.0,0.0,0.0
2020-09-30,-0.020029695892225096,0.0,0.0,0.0,0.0,0.0,0.0,0.0,0.0,0.0,0.0,0.0,0.0,0.0,-0.01727916455111231,0.0,0.0,0.0,0.0,0.0,-0.038976574741444406,-0.03756921315518272,-0.021055537575899577,0.0,0.0,0.0,0.0,0.0,0.0,0.0,0.0,0.0,0.0,0.0,0.0,0.0,0.0,0.0,0.0,0.0,0.0,0.0,0.0,0.0,0.0,0.0,0.0,0.0,0.0,0.050889038299369665,0.05736580073980749,0.02854380313042695,0.05469533244414746,0.04589493617900066,0.019257494824557575,0.03452776821952552,0.04204818431477575,0.04172186728190726,0.06366879451028526,0.027818771779029073,0.0,0.04225638590923747,0.031351958200264506,0.02381158302512504,0.027738543547427066,0.03204246436459753,0.03531860229690589,0.0,0.017271819239199116,-0.021703782259791443,0.01900126720395703,0.0,0.0,0.0,0.0,0.0,0.0,0.0,0.0,0.0,-0.01837621810682835,0.0,0.0,0.036810706319421134,0.039974717519409106,0.0,0.0,0.0,0.0,0.03460628736703843,0.0,-0.01839368700210105,0.0,0.0,0.0,0.0,0.0,0.0
2020-10-31,-0.023696321670688393,0.0,0.0,0.0,0.0,0.0,0.0,0.0,0.0,0.0,0.0,0.0,0.0,0.0,-0.027929996510810275,0.0,0.0,-0.021168849311051174,0.0,0.0,-0.047822215095205955,-0.04803909699970705,-0.02397300675390638,0.0,0.0,-0.024363458346274135,0.0,0.0,0.0,0.0,0.0,0.0,0.0,0.0,0.0,0.0,0.0,0.0,0.0,-0.02372021284977171,0.0,0.0,-0.020520231598642705,0.0,-0.027847972525529015,0.0,0.0,0.0,0.0,0.04306331967920297,0.07137790243320696,0.02707251054938053,0.04179700503155093,0.03504581142286663,0.0,0.03519824334547027,0.031699752911972544,0.03177117872128383,0.053912098901575986,0.0,0.0,0.03569456604306675,0.025067134966201908,0.0,0.0,0.026770697175440485,0.037245831559450195,0.0,0.0,-0.02630477016585573,0.0,0.0,0.0,0.0,0.0,0.0,0.0,0.0,0.0,-0.0332539307897762,-0.02591035279938294,0.0,0.0,0.028568690397948352,0.03712013869052516,0.0,0.0,0.0,0.0,0.04174115307255979,0.0,0.0,-0.022303549681695053,0.0,0.0,0.0,0.0,0.0
2020-11-30,-0.037970255547510434,0.0,-0.026107197687342633,0.0,0.0,-0.030620033264352305,-0.02724218298298517,0.0,0.0,-0.04827004681502542,0.0,0.0,0.0,0.0,-0.025937470431473673,0.0,0.0,0.0,0.0,0.0,-0.029648889670698047,-0.032186568387240946,0.0,0.0,0.0,0.0,0.0,0.0,0.0,0.0,-0.028980029428006447,0.0,0.0,-0.02408509905569406,0.0,0.0,0.0,-0.035579895690438026,0.0,0.0,0.0,0.0,0.0,0.0,-0.037210514209754554,0.0,0.0,-0.03548388097939877,0.0,0.053315007388578674,0.029507554252782106,0.03103768661997617,0.0335844773877442,0.03595788971762865,0.0,0.03759213562892595,0.0,0.0,0.02966980706043752,0.02943036812932572,0.0,0.03892018537144838,0.029847973345718763,0.0,0.0,0.026199097797737735,0.051992413719029,0.028683010072770708,0.030971804437800426,0.0,0.0,0.0,0.0,0.0,0.0,0.0,0.0,0.0,0.025645889015744574,-0.02731260626680653,0.0,0.0,0.0,0.0,0.0,0.0,0.0,0.0,0.0,0.04101002963762432,0.0,0.0,0.0,0.0,0.0,0.0,0.0,0.0
2020-12-31,-0.025339820571619976,0.0,0.0,0.0,0.0,0.0,0.0,0.0,0.0,0.0,0.0,0.0,0.0,0.0,0.0,0.0,0.0,0.0,0.0,0.0,0.0,-0.01909885239286693,0.0,0.0,-0.018079984680836384,0.0,-0.017598066862798082,0.0,0.0,0.0,-0.02128517180772951,0.0,0.0,-0.025050259809737123,0.0,0.0,0.0,-0.018265723734940308,0.0,0.0,0.0,0.0,0.0,0.0,0.0,0.0,0.0,-0.022518830741012196,0.0,0.049393612200234485,0.049331042181228,0.0,0.031298267868121246,0.047998015803957225,0.0,0.0356621141724108,0.0,0.01942050370788651,0.018670497921154664,0.019592127007249476,0.0,0.07009746573255467,0.03500099754576749,0.0,0.0,0.05062094446956031,0.0921143916292264,0.05290903630359599,0.051078184485620896,-0.017047668829344567,0.0,0.0,0.0,0.0,0.0,0.0,0.0,0.02492795410677306,0.037260345890099564,0.0,0.0,0.0,0.0,0.019683615958749814,0.020357108416798993,-0.018705057766815886,0.0,0.0,0.02359224943367828,0.04800208796763123,0.0,0.0,0.0,0.0,0.0,0.0,0.0,0.0
2021-01-31,-0.01873026312962732,0.0,0.0,0.0,0.0,0.0,0.0,0.0,0.0,0.0,0.0,0.0,0.0,0.0,0.0,0.0,0.0,0.0,0.0,0.0,0.0,0.0,0.0,0.0,0.0,0.0,0.0,0.0,0.0,0.0,-0.021179516132002637,-0.017393210488198804,0.0,-0.02268256544978674,0.0,0.0,0.0,0.0,0.0,0.0,0.0,0.0,0.0,0.0,0.0,0.0,0.0,-0.01775896849142556,0.0,0.058428229629718255,0.029955195807313012,0.0,0.026948585782962067,0.03346135201616659,0.0,0.0329349011009568,0.022323860472666053,0.01992139350419463,0.02487144128777213,0.01946573594133578,0.0,0.055149039673156944,0.04643886987990975,0.025482960099956785,0.0,0.03824702906721755,0.10335496209147058,0.06804073433282877,0.0697074190462223,0.0,0.03177929189166217,0.0,0.0,0.0,0.0,0.0,0.0,0.02268646360124142,0.03274233066076734,0.0,0.0,0.02017462822554462,0.0,0.024265332230730272,0.0,0.0,0.019358755691274744,0.0,0.02137100047677237,0.03612141779182658,0.0,0.0,0.0,0.01902454600529155,0.0,0.0,0.0,0.0
2021-02-28,0.0,0.0,0.0,0.0,0.0,0.0,0.0,0.0,0.0,0.0,0.0,0.0,0.0,0.0,0.0,0.0,0.0,0.0,0.0,0.0,0.0,0.0,0.0,0.0,0.0,0.0,-0.01647304893507244,0.0,0.0,0.0,-0.01787234506137968,0.0,0.0,-0.01898074685781054,0.0,0.0,0.0,0.0,0.0,0.0,0.0,0.0,0.0,0.0,0.0,0.0,0.0,0.0,0.0,0.08023397908970636,0.027129937586333853,0.0,0.02854309081533911,0.06118252420794279,-0.020297772278834062,0.041730497061103565,0.0,0.0,0.03185941173769103,0.0,0.0,0.03945532412841144,0.05747260790848094,0.0,0.014996854480521198,0.029035510851660104,0.07622276964271105,0.07682611166891869,0.07234052307357491,0.0,0.03552344428140891,0.023385502704546517,0.017142790607855077,0.0,0.0,0.03283955559798226,0.0,0.020616438350624,0.02179105185036548,0.0,0.0,0.01678329465159407,0.0,0.018135866613009175,0.029535305577351786,0.017878092524113896,0.01705367841938053,0.0,0.0,0.022355419539713994,0.016306503896562786,0.0,0.0,0.0,0.0,0.0,0.0,0.0
2021-03-31,0.0,0.0,0.0,0.0,0.0,0.0,0.0,0.0,0.0,0.0,0.0,0.0,0.0,0.0,0.0,0.0,0.0,0.0,0.0,0.0,0.0,0.0,0.0,0.0,0.0,0.0,0.0,0.0,0.0,0.0,0.0,0.0,0.0,-0.018529932895793768,0.0,0.0,0.0,0.0,0.0,0.0,0.0,0.0,0.0,0.0,0.0,0.0,0.0,0.0,0.0,0.051728000938867834,0.03389553817118339,0.0,0.022917819383083616,0.029183723891618128,0.0,0.03100967844399009,0.0,0.0,0.03419451123242867,0.0,0.0,0.054191329520905364,0.06558855989713554,0.0188457298723833,0.021667866067945876,0.045230834117805346,0.0876558480210857,0.09099224975773366,0.07041312351443406,0.0,0.03998792004840782,0.027274794469403688,0.017512474588399458,0.0,0.01580963480309708,0.021807161358079603,0.0,0.020187157220695896,0.0256632161501892,0.0,0.0,0.020040981410147558,0.0,0.01525249287427601,0.024381518993674647,0.0,0.017202478799001678,0.0,0.0,0.0,0.029130936500339058,0.0,0.0,0.0,0.0,0.015454231569079985,0.01653348590588341,0.01771676958293044
2021-04-30,0.0,0.0,0.0,0.0,0.0,0.0,0.0,0.0,0.0,0.0,0.0,0.0,0.0,0.0,0.0,0.0,0.0,0.0,0.0,0.0,0.0,0.0,0.0,0.0,0.0178589245367324,0.0,0.0,0.0,0.0,0.0,0.0,0.0,0.0,-0.021990055654098374,0.0,0.0,0.0,0.0,0.0,0.0,0.0,0.0,0.0,0.0,0.0,0.0,0.0,0.0,0.0,0.03687331130729451,0.08190489147457601,0.0,0.01939325166568598,0.0,0.0,0.02450435682346966,0.0,0.0,0.020053548239044372,0.023275945660729467,0.0,0.03924525869462236,0.03699992330657045,0.0,0.0,0.03192615437904114,0.06324680740443105,0.07991184187262465,0.06207795101567764,0.0,0.030345105311869704,0.022673953617685226,0.02094091409355827,0.0,0.036232183247292986,0.03858412814875036,0.017268273570331245,0.03144267109488157,0.023787818095907565,0.0,0.0,0.029688044943531406,0.0,0.020469683571064677,0.02778874084548435,0.0,0.018415012950799205,0.0,0.0,0.0,0.046357237484617134,0.0,0.0,0.0,0.0,0.01907063955736599,0.025121496712663692,0.032551874719598646
2021-05-31,0.0,0.0,0.0,0.0,0.0,0.0,0.0,0.0,0.0,0.0,0.028001276125601632,0.0,0.0,0.0,0.0,0.0,0.0,0.0,0.0,0.0,0.0,0.0,0.0,0.0,0.020377802327829313,0.0,0.0,0.0,0.0,0.02403409750575281,0.0,0.0,0.0,0.0,0.0,0.0,0.0,0.0,0.025743759986040005,0.0,0.0,0.0,0.0,0.0,0.0,0.0,0.0,0.0,0.0,0.0384180370282941,0.10046443472401995,0.0,0.021118380702967187,0.0,0.0,0.03418394872728437,0.0,0.0,0.02554750746817669,0.019859029107907874,0.0,0.028723186129540758,0.03289290275279131,0.0,0.0,0.022641588733981456,0.05579793894572638,0.07042992639868802,0.05591748993194115,0.0,0.035143008261192626,0.023880276614885704,0.02739172060268742,0.0,0.0,0.02074045268345061,0.0,0.025187574431772945,0.023421699643362194,0.0,0.0,0.0,0.0,0.019586360415133963,0.020632813930048437,0.0,0.0,0.0,0.0,0.0,0.07803893469471458,0.0,0.0,0.020173384202497615,0.021189239599739243,0.020869707578101603,0.022407363904918067,0.037186156840952084
2021-06-30,0.0,0.0,0.0,0.0,0.0,0.0,0.0,0.0,0.0,0.0,0.020275979966689978,0.2,0.0,0.0,0.0,0.0,0.0,0.0,0.0,0.0,0.0,-0.015758326708191005,0.0,0.019014452328731484,0.0,0.0,0.0,0.0,0.0,0.07316836305499817,0.0,0.0,0.050215359992553645,-0.016843478483973287,0.0,0.0,0.0,0.0,0.025527807104658608,0.0,0.0,0.0,0.0,0.0,0.0,0.0,0.0,0.0,0.0,0.0216108263663993,0.07952252853128511,0.0,0.017337587549420965,0.0,0.0,0.021703014000080983,0.0,0.0,0.016823244387071768,0.0,0.0,0.0,0.01741509368351341,0.0,0.0,0.0,0.022300488974413394,0.062495954935512514,0.037929976291658965,0.0,0.02064738758012392,0.0,0.029581183587920164,0.0,0.0,0.015888116682851422,0.0,0.021539874075742982,0.017139351790379034,0.0,0.0,0.018137264503363153,0.0,0.016652496831227992,0.0,0.0,0.0,0.0,0.015601111550765457,0.0,0.043543041828799464,0.018587490032484177,0.0,0.0,0.018585893856030163,0.0,0.02187348485731981,0.024280820463839864
2021-07-31,0.0,0.0,0.0,0.0,0.0,0.0,0.0,0.0,0.0,0.0,0.03808810010612618,0.2,0.01740096193491684,0.0,0.0,0.0,0.0,0.0,0.0,0.0,0.0,0.0,0.0,0.0,0.0458039797123009,0.0,0.0,0.0,0.0,0.047290662512747744,0.0,0.0,0.06785904712516476,0.0,0.0,0.0,0.0,0.0,0.027953296323183496,0.0,0.0,0.0,0.0,0.0,0.0,0.0,0.0,0.0,0.0,0.0,0.0676549389001753,0.0,0.0,0.0,0.0,0.0,0.0,0.0,0.0,0.0,0.0,0.0,0.014021007604150364,0.0,0.0,0.0,0.01587158965757338,0.04211550651669918,0.03498071320108866,0.019267008146403183,0.02381484299014244,0.019927908235044665,0.04651157529475339,0.018314815399054867,0.015163249987281392,0.02300410279666581,0.01552764515797561,0.02144452756202018,0.0,0.0,0.0,0.024631694386534377,0.0,0.014872547440099066,0.0,0.013877907752423353,0.0,0.0,0.014996542058770684,0.0,0.016764418644851946,0.023114364193455993,0.01571266733678131,0.0,0.0,0.0,0.026526221869008156,0.027488157154606938
2021-08-31,0.0,0.0,0.0,0.0,0.0,0.0,0.0,0.0,0.0,0.0,0.02966608152535983,0.2,0.0,0.0,0.0,0.0,0.0,0.0,0.0,0.0,0.0,0.0,0.0,0.0,0.020554515256357365,0.0,0.0,0.0,0.0,0.03366918652527627,0.0,0.0,0.03110368728726612,0.0,0.0,0.0,0.0,0.0,0.03456303876214445,0.0,0.0,0.0,0.0,0.0,0.0,0.0,0.0,0.0,0.0,0.0,0.0553929799253664,0.0,0.0,0.0,0.0,0.0,0.0,0.0,0.0,0.0,0.0,0.0,0.0,0.0,0.014987283826866565,0.0,0.02374113501226412,0.044451185438143144,0.040401364196053585,0.02645452963212859,0.02914893459029937,0.029559318142851045,0.039273873897697556,0.02541624981432668,0.0,0.03185473612675565,0.023286799987401602,0.033272774012565225,0.0,0.0,0.0,0.03160640847471965,0.0,0.021885913244480637,0.0,0.01954567377043251,0.015869374611771275,0.0,0.02119308561293492,0.0,0.02034242157898075,0.020302506954297164,0.0,0.0,0.0200016141208398,0.018908483132403363,0.01776849421921379,0.025778350320802557
2021-09-30,0.0,0.0,0.0,0.0,0.0,0.0,0.029452748464027047,0.0,0.03115441962028372,0.07730426306601436,0.06300998014311342,0.2,0.059883346979482124,0.0,0.0,0.024835163660781406,0.0,0.0,0.0,0.0,0.0,0.0,0.0,0.0,0.01465231024449017,0.0,0.022196719551529676,0.0,0.0,0.029846645813595765,0.0,0.016044385174595655,0.03286762909329058,0.0,0.0,0.01770407978083725,0.0,0.0,0.03309864171162998,0.0,0.016911575071860814,0.0,0.0,0.0,0.0,0.0,0.0,0.0,0.014446936279692464,0.0,0.0,0.0,0.0,0.0,0.0,0.0,0.0,0.0,0.0,0.0,0.0,0.0,0.0,0.0,0.0,0.0,0.039229367903308304,0.03238495151040491,0.025390483894724626,0.016461303088572705,0.0,0.0,0.0,0.0389590229459775,0.0,0.018234490992234897,0.0,0.01816392682464735,0.0,0.0,0.0,0.017539196262658176,0.0,0.0,0.0,0.0,0.015542130461916895,0.016798308968243972,0.01714472231121401,0.0,0.019958355607287166,0.0,0.0,0.0,0.01594388891004787,0.024841005663537183,0.0,0.0
2021-10-31,0.0,0.0,0.0,0.0,0.0,0.0,0.024613989158287917,0.0,0.0,0.02875244100678877,0.03419421604668001,0.2,0.04047116672363559,0.02087515140660337,0.0,0.01861641443880613,0.0,0.0,0.0,0.0,0.0,0.0,0.0,0.0,0.0,0.0,0.030053313322752264,0.0,0.0225721045090467,0.02802892214379952,0.0,0.0,0.027868096170352144,0.0,0.0,0.019286185249663353,0.0,0.0,0.02344817244316691,0.0,0.0,0.0,0.0,0.0,0.0,0.0,0.0,0.0,0.040420761714392676,0.0,0.02296437799215297,0.0,0.0,0.0,0.0,0.0,0.0,0.0,0.0,0.0,0.0,0.0,0.0,0.0,0.0,0.0,0.0,0.03014640460002768,0.02021561143281194,0.02750022272377142,0.0,0.0,0.0,0.09189836721642793,0.026053974262630064,0.03544722105061318,0.0,0.02004036583600949,0.0,0.0,0.0160179603366579,0.025130875750154758,0.0,0.01686411518779956,0.0,0.0,0.0,0.016236403845558047,0.019912518579884977,0.0,0.033061959056670406,0.021675235543104406,0.0,0.0,0.0,0.01763345225174993,0.0,0.0
2021-11-30,0.0,0.0,0.0,0.0,0.016194882539390634,0.0,0.03696249534816103,0.0,0.01737521329517523,0.03985312130629744,0.03509261459269216,0.2,0.03912174409514636,0.02221250864592789,0.0,0.017944834063427065,0.0,0.0,0.0,0.0,0.0,0.0,0.0,0.0,0.0,0.0,0.021786642709795374,0.0,0.02361280669555752,0.03629428914264445,0.0,0.0,0.026613140654907025,0.0,0.0,0.018044154344058604,0.0,0.0,0.028113021885764023,0.0,0.0,0.0,0.0,0.0,0.0,0.0,0.0,0.0,0.0,0.0,0.02627973574269282,0.0,0.0,0.0,0.0,0.0,0.0,0.0,0.0,0.0,0.0,0.0,0.0,0.0,0.0,0.0,0.0,0.035893980416600774,0.0,0.029592613480152397,0.0,0.0,0.0,0.06623381625601361,0.01672184145013939,0.0352181882079147,0.016412131840107702,0.02038173295811306,0.0,0.0,0.0,0.03370526731957733,0.0,0.0,0.0,0.0,0.0,0.0,0.018804488891214378,0.0,0.034906634079969565,0.02767199689869515,0.0,0.02225220361350929,0.0,0.01727550415624987,0.0,0.019428395370105312
2021-12-31,0.0,0.0,0.0,0.0,0.0,0.01726773378316589,0.04050827846752117,0.0,0.0,0.04195426293302194,0.03171419723691409,0.2,0.026928973790472568,0.024014181077370172,0.0,0.01685461269790615,0.0,0.0,0.0,0.0,0.0,0.0,0.0,0.0,0.0,0.0,0.022037161417986822,0.0,0.0,0.03881411584144794,0.0,0.0,0.0494273143143737,0.0,0.0,0.0,0.0,0.0,0.03123516523685435,0.0,0.0,0.0,0.0,0.0,0.0,0.0,0.0,0.0,0.0,0.0,0.027804160148329204,0.0,0.0,0.0,0.0,0.0,0.0,0.0,0.0,0.0,0.0,0.0,0.0,0.0,0.0,0.0,0.0,0.032391539974842565,0.0,0.03037470417752644,0.0,0.0,0.0,0.05960434278778576,0.0,0.025728301345922095,0.021075194518779452,0.02027062932620636,0.0,0.0,0.0,0.017126388860184062,0.029762810608722025,0.0,0.0,0.0,0.0,0.01775017125717983,0.01968649999280544,0.0,0.02078749874017149,0.03262132482065321,0.01724825283589216,0.019945655305636793,0.0,0.0176620285957954,0.019899116776041184,0.02950538313049177
2022-01-31,0.0,0.0,0.0,0.0,0.0,0.01992264013549119,0.04788241597792571,0.0,0.0,0.05277249355521997,0.02892615645077149,0.2,0.026835085716101405,0.024924840639854447,0.0,0.020261334584000278,0.0194486734710126,0.0,0.0,0.0,0.0,0.0,0.0,0.0,0.0,0.0,0.026756548622346516,0.0,0.0,0.029088699630870702,0.0,0.0,0.0459749146865753,0.0,0.0,0.0,0.0,0.0,0.030898811026592032,0.0,0.0,0.0,0.0,0.0,0.0,0.0,0.0,0.0,0.0,0.0,0.0,0.0,0.0,0.0,0.0,0.0,0.0,0.0,0.0,0.0,0.0,0.0,0.0,0.0,0.0,0.0,0.0,0.033046311952394956,0.0,0.038802023330578216,0.0,0.0,0.0,0.047545117327006746,0.0,0.030059284169636435,0.023527512132450513,0.019736449875826456,0.019771642559667055,0.0,0.0,0.018096542687077395,0.031107439524491878,0.0,0.0,0.0,0.017393152002788893,0.01889978422072289,0.0,0.0,0.02278597032727894,0.02957118014497849,0.0,0.017598238510562216,0.0,0.020519489801329314,0.01720419723806017,0.02064304969838794
2022-02-28,0.0,0.014710384112590444,0.017348560007957838,0.01709582978032086,0.01867709002032496,0.03412143099351959,0.09269035386172199,0.0,0.017271591577503353,0.07441379614842751,0.031166533058021376,0.2,0.03384521735798631,0.026860399738359398,0.0,0.028340776300462545,0.024953871515889778,0.0,0.0,0.0,0.0,0.0,0.0,0.0,0.0,0.0,0.03120866075154155,0.0,0.0,0.029612468399867243,0.0,0.0,0.039431812530883806,0.0,0.0,0.025290554623321294,0.0,0.0,0.024161113434114652,0.0,0.0,0.020449865864539063,0.0,0.0,0.0,0.015211681199203037,0.0,0.0,0.0,0.0,0.016229458600822293,0.0,0.0,0.0,0.0,0.0,0.0,0.0,0.0,0.0,0.0,0.0,0.0,0.0,0.0,0.0,0.0,0.017483640477790618,0.0,0.0353498823684121,0.0,0.0,0.0,0.032618383695552096,0.0,0.0,0.014726911281680239,0.0,0.0,0.0,0.0,0.0,0.018257070782444464,0.0,0.0,0.0,0.0,0.015728512839100494,0.0,0.0,0.0,0.016966304610908884,0.01577784406673209,0.0,0.0,0.0,0.0,0.0
2022-03-31,0.014518604086584182,0.02107336705180169,0.01766914974382141,0.01966032043313383,0.021966469518077666,0.04008908166736636,0.0836525931955095,0.0,0.02637937897298866,0.07198436392300392,0.031965191153339054,0.2,0.03854536939118325,0.029714943733880762,0.01362809059001593,0.031361557232066184,0.037007421481181316,0.013225322739421392,0.0,0.0,0.0,0.0,0.0,0.014916978693295843,0.0,0.0,0.02538702354708392,0.0,0.0,0.02294249846660361,0.0,0.0,0.03604453578807464,0.0,0.0,0.026707693179214034,0.0,0.0,0.017631407686321533,0.0,0.0,0.01809858340931105,0.0,0.0,0.0,0.018299923907437243,0.0,0.0,0.022967327421849454,0.0,0.0,0.0,0.0,0.0,0.0,0.0,0.0,0.0,0.0,0.0,0.0,0.0,0.0,0.0,0.0,0.0,0.0,0.0,0.0,0.0211105967178935,0.0,0.0,0.0,0.03151791011350925,0.0,0.0,0.0,0.0,0.0,0.0,0.0,0.0,0.015477968763562347,0.0,0.0,0.0,0.0,0.0,0.0,0.0,0.0,0.0,0.016456327392468353,0.0,0.0,0.0,0.0,0.0
2022-04-30,0.014043795942619156,0.02166662876135616,0.02209600085349179,0.019106748387886747,0.02446563873594793,0.046963932056841726,0.07550478972175184,0.0,0.030549520203233885,0.058514190458197585,0.04848634023274256,0.2,0.035016338876653605,0.028514226709291837,0.014326906613811773,0.04019791002105865,0.041333830244931986,0.014814522846465124,0.0,0.0,0.0,0.0,0.0,0.01959942834754176,0.0,0.0,0.01984368581781247,0.0,0.0,0.01955534908719307,0.0,0.0,0.025887544566488015,0.0,0.012750985062167305,0.024145382789149017,0.0,0.0,0.0,0.0,0.0,0.0,0.0,0.0,0.0,0.018695944660700202,0.0,0.0,0.01908213964147484,0.0,0.0,0.0,0.0,0.0,0.0,0.0,0.0,0.0,0.0,0.0,0.0,0.0,0.0,0.0,0.0,0.0,0.0,0.0,0.0,0.02218543521517559,0.0,0.013879892990744184,0.0,0.027508309094174684,0.0,0.0,0.0,0.0,0.0,0.0,0.0,0.0,0.021087597615130436,0.0,0.0,0.0,0.0,0.0,0.0,0.0,0.0,0.0,0.02017698444596597,0.0,0.0,0.0,0.0,0.0
2022-05-31,0.02286786110578764,0.021065665283879185,0.023858163611259295,0.024692476128130362,0.02269400025948251,0.041782962955043766,0.07500902460082981,0.0,0.03598376379862834,0.05519899339643499,0.052862045319225996,0.06769325427503665,0.040900387745747564,0.03477301613894355,0.030177538160633614,0.06780671335371025,0.05917571989222792,0.0,0.0,0.0,0.0,0.0,0.0,0.020402172632450886,0.018559650185139873,0.0,0.021283562637335118,0.0,0.0,0.027153957022753434,0.0,0.0,0.027832710052601732,0.0,0.0,0.031604288143514236,0.0,0.0,0.01832485310017575,0.0,0.0,0.0,0.0,0.0,0.0,0.022883564979856795,0.0,0.0,0.0,0.0,0.02689155712852706,0.0,0.0,0.0,0.0,0.0,0.0,0.0,0.0,0.0,0.0,0.0,0.0,0.0,0.0,0.0,0.0,0.0,0.0,0.029357918458763062,0.0,0.0,0.0,0.017834686347652402,0.0,0.0,0.02219758104919583,0.0,0.0,0.0,0.0,0.0,0.0,0.0,0.0,0.0,0.0,0.0,0.0,0.0,0.0,0.0,0.021052560011588988,0.0,0.0,0.0,0.0,0.018079352225443424
2022-06-30,0.02468074803828398,0.025203735631654817,0.026818645567996152,0.025870211867464077,0.027227562971273638,0.027200940468993295,0.04980058323574383,0.0,0.03632559811983383,0.04096079627116547,0.04170766907835494,0.047171257398628104,0.039211438098373574,0.03742287808637949,0.057514336290292116,0.04828253239365483,0.08843684005194886,0.0,0.0,0.0,0.0,0.0,0.0,0.019285622094325047,0.024560113340333967,0.0,0.018871934369494078,0.0,0.0,0.021094695652610792,0.021665607981030358,0.0281012163429971,0.02417497681692813,0.0,0.029931862214484267,0.04131583880041449,0.0,0.0,0.0,0.0,0.0,0.0,0.0,0.0,0.02084084946588291,0.026510280144843548,0.0,0.0,0.02174178104025117,0.0,0.03023421033299345,0.0,0.0,0.0,0.0,0.0,0.0,0.0,0.0,0.0,0.0,0.0,0.0,0.0,0.0,0.0,0.0,0.0,0.0,0.027835237833369674,0.0,0.0,0.0,0.0,0.0,0.0,0.0,0.0,0.0,0.0,0.0,0.0,0.0,0.0,0.0,0.0,0.0,0.0,0.0,0.0,0.0,0.0,0.0,0.0,0.0,0.0,0.0,0.0
2022-07-31,0.03197627154895657,0.023114755514010644,0.030916914943981764,0.030681027319969904,0.03604465734552797,0.026636360737187097,0.04920433086664822,0.0,0.02905988468418886,0.0287273455493933,0.0393364163709051,0.0555193994876837,0.04138075303041367,0.04008779381199405,0.04408258394434113,0.05346089579504453,0.053839390861871166,0.0,0.0,0.0,0.0,0.0,0.0,0.030707170728358664,0.020828189026188236,0.0,0.0,0.0,0.0,0.04624774597343683,0.024885565541726638,0.0,0.02252480981349061,0.0,0.02546786437371737,0.027077203151331043,0.0,0.0,0.0,0.0,0.0,0.0,0.0,0.0,0.020537516161689993,0.027621335570356533,0.0,0.0,0.0,0.0,0.0442896815729466,0.0,0.0,0.0,0.0,0.0,0.0,0.0,0.0,0.0,0.0,0.0,0.0,0.0,0.0,-0.025636516069404272,0.0,0.0,0.0,0.0,0.0,0.0,0.0,0.022582909304922127,0.0,0.0,0.021696156873896654,0.0,0.0,0.0,0.0,0.0,0.0,0.0,0.0,0.0,0.0,0.0,0.0,0.0,0.0,0.0,0.025828554026416702,0.0,0.0,0.0,0.0,0.0
2022-08-31,0.03961127949700344,0.022868455091130394,0.028828135200582167,0.030436093065537923,0.03389158122078202,0.024566127875115265,0.04576178179426494,0.0,0.023250347870418124,0.0,0.03714135391732619,0.040368704388924315,0.03143628921979244,0.04116891634903864,0.03341226892597466,0.044665063830045926,0.05304440990553601,0.04994872466763428,0.0,0.0,0.0,0.0,0.0,0.035948327975296276,0.02717678722977538,0.0,0.0,0.0,0.025202628159228614,0.05560772163132181,0.023460185885687403,0.02074450056882662,0.028713063945369842,0.0,0.0,0.022751144610830262,0.0,0.0,0.027346431218057847,0.0,0.0,0.0,0.0,0.0,0.0,0.02465110076791,0.0,0.0,0.0,0.0,0.04319787938098766,0.0,0.0,0.0,0.0,0.0,0.0,0.0,0.0,0.0,0.0,0.0,0.0,0.0,0.0,-0.03062829877716135,0.0,0.0,0.0,0.0,0.0,0.0,0.0,0.0,0.0,0.0,0.02410715520836516,0.0,0.0,0.0,0.0,0.0,0.0,0.0,0.0,0.0,0.0,0.0,0.0,0.0,0.0,0.0,0.030065241822075196,0.0,0.0,0.0,0.0,0.0
2022-09-30,0.03467796217630494,0.0,0.03247710303376004,0.026444218087080005,0.03730640240394587,0.02400669353914251,0.05163947655536625,0.0,0.030051979330657293,0.021756334896842176,0.03150486337603742,0.042339980975282444,0.032942353826832194,0.03431181801183523,0.023835205602240107,0.0400932172685095,0.046447748774535835,0.05166335152158086,0.0,0.0,0.0,0.0,0.0,0.03618844981146288,0.022415582299498103,0.0,0.0,0.0,0.0,0.08037234372461494,0.026003834167651764,0.0,0.02394358695629498,0.0,0.0,0.028310432401402588,0.0,0.0,0.021658999455627916,0.0,0.0,0.0,0.0,0.0,0.020772267366746103,0.034321673433696985,0.0,0.0,0.0,0.0,0.03652636296880013,0.0,0.0,0.0,0.0,0.0,0.0,0.0,0.0,0.0,0.0,0.0,0.0,0.0,0.0,-0.029229617921182467,-0.021353948533485708,0.0,0.0,0.0,0.0,0.0,0.0,0.0,0.0,0.0,0.0,0.0,0.0,0.0,0.0,0.0,0.0,0.0,0.0,0.0,0.0,0.0,0.0,0.0,0.0,0.02145802444089303,0.03594616713868986,0.0,0.0,0.0,0.0,0.0
2022-10-31,0.03060339261528909,0.0,0.040454024760633485,0.02737147148429313,0.045682956936874394,0.0,0.04690897945303733,0.0,0.024747098254953203,0.0,0.021016010212021166,0.03433070607139765,0.03502927899306876,0.03343175994707051,0.0,0.030162172545693682,0.02846724739776002,0.04414376518530731,0.0,0.0,0.02346429011210445,0.0,0.0,0.03243603149969723,0.0,0.0,0.0,0.0,0.0,0.09934817544347292,0.02101942147887885,0.0,0.0,0.0,0.021087802286460094,0.033383761650952797,0.0,0.020567001330100126,0.0,0.0,0.0,0.0,0.0,0.0,0.02258247705984305,0.025324665188992575,0.0,0.0,0.0,0.0,0.04964311131257773,-0.02748863827477304,0.0,-0.025386115990089397,0.0,0.0,0.0,-0.024100313308243797,0.0,0.0,0.0,-0.020600936400593614,0.0,0.0,0.0,-0.028544598122288635,0.0,0.0,0.0,0.0,0.0,0.0,0.0,0.0,0.0,0.0,0.0,0.0,0.0,0.0,0.0,0.0,0.0,0.0,0.0,0.0,0.0,0.0,0.0,0.0,0.0,0.029337259265321193,0.05333653741821078,0.0,0.0,0.0,0.0,0.0
2022-11-30,0.033848860670344066,0.02559253345320933,0.0429690123614976,0.02857005733797192,0.0537429703851155,0.02791860348925428,0.04957388368893805,0.02771820010705887,0.029018485216156596,0.0,0.02371731746948795,0.03393043533779095,0.032389319538027865,0.02694290963336548,0.0,0.0357564834940659,0.02369722145944518,0.03389201254414081,0.0,0.0,0.026044290172526092,0.0,0.0,0.03277486104170525,0.0,0.0,0.0,0.0,0.0,0.10219535290932852,0.0,0.0,0.0,0.0,0.022551958742728598,0.03264499376081244,0.0,0.035136047483792184,0.022101787925701187,0.0,0.0,0.0,0.0,0.0,0.021883337282422376,0.0,0.0,0.0,0.0,0.0,0.0,-0.02658031626952828,-0.020984904915077516,0.0,0.0,-0.023053498672031204,-0.029661486712289152,0.0,0.0,0.0,0.0,0.0,0.0,0.0,0.0,-0.02452717179322034,0.0,0.0,0.0,0.0,0.0,0.0,0.0,0.0,0.0,0.0,0.0,0.0,0.0,0.0,0.0,0.0,0.0,0.0,0.0,0.0,0.0,0.0,0.0,0.0,0.0,0.0,0.05058168613296635,0.0,0.0,0.0,0.0,0.0
2022-12-31,0.031102788729348758,0.027602111606239852,0.03826825347822753,0.031850013123180435,0.045033295036240394,0.020052720870161744,0.038347569079943064,0.022814913665688642,0.029977956523870596,0.0,0.0,0.031333230335032256,0.0278827547682084,0.02427054213614721,0.0,0.030943536884922154,0.032503986253315485,0.025920686859752802,0.0,0.0,0.03087344266358918,0.02110724590849148,0.021510484974241184,0.044925832531436984,0.0,0.0,0.0,0.0,0.0,0.09505718494622241,0.0,0.0,0.0,0.0,0.03223524177068401,0.04392921521206921,0.0,0.0612801171086478,0.0,0.0,0.0,0.0,0.0,0.0,0.0,0.0,0.0,0.0,0.0,0.0,0.028827016241804473,0.0,0.0,0.0,0.0,0.0,0.0,0.0,0.0,0.0,0.0,0.0,0.0,0.0,-0.024247912292495264,0.0,0.0,0.0,0.0,0.0,0.0,0.0,0.0,0.0,0.0,0.0,0.0,0.019689716491831936,0.019956068550244167,0.0,0.0,0.0,0.0,0.0,0.0,0.0,0.0,0.0,0.0,0.0,0.022807507639884914,0.018693443388825635,0.05695521092925217,0.0,0.0,0.0,0.0,0.0
2023-01-31,0.03498271915464042,0.028990223872272843,0.04660319461356745,0.03625577902853769,0.048598305977299784,0.026137612668933316,0.04156622242166705,0.021015378595071816,0.04273455490596011,0.0,0.0,0.03234968790254052,0.038370810121767206,0.025498023658925804,0.026293077855162154,0.036395605382325245,0.02526276074042693,0.026602647471674217,0.03188260222011069,0.0,0.031580839322702906,0.027212743651039543,0.024992302400429756,0.039431146083177576,0.0,0.0,0.0,0.0,0.0,0.03593102282807263,0.0,0.0,0.0,0.0,0.0458149476740224,0.067366030483282,0.0,0.031911305445433434,0.0,0.020792693852250965,0.0,0.0,0.0,0.025869223786770618,0.0,0.0,0.0,0.0,0.0,0.0,0.026611204793151187,0.0,0.0,0.0,0.0,0.0,0.0,0.0,0.0,0.0,0.0,0.0,0.0,0.0,0.0,0.0,0.0,0.0,0.0,0.024619881151566273,0.0,0.0,0.0,0.0,0.0,0.0,0.0,0.0,0.0,0.0,0.0,0.0,0.0,0.0,0.0,0.0,0.0,0.0,0.0,0.0,0.0,0.0,0.02832745193721734,0.0,0.0,0.0,0.0,0.0
2023-02-28,0.03767758867777459,0.026470886167069285,0.04379847330172603,0.038558722926355704,0.048863873206830104,0.02554941319790767,0.03164132641778466,0.0,0.030977418299911037,0.0,0.024494251745564757,0.04499682516834973,0.03248336265018356,0.026395767207807418,0.029554748764873497,0.03358520479892893,0.028486611658233657,0.028226995523596782,0.031817973292541955,0.0,0.0309374476021891,0.024441144822754914,0.0,0.0,0.0,0.0,0.0,0.0,0.0,0.03561889159850787,0.0,0.0,0.0,0.0,0.04558678334280194,0.061492368286726926,0.0,0.026751589280536187,0.023815791005699576,0.0,0.0,0.0,0.0,0.038305916981529006,0.0,0.0,0.0,0.0,0.0,0.0,0.037631270222153484,0.0,0.0,0.0,0.0,0.0,0.0,0.0,0.0,0.0,0.0,0.0,0.0,0.0,0.0,0.0,0.0,0.0,0.0,0.030048773732474436,0.0,0.0,0.0,0.0,0.0,0.0,0.0,0.0,0.0,0.0,0.02931945891760024,0.0,0.0,0.0,0.0,0.0,0.0,0.0,0.0,0.023944490778112414,0.0,0.0,0.028526630423474517,0.0,0.0,0.0,0.0,0.0
2023-03-31,0.0365030483504549,0.024699826111269658,0.022742868565928855,0.0,0.040117104453777315,0.0,0.0,0.0,0.022419857701235,0.0,0.0,0.0393166703354416,0.0,0.020865194592504625,0.027303874137857554,0.024492535218703086,0.0,0.05187295155438307,0.06393702737553984,0.0,0.03140783231209949,0.028641243748069412,0.0,0.0,0.0,0.0,0.0,0.0,0.0,0.039793193119688895,0.02448369030631834,0.021608979331033597,0.02745634321282766,0.022455556829677134,0.043058004220490526,0.06321320368375896,0.0,0.020620856540176067,0.025054455514494464,0.0,0.0,0.0,0.0,0.049727476225067596,0.0,0.0,0.0,0.0,0.0,0.0,0.0,0.0,0.0,0.0,0.0,0.0,0.0,0.0,0.0,0.02041525853153885,0.0,0.0,0.0,0.0,0.0,0.0,0.0,0.0,0.0,0.02375475716450609,0.0,0.0,0.0,0.0,0.0,0.0,0.0,0.03311857848286345,0.03988746050908176,0.0,0.05730536770220876,0.0,0.0,0.0,0.0,0.0,0.0,0.0,0.0,0.028809143290108467,0.0,0.0,0.024917640878895052,0.0,0.0,0.0,0.0,0.0
2023-04-30,0.03654059731457664,0.0222944817576951,0.017052162574160066,0.0,0.04243216814836903,0.0,0.0,0.0,0.0,0.0,0.0,0.027889147101409936,0.0,0.016903229200366004,0.0,0.017763382677036005,0.019491905073046458,0.07034705828611212,0.05944549876472886,0.0,0.02625329716850987,0.026059544289772116,0.017884284425256157,0.0,0.0,0.0,0.0,0.0,0.0,0.03899362858570521,0.028382971973336692,0.026821291364292812,0.03168729268686268,0.022059005926677065,0.05251986296601467,0.07549797166750931,0.018253808972141516,0.02042528261059099,0.0,0.0,0.0,0.0,0.0,0.033569411259190565,0.0,0.0,0.0,0.0,0.0,0.0,0.0,0.0,0.0,0.0,0.018647133425421326,0.0,0.0,0.0,0.0,0.030883566055525474,0.0,0.0,0.0,0.0,0.0,0.0,0.0,0.0,0.0,0.0,0.0,0.01620338936077451,0.0,0.0,0.0,0.0,0.0,0.023566377987706,0.059519467478947645,0.0,0.07727729020207587,0.0,0.0,0.0,0.0,0.0,0.0,0.0,0.0,0.02533549069618937,0.0,0.0,0.0,0.0,0.0,0.0,0.0,0.0
2023-05-31,0.0720433339295033,0.044012741292950616,0.025072102277886272,0.0,0.05017257423282013,0.023692341867585443,0.0,0.0,0.022489205622604005,0.026287850996322415,0.0,0.0237148722326,0.0,0.025234610472989995,0.0,0.03744306276238954,0.0,0.03454475681109846,0.04889238253301,0.0,0.03112985832863005,0.03167764325694362,0.02487299215950925,0.0,0.0,0.0,0.0,0.0,0.0,0.022336356967942526,0.03438084083312304,0.028219167394552193,0.029774879760678635,0.027360790987196404,0.022293432137882378,0.03802379091815372,0.04063230296283996,0.0,0.0,0.04053466887097345,0.0,0.0,0.0,0.03994883114575468,0.02290061420841275,0.023277070830315952,0.0,0.025602921237995336,0.0,0.0,0.0,0.0,0.0,0.0,0.0,0.0,0.0,0.0,0.0,0.0,0.0,0.0,0.0,0.0,0.0,0.0,0.0,0.0,0.0,0.0,0.0,0.0,0.0,0.0,0.0,0.0,0.0,0.0,0.03198062919164749,0.0,0.05145337377568847,0.0,0.0,0.0,0.0,0.0,0.0,0.0,0.0,0.0,0.0,0.0,0.0,0.0,0.0,0.0,0.0,0.0
2023-06-30,0.0441307304884348,0.030696015950830564,0.029701724552993043,0.0,0.06387561068604743,0.01842027539947478,0.0,0.025304785929466285,0.0,0.02820255169073548,0.0,0.0311981886059512,0.0,0.018226929900407755,0.0,0.03900221079374632,0.0,0.0405718294671961,0.06032830926024684,0.0,0.023592911012674227,0.0,0.0,0.0,0.023023227098286136,0.0,0.0,0.0,0.0,0.02489083787934791,0.04926100944490254,0.028232989437672006,0.03471935214906835,0.038592404880322624,0.021386662445766164,0.030860373508592307,0.044324398267775976,0.0,0.0,0.02562912070813521,0.0,0.0,0.0,0.05669473763908467,0.03130751557312641,0.0,0.0,0.023478606132315793,0.0,0.0,0.0,0.0,0.0,0.0,0.0,0.0,0.0,0.0,0.0,0.02650755031835716,0.0,0.0,0.0,0.0,0.0,0.0,0.0,0.0,0.0,0.0,0.0,0.0,0.0,-0.017843647786783122,0.0,0.0,0.0,0.0,0.0278477473013616,0.0,0.04214774569089722,0.0,0.0,0.0,0.0,0.0,0.0,0.0,0.0,0.0,0.0,0.0,0.0,0.0,0.0,0.0,0.0,0.0
2023-07-31,0.0323004483905023,0.02335470958144933,0.017506592038635714,0.0,0.04812030604825051,0.0,0.0,0.026983583962439266,0.0,0.020274705079352993,0.0,0.051773990063402886,0.0,0.0,0.0,0.018301288548962586,0.0,0.04114438555497695,0.06836460931363832,0.0,0.0,0.0,0.0,0.0,0.0,0.0,0.0,0.0,0.0,0.03309854585138646,0.04808179781804146,0.027981164461651897,0.030988579695390858,0.03972827758518463,0.02247517188320955,0.032204494253562824,0.024494980595721742,0.018529680117780587,0.0,0.0,0.0,0.0,0.0,0.058878035089242546,0.0,0.0,0.0,0.0,0.0,0.0,0.0,0.0,0.0,0.0,0.0,0.0,0.0,0.0,0.0,0.037267067215468005,0.022325312715186788,0.0,0.0,0.0,0.0,0.0,-0.01989830747001671,0.0,0.0,0.0,0.0,0.0,0.0,0.0,0.0,0.0,0.01961431903768923,0.03352339037934604,0.04984275975861863,0.028432082442009624,0.047347016938848505,0.0,0.0,0.027117554165253063,0.0,0.0,0.0,0.0,0.0,0.0,0.0,0.0,0.0,0.0,0.0,0.0,0.03004684394477998,0.0
2023-08-31,0.02762798455864344,0.0,0.0,0.0,0.031643584985251924,0.0,0.0,0.023968487541577994,0.0,0.018214508043739974,0.0,0.054410056393225825,0.0,0.0,0.0,0.0,0.0,0.037572598829497636,0.07828313306272588,0.0,0.0,0.0,0.021146619453271506,0.0,0.0,0.0,0.0,-0.017612358014074073,0.0,0.0,0.07351355926588252,0.03504863638523465,0.0412108237881448,0.04913408847846391,0.0261649752436775,0.031040534687066086,0.022961660723802218,0.03386704048277162,0.020459642077211754,0.01886432714275266,0.0,0.0,0.0,0.06035111364609029,0.0,0.0,0.0,0.0,0.0,0.0,0.0,0.0,0.0,0.0,0.0,0.0,0.0,0.0,0.0,0.032763306139094374,0.0,0.0,0.0,0.0,0.0,0.0,0.0,0.0,0.0,0.0,0.0,0.0,0.0,-0.02459657487310578,-0.02331494523798133,0.0,0.0,0.022355684651686067,0.034637855047238,0.019979169056562364,0.029595463214144215,0.0,0.0,0.04142138639797477,0.019528713516621284,0.0,0.0,0.0,0.0,0.0,0.0,0.0,0.0,0.0,0.0,0.0,0.028711169062485588,0.0
2023-09-30,0.02755563015585519,0.0,0.021129298820934776,0.0,0.0,0.0,0.0,0.0,0.0,0.031741986012235324,0.0,0.09951123531598342,0.0,0.0,0.0,0.0,0.0,0.037002292566439804,0.06215231792113975,0.0,0.0,0.020406364914703295,0.023010618069307334,0.0,0.0,0.0,0.0,-0.0219094601210116,0.0,0.0,0.0680559654094245,0.026139930071129705,0.0403338221258611,0.05245490774405295,0.0,0.030494282720123583,0.02412656155655839,0.023221553292650406,0.03464543511536635,0.0177399056046724,0.0,0.0,0.0,0.05476697036287499,0.0,0.0,0.0,0.0,0.0,-0.0239719429122182,0.0,0.0,0.0,0.0,0.0,0.0,0.0,0.0,0.0,0.02970234397310004,0.0,0.0,0.0,0.0,0.0,0.0,0.0,0.0,0.0,0.0,0.0,0.0,0.0,-0.02937232604903858,-0.026772172925546064,0.0,0.0,0.0,0.036054089474888695,0.018498449019745445,0.024267324244817624,0.0,-0.023230096597494365,0.02681813671471095,0.0,0.0,0.0,0.0,0.0,-0.024149900993651902,0.0,0.0,0.0,0.0,0.0,0.0,0.020764679194463384,0.0
2023-10-31,0.023806386040891293,0.0,0.024921710881200647,0.0,0.016605568057614647,0.019259430448517852,0.0,0.0,0.0,0.02798304249601001,0.0,0.08798760292448801,0.0,0.0,0.0,0.0,0.0,0.04337980706335681,0.04434471096813866,0.0,0.01807330484965301,0.021292160188341163,0.026566289596787824,0.0,0.0,0.0,0.0,0.0,0.0,0.0,0.08176317368100512,0.022072554027329255,0.0437024317798985,0.06728739378333373,0.0,0.028038784772459947,0.02362590061123319,0.024903801409693383,0.03509884954567768,0.01824413246614048,0.0,0.0,0.0,0.07325686238373094,0.0,0.0,0.0,0.0,0.0,-0.02788703414364361,0.0,0.0,0.0,0.0,0.0,0.0,0.0,0.0,0.0,0.028360458571290388,0.0,0.0,0.0,0.0,0.0,0.0,0.0,0.0,0.0,0.0,0.0,0.0,0.0,-0.021316635080336772,-0.019081588164663158,0.0,0.0,0.0,0.0,0.02584602753597107,0.0,0.0,-0.016636665175905084,0.018464973597214277,0.0,0.0,0.0,0.0,0.0,-0.02109649869422758,0.0,0.0,0.0,0.0,0.0,0.0,0.049096221061245726,0.0
2023-11-30,0.0,0.0,0.0,0.0,0.0,0.0,-0.016799054849298743,0.0,0.0,0.03697409834486982,0.0,0.062385720907723825,0.0,0.0,0.0,0.0,0.0,0.039262174014368795,0.030985864075705343,0.0,0.0,0.0,0.01805489128617761,0.0,0.0,0.0,0.0,-0.029438645733512403,-0.023752935289546428,0.019205835776259613,0.041416948471431785,0.0,0.04738784374593352,0.06225895529522388,0.0,0.026522450383181895,0.0,0.0,0.04955930268013844,0.0,0.0,0.0,0.0,0.07912460362215193,0.0,0.0,0.0,0.0,0.0,-0.029223176636877356,0.0,0.0,0.0,0.0,0.0,0.0,0.0,0.0,0.015996518440150348,0.04417193088207919,0.0,0.0,0.0,0.0,0.0,0.0,0.0,0.0,0.0,0.0,0.0,0.0,0.0,-0.027391339425247522,-0.019238619459406935,0.0,0.0,0.0,0.018434978396046797,0.03262584656009395,0.0,-0.01701577771667454,-0.02984886598290234,0.02170762155425093,0.0,0.0,-0.01628235590588552,0.0,-0.016394958308137298,-0.03199273417932348,0.0,0.0,0.0,0.0,0.0,0.0,0.07214295079800614,0.02440300127939363
2023-12-31,0.0,0.0,0.01604880631037416,0.0,0.0,0.021546432275842048,0.0,0.0,0.0,0.027086956449825547,0.0,0.06081071442409474,0.0,0.024901392660362037,0.0,0.0,0.0,0.03062408801426458,0.029983030875786125,0.0,0.03346033035602304,0.02203236669278018,0.055026031027877904,0.0,0.0,0.0,0.01571467126944203,0.0,0.0,0.022894963867646567,0.042001498175076604,0.021902586740457797,0.06935128989535745,0.05583563127023551,0.0,0.03639477856407678,0.020666664640391606,0.0,0.05616382143609773,0.0,0.0,0.0,0.0,0.05163574682127081,0.0,0.0,0.0,0.0,0.0,0.0,0.0,0.0,0.0,0.0,0.0,0.01960760072768745,0.0,0.0,0.0,0.02599179909456232,0.0,0.0,0.0,0.0,0.0,0.0,0.0,0.0,0.0,0.0,0.0,0.0,0.0,0.0,0.0,0.0,0.0,0.024078119667956744,0.01815132183389861,0.040777744008594234,0.015284249755773072,0.0,0.0,0.024256163747893224,0.0,0.015760373521643507,0.0,0.0,0.0,0.0,0.0,0.0,0.0,0.0,0.0,0.0,0.0711762831101645,0.03083454276454322
2024-01-31,0.0,0.0,0.0,0.0,0.0,0.018284187584279857,0.0,0.0,0.0,0.02857694957244465,0.0,0.0783861358311313,0.0,0.02132859619751152,0.0,0.0,0.0,0.07520662128834273,0.030662690543200682,0.018047402463049138,0.06716135905307903,0.018554049994763004,0.05203088133520372,0.0,0.0,0.0,0.0,0.0,0.0,0.0,0.028128570097620768,0.0,0.04683338298186874,0.03271361154667225,0.0,0.02994965821434545,0.019437583839169763,0.0,0.05776250923911346,0.0,0.0,0.017049800174414417,0.0,0.07231004534317419,0.0,0.0,0.0,0.0,0.0,0.0,0.0,0.0,0.0,0.0,0.0,0.025308480168420442,0.0,0.0,0.0,0.01659219984381715,0.0,0.0,0.0,0.0,0.0,0.0,0.0,0.0,0.017253577307112505,0.0,0.022242305480389905,0.0,0.0,0.0,0.0,0.0,0.0,0.028578825004612538,0.020610642548913642,0.050231042896293134,0.021674176640357166,0.0,0.0,0.02543366977943548,0.0,0.0,0.0,0.0,0.0,0.0,0.0,0.0,0.0,0.0,0.016990527256191993,0.0,0.02630058865717709,0.0163599291178943
2024-02-29,0.0,0.0,0.0,0.0,0.0,0.03250042316817641,-0.030204751556483687,0.0,0.0,0.020466960000089726,0.0,0.0,0.0,0.020982405458775624,0.0,0.0,0.0,0.06380991579076896,0.021023335065059604,0.04539142626145824,0.027274045380612233,0.01912492692113898,0.041798126203253225,0.0,0.0,0.0,0.0,0.0,0.0,0.0,0.03123401594583569,0.0,0.05616602906616631,0.04339569612420392,0.0,0.04064824936952263,0.0337154843284274,0.0,0.04900800168978369,0.02771800300364908,0.0,0.0,0.0,0.08443619804473987,0.0,0.0,0.0,0.0,0.0,0.0,0.0,0.0,0.020732882696169398,0.0,0.0,0.021628164869848324,0.0,0.023571206586902937,0.0,0.0,0.0,0.0,0.0,0.0,0.0,0.0,0.0,0.0,0.025356177444592256,0.0,0.0,0.0,0.0,0.0,0.0,0.0,0.0,0.03407610855340543,0.02995478602027219,0.028032810864025415,0.0,0.0,0.0,0.03409861750689071,0.0,0.0,0.0,0.0,0.0,0.0,0.0,0.0,0.0,0.0,0.019071995278229576,0.019640407480872504,0.03004611761659584,0.024892731704050153
2024-03-31,0.0,0.0,0.019634578815259016,0.0,0.0,0.019914003721096127,0.0,0.0,0.0,0.04119364600615177,0.0,0.0,0.0,0.03217020987575818,0.0,0.0,0.020293575034071053,0.0539133600624439,0.0,0.041895365886411996,0.030256274891557314,0.023151164625751477,0.037645101702666085,0.0,0.021321301141194283,0.0,0.030907723011908216,0.0,0.0,0.0,0.033929278875262224,0.025528022932739144,0.07184160825226099,0.046237524661411004,0.0,0.03792782956650655,0.03147404665355114,0.0,0.04823584779517776,0.02915977221012337,0.03018899345478582,0.0,0.0,0.056771318065538694,0.0,0.0,0.0,0.0,0.0,0.0,0.0,0.0,0.0,0.0,0.0,0.0,0.0,0.0,0.0,0.0,0.0,0.0,0.0,0.0,0.0,0.0,0.0,0.0,0.023019273371193118,0.0,0.0,0.0,0.0,0.0,0.0,0.0,0.023322060851802967,0.03925961744043766,0.028621259624683978,0.029146227583863486,0.0,0.0,0.0,0.02958868621738401,0.0,0.0,0.0,0.020428716895169088,0.0,0.0,0.0,0.0,0.0,0.0,0.0,0.023023610773839614,0.0,0.0
2024-04-30,0.0,0.0,0.0,0.0,0.0,0.0,0.0,0.0,0.0,0.03104835358999803,0.0,0.0,0.0,0.0,0.0,0.0,0.0,0.03866418769810663,0.0,0.05055867663566555,0.025250263677100374,0.0,0.029229752827335337,0.0,0.0,0.0,0.03685830699569098,0.0,0.0,0.0,0.031202585182484737,0.02505840312945671,0.04893237851593182,0.045955027346915776,0.0,0.032891803659442796,0.026625226431763245,0.0,0.035752465368540265,0.0,0.0,0.0,0.0,0.05149105262931125,0.0,0.0,0.0,0.0,0.0,0.0,0.0,0.0,0.0,0.0,0.0,0.0,0.024184031008332555,0.028762179857747986,0.02464375026117249,0.0,0.02109727888769598,0.0,0.0,0.0,0.0,0.0,0.0,0.0,0.030659099090766927,0.0,0.0,0.0,0.0,0.0,0.0,0.03367298603845557,0.025782733140327144,0.032432935556555596,0.04087662513320597,0.030833147543453406,0.0,0.0,0.0,0.039732379470518726,0.0,0.0,0.0,0.03183037159989508,0.02363801051730586,0.0,0.0,0.0,0.0,0.0,0.030291153748810837,0.04674542121530012,0.025299413242712083,0.0
2024-05-31,0.0,0.0,0.0,0.0,0.0,0.023587071769117493,0.0,0.0,0.0,0.029579838842725394,0.0,0.0,0.0,0.02720463152594058,0.028195536427357483,0.0,0.02139958611149511,0.046342616916437394,0.02623314974059978,0.06866661515343203,0.028097597126895604,0.0,0.025300814194369237,0.0,0.0,0.0,0.02709716083664121,0.0,0.0,0.0,0.05367576116406845,0.03461259172863755,0.0541950274797418,0.052331302779888636,0.0,0.0218232911859919,0.0,0.0,0.02764344450853396,0.0,0.0,0.0,0.0,0.051887624014307625,0.0,-0.02410121098864367,0.0,0.0,-0.023500923553615896,0.0,0.0,0.0,0.0,0.0,0.0,0.0,0.0,0.028136128204189002,0.0,0.0,0.0,0.0,0.0,0.0,0.0,0.0,0.0,0.0,0.03143692490956989,0.0,0.0,0.0,0.0,0.0,0.0,0.0,0.0,0.0,0.0,0.04100753130921931,0.034715405646408785,0.0,0.0,0.023087068373698408,0.0,0.0,0.0,0.027249659128879684,0.0,0.0,0.0,0.0,0.0,0.0,0.02177866314005158,0.03668958753832239,0.03388031051887928,0.02654292518234072
2024-06-30,0.0,0.0,0.0,0.0,0.0,0.023804734108667465,0.0,0.0,0.0,0.03144420186176465,0.0,0.02535303744355669,0.0,0.0273157336103435,0.02992079566510249,0.0,0.03419177091430904,0.03703954626536231,0.08554129190139999,0.057108286937306414,0.02688195125172681,0.0,0.0,0.0,0.02021189363268656,0.0,0.02544437600551742,0.0,0.0,0.0,0.05431565097737369,0.03278955279067262,0.04065894345867549,0.04380147282828423,0.0,0.0,0.0,0.0,0.0,0.0,0.0,0.0,0.0,0.04678577215248221,0.0,0.0,0.020995130783874907,0.0,0.0,0.0,0.0,0.0,0.0,0.0,0.0,0.020967735047808463,0.0,0.03089292193659362,0.0,0.0,0.0,0.0,0.0,0.0,0.0,0.0,0.0,0.0,0.025468946855126094,0.0,0.0,0.0,0.0,0.0,0.0,0.0,0.0,0.0,0.0,0.044703705849246204,0.031140142105436027,0.0,0.0,0.020831691551354715,0.0,0.0,0.021390665717698053,0.027352569225977768,0.0,0.0,0.0,0.0,0.0,0.0,0.01926689622993221,0.03390558568991054,0.03635500892998139,0.02411998827182846
2024-07-31,0.0,0.0,0.0,0.0,0.0,0.026828499312539698,0.0,0.0,0.0,0.027518313611143052,0.0,0.0,0.0,0.0,0.0,0.0,0.024084325895776717,0.036857600250618766,0.03030979060418407,0.04504426866836227,0.030052900535627345,0.0,0.0,0.0,0.04091507919799177,0.02393516891501692,0.02716030128049323,0.0,0.0,0.0,0.06814773256344984,0.038544174766460354,0.05275078123304097,0.07324971148068024,0.0,0.0,0.023067906077151687,0.0,0.0,0.0,0.0,0.0,0.0,0.05101997121449046,0.0,-0.027378944176970718,0.0,-0.020977002694097736,-0.027490292130486347,0.0,0.0,0.0,0.0,0.0,0.0,0.022804215743607737,0.0,0.040436269673640134,0.0,0.0,0.0,0.0,0.0,0.0,0.0,0.0,-0.020105632823892917,0.0,0.0,0.0,0.0,0.0,-0.02754290864107568,0.0,0.0,0.0,0.0,0.0,0.0,0.03771483279142858,0.0,0.0,-0.020605477119211738,0.027860400058298172,0.0,0.0,0.0,0.0,0.0,-0.026696111061734994,-0.026078887800700605,0.0,0.0,0.0,0.0,0.031011090632911294,0.023811409044916045,0.0
2024-08-31,0.0,0.0,0.0,0.0,0.0,0.02566150594978383,0.0,0.0,0.0,0.0,0.0,0.020569892396810344,0.0,0.0,0.0,0.0,0.03378032552567935,0.03421529871784507,0.024450523128109594,0.02906156091515868,0.02942483226592123,0.0,0.0,0.0,0.044317632406402296,0.047094332784687394,0.03245172705187954,0.0,0.0,0.0,0.053662470853110676,0.03425665876583107,0.04049893991141636,0.054723125874518073,0.0,0.0,0.0,0.0,0.0,0.0,0.0,0.0,0.0,0.048037933556721646,0.0,0.0,0.0,0.0,0.0,0.0,0.0,0.023664815804336343,0.0,0.0,0.0,0.03769016076663022,0.03694578488427958,0.043805059376720676,0.02568355071669858,0.02063859490298906,0.0,0.0,0.0,0.020250904133531273,0.0,0.0,0.0,0.0,0.0,0.0,0.0,0.0,-0.032118337442380754,0.0,0.0,0.0,0.0,0.0,0.0,0.05269021335035823,0.0,0.0,0.0,0.021304098307941846,0.0,0.0,0.0,0.0,0.0,-0.024665353879250753,-0.03588935220901333,0.0,0.0,0.0,0.02127517003692357,0.029008683160673007,0.0,0.02216316092439784
2024-09-30,0.0,0.0,0.0,0.0,0.0,0.04290996243687503,0.0,0.0,0.0,0.01980116915039775,0.0,0.0,0.0,0.02390848836986042,0.026141022629477203,0.0,0.03739223658220101,0.0411992509409944,0.03407111871441124,0.019233958075556567,0.0312474036347278,0.0,0.0,0.0,0.049654784924105654,0.04389870260007134,0.042712590802678,0.0,0.0,0.0,0.058164589315366715,0.034319209975540874,0.04391106296973403,0.05905092155114629,0.0,0.0,0.0,0.0,0.018642819705757846,0.0,0.0,0.0,0.0,0.037440833214119604,0.0,0.0,0.0,0.0,0.0,0.0,0.0,0.02306343268200585,0.0,0.0,0.0,0.02859709153684826,0.0,0.029398586926316694,0.0,0.01836742335188565,0.0,0.0,0.0,0.0,0.0,0.0,0.0,0.0,0.0,0.0,0.0,0.0,-0.026106272072683855,0.0,0.0,0.0,0.0,0.0,0.0,0.0533444139758608,0.0,0.0,0.0,0.032781537599285954,0.0,0.0,0.0,0.0,0.0,-0.018434474322804626,-0.02910999226976165,0.0,0.0,0.0,0.021264913105745947,0.02378212615480095,0.0,0.032049610408977934
2024-10-31,0.0,0.0,0.0,0.0,0.0,0.016828037880504017,0.0,0.0,0.0,0.05199653235427016,0.0,0.0,0.0,0.0,0.0,0.0,0.028374833100907635,0.023975121767730204,0.020217675723245104,0.0,0.0,0.0,0.0,0.0,0.04652603583442176,0.039373946193113435,0.027992591128685542,0.0,0.0,0.0,0.08393878831049587,0.03732069812240448,0.06063451719034767,0.04145575453087618,0.0,0.02227356383113311,0.0203271591217721,0.0,0.0,0.0,0.0,0.0,0.0,0.03667469685760545,0.0,0.0,0.0,0.0,0.0,0.0,0.0,0.01724551229660979,0.0,0.0,0.0,0.02620231568225231,0.0,0.11623914064934117,0.0,0.019872989625822884,0.0,0.0,0.0,0.022358389760789122,0.0,0.0,0.0,0.0,0.019578734709054354,0.0,0.0,0.0,0.0,0.0,0.02359064646991803,0.0,0.0,0.0,0.0,0.039094786427583475,0.016486851061798095,0.0,0.0,0.023970405220105805,0.0,0.0,0.0,0.0,0.0,-0.019031048542836188,-0.029526537878095303,0.0,0.0,0.0,0.017394134349948995,0.020698354100192003,0.0,0.03080020127813968
2024-11-30,0.028230648420931904,0.0,0.0,0.0,0.0,0.022209235595644722,0.0,0.0,0.0,0.051572531298277186,0.0,0.0,0.0,0.019321573937430316,0.017847391200449314,0.0,0.03520672678905994,0.01926605515388777,0.0218965060740485,0.0,0.0,0.0,0.0,0.0,0.04346651831320924,0.03788977860577163,0.040433444062016856,0.0,0.0,0.018815828798647617,0.07880261899774321,0.06195940582729697,0.05322188481634864,0.025297984014573015,0.0,0.02001461794989203,0.02305486485607703,0.0,0.0,0.0,0.0,0.0,0.0,0.03508713168382295,0.0,0.0,0.0,0.0,0.0,0.0,0.0,0.023021669643747147,0.0,0.0,0.0,0.029392024421497274,0.0,0.10036300666982266,0.0,0.020249352882379813,0.0,0.0,0.0,0.01990089331148563,0.0,0.0,0.0,0.0,0.021390195678944353,0.0,0.0,0.0,0.0,0.0,0.03045361865036367,0.0,0.0,0.01790411636697319,0.0,0.03276311224589345,0.0,0.0,0.0,0.02153643791311219,0.0,0.0,0.0,0.0,0.0,0.0,0.0,0.0,0.0,0.0,0.0,0.0,0.0,0.02943082582065172
2024-12-31,0.03091393877011586,0.0,0.0,0.0,0.0,0.029894935237751732,0.0,0.0,0.0,0.021981086068816297,0.0,0.0,0.0,0.02276687195529476,0.02703181784001941,0.0,0.035410032903379705,0.0,0.0,0.0,0.0,0.0,0.0,0.0,0.05447049728325957,0.04754364224535892,0.04503146134552662,0.0,0.02066228331984958,0.024052197721747413,0.030452236269310654,0.0,0.036371740804277596,0.023226747521926994,0.0,0.0,0.024424350065522054,0.0,0.0,0.0,0.0,0.0,0.0,0.03183508271388126,0.0,0.0,0.0,0.0,0.0,0.0,0.0,0.03206125231632875,0.021117285634924585,0.0,0.022430519021696217,0.08194709323236829,0.0,0.05168597314218352,0.0,0.025947520342178166,0.0,0.0,0.0,0.047687943105811016,0.0,0.0,0.0,0.0,0.0,0.0,0.0,0.0,0.0,0.0,0.0365691908267739,0.0,0.0,0.0,0.0,0.051543657123611926,0.0,0.0,0.0,0.023892632344138416,0.0,0.0,0.0,0.0,0.0,-0.020754733156157994,-0.02173772817453047,0.0,0.0,0.0,0.0,0.0,0.02415209060636041,0.032403458906897845
2025-01-31,0.0,0.0,0.0,0.0,-0.027408599958230268,0.0,-0.031184343904513537,0.0,-0.026498169583242945,0.0,0.0,0.0,0.0,0.0,0.0,-0.019341487873575817,0.0,0.0,0.034201991292504424,0.0,0.0,-0.01872247519099823,0.0,0.0,0.041916545948679954,0.04660083547627347,0.02734048378512063,0.03325675214500035,0.028020821680721595,0.021676110631986597,0.035485618506406726,0.0,0.03006024046515609,0.0,0.0,0.0,0.0,0.0,0.0,-0.019650197622021907,0.0,0.0,0.0,0.02655153011225255,0.0,-0.020045013223460282,0.0,0.0,0.0,0.0,0.0,0.030067813910310777,0.0,0.0,0.0,0.07874494659220052,0.0,0.04899475955165388,0.0,0.034236815124311926,0.0,0.0,0.0,0.03845757300530161,0.0,0.0,-0.020694509432060044,0.0,0.0,0.0,0.0,0.0,0.0,0.0,0.026033639601391784,-0.022210831745839023,0.0,0.0,0.0,0.04791029763541564,0.0,0.0,0.0,0.0,0.0,0.0,0.0,0.0,0.0,-0.023338889203738167,-0.050151029150570126,-0.06584301381433894,0.0,0.0,0.0,0.0,0.0,0.02535466383272228
2025-02-28,0.0,0.0,0.0,0.0,-0.029629250493818062,0.0,-0.019380706705463425,0.0,-0.03804510115135774,0.0,0.0,-0.018550405335223532,0.0,0.0,0.0,-0.03798374011840407,0.0,0.0,0.028318978342251354,0.0,0.0,0.0,0.0,0.0,0.04102606639840431,0.04406447783014518,0.02372047050639312,0.030506723166403394,0.03160027647938963,0.022162052340408092,0.03378662104486344,0.0,0.03329420772691713,0.018053738720628598,0.0,0.0,0.0,0.0,0.0,0.0,0.0,0.0,-0.020422800291271703,0.02710957317716533,0.0,0.0,0.0,0.0,0.0,0.0,0.0,0.04724632799891361,0.02517907898186718,0.0,0.021443080004897395,0.058260555080853406,0.023025558400149793,0.04299318729486529,0.0,0.03512842830461074,0.029938722799907783,0.0,0.0,0.0716307515244736,0.0,0.027631209002815082,0.0,0.0,0.0,0.0,0.0,0.0,0.0,0.0,0.03829602809522803,0.0,0.0,0.0,0.0,0.061234579593670034,0.0,0.0,0.0,0.0,0.0,0.0,-0.020337303089239908,0.0,0.0,0.0,0.0,0.0,0.0,0.0,0.0,0.0,0.0,0.0
2025-03-31,0.0,0.0,0.0,0.0,-0.019073639554120295,0.0,0.0,0.0,-0.03541226748247554,0.0,0.0,0.0,0.0,0.0,0.0,-0.05032132619029259,0.0,0.0,0.025629981239685705,0.0,0.0,0.0,0.0,0.0,0.042437151764218715,0.04140272606692942,0.027493823416737673,0.04194017262687574,0.04373662054738246,0.02048218566429873,0.02256497270184461,0.0,0.03274537752437984,0.01763366621688008,0.0,0.0,0.0,0.0,0.0,0.0,0.0,0.0,-0.019402652817604702,0.021066482166133178,0.0,0.0,0.0,0.0,0.0,0.0,0.0,0.0522426058155056,0.032572400471167044,0.0,0.027398095018710614,0.05403610308677278,0.02299546758670582,0.03462474353676634,0.018790468142696682,0.056215547757952275,0.038178757842384545,0.030210563140469538,0.0,0.03690636056461396,0.0,0.019468853318921116,0.0,0.0,0.0,0.0,0.0,0.0,0.0,0.0,0.03997427005698975,0.0,0.0,0.0,0.0,0.056043596903002035,0.0,0.0,0.0,0.01899912077748265,0.0,0.0,0.0,0.0,0.0,0.0,0.0,0.0,0.0,0.0,0.0,0.0,0.0,0.0
2025-04-30,0.0,0.0,0.0,0.0,0.0,0.0,0.0,0.0,-0.052428422852792644,0.0,0.0,-0.02197895796696277,0.0,0.0,0.020162678126695005,-0.03792148271961102,0.0,0.0,0.03365269000357538,0.0,0.0,0.0,0.0,0.0,0.04174736806828657,0.0439726601823875,0.02229555488185662,0.04043864979931334,0.04965691973911543,0.021199541190641286,0.0203987288018718,0.0,0.027960206641358846,0.0,0.0,0.0,0.0,0.0,0.0,0.0,0.0,0.0,0.0,0.02070381865607127,0.0,-0.027884411417087987,0.0,0.0,0.0,0.0,0.0,0.05429076027705446,0.033360525336513264,0.0,0.030383695052637365,0.04577739786181307,0.023979289750065438,0.03145211858570171,0.0,0.04666090116278193,0.03400662704253225,0.032404200679748064,0.0,0.03380316823380739,0.0,0.02069497932081625,0.0,0.0,0.027255028841602066,0.0,0.0,0.0,0.0,0.0,0.04143357787018056,0.0,0.0,0.0,0.0,0.04197697775428631,0.0,0.0,0.0,0.0,0.0,0.0,-0.020118661182832405,0.0,0.0,0.0,0.0,0.0,0.0,0.0,0.0,0.0,0.0,0.0
2025-05-31,0.0,0.0,0.0,0.0,0.0,0.0,0.0,0.0,-0.026011582357252972,0.0,0.0,-0.02196360608189442,0.0,0.0,0.0,-0.025077389136516436,0.0,0.0,0.0,0.0,0.0,0.0,0.0,0.0,0.05256001764224927,0.03773372779130619,0.0,0.044348734607601956,0.054802928886409995,0.01836445395224664,0.0,0.0,0.02673982844671282,0.0,0.0,0.0,0.0,-0.02380828455193424,0.0,0.0,0.0,0.0,0.0,0.0,-0.01846051823120167,0.0,0.0,0.0,-0.019110389065744707,0.0,0.0,0.06197464668640087,0.036182773816687344,0.029771828709524453,0.03069774224288578,0.05728009039283809,0.03349731922455293,0.027668131247533086,0.0,0.0489379148630566,0.034305200656570035,0.034881360012412925,0.0,0.02611538754043249,0.0,0.0,0.0,0.0,0.02673760055390384,0.0,0.0,-0.021709415932509562,-0.017813442109836,0.0,0.030488634669106777,0.0,0.0,0.0,0.0,0.05212015573174654,0.0,0.0,0.0,0.0,0.0,0.0,-0.038586926902929544,-0.02224996795600186,0.0,0.0,0.0,0.0,0.0,0.0,0.0,0.0,0.0,0.0
2025-06-30,0.0,0.0,0.0,0.0,0.0,0.0,0.0,0.0,0.0,0.0,0.0,-0.01855124800204394,0.0,0.0,0.0,0.0,0.0,0.0,0.032172911463068804,0.0,0.0,0.0,0.0,0.0,0.0705537007077853,0.05371644542876368,0.0,0.03134257603702941,0.06070666473668346,0.05326381695587871,0.023731918116921626,0.0,0.03501588640302347,0.0,0.0,0.0,0.0,0.0,0.0,0.0,-0.018661855938072937,0.0,0.0,0.02438319258805259,-0.019979289751767004,0.0,0.0,-0.023086803642840027,0.0,0.0,0.0,0.049859574298529614,0.035613007976367225,0.027527492979168046,0.022265768065280325,0.045603423952911074,0.03433751288988011,0.020397362645341657,0.017164731478465933,0.035806372721066404,0.03603328581038064,0.024245758023645186,0.0,0.022835808504425414,0.0,0.0,0.0,0.0,0.0,0.0,0.0,-0.02319223007644039,-0.018170077302640655,0.0,0.0,0.0,0.0,0.0,0.0,0.06497295627437413,0.0,0.0,0.0,0.0,0.0,0.0,-0.03823202114430612,-0.01857630608484601,0.0,0.0,0.0,0.0,0.0,0.0,0.0,0.0,0.0,0.0
2025-07-31,0.0,0.0,0.0,0.0,0.0,0.0,0.0,0.0,0.0,0.0,0.0,0.0,0.0,0.0,0.0,0.0,0.017007253057514528,0.0,0.01718287146745505,0.0,0.0,0.0,0.0,0.0,0.094510028202096,0.04387474557963338,0.0,0.020105706517256863,0.038923035113566574,0.09038326935815574,0.015648486833660137,0.0,0.027784060161858613,0.0,0.0,0.0,0.0,0.0,0.0,0.0,0.0,0.0,0.0,0.024256499370691752,0.0,0.0,0.0,0.0,0.0,0.03086606973296677,0.0,0.05389399228928924,0.06465476759970042,0.01948794311745417,0.025500934077941576,0.04533365511377383,0.03199977553440413,0.0,0.01423080895742129,0.03380527188630836,0.02966294205520724,0.03594164786017336,0.0,0.026028117689825808,0.0,0.015097530076819037,0.0,0.0,0.014146360499917432,0.0,0.0,-0.018534275204280685,0.0,0.0,0.016822660079546952,0.0,0.0,0.0,0.0,0.07773767653060881,0.014847614360298826,0.0,0.0,0.013895226854331075,0.0,0.0,-0.02783677481784239,0.0,0.0,0.0,0.0,0.0,0.0,0.0,0.0,0.0,0.0,0.0
2025-08-31,0.0,0.0,0.0,0.0,0.0,0.0,0.0,0.0,0.0,0.0,0.0,0.0,0.0,0.0,0.0,0.0,0.015410408175251229,0.0,0.01829248946230297,0.0,0.0,0.0,0.0,0.0,0.04937707013755267,0.034161932757183225,0.0,0.019011296154178507,0.03827492855764392,0.05899468329436649,0.0,0.0,0.037140530828530034,0.0,0.0,0.0,0.0,0.0,0.0,0.0,0.0,0.0,0.0,0.02046543473532764,0.0,0.0,0.0,0.0,0.0,0.04993959977903347,0.0,0.09023537557433008,0.07500345853038057,0.02267267267526796,0.0,0.06353708456343572,0.0359692423698827,0.015891273694003828,0.02651442686549054,0.02633831297185577,0.03532772135073428,0.03825109266055024,0.015160198020238451,0.025879635601586317,0.0,0.017805193979673607,0.0,0.0,0.0,0.0,0.0,0.0,0.0,0.0,0.021852683180773356,0.0,0.0,0.0,0.0,0.05365051488846075,0.0,0.015328183155369093,0.020559763353363,0.0,0.014274716481775212,0.0,-0.030625268484398005,0.0,0.0,0.0,0.0,0.0,0.0,-0.014054807717060407,0.0,0.0,0.0,0.0
2025-09-30,0.0,0.0,0.0,0.0,0.0,0.0,0.0,0.0,0.0,0.0,0.0,0.0,0.0,0.0,0.0,0.0,0.016110217145626958,0.0,0.0,0.0,0.0,0.0,0.0,0.0,0.040392762721971155,0.029441653760201695,0.0,0.022996260021751713,0.03516932783187637,0.06498905447406252,0.0,0.0,0.04242087004079666,0.0,0.0,0.0,0.0,0.0,0.0,0.0,0.0,0.0,0.0,0.016998022813183737,0.0,0.0,0.0,-0.014558273625350114,0.0,0.05135643714349526,0.0,0.06881628409173203,0.08237354146729116,0.020116994950714513,0.0,0.061810055707825384,0.04256442436689924,0.0,0.022335136086754828,0.022935086118821852,0.04759978834486975,0.030939044996275304,0.0,0.030147627865621786,0.0,0.017955211983695443,0.0,0.0,0.0,0.0,0.0,0.0,0.0,0.0,0.0,0.0,0.0,0.0,0.0,0.05041427056187393,0.0,0.04059056607962561,0.03143465232473821,0.0,0.01522653365511768,0.0,-0.021487085425064063,-0.01470175267373052,-0.014366183086218972,0.0,0.0,0.0,0.0,-0.013889439930149152,0.0,0.0,0.015863440704664337,0.0
2025-10-31,0.0,0.0,0.0,0.0,0.0,0.0,0.0,0.0,0.0,0.0,0.0,0.0,0.0,0.0,0.0,0.0,0.0,0.0,0.0,0.0,0.0,0.0,0.0,0.0,0.033301353428600515,0.02855954000883897,0.0,0.03438835788518238,0.036328440976952245,0.046360653459451735,0.0,0.0,0.03295654351846017,0.0,0.0,0.0,0.0,0.0,0.0,0.0,0.0,0.0,0.0,0.017319568239410523,0.0,0.0,0.0,0.0,0.0,0.04485414924797026,0.0,0.06086039453168321,0.07914412757854902,0.021999934507289442,0.014584922030312059,0.06335597948413843,0.05455263090849911,0.01758602974133798,0.027849428577796022,0.02652299134415492,0.049948525088801626,0.023182719006102505,0.01654164810621431,0.031187895014539346,0.0,0.02414096988675627,0.017614338426531803,0.0,0.0,0.0,0.0,0.0,0.0,0.0,0.0,0.0,0.0,0.0,0.0,0.04102570326090907,0.0,0.04547978967495375,0.02147797575002878,0.0,0.0,0.0,-0.01981570153131348,0.0,0.0,-0.016856856385912267,0.0,0.0,0.0,0.0,0.0,0.0,0.017728260711876723,0.03447457168743314
2025-11-30,0.0,0.0,0.0,0.0,0.0,-0.022405826752238674,0.0,0.0,0.0,0.0,0.0,-0.018115466183912566,0.0,0.0,0.0,0.0,0.019232648551857728,0.0,0.0,0.0,0.0,0.0,0.0,0.0,0.023429208193788117,0.02479262873439707,0.0,0.02357103551667819,0.02375647438473016,0.024728301453281823,0.0,0.029929826809943685,0.07654797288504035,0.0,0.0,0.0,0.0,0.0,0.0,0.0,0.0,0.026305155283487265,0.0,0.056307846430295454,0.0,0.0,0.0,0.0,0.0,0.03949661438714461,0.0,0.05490109366145097,0.029885212077519388,0.0,0.0,0.04780884547290092,0.05623800708133396,0.0,0.03040913755708447,0.019769138399730126,0.02146867729883877,0.0,0.0,0.026085344858692468,0.0,0.0,0.0,0.0,0.0,0.0,0.0,0.0,0.0,0.0,0.0,0.0,0.0,0.0,0.0,0.042868988499183906,0.0,0.059086567753083616,0.02577491786235808,0.0,0.0,0.0,-0.025887555408823492,-0.027363861255507802,-0.022311221565701568,0.0,0.0,0.0,0.0,-0.01809012676546567,0.0,0.0,0.023465168641678746,0.059967130273850346
2025-12-31,0.0,0.0,0.0,0.0,0.0,0.0,0.0,0.0,0.0,0.0,0.0,0.0,0.0,0.0,0.0,0.0,0.024298670086040256,0.0,0.0,0.0,0.0,0.0,0.0,0.0,0.020830424313200764,0.02509712558549476,0.0,0.023056419874673988,0.025265135639701862,0.0,0.0,0.024678941412486406,0.03305953053717712,0.0,0.0,0.0,0.0,0.0,0.0,0.0,0.0,0.022240972323492356,0.0,0.06620124206297545,0.0,0.0,0.0,0.0,0.0,0.046224443269558955,0.0,0.06082889308011293,0.03366645162020402,0.0,0.0,0.0530069159467944,0.05761450080514895,0.0,0.035425677062469296,0.02716748539620089,0.024873856595863993,0.025599193806698,0.0365379797654946,0.024938550314303178,0.03072244851069976,0.026802039537995405,0.029096973075385453,0.0,0.0,0.0,0.0,0.0,0.0,0.0,0.0,0.0,0.0,0.022109882042589117,0.0,0.04052312829239791,0.023191271621896277,0.05949320559816114,0.031149522615351245,0.0,0.0,0.0,-0.020844789522710277,0.0,-0.025454329684721368,0.0,0.0,0.0,0.0,0.0,0.0,0.0,0.0,0.0
2026-01-31,0.0,0.0,0.0,0.0,0.0,0.0,0.0,0.0,0.0,0.0,0.0,0.0,0.0,0.0,0.0,0.0,0.0,0.0,0.0,0.0,0.0,0.0,0.0,0.0,0.02273505209628654,0.023887404934823536,0.0,0.0,0.0,0.0,0.028531062384341905,0.0,0.03157819499330408,0.0,0.0,0.0,0.0,0.0,0.0,0.0,0.0,0.0,0.0,0.04302662853763125,0.0,0.0,0.0,0.0,0.0,0.0452928444775973,0.0,0.045384422626384015,0.03253740982344142,0.0,0.0,0.04926703701276434,0.05124870976190562,0.0,0.03193143873302364,0.02722767126983189,0.022571835422300877,0.027480505573404146,0.03748658001461684,0.022746699738962515,0.042685199029926006,0.026129012100055336,0.03298176525607133,0.0,0.0,0.0,0.028030695012473683,0.0,0.027626460502975583,0.0223504863849403,0.03736967841351648,0.0,0.0,0.0,0.0,0.029246581770294915,0.0,0.07676385897359246,0.0242135141735475,0.0,0.0,0.0,-0.02437824382448095,-0.02497910825819127,-0.030608179197437555,0.0,0.0,0.0,0.0,0.0,0.0,0.0,0.029703719701876793,0.0
2026-02-28,0.0,0.0,0.0,0.0,0.0,0.0,0.0,0.0,0.0,0.0,0.0,0.0,0.0,0.0,0.0,0.0,0.0,0.0,0.0,0.0,0.0,0.0,0.0,0.0,0.0,0.0,0.0,0.0,0.0,0.0,0.0,0.0,0.02479822830891058,0.0,0.0,0.0,0.0,0.0,0.0,0.0,0.0,0.0,0.0,0.02948807937538527,0.0,0.0,0.0,0.0,0.0,0.03723041656955441,0.0,0.03734268780194714,0.028213202876568616,0.0,0.019316776968921385,0.04614688382625606,0.04276049800400944,0.018951548591402786,0.04277543243619815,0.0,0.021451132983536864,0.03139283546296962,0.04289357479278234,0.024299497989431065,0.06309652307795736,0.02205738236677097,0.03894399014178401,0.0,0.01899732657838564,0.0,0.028380664008485913,0.0,0.027797078003364024,0.023248452513794805,0.0386853742507492,0.0,0.0,0.034544676437669154,0.0,0.025613727652370064,0.02751395704924968,0.062380961089651805,0.06628203524416369,0.0,0.0,0.0,0.0,0.0,-0.0198363799355068,0.0,0.0,0.0,0.0,0.0,0.0,0.0,0.030830925550553986,0.02472975011166917
2026-03-31,0.0,0.0,0.0,0.0,0.0,0.0,0.0,0.0,0.0,0.0,0.0,0.0,0.0,0.0,0.0,0.0,0.0,0.0,0.0,0.0,0.0,0.0,0.0,0.0,0.019429114253749612,0.01984340292789087,0.0,0.0,0.0,0.0,0.0,0.0,0.023316457498853412,0.0,0.0,0.0,0.0,0.0,0.0,0.0,0.0,0.0,0.0,0.035533624951530576,0.0,0.0,0.0,0.0,0.0,0.04665445912610566,0.0,0.03586873711097733,0.030131958578525426,0.020505973551819174,0.022900502281486535,0.05977700359698592,0.054787150178255514,0.0,0.053889144646234996,0.0,0.022031434391350652,0.037015085507214184,0.04519777284596723,0.03305467505683127,0.05379090935160437,0.02391353061268439,0.03831428585973442,0.0,0.0,0.0,0.02269536788784207,0.0,0.02182391040516673,0.0,0.036015915440968604,0.0,0.0,0.03494460342737484,0.0,0.02458634699220856,0.024625936477210016,0.05175364446912013,0.046095992210738373,0.0,0.0,0.0,0.0,0.0,0.0,0.0,0.0,0.020486114171639345,0.0,0.0,0.0,0.022066678258094767,0.018950267931835053,0.0
2026-04-30,0.027111112765756996,0.0,0.0,0.0,0.0,0.0,0.0,0.023790885874742387,0.0,0.023403820542388556,0.0,0.0,0.0,0.0,0.026446000029504344,0.0,0.0,0.0,0.0,0.027627643852270654,0.030047528079430535,0.028335407003572403,0.03735301229227594,0.0,0.0,0.0,0.0,0.0,0.023336616249707218,0.0,0.0,0.034248719832083954,0.02829618274940515,0.04174208505875662,0.03063460517776707,0.0,0.0,0.0,0.0,0.0,0.0,0.0,0.0,0.0514211247830136,0.0,0.0,0.0,0.0,0.0,0.03642786602407599,0.0,0.02546786285178017,0.0,0.0,0.0,0.04411860537552584,0.040060399002867765,0.0,0.04037270646804161,0.0,0.0,0.0,0.03215503753190747,0.028439867401343657,0.0,0.0,0.028317216205190412,0.0,0.0,0.0,0.027082972727690332,0.0,0.0,0.028262393580259542,0.06719019961408415,0.0,0.0,0.0,0.0,0.0373834279073098,0.03407235327256939,0.024935060219563848,0.041330015597373045,0.0,0.0,0.0,0.0,0.0,0.0,0.0,0.0,0.030589271929741448,0.0,0.0,0.0,0.0,0.0,0.0
2026-05-31,0.0,0.0,0.0,0.0,0.0,0.0,0.0,0.0,0.0,0.0,0.0,0.0,0.0,0.0,0.03069798757597928,0.03180712962789508,0.0245107755092623,0.0,0.0,0.023845699023062675,0.025293270159654095,0.02667276633808241,0.04241588500660767,0.0,0.0,0.0,0.0,0.02850641893285137,0.026961498900249865,0.0,0.0,0.0,0.0,0.04246744129992074,0.02737878641382252,0.0,0.0,0.0,0.0,0.0,0.0,0.0,0.0,0.04552058964548545,0.0,0.0,0.0,0.0,0.0,0.04392687774620818,0.0,0.0,0.0,0.021983300047237003,0.0,0.04642126677996491,0.04261325880611479,0.0,0.04380721006976922,0.0,0.0,0.023069954023680127,0.03626644420950564,0.02606804804077282,0.02330186111584748,0.0,0.032925415234751676,0.0,0.0,0.0,0.03462112646682852,0.0,0.027673848548058377,0.0,0.04524800270905142,0.0,0.0,0.0,0.0,0.03659770200215693,0.031229648875075885,0.026922538956214676,0.03105552658766813,0.0,0.0,0.0,0.0,0.0,0.0,0.0,0.0,0.050189721348220945,0.0,0.0,0.0,0.0,0.0,0.0
2026-06-30,0.0,0.0,0.0,0.0,0.0,0.0,0.0,0.0,0.0,0.0,0.0,0.0,0.0,0.0,0.0,0.0,0.0,0.0,0.0,0.02161466116152648,0.0,0.0,0.024253237235738273,0.0,0.0,0.0,0.0,0.026443249114882963,0.023953265656289198,0.0,0.0,0.0,0.0,0.03216009055578957,0.025989572632695784,0.0,0.0,0.02181826089768866,0.0,0.0,0.0,0.0,0.0,0.028000823396685404,0.0,0.0,0.0,0.0,0.0,0.04432184946698576,0.0,0.0,0.024020512287084194,0.021113143450177653,0.0,0.04926508984319461,0.04666534819441674,0.0,0.039183898487227364,0.0,0.0,0.030540480273679293,0.04342697194698791,0.029192782919465834,0.025219295246510207,0.0,0.0450869775459188,0.0,0.0,0.0,0.04234078626704926,0.024325949005325472,0.026764263862906125,0.02497567598363224,0.07146979296407596,0.0,0.023030327040050518,0.029939824130090425,0.0,0.04574161396730478,0.03692892314373672,0.03375813293542686,0.03845520038745698,0.0,0.0,0.0,0.0,0.0,0.0,0.0,0.0,0.0,0.0,0.0,0.0,0.0,0.0,0.0
