Date,XOM,CVX,COP,EOG,OXY,FANG,DVN,CTRA,APA,PR,MTDR,CHRD,OVV,CNQ,SU,CVE,IMO,PBR,YPF,EC,SHEL,BP,TTE,EQNR,WMB,KMI,OKE,TRP,ENB,LNG,ET,EPD,MPLX,PAA,VLO,MPC,PSX,DINO,SUN,SLB,HAL,BKR,NOV,FTI,HP,PTEN,LBRT,RES,NBR,NEM,GOLD,AEM,WPM,FNV,RGLD,KGC,AU,HMY,GFI,AGI,OR,PAAS,HL,CDE,AG,FSM,SBSW,FCX,SCCO,TECK,RIO,BHP,VALE,AA,CENX,CLF,NUE,STLD,RS,CRS,ATI,MT,MP,LIN,APD,DD,DOW,LYB,CE,FMC,MOS,NTR,CF,WY,VMC,MLM,CCJ,UEC
2000-01-31,0.0,0.0,0.0,0.0,0.0,0.0,0.0,0.0,0.0,0.0,0.0,0.0,0.0,0.0,0.0,0.0,0.0,0.0,0.0,0.0,0.0,0.0,0.0,0.0,0.0,0.0,0.0,0.0,0.0,0.0,0.0,0.0,0.0,0.0,0.0,0.0,0.0,0.0,0.0,0.0,0.0,0.0,0.0,0.0,0.0,0.0,0.0,0.0,0.0,0.0,0.0,0.0,0.0,0.0,0.0,0.0,0.0,0.0,0.0,0.0,0.0,0.0,0.0,0.0,0.0,0.0,0.0,0.0,0.0,0.0,0.0,0.0,0.0,0.0,0.0,0.0,0.0,0.0,0.0,0.0,0.0,0.0,0.0,0.0,0.0,0.0,0.0,0.0,0.0,0.0,0.0,0.0,0.0,0.0,0.0,0.0,0.0,0.0
2000-02-29,0.0,0.0,0.0,0.0,0.0,0.0,0.0,0.0,0.0,0.0,0.0,0.0,0.0,0.0,0.0,0.0,0.0,0.0,0.0,0.0,0.0,0.0,0.0,0.0,0.0,0.0,0.0,0.0,0.0,0.0,0.0,0.0,0.0,0.0,0.0,0.0,0.0,0.0,0.0,0.0,0.0,0.0,0.0,0.0,0.0,0.0,0.0,0.0,0.0,0.0,0.0,0.0,0.0,0.0,0.0,0.0,0.0,0.0,0.0,0.0,0.0,0.0,0.0,0.0,0.0,0.0,0.0,0.0,0.0,0.0,0.0,0.0,0.0,0.0,0.0,0.0,0.0,0.0,0.0,0.0,0.0,0.0,0.0,0.0,0.0,0.0,0.0,0.0,0.0,0.0,0.0,0.0,0.0,0.0,0.0,0.0,0.0,0.0
2000-03-31,0.0,0.0,0.0,0.0,0.0,0.0,0.0,0.0,0.0,0.0,0.0,0.0,0.0,0.0,0.0,0.0,0.0,0.0,0.0,0.0,0.0,0.0,0.0,0.0,0.0,0.0,0.0,0.0,0.0,0.0,0.0,0.0,0.0,0.0,0.0,0.0,0.0,0.0,0.0,0.0,0.0,0.0,0.0,0.0,0.0,0.0,0.0,0.0,0.0,0.0,0.0,0.0,0.0,0.0,0.0,0.0,0.0,0.0,0.0,0.0,0.0,0.0,0.0,0.0,0.0,0.0,0.0,0.0,0.0,0.0,0.0,0.0,0.0,0.0,0.0,0.0,0.0,0.0,0.0,0.0,0.0,0.0,0.0,0.0,0.0,0.0,0.0,0.0,0.0,0.0,0.0,0.0,0.0,0.0,0.0,0.0,0.0,0.0
2000-04-30,0.0,0.0,0.0,0.0,0.0,0.0,0.0,0.0,0.0,0.0,0.0,0.0,0.0,0.0,0.0,0.0,0.0,0.0,0.0,0.0,0.0,0.0,0.0,0.0,0.0,0.0,0.0,0.0,0.0,0.0,0.0,0.0,0.0,0.0,0.0,0.0,0.0,0.0,0.0,0.0,0.0,0.0,0.0,0.0,0.0,0.0,0.0,0.0,0.0,0.0,0.0,0.0,0.0,0.0,0.0,0.0,0.0,0.0,0.0,0.0,0.0,0.0,0.0,0.0,0.0,0.0,0.0,0.0,0.0,0.0,0.0,0.0,0.0,0.0,0.0,0.0,0.0,0.0,0.0,0.0,0.0,0.0,0.0,0.0,0.0,0.0,0.0,0.0,0.0,0.0,0.0,0.0,0.0,0.0,0.0,0.0,0.0,0.0
2000-05-31,0.0,0.0,0.0,0.0,0.0,0.0,0.0,0.0,0.0,0.0,0.0,0.0,0.0,0.0,0.0,0.0,0.0,0.0,0.0,0.0,0.0,0.0,0.0,0.0,0.0,0.0,0.0,0.0,0.0,0.0,0.0,0.0,0.0,0.0,0.0,0.0,0.0,0.0,0.0,0.0,0.0,0.0,0.0,0.0,0.0,0.0,0.0,0.0,0.0,0.0,0.0,0.0,0.0,0.0,0.0,0.0,0.0,0.0,0.0,0.0,0.0,0.0,0.0,0.0,0.0,0.0,0.0,0.0,0.0,0.0,0.0,0.0,0.0,0.0,0.0,0.0,0.0,0.0,0.0,0.0,0.0,0.0,0.0,0.0,0.0,0.0,0.0,0.0,0.0,0.0,0.0,0.0,0.0,0.0,0.0,0.0,0.0,0.0
2000-06-30,0.0,0.0,0.0,0.0,0.0,0.0,0.0,0.0,0.0,0.0,0.0,0.0,0.0,0.0,0.0,0.0,0.0,0.0,0.0,0.0,0.0,0.0,0.0,0.0,0.0,0.0,0.0,0.0,0.0,0.0,0.0,0.0,0.0,0.0,0.0,0.0,0.0,0.0,0.0,0.0,0.0,0.0,0.0,0.0,0.0,0.0,0.0,0.0,0.0,0.0,0.0,0.0,0.0,0.0,0.0,0.0,0.0,0.0,0.0,0.0,0.0,0.0,0.0,0.0,0.0,0.0,0.0,0.0,0.0,0.0,0.0,0.0,0.0,0.0,0.0,0.0,0.0,0.0,0.0,0.0,0.0,0.0,0.0,0.0,0.0,0.0,0.0,0.0,0.0,0.0,0.0,0.0,0.0,0.0,0.0,0.0,0.0,0.0
2000-07-31,0.0,0.0,0.0,0.0,0.0,0.0,0.0,0.0,0.0,0.0,0.0,0.0,0.0,0.0,0.0,0.0,0.0,0.0,0.0,0.0,0.0,0.0,0.0,0.0,0.0,0.0,0.0,0.0,0.0,0.0,0.0,0.0,0.0,0.0,0.0,0.0,0.0,0.0,0.0,0.0,0.0,0.0,0.0,0.0,0.0,0.0,0.0,0.0,0.0,0.0,0.0,0.0,0.0,0.0,0.0,0.0,0.0,0.0,0.0,0.0,0.0,0.0,0.0,0.0,0.0,0.0,0.0,0.0,0.0,0.0,0.0,0.0,0.0,0.0,0.0,0.0,0.0,0.0,0.0,0.0,0.0,0.0,0.0,0.0,0.0,0.0,0.0,0.0,0.0,0.0,0.0,0.0,0.0,0.0,0.0,0.0,0.0,0.0
2000-08-31,0.0,0.0,0.0,0.0,0.0,0.0,0.0,0.0,0.0,0.0,0.0,0.0,0.0,0.0,0.0,0.0,0.0,0.0,0.0,0.0,0.0,0.0,0.0,0.0,0.0,0.0,0.0,0.0,0.0,0.0,0.0,0.0,0.0,0.0,0.0,0.0,0.0,0.0,0.0,0.0,0.0,0.0,0.0,0.0,0.0,0.0,0.0,0.0,0.0,0.0,0.0,0.0,0.0,0.0,0.0,0.0,0.0,0.0,0.0,0.0,0.0,0.0,0.0,0.0,0.0,0.0,0.0,0.0,0.0,0.0,0.0,0.0,0.0,0.0,0.0,0.0,0.0,0.0,0.0,0.0,0.0,0.0,0.0,0.0,0.0,0.0,0.0,0.0,0.0,0.0,0.0,0.0,0.0,0.0,0.0,0.0,0.0,0.0
2000-09-30,0.0,0.0,0.0,0.0,0.0,0.0,0.0,0.0,0.0,0.0,0.0,0.0,0.0,0.0,0.0,0.0,0.0,0.0,0.0,0.0,0.0,0.0,0.0,0.0,0.0,0.0,0.0,0.0,0.0,0.0,0.0,0.0,0.0,0.0,0.0,0.0,0.0,0.0,0.0,0.0,0.0,0.0,0.0,0.0,0.0,0.0,0.0,0.0,0.0,0.0,0.0,0.0,0.0,0.0,0.0,0.0,0.0,0.0,0.0,0.0,0.0,0.0,0.0,0.0,0.0,0.0,0.0,0.0,0.0,0.0,0.0,0.0,0.0,0.0,0.0,0.0,0.0,0.0,0.0,0.0,0.0,0.0,0.0,0.0,0.0,0.0,0.0,0.0,0.0,0.0,0.0,0.0,0.0,0.0,0.0,0.0,0.0,0.0
2000-10-31,0.0,0.0,0.0,0.0,0.0,0.0,0.0,0.0,0.0,0.0,0.0,0.0,0.0,0.0,0.0,0.0,0.0,0.0,0.0,0.0,0.0,0.0,0.0,0.0,0.0,0.0,0.0,0.0,0.0,0.0,0.0,0.0,0.0,0.0,0.0,0.0,0.0,0.0,0.0,0.0,0.0,0.0,0.0,0.0,0.0,0.0,0.0,0.0,0.0,0.0,0.0,0.0,0.0,0.0,0.0,0.0,0.0,0.0,0.0,0.0,0.0,0.0,0.0,0.0,0.0,0.0,0.0,0.0,0.0,0.0,0.0,0.0,0.0,0.0,0.0,0.0,0.0,0.0,0.0,0.0,0.0,0.0,0.0,0.0,0.0,0.0,0.0,0.0,0.0,0.0,0.0,0.0,0.0,0.0,0.0,0.0,0.0,0.0
2000-11-30,0.0,0.0,0.0,0.0,0.0,0.0,0.0,0.0,0.0,0.0,0.0,0.0,0.0,0.0,0.0,0.0,0.0,0.0,0.0,0.0,0.0,0.0,0.0,0.0,0.0,0.0,0.0,0.0,0.0,0.0,0.0,0.0,0.0,0.0,0.0,0.0,0.0,0.0,0.0,0.0,0.0,0.0,0.0,0.0,0.0,0.0,0.0,0.0,0.0,0.0,0.0,0.0,0.0,0.0,0.0,0.0,0.0,0.0,0.0,0.0,0.0,0.0,0.0,0.0,0.0,0.0,0.0,0.0,0.0,0.0,0.0,0.0,0.0,0.0,0.0,0.0,0.0,0.0,0.0,0.0,0.0,0.0,0.0,0.0,0.0,0.0,0.0,0.0,0.0,0.0,0.0,0.0,0.0,0.0,0.0,0.0,0.0,0.0
2000-12-31,0.0,0.0,0.0,0.0,0.0,0.0,0.0,0.0,0.0,0.0,0.0,0.0,0.0,0.0,0.0,0.0,0.0,0.0,0.0,0.0,0.0,0.0,0.0,0.0,0.0,0.0,0.0,0.0,0.0,0.0,0.0,0.0,0.0,0.0,0.0,0.0,0.0,0.0,0.0,0.0,0.0,0.0,0.0,0.0,0.0,0.0,0.0,0.0,0.0,0.0,0.0,0.0,0.0,0.0,0.0,0.0,0.0,0.0,0.0,0.0,0.0,0.0,0.0,0.0,0.0,0.0,0.0,0.0,0.0,0.0,0.0,0.0,0.0,0.0,0.0,0.0,0.0,0.0,0.0,0.0,0.0,0.0,0.0,0.0,0.0,0.0,0.0,0.0,0.0,0.0,0.0,0.0,0.0,0.0,0.0,0.0,0.0,0.0
2001-01-31,0.0,0.0,0.0,0.0,0.0,0.0,0.0,0.0,0.0,0.0,0.0,0.0,0.0,0.0,0.0,0.0,0.0,0.0,0.0,0.0,0.0,0.0,0.0,0.0,0.0,0.0,0.0,0.0,0.0,0.0,0.0,0.0,0.0,0.0,0.0,0.0,0.0,0.0,0.0,0.0,0.0,0.0,0.0,0.0,0.0,0.0,0.0,0.0,0.0,0.0,0.0,0.0,0.0,0.0,0.0,0.0,0.0,0.0,0.0,0.0,0.0,0.0,0.0,0.0,0.0,0.0,0.0,0.0,0.0,0.0,0.0,0.0,0.0,0.0,0.0,0.0,0.0,0.0,0.0,0.0,0.0,0.0,0.0,0.0,0.0,0.0,0.0,0.0,0.0,0.0,0.0,0.0,0.0,0.0,0.0,0.0,0.0,0.0
2001-02-28,0.0,0.0,0.0,0.0,0.0,0.0,0.0,0.0,0.0,0.0,0.0,0.0,0.0,0.0,0.0,0.0,0.0,0.0,0.0,0.0,0.0,0.0,0.0,0.0,0.0,0.0,0.0,0.0,0.0,0.0,0.0,0.0,0.0,0.0,0.0,0.0,0.0,0.0,0.0,0.0,0.0,0.0,0.0,0.0,0.0,0.0,0.0,0.0,0.0,0.0,0.0,0.0,0.0,0.0,0.0,0.0,0.0,0.0,0.0,0.0,0.0,0.0,0.0,0.0,0.0,0.0,0.0,0.0,0.0,0.0,0.0,0.0,0.0,0.0,0.0,0.0,0.0,0.0,0.0,0.0,0.0,0.0,0.0,0.0,0.0,0.0,0.0,0.0,0.0,0.0,0.0,0.0,0.0,0.0,0.0,0.0,0.0,0.0
2001-03-31,0.0,0.0,0.0,0.0,0.0,0.0,0.0,0.0,0.0,0.0,0.0,0.0,0.0,0.0,0.0,0.0,0.0,0.0,0.0,0.0,0.0,0.0,0.0,0.0,0.0,0.0,0.0,0.0,0.0,0.0,0.0,0.0,0.0,0.0,0.0,0.0,0.0,0.0,0.0,0.0,0.0,0.0,0.0,0.0,0.0,0.0,0.0,0.0,0.0,0.0,0.0,0.0,0.0,0.0,0.0,0.0,0.0,0.0,0.0,0.0,0.0,0.0,0.0,0.0,0.0,0.0,0.0,0.0,0.0,0.0,0.0,0.0,0.0,0.0,0.0,0.0,0.0,0.0,0.0,0.0,0.0,0.0,0.0,0.0,0.0,0.0,0.0,0.0,0.0,0.0,0.0,0.0,0.0,0.0,0.0,0.0,0.0,0.0
2001-04-30,0.0,0.0,0.0,0.0,0.0,0.0,0.0,0.0,0.0,0.0,0.0,0.0,0.0,0.0,0.0,0.0,0.0,0.0,0.0,0.0,0.0,0.0,0.0,0.0,0.0,0.0,0.0,0.0,0.0,0.0,0.0,0.0,0.0,0.0,0.0,0.0,0.0,0.0,0.0,0.0,0.0,0.0,0.0,0.0,0.0,0.0,0.0,0.0,0.0,0.0,0.0,0.0,0.0,0.0,0.0,0.0,0.0,0.0,0.0,0.0,0.0,0.0,0.0,0.0,0.0,0.0,0.0,0.0,0.0,0.0,0.0,0.0,0.0,0.0,0.0,0.0,0.0,0.0,0.0,0.0,0.0,0.0,0.0,0.0,0.0,0.0,0.0,0.0,0.0,0.0,0.0,0.0,0.0,0.0,0.0,0.0,0.0,0.0
2001-05-31,0.0,0.0,0.0,0.0,0.0,0.0,0.0,0.0,0.0,0.0,0.0,0.0,0.0,0.0,0.0,0.0,0.0,0.0,0.0,0.0,0.0,0.0,0.0,0.0,0.0,0.0,0.0,0.0,0.0,0.0,0.0,0.0,0.0,0.0,0.0,0.0,0.0,0.0,0.0,0.0,0.0,0.0,0.0,0.0,0.0,0.0,0.0,0.0,0.0,0.0,0.0,0.0,0.0,0.0,0.0,0.0,0.0,0.0,0.0,0.0,0.0,0.0,0.0,0.0,0.0,0.0,0.0,0.0,0.0,0.0,0.0,0.0,0.0,0.0,0.0,0.0,0.0,0.0,0.0,0.0,0.0,0.0,0.0,0.0,0.0,0.0,0.0,0.0,0.0,0.0,0.0,0.0,0.0,0.0,0.0,0.0,0.0,0.0
2001-06-30,0.0,0.0,0.0,0.0,0.0,0.0,0.0,0.0,0.0,0.0,0.0,0.0,0.0,0.0,0.0,0.0,0.0,0.0,0.0,0.0,0.0,0.0,0.0,0.0,0.0,0.0,0.0,0.0,0.0,0.0,0.0,0.0,0.0,0.0,0.0,0.0,0.0,0.0,0.0,0.0,0.0,0.0,0.0,0.0,0.0,0.0,0.0,0.0,0.0,0.0,0.0,0.0,0.0,0.0,0.0,0.0,0.0,0.0,0.0,0.0,0.0,0.0,0.0,0.0,0.0,0.0,0.0,0.0,0.0,0.0,0.0,0.0,0.0,0.0,0.0,0.0,0.0,0.0,0.0,0.0,0.0,0.0,0.0,0.0,0.0,0.0,0.0,0.0,0.0,0.0,0.0,0.0,0.0,0.0,0.0,0.0,0.0,0.0
2001-07-31,0.0,0.0,0.021231413645640382,0.04203142152013708,0.014608169323429983,0.0,0.04877120139765044,0.023707303628385086,0.016840648215062457,0.0,0.0,0.0,0.0,0.0,0.01787938882544233,0.0,0.02206076719596522,0.0,0.0,0.0,0.0,0.0,0.0,0.0,0.0,0.0,0.04922201476156596,0.09824761548840936,0.041642978852637756,-0.026670735988019847,0.0,0.08095337156206146,0.0,0.04175573940482007,0.0,0.0,0.0,0.033827146013559975,0.0,0.0,0.0,0.018325492206880074,0.0,0.0,0.0,0.0,0.0,0.044683848813148505,0.0,0.0,0.0,0.018443098815823115,0.0,0.0,-0.021618224318010047,0.0,0.0,0.0,0.0,0.0,0.0,-0.03404065539287029,0.0,-0.028690638595816734,0.0,0.0,0.0,0.0,0.0,0.0,0.0,0.0,0.0,0.0,0.0,-0.018275431716721476,0.0,0.0,0.0,0.01674856809410089,0.0,-0.030569691858856784,0.0,0.0,0.046523036512893266,0.0,0.0,0.0,0.0,0.018601699992898135,-0.06634204884229691,0.0,0.0,0.0,0.01621182023680467,0.02630868866354937,0.015167140116542297,0.0
2001-08-31,0.01419908475935484,0.019000351689996038,0.013878437981380703,0.03134575021847594,0.029302642722022196,0.0,0.01827230291276929,0.010514225307527651,0.01299187910883023,0.0,0.0,0.0,0.0,0.0,0.020504060988072552,0.0,0.021583978611639746,0.0,0.0,0.0,0.0,0.0,0.0,0.0,0.0,0.0,0.07702564010847922,0.13029532561732496,0.030620596748802544,-0.02421361344010614,0.0,0.06126323862434727,0.0,0.022387689429797204,0.016293409492474945,0.0,0.0,0.020522690479869064,0.0,0.0,0.0,0.009393054619627392,0.0,0.0,0.0,0.0,0.0,0.1693552511333357,0.0,0.0,0.0,0.0,0.0,0.0,0.0,0.0,-0.1240538204164361,0.0,0.0,0.0,0.0,0.0,0.0,-0.009230503321719727,0.0,0.0,0.0,0.0,-0.009017887418622283,0.0,0.012998156807162105,0.0,0.0,0.0,0.0,0.0,0.0,0.0,0.02365423417598687,0.0,0.0,-0.012600887046343566,0.0,0.014838461781334432,0.01690007619898516,0.0,0.0,0.0,0.0,0.011747962105202368,0.0,0.0,0.0,0.0,0.0,0.0,0.01199478673397392,0.0
2001-09-30,0.015037788822240798,0.0,0.013596506466510084,0.016897158060254002,0.01829758142805475,0.0,0.0,0.0,0.0,0.0,0.0,0.0,0.0,0.0,0.021281088254275292,0.0,0.017071578663452294,0.0,-0.018031178328815345,0.0,0.0,0.0,0.0,0.0,0.0,0.0,0.04985705783424281,0.14669173350993925,0.036746120964714274,-0.04641263272403414,0.0,0.2,0.0,0.02675912767181586,0.0,0.0,0.0,0.040684443766985975,0.0,-0.013004404282467453,0.0,0.0,-0.030970665913550563,0.0,0.0,0.0,0.0,0.03940445070740278,-0.023977452656338348,0.0,0.0,0.027843153812064165,0.0,0.0,0.0,-0.01699446028275412,-0.029672134659365048,0.0,0.0,0.0,0.0,0.0,0.0,-0.012305990116490735,0.0,0.0,0.0,0.0,0.0,0.0,0.0,0.0,0.0,0.012925354410367082,0.0,-0.01422858444842031,0.0,0.0,0.0,0.025910079248713292,0.0,-0.01568747082104131,0.0,0.010035377534678919,0.02464201103663287,0.0,0.0,0.0,0.0,0.010061948519763537,0.0,0.0,0.0,0.0,0.0,0.0,0.024972465054614628,0.0
2001-10-31,0.014800093820150868,0.0,0.01711434661262514,0.012556264806118345,0.010860540718223594,0.0,0.0,0.0,0.0,0.0,0.0,0.0,0.0,0.0,0.055583140013487325,0.0,0.01420738778885295,0.0,-0.03232360081620823,0.0,0.0,0.0,0.0,0.0,0.0,0.0,0.021661344658150644,0.2,0.059417569991515956,-0.013389679161325774,0.0,0.11025379109777496,0.0,0.02266787079938404,0.0,0.0,0.0,0.04417194663532237,0.0,-0.027579022527571474,-0.01841986293567425,0.0,-0.014000044896872583,0.0,0.0,-0.022470480421706837,0.0,0.026839047293724046,-0.053325747326573886,0.0,0.0,0.042660632105645614,0.0,0.0,0.0163420560797063,-0.01015833615557339,0.0,0.0,0.021099041201176446,0.0,0.0,0.0,0.0,-0.016742291842149107,0.0,0.0,0.0,0.0,0.0,0.0,0.0,0.0,0.0,0.0,0.0,-0.019207512283661902,0.0,0.0,0.0,0.0,0.0,-0.018698668504745466,0.0,0.0,0.014208673766599404,0.0,0.0,0.0,0.0,0.0,0.0,0.0,0.0,0.0,0.0,-0.017903086640688737,0.03133791909879044,0.0
2001-11-30,0.0,0.0,0.0,0.0,0.0,0.0,-0.007706435274271806,0.0,0.0,0.0,0.0,0.0,0.0,0.0,0.03745322246545284,0.0,0.03071691984412311,0.0,-0.024753016032962295,0.0,-0.010533604523275291,-0.009320683837780694,0.0,0.0,-0.008344141090830322,0.0,0.01176071274651034,0.2,0.09092314422479511,-0.024073153768554283,0.0,0.13413900519536,0.0,0.026475621310870192,0.0,0.0,0.0,0.05415311273268361,0.0,-0.017206357539061332,-0.012398357848138196,0.0,0.0,0.0,0.0,0.0,0.0,0.021883633647598714,0.0,0.0,0.0,0.031270946892835015,0.0,0.0,0.04476737205105304,0.0,0.0,0.010248046297196833,0.056132324520584864,0.0,0.0,0.0,0.0,-0.03654163282709608,0.0,0.0,0.0,0.0,-0.009519935759965547,0.0,0.0,0.0,0.0,0.0,0.0,-0.009734171543135148,0.0,0.0,0.0,0.0,0.0,-0.013647516556905118,0.0,0.0,0.011091994241677394,0.0,0.0,0.0,0.0,-0.009041101253819971,0.0,0.0,0.0,0.0,-0.008466670823629603,-0.011092995160312105,0.02660416998952146,0.0
2001-12-31,0.0,0.0,0.008450413658712649,0.0,0.009366202710019119,0.0,0.0,0.0,0.0,0.0,0.0,0.0,0.0,0.0,0.017618024135646712,0.0,0.01875920891892438,0.0,-0.011564261456162073,0.0,-0.00898288811153613,-0.016405098759233547,0.0,0.0,-0.007408362392427011,0.0,0.04458207148360886,0.07294762478429709,0.11574657706537757,-0.020254734884737533,0.0,0.2,0.0,0.025544438074828302,0.0,0.0,0.0,0.07103124641396423,0.0,-0.015532549376205277,-0.010248013490222497,0.0,0.0,0.0,0.0,0.0,0.0,0.043931872668006855,0.0,0.0,0.0,0.017288896708298578,0.0,0.0,0.04407917939916491,0.0,0.0,0.0,0.043656125269863816,0.0,0.0,0.0,0.0,-0.02033893956760062,0.0,0.0,0.0,0.007926151711737309,0.0,0.0,0.0,0.0,0.0,0.0,0.0,0.0,0.007832814431564165,0.0,0.009472836375588814,0.0,0.0,0.0,0.0,0.0095235377869062,0.013027555384841663,0.009350171134881034,0.0,0.0,0.0,0.0,0.0,0.0,0.0,0.007489508858216246,0.0,0.0,0.09164069498742695,0.0
2002-01-31,0.0,0.008812801146542235,0.013340365543898579,0.0,0.020635077342631092,0.0,0.0,0.0,0.0,0.0,0.0,0.0,0.0,0.0,0.021973800765018883,0.0,0.010969127813768135,0.0,-0.007438258395620231,0.0,-0.009449258414404232,0.0,0.0,0.0,-0.01049526264551752,0.0,0.033388954447277526,0.0750633266221737,0.02073816279198715,0.0,0.0,0.10561532601281648,0.0,0.05742824989125152,0.01289881045968972,0.0,0.0,0.2,0.0,0.0,0.0,0.0,0.0,0.0,0.0,0.0,0.0,0.05519076161009132,0.0,0.0,0.0,0.029720697725348234,0.0,0.0,0.07807630705228044,0.0,0.0,0.0,0.03760074321081017,0.0,0.0,0.0,0.0,-0.008247704850973347,0.0,0.0,0.0,0.009664196293188675,0.0,0.0,0.0,0.0,0.0,0.0,0.0,-0.011161378579159381,0.011823884829919513,0.0,0.011031986030471216,0.0,-0.011408573084415738,0.0,0.0,0.02211508120323923,0.01611600209624483,0.0,0.0,0.0,0.0,0.0,0.0,0.0,0.0,0.02792562744073687,0.0,0.007418791240727732,0.05425148245979651,0.0
2002-02-28,0.0,0.0,0.0,0.0,0.01709338803492051,0.0,0.0,0.0,0.0,0.0,0.0,0.0,0.0,0.0,0.014052057780605446,0.0,0.0,0.0,0.0,0.0,-0.015146650643204494,0.0,0.0,0.0,-0.012505155615279696,0.0,0.013670426310251555,0.04686559446208701,0.03264136194719299,0.0,0.0,0.06967687030596266,0.0,0.0824282820909773,0.012714770836656512,0.0,0.0,0.2,0.0,-0.012681318505467604,-0.010668417772110675,0.0,0.0,0.0,0.0,0.0,0.0,0.011360430340879702,-0.012161544856057397,0.0,0.0,0.032908699088546954,0.0,0.0,0.02011467883386266,0.0,0.0,0.011839853417816128,0.015824777345817293,0.0,0.0,0.0,0.0,-0.010205013581592811,0.0,0.0,0.0,0.01768436859292405,0.0,0.0,0.01043111622016619,0.0,0.0,0.0,0.0,-0.013216073308673049,0.034301734318175375,0.0,0.01937976237169703,0.0,-0.0109652434682009,0.0,0.0,0.025947243928117553,0.012390822214527893,0.0,0.0,0.0,0.0,0.0,0.0,0.0,0.0,0.032259647621602154,0.0,0.0,0.16886469618662658,0.0
2002-03-31,0.0,0.0,0.0,0.0,0.015678267499844505,0.0,0.0,0.0,0.0,0.0,0.0,0.0,0.0,0.0,0.014419342905798044,0.0,0.0,0.0,0.0,0.0,-0.04385492681093397,0.0,0.0,0.0,-0.010869949388002958,0.0,0.0,0.045615731487114286,0.02234833902611248,0.0,0.0,0.03697420126135984,0.0,0.02744292075083686,0.0,0.0,0.0,0.07420104267143206,0.0,0.0,0.0,0.0,0.0,0.0,0.0,0.0,0.0,0.0,0.0,0.012211510023091067,0.0,0.04048347852123647,0.0,0.0,0.020087001573112044,0.028912635898400554,0.019571963004485236,0.037666774379903276,0.029474541601658966,0.0,0.0,0.014142285642910167,0.013171123424527163,0.0,0.0,0.0,0.0,0.014799967724790575,0.0,0.0,0.04702792053128237,0.021529821906513966,0.0,0.019686347660449372,0.0,0.0,0.023963679781536976,0.01254720705167818,0.013005086039897348,0.0,0.0,0.0,0.0,0.04888873292084758,0.029721520530476164,0.0,0.0,0.0,0.0,0.0,0.0,0.0,0.0,0.04769780313637437,0.014005876845393199,0.0,0.2,0.0
2002-04-30,0.0,0.0,0.0,0.0,0.016033369550400717,0.0,0.0,0.0,0.0,0.0,0.0,0.0,0.0,0.007067530303726941,0.016732729387972416,0.0,0.007194499388829896,0.0,0.0,0.0,0.0,0.0,0.0,0.0,0.0,0.0,0.0,0.026442951423702038,0.011879695657697408,0.0,0.0,0.027612568555979062,0.0,0.018854424307857637,0.0,0.0,0.0,0.05162613078198493,0.0,-0.028430481605703592,-0.009304920686194148,0.0,0.0,0.0,0.0,0.0,0.0,0.0,0.0,0.07453971201137735,0.0,0.04758930740009894,0.0,0.0,0.044933509034599535,0.05560190843004246,0.03191415811732772,0.02706409050202222,0.04993665522176136,0.0,0.0,0.037942181176610024,0.025452139297955367,0.0,0.0,0.0,0.0,0.01488986504222311,0.0,0.0,0.03475073294888174,0.014327594709665555,0.0,0.02229694020460796,0.0,0.0,0.013915068382387924,0.0,0.00763888521817099,0.0,0.0,0.0,0.0,0.039738979104640915,0.01666750733715276,0.0,0.0,0.0,0.0,0.0,0.0,0.0,0.0,0.019621464210425366,0.0,0.0,0.2,0.0
2002-05-31,0.0,0.0,0.0,0.0,0.014730988693813937,0.0,0.0,0.0,0.014665945739723716,0.0,0.0,0.0,0.0,0.0,0.016888729711825062,0.0,0.010969148221885487,0.0,0.0,0.0,0.0,0.0,0.0,0.0,0.0,0.0,0.0,0.028415185707255736,0.014902194868872419,0.0,0.0,0.2,0.0,0.01682916751698976,0.0,0.0,0.0,0.09182541325697413,0.0,0.0,0.0,0.0,0.0,0.0,0.009817209803042183,0.010526023162930555,0.0,0.029956159460989236,0.0,0.027642114520570433,0.0,0.06677733176518352,0.0,0.0,0.037619380475890314,0.039580736571305175,0.04923833536633215,0.038187439977508925,0.060292389164374266,0.0,0.0,0.032774844415291056,0.044071894480318445,0.0,0.0,0.0,0.0,0.01764253576001028,0.0,0.0,0.016302382695291773,0.0,0.0,0.0,0.0,0.0,0.01151925583081313,0.01352681948283476,0.008439257300380709,0.0,0.0,0.0,0.0,0.03047958553323552,0.011513279170057213,0.0,0.0,0.0,0.0,0.0,0.0,0.0,0.0,0.014571930957075178,0.0,0.0,0.020294320389224893,0.0
2002-06-30,0.0,0.0,0.0,0.0,0.01101297820479466,0.0,0.0,0.0,0.0,0.0,0.0,0.0,0.0,0.0,0.01283872955164572,0.0,0.010679647118358,0.0,-0.007458775690411874,0.0,0.0,0.0,0.007248629564694312,0.0,0.0,0.0,0.0,0.026058338567857605,0.008813258455918415,0.0,0.0,0.14067763725587176,0.0,0.029310424334122866,0.0,0.0,0.0,0.02018518841385704,0.0,-0.016736023008642537,-0.020509344486301182,0.0,0.0,0.0,0.0,0.0,0.0,0.0,0.0,0.029387232405358968,0.0,0.045192243619412396,0.0,0.0,0.027036660010285103,0.04607066469352651,0.037352198645126365,0.06349628879521713,0.2,0.0,0.0,0.017226864384125136,0.09190686805553681,0.0073936601614638595,0.0,0.0,0.0,0.028035400155837165,0.0,0.0,0.0,0.008108610311351001,0.0,0.0,0.0,0.0,0.01117072665221352,0.013273398147400665,0.0,0.0,0.018625088172145955,0.0,0.0,0.014305899788578748,0.0,0.0,0.0,0.0,0.0,0.0,0.0,0.0,0.0,0.009176266831873059,0.0,0.0,0.020712954518071546,0.0
2002-07-31,0.0,0.0,0.0,0.0,0.052793154437696374,0.0,0.0,0.0,0.0,0.0,0.0,0.0,0.0,0.023872547988088976,0.060774074143816734,0.0,0.05348594200625332,0.0,-0.019408309989141424,0.0,0.0,0.0,0.015731378606002714,0.0,0.0,0.0,0.0,0.11671590043482634,0.03520928502384303,0.0,0.0,0.0,0.0,0.029488428566498692,0.0,0.0,0.0,0.023660387503447074,0.0,-0.06645989875809802,-0.018541094887412655,0.0,0.0,0.0,-0.015414176100431182,0.0,0.0,0.0,0.0,0.019417488759284843,0.0,0.029226666499552908,0.0,0.0,0.03545754688743423,0.040112785780781715,0.017153795176720332,0.03287383136252274,0.03670469311821361,0.0,0.0,0.0,0.05423026764787584,0.0,0.0,0.0,0.0,0.017712517827480366,0.0,0.0,0.0,0.0,0.0,0.0,0.015728588547258393,0.01934670424177154,0.017919076462758587,0.024877452747889797,0.0,0.0,0.0,0.0,0.0,0.032871010135281334,0.022446023748349572,0.0,0.0,0.0,0.0,-0.015740227129486105,0.0,0.0,0.0,0.0,0.0,0.0,0.03662674548178152,0.0
2002-08-31,0.0,0.0,0.0,-0.014935660160134076,0.0,0.0,0.0,-0.019854956862674744,0.0,0.0,0.0,0.0,0.0,0.01440700632391273,0.026477349696748056,0.0,0.0,-0.015284440484797749,-0.021064370706910782,0.0,0.0,0.0,0.0,0.0,-0.02318557757908774,0.0,0.0,0.020132135755206074,0.0,0.0,0.0,0.0,0.0,0.15873256063336383,0.0,0.0,0.0,0.02105438560940422,0.0,-0.06694558186634485,-0.019364340496939463,-0.014898208059383031,-0.027366331654130095,0.0,-0.2,-0.024266755109374608,0.0,0.0,-0.024017573450578963,0.015131002604495078,0.0,0.014836402644080477,0.0,0.0,0.029206544889860638,0.01914009273335256,0.0,0.020927902619168225,0.035507435391385726,0.0,0.0,0.0,0.02444177774329135,0.0,0.0,0.0,0.0,0.0,0.0,0.0,0.0,0.015626088336814375,0.0,0.0,0.0,0.018346067974574637,0.0,0.025831801047755627,0.0,0.0,0.0,0.0,0.0,0.015940341757232013,0.0,0.0,0.0,0.0,0.0,-0.031753778413830425,0.0,0.0,0.0,0.0,0.0,-0.02132352939516791,0.0,0.0
2002-09-30,0.0,0.0,0.0,0.0,0.0,0.0,0.0,0.0,0.0,0.0,0.0,0.0,0.0,0.01754164464504224,0.028576779751432708,0.0,0.0,0.0,-0.018980303078597306,0.0,0.0,0.0,0.0,0.0,0.0,0.0,0.0,0.028206840884216225,0.01775231313971047,0.0,0.0,0.0,0.0,0.03548602687340438,-0.015970222588793492,0.0,0.0,0.04087842455004309,0.0,-0.02192519439783205,-0.01747955314925185,0.0,-0.015526177707556058,0.0,0.0,0.0,0.0,0.0,0.0,0.02492203908184548,0.0,0.02847727055867352,0.0,0.0,0.10948820962016727,0.06865290274812548,0.020590849607164508,0.039976420838578115,0.05544893223807874,0.0,0.0,0.05071460614242111,0.0820700304287874,0.019496588277443445,0.0,0.0,0.0,0.0,0.0,0.0,0.0,0.029867442838992512,0.0,-0.02233586273275403,0.0,0.026835874051780773,0.02375506651645364,0.0,0.0,0.0,0.0,0.0,0.0,0.019022669083895626,0.014137572445715027,0.0,0.0,0.0,0.0,0.0,0.0,0.0,0.0,0.023382571280973832,-0.025570500499413815,-0.05693111024285586,0.0,0.0
2002-10-31,-0.03381944806736886,0.0,0.0,0.0,0.0,0.0,0.0,-0.01765802325777201,0.0,0.0,0.0,0.0,0.0,0.0,0.0,0.0,0.0,0.0,-0.017446341504561102,0.0,-0.017269478798645724,0.0,0.0,0.0,-0.016897156792721663,0.0,0.0,0.032311144241185245,0.026599743371873708,0.0,0.0,0.0,0.0,0.0,-0.03376334714364086,0.0,0.0,0.0,0.0,-0.035647384180691494,-0.021134914861604723,0.0,-0.019658267140899317,0.0,-0.01827002097532132,0.0,0.0,0.0,-0.022635017588606577,0.02195463609242535,0.0,0.024703362956386272,0.0,0.0,0.13329113833320075,0.06726379575578688,0.01641493351174711,0.051898407969782345,0.06909276826643235,0.0,0.0,0.03592008425068112,0.06999383948241175,0.0,0.0,0.0,0.0,0.0,0.0,0.0,-0.01701247272075241,0.0,0.0,-0.035395689348649215,0.0,0.0,-0.01855907770123261,0.0,-0.01663601114143764,-0.01742583437948636,-0.0200310600312192,0.0,0.0,0.0,0.0,0.0,0.0,0.0,0.0,0.0,0.0,0.0,0.0,0.0,-0.04026440302682379,-0.031032197106652098,0.0,0.0
2002-11-30,0.0,-0.019445305584218205,0.0,-0.059878743539837374,0.0,0.0,0.0,-0.026331264496801437,0.0,0.0,0.0,0.0,0.0,0.0,0.0,0.0,0.0,0.0,-0.015641104899706614,0.0,0.0,-0.013940579713767599,0.0,0.0,-0.022042986630447167,0.0,0.0,0.04475078150091462,0.03148618695830383,0.0,0.0,0.0,0.0,0.0,0.0,0.0,0.0,-0.030983175512475616,0.0,-0.020175780707301662,-0.014479157617313037,-0.045053564067831744,-0.050432702306827705,0.0,0.0,0.0,0.0,-0.016531829704261397,-0.030004573819732927,0.0,0.0,0.0,0.0,0.0,0.11081411791156148,0.022456787848135443,0.0201033628881889,0.03521465666957412,0.04896553049089783,0.0,0.0,0.020941297500877587,0.06459102499637935,0.0,0.0,0.0,0.0,0.0,0.0,0.0,0.0,0.017628227804138398,0.0,0.0,-0.02097310442801899,0.0,0.0,0.0,-0.02749068475775671,-0.019056108775867442,-0.030410943663921677,0.0,0.0,0.0,0.0,-0.015484434847481462,0.0,0.0,0.0,0.0,0.0,0.0,0.0,0.0,-0.06763721649574775,-0.03705476386171202,0.0,0.0
2002-12-31,0.0,-0.018792214569183237,0.0,0.011297730467044945,0.01931100316909832,0.0,0.0,0.0,0.0,0.0,0.0,0.0,0.0,0.0,0.011202496421205238,0.0,0.010061019234226995,0.0,0.0,0.0,-0.010425326887936959,0.0,0.0,0.0,-0.010187060824794477,0.0,0.0,0.0524702535293327,0.0532996862163786,-0.013883939509907451,0.0,0.0,0.0,0.030343111323488218,0.0,0.0,0.0,0.0,0.0,0.0,0.0,0.0,-0.031320933977685754,0.0,0.009630751727242738,0.038200401425631365,0.0,0.0,0.0,0.03329676128343112,0.0,0.0,0.0,0.0,0.10259378691170105,0.027333090572886205,0.025521256184717567,0.04543441575097594,0.055401194810227934,0.0,0.0,0.03756681525024568,0.1489638127961193,0.0,0.0,0.0,0.0,0.0,0.1050460427556697,0.0,0.0,0.02571930827143284,0.0,0.0,-0.010031301761809965,0.0,0.0,0.011214792293295823,0.0,0.0,-0.018535709639561367,0.0,0.0,0.01301790844696655,0.0,0.0,0.0,0.0,0.0,0.0,0.0,0.0,0.0,0.0,-0.010113277413550423,-0.009784596574251379,0.0,0.0
2003-01-31,-0.018551033070405634,-0.06855508917745926,-0.012519460140084487,0.013239473921440368,0.011561064842456285,0.0,0.0,0.0,0.0,0.0,0.0,0.0,0.0,0.0,0.0,0.0,0.0,0.0,0.0,0.0,-0.02601371085711083,-0.012425689558404911,0.0,0.0,0.0,0.0,0.051763079263415855,0.12650180143733694,0.09385932890995653,0.0,0.0,0.0,0.0,0.0,0.0,0.0,0.0,0.011381095603031622,0.0,0.0,0.0,0.0,0.01536110801114241,0.01509325975291875,0.0,0.03851487740180866,0.0,0.0,0.02004456083165888,0.0,0.0,0.0,0.0,0.0,0.05564387174323669,0.02359169093537507,0.022725217983631422,0.03786041773575997,0.040662197529997356,0.0,0.0,0.017431858676638583,0.0833150739653344,0.018921125688397197,0.0,0.0,0.0,0.011337350071211538,0.046772770817457614,0.0,0.011318896854979202,0.03523764527319188,0.0,0.0,-0.01340896748418791,0.0,0.0,0.0,0.0,0.0,-0.02579377891730309,0.0,0.0,0.020594503544666635,0.0,0.0,0.0,0.0,0.0,0.0,0.0,0.0,0.0,0.0,0.0,0.0,0.0,0.0
2003-02-28,-0.013074011168933728,-0.05160289712647769,-0.03373897069804223,0.015017064001056303,0.013259189717473164,0.0,0.0,0.0,0.03243051141816998,0.0,0.0,0.0,0.0,0.0,0.02299074464443757,0.0,0.03301588708535726,-0.01269786926342165,0.0,0.0,-0.021854506091495005,-0.01582734737066328,0.0,0.0,-0.01427439910655099,0.0,0.0,0.06605312094685115,0.01601027204594604,0.0,0.0,0.0,0.0,0.0,0.0,0.0,0.0,0.0,0.0,0.0,0.0,0.0,0.01947648703953366,0.0,0.0,0.2,0.0,0.0,0.06872332331139364,0.0,0.0,0.0,0.0,0.0,0.052286138360426365,0.023042230073193292,0.02584376094431322,0.039741539759885355,0.036228434684911846,0.0,0.0,0.0160233230128423,0.0455581104848406,0.02233956323364525,0.0,0.0,0.0,0.017470494421262302,0.024692642124458073,0.0,0.0,0.01314963173496474,0.0,0.0,0.0,0.01810767845983507,0.0,0.0,0.0,0.0,-0.015469851669618237,0.0,0.0,0.0,0.0,0.0,0.0,0.0,0.0,0.0,0.0,0.0,0.0,0.0,0.0,0.0,0.0,0.0
2003-03-31,-0.015999708971696797,-0.023944861803110534,0.0,0.021520580403336393,0.18229358467720955,0.0,0.023434374183080895,0.0,0.06067996064161123,0.0,0.0,0.0,0.0,0.025195698458035463,0.04790562022395286,0.0,0.015364830470347927,0.0,0.013043148857299998,0.0,0.0,0.0,0.0,0.0,-0.018969190099799145,0.0,0.0,0.03335182269605059,0.0,0.0,0.0,0.0,0.0,0.0,0.0,0.0,0.0,0.0,0.0,0.0,0.0,0.0,0.015390772810583795,0.02987622659904055,0.0,0.10339787775512904,0.0,0.0,0.05159889094108368,0.0,0.0,0.0,0.0,0.0,0.014757739478010843,0.0,0.015555071692105415,0.01887017464171197,0.0233863073492672,0.0,0.0,0.0,0.017069884486072114,0.0,0.0,0.0,0.0,0.0,0.029600938776581362,0.0,0.0,0.02148803337152932,0.0,0.0,0.0,0.025729985193079397,0.0,0.0,-0.024470027169422138,0.0,-0.016883469553784433,0.0,0.0,0.033467553568530324,0.0,-0.012817470366085184,0.0,0.0,0.0,0.0,0.0,0.0,0.0,0.0,-0.01285080841268869,-0.051085386349763125,0.0,0.0
2003-04-30,0.0,-0.018428371544417656,0.0,0.0,0.05262211253981447,0.0,0.011749086579613252,0.0,0.013872676233280196,0.0,0.0,0.0,0.0,0.0,0.0,0.0,0.010914707324057877,0.0,0.0233547593062336,0.0,0.0,0.0,-0.01398068647219928,0.0,-0.09554799732195861,0.0,0.0,0.02204226381319195,0.02146039314251551,0.01463341476054316,0.0,0.0,0.0,0.0,0.0,0.0,0.0,0.0,0.0,0.0,0.0,0.0,0.0,0.02005483207395305,0.0,0.025156380905312144,0.0,-0.012019129585168736,0.015143992279417423,0.0,0.0,0.0348348550990518,0.0,0.0,0.013859450625173443,0.03906238669000405,0.031164382915722384,0.05822231716256746,0.031724775596191405,0.0,0.0,0.01651377096304236,0.2,0.027129008817905954,0.0,0.0,0.0,0.0,0.016745064108903182,0.0,0.0,0.013808653259357657,0.0,0.0,0.0,0.0,0.0,0.0,-0.019177669038601283,0.0,0.0,0.08951343774321442,0.0,0.0,0.0,0.0,0.0,0.0,0.0,0.0,0.0,0.0,0.0,0.0,-0.01915971147636525,-0.018103712622222438,0.0,0.0
2003-05-31,0.0,-0.023305378323004538,0.0,0.0,0.04061583970602936,0.0,0.019002962136319065,0.01673677462298646,0.01654014146464013,0.0,0.0,0.0,0.0,0.01179901123588406,0.0,0.0,0.0,0.0,0.03773139659338686,0.0,0.0,-0.014780791930867175,0.0,0.031352727017357605,0.0,0.0,0.011429969179346858,0.017463255487235735,0.02354154785741204,0.020480569877673147,0.0,0.0,0.0,0.0,0.0,0.0,0.0,0.0,0.0,0.0,0.0,0.0,0.0,0.031153594699738853,0.0,0.024310542266475006,0.0,0.0,0.010799714683581693,0.017135931463610383,0.0,0.0,0.0,0.0,0.02135819790930596,0.0601195714253867,0.2,0.05919984783238899,0.03307654027940784,0.0,0.0,0.017197518032129513,0.0459456185028119,0.035480073707206114,0.0,0.0,0.0,0.010648316121977124,0.016717425626542777,0.0,0.0,0.017980207895946818,0.0,0.0,-0.024102977056202957,0.0,0.0,0.0,0.0,0.0,0.0,0.08999355706514425,0.0,0.0,0.0,0.0,0.0,0.0,0.0,0.0,0.0,0.0,0.0,0.0,0.0,0.0,0.0,0.0
2003-06-30,0.0,0.0,0.0,0.0,0.013674515836694563,0.0,0.01692608377325128,0.0,0.010759329618689218,0.0,0.0,0.0,0.0,0.018795173201422165,0.0,0.0,0.0,0.0,0.02882575108354465,0.0,0.0,0.0,0.0,0.015326775034252081,0.0,0.0,0.040319798858548146,0.029111708309147614,0.01789835247065044,0.02743845325561353,0.0,0.0,0.0,0.0,0.0,0.0,0.0,0.0,0.0,0.0,0.0561569350252472,0.0,0.0,0.0,0.0,0.026259142039334684,0.0,0.0,0.0105832717352081,0.024611307290824138,0.0,0.0,0.0,0.0,0.03443575287830996,0.04698771578740049,0.038890302047363864,0.015146784963403092,0.030372550528611045,0.0,0.0,0.030987716903738693,0.07010722401703323,0.06272490855842065,0.0,0.0,0.0,0.013319612524067326,0.017286724976580545,0.0,0.0,0.05138868837453924,0.0,0.0,-0.030113348186551467,0.0,0.0,0.0,0.0,0.0,0.0,0.1828102965184332,0.0,0.014316019374197233,0.0,0.0,0.0,0.0,0.0,-0.01246981817150751,-0.01195593865741468,0.0,0.0,0.0,0.0,0.0,0.0,0.0
2003-07-31,0.0,0.0,0.0,0.0,0.01367642394716911,0.0,0.021106687371977503,0.022269582605086127,0.0,0.0,0.0,0.0,0.0,0.017648034002897755,0.0,0.0,0.011922391421777118,0.0,0.027370835674433443,0.0,0.0,0.0,0.0,0.014283861769235028,0.0,0.0,0.0,0.026878188267907957,0.019203437059074912,0.03179752691214175,0.0,0.0,0.0,0.017875683833135637,0.0,0.0,0.0,0.03216417133436759,0.0,0.0,0.02908494396900598,0.0,0.0,0.0,0.0,0.012616152189546334,0.0,0.0,0.0,0.03890846854870548,0.0,0.0,0.0,0.0,0.06815603955549122,0.04191529589610722,0.023651957900414525,0.0,0.035862154710048305,0.0,0.0,0.09129157316452736,0.14749194140562485,0.03304100966993476,0.0,0.0,0.0,0.013396855521448463,0.01803713493278851,0.0,0.0,0.06156163238558705,0.0,0.0,-0.04189374689951025,0.0,0.0,0.0,-0.01799708155859172,0.0,0.0,0.026302484206100974,0.0,0.0,0.0,0.0,0.0,0.0,0.0,-0.029134812522799848,-0.013459890764563408,0.0,0.0,0.0,0.0,0.0,0.0,0.0
2003-08-31,-0.011498130394923506,0.0,0.0,0.0,0.010832828931251494,0.0,0.0,0.0,0.0,0.0,0.0,0.0,0.0,0.0,0.0,0.0,0.011550796788034475,-0.1079828491058092,0.022787622133159418,0.0,0.0,0.0,0.0,0.013258244168982275,0.0,0.0,0.0,0.02443804500247814,0.01722847079584109,0.028348902393039208,0.0,0.0,0.0,0.033043857588575545,-0.016203781359351296,0.0,0.0,0.0446706017615067,0.0,0.0,0.014482009733388305,0.0,0.0,0.0,0.0,0.0,0.0,-0.01190507480197855,0.0,0.18214067075552876,0.0,0.0,0.0,0.0,0.053959894458414745,0.03120784013610856,0.0433542951672008,0.0,0.019334145077291656,0.0,0.0,0.021434618022990414,0.05513104821606389,0.0,0.0,0.0,0.0,0.02882674242896698,0.02937471738405236,0.0,0.0,0.02147054627439707,0.0,-0.027966907448026376,0.0,0.0,0.0,0.0,-0.01275788982954925,0.0,0.0,0.05458967747256992,0.0,0.01265327847831726,0.0,0.0,0.0,0.0,0.0,-0.025343795556265716,0.0,0.0,0.0,0.0,-0.01222271833593704,0.0,0.0,0.0
2003-09-30,0.0,-0.026710755267912927,0.0,0.0,0.01312672123979453,0.0,0.0,0.0,0.0,0.0,0.0,0.0,0.0,0.009660207736024587,0.0,0.0,0.011306124361383387,0.0,0.024913311204499477,0.0,0.0,-0.029012204155653396,0.0,0.015309232362873945,0.0,0.0,0.0,0.10088409012160897,0.0436586010150811,0.025815177277112404,0.0,0.0,0.0,0.02396209100432442,0.0,0.0,0.0,0.011849298097287207,0.0,0.0,0.014233654320565116,0.0,0.0,0.0,0.0,0.0,0.0,0.0,0.0,0.0783774189181521,0.0,0.0,0.0,0.0,0.1415262859451219,0.019894269580986036,0.022416785907684825,0.0,0.010282601371095927,0.0,0.0,0.019677171630764316,0.03542723638796346,0.0,0.0,0.0,0.0,0.1314544632008836,0.014063439229271798,0.0,0.0,0.020992776560800664,0.010904587462189565,-0.015227320637330705,0.0,0.0,-0.024325657101495663,0.0,-0.011013874151396928,0.0,-0.013438473757591846,0.043400671371307986,0.0,0.0,0.0,0.0,0.0,0.0,0.0,-0.03713549862184114,0.0,0.0,0.0,0.0,0.0,0.0,0.0,0.0
2003-10-31,0.0,-0.02051028626685472,0.0,0.0,0.02352580649150762,0.0,0.0,0.0,0.0,0.0,0.0,0.0,0.0,0.015798567927175086,0.0,0.0,0.020680953281634024,0.0,0.05990677791143554,0.0,0.0,-0.029762342349484935,0.0,0.018193244886519876,0.0,0.0,0.0,0.06398342080718246,0.029403658229280722,0.11719677762279163,0.0,0.012018176464732355,0.0,0.02054595424407823,0.0,0.0,0.0,0.01980966893720119,0.0,0.0,0.02447844130060936,0.0,0.0,0.0,0.0,0.0,0.0,0.0,0.0,0.02015839692570202,0.0,0.0,0.0,0.0,0.018299669940452692,0.015534540556183134,0.020932979879307822,0.0,0.0,0.0,0.0,0.012700751790890814,0.0,0.014853219930195768,0.0,0.0,0.0,0.2,0.014285635396035721,0.0,0.012799460328953552,0.02782092423312861,0.041161317565869625,0.0,0.0,0.0,0.0,0.0,-0.01585556309386615,0.0,-0.014241226416253786,0.030449353368787235,0.0,0.0,0.0,0.0,0.0,0.0,0.0,-0.05117465965843822,0.0,0.0,0.0,0.0,0.0,0.0,0.013918224195447151,0.0
2003-11-30,0.0,-0.011169995352614594,0.0,0.0,0.031218298760133212,0.0,0.0,0.0,0.017268110667454244,0.0,0.0,0.0,0.0,0.05881892885207799,0.010174797872081764,0.0,0.05891301954930282,0.0,0.06479482257639983,0.0,-0.02064393865118906,-0.10585705408000164,0.0,0.019521822045431878,0.0,0.0,0.0,0.033203397263123755,0.01675928550940202,0.09928035889853361,0.0,0.0,0.0,0.021433967899103235,0.0,0.0,0.0,0.031109025112882216,0.0,0.0,0.019736936910913758,0.0,-0.010833976410943736,0.0,0.0,0.0,0.0,0.0,0.0,0.020766327607279856,0.0,0.0,0.0,0.0,0.0,0.0,0.011698653580758878,0.0,0.0,0.0,0.0,0.0,0.0,0.0,0.0,0.0,0.0,0.08702311516383293,0.025889130620484084,0.0,0.016972673415520917,0.02730688297467186,0.0887033570623357,0.0,0.0,0.0,0.0,0.0,0.0,0.0,-0.01194084196992164,0.026211360697991515,0.0,0.010601697173037808,0.0,0.0,0.0,0.0,0.0,-0.013473216350963284,-0.010703870242806992,0.0,0.0,0.0,0.0,0.0,0.0179711367288052,0.0
2003-12-31,0.0,0.0,0.0,0.0,0.025966860773764658,0.0,0.0,0.0,0.04754879785104072,0.0,0.0,0.0,0.0,0.04591369327809123,0.0,0.0,0.020600938197900674,0.03492747986879848,0.05552378811306999,0.0,-0.01982703336609884,-0.03562453294908765,0.0,0.011025604406356712,0.014050135140282909,0.0,0.0,0.03878128177912862,0.012021443716934373,0.08479360471342465,0.0,0.025977282299512097,0.0,0.014810403237970669,0.0,0.0,0.0,0.038043337718842656,0.0,0.0,0.07427081996502188,0.0,0.0,0.0,0.0,0.0,0.0,0.0,0.0,0.025191297456765318,0.0,0.0,0.0,0.0,0.0,0.010437000117045077,0.014726500022804047,0.045638150813677086,0.011165649374578937,0.0,0.0,0.0,0.0,0.016072722333007102,0.0,0.0,0.0,0.08093593112219441,0.11566801741577878,0.0,0.010292145861451598,0.01697153905412931,0.015477484363939193,0.0,0.0,0.0,0.0,0.0,0.0,0.0,0.0,0.019961826415107773,0.0,0.0,0.0,0.0,0.0,0.0,0.0,0.0,0.0,0.0,0.0,0.0,0.0,0.0,0.017754698274194673,0.0
2004-01-31,0.0,0.0,0.0,0.0,0.0,0.0,0.0,0.0,0.01812692057642729,0.0,0.0,0.0,0.0,0.019288078714946925,0.02527056908707769,0.0,0.02191727969443662,0.025216138231826644,0.05981070069447399,0.0,0.0,0.0,0.0,0.021320633031560093,0.04886918753628122,0.0,0.0,0.02466556311770597,0.020208640307748132,0.036262841202315495,0.0,0.0,0.0,0.052977913295921976,0.0,0.0,0.0,0.03999168573850778,0.0,0.0,0.024661186135588334,0.0,0.0,0.0,0.0,0.0,0.0,0.0,0.0,0.030651200342972945,0.0,0.0,0.0,0.0,0.019222090488178974,0.0,0.017169788679407955,0.0824378386735135,0.024483803379604686,0.0,0.0,0.02447379202383554,0.03763110909859207,0.02413671538078163,0.0,0.0,0.0,0.029487660222736904,0.087028296058995,0.0,0.0,0.01882074396740971,0.0,0.0,0.0,0.024762709486101465,0.0,0.0,0.0,0.0,0.0,0.031156482984550534,0.0,0.018902153864294394,0.0,0.0,0.0,0.0,0.0,0.019043649716255846,0.0,0.0,0.0,0.0,0.0,0.0,0.07200462826795063,0.0
2004-02-29,0.0,0.0,0.0,0.0,0.021434919579776134,0.0,0.0,0.027224792028952123,0.0,0.0,0.0,0.0,0.01968469417132453,0.0,0.01927454348316568,0.0,0.022671766289201544,0.024708161104568315,0.14547793491881733,0.0,0.0,0.0,0.0,0.0,0.08156429862899894,0.0,0.0,0.024181694289711002,0.0,0.0547624323646307,0.0,0.0,0.0,0.04301016639484282,0.026304291177629564,0.0,0.0,0.0689740575793883,0.0,0.0,0.03027363321139063,0.01628260925113434,0.0,0.04168422319092211,0.0,0.0,0.0,0.0,0.0,0.0,0.0,0.0,0.0,0.0,0.0,0.0,0.0,0.0,0.0,0.0,0.0,0.02126780355345356,0.0,0.016607003546039095,0.0,0.0,0.0,0.027208559120379727,0.02917667020982162,0.0,0.01710578327142445,0.023199536914514506,0.0,0.0,0.02953488079464298,0.0,0.035140603431893874,0.026758758738816515,0.0,0.03166431745409604,0.0,0.020652862942488807,0.0,0.0,0.0,0.01910382816111886,0.0,0.0,0.0,0.0,0.0,0.0,0.0,0.0,0.01865666922929992,0.0,0.016408504967556088,0.0
2004-03-31,0.0,0.0,0.0,0.0,0.0,0.0,0.0,0.0,0.0,0.0,0.0,0.0,0.0,0.0,0.01272220410847859,0.0,0.013890226620110203,0.028471859178518452,0.09929275687300577,0.0,0.0,0.0,0.0,0.0,0.07416950700963244,0.0,0.0,0.024260605330417635,0.0,0.05172902421372082,0.0,0.0,0.0,0.025147934654883214,0.04987658593298962,0.0,0.0,0.061624514999734745,0.0,0.017931746265618807,0.0440701709283302,0.023854228371072154,0.12251157514309996,0.040888561540701494,0.0,0.0,0.0,0.0,0.02120660449261363,0.0,0.0,0.0,0.0,0.0,0.0,0.0,0.0,0.0,0.0,0.0,0.0,0.02397692272348494,0.015275294285412218,0.027736679399333237,0.0,0.0,0.0,0.022169936417618653,0.013077093816247151,0.0,0.0,0.014290895804922816,0.0,0.0,0.03249004128268314,0.0,0.015069095825183997,0.014287913226651495,0.0,0.045350495193491595,0.0,0.020559635264314514,0.0,0.0,0.0,0.017284747959596013,0.0,0.0,0.0,0.0,0.0,0.0,0.0,0.0,0.012617935262784753,0.0,0.01416520787534799,0.0
2004-04-30,0.0,0.017766674566038768,0.019067483622143222,0.0,0.03280787716322708,0.0,0.0,0.017957148618669854,0.010465045547962726,0.0,0.0,0.0,0.0,0.011350188516594245,0.03613331513206282,0.0,0.02017235082483268,0.03745524415168431,0.2,0.0,0.0,0.0,0.0,0.012311468406888309,0.07716734038982155,0.0,0.0,0.0118782235641344,0.0,0.10303534359024656,0.0,0.0,0.0,0.01116481763377512,0.0,0.0,0.0,0.020704882252976314,0.0,0.0,0.0,0.0,0.0,0.021249516126017245,0.0,0.0,0.0,0.0,0.0,0.0,0.0,0.011215585177813667,0.0,0.0,0.0,0.0,0.0,0.0,0.0,0.0,0.0,0.017101197418238134,0.013145765904840838,0.0203140636176935,0.0,0.0,0.0,0.014443570661672801,0.018533346333214164,0.0,0.0,0.0,0.014116940865796011,0.0,0.021466704754801922,0.0,0.0,0.018135966898939745,0.0,0.02482270309557582,0.0,0.015533389168114262,0.0,0.0,0.0,0.011860825668967227,0.0,0.0,0.0,0.0,0.0,0.0,0.0,0.0,0.1386230203272567,0.0,0.0,0.0
2004-05-31,0.01241132914657931,0.02184528232572864,0.03503668899003831,0.0,0.05644760866175239,0.0,0.019050658580188954,0.0,0.016111132295022437,0.0,0.0,0.0,0.0,0.019225765334898556,0.0,0.0,0.021170569414386144,0.014478515995642623,0.17004401018057552,0.0,0.0,0.10354371784629961,0.02306668478201602,0.02706617956012268,0.052124871603792554,0.0,0.0,0.008842783923919476,0.0,0.17763593166388825,0.0,0.0,0.0,0.010068661936257708,0.0192392869802638,0.0,0.0,0.0302750233680444,0.0,0.0,0.010141175292120377,0.0,0.0,0.01733747014814239,0.0,0.0,0.0,0.0,0.0,0.0,0.0,0.0,0.0,0.0,0.0,0.0,0.0,0.0,0.0,0.0,0.0,0.0,0.0,0.0,0.0,0.0,0.0,0.0,0.0,0.0,0.0,0.0,0.008589630943964397,0.0,0.009878822979676204,0.0,0.0,0.017194452392241488,0.0,0.009098106897133374,0.0,0.031159316945689033,0.0,0.014449330380607141,0.0,0.0,0.0,0.0,0.0,0.009207964583462827,0.0,0.0,0.0,0.0,0.022941179713116072,0.0,0.012317847134429072,0.0
2004-06-30,0.015489872243955049,0.01818701905858216,0.06279696087399751,0.01398753169093036,0.01218638991319304,0.0,0.0,0.0,0.012176448547723871,0.0,0.0,0.0,0.0,0.023595847493156245,0.0,0.0,0.055704121697525956,0.0,0.07635650359964109,0.0,0.0,0.026809581691746714,0.014529551069082334,0.14914559112150383,0.05413185065577588,0.0,0.0,0.0,0.0,0.1533068630673462,0.0,0.0,0.0,0.0,0.02879192465324066,0.0,0.0,0.023589086694528555,0.0,0.011149411942403282,0.04959878049106194,0.0,0.014024429529273252,0.019183562239701676,0.0,0.0,0.0,0.0,0.009869038552831288,0.0,0.0,0.0,0.0,0.0,0.0,0.0,0.0,0.0,0.0,0.0,0.0,0.0,0.0,0.0,0.0,0.0,0.0,0.0,0.0,0.009504335410973104,0.0,0.0,0.0,0.0,0.0100290678322602,0.0,0.0,0.027841100699705593,0.0,0.012246454936489144,0.0,0.03465364111774076,0.0,0.01643305949431114,0.0,0.012845337504051795,0.0,0.0,0.0,0.0,0.0,0.0,0.0,0.0,0.016420339871948384,0.01541629630531902,0.0,0.0
2004-07-31,0.1604515670954205,0.020367326624380223,0.06610770986190169,0.024169410120384968,0.0,0.0,0.0,0.010869831666258756,0.0,0.0,0.0,0.0,0.0,0.0,0.0,0.0,0.013096914492470742,0.009417420681822955,0.05482144861916859,0.0,0.03000577523049796,0.03370085231467533,0.01832518361695075,0.1874020126224921,0.03410178634537956,0.0,0.0,0.0,0.0,0.05913217145313158,0.0,0.0,0.0,0.0,0.029702567287103687,0.0,0.0,0.03611606821529083,0.0,0.0,0.016358484007442168,0.0,0.0,0.011682495320486218,0.0,0.0,0.0,0.009616320999108915,0.0,0.0,0.0,0.0,0.0,0.0,0.0,0.0,0.0,0.0,0.0,0.0,0.0,0.0,0.0,0.0,0.0,0.0,0.0,0.0,0.0,0.0,0.0,0.0,0.0,0.0,0.011384010877481438,0.0,0.009177546837667557,0.015301835947589638,0.011956275607060265,0.013138936209199124,0.009422059736208273,0.04170438357574797,0.0,0.009634896259633647,0.0,0.022045994496224488,0.0,0.0,0.0,0.019561900649211428,0.0,0.0,0.0,0.0,0.0,0.011226813229608779,0.0,0.0
2004-08-31,0.029316400444589816,0.018471857592114487,0.15646255429157316,0.01552779989216218,0.0,0.0,0.0,0.0,0.0,0.0,0.0,0.0,0.0,0.0,0.0,0.0,0.0,0.0,0.06195821212816147,0.0,0.01256192688022167,0.016934104395879994,0.01925622502975617,0.02448681297118982,0.019458349832212406,0.0,0.0,0.04385930150032079,0.018017021497601617,0.047527085477466195,0.0,0.0,0.0,0.0,0.013468525510989047,0.0,0.0,0.026510249988640072,0.0,0.0,0.0,0.0,0.0,0.0,0.0,0.0,0.0,0.0,0.0,0.0,0.0,0.0,0.0,0.0,0.0,0.0,0.0,0.0,0.0,0.0,0.0,0.02413796434990699,0.0,0.0,0.0,0.0,0.0,0.013948373093875184,0.0,0.01416791503032494,0.0,0.02406309568805484,0.0,0.0,0.017732445107283983,0.013898174835628153,0.019074949825855118,0.030112012497739184,0.01604426920096653,0.02439653988184031,0.020731969230462576,0.2,0.0,0.0,0.0,0.016840067137354944,0.0,0.0,0.0,0.023115670538440374,0.0,0.0,0.0,0.0,0.0,0.01792012614938784,0.0,0.0
2004-09-30,0.0175973618610322,0.046816327394682854,0.0,0.0,0.01792560300061565,0.0,0.0,0.0,0.0,0.0,0.0,0.0,0.0,0.0,0.0,0.0,0.0,0.02644604433551758,0.04795692184575253,0.0,0.01715004106383039,0.0,0.08629217419487116,0.035716546306311346,0.07565721676421179,0.0,0.0,0.026465812464999617,0.0,0.050561252382512925,0.0,0.0,0.0,0.019337221386576335,0.0,0.0,0.0,0.02159446728135054,0.0,0.0,0.0,0.0,0.0,0.026524544687642596,0.0,0.0,0.0,0.0,0.0,0.0,0.0,0.0,0.0,0.0,0.0,0.0,0.0,0.0,0.0,0.0,0.0,0.02593732459335561,0.0,0.0,0.0,0.0,0.0,0.025156635900349167,0.0,0.0370142443546547,0.0,0.030599178375084895,0.0,0.016478614284111754,0.044096301987736536,0.025990011849858878,0.0,0.01610996717672946,0.01946680298661247,0.028942563603431608,0.019053104037993034,0.04358406723773232,0.0,0.0,0.0,0.0,0.0,0.0,0.0,0.08465276429522856,0.0,0.0,0.0,0.0,0.01831306621849383,0.02418355127963738,0.024380266849082552,0.0
2004-10-31,0.016739130370026403,0.017569333657061235,0.0,0.0,0.026590631415945802,0.0,0.0,0.0,0.0,0.0,0.0,0.0,0.0,0.0,0.0,0.0,0.0,0.0,0.03053838058460503,0.0,0.02505149767681676,0.0,0.03405050398504563,0.0,0.032386342918963106,0.0,0.0,0.022644365770306246,0.03230223173826955,0.08172546488783661,0.0,0.0,0.0,0.0,0.0,0.0,0.0,0.0,0.0,0.0,0.0,0.0,0.0,0.023620589302200328,0.0,0.0,0.0,0.0,0.0,0.01917872346426371,0.0,0.017803315993680173,0.0,0.0,0.0,0.0,0.0,0.0,0.0,0.0,0.0,0.03174654882441052,0.0,0.0,0.0,0.0,0.0,0.11456807826076229,0.02037654668700264,0.034488427538305486,0.0,0.017199200281582176,0.03126829230145398,0.0,0.03710990110646956,0.0346381038608845,0.0,0.015510013473571215,0.029056411399072675,0.022247273644472737,0.0389137755512547,0.04141685724017562,0.0,0.014572919556106092,0.0,0.0,0.0,0.0,0.0,0.09111724104979128,0.0,0.0,0.0,0.0,0.0,0.02468435824971759,0.02088553920994627,0.0
2004-11-30,0.022768250346457016,0.0,0.0,0.0,0.021635293245664034,0.0,0.0,0.0,0.0,0.0,0.0,0.0,0.0,0.0,0.0,0.0,0.0,0.01629457055109152,0.02743358661402509,0.0,0.015958519585493828,0.0,0.034733611793265805,0.015452327085946344,0.02872961969894025,0.0,0.0,0.043263559197903326,0.04427969542810626,0.06938783934251189,0.0,0.0,0.0,0.0,0.0,0.0,0.0,0.0,0.0,0.0,0.0,0.0,0.0,0.0,0.0,0.0,0.0,0.0,0.0,0.02300602960711577,0.0,0.01973529871234645,0.0,0.0,0.0,0.0,0.0,0.0,0.0,0.0193222572047595,0.0,0.02671978816351709,0.0,0.023582490547160186,0.0,0.0,0.0,0.0,0.013636944060534914,0.13167549138079104,0.0,0.01757860990148109,0.016691205734293356,0.0,0.021042985827135045,0.0331979176713604,0.0,0.0,0.0,0.06914551843797104,0.08316022772751878,0.054803866300844016,0.0,0.01699314449791407,0.0,0.015571727145135801,0.0,0.0,0.0,0.017578067716191182,0.0,0.0,0.0,0.0,0.0,0.031465141258361834,0.02515641521616309,0.0
2004-12-31,0.041726539616899615,0.0,0.023438176871957022,0.0,0.02514991001584408,0.0,0.020391029354555248,0.0,0.0,0.0,0.0,0.0,0.0,0.0,0.019876513688866587,0.0,0.03423031642466056,0.0,0.033892974920261144,0.0,0.021734965585711582,0.025076709621754446,0.03303302694559018,0.0222788391504872,0.0,0.0,0.019981364062513534,0.025301463043084213,0.0,0.02685371870924045,0.0,0.0,0.0,0.0,0.03029832213928343,0.0,0.0,0.0,0.0,0.0,0.04396312965843882,0.0,0.025373853513797076,0.0,0.0,0.0,0.0,0.026206506033636248,0.0252550842594788,0.030059041201763448,0.0,0.0,0.0,0.0,0.0,0.0,0.0,0.0,0.0,0.02999739665798718,0.0,0.02913147478628171,0.0,0.0,0.0,0.0,0.0,0.0,0.0,0.032090788145414925,0.0,0.019903696907272277,0.020455210734226334,0.0,0.024135577251152247,0.02918668840624569,0.0,0.0,0.0,0.03370517964315844,0.0,0.2,0.0,0.0,0.0,0.0,0.0,0.0,0.0,0.0,0.0,0.0,0.0,0.0,0.0,0.0,0.027272502650437735,0.0
2005-01-31,0.034818344221265944,0.023174529648067634,0.01875535673629953,0.0,0.025734790043407094,0.0,0.0,0.0,0.0,0.0,0.0,0.0,0.0,0.06266434046307529,0.06066237911038345,0.0,0.0,0.05678269082590226,0.04231310072878556,0.0,0.020800624168995894,0.0,0.02825580971319025,0.03225618396040461,0.0,0.0,0.05362673726284279,0.019921252069781105,0.0,0.033034988989756826,0.0,0.0,0.0,0.025435638717207606,0.0389883306621815,0.0,0.0,0.0,0.0,0.0,0.0,0.0,0.03060396972176342,0.0,0.0,0.019631643711405217,0.0,0.0,0.019224174348833594,0.0,0.0,0.0,0.0,0.0,0.0,0.0,0.0,-0.03436401217492151,0.0,0.025025611720430364,0.0,0.0,0.0,0.0,0.0,0.0,0.0,0.0,0.024267616840824915,0.02821100227701458,0.0,0.017593856892928795,0.022840029023350937,0.0,0.022705869162514738,0.03258874710345836,0.0,0.0,0.0,0.02706621416086831,0.0,0.07911455352098959,0.0,0.0,0.0,0.0,0.0,0.0,0.0,0.0,0.0,0.0,0.0,0.0,0.0,0.0,0.03953760201914846,0.0
2005-02-28,0.02218774669136263,0.01760103849435102,0.0,0.0,0.019184351364442995,0.0,0.0,0.0,0.0,0.0,0.0,0.0,0.0,0.06897898190966992,0.0,0.0,0.02292972531602256,0.052483537301097394,0.06839265707347673,0.0,0.017931700413069344,0.0,0.0,0.017659470732096175,0.0,0.0,0.018661002048476157,0.0,0.0,0.0240904462747304,0.0,0.04875408195279338,0.0,0.027404783884585133,0.025348540908341686,0.0,0.0,0.026487615602598085,0.0,0.039299671139773174,0.0,0.0,0.023652198170509703,0.0,0.0,0.0,0.0,0.0,0.0,0.0,0.0,0.0,0.0,0.0,0.0,0.0,0.0,-0.10074530147830069,0.0,0.015534106357809068,0.0,0.0,0.0,0.0,0.0,0.0,0.0,0.0,0.036749723155773684,0.016094656167300207,0.0,0.016361602899660144,0.0283412575832144,0.0,0.029186693235407613,0.04119740150694451,0.0,0.0,0.0,0.02184324851446805,0.019293636484349078,0.05343044389361742,0.0,0.0,0.0,0.0,0.0,0.0,0.0,0.0,0.0,0.0,0.0,0.0,0.05675240862962145,0.0,0.023421970816137273,0.0
2005-03-31,0.0,0.0,0.0,0.0,0.0,0.0,0.0,0.0,0.0,0.0,0.0,0.0,0.016019956340339005,0.0,0.0,0.0,0.0,0.01720468175414584,0.0,0.0,0.0,0.0,0.0,0.0,0.017960289212317102,0.0,0.018104535402874614,0.016691459711664677,0.0296345377268886,0.15272787532557927,0.0,0.0,0.0,0.017301538609163097,0.0172891262920207,0.0,0.0,0.02050964938216514,0.0,0.0,0.016635192706161674,0.0,0.0,0.0,0.01899206356470561,0.0,0.0,0.0359801873964456,0.0,0.0,0.0,0.0,0.0,0.0,0.0,0.0,0.0,0.0,0.0,0.030210936553590282,0.0,0.0,0.0,0.0,0.0,0.0,0.0,0.0,0.0,0.021334718265195705,0.0,0.015339036261096912,0.030507654833860316,0.0,0.0,0.06565036106427825,0.03643444838070492,0.019465450298681686,0.0,0.052204565406342156,0.058177860712819204,0.06452920585067329,0.0,0.017909429126211796,0.019948331529004368,0.0,0.0,0.0,0.0,0.02968293409679413,0.05131706262353792,0.0,0.0,0.0,0.050184254181994715,0.021386633436537905,0.020666023954205706,0.0
2005-04-30,0.0,0.0,0.0,0.024363225283427225,0.017718344393191605,0.0,0.026515567680284114,0.020850361679388654,0.0,0.0,0.0,0.0,0.03873275144944837,0.019416185388133334,0.0,0.0,0.023473257361950453,0.0,0.0,0.0,0.0,0.0,0.0,0.0,0.02574913347193066,0.0,0.027850759859279837,0.0,0.028992667586587535,0.10578834754200364,0.0,0.0,0.0,0.019437017679167095,0.02617583731417407,0.0,0.0,0.02930343468414227,0.0,0.0,0.0366058241295112,0.0,0.024010981082847282,0.0,0.0,0.0,0.0,0.02615163644516429,0.0,0.0,0.0,0.0,0.0,0.0,0.0,0.0,0.0,0.0,0.0,0.017558479668026428,0.0,0.0,0.0,0.0,0.0,0.0,0.0,0.0,0.0,0.02028234825653444,0.0,0.0,0.01660878993402481,0.0,0.0,0.0364287726156134,0.021703827525660392,0.0,0.0,0.02075460530250453,0.06464809538164633,0.04598199051071386,0.0,0.0,0.029634967469706525,0.0,0.0,0.0,0.0,0.031105872595466214,0.13426729548610808,0.0,0.0,0.0,0.020752523847067987,0.0,0.01913709837629539,0.0
2005-05-31,0.0,0.0,0.01931581020739715,0.028597583683060118,0.0216011248058176,0.0,0.023169883081678683,0.0,0.0,0.0,0.0,0.0,0.01884692892292599,0.0,0.0,0.0,0.018526559598370653,0.0,0.0,0.0,0.0,0.018292054272724893,0.0,0.01792847417654665,0.02183142159146703,0.0,0.024268186176148454,0.0,0.02697832598058819,0.2,0.0,0.021976639216235175,0.0,0.028400594200452683,0.02727873588648711,0.0,0.0,0.026947386579575034,0.0,0.0,0.040958608965187715,0.019899465699426022,0.0,0.0,0.037288626046520605,0.0,0.0,0.04751550731827329,0.0,0.0,0.0,0.0,0.0,0.0,0.0,-0.01722177583370162,0.0,0.0,0.0,0.02304359310367604,0.0,0.0,0.0,0.0,0.0,0.0,0.0,0.0,0.0,0.022226442895007345,0.0,0.0,0.0,0.0,0.0,0.02538592394102733,0.020440495955065207,0.0,0.0,0.025854312273974146,0.10440717434114988,0.031135849359062207,0.0,0.020013489524708383,0.0,0.0,0.0,0.0,0.0,0.020649026363744733,0.0,0.0,0.0,0.0,0.0,0.0,0.0,0.0
2005-06-30,0.032794168105922186,0.0,0.03848514992375093,0.04707744708996553,0.03394999653381447,0.0,0.02859564669510249,0.0,0.0,0.0,0.0,0.0,0.0,0.017226704038370302,0.0,0.0,0.019875810518835673,0.0,0.0,0.0,0.0,0.030849001607522204,0.0,0.023181715740476734,0.019797867707890323,0.0,0.0,0.0,0.01611240687071267,0.0700641585875108,0.0,0.0,0.0,0.02157348001348794,0.08156126272754527,0.0,0.0,0.03622110683101678,0.0,0.016133500312966908,0.03822741716229667,0.016686876717817805,0.0,0.0,0.01685024348937052,0.0,0.0,0.028084818791127262,0.0,0.0,0.0,0.0,0.0,0.0,0.0,0.0,0.0,0.0,0.0,0.08847081257722497,0.0,0.0,0.0,0.0,0.0,0.0,0.0,0.0,0.0,0.022979592039237638,0.0,0.016964062208416678,0.0,-0.06422356939508392,0.0,0.023892127962493303,0.02354167779866363,0.0,0.0,0.03342689886499726,0.046553538528357225,0.021503923935955422,0.0,0.0,0.0,0.0,0.0,0.0,0.0,0.0,0.0,0.0,0.0,0.0,0.0,0.0,0.025095017224066332,0.0
2005-07-31,0.030263892200980417,0.0,0.03667075110893016,0.04068755271004209,0.0340133110306212,0.0,0.022022575828543684,0.0,0.0,0.0,0.0,0.0,0.01846884766625007,0.022308236479728575,0.0,0.0,0.0,0.019605133387877265,0.035468625628500644,0.0,0.0,0.026669854515084808,0.0,0.0324459728543146,0.021233640199974667,0.0,0.0,0.0,0.02478420295215147,0.05666432711955263,0.0,0.023208704393843985,0.0,0.05817801042127869,0.039516723790802115,0.0,0.0,0.03397247651791865,0.0,0.0,0.017102017184450674,0.018130568950910673,0.0,0.0,0.0,0.018306272064439275,0.0,0.028372310733071112,0.0,0.0,0.0,0.0,0.0,0.0,0.0,0.0,0.0,0.0,0.0,0.0,0.0,0.0,0.0,0.0,0.0,0.0,0.0,0.0,0.0,0.028569948382655204,0.0,0.0,0.0,-0.03578824922879423,0.0,0.029816187764807912,0.0,0.0,0.0,0.06592090595092871,0.051110648776239005,0.030445192800336,0.0,0.06182715552121371,0.0,0.0,0.0,0.0,0.0,0.0,0.0,0.0,0.0,0.0,0.0,0.0,0.03842770383575781,0.0
2005-08-31,0.020929503511897492,0.1055631039278343,0.02632129548591188,0.0343902816053456,0.12052378856598132,0.0,0.017067012755696005,0.017694863527531763,0.02113433845060732,0.0,0.0,0.0,0.016551667327337205,0.03435096430206113,0.0,0.0,0.0,0.013545809236406824,0.01349700735819374,0.0,0.0,0.0,0.01621327472204666,0.0167942483470031,0.027206580645363524,0.0,0.05724695079593151,0.0,0.015437781936228122,0.1412493254000212,0.0,0.0,0.0,0.018744519327496118,0.0206726401667509,0.0,0.0,0.018346187690818527,0.0,0.0,0.0,0.014271091641037025,0.017840943932046865,0.0,0.0,0.0,0.0,0.01933649041215829,0.0,0.0,0.0,0.0,0.0,0.0,0.0,0.0,0.0,0.0,0.0,0.0,0.0,0.0,0.0,0.0,0.0,0.0,0.0,0.0,0.0,0.014056797819312671,0.0,0.0,0.013173530785636187,0.0,0.0,0.0,0.0,0.0,0.0,0.0,0.0,0.015741990334814847,0.0,0.0,0.014362774460530052,0.0,0.0,0.0,0.0,0.0,0.0,0.0,0.0,0.0,0.015356587273292144,0.0,0.10237864825470755,0.0
2005-09-30,0.2,0.022508854225805612,0.03547433851106619,0.029181384704575642,0.02065091575096791,0.0,0.06485656149224715,0.01728745242170809,0.01914361295692367,0.0,0.0,0.0,0.013620615990530972,0.03747438442305535,0.0,0.0,0.01080966983345466,0.0,0.011955331386103402,0.0,0.0,0.031122421519883554,0.041177103344864484,0.021112258783784588,0.025072493863556856,0.0,0.0,0.0,0.016198340621928684,0.06131523952265142,0.0,0.0,0.0,0.0,0.01657172763942847,0.0,0.0,0.016472147905689846,0.0,0.0,0.02452356615103743,0.013081631212223797,0.011164287993515442,0.0,0.0,0.0,0.0,0.06559435634954162,0.0,0.0,0.0,0.0,0.0,0.0,0.0,0.0,0.0,0.0,0.0,0.0,0.0,0.0,0.0,0.0,0.0,0.0,0.0,0.0,0.0,0.01202267183532145,0.0098328700104737,0.03268506515677783,0.014643240775547179,0.0,0.0,0.0,0.0,0.0,0.0,0.0,0.0,0.0,0.0,0.0,0.0,0.0,0.0,0.0,0.0,0.0,0.0,0.0,0.0,0.0,0.013619770213212912,0.0,0.09082768540412205,0.0
2005-10-31,0.02013943888072414,0.026620326784137723,0.037716715600999116,0.024534259395083344,0.022677558103180784,0.0,0.042676085827625394,0.015481760529820553,0.0955027243002779,0.0,0.0,0.0,0.019355672448347447,0.0,0.0,0.0,0.015599671978282733,0.014965556578776653,0.0,0.0,0.0,0.032342150710998656,0.02300416524715706,0.01531238833658781,0.03574028784933654,0.0,0.0,0.0,0.020146919826588217,0.07827467829711075,0.0,0.0,0.0,0.0,0.015293096943242901,0.0,0.0,0.022556482913935468,0.0,0.0,0.02854704712761553,0.0,0.0,0.0,0.0,0.0,0.0,0.0396613686022216,0.01632926056161558,0.0,0.0,0.0,0.0,0.0,0.0,0.0,0.0,0.0,0.0,0.0,0.0,0.0,0.0,0.0,0.0,0.0,0.0,0.0,0.0,0.019444502246023555,0.021403596304099683,0.04901138804990377,0.0140840994518044,0.0,0.0,0.014253869755456275,0.0,0.0,0.0,0.0,0.0,0.0,0.0,0.0,0.0,0.0,0.0,0.0,0.0,0.0,0.0,0.0,0.0,0.0,0.017846713717735708,0.01570899013912812,0.1857692234921826,0.0
2005-11-30,0.0,0.0,0.026930046639009157,0.025023034968501476,0.03143815470265739,0.0,0.0,0.0,0.0,0.0,0.0,0.0,0.0,0.030706705215219905,0.0,0.0,0.0,0.02125195397752199,0.0,0.0,0.0,0.0,0.0,0.0,0.0,0.0,0.0,0.019264815674824756,0.0277687860791364,0.06760208870040728,0.0,0.0,0.0,0.019413358712673155,0.026466951127665332,0.0,0.0,0.032175003521580745,0.0,0.02785393048406654,0.0,0.021706604265422577,0.0,0.0,0.04107657760206241,0.04422666739288702,0.0,0.06861092479357958,0.024292244821715554,0.0,0.0,0.0,0.0,0.0,0.0,0.0,0.0,0.0,0.0,0.0,0.0,0.0,0.0,0.0,0.0,0.0,0.0,0.0,0.023153408233923495,0.027535354129916725,0.0,0.0,0.021160110231084703,0.0,0.0,0.034792928827635926,0.09178241549049823,0.0,0.03343718213398866,0.02498772855157448,0.028762735930433696,0.0296954995552258,0.0,0.02944754376675664,0.0,0.0,0.0,0.0,0.0,0.021887793320619787,0.0,0.0,0.0,0.0,0.0,0.039570561879565244,0.03797888926984566,0.0
2005-12-31,0.0,0.0,0.0,0.022754545372005833,0.025642808413502353,0.0,0.0,0.0,0.0,0.0,0.0,0.0,0.0,0.041350363689943014,0.029196386034559662,0.0,0.0,0.025980392160198876,0.0,0.0,0.0,0.0,0.0,0.030251530231486582,0.0,0.0,0.0,0.021503066139145308,0.029302820054117478,0.07181728396468426,0.0,0.0,0.0,0.0,0.043855503036902325,0.0,0.0,0.04114654828669581,0.0,0.02295862373823234,0.0,0.0,0.0514144676666376,0.0,0.03941318615319692,0.02500355466461535,0.0,0.06385136251084286,0.020282593527147383,0.0,0.0,0.0,0.0,0.0,0.0,0.0,0.0,0.0,0.0,0.0235538327521849,0.0,0.0,0.0,0.0,0.0,0.0,0.0,0.019643393292918733,0.0,0.028359706915867873,0.0,0.02006268699255053,0.025081752548284274,0.0,0.0,0.033940799521015044,0.03153082607526054,0.0,0.04923298332274579,0.06686752530793114,0.0,0.0,0.0,0.02488149015171098,0.0,0.0,0.0,0.0,0.0,0.018976983028443466,0.0,0.0,0.0,0.0,0.0,0.024129273719830525,0.028013710727342368,0.0
2006-01-31,0.0,0.0,0.04862586599334213,0.028041227823606615,0.022991042519074883,0.0,0.0,0.0,0.0,0.0,0.0,0.0,0.0,0.032030408685116744,0.01727974812504952,0.0,0.0,0.029769276640618826,0.0,0.0,0.0,0.0,0.0,0.02095836840183106,0.0,0.0,0.0,0.0338214155563191,0.04109630096973121,0.07475064213163299,0.0,0.0,0.0,0.02133802035610353,0.034894425931858444,0.0,0.0,0.04436113729093264,0.0,0.030625369324974033,0.0,0.0,0.033670959699305156,0.0,0.030819888866697297,0.019207364088090893,0.0,0.06277506346552197,0.0,0.0,0.0,0.0,0.0,0.0,0.0,0.0,0.0,0.0,0.0,0.018382847180851383,0.0,0.0,0.0,0.0,0.0,0.0,0.0,0.06942103230529811,0.0,0.027025008164662082,0.0,0.01928200013134296,0.04380251675694038,0.0,0.0,0.0214098519126984,0.01706914456162191,0.0,0.0,0.03536583524350798,0.0,0.0,0.0,0.04042948478069766,0.017523183370273,0.0,0.0,0.0,0.0,0.0,0.0,0.0,0.0,0.0,0.0,0.038741854059860525,0.0244907156624386,0.0
2006-02-28,0.0,0.0,0.0,0.03291633095820292,0.0,0.0,0.027334955648221113,0.0,0.01946920037008789,0.0,0.0,0.0,0.02390326889519002,0.03717032829263918,0.01994153353153257,0.0,0.07235881300486709,0.015603930750782867,0.0,0.0,0.0,0.0,0.0,0.0,0.02016556144141916,0.0,0.0,0.0280981688502363,0.0984973913702771,0.08702221666918772,0.0,0.0,0.0,0.0,0.02171969474080159,0.0,0.0,0.021010338506730546,0.0,0.0,0.0,0.0,0.014002284370024626,0.0,0.019553396054097325,0.0,0.0,0.13354820842320633,0.028833461761436863,0.0,0.0,0.0,0.0,0.0,0.015006357927653242,0.0,0.0,0.0,0.0,0.015259065594751918,0.0,0.0,0.0,0.0,0.0,0.0,0.0,0.0,0.0,0.05158717981094947,0.038666069984974835,0.01589380733417734,0.013680344650031687,0.0,0.0,0.01671426801058807,0.0,0.0,0.0,0.0,0.0,0.0,0.0,0.012922930847227648,0.012890195071355113,0.0,0.0,0.0,0.0,0.0,0.0,0.0,0.0,0.0,0.026944135696317,0.013911207197318767,0.04537535423571364,0.0
2006-03-31,0.0,0.0,0.013523166154181698,0.0138849361064246,0.0,0.0,0.0,0.0,0.0,0.0,0.0,0.0,0.0,0.02244650055962835,0.019155382287034717,0.0,0.02386336630552188,0.017275164185615446,0.013567613025780656,0.0,0.0,0.0,0.0,0.014368668322881657,0.021149013832251293,0.0,0.0,0.048858633914489,0.19008904109900338,0.2,0.0,0.0,0.0,0.01949181787165704,0.023045933916363944,0.0,0.0,0.0145338712782435,0.0,0.0,0.0,0.0,0.0,0.0,0.014646536339311345,0.0,0.0,0.0,0.0,0.0,0.0,0.0,0.0,0.0,0.0,0.0,0.0,0.0,0.0,0.019803572361507083,0.0,0.0,0.0,0.0,0.0,0.0,0.0,0.0,0.0,0.03261478808265448,0.0196698863052354,0.013438136087463783,0.015094294431877542,0.0,0.0,0.0,0.015376278112063433,0.0,0.014148901622113984,0.0,0.017797172062016444,0.0,0.0,0.04086075189325543,0.02442061487801425,0.0,0.0,0.0,0.0,0.01455043762384111,0.0,0.0,0.0,0.0,0.031787098954823734,0.04258542138733637,0.02795300099940868,0.0
2006-04-30,0.0,0.0,0.0,0.0,0.0,0.0,0.0,0.0,0.0,0.0,0.0,0.0,0.0,0.017546649793700957,0.014657907372524016,0.0,0.017036643063697544,0.0,0.025959086536522426,0.0,0.0,0.0,0.0,0.014383486586480351,0.022801667736128756,0.0,0.03597950225905555,0.03207741888900447,0.014749296390814792,0.2,0.0,0.0,0.0,0.018210409522570244,0.019880426784006474,0.0,0.0,0.016111496698270663,0.0,0.0,0.0,0.0,0.0,0.0,0.013646011975754211,0.0,0.0,0.0,0.0,0.0,0.0,0.01922030789730156,0.0,0.0,0.0,0.0,0.0,0.0,0.0,0.015714250594992665,0.0,0.0,0.0,0.0,0.0,0.0,0.0,0.0,0.014328549145968173,0.028261460191660145,0.022193126172673328,0.013738281156101867,0.01578488040179333,0.0,0.0,0.0,0.023863071318753017,0.0,0.02616521807990682,0.0,0.0229379861298108,0.0,0.0,0.03729502851760968,0.08950418317546477,0.0,0.0,0.0,0.0,0.028875950530813058,0.0,0.0,0.0,0.0,0.06724993397753161,0.09226454403457118,0.019563225066517604,0.0
2006-05-31,0.0,0.0,0.019544653272283847,0.0,0.019571753514467775,0.0,0.0,0.0,0.0,0.0,0.0,0.0,0.0,0.038394654891330204,0.03718956869687152,0.0,0.017957434305265793,0.03238514432071341,0.029360978581445166,0.0,0.0,0.0,0.0,0.021790711519382368,0.0,0.0,0.02265680056277186,0.0,0.0,0.056678850464807806,0.0,0.0,0.0,0.0,0.029442614053307087,0.0,0.0,0.0184154479749547,0.0,0.02303430739354491,0.0,0.0,0.0,0.0,0.022886150283967253,0.0,0.0,0.0,0.0,0.0,0.0,0.034293115489423175,0.0,0.0,0.0,0.0,0.0,0.0,0.0,0.04694432226120638,0.0,0.0,0.0,0.0,0.0,0.0,0.0,0.0,0.028190468099570463,0.049604182878469905,0.027884693930939185,0.0,0.02924016686231187,0.0,0.025971505546655657,0.0,0.022577509565751205,0.0,0.028961229901669418,0.0,0.04056738631644648,0.0,0.0,0.13753697524514175,0.03196633498378594,0.0,0.0,0.0,0.0,0.020642145660129785,0.0,0.0,0.0,0.0,0.021919809538135115,0.03149040209116519,0.032900681794084834,0.0
2006-06-30,0.0,0.0,0.018483381372966512,0.025759500442079957,0.02075848077572509,0.0,0.02155152372014905,0.0,0.0,0.0,0.0,0.0,0.026403784153803327,0.03226323741553849,0.03258161316920552,0.0,0.02699350411935173,0.019031029910984182,0.0,0.0,0.0,0.0,0.018591834549816933,0.017482843699160783,0.04493177241331518,0.0,0.02809156649749424,0.0,0.0,0.0,0.0,0.09445467552519692,0.0,0.0,0.041145317144494174,0.0,0.0,0.03911671023533534,0.0,0.023792691523631213,0.0287918460154734,0.024492046199877496,0.028884959544868017,0.026391626798501874,0.023082075043585695,0.0,0.0,0.0,0.0,0.0,0.0,0.017472987561073346,0.0,0.0,0.0,0.0,0.0,0.0,0.0,0.025540958642876862,0.0,0.0,0.0,0.0,0.0,0.0,0.0,0.0,0.0,0.03093445851686171,0.037849004108389525,0.0,0.0,0.0,0.0,0.0,0.0,0.0,0.0180576293144011,0.0,0.02693645316317448,0.0,0.0,0.0,0.0,0.0,0.0,0.0,0.0,0.14462641330060005,0.0,0.0,0.0,0.0,0.0,0.0,0.03550607512206775,0.0
2006-07-31,0.0,0.0,0.0,0.022022294731321827,0.017169565912748867,0.0,0.014852349204163423,0.0,0.0,0.0,0.0,0.0,0.040441341728468916,0.023886454978240747,0.02821491313588309,0.0,0.2,0.014474526896579238,0.0,0.0,0.0,0.0,0.016728635274456335,0.0,0.10260141164298325,0.0,0.04317518730157083,0.0,0.0,0.0,0.0,0.0,0.0,0.0,0.03142274731570833,0.0,0.0,0.05814791757961522,0.0,0.019849454475483558,0.02222611263721156,0.0,0.016397310296696593,0.01695015126676842,0.0,0.016018726223606016,0.0,0.0,0.0,0.0,0.0,0.01581499889532754,0.0,0.0,0.0,0.0,0.0,0.0,0.0,0.017856300862901107,0.0,0.0,0.0,0.0,0.0,0.0,0.0,0.0,0.0,0.02017944266952081,0.017912323791332983,0.0,0.0,0.0,0.0,0.0,0.03724118373709275,0.0,0.029615388018080314,0.0,0.02644318528795136,0.0,0.0,0.0,0.0,-0.02914793082289306,0.0,0.0,0.0,0.04505115951777589,0.0,0.0,0.0,0.0,0.016409665645394266,0.014858796158457544,0.024890523991766153,0.0
2006-08-31,0.0,0.0,0.0,0.013858789998246579,0.019849079655732002,0.0,0.0,0.0,0.0,0.0,0.0,0.0,0.060490602273892066,0.020675638761507926,0.0583751840338528,0.0,0.1028312306634134,0.018044658700360396,0.0,0.0,0.0,0.0,0.014950774833414008,0.021055290697773538,0.11912081538298351,0.0,0.0,0.0,0.0,0.0,0.0,0.0,0.0,0.0,0.02170246986743184,0.0,0.0,0.05014107307454877,0.0,0.03267484156530994,0.01815350811869041,0.018203240813535082,0.013389488426021392,0.0,0.08693930070172395,0.0,0.0,0.016935789076315436,0.0,0.0,0.0,0.027213730481008974,0.0,0.0,0.0,0.01450407207548992,0.0,0.0,0.012606264514681317,0.040407884652185866,0.0,0.0,0.0,0.0,0.0,0.0,0.0,0.0,0.011568515956907464,0.012196466827531711,0.029149791074239345,0.028131535467079336,0.0,0.0,0.0,0.0,0.03142050773377451,0.0,0.0,0.0,0.027457996892307122,0.0,0.0,0.0,0.0,0.0,0.0,0.0,0.0,0.013976887140254109,0.0,0.0,0.0,0.0,0.0,0.0,0.043974570539787164,0.0
2006-09-30,0.0,0.0,0.0,0.0,0.0,0.0,0.0,0.0,0.0,0.0,0.0,0.0,0.0214809759616593,0.036082669997723416,0.05861625272525839,0.0,0.03037755443005703,0.05462536474042425,0.0,0.0,0.0,0.0,0.013506724127308724,0.014901997531339969,0.046799766577272806,0.0,0.0,0.0,0.0,0.0,0.0,0.0,0.0,0.0,0.0,0.0,0.0,0.017482070977139594,0.0,0.02009543002636299,0.015315804657390783,0.021348437924866806,0.0,0.02595440171244062,0.02144641687586555,0.0,0.0,0.020940664732596672,0.0,0.013567533191726665,0.0,0.05149064586344579,0.0,0.0,0.02228112640629341,0.017823555509322866,0.0,0.0,0.016540350148555,0.1864303615794942,0.0,0.0,0.0,0.0,0.0,0.0,0.0,0.021845526298367654,0.019492487398750404,0.014072664496321875,0.035519447318987395,0.08032029597622281,0.0,0.0,0.0,0.0,0.018478644373101788,0.0,0.0,0.0,0.020271647727799155,0.0,0.0,0.02130286077847406,0.0,0.0,0.0,0.0,0.0,0.0,0.0,0.0,0.0,0.0,0.0,0.0,0.041588319935430156,0.0
2006-10-31,0.0,0.0,0.0,0.0,0.0,0.0,0.0,0.014275489103548271,0.0,0.0,0.0,0.0,0.0,0.02204791732246619,0.043451272736276504,0.0,0.0,0.037358896314194034,0.0,0.0,0.0,0.0,0.0,0.0,0.019690885801939836,0.0,0.0,0.0,0.015221819887863919,0.0,0.0,0.0,0.0,0.0,0.0,0.0,0.0,0.0340872962700777,0.0,0.022683350020650517,0.0,0.02050031936710675,0.0,0.10408460242477839,0.0,0.0,0.0,0.04752451333564956,0.0,0.0,0.0,0.01574241200325194,0.0,0.0,0.0,0.0,0.0,0.03964536258890813,0.03951570354463165,0.15022213813130653,0.0,0.0,0.0,0.0,0.0,0.0,0.0,0.015820470522793884,0.02262372829779982,0.01811520660389134,0.03768169615644524,0.017892777369672503,0.02578851555615979,0.0,0.0,0.0,0.03168057296998358,0.03632437543264227,0.020083297182057463,0.0,0.028751660560978495,0.0,0.0,0.03026563576877059,0.013771765284313571,0.0,0.0,0.0,0.029459016055199343,0.0,0.024892014767588882,0.0,0.0,0.0,0.0,0.0,0.020797288619053226,0.0
2006-11-30,0.0,0.023830568595772258,0.0,0.0,0.037537009028629255,0.0,0.020217673803675233,0.0,0.0,0.0,0.0,0.0,0.0,0.0,0.026510350013318234,0.0,0.0,0.029908143543549114,0.0,0.0,0.0,0.0,0.020292464273748936,0.0,0.023134544973575207,0.0,0.0,0.018842587836797695,0.016724725037326617,0.0,0.0,0.0,0.0,0.036261547520502715,0.0,0.0,0.0,0.02957187946723994,0.0,0.030148147023673293,0.0,0.016575113208513632,0.0,0.0,0.0,0.0,0.0,0.0,0.0,0.0,0.0,0.02277736229903491,0.0,0.0,0.0,0.01830976063111928,0.0,0.0,0.03322096890015065,0.1850313577345398,0.0,0.0,0.0,0.0,0.0,0.0,0.0,0.0,0.03777608082904349,0.020146507861269966,0.0,0.0,0.0,0.0,0.0,0.018004727628160147,0.019805348297521303,0.016914429555281184,0.020498346824774288,0.02519197165802483,0.02941414325472891,0.0,0.0,0.04374726105967208,0.017160766080705207,0.0,0.0,0.0,0.0,0.0,0.021013312513031252,0.0,0.0,0.0,0.0,0.12030349517801626,0.021129405368604474,0.0
2006-12-31,0.01828468249260464,0.020982173554657584,0.0,0.01979119397360737,0.0,0.0,0.024696713697377054,0.0,0.0,0.0,0.0,0.0,0.0,0.0,0.022061059800306013,0.0,0.0,0.026564094460793417,0.0,0.0,0.0,0.0,0.0,0.0,0.0,0.0,0.0,0.020084549318360366,0.0,0.0,0.0,0.0,0.0,0.0,0.0,0.0,0.0,0.0308276106313891,0.0,0.04660924979761164,0.0,0.019305600039732543,0.0,0.018737815278385413,0.0,0.0,0.0,0.0,0.0,0.0,0.0,0.02726385831479028,0.0,0.0,0.0,0.02956134510629256,0.0,0.017164670251203804,0.0,0.07506034407716679,0.0,0.0,0.0,0.0,0.0,0.0,0.0,0.01809125967356521,0.0781206159706075,0.02259358754573101,0.0,0.0,0.023814260484592693,0.0,0.02623825248732278,0.032788305263916316,0.04467857399529189,0.030427462540121474,0.035521001110225346,0.034887234823090404,0.0770854775723898,0.0,0.0,0.08631879202872665,0.0,0.0,0.0,0.0,0.0,0.03495112527975069,0.0,0.0,0.0,0.0,0.018861804242405387,0.018627286187984485,0.0,0.0
2007-01-31,0.015456930386353464,0.01866581125607559,0.0,0.0,0.0,0.0,0.0,0.0,0.0,0.0,0.0,0.0,0.0,0.0,0.03761574255390799,0.0,0.0,0.1149362841621736,0.0,0.0,0.0,0.0,0.01628753068809263,0.0,0.0,0.0,0.0,0.0617459778877535,0.0,0.0,0.0,0.03462897509772201,0.0,0.0,0.0,0.0,0.0,0.02495725810469647,0.0,0.0,0.0,0.02245466790910138,0.0,0.020005329246993036,0.0,0.0,0.0,0.025852689020125472,0.0,0.0,0.0,0.032620045385936235,0.03195511084276714,0.0,0.06820453737571104,0.03676778787646127,0.0,0.0,0.0,0.030010061152434892,0.0,0.0,0.05246218157268329,0.0,0.0,0.0,0.0,0.0,0.04235982901288464,0.019399061032365224,0.0,0.0,0.027226018525167147,0.0,0.029480580633722556,0.0,0.01654017092821682,0.022187378250577264,0.028861153696604712,0.05909823583537792,0.033613155859972633,0.0,0.0,0.0,0.0,0.0,0.0,0.0,0.0,0.021903224063260965,0.0,0.0,0.0,0.0,0.015214927443411488,0.017495463116743437,0.02199388108270625,0.0
2007-02-28,0.0,0.0,0.0,0.0,0.0,0.0,0.0,0.0,0.0,0.0,0.0,0.0,0.0,0.0,0.0,0.0,0.0,0.0164711586724669,-0.01503714280778926,0.0,0.0,0.0,0.0,0.0,0.0,0.0,0.026908640188835965,0.0,0.0,0.0,0.0,0.10256806206684733,0.0,0.0,0.0,0.0,0.0,0.017652928770684004,0.0,0.0,0.0,0.0,0.0,0.05669476753897665,0.0,0.0,0.0,0.029246310519992304,0.0,0.0,0.0,0.028475086670071804,0.040127113724722385,0.0,0.0,0.020421937155717138,0.0,0.0,0.0,0.02221622511028825,0.0,0.014154421101523372,0.020312913228826238,0.0,0.0,0.0,0.0,0.0,0.03985895049519624,0.08664012905817671,0.04199105628579418,0.015966332014798808,0.053612963387558034,0.0,0.041950879821793574,0.013974797100120742,0.019928807430074066,0.027195958919059425,0.028000057141708244,0.021303257390499694,0.06939067518910066,0.016220553607068575,0.0,0.0,0.020290366337053257,0.0,0.0,0.0,0.0,0.02047129504117218,0.0,0.0,0.04758249543165288,0.0,0.0,0.02533471779243096,0.0,0.0
2007-03-31,0.017080294616962158,0.0,0.0,0.0,0.0,0.0,0.0,0.0,0.0,0.0,0.0,0.0,0.0,0.0,0.0,0.0,0.0,0.0,0.0,0.0,0.0,0.0,0.0,0.0,0.0,0.0,0.029882890116649338,0.0,0.0,-0.017704639574001563,0.0,0.09791580833370163,0.0,0.02773295775776072,0.0,0.0,0.0,0.02560902390301763,0.0,0.020506210272737593,0.0,0.0,0.0,0.03422319087569423,0.0,0.0,0.0,0.0,0.0,0.0,0.0,0.12824518752046016,0.03161435278236009,0.0,0.0,0.016872689880763663,0.0,0.0,0.0,0.020919523412278734,0.0,0.01563094350858305,0.014487799821745905,0.0,0.0,0.0,0.0,0.0,0.0344079430909412,0.03892689661144521,0.04616999639765878,0.0,0.01600115521122952,0.0,0.0758808293971397,0.0,0.014340697720542877,0.01692985554072586,0.03609758462727195,0.019722096903634703,0.050083601958920525,0.02731072360971388,0.0,0.0,0.022394968236911984,0.0,0.0,0.0,0.01483089275943685,0.0,0.0,0.0,0.040459964207658905,0.0,0.014462046261480736,0.033555235088570924,0.0,0.0
2007-04-30,0.0,0.0,0.0,0.0,0.0,0.0,0.0,0.01685362752513859,0.0,0.0,0.0,0.0,0.0,0.0,0.0,0.0,0.0,0.0,0.0,0.0,0.0,0.0,0.0,0.0,0.013679926024056106,0.0,0.015221243681254375,0.0,0.0,0.0,0.0,0.08687742937837374,0.0,0.0342814711116173,0.0,0.0,0.0,0.06310497261979414,0.0,0.0,0.0,0.0,0.0,0.037704094956335234,0.0,0.0,0.0,0.0,0.0,0.0,0.0,0.04779328508332318,0.027300127520804775,0.0,0.0,0.018694362923787386,0.0,0.0,0.0,0.0,0.0,0.016364418944895605,0.018265604290552146,0.0,0.0,0.0,0.0,0.0,0.033486483389013055,0.050456459009700236,0.02311993840454616,0.01611726165740733,0.016366943699721158,0.017369191700904205,0.13424082088930744,0.013832147003426807,0.014761288495612463,0.01950729042870189,0.0448580416105554,0.019023057146195906,0.04803606533933091,0.034811181245125326,0.0,0.0,0.0,0.0,0.0,0.0,0.026059769307509306,0.0,0.0,0.0,0.01745143263111702,0.0,0.013628887133536268,0.06073317684835668,0.0,0.0
2007-05-31,0.0,0.0,0.0,0.0,0.0,0.0,0.0,0.013284127310139194,0.0,0.0,0.0,0.0,0.008717156626739046,0.0,0.0,0.0,0.018594356398482947,0.0,0.0,0.0,0.0,0.0,0.0,0.0,0.010620358508206963,0.0,0.010631193016309564,0.0,0.0,0.0,0.0,0.06431036581959892,0.0,0.0686613814068184,0.012814119685733143,0.0,0.0,0.08085788190737138,0.0,0.0,0.0,0.0,0.011021806427118702,0.02206397438310231,0.0,0.0,0.0,0.0,0.0,0.0,0.0,0.022237392709256218,0.0,0.0,0.0,0.012263403743666596,0.0,0.0,0.0,0.0,0.0,0.0,0.01151736810464145,0.0,0.0,0.0,0.0,0.0,0.020247227397784003,0.0,0.011775412645496251,0.0,0.013833152834554854,0.016357103168721947,0.05306978080867322,0.0,0.01116535851247534,0.013592950765320149,0.0,0.10313285468562622,0.06618972275597736,0.023594615981573887,0.0,0.0,0.012369238438385683,0.0,0.0,0.0,0.11834665132748727,0.008219404447325634,0.0,0.0,0.00850585847374938,0.0,0.009370534184473825,0.14263524752519016,0.0,0.0
2007-06-30,0.2,0.01992641588603904,0.0,0.0,0.0,0.0,0.08850501240869738,0.0,0.0,0.0,0.0,0.0,0.0,0.011407449519706701,0.015256596837699253,0.0,0.0,0.0,-0.019090364568014537,0.0,0.0,0.0,0.01749446686502063,0.011536999063967896,0.01097485441329532,0.0,0.03282828752274104,0.0,0.0,0.0,0.0,0.0,0.0,0.02048578596153726,0.0,0.0,0.0,0.04766850044698763,0.0,0.01581490130540998,0.0,0.0,0.021301373341079254,0.01646245590697793,0.0,0.0,0.0,0.0,0.0,0.0,0.0,0.0,0.0,0.0,0.0,0.01546715122442604,0.0,0.0,0.0,0.0,0.0,0.014549055215778903,0.0,0.0,0.0,0.0,0.0,0.0,0.020253914187071537,0.0,0.0,0.0,0.04368554635795068,0.0,0.0,0.0,0.011780968844722808,0.015886981697258377,0.0,0.011075148327697598,0.0914093272148917,0.01287348973701818,0.0,0.011068631216473956,0.0,0.0,0.0,0.0,0.049799931331296184,0.0,0.01163577913349127,0.0,0.017131141374363563,0.0,0.0,0.10106228209574482,0.023567187994640675,0.0
2007-07-31,0.022018445653282186,0.0625260674588385,0.0,0.0,0.0,0.0,0.01303109080720423,0.0,0.0,0.0,0.0,0.0,0.0,0.0,0.0,0.0,0.0,0.0,0.0,0.0,0.01570434363679668,0.0,0.025563849654676934,0.0,0.0,0.0,0.0,0.0,0.0,0.0,0.0,0.015005822317910436,0.0,0.04132194135689321,0.0,0.0,0.0,0.07168418791112952,0.0,0.026576003784693394,0.0,0.0,0.04883685400627865,0.030660682630038603,-0.013295838916427999,0.0,0.0,-0.014654463165412652,0.0,-0.034737988225919766,0.0,0.042864232290628045,0.0,0.0,0.0,0.0,0.0,0.0,-0.013394568464761284,0.0,0.0,0.0,0.0,0.0,0.0,0.0,0.0,0.0,0.06599254486305861,0.0,0.0,0.012968969562392177,0.015240539915999116,0.0,0.0,0.0,0.0,0.014776668397996486,0.0,0.0,0.019556720700688382,0.018390022841600455,0.0,0.030769502475750513,0.05715266326570365,0.0,0.0,0.0,0.08489823004358897,0.02562052926179881,0.04751818217058873,0.0,0.023809737646488364,0.0,0.016623397364361185,0.07480591120909261,0.0,0.0
2007-08-31,0.03749026711967638,0.050137161331362055,0.0,0.0,0.0,0.0,0.0,0.012483236135861385,0.0,0.0,0.0,0.0,0.0,0.0,0.0,0.0,0.0,0.03535664074151867,0.0,0.0,0.0,0.0,0.012694305793529169,0.0,0.023030275371044667,0.0,0.015088300631878881,0.0,0.0,0.0,0.017787770821712203,0.03092129326133297,0.0,0.025076155303707354,0.0,0.0,0.0,0.02386015847472468,0.0,0.0412805921584352,0.0,0.0,0.07171179662141547,0.031459051817250436,0.0,0.0,0.0,0.0,0.0,0.0,0.0,0.014594770098822053,0.015080801754011386,0.0,0.0,0.0,0.0,0.0,0.0,0.0,0.0,0.0,0.0,0.0,0.0,0.0,0.0,0.03128417820023249,0.06222061984351254,0.01740491891499471,0.0,0.04256280711042256,0.029632987942260165,0.0,0.0,0.0,0.0,0.020170900556381762,0.0,0.0,0.02768427642061149,0.022241342899216643,0.0,0.1767424422796667,0.025893817078051357,0.0,0.0,0.0,0.021705947567651707,0.019283218224831037,0.02233177566416395,0.0,0.02278818986171989,0.0,0.0,0.0,0.0,0.0
2007-09-30,0.2,0.07427188427768598,0.04659536572202007,-0.016195730758040042,0.0,0.0,0.0,0.02771751830069317,0.0,0.0,0.0,0.0,0.01977616017347551,0.021736215239455493,0.0,0.0,0.0,0.0,0.0,0.0,0.0,0.0,0.0,0.0,0.029342822206874772,0.0,0.01783552341863406,0.0,0.0,0.0,0.013984709589810618,0.015931520009993493,0.0,0.01362747010191262,0.0,0.0,0.0,0.018251666457254116,0.0,0.018754278797285286,0.0,0.0,0.03913085129318533,0.02187974431133416,0.0,0.0,0.0,0.0,0.0,0.0,0.0,0.0,0.0,0.0,0.0,0.0,0.0,0.0,0.0,0.0,0.0,0.0,0.0,0.0,0.0,0.0,0.0,0.0,0.025448196110436923,0.0,0.0,0.014405352546022966,0.029621183980948446,0.020532978262556678,0.020506946925374133,0.0,0.0,0.0,0.0,0.0,0.023200109955878942,0.024271400242476638,0.0,0.015708010057294212,0.030309215056960083,0.09797959395293182,0.0,0.0,0.020895537717231332,0.020292946879496315,0.03736639898886681,0.0,0.02443066866587006,0.0,0.0,0.0,0.0,0.0
2007-10-31,0.037098909157924596,0.06283934902375177,0.033878003228875034,0.0,0.0,0.0,0.0,0.019070749891085304,0.0,0.0,0.0,0.0,0.0,0.0,0.0,0.0,0.0,0.0,0.0,0.0,0.0,0.0,0.0,0.0,0.024479190051270708,0.0,0.026833964738064913,0.0156523730288758,0.0,0.0,0.055808203838688626,0.023868194837090222,0.0,0.034106251890293496,0.0,0.0,0.0,0.03241765988923293,0.0,0.031199510288870885,0.0,0.0,0.06900327685795446,0.03375887052844234,0.0,0.0,0.0,0.0,0.0,-0.020551261626204805,0.0,0.016461923683904846,0.0,0.0,0.0,0.0,0.0,0.0,0.0,0.0,0.0,0.0,0.0,0.0,0.0,0.0,0.0,0.0,0.03811621949469919,0.0,0.0,0.015968318206622308,0.02478123024753985,0.0,0.0,0.022030407839569287,0.0,0.03767669331864841,0.0,0.0,0.020683478877931306,0.03145282632850695,0.0,0.023972748705254992,0.05378082490801728,0.01556560411730535,0.0,0.0,0.03150088366297064,0.02080623294285587,0.04658500450064679,0.0,0.08005183428890097,0.0,0.0,0.0,0.0,0.0
2007-11-30,0.02330562550326238,0.025441385685799966,0.015130513320662098,0.0,0.0,0.0,0.020556001140140077,0.020775482904601742,0.0,0.0,0.0,0.0,0.0,0.017810073817574573,0.0,0.0,0.0,0.015431716238534787,0.0,0.0,0.02126514498903404,0.0,0.0,0.0,0.01779413979323407,0.0,0.015485026879883826,0.0,0.0,0.0,0.0,0.0,0.0,0.0,0.0,0.0,0.0,0.01344235345592026,0.0,0.0,0.0,0.0,0.041112541162502375,0.015733684260764196,0.0,0.0,0.0,0.0,0.0,0.0,0.0,0.027093400798736046,0.0,0.0,0.0,0.0,0.0,0.0,0.0,0.0,0.0,0.0,0.0,0.0,0.0,0.0,0.0,0.017566186959866285,0.043033814801385205,0.014178400397668225,0.0,0.015711073170762188,0.023774635595293445,0.0,0.0,0.09176718979322325,0.0,0.032478850246696486,0.030847215389515105,0.0,0.0,0.03546426467075675,0.0,0.02017653887327808,0.02408000621304328,0.0,0.0,0.0,0.031332664734718046,0.020891360295521362,0.06830306872941336,0.0,0.16763491142291706,0.0,0.0,0.07238272875529124,0.0,0.0
2007-12-31,0.025993650258625448,0.025993768600603318,0.0,0.0,0.01871969756165068,0.0,0.0,0.0,0.0,0.0,0.0,0.0,0.0,0.0,0.0,0.0,0.0,0.026905149841631008,0.0,0.0,0.0,0.0,0.020791524412519226,0.0,0.01950287411474636,0.0,0.01959472201390573,0.0,0.0,0.0,0.01871060990699438,0.023527794509986964,0.0,0.019906428566802203,0.0,0.0,0.0,0.0,0.0,0.01556256551512757,0.0,0.0,0.034647901623280734,0.0,0.0,0.0,0.0,0.0,0.0,0.0,0.0,0.0,0.0,0.0,0.0,0.0,0.0,0.0,0.0,0.0,0.0,0.020604360863408305,0.04800288403487641,0.0,0.0,0.0,0.0,0.0,0.026673996802610636,0.0,0.04233910158570847,0.0,0.025388057611683834,0.0,0.029464201356853424,0.03656820302690008,0.0,0.01695047756704582,0.0,0.02284146364086697,0.0,0.0343871540608327,0.0,0.030854008726385895,0.0360420770164625,0.0,0.0,0.0,0.0366894601381615,0.02008733318925855,0.05922959215685157,0.0,0.19040822979065455,0.014782812258561465,0.0,0.03882989924700367,0.0,0.0
2008-01-31,0.02065418372265633,0.017974094223379953,0.0,0.0,0.01861665626382509,0.0,0.0,0.0,0.0,0.0,0.0,0.0,0.0,0.0,0.0,0.0,0.0,0.02368560507709433,0.0,0.0,0.0,0.0,0.035875770378552406,0.0,0.016316298886867045,0.0,0.0,0.0,0.0,0.0,0.020340420093913632,0.011963780012016215,0.0,0.0,0.0,0.0,0.0,0.0,0.0,0.014241623916770878,0.0,0.0,0.0320340360521189,0.022519523010211512,0.0,0.0,0.0,0.0,0.0,0.0,0.0,0.0,0.0,0.0,0.0,0.0,0.0,-0.01854666669936278,0.0,0.0,0.0,0.01728026707723125,0.0,0.0,0.0,0.0,0.0,0.013277109226966823,0.01726214862286469,0.0,0.0,0.0,0.034848169311377436,0.0,0.01745589032084991,0.03921027828932516,0.0,0.017108185661660582,0.0,0.017863375124004568,0.020169360210795743,0.04179397192742458,0.0,0.05970694535182533,0.168744253764435,0.0,0.0,0.0,0.033099619982722865,0.020020720175134402,0.04965232756131125,0.0,0.1290331414564015,0.01653078850223972,0.0,0.034174789096659816,0.0,0.0
2008-02-29,0.0,0.0,0.0,0.0,0.0,0.0,0.0,0.0,0.0,0.0,0.0,0.0,0.0,0.0,0.0,0.0,0.0,0.030359981450484044,0.0,0.0,0.0,0.0,0.0,0.0,0.0,0.0,0.0,0.012138298659472803,0.0,0.0,0.02002387480021135,0.0299076755620463,0.0,0.018285544803975262,0.0,0.0,0.0,0.0,0.0,0.0,0.0,0.0,0.014981996505279028,0.017060045699133764,0.01572505598240461,-0.012640195075461949,0.0,0.0,-0.013322535401726704,0.0,0.0,0.0,0.0,0.0,0.0,0.0,0.0,-0.020188141947142635,0.0,0.0,0.0,0.01984980809755008,0.0,0.0,0.0,0.0,0.0,0.01337781561333826,0.03915069890152573,0.0,0.013263702473876052,0.031025656169510224,0.2,0.0,0.051274249208354696,0.048221050988697424,0.021489021932219944,0.014404380281115342,0.01299651003383187,0.0,0.0,0.023864376715427328,0.0,0.014995649987678696,0.015977639907847712,0.0,0.0,0.0,0.02512859186488566,0.07460253962406703,0.047293435353004364,0.0,0.10754011430959276,0.0,0.0,0.02091141265013834,0.0,0.0
2008-03-31,0.0,0.0,0.0,0.0,0.0,0.0,0.0,0.01566257968470813,0.0,0.0,0.0,0.0,0.017355479901807563,0.0,0.0,0.0,0.0,0.04081742084735431,0.0,0.0,0.0,0.0,0.0,0.0,0.0,0.0,0.014165610939524328,0.019215880075156497,0.01622467873532608,0.0,0.014806558531233069,0.0438670161369156,0.0,0.017784966697514473,0.0,0.0,0.0,0.0,0.0,0.0,0.0,0.0,0.019638191219542526,0.016356565268453024,0.023720562339837346,0.0,0.0,0.0,0.0,0.0,0.0,0.08940398949818965,0.01564707894583167,0.0,0.0,0.03340881765272105,0.0,0.0,0.0,0.0,0.0,0.06807948412541741,0.0,0.0,0.0,0.0,0.0,0.01749219543539831,0.023546849122218598,0.0,0.03039993626450019,0.027021498380665223,0.04186243954141282,0.0,0.0,0.06398945912010552,0.0,0.01991375125467064,0.016001842467598996,0.0,0.0,0.02054892310584366,0.0,0.0,0.01678466303816091,0.0,0.0,0.0,0.028237201105047516,0.04054400608726134,0.06626445953789042,0.0,0.1212378949396931,0.0,0.0,0.0,0.0,0.0
2008-04-30,0.0,0.0,0.0,0.0,0.0,0.0,0.0,0.018258047810603972,0.01880964452608624,0.0,0.0,0.0,0.021975027133854304,0.0,0.0,0.0,0.0,0.052575217306020834,0.0,0.0,0.0,0.0,0.0,0.0,0.0,0.0,0.0,0.025165854950993636,0.03067584610531067,0.0,0.0,0.028592636136284922,0.0,0.01821022621216431,0.0,0.0,0.0,0.0,0.0,0.0,0.0,0.0,0.029621083064176348,0.018457340953840422,0.04155331453687627,0.0,0.0,0.0,0.0,0.0,0.0,0.033979370506031344,0.0,0.0,0.0,0.0,0.0,0.0,0.0,0.0,0.0,0.034554353787611174,0.016617627689586856,0.0,0.0,0.0,0.0,0.016316339247761068,0.02276864257630867,0.0,0.027721676786990463,0.0205896071385128,0.048558722212270845,0.0,0.0,0.0668273847661219,0.0,0.029248811549471895,0.022504045457928678,0.0,0.0,0.022082348141857666,0.0,0.020469419221250198,0.019893287434050402,-0.021777432212967924,0.0,0.0,0.0362822817966895,0.04368338287226741,0.09371403668557499,0.0,0.0985169911805344,0.0,0.0,0.0,0.0,0.0
2008-05-31,0.0,0.01402722449895876,0.0,0.0,0.01659644536169733,0.0,0.01553175100326565,0.016517590240717445,0.03293883704959208,0.0,0.0,0.0,0.01973902221838402,0.0,0.0,0.0,0.0,0.027427110134193695,0.0,0.0,0.0,0.0,0.0,0.0,0.0,0.0,0.0,0.0,0.022562177518189952,0.0,0.0,0.0,0.0,0.0,0.0,0.0,0.0,0.0,0.0,0.015197605975006188,0.0,0.0,0.023564325589932985,0.0323352329211675,0.04800820759140089,0.0,0.0,0.0,0.0,0.0,0.0,0.013318293012405578,0.0,0.0,0.0,0.0,0.0,0.0,-0.04384491725082613,0.0,0.0,0.0,0.0,0.0,0.0,0.0,0.0,0.01889467583687312,0.02099189568294268,0.0,0.02510255882071401,0.016064819577225723,0.05481490813644164,0.0,0.0,0.03717464149228388,0.02611543683967212,0.07350618771338227,0.02789362448645579,0.0,0.0,0.09247638675662205,0.0,0.02904266438007392,0.03847301459614652,0.0,0.0,0.0,0.03741875215985885,0.02795625102146569,0.07515181262534013,0.0,0.05731362950876354,0.0,0.0,0.0,0.0,0.0
2008-06-30,0.0,0.0,0.0,0.033566559929381776,0.015384430713120928,0.0,0.03282141712479319,0.03360629950492244,0.02902034461537042,0.0,0.0,0.0,0.02832613170401936,0.0,0.0,0.0,0.0,0.017535276233993632,0.0,0.0,0.0,0.0,0.0,0.0,0.0,0.0,0.0,0.0,0.0,-0.013626412319045194,0.0,0.0,0.0,0.0,0.0,0.0,0.0,0.0,0.0,0.0,0.0,0.0,0.019299932824809924,0.025041104354118777,0.041023428406454295,0.020485127130798926,0.0,0.0,0.026538808248404294,0.0,0.0,0.0,0.0,0.0,0.0,0.0,0.0,-0.018721305153516585,-0.07618626158658211,0.0,0.0,0.0,0.0,0.0,0.0,0.0,0.0,0.015793263481245767,0.021565044701074718,0.0,0.019160322917023923,0.0,0.0383040052623884,0.0,0.03815777542306732,0.0303188288852066,0.0,0.03988774561488794,0.023670508918988538,0.0,0.0,0.13598994372104145,0.0,0.04872077231014975,0.02800758371626519,0.0,0.0,0.0,0.020943013214992295,0.015666586844694463,0.059602666083214,0.0,0.03302909905642783,0.0,0.0,0.0,0.0,0.0
2008-07-31,0.0,0.0,0.0,0.021627302096016276,0.014827283000323304,0.0,0.027109739626238725,0.03673253689897149,0.01871743855106055,0.0,0.0,0.0,0.021661214180144828,0.0,0.0,0.0,0.0,0.024427443054133163,0.0,0.0,0.0,0.0,0.0,0.0,0.09312212601646123,0.0,0.0,0.0,0.0,0.0,0.0,0.0,0.0,0.0,0.0,0.0,0.0,0.0,0.0,0.011759227348638391,0.018600249445690185,0.0,0.030568686484772706,0.028728050198005894,0.19870307039362214,0.015281525307933247,0.0,0.0,0.024184941078314582,0.0,0.0,0.0,0.0,0.0,0.0,0.0,-0.01487537184823674,0.0,-0.03761097769013621,0.0,0.0,0.0,0.0,0.0,0.0,0.0,0.0,0.013490253984984733,0.014382163431600163,0.0,0.02534049334464772,0.01222083677395988,0.012172809244205851,0.0,0.0,0.033635991292456306,0.0,0.05154737859074139,0.016659724993901105,0.0,0.0,0.02391048607173882,0.0,0.01492873973508396,0.0,0.0,0.0,0.0,0.0,0.0191550274431543,0.08691966283993051,0.0,0.037099249034895636,0.0,0.0,0.0,0.0,0.0
2008-08-31,0.0,0.0,0.0,0.0,0.021299672270853942,0.0,0.0,0.0,0.017407235078104724,0.0,0.0,0.0,0.0,0.0,0.0,0.0,0.02389622558114101,0.02679222858195647,0.012562149896081884,0.0,0.0,0.0,0.0,0.0,0.0,0.0,0.0,0.020340839831759185,0.022796761456411713,-0.014840752561062218,0.0,0.0,0.0,0.0,0.0,0.0,0.0,-0.012309250133660049,0.0,0.03462626363739056,0.0,0.01210236551852286,0.024597389895243696,0.018461619033338605,0.019825196205810608,0.0,0.0,0.0,0.0,0.0,0.0,0.0,0.0,0.0,0.0,0.0,-0.029449441089308127,0.0,-0.04530700527942914,0.0,0.0,0.0,0.0,-0.024007653626896313,0.0,0.0,0.0,0.021856376421652005,0.0,0.01182815746081097,0.03012895572455436,0.027851038159643245,0.028307346473036545,0.0,0.0,0.04421999994520062,0.0,0.0156809503720427,0.0,0.0,0.0,0.021175340531625245,0.0,0.06790878704264054,0.0255438469050894,0.0,0.0,0.0,0.0,0.030862011355595517,0.09401513993113797,0.0,0.2,0.0,0.0,0.0,0.0,0.0
2008-09-30,0.0,0.0,0.0,0.0,0.023576781630840173,0.0,0.0,0.0,0.012582403117080256,0.0,0.0,0.0,0.009613524598955907,0.0,0.01304630671687297,0.0,0.012383255236017288,0.026991072888522077,0.16357989894532768,0.0,0.0,0.0,0.0,0.012725460310216773,0.0,0.0,0.0,0.04920380664987498,0.02976819186382654,0.0,0.0,0.0,0.0,0.0,0.0,0.0,0.0,0.0,0.0,0.01305710811069691,0.0,0.03223843670025157,0.024630969711001895,0.011604379031441034,0.01375977149434649,0.0,0.0,0.0,0.0,0.0,0.0,0.0,0.0,0.0,0.0,0.0,-0.011060182490553296,0.0,-0.012229772247044595,0.0,0.0,0.0,0.0,0.0,0.0,-0.015169678432797758,0.0,0.010484563365038217,0.0,0.015003788632430574,0.01907319989517832,0.01811100125510451,0.03648934955196773,0.0,0.0,0.048844109004089836,0.0,0.0,0.0,0.0,0.0,0.020552254082027037,0.0,0.0548343386503513,0.1118413398592348,0.0,0.0,0.0,0.0,0.05449769164322214,0.04425369214944459,0.0,0.07879367173624263,0.0,0.0,0.0,0.0,0.0
2008-10-31,0.0,0.0,0.0,0.0,0.03181912727642225,0.0,0.0,0.0,0.022788763019805328,0.0,0.0,0.0,0.0,0.0,0.0,0.0,0.0,0.05254493935280235,0.2,0.0,0.0,-0.02538965742332976,0.0,0.0,0.0,0.0,0.0,0.017481872662288594,0.02089214027270264,0.0,0.0,0.0,0.0,0.0,-0.024807569795512102,0.0,0.0,-0.016516180086156247,0.0,0.0,0.0,0.0,0.0,0.037067861867053985,0.017228600743467156,0.0,0.0,0.0,0.0,0.0,0.0,0.01873129755399311,0.0,0.0,0.0,0.0,-0.032254800515898206,0.0,-0.017801109929238834,0.0,0.0,-0.03856118517368838,0.0,-0.017603052617560216,-0.02521464953946094,-0.0394696362266187,0.0,0.0,0.0,0.0,0.0,0.0,0.0,0.0,0.0,0.0,-0.020598837940855964,-0.018375400338319827,0.0,-0.017352881364444586,-0.017788109685675263,0.0,0.0,0.0,0.0,-0.028990271966903347,0.0,0.0,0.0,0.0,0.05397411245815542,0.0,0.029107431626253972,-0.037932971147857035,-0.022574788728943126,-0.025660887402535804,-0.050918154469811655,-0.020553708814245442
2008-11-30,-0.027268779808066402,0.0,0.0,0.0,0.0,0.0,0.0,0.0,0.0,0.0,0.0,0.0,0.0,0.0,0.0,0.0,0.0,0.0,0.04870166117897776,0.0,0.0,-0.024872310983772326,-0.03412116911044252,0.0,-0.022814824239049847,0.0,-0.028025458053159886,0.0,0.0,0.0,-0.026228431481617413,0.0,0.0,0.0,-0.02769854259452881,0.0,0.0,-0.02281403936576367,0.0,0.0,0.0,-0.020836433544168555,0.0,0.0,0.0,0.0,0.0,0.0,0.0,0.0,0.0,0.0,-0.021469289395119672,0.0,0.0,0.0,-0.11512008382317515,0.0,-0.022641732101354787,0.0,0.0,-0.021910468598344054,-0.04149608052341958,-0.029085148311683268,-0.029579850977652738,-0.022779615842237904,0.0,-0.02089743640500682,-0.030214924964024174,0.0,0.0,0.0,-0.028175970230638347,-0.022390042241859302,-0.029135486698477084,0.0,0.0,-0.06578066522056145,-0.029703957168549018,-0.027088519466982604,-0.02423474130093824,0.0,0.0,0.0,0.0,-0.028322764133165323,0.0,0.0,0.0,0.0,0.0,0.0,0.0,0.0,0.0,0.0,-0.0811136698590011,-0.02547790237826209
2008-12-31,0.0,0.0,0.0,0.0,0.0,0.0,-0.05740449978509522,0.0,0.0,0.0,0.0,0.0,0.0,-0.035388099061035155,0.0,0.0,-0.015923617970859078,0.0,0.0,0.0,-0.01907985537946553,-0.015778812301611767,-0.01843262970039768,-0.04449398056510795,-0.029083452899888552,0.0,-0.01912350088639894,0.0,0.0,0.0,-0.024960958337683522,-0.019687408367106748,0.0,0.0,-0.025630384526843006,0.0,0.0,-0.02236349935515744,0.0,0.0,0.0,0.0,0.0,-0.018313725091518077,-0.04133344105432334,0.0,0.0,-0.06016743157210025,0.0,0.0,0.0,0.0,0.0,0.0,0.0,0.0,0.0,0.0,0.0,0.0,0.0,0.0,0.0,0.0,0.0,0.0,0.0,-0.018582640111947605,-0.01719476988964007,-0.01980277657962664,-0.02628162986531183,0.0,-0.015864446564411338,0.0,-0.03582454233930004,0.0,0.0,-0.2,-0.027926446440588407,-0.022080999338533924,-0.01981861533016649,0.0,0.0,0.0,-0.031698327447723856,-0.01845384695626126,0.0,0.0,-0.01682267114319903,0.0,0.0,0.0,0.0,0.0,0.0,0.0,0.0,-0.06248299113869722
2009-01-31,0.0,0.0,0.0,0.0,0.0,0.0,-0.05781932186010082,0.0,0.0,0.0,0.0,0.0,0.0,-0.022429167156111686,-0.01870053961963501,0.0,-0.019933396813372806,0.0,0.021436202772568132,0.0,-0.07824277829058261,-0.08840880106467451,-0.023771305183550386,-0.034558521283765235,-0.049904747251755255,0.0,-0.06821296102985683,0.0,0.0,0.0,-0.042155674917358,-0.03246844512828391,0.0,-0.025355775083740678,0.0,0.0,0.0,-0.02693219664811462,0.0,-0.021812853249363884,0.0,0.0,-0.020705847193800052,-0.04858102525087976,-0.023540789008252842,-0.019144121702760166,0.0,0.0,0.0,0.0,0.0,0.0,0.0,0.0,0.02160783191111029,0.0,0.0,0.0,0.0,0.0,0.0,0.0,0.0,0.0,0.0,0.0,0.0,0.0,0.0,0.0,-0.024911495545172763,0.0,-0.01961782512558639,0.0,0.0,0.0,0.0,0.0,-0.02520552118913907,0.0,-0.03469295695896322,0.0,0.0,-0.021603080552724023,-0.019408943427283623,-0.04948516685905644,0.0,0.0,0.0,0.0,0.0,0.0,0.0,-0.018861021934262253,0.0,0.0,-0.02049168598817479,0.0
2009-02-28,0.0,0.0,-0.04126384373731959,0.0,0.0,0.0,-0.039198977513487505,0.0,0.0,0.0,0.0,0.0,-0.02612832884699005,-0.0310272492101067,-0.05732669273443066,0.0,-0.03989061703555519,0.0,0.0,0.0,-0.05238360346804585,-0.036255663779686066,-0.01945167610764207,0.0,-0.025593805470720106,0.0,-0.03309869458607368,0.0,0.0,-0.02102755907926473,0.0,0.0,0.0,0.0,-0.02151021367388477,0.0,0.0,0.0,0.0,-0.03575650035593476,-0.0324924439807398,-0.047489145688010756,-0.026281966664105483,0.0,0.0,-0.042301829621822426,0.0,0.0,-0.03381952757341037,0.0,0.0,0.0,0.0,0.0,0.0,0.0,0.0,0.0,0.0,0.0,0.0,0.0,-0.020582769331695852,0.0,0.0,-0.02081500125944202,0.0,-0.03029491883797224,0.0,0.0,0.0,0.0,0.0,-0.020969061452141977,0.0,0.0,0.0,0.0,-0.019853907356706904,0.0,-0.02582823006897292,-0.03698913659758343,0.0,0.0,0.0,-0.051054988312833276,0.0,0.0,-0.02589555325100825,0.0,0.0,0.0,0.0,-0.030280715982095665,0.0,0.0,-0.055137378422316946,0.0
2009-03-31,0.0,-0.027798375625930884,-0.022185917198452313,0.0,0.0,0.0,0.0,0.0,0.0,0.0,0.0,0.0,-0.023476100408044116,-0.052730470822100126,-0.025612045642303738,0.0,-0.04340013996984073,0.0,0.0,0.0,-0.038420575513449316,-0.05786804881302047,-0.019395003709596455,-0.0527255310687971,-0.028595557348613042,0.0,0.0,0.0,0.0,-0.019842932412064012,0.0,0.0,0.0,0.0,0.0,0.0,0.0,0.0,0.0,-0.036698870892460655,-0.04295531797457784,-0.030486959360571886,-0.02194974892929551,0.0,0.0,-0.044012339675419065,0.0,0.0,-0.05805973833463788,0.0,0.0,0.0,0.0,0.0,0.0,0.0,0.0,0.0,0.0,0.0,0.0,0.0,0.0,0.0,0.0,0.0,0.0,-0.02523159477820522,0.0,-0.03197806448932419,0.0,-0.020234922791664837,-0.018558981445416272,0.0,0.0,0.0,0.0,0.0,-0.031143844347432694,0.0,-0.02251330914831869,-0.028570414760138066,0.0,0.0,-0.027749332950168536,-0.029005039942597413,0.0,0.0,-0.0208510596478862,0.0,0.0,0.0,0.0,-0.05393287533935189,0.0,0.0,-0.044016886660320775,0.0
2009-04-30,-0.014697207594280039,0.0,0.0,0.0,0.0,0.0,0.0,0.0,0.0,0.0,0.0,0.0,-0.017483548652503064,0.0,-0.03970505449954215,0.0,0.0,-0.055325639860547816,0.0,0.0,-0.03016981724651521,-0.020057329226111753,-0.01702321070566622,-0.03735336024997391,-0.02000259485576127,0.0,0.0,-0.025541243381406394,-0.021463991129666744,-0.028935455285328128,-0.03572260935938741,-0.015824481547210518,0.0,0.0,-0.016416133889091963,0.0,0.0,0.0,0.0,-0.028604718582098794,-0.2,-0.027799459387045214,-0.05369422492949716,0.0,-0.019432807484319123,-0.016229647868554867,0.0,0.0,-0.02938512902759592,0.0,0.0,0.0,0.0,0.0,0.0,0.0,0.0,0.0,-0.016925070087586546,0.0,0.0,0.0,0.0,0.0,0.0,0.0,0.0,-0.01925892492000819,0.0,0.0,0.0,0.0,-0.017356397652729758,0.0,0.0,0.0,0.0,-0.016081271109909208,-0.08975113772171243,-0.02259239552443447,-0.01857314418469,-0.028593994036825943,0.0,0.0,0.0,0.0,0.0,0.0,0.0,0.0,0.0,0.0,0.0,0.0,0.0,0.0,0.0,0.0
2009-05-31,-0.022477038898994342,0.0,-0.017956591613361463,0.0,0.0,0.0,0.0,0.0,0.0,0.0,0.0,0.0,0.0,0.0,-0.06745899892813495,0.0,0.0,-0.05432570526285388,0.0,0.0,-0.03439571353369304,-0.02744444470617753,-0.0423938760991459,-0.04260198586172431,0.0,0.0,0.0,-0.023531886162836923,0.0,-0.03935090392805905,0.0,-0.01660838659003261,0.0,0.0,-0.025477120903621215,0.0,0.0,-0.06900216295108699,0.0,-0.019437920793647027,0.0,0.0,-0.09629961416451413,0.0,0.0,0.0,0.0,0.0,0.0,0.0,0.0,0.0,-0.0177144373038456,0.0,0.0,0.0,0.0,0.0,-0.01929773679114167,0.027715821054249634,0.0,0.0,0.0,-0.018767334018735465,-0.022063764882505436,-0.04239325509043666,0.0,-0.04576218150579057,-0.01647870532416738,0.0,-0.05975888942899801,-0.016042097800248786,0.0,-0.018208628491073728,0.0,0.0,0.0,0.0,0.0,0.0,0.0,-0.023834639779521504,0.0,0.0,0.0,0.0,0.0,0.0,0.0,0.0,-0.01674116944343013,0.0,0.0,0.0,-0.019040227833908126,-0.0374187608540637,0.0,0.0
2009-06-30,-0.04364136877581912,-0.024525762028806134,-0.0607329153836282,-0.029553325949141666,0.0,0.0,0.0,0.0,-0.03486347898247444,0.0,0.0,0.0,0.0,0.0,0.0,0.0,0.0,0.0,0.0,0.0,0.0,-0.020795714907145563,0.0,0.0,-0.027998458821907334,0.0,-0.022995270161279637,0.0,0.0,-0.08057390263024097,0.0,0.0,0.0,0.0,-0.03659120887828133,0.0,0.0,-0.026370729090284876,0.0,-0.03588647760964018,0.0,-0.023102184582843455,-0.024432166085385853,-0.022025406866740496,0.0,0.0,0.0,0.0,0.0,0.0,0.0,0.0,0.0,0.029477446767028504,0.0,0.0,0.0,0.0,0.0,0.019534375164787784,0.0,0.0,-0.02773776672873556,-0.022096275221253625,0.0,0.0,0.0,-0.033794641777337577,-0.01985315300010197,0.0,-0.03445914418605606,0.0,-0.021329627177351946,-0.0412820943891174,0.0,-0.05504247367881007,-0.03420779346781054,0.0,0.0,0.0,0.0,0.0,0.0,0.0,0.0,0.0,0.0,0.0,0.0,0.0,0.0,0.0,-0.03816403768300805,0.0,-0.03441997262713754,-0.050327090482873746,-0.024185736894970295,0.0
2009-07-31,-0.04343010437394935,-0.08380541856096665,-0.0388601004171813,0.0,0.0,0.0,0.0,0.0,0.0,0.0,0.0,0.0,0.0,0.0,0.0,0.0,-0.01890870912459608,0.0,0.0,0.0,0.0,0.0,0.0,0.0,-0.028137819590725355,0.0,-0.03606289106046837,-0.01828779384335577,0.0,-0.04770772591447554,0.0,0.0,0.0,0.0,-0.030670920212735958,0.0,0.0,-0.02793579598771398,0.0,0.0,0.0,-0.024901210031673362,-0.019667054170204628,0.0,0.0,0.0,0.0,0.0,0.0,0.0,0.0,0.0,0.0,0.0,0.0,0.0,0.0,0.0,0.0,0.0,0.0,0.0,0.0,-0.021000225357470616,0.0,-0.022394393114050306,0.0,-0.021969191260199247,-0.034609304235966296,0.0,-0.033659098474243136,0.0,-0.02045291996634999,-0.0572906723309466,-0.01858204299485463,-0.024413606228060655,-0.05715672023256235,-0.018278161358516922,0.0,-0.021791065608505477,0.0,-0.02099917329958323,0.0,0.0,-0.022428360212644053,0.0,0.0,0.0,0.0,0.0,0.0,0.0,-0.04488206695459876,-0.023287749113201348,-0.05622018926622185,-0.06220951670397824,0.0,0.0
2009-08-31,-0.0585795756486985,-0.04643763301046981,-0.032161676452148964,-0.024790834988984538,0.0,0.0,0.0,0.0,0.0,0.0,0.0,0.0,0.0,0.0,0.0,0.0,-0.022969304342006107,0.0,0.0,0.0,0.0,0.0,0.0,0.0,-0.03188376320784405,0.0,-0.025980416885318592,0.0,0.0,-0.03717456567112144,0.0,0.0,0.0,0.0,-0.026051174808821423,0.0,0.0,0.0,0.0,-0.02465313361167231,-0.026503955399978383,-0.029768179742181163,0.0,0.0,0.0,-0.025295014707565913,0.0,-0.027867144773101617,-0.022751134069765106,0.0,0.0,0.0,0.0,0.0,0.0,0.0,0.0,0.0,0.0,0.0,0.0,0.0,0.0,-0.03286332717205156,0.0,0.0,0.0,0.0,0.0,0.0,-0.027150659328244717,0.0,-0.024779740868639433,-0.08100644585031792,-0.029741076972548432,-0.027826212424361976,-0.05262279058209306,-0.03185125669962042,-0.028735501507135126,-0.04985618523279922,-0.03115366396752891,0.0,0.0,0.0,0.0,0.0,0.0,0.0,-0.029571995628802132,0.0,0.0,0.0,-0.039972392027676384,-0.02340773280776963,-0.026593511610733162,0.0,0.0,0.0
2009-09-30,-0.07362956591846473,-0.02601624520020184,-0.027569465216341325,-0.024187091042052807,0.0,0.0,-0.018549629138598794,0.0,0.0,0.0,0.0,0.0,0.0,0.0,0.0,0.0,-0.021990203350127226,-0.02189183960102162,0.0,0.0,0.0,0.0,0.0,0.0,-0.03775884781456945,0.0,0.0,0.0,0.0,-0.028889453102948923,0.0,0.0,0.0,0.0,-0.018035092782567482,0.0,0.0,0.0,0.0,-0.03342780413467849,-0.020450617461375574,-0.018744823822191243,0.0,0.0,0.0,-0.02804579218932176,0.0,0.0,-0.021585522054501736,0.0,0.0,0.0,0.0,0.01917509273510243,0.03716415985449214,0.0,0.0,0.0,0.0,0.03679871514819266,0.0,0.0,0.0,-0.01964998996186019,-0.023427751505116216,0.0,0.0,0.0,0.0,0.0,0.0,0.0,-0.02136812373895296,-0.0566684977859535,-0.029164738565195997,-0.024783063967770625,-0.15333832933923872,-0.04250877477582172,0.0,-0.022775540462924217,0.0,-0.05224920939018205,0.0,0.0,0.0,0.0,0.0,0.0,-0.021259681286852596,0.0,0.0,0.0,-0.018896338653380917,0.0,0.0,0.0,0.0,0.0
2009-10-31,-0.06009922786560687,-0.02586376773468807,-0.04632423841586323,0.0,0.0,0.0,-0.043219990787128626,0.0,0.0,0.0,0.0,0.0,0.0,0.0,0.0,0.0,0.0,0.0,0.0,0.0,-0.02797917296835247,-0.0617929822496913,-0.13503007849698828,-0.021956758032558914,-0.023063392699524798,0.0,0.0,-0.032948791281323504,0.0,-0.024462318746247862,0.0,0.0,0.0,0.0,-0.09312739788164773,0.0,0.0,-0.01618013928833514,0.0,-0.024403033215555328,-0.023385098144723802,0.0,0.0,-0.01250308759847461,0.0,-0.011967367981939144,0.0,0.0,-0.015045927129010084,0.0,0.0,0.0,0.0,0.04915242712576607,0.01520850413311969,0.0,0.0,0.0,0.0,0.021927847494488957,0.0,0.0,0.0,0.0,0.0,0.0,0.0,-0.011595175371014248,0.0,0.0,0.0,0.0,0.0,-0.026661685092679417,0.0,0.0,-0.023672659693892793,-0.01531540704075956,0.0,0.0,0.0,-0.028953926471339993,0.0,0.0,0.0,0.0,0.0,0.0,-0.018881108540043264,0.0,-0.011581274102668447,0.0,-0.057837434890432075,0.0,-0.019859779526135855,0.0,0.0,0.0
2009-11-30,-0.016709743543093982,0.0,-0.021276324761169814,0.0,0.0,0.0,-0.018930217053791,-0.028483272012063868,-0.02464175328770149,0.0,0.0,0.0,0.0,0.0,0.0,0.0,0.0,0.0,0.0,0.0,-0.03717146678531624,-0.0312838120554793,-0.07663337186188426,-0.07080938504503831,-0.03084645080877028,0.0,-0.016381964035916328,0.0,0.0,0.0,0.0,0.0,0.0,0.0,-0.03091649828524031,0.0,0.0,-0.027411597744016452,0.0,-0.13480010187741068,-0.031077258715491413,0.0,0.0,0.0,0.0,-0.016737538152700907,0.0,0.0,-0.016050512385511476,0.0,0.0,0.0,0.0,0.0,0.0,0.0,0.0,0.0,0.0,0.016087406812896506,0.0,0.0,0.0,0.0,0.0,0.0,0.0,-0.04877116329912579,0.0,0.0,-0.019285365928704456,0.0,0.0,-0.029496154998755193,-0.01571926870180206,0.0,0.0,-0.02732197963512531,0.0,0.0,0.0,-0.0310893857642355,0.0,0.0,-0.02759171855196168,0.0,0.0,0.0,-0.020239884444668524,0.0,-0.0615926619097673,0.0,-0.025238520469105317,-0.025554215729947913,0.0,0.0,-0.02185100534330837,0.0
2009-12-31,0.0,0.0,-0.0230515380522239,0.0,0.0,0.0,-0.021251445406830036,-0.03522437136143948,-0.02892709888029916,0.0,0.0,0.0,0.0,0.0,0.0,0.0,-0.0271897126860869,0.0,0.0,0.0,-0.07331435387344029,0.0,-0.028626696266262217,-0.11596426520307096,-0.09055524292442192,0.0,0.0,0.0,0.0,0.0,0.029789224516036373,0.01731218280376004,0.0,0.019986292502753293,-0.026786074085485667,0.0,0.0,0.0,0.0,-0.08938257601224789,-0.021455457273030956,0.0,0.0,-0.01928512674638786,0.0,-0.02436124813590013,0.0,0.0,-0.01826283312494054,0.0,0.0,0.0,0.0,0.0,0.01944498300072227,0.0,0.0,0.0,0.0,0.0,0.0,0.0,0.0,0.0,-0.018329076754809555,0.0,0.0,-0.03178588196139801,0.0,0.0,-0.033506031481208065,0.0,0.0,-0.030298486628724693,-0.024730868961243702,-0.022584603155771207,0.0,0.0,0.0,0.0,0.0,-0.016348048861882285,0.0,0.0,0.0,0.0,0.0,0.0,-0.018122612145406225,0.0,-0.016746796406860814,0.0,-0.03231978607607804,0.0,0.0,0.0,-0.025057084711277683,0.0
2010-01-31,0.0,0.0,-0.01494643858560674,0.0,0.0,0.0,-0.009644331126982575,0.0,0.0,0.0,0.0,0.0,0.0,0.0,-0.013337560424947287,0.0,-0.03615054133547558,0.0,0.0,0.0,-0.013239993370958903,0.0,-0.010756167316029049,-0.026116798554252495,-0.15195212881382553,0.0,0.0,0.0,0.0,0.0,0.028951430996857354,0.01820762228835649,0.0,0.12167623866638115,-0.016572277438694837,0.0,0.0,0.0,0.0,-0.0839243580768307,-0.02571830859391294,-0.11167383630984432,-0.020183384119210154,0.0,-0.018603242893482228,-0.058602739464484487,0.0,-0.01162529025291773,-0.031594889272278395,0.0,0.0,0.0,0.0,0.01105279358352979,0.0,0.0,0.0,0.0,0.0,0.0,0.0,0.0,0.0,0.0,0.0,0.0,0.0,0.0,0.009592971697839209,0.0,-0.019995434434093462,0.0,0.0,0.0,0.0,-0.01704822200820998,0.0,0.0,0.0,0.0,0.0,-0.009564041162774936,0.0,-0.01076129247209542,0.0,0.0,0.0,0.0,-0.04355620716751662,0.0,-0.013792134567577347,0.0,-0.026850067316163396,0.0,0.0,0.0,0.0,0.014309257688870827
2010-02-28,0.0,0.0,-0.035268121311615115,0.0,0.0,0.0,-0.014766925761635486,0.0,0.0,0.0,0.0,0.0,0.0,0.0,-0.017806877874661627,0.0,-0.02510029360980752,0.0,0.0,0.0,0.0,0.0,0.0,-0.012541764258353509,-0.029948250458477238,0.0,0.0,0.0,0.0,0.0,0.11548012164440152,0.019671217057123592,0.0,0.059076249594688046,-0.0166193854977427,0.0,0.0,0.0,0.0,-0.04457532026302893,-0.04647517850582314,-0.021302855855479294,-0.023745089402109752,0.0,-0.027998676476332442,-0.2,0.0,-0.01616388643914582,-0.04510699609856018,0.0,0.0,0.0,0.0,0.015347778891292768,0.0,0.0,0.0,0.0,0.0,0.014291169241552057,0.0,0.0,0.0,0.0,0.0,0.022620527858254715,0.0,0.0,0.0,0.0,-0.012583976902397388,0.0,0.0,0.0,0.0,-0.013384865814864139,0.0,0.0,-0.01256395231591449,-0.013971979677281327,0.0,0.0,0.0,0.0,0.0,0.0,0.0,0.0,0.0,-0.013602325738567199,-0.01311882393266361,0.0,-0.07186362721481995,0.0,-0.011767718793188508,-0.013236043510217961,0.0,0.0
2010-03-31,0.0,0.0,-0.023405521401829166,0.0,0.014925180272878006,0.0,0.0,0.0,0.0,0.0,0.0,0.0,0.0,0.0,-0.020430363530148377,0.0,0.0,0.0,0.0,0.009569258851440483,0.0,0.01711439882703419,0.0,0.0,0.0,0.0,0.013562769372708384,0.0,0.008819964629236397,0.00782635209481389,0.1753781258833176,0.030431060174256053,0.0,0.1244430391894251,-0.014710188254961726,0.0,0.0,-0.012032662884019461,0.0,-0.019475746354620394,0.0,-0.008155027829577942,0.0,0.0,0.0,-0.2,0.0,0.0,-0.008869455901241023,0.0,0.0,0.0,0.023176130983289907,0.028422291596776818,0.0,0.0,0.023004743814542053,0.0,0.007826140917418801,0.023465868379319774,0.0,0.0,0.0,0.0,0.0,0.08242524723539116,0.0,0.0,0.01120306947657743,0.0,0.0,0.01620648490796337,0.01485491403504418,0.0,0.0,0.0,0.0,0.0,0.0,0.0,0.0,0.0,0.0,0.0,0.0,0.0,0.0,0.0,0.0,0.0,0.0,0.0,0.0,-0.009377729334380143,-0.008575934006422701,-0.008894198763972641,0.0,0.03341813109739283
2010-04-30,0.0,0.0,0.0,0.0,0.020132402228976394,0.0,0.0,0.0,0.0,0.0,0.0,0.0,0.0,0.0,0.0,0.0,0.0,0.0,0.0,0.0286024763042761,0.0,0.0,0.0,0.0,0.0,0.0,0.018580516845430474,0.0,0.0,0.0,0.13246607896742613,0.025178774379816013,0.0,0.08824321386292906,0.0,0.0,0.0,0.01528174602294852,0.0,0.0,0.03067244341281543,0.0,0.0,0.012892583499762907,0.0,0.0,0.0,0.0,0.0,0.013939515588273615,0.0,0.01711793601150146,0.06305220926917286,0.0343530563248531,0.0137008545847077,0.0,0.02294242758341585,0.0,0.014359456416122471,0.02934929591019404,0.0,0.018520770646181385,0.0,0.0,0.02522662145254413,0.12858030060663478,0.0,0.02005452287369347,0.013703451993305468,0.048212604617425,0.0,0.0195966017541072,0.01945091324697811,0.0,0.0,0.0,0.0,0.0,0.019376251262324472,0.017504159807473253,0.0,0.0,0.0,0.0,0.0,0.0,0.0,0.0,0.02781990910415501,0.0,0.0,0.0,0.0,0.0,0.0,0.0,0.013263847934332678,0.04782505748822301
2010-05-31,0.0,0.0,0.0,0.0,0.023741260927255287,0.0,0.0,0.0,0.0,0.0,0.0,0.0,0.0,0.024786479388253915,0.0,0.0,0.0,0.01755761461365515,0.0,0.013176933960957387,0.0,0.0,0.0,0.020631924085927206,0.01355394173563775,0.0,0.021474315577767033,0.0,0.015641433656584658,0.0,0.06650831650320561,0.05051711601361856,0.0,0.08253550220315287,0.0,0.0,0.0,0.0,0.0,0.0,0.03353805754580198,0.0,0.0,0.01967453603676394,0.0,0.0,0.0,0.0,0.0,0.0,0.0,0.0,0.03321556833972789,0.03202925825510289,0.0,0.0,0.017476139780238372,0.0,0.0,0.09599305624583904,0.0,0.0,0.02728986067185554,0.013296111042043752,0.012697220519437438,0.01628228351535226,0.0,0.013434101834909269,0.012611553568374331,0.03620721633968541,0.0,0.0,0.012674689733374213,0.0,0.0,0.0,0.0,0.0,0.01696378087356506,0.014703854509380212,0.0,0.0,0.0,0.0,0.0,0.1633833983359316,0.0,0.0,0.03995512266889925,0.0,0.0,0.0,0.0,0.0,0.0,0.0,0.0,0.038449351517701964
2010-06-30,0.0,0.0,0.0,0.0,0.0,0.0,0.0,0.02121766399907904,0.0,0.0,0.0,0.0,0.0,0.015805714616557064,0.0,0.0,0.0,0.0,0.0,0.027201448716224458,0.0,0.0,0.0,0.0,0.0,0.0,0.014233843884215044,0.0,0.0,0.0,0.03404702604652707,0.028832223582872258,0.0,0.07816558004672938,0.0,0.0,0.0,0.0,0.0,0.0,0.0,0.0,0.0,0.020105776484093976,0.018086294676154278,0.0,0.0,0.0,0.0,0.0,0.0,0.0,0.027230171199660605,0.03315479859379255,0.0,0.0,0.02116871906351559,0.0,0.02234620921631933,0.02949421735808814,0.0,0.0,0.018941044275725315,0.0,0.01983352401808133,0.03430830786871362,0.0,0.034252549080514276,0.03117256639744233,0.07125716258000052,0.0212284265166964,0.0,0.019572348041603696,0.0,0.0,0.0,0.0,0.0,0.031612374121304715,0.01714005182412161,0.01846049759639257,0.0,0.0,0.0,0.0,0.017714263437119373,0.0,0.0,0.040381603412918465,0.0,0.0,0.0,0.017199322395976626,0.0,0.0,0.0,0.015836270949560555,0.2
2010-07-31,0.0,0.0,0.0,0.0,0.0,0.0,0.0,0.0,0.0,0.0,0.0,0.0,0.0,0.015961729342971704,0.0,0.0,0.0,0.0,0.0,0.02350455818191951,0.0,0.0,0.0,0.0,0.0,0.0,0.0,0.009987823079921245,0.011501756253190677,0.0,0.01399966187305217,0.01632961197877442,0.0,0.03967233020057093,0.0,0.0,0.0,0.0,0.0,0.0,0.0,0.0,0.0,0.009768984804012051,0.011115511623971454,0.0,0.0,0.0,0.0,0.0,0.0,0.0,0.018147434681162658,0.012478670402650502,0.0,0.0,0.012073000653250917,0.0,0.0,0.02434598731136998,0.0,0.0,0.012375730927962911,0.0,0.012908511920924516,0.04885702161159428,0.0,0.038669966454017025,0.028929703193694402,0.2,0.041576378631440425,0.026236559590480612,0.02497812895591345,0.0,0.017821121288752795,0.04929483664947968,0.0,0.01920438936152518,0.0,0.01104040255916265,0.011203484935726843,0.0,0.0,0.0,0.0,0.01494941211062888,0.0,0.0,0.023067291421878102,0.0,0.0,0.0,0.0,0.0,0.0,0.0,0.0,0.2
2010-08-31,0.0,0.0,0.0,0.05137301423327916,0.021504478738261636,0.0,0.018257253216797692,0.022956305724059066,0.0,0.0,0.0,0.0,0.022876803291444148,0.029684024241088378,0.0,0.0,0.0,0.0,0.0,0.01967850684290197,0.0,0.0,0.0,0.0,0.0,0.0,0.02298712798004567,0.0,0.019939595197318232,0.0,0.017428429965070595,0.022703271852736233,0.0,0.037579826752480505,0.0,0.0,0.0,0.0,0.0,0.0,0.0,0.0,0.0,0.0,0.0,0.0,0.0,0.0,0.0182422231185048,0.0,0.0,0.0,0.04720520844728626,0.01767824760985463,0.0,0.0,0.0,0.0,0.02239970873384446,0.04115256368095342,0.0,0.019409379312739002,0.10987017559074813,0.01687227955885026,0.0516687496071987,0.051235137068043814,0.0,0.0,0.0,0.08581361227636229,0.0,0.0,0.0,0.0,0.029267775146347604,0.02410598270537622,0.0,0.0,0.0,0.025069023108801502,0.01797651431725628,0.0,0.0,0.0,0.0,0.032690754661866966,0.0,0.0,0.02774641512910944,0.0,0.0,0.0,0.0,0.0,0.0,0.0,0.0,0.05462761189137283
2010-09-30,0.0,0.0,0.0,0.02255170021515844,0.0158049148151995,0.0,0.018311020561004903,0.0,0.0,0.0,0.0,0.0,0.0,0.024012934235454725,0.0,0.0,0.0,0.0,0.02920886110159995,0.04088063346941364,0.0,0.0,0.0,0.0,0.01706490888242194,0.0,0.023283645390144395,0.042652391676643725,0.2,0.0,0.029602384023815355,0.02961351997259771,0.0,0.03649119373917566,0.0,0.0,0.0,0.017127021409688328,0.0,0.0,0.0,0.0,0.0,0.0,0.0,0.0,0.0,0.02135543682006544,0.0,0.0,0.0,0.0,0.025553711653979783,0.0,0.0,0.0,0.0,0.0,0.013503534182698756,0.046774561262702435,0.0,0.0,0.030518021495460276,0.019641987905847123,0.03010630373395093,0.023806144553402936,0.0,0.0,0.0,0.0577438487138745,0.0,0.0,0.016039052172373985,0.0,0.041052233418088606,0.025276594200218057,0.0,0.0,0.0,0.021141655878079313,0.0,0.0,0.0,0.0,0.0,0.02483133777805042,0.0,0.0,0.014485450580579914,0.0,0.0,0.0,0.0,0.0,0.0,0.0,0.0,0.041564996158309386
2010-10-31,0.0,0.0,0.0,0.0,0.013359884999915469,0.0,0.0,0.0,0.0,0.0,0.0,0.0,0.0,0.01471000448512199,0.0,0.0,0.0,0.0,0.032644496830690886,0.05706994194144298,0.0,0.0,0.0,0.0,0.0,0.0,0.02042124973689527,0.046556625507790016,0.16878211575839033,0.0,0.032456740619142076,0.030820204916760918,0.0,0.031047079490204615,0.0,0.0,0.0,0.0,0.0,0.0,0.0,0.0,0.0,0.019126698374002323,0.0,0.0,0.0,0.013445315152873543,0.0,0.0,0.0,0.0,0.03716116873181532,0.022706906603836122,0.0,0.0,0.013791480560677145,0.0,0.029800670000697447,0.06436786969180927,0.0,0.0,0.0306102928510803,0.0,0.030731876462656328,0.057169848439281974,0.0,0.019433882835490423,0.018691296557130765,0.04092339047830024,0.013796850872707387,0.0,0.01779043988652359,0.0,0.0270103939256888,0.048478589455025506,0.0,0.0,0.0,0.014230782678504928,0.0,0.0,0.0,0.0,0.0,0.0,0.0,0.0,0.0,0.016099217403510255,0.0,0.0,0.0,0.0,0.0,0.0,0.0,0.01676468475203377
2010-11-30,0.0,0.0,0.0,0.0,0.0,0.0,0.0,0.0,0.0,0.0,0.0,0.0,0.0,0.0,0.0,0.0,0.0,0.0,0.021040959481849173,0.06930298717771594,0.0,0.0,0.0,0.0,0.0,0.0,0.016627421397978653,0.02207944878394101,0.08868233925568338,0.0,0.0311169211998198,0.026904717268501212,0.0,0.0331024322205641,0.0,0.0,0.0,0.0,0.0,0.0,0.0,0.0,0.0,0.02326329476942034,0.0,0.0,0.0,0.01409813275320741,0.0,0.0,0.0,0.012514740444269585,0.05489534077382047,0.0,0.0,0.0,0.0,0.0,0.014233649675289853,0.016439261646981684,0.0,0.0,0.04889596793155694,0.012160503112896445,0.023368097956712023,0.2,0.0,0.01709875761967532,0.018302299308573865,0.02616279675061377,0.015574371511218247,0.0,0.014040312096803845,0.0,0.013339899457876447,0.08901117940065029,0.0,0.0,0.0,0.012407687662145239,0.0,0.0,0.0,0.018064546714007448,0.012440423960684274,0.0,0.0,0.0,0.0,0.01385691232235043,0.0,0.0,0.0,0.020974597345192907,0.0,0.0,0.0,0.0
2010-12-31,0.0,0.0,0.0,0.0,0.0,0.0,0.0,0.0,0.02250776166242859,0.0,0.0,0.0,0.0,0.03755625743681009,0.0,0.0,0.0,0.0,0.021846355170006156,0.0,0.0,0.0,0.0,0.0,0.0,0.0,0.02124072377366778,0.0,0.03293676530193265,0.0,0.03922687987233194,0.0,0.0,0.019312639429449833,0.0,0.0,0.0,0.061019348804962584,0.0,0.02384965306405126,0.0,0.025972022448797538,0.03195848558712078,0.026094517786700733,0.02999514746941909,0.0,0.0,0.019129149099966884,0.0,0.0,0.0,0.021205885166088092,0.040397204679770156,0.0,0.0,0.0,0.0,0.0,0.019034439483526393,0.0,0.0,0.020086968012298447,0.01799375300782859,0.0,0.02473240154339171,0.0878621478366331,0.0,0.020968022161308348,0.0,0.03176724458826429,0.0,0.0,0.0,0.0,0.0,0.13455920686688153,0.0,0.0,0.0,0.029958378061441897,0.0,0.0,0.0,0.0,0.0,0.01728362218966461,0.0,0.0,0.0,0.03998065168981471,0.0,0.0,0.0,0.038204657504403126,0.0,0.024663441708896516,0.018656268592142596,0.0
2011-01-31,0.0,0.0,0.0,0.0,0.0,0.0,0.0,0.0,0.016799602765578604,0.0,0.0,0.0,0.0,0.0,0.0,0.0,0.0,0.0,0.0,0.0,0.0,0.0,0.0,0.0,0.023353687873520452,0.0,0.02347358918646907,0.0,0.02807039589981853,0.0,0.020424507985710227,0.0,0.0,0.02245859162736066,0.0,0.0,0.0,0.059552100879498485,0.0,0.030813068372489903,0.0,0.036828646103668164,0.024119000832576818,0.02285134891445048,0.10436782089775218,0.0,0.0,0.0,0.0,0.0,0.0,0.0,0.03728846577049195,0.0,0.0,0.0,0.0,0.0,0.02852439761167286,0.0,0.0,0.031280020372647564,0.023564670045614664,0.01782961667630328,0.035371516561582765,0.11487190255636323,0.0,0.02283654387714455,0.0,0.02128196727863935,0.0,0.0,0.021564167327510715,0.0,0.02225461647656748,0.04246589659790744,0.0,0.0,0.0,0.04370221520225444,0.02014738726275847,0.0,0.0,0.019818256896767566,0.0,0.0,0.0,0.0,0.020309903004311153,0.04246519424262478,0.0,0.0,0.0,0.0,0.0,0.0,0.021310900899944276,0.0
2011-02-28,0.0,0.0,0.01683884618480384,0.0,0.0,0.0,0.03167393325082294,0.0,0.0,0.0,0.0,0.0,0.0,0.0,0.0,0.0,0.0,0.0,0.0,0.0,0.0,0.0,0.0,0.0,0.060587721273926844,0.0,0.04166984482392938,0.0,0.11465055895601094,0.0,0.04361423189555889,0.0270965266151735,0.0,0.022103395340966,0.0,0.0,0.0,0.03520089983632794,0.0,0.04170832493377158,0.025269905520670006,0.02960831530189351,0.07166215826423117,0.023027047519739198,0.01393841607268756,0.02771914466663569,0.0,0.013259975654981666,0.050761890861495906,0.0,0.0,0.0,0.0,0.0,0.0,0.0,0.0,0.0,0.0,0.0,0.0,0.0,0.0,0.0,0.021941863406429257,0.024023567219552622,0.0,0.0,0.0,0.017209334120360343,0.015511265381057725,0.0,0.024386999261683952,0.0,0.0,0.08130651743856032,0.0,0.0,0.0,0.033741449701887236,0.018352296899620143,0.0,0.0,0.0,0.0,0.024400483332562086,0.0,0.0,0.01842266691359701,0.01640767988597026,0.0,0.0,0.013904739465092452,0.0,0.0,0.0,0.0,0.0
2011-03-31,0.013968099024236425,0.015892979676915452,0.02546356089963317,0.0,0.0,0.0,0.0,0.03751060811125818,0.0,0.0,0.0,0.0,0.0,0.0,0.015553784413291315,0.0,0.015061135596683187,0.0,0.0,0.0,0.013454553436397827,0.0,0.0,0.0,0.0484206201396529,0.0,0.08729123890868601,0.0,0.05327382630222668,0.01443090251611201,0.022521086028500482,0.022863785699509136,0.0,0.05038709496071241,0.0,0.0,0.0,0.05068407980326656,0.0,0.056708189196958005,0.03365003681009031,0.0,0.09031180631529315,0.03172948476951354,0.0,0.022506701354449068,0.0,0.02378503545167464,0.0,0.0,0.0,0.0,0.0,0.0,0.0,0.0,0.0,0.0,0.0,0.0,0.0,0.0,0.0,0.0,0.02854673347885966,0.014172871011929813,0.0,0.0,0.0,0.0,0.0,0.0,0.0,0.0,0.0,0.10203095489272533,0.0,0.0,0.0,0.021635078020613235,0.015487469525265926,0.0,0.0,0.0,0.0,0.018019029997400782,0.0,0.0,0.013641832713308428,0.0,0.027261034632995014,0.0,0.013736386311841433,0.0,0.0,0.0,0.0,0.0
2011-04-30,0.0,0.015739859756215537,0.021209424408476223,0.0,0.0,0.0,0.0,0.0,0.01824289181152899,0.0,0.0,0.0,0.0,0.0,0.0,0.0,0.0,0.0,0.0,0.09224229116273158,0.0,0.0,0.0,0.0,0.017846432386725647,0.0,0.036608505283848375,0.0,0.08496873783990744,0.0,0.0,0.0199850628754962,0.0,0.0,0.028805581761682835,0.0,0.0,0.01946824021752329,0.0,0.017614764295521026,0.029901786407931133,0.0,0.022521514375584535,0.02999347094853861,0.0,0.0207444467167657,0.0,0.023211695222116066,0.0,0.0,0.0,0.0,0.0,0.0,0.0,0.0,0.0,0.0,0.0,0.0,0.0,0.0,0.0,0.0,0.026277472780319017,0.0,0.0,0.0,0.022047148177822256,0.030611779252288574,0.027428880748562822,0.0,0.019889798099981246,0.018135906512998196,0.0,0.033644308196987556,0.0,0.03696825183508217,0.04067329288513387,0.13457545296461845,0.015908069496488167,0.0,0.0,0.0,0.0,0.055744640771560466,0.0,0.0,0.01933600082677911,0.0,0.0,0.0,0.019654291980784847,0.0,0.0,0.0,0.0,0.0
2011-05-31,0.0,0.0,0.0,0.0,0.01835570968401758,0.0,0.02436963954100124,0.0,0.03365262153094171,0.0,0.0,0.0,0.0,0.0,0.0,0.0,0.0,0.0,0.0,0.024062071811592072,0.018472168864384172,0.0,0.0,0.019665451073148196,0.020084591848241087,0.0,0.03573668306610179,0.0,0.05111704103868089,0.01764213832667609,0.017613439795498537,0.049592142880910864,0.0,0.01937598307851775,0.0,0.0,0.0,0.016698151747358024,0.0,0.0,0.039630443621051385,0.11457307538195945,0.01871763214803564,0.08498649436832745,0.0,0.023049139180206287,0.0,0.03649089104880031,0.0,0.0,0.0,0.0,0.0,0.0,0.0,0.0,0.0,0.0,0.0,0.0,0.0,0.0,0.0,0.0,0.032590609778774926,0.0,0.0,0.0,0.0,0.0,0.062005185771207685,0.024644115678650647,0.0,0.0,0.039281824255414995,0.01625090824923381,0.0,0.0,0.0,0.0,0.05910715813516914,0.0,0.0,0.022008074882283932,0.0,0.020730943222387423,0.0,0.0,0.0,0.01877274767395518,0.0,0.0,0.020722922317471762,0.0,0.0,0.0,0.0,0.0
2011-06-30,0.0,0.01973967830742103,0.019174152765139636,0.0,0.0,0.0,0.0,0.0,0.0,0.0,0.0,0.0,0.0,0.0,0.0,0.031036834205606167,0.0,0.0,0.0,0.04435364582423014,0.0,0.0,0.0,0.0,0.0,0.0,0.06053807558552279,0.029044128560310554,0.05758475574560629,0.030480520083405033,0.0,0.026274528263452262,0.0,0.0,0.01917842262918004,0.0,0.0,0.03585957072444142,0.0,0.0255089075420841,0.033164042236869785,0.027648434456108453,0.04259073505030765,0.04037325780908183,0.0,0.04837069227369764,0.0,0.02457507859551112,0.0,0.0,0.0,0.0,0.04024629493006505,0.0,0.0,-0.033273742080630705,0.0,0.0,0.0,0.0,0.0,0.040970715244704636,0.0,0.0,0.03192010707184037,0.055568955708831136,0.0,0.0,0.02067363384014351,0.024249909991766228,0.0,0.0,0.0,0.0,0.0,0.05420647739366684,0.0,0.0,0.0,0.0,0.0,0.0,0.0,0.02183983443704581,0.0,0.0,0.0,0.0,0.024822691664992878,0.0,0.01725379777432317,0.0,0.01947837920401367,0.0,0.0,0.0,0.0,0.0
2011-07-31,0.0,0.019952591486049873,0.015593434512892398,0.033766668652197636,0.0,0.0,0.0,0.01790385597581282,0.0,0.0,0.0,0.0,0.0,0.02077974899976696,0.0,0.024866741226587878,0.0,0.0,0.0,0.018758442142084348,0.0,0.0,0.0,0.0,0.0,0.0,0.047117180630468936,0.0,0.0,0.0,0.0,0.01405554727753744,0.0,0.0,0.019947742303651823,0.0,0.0,0.021709585137444372,0.0,0.014994489458160279,0.07180339235687168,0.0,0.0,0.03375950717050202,0.0,0.040220003392879816,0.0,0.031656254333610856,0.0,0.0,0.0,0.0,0.07348823435737924,0.0,0.0,0.0,0.0,0.0,0.0,0.0,0.0,0.01618389868236211,0.0,0.03552553938901462,0.07113171692787591,0.11439566652820543,0.0,0.017902801322273672,0.033698002542745804,0.020100217760962776,0.0,0.0,0.0,0.0,0.0,0.04221000446189412,0.0,0.0,0.0,0.014302313932967759,0.0,0.0,0.0,0.019351885236193016,0.0,0.0,0.0,0.0,0.016575663580414242,0.017131593040920493,0.061117277180271566,0.0,0.0,0.0,0.0,0.0,0.0,0.0
2011-08-31,0.019124201371531854,0.02150236796635154,0.012706612479787698,0.0,0.017906041376602493,0.0,0.0,0.018647513494513664,0.0,0.0,0.0,0.0,0.0,0.0,0.0,0.02007067613154263,0.07050286686627655,0.0,0.0,0.017067642026855224,0.0,0.0,0.0,0.012596534793047568,0.0,0.0,0.029131158641492502,0.0,0.013456897843205778,0.0,0.0,0.0,0.0,0.0,0.015969894485706605,0.0,0.0,0.09573775564167677,0.0,0.0,0.020809459732526098,0.0,0.013023896797119208,0.020662322961919652,0.011851624933216664,0.09524507639126785,0.0,0.09089095225511627,0.0,0.0,0.0,0.0,0.012470654766446284,0.0,0.0,0.0,0.0,0.0,0.0,0.0,0.0,0.012376366235691274,0.0,0.0,0.03445666532647408,0.0215150898353572,0.0,0.0,0.0,0.13514554731880438,0.0,0.011826364209373726,0.0,0.0,0.0,0.021142804894188287,0.0,0.0,0.0,0.018536186874618707,0.023525565529046104,0.0,0.0,0.0,0.0,0.0,0.0,0.0,0.07737215625294029,0.014729102567302789,0.0,0.0,0.0,0.0,0.0,0.0,0.0,0.0
2011-09-30,0.013911857646011824,0.03306879806754414,0.02312255324557638,0.0,0.0,0.0,0.0,0.04507183514561828,0.0,0.0,0.0,0.0,0.0,0.0,0.0,0.022153755147522793,0.029054849699916733,0.0,0.0,0.04036309229582632,0.0,0.0,0.0,0.0383548276839684,0.0,0.0,0.043925763139700265,0.015445813790733585,0.038863277763377994,0.01753860824394461,0.0,0.02558270760017772,0.0,0.014450811998717035,0.0,0.0,0.0,0.05029709665274256,0.0,0.0,0.0,0.0,0.0,0.04121559297034117,0.0,0.01193710169048963,0.0,0.0802945336509683,0.0,0.0,0.0,0.0,0.03237515920970383,0.018929356417318976,0.012916293780553863,0.0,0.0,0.026159572359790145,0.0,0.06441430142747846,0.0,0.0,0.0176004999283574,0.017386984238776236,0.0936036690038485,0.049539471958936855,0.0,0.0,0.0,0.0,0.0,0.0,0.0,0.0,0.0,0.0,-0.014423772004934056,0.0,0.0,0.0,0.0,0.0,0.0,0.0,0.0,0.0,0.0,0.0,0.0,0.0,0.0,0.0,0.01857422788198489,0.0,0.0,-0.04942381535513901,0.0,0.0
2011-10-31,0.017728801402817306,0.02165640009829016,0.031339315433318,0.0,0.0,0.0,0.0,0.019958748424477826,0.0,0.0,0.0,0.0,-0.01781425861867697,0.0,0.0,0.0,-0.01586533357433688,-0.01630568295270536,-0.01840583713644013,0.03570819283644002,0.0,-0.015789082797000333,-0.02897559702945153,0.0,0.0,0.0,0.05607845517534861,0.020851920126269397,0.059811116313198534,0.0,0.03015261757590817,0.02990698371973065,0.0,0.05151356741006894,0.0,0.0,0.0,0.024126459690590612,0.0,0.0,0.0,0.0,0.0,0.0,0.0,0.0,0.0,0.014638870403478605,0.0,0.0,0.0,0.0,0.0,0.0,0.0,0.0,0.0,0.0,0.0,0.0,0.0,0.0,0.0,0.0,0.04371645142877911,0.03417401579624599,0.0,0.0,0.0,0.0,0.0,0.0,0.0,0.0,0.0,0.0,-0.03812460174724448,-0.01574446274552511,-0.01982750196200554,0.0,0.0,-0.022812649256443697,0.0,0.2,0.016539716838079636,0.0,0.0,0.0,0.0,0.0,0.0,0.0,0.0,-0.018743533891741698,-0.01749792716776352,-0.04619189844762328,0.0,0.0
2011-11-30,0.031943303962075544,0.030676558888014464,0.029028954301553306,0.0,0.0,0.0,0.0,0.03932290798313328,0.0,0.0,0.0,0.0,0.0,0.0,0.0,0.0,0.0,0.0,0.0,0.057310043050966236,0.022673514291470295,0.0,0.0,0.0,0.019455022952874858,0.0,0.04657872637241918,0.04338654583871927,0.06925611060531908,0.024066066956345063,0.022638929248539344,0.034275545922738196,0.0,0.01936079046789281,0.0,0.0,0.0,0.04615279678545366,0.0,0.0,0.0,0.0,0.01796978199914908,0.021412630391002857,0.0,0.0,0.0,0.0369120816795371,0.0,0.031455143348943525,0.0,0.0,0.025171575668135975,0.02033658039504482,0.0,0.0,0.0,0.02177560425031289,0.018666891917243505,0.0,0.0,0.0,0.0,0.02139696355333223,0.09040918690208632,0.06288335392105401,0.0,0.0,0.0,0.0,0.0,0.0,0.0,0.0,0.0,0.0,0.0,0.0,0.0,0.0,0.0,0.0,0.0,0.031063367694987527,0.017995066160110238,0.0,0.0,0.018105311924822648,0.0,0.0,0.0,0.0,0.02832064256672258,0.0,0.0,0.0,0.0,0.0
2011-12-31,0.0591617884449393,0.03469571075395267,0.03585617494621155,0.0,0.0,0.0,0.0,0.04879044747272162,0.0,0.0,0.0,0.027920900424683443,0.0,0.0,0.0,0.0,0.0,0.0,0.0,0.04518977001137836,0.02538447424660428,0.02131389365422246,0.0,0.0,0.029598829525650093,0.0,0.05353512831144814,0.030665004337246178,0.0583859967818885,0.018441856519816165,0.0,0.02648760823697157,0.0,0.0,0.0,0.0,0.0,0.021209460885445057,0.0,0.0,0.0,0.0,0.023101842293673378,0.030866819974436212,0.0,0.0,0.0,0.026427233168013316,0.0,0.03111905726201198,0.0,0.0,0.019033316954627268,0.0,0.02559672151207767,0.0,0.0,0.0,0.0,0.0,0.0,0.0,0.0,0.021358698461384266,0.0743541000861842,0.06495153447616969,0.0,0.0,0.0,0.0,0.0,0.0,0.0,0.0,0.0,0.0,0.0,0.0,0.0,0.020665464343224603,0.0,0.0,0.0,0.03363451686636585,0.02000397574322274,0.0,0.0,0.025101803744578318,0.0,0.024708212878474585,0.0,0.0,0.022439657682376567,0.0,0.0,0.0,0.0,0.0
2012-01-31,0.10301974053049533,0.026194930018938883,0.03185643315684941,0.0,0.0,0.0,0.0,0.03104959209935673,0.0,0.0,0.0,0.015609486484871449,-0.013342320479413158,0.0,0.0,0.012844463785925192,0.0,0.0,0.0,0.039135889619990996,0.02264414637229928,0.0,0.0,0.012974303145278428,0.029897323973648693,0.0,0.07312321238177118,0.02570770598549459,0.08122561773776543,0.0,0.0,0.02015975725196698,0.0,0.01662071983672055,0.0,0.0,0.0,0.01828312547811603,0.0,0.0,0.0,0.0,0.01327241649259671,0.02602873380589478,0.012521937102036284,0.0,0.0,0.028172854818075778,0.0,0.0,0.0,0.0,0.014586973786526352,0.0,0.013280110754644449,-0.014004801099404185,0.0,0.0,0.0,0.0,0.0,0.0,0.0,0.0,0.17457914826198717,0.032566008322511414,0.0,0.0,0.0,0.0,0.0,0.0,0.0,0.0,0.0,0.0,0.0,0.0,0.0,0.0,0.0,0.0,0.0,0.026888328107528833,0.0,0.0,0.0,0.026834657999476357,0.0,0.028660195606379908,0.0,0.0,0.014915065504035391,0.0,0.0,0.0,0.0,0.0
2012-02-29,0.03276193250595178,0.031991999799886844,0.017515997847076616,0.0,0.015120802833009971,0.0,0.0,0.018727739282507695,0.0,0.0,0.0,0.024686506264742017,0.0,0.019206602841501146,0.0,0.015331813951311467,0.04248680421137879,0.0,0.0,0.0,0.030154799934774858,0.017931492412255726,0.02453053304526143,0.05331031253069697,0.10536712464130067,0.0,0.03689424723413106,0.0,0.04810170295013301,0.02997651054625091,0.0,0.04660698163067392,0.0,0.0,0.0,0.0,0.0,0.0,0.0,0.0,0.0,0.0,0.03413881984188573,0.015171891589691497,0.06697010869666797,0.0,0.0,0.0,0.0,0.0,0.0,0.0,0.0,0.0,0.0,0.0,0.0,0.0,0.0,0.0,0.0,0.0,0.0,0.0,0.06024702141878905,0.019898576589082163,0.0,0.0,0.0,0.0,0.0,0.0,0.0,0.0,0.0,0.0,0.0,0.0,0.01650794706122135,0.0439750084034957,0.0,0.0,0.0,0.02058721035628143,0.017337108719426102,0.0,0.0,0.02131349437368322,0.025996970623494743,0.047151937863436265,0.0,0.0,0.0,0.0,0.0,0.0,0.0,0.0
2012-03-31,0.030855101654387134,0.01960193569447532,0.0,0.0,0.014228732818948079,0.0,0.0,0.02210825323006736,0.0,0.0,0.0,0.0,0.0,0.0,0.0,0.0185890288288962,0.019110079340488514,0.0,0.0,0.021155904849395,0.01924377777033586,0.0,0.01637288717650824,0.0,0.10790287332887233,0.0,0.05642755711845976,0.0,0.04549972284693482,0.0383636780312528,0.0,0.03577236730510929,0.0,0.027414671323463254,0.0,0.0,0.0,0.02697838487348994,0.0,0.0,0.0,0.0,0.022923539026939783,0.11838266464937663,0.03949132437052155,0.0,0.0,0.0,0.0,0.0,0.0,0.0,0.0,0.0,0.0,0.0,0.0,0.0,0.0,0.0,0.0,0.0,0.0,0.0,0.03738908628224428,0.014665100658638682,0.0,0.0,0.0,0.0,0.0,0.0,0.0,0.0,0.0,0.0,0.0,0.0,0.013869498581817305,0.036291747395184794,0.0,0.0,0.0,0.01875247626926362,0.058664658447875655,0.0,0.0,0.013846499571305751,0.01452464932781268,0.04067772272690635,0.0,0.0,0.021951930777737376,0.028944145723291445,0.0,0.0,0.0,0.0
2012-04-30,0.026800852888307313,0.013625640914846837,0.0,0.0,0.0,0.0,0.0,0.017293121566620724,0.0,0.0,0.0,0.0,-0.011308242545523017,0.0,0.0,0.0,0.0,0.0,0.0,0.012543234494647715,0.007911849098672001,0.0,0.0,0.0,0.0884821352792517,0.0,0.09525729489495065,0.0,0.053230301609448895,0.02953237864717227,0.0,0.009635512699366102,0.0,0.009719962624755572,0.015672749445660567,0.0,0.0,0.017596883072683277,0.0,0.0,0.0,0.0,0.012162221776450186,0.07396544796299052,0.0,0.0,0.0,0.0,0.0,0.0,0.0,-0.020311374062269075,0.0,0.0,0.0,-0.01608970059616823,0.0,0.0,0.0,0.0,0.0,0.0,-0.013756974744337529,0.0,0.011097968410559884,0.0,0.0,0.0,0.0,0.0,0.0,0.0,0.0,0.0,0.0,0.0,0.0,0.0,0.01840367276500051,0.039380623832400756,-0.03261646323713988,0.0,0.0,0.018334547279808853,0.049740509828449866,0.0,0.0,0.009896457489041314,0.00815889500049253,0.19642896113515826,0.0,0.0,0.008067168438833436,0.06297885365899264,0.0,0.0,0.0,0.0
2012-05-31,0.03081755644993939,0.020766298142072145,0.0,0.0,0.0,0.0,0.0,0.02060330881368139,0.0,0.0,0.0,0.0,0.0,0.0,0.0,0.0,0.020727843294658266,0.0,0.0,0.041993372903400945,0.015915202388377535,0.0,0.0,0.0,0.06088937424255832,0.0,0.049088284229917296,0.019076893732761956,0.03995122330656364,0.04907373434790007,0.0,0.016430044133542224,0.0,0.01696154153867164,0.015389390361924474,0.0,0.0,0.027384585990395352,0.0,0.0,0.0,0.0,0.0,0.0,0.0,0.0,0.0,0.0,0.0,0.0,0.0,0.0,0.0,0.02322673176166149,0.02749453124702744,-0.02606587478757702,-0.02110074356980298,0.0,-0.07916929687270474,0.0,0.0,0.0,-0.05071967758775219,0.0,0.0,0.0,0.0,0.0,0.0,0.0,0.0,0.0,-0.017815292097698464,-0.0389274937887517,0.0,0.0,0.0,0.0,0.022720944410773394,0.03132778788799781,0.0,0.0,0.0,0.0312452397965385,0.0,0.0,0.0,0.05614815334298985,0.01838724209375503,0.07288371286569241,0.0,0.0,0.037698624012912414,0.0,0.0,0.0,0.0,0.0
2012-06-30,0.0,0.0,0.0,0.0,0.0,0.0,0.0,0.018885956356146743,-0.01811359808113292,0.0,0.0,0.0,0.0,0.0,0.0,0.0,0.0,-0.04973968550038557,0.0,0.01635345900232683,0.0,0.0,-0.018654649338242124,0.0,0.017694753622956066,0.0,0.03829923023676457,0.0,0.023445648788629484,0.022350015758699188,0.0,0.019762320369048823,0.0,0.023951434508608087,0.0,0.0,0.0,0.08247812746585996,0.0,0.0,0.0,0.0,0.0,0.0,0.0,-0.03750819215917643,0.0,-0.02011935269795913,-0.01677359645766835,0.0,0.0,0.0,-0.026021788803233133,0.01601037011860501,0.0,-0.13842674863811516,0.0,0.0,0.0,-0.017621602296826043,0.0,-0.10800810359022701,-0.044205982542542384,-0.020253770871763423,0.0,0.0,0.0,-0.0159439095092404,0.0,0.0,0.0,0.0,-0.018058700013597394,-0.02560277547421085,0.0,0.0,0.0,-0.015941656089606623,0.0,0.0,0.0,-0.03597081782534033,0.0,0.0,0.0,0.0,0.0,0.033725651303084234,0.0,0.0,-0.04118324183268649,0.0,0.0,0.0,0.0,0.0,-0.01889486074731721,0.0
2012-07-31,0.0,0.0,0.0,0.0,0.0,0.0,-0.024308787367994668,0.03280054761269276,0.0,0.0,0.0,0.0,-0.0264308460329923,0.0,0.0,0.0,0.0,-0.04038988235204442,0.0,0.021016050829140726,0.0,0.0,0.0,0.0,0.018495002676373024,0.0,0.05607205461777259,0.019956464743370712,0.03631618275466722,0.023614353629891196,0.0,0.024425136769487536,0.0,0.04775199256692294,0.0,0.0,0.0,0.022093820341760256,0.0,0.0,-0.025185723244252303,-0.0401233961606386,0.0,0.0,-0.03195353234761916,-0.10871477454098798,0.0,0.0,0.0,0.0,0.0,0.0,0.0,0.045550966451094035,0.035771848245239296,-0.03816726844005478,0.0,0.0,0.0,0.0,0.0,-0.029219228475634365,-0.025795808725525015,0.0,0.0,-0.0318269430015808,0.0,0.0,0.0,0.0,0.0,0.0,0.0,-0.03458774270699672,0.0,0.0,0.0,0.0,0.0,0.0,0.0,-0.02037084392666976,0.0,0.018527953821220203,0.0,0.0,0.0,0.04728701503347394,0.0,0.03134450750110267,0.0,0.0,0.01913448942924619,0.0,0.0,0.0,0.0,-0.022766835653553634
2012-08-31,0.0,0.0,0.0,0.0,0.0,0.0,-0.021138517035026054,0.03218710238153023,0.0,0.0,0.0,0.0,-0.02289830133443455,-0.024787923301880448,0.0,0.0,0.0,-0.024706220354879047,-0.0920738795894162,0.04746149265012751,0.0,0.0,0.0,0.0,0.0,0.0,0.053315146626436924,0.0,0.05469811986755667,0.0,0.0,0.028430952681967787,0.0,0.04034882069067667,0.0,0.0,0.0,0.0,0.0,0.0,0.0,0.0,0.0,0.0,0.0,-0.03405210870992642,0.0,0.0,-0.022024974021706698,0.0,0.0,-0.023668598663384374,0.0,0.02882846230539263,0.029939515323719735,-0.0333120149490686,-0.03092721919197557,0.0,-0.042968059881862496,0.0,0.0,-0.037519709817939506,-0.033855754214789494,-0.02024734953202052,0.0,0.0,0.0,0.0,0.0,-0.020261456880365247,0.0,0.0,0.0,-0.036843308487165126,-0.024734453973592693,-0.022105595716343674,0.0,0.0,0.0,0.0,-0.02290009780633337,0.0,0.0,0.0,0.0,0.0,0.0,0.027510822779312123,0.0,0.0341053863370113,0.0,0.0,0.0,0.0,0.0,0.0,0.0,-0.03214863489415833
2012-09-30,0.0,0.0,0.0,0.0,0.0,0.0,-0.04078873313752697,0.0,-0.017277268840938585,0.0,0.0,0.0,-0.02333365387241169,0.0,-0.03502834400626655,0.0,0.0,-0.02003820503169649,-0.020872367111979945,0.02980039390854176,0.0,0.0,0.0,0.0,0.0,0.0,0.046500195494221123,0.0,0.033873195749924555,0.019007655541546542,0.0,0.03867747382130997,0.0,0.02724844948913557,0.06891188156466983,0.0,0.0,0.0,0.0,0.0,0.0,0.0,0.0,0.0,0.0,-0.024771188312617546,0.0,0.0,-0.023205727292964013,0.0,0.0,-0.05011740153413024,0.0,0.1061772234695326,0.01685034209187021,-0.04025953235898555,-0.034032796685076756,0.0,-0.027206823094354977,0.0,0.0,0.0,0.0,0.0,0.0,0.0,0.0,-0.021014972722597156,0.0,-0.01718146107563414,0.0,-0.02263313185810053,0.0,-0.04629291389564081,0.0,0.0,0.0,0.0,0.0,0.0,-0.05353546803115597,-0.018554461949602863,0.0,0.0,0.0,0.0,0.0,0.026373173399668475,0.0,0.027132623694012967,0.0,0.0,0.023302940963885722,0.0,0.0,0.0,0.0,0.0
2012-10-31,0.0,0.06470046187134064,0.0,0.0,-0.021889191619661904,0.0,-0.0207275300703535,0.024618403741854672,-0.05980586834558161,0.0,0.0,0.0,-0.01727618958128284,0.0,-0.04414340033741986,0.0,0.0,-0.03907388226974987,-0.017707554039528787,0.14012318867977552,0.0,0.0,0.0,0.0,0.020423035310104715,0.0,0.025746202873393038,0.0,0.02253294251549929,0.019448118160999322,0.018674713665899616,0.0310422291814364,0.0,0.02225563204020648,0.0,0.0,0.0,0.052872293130464786,0.0,0.0,0.0,0.0,0.0,0.0,0.0,-0.02584900077593409,0.0,0.0,-0.01923530259019251,0.0,0.0,-0.0314278507473183,0.0,0.029287966754002533,0.0,0.0,0.0,0.0,0.0,0.0,0.0,0.0,0.0,0.0,0.0,0.0,0.0,0.0,0.0,0.0,0.0,-0.018930479093897428,0.0,-0.03146532998714883,0.0,0.0,0.0,0.0,0.0,0.0,-0.01756171765112369,-0.02544213089770237,0.0,0.0,0.0,0.0,0.0,0.0322855810902737,0.0,0.036816749856631414,0.0,0.0,0.04082072286469009,0.027816330256532358,0.0,0.0,0.0,0.0
2012-11-30,0.0,0.0,0.0,0.0,0.0,0.0,0.0,0.022967555408756658,-0.025130583083891753,0.0,0.0,0.0,-0.03245792939768397,0.0,-0.025056303810020053,0.0,0.0,0.0,0.0,0.11706426463300615,0.0,0.0,0.0,0.0,0.020366629856467245,0.08921021680480344,0.01377240566991731,0.0,0.018783345467949773,0.031119982679022492,0.0,0.11804940058227978,0.0,0.04988698685204787,0.0,0.0,0.0,0.0,0.0,0.0,-0.019677642858133428,-0.023483704236854194,0.0,0.0,-0.015035312117951396,-0.029219419668834633,0.0,-0.019741268626572054,-0.0158192268341664,0.0,0.0,-0.012740445829608222,0.0,0.01259907095808932,0.0,0.0,0.0,0.0,0.0,0.0,0.0,0.0,0.0,0.0,0.0,0.0,0.0,0.0,0.0,-0.01491088525210078,0.0,-0.01274317583522179,0.0,-0.028965135563615383,-0.013318616977228545,0.0,0.0,0.0,0.0,0.0,0.0,-0.02421392230674709,0.0,0.0,0.0,-0.028602145355217146,0.0,0.02448785769067589,-0.06499775702586648,0.020442668587929324,0.0,0.0,0.0,0.05513614002934151,0.0,0.0,0.0,0.0
2012-12-31,0.0,0.0,0.0,0.016302875435179102,0.0,0.0,0.0,0.020705691568759392,-0.018867000516046048,0.0,0.0,0.0,-0.01635002155303226,-0.016856202367851094,0.0,0.0,0.0,0.0,-0.014149576578326717,0.04634926564515222,0.0,0.0,0.0,0.0,0.0,0.050810274749750764,0.0,0.014203788762094122,0.03449499583056081,0.2,0.0,0.05698495448650429,0.0,0.10139395318121583,0.0,0.02307016138348378,0.0,0.0,0.0,0.0,-0.016062958492809695,-0.014950300507983474,0.0,0.0,0.0,-0.021766975710260067,0.0,-0.018715440688058967,0.0,0.0,0.0,0.0,0.0,0.0,0.0,0.0,0.0,-0.028232058633511817,0.0,0.0,0.0,0.0,0.0,0.0,0.0,0.0,0.0,0.0,0.0,-0.04663386855575859,-0.013660497647500222,-0.01829053054675036,0.0,-0.026460765106752177,0.0,0.0,0.0,0.0,0.024198011871638978,0.0,0.0,-0.03455241231932329,0.0,0.0,0.0,-0.015165636783011999,0.0,0.04087168755375524,0.0,0.016260913058070463,0.0,0.0,0.013206488159339303,0.020432692307518954,0.0,0.0,0.0,0.0
2013-01-31,0.029346859426103628,0.0,0.0,0.03484082101120344,0.0,0.0,0.0,0.034685843461107535,-0.023023661917973018,0.0,0.0,0.0,0.0,-0.02072366093617146,0.0,0.0,0.0,0.0,0.0,0.0653463320110048,0.0,0.0,0.0,0.0,0.025290901604897626,0.023612322579265987,0.04241499652515135,0.024705585663512483,0.0332154206415138,0.05169782904816607,0.0,0.054243371095413204,0.0,0.04236523217298362,0.0,0.03276723399128553,0.0,0.0,0.0,0.0,-0.021831952201766657,-0.02364907371040018,0.0,0.0,0.0,-0.030692268793977632,0.0,0.0,-0.018671846158602623,0.0,0.0,0.0,0.0,0.04881814360176226,0.0,-0.04874911342186816,0.0,0.0,-0.019923744348205562,0.0,0.0,0.0,0.0,0.0,0.0,0.0,0.0,0.0,0.0,-0.03516287522274796,0.0,0.0,0.0,-0.034464928168250974,0.0,0.0,0.030894137403096992,0.0,0.02806586562081931,0.0,0.0,0.0,0.0,0.028640770876212886,0.0,0.0,0.0,0.030203795138073416,0.0,0.02085487102081096,0.0,0.0,0.0,0.04109654222765081,0.0,0.0,0.0,0.0
2013-02-28,0.015870013779593007,0.0,0.023896578580514402,0.061299355284616976,0.0,0.0,0.0,0.02761856810923376,0.0,0.0,0.0,0.015185888012420294,0.0,0.0,0.0,0.0,0.0,0.0,0.0,0.031473387332539765,0.0,0.0,0.015809749516152053,0.0,0.022925623324604766,0.024234352727874536,0.0,0.019509817529309387,0.02385175421372419,0.08435286944672571,0.017205306281948336,0.0,0.0,0.018560279200948684,0.01916379162055565,0.039045091738479885,0.0,0.01823666813859278,0.0,0.0,0.0,0.0,0.0,0.0,0.0,0.0,0.0,0.0,0.0,0.0,0.0,0.0,0.0,0.014755428478439147,0.0,0.0,0.0,0.0,-0.014188526791931569,0.0,0.0,-0.018202935153824176,0.0,0.0,0.0,0.0,0.0,0.0,0.07992921643857416,0.0,0.0,0.0,0.0,-0.025662814996235503,0.0,0.0,0.03779901458368642,0.0,0.03935936955379105,0.0,0.0,0.0,0.0,0.03519161971384881,0.0,0.0,0.0,0.0375818142632477,0.0,0.13240185868026452,0.0,0.0,0.0,0.03696163312687201,0.01678983572219849,0.032936837659252205,0.0,0.0
2013-03-31,0.017369780880531205,0.02541944877516731,0.055991670589634696,0.09217125358371892,0.0,0.0,0.0,0.02742262389310124,0.0,0.0,0.0,0.021466787232776872,0.0,0.0,0.0,0.0,0.0,0.0,0.0,0.0,0.0,0.0,0.0,0.0,0.0357213275651434,0.022672958554715322,0.0,0.0,0.024306637779013558,0.08124085529136432,0.021709485429888244,0.0,0.0,0.017364138424699593,0.022698846355742274,0.06594623324345997,0.0,0.056267438930735346,0.0,0.0,0.0,0.0,0.0,0.022444767290880414,0.01986756083893525,0.0,0.0,0.0,0.0,-0.016799144190528283,0.0,0.0,0.0,0.0,0.0,0.0,0.0,0.0,0.0,0.0,0.0,-0.027136341207183067,0.0,0.0,0.0,0.0,0.0,0.0,0.02971295320668651,0.0,0.0,0.0,0.0,0.0,0.0,0.0,0.01862492581224248,0.020744459650446016,0.046936720822566724,0.0,0.0,0.0,0.0,0.04473335672977667,0.0,0.0,0.0,0.03226318010404719,0.01939876775465776,0.03223880288548559,0.0,0.0,0.0,0.03391287088972168,0.01657805299923706,0.030838609087912867,0.0,0.0
2013-04-30,0.023506909030254576,0.01731128213304327,0.025437074779556822,0.07167008945972084,0.0,0.0,0.0,0.03126463488684018,0.0,0.0,0.0,0.0,0.0,0.0,0.0,0.0,0.0,0.0,0.0,0.0,0.0,0.0,0.0,0.0,0.028525812768119115,0.024914331134214037,0.0,0.0,0.056381589486670526,0.022624944453378287,0.06850197292016556,0.0,0.0,0.025309328277956945,0.0,0.08016920268006894,0.0,0.0219300687398094,0.0,0.0,0.0,0.0,0.0,0.0,0.0,0.0,0.0,0.0,0.0,0.0,0.0,0.0,0.0,0.018469763767037597,0.0,0.0,-0.020388539318596893,0.0,-0.017754410983173805,0.0,0.0,-0.03195693476852606,-0.037245359970679986,0.0,0.0,0.0,0.0,0.0,0.025604246088504097,0.0,0.0,0.0,-0.02631053040881903,-0.018146912391581373,-0.037106217312699655,0.0,0.0,0.0,0.06905069015085408,0.0,0.0,0.0,0.0,0.019977195497423557,0.0,0.03529990924941315,0.0,0.03722200826161151,0.0,0.021793468872033636,0.0,0.0,0.0,0.03715096828674631,0.017117732787031034,0.03185787113546996,0.0,0.0
2013-05-31,0.031740799294095776,0.0751284955105893,0.02282226622548978,0.0,0.0,0.0,0.0,0.014056695455602489,0.0,0.0,0.0,0.0,0.0,0.0,0.0,-0.044262571810430064,0.0,0.0,0.0,0.030298260542972185,0.0,0.0,0.0,0.0,0.022591325031881108,0.03270963978698558,0.0,0.017326449188922628,0.07460252290089833,0.022596903554675443,0.03520129046989337,0.028533559869111,0.0,0.1697402720465457,0.022926574700558103,0.023387329182162287,0.0,0.03829478039569674,0.0,0.0,0.0,0.0,0.0,0.0,0.0,0.0,0.0,0.0,0.0,0.0,0.0,0.0,0.0,0.0,0.0,0.0,-0.01690460556412765,0.0,-0.013912957595486455,0.0,0.0,0.0,-0.06167350854850683,0.0,0.0,0.0,0.0,0.0,0.0,0.0,0.0,0.0,0.0,-0.016326364212000354,0.0,0.0,0.0,0.0,0.0,0.0,0.0,-0.013334227427505653,0.0,0.018102723787650828,0.0,0.015925308207261558,0.0,0.028922063623598792,0.0,0.016923045841504083,0.0,0.0,0.014587214287247739,0.03680429125270434,0.02052482090710392,0.019839132778791808,0.0,0.0
2013-06-30,0.01665786000520684,0.079988736189375,0.031491228830536594,0.014974748211142055,0.0,0.0,0.0,0.05495534188838043,0.0,0.0,0.0,0.0,0.0,0.0,0.0,0.0,-0.07712701062106964,0.0,-0.014701349432636651,0.014234711999639835,0.0,0.0,0.0,0.0,0.0,0.018814635987440785,0.0,0.0,0.0,0.03902662450681557,0.02371361430932231,0.02441953591455421,0.0,0.08054992883866235,0.029518408499045766,0.03818599700098851,0.0,0.0901613118015985,0.0,0.015405746677568548,0.013566042744501848,0.0,0.0,0.0,0.0,0.0,0.0,0.0,0.0,0.0,0.0,0.0,0.0,0.046766563435762055,0.0,0.0,-0.020663957617964454,0.0,-0.017503825368319736,0.0,0.0,0.0,0.0,0.0,0.0,0.0,0.0,0.0,0.0,0.0,0.0,0.0,0.0,0.0,0.0,0.0,0.0,0.0,0.0,0.0,0.0,0.0,0.0,0.015813930499085554,0.0,0.024553339114312612,0.0,0.04494777019042962,0.0,0.021749041494477223,0.02528951273046569,0.0,0.023420787982451396,0.03524905878180827,0.018271560633104346,0.028277818693333664,0.0,0.0
2013-07-31,0.014580593221078195,0.013759937236523448,0.02786864308453186,0.0,0.0,0.0,0.0,0.1796205488598449,0.0,0.0,0.0,0.0,0.0,-0.011792066130782633,0.0,-0.019413647143404794,-0.14645368019332944,0.0,-0.015811355741906927,0.0,0.0,0.0,0.0,0.0,0.0,0.020725337304937065,0.0,0.0,0.0,0.05722166277017732,0.03652048844767921,0.0241052466141326,0.0,0.07906307712612075,0.0,0.018770279133444274,0.0,0.019769829547248107,0.0,0.0,0.0,0.0,0.0,0.013388972228972224,0.0,0.0,0.0,0.0,0.0,0.0,0.0,0.0,0.0,0.0,0.0,0.0,-0.020241953956864754,-0.02495416739426896,-0.018001158519190853,0.0,0.0,-0.013246048731006259,0.0,-0.015858143511590147,0.0,0.0,0.0,-0.014610207970658564,0.0,0.0,-0.024645312896901694,0.0,-0.011162041645761468,0.0,0.0,-0.011734833822716393,0.0,0.0,0.0,0.0,0.0,-0.012866485703981058,0.0,0.02162089562307324,0.0,0.0,0.0,0.02048976701210024,0.0,0.016540962664943884,0.0,0.0,0.0,0.07516265576282884,0.0,0.0,0.0,0.0
2013-08-31,0.019860098416924703,0.0,0.0,0.0219053415560998,0.0,0.0,0.0,0.13178366443718714,0.0,0.0,0.0,0.04662522277245119,0.0,0.0,0.0,-0.017327251957309567,0.0,0.0,-0.026233951285548986,0.0,0.0,-0.016967002693220372,0.0,0.0,0.0,0.024814149055587376,0.0,0.0,0.0,0.060555247800622325,0.03202280303010864,0.027345028473647733,0.0,0.08025151842877905,0.01631087530229653,0.025006901962403565,0.0,0.01839961224489627,0.0,0.0,0.015134647912101533,0.0,0.0,0.0,0.0,0.0,0.0,0.018274255556775507,-0.015135747645912516,-0.017149765011663827,0.0,0.0,0.0,0.0,0.0,0.0,-0.027758285493918875,-0.023063901309559678,0.0,0.0,0.0,-0.017599993692506505,0.0,-0.04025474062262066,0.0,-0.06042234322485131,0.0,0.0,0.0,0.0,0.0,0.0,0.0,0.0,0.0,0.0,0.0,0.0,0.028409895402017597,0.0,-0.023231920071270788,0.0,0.0,0.02015305283677628,0.0,0.0,0.0,0.04429242742852495,0.0,0.021404204836431486,0.0,0.0,0.0,0.06230614953798543,0.0,0.0,0.0,0.0
2013-09-30,0.0,0.0,0.01278237795827814,0.02695927055509918,0.0,0.0,0.0,0.1444422559435858,0.0,0.0,0.015284533463133581,0.0,0.0,0.0,0.0,0.0,0.0,0.0,-0.022750969990634504,0.0,0.0,0.0,0.0,0.0,0.0,0.04537943184217168,0.0,0.0,0.0,0.05783331850573083,0.02842703730590461,0.01648680108881391,0.0,0.047770794859039345,0.01691858362521951,0.022775542900277466,0.0,0.015421495632127483,0.0,0.0,0.03004229948402554,0.015903294549492807,0.0,0.0,0.13300042501589274,0.0,0.0,0.023913481842948014,-0.012514335914289191,0.0,0.0,0.0,0.0,0.0,0.0,0.0,-0.015490889988190825,-0.03635153893169082,0.0,0.0,0.0,-0.015086698537584103,0.0,-0.015673670012282835,0.0,0.0,0.0,0.0,0.0,0.0,0.0,0.0,-0.011874170415229687,-0.012428508982958901,-0.019456016171233523,-0.012603995953595924,0.0,0.0,0.0,0.0,-0.018658020995636095,0.0,0.0,0.0,0.0,0.0,0.0,0.09991951855685016,0.0,0.013668248533913506,0.0,0.0,0.0,0.04018247244416928,0.0,0.0,0.0,0.0
2013-10-31,0.0,0.0,0.030702019581617553,0.09004899146606254,0.0,0.0,-0.017974082497445414,0.05038480740076968,0.0,0.0,0.0,0.0,0.0,0.0,0.02771541452052481,0.0,0.0,0.0,0.0,0.0,0.0,0.0,0.03528851453678955,0.0,0.0,0.0,0.0,0.0,0.0,0.017745593262559804,0.024968263564264466,0.018430693475261425,0.0,0.019886159148774247,0.043388335022021315,0.020774295392273052,0.03390876756149013,0.024263458217470762,0.0,0.0,0.026747872498742508,0.0,0.0,0.0,0.019188092174288744,0.016840231143656292,0.0,0.03657380282160376,0.0,0.0,0.0,0.0,0.0,0.0,0.0,-0.015653300026894506,-0.03208392733696626,-0.03945709656831226,0.0,0.0,0.0,0.0,0.0,0.0,0.0,0.0,0.0,0.0,0.0,-0.03908783870719342,0.0,0.0,-0.031025615205387075,0.0,0.0,0.0,0.0,0.015765820151431464,0.0,0.0,0.0,0.0,0.0,0.0,0.0,0.019299324814910573,0.0,0.1637976958238028,0.0,0.019040124464917374,0.0,0.0,0.0,0.032167269955821816,0.0,0.01984682713646502,-0.0179457655222812,0.0
2013-11-30,0.0,0.02171734438614193,0.04087113173966703,0.10544030542191435,0.0,0.0,0.0,0.043819084720074564,0.0,0.0,0.0,0.0,0.0,0.0,0.021818447293132502,0.0,0.0,0.0,0.0,0.0,0.0,0.0,0.09939525681700292,0.0,0.0,0.0,0.016712542425185953,0.0,0.0,0.025920764767638563,0.052927521204032726,0.0,0.0,0.0,0.016152124252189048,0.016350414007022234,0.023579214951922473,0.017574658579521462,0.0,0.019281399429796914,0.028469750134810613,0.0,0.04027908661047776,0.0,0.021112398185355985,0.0,0.0,0.016193002080374285,0.0,0.0,0.0,0.0,0.0,0.0,0.0,0.0,0.0,-0.028932019955971177,0.0,0.0,0.0,0.0,0.0,0.0,0.0,0.0,0.0,0.017940453534895064,0.0,0.0,0.0,0.0,0.0,0.0,0.0,0.0,0.015907393102881036,0.021831354573033545,0.0,0.01991540317801381,0.0,0.0,0.0,0.0,0.0,0.02942356873742101,0.0,0.10637649385502093,0.03258110405610375,0.020040882797249457,0.0,0.0,0.0,0.02052440787612532,0.02681783963158427,0.03209463169543945,0.0,0.0
2013-12-31,0.0,0.01919330548128525,0.01890514817710641,0.01887591593296516,0.0,0.0,0.0,0.09010399314985747,0.0,0.0,0.0,0.0,0.0,0.03240976550270149,0.0,0.0,0.0,0.0,0.0,0.0,0.09094654868953685,0.0,0.019274871248072454,0.0,0.030717487871560145,0.0,0.03890960294803909,0.0,0.0,0.02639311897375791,0.039589285969683995,0.021792529136590237,0.0,0.023224936390155444,0.016943496767567994,0.0,0.04061735938708846,0.0,0.0,0.0,0.027161684239744677,0.0,0.019795476675853733,0.0,0.022811713059744984,0.0,0.0,0.0,0.0,-0.020891620824161555,0.0,0.0,-0.029938260639655424,0.0,0.0,0.0,0.0,0.0,0.0,0.0,0.0,0.0,-0.017964202664463247,0.0,0.0,0.0,0.0,0.0,0.0,0.0,0.0,0.0,0.0,0.0,0.0,0.0,0.0,0.02440796030816101,0.0,0.0,0.0,0.0,0.0,0.027702362340053795,0.028332617483506985,0.022724200422916657,0.0,0.12327755621364052,0.030903764925620476,0.0,0.0,0.0,0.0,0.018124220352075615,0.030523379373032625,0.027543614851400455,0.0,0.0
2014-01-31,0.0,0.0,0.0,0.015276553358425343,0.0,0.0,0.0,0.0,0.0,0.0,0.0,0.0,0.0,0.026036109775328598,0.0,0.0,0.0,0.0,0.0,0.0,0.0,0.0,0.018063417277856014,0.0,0.0,0.018105839772245953,0.027249933326251554,0.0,0.0,0.03565234141387811,0.040643636626250985,0.014265828849728221,0.0,0.029487402364343777,0.02699778374748221,0.049549208697176564,0.10864150887223106,0.025077445005903736,0.0,0.0,0.0,0.0,0.0,0.0,0.01841755796997032,0.0,0.0,0.0,0.0,-0.021550401152584036,0.0,0.0,0.0,0.0,0.0,-0.015211521452094121,0.0,0.0,0.0,0.0,0.0,0.0,0.0,0.0,0.0,0.0,0.0,0.0,0.0,0.0,0.0323874699174789,0.0,0.0,0.0,0.015807917303264814,0.0,0.01541414477765509,0.022091767785434736,0.04461702926578107,0.05950110213559342,0.0,0.0,0.0,0.03003665072309104,0.03530909567080638,0.0,0.0,0.10717282009953363,0.01598669827781661,0.03057426054395395,0.0,0.0,0.0,0.013980697773692654,0.06575490460596785,0.021138951458179185,0.0,0.0
2014-02-28,0.0,0.0,0.0,0.023068866676377003,0.0,0.0,0.0,0.024989788109586283,0.0,0.0,0.0,0.0,0.0,0.0,0.0,0.0,0.0,-0.0184170124813062,0.0,-0.018518739773090914,0.0,0.0,0.0,0.0,0.0,0.0,0.03228421892812572,0.0,0.0,0.08113873626483685,0.04421785382696551,0.02237385104633742,0.0,0.04752336345056354,0.030316708036397355,0.0,0.01817765579932954,0.0,0.0,0.0,0.06567546934299642,0.017419798513656964,0.0,0.0,0.04212268266133486,0.02236616428638911,0.0,0.03027401750512878,0.0,-0.07425292886546599,0.0,0.0,0.0,0.0,0.0,-0.01428309272598909,0.0,0.0,0.0,0.0,0.0,-0.01669124081835291,-0.017756026422536684,-0.027230635308657894,0.0,0.0,0.0,0.0,0.0,0.0,0.0,0.0,0.0,0.022023498166029713,0.027735516455504344,0.0,0.0,0.0,0.01371948652371979,0.0,0.0,0.0,0.0,0.0,0.014145888117830333,0.015874307814171488,0.0,0.04464591994632043,0.014901070682422852,0.0,0.0,0.0,0.0,0.0,0.13989457254129117,0.017960888909284805,0.0,0.0
2014-03-31,0.0,0.0,0.0,0.023473225615206553,0.0,0.0,0.0,0.0,0.0,0.0,0.01931079771300887,0.0,0.0,0.0,0.0,0.0,0.0,0.0,0.0,-0.019465687807507338,0.0,0.0,0.0,0.0,0.0,0.0,0.023287608265417335,0.0,0.0,0.115043596709648,0.08338842760344298,0.0404434886484895,0.0,0.019670185705402583,0.025369709611444174,0.019235129954466034,0.02360350088950113,0.0,0.0495341734752861,0.0189409316397419,0.01787372501068728,0.0,0.0,0.0,0.07774504228024026,0.0408905527593294,0.0,0.02581870586747666,0.0,-0.019837729857239667,0.0,0.0,0.0,0.0,0.0,0.0,0.0,0.0,0.0,0.0,0.0,-0.0317831551367479,-0.020623835310229294,-0.023254408939323176,-0.03705171129262984,0.0,0.0,0.0,0.0,0.0,0.0,0.0,0.0,0.023174461909958255,0.024589280027623114,0.0,0.0,0.0,0.01822155572761295,0.0,0.0,0.0,0.0,0.017376592161077013,0.0,0.03562650341497677,0.0,0.03458223455048051,0.0,0.0,0.0,0.0,0.0,0.0,0.038283394598007045,0.032500647517798485,0.0,0.0
2014-04-30,0.0,0.0,0.0,0.017221729550502014,0.0,0.04541985174550324,0.0,0.0,0.0,0.0,0.028010797840012567,0.0,0.0,0.0,0.0,0.0,0.0,0.0,0.0,0.0,0.0,0.0,0.0,0.0,0.016488578652940504,0.0,0.01667323985225501,0.0,0.0,0.08331885052083868,0.10082912699063205,0.0628577605197806,0.06075669595207996,0.013349748917042086,0.026451519039088607,0.028437593847976103,0.02921774608488228,0.0,0.03847224723874123,0.017663883920016332,0.01742899764442737,0.02279973932682059,0.0,0.0,0.06482768412356454,0.03347956691375136,0.0,0.02071972192364271,0.0,-0.016057294541830473,0.0,0.0,0.0,0.0,0.0,0.0,0.0,0.0,-0.03186350839636682,0.0,0.0,0.0,0.0,0.0,0.0,0.0,0.0,0.0,0.0,-0.019855957954485127,0.0,0.0,0.0,0.027392783470713167,0.02987354217402995,0.0,0.0,0.0,0.013129394559013845,0.0,0.0,0.0,0.0,0.0,0.0,0.04559979670432834,0.0,0.02242857982269435,0.0,0.0,0.0,0.0,0.0,0.0,0.014845983895331353,0.03452807787670896,0.0,0.0
2014-05-31,0.0,0.029239385023547938,0.044090490895980335,0.0,0.0,0.043339307069746286,0.0230960673472017,0.0,0.0,0.0,0.027666227457596785,0.0,0.0,0.02034028246975143,0.0,0.0,0.0,0.0,0.0,0.0,0.0,0.0,0.0,0.022858819341289367,0.02335881415159501,0.0,0.022449326632055636,0.0,0.0,0.060256069802804554,0.04466262022907866,0.028265673735152055,0.0280763357121845,0.0,0.0,0.0,0.032805904464256554,0.0,0.0,0.05182015953579006,0.02126278854772901,0.021712134067773798,0.026975064267316766,0.0,0.028249077123337126,0.024193139777454954,0.0,0.12408293835987017,0.0,-0.020740849415837745,0.0,0.0,0.0,0.0,0.0,0.0,0.0,0.0,0.0,0.0,0.0,0.0,0.0,0.0,0.0,0.0,0.0,0.0,0.0,0.0,0.0,0.0,0.0,0.02529450865558365,0.02217638660171085,0.0,0.037007526910416644,0.04111543450003553,0.024417566799628147,0.0,0.0,0.0,0.0,0.0,0.0,0.03378188675872203,0.0,0.024039001256098494,0.022626213090454383,0.0,0.0,0.0,0.0,0.0,0.0,0.0,0.0,0.0
2014-06-30,0.0,0.0,0.028956042592110973,0.019531883488538584,0.01446930250387147,0.2,0.06613536379036304,0.0,0.013703728213954528,0.0,0.0,0.0,0.0,0.0,0.0,0.0,0.0,0.0,0.0,0.0,0.0,0.0,0.0,0.015483942278621194,0.0,0.0,0.020814709202548767,0.0,0.0,0.0284802600004727,0.025721053242023024,0.02769014095901756,0.01812367434003442,0.05820455810518186,0.013597566535915609,0.0,0.021538965876765577,0.0,0.0,0.0438132731184204,0.037447800855638806,0.023048156167005847,0.0,0.0,0.023838097811652845,0.019870190239896546,0.0,0.015035354706098597,0.03526089881024667,0.0,0.0,0.0,0.0,0.0,0.0,0.0,0.0,0.0,0.0,0.0,0.0,0.0,0.0,0.0,0.0,0.0,0.0,0.0,0.0,0.0,0.0,0.0,-0.03706310784356583,0.01439173741737415,0.0,0.0,0.0,0.0,0.015946068681900648,0.0,0.0,0.0,0.0,0.028427073483057553,0.025116373771168533,0.03498103817387956,0.0,0.024867921169894402,0.0,0.048441716620780374,0.0,0.0,0.0,0.0,0.0,0.0,0.0,0.0
2014-07-31,0.0,0.0,0.0578560529262307,0.02383845604353078,0.015856483147792182,0.06351675102763865,0.03754653257385456,0.0,0.0200325695096034,0.0,0.02233639289430968,0.024111655631738456,0.0,0.0,0.0,0.0,0.0,0.0,0.0,-0.07313375940579867,0.0,0.016985342443251113,0.0,0.0,0.0,0.0,0.036824618864828976,0.0,0.0,0.03506649368106419,0.02665003167654499,0.032111699398559714,0.04141783533264962,0.0,0.0,0.0,0.0,0.0,0.0,0.0,0.029668850629746845,0.030813199402657747,0.0,0.0,0.05160991940906699,0.049955448417106564,0.0,0.01989624343084159,0.022200559666202102,0.0,0.0,0.0,0.0,0.0,0.0,0.0,0.0,0.0,0.0,0.0,0.0,0.0,0.0,0.0,0.0,0.0,0.0,0.0,0.0,0.0,0.0,0.0,0.0,0.02574678421081324,0.01515172284015513,-0.017687811189376464,0.0,0.0,0.021136876450659387,0.0,0.0,0.0,0.0,0.04162786384271204,0.01694652402979008,0.03924040109921834,0.0,0.018183203733860533,0.0,0.0,-0.07284991709039718,0.0,0.0,0.0,0.0,0.0,0.0,0.0
2014-08-31,0.03462323591265166,0.0,0.018850783504031934,0.019460538167811525,0.0,0.0486730891057942,0.0,0.0,0.03009382439744042,0.0,0.03464785241605465,0.0,0.0,0.0,0.0,0.0,0.0,0.0,0.18139197123934248,-0.02901291251419242,0.027523501496896956,0.0,0.0,0.0,0.0,0.0,0.032319927854947056,0.0,0.0,0.047905676141882465,0.022665621720000483,0.021317486143378337,0.014974845621825368,0.0,0.0,0.0,0.01874821875103018,0.0,0.026825127710350248,0.0,0.02463502612672674,0.019740109587811368,0.0,0.0,0.020796203307140958,0.030245496810561618,0.0,0.01899573392350634,0.015183291812432139,0.0,0.0,0.0,0.0,0.0,0.0,0.0,0.0,0.0,0.0,0.0,0.0,0.0,0.0,0.0,0.0,0.0,0.0,0.01656638382553245,0.0,0.0,0.0,0.0,0.0,0.04521107520188221,0.028566830730432487,0.0,0.01654231694814672,0.0,0.0,0.0,0.0,0.0,0.0,0.0,0.0430783024531147,0.05450715348070544,0.0,0.03475266730563265,0.0,0.0,0.0,0.0,0.022144795788743933,0.0,0.0,0.0,0.0,0.0
2014-09-30,0.02711448877919134,0.0,0.02113909484561127,0.023360600583429182,0.0,0.047741312264689556,0.0,0.0,0.020673298276714262,0.0,0.043783398124731226,0.0,0.0,0.0,0.0,0.0,0.0,0.0,0.03999913752679287,0.0,0.03130920667251442,0.0,0.0,0.0,0.0,0.0,0.029216684910838852,0.023427254674337848,0.01859746081269569,0.06817343519620142,0.026453499696880826,0.0,0.0,0.0,0.0,0.0,0.0,0.0,0.03534687649904262,0.0,0.026224612477951804,0.021193283574367137,0.0,0.0,0.030315042577494986,0.03237157167523573,0.0,0.028357885243165615,0.01893389811692804,0.0,0.0,0.0,0.0,0.0,0.0,-0.019362107556976815,0.0,-0.022325776082375494,0.0,0.0,0.0,0.0,0.0,0.0,0.0,0.0,0.0,0.0,0.0,0.0,0.0,0.0,0.0,0.0557621033801707,0.06466418771823,0.0,0.0,0.02015820620176259,0.0,0.0,0.0,0.0,0.0,0.0,0.043364286202639546,0.06344003601969317,0.0,0.03944623785345664,0.0,0.0,0.0,0.0,0.03612842063369674,0.0,0.021616595822183757,0.0,0.0,0.0
2014-10-31,0.0,0.0,0.03546123388800973,0.02759238892091411,0.0,0.043976118462834106,0.0,0.0,0.0,0.0,0.07848382996390413,0.0,0.0,0.01582946196059674,0.0,0.0,0.0,0.0,0.041174389734220634,0.0,0.014120715145305827,0.0,0.0,0.0,0.021542711465486596,0.0,0.013605259572391507,0.0,0.0,0.04915504989744771,0.02926382347884917,0.013378897892982484,0.014218139860008926,0.0,0.0,0.0,0.0,0.0,0.02407644843192845,0.016727687312299497,0.08400643014542285,0.024199000627358223,0.0,0.0,0.03856208200316588,0.041188400217250606,0.0,0.04963680745286847,0.015284066271906047,0.0,0.0,0.0,0.0,0.0,0.0,0.0,0.0,0.0,0.0,0.0,0.0,0.0,0.0,0.0,0.0,0.0,0.04313851468904349,0.0,0.0,0.0,0.0,0.0,0.0,0.03087540137890361,0.033682786482932665,0.0,0.016662090457865566,0.0,0.0,0.0,0.0,0.0,0.0,0.0,0.057176748586348226,0.04033247737075743,0.0,0.024837562934761092,0.0,0.0,0.0,0.0,0.045110768901073,0.0,0.016700706493163183,0.0,0.0,0.0
2014-11-30,0.0,0.0,0.03545634379030285,0.02975307640381652,0.0,0.03423275501886727,0.0,0.0,0.0,0.0,0.11231103597241192,0.0,0.0,0.0,0.0,0.0,0.0,0.0,0.04562794132962039,0.0,0.0,0.0,0.02021847705990257,0.0,0.039126388631566394,0.0,0.018301144162313075,0.0,0.0,0.04892274505358166,0.04460405500665746,0.0,0.03187090131636413,0.0,0.0,0.0,0.0,0.0,0.015365469765131912,0.027763014584303483,0.01605734937418567,0.0,0.0,0.0,0.026539357482028122,0.0,0.0,0.0,0.0,0.0,0.0,0.0,0.0,0.0,0.0,0.0,0.0,0.0,0.0,-0.0177582610163587,0.0,0.0,0.0,0.0,0.0,0.0,0.05365800298043567,0.0,0.0,-0.01776974064130163,0.019160154065633893,0.0,-0.017773251125805262,0.08592857718428486,0.04191261010390976,0.0,0.018274058606505304,0.029497605494866408,0.0,0.0,0.0,0.015048021733067315,0.0,0.016142379929579523,0.059452070108502064,0.029807577961162696,0.0,0.0,0.0,0.0,-0.015740018348808386,0.0,0.015927615748725178,0.0,0.0,0.0,0.0,0.0
2014-12-31,0.0,0.0,0.01574817581610561,0.019096603578229895,0.0,0.028587995178653097,0.0,0.0,0.0,0.0,0.0,0.0,0.0,0.01188508615821911,0.0,0.0,0.0,0.0,0.02502457093136449,-0.012110852614253143,0.08475293505914967,0.0,0.011795471645052503,0.0,0.032855676489822475,0.0,0.08380976743149053,0.03035819192336174,0.01820365269270109,0.04421664440208584,0.05493351590326227,0.0,0.01805370511726199,0.0,0.0,0.0,0.030868176474426547,0.0,0.013943531519341454,0.0,0.0,0.0,0.0,0.0,0.0,0.0,0.0,0.0,0.0,0.0,0.0,0.0,0.0,0.0,0.0,0.0,0.0,0.0,0.0,-0.018147725345765114,0.0,0.0,0.0,0.0,-0.01632964313690094,0.0,0.0848924468308779,0.0,0.0,0.0,0.0,0.0,0.0,0.058653466028103764,0.04069224778096738,0.0,0.07399778840315173,0.046586840124556904,0.0,0.0,0.0,0.013027836990378867,0.0,0.012037151705421753,0.027202285952753816,0.042542502996287264,0.0,0.0,0.015045043125823429,0.0,0.0,0.0,0.014600468644229503,0.0,0.0,0.0,0.0,0.0
2015-01-31,0.0,0.0,0.0,0.0,0.0,0.0,0.0,0.0,0.0,0.0,0.0,0.0,-0.026147171294995775,0.0,0.0,-0.028590659887270786,0.0,-0.028431176055884327,0.019393343913156894,-0.031072108351853873,0.0,0.0,0.04771199965450961,0.0,0.01810127688317981,0.019758344481913746,0.05691394943831393,0.0,0.0,0.043122278283494735,0.06657906923557279,0.0,0.04254931849965106,0.0,0.022501779672474204,0.01776352127712781,0.02554553313982071,0.0,0.01904009143107828,0.0,0.0,0.0,0.0,0.0,0.0,0.0,0.0,0.0,0.0,0.0,0.0,0.0,0.0,0.0,0.0,0.0,0.0,0.0,0.0,-0.02251279460779587,0.0,0.0,0.0,0.0,0.0,0.0,0.03820277737296247,0.0,0.0,0.0,0.025212362163677723,0.0,-0.05797914447458419,0.03990751995229023,0.042256722152930186,0.0,0.0,0.0,-0.015671999160889676,0.0,0.0,0.0,0.0,0.0,0.03527601693822916,0.042718820740868066,0.0,0.0,0.06294331965512423,0.0,0.020879047406569297,0.0,0.02150747143332982,0.0329978000415601,0.028712582398890442,0.0,0.0,0.0
2015-02-28,0.0,0.0,0.0,0.0,0.0,0.0,0.0,0.0,0.0,0.0,0.0,0.0,-0.030493349517194183,0.0,0.0,-0.028435026940575224,0.0,-0.029788752868375026,0.011974392614106395,-0.015129341129937373,0.0,0.0,0.0,0.0,0.014349153915545986,0.0,0.0,0.0,0.0,0.03903414344581034,0.062169425007065425,0.02098258649176049,0.05383637319265009,0.0,0.027643974727454394,0.04828655445838102,0.025260646988281406,-0.011112616179034456,0.06713351417738014,0.0,0.0,0.013803976652754641,0.0,0.0,0.0,0.0,0.0,0.0,0.0,0.0,0.0,0.0,0.0,0.0,0.0,0.0,0.0,0.0,0.0,0.0,0.0,0.0,0.0,-0.018567966213268734,0.0,0.0,0.0169939710307595,0.0,0.0,-0.02891355973745334,0.0,0.0,-0.04675870423185592,0.042019591801296684,0.13004036990392503,-0.02790967763018518,0.0,0.0,0.0,0.0,0.0,-0.020019528736725033,0.0,0.0,0.033878888750228854,0.026295921315946835,0.0,0.0,0.0,0.0,0.015263444577619717,0.0,0.028384432248192638,0.03962974877468271,0.02589036674155337,0.0,0.0,0.0
2015-03-31,0.0,0.0,0.0,0.0,0.0,0.025925196915482507,0.0,0.0,-0.013888026638081783,0.0,0.011047259656057466,-0.013587855467415118,0.0,0.0,0.0,-0.05785363458593868,0.0,0.0,0.0,-0.016491382581311363,0.0,0.0,0.0,0.0,0.0,0.02744891584466009,0.0,0.0,0.0,0.05813240699318085,0.04357880939640069,0.17135694112940864,0.08735419653929428,0.0,0.02674214980438378,0.022963952675998586,0.012302968649336355,0.0,0.07841447702290662,0.0,0.0,0.015188041353762798,0.0,0.0,0.0,0.0,0.0,0.0,0.0,0.0,0.0,0.0,0.0,0.0,0.01340322214784997,0.0,0.0,0.0,0.0,0.0,0.0,0.0,0.0,0.0,-0.008730680103178423,0.0,0.0110998290968682,0.0,0.0,0.0,0.0,0.0,-0.01190172675777398,0.053523503443078324,0.05333358177836045,-0.011338457872621189,0.0,0.0,0.0,0.0,0.0,0.0,0.0,0.0,0.03432090240967726,0.01106378322970113,0.0,0.010330391212284332,0.0,0.0,0.014364980567894795,0.0,0.01956025470242959,0.048445714333852814,0.016306757090810024,0.0,0.0,0.0
2015-04-30,0.0,0.0,0.0,0.0,-0.030480476608921753,0.033043021223812565,0.0,0.0,-0.018783268312273428,0.0,0.023808492334148095,-0.023404117837433187,0.0,0.0,-0.01892144125229491,-0.039503618447465805,0.0,-0.018655063884398797,0.0,-0.046727351253896134,0.0,0.0,0.0,0.0,0.02987190104220295,0.04857886846457034,0.0,0.0,0.0,0.04540323607490508,0.08658688348831785,0.030741404254907033,0.04303485117745989,0.0,0.03328434013351965,0.02342516921488732,0.0,0.0,0.13709459412174468,0.0,-0.021391566267203774,0.0,0.0,0.0,0.0,-0.021686741194191464,0.0,0.0,0.0,0.0,0.0,0.0,0.0,0.0,0.0,0.0,0.0,0.0,0.0,0.0,0.0,0.0,0.0,0.0,0.0,0.0,0.0,0.0,0.0,0.0,0.0,0.0,-0.01760505645556257,0.02894377297792801,0.022287589604421672,-0.018478152009445293,0.0,0.0,0.0,0.0,0.0,0.0,0.0,0.0,0.03660153637821646,0.019026951965695447,0.0,0.018757536636333047,0.0,0.0,0.0,0.0,0.015189910965089847,0.019365224816689484,0.029317861602063386,0.0,0.0,0.0
2015-05-31,0.0,0.0,0.0,0.021644840916855052,0.0,0.1020515938700729,0.0,0.0,0.0,0.0,0.0,-0.017567937313803062,0.0,0.0,0.0,0.0,0.0,0.0,0.0,-0.020524643226847595,0.0,0.0,0.0,0.0,0.04032669594392332,0.06684591509099744,0.0,0.0,0.021730099277700723,0.04101941335689505,0.0735655671869795,0.014311464206068726,0.04836869627270173,0.0,0.0,0.0,0.0,0.0,0.11318308755761398,0.0,0.0,0.026264373095792902,0.0,0.0,0.0,0.0,0.0,0.0,0.0,0.0,0.0,0.0,0.0,0.01461675553549241,0.02411702001766641,0.0,0.0,0.0,0.0,-0.01587151705067359,0.0,0.0,0.0,-0.013858358288509077,-0.031214952195987224,0.0,0.030005094470822457,0.0,0.017581341826242013,0.0,0.0,0.0,0.0,0.01986496377453609,0.01671062408171278,0.0,0.0,0.04779832589599489,-0.025737179010608964,0.0,0.0,0.0,0.0,0.0,0.022277761958440886,0.026466988238298968,0.0,0.019904277738829197,0.0,0.0,0.0,0.0,0.02923926218253638,0.015122350391372191,0.022208900026024613,0.0,0.0,0.0
2015-06-30,-0.01377979832196598,0.0,0.0,0.0,0.0,0.023942895696319143,0.0,0.0,0.0,0.0,0.012434459408038067,-0.014792589618890736,0.0,0.0,0.0,-0.013038377549115106,0.0,0.0,0.0,-0.016147010965172317,0.0,0.0,0.0,0.0,0.06613350219873276,0.025347663366200174,0.0,0.0,0.0,0.172814646130097,0.09527921528717143,0.0,0.03154217776750735,0.0,0.0,0.012862855297344263,0.07059715969655679,0.0,0.03083007768056452,0.0,0.0,0.0,0.0,0.0,0.0,0.0,0.0,0.0,0.0,0.0,0.0,0.0,0.0,0.015854788964497674,0.02159380155365312,-0.012262884609871105,0.0,0.0,0.0,-0.01364471183198357,0.0,0.0,0.0,-0.012348981988834837,-0.02547704634605566,0.015574390932871123,0.01242587699905879,0.0,0.0,-0.011873796168901184,0.0,0.0,0.0,0.0,0.0,0.0,0.0,0.0,0.0,-0.012402638667423258,0.0,0.0,0.0,0.0,0.03631782308046381,0.021776876116468977,0.0,0.0,0.0,-0.014061712596165898,0.0,0.0,0.017595822763894056,0.0,0.09474090442953118,0.06250551396665012,0.0,0.0
2015-07-31,0.0,0.0,0.0,0.0,0.0,0.03341528140365339,0.0,0.0,0.0,0.0,0.0,-0.017354966156810456,0.0,0.0,0.0,0.0,0.0,0.0,0.0,-0.02064465539394666,0.0,0.0,0.0,0.0,0.03482095311378813,0.018780881025124027,-0.02258767473585023,0.0,0.0,0.06776297597028827,0.04930638945396811,0.0,0.05112546338563621,0.0,0.0,0.026971488362888554,0.10821756333299558,0.0,0.03428376423525345,0.0,0.0,0.0,0.0,0.0,0.0,0.0,0.0,0.0,0.0,0.0,0.0,0.0,0.0,0.0,0.018146097880487322,-0.040696690415790826,0.0,0.0,0.0,0.0,0.0,-0.016485558789311346,0.0,-0.06298401185804625,-0.04672079531443935,0.0,0.0,0.0,0.0,-0.01667627755132442,0.0,0.0,0.0,0.0,0.0,-0.01786416402918748,0.0,0.020546548800252022,0.0,-0.01746602338669333,0.0,-0.017820202447916007,0.0,0.0,0.03862742819838193,0.02558957956210872,0.0,0.017814198001519295,0.026832901287985593,-0.022040179058759123,0.0,0.0,0.04396791810799288,0.0,0.03129564144017345,0.033153727299427636,0.0,0.0
2015-08-31,-0.021577743353988096,-0.042348646818881036,0.0,0.0,0.0,0.0,0.0,0.0,0.0,0.0,0.0,0.0,0.0,-0.03522915761456739,0.0,-0.018257478251826702,0.0,0.0,0.0,-0.01870414891667405,0.0,-0.020507288643247898,0.0,-0.018419050838154406,0.0,0.015039287369097466,0.0,0.0,0.0,0.020608755096833204,0.017673216009285286,0.0,0.0,-0.016513384049914103,0.2,0.035483512048214594,0.014943773646984094,0.0,0.0,-0.06714104206298697,-0.02835426302720065,-0.01629008696689216,0.0,0.0,0.0,-0.03372716311884071,0.0,-0.022180028542024263,0.0,0.0,0.0,0.0,0.0,0.0,0.0,0.0,0.0,-0.019108436152145452,0.0,0.0,0.0,0.0,0.0,0.0,0.0,0.0,0.0,0.0,0.0,-0.024972830263789454,-0.031179134920038088,-0.05626259734680397,-0.025049587240579946,0.0,-0.015590812828570303,0.0,0.0,0.030996464268176274,0.0,-0.06466025200968238,0.0,-0.01602769967710736,0.0,0.0,0.0,0.0,0.0,0.0,0.0,-0.036849867708404684,0.0,0.0,0.0,0.0,0.0,0.0,-0.016304291209088974,0.0
2015-09-30,-0.031551019822567604,-0.05901171644636593,0.0,0.0,0.0,0.0,-0.016883949589758057,0.0,0.0,0.0,0.0,0.0,0.0,-0.04525417149437499,0.0,-0.021717232986568438,-0.025504274463690503,0.0,0.0,-0.021191998192139752,0.0,-0.021552479947766802,-0.01587392699376278,-0.04703039685418211,0.0,0.014198975787740759,-0.047253326204039096,0.0,0.0,0.0,0.16353534695739774,0.0,0.0,0.0,0.0,0.0,0.0,0.0,0.0,-0.03565621061873526,-0.05203173701819649,-0.02106815289347978,0.0,0.0,0.0,-0.01760041272530393,0.0,-0.023897045161437598,0.0,0.0,-0.02247292605202352,0.0,0.0,0.0,0.0,0.0,0.0,-0.014945709132359646,0.0,0.0,0.0,0.0,0.0,0.0,0.0,0.0,-0.02009723345101535,0.0,0.0,0.0,-0.027997840476269156,-0.03420053660592463,-0.04854099450074553,0.0,0.0,0.0,0.0,0.03166896416347225,0.0,-0.017235030742294214,0.0,-0.037371100440034576,0.0,-0.013482351864656043,0.0,0.0,0.0,0.0,0.0,-0.030674526885714506,0.0,0.0,0.0,0.0,0.0,0.0,-0.020500411527982876,0.0
2015-10-31,-0.031956799877914006,-0.028138918257746153,0.0,0.0,0.0,0.0,-0.05129336767192489,-0.02261824738254471,0.0,0.0,0.0,0.0,0.0,-0.052925380979918696,-0.019902079571358536,-0.015976165728134394,-0.02702968150299621,-0.026430832358978164,0.0,-0.034735064802223097,-0.015522840475415026,-0.11860416952909032,-0.026506277296592804,-0.14390182179494346,0.0,0.0,-0.02901605486145945,-0.021504845020248232,-0.01862183292611787,0.0,0.0,0.0,0.0,0.0,0.0,0.0,0.0,0.0,0.0,-0.021523442680888547,-0.029877158089569294,-0.03346059759093105,-0.01620253716526806,0.0,0.0,-0.016922264007536277,0.0,-0.01610438162723585,0.0,0.0,0.0,0.0,0.0,0.0,0.0,0.0,0.0,0.0,0.0,0.0,0.0,0.0,0.0,0.0,0.0,-0.01649339139307888,-0.017641444772337048,0.0,0.0,0.0,-0.02965238274964649,-0.03427122388392514,-0.036919231443146336,0.0,0.0,0.0,0.0,0.0,0.0,0.0,0.0,0.0,0.0,-0.02244776547934306,0.0,0.0,0.0,0.0,0.0,-0.02379979907948784,0.0,0.0,0.0,0.0,0.0,0.0,0.0,0.0
2015-11-30,0.0,0.0,-0.020152093407021614,0.0,0.0,0.0,0.0,-0.05303458983644181,0.0,0.0,0.0,0.0,-0.02577016046353474,0.0,0.0,-0.07162744953550507,-0.02495482713087166,-0.020729123929633296,0.0,-0.033681300079200165,0.0,0.0,-0.022096908394628884,-0.026873078661001613,0.0,0.0,-0.029086431153524394,0.0,0.0,0.0,0.0,0.0,0.0,0.0,0.0,0.0,0.0,0.0,0.0,0.0,-0.02483499958634027,-0.03584177498650232,-0.048213491800188274,-0.023787680322470504,0.0,-0.020573841995568835,0.0,0.0,-0.030411558362091095,0.0,0.0,0.0,-0.0198901729488805,0.0,-0.0423037234494097,-0.025277897046370654,0.0,0.0,0.0,0.0,0.0,0.0,-0.03133581336380674,-0.0558549062588388,-0.036802713200029875,0.0,0.0,-0.021814436221039395,0.0,0.0,0.0,-0.03648784245272871,-0.03710640653726856,-0.04188709834872256,-0.03809579014593152,0.0,0.0,0.0,0.0,0.0,-0.025470578118792997,0.0,0.0,0.0,0.0,0.0,0.0,0.0,0.0,0.0,0.0,0.0,0.0,0.0,0.05577272094160464,0.020230591322050785,0.0,0.0
2015-12-31,0.0,0.0,-0.021916401906344894,0.0,0.0,0.0,0.0,-0.037863804041314925,0.0,0.0,0.0,0.0,0.0,0.0,0.0,-0.0685994727026211,-0.02621077930638918,0.0,0.0,-0.029492829633177276,0.0,0.0,-0.028187761655557714,-0.026682176111932323,0.0,0.0,-0.02541128441317563,0.0,0.0,0.0,0.0,0.0,0.0,0.0,0.053390886308277194,0.034053151537050824,0.0,0.02884712699783706,0.0,0.0,-0.023340972117563096,-0.02668872201136569,-0.05027000642582688,-0.023469378002812565,0.0,0.0,0.0,0.0,-0.027557145440300516,0.0,0.02243413640893746,0.0,-0.02888661840461936,0.0,0.0,-0.023443949870087882,-0.022077103872280488,0.0,0.0,-0.028334474330338002,0.0,0.0,-0.03739476242613438,-0.05834821880552493,-0.06406666898133649,0.0,0.0,0.0,0.0,0.0,0.0,-0.025325164890727597,-0.026153973210330504,-0.02896293096274946,-0.030756253942795145,0.0,0.0,0.0,0.0,0.0,-0.024885969695299097,0.0,0.0,0.0,0.0,0.0,0.0,0.0,0.0,0.0,0.0,0.0,0.0,0.0,0.04694787558729244,0.0,0.0,0.0
2016-01-31,0.0,0.0,0.0,0.0,0.0,0.0,0.0,-0.031383815454087936,0.0,0.0,0.0,0.0,0.0,0.0,0.0,-0.0324391159021588,-0.039459180917358616,-0.02785647170821128,0.0,-0.025722114273957642,-0.017045422716445758,0.0,0.0,-0.01950330087763811,0.0,0.0,-0.019639272383298028,-0.02039231382570058,0.0,0.0,0.0,0.0,0.0,0.0,0.029113999585719842,0.0,0.0,0.0,0.0,0.0,-0.017584513746184378,0.0,-0.04726060934250533,-0.01847576740767143,0.0,-0.022547572982489876,0.0,0.0,-0.025912909305031873,0.0,0.027652042846538345,0.0,-0.021785626701018575,0.0,0.0,-0.01852600545980673,0.0,0.0,0.0,0.0,0.0,0.0,-0.028794709027237644,-0.2,-0.10660273067702063,0.0,0.0,0.0,0.0,0.0,-0.01795554340518479,-0.02141211542330214,-0.021937923701917227,-0.02239375720736618,0.0,-0.01748351895989456,0.0,0.0,0.0,0.0,-0.031707427645724685,-0.023896744709058188,0.0,0.0,0.0,0.0,0.0,0.0,0.0,0.0,0.0,0.0,0.0,0.0,0.025451419939312492,0.0,0.0,-0.02006405386815839
2016-02-29,-0.013928586872481068,-0.019559348069285904,0.0,0.0,0.0,0.0,0.0,0.0,-0.015158336694029495,0.0,0.0,0.0,0.0,-0.013753259861555412,-0.05725568564252637,-0.01528237113170508,-0.023835428553834272,-0.017900490198895603,0.0,-0.033991294230187104,-0.03109316515589173,0.0,0.0,-0.02791611164160486,0.0,0.0,0.0,0.0,0.0,0.0,0.0,-0.015113365222787972,0.0,0.0,0.0,0.0,0.0,0.0,0.0,0.0,0.0,0.0,-0.025523208040403825,0.0,0.0,0.0,0.0,0.0,-0.01532073817600654,0.0,0.0,0.0,-0.07433332257900678,-0.03706333643576278,0.0,-0.0369393955680579,0.0,0.0,0.0,0.0,0.0,-0.01882951674095521,-0.02862055608374664,-0.033320911682048995,-0.027190130439017975,0.0,0.0,-0.019817038843067906,0.0,0.0,-0.03215093569920498,-0.014711995682532425,0.0,0.0,-0.018689528213044683,0.0,-0.07027331738433083,0.0,-0.1277839267731487,0.0,-0.046948271646734666,-0.06215788187908889,0.0,0.0,0.0,0.0,0.0,0.0,0.0,0.0,-0.0255385448590553,0.0,0.0,0.0,0.0,0.0,0.0,0.0
2016-03-31,0.0,-0.06222147637017497,-0.08560691705481074,0.0,0.0,0.0,-0.021605041815267394,0.0,-0.04884607179575984,0.0,0.0,0.0,0.0,-0.033608752204114474,0.0,-0.02882354771239229,-0.01871068556362283,-0.019300677860339732,0.0,-0.017989666486096085,0.0,0.0,0.0,0.0,-0.03689383257736067,0.0,-0.017569593415817604,-0.06980908681729286,0.0,0.0,-0.022008718056205447,-0.039900126277394574,-0.023988853735763035,-0.04018967752341685,0.02282551971317793,0.0,0.0,0.0,0.0,0.0,-0.01785167824447908,0.0,-0.04528970773978046,-0.024498927441445027,0.0,-0.01928221711949945,0.0,0.0,-0.029856384219552213,0.0,0.0,0.0,0.0,0.0,0.0,0.0,0.0,0.0,0.0,0.0,0.0,0.0,0.0,0.0,0.0,0.0,0.0,0.0,0.0,0.0,0.0,-0.01857004910001972,0.0,0.0,0.0,0.0,-0.038182470619017916,-0.021326919475596867,0.0,0.0,0.0,-0.03304855539219359,0.0,0.0,0.0,0.0,0.0,0.0,0.04687050289216115,0.0,0.0,0.0,0.0,0.0,0.017455991101957363,0.0,-0.05792186410830596,-0.01994648756698408
2016-04-30,-0.01831510678906109,0.0,0.0,0.0,-0.08288745838794766,0.0,0.0,0.0,0.0,0.0,0.0,0.0,0.0,0.0,0.0,-0.019377503970887697,-0.023335467623719137,0.0,-0.0476703589826705,-0.020308640143688717,-0.021256564354864928,0.0,-0.03774142835490143,-0.02287324986035121,-0.021978560511871414,-0.0361778144244563,0.0,-0.06278680466141705,-0.01773181362784233,0.0,-0.018649258908862845,-0.02641917677737134,0.0,-0.08390346469991833,0.018798342792238833,0.0,0.0,0.0,0.0,-0.05733201238853275,-0.018962539463563355,-0.019542034796550242,-0.029603099809038434,-0.020126782259939927,0.0,0.0,0.0,-0.02308580879342004,0.0,0.0,0.020457420676125486,0.03202560811094719,0.0,0.0,0.0,0.0,0.0,0.0,0.0,0.0,0.0,0.0,0.0,0.0,0.0,0.0,0.020346192049212154,0.0,0.0,0.0,0.0,0.0,0.0,0.0,0.0,-0.017739628801712856,0.0,0.0,0.0,0.0,0.0,0.0,0.0,0.0,0.0,0.0,0.0,0.0,0.0,0.0,0.0,0.0,0.0,0.0,0.0357076930919025,0.0,-0.02613850204766252,-0.09872166283932166
2016-05-31,0.0,0.0,0.0,0.0,0.0,0.028630495057009195,0.0,-0.0182268232973534,0.0,0.0,0.0,0.0,0.0,0.0,0.0,0.0,-0.03359323154315188,0.0,-0.027932481877999276,-0.0316375347235934,-0.03725831548324709,0.0,0.0,0.0,0.0,-0.04429418884899141,0.0,-0.03180343856158089,0.0,0.0,0.0,0.0,0.0,-0.032240431275851,0.0,0.0,0.0,0.0,0.0,0.0,0.0,0.0,0.0,-0.022592649236593352,0.0,0.026094669194611925,0.0,0.034998293450705854,0.0,0.028923626321739664,0.031634350683579775,0.03719105753123043,0.0,0.0,0.0,0.0,0.01872395118565263,0.0,0.0,0.0,0.0,0.020364916309270283,0.0,0.028367203507576676,0.06542711221003444,0.0,0.020352400376750956,0.0,0.0,0.0,-0.018223579866630535,0.0,0.0,-0.021890368193005945,0.0,0.0,0.0,0.0,0.02302775830147357,-0.024381233576417305,0.0,0.0,0.0,0.0,0.0,0.0,0.0,0.0,0.0,-0.0778412043771383,-0.04127333916467409,0.0,0.0,0.0,0.06429562810062854,0.053353667016651625,-0.031794230621829456,-0.023631820105027273
2016-06-30,0.0,0.0,0.0,0.0,0.0,0.06843505587264556,0.0,-0.01506890736202254,0.0,0.0,0.0,0.0,0.0,0.0,0.0,0.0,-0.025955118156793515,0.0,-0.01356845586504834,0.0,0.0,0.0,0.0,0.0,-0.025758552468164008,-0.16494821626627576,0.0,0.0,0.0,-0.015605644792508607,0.0,-0.02466035691110875,-0.03179815739309309,-0.029254049921690346,0.0,0.0,0.0,0.0,-0.013944358568963299,0.0,0.0,0.0,-0.01757858240969825,-0.015318005348077956,0.0,0.0,0.0,0.01419903689884982,0.0,0.01686358117178378,0.02444502363583753,0.021162825091235852,0.0,0.0,0.0,0.0,0.0,0.02053372170376573,0.0,0.0,0.0,0.0,0.0,0.0,0.01504451432255747,0.0,0.017558758560124437,0.0,0.0,0.0,0.0,0.0,0.0,0.0,0.0,0.0,0.0,0.0,0.01840613533413064,0.0,0.0,0.0,0.0,0.0,0.0,0.020225148192290664,0.0,0.0,0.019202383592468376,-0.05120567075462363,-0.02854174790252317,0.0,-0.018777187398712966,0.0,0.10532729169591522,0.10355972610881675,-0.01813617239897272,-0.024917613901301296
2016-07-31,0.026512375978830112,0.0,0.0,0.0,0.0,0.02562542325142217,0.0,0.0,0.0,0.0,0.0,0.0,0.0,0.0,0.0,0.0,-0.04085376093343231,0.0,0.0,0.0,0.0,0.0,0.0,0.0,-0.020374288705126312,-0.1439623571244216,0.0,0.0,0.0,0.0,0.0,0.0,-0.047391111173521155,-0.019601701828598817,0.0,0.0,0.03765790028289152,0.0,-0.016737172964321333,0.0,0.0,0.0,-0.013388530833294478,0.0,0.0,0.0,0.0,0.02521206915603017,0.0,0.013422108129281263,0.020320255774734907,0.01636116616314298,0.0,0.0,0.0,0.0,0.0,0.0,0.0,0.0,0.0,0.0,0.0,0.0,0.017159656506729907,0.0,0.0,0.0,0.0,0.0,0.0,0.0,0.0,0.0,-0.013330695811116162,0.0,0.022919197640097397,0.0311149236858271,0.0852699377301696,0.0,-0.01735532865363118,0.0,0.0,0.0,0.0,0.023065596698134686,0.0,0.0,0.015331816257075281,-0.013428592881141595,-0.02855529148675844,0.0,-0.024450771626614163,-0.013332606949730272,0.09568718737944115,0.07412369000428967,-0.040243474009558335,-0.01721101038063605
2016-08-31,0.0,0.0,-0.03349793948736002,0.0,0.0,0.020133880734267105,-0.053316443147490275,0.0,0.0,0.0,0.0,-0.016074797899466767,-0.042349453943411504,0.0,0.0,0.0,-0.046477316044123904,0.0,-0.017226548565755274,0.0,0.0,0.0,0.0,0.0,-0.023711065718296627,-0.04584595327210564,0.0,0.0,0.0,0.0,-0.0270376925569179,0.0,-0.05461255753315067,0.0,0.0,0.0,0.0,0.0,-0.01892697131262841,0.0,0.0,0.0,-0.025846231588951687,-0.03147745742698756,0.0,0.0,0.0,0.0,0.0,0.017989364018035085,0.01826696205106755,0.026885633452603155,0.0,0.0,0.0,0.0,0.0,0.0,0.0,0.0,0.0,0.025666896663351944,0.01983288137492328,0.02153614444983897,0.038224211328367085,0.016122503168263972,0.0,0.0,0.0,0.0,0.0,0.0,0.0,0.0,0.0,0.0,0.0,0.032881839999220196,0.13752851342124345,0.0,0.0,0.0,0.0,0.0,0.0,0.0,0.0,0.0,0.015707779703032162,0.0,-0.02502478868001327,0.0,-0.02288999239133374,0.0,0.05927823112809146,0.0321318504283848,-0.03349809851131658,0.0
2016-09-30,0.0,0.0,-0.03669489053247091,0.0,0.02337718301771756,0.0,0.0,0.0,-0.0399736348513231,0.0,0.0,0.0,0.0,0.0,0.0,0.0,-0.06876998304876866,0.019220637994452908,-0.053260324276081766,0.0,0.0,0.0,0.021769264204740943,0.0,-0.01955995063545731,-0.06339964071533656,0.0,0.0,0.0,-0.025767820921435536,-0.05311983967579081,0.0,-0.05755170678974214,0.0,0.0,-0.01845624854351493,0.0,0.0,-0.02126197271814688,0.0,0.0,-0.01999026435143155,-0.03072699629870271,0.0,0.0,0.0,0.0,0.0,0.0,0.018231661404836653,0.07842516251472777,0.02170227392097765,0.0,0.0,0.0,0.0,0.0,0.0,0.0,0.0,0.0,0.026425880967609817,0.0,0.02071447246629814,0.0,0.0,0.0,0.0,0.0,0.0,0.0,-0.05904418943608812,0.0,0.0,0.0,0.0,0.0,0.0,0.0,0.0,0.0,0.0,0.0,0.021758766400725153,0.0,0.0,0.0,0.0,0.01794265473140844,-0.026879182345105772,-0.029018194782074864,0.0,-0.02090681394685727,0.0,0.023726561648797034,0.0,-0.026496822827721995,-0.03582700403165685
2016-10-31,0.0,0.0,-0.02113322604804007,0.0,0.0,0.0,-0.02234673876340655,-0.02013406655472113,0.0,0.0,-0.03168269961798768,0.0,0.0,0.0,0.0,-0.04157169431538311,-0.03794938536136501,0.0,-0.01954629331549722,-0.023821726057436994,0.0,0.0,0.0,0.0,-0.03701256297840358,-0.097099665613202,0.0,0.0,0.0,-0.03068291961350299,0.0,0.0,-0.08512373516727215,-0.019094859263797153,0.0,0.0,0.0,-0.020374046168424663,-0.04407405715920484,-0.028155297274766133,0.0,-0.053436276962519444,0.0,0.0,0.0,0.0,0.0,0.0,0.0,0.0,0.04226358658560574,0.02647399614762692,0.0,0.02477702995955181,0.0,0.017159297106027906,0.0,0.0,0.0,0.0,0.0,0.023366717685753303,0.0,0.0,0.0,0.017294517087431474,0.0,0.0,-0.025257548913520177,0.0,0.0,0.0,0.0,0.0,0.0,0.0,0.0,0.0,0.0,0.0,0.0,0.0,0.0,0.0,0.0,0.0,0.0,-0.027353982327431248,0.0,-0.025679000767097337,0.0,0.0,-0.03179202888660388,0.0,0.02316370069575324,0.0,-0.03977066084517054,-0.042408682757495646
2016-11-30,0.0,0.0,-0.02526437018274374,0.0,0.0,0.0,0.0,0.0,0.0,0.0,0.0,0.0,0.0,0.0,0.0,-0.03692664234692253,-0.020034597332781956,0.0,0.0,-0.03683119682821796,0.0,0.0,0.0,0.0,0.0,0.0,0.0,0.0,0.0,-0.015435686218722077,-0.013217497955646047,0.0,-0.1432470424111885,0.0,0.0,0.0,0.0,-0.022445692029134916,-0.13325786261194358,-0.027484178065273795,0.0,0.0,0.0,-0.021274587771275923,0.0,0.0,0.0,0.01583466913276132,0.0,0.0,0.058859210393997705,0.016626636061471828,0.0,0.016794253874771885,0.0,0.0,0.0,0.028305401752810523,0.0,0.0,0.0,0.03135804146098792,0.025280338907129555,0.04756006091496901,0.021084322547654848,0.03654322140979323,0.0246177348108876,0.0,0.0,0.028295662077549896,0.0,0.0,0.0,-0.018237154861235432,0.0,0.0,0.0,0.0,0.0,0.0,0.0,0.0,0.0,0.0,0.0,0.0,0.0,-0.013037735534719085,0.0,-0.013587762475314883,0.0,0.0,-0.02507655458461573,0.0,0.016719433386063805,0.0,-0.03964964602903719,-0.027112806030377426
2016-12-31,0.0,0.0185839933937304,0.0,0.0,0.0,0.0,0.0,0.0,0.0,0.0,0.0,0.0,0.0,0.019909886456518047,0.021517210651742658,0.0,-0.016486353995688815,0.0,-0.014909541509458606,-0.2,0.0,0.0,0.013092401112803718,0.0,-0.01259918166965842,0.0,0.014293488302671296,0.0,0.0,0.0,0.0,0.0,-0.05935557271967991,0.0,0.0,0.0,0.015159895398336952,0.0,-0.015598443741730568,0.0,0.0,0.0,0.0,-0.02366030529769874,0.0,0.011654880969886948,0.0,0.016475326337173912,0.0,0.012938889038587724,0.02079457875865146,0.0,0.0,0.0,0.0,0.010066920607315746,0.0,0.012570731835928113,0.0,0.0,0.0,0.03391168945366991,0.1746938596063179,0.03973601295051504,0.012460089349033367,0.03862600357295965,0.0,0.0,0.0,0.08687297229197265,0.0,0.0,0.01011650494581621,0.0,0.0,0.0,0.0,0.013765581512031675,0.0,0.0,0.0,0.0,0.0,0.0,0.0,0.0,0.0,0.0,0.0,0.0,0.0,0.0,0.0,0.0,0.01924281437318728,0.013314039722945543,0.0,-0.027592830424288946
2017-01-31,0.0,0.0355546275198873,0.0,0.0,0.0,0.0,0.0,0.0,0.0,0.0,0.0,0.0,0.0,0.01589951730175903,0.01860080257792683,0.0,0.0,0.0,-0.07046989883178166,0.0,0.0,0.0,0.0,0.0,-0.015781392819274067,0.0,0.018026770709766726,0.017602410851643446,0.0,0.0,0.0,0.0,-0.021602020714788756,0.0,0.0,0.0,0.019721692069665606,0.0,0.0,0.0,0.0,0.0,0.0,0.0,0.0,0.015920560557253518,0.0,0.016094571721958904,0.0,0.02761482185910113,0.018325083450358014,0.02131103807346552,0.0,0.01630649569980385,0.0,0.036597378818130306,0.0213281782183372,0.02326685533453912,0.0,0.021346977659002547,0.0,0.041293211908313976,0.03694219145849614,0.08344550369823966,0.02188498281686009,0.08493256557177603,0.01713279420037057,0.0,0.0,0.019130061835132765,0.0,0.0,0.0,0.0,0.0,0.015389262014843441,0.0,0.014250270218147915,0.0,0.0,0.0,0.0,0.0,0.0,0.0,0.2,0.0,0.0,0.0,0.0,0.0,0.0,0.0,0.0,0.01422806148937619,0.0,0.0,0.0
2017-02-28,0.0,0.021412937210591596,0.0,0.0,0.0,0.0,0.0,0.0,0.0,0.0,0.0,0.0,0.0,0.02054758918385098,0.0,0.0,0.0,0.05085495383832931,0.0,0.0,0.0,0.0,0.0,0.028812367976961996,0.0,0.0,0.02771827546940865,0.05226701614411183,0.019822620331815477,0.0,0.0,0.019307910499962465,0.0,0.0,0.0,0.0,0.0,0.0,0.0,0.0,0.021935691749934205,0.0,0.0,0.0,0.0,0.02659793335204344,0.0,0.031333508006643154,0.0,0.03548381689826208,0.025219847534795888,0.019361850924433422,0.0,0.016640122000243594,0.0,0.018430590955124858,0.0,0.02714853098718938,0.0,0.0176700984240837,0.0,0.030051614575890614,0.03815224472750964,0.036478540401812344,0.029097762932199574,0.04489319280079186,0.0,0.0,0.0,0.03434986202444184,0.0,0.0,0.0,0.0,0.0,0.0,0.0,0.0,0.0,0.0,0.0,0.0,0.0,0.022680768741747136,0.0,0.2,0.0,0.0,0.027587158674566587,0.0,0.0,0.0,-0.0169448448832574,0.01832277861911508,0.02087557013088195,0.0,0.0,0.0
2017-03-31,0.0,0.0,0.0,0.018742222113257375,0.0,0.014356481288862922,0.0,0.0,0.0,0.0,0.0,0.02093548372463994,0.0,0.2,0.0,0.0,0.0,0.04301312744777941,0.0,0.0,0.0,0.0,0.0,0.0,0.0,0.0,0.02951883597831341,0.0203229643741482,0.029578426252106632,0.0,0.0,0.0,0.0,0.014055942292681046,0.0,0.0,0.0,0.0,0.0,0.014302246381483585,0.015108486864507562,0.0,0.0,0.0,0.014865584649019306,0.05585112900065246,0.0,0.022267370372132188,0.0,0.023983236596708722,0.0,0.0,0.0,0.014509097897081236,0.0,0.0,0.0,0.04332645796003897,0.0,0.01929533289495292,0.0,0.0,0.0,0.0,0.0,0.020361696552431568,0.0,0.0,0.0,0.018525665112085754,0.0,0.0,0.0,0.0,0.0,0.035450147988558854,0.01637949322188063,0.02511980191829104,0.020120374403914204,0.0,0.0,0.020984240828891616,0.0,0.018202978484775874,0.017351180737168032,0.1562242423571222,0.0,0.0,0.017968306556405977,0.019279445750108377,0.0,0.0,0.0,0.0,0.0,0.0,0.0,0.0
2017-04-30,0.0,0.0,0.0,0.0,-0.018180897095239602,0.024248797436932812,0.0,0.0,0.0,0.0,0.0,0.0,0.0,0.0,0.0,-0.03302406598270514,0.0,0.09643946203514445,0.0,0.0,0.0,0.0,0.019386126043212486,0.0,0.0,0.0,0.06951315807490013,0.0331486074433372,0.0,0.0,0.0,0.0,0.0,0.0,0.0,0.0,0.0,0.0,0.0,0.0,0.0,0.02424868178533588,0.0,0.0,0.023302003630503314,0.021007011726248734,0.0,0.018486112258179196,0.0,0.028670782591037867,0.0,0.0,0.0,0.0,0.0,0.0,0.0,0.07452690916176254,0.0,0.03578524690285414,0.0,0.017477458715370094,0.021756086555214448,0.019110635812748345,0.01946571300534343,0.023594781735382493,0.0,0.0,0.0,0.03513505692805961,0.0,0.0,0.0,0.0,0.0,0.023198147380225707,0.019887866328786405,0.03316102734389865,0.01795073180688262,0.0,0.0,0.028078407412693587,0.0,0.0692917150817942,0.0,0.0873098667023965,0.0,0.0,0.022774599044047467,0.0,0.0,0.0,0.0,0.01934196041702304,0.0,0.022498083562739794,0.0,0.0
2017-05-31,0.0,0.0,0.0,0.0,-0.032711114767248334,0.0,-0.01913108052005479,0.0,0.0,0.0,0.0,0.0,0.0,0.0,0.0,-0.01799448440541421,0.0,0.0460072303341809,0.0,0.0,0.0,0.0,0.0,0.016769891922688587,0.0,0.0,0.038946522586761366,0.036533669825228134,0.06650098132523322,0.0,0.0,0.023931892492369242,0.0,0.0,0.0,0.0,0.0,-0.019010729608014955,0.0,0.0,0.01778427457271654,0.0,0.0,0.0,0.0,0.0,0.0,0.0,0.0,0.02723287116022874,0.0,0.0,0.0,0.026707425658778955,0.01877372755884601,0.02277241612235029,0.0,0.06353615441986528,0.0,0.01723464798052261,0.0,0.06872316554581329,0.030685975336146344,0.018119718299947876,0.03675228615079274,0.06758999253963305,0.0,0.0,0.03650520043726108,0.038833017944456455,0.027445974215078973,0.0,0.042499453299516696,0.030608791904668958,0.03765268975920089,0.0,0.0,0.02408136532591891,0.0,0.0,0.0,0.0,0.0,0.0,0.0,0.0,0.0,0.0,0.0,0.0,0.0,0.0,-0.028923253981062713,0.0,0.0,0.0,0.0,0.0
2017-06-30,0.0,0.0,0.0,0.0,0.0,0.0,0.0,0.0,0.0,0.0,0.0,0.0,0.0,0.0,0.012970844479815688,-0.034565794706426935,0.0,0.0491225431111209,0.0,0.01292172342099467,0.0,0.0,0.020218401959092736,0.0,0.0,0.0,0.022537941128524763,0.06319290918253948,0.0,0.0,0.0,0.0,0.0,0.0,0.0,0.0,0.0,0.0,0.0,0.0,0.0,0.0,0.0,0.0,0.0,0.0,0.0,0.0,0.0,0.02282344936450591,0.0,0.0,0.0,0.01323629405629146,0.016034638696679593,0.0,0.012216156766585468,0.017533125890725212,0.0,0.0,0.0,0.031005287118911998,0.029891751955566752,0.024436468590546313,0.01761672093829542,0.012571454173384544,0.0,0.0,0.04452037655147084,0.024927114149693393,0.021159277082100417,0.11356655571765824,0.04445518289478259,0.034936526026419494,0.01901058164279381,0.041290551496508024,0.0,0.014264297491869872,0.0,0.0,0.0,0.10187956382674315,0.0,0.0,0.0,0.0,0.0,0.0,0.01534836872435954,0.0,0.0,0.0,0.0,0.0,0.014119835460865397,0.09762626339472735,0.0,0.0
2017-07-31,0.01130931410061599,0.010381576506975828,0.0,0.0,0.0,0.0,0.0,0.0,0.0,0.0,0.0,0.02605769345658287,0.14749091823625504,0.0,0.0,0.0,0.0,0.09836029275042632,0.0,0.13711160205696224,0.0,0.0,0.0,0.0,0.0,0.0,0.01124161131839724,0.012493414219964949,0.0,0.0,0.01031746523263431,0.0,0.0,0.0,0.0,0.012968562940634915,0.0,0.0,0.0,0.0,0.0,0.0,0.0,0.0,0.0,0.0,0.0,0.0,0.0,0.0,0.0,0.0,0.00993582856325461,0.0,0.010034423668507984,0.0,0.0,0.0,0.0,0.0,0.0,0.01732253214897822,0.01017557855248653,0.015210745308392885,0.04804792068789939,0.0,0.0,0.011476361412418893,0.05464699821249857,0.03239859344404084,0.012616974873287308,0.019705192565900354,0.024911277111661894,0.06109979446289326,0.09835902479434507,0.008953064469315788,0.0,0.0,0.0,0.0,0.0,0.013460305958444873,0.0,0.0,0.0,0.013688654642149585,0.0,0.0,0.0,0.013505953677244957,0.0,0.0,0.0,0.0,0.0156504086393603,0.03106791598746902,0.0,0.0
2017-08-31,0.0,0.0,0.0,0.018016869749879046,0.0,0.0,0.0,0.0,0.0,0.0,0.0,0.0,0.0,0.0,0.0,0.0,0.0,0.022517447035430665,0.0,0.029764459866838594,0.0,0.0,0.0,0.0,0.02356940501070339,0.0,0.030002711995807115,0.01885319669276127,0.0,0.0,0.0405311154873963,0.019502941904871927,0.0,0.0,0.0,0.031094101773003476,0.0,0.0,0.0,0.0,0.020708309542514878,0.0,0.0,0.0,0.0,0.01946858303847612,0.0,0.028360432749178485,0.0,0.0,0.0,0.0,0.0,0.0,0.0,0.0,0.0,0.0,0.0,0.0,0.0,0.02877424529108953,0.0,0.03300875276319847,0.05101269068148829,0.06506198917107622,0.0,0.0,0.0,0.020016080472375332,0.023622856536947855,0.0,0.042894789768178204,0.0,0.155050746092921,0.02355713677247775,0.02525972745871678,0.02456008775856464,0.0,0.0,0.0,0.02672021279033921,0.0,0.0,0.01759325827099035,0.025618396796183815,0.0,0.0,0.017264929883524318,0.03962316402204731,0.0,0.0,0.0,0.01830717977914699,0.0,0.059664180843872594,0.0,0.0
2017-09-30,0.0,0.014411085415531445,0.0,0.0,0.0,0.0,0.0,0.0,0.0,0.0,0.0,0.0,0.0,0.0,0.0,0.0,0.0,0.0,0.0,0.0,0.0,0.018064928675680682,0.0,0.0,0.025902054615829888,0.0,0.0317483036384261,0.01717704991785722,0.0,0.0,0.08969839557582555,0.0,0.0,0.0,0.0,0.014694990260589822,0.0,0.0,0.0,0.0,0.0,0.0,0.0,0.0,0.0,0.0,0.0,0.0,0.0,0.0,0.0,0.0,0.016747112076196047,0.0,0.02250470256374815,0.0,0.0,0.0,0.0,0.0,0.0,0.018708692173251596,0.020279416527611168,0.015863764542514938,0.0,0.0,0.0,0.0,0.0,0.03175171537011303,0.04354172749621982,0.01699641690960985,0.06605580404332953,0.016585464476724654,0.06985936092521064,0.07393799682210765,0.015562927752334636,0.02409131616507514,0.023377446236862953,0.0,0.07773999910498065,0.02588004330999498,0.0,0.02277349380919174,0.01593002123928937,0.10415992654504355,0.0,0.0,0.020926696474977472,0.02861619347810225,0.0,0.0,0.0,0.0,0.0,0.01641295385776955,0.0,0.0
2017-10-31,0.0,0.0,0.0,0.0,0.0,0.0,0.0,0.013077993370804538,0.0,0.12470485762161736,0.0,0.0,0.0,0.0,0.0,0.0,0.0,0.013853144894578024,0.0,0.0,0.012452302648275834,0.0,0.032605767480043,0.0,0.027433180393490797,0.0,0.02690910559368709,0.012708179003084043,0.0,0.0,0.1472729051062497,0.0,0.0,0.0,0.01356435272960436,0.016967010889405956,0.0,0.0,0.0,0.0,0.0,0.0,0.0,0.0,0.0,0.0,0.0,0.0,0.0,0.0,0.0,0.0,0.0,0.0,0.0,0.0,-0.01703858704181015,0.0,0.0,0.0,0.0,0.0,0.0,0.0,-0.012398163219551606,-0.013607941111058324,0.0,0.0,0.0,0.0,0.015099942923329786,0.0,0.016346091204947327,0.025365425274624015,0.013211315411905388,0.0,0.0,0.06154262312698606,0.0,0.0,0.047639104060333975,0.013405331012163787,0.0,0.01296151922320491,0.016250342852468725,0.12807499927649665,0.0,0.013393280081912476,0.03486742721881007,0.053083535411413654,0.0,0.0,0.0,0.0,0.035268242474955976,0.014327559698330336,0.0,0.014569769644856167
2017-11-30,0.0,0.0,0.0,0.0,0.0,0.0,0.0,0.030718859153475123,0.0,0.05756161187927781,0.0,0.0,0.0,0.0,0.0,0.0,0.0,0.030050198458271917,0.0,0.0,0.013285381086697032,0.013567182909398692,0.048036826548493214,0.019793484057686814,0.014272284699998633,0.0,0.01989647753321828,0.02061572788641633,0.0,0.013251336477114517,0.07100689765822625,0.0,0.0,0.0,0.0,0.01837840114569968,0.0,0.01272351666154675,0.09683255971262895,0.0,0.0,0.0,0.0,0.0,0.0,0.0,0.0,0.0,0.0,0.0,0.0,0.0,0.0,0.0,0.0,0.0,0.0,0.0,0.0,0.0,0.0,0.0,0.014797823658520795,0.0,0.0,0.0,0.0,0.013772083307133318,0.021553096526485974,0.0,0.027761483960867656,0.020889316263490682,0.02683110451816405,0.020332836950612443,0.0,0.0,0.0,0.01685958534722688,0.0,0.0,0.037149840789492565,0.021938728315914976,0.0,0.021755798275025717,0.02231645291617038,0.2,0.0,0.0,0.022273132699849162,0.03177797060289548,0.0,0.0,0.0,0.0,0.0,0.0,0.0,0.0
2017-12-31,0.0,0.0,0.0,0.0,0.0,0.0,0.0,0.030123462874693984,0.0,0.06920133598464338,0.0,0.0,0.0,0.0,0.0,0.0,0.0,0.0,0.0,0.0,0.011954832131235237,0.0,0.02456931791278618,0.0,0.014830206952757104,0.0,0.0,0.0,0.0,0.042901579928265286,0.0,0.0,0.018366882384552568,-0.025749041036213175,0.02187985240752196,0.14757671617302356,0.0,0.01572394428324217,0.019754308015193314,0.0,0.0,0.0,0.0,0.0,0.0,0.0,0.0,0.0,0.0,0.0,0.0,0.0,0.0,0.0,0.0,0.0,0.0,0.0,0.0,0.0,0.0,0.0,0.0,0.0,-0.06507707021947227,-0.013169853737954785,0.0,0.013982748205730356,0.01512508588424884,0.0,0.033726203114228574,0.02171210359685444,0.019055674638376825,0.012636458594206382,0.028147995191884326,0.0,0.015209900773103375,0.02405922716598919,0.0,0.0,0.0,0.023465542861816027,0.0,0.05200542424486033,0.021768619653487257,0.03175698026968937,0.0,0.015126975386996477,0.028543641768362663,0.12279901460861051,0.0,0.0,0.0,0.0,0.0,0.0,0.0,0.0
2018-01-31,0.0,0.0,0.0,0.02897653521502683,0.0,0.0,0.0,0.0,0.0,0.019093376700689686,0.0,0.0,0.012369786514707928,0.0,0.012557614674145422,-0.06488681083186774,0.0,0.0,0.0,0.0,0.12818246760051108,0.015028768459039776,0.013075716439780392,0.016152484993099975,0.0,0.0,0.0,0.0,0.0,0.0,0.0,0.0,0.0,0.0,0.03284087230532359,0.1578963846658201,0.012467813075486125,0.01636756988914594,0.0,0.0,0.0,0.0,0.0,0.0,0.0,0.0,0.0,0.02406945301979628,0.0,0.0,0.0,0.0,0.0,0.0,0.0,0.0,0.0,-0.014671660688373491,0.0,0.0,0.0,0.0,0.0,0.0,-0.06164265240770967,0.0,0.0,0.0,0.015748821046333444,0.0,0.01699626179094856,0.01544521423295933,0.017798072537745215,0.0,0.0,0.0,0.0,0.019490652809884147,0.0,0.017673528915312643,0.0,0.03140084503542911,0.0,0.021851301634939608,0.01218462036975056,0.0178365047395604,0.0,0.02846803634026474,0.06263229925646321,0.07641480024461958,0.0,0.0,0.015779073565265433,0.0,0.0,0.0,0.0,0.0
2018-02-28,0.0,0.015622990908248839,0.013387867685064996,0.018761843697655916,0.0,0.0,0.0,0.0,0.0,0.022797613710328252,0.021940554713639975,0.0,0.0,0.0,0.014679112784744226,0.0,0.0,0.0,0.0,0.0,0.07249168062740671,0.01980700376895538,0.013976158198657643,0.015462640389007201,0.0,0.0,0.0,0.0,0.0,0.0,0.0,0.0,0.0,0.0,0.04272824049695814,0.2,0.013947158204610823,0.0,0.0,0.0,0.0,0.0,0.0,0.0,0.03062132518016107,0.0,0.0,0.0,0.0,0.0,0.0,0.0,0.0,0.0,0.0,0.0,0.0,0.0,0.0,0.0,0.0,0.0,0.0,0.0,0.0,0.0,0.0,0.0,0.01612843504878708,0.04653656673969651,0.02377725884770425,0.019835996292932312,0.04824994910977229,0.0,0.012308254456961596,0.0,0.0,0.024815337728939835,0.0,0.03016909105165315,0.0,0.03823846363320702,0.0,0.02151050552845647,0.039006660184332465,0.016110787271528024,0.0,0.020422665778257396,0.06346642853670278,0.04739153842251307,0.0,0.0,0.0,0.0,0.01580787100311661,0.0,0.0,0.0
2018-03-31,0.0,0.0,0.0,0.0,0.0,0.0,0.0,0.0,0.0,0.0,0.0,0.0,0.0,0.0,0.0,0.0,0.0,0.0,0.02035877898566082,0.01849911135498312,0.0184905396903051,0.0,0.02483240953533851,0.024690630638474372,0.0,0.0,0.0,0.0,0.0,0.0,0.0,0.0,0.0,-0.03520378994851544,0.04544941923660736,0.03350874444891367,0.0,0.02276815315173211,0.0,0.0,0.0,0.0,0.0,0.0,0.0,0.0,0.0,0.0,0.0,0.0,0.0,0.0,0.0,0.0,0.0,0.0,0.0,0.0,0.0,0.0,0.0,0.0,-0.021768640142780064,-0.02042816520746334,-0.02369950491657824,0.0,-0.04618562943185282,0.0,0.07074964679039913,0.025128692110086902,0.03951664673954723,0.017441928127047934,0.10404786801721319,0.0,0.01999022557774683,0.0,0.019359936002443505,0.059496405516013526,0.027132786778730274,0.05151820361223516,0.019824267865320183,0.032144959453304894,0.0,0.0,0.01916707506676079,0.02340381398436881,0.0,0.0,0.05096178129722619,0.030824651147967792,0.0,0.0,0.033407595224382775,0.0,0.0,0.0,0.0,0.0
2018-04-30,0.0,0.0,0.0,0.0,0.0,0.0993988961014951,0.0,0.0,0.0,0.0,0.0,0.0,0.0,0.0,0.0,0.0,0.0,0.0,0.0,0.0222998210375653,0.01863463006766102,0.0,0.025740151646738856,0.028996887057501055,0.0,0.0,0.0,0.0,0.0,0.021160712359112523,0.0,0.0,0.0,-0.03503570468584308,0.04260253758619385,0.022782440166088564,0.0,0.02665697729715339,0.0,0.0,0.0,0.0,0.0,0.0,0.0,0.0,0.0,0.0,0.0,0.0,0.0,0.0,0.0,0.0,0.0,0.0,0.0,0.0,0.0,0.0,0.0,0.0,-0.04731532145091478,0.0,0.0,0.0,-0.020128082620567422,0.03972839985350468,0.0777031750366681,0.0,0.039368540936433175,0.01857741959403404,0.042530160352859565,0.043700581184688454,0.025805785774316945,0.02173052724477332,0.0,0.04461476242126235,0.023179325798858872,0.017332399775799655,0.022157895715048948,0.01665397392758596,0.0,0.0,0.02136002985567217,0.0,0.0,0.0,0.03370677088652583,0.032229288094729726,0.0,0.0,0.04871971323045609,0.0,0.0,0.0,0.02014908823994722,0.0
2018-05-31,0.0,0.0,0.0,0.0,0.0,0.06776818128506734,0.0,0.0,0.0,0.0,0.0,0.0,0.0,0.0,0.0,0.0,0.0,0.04632277923857679,0.03351009600071397,0.059892057991361256,0.02395625164910124,0.0,0.03503697545356418,0.04454193739353547,0.0,0.0,0.0,0.0,0.0,0.023887069023582383,0.0,0.0,0.0,-0.02585322846623158,0.032074958652273215,0.027834877816437512,0.0,0.031260421860790116,0.0,0.0,0.0,0.0,0.0,0.0,0.0,0.0,0.0,0.0,0.0,0.02345554233421991,0.0,0.0,0.0,0.0,0.0,0.0,0.0,0.0,0.020648031160784893,0.0,0.0,0.0,-0.036619126771693114,0.0,0.0,0.0,-0.024529093479584502,0.0,0.04890815920768273,0.0,0.04906496548976643,0.02784985455727707,0.042112729550064315,0.025236520451107934,0.03598218574345323,0.0,0.0,0.04129193820677368,0.0,0.0,0.021281809930398556,0.029715484495584536,0.0,0.021351423542156474,0.02282414118997676,0.0,0.0,0.0,0.02382527539623602,0.02149900895210458,0.0,0.0,0.03186587470990008,0.0,0.0,0.0,0.0,0.0
2018-06-30,0.0,0.0,0.029785309057831326,0.0,0.0,0.0,0.0,0.0,0.0,0.0,0.0,0.0,0.0,0.0,0.022701439961088782,0.0,0.0,0.0,0.0,0.04217270022955493,0.023682886083092117,0.03039528753431742,0.0,0.059944281299614134,0.0,0.0,0.0,0.0,0.0,0.027868458910743455,0.0,0.0,0.0,0.0,0.030182614318330414,0.031216838704837605,0.0,0.06162685944705008,0.0,0.0,0.0,0.0,0.02811064785662432,0.0,0.0,0.0,0.0,0.0,-0.025236855896434957,0.02537367117083547,0.0,0.0,0.021380854135713185,0.0,0.0485240790938646,0.0,0.0,0.0,0.0,-0.07518279608111596,0.0,0.0,-0.026407438245420498,0.0,0.0,0.0,0.0,0.0,0.03481271989421907,0.0,0.03789823298325339,0.030653215070669204,0.033499855209359004,0.02037544244160238,0.03180324774786465,0.0,0.0,0.0,0.0,0.0,0.021292977995609155,0.0,0.0,0.024521409521893987,0.03207287879633968,0.0,0.0,0.027531437172495617,0.028924730347913718,0.02844708013017932,0.0,0.0,0.0,0.03837375466213144,0.0,0.0,0.0,0.0
2018-07-31,0.0,0.0,0.029946876877007568,0.0,0.0,0.0,0.0,0.0,0.0,0.0,0.0,0.0,0.0,0.0,0.02335072823442256,0.0,0.0,0.0,0.0,0.027380000189258465,0.019068222135107372,0.019834420370717993,0.0,0.03330076981340981,0.0,-0.10094817474900675,0.01711666450705229,0.0,0.0,0.0,0.0,0.0,0.0,0.0,0.0,0.0148904112814076,0.0,0.018089467437083794,0.0,0.0,0.0,0.0,0.03334805410486394,0.0,0.0,0.0,0.0,0.0,0.0,0.0,0.0,0.0,0.0,0.014902768890659527,0.05198837287781572,0.0,-0.13153564246685018,-0.022262533551343847,0.0,-0.09055800930258318,0.0,0.0,-0.020247528475635542,0.0,-0.03191533321122909,0.0,-0.017551791427250683,0.0,0.030286919462327616,0.0,0.0205355089573477,0.02407473577699962,0.0,0.0,0.0,0.0,0.0,0.0,0.0,0.0,0.0,0.0,0.0,0.04726812428400439,0.017036079181740816,0.020804521891178856,0.0,0.016652450226226117,0.017362575838334043,0.03786228290018325,0.0,0.0,0.031753081146213766,0.018127950432738005,0.0,0.0,0.0,0.0
2018-08-31,0.0,0.028921866928421035,0.19986138040759005,0.01800041705058586,0.011784330433097246,0.0,0.0,0.0,0.0,0.0,0.0,0.0,0.051928313854596786,0.0,0.12108548475537906,0.0,0.0,0.0,0.0,0.05351302887286923,0.06284081177702548,0.0241934745581781,0.011970127598690443,0.05149739867562679,0.0,0.0,0.0,0.0,0.0,0.0,0.0,0.0,0.0,0.0,0.013202085253899416,0.0,0.014930961939846738,0.013540075994943258,0.0,-0.016203642733708223,-0.017026091587632106,0.0,0.0,0.0,-0.047553060646807525,0.0,0.0,0.0,-0.015772046800273193,0.012993434049762392,-0.012884042184560006,0.0,0.0,0.0,0.0,0.0,0.0,0.0,0.0,0.0,0.0,0.0,-0.01945065042110518,0.0,0.0,0.0,0.0,0.0,0.0,0.0,0.024635437199638243,0.024636009012020847,0.0,0.014919255964546869,0.0,0.0,0.0,0.0,0.0,0.0,0.0,0.0,0.0,0.03280901843179479,0.0,0.019764435309277677,0.0,0.01217903631264572,0.013382021078286652,0.020723282310413288,0.0,0.0,0.017798777856777873,0.0,0.0,0.0,0.0,0.0
2018-09-30,0.0,0.0,0.1061303487517699,0.0,0.02761631243303707,0.0,0.0,0.0,0.0,0.0,0.0,0.0,0.014217706616433656,0.0,0.029677241341937933,0.0,0.0,0.0,0.0,0.06970745476371405,0.06105133840557859,0.052764822708412124,0.013782499892738342,0.11339604929384701,0.0,0.0,0.01697830231898128,0.0,0.0,0.022621940159736176,0.0,0.0,0.0,0.0,0.027723391264389063,0.0,0.018096077363065798,0.042154104414378626,0.0,0.0,-0.023145650022077253,0.0,0.0,0.0,0.0,0.0,0.0,0.0,-0.015032492698103021,0.0,-0.020918058873071136,0.0,0.0,0.0,0.0,0.0,0.0,0.0,0.0,0.0,0.0,0.0,-0.05651876643422473,0.0,0.0,0.0,-0.02933532361964594,0.0,0.0,0.0,0.0,0.014532767331916364,0.0,0.0,0.0,0.0,0.0,0.018300988676031974,0.0,0.013793707377939123,0.0,0.0,0.0,0.016644441597052615,0.015980781914105006,0.036551933826226186,0.0,0.04753410670464982,0.017361112019610936,0.014917352515812402,0.0,0.0,0.02381757385399435,0.0,0.0,0.0,0.0,0.019697352807519372
2018-10-31,0.0,0.0,0.0998416192289414,0.0,0.027018256709826365,0.0,0.0,0.0,0.0,0.0,0.020276841302477658,0.0,0.027190949937273577,0.0,0.0,0.0,0.0,0.0,0.0,0.06834263422123463,0.029835224500847756,0.02235380736723118,0.0,0.037496148040986506,0.0,-0.024981288867658664,0.02463355608497943,0.0,-0.019324876705257787,0.03495725748194204,0.0,0.0,0.0,0.0,0.04570795534782214,0.01897209158365558,0.0,0.05868910557308567,0.0,0.0,0.0,0.0,0.0,0.0,0.0,-0.022614899779856215,0.0,0.0,-0.02052336928629433,0.0,-0.04188762408197383,0.0,0.0,0.0,0.0,0.0,0.0,0.0,0.0,0.0,0.0,-0.019152214798572535,-0.02821853916349105,0.0,0.0,0.0,-0.02928121095154813,0.0,0.0,0.0,0.0,0.0,0.018982899749975687,0.0,0.0,0.0,0.0,0.02906254289706567,0.0,0.025334088522489005,0.022932355178739844,0.0,0.0,0.0,0.027001696159663566,0.0,0.0,0.0,0.018884349245029235,0.0,0.031890724031328095,0.0,0.03476062267645475,0.0,0.0,0.0,0.0,0.06985125052429769
2018-11-30,0.0,0.0,0.02860958202460953,0.0,0.0,0.0,0.0,0.0,0.0,0.0,0.0,0.0,0.0,0.0,0.0,0.0,0.0,0.01585365261621351,-0.025406806383425365,0.03545163616772725,0.015045565760243965,0.014539980771682401,0.0,0.0214838331731765,0.0,0.0,0.03479783637154208,-0.03354867286689527,-0.047604824635461195,0.0,0.0,0.0,0.03557894389082258,0.0,0.018212294671977432,0.019774935040821257,0.050749638550312164,0.2,0.0,0.0,0.0,0.0,0.0,0.0,0.0,-0.0501397547378017,0.0,0.0,0.0,0.0,-0.056554216750292756,0.0,0.0,0.0,0.0,-0.022745279993672384,0.0,0.0,0.0,0.0,0.0,-0.01991723951745577,-0.032566992557763394,-0.02690150866329043,0.0,0.0,-0.015694898819353223,0.0,0.0,0.0,0.0,0.01791025218741354,0.03259392883155752,0.0,0.0,0.0,0.0,0.0,0.013983714882326227,0.0,0.022376662592171775,0.0,0.0,0.0243992299137273,0.0,0.0,0.0,0.0,0.0,0.0,0.02754773197006427,0.0,0.020841364455669444,0.0,0.0,-0.01916902120252963,0.0,0.0
2018-12-31,0.0,0.0,0.030698634267918357,0.0,0.0,0.0,0.0,0.0,0.0,0.0,0.0,0.0,0.0,0.0,0.0,0.0,0.0,0.015890861563262172,-0.05281492474744433,0.02491357680473826,0.01725902119616045,0.01499583861074044,0.0,0.020528010360691847,0.0,0.0,0.028046567442811976,0.0,0.0,0.0,0.0,0.0,0.022840745977226826,0.0,0.0,0.027591368520054713,0.03677183974202695,0.2,0.0,-0.01829006564347737,0.0,0.0,0.0,0.0,0.0,0.0,0.0,0.0,0.0,0.0,-0.048677726840337374,-0.03780767442898125,-0.019407188108003813,0.0,0.0,-0.019283233434378603,0.0,0.0,0.0,-0.01841525725000314,-0.0671369394181812,-0.016669048428656668,-0.030584233593300838,-0.04047749025658975,-0.022214236188214807,-0.025632561106775288,0.0,0.0,0.0,0.0,0.0,0.01973518983802167,0.025330581016558787,0.0,0.0,0.0,0.0,0.0,0.0,0.0,0.021021304851947517,0.0,0.0,0.027300833714615516,0.0,0.0,0.0,0.0,0.0,0.0,0.02383846855338426,0.0,0.02582657809549578,0.0,0.0,0.0,0.0,0.0
2019-01-31,0.0,0.0,0.04957293551461965,0.0,0.0,0.0,-0.060131391327061835,0.0,-0.012908636332883736,-0.010874569997232306,0.0,-0.020525583258269118,0.0,0.0,0.0,0.0,0.0,0.0,-0.017529971411575713,0.09267695043635048,0.014306515138908807,0.2,0.012968982775027347,0.08118380517744213,0.0,0.0,0.0,0.0,0.0,0.01127699343941042,-0.013410706648313096,0.0,0.0,0.0,0.0,0.0,0.04501496617883722,0.029357362078634347,0.0,-0.03390255209384994,-0.03080409316605014,-0.013775095728893913,-0.015016876371095693,-0.03585054530860447,0.0,0.0,0.0,-0.012813640507570985,-0.020078535435990256,0.0,-0.02536752954657793,0.0,0.0,0.0,0.0,0.0,0.0,0.0,0.0,0.0,0.0,0.0,-0.019598456718579262,0.0,0.0,0.0,0.0,0.0,-0.025091407290402618,0.0,0.0,0.0,0.018496470072424952,-0.01942462149138792,0.0,0.0,0.0,-0.022594655378329432,0.0,0.0,0.0,0.0,0.0,0.018318975350190256,0.0,0.0,0.0,0.0,0.0,0.0,0.0,0.0,0.017127175825486066,0.0,0.0,0.0,0.0,0.0
2019-02-28,0.0,0.0,0.05954305931645596,0.0,0.0,0.0,0.0,0.0,0.0,0.0,0.0,0.0,0.0,0.0,0.0,0.0,0.0,0.033590905940162015,0.0,0.04414501756306357,0.031611395043329917,0.027215994883973613,0.019646303147601178,0.0233130586144663,0.0,0.0,0.0,0.0,0.0,0.06135729706692202,0.0,0.0,0.0,0.0,0.018699349570537014,0.021248151524219716,0.0,0.049394514034430397,0.0,0.0,0.0,-0.019720523830223602,0.0,0.0,0.0,0.0,0.0,-0.020621920911231956,0.0,0.0,-0.022961258356274425,0.0,0.0,0.0,0.0,-0.024482634743692173,0.0326296906181729,0.0,0.0,0.0,-0.023880574111800182,0.0,-0.045907994971223526,-0.01866434482966253,0.0,0.0,-0.020069136483415073,0.0,0.0,0.0,0.0,0.03317262848329279,0.053555533640204024,-0.018378040480753772,-0.019118822877529792,0.0,0.0,0.0,0.0,0.0,0.0,0.0,0.0,0.054042072229167286,0.07136716246515401,0.0,0.0,0.0,0.0,0.0,0.02791400673146724,0.0,0.05918940342048016,0.0,-0.020705363352905026,0.0,0.023853840758187916,0.0
2019-03-31,0.0,0.0,0.042784378802414993,0.0,0.0,0.0,0.0,0.0,0.0,0.0,0.0,-0.019251033831449466,-0.018005771861228856,0.0,0.0,0.0,0.0,0.023940190101678513,0.0,0.05085245679919666,0.019707099822763426,0.02145008551193409,0.019111317659964485,0.016874358277388705,0.0,0.0,0.0,0.0,0.0,0.04333126473623923,0.0,0.0,0.0,0.0,0.0,0.0,0.0,0.025672161818328102,0.0,0.0,0.0,-0.01984895261490626,0.0,0.0,0.0,0.0,0.0,-0.02430837756873377,0.0,0.0,-0.024165168352382832,0.0,0.0,0.0,0.0,0.0,0.030545583008083004,0.016600831395630396,0.0,-0.027189269364176885,-0.02938827082892361,0.0,-0.03161984871902112,-0.030273604082029497,0.0,0.0,0.0,0.0,0.0,0.0,0.03319913799330701,0.08972319790494199,0.07742360861994323,-0.020359310982405836,0.0,0.0,0.0,0.0,0.0,0.0,0.0,0.0,0.0,0.05323978049210678,0.036870631953407056,-0.03569184883119596,0.0,0.0,0.0,0.0,0.024216543291584906,0.0,0.06840911345179006,0.0,0.0,0.0,0.02594680132284342,0.0
2019-04-30,0.0,0.03894298500667764,0.026414899573073684,0.0,0.0,0.0,0.0,0.0,0.0,0.0,0.0,-0.01691092571351765,-0.01623054559843354,0.0,0.0,0.0,0.0,0.013935284002021518,0.0,0.06002577497349515,0.0,0.02429134065644885,0.0,0.0,0.0,0.0,0.01605954347654231,0.0,0.0,0.030385090140842366,0.0,0.01648610081860924,0.0,0.019644937878051136,0.0,0.0,0.0,0.016504267982940034,0.0,0.0,0.0,0.0,0.0,0.0,0.0,-0.020814453934005557,0.0,-0.04863491445849766,0.0,0.0,0.0,0.0,0.022825657205398142,0.0,0.048440972491264694,-0.0214238621368328,0.01668193275314174,0.0,0.0,0.0,0.0,0.0,-0.016348830478137344,0.0,0.0,0.0,0.0,0.0,0.0,0.0,0.026759116871737577,0.056639569987442906,0.03282544606539288,-0.02052492758290844,0.0,0.0,0.0,0.0,0.0,0.0,0.0,0.0,0.0,0.04864233873045956,0.027635843786048855,-0.19593201222503367,0.0,-0.017644323901055692,0.0,0.0,0.0,0.0,0.02789650775309545,0.0,0.0,0.0,0.03539552784156359,0.019102065977330267
2019-05-31,0.0,0.0,0.026463730989593023,0.0,0.0,0.0,0.0,0.0,0.0,0.0,-0.02126410007724251,0.0,-0.02571088785483976,0.0,0.0,0.0,0.0,0.0583112214940248,0.0,0.02877033236210591,0.023345298816738472,0.019964461112793225,0.0,0.030136612512712435,0.0,0.02566009414561598,0.022995887751058413,0.0,0.0,0.0,0.0,0.02714602830035214,0.0,0.018539671026304022,0.0,0.0,0.0,0.0,0.027418779993215254,-0.059363561003330054,-0.09909694984208603,0.0,-0.0373535117356662,0.0,0.0,0.0,0.0,-0.02085624574552006,-0.03031636500605539,0.0,-0.027920256396462895,0.0,0.0,0.0,0.0,0.0,0.0,0.0,0.0,0.0,0.0,0.0,-0.036871038713204116,-0.042726270039006385,0.0,-0.04999091637614218,0.0,0.0,0.0,0.0,0.02758421064427126,0.028917166324239033,0.02268020650983992,-0.043399911804410156,-0.022179758525624663,0.022272516137277168,0.0,0.0,0.0,0.0,0.0,0.0,0.0,0.02731322223449794,0.04543078652577064,0.0,0.0,0.0,0.0,0.0,0.0,0.0,0.0,0.0,0.0,0.0,0.0,0.0
2019-06-30,0.0,0.0,0.023507372339295445,0.0,0.0,-0.01919238946540294,0.0,0.0,0.0,0.0,-0.022934225622500512,0.0,-0.025634336670088863,0.0,0.0,0.0,0.0,0.06744735252453564,-0.027548902524527172,0.0,0.0,0.0,0.0,0.0,0.0,0.04286854715014543,0.02041816114255166,0.0,0.0,0.0,0.0,0.021061008980377015,0.0,0.021199613417471178,0.0,0.0,0.0,0.0,0.05226299011678996,-0.02547392525319295,-0.024717349734557623,0.0,-0.023281862998809903,0.0,0.0,-0.020527468818340094,0.0,-0.022715066702259236,0.0,0.0,0.0,0.0,0.0,0.0,0.0,-0.02164325854836236,0.0,0.0,0.0,0.0,0.0,-0.022447742655005536,-0.020146417302301402,-0.06777280256504552,0.0,-0.07345309979607612,-0.021799439647816492,-0.023448370842400982,0.0,0.0,0.024090019629567805,0.030861517215673602,0.0,-0.03660718197963175,-0.020461634169313635,0.0,0.0,-0.027355582824094837,0.0,0.0,0.0,0.0,0.0,0.11607234677842074,0.03305001258544346,0.0,0.0,0.0,0.0,0.0,0.0,0.0,0.0,0.0,0.0,0.0,0.0,0.0
2019-07-31,0.0,0.0,0.0,0.0,-0.025355881232157464,0.0,0.0,-0.02607872963730907,0.0,-0.023979853134625004,0.0,-0.02414558561863036,-0.041416350201339866,0.0,0.0,0.0,0.0,0.021418364951301692,0.0,0.0,0.0,0.0,0.0,0.0,0.0,0.08214355643089552,0.028667193216825294,0.057073655216738545,0.0,0.024559780297932227,-0.02421671947570884,0.03623004147942924,0.0,0.032472454171151244,0.0,0.0,0.0,0.0,0.04808631487787776,-0.02091836214937181,-0.029057417714786742,0.0,-0.02398552242158007,0.0,0.0,-0.02812984405339753,0.0,-0.04286331024418857,0.0,0.0,0.0,0.0,0.0,0.0,0.0,0.0,0.023240935014753383,0.0,0.021821550671408025,0.0,0.0,0.0,0.0,0.0,0.0,-0.026253801806186,0.0,0.0,0.0,0.0,0.04657917153385344,0.03353716442284588,0.0,-0.030288590879328062,-0.02063317673967143,0.027385218486419255,0.0,0.0,0.0,0.0,0.0,0.0,0.0,0.042717821607045625,0.05176620606968737,0.0,0.0,0.0,0.0,0.0,0.0,0.0,0.0,0.0,0.0,0.0,0.0,-0.034977426243554696
2019-08-31,0.0,0.0,0.01595274339744521,0.0,0.0,0.0,0.0,-0.018886402046119497,0.0,-0.040069157757238016,0.0,-0.01834848704080318,-0.03372571629511447,-0.018824000019717773,0.0,0.0,0.0,0.0,0.0,0.0,0.0,0.0,0.0,0.0,0.0,0.0930110862632322,0.02966937411377775,0.0684355154121457,0.0,0.022955324063174017,0.0,0.04526721402559874,0.0,0.02715170555473535,0.0,0.0,0.0,0.0,0.05379900393829686,0.0,-0.01867498872550371,0.0,0.0,0.0,0.0,0.0,0.0,-0.03652958942339182,0.0,0.0,0.0,0.03154617471677927,0.0722603612103275,0.042633364313987336,0.036724675156098605,0.0,0.029134638630854505,0.0,0.0,0.01855639032817145,0.0,0.0,0.0,0.0,0.03234478273304406,0.0,0.0,0.0,0.0,0.0,0.0,0.023194379010472593,0.0,-0.021180027519257044,0.0,0.019863246687651496,0.0,0.0,0.0,0.0,0.0,0.0,0.0,0.025743784244148134,0.04522770558062761,0.0,0.0,0.0,0.0,0.01899682896076468,0.0,0.0,0.0,0.0,0.021702545729694243,0.0195907871018273,0.0,0.0
2019-09-30,0.0,0.0,0.0,0.0,0.0,0.0,0.0,-0.02744065417110462,0.0,-0.03388408045167563,0.0,0.0,-0.05367651680154441,-0.02344289295635702,0.0,0.0,0.0,0.0,0.0,0.0,0.0,0.0,0.0,-0.015382501481697545,0.0,0.059235379195388696,0.046123245930506096,0.046628198575470826,0.0,0.0,0.0,0.02068845274661821,0.0,0.0,0.0,0.0,0.0,0.0,0.030326593248772862,0.0,-0.019210410346100215,0.0,-0.01574691545846077,0.0,0.0,0.0,0.0,-0.04753693969748143,0.0,0.0,0.0,0.02288252970565087,0.08408051966402869,0.03700738606901935,0.09684201740668036,0.0,0.028248058284242702,0.0,0.0,0.016581357708788914,0.02379672764500481,0.03342407647103732,0.0,0.0,0.04501093025646623,0.0,0.01789796818786988,0.0,0.0,0.0,0.0,0.0,0.0,-0.01713825821196349,0.0,0.0,0.0,0.0,0.0,0.0,0.0,0.0,0.0,0.018436175752510622,0.02959927938320535,0.0,0.0,0.0,0.0,0.020550501084586222,0.0,0.0,0.0158488443347282,0.0,0.022850239418049367,0.0304823493549893,0.0,0.0
2019-10-31,0.0,0.0,0.0,-0.01805071831100206,0.0,-0.05222112917250425,0.0,0.0,0.0,-0.031220173526106513,-0.017128105300133263,0.0,-0.028244339106481817,0.0,0.0,0.0,0.0,0.0,0.0,0.0,0.0,0.0,0.0,0.0,0.0,0.07641038017509016,0.12864006530304392,0.03556298186959704,0.012390585049487346,0.0,0.0,0.0,0.0,0.0,0.0,0.0,0.0,0.0,0.018507768750510495,0.0,-0.019229884209962418,0.0,-0.013046080125940083,0.0,0.0,-0.013418646261329095,-0.012091623562712631,-0.01993706514006764,0.0,0.0,0.0,0.0,0.0,0.0,0.0,0.0,0.012924242462540541,0.0,0.0,0.0,0.0,0.0,-0.05628608822574538,0.0,0.0,0.0,0.017777171556854016,0.0,0.0,-0.018992845371835824,0.0,0.0,0.0,-0.012740521743743786,0.0,0.0,0.0,0.0,0.015030826325502863,0.0,0.0,-0.03203715656674151,0.0,0.028584609364627447,0.12205258670036241,0.0,0.0,0.0,0.015503496717626701,0.04701650918981458,0.0,0.0,0.02617166828790492,-0.012349985780480223,0.038397620261383325,0.0480351255808678,0.0,0.0
2019-11-30,0.0,0.0,0.0,-0.020331985754002902,-0.01672161391325799,-0.047912651914321085,0.0,0.0,0.0,-0.029538606861238915,-0.015361639164008949,0.0,-0.025114297204402353,0.0,0.0,0.0,0.0,0.0,0.0,0.0,0.0,0.0,0.0,0.0,0.0,0.04956173662315858,0.0,0.02606098338227893,0.0523984527272611,0.0,-0.2,0.0,-0.021091934406961665,0.0,0.0,0.0,0.0,0.0,0.026589801223577632,0.0,-0.01811637165956628,0.0,-0.013555357267803264,-0.015495552715936296,0.0,-0.014657652778008737,-0.015233145395634194,-0.015830711026628332,0.0,0.0,0.0,0.0,0.0,0.014351773593010354,0.0,0.0,0.019537917846543768,0.0,0.0,0.0,0.0,0.0,0.0,0.0,0.0,0.0,0.029366019328085188,0.0,0.0,-0.018189604919289365,0.0,0.0,0.0,0.0,0.0,0.0,0.0,0.0,0.0,0.0,-0.013084591464082841,-0.028832353061790952,0.0,0.05657994899986163,0.08102611099813589,-0.013055613591650708,0.0,0.0,0.0,0.03712966406621359,0.0,0.0,0.0,-0.03502834547153619,0.0,0.0,0.0,-0.03024556264175255
2019-12-31,0.0,0.0,0.0,-0.025681760090166553,-0.02051600871278247,-0.04222543360297871,0.0,0.0,0.0,-0.02252002551168016,0.0,0.0,-0.01898755998388854,0.0,0.0,0.0,0.0,0.0,-0.02099758951958765,0.0,0.0,-0.017139164789335942,0.0,0.0,0.0,0.025395226864533105,0.0,0.025517215575856945,0.03429422330129912,0.0,-0.2,0.0,0.0,0.0,0.0,0.0,0.0,0.0,0.02126199253453409,0.0,-0.032044308321259256,0.0,-0.03620214524661962,0.0,0.0,-0.024782173136461055,-0.01707475149379004,0.0,-0.024538352770773375,0.0,-0.019760579526511484,0.0,0.0,0.015383455140941044,0.015478602159298263,0.0,0.01633845827363216,0.0,0.0,0.0,0.0,0.0,0.0,0.0,0.0,0.0,0.025157806896924907,0.0,-0.015105805117379507,-0.055197144803467206,0.0,0.0,0.0,-0.021533587563191632,0.0,0.0,-0.02845376337695892,0.0,0.0,0.0,0.0,0.0,0.0,0.10454678118202482,0.019332468437949467,0.0,0.0,0.0,0.0,0.03144077121468306,0.0,0.0,0.0,0.0,0.0,0.0,0.0,-0.023092844851490917
2020-01-31,0.0,0.0,0.0,0.0,-0.016870922377024873,0.0,0.0,0.0,0.0,0.0,0.0,0.0,0.0,0.0,0.0,0.0,0.0,0.0,0.0,0.0,0.0,-0.05418163281559771,0.0,0.0,0.0,0.016008290572936946,0.0,0.02147520780119699,0.06339170527930946,0.0,0.0,0.0,0.0,0.0,0.0,0.0,0.0,-0.025257718476058857,0.019560376336799433,0.0,-0.017568296207217886,0.0,-0.027968711755701692,0.0,0.0,0.0,0.0,0.0,0.0,0.0,-0.038722428066803795,0.019240510286510824,0.029921816199367502,0.056917999795660645,0.029602454927546457,0.0,0.027398265926019332,0.0222367300256343,0.0,0.0,0.0,0.021436256864583718,0.0,0.0,0.03319443268591392,0.0,0.05341852879703291,0.0,0.0,0.0,0.017643089867819872,0.015996397403655015,0.0,-0.04256411867860002,0.0,0.0,0.0,0.0,0.0,0.0,0.0,-0.021455053840713164,0.0,0.12589874116187494,0.021641326100983953,-0.029478461701124944,0.0,0.0,0.0,0.04552050928147883,0.0,0.0,0.0,0.0,0.028773313155222982,0.03128894497177089,0.0,-0.025367758639837857
2020-02-29,0.0,0.0,0.0,0.0,-0.017912963759740917,0.0,0.0,0.0,-0.01707017438833291,0.0,0.0,0.0,0.0,0.0,0.0,0.0,0.0,0.0,0.0,0.0,0.0,0.0,0.0,0.0,0.0,0.015258595149899605,0.021594447138749737,0.04941854770849719,0.04357582919306945,-0.01757121790354792,0.0,0.0,0.0,0.0,0.0,-0.020647511674677446,0.0,-0.02300969197049697,0.0281740675370194,0.0,0.0,0.0,0.0,0.0,0.0,0.0,0.0,0.0,0.0,0.018578883062507254,-0.020993581173090203,0.08011945908921338,0.04213813369038774,0.05638436326623908,0.03219779811865409,0.018839594253580838,0.028513964574080945,0.021014232740517728,0.02554844451857703,0.1185529139620653,0.0,0.0,0.0,0.0,0.015248493568864884,0.0,0.08081224014537637,0.0,0.0,0.0,0.0,0.0,0.0,0.0,0.0,0.0,0.0,0.0,0.029910450911185306,0.0,0.0,0.0,0.0,0.019510496120971044,0.02491018007789996,0.0,0.0,0.0,0.0,0.017173492656581864,0.0,0.0,0.0,0.0,0.05575695744304045,0.01940531105254535,0.0,-0.020157963150589684
2020-03-31,0.0,0.0,0.0,0.0,-0.023156404321734034,0.0,0.0,0.0,0.0,0.0,0.0,0.0,0.0,0.0,0.0,0.0,0.0,0.0,0.0,0.0,0.0,-0.021527750757876288,0.0,-0.020231435360379354,0.0,0.0,0.0,0.03768632867093509,0.022937641284887674,0.0,0.0,0.0,0.0,0.0,-0.022075659720927343,-0.03358749558228936,0.0,-0.02361605648040213,0.0,0.0,0.0,0.0,-0.020349719972338007,0.0,0.0,0.0,0.0,0.0,0.0,0.039815194258575826,0.0,0.0,0.06046417362464706,0.05102364618080835,0.0,0.08526003886346112,0.033433433001180304,0.04715058346003112,0.04808298801384922,0.0,0.0,0.0,0.0,0.0,0.0,0.0,0.0620909442200135,0.0,0.0,0.0,0.0,0.0,0.0,0.0,0.0,-0.022612204546818223,-0.020216342041426208,-0.027582734858168936,0.020490473137226198,-0.0250480610344018,-0.02909291209607296,-0.029306735752347077,0.0,0.02256346516829269,0.03726992735224171,-0.027674230948851943,0.0,0.0,0.0,0.04138652638098841,0.0,-0.022444936304211797,0.0,0.0,0.0,0.0,0.0,-0.021821956604616402
2020-04-30,-0.015569192368837541,-0.012158578113316573,0.0,0.0,0.0,0.0,0.0,0.0,0.0,0.0,0.0,0.0,0.0,0.0,0.0,0.0,0.0,0.0,0.0,0.0,-0.020404058295155694,0.0,-0.1697354899794042,-0.018308254357562503,-0.010853431091491393,0.0,0.0,0.0,0.0,0.0,0.0,0.0,0.0,0.0,0.0,0.0,-0.017911621151895783,-0.018208540931657465,0.0,0.0,0.0,-0.014537360226046583,0.0,0.0,0.0,-0.01118387874670313,0.0,-0.015840184914297947,0.0,0.056479791333183135,0.0,0.0,0.14347018236672426,0.01623252322253195,0.0,0.0,0.03810466530330494,0.0,0.024661955109524722,0.0,0.0,0.0,0.0,-0.01938962245550962,0.0,0.0,0.0,0.0,-0.019807259320554167,-0.07164613078311624,0.0,0.0,-0.03863805271730168,0.0,0.0,-0.017039482746831865,-0.04559833642205228,-0.057583217111537216,0.0,0.0,0.0,0.0,0.0,0.0,0.014732484936680211,-0.04865420724022672,0.0,0.0,0.0,0.012330625353414337,-0.010821012387362602,-0.016518730772269292,-0.010988699371087915,0.0,0.0,0.0,0.0,-0.012592430870417998
2020-05-31,0.0,0.0,0.0,0.0,0.0,0.0,0.0,0.0,0.0,0.0,0.0,0.0,0.0,0.0,0.0,0.0,0.0,0.0,-0.033451919399214734,0.0,-0.04956454158281203,-0.035511412208677935,-0.08717803699903212,-0.021205970215342998,0.0,0.0,0.0,0.02151988957969785,0.0,0.0,0.0,0.0,0.0,0.0,0.0,0.0,0.0,0.0,0.0,0.0,0.0,0.0,0.0,0.0,0.0,0.0,0.0,0.0,-0.025913894301447235,0.0498382156616186,0.023362695230183726,0.0,0.06041834768779787,0.040528659370585265,0.022012912182225376,0.030465610234288138,0.04385860273433237,0.02638425668182416,0.03801614806437187,0.03539736304931113,0.0,0.0,0.0,0.0,0.02174729011918277,0.0,0.03698589815395756,0.0,0.0,-0.023426950697176038,0.0,0.0,-0.041209556540137526,0.0,0.0,-0.02122435054188413,0.0,-0.022484996290417735,0.0,0.0,-0.026503422134027125,0.0,0.0,0.02258594005087211,0.035453189979200196,0.0,0.0,0.0,0.0,0.025174769671965063,-0.030538943367157626,-0.02552377782664799,-0.02251243944461062,0.0,0.0,0.0,0.0,0.0
2020-06-30,0.0,0.0,0.0,0.0,0.0,0.0,0.0,0.0,0.0,0.0,0.0,0.0,0.0,0.0,0.0,0.0,0.0,0.0,0.0,0.0,-0.0436589245195755,-0.028841616479877482,-0.025291580576775656,0.0,0.0,0.0,0.0,0.03743335500749697,0.0,0.0,0.0,0.0,0.0,0.0,0.0,0.0,0.0,0.0,0.0,0.0,0.0,0.0,0.0,0.0,0.0,0.0,0.0,0.0,0.0,0.045151266763666244,0.04898218589948457,0.020596622731745236,0.06665497134267045,0.05455918920441488,0.025104690528126233,0.024209692651688892,0.03766587102763705,0.01760218862664052,0.03569501876429193,0.034358040541103356,0.0,0.027094949614512028,0.0,0.0,0.02873844482701596,0.0,0.029757772467890402,0.0,0.017475414657396313,-0.027312949519788646,0.038351901442869506,0.0,0.0,0.0,0.0,0.0,0.0,0.0,0.038019073588428196,0.0,-0.01958977336270938,-0.02167345844971414,0.0,0.03505908772129441,0.05356281914407123,0.0,0.0,0.0,0.0,0.04850691219909177,-0.025839514275865758,-0.025808444729091176,-0.017404269335066152,0.0,0.0,0.0,0.0,0.0
2020-07-31,0.0,0.0,0.0,0.0,0.0,0.0,0.0,0.0,0.0,0.0,0.0,0.0,0.0,0.0,-0.019259538031931537,0.0,0.0,-0.020205960049392492,0.0,0.0,-0.04384485335061616,-0.08795479799630601,0.0,-0.018154006559700918,0.0,0.0,0.0,0.0,0.0,0.0,0.0,0.0,0.0,0.0,0.0,0.0,0.0,0.0,0.0,-0.01747530224110005,0.0,0.0,0.0,0.0,-0.01581188996018657,0.0,0.0,0.0,0.0,0.020273390494000492,0.044212450879070705,0.0,0.02506126258029213,0.018356912594612085,0.0,0.0,0.018401880117737617,0.0,0.0208836775552833,0.0,0.0,0.01786141798907282,0.0,0.0,0.014940114340045428,0.0,0.015216856458486404,0.0,0.038476363231328616,-0.04859568332245034,0.0,0.0,0.0,-0.025133476680273926,0.0,-0.026704617286859633,0.0,-0.017757189362675306,0.0,-0.036092834951395314,-0.015077504065794745,0.0,0.0,0.054141091265775175,0.032360972964539006,0.0,0.0,0.0,0.0,0.03487216489577592,-0.18992196635000844,-0.023568887355575815,-0.02053897318368363,0.0,0.0,0.018843963886029446,0.0,0.0
2020-08-31,-0.024848030763090563,0.0,0.0,0.0,0.0,-0.05617738207000042,0.0,0.0,0.0,-0.1000156607536887,-0.019226325412217228,0.0,0.0,0.0,-0.029771358318083356,0.0,-0.017100981325590205,-0.03238667539880294,0.0,0.0,0.0,-0.02187538832426897,0.0,0.0,0.0,0.0,0.0,0.0,0.0,0.0,0.0,0.0,0.0,0.0,0.0,0.0,0.0,-0.04338789997719148,0.0,-0.015808509767406574,-0.11322549044909393,0.0,-0.0383640004816737,0.0,0.0,0.0,-0.0365610132546416,-0.06252967807380877,0.0,0.02775414225168211,0.02004635640385273,0.0,0.025187239849632562,0.026270215294318316,0.0,0.01988189286596842,0.022743787108608127,0.0,0.022367070141884417,0.024985718377965357,0.0,0.01807410127680254,0.0,0.0,0.0,0.0,0.0,0.0,0.030264838439680645,0.0,0.0,0.0,0.0,-0.020507115578990886,0.0,0.0,-0.02510256143219386,0.0,0.0,0.0,0.0,0.0,0.0,0.01513334260483034,0.0,0.0,0.0,0.0,0.0,0.023510086416997672,-0.049319169125901896,-0.01757396846113178,0.0,0.0,0.0,0.0,0.0,0.0
2020-09-30,-0.04174513593118029,0.0,0.0,-0.03209187659101655,0.0,-0.0660566694798812,0.0,0.0,0.0,-0.0778890933841233,-0.01922351835037973,0.0,0.0,0.0,-0.02208634365030395,0.0,0.0,0.0,0.0,0.0,0.0,-0.0282727724757749,0.0,0.0,0.0,-0.028951225492381417,-0.01833088382109847,0.0,0.0,0.0,0.0,-0.024884766609545455,0.0,-0.06089746301146962,0.0,0.0,0.0,-0.029374627047022206,0.0,-0.03269331667180041,-0.06230361805562654,-0.020719724994688216,-0.020553042404069317,0.0,-0.04678341664928117,0.0,-0.01966463076579657,-0.027997394677666557,0.0,0.025193001327367848,0.0,0.0,0.018867787172154864,0.01911483193570929,0.0,0.0,0.0,0.0,0.025094129768975678,0.02280642984852507,0.0,0.025569526701032356,0.0,0.0,0.0,0.0,0.03767652814866982,0.0,0.07397448636240962,0.0,0.0,0.0,0.0,-0.019257405770369315,0.0,0.0,0.0,0.0,0.0,0.0,0.0,0.0,0.0,0.0,0.0,-0.024735414766972955,0.0,0.0,0.0,0.027190938134707254,0.0,0.0,0.0,0.0,0.0,0.0,0.0,0.0
2020-10-31,-0.02924119351138547,0.0,0.0,-0.02058925291971286,-0.06696333576520366,0.0,-0.02304531224232305,0.0,0.0,-0.06224761760812031,0.0,0.0,0.0,0.0,0.0,0.0,0.0,0.0,0.0,0.0,-0.022239087102228106,-0.024833991378495495,0.0,0.0,0.0,-0.023217314142118164,-0.03008226791027924,0.0,0.0,0.0,0.0,-0.021855835514504287,0.0,-0.053937508405076176,0.0,0.0,-0.02633074076132004,-0.0300659146405009,0.0,0.0,0.0,-0.029642723544995524,0.0,0.0,-0.09257173625359066,0.0,0.0,-0.021761164746688943,0.0,0.03584774848829108,0.027297194140644028,0.020773722129718602,0.02440441657818557,0.024957185115665834,0.0,0.02885126029075065,0.035794446362750296,0.0,0.030009689145524765,0.0,0.0,0.027213952068384083,0.0,0.0,0.0,0.0,0.03181648799511889,0.0,0.0,0.0,0.0,0.0,0.0,0.0,0.0,0.0,0.0,0.0,0.0,-0.043911470130735875,-0.02072034769059392,0.0,0.0,0.0,0.0,-0.03811492318124921,0.0,0.0,0.0,0.03166216023584412,0.0,0.0,0.0,0.0,0.0,0.0,0.0,0.0
2020-11-30,-0.01595188494163529,0.0,0.0,0.0,-0.022092109710738227,0.0,-0.012789424701705581,0.0,0.0,-0.016944738555401823,0.0,0.0,0.0,0.0,0.0,0.0,0.0,-0.025852925537412266,0.0,0.0,0.0,-0.016784523136828808,0.0,0.0,0.0,0.0,0.0,0.0,0.0,0.0,0.0,0.0,0.0,0.0,0.0,0.0,-0.019525722653726835,-0.015925214512715547,0.0,0.0,0.0,0.0,0.0,-0.019106157493272713,-0.01919052519348293,0.0,0.0,0.0,0.0,0.07918804711260037,0.0,0.04114204119973257,0.062173438425858533,0.057454582922297104,0.0,0.06172569772404353,0.06995366859052987,0.033621523884469866,0.05250032089184201,0.016493809199248248,0.0,0.06817956781853968,0.035913717582568956,0.028217756508145925,0.0,0.02621162019090697,0.03975382173126811,0.014511156681736597,0.0,0.0,0.0,0.0,0.0,0.0,0.0,0.0,0.0,0.0,0.0,-0.017606638356241922,-0.01953838205406299,0.0,0.0,0.0,0.01359336762581491,0.0,0.0,0.0,0.03572162369483801,0.04233599136833377,0.0,0.0,0.0,0.0,0.0,0.0,0.0,0.0
2020-12-31,-0.010076970987983483,0.0,0.0,0.0,0.0,0.0,0.0,-0.014725996982492277,0.0,0.0,0.0,0.0,0.0,0.0,0.0,0.0,0.0,0.0,0.0,0.0,0.0,0.0,0.0,0.0,-0.009714815047374467,0.0,-0.0105487336566961,0.0,0.0,0.0,-0.009191068879071599,0.0,0.0,-0.01156295743183362,0.0,0.0,0.0,0.0,0.0,0.0,0.0,0.0,0.0,0.0,0.0,0.0,0.0,0.0,0.0,0.07574250173645616,0.021111913477997155,0.0143103493303852,0.05481339711274238,0.08413907347484817,0.0,0.0642261475837777,0.028770789983927698,0.055944517782799484,0.033100999008964446,0.014962870737400555,0.017044759847065136,0.102558843923269,0.06321183478034714,0.03743876206986946,0.0,0.05760775981124918,0.06584781620196696,0.0229831237362028,0.020073262124459063,0.0,0.0,0.0,0.0,0.0,0.0,0.0,0.0,0.011299751598867747,0.018565149632847777,0.0,0.0,0.0,0.0,0.009243477409919968,0.020020065743504636,0.0,0.0,0.0,0.021387960470903515,0.019774329434777072,0.0,0.0,0.0,0.0,0.0,0.0,0.0,0.0
2021-01-31,-0.01144367252878596,0.0,0.0,0.0,0.0,0.0,0.0,0.0,0.0,0.0,0.0,0.0,0.0,0.0,0.0,0.0,0.0,0.0,0.0,0.0,0.0,0.0,0.0,0.0,0.0,0.0,-0.01635726855419105,0.0,0.0,0.0,-0.011656866289672682,-0.01237545852453927,0.0,-0.017972455527265223,0.0,0.0,0.0,0.0,0.0,0.0,0.0,0.0,0.0,0.0,0.0,0.0,0.0,0.0,0.0,0.05551662002619654,0.045617571883146794,0.011475337240488779,0.021173976967407422,0.08997827463112246,0.0,0.04256516470490085,0.01447233088804496,0.02567943765869357,0.023749148824870444,0.015224496839037545,0.0,0.03831448620712874,0.03982293671880444,0.01645920645142177,0.0,0.024189141761361537,0.13604188695085395,0.03652206277811028,0.10790725625211806,0.0,0.01430289385104146,0.0,0.0,0.0,0.0,0.07185477583101336,0.0,0.01358529632124597,0.024209326197028765,0.0,0.0,0.0,0.0,0.012659601198310584,0.01972428181907522,0.0,0.0,0.0,0.0,0.015689526318884477,0.0,0.0,0.0,0.013459240255237984,0.0,0.0,0.0,0.0
2021-02-28,-0.018017240944155966,0.0,0.0,0.0,0.0,0.0,0.0,0.0,0.0,0.0,0.0,0.0,0.0,0.0,0.0,0.0,0.0,0.0,0.0,0.0,0.0,0.0,0.0,0.0,0.0,0.0,-0.01477978792322347,0.0,0.0,0.0,-0.014411210291895255,0.0,0.0,-0.016991437602864822,0.0,0.0,0.0,-0.012766653845710086,0.012281811091019897,0.0,0.0,0.0,0.0,0.0,0.0,0.0,0.0,0.0,0.0,0.04844953011373148,0.03544337611724731,0.0,0.0158330341701315,0.06256368906818581,-0.019739114713816203,0.02652096238556217,0.0,0.0,0.01790821862835081,0.0,0.0,0.02382790248244271,0.03769912748108969,0.0,0.015164913217977785,0.017871253620283686,0.05209375722489275,0.04926148525487079,0.07860936284972071,0.0,0.032895826208639414,0.023452949690695585,0.0,0.0,0.0,0.026400710744982864,0.0,0.012604486451169059,0.016013647153310342,0.0,0.0,0.0,0.0,0.0,0.04346833214688683,0.2,0.0,0.0,0.0,0.012400794868203044,0.026248118269833816,0.0,0.0,0.0,0.0,0.016281265439106008,0.0,0.0
2021-03-31,0.0,0.0,0.0,0.0,0.0,-0.020074565287232313,0.0,0.0,0.0,0.0,0.0,0.15152761321692518,0.0,0.0,0.0,0.0,0.0,0.0,0.0,0.0,-0.014945444477026908,-0.023879239366182498,0.0,0.03946130656193487,0.0,0.0,-0.03032859339108355,0.0,0.0,0.04028979007489393,0.0,-0.01539235069064284,0.0,-0.08506073234367562,0.0,0.0,0.0,0.0,0.0,0.0,0.0,0.0,0.0,-0.024452420514532246,0.0,0.0,0.0,0.0,0.0,0.02141926286040535,0.031062142851805214,0.0,0.0,0.016810268768448173,-0.016332273911028008,0.01443455489016075,0.0,0.0,0.019579399517048478,0.0,0.0,0.026264256067990686,0.03065104497354149,0.0,0.013793694047703453,0.019321279030378953,0.04068085610934528,0.0603805397234054,0.07890224177444931,0.0,0.027657682861861207,0.021131038559922027,0.016395090626208704,0.0,0.0,0.0,0.0,0.0,0.0,0.0,0.0,0.0,0.0,0.015249597869788327,0.04208392083417753,0.0,0.0,0.0,0.0,0.016010658986416095,0.02642813981178568,0.0,0.0,0.0,0.0,0.0,0.0,0.0
2021-04-30,0.0,0.0,0.0,0.0,0.0,0.0,0.0,0.0,0.0,0.0,0.014926849006369864,0.2,0.0,0.0,0.0,0.0,0.0,0.0,0.0,0.0,0.0,-0.012652455701876378,0.0,0.0,0.04602521024837314,0.0,0.0,0.0,0.011275460434487697,0.06516730123776471,0.0,0.0,0.062147558895941715,-0.03308210677121273,0.0,0.0,0.0,0.0,0.0,0.0,0.0,0.0,0.0,-0.01231936513800174,0.0,0.0,0.0,0.0,0.0,0.014409848230428549,0.0504169667373007,0.0,0.0,0.0,0.0,0.0,0.0,0.0,0.0,0.0,0.0,0.03672914198853448,0.02518651996170427,0.02346670009067662,0.0,0.047800571196263075,0.025306762720312848,0.04134322561790448,0.04087377936734847,0.0,0.016745520260208306,0.014005079782494073,0.03004978961035794,0.0,0.019643018325317427,0.014934814017385634,0.0,0.01196880782921629,0.0,0.0,0.0,0.016502550707868564,0.0,0.0,0.011888416488433352,0.0,0.0,0.0,0.0,0.0,0.0528694063284087,0.011240479913856866,0.0,0.0,0.0,0.0,0.013954676647430607,0.023067616744520784
2021-05-31,0.0,0.0,0.0,0.0,0.0,0.0,0.0,0.0,0.0,0.0,0.013421239993150822,0.2,0.0,0.0,0.0,0.0,0.0,0.0,0.0,0.0,0.0,0.0,0.0,0.013142405354221662,0.018620261467228203,0.0,0.0,0.0,0.0,0.09701184599244891,0.0,0.0,0.06503409010963553,-0.023052094860864895,0.0,0.0,0.0,0.0,0.013304309812683119,0.0,0.0,0.0,0.0,-0.020129754898778426,0.0,0.0,0.019113395706121545,0.0,0.0,0.01413999182368323,0.04965364604318654,0.0,0.0,0.0,0.0,0.013989932374692808,0.0,0.0,0.0,0.0,0.0,0.018745326367126936,0.02208706761803869,0.0,0.012819215466318399,0.03271553700942061,0.02727364698920816,0.034824052415753565,0.029899555536742006,0.0,0.014588434480176746,0.0,0.03450408041967348,0.013781847419134897,0.0,0.0,0.0,0.01702097230872751,0.015503045140234201,0.0,0.0,0.0,0.0,0.0,0.0,0.0,0.0,0.0,0.013317874138845465,0.0,0.0675838008287181,0.0,0.0,0.043505572172432005,0.0,0.0,0.013655901791869261,0.027561101460884155
2021-06-30,-0.023858601737026554,0.0,0.0,0.0,-0.01691058117842285,0.0,0.0,0.0,0.0,0.0,0.05029928539351811,0.2,0.0,0.0,-0.01669204307916557,-0.02177559955739474,0.0,0.0,0.0,0.0,0.0,0.0,0.0,0.0,0.014997400695953372,0.0,0.0,0.0,0.0,0.050023009062623386,0.0,0.0,0.037468073152617916,0.0,0.0,0.0,0.0,-0.02192894606750213,0.014880185278229595,0.0,0.0,0.0,0.0,0.0,0.0,0.0,0.0,0.0,0.0,0.018145615178744384,0.053823256178154734,0.0,0.021947478847201003,0.016247201445637762,0.0,0.02557761548994557,0.0,0.015876092519526225,0.0,0.015751429621066477,0.01838508705099777,0.0,0.0,0.0,0.0,0.0,0.058790093619540976,0.04072920660507734,0.032990531457393085,0.0,0.0,0.0,0.027718379503690396,0.0,0.0,0.0,0.0,0.020151800388834643,0.0,0.0,0.0,0.0,0.0,0.0,0.0,0.0,0.0,0.0,0.046235355623514385,0.0,0.02824496206281051,0.0,0.0,0.0,0.022407602269710582,0.02016604379224091,0.024265662958654594,0.023712860184804535
2021-07-31,0.0,0.0,0.0,0.0,0.0,0.0,0.025806299063991595,0.0,0.0,0.013581762323479142,0.09585825691403618,0.2,0.023675038321671695,0.0,0.0,0.0,0.0,0.0,0.0,0.0,0.0,-0.014876907076358538,0.0,0.0,0.025341985499255378,0.0,0.0,0.0,0.0,0.022654793187007402,0.0,0.0,0.03495524924527962,0.0,0.0,0.0,0.0,0.0,0.019831525238845488,0.0,0.0,0.0,0.0,0.0,0.0,0.0,0.0,0.0,0.0,0.0,0.035258702237314955,0.0,0.0,0.0,0.0,0.0,0.0,0.0,0.0,0.0,0.0,0.0,0.0,0.0,0.0,0.0,0.02010213650498606,0.02792818678123822,0.026808290184915512,0.012604278199129652,0.021021413733795017,0.030219223179136834,0.04517428666377123,0.029316881528943458,0.0655101732639778,0.03167807579660025,0.013176258453478182,0.021080035263216793,0.0,0.0,0.0,0.02730990345747631,0.0,0.01953552735621275,0.0,0.0,0.0,0.0,0.012190982585118207,0.0,0.0,0.013043451168446202,0.0,0.0,0.0,0.014930134590380936,0.021747982451848998,0.03478225973008755
2021-08-31,0.0,0.0,0.0,0.0,0.0,0.0,0.0,0.0,0.0,0.0,0.02080690241383505,0.2,0.0,0.0,0.0,0.0,0.0,0.0,0.0,0.0,0.0,0.0,0.0,0.0,0.0,0.0,0.0,0.0,0.0,0.01895617297325654,0.0,0.0,0.017227205366301863,0.0,0.0,0.0,0.0,0.0,0.02958988921115066,0.0,0.0,0.0,0.0,0.0,0.0,0.0,0.0,0.0,0.0,0.0,0.030710979642721688,0.0,0.0,0.012473678361386714,0.0,0.0,0.0,0.0,0.0,0.0,0.0,0.0,0.0,0.0,0.0,0.0,0.030524055543918068,0.03624181957785986,0.03264046157889521,0.018085332282005154,0.04562082395318945,0.03335011043875603,0.026363983239891753,0.035310086515384684,0.01917469821072098,0.12875302999173271,0.018117786832253513,0.026777202935487972,0.0,0.0,0.0,0.026860218496878002,0.0,0.02055784430313881,0.01677792464044819,0.014272111477740504,0.0,0.0,0.01631904715956661,0.0,0.020195062375851325,0.0,0.0,0.01431832296158171,0.018308488208896394,0.027946799300726785,0.012736831536414854,0.030983130470008897
2021-09-30,0.0,0.0,0.0,0.0,0.0,0.0,0.017509653900657698,0.0,0.02572207049948544,0.048821422433068605,0.04381376232685008,0.2,0.03436037042024246,0.0,0.0,0.0,0.031257959570900655,0.0,0.0,0.0,0.0,0.0,0.0,0.0,0.0,0.0,0.023675832416286357,0.019128307149120855,0.0,0.04054488894938852,0.0,0.0,0.03356869127807387,0.0,0.0,0.0,0.0,0.0,0.02673986604297436,0.0,0.0195332935307506,0.0,0.0,0.0,0.0,0.0,0.0,0.0,0.0,0.0,0.020259821588103424,0.0,0.0,0.0,0.0,0.0,0.0,0.0,0.0,0.0,0.0,0.0,0.03332403966533446,0.0,0.019337394245460493,0.0,0.027559519982759125,0.037714393999510654,0.018770102521527696,0.04325682201964618,0.0,0.0,0.0,0.0434527469108412,0.0,0.031041334200581996,0.0,0.022766634473667252,0.0,0.0,0.0,0.017321289030047215,0.0,0.0,0.0,0.02225725112410634,0.01842275502616047,0.0,0.0,0.0,0.018652325200022392,0.02590422287985745,0.0182526362930622,0.0,0.0,0.0,0.017030592321511974,0.0
2021-10-31,0.0,0.0,0.0,0.0,0.0,0.0,0.0,0.0,0.0,0.015319303695297316,0.015912231855592072,0.2,0.019802425250069595,0.011845468365860349,0.0,0.0,0.0,0.0,0.0,0.0,0.0,0.0,0.0,0.0,0.0,0.0,0.013843898295200677,0.0,0.022162020620014402,0.014128766694267667,0.0,0.02092384973737626,0.025452684060196015,0.0,0.0,0.0,0.0,0.0,0.053819176227223785,0.0,0.0,0.0,0.0,0.0,0.0,0.0,0.0,0.0,0.026440447196568653,0.0,0.019883927105261393,0.0,0.0,0.0,0.0,0.0,0.0,0.0,0.0,0.0,0.0,0.0,0.06984393560322368,0.0,0.0,0.0,0.0,0.03599491564656873,0.0120425864411765,0.024851140366459103,0.0,0.0,0.015728050933401412,0.2,0.014821309148667104,0.01959690208195158,0.0,0.011959259250574054,0.0,0.0,0.01905414397199724,0.012969654565068415,0.0,0.0,0.0,0.012192899754476303,0.0,0.015212678599114024,0.017596572351749537,0.0,0.028670785978499848,0.01734111889529587,0.0,0.01258984730884843,0.0,0.0,0.0,0.0
2021-11-30,0.0,0.0,0.0,0.0,0.01678692080067436,0.0,0.05847099603408378,0.0,0.014759049360070968,0.034329433398539076,0.02139087584977043,0.2,0.05263709318437631,0.017899791013852234,0.0,0.0,0.0,0.0,0.0,0.030507420190639303,0.0,0.0,0.0,0.0,0.0,0.0,0.01682480386526833,0.0,0.018326950698587103,0.02904427042776881,0.0,0.0,0.03219447163972149,0.0,0.0,0.04632542832025811,0.0,0.0,0.015409158104794868,0.0,0.0,0.014205826563658142,0.0,0.0,0.0,0.0,0.01557678021214065,0.0,0.01890727081116597,0.0,0.021577322146681125,0.0,0.0,0.0,0.0,0.0,0.0,0.0,0.0,0.0,0.0,0.0,0.0,0.0,0.0,0.0,0.0,0.021907528550716822,0.0,0.026207132867317073,0.0,0.0,0.0,0.041033213603194355,0.0,0.018030518872639543,0.0,0.0,0.0,0.0,0.0166536646949742,0.020443552477403964,0.0,0.0,0.0,0.0,0.0,0.0,0.0,0.0,0.03575291664294394,0.035621923029245536,0.0,0.02118314607770543,0.0,0.0,0.01807267463501527,0.06991986592679272
2021-12-31,0.0,0.0,0.0,0.0,0.0,0.02111297859179618,0.05063464800378305,0.0,0.0,0.03884104055695245,0.027423066214562464,0.2,0.026816906396495855,0.020438177272249575,0.0,0.018148005120760282,0.0,0.0,-0.020701787911395333,0.0,0.0,0.0,0.0,0.0,0.0,0.0,0.015941445041556472,0.0,0.0,0.03404074008293895,0.0,0.0,0.0592552362773532,0.0,0.0,0.0,0.0,0.0,0.023535150873531377,0.0,0.0,0.0,0.0,0.0,0.0,0.0,0.0,0.0,0.0,0.0,0.02308594180531992,0.0,0.0,0.0,0.0,0.0,0.0,0.0,0.0,0.0,0.0,0.0,0.0,0.0,0.0,0.0,0.0,0.02368084674607603,0.0,0.024030089942959118,0.0,0.0,0.0,0.05632656688656257,0.036049857515672044,0.018121010254509917,0.016167920717874717,0.0,0.020580022800299937,0.0,0.0,0.0,0.028278665212380483,0.0,0.0,0.0,0.016048987378651524,0.022126859517719394,0.015201465926594116,0.0,0.0,0.022092952054772488,0.01647766717652396,0.03524070263474311,0.0,0.0,0.01650412517842632,0.05309713590753924
2022-01-31,0.0,0.0,0.0,0.0,0.0,0.028892689374709957,0.10230223038287707,0.0,0.0,0.07349696824802525,0.04123833949821587,0.2,0.02683700399750796,0.01807842087754736,0.0,0.019723978017690654,0.025962182156922205,0.0,0.0,0.0,0.0,0.0,0.0,0.030002443906620758,0.0,0.0,0.017338690210031878,0.0,0.0,0.027072718613502657,0.0,0.0,0.041978893097558624,0.0,0.0,0.0,0.0,0.0,0.01709036945919218,0.0,0.0,0.0,0.0,0.0,0.0,0.0,0.0,0.0,0.0,0.0,0.0,0.0,0.0,0.0,0.0,0.0,0.0,0.0,0.0,-0.025435806347737927,0.0,0.0,0.0,0.0,0.0,0.0,0.0,0.027799085303900573,0.0,0.024113427951654758,0.0,0.0,0.0,0.02344599854627884,0.0,0.019905815150342104,0.022721877094553734,0.0,0.02084789099057804,0.0,0.0,0.0,0.022465191751547625,0.0,0.0,0.01825949203610271,0.018515729156576715,0.0,0.0,0.0,0.0,0.01647412101480591,0.020758673504138833,0.0154064487668243,0.01598251134506419,0.022178881733650346,0.0,0.015674121465841007
2022-02-28,0.0,0.0,0.0,0.0,0.0,0.03294976061199321,0.10272878541173468,0.0,0.0,0.056211082325604234,0.030709911583400935,0.2,0.029503306323801905,0.019254539464846097,0.0,0.027690357474405902,0.026272708499833205,0.020913688454462287,0.0,0.0,0.0,0.0,0.0,0.03163495371949964,0.0,0.0,0.03638743833703885,0.0,0.0,0.022506916246730624,0.0,0.0,0.026116498809423534,0.0,0.0,0.01578453736822227,0.0,0.0,0.017779022024219163,0.0,0.0,0.0,0.0,0.0,0.0,0.0,0.0,0.0,0.0,0.0,0.03886717493318983,0.0,0.0,0.0,0.0,0.0,0.0,0.0,0.0,0.0,0.0,0.0,-0.026463979162208003,-0.025501651006140214,-0.018052101690749795,0.0,0.0,0.01617763514485541,0.016625880082352905,0.030048272581473762,0.0,0.015444080506960611,0.0,0.022072950773651585,0.0,0.0,0.018013037524157765,0.015305335477486512,0.0,0.0,0.0,0.0,0.0,0.0,0.0,0.0,0.01770567226726869,0.0,0.0,0.0,0.0,0.0,0.016196089282993542,0.0,0.0,0.0,0.02708263291129491,0.0
2022-03-31,0.0,0.0200517128115722,0.014776339188556396,0.0,0.01560056794175638,0.03491254987120126,0.07475786012731389,0.0,0.019771349061397478,0.05841969526404598,0.027241763786732015,0.2,0.03141399136309101,0.024684312633671664,0.023478543113590877,0.030071979325938192,0.10189737511609875,0.014987989557437907,0.0,0.0,0.0,0.0,0.0,0.017025042718297058,0.0,0.0,0.028157655868974854,0.0,0.019516341459794546,0.0,0.0,0.014313814256112884,0.020239089372194832,0.0,0.014656019017588215,0.038707757974664164,0.0,0.0,0.0,0.0,0.0,0.017907154900830845,0.0,0.0,0.0,0.02052961339212834,0.0,0.0,0.020903414457897982,0.0,0.0,0.0,0.0,0.0,0.0,0.0,0.0,0.0,0.0,0.0,0.0,0.0,0.0,-0.02030487931600093,0.0,0.0,0.0,0.0,0.013936314284879271,0.024150897639812593,0.01763902534881161,0.0,0.0,0.019946950829607943,0.0,0.0,0.0,0.0,0.0,0.0,0.0,0.0,0.0,0.0,0.0,0.0,0.0,0.0,0.0,0.0,0.0,0.0,0.0,0.0,0.0,0.0,0.0,0.0
2022-04-30,0.0,0.05630832036741273,0.011851734302342529,0.0,0.027381165593182724,0.021693462227000665,0.029019487323162327,0.0,0.02026412565527224,0.02605205575149997,0.036928625376880624,0.2,0.11491369653660098,0.023254324686914227,0.021953900448287544,0.02633726177195845,0.045323059286214336,0.0,0.0,0.014839573581829786,0.0,0.0,0.0,0.011405640651549143,0.0,0.0,0.03987099905451132,0.0,0.016003215614148546,0.010803496547512049,0.013920040894745134,0.0,0.010152360254972634,0.0,0.0,0.05834325088226033,0.0,0.0,0.0,0.0,0.0,0.0,0.0,0.0,0.018511998638806784,0.011227802875384017,0.0,0.010705226753782035,0.05135990620326776,0.0,0.0,0.0,0.0,0.0,0.0,0.0,0.0,0.0,0.0,0.0,0.0,0.0,0.0,0.0,0.0,0.0,0.0,0.0,0.0,0.01869500876843093,0.016611351792139396,0.0,0.0,0.013155924898188573,0.0,0.0,0.0,0.0,0.0,0.0,0.0,0.0,0.0,0.0,0.0,0.0,0.0,0.0,0.0,0.0,0.0,0.0,0.0,0.02311298326174207,0.0,0.0,0.0,0.0
2022-05-31,0.12108439924869939,0.0,0.02121477307063927,0.0484213260867073,0.013788694511527342,0.023362159293272063,0.030412863413264928,0.0,0.024152783494374365,0.04647673842171678,0.03528350579770247,0.026233404065424362,0.020758488012635936,0.02648353402847332,0.07095076592284402,0.11275926351322896,0.05977361444065317,0.02080264352887093,0.0,0.0,0.015259124877417716,0.019407622847102318,0.0,0.0,0.025401505684934936,0.0,0.0,0.0,0.0,0.0,0.01464935322474068,0.025534594187118138,0.029236887355904045,0.020222909712693173,0.0,0.028328143145988822,0.0381017948290128,0.0,0.015734457380439517,0.015464901086098605,0.0,0.0,0.0,0.0,0.0,0.0,0.0,0.0,0.015187121351920357,0.0,0.021606738331018945,0.0,0.0,0.0,0.0,0.0,0.0,0.0,0.0,0.0,0.0,0.0,0.0,0.0,0.0,0.0,0.0,0.0,0.0,0.013905889135575448,0.0,0.0,0.0,0.0,0.0,0.0,0.0,0.0,0.0,0.0,0.0,0.0,0.0,0.0,0.0,0.0,0.0,0.0,0.0,0.0,0.0,0.0,0.0,0.0,0.0,0.0,0.0,0.0
2022-06-30,0.030851099444617794,0.0,0.01933017550162891,0.023255330724039278,0.019005012436413504,0.015927246956216425,0.027580388882022005,0.019170504854213875,0.028550276038522063,0.08990550985185802,0.028104083316630654,0.026173752180022818,0.028012061543383624,0.03478867037145078,0.0771747607898417,0.032626860117568365,0.0653596561942871,0.0,0.0,0.0,0.0,0.0,0.0,0.0,0.035259176499983585,0.0,0.0,0.0,0.0,0.04591256850567754,0.02123354373966906,0.03150171981817355,0.02750103591576299,0.0,0.02777806743774607,0.02354742441650857,0.0,0.0,0.017497829437643442,0.0,0.0,0.0,0.0,0.0,0.0264435255503907,0.05658339571819472,0.0,0.0,0.020210761666214223,0.0,0.04093644080930567,0.0,0.0,0.0,0.0,0.0,0.0,0.0,0.0,0.0,0.0,0.0,0.0,0.0,0.0,0.0,0.0,0.0,0.0,0.018793324856443718,0.0,0.0,0.0,0.0,0.0,0.0,0.0,0.0,0.0,0.0,0.040985796425569224,0.0,0.0,0.0,0.0,0.0,0.0,0.0,0.0,0.0,0.0,0.0,0.0,0.0,0.0,0.0,0.0,0.0
2022-07-31,0.020214071515906592,0.0,0.0,0.017824300427631196,0.02170040005717729,0.0,0.022996189072011144,0.0,0.0,0.025447383669696934,0.01947527731722651,0.025925546385793075,0.02892490808979923,0.02720028478372111,0.02071133558125994,0.023968959677609713,0.028126077983619147,0.0,0.0,0.0,0.0,0.0,0.0,0.020799283830603123,0.0,0.0,0.0,0.0,0.0,0.13333440921204875,0.0,0.0,0.0,0.0,0.0,0.0,0.0,0.0,0.0,0.0,0.0,0.0,0.0,0.0,0.0,0.021787110701569412,0.0,0.0,0.0,0.0,0.035573134678771205,-0.01708173909855848,0.0,0.028176928129621477,0.0,-0.024842390456904666,-0.07001369709673237,0.0,0.0,0.0,0.0,-0.10816272005456866,0.0,0.0,-0.0198059050226826,-0.04103684078510945,0.0,0.0,0.0,0.0,0.0,0.0,0.0,0.037354271190455965,0.0,0.0,0.021517320347207804,0.016877102032549503,0.0,0.0,0.0,0.0,0.0,0.0,0.0,0.0,0.0,0.0,0.0,0.0,0.0,0.018738559546555792,0.033838200471399404,0.0,0.0,0.0,0.035571457525013325,0.032974195258196136
2022-08-31,0.028721054627778863,0.0,0.021924331358043385,0.022399296093731008,0.032109785018002504,0.0,0.03528652178904882,0.0,0.0,0.0,0.028766776402186885,0.03224428017227219,0.02916999117367375,0.03789848614162231,0.028985808973547345,0.03321232341266673,0.04444849527333752,0.037027422758790875,0.0,0.0,0.0,0.0,0.0,0.04517758860259489,0.02073954573624499,0.0,0.0,0.0,0.02229985562808181,0.06986162144592434,0.0,0.0,0.02120211247269264,0.0,0.0,0.0,0.0,0.0,0.021437787391099,0.0,0.0,0.0,0.0,0.0,0.022537311182253602,0.03349254094337973,0.0,0.0,0.0,0.0,0.08771745535556748,-0.023886259723689053,0.0,0.041132328794451986,0.0,-0.025610436372473268,0.0,0.0,0.0,0.0,0.0,0.0,0.0,0.0,0.0,-0.04111502758882745,0.0,0.0,0.0,0.0,0.0,0.0,0.0,0.02558121345026763,0.0,0.0,0.02143171769945921,0.0,0.0,0.0,0.0,0.0,0.0,0.0,0.0,0.0,0.0,0.0,0.0,0.0,0.0,0.022888880115393213,0.041693744302897545,0.0,0.0,0.0,0.0,0.0
2022-09-30,0.02833476025272511,0.0,0.026973832743627704,0.024004352243932194,0.0472239823836434,0.0248469496300435,0.04561041211894404,0.0,0.026788907614338758,0.0,0.026428864656569715,0.03565924704996488,0.027813709946359916,0.030950090034884192,0.05168328502691124,0.06227171640344258,0.04596468577433315,0.03708637475822679,0.0,0.0,0.022644920269665945,0.0,0.0,0.04845004210930114,0.0,0.0,0.0,0.0,0.0,0.06530784845464345,0.0,0.0,0.0,0.0,0.02232068328159991,0.022544334938936327,0.0,0.02039252707224658,0.0,0.0,0.0,0.0,0.0,0.0,0.023906590072258833,0.04006917022071571,0.0,0.0,0.0,0.0,0.0364524891589286,0.0,0.0,0.0,0.0,-0.02132838434454593,-0.02224028996536021,0.0,0.0,0.0,0.0,0.0,0.0,0.0,-0.025218722746088072,-0.02590839094979597,0.0,0.0,0.0,0.0,0.0,0.0,0.0,0.0,0.0,0.0,0.0,0.0,0.0,0.0,0.0,0.0,0.0,0.0,0.0,0.0,0.0,0.0,0.0,0.0,0.0,0.02131655797695113,0.040257877801015154,0.0,0.0,0.0,0.0,0.0
2022-10-31,0.02060625691627009,0.0,0.0426804590661042,0.030368982643763396,0.03789310419904913,0.022400607538962152,0.04347479713822733,0.0,0.02407344933025157,0.0,0.0,0.036883789270678875,0.023902984974626087,0.02474526611315833,0.030242726090871887,0.036035084963170046,0.0253692892784194,0.025930831362922045,0.0,0.0,0.031081334121879956,0.0,0.0,0.0,0.0,0.0,0.0,0.0,0.0,0.09254045815909487,0.0,0.0,0.0,0.0,0.02330844543201557,0.042875670189504646,0.0,0.046043351080160715,0.0,0.025153455101275077,0.0,0.0,0.0,0.0,0.0,0.02002915459642301,0.0,0.0,0.0,0.0,0.05100030178087602,-0.02398896980095478,0.0,0.0,0.0,0.0,-0.023619638640590565,0.0,0.0,0.0,0.0,0.0,0.0,0.0,-0.028245228035409204,0.0,0.0,0.0,-0.040701291005442286,0.0,-0.0440672294613096,-0.023945495830287933,0.0,0.0,0.0,0.0,0.0,0.0,0.0,0.0,0.0,0.0,0.0,0.0,0.0,0.0,0.0,0.0,0.0,0.0,0.0,0.021839187197358795,0.03695316068094241,0.0,0.0,0.0,0.0,0.0
2022-11-30,0.01780301513072769,0.0,0.03168457332104655,0.019620874024181556,0.03704828392942857,0.017630503121198605,0.03484164559609145,0.021065003198348486,0.01719484897732714,0.0,0.0,0.04470680110196026,0.025947110869614803,0.0,0.0,0.019852692572803688,0.0,0.021768092859746926,0.0,0.0,0.01801236822049737,0.0,0.0,0.01919917951313086,0.0,0.0,0.0,0.0,0.0,0.18509178467072604,0.0,0.0,0.0,0.0,0.016099113118960146,0.03608767897721122,0.0,0.050606042031993766,0.0,0.0,0.0,0.0,0.0,0.0,0.0,0.0,0.0,0.0,0.0,-0.020752419531657938,0.0,-0.03066188958429356,0.0,0.0,0.0,-0.01699506161544516,-0.028500182745205542,0.0,0.0,0.0,0.0,0.0,0.0,0.0,-0.02189545355910922,0.0,-0.016131095099427756,0.0,-0.016599112282071442,0.0,-0.12459137031427152,-0.021828719149252246,0.0,0.0,0.0,0.0,0.0,0.0,0.0,0.0,0.0,0.0,0.0,0.0,0.0,0.0,0.0,0.0,0.0,0.0,0.015345558426488414,0.01684637406089536,0.03559315239688681,0.0,0.0,0.0,0.0,0.0
2022-12-31,0.019548543508900885,0.01941113346616933,0.030093276111042653,0.02402029609960826,0.030914800160397955,0.0,0.026992468040525717,0.01832669819653073,0.020736701608929372,0.0,0.0,0.05026476695871285,0.024601228003417724,0.0,0.0,0.017993212669258293,0.020251785188101244,0.0346477514496311,0.046593968172890673,0.0,0.02302839642469811,0.0,0.0,0.027705441586137743,0.0,0.0,0.0,0.0,0.0,0.12582991302000865,0.0,0.0,0.0,0.0,0.025073172466709988,0.056393908374085394,0.0,0.05866973901511795,0.0,0.0,0.0,0.0,0.0,0.0,0.0,0.0,0.0,0.0,0.0,0.0,0.025627537403767473,0.0,0.0,0.0,0.0,0.0,0.0,0.0,0.0,0.0,0.0,-0.054000450081066145,0.0,-0.015580223276321716,-0.049605092725406336,0.0,0.0,0.0,0.0,0.01599441475528924,0.0,0.0,0.0,0.0,0.0,0.0,0.0,0.0,0.015549010476383998,0.0,0.01623644129711833,0.0,0.0,0.0,0.0,0.0,0.0,0.0,0.0,0.0,0.023005422951039956,0.02937165566320281,0.05393255084952936,0.0,0.0,0.0,0.0,0.0
2023-01-31,0.028119816868262367,0.023970179192307074,0.033931642259648835,0.025972831154267025,0.040876222469788594,0.0,0.03103765243773236,0.0,0.03390923882388256,0.0,0.0,0.031933960252237194,0.039611835690898954,0.0,0.02037652092637293,0.03001760747859725,0.0,0.054013486122413135,0.05960154344828654,0.0,0.027041785598977318,0.023326082682357672,0.029799736229182857,0.04296279199393822,0.0,0.0,0.0,0.0,0.0,0.03078109226130717,0.0,0.0,0.0,0.0,0.037309059129507376,0.05218829856655181,0.0,0.021734884893222756,0.0,0.0,0.0,0.0,0.0,0.02071194800066668,0.0,0.0,0.0,0.0,0.0,0.0,0.030342947146234263,0.0,0.0,0.0,0.0,0.0,0.0,0.0,0.0,0.0,0.0,-0.08903590000810284,0.0,-0.02414462449406443,0.0,0.0,0.0,0.0,0.0,0.023996926735981288,0.0,0.0,0.0,0.0,0.0,0.0,0.0,0.0,0.0,0.0,0.026502574896069688,0.0,0.0,0.0,0.0,0.0,0.0,0.0,0.0,0.0,0.0,0.022718551681228195,0.021509246571723904,0.0,0.0,0.0,0.0,0.02252101198618866
2023-02-28,0.052743003075027745,0.04232060265896717,0.047560155566435565,0.024262983170009137,0.033553015644448514,0.017824579195193476,0.02455595121752673,0.014520234108951327,0.04616919794584784,0.012965628754850023,0.0,0.017244490813714427,0.0,0.016536318121371962,0.017396566519113896,0.07310822980840913,0.0,0.013766273002817074,0.014457636832127014,0.0,0.01593631032801731,0.0,0.0,0.0,0.0,0.0,0.0,0.0,0.0,0.0,0.0,0.0,0.0,0.0,0.019592080858096963,0.02055191979550426,0.0,0.0,0.0,0.03683083498182719,0.2,0.01979727866764106,0.0,0.0142963644867629,0.029207454140665064,0.03677242404941147,0.08330244296302863,0.014883466739081759,0.0,0.0,0.013734560955338204,0.0,0.0,0.0,0.0,0.0,0.0,0.0,0.0,0.0,0.0,0.0,0.0,0.0,0.0,0.0,0.0,0.0,0.0,0.012771107096678475,0.0,0.0,0.0,0.0,0.0,0.0,0.0,0.0,0.0,0.0,0.0,0.0,0.0,0.0,0.0,0.0,0.0,0.0,0.0,0.0,0.0,0.0,0.0,0.0,0.0,0.0,0.0,0.013338888503135807
2023-03-31,0.05529168802364824,0.0747936637591298,0.0,0.0,0.03884853960099234,0.021820152585216128,0.0208687538248644,0.0,0.034486182337261514,0.0,0.0,0.024086556792973578,0.0,0.01885004657134528,0.027920727294474215,0.04505819731915962,0.0,0.02839358981758779,0.02628771696070097,0.0,0.031787346983452563,0.02303890876206131,0.07713903909413905,0.0,0.02827322991464129,0.0,0.0,0.0,0.0,0.0,0.0,0.0,0.023492050978647396,0.0,0.029902951766337976,0.03609845033288373,0.037239069105095064,0.0,0.0,0.034211026267175676,0.02091207791044963,0.0,0.0,0.03488365874882113,0.030503934757889928,0.0,0.05555334861716333,0.019421490142539823,0.0,0.0,0.0,0.0,0.0,0.0,0.0,0.0,0.0,0.0,0.0,0.0,0.0,0.0,0.0,0.0,0.0,0.0,0.0,0.0,0.0,0.0,0.0,0.0,0.0,0.0,0.0,0.0,0.0,0.02242464479366,0.024605907997305262,0.0,0.033061403824707465,0.0,0.0,0.0,0.0,0.0,0.0,0.0,0.0,0.020745645115675497,0.0,0.0,0.0,0.0,0.0,0.0,0.0,0.0
2023-04-30,0.05208403623299086,0.038390103110879384,0.0,0.0,0.03222782105861338,0.021103500486293305,0.0,0.09068684979775941,0.026781129046292783,0.014895545545324705,0.0,0.022946518919341023,0.0,0.015016086398649696,0.0,0.028134684380578673,0.015525969916873475,0.03595055161117781,0.02551656407787742,0.0,0.018644123739312606,0.01751325219329492,0.05043692558985051,0.0,0.0,0.0,0.0,0.0,0.0,0.1112715727437535,0.01854895518068247,0.017928310174382806,0.029321496734019386,0.0,0.03541467598738485,0.04703551003922804,0.039378718312470966,0.0,0.0,0.022355460927609,0.0,0.0,0.0,0.02018146459179273,0.0,0.0,0.0,0.0,0.0,0.0,0.0,0.0,0.0,0.0,0.0,0.0,0.0,0.0,0.0,0.014914192264243379,0.0,0.0,0.0,0.0,0.0,0.0,0.0,0.0,0.0,0.0,0.0,0.0,0.0,0.0,0.0,0.0,0.0,0.0,0.0600340724886464,0.0,0.03658239168564952,0.0,0.0,0.022005122604018778,0.0,0.0,0.0,0.0,0.0,0.01917439416100827,0.0,0.0,0.0,0.0,0.0,0.0,0.0,0.0
2023-05-31,0.030886677530947336,0.01895313254547414,0.0,0.0,0.02421762681641701,0.01737505940227859,0.0,0.03200364067172912,0.0,0.1123523936264564,0.0,0.0,0.0,0.0,0.018445886329094503,0.040660423036529614,0.0,0.017388221085011174,0.09460738831760436,0.0,0.0,0.0,0.0,0.0,0.0,0.0,0.0,0.0,0.0,0.028201801133162382,0.041003753608096626,0.036301939886052265,0.051883311668727373,0.0,0.0,0.02057098490820026,0.03083372107739853,0.0,0.0,0.03140875099841968,0.0,0.0,0.02583138559274675,0.024748959370802005,0.02474760531044817,0.0,0.0,0.03386145801532017,0.02170837413042524,0.0,0.0,0.0,0.0,0.0,0.0,0.0,0.0,0.0,0.0,0.0,0.0,0.0,0.0,0.0,0.0,0.0,0.0,0.0,0.03618798959608081,0.0,0.0,0.0,0.0,0.0,0.0,0.0,0.024032728313530205,0.018064625469272056,0.020474833708274888,0.0,0.037895522506357845,0.0,0.0,0.0239077363462975,0.0,0.0,0.0,0.04033754828999242,-0.02110652070885268,0.0,0.0,0.0,0.0,0.0,0.0,0.0,0.0,0.0
2023-06-30,0.014061329190469912,0.0,0.022590487666911935,0.0,0.029209083518814946,0.0,0.0,0.0,0.0,0.02329446404850145,0.0,0.060593584195099685,0.0,0.0,0.0,0.09972825008596727,0.0,0.017234013631057442,0.0884947734525616,0.0,0.0,0.0,0.0,0.0,0.0,0.0,0.0,0.0,0.0,0.01773282975607675,0.05027473773585166,0.015032175525287675,0.02674907703375039,0.01864561753640905,0.0,0.011287897414124011,0.023948201144313955,0.017679636047814983,0.0,0.012801479634345322,0.0,0.0,0.0,0.04237892178416642,0.014195492654021289,0.0,0.0,0.021920897754390763,0.0,0.0,0.0,0.0,0.0,0.0,0.0,0.0,0.0,0.0,0.0,0.0,0.0,0.0,0.0,0.0,0.0,0.0,0.0,0.0,0.0,0.0,0.0,0.0,0.0,-0.09949122124400046,-0.023837306920594645,-0.021595464716355654,0.0,0.055820337159244775,0.019610205961821926,0.0,0.04913609873996031,0.0,0.0,0.0,0.0,-0.03736974407849917,0.0,0.0,-0.027292049570013226,0.0,0.0,0.0,0.0,-0.026416578761161384,0.0,0.0,0.011578043038412195,0.0
2023-07-31,0.018623490480629563,0.0,0.025400817840815246,0.0,0.05785344536653513,0.0,0.0,0.0,0.0,0.0,0.0,0.0869994710262031,0.0,0.0,0.0,0.0,0.0,0.04415136659324241,0.05090540244425708,0.0,0.0,0.0,0.0,0.0,0.0,0.0,0.0,0.0,0.0,0.018302259264485178,0.08774181347352089,0.02190950724740086,0.031343932897256725,0.04215935218091565,0.015151868677902554,0.02224391970078143,0.015723439226684382,0.0160355464376489,0.0,0.0,0.0,0.0,0.0,0.040318034268750365,0.0,0.0,0.0,0.0,0.0,0.0,0.014607438875400051,0.0,0.0,0.0,0.0,0.0,0.0,0.0,0.0,0.05910447219251916,0.057264122580461,-0.01902303846415109,0.0,-0.0348352735681111,-0.020230543016527807,0.0,-0.016113561847098615,0.0,0.0,0.0,0.0,0.0,0.0,0.0,0.0,0.0,0.014845083376588488,0.025773902266749492,0.030492771316067317,0.021795580337875275,0.029965600804770235,0.0,0.0,0.015068919601287423,0.0,0.0,0.0,0.0,0.0,0.0,0.0,0.0,0.0,0.0,0.0,0.0,0.04601602462536346,0.0
2023-08-31,0.019328200832196912,0.0,0.01626013419917574,0.0,0.02793845104356243,0.0,0.0,0.01379434033883212,0.0,0.0,0.0,0.07507116790485935,0.0,0.0,0.0,0.0,0.0,0.03538488290341152,0.05072764821394043,0.0,0.0,0.0,0.01406319767002137,0.0,0.0,0.0,0.0,0.0,0.0,0.0,0.06332458703821382,0.021534128239981784,0.024152165789686753,0.05083610031522082,0.02811017474403794,0.020950969944962133,0.013940578214382104,0.02987385035323292,0.015865245937833176,0.0,0.0,0.0,0.0,0.045643954247328936,0.0,0.0,0.0,0.0,0.0,0.0,0.0,0.0,0.0,0.0,0.0,0.0,0.0,0.0,0.0,0.06698188709399766,0.1621813582438295,0.0,0.0,0.0,0.0,0.0,0.0,0.0,0.0,0.0,0.0,0.0,0.0,-0.017459009504470418,-0.02407996416351796,0.0,0.0,0.0145324379238093,0.022958058313696197,0.013654569269134125,0.018442497814440923,0.0,-0.026641153579331747,0.024227333516228123,0.013820552703388415,0.0,0.0,0.0,0.0,0.0,0.0,0.0,0.0,0.0,0.0,0.0,0.028221399943275483,0.0
2023-09-30,0.046150747328862346,0.0,0.0,0.0,0.0,0.0,0.0,0.0,0.0,0.03059543743157916,0.0,0.045255394897654164,0.0,0.03797628714717655,0.019079842221779376,0.018594254444330317,0.0,0.018481242914930956,0.028215647431015227,0.0,0.01753124471730216,0.04166916912312754,0.09159007988518052,0.0,0.0,0.0,0.0,0.0,0.0,0.0,0.1006641266032125,0.025185195864157243,0.028727003751233392,0.0522851335695052,0.02204529541980738,0.0714971628038501,0.015998945793697723,0.024691777461514634,0.03838444099087358,0.0,0.0,0.0,0.0,0.038481427260971035,0.0,0.0,0.0,0.0,0.0,-0.021346717875115696,0.0,0.0,0.0,0.0,0.0,-0.019077106567169627,0.0,0.0,0.0,0.041010763286360406,0.0,0.0,0.0,0.0,0.0,0.0,0.0,0.0,0.0,0.0,0.0,0.0,0.0,0.0,0.0,0.0,0.0,0.0,0.0198981020408676,0.01620739324296629,0.0,0.0,-0.01648529769065286,0.015547602300178676,0.0,0.0,0.0,0.0,0.0,-0.016999884294518205,0.0,0.0,0.0,0.0,0.0,0.0,0.02032727564040927,0.0
2023-10-31,0.023779992131989815,0.0,0.0,0.0,0.0,0.010143253525990149,0.0,0.0,0.0,0.011224153506160952,0.0,0.05180735904762054,0.0,0.0,0.0,0.0,0.031458612087489166,0.03824275627348237,0.03745629248433374,0.0,0.043200021775333226,0.028311399787069137,0.05748403383879739,0.0,0.0,0.0,0.0,0.0,-0.011528808810978815,0.013547740131975758,0.1697146793013351,0.018898942769493315,0.019269961148689244,0.027841392995486103,0.011578659202729921,0.03003150404231456,0.01014611020528778,0.013076235826725709,0.022025903144931663,0.0,0.0,0.0,0.0,0.09895743993632715,0.0,0.0,0.0,0.0,0.0,-0.016377737781930603,0.0,0.0,0.0,0.0,0.0,0.0,0.0,0.0,0.0,0.0,0.0,0.0,0.0,0.0,0.0,0.0,0.0,0.0,0.0,0.0,0.0,0.0,0.0,0.0,0.0,0.0,0.0,0.027839762021677632,0.0,0.10767051324026336,0.009241001399634557,0.0,0.0,0.011643300790498266,0.013340887918690671,0.0,0.0,0.0,0.0,-0.010307110417824044,0.0,0.0,0.0,0.0,0.0,0.0,0.0238544344549392,0.0
2023-11-30,0.0,0.0,0.014872616817415724,0.0,0.0,0.02148323117178962,-0.024374424829079644,0.0,0.0,0.0,0.0,0.025564889152779154,-0.02790110550252168,0.0,0.0,0.0,0.0,0.02784168379216123,0.021013234217978762,0.0,0.017105370529059603,0.0,0.015581898235111637,0.0,0.0,0.0,0.0,-0.02500028966798812,-0.027577145822304066,0.047371031551930384,0.0,0.0,0.04325986543137369,0.06410396626111733,0.0,0.018551169236743267,0.0,0.0,0.023863079881514905,0.0,0.0,0.0,0.0,0.1702978110008095,0.0,0.0,0.0,0.0,0.0,0.0,0.0,0.0,0.0,0.0,0.0,0.0,0.0,0.0,0.0,0.0,0.0,0.0,0.0,0.0,0.0,0.0,0.0,0.0,0.0682487650493684,0.0,0.0,0.0,0.0,0.0,0.0,0.0,0.0,0.0485104734595564,0.015786315863627727,0.01633678237132989,0.024096219790745263,-0.014562443731383804,-0.031233970928000614,0.0,0.01578972030599329,0.0,-0.01592507372147563,0.0,0.0,0.0,-0.031465239306336566,0.0,0.0,-0.018433537162158564,0.0,0.0,0.04997242622994884,0.03387621897839674
2023-12-31,0.0,0.0,0.03470919668114642,0.022776938298707014,0.0,0.02373472464791072,0.0,0.0,0.0,0.03026177561427685,0.0,0.09060412902616255,0.0,0.01701142216847651,0.0,0.0,0.0,0.055954537245578854,0.013282186803202962,0.02063484821684875,0.04132687888087539,0.0,0.026476276115061835,0.0,0.0,0.0,0.012570835775882508,0.0,0.0,0.0,0.01808883523502563,0.0,0.05794818586336103,0.05242345315293944,0.0,0.03721139395648631,0.0,0.0,0.043362205593881084,0.026171536753364637,0.0,0.05384058906844546,0.0,0.05827466039576253,0.0,0.0,0.0,0.0,0.0,0.0,0.0,0.0,0.0,-0.0227518056425313,0.0,0.0,0.0,0.0,0.0,0.0,0.0,0.0,0.0,0.0,0.0,0.0,0.0,0.0,0.016823128569959597,0.0,0.0,0.0,0.0,0.0,0.0,0.0,0.0,0.01946733658117482,0.0,0.02553569356065145,0.0,0.0,-0.014644317173037838,0.012521132703314293,0.012263573583766375,0.06231728370210438,0.0,0.0,0.0,0.0,0.0,0.0,0.0,0.0,0.0,0.0,0.040704226729561324,0.036306892260502086
2024-01-31,0.0,0.0,0.031906684792960306,0.01932286888173023,0.0,0.0198450329971826,0.0,0.0,0.0,0.023471468286787023,0.0,0.04553768407287991,0.0,0.01369928998754181,0.0,0.0,0.0,0.04995111489434158,0.012719274382392412,0.018583196704297502,0.046852475881441535,0.015103960910747805,0.0705125853131697,0.0,0.0,0.0,0.022677692449970727,0.0,0.0,0.0,0.0127645615351027,0.0,0.03018390683377081,0.01692343572019227,0.0,0.2,0.0,0.0,0.03312044025556624,0.019303267477279538,0.02022340808137642,0.03056182915576497,0.0,0.0454605036248532,0.0,-0.0949616204861136,0.0,0.0,0.0,0.0,0.0,0.0,0.0,0.0,0.0,0.020521580913075845,0.0,0.0,0.0,0.0,0.0,0.0,0.0,0.0,0.0,0.0,0.0,0.0,0.0,0.0,0.014810717074405795,0.0,0.0,0.0,0.0,0.0,0.0,0.012045073871783031,0.013564229743002604,0.020082152361328192,0.0,0.0,0.0,0.013807888245750896,0.0,0.0,0.0,0.0,0.0,0.0,0.0,0.0,0.0,0.0,0.0,0.0,0.01148205506519075,0.0
2024-02-29,0.0,0.0,0.0,0.0,0.0,0.049689007114064765,-0.015119806559896962,-0.0425302466624932,0.0,0.024197444248803678,0.0,0.0,0.0,0.0,0.0,0.0,0.04737679979762627,0.13167306612463053,0.0,0.028473772910660562,0.016407321606706465,0.030470267226036376,0.033117279163309914,0.0,0.0,0.0,0.0,0.0,0.0,0.0,0.025449356332888702,0.0,0.03258261487704179,0.01996960433196908,0.0,0.0213328451299542,0.02824715671440083,0.0,0.024151430206500082,0.01701304160785907,0.0190994189166943,0.0,0.0,0.2,0.0,0.0,0.0,0.0,0.0,0.0,0.0,0.0,0.0,0.0,0.0,0.014303985452722169,0.0,0.0,0.017718220448003752,0.0,0.0,0.0,0.0,0.0,0.0,0.0,0.0,0.0,0.015043797881750387,0.0,0.0,0.0,0.0,0.0,0.0,0.0,0.015390379291893866,0.017869810825009946,0.03062944638836387,0.014614207140332281,0.0,0.0,0.0,0.01894910190858831,0.0,0.0,0.0,0.0,0.0,0.0,0.0,0.0,0.0,0.0,0.016883583693182463,0.017469818818570775,0.0,0.014227168620045359
2024-03-31,0.0,0.0,0.0,0.0,0.0,0.0,0.0,0.0,0.0,0.02290949692250175,0.0,0.0,0.0,0.0,0.0,0.0,0.01677889098594852,0.024056094233327732,0.13640231937956923,0.040291920019565886,0.016745358927323335,0.026030600983273033,0.03999999792482336,0.0,0.0,0.0,0.014317924829016719,0.0,0.0,0.0,0.026217422177049504,0.015106527092375567,0.02995159750417316,0.018394277973432856,0.01837578262605724,0.01703590666001817,0.02723301815440466,0.0,0.02024254421228648,0.0,0.2,0.0,0.0,0.02469444271077431,0.0,0.0,0.0,0.018716715678049955,0.0,0.0,0.0,0.0,0.0,0.0,0.0,0.0,0.0,0.04446448159542177,0.0,0.02099451363724428,0.030015082438489785,0.0,0.0,0.0,0.0,0.0,0.0,0.0,0.0,0.0,0.0,0.0,0.0,0.0,0.0,0.0,0.04368257598727787,0.021797683130063156,0.019973726526025783,0.017347873870951606,0.0,0.0,0.0,0.014296461860652254,0.0,0.0,0.0,0.014510273080655967,0.0,0.0,0.0,0.0,0.0,0.0,0.0,0.01941648887924606,0.0,0.0
2024-04-30,0.0,0.0,0.0,0.0,0.0,0.0,0.0,0.0,0.0,0.0246292599260876,0.0,0.0,0.0,0.0,0.0,0.0,0.0,0.02302954967633215,0.049368459058868705,0.05503314243629521,0.0,0.0,0.0,0.0,0.0,0.0,0.019364712416704025,0.0,0.0,0.0,0.053339040944585525,0.035089588265455635,0.034441451190066336,0.09875006517693284,0.0,0.0257871443461565,0.02178995029781982,0.0,0.038395520097344094,0.0,0.0,0.0,0.0,0.03316107289197159,0.0,-0.060524092776055145,0.0,-0.03242506650659801,0.0,0.0,0.0,0.0,0.0,0.0,0.0,0.0,0.0,0.01805686278507786,0.015890540021336812,0.0,0.020589481885296575,0.0,0.0,0.0,0.0,0.0,0.0,0.0,0.018256014086665568,0.0,0.0,0.0,0.0,0.0,0.0,0.034115155064486105,0.05365851212768584,0.03041226255152116,0.03205540516506102,0.019705714718126818,0.0,0.0,0.0,0.024328832325653714,0.0,0.0,0.021169258714283917,0.029898441674919833,0.02244579773354847,0.0,0.0,0.0,0.0,0.0,0.018098951321103268,0.03619065381795982,0.0,0.0
2024-05-31,0.0,-0.027904206196997933,0.0,0.0,0.0,0.020469499419447597,0.0,0.0,0.0,0.023750408845560195,0.0,0.0,0.0,0.02276128172877888,0.032528061142351385,0.0,0.0,0.028610656323281768,0.08333813209374648,0.057353283539459315,0.03302379636914475,0.0,0.019717391418219456,0.0,0.0,0.0,0.02123469528718751,0.0,0.0,0.0,0.04200190422051729,0.024431934201451632,0.036108539134953724,0.054680841550110076,0.0,0.0,0.0,0.0,0.02913774341283893,0.0,0.0,0.0,0.0,0.05763410504040917,0.0,0.0,0.03043268796690334,0.0,0.0,0.0,0.0,0.0,0.0,0.0,0.0,0.0,0.0,0.02170943845496402,0.0,0.0,0.0,0.0,0.0,0.0,0.0,0.0,0.0,0.0,0.02411022652963735,0.0,0.0,0.0,-0.024860173895506238,0.0,0.0,0.0,0.0,0.0,0.0,0.055970035762269735,0.043081793094928565,0.0,-0.020476772616267184,0.0,0.0,0.0,0.0,0.022058848084941438,0.0,0.0,-0.03447441298385449,-0.026668224557180997,0.0,0.0,0.0,0.026105456037838294,0.0274210809255456,0.027944369165706768
2024-06-30,0.0,0.0,0.0,0.0,0.0,0.025974933618843822,0.0,0.0,0.0,0.020364159035523417,0.0,0.020789929925347037,0.0,0.01938913401996204,0.03474277579204779,0.0,0.020406943122720803,0.020085995317299193,0.0871588717331605,0.055921755865609886,0.03639230700448351,0.0,0.0,0.0,0.0,0.0,0.02485556192231154,0.0,0.0,0.0,0.03305919758950163,0.01930099413605024,0.022057691453339058,0.03524291377455536,0.0,0.0,0.0,0.0,0.02391943308610946,0.0,0.0,0.0,0.0,0.036949666124774,0.0,0.0,0.0,0.0,0.0,0.0,0.0,0.0,0.025929844462010188,0.0,0.0,0.02204741265405293,0.0,0.020275334108034043,0.0,0.0,0.0,0.06925165520035112,0.0,0.0,0.0,0.0,0.0,0.0,0.0,0.0,0.0,0.0,0.0,0.0,0.0,0.0,0.0,0.0,0.0,0.05494389752657447,0.034506008917913895,0.0,0.0,0.020422399796475636,0.0,0.0,0.020645209680656234,0.02466710149977555,0.0,0.0,0.0,0.0,0.0,0.0,0.02834948980764778,0.030801104334959292,0.04061378777671304,0.07093449071319657
2024-07-31,0.0,0.0,0.0,0.0,0.0,0.12048718002825023,0.0,0.0,-0.021475491617674945,0.04562304977665149,0.0,0.0,0.0,0.0,0.0,0.0,0.022765250160333848,0.012285962340159213,0.0,0.014610271910809039,0.014440532126925615,0.0,0.0,0.0,0.016123165808588778,0.0,0.040456811498240146,0.0,0.0,0.0,0.04210629570640437,0.021313142813121848,0.02595880915287208,0.03175895757853783,0.0,0.016226938191420452,0.012938719739304492,0.0,0.0,0.0,0.0,0.0,0.0,0.11970248209403284,-0.016601109965992226,-0.01161657626551329,0.0,0.0,0.0,0.0,0.0,0.0,0.0,0.0,0.0,0.011973880528475596,0.048122042692827105,0.10101157279714151,0.018920157344809355,0.0,0.0,0.0,0.0,0.0,0.0,0.0,0.0,0.0,0.0,0.0,0.0,0.0,-0.015170438265597958,0.0,0.0,0.0,0.0,0.0,0.0,0.015362170264968686,0.0,0.0,0.0,0.0210753537906557,0.0,0.0,0.0,0.01234030591764027,0.0,-0.01822790472009466,-0.032628399545062386,0.0,0.0,0.0,0.02713698080819618,0.07154004654969794,0.0,0.0
2024-08-31,0.0,0.0,0.0,0.0,0.0,0.1451158308640453,0.0,0.0,0.0,0.02944860992094276,0.0,0.0,0.0,0.011351650141050633,0.0,0.0,0.017745352638694107,0.06004933430036912,0.0,0.0,0.02052249689465002,0.0,0.0,0.0,0.019645847670387052,0.015421730307773421,0.05162925099074137,0.0,0.0,0.0,0.03589055239560725,0.2,0.01785815977948477,0.02127392112518306,0.016332968264814028,0.02591715872190588,0.03205020698298708,0.0,0.0,0.0,0.0,0.01141645506665171,0.0,0.01810013138135511,0.0,0.0,0.0,0.0,0.0,0.0,0.0,0.0,0.0,0.0,0.0,0.016411935679074393,0.02290092029037063,0.09396512331143976,0.011597494567210384,0.0,0.0,0.0,0.0,0.0,0.0,0.0,0.0,0.0,0.012035289042913955,0.0,0.0,0.0,-0.009965505541328856,0.0,0.0,0.0,0.0,0.0,0.0,0.014425636536648785,0.0,0.0,0.0,0.0187807308734824,0.0,0.0,0.0,0.0,0.0,-0.016726790862085228,-0.012316654676934824,0.0,0.0,0.0,0.009979763313944956,0.011124497857923271,0.0,0.0
2024-09-30,0.0,0.0,0.0,0.08164533271974186,0.0,0.035928349697623964,0.0,0.0,0.0,0.02308836530143686,0.0,0.0,0.0,0.010793332620177279,0.008656492567371766,0.0,0.014664490959658012,0.017652349253051994,0.008602255180063852,0.013283266736424132,0.027177623955383867,0.0,0.0,0.0,0.027512357551911473,0.012869607503771866,0.011146908765898541,0.0,0.0,0.0,0.03384338281626663,0.19250521424355835,0.024181253295203896,0.021858926451785873,0.0,0.02233223968250717,0.018811886327376764,0.18377245857463145,0.0,0.0,0.0,0.0,0.0,0.010919980638607347,0.0,0.0,0.0,0.0,0.0,0.0,0.0,0.0,0.0,0.0,0.0,0.02580127061360961,0.0,0.04891490899017605,0.0,0.0,0.0,0.0,0.0,0.0,0.0,0.0,0.0,0.0,0.012011836820462625,0.0,0.0,0.0,0.0,0.0,0.020859091817481804,0.0,0.0,0.0,0.0,0.014061686052783141,0.0,0.0,0.0,0.02021355549104776,0.0,0.0,0.0,0.0,0.0,0.0,-0.009185281741418496,0.0,0.0,0.0,0.0,0.0,0.034570060572638554,0.013136233057929006
2024-10-31,0.0,0.0,0.0,0.0,0.0,0.0,0.0,0.0,0.0,0.11836346599377294,0.0,0.0,0.0,0.0,0.0,0.0,0.015362789688748615,0.020468489112539217,0.0,0.01589234350323077,0.0,0.0,0.0,0.0,0.04145759089091389,0.026736664108994973,0.015181086359339523,0.014063824502552133,0.0,0.0,0.14701444124051793,0.03450185620985148,0.061957709252915084,0.029242064972770834,0.0,0.01511993528833828,0.018339929076586697,0.0,0.0416693026252472,0.0,0.0,0.0,0.0,0.01830481462454372,0.0,0.0,0.0,0.0,0.0,0.0,0.0,0.0,0.0,0.0,0.0,0.04458856756854378,0.0,0.07619897719774243,0.0,0.0250946797531685,0.0,0.0,0.0,0.01983354447946099,0.0,0.017690221803774907,0.0,0.0,0.0,0.0,0.0,0.0,0.0,0.0,0.016046283198515823,0.0,0.0,0.0,0.0,0.026194639922473353,0.0,0.0,0.0,0.024887267951157265,0.0,0.02927261367407084,0.0,0.0,0.0,-0.019216718939817592,-0.016658468680265884,-0.016912885720799756,0.014452335585958195,0.0,0.0,0.0,0.0,0.019276488073387534
2024-11-30,0.0847280858238708,0.0,0.0,0.0,0.0,0.0,0.0,0.0,0.0,0.03391534460365379,0.0,0.0,0.0,0.0,0.015233332904154963,0.0,0.021430979947465956,0.0,0.015007184276140704,0.0,0.0,0.0,0.0,0.0,0.027218276324607826,0.022583786290202596,0.02402527545776274,0.0,0.0,0.016257231492489255,0.0630622198486511,0.04206214227254898,0.050149101371538614,0.05040482715256044,0.01968434330823115,0.0,0.03156710945788659,0.0,0.018550091674331887,0.0,0.0,0.0,0.0,0.038631261689495114,0.0,0.0,0.02434864105779565,0.0,0.0,0.0,0.0,0.03322523825542856,0.020394542741720523,0.0,0.018074128377880354,0.06154770808141334,0.0,0.06685663422368397,0.0,0.020128872502866598,0.0,0.0,0.0,0.021690455461676236,0.0,0.01597832541778335,0.0,0.0,0.0,0.0,0.0,0.0,0.0,0.0,0.026129305663496954,0.0,0.0,0.0,0.0,0.05467882226576525,0.0,0.0,0.0,0.0,0.04193995936396214,0.0,0.0,0.0,0.0,0.0,0.0,0.0,0.0,0.0,0.0,0.0,0.0,0.020496772690934643
2024-12-31,0.033460435510185314,0.0,0.0,0.0,0.0,0.0,0.0,0.0,0.0,0.0,0.0,0.0,0.0,0.0,0.018254347695232955,0.0,0.024588566935368535,0.0,0.0,0.0,0.0,0.0,0.0,0.0,0.035586070759070894,0.03397698615379656,0.028511317011338515,0.022601427782972555,0.0,0.0,0.0,0.0,0.021211070089540707,0.0,0.0,0.0,0.0,0.0,0.0,0.0,0.0,0.0,0.0,0.024790056830905315,0.0,0.0,0.0,0.0,0.0,0.0,0.0,0.04424280422283117,0.019612802462303038,0.0,0.03479912915997658,0.0561685957616697,0.0,0.028798745168559795,0.0,0.03160174500320007,0.0,0.018099865487638284,0.0,0.03929553756717535,0.0,0.024403727979655482,0.0,0.0,0.0,0.0,0.0,0.0,0.0,0.0,0.04284604816643403,-0.025337987346880662,0.0,0.025727352216566895,0.0,0.040094856424630766,0.0,0.0,0.0,0.02297500304359683,0.031501978367510834,0.0,0.0,0.0,0.0,-0.019154614021493054,-0.021735421454841336,-0.03887944117224339,0.0,0.0,0.023151231869089562,0.0,0.06783401171962032,0.10075882261567154
2025-01-31,0.0,0.0,0.0,0.0,-0.02927015871676877,0.0,-0.014895403164435078,0.0,-0.03709337875353955,0.0,0.0,0.0,0.0,0.0,0.0,-0.04499659563991915,0.0,0.0,0.016677321053328094,0.0,0.0,0.0,0.0,0.0,0.016700580084676866,0.019154860768013742,0.0,0.02510294196692966,0.013290380201921996,0.0,0.014798896276501739,0.0,0.011260758038841044,0.0,0.0,0.0,0.0,0.0,0.0,0.0,0.0,0.0,-0.012430897389679393,0.013162285739787345,0.0,-0.02281385538745488,0.0,0.0,0.0,0.0,-0.012261460686891632,0.021478612068958777,0.0,0.0,0.0,0.038316896524063664,0.0,0.02297625188405439,0.0,0.03595562707553203,0.0,0.0,0.0,0.04116301619096637,0.0,0.0,0.0,0.0,0.015300362805716387,0.0,0.0,-0.01546803801801777,-0.12334137359289302,0.0,0.0,0.0,0.0,0.0,0.0,0.02331839606448981,0.0,0.0,0.0,0.0,0.0,0.0,-0.2,-0.016788920759923023,0.0,-0.01721126399688621,-0.03127034324149112,-0.08173950468148278,0.0,0.0,0.0,0.0,0.0,0.011761619226835567
2025-02-28,0.0,0.0,0.0,0.0,-0.036019130905280396,0.0,0.0,0.0,-0.06750173068219552,0.0,0.0,-0.02095237704360037,0.0,0.0,0.0,-0.08965558311526355,0.0,0.019292958776075935,0.02223655758343538,0.0,0.0,-0.02289107977074648,0.0,0.0,0.03828363140925702,0.035934952860927655,0.018550604286271,0.03602758689326906,0.030023923167798703,0.0,0.02674711399597338,0.0,0.024598164766219042,0.0,0.0,0.0,0.0,0.0,0.0,0.0,0.0,0.0,-0.02491456292870604,0.02281376499764917,0.0,-0.03079696359763643,0.0,0.0,-0.019015551814804903,0.0,0.0,0.03474539059551147,0.02024781142116402,0.0,0.0,0.042061678016761486,0.0,0.030313356514751918,0.0,0.02995945088160007,0.045323507420817366,0.0,0.0,0.06332994758511909,0.0,0.02088654533556155,0.0,0.0,0.0,0.0,0.0,0.0,0.0,0.0,0.028685247748227425,0.0,0.0,0.0,0.0,0.048633944806320106,0.0,0.0,0.0,0.0,0.0,0.0,-0.03086744390866716,0.0,0.0,0.0,0.0,0.0,0.0,0.0,0.0,0.0,0.0,0.01868943717038833
2025-03-31,0.0,0.0,0.0,0.0,0.0,0.0,0.0,0.0,-0.03149048801215662,0.0,0.0,-0.012604590180722072,0.0,0.0,0.0,-0.108399504548541,0.0,0.0,0.05697793297773784,0.0,0.0,0.0,0.0,-0.026035851161266617,0.03588095681528895,0.11590655409357659,0.023378706903253423,0.06601562768225286,0.05530976158630925,0.02458038816807347,0.03260551861604494,0.012445430794250256,0.02252976299747013,0.0,0.0,0.0,0.0,0.0,0.0,0.0,0.0,0.0,0.0,0.02124715610129372,-0.012596044558351135,-0.036953591714811364,0.0,-0.014440357325327688,0.0,0.0,0.0,0.024245223316727876,0.016303956266649804,0.0,0.0,0.024438647955316993,0.0,0.016255280050229075,0.0,0.03487770783136677,0.035357117366421144,0.01626398033562738,0.0,0.018252226476031017,0.0,0.0,0.0,0.0,0.013110687986634104,0.0,0.0,0.0,0.0,0.0,0.0337246004641974,0.0,0.0,0.0,0.0,0.04109764438830585,0.016674703325764716,0.0,0.0,0.0,0.0,0.0,0.0,0.0,0.0,0.0,0.0,0.0,0.0,0.0,0.0,0.0,0.0,0.0
2025-04-30,0.0,0.015070717539196525,0.0,0.0,0.0,0.0,-0.018254123086203083,0.0,-0.018074067065333217,0.0,0.0,0.0,0.0,0.0,0.02276523001697136,0.0,0.01394412936234281,0.0,0.06793419362826428,0.0,0.0,0.0,0.0,0.0,0.10217346071546198,0.043664930733476194,0.023625465755855262,0.014421593851468512,0.04779149445684203,0.043802322093457816,0.01721579863563723,0.032324848023322895,0.02171655626256654,0.0,0.0,0.0,0.0,0.0,0.0,0.0,-0.01703735149596023,0.0,-0.014447481659815199,0.015004643999344579,0.0,-0.01835911187673924,-0.020999912588650846,0.0,0.0,0.0,0.0,0.028513993161198237,0.11119977919807175,0.0,0.027977677959876924,0.015559656621575017,0.0,0.0,0.0,0.045451558941964745,0.0,0.020779590834201594,0.0,0.0,0.0,0.0,0.0,0.0,0.01605932532384347,0.0,0.0,0.0,0.0,0.02907614668989815,0.09554365548329323,0.0,0.0,0.0,0.0,0.021211182939167194,0.0,0.0,0.0,0.0,0.0,0.0,0.0,0.0,0.0,0.0,0.0,0.0,0.0,0.0,0.0,0.0,0.0,0.0
2025-05-31,0.0,0.0,0.0,0.0,0.0,0.0,0.0,0.0,0.0,0.0,0.0,0.0,0.0,0.0,0.0,0.0,0.0,0.0,0.02831189533627889,0.0,0.0,0.0,0.0,0.0,0.05245044744446892,0.02831367631533342,0.0,0.02979705310276848,0.04902138052992913,0.061687699965838304,0.021068454160347198,0.0,0.028821390175449005,0.0,0.0,0.0,0.0,-0.0345996257108174,0.0,0.0,0.0,0.0,0.0,0.0,0.0,0.0,0.0,-0.014375316419239543,0.0,0.014572563132621405,-0.016679896635305082,0.08088552261279729,0.08384480961685663,0.05580416629681334,0.03872794971360376,0.033108793545789106,0.022971063653859997,0.014513702067313014,0.0,0.047981603038089994,0.020305597220301223,0.03169329042170104,0.0,0.01224529743322232,0.0,0.0,0.0,0.0,0.01669346809578768,0.0,0.0,-0.01988223321959845,0.0,0.0,0.039087137603251894,0.0,0.0,0.0,0.0,0.042546559517932105,0.0,0.0,0.03054930506295063,0.0,0.012633800909189722,0.0,-0.0168263010425449,0.0,0.0,0.0,0.0,0.0,0.0,0.0,0.0,0.0,0.0,0.0
2025-06-30,0.0,0.0,0.0,0.0,0.0,0.0,0.0,0.0,0.0,0.0,0.0,0.0,0.0,0.0,0.0,0.0,0.0,0.0,0.0184945896174306,0.0,0.0,0.0,0.0,0.0,0.07760335578216142,0.02867401506322783,0.0,0.03144763536120614,0.05818579680505121,0.08353982961095613,0.0,0.0,0.04805346854953808,0.0,0.0,0.0,0.0,0.0,0.0,0.0,0.0,0.0,0.0,0.0,0.0,0.0,0.0,-0.01675620234935197,0.0,0.01442402781687421,0.0,0.05951645163891831,0.053879323400121075,0.024091443319101017,0.018040155330426307,0.043738849546047245,0.03486953884819732,0.014410359148187685,0.01463493878093899,0.02082637267216331,0.049553246637183995,0.024087927637500502,0.0,0.016734007365879863,0.0,0.0,0.0,0.0,0.0,0.0,-0.01647317220822908,-0.024926871283763596,0.0,0.0,0.016905981815013925,0.0,-0.018470246088696837,0.0,0.0,0.042074510464177935,0.0,0.052594222746761746,0.0,0.015786249374952644,0.0,0.0,-0.046913926492058,-0.0142932842458831,0.0,0.0,0.0,0.0,0.0,0.0,0.0,0.0,0.0,0.0
2025-07-31,0.0,0.0,0.0,0.0,0.0,0.0,0.0,0.0,0.0,0.0,0.0,0.0,0.0,0.0,0.0,0.0,0.0,0.0,0.0,0.0,0.0,0.0,0.0,0.0,0.044493091878478025,0.019663187510495467,0.0,0.012435241419499157,0.017653319146673434,0.05150136619639373,0.0,0.0,0.023078565141851873,0.0,0.0,0.0,0.0,0.0,0.0,0.0,0.0,0.0,0.0,0.010767932378904175,0.0,0.0,0.0,0.0,0.0,0.023465559917443327,0.0,0.05680755983342557,0.06828129100060386,0.01405827590345654,0.012521683577226396,0.03729162520461269,0.05305688708400768,0.025155804321937755,0.2,0.024776934131172827,0.02060379289666358,0.017931293368852002,0.0,0.014605128494383472,0.0,0.021528425418735318,0.0,0.0,0.0,0.0,-0.011390882855578328,-0.009144130218006447,0.0,0.0,0.0,0.0,0.0,0.0,0.0,0.09374594783319828,0.008119832074242685,0.06054320678939329,0.0,0.0104481772075646,0.0,0.0,-0.01920770472066471,0.0,0.0,-0.00898791558552822,0.0,0.0,0.0,0.0,0.0,0.0,0.008735237891006487,0.0
2025-08-31,0.0,0.0,0.0,0.0,-0.03392279956008807,0.0,0.0,0.0,-0.01889481208153361,0.0,0.0,0.0,-0.013041698813505257,0.0,0.0,0.0,0.0,0.0,0.0,0.0,0.0,0.0,0.0,0.0,0.012680611048741432,0.011049599773279387,0.018645924626843904,0.016981193764239788,0.01903891931847991,0.012916841273812487,0.0,0.01679793826613876,0.07031572788306652,0.0,0.0,0.0,0.0,0.0,0.0,-0.011251617988507687,0.0,0.0,0.0,0.019444782648650363,0.0,0.0,0.0,0.0,0.0,0.01722180645246066,0.0,0.06097681427166245,0.09118183851175184,0.0767603666164938,0.0,0.06475271656835534,0.08665136407765965,0.04551570880311835,0.1544444168101913,0.013138213928265068,0.02057600348666983,0.0,0.0,0.0,0.0,0.011995672055350431,0.010397599401433791,0.0,0.0,0.0,0.0,0.0,0.0,0.0,0.0,0.0,0.0,0.0,0.0,0.014215918983816352,0.0,0.01006711914054841,0.0,0.0,0.02350338748511573,0.0,-0.011688025234849644,0.0,0.0,0.0,0.0,0.0,0.0,-0.011930561125370324,0.0,0.0,0.0,0.0
2025-09-30,0.0,0.0,-0.050189536684823184,0.0,-0.021697652059603712,0.0,-0.02540982611906589,0.0,0.0,0.0,0.0,0.0,0.0,0.0,0.04125679682841888,0.0,0.021644490602660982,0.0,0.0,0.0,0.0,0.0,0.0,0.0,0.024111313335652567,0.025626338529804425,0.0,0.0,0.0,0.03336117836237907,0.024860794846893623,0.030906693086986084,0.050022726504941065,0.0,0.0,0.0,0.0,0.0,0.0,0.0,-0.020761059364361963,0.0,-0.023539388479067766,0.02229716121116282,0.0,0.0,0.0,0.0,0.0,0.036332901621483775,0.0,0.04069834823042612,0.061174556528082624,0.0,0.0,0.03461157893443186,0.029086104237697013,0.09347788041970763,0.0,0.0,0.028015819626847484,0.0,0.0,0.019332092189597267,0.0,0.022050072652707066,0.0,0.0,0.0,0.0,0.0,0.0,0.0,0.0,0.0,0.0,0.0,0.0,0.0,0.03649302858731978,0.0,0.019929703275473158,0.02498375694164077,0.0,0.06829864019260631,0.0,0.0,-0.028304024086500915,-0.02210839241821763,0.0,0.0,0.0,0.0,0.0,0.0,0.0,0.0,0.01941814404143856
2025-10-31,0.0,0.0,0.0,0.0,0.0,0.0,0.0,0.0,0.0,0.0,0.0,0.0,0.0,-0.030917856088110977,0.0,0.0,0.01748578515357698,0.0,0.0,0.0,0.0,0.0,0.0,0.0,0.01753530996322524,0.02504569316443857,0.0,0.022854223788948656,0.02624379009852127,0.030132321428162977,0.024823040783298903,0.0,0.03341107273409705,0.0,0.0,0.0,0.0,0.0,0.0,0.0,0.0,0.0,-0.016864769421410606,0.03448419505299478,0.0,-0.019116453435776132,0.0,-0.01885111845509045,0.0,0.033628234268863064,0.0,0.04847063005652608,0.04515080180032874,0.0,0.0,0.03983159863899041,0.03278616766701059,0.0,0.018669679329924305,0.01565054666016603,0.0379347112285357,0.014608159744896869,0.0,0.021530057447514416,0.0,0.016949267674969893,0.0,0.0,0.0,0.0,0.0,0.0,0.0,0.0,0.0,0.0,0.0,0.0,0.0,0.06268763646827119,0.0,0.022852347524644524,0.0,0.0,0.0,0.0,0.0,0.0,-0.04623645437092088,0.0,0.0,0.0,0.0,0.0,0.09243250025685684,0.0,0.0433235219832483,0.08949205531067961
2025-11-30,0.0,0.0,0.0,0.0,0.0,-0.02853341098576012,0.0,-0.016397573380270487,0.0,0.0,0.0,-0.022830735136926752,0.0,-0.05386854354670839,0.0,0.0,0.0,0.0,0.0,0.0,0.0,0.0,0.0,-0.02464938122940023,0.0,0.018387357307351793,-0.01821242543716427,0.0,0.0,0.015907592317653315,0.030096248586198044,0.017214101007070135,0.056607680989135836,0.0,0.0,0.0,0.0,0.0,0.0,0.0,0.0,0.032667011460694124,0.0,0.05365494305248737,0.0,0.0,0.0,0.0,-0.016052335882837773,0.02230523160334066,-0.017543804839954488,0.0318833932940563,0.0,0.0,0.0,0.027629649408481356,0.03397934046928679,0.0,0.01768515411644085,0.0,0.0,0.0,0.0,0.01707767910709788,0.0,0.0,0.0,0.0,0.0,0.0,0.018805589653058036,0.0,0.0,0.0,0.0,0.0,0.0,0.0,0.0,0.030156148080563855,0.0,0.0759622552066502,0.06467695125049883,0.0,0.0,0.0,-0.0205348080503253,-0.0210350456616993,-0.1209081989107363,0.0,0.0,0.0,0.0,0.0,0.0,0.0,0.024420788567894494,0.0503166214602566
2025-12-31,0.0,0.0,0.0,0.0,0.0,0.0,0.0,0.0,0.0,0.0,0.0,0.0,0.0,0.0,0.0,0.0,0.01662248286630585,0.0,0.0,0.0,0.0,0.0,0.0,-0.0258957821219305,0.0,0.016734864792321648,0.0,0.0,0.0178451944973589,0.0,0.017349233581460382,0.0,0.019939925687425596,0.0,0.0,0.0,0.0,0.0,0.0,0.0,0.0,0.03086433729914234,0.0,0.08156214953438061,0.0,0.0,0.0,0.0,0.0,0.03247657283264924,0.0,0.040755571906988246,0.019029606427575525,0.0,0.0,0.04123635063004821,0.04031414375442603,0.0,0.03012091305136479,0.020741686807105534,0.0,0.017849643361049355,0.035459271378787974,0.0197695032252875,0.026947536922036743,0.0174904048337749,0.019593567873010184,0.0,0.0,0.0,0.0,0.0,0.01886805864136772,0.0,0.0,0.0,0.0,0.026314824959412383,0.0,0.03169037413053701,0.019938168682031274,0.055326126940807296,0.2,0.0,0.0,0.0,-0.022895219186449906,0.0,-0.016599018279531082,0.0,0.0,0.0,0.0,-0.0197694657954334,0.0,0.0,0.0,0.0
2026-01-31,0.0,0.0,0.0,0.0,0.0,0.0,0.0,0.0,0.0,0.0,0.0,0.0,0.0,0.0,0.0,0.0,0.0,0.0,0.0,0.0,0.0,0.0,0.0,0.0,0.018622206249526752,0.0,0.0,0.0,0.0,0.0,0.021558409900554062,0.0,0.0194447420079422,0.0,0.0,0.0,0.0,0.0,0.0,0.0,0.0,0.0,0.0,0.025729636420272754,0.0,0.0,0.0,0.0,0.0,0.033799583827017435,0.0,0.04848156448949184,0.018737399977079842,0.0,0.0,0.04106509220970479,0.03581475036774216,0.020643859292445492,0.044130464200621326,0.020803328591180528,0.01865414955773572,0.018201119332849496,0.051506484970276156,0.07783409166769861,0.059974612622367265,0.017427895386664578,0.03614465434974489,0.0,0.0,0.0,0.0,0.0,0.03252738967718384,0.02072520816974011,0.025423764793558346,-0.020992024897451073,0.0,0.0,0.0,0.019178473040071867,0.019042619046507194,0.05857337680116138,0.08640885553592127,0.0,0.0,0.0,-0.047849408995429325,-0.01828767758555486,-0.022417156036504935,0.0,0.0,0.0,0.0,0.0,0.0,0.0,0.0,0.0
2026-02-28,0.0,0.0,0.0,0.0,0.0,0.0,0.0,0.0,0.0,0.0,0.0,0.0,0.0,0.0,0.0,0.0,0.0,0.0,0.015390603945652224,0.0,0.0,0.0,0.0,0.0,0.012377767661171338,0.013404993493841113,0.0,0.0,0.012233579895785468,0.0,0.0,0.0,0.0,0.0,0.0,0.0,0.0,0.0,0.0,0.0,0.0,0.0,0.0,0.011443472291306538,0.0,0.0,0.0,0.0,0.0,0.11745087022915139,0.0,0.024883308935457444,0.04267222958559793,0.01628629706121296,0.025021246901233935,0.03387600975541831,0.022665041377291053,0.019016759237579776,0.05692577168187401,0.0,0.03473950405607662,0.019624257424422503,0.044689341257347935,0.043647182217729785,0.04828069934125236,0.0,0.04804367804150572,0.0,0.0,0.0,0.0,0.0,0.0,0.0,0.020425068305698277,0.0,0.0,0.024415054646878282,0.0,0.1401754926221225,0.01977889601603814,0.02906114162152316,0.02860307781754402,0.0,0.0,0.0,0.0,0.0,-0.02687668843584481,0.0,0.0,0.022726351631730708,0.0,0.0,0.0,0.01364770796715511,0.011617906544556649,0.0
2026-03-31,0.0,0.0,0.0,0.0,0.0,0.0,0.0,0.0,0.0,0.0,0.0,0.0,0.0,0.0,0.0,0.0,0.0,0.0,0.0,0.0,0.0,0.0,0.0,0.0,0.01527228774108354,0.015839510754507347,0.0,0.0,0.0,0.0,0.0,0.0,0.015481095391328852,0.01585261954839892,0.0,0.0,0.0,0.0,0.0,0.0,0.0,0.0,0.0,0.016647926579948655,0.0,0.0,0.0,0.0,0.0,0.07866584471455709,0.0,0.018789553973478288,0.02873523450126502,0.017876345657568665,0.036367036800465796,0.05131202522088953,0.030564875018721443,0.05738771604764089,0.052091280201186294,0.0,0.025212484973955653,0.03401828842618043,0.12246864084029793,0.02960723956148054,0.029085877644216992,0.0,0.06786575778601528,0.018433603115761435,0.0,0.0,0.031261660120608104,0.0,0.0,0.0,0.03511809970555656,0.0,0.0,0.025676125059130982,0.0,0.015431921363568222,0.0,0.028336826943223484,0.02012129005910404,0.0,0.0,0.0,0.0,0.0,-0.01694972717157679,0.0,0.0,0.03337807475858767,0.0,0.0,0.0,0.016151030319695656,0.0,0.0
2026-04-30,0.019685214689390378,0.01741629651483918,0.0,0.0,0.0,0.0,0.014276328724842878,0.018983062915421813,0.0,0.05401893241265119,0.0,0.0,0.026756045200551328,0.02177689704663408,0.020234094899100115,0.037058757791122186,0.05253748811627226,0.0,0.0,0.0,0.023535272305630184,0.014587799566855847,0.047403708065562156,0.0,0.0,0.0,0.0,0.0,0.015787037793592133,0.014309594897600678,0.0,0.03267162062373095,0.0,0.06538040219882811,0.03463788443949774,0.016512294783955408,0.01988968835035368,0.0,0.0,0.0,0.0,0.0,0.0,0.025832384580037605,0.0,0.0,0.0,0.0,0.0,0.0,0.0,0.0,0.0,0.0,0.0,0.01882809460200175,0.01556061321585035,0.0,0.015174806990845597,0.0,0.0,0.0,0.014066284975463778,0.0,0.0,0.0,0.0,0.0,0.0,0.0,0.0,0.0,0.0,0.08662074664917933,0.2,0.0,0.0,0.0,0.0,0.01925999992910787,0.0,0.0,0.01670721213290003,0.0,0.0,0.0,0.0,0.0,0.0,0.0,0.0,0.02049143558818147,0.0,0.0,0.0,0.0,0.0,0.0
2026-05-31,0.0,0.0,0.0,0.0,0.0,0.0,0.0,0.0,0.0,0.0,0.0,0.0,0.0,0.0,0.028452998391140582,0.050528656981549444,0.033891290207551605,0.02122928807498507,0.0,0.0,0.0,0.01803948115094584,0.03047719843102571,0.0,0.0,0.0,0.0,0.019292837430252643,0.019968755944694504,0.0,0.02727189548049933,0.023393268854073425,0.0,0.03452890314704101,0.02521163062856059,0.0,0.0,0.0,0.0,0.0,0.1354775595040585,0.0,0.0,0.0507851900963787,0.0,0.0,0.03146139976504398,0.0,0.022452346523522498,0.027825945625243747,0.0,0.0,0.0,0.0,0.0,0.03284002635376769,0.026063655266909926,0.0,0.028694401012711444,0.0,0.0,0.0,0.03346407969774952,0.0,0.0,0.0,0.03072435286992182,0.0,0.0,0.0,0.028712138682867903,0.0,0.03232023620570999,0.0,0.05902543953261302,0.0,0.0,0.0,0.0,0.024399285322688192,0.0,0.0,0.02030118334636233,0.0,0.0,0.0,0.0,0.0,0.0,0.0,0.0,0.03998757444295966,0.0,-0.01819211062330116,0.0,0.0,0.02498687040587012,0.0
2026-06-30,0.0,0.0,0.0,0.0,0.0,0.0,0.0,0.0,0.0,0.0,0.0,0.0,0.0,0.0,0.0,0.0,0.0,0.0,0.0,0.0,0.0,0.0,0.0,0.0,0.0,0.0,0.0,0.018919325375032305,0.057194593433262546,0.0,0.0,0.0,0.044675130565430744,0.02357315183952758,0.0,0.0,0.0,0.01798977476758458,0.0,0.0,0.0,0.0,0.0,0.026142885434153135,0.0,0.0,0.0,0.0,0.0,0.036166755484244355,0.0,0.029642514370684696,0.019972515757507175,0.029746521012695818,0.023413459009649418,0.0428938150017174,0.04671463563182714,0.0,0.04809572682477494,0.02206214987028472,0.018116174718630754,0.023001924338472392,0.03640899953075439,0.022153776568007138,0.025948756935658332,0.0,0.03216028513931677,0.0,0.0,0.0,0.029810613253017308,0.0,0.03790591428716734,0.0,0.07302805713273848,0.0,0.0,0.0,0.0,0.05578662668910931,0.03231318573084468,0.0,0.02045520995112106,0.024010690007829155,0.0,0.0,0.0,0.0,0.0,0.0,0.0,0.0,0.0,-0.06410936623850226,0.0,0.0,0.017587465100454135,0.0
