Date,XOM,CVX,COP,EOG,OXY,FANG,DVN,CTRA,APA,PR,MTDR,CHRD,OVV,CNQ,SU,CVE,IMO,PBR,YPF,EC,SHEL,BP,TTE,EQNR,WMB,KMI,OKE,TRP,ENB,LNG,ET,EPD,MPLX,PAA,VLO,MPC,PSX,DINO,SUN,SLB,HAL,BKR,NOV,FTI,HP,PTEN,LBRT,RES,NBR,NEM,GOLD,AEM,WPM,FNV,RGLD,KGC,AU,HMY,GFI,AGI,OR,PAAS,HL,CDE,AG,FSM,SBSW,FCX,SCCO,TECK,RIO,BHP,VALE,AA,CENX,CLF,NUE,STLD,RS,CRS,ATI,MT,MP,LIN,APD,DD,DOW,LYB,CE,FMC,MOS,NTR,CF,WY,VMC,MLM,CCJ,UEC
2000-01-31,0.0,0.0,0.0,0.0,0.0,0.0,0.0,0.0,0.0,0.0,0.0,0.0,0.0,0.0,0.0,0.0,0.0,0.0,0.0,0.0,0.0,0.0,0.0,0.0,0.0,0.0,0.0,0.0,0.0,0.0,0.0,0.0,0.0,0.0,0.0,0.0,0.0,0.0,0.0,0.0,0.0,0.0,0.0,0.0,0.0,0.0,0.0,0.0,0.0,0.0,0.0,0.0,0.0,0.0,0.0,0.0,0.0,0.0,0.0,0.0,0.0,0.0,0.0,0.0,0.0,0.0,0.0,0.0,0.0,0.0,0.0,0.0,0.0,0.0,0.0,0.0,0.0,0.0,0.0,0.0,0.0,0.0,0.0,0.0,0.0,0.0,0.0,0.0,0.0,0.0,0.0,0.0,0.0,0.0,0.0,0.0,0.0,0.0
2000-02-29,0.0,0.0,0.0,0.0,0.0,0.0,0.0,0.0,0.0,0.0,0.0,0.0,0.0,0.0,0.0,0.0,0.0,0.0,0.0,0.0,0.0,0.0,0.0,0.0,0.0,0.0,0.0,0.0,0.0,0.0,0.0,0.0,0.0,0.0,0.0,0.0,0.0,0.0,0.0,0.0,0.0,0.0,0.0,0.0,0.0,0.0,0.0,0.0,0.0,0.0,0.0,0.0,0.0,0.0,0.0,0.0,0.0,0.0,0.0,0.0,0.0,0.0,0.0,0.0,0.0,0.0,0.0,0.0,0.0,0.0,0.0,0.0,0.0,0.0,0.0,0.0,0.0,0.0,0.0,0.0,0.0,0.0,0.0,0.0,0.0,0.0,0.0,0.0,0.0,0.0,0.0,0.0,0.0,0.0,0.0,0.0,0.0,0.0
2000-03-31,0.0,0.0,0.0,0.0,0.0,0.0,0.0,0.0,0.0,0.0,0.0,0.0,0.0,0.0,0.0,0.0,0.0,0.0,0.0,0.0,0.0,0.0,0.0,0.0,0.0,0.0,0.0,0.0,0.0,0.0,0.0,0.0,0.0,0.0,0.0,0.0,0.0,0.0,0.0,0.0,0.0,0.0,0.0,0.0,0.0,0.0,0.0,0.0,0.0,0.0,0.0,0.0,0.0,0.0,0.0,0.0,0.0,0.0,0.0,0.0,0.0,0.0,0.0,0.0,0.0,0.0,0.0,0.0,0.0,0.0,0.0,0.0,0.0,0.0,0.0,0.0,0.0,0.0,0.0,0.0,0.0,0.0,0.0,0.0,0.0,0.0,0.0,0.0,0.0,0.0,0.0,0.0,0.0,0.0,0.0,0.0,0.0,0.0
2000-04-30,0.0,0.0,0.0,0.0,0.0,0.0,0.0,0.0,0.0,0.0,0.0,0.0,0.0,0.0,0.0,0.0,0.0,0.0,0.0,0.0,0.0,0.0,0.0,0.0,0.0,0.0,0.0,0.0,0.0,0.0,0.0,0.0,0.0,0.0,0.0,0.0,0.0,0.0,0.0,0.0,0.0,0.0,0.0,0.0,0.0,0.0,0.0,0.0,0.0,0.0,0.0,0.0,0.0,0.0,0.0,0.0,0.0,0.0,0.0,0.0,0.0,0.0,0.0,0.0,0.0,0.0,0.0,0.0,0.0,0.0,0.0,0.0,0.0,0.0,0.0,0.0,0.0,0.0,0.0,0.0,0.0,0.0,0.0,0.0,0.0,0.0,0.0,0.0,0.0,0.0,0.0,0.0,0.0,0.0,0.0,0.0,0.0,0.0
2000-05-31,0.0,0.0,0.0,0.0,0.0,0.0,0.0,0.0,0.0,0.0,0.0,0.0,0.0,0.0,0.0,0.0,0.0,0.0,0.0,0.0,0.0,0.0,0.0,0.0,0.0,0.0,0.0,0.0,0.0,0.0,0.0,0.0,0.0,0.0,0.0,0.0,0.0,0.0,0.0,0.0,0.0,0.0,0.0,0.0,0.0,0.0,0.0,0.0,0.0,0.0,0.0,0.0,0.0,0.0,0.0,0.0,0.0,0.0,0.0,0.0,0.0,0.0,0.0,0.0,0.0,0.0,0.0,0.0,0.0,0.0,0.0,0.0,0.0,0.0,0.0,0.0,0.0,0.0,0.0,0.0,0.0,0.0,0.0,0.0,0.0,0.0,0.0,0.0,0.0,0.0,0.0,0.0,0.0,0.0,0.0,0.0,0.0,0.0
2000-06-30,0.0,0.0,0.0,0.0,0.0,0.0,0.0,0.0,0.0,0.0,0.0,0.0,0.0,0.0,0.0,0.0,0.0,0.0,0.0,0.0,0.0,0.0,0.0,0.0,0.0,0.0,0.0,0.0,0.0,0.0,0.0,0.0,0.0,0.0,0.0,0.0,0.0,0.0,0.0,0.0,0.0,0.0,0.0,0.0,0.0,0.0,0.0,0.0,0.0,0.0,0.0,0.0,0.0,0.0,0.0,0.0,0.0,0.0,0.0,0.0,0.0,0.0,0.0,0.0,0.0,0.0,0.0,0.0,0.0,0.0,0.0,0.0,0.0,0.0,0.0,0.0,0.0,0.0,0.0,0.0,0.0,0.0,0.0,0.0,0.0,0.0,0.0,0.0,0.0,0.0,0.0,0.0,0.0,0.0,0.0,0.0,0.0,0.0
2000-07-31,0.0,0.0,0.0,0.0,0.0,0.0,0.0,0.0,0.0,0.0,0.0,0.0,0.0,0.0,0.0,0.0,0.0,0.0,0.0,0.0,0.0,0.0,0.0,0.0,0.0,0.0,0.0,0.0,0.0,0.0,0.0,0.0,0.0,0.0,0.0,0.0,0.0,0.0,0.0,0.0,0.0,0.0,0.0,0.0,0.0,0.0,0.0,0.0,0.0,0.0,0.0,0.0,0.0,0.0,0.0,0.0,0.0,0.0,0.0,0.0,0.0,0.0,0.0,0.0,0.0,0.0,0.0,0.0,0.0,0.0,0.0,0.0,0.0,0.0,0.0,0.0,0.0,0.0,0.0,0.0,0.0,0.0,0.0,0.0,0.0,0.0,0.0,0.0,0.0,0.0,0.0,0.0,0.0,0.0,0.0,0.0,0.0,0.0
2000-08-31,0.0,0.0,0.0,0.0,0.0,0.0,0.0,0.0,0.0,0.0,0.0,0.0,0.0,0.0,0.0,0.0,0.0,0.0,0.0,0.0,0.0,0.0,0.0,0.0,0.0,0.0,0.0,0.0,0.0,0.0,0.0,0.0,0.0,0.0,0.0,0.0,0.0,0.0,0.0,0.0,0.0,0.0,0.0,0.0,0.0,0.0,0.0,0.0,0.0,0.0,0.0,0.0,0.0,0.0,0.0,0.0,0.0,0.0,0.0,0.0,0.0,0.0,0.0,0.0,0.0,0.0,0.0,0.0,0.0,0.0,0.0,0.0,0.0,0.0,0.0,0.0,0.0,0.0,0.0,0.0,0.0,0.0,0.0,0.0,0.0,0.0,0.0,0.0,0.0,0.0,0.0,0.0,0.0,0.0,0.0,0.0,0.0,0.0
2000-09-30,0.0,0.0,0.0,0.0,0.0,0.0,0.0,0.0,0.0,0.0,0.0,0.0,0.0,0.0,0.0,0.0,0.0,0.0,0.0,0.0,0.0,0.0,0.0,0.0,0.0,0.0,0.0,0.0,0.0,0.0,0.0,0.0,0.0,0.0,0.0,0.0,0.0,0.0,0.0,0.0,0.0,0.0,0.0,0.0,0.0,0.0,0.0,0.0,0.0,0.0,0.0,0.0,0.0,0.0,0.0,0.0,0.0,0.0,0.0,0.0,0.0,0.0,0.0,0.0,0.0,0.0,0.0,0.0,0.0,0.0,0.0,0.0,0.0,0.0,0.0,0.0,0.0,0.0,0.0,0.0,0.0,0.0,0.0,0.0,0.0,0.0,0.0,0.0,0.0,0.0,0.0,0.0,0.0,0.0,0.0,0.0,0.0,0.0
2000-10-31,0.0,0.0,0.0,0.0,0.0,0.0,0.0,0.0,0.0,0.0,0.0,0.0,0.0,0.0,0.0,0.0,0.0,0.0,0.0,0.0,0.0,0.0,0.0,0.0,0.0,0.0,0.0,0.0,0.0,0.0,0.0,0.0,0.0,0.0,0.0,0.0,0.0,0.0,0.0,0.0,0.0,0.0,0.0,0.0,0.0,0.0,0.0,0.0,0.0,0.0,0.0,0.0,0.0,0.0,0.0,0.0,0.0,0.0,0.0,0.0,0.0,0.0,0.0,0.0,0.0,0.0,0.0,0.0,0.0,0.0,0.0,0.0,0.0,0.0,0.0,0.0,0.0,0.0,0.0,0.0,0.0,0.0,0.0,0.0,0.0,0.0,0.0,0.0,0.0,0.0,0.0,0.0,0.0,0.0,0.0,0.0,0.0,0.0
2000-11-30,0.0,0.0,0.0,0.0,0.0,0.0,0.0,0.0,0.0,0.0,0.0,0.0,0.0,0.0,0.0,0.0,0.0,0.0,0.0,0.0,0.0,0.0,0.0,0.0,0.0,0.0,0.0,0.0,0.0,0.0,0.0,0.0,0.0,0.0,0.0,0.0,0.0,0.0,0.0,0.0,0.0,0.0,0.0,0.0,0.0,0.0,0.0,0.0,0.0,0.0,0.0,0.0,0.0,0.0,0.0,0.0,0.0,0.0,0.0,0.0,0.0,0.0,0.0,0.0,0.0,0.0,0.0,0.0,0.0,0.0,0.0,0.0,0.0,0.0,0.0,0.0,0.0,0.0,0.0,0.0,0.0,0.0,0.0,0.0,0.0,0.0,0.0,0.0,0.0,0.0,0.0,0.0,0.0,0.0,0.0,0.0,0.0,0.0
2000-12-31,0.0,0.0,0.0,0.0,0.0,0.0,0.0,0.0,0.0,0.0,0.0,0.0,0.0,0.0,0.0,0.0,0.0,0.0,0.0,0.0,0.0,0.0,0.0,0.0,0.0,0.0,0.0,0.0,0.0,0.0,0.0,0.0,0.0,0.0,0.0,0.0,0.0,0.0,0.0,0.0,0.0,0.0,0.0,0.0,0.0,0.0,0.0,0.0,0.0,0.0,0.0,0.0,0.0,0.0,0.0,0.0,0.0,0.0,0.0,0.0,0.0,0.0,0.0,0.0,0.0,0.0,0.0,0.0,0.0,0.0,0.0,0.0,0.0,0.0,0.0,0.0,0.0,0.0,0.0,0.0,0.0,0.0,0.0,0.0,0.0,0.0,0.0,0.0,0.0,0.0,0.0,0.0,0.0,0.0,0.0,0.0,0.0,0.0
2001-01-31,0.0,0.0,0.0,0.0,0.0,0.0,0.0,0.0,0.0,0.0,0.0,0.0,0.0,0.0,0.0,0.0,0.0,0.0,0.0,0.0,0.0,0.0,0.0,0.0,0.0,0.0,0.0,0.0,0.0,0.0,0.0,0.0,0.0,0.0,0.0,0.0,0.0,0.0,0.0,0.0,0.0,0.0,0.0,0.0,0.0,0.0,0.0,0.0,0.0,0.0,0.0,0.0,0.0,0.0,0.0,0.0,0.0,0.0,0.0,0.0,0.0,0.0,0.0,0.0,0.0,0.0,0.0,0.0,0.0,0.0,0.0,0.0,0.0,0.0,0.0,0.0,0.0,0.0,0.0,0.0,0.0,0.0,0.0,0.0,0.0,0.0,0.0,0.0,0.0,0.0,0.0,0.0,0.0,0.0,0.0,0.0,0.0,0.0
2001-02-28,0.009705185640677887,0.0,0.0,0.010829250207326314,0.0,0.0,0.0,0.027139514863167093,0.0,0.0,0.0,0.0,0.0,0.0,0.0,0.0,-0.00896803131288764,0.0,-0.030911753058952593,0.0,0.0,-0.011250817725579334,0.0,0.0,-0.020909812711120912,0.0,0.047524596843573144,0.015704212975944716,0.015813800420798205,-0.019052894826501056,0.0,0.060708696819637684,0.0,0.050102954462611614,0.01626316282403981,0.0,0.0,0.04083196509699761,0.0,-0.010035405929823047,-0.02482811395404082,0.017748303712774558,0.0,0.0,0.02437623620303393,0.009555249015257753,0.0,0.037553279137577784,0.02612218246772472,-0.020618498017437745,0.0,0.0,0.0,0.0,-0.023822364552605654,-0.01791204781817791,-0.03122601997533886,-0.010364133672710933,0.0,0.0,0.0,-0.019408546421955736,0.0,0.0,0.0,0.0,0.0,0.016983726155897636,0.0,0.0,0.0,0.0,0.0,0.013614019359418257,0.0,-0.052064353002311915,0.01664739674087232,0.0,0.056403252404469716,-0.012249188974387823,-0.019419153680752962,-0.03132841827216495,0.0,0.0,0.0,0.04062364829938588,0.0,0.0,0.0,0.0,0.009367887302065161,0.0,0.0,0.0196390331706425,0.0,0.0,0.05237289196935567,0.0
2001-03-31,-0.02175312732419221,0.0,-0.014253915662504989,0.0,0.011652551162639576,0.0,0.0,0.019039208139391885,0.0,0.0,0.0,0.0,0.0,0.0,0.020189986849651145,0.0,-0.009723376770253839,0.0,0.0,0.0,0.0,0.0,-0.011879682714404921,0.0,0.0,0.0,0.013092573278171333,0.03811240726469228,0.02482768752369384,0.0,0.0,0.0382090714693904,0.0,0.05220131817462887,0.0,0.0,0.0,0.05560414981183368,0.0,-0.020294852114730776,-0.017586572930415635,0.0,0.01236063767231103,0.0,0.03116802857718866,0.0,0.0,0.012595293810297935,0.0,0.0,0.0,0.011545733990903003,0.0,0.0,-0.013551031069599782,0.0,0.0,0.0,0.03362314589662049,0.0,0.0,-0.013640243923675988,0.012455477742255472,0.010133220569125361,0.0,0.0,0.0,0.04533655286720875,0.0,0.0,0.029578351952193885,0.015285231957799636,0.0,0.043284499923359324,0.0,-0.02408326346498704,0.04731734958576929,0.022789807130522234,0.030601590314500444,0.0,0.0,-0.015910885955687945,0.0,0.019230665818843723,0.01687000944216838,0.034709291014480746,0.0,0.0,0.0,0.02138191065172472,0.0,0.0,0.0,0.04034164650122562,0.0,0.019648719161424542,0.05413692981553065,0.0
2001-04-30,-0.02169861510249243,0.016780805910177565,-0.011449638203345592,0.0,0.04007542672213499,0.0,0.011533925773574413,0.020944882009835963,0.0,0.0,0.0,0.0,0.0,0.0,0.04054243549441128,0.0,0.0,0.0,-0.00735838160698756,0.0,-0.01699105609745907,0.0,-0.01999775195803497,0.0,0.0,0.0,0.0,0.03758745208247293,0.0,0.0,0.0,0.0634560702588796,0.0,0.06546128707588679,0.007808358140315621,0.0,0.0,0.0732495116597507,0.0,-0.020823346695428038,0.0,0.00675072352930647,0.01556399078660071,0.0,0.03170599866916517,0.0,0.0,0.03628659563501368,0.0,0.019855541196984784,0.0,0.017345323409454404,0.0,0.0,0.0,0.013540390523040876,0.0,0.02350204367621638,0.033494332697650335,0.0,0.0,-0.011869902125089128,0.00931286533660221,0.0,0.0,0.0,0.0,0.04841003667946718,0.0,0.0,0.014344143209057648,0.0,0.0,0.025931413380820084,0.0390936885355719,-0.01262946255582919,0.015916668320038404,0.0,0.0,0.0,-0.010179704021701203,-0.014456077720876762,0.0,0.023074579185948286,0.0,0.0,0.0,0.0,0.0,0.0,0.0,0.0,0.0,0.01160493445772981,0.019722293470745587,0.016597785871900285,0.05305256021400207,0.0
2001-05-31,0.0,0.02336372469907097,0.0,0.0,0.03227183884851262,0.0,0.009483558019190576,0.016163491469029033,0.009663110252572358,0.0,0.0,0.0,0.0,0.0,0.02136156623722654,0.0,0.012968108216523591,0.0,0.0,0.0,0.0,0.018471036844965042,0.01054950401011213,0.0,0.027130845869815397,0.0,0.0,0.0161022108185979,0.0,0.0,0.0,0.05301119162079898,0.0,0.048733906270356016,0.02660056676893003,0.0,0.0,0.06938949655410964,0.0,0.0,0.01666505300053057,0.013146926951136197,0.01534796748460251,0.0,0.030605603587662563,0.01539828001186099,0.0,0.03783286285631914,0.019922834882206752,0.010612639444767124,0.0,0.0,0.0,0.0,0.0,0.0,0.026158714704887336,0.01755312940020138,0.03843389750406979,0.0,0.0,0.0,0.0,0.0,0.0,0.0,0.0,0.04073448914748674,0.012507008016878369,0.0,0.029851273502305015,0.0,0.0,0.029157476464672847,0.058439613581999734,0.0,0.025702359223560307,0.016903005270879432,0.01571207486655087,-0.009316900346674916,0.0,0.0,0.0,0.0233919213049113,0.02003055512013929,0.0,0.0,0.0,0.0,0.0,0.0,0.0,0.0,0.021843158988872846,0.0,0.016181090218653806,0.043287007618359394,0.0
2001-06-30,0.0,0.02903965203869759,0.01697120390553034,-0.012292978073236233,0.02667171962382689,0.0,0.0,0.0,0.0,0.0,0.0,0.0,0.0,0.0,0.0,0.0,0.0,0.0,0.0,0.0,0.0,0.02408781329472039,0.0,0.0,0.00966433488509063,0.0,-0.010102183676830233,0.0,0.0,0.0,0.0,0.033330791842279654,0.0,0.09358739559886878,0.012615825764574162,0.0,0.0,0.07794216944347884,0.0,-0.015123335338305363,0.023663797838903558,0.0,0.0,0.0,0.0,0.0,0.0,0.027055785786218402,-0.010066889653843695,0.016482439269322687,0.0,0.02443287195861695,0.0,0.0,0.0,0.025009802235396936,0.01770909899827096,0.0,0.018377706550038387,0.0,0.0,0.01600075153524483,0.03700236914407786,0.010555739744905755,0.0,0.0,0.0,0.0624184537963247,0.011484189672325897,0.0,0.015493618074925466,0.0,0.0,0.026733299917539255,0.030061738520387307,0.0,0.02303829651551822,0.01461459357975959,0.010730988386811892,0.0,0.02587354220855746,0.022382371974725153,0.0,0.013737182036733403,0.015837656299989254,0.0,0.0,0.0,0.0,0.0,-0.022608503164189414,0.0,0.0,0.01477934887055871,0.016682943743630704,0.022576977159149438,0.06315963987859499,0.0
2001-07-31,0.014345805697251187,0.02501781777470424,0.0,-0.014138493588199484,0.024922814720429686,0.0,0.0,0.0,0.0,0.0,0.0,0.0,0.0,0.0,0.014384590575177252,0.0,0.023908530845912015,0.0,-0.0416362742212219,0.0,0.0,0.0,0.0,0.0,0.0,0.0,-0.012686317875030401,0.02398139604392016,0.021378289739970704,0.0,0.0,0.03970092297914514,0.0,0.027603008910221317,0.0,0.0,0.0,0.07014453356790223,0.0,-0.0259228479779173,-0.011301260015898108,-0.0217769278839871,-0.026948678954088066,0.0,-0.022030404926220076,-0.025045715386804675,0.0,0.03935465190042749,-0.0276643708476099,0.02027808810127827,0.0,0.04300393088373408,0.0,0.0,0.0,0.034995853965739857,0.02435863859035295,0.022119928466369464,0.026010450767900005,0.0,0.0,0.013241873889221045,0.013115384586400916,0.0,0.0,0.0,0.0,0.0,-0.011682222962525005,0.0,0.0,0.009917100792811167,0.0,0.0,0.02175470290324003,0.01792413713262219,0.019468362616963816,0.0,0.0,0.0,0.010064554401344898,0.0,0.0,0.0,0.03218466737782565,0.0,0.0,0.0,0.0,0.0,-0.03520486493248233,0.0,0.0,0.0,0.02996486372542083,0.039503421359440384,0.021313298112288704,0.0
2001-08-31,0.011359252906199963,0.02388515005962576,0.013037830198058988,-0.016902373350786384,0.026498804096279065,0.0,0.0,0.0,0.0,0.0,0.0,0.0,0.0,0.0,0.011365572663564203,0.0,0.03682426223302166,0.0,-0.0596383545179733,0.0,0.0,0.0,0.0,0.0,-0.01756195068613238,0.0,-0.019841331404284266,0.0,0.0,-0.02911780428983156,0.0,0.05625299501488478,0.0,0.04420932634600134,0.0,0.0,0.0,0.04239390155810785,0.0,-0.014803738207816079,-0.011795495029197463,-0.012252933869925242,-0.046197217725610785,0.0,-0.029410849770673892,-0.02798604081887467,0.0,0.04743856125199114,-0.0389527158771952,0.014179101713006894,0.0,0.0354070152375033,0.0,0.0,0.04209767328878177,0.02362262832083244,0.0,0.0,0.0,0.0,0.0,0.0,0.0,-0.021797311483483368,0.0,0.0,0.0,-0.019705030474912517,-0.02597987740709456,0.0,-0.011410259834848257,-0.012858490094163923,0.0,0.012112051022753931,0.015371195181251785,0.0,0.011112660183718443,0.0,0.0,0.0,0.010999151198326099,0.0,0.0,0.0,0.0,0.016889205154638293,0.0,0.0,0.0,-0.023092555008014395,-0.01963939176304358,0.0,0.0,0.018879591022223488,0.027120349735367113,0.0,0.0,0.0
2001-09-30,0.0,0.013367568399383502,0.0,-0.018636038870157898,0.01431993233831005,0.0,-0.020752350177120897,0.0,-0.014833633952880182,0.0,0.0,0.0,0.0,0.0,0.0,0.0,0.02144326597416815,0.0,-0.05058337253605112,0.0,0.01457980982184762,0.0,0.02809757844259631,0.0,-0.02019317536172536,0.0,-0.019848192455035482,0.0,0.0,-0.01960114821130604,0.0,0.05568304972458837,0.0,0.05043149067755039,0.012436106174861567,0.0,0.0,0.04416668495044859,0.0,0.0,-0.018461540501958345,0.0,-0.04059192643937012,0.0,-0.019796245916039817,-0.024968477909233167,0.0,0.0,-0.03337899764625332,0.027147717907290383,0.0,0.05224654390982047,0.0,0.0,0.06608441071431956,0.03978807410217125,0.020466822906897844,0.0,0.012151633092395937,0.0,0.0,0.02877358710528253,0.01824338347445555,0.0,0.0,0.0,0.0,0.0,-0.018371182156723082,0.0,0.0,0.01406708419730259,0.0,0.0,0.0,0.0,0.02052288346012757,0.012967711030704336,0.01679620794881944,0.0,0.0,-0.012499751209840655,0.0,0.0,0.013088827601266487,0.01308652146616047,0.0,0.0,0.0,-0.021966136670285092,0.0,0.0,0.0,0.015835378792542865,0.0,0.0,0.019725555772707643,0.0
2001-10-31,-0.02463506212500169,-0.02130609535177469,0.0,-0.023801375235220773,-0.01542638660164818,0.0,-0.028455033122990487,0.0,-0.02074714473570474,0.0,0.0,0.0,0.0,-0.025219756905660924,0.0,0.0,0.0,-0.025786475685909614,-0.04837099256793932,0.0,-0.025161112721783622,0.0,0.0,0.0,-0.03109809328358416,0.0,-0.025230627435453876,0.016594310915243913,0.0,-0.026779617415551953,0.0,0.025747721986674174,0.0,0.0,0.0,0.0,0.0,0.0,0.0,-0.01922986286826757,-0.02789069318912076,-0.02056756694819474,-0.0372735288720128,0.0,-0.022249026929004632,-0.023224188084516508,0.0,0.0,-0.03342713198464474,0.022247551436590383,0.0,0.028790092825836347,0.0,0.0,0.05564844501942352,0.032584492631775,0.0,0.0,0.0,0.0,0.0,0.03158077014430187,0.020888282089950583,0.0,0.0,0.0,0.0,0.0,-0.03323469306510165,0.0,-0.018259485529482904,-0.020184993970136105,0.0,-0.020082218430128064,-0.018031349034027068,-0.019840892446993653,-0.015663797048270398,-0.015785707472615637,0.0,0.0,-0.017289916725592075,0.0,0.0,0.0,0.0,0.0,0.0,0.0,0.0,-0.028352018869015963,-0.015270980639246472,0.0,0.0,0.0,0.0,-0.018042507655608372,0.0,0.0
2001-11-30,-0.028923859388335166,-0.015660381777602716,-0.02153385859724848,0.0,-0.014473019688193468,0.0,-0.026039778200721994,0.0,0.0,0.0,0.0,0.0,0.0,-0.02502334045626383,0.01857391968481015,0.0,0.0,-0.031378084535482596,-0.056346475547474725,0.0,-0.03372674514467901,-0.01768761058531509,0.0,0.0,-0.02546843840885386,0.0,-0.02042284561660285,0.019205138718339513,0.01498444483816536,-0.028376443244140803,0.0,0.045949338119042324,0.0,0.0,0.0,0.0,0.0,0.0,0.0,-0.01571101859995961,-0.0325928588995061,0.0,-0.025745111544462164,0.0,0.0,0.0,0.0,0.0,-0.01694829277335333,0.0,0.0,0.022699036009800472,0.0,0.0,0.052947724317643184,0.0,0.0,0.020984074303139495,0.014998951538429305,0.0,0.0,0.0,0.0,0.0,0.0,0.0,0.0,-0.017062301913761506,-0.04351626935755922,0.0,-0.017374904062313824,-0.01881196777442348,0.0,-0.02376376552668625,-0.01662714831568939,-0.01652935419640946,-0.016305507370354935,-0.01651966985666347,0.0,-0.022301784750137357,-0.02111060740406652,-0.027635555335330166,0.0,0.0,0.0,0.0,0.0,0.0,0.0,-0.043878584051928515,0.0,0.0,0.0,0.0,-0.025683259651346504,-0.0264785298957639,0.0,0.0
2001-12-31,-0.04842736605987102,-0.013642358610191217,0.0,0.0,0.0,0.0,-0.035776692647657364,0.0,0.0,0.0,0.0,0.0,0.0,-0.027832849346631612,0.03414550239773499,0.0,0.010460416798633514,-0.03434064150081065,-0.03608103214774552,0.0,-0.0458153157759789,-0.026898074544544823,-0.021417339570388633,0.0,-0.02709729034155287,0.0,-0.019053694485240174,0.0,0.013821336162166038,-0.04429006973832213,0.0,0.057739546538063104,0.0,0.03157978001998848,0.0,0.0,0.0,0.0,0.0,0.0,-0.037376543167016225,0.0,-0.02938303442038092,0.0,0.0,0.0,0.0,0.009435669036986017,-0.009219452159263722,0.0,0.0,0.01696093576571,0.0,0.0,0.06390467210593076,-0.009993224685371905,0.0,0.0,0.0,0.0,0.0,0.0,-0.011566639119790355,-0.02369139976031422,0.0,0.0,0.0,0.016295482559023956,-0.017216972349121867,0.0,0.0,0.0,0.0,0.0,-0.010149415056596667,0.0,0.0,-0.017565101124518524,0.0,-0.012286571846051348,-0.013304431125731332,-0.027611269686214916,0.0,0.018843655743485045,0.0,0.02141347025497646,0.0,0.0,0.0,-0.03192433716871335,0.013418718753288952,0.0,0.0,0.0,-0.01919785372493071,-0.025626626237080178,0.01519521746398154,0.0
2002-01-31,-0.017073114092459086,0.0,0.013601862491927635,0.012338906036657025,0.0,0.0,-0.03732512464939619,0.0,0.0,0.0,0.0,0.0,0.0,-0.03236915286490787,0.053280074342933866,0.0,0.0,0.0,0.0,0.0,-0.04498057997342017,-0.012473962695267723,0.0,0.0,-0.04178066135917008,0.0,0.0,0.011425528785481079,0.013160548230616145,-0.036762529418385245,0.0,0.03591512883093696,0.0,0.0,0.0,0.0,0.0,0.01466611518162754,0.0,0.0,-0.053444190347410735,0.0,0.0,0.0,0.0,0.021769352817678563,0.0,0.03848642059975122,0.012692727626663985,0.0,0.0,0.03313227187632512,0.0,0.0,0.013499712829105164,0.0,0.0,0.04335466400625597,0.03459743531722087,0.0,0.0,0.03102405454710066,0.0,0.0,0.0,0.0,0.0,0.020723899096503885,0.0,0.0,0.028417904020791734,0.01605985084320541,0.0,-0.012003167420525247,-0.01371515981701516,0.01363018533604163,0.014226339221165616,0.0,0.0,0.0,-0.01281167615870398,-0.02084189506085052,0.0,0.04862111649068398,0.028303021056863432,-0.010778417946301955,0.0,0.0,0.0,-0.01588210894248555,0.018053621993070902,0.0,0.0,-0.01713484499060189,0.0,0.01285070192821732,0.036791970756272906,0.0
2002-02-28,0.0,-0.018414253638186297,0.0,0.0,0.0,0.0,-0.0241588800740538,-0.011820400563998676,0.017437183322456057,0.0,0.0,0.0,0.0,-0.010073497518752717,0.027752929892718377,0.0,0.0,-0.010064585718403865,0.0,0.0,-0.03344665255169759,-0.021618927661710703,-0.010587085153317036,0.0,-0.05468545121869247,0.0,0.02141833838535008,0.017453751553551725,0.014849765164612653,-0.011884962927044097,0.0,0.03356823194590334,0.0,0.0,0.0,0.0,0.0,0.0,0.0,0.020219767225515276,-0.04233476392806133,0.0,0.01777627605836494,0.0,0.0,0.035109671718163614,0.0,0.019568786028031318,0.019172501671543187,0.0,0.0,0.031956149880710064,0.0,0.0,0.0,0.0,0.020405912020657765,0.08362820939463804,0.05834514342592367,0.0,0.0,0.03194291976463459,0.0,0.0,0.0,0.0,0.0,0.023927487959108765,0.0,0.0,0.014231376167717467,0.02439006864542097,0.0,0.0,-0.012764220339414675,0.0,0.027233793673114133,0.0,0.0,-0.025132565184320783,-0.013926258326692012,0.0,0.0,0.048588294068297254,0.01785682822780582,-0.02450152591648881,0.0,0.0,0.0,0.012453505404782331,0.01651555332415077,0.0,0.0,0.0,0.0,0.0,0.018783524355993102,0.0
2002-03-31,0.0,0.0,0.014756387302620633,0.014932459977762939,0.0,0.0,0.01834353357251997,0.0,0.025284781868896523,0.0,0.0,0.0,0.0,0.020463136061364285,0.028457719458303356,0.0,0.0,0.018333861826234286,0.0,0.0,0.0,0.0,0.0,0.0,-0.03234054951465882,0.0,0.017252740738055404,0.02771851706832213,0.015143037359821985,0.0,0.0,0.01624071999873591,0.0,0.0,0.0,0.0,0.0,0.0,0.0,0.02448598230737338,0.0,0.01714987131910628,0.020391076259738065,0.0,0.017389285260935788,0.03730699045316558,0.0,0.012919496915218398,0.027934948818395398,0.0,0.0,0.015571153273877376,0.0,0.0,0.0,0.0,0.03940268891267923,0.059414258117631305,0.05538796028927527,0.0,0.0,0.0,0.0,0.019044232628025737,0.0,0.0,0.0,0.019726086849102153,0.015451214845417852,0.0,0.023962502811314804,0.03813968771435488,0.0,0.01805876598345948,0.013375420284873967,0.01684117594048425,0.02853715923220591,0.021740492202355632,0.0,0.0,0.014542944263636184,0.0,0.0,0.04606162306183317,0.028172305603707055,0.0,0.0,0.0,0.0,0.03659837907646652,0.03362799107682934,0.0,0.0,0.032350636874493216,0.0,0.0,0.017148224876747383,0.0
2002-04-30,0.018565358542471364,0.0,0.01789604466565986,0.0,0.013773025373248053,0.0,0.014462338283693818,0.0,0.0,0.0,0.0,0.0,0.0,0.01812691562375008,0.02295272117463602,0.0,0.0,0.024223041292643303,0.0,0.0,0.0,0.014651144171171292,0.0,0.0,0.0,0.0,0.022137384993647733,0.018221679500976418,0.0,0.0,0.0,0.0,0.0,0.0,0.013959127247388738,0.0,0.0,0.0,0.0,0.01715108040259679,0.0,0.0,0.0,0.0,0.01507147658063762,0.020256598787187614,0.0,0.0,0.0,0.0,0.0,0.030955072224178582,0.0,0.0,0.02511466109843528,0.020450552293120112,0.0405483197643957,0.049701522606113095,0.06204034253583689,0.0,0.0,0.037273984988456146,0.027200557222453552,0.026279796562013378,0.0,0.0,0.0,0.02790184572141405,0.029152978724214535,0.0,0.01916186226204584,0.02943479031525573,0.0,0.0,0.017257789431299762,0.020235372607923272,0.032368307267146804,0.027506905038457714,0.014167606014951937,0.018969276829086446,0.0,0.023612980059904993,0.0,0.028042696230283982,0.027900854112591234,0.0,0.0,0.0,0.0,0.04350173719982446,0.022525278207613658,0.0,0.0,0.026658228476756394,0.0,0.0,0.020588745566517717,0.0
2002-05-31,0.01075021585803131,0.0,0.0,0.010715414498284013,0.016867922632774184,0.0,0.020945535050587605,0.0,0.021096056408290688,0.0,0.0,0.0,0.0,0.023089121021876463,0.016554727005041864,0.0,0.016998592915959784,0.015312695588290216,0.0,0.0,0.010689595408699355,0.01919306934642576,0.020497067546029896,0.0,0.0,0.0,0.025650491838559688,0.03869913238667327,0.0,0.0,0.0,0.0,0.0,0.0,0.010764474429024947,0.0,0.0,0.0,0.0,0.011194571262474032,0.0,0.0,0.01908691169866544,0.0,0.019119403319803878,0.015807751331445255,0.0,0.0,0.013020021322889862,0.027481371602287412,0.0,0.04090378344637354,0.0,0.0,0.026293257697543766,0.04972520484559313,0.052889691255370505,0.06403770840713803,0.06890657275692559,0.0,0.0,0.032534479714138274,0.06187202963283792,0.0254894979858552,0.0,0.0,0.0,0.013764766093985253,0.018595447904115506,0.0,0.0,0.0,0.0,0.0,0.0,0.026683445203128396,0.01082047373040362,0.03398122377016668,0.024562503895242817,0.0,0.0,0.020559273903687773,0.0,0.0,0.0,0.0,0.0,0.0,0.0,0.02049733563301439,0.0,0.0,0.0,0.012352529330074084,0.0,0.0,0.011996632322290632,0.0
2002-06-30,0.0,0.0,0.0,0.0,0.012295836316254312,0.0,0.015628917114418987,0.0,0.0,0.0,0.0,0.0,0.0,0.022790217979606207,0.0,0.0,0.011737909733967001,0.0,-0.01802477955695341,0.0,0.015997486071530773,0.012899041043999788,0.013341980775419546,0.0,-0.011354348176364,0.0,0.014765791441815003,0.04441864062112849,0.030440065795514153,0.0,0.0,0.0,0.0,0.0,0.0,0.0,0.0,-0.010101459721021536,0.0,0.0,0.01412406505376412,0.0,0.007381541150833657,0.0,0.0,0.008087395629401894,0.0,-0.010644216794385616,0.007767642497166726,0.036608522778517824,0.0,0.04917299315343669,0.0,0.0,0.0473087194624501,0.06935789488153549,0.05562655628518856,0.0639657037150158,0.08089076903386218,0.0,0.0,0.03430417015035896,0.08195256223024279,0.034265349552273214,0.0,0.0,0.0,0.018449299090798156,0.008266289086071552,0.0,0.0,0.010752062102800624,0.0,0.0,0.0,0.02348817338841296,0.013358447044555162,0.024616762343373677,0.0128580777368258,0.0,0.0,0.010347989031284893,0.0,0.0,0.0,0.0,0.0,0.0,0.0,0.006873044563841813,0.0,0.0,0.0,0.017846607127589568,0.0,-0.010674123811536831,0.00721454795648218,0.0
2002-07-31,0.0,0.011649915127694805,0.0,0.011094211222854524,0.02359012004655032,0.0,0.018168338332766314,0.0,0.012739274294983198,0.0,0.0,0.0,0.0,0.028661593579545997,0.021741772038338658,0.0,0.031152571840030924,0.0,-0.021212435623857495,0.0,0.018010672068496873,0.014702438782018679,0.023073422030545996,0.05044712712752363,-0.017388848763181357,0.0,0.028826762504092197,0.05553302868264782,0.03988723798123989,0.0,0.0,-0.025282640114071504,0.0,0.0,-0.010256258022242013,0.0,0.0,0.0,0.0,-0.016600127851668752,0.0,0.0,0.0,0.013584395479533528,0.0108857929485793,0.011834831864340058,0.0,0.0,0.0,0.01354835734615489,0.0,0.019251605744920415,0.0,0.0,0.04254383116591815,0.0471550075164381,0.018864057647595633,0.03207364516349612,0.03327781366699477,0.0,0.0,0.02568909136069754,0.09646729448993886,0.02922146494835575,0.0,0.0,0.0,0.0,0.01648461454529881,0.0,0.0,0.0,0.0,0.0,0.0,0.031068482932257294,0.0,0.011693535440406305,0.0166484887189258,0.015618581919848147,0.0,0.016802996628841837,0.0,0.0,0.0,0.017267314437107745,0.0,0.0,0.0,0.0,0.0,0.0,0.0,0.0,0.0,0.0,0.0,0.0
2002-08-31,-0.024930828361994783,-0.021260007454656,-0.02698022966726262,0.0,0.0,0.0,0.0,0.0,0.0,0.0,0.0,0.0,0.0,0.0171661415727487,0.0,0.0,0.0,-0.0399598299429853,-0.03969412270827693,0.0,-0.01760656047989188,-0.01366931713915426,0.0,0.037238708684995875,-0.03576736625896757,0.0,0.0,0.020432162788712918,0.01343220518591844,-0.011189652962470657,0.0,-0.017037978688113325,0.0,0.014575770195797583,-0.020269777517458343,0.0,0.0,0.0,0.0,-0.04468056681614725,-0.014690364436988776,-0.026353896778416756,-0.013266892075401764,0.0,0.0,0.0,0.0,0.0,0.0,0.0,0.0,0.0,0.0,0.0,0.036723535986141594,0.02863374588238671,0.0,0.0,0.01112584779766409,0.0,0.0,0.01446615703179163,0.049391904990246364,0.012124446956909627,0.0,0.0,0.0,0.0,0.03304916197263295,0.0,-0.01554945997701853,0.0,0.0,-0.03260105459752121,0.0,0.04321326198827478,0.0,0.02628136265335498,0.0,0.0,-0.031594165746458854,0.029527743364087266,0.0,-0.016244555428422392,-0.01386065713217295,0.0,0.0,0.0,0.0,-0.03430309527995369,-0.017418165743877657,0.0,0.0,0.0,-0.03170802953150771,-0.015123084282943051,-0.03685818394027429,0.0
2002-09-30,-0.03917121412690582,-0.02463393776062276,-0.03072794292767956,-0.014503293296644265,0.0,0.0,0.0,0.0,0.0,0.0,0.0,0.0,0.0,0.0,0.0,0.0,0.0,-0.029106611414049157,-0.02477742677736637,0.0,-0.02319418631190275,-0.023256563507972935,0.0,0.022119786565260164,-0.03394032173999794,0.0,0.0,0.03140252414731061,0.022072301611105693,0.0,0.0,0.0,0.0,0.0,-0.03402498327896054,0.0,0.0,0.0,0.0,-0.04216174125801683,0.0,-0.02772583230263671,-0.018546627658764938,0.0,0.0,0.0,0.0,-0.01727228792292405,-0.013858382450065059,0.0,0.0,0.0,0.0,0.0,0.03511937722122521,0.028188594188462444,0.0,0.02010790876887227,0.0,0.0,0.0,0.015373706334975203,0.04338046762621199,0.019677862669064124,0.0,0.0,0.0,0.0,0.0,0.0,-0.01485186993061606,0.0,0.0,-0.03524285967670435,-0.018210082406547794,0.016757785759325905,-0.019907084576069434,-0.019807114770497854,-0.014893469033767542,-0.021231382020316148,-0.034412402732146574,0.01920492208806117,0.0,0.0,-0.013586431456595707,0.0,0.0,0.0,0.0,-0.027323959365006173,0.0,0.0,0.0,-0.018586814430269466,-0.030626286874217295,-0.023884954599217762,-0.037128698413643406,0.0
2002-10-31,-0.03260247071086014,-0.02788533063367069,-0.03415687462044009,-0.014409307785594464,0.0,0.0,0.0,0.0,0.0,0.0,0.0,0.0,0.0,0.0,0.0,0.0,0.0,-0.03114717357067112,-0.01975666382324348,0.0,-0.029409795983449068,-0.03025446669309635,-0.017941407004912154,0.0,-0.029533536248188188,0.0,-0.017316596408361737,0.0,0.0,0.0,0.0,0.0,0.0,-0.01599898167965137,-0.03198409037423359,0.0,0.0,0.0,0.0,-0.03857702697611608,-0.0134189634941777,-0.020226252746490047,-0.017409777256474933,-0.020603257822976,-0.014574139195684774,0.0,0.0,-0.026835643656238174,-0.016123044830950086,0.0,0.0,0.0,0.0,0.0,0.04976544833389364,0.0,0.0,0.0136468535807255,0.0,0.0,0.0,0.0,0.0,0.0,0.0,0.0,0.0,-0.018536967471290598,0.0,0.0,-0.018178610201943547,0.0,0.0,-0.03724232685925084,-0.022374846240642274,0.0,-0.02537922509124995,-0.019127969388361678,-0.035352106581370404,-0.02980509133314139,-0.03983073985197335,0.0,0.0,-0.014044863801028413,-0.015294995792546682,-0.013662801995885905,0.0,0.0,0.0,-0.026867241963884587,0.0,0.0,0.0,-0.029673246249738137,-0.03342665254055249,-0.022976485207989453,-0.034648725999051014,0.0
2002-11-30,-0.024311369617278224,-0.03410152495693076,-0.021743656358712428,-0.01421138658786084,0.0,0.0,0.0,0.0,0.0,0.0,0.0,0.0,0.0,-0.019283768733377334,-0.019673307662275815,0.0,-0.015682275823741567,-0.022970956518282116,0.0,0.0,-0.028889629345246394,-0.0364379390592415,-0.020351412831670454,-0.02062948495767026,-0.030192246749633545,0.0,0.0,0.0,-0.016582609688114237,0.0,0.0,0.0,0.0,-0.02003036692656156,0.0,0.0,0.0,0.02865733697571409,0.0,-0.029650200095154816,0.0,-0.02454972663202128,0.0,0.0,0.0,0.0,0.0,-0.023794503619943123,-0.01799691944890991,-0.01750728300049064,0.0,-0.017409433548224593,0.0,0.0,0.0,-0.014729188778668427,-0.014670307217469918,0.0,0.0,0.0,0.0,-0.01838906389956541,0.0,0.0,0.0,0.0,0.0,-0.028757489393570194,0.0,0.0,0.0,0.0,0.0,-0.030010866698031397,-0.02645796527870047,-0.021289347807967707,-0.02639630865388895,-0.020873666195057858,-0.035696965116964297,-0.03711102179509604,-0.044460502232664956,0.0,0.0,0.0,-0.014495983694072904,-0.02298270269649881,0.0,0.0,0.0,0.0,-0.017779563568216132,0.0,0.0,-0.034903704132178574,-0.04698584091195814,-0.039352172792374226,0.0,0.0
2002-12-31,-0.026503226966794788,-0.04275128288806716,-0.032025292384525915,0.0,-0.013367938468871793,0.0,0.0,0.0,0.0,0.0,0.0,0.0,0.0,-0.03640282102777609,-0.0256577123802924,0.0,-0.017624437640237637,-0.018190529102306698,0.013815385338143974,0.0,-0.033200989033977744,-0.03924731708691717,-0.037561835833819335,-0.030857180997553822,-0.019836234889857952,0.0,-0.02043370932624754,0.0,-0.02804328082343706,-0.012500291833195905,0.0,0.012951945713673614,0.0,-0.022949508426003015,0.0,0.0,0.0,0.03891240725759461,0.0,0.0,0.021234265133991344,0.0,0.0,0.0,0.0,0.0,0.0,0.0,0.0,0.0,0.0,-0.0180540869353675,0.0,0.0,0.013421098603877803,-0.01318183561582183,0.0,0.0,0.0,0.0,0.0,-0.016851708368293396,0.0,0.0,0.0,0.0,0.0,0.0,0.0,0.0,0.02499715786152834,0.047716783658888026,0.0,-0.022518661400485262,-0.026194723237330162,-0.021630651867635114,-0.019637680774119738,-0.01279597896509878,-0.03331121390700149,-0.03357695996519663,-0.04739086377665233,-0.012837370699516994,0.0,0.0,-0.02219768717343696,0.0,0.0,0.0,0.0,0.0,0.0,0.0,0.0,-0.020393518684492837,-0.02350994289273241,-0.025714483059238822,0.0,0.0
2003-01-31,0.0,-0.019082670541243994,0.0,0.024644298785830587,0.015215688182944772,0.0,0.0,0.022929576565406094,0.01964238274935661,0.0,0.0,0.0,0.0,0.0,0.0,0.0,0.01422381714970237,0.0,0.027809012089388685,0.0,0.0,-0.0205007567491231,0.0,0.0,0.0,0.0,0.0,0.01525246350804341,0.0,0.01805435475275702,0.0,0.0,0.0,0.0,0.0,0.0,0.0,0.038883688765896283,0.0,0.0,0.03150145400422731,0.03076336407566745,0.027985503260738256,0.0,0.01966031613226522,0.030482659490185828,0.0,0.0,0.016852499684015435,0.0185827559565583,0.0,0.018347625922220678,0.0,0.0,0.057616795862144764,0.022693663843274436,0.05579150128858341,0.03468042225770031,0.02727782144367562,0.0,0.0,0.015153737745315655,0.028908834082816436,0.015189056396591748,0.0,0.0,0.0,0.0,0.0,0.0,0.027832066259314614,0.0276281558218106,0.0,-0.01539137829610253,0.0,-0.01621700841583805,-0.020951688529472937,-0.025814689774576374,-0.020878868617540607,-0.029377234387637053,-0.030283198089249685,0.0,0.0,0.023434567591376992,0.0,0.0,0.0,0.0,0.0,0.0,0.0,0.0,0.0,-0.018963524848942443,0.0,-0.02959543368844842,0.025905464394015903,0.0
2003-02-28,0.0,-0.03545291123434166,-0.01764702538105978,0.022792095968625466,0.0,0.0,0.0,0.0,0.027566698121336563,0.0,0.0,0.0,0.0,0.0,0.0,0.0,0.013907696462855591,0.0,0.02332387127235102,0.0,-0.013974485893873439,-0.0345159714620049,-0.01202283850578126,-0.014631324681189705,0.0,0.0,-0.01731938506892533,0.015372610559141296,-0.015271784439248258,0.0,0.0,0.0,0.0,0.04161132714845373,0.0,0.0,0.0,0.03276292133577944,0.0,-0.025188583003634166,0.02089790335372142,0.01738320016151831,0.0,0.0,0.0,0.03104414550813013,0.0,-0.011349821374039193,0.015021234811291015,0.0,0.0,0.0,0.0,0.0,0.04805674655144256,0.0,0.049758404755725176,0.0,0.0,0.0,0.0,0.0,0.0,0.0,0.0,0.0,0.0,0.01431354340590571,0.03544394706757323,0.0,0.0,0.015391318557472606,0.0,-0.023541773888584038,-0.017917956029566497,-0.022470600638280026,-0.01949939776335953,0.0,-0.03223811848681138,-0.03561499164935807,-0.0457500894031559,0.0,0.0,0.0,-0.02297702618770152,0.0,0.0,0.0,0.0,-0.029812043589644757,-0.026198396281315775,0.0,0.0,-0.015202939385049527,-0.025181453017534848,-0.037914352308677596,0.02365906528553967,0.0
2003-03-31,0.016847206914202908,0.0,0.021631757624341833,0.025125471986495417,0.014037917262394967,0.0,0.0,0.017023200235575638,0.01812612410880998,0.0,0.0,0.0,0.0,0.013165956714759498,0.013727761963098505,0.0,0.023006531388825753,0.01725448343675225,0.05031460461764468,0.0,0.0,0.0,0.0,0.0,0.023769986783995934,0.0,-0.011197968073507933,0.02333079791230458,0.0,0.023864463413814194,0.0,0.0,0.0,0.024669019112743645,0.03741831300189629,0.0,0.0,0.039732350164136516,0.0,0.014097891932134364,0.042989559600702935,0.0,0.016930729692514905,0.028681897521333186,0.01290990485086389,0.036995385702780645,0.0,0.0,0.024311849154947506,0.0,0.0,0.0,0.0,0.0,0.0,0.0,0.02050266786928041,0.0,0.0,0.0,0.0,0.0,0.0,0.0,0.0,0.0,0.0,0.021956893010272854,0.02573427988343838,0.0,0.04077706457364472,0.03158772310928083,0.0,0.0,0.0,0.0,0.0,0.0,-0.030097673005380323,0.0,-0.04192308533878189,0.025558827279317214,0.0,0.0,-0.013359067492276364,0.0,0.0,0.0,0.0,-0.03299295152143702,-0.022773756863611674,0.0,0.0,0.020147947301869085,-0.020484402766895008,-0.024031457865041298,0.03691106894889511,0.0
2003-04-30,0.011766004194761325,0.0,0.02215693222089388,0.020643483703278277,0.01782691645396661,0.0,0.0,0.022621470146910173,0.037734722671957766,0.0,0.0,0.0,0.0,0.03997740089355349,0.0338335744290101,0.0,0.04503510013800733,0.012730930852307169,0.07873540012212124,0.0,0.0,0.0,-0.016103473638540734,0.010156351208658633,0.05730143676892547,0.0,0.0,0.018384588021103494,0.01988885877880597,0.025748853175676347,0.0,0.013367348707019056,0.0,0.025697695681837038,0.014982657794332343,0.0,0.0,0.06300042252009186,0.0,0.0,0.02248083491526831,0.0,0.0,0.0,-0.01330468902296867,0.018380970903794886,0.0,0.0,0.019540059851646505,0.0,0.0,0.0,0.0,0.0,0.0,0.011550818625706009,0.018661865236748714,0.0,0.0,0.0,0.0,0.0,0.0,0.0,0.0,0.0,0.0,0.03661661608975461,0.011024007905101458,0.0,0.0,0.01206651300698423,0.0,-0.010907707601391502,0.0,0.0,0.0,-0.010594323564768944,-0.03522993257276049,0.0,-0.04534151633294885,0.022668824594579726,0.0,0.0,0.0,0.010988720571963135,0.0,0.0,0.0,-0.04359044837781282,-0.010657696842741171,0.0,0.0,0.0,-0.016278700995624402,0.0,0.022422130865677386,0.0
2003-05-31,0.0,-0.011659092400262453,0.012769222508589938,0.0,0.022769669468490187,0.0,0.0,0.01329117980095611,0.020218787739427205,0.0,0.0,0.0,0.04350194592651754,0.044700670533448755,0.01826778930203294,0.0,0.016424012895048454,0.026426911394006637,0.06819011410767951,0.0,0.0,0.0,0.0,0.014083144997033115,0.05360095256832639,0.0,0.0,0.04199857680167755,0.03304404261066773,0.04971799585918396,0.0,0.02853084883021468,0.0,0.053750914932777547,0.012195165753272058,0.0,0.0,0.030957951279615682,0.0,0.0,0.0,-0.02037947570991192,0.0,0.0,0.0,0.021890977703721864,0.0,-0.010488456919408863,0.01501052671214447,0.015966787235160228,0.0,0.0,0.0,0.0,0.0,0.009207939674612996,0.0,-0.010585249195688378,0.0,0.0,0.0,0.0,0.0,0.0,0.0,0.0,0.0,0.01081382957115255,0.01954032606083731,0.0,0.0,0.0,0.0,0.0,-0.009508811115807826,-0.020085248974089556,-0.015609175776825208,-0.01500537551496609,-0.033312749211625,0.0,-0.021923764077187626,0.0584486175302531,0.0,0.0,0.0,0.0,0.0,0.0,0.0,-0.027972612086221326,-0.026353897972060905,0.0,0.0,0.0,-0.0091320778456405,0.0,0.012665111403456109,0.0
2003-06-30,0.0,0.012005047189218345,0.018762236235108348,0.010416230275693744,0.031600372152539496,0.0,0.015983289451453747,0.016323808143120625,0.02614666123187962,0.0,0.0,0.0,0.026337829332242234,0.03435720587326721,0.02129858094772946,0.0,0.025558218359123613,0.014832338682139602,0.08719002932345236,0.0,0.0,0.0,0.0,0.012613129926207044,0.05313662329328225,0.0,0.011370933281829995,0.04838166327636329,0.052579655435654495,0.045256045978192626,0.0,0.013905561015414332,0.0,0.04104345662361955,0.0,0.0,0.0,0.030585585713789783,0.0,0.015223097313526203,0.016509741481080916,0.0,0.0,0.0,0.010735973800207596,0.025587959276161892,0.0,0.0,0.027635417460312187,0.0,0.0,-0.01208254568213207,0.0,0.0,0.0,0.0,0.0,0.0,-0.01059338485319613,0.0,0.0,0.0,0.0,-0.017565915314337408,0.0,0.0,0.0,0.019718507999389893,0.021475563035045005,0.0,0.0,0.0,0.0,0.0,0.0,-0.02810441227057293,0.010943521151668238,0.0,0.0,0.011798745472543429,0.0,0.0661566700922074,0.0,0.0,0.0,0.0,0.0,0.0,0.0,-0.014000634869416667,-0.013163561211602639,0.0,0.0,0.0,0.0,0.013166408008790677,0.015853438966487023,0.0
2003-07-31,0.01162504159842042,0.01839267691630534,0.020886913547345044,0.0,0.02559854795463219,0.0,0.02090862569247899,0.028789759408935325,0.0,0.0,0.0,0.0,0.03129084746305712,0.030470381517932667,0.011867307590606446,0.0,0.026444249668501337,0.01742627430096064,0.08018408738226473,0.0,0.0163344511776351,0.014220827755753434,0.019179014615767945,0.01813561979457848,0.04483114557449562,0.0,0.021081866670551244,0.039945872680852326,0.053995083634234116,0.06997480592960101,0.0,0.019492260632590252,0.0,0.03749069584725344,0.0,0.0,0.0,0.028093539588149873,0.0,0.025752291349285167,0.01393054895512848,0.0,0.0,0.0,0.015975499819769173,0.0,0.0,0.0,0.0,0.0,0.0,0.0,0.0,0.0,0.0,0.0,0.0,0.0,0.0,0.0,0.0,0.0,0.0,-0.012218466617890963,0.0,0.0,0.0,0.018885321637094006,0.0,0.0,0.0,0.018324135201535627,0.0,0.019742156906535756,0.0,0.0,0.015294695143215003,0.0,0.0,0.019374471492942746,0.014918044084548302,0.031181107448432135,0.0,0.016180350469764366,0.0,0.0,0.0,0.0,0.0,0.0,-0.019939435891108463,0.0,0.0,0.013017272198931276,0.0,0.016037412425000133,0.02256889341591535,0.0
2003-08-31,0.0,0.018163280425037995,0.0,0.0,0.016638645240192613,0.0,0.0,0.0,0.0,0.0,0.0,0.0,0.0,0.0,0.0,0.0,0.0,0.02574749274245866,0.05339561470947956,0.0,0.01824013582371129,0.012723099024699381,0.01785252023168357,0.021987009628591056,0.02036734490353219,0.0,0.03371467076444776,0.046214240153631965,0.0452716828034973,0.06789132616847615,0.0,0.014224199437471555,0.0,0.03474203333789566,0.0,0.0,0.0,0.01850425620960904,0.0,0.0,0.0,0.0,-0.014352776210293504,0.011829654153219295,0.0,-0.014936485440314382,0.0,0.0,0.0,0.022742725164432376,0.0,0.0,0.0,0.0,0.0,0.0,0.0,0.0,0.0,0.0,0.0,0.015696462022410686,0.020402880879869488,0.0,0.0,0.0,0.0,0.03158183617871391,0.0,0.0,0.0,0.021179036547582263,0.01937099211545109,0.020319133816381483,0.020271945887341363,0.0,0.0,0.014704910171386037,0.028980000488150394,0.021205786653010542,0.04185661546937381,0.025804518983828094,0.0,0.030071447891757058,0.024551204285481024,0.022887068275910995,0.0,0.0,0.0,0.026322537596790704,0.0,0.0,0.0,0.011938733352732829,0.024228487100105996,0.02901789542518457,0.020069314285862342,0.0
2003-09-30,0.0,0.016008375707114733,0.0,0.0,0.0202979443287574,0.0,0.0,0.0,0.0,0.0,0.0,0.0,0.0,0.0,0.0,0.0,0.0,0.017380418548855976,0.023190721785823317,0.0,0.01451784800754251,0.0,0.023054825886347132,0.017763797295674236,0.022009231752452514,0.0,0.01921235237998181,0.03670117464141535,0.03474991646985462,0.06996204720125351,0.0,0.0,0.0,0.03690191080882547,0.0,0.0,0.0,0.0,0.0,0.018697453679431635,0.0,0.0,0.0,0.017234313821859488,0.0,0.0,0.0,0.0,0.0,0.029809282891619104,0.0,0.0,0.0,0.0,0.018092467306532797,0.0,0.0,0.0,0.0,0.0,0.0,0.02361466813589356,0.03531392703520758,0.029113626410767708,0.0,0.0,0.0,0.03255533688139303,0.024156237454926923,0.028559834457272216,0.015139705826662339,0.028753664831625402,0.029556165373927936,0.02211587077493057,0.01965850104741203,0.01590402279132956,0.015968183938574763,0.02641914632185425,0.03191519733286133,0.03043151171120256,0.03453695975512021,0.015087743814232816,0.0,0.0,0.0,0.014692799920884493,0.0,0.0,0.0,0.023567343317359202,0.0,0.0,0.0,0.017311573526212723,0.02677371775213046,0.023270179074876763,0.0,0.0
2003-10-31,0.0,0.022338978329612895,0.013864783771321502,0.0,0.030601358817787472,0.0,0.0,0.0,0.01814887956068494,0.0,0.0,0.0,0.0,0.018457488254028084,0.0,0.0,0.028699664964292226,0.015086564490663926,0.02651034056665024,0.0,0.013189975505914964,0.01988714374882857,0.020524894067388215,0.01902357043585293,0.0,0.0,0.0,0.03603567638608054,0.027546421895321627,0.0650793200014911,0.0,0.0,0.0,0.0,0.0,0.0,0.0,0.0,0.0,0.0,0.0,0.0,0.0,0.0,0.0,0.0,0.0,0.0,0.0,0.029588079879927037,0.0,0.0,0.0,0.0,0.0,0.0,0.02145488112064568,0.016443386959882476,0.020228826335705146,0.0,0.0,0.019455115051843285,0.013847475943843224,0.0355870643728524,0.0,0.0,0.0,0.05056962894282953,0.030709669511816466,0.049137659433906494,0.015611923276004072,0.030791290846365386,0.04247845944948646,0.0,0.03242777235931783,0.01933641399287836,0.0,0.019168265926556485,0.02128942373413556,0.025958598229026818,0.014511701428987889,0.024488647572062767,0.0,0.0,0.0,0.0,0.0,0.0,0.0,0.017514178999204388,-0.014262595568474357,0.0,0.0,0.01995694722046132,0.0,0.016623240908636237,0.023563692139231117,0.0
2003-11-30,0.0,0.0,0.010596878627295992,0.0,0.0,0.0,0.0,0.0,0.0,0.0,0.0,0.0,0.0,0.009571386457355413,0.014404005102070443,0.0,0.025820206948128636,0.016302361208447642,0.025675599297130803,0.0,0.0,0.0,0.0,0.0,0.0,0.0,0.0,0.028748884739168905,0.02050316236089691,0.040430648693080204,0.0,0.0,0.0,0.0,0.009711647830346613,0.0,0.0,0.0,0.0,0.0,0.0,-0.009807083109669221,-0.014522941520268194,0.0,0.0,-0.016416042861832413,0.0,0.0,-0.01220908935971371,0.033305458616566315,0.0,0.0,0.0,0.0,0.0,0.0,0.02119821162405981,0.0,0.014129580862744564,0.0,0.0,0.021914295843728226,0.014244218545068825,0.045551188192254455,0.0,0.0,0.0,0.046653397679545565,0.04417487945188852,0.05419705229798064,0.023119749784705778,0.04071511814999757,0.05053191238349462,0.015598096711378576,0.04676879794205522,0.045659945422698835,0.0,0.023417055313612045,0.025059938120856107,0.028587092117466007,0.0,0.0156980846491183,0.0,0.018817693697230235,0.0,0.012366353062510797,0.0,0.0,0.0,0.015966896812434638,0.0,0.0,0.0,0.022134650087637306,0.01662013642498947,0.015089700803963397,0.03376055728660905,0.0
2003-12-31,0.0,0.0,0.0,0.0,0.014690203872861395,0.0,0.0,0.0,0.009208557861481373,0.0,0.0,0.0,0.0,0.011201691396904027,0.01759841863918259,0.0,0.0180172589970267,0.017991681266822296,0.01900432078674726,0.0,0.0,0.0,0.0,0.015492175288300486,0.0,0.0,0.0,0.03577363989885467,0.021423891878554896,0.0,0.0,0.0,0.0,0.0,0.01301614393397737,0.0,0.0,0.0,0.0,0.0,0.0,-0.00960810943971533,0.0,0.0,-0.009737648423371489,0.0,0.0,0.0,0.0,0.03276895382016065,0.0,0.0,0.0,0.0,0.0,0.011980068856883843,0.025525159567108748,0.0,0.0,0.0,0.0,0.02849414547032845,0.0219862779424179,0.061714778099998445,0.0,0.0,0.0,0.049573709787948,0.06240640397692862,0.030498545449973772,0.02646356235545031,0.03657059836759376,0.03887730010111738,0.015662376944880766,0.04376158129222269,0.04338742099769105,0.0,0.024785097182770433,0.019780142387244858,0.030484222724890493,0.0,0.03686913992467409,0.0,0.021464861507574057,0.01640269956701552,0.014516118649487028,0.0,0.0,0.0,0.013630464808708,0.0,0.0,0.0,0.008501997500324796,0.016305143797182266,0.020283284607146356,0.03454220262847774,0.0
2004-01-31,0.01705306506338991,0.017245835629056294,0.020609621552144488,0.0,0.026217419042886166,0.0,0.0,0.0,0.020119228709252677,0.0,0.0,0.0,0.0,0.025460761313064028,0.026121614702257035,0.0,0.02812604129493445,0.024857570499091843,0.021835073482988958,0.0,0.014319420136211066,0.018400036127315327,0.01770723616053258,0.018615196082083244,0.0,0.0,0.0,0.026492725533257693,0.018618695090267014,0.02237424824189071,0.0,0.01620628936515064,0.0,0.0,0.0171521461329225,0.0,0.0,0.0,0.0,0.0,0.015396799613184246,0.0,0.0,0.0,0.0,0.0,0.0,0.0,0.0,0.025478660946835714,0.0,0.0,0.0,0.0,0.0,0.0,0.021543276401435118,0.0,0.0,0.0,0.0,0.021427582546287294,0.0,0.035974393133154134,0.0,0.0,0.0,0.027487602695294107,0.0630971023497633,0.0334440688616204,0.022033769989778643,0.027870311528584976,0.02992760605393581,0.016860775078101083,0.029615098568892828,0.04470716991969762,0.0,0.02712777538332239,0.018681204428174003,0.022976489129777677,0.0,0.045392595444029904,0.0,0.016679381059254518,0.0,0.0,0.0,0.0,0.0,0.01438589618006433,0.0,0.0,0.0,0.0,0.0,0.0,0.042360216530115305,0.0
2004-02-29,0.0,0.022518276489824938,0.021213713567901263,0.0,0.03620098069530867,0.0,0.0,0.014952643146625743,0.0,0.0,0.0,0.0,0.0,0.024446367098426937,0.03549308939641364,0.0,0.026599196055729548,0.027455395293501585,0.035719687407333195,0.0,0.0,0.018975656259175085,0.014453384487553974,0.024145643298463956,0.0,0.0,0.013754527828755622,0.022883165924981023,0.0,0.03367283025221777,0.0,0.0,0.0,0.0,0.02967509567848014,0.0,0.0,0.0,0.0,0.017625429487845293,0.0259354274240536,0.0,0.018974905597250052,0.0,0.0,0.0,0.0,0.0,0.0,0.0,0.0,0.0,0.0,0.0,0.0,0.0,0.0,0.0,0.0,0.0,0.0,0.018590548853136178,0.0,0.019618024608355485,0.0,0.0,0.0,0.013829996832732344,0.06949175653941189,0.025477559395876336,0.02126635664454385,0.020768943030808177,0.025273383083491505,0.0,0.06626580593618182,0.026686689922637587,0.0,0.02862929044510649,0.013736333749108464,0.027346712824038454,0.0,0.03309189441256122,0.0,0.013970383696483428,0.0,0.01802051869004303,0.0,0.0,0.0,0.02406087857115583,0.018515853918447612,0.0,0.0,0.0,0.015762529735270647,0.01812988665979198,0.01677123706097561,0.0
2004-03-31,0.01864760467637892,0.02267286061211184,0.02360571610303918,0.0,0.024204769242777143,0.0,0.0,0.0,0.0,0.0,0.0,0.0,0.0,0.02384223326960798,0.03066370286551184,0.0,0.022154768719841744,0.02723337837107351,0.021501557830544787,0.0,0.0,0.018339829789569148,0.016593253650475925,0.027448901825808305,0.0,0.0,0.0,0.0,0.0,0.02899581261236206,0.0,0.0,0.0,0.0,0.03738818180449925,0.0,0.0,0.0,0.0,0.019434199813031645,0.024843694540485985,0.0,0.02812458574426282,0.0,0.0,0.018629702001431554,0.0,0.0,0.0,0.0,0.0,0.0,0.0,0.0,0.0,0.0,0.0,0.0,0.0,0.0,0.0,0.03570931293445316,0.0,0.027121734456497282,0.0,0.0,0.0,0.0,0.022402538531794025,0.02560574880902985,0.019236390784438714,0.025836473821540216,0.018538605365215226,0.02193821014549152,0.04571835016239711,0.03450336351346355,0.02122618469805371,0.03706895950508144,0.01886825285000471,0.027045635928721695,0.0167313345184405,0.019254102553434606,0.0,0.0168048953244472,0.0,0.02135024395428197,0.0,0.0,0.0,0.04421849809873351,0.02457113920943981,0.0,0.0,0.0,0.01640540845519478,0.025519862907031617,0.0,0.0
2004-04-30,0.019167862906897704,0.0203421947649313,0.022970431469425904,0.0,0.03406868172411307,0.0,0.015757756381394795,0.01980953595265075,0.018920647395219668,0.0,0.0,0.0,0.022138597118970035,0.026627617900529546,0.02890976547372102,0.0,0.01448579843683005,0.041637823832285224,0.0,0.0,0.0,0.025729730428019643,0.016832921176577673,0.03083530121368573,0.0,0.0,0.01728799084366817,0.0,0.0,0.03101606869236269,0.0,0.013498178679346858,0.0,0.020015215827659198,0.030737257990665,0.0,0.0,0.03017198321084468,0.0,0.02668598558765993,0.02346756323232995,0.019379609807991777,0.024278234924033214,0.02537101567116577,0.0,0.015143471673908062,0.0,0.0,0.0,0.0,0.0,0.01758502179020184,0.0,0.0,0.0,0.0,0.0,0.0,0.0,0.0,0.0,0.036234650498884434,0.01654740041657242,0.025408617349178337,0.0,0.0,0.0,0.0,0.016272255227505174,0.01630437887958809,0.0,0.0,0.0,0.0,0.025405841222805946,0.03872056894919888,0.0,0.025355428592611366,0.0,0.01678724820399972,0.0,0.03695291298662376,0.0,0.0,0.0,0.0,0.0,0.0,0.0,0.057254963862219344,0.03588346970372322,0.0,0.0,0.0,0.0,0.0,0.0,0.0
2004-05-31,0.02861068910009875,0.029984072068343564,0.036489984446807226,0.01913415907425232,0.04077984288083756,0.0,0.023623943476935617,0.03436458016147667,0.01763651394931467,0.0,0.0,0.0,0.0,0.02550988777491134,0.0,0.0,0.015365461568418436,0.020468117829771402,0.021099010800479885,0.0,0.0112382933332429,0.03503688510820102,0.01621540714980938,0.030449479858944358,0.0,0.0,0.0,0.0,-0.010857101858814265,0.03392141613191031,0.0,0.0,0.0,0.012849519454359963,0.055711680233954376,0.0,0.0,0.03495274926171824,0.0,0.021284518856578116,0.028014178954375378,0.023454952726735034,0.02875688685446795,0.025897126103911563,0.0,0.020430616168965587,0.0,0.0237698041896092,0.015392323228519942,-0.015299474479362054,0.0,0.0,0.0,0.0,-0.01832357444091993,-0.02260452508491867,-0.018833713013589385,-0.016913539980888813,-0.018793981203908388,0.0,0.0,0.0,0.0,0.0,0.0,0.0,0.0,-0.014848284049424447,0.0,0.0,0.0,0.0,0.0,0.0,0.0,0.0,0.0,0.01815542753249457,0.0,0.0,0.0,0.027672578699257794,0.0,0.0,0.0,0.0,0.0,0.0,0.0,0.057062964166306934,0.030192734743164,0.0,0.0,0.0,0.0,0.0,0.0,0.0
2004-06-30,0.017836786022414168,0.016937928197280273,0.030973770388475052,0.03343751896650032,0.0,0.0,0.0,0.04454755488433322,0.0,0.0,0.0,0.0,0.0,0.0,0.0,0.0,0.0,0.0,0.02122491518191961,0.0,0.0,0.023183026974901676,0.0,0.03758860097081036,0.016395902399096367,0.0,0.0,-0.014469456253292564,-0.019844859847358082,0.0,0.0,-0.03129468105528018,0.0,0.0,0.08305817122484935,0.0,0.0,0.056141220039584994,0.0,0.0,0.02091779681548652,0.0,0.02676367482599661,0.030273629459480603,-0.014588388949077312,0.0,0.0,0.035021479708386864,0.0,-0.020881865356739446,0.0,0.015477843396790397,0.0,0.0,-0.026511392875950508,-0.02344024919606858,-0.021746082954449363,-0.028674212497411082,-0.01923112061407179,-0.01288564291815343,0.0,0.0,-0.013522262444983705,0.0,0.0,0.0,0.0,-0.01818154676643882,-0.019944262204782206,0.0,-0.016246670243206595,0.0,0.0,-0.019188313065126368,0.012546238482478812,0.0,0.02707694245341183,0.016988962867119962,0.0,0.0,0.0,0.03345918418468142,0.0,0.0,0.0,0.0,0.0,0.0,0.0,0.0366000149001017,0.017423617983964277,0.0,0.0,0.0,-0.012230219125025425,-0.013243993304520132,0.0,0.0
2004-07-31,0.01999671305073968,0.020832338764142717,0.029520734107985665,0.04539501342609437,0.01693356653573097,0.0,0.019406874998262477,0.044054977888111496,0.01848584038886411,0.0,0.0,0.0,0.012713755665925768,0.02888810897300531,0.0,0.0,0.014281730603398225,0.0,0.014445097999873351,0.0,0.01565187045073521,0.026627529661139702,0.021573088003975057,0.04080865857291614,0.0,0.0,0.0,0.0,0.0,0.0,0.0,-0.013027792461005702,0.0,0.015103434046629973,0.05912411517935582,0.0,0.0,0.05492095371400343,0.0,0.0,0.0,0.0,0.018598424427340852,0.02523944188830624,0.0,0.0,0.0,0.037510827596424004,0.0,0.0,0.0,0.0,0.0,0.0,0.0,-0.014817375471370443,-0.012574973839370248,-0.023513357066268493,-0.015235102060091984,-0.011087198563862238,0.0,0.0,0.0,0.0,0.0,0.0,0.0,0.0,0.0,0.010835887556758966,0.0,0.0,0.0,0.0,0.0,0.01197271663412891,0.03637682019969382,0.029140784665086458,0.031330027607647866,0.01078629688983512,0.029921246624869165,0.060771556395439325,0.0,0.02138314365683034,0.0,0.0,0.0,0.0,0.0,0.03732360656906422,0.010695564237911048,0.0,0.0,0.0,0.0,0.0,0.01909345355780506,0.0
2004-08-31,0.02079325938672884,0.017912129988564143,0.02987256170976943,0.07221633908148449,0.01954640251603191,0.0,0.030513037291779253,0.06010070592635674,0.01956094433399691,0.0,0.0,0.0,0.0,0.026781031526137023,0.013869909380065056,0.0,0.017675867488368645,0.0,0.01677390208668341,0.0,0.0,0.028921633218194076,0.017144515102057625,0.015482602508642546,0.018228970998179446,0.0,0.0,0.0,0.0,0.0,0.0,0.0,0.0,0.0,0.03793090501379916,0.0,0.0,0.05575186645797045,0.0,0.0,0.0,0.0,0.013047672478547824,0.021251773478182426,-0.015718223978995135,0.0,0.0,0.03557990391078698,0.0,0.0,0.0,0.0,0.0,0.0,0.0,-0.015586069925701732,-0.015348067048201037,-0.02098419330132816,-0.015103429516455246,0.0,0.0,-0.013687094281858603,-0.014588044951284481,-0.0164792477062802,0.0,0.0,0.0,0.0,0.0,0.0,0.0,0.0,0.0,0.0,0.0,0.0,0.03298255803671444,0.03672251215043905,0.021121954802208083,0.019957997566873265,0.018930702380217115,0.0677127342080173,0.0,0.015288932211314273,0.015267698631161652,0.0,0.0,0.0,0.0,0.02443240150123263,0.0,0.0,0.0,0.0,0.0,-0.014571659687531805,0.016560544231859375,0.0
2004-09-30,0.030488430721190566,0.030711950623038876,0.015934863566181796,0.044197192687332375,0.024721668585336344,0.0,0.017914912536534985,0.0460238856624039,0.0,0.0,0.0,0.0,0.0,0.02452223912394463,0.0,0.0,0.012328667895034876,-0.009368362972555977,0.009220976084145955,0.0,0.018768316915961085,0.013560518527286314,0.0223749488822477,0.017546588561562618,0.03928623849786069,0.0,0.012206422549436944,0.0,0.0,0.0,0.0,0.0,0.0,0.0,0.014421793238738836,0.0,0.0,0.11253219143646212,0.0,0.0,0.0,0.01176641724807629,0.0,0.025296177780961205,-0.01287370970508317,0.0,0.0,0.04244447962395456,0.0,0.0,0.0,0.0,0.0,0.0,-0.009202337223650424,-0.01415576982301454,-0.01252011281392081,-0.018158322545994234,0.0,0.0,0.0,-0.01302596537404226,-0.017890492800841745,-0.023687792810024838,0.0,0.0,0.0,0.0,0.0,0.0,0.0,0.0,0.0,0.0,0.0,0.0,0.030664236113423067,0.031460592341484774,0.0,0.03286097853218733,0.02145859671195252,0.08572390114087637,0.0,0.01936577683989042,0.011266098142527041,0.011413876602792123,0.0,0.0,0.0,0.013611299455056194,0.0,0.0,0.0,0.0,0.0,0.0,0.025022897302989403,0.0
2004-10-31,0.023024398206205676,0.025514189582748314,0.019494930074127313,0.03025308670488239,0.021442243149286052,0.0,0.0,0.021736567086058523,0.019055836656805134,0.0,0.0,0.0,0.0,0.030536937275802815,0.025440719665530038,0.0,0.02164503050886219,0.0,0.0,0.0,0.0,0.0,0.01949541198182425,0.022519052426387916,0.016504052179359553,0.0,0.025987810437484417,0.017030555297617166,0.01804427347353304,0.0,0.0,0.0,0.0,0.01809955370367895,0.018481977470679,0.0,0.0,0.05061919812523854,0.0,0.0,0.0,0.01813510794059626,0.0,0.030546168914217277,0.0,0.0,0.0,0.03097785600277336,0.0,0.0,0.0,0.0,0.0,0.0,0.018402267107045844,0.0,0.0,0.0,0.018419501793848488,0.018841690968222812,0.0,0.0,0.0,0.0,0.0,0.0,0.0,0.016939990222452538,0.026242512576005954,0.016703113453122725,0.01799243551561178,0.02044054016026377,0.02118039423105202,0.0,0.0,0.023035898045575556,0.037218370353687816,0.039668019455772224,0.0,0.04082034439830857,0.018152041584142367,0.06578042386602481,0.0,0.021196209847278165,0.0,0.0,0.0,0.0,0.0,0.0,0.01784387406893879,0.0,0.0,0.0,0.0,0.0,0.03653741548894753,0.0
2004-11-30,0.023169732383110882,0.023845455726305472,0.0184890799895879,0.02265797421478101,0.030514292200624342,0.0,0.024159903748756137,0.0,0.02556943062780626,0.0,0.0,0.0,0.022906867965135767,0.043019508872189735,0.035468927571052335,0.0,0.03531677853079524,0.024610787530912306,0.0,0.0,0.0,0.0,0.014752294387281794,0.020200501796515422,0.0,0.0,0.0295018688074096,0.02306205782332418,0.024269144963405032,0.0,0.0,0.017598017378372615,0.0,0.02198474660665696,0.022007675206858025,0.0,0.0,0.038468270867574185,0.0,0.0,0.022320114374422485,0.025124674884863182,0.01507621795614914,0.0144197448466408,0.0,0.019812655519390154,0.0,0.03859275272097801,0.018583339324316835,0.0,0.0,0.0,0.0,0.0,0.0,0.0,0.0,0.0,0.0,0.025345289095485883,0.0,0.0,0.0,0.0,0.0,0.0,0.0,0.0,0.0,0.015241107087064441,0.0,0.01789723482652092,0.0,0.0,0.0,0.01761651899189137,0.020626812033457384,0.01822971134030616,0.0,0.03298741036414097,0.0,0.06892225649221749,0.0,0.021670504896962307,0.0,0.018400526104513686,0.0,0.0,0.0,0.0,0.0,0.0,0.0,0.0,0.02067876773636636,0.0,0.026881044205857168,0.0
2004-12-31,0.023912249934512162,0.020312575933739665,0.02060926261373852,0.019891339360049432,0.02357469278976062,0.0,0.020435201961315434,0.0,0.020775384800460858,0.0,0.0,0.0,0.02229761286684421,0.027250768172051226,0.024878989439149485,0.0,0.0293060516072195,0.021351254796491664,0.01887806060776288,0.0,0.0,0.0,0.018114699599894653,0.02493261805212257,0.02100202380352509,0.0,0.02750508641263372,0.030330653579907413,0.031620970867793925,0.023553261514979527,0.0,0.0212042006995426,0.0,0.018377977906963244,0.01761701617847048,0.0,0.0,0.03803939711240147,0.0,0.0,0.025346015697384816,0.0,0.0,0.0,0.017951813687062182,0.0,0.0,0.03773833574128996,0.0,0.0,0.0,0.0,0.0,0.0,0.0,0.018620197933508432,0.0,0.0,0.0,0.036734839466935884,0.0,0.017444838328051267,0.0,0.0,0.0,0.0,0.0,0.0,0.0,0.022511037365037043,0.0,0.024620489377693452,0.023116585780213885,0.0,0.0,0.01953129685976645,0.019451088468198936,0.02003702440051417,0.0,0.03333139093957014,0.0,0.06607278744400982,0.0,0.0,0.0,0.023814961798801926,0.0,0.0,0.0,0.0,0.0,0.0,0.0,0.0,0.0,0.0,0.027905946100631372,0.0
2005-01-31,0.03155690879449412,0.018232253161290495,0.013109401332613372,0.0,0.023084390361403567,0.0,0.0,0.0,0.0,0.0,0.0,0.0,0.021067320853248393,0.018573879493535818,0.01726909878425696,0.0,0.02122564760761891,0.02927706939321374,0.02282316740245442,0.0,0.017881947021162626,0.0,0.027025841118175267,0.032961330002373335,0.018505604204534065,0.0,0.039549880372875004,0.03153062031787038,0.03213754092587821,0.036922047479868304,0.0,0.031634062721093426,0.0,0.0230196673497449,0.01377950248614522,0.0,0.0,0.031599112231567625,0.0,0.0,0.016657791053231733,0.0,0.0,0.0,0.03039348023573857,0.0,0.0,0.030888690722052525,0.0,0.0,0.0,0.0,0.0,0.0,0.0,0.014706069492735814,0.0,0.0,0.0,0.03108732896936781,0.0,0.0,0.0,0.0,0.0,0.0,0.0,0.0,0.0,0.02958761674619761,0.0,0.022683069072309065,0.03160925606937626,0.0,0.0,0.017752423834553444,0.013645052742681843,0.0,0.0,0.017347277344453935,0.0,0.04181786374702701,0.0,0.016634567663903747,0.018900594251150926,0.02897585282275272,0.0,0.0,0.0,0.0,0.0,0.0,0.0,0.0,0.025724466630506107,0.025627599163301616,0.03319470602324091,0.0
2005-02-28,0.03144731878474898,0.017916832113240865,0.027162955329519654,0.02035645743318771,0.0,0.0,0.021127992232774825,0.0,0.018729742090894026,0.0,0.0,0.0,0.029321658157497914,0.021476141418297692,0.0,0.0,0.03002129613902226,0.02142537177195281,0.035858948243448596,0.0,0.027373560373045426,0.01633909807241285,0.022338841760504487,0.021451763528671303,0.02022557315241484,0.0,0.018858884341212544,0.01896603218794376,0.027574661546080625,0.04543945239486623,0.0,0.02859102501480399,0.0,0.02648977638336003,0.03313614573580545,0.0,0.0,0.03353457947476734,0.0,0.0,0.028584633362750175,0.0,0.0,0.0,0.03383979212838183,0.0,0.0,0.0309727907881705,0.0,0.0,0.0,0.0,0.0,0.0,0.0,0.0,0.0,0.0,0.0,0.0,0.0,0.0,0.0,0.0,0.0,0.0,0.0,0.0,0.0,0.021630210103589224,0.018390936856031846,0.02650357395960565,0.028317032501453284,0.0,0.0,0.027143498071142264,0.02142070079531159,0.0,0.0,0.016657840898098075,0.0,0.015327048251275564,0.0,0.0,0.02079732460147186,0.017944138796891048,0.0,0.0,0.0,0.0,0.0,0.0,0.0,0.0,0.027729341842258812,0.02053461357371817,0.02904241578937583,0.0
2005-03-31,0.02633799671794449,0.017964200539439496,0.02712956069102739,0.023580801055256936,0.019733692667382556,0.0,0.023954089404257427,0.0,0.01953377967804902,0.0,0.0,0.0,0.02971705061810924,0.020965439269056026,0.0,0.0,0.03134755960978678,0.020540562463503623,0.03168923194755976,0.0,0.03584028579174868,0.017984586505011422,0.026812204358100798,0.02165182913538539,0.029302587130786834,0.0,0.0,0.0,0.020641753690489525,0.038586366900133375,0.0,0.020613468494096458,0.0,0.0,0.032781666404270625,0.0,0.0,0.028431750791313104,0.0,0.0,0.021886749290121108,0.0,0.02209756306195106,0.0,0.0296432676199212,0.0,0.0,0.021379303111322523,0.017457126573669247,0.0,0.0,0.0,0.0,0.0,0.0,0.0,0.0,0.0,0.0,0.0,0.0,0.0,0.0,0.0,0.0,0.0,0.0,0.0,0.0,0.029804828930936025,0.02248720473688425,0.02987373423010158,0.02755486357540949,0.0,0.0,0.030391600837422934,0.018421853781441035,0.0,0.0,0.018931850728216466,0.0,0.015739970158915838,0.0,0.0,0.025878191013370088,0.021103083115135955,0.0,0.0,0.0,0.0,0.0,0.0,0.0,0.0,0.022330757513233157,0.02922887433209434,0.030648713527144673,0.0
2005-04-30,0.020193412179724323,0.0,0.025057776487067814,0.034011454079940905,0.025405189687510578,0.0,0.026188180194024184,0.019201675499166494,0.018160777536292434,0.0,0.0,0.0,0.034460704211789775,0.02056651896956996,0.0,0.0,0.030196272235233808,0.0,0.018335661533639816,0.0,0.02164106338579,0.0,0.02342892927610216,0.015783898084349973,0.03158921320845899,0.0,0.018856784738763586,0.015848899789924577,0.023915953831569012,0.025854288854691067,0.0,0.016063700242885642,0.0,0.018549457035119083,0.03576806572545012,0.0,0.0,0.035124883719405975,0.0,0.0,0.0,0.0,0.02789675275393503,0.0,0.03561506979532731,0.01796965976496884,0.0,0.0,0.02058094786939585,0.0,0.0,0.0,0.0,0.0,0.0,0.0,0.0,-0.01679372396654484,0.0,0.0,0.0,0.0,0.0,0.0,0.0,0.0,0.0,0.0,0.0,0.027545053716165998,0.019383309560653907,0.025054249106374323,0.026181191730068068,0.0,0.0,0.03470960989466784,0.021112493637650602,0.0,0.0,0.0,0.0,0.0,0.0,0.022781550012288293,0.04017537904354162,0.0,0.0,0.0,0.0,0.021541829689412883,0.0,0.0,0.0,0.0,0.02652669628216666,0.031080652616834525,0.03084907005353324,0.0
2005-05-31,0.019507718899420653,0.0,0.02569411216921787,0.03602428826189157,0.025591699421349264,0.0,0.014820148842934745,0.0,0.0,0.0,0.0,0.0,0.018886822093032708,0.014360055783591527,0.0,0.0,0.026377675494819255,0.012509358087433867,0.030366781614536154,0.0,0.015509563005581657,0.0,0.0,0.018817250044220583,0.0,0.0,0.0,0.0,0.014761477380827875,0.0,0.0,0.027393145050328364,0.0,0.048995029085473506,0.04257009297599549,0.0,0.0,0.02562487691938195,0.0,0.0,0.0,0.0,0.0,-0.012654898633554791,0.03232568433385225,0.02215143547561261,0.0,-0.018565434088893915,0.0,-0.035926262200468365,0.0,-0.02233572740412181,0.0,0.0,0.0,-0.03861251500144814,-0.027163038967147855,-0.04272756031590688,-0.03174958091163109,0.0,0.0,-0.03177527775990122,-0.03104029873806751,-0.027344502144085417,0.0,0.0,0.0,0.0,0.0,0.0,0.0,0.0,0.0,-0.030938063826097203,0.0,0.014136206979868705,0.0,-0.02394003985815202,0.0,0.0,0.0,-0.025264409895078294,0.0,0.01529434645906877,0.0,-0.013919853465999088,0.0,0.0,0.0,0.0,-0.026612917942676617,0.0,0.0,0.01238191088583584,0.0,0.02802125939765128,0.017308680184843345,0.0
2005-06-30,0.015215443344648161,0.0,0.03608568924682281,0.04678790302792331,0.04050764202781197,0.0,0.02576914249533643,0.0,0.02307309995773496,0.0,0.0,0.0,0.028962480033628953,0.03173443137328363,0.012764336930903192,0.0,0.028582909468683627,0.022253344799255583,0.022290651635942852,0.0,0.014433559531682268,0.0,0.0,0.024520759520534192,0.013050166274232142,0.0,0.02097997535627227,0.0,0.024372651267090772,0.0,0.0,0.0,0.0,0.05199614338934659,0.040509843699863164,0.0,0.0,0.03734530948772655,0.0,0.0,0.013987701816750986,0.015538389045248787,0.02730033427925549,0.0,0.03934751290456868,0.04061008471288484,0.0,0.0,0.012305377468939166,-0.026064780876460695,0.0,-0.01770802787781464,0.0,0.0,0.0,-0.026751965030211475,0.0,-0.013830693240870424,0.0,0.0,0.0,0.0,-0.02145367944408582,0.0,0.0,0.0,0.0,0.0,0.0,0.0,0.0,0.0,0.0,-0.023542902402972965,0.0,0.0,0.0,-0.018496384452346033,0.0,0.0,0.0,-0.018203300521399315,0.0,0.017124161877239558,0.0,0.0,0.0,0.0,0.0,0.020741494808128345,-0.01763285123755843,0.0,0.0,0.0,0.02147499649167016,0.03124888229281601,0.015400996350054678,0.0
2005-07-31,0.013035054807038116,0.0,0.026100300562162428,0.044922991146075585,0.039323249417336385,0.0,0.026431717190729,0.0,0.01905152068622841,0.0,0.0,0.0,0.03240872144117984,0.03939929235505425,0.035819846330019126,0.0,0.03352471421504434,0.02453442639033015,0.01817061158767192,0.0,0.02377262363959872,0.0,0.01879904160758911,0.03879118621396466,0.0,0.0,0.027529679573002737,0.022229121442094726,0.028024501729589875,0.0,0.0,0.0,0.0,0.033292940470882014,0.029991810277265104,0.0,0.0,0.03719369149009668,0.0,0.014929964541533636,0.017314910342946774,0.024305266695001885,0.02193464641509726,0.0,0.029066531752906234,0.03605962879608506,0.0,0.0,0.024368090428445743,0.0,0.0,0.0,0.0,0.0,0.02306961977210044,0.0,0.0,0.0,0.0,0.0,0.0,0.0,-0.01238462948837856,0.0,0.0,0.0,0.0,0.0,0.0,0.0,0.0,0.0,0.0,-0.015145173710186394,0.0,0.0,-0.011407038506105829,-0.01448842455244555,0.0,0.0,0.0,-0.013024510723399618,0.0,0.019129975382797808,0.0,-0.01032587801942423,0.0,0.0,0.0,0.019744164206022218,0.0,0.0,0.0,0.0,0.022910895596201568,0.039125798050084,0.018917810447884043,0.0
2005-08-31,0.0,0.0,0.01728087326853321,0.03510690806107938,0.02623570006937504,0.0,0.025060059201268775,0.0,0.011132473035916904,0.0,0.0,0.0,0.02755752875687253,0.03341965383519324,0.02356793268143069,0.0,0.02045791408803902,0.0,0.0,0.0,0.0,0.0,0.013798417825964047,0.03132187199029445,0.011620511744729552,0.0,0.040806007880194395,0.03275819864776679,0.03969500961969902,0.0,0.0,0.0,0.0,0.06675266745306851,0.011424167137547276,0.0,0.0,0.019916414900477603,0.0,0.01557504452926852,0.031228268655611853,0.02969744963297551,0.01402018756967949,0.0,0.053931982311926016,0.029574481557279177,0.0,0.0,0.019850176983274022,-0.023550754449054006,0.0,-0.017384161482998556,0.0,0.0,0.0,-0.014728883926801477,0.0,0.0,0.0,0.010627401466002304,0.0,0.0,-0.022242727929652484,0.0,0.0,0.0,0.0,0.0,0.0,0.0,0.0,0.0,0.0,-0.019220359561122266,-0.014989379544833818,0.0,0.0,-0.015190197551779624,0.0,0.0,0.012576714800443908,-0.013606387802624319,0.0,0.028017244112264854,0.0,-0.01582991930478154,0.0,0.0,0.0,0.02784678711284651,0.0,0.0,0.0,0.0,0.03685098293635309,0.045548196580976065,0.0,0.0
2005-09-30,0.0,0.0,0.02308786411197758,0.02710238306880198,0.01785330240972785,0.0,0.027739883846626835,0.0,0.016269522552548186,0.0,0.0,0.0,0.03453497068825515,0.039021409516693036,0.030076462037389465,0.0,0.026895925910175065,0.031222647698547226,0.016591392027311896,0.0,0.012911311124650944,0.016706579178945212,0.021363606783752365,0.043823575350732946,0.012955753179624602,0.0,0.017662926367279768,0.02142956200176125,0.028809070501763154,0.0,0.0,0.0,0.0,0.04757326536655316,0.023579822873909258,0.0,0.0,0.02910514815301977,0.0,0.023754766290138875,0.040123689315576944,0.0368012384489004,0.02449046920549454,0.017195193971134337,0.04644306610337857,0.025950793765977507,0.0,0.02754387841508223,0.014879973132093367,0.0,0.0,0.0,0.0,0.0,0.02024907173860487,0.0,0.0,0.0,0.0,0.0,0.0,0.0,-0.021859097860346018,0.0,0.0,0.0,0.0,0.0,0.0,0.0,0.010930386984499767,0.0,0.0,-0.012472173940892324,0.0,0.0,0.0,0.0,0.011299985556942917,0.0,0.0,0.0,0.0,0.0,-0.01742531979301675,-0.011434084530606178,0.0,0.0,0.0,0.0,0.0,0.0,0.0,0.0,0.034084093735327885,0.03674633246193979,0.0,0.0
2005-10-31,0.0,0.01690742521266987,0.022316100697673088,0.030389881425479277,0.016691948741758705,0.0,0.03219483447576975,0.02563284904290757,0.021386577088571675,0.0,0.0,0.0,0.042675764882693736,0.026902647156252422,0.02622633306572729,0.0,0.031281248645250156,0.03417403849853084,0.0,0.0,0.0,0.017806598865054462,0.023078758607547798,0.02732582820344225,0.019592208480239636,0.0,0.018962967826210566,0.028298804691630118,0.029551308107524054,0.0,0.0,0.0,0.0,0.0,0.02193168210526453,0.0,0.0,0.033814160088223674,0.0,0.016207753277987028,0.03988248338584651,0.027749167043273334,0.026964116930453513,0.020381366200688793,0.03324871508072764,0.023225162720590154,0.0,0.02606454827335186,0.023613935109518265,0.0,0.0,0.0,0.0,0.0,0.017616052113304977,0.016291728071193706,0.0,0.01715363416631869,0.01764375668393249,0.0,0.0,0.0,0.0,0.0,0.0,0.0,0.0,0.020572374337622674,0.0,0.0,0.020619010148961173,0.017035545307230626,0.022316333155799974,0.0,0.0,0.0,0.0,0.0,0.0,0.0,0.0,0.0,0.0,0.0,0.0,0.0,0.0,0.0,0.0,0.0,0.0,0.0,0.0,0.0,0.032676751175111096,0.03359560090966612,0.0,0.0
2005-11-30,0.0,0.0,0.022589319606771376,0.02852934886259206,0.0,0.0,0.027152686651152284,0.02770530790086762,0.0,0.0,0.0,0.0,0.020162771980084343,0.02195517037914639,0.023125841742943493,0.0,0.01473322668074166,0.02688498643461953,0.0,0.0,0.0,0.016475110914414618,0.018228160172974475,0.02218299808033896,0.013860533097785998,0.0,0.0,0.03602621812595477,0.02421622773301252,0.0,0.0,0.0,0.0,0.0,0.029055481008758516,0.0,0.0,0.0321104926572707,0.0,0.04225020641123373,0.03166511526942062,0.02285756916572872,0.026401011469735728,0.0,0.029819130040090503,0.021942781060850566,0.0,0.05110022374250259,0.028007686815183622,0.0,0.0,0.0,0.0,0.0,0.020618483508586454,0.019907561883481664,0.0,0.014906845233723093,0.013230732068316037,0.02054296717786422,0.0,0.0,-0.015477587577183264,0.0,0.0,0.0,0.0,0.04015057302838735,0.0,0.016614608096338378,0.026424668967018502,0.01822323072802336,0.027574600740892283,0.0,0.0,0.016866379942612572,0.0,0.0,0.0316533398578098,0.0,0.019190694891794976,0.0,0.0,0.0,0.0,0.0,0.0,0.0,0.0,0.0,0.0,0.0,0.0,0.0,0.0,0.03958012029379279,0.0,0.0
2005-12-31,0.0,0.0,0.0,0.022708288635214,0.0,0.0,0.017519320137178496,0.013776410941932417,0.0,0.0,0.0,0.0,0.0,0.01393563676955397,0.0,0.0,0.0,0.0241007580859278,0.0,0.0,0.0,0.0,0.0,0.0,0.0,0.0,-0.017033422181467008,0.030084971104875635,0.0233627244461256,0.0,0.0,0.0,0.0,0.0,0.0,0.0,0.0,0.020557546980249405,0.0,0.03505043600149283,0.03003082960803176,0.01577332294506907,0.01932062531100349,0.024599188550084715,0.02371335419230702,0.0,0.0,0.06997689129594262,0.018888552348731862,0.016143717963301822,0.0,0.0,0.0,0.0,0.02028002335448618,0.015952369759913303,0.015488622709925536,0.01757941888415965,0.020806936278819587,0.014659497238878504,0.0,0.020563157396573443,-0.014478458622091817,0.0,0.0,0.0,0.0,0.0422217814629067,0.029634762621099157,0.026585766240017936,0.03404255327471201,0.01556556994567298,0.03432513728686407,0.0,0.0,0.03274252033063413,0.03733822743388714,0.018341443080719694,0.052620217576007655,0.02224766993605209,0.03344172120316324,0.0,0.0,0.026986093276478045,0.0,0.0,0.0,0.0,0.0,0.0,0.0,0.0,0.0,0.0,0.0,0.0,0.01752205458844758,0.0
2006-01-31,0.0,0.0,0.0,0.0190055916763518,0.0,0.0,0.012000296133780718,0.0,0.0,0.0,0.0,0.0,0.0,0.011491018095741769,0.020186856237303492,0.0,0.011576053814015918,0.027838723522462146,0.0,0.0,0.0,0.0,0.0,0.0,0.0,0.0,-0.027796165638329425,0.029499506847636022,0.02237816487264306,0.0,0.0,-0.014703436689847459,0.0,-0.023168840555570416,0.014234996086491342,0.0,0.0,0.017918669328270905,0.0,0.02263356320140553,0.0,0.0,0.014627043982818989,0.016519707681046134,0.0,0.0,0.0,0.07916417367750103,0.019659533185941946,0.03514328468012318,0.0,0.03804749747743465,0.0,0.0,0.04574846420919856,0.04221422110362385,0.036102817078107544,0.02690504905331258,0.0419817120046136,0.030702509836655803,0.0,0.015068961478835621,0.0,0.0,0.0,0.0,0.0,0.03876942964589201,0.020564954673809113,0.02877290465670515,0.037621541366219216,0.01157003198479862,0.02032420945172308,0.0,0.0,0.011143772346862407,0.01796195519532367,0.0,0.02243565025911307,0.0,0.017167513164481278,0.0,0.0,0.019130000083099015,0.0,0.0,0.0,0.0,0.0,-0.015189471318529331,0.0,0.0,0.0,0.0,0.0,0.0,0.023031707704380556,0.0
2006-02-28,0.0,0.0,0.0,0.02040717844587328,0.0,0.0,0.0,0.0,0.0,0.0,0.0,0.0,0.0,0.0,0.016087385863015374,0.0,0.0,0.022379433372993255,0.0,0.0,0.0,0.0,0.0,0.0,0.0,0.0,0.0,0.017754087183105047,0.0,0.0,0.0,0.0,0.0,0.0,0.0,0.0,0.0,0.013404189667274986,0.0,0.027133735962068434,0.014394462962922953,0.019475653484249046,0.0,0.016054130251691487,0.017934681083493467,0.0,0.0,0.055046854202021024,0.01870757523059854,0.03100945915733582,0.0,0.03525042397230436,0.0,0.0,0.026725997485495638,0.03351296589356975,0.037566563072689726,0.040443762833184356,0.04093505577603427,0.04348656106980365,0.0,0.02479337875723915,0.016960953710093703,0.017372424285206724,0.0,0.0,0.0,0.036448662963930935,0.02841654356032094,0.03167541605461967,0.027487846385985063,0.014573379137678776,0.022350041686765253,0.013575589230193781,0.0,0.01833934552863343,0.02368406490109687,0.016393626690934658,0.027594710995668112,0.02827989273783312,0.03049110935642069,0.0,0.0,0.016996269233744872,0.016621827944718046,0.0,0.0,0.0,0.0,0.0,0.0,0.0,0.0,0.0,0.0,0.01615894179724862,0.024075818071943065,0.0
2006-03-31,0.0,-0.01682513113832603,-0.017320812563136268,0.0,0.0,0.0,-0.015463632624237205,0.0,-0.0124103963677168,0.0,0.0,0.0,-0.021006958106316115,0.01395327025082056,0.018731479786066287,0.0,-0.012778799873333205,0.01725903811602363,-0.021141292932616684,0.0,0.0,0.0,0.0,0.0,-0.01574034651148823,0.0,-0.011054327482830075,0.0,0.0,0.0,0.0,0.0,0.0,0.015069387216254835,0.0,0.0,0.0,0.0,0.0,0.03300558174729558,0.0,0.013261111513694558,0.0,0.0,0.0,-0.01895883903199064,0.0,0.012989440906490735,0.0,0.0,0.0,0.051627718550725746,0.0,0.0,0.0,0.012149960146174785,0.015414395382789572,0.011957883468036825,0.03419982245943528,0.049382539846532396,0.0,0.01932903180546874,0.0,0.02262764384485033,0.0,0.0,0.0,0.0,0.03632481013805649,0.03384180272936066,0.02040495979286681,0.0,0.0,0.028184012456256527,0.03223945279430323,0.0,0.03795758178193617,0.021955733434896044,0.0420657324894456,0.0328188430864154,0.037147814822564094,0.0,0.0,0.039367572847339924,0.04086947077532853,0.0,0.0,0.0,0.024971665467943507,0.0,0.0,0.0,0.0,0.0,0.0,0.03497242739763519,0.03321927831300077,0.0
2006-04-30,0.0,0.0,0.0,0.0,0.013977426859398597,0.0,0.0,0.0,0.0,0.0,0.0,0.0,0.0,0.014301915772009337,0.021350738520257238,0.0,0.0,0.017406239068348473,0.0,0.0,0.0,0.0,0.0,0.018225069971496262,0.0,0.0,0.0,0.0,0.0,0.0,0.0,0.0,0.0,0.0,0.0,0.0,0.0,0.0,0.0,0.02295259177906388,0.0,0.014732035771049855,0.0,0.02299902040275233,0.013148351896604607,0.0,0.0,0.0,0.0,0.011757071729337803,0.0,0.05169455467112441,0.0,0.0,0.02141642361753394,0.02141628181993935,0.0186709573716737,0.013948724709422364,0.026731609650001157,0.03680525365563442,0.0,0.02777301754984861,0.0306033164348005,0.03300280291456095,0.0,0.0,0.0,0.0,0.029277212782999596,0.03029267480351909,0.029320230887965752,0.019598263009939023,0.0,0.022228576426582138,0.044231683978371385,0.0,0.0363800343376048,0.03332584570959513,0.03318020897679553,0.02804656816377909,0.04046109398166174,0.01755845078369141,0.0,0.02738095630523481,0.025983035135715076,0.0,0.0,0.0,0.011990320714048338,0.013066545425585524,0.0,0.0,0.0,0.017703050168324085,0.027437257172655608,0.03295062278254899,0.02667396428852507,0.0
2006-05-31,0.0,0.0,0.0,0.0,0.021091953347916973,0.0,0.0,0.0,0.0,0.0,0.0,0.0,0.0,0.013836879152339554,0.024621319604080042,0.0,0.0,0.022066017678681688,0.0,0.0,0.0,0.0,0.0,0.028509819851523555,0.0,0.0,0.017746524912482343,0.0,0.0,0.017050131673791186,0.0,0.0,0.0,0.0,0.015250533505959602,0.0,0.0,0.0,0.0,0.024574676349879795,0.0,0.021075205390116026,0.0,0.018655526496417964,0.0,0.0,0.0,0.0,0.0,0.013506002513072242,0.0,0.06134632270783436,0.0,0.0,0.0,0.023147546129093543,0.014040082408470392,0.0,0.02834751613218742,0.042560413970255374,0.0,0.014332935933225533,0.025370306290684024,0.029714844264458234,0.0,0.0,0.0,0.013884877417779391,0.025867991331977657,0.03053718437626641,0.031235693056018747,0.027926310131707446,0.0,0.017098272604558425,0.03672888751770437,0.0,0.030834822293162683,0.03558419093308465,0.01802722386617724,0.03444078494517761,0.03821855737200429,0.013966350756265459,0.0,0.019500137398060745,0.02729627427511346,0.0,0.0,0.0,0.022255462416182155,0.01930228384302724,0.0,0.0,0.0,0.0,0.022033547228823773,0.03526059501754496,0.02315599490689347,0.0
2006-06-30,0.013688198218022002,0.0,0.012860920119147065,0.0,0.025939532516275364,0.0,0.0,0.0,0.0,0.0,0.0,0.0,0.0,0.0,0.020774662922439235,0.0,0.0,0.015795104803647236,-0.0178846753291887,0.0,0.012131723671058659,0.017303628174272487,0.012794126351237731,0.027096602504318005,0.0,0.0,0.03641833479931006,0.0,0.0,0.0,0.0,0.016044450188883674,0.0,0.03602612128365281,0.012969312566801549,0.0,0.0,0.025347159010165758,0.0,0.029209900023059898,0.014334992622266682,0.03434222020632515,0.0,0.044498140478634735,0.0,0.0,0.0,0.0,0.0,0.0,0.0,0.04415212385374187,0.0,0.0,0.0,0.0,0.0,0.0,0.013983807011377802,0.023419502802555597,0.0,0.0,0.015994844799649084,0.0,0.0,0.0,0.0,0.0,0.022880661406064717,0.016161992031627465,0.030770941481306054,0.030242373087703625,0.0,0.0,0.030899264672811323,0.0,0.04278289858767883,0.04277887739696265,0.022130210349103428,0.03846963778120901,0.04103017003996004,0.014581448183250216,0.0,0.0,0.022265355635858932,-0.01316032884325321,0.0,0.0,0.0,0.042278134168791386,0.0,0.0,0.0,0.0,0.01983772473846486,0.020575081019334297,0.026144816320588845,0.0
2006-07-31,0.0,0.018069552813907586,0.0,-0.025620502306113336,0.010785224933359617,0.0,-0.019204739172046098,0.0,-0.017358434990013653,0.0,0.0,0.0,0.0,-0.012901661481951624,0.0,0.0,0.0,0.0,-0.03835273841641343,0.0,0.0,0.0,0.0,0.0,0.0,0.0,0.04964122062431762,-0.022136627052611876,0.0,0.0,0.0,0.0,0.0,0.011994585056647451,0.0,0.0,0.0,0.034759503748360905,0.0,0.0,0.0,0.0,-0.021395341469000517,0.04263322603282357,-0.02768888936227382,-0.029086455309530985,0.0,-0.022421675461257996,-0.030850912262645195,-0.01845626030461466,0.0,0.038627792383465476,0.0,0.0,-0.02538830453056862,0.0,-0.02459792130953885,0.0,0.0,0.0,0.0,-0.026832948035357154,0.0,0.0,0.0,0.0,0.0,-0.013639022544725356,0.010644288807914659,-0.01188303299475916,0.010634292048505906,0.017653557128518838,0.0,0.0,0.0,-0.02595291121891918,0.04709890158424734,0.05113728866772496,0.0,0.03304741640853918,0.0322088056147818,-0.014969153102020143,0.0,0.01564833038044347,0.018154673610353618,-0.016908952874953233,0.0,0.0,0.0,0.05039857774877731,0.0,0.0,0.0,-0.02446061522714373,0.02115247002670161,0.015603192954150602,0.0,0.0
2006-08-31,0.02608498961335326,0.038073165502770956,0.02608134060649119,0.0,0.027229432422925637,0.0,0.014872541589220464,0.019009138608934325,0.0,0.0,0.0,0.0,0.029204306572168673,0.0,0.0,0.0,0.01409579109678302,0.0,-0.018671430853438486,0.0,0.034900429512411506,0.020125422436039937,0.030163360608482268,0.025130544160593977,0.02327384451085944,0.0,0.040835906283581046,0.0,0.0,-0.018853213474740504,0.0,0.03088893766107525,0.0,0.0,0.02408101060107696,0.0,0.0,0.06067197611827735,0.0,0.018815962504754646,0.0,0.019129319870973268,0.0,0.03601632411147128,-0.016277317217848346,0.0,0.0,0.0,0.0,0.0,0.0,0.03514329459573693,0.015613135948474258,0.0,0.0,0.020640245515316544,0.0,0.0,0.0,0.0,0.0,0.0,0.0,0.0,0.0,0.0,0.0,0.0,0.0267955753344727,0.0,0.0161304539366971,0.023932290337445355,0.0,0.0,0.0,-0.013290758241982161,0.032061383195042814,0.024211445311291036,-0.012438785142780859,0.015434455350558166,0.020521287391623268,0.0,0.0,0.0,0.0,-0.038813753104577124,0.0,0.0,-0.01876419405850116,0.0,0.0,0.0,0.0,-0.028850322961995578,-0.021875693987694112,-0.022997219647539157,0.0,0.0
2006-09-30,0.027744194871410246,0.03731649291181579,0.0,-0.01291277379538642,0.018738950666911613,0.0,0.0,0.0,0.0,0.0,0.0,0.0,0.016843948260151207,0.0,0.0,0.0,0.0,0.0,-0.018768089865836172,0.0,0.03210071123667671,0.0,0.021504642328165815,0.0,0.036484257724460095,0.0,0.04597612315579147,0.04037764761982972,0.051098758363612905,-0.04778240423477905,0.0,0.043636387496257395,0.0,0.012061135783396397,0.0,0.0,0.0,0.02598443051783344,0.0,0.0,-0.012625955468569535,0.0,0.0,0.019228491402006675,-0.03755412066627357,-0.018248879144923236,0.0,0.0,-0.0145237983758144,0.0,0.0,0.02699809691535468,0.0,0.0,-0.016518590488188212,0.027855756696099583,-0.016208421327520768,0.0,0.0,0.0,0.0,0.0,0.0,-0.015882167676320176,0.0,0.0,0.0,0.0,0.018139723214075924,0.0,0.0,0.0,-0.012798130341523556,-0.010847997443252815,-0.015740192240566,-0.0171111227852489,0.0,0.0,-0.03556359831980667,0.0,0.0,0.0,0.0,0.022843194205233987,0.0,-0.012827875390168294,0.0,0.0,-0.02735170997230635,0.0,0.027307424864801103,0.0,0.0,-0.03346811682446234,-0.013207672592524398,-0.03845208295507142,0.019365931857572946,0.0
2006-10-31,0.0,0.019990001299805844,-0.019092479250213148,0.0,0.0,0.0,0.0,0.0,-0.016322605250231857,0.0,0.0,0.0,0.0,-0.02589130890252569,-0.01827446170467492,0.0,0.0,0.0,-0.018064192603241425,0.0,0.0,-0.019681120656456528,0.0,-0.02792830708583652,0.020834930954983663,0.0,0.028065616547960408,0.02399110387753095,0.028907348901091708,-0.06400513566610226,0.0,0.029549964553054624,0.0,0.01819086563509536,-0.021883644999535278,0.0,0.0,0.0,0.0,0.0,-0.026767018141978585,0.0,-0.017972204216693172,0.0,-0.038108157802726625,-0.027509692047910327,0.0,-0.022284928609609598,-0.029521228853367745,-0.028487126892559462,0.0,0.0,0.0,0.0,-0.0161660161255297,0.0,-0.02828238216127106,0.0,-0.02464047789019229,0.0,0.0,-0.016627623267629687,0.0,-0.02423141418026019,0.0,0.0,0.0,0.0,0.0,0.0,-0.02432126675444508,-0.02139238998869686,-0.020875320577360083,-0.028251996614563932,-0.021144158554133,0.0,0.0,-0.016392747244863306,-0.027169905412802852,0.0,0.0,0.0,0.0,0.026387354107247185,0.0,0.0,0.0,0.0,-0.03747267460303891,0.0,0.02146487021534866,0.0,0.0,-0.025155256893632575,0.0,-0.028700700955798884,0.0,0.0
2006-11-30,0.04040871908507126,0.05037942222507025,0.0,0.0,0.0,0.0,0.03150065033033845,0.026619435518449207,0.0,0.0,0.0,0.0,0.0,0.0,0.0,0.0,0.0,0.0,0.024458845765424488,0.0,0.011957628874273799,0.0,0.0,-0.01543631072828003,0.023226834170289146,0.0,0.06132970273257803,0.020988448135595087,0.02289748032902674,-0.06373508645841201,0.0,0.036692362750119216,0.0,0.0,-0.015549129094730944,0.0,0.0,0.013182324455406933,0.0,0.0,-0.012706822899074377,-0.02074624767664921,0.0,0.0,-0.02763826139941067,-0.022480618433428932,0.0,0.0,-0.019660516623924627,-0.013803559306396627,0.0,0.0,0.017779540889724197,0.0,0.0,0.016374266373845533,0.0,0.0,-0.019006389799135142,0.0,0.0,0.0,0.014200909435029394,0.0,0.0,0.0,0.0,0.012011624090823047,0.023654994153856156,0.017936899690578864,0.0,0.0,0.0,-0.01424756696023408,0.0,0.014530761518176942,0.015103295461941165,0.0,-0.014051714129219062,0.0,0.0178693433521555,0.02510297826283943,0.0,0.0625117216962741,0.033255179927583846,0.0,0.0,0.0,0.0,0.021174576017486117,0.048435953950994204,0.0,0.020799388749862945,0.0,0.0,0.0,-0.016554488548290384,0.0
2006-12-31,0.043930566496314605,0.04555203934463014,0.0,0.0,0.0,0.0,0.02890114755239526,0.025235557588596177,0.0,0.0,0.0,0.0,0.0,0.0,0.0,0.0,0.0,0.0,0.02325576589066564,0.0,0.012353950023411185,0.0,0.020644985775657192,0.0,0.03149417379462779,0.0,0.06133872573370588,0.042320466249317595,0.0361814035502702,-0.018611222636195007,0.0,0.04070690908603259,0.0,0.02920922022240977,-0.014307555951201516,0.0,0.0,0.0,0.0,0.0,0.0,0.0,0.0,0.0,0.0,0.0,0.0,0.0,0.0,-0.0094226748257563,0.0,0.01995600576446085,0.014601846272730992,0.0,0.009277362043632094,0.0,0.0,0.0,-0.010044094283210235,0.0,0.0,0.026508723011053073,0.01861463555492464,0.0,0.0,0.0,0.0,0.012045857198544507,0.02363754847769086,0.023181379594345883,0.0,0.0,0.013925189687557243,0.0,0.012610312729495808,0.016560039580164942,0.010024571309238398,0.0,0.0,0.0,0.017075087571003258,0.02247088454457789,0.0,0.052848123417051786,0.025595454455850798,0.0,0.0,0.0,0.01010950357593837,0.026761941884950985,0.05635224005140916,0.0,0.05742833338367956,0.011478527589156079,0.01554384626033515,0.009882127037810643,0.0,0.0
2007-01-31,0.024871790550734723,0.03518684080493215,0.0,-0.014223231469734886,0.0,0.0,0.0,0.01417308901318052,0.0,0.0,0.0,0.0,-0.014010820376897843,0.0,0.0,0.0,0.0,0.010902266005710324,0.0,0.0,0.0,0.0,0.013648464092951734,-0.010221372077345602,0.013640507807864312,0.0,0.03879671367093474,0.0335658958454386,0.01857593948762574,-0.019670633645120374,0.0,0.027842704548329558,0.0,0.02233981413510245,-0.020130159638105747,0.0,0.0,0.0,0.0,0.0,0.0,0.0,0.0,0.0,0.0,-0.011852949461395248,0.0,0.0,-0.015867687726569973,-0.010830611886250913,0.0,0.010373840256835225,0.0,0.0,0.017024388963398456,0.0,0.0,0.0,0.0,0.0,0.0,0.019760793827068142,0.026443005376825007,0.0,0.0,0.0,0.0,0.0,0.011972897150744528,0.014080758024458519,0.0,0.0,0.02541062338859327,0.0,0.02944456585882232,0.027233481851389175,0.0,0.0,0.0,0.0,0.024337005529837717,0.015469561450707575,0.0,0.025430642308948512,0.032803996074172746,0.030466469420748835,0.0,0.0,0.038763274849928815,0.06011256601247814,0.05757133242902703,0.0,0.05562994241970235,0.038796221389724765,0.03762472100678048,0.030898420165582998,0.0,0.0
2007-02-28,0.01605415278686351,0.029579017662363337,0.0,0.0,-0.011003997546402,0.0,0.01346221874937466,0.0221511645315208,0.012960252437947496,0.0,0.0,0.0,0.0,0.0,0.0,0.0,0.0,0.012355842118962753,0.0,0.0,0.0,-0.009827090763913623,0.0,0.0,0.01317707825574293,0.0,0.025998776832884898,0.0,0.0,-0.015100263924662913,0.0,0.03393437599218524,0.0,0.026645415173194357,0.0,0.0,0.0,0.0,0.0,0.0,0.0,0.0,0.0,0.0,0.0,0.0,0.0,0.014620297294732042,0.0,-0.010624195979699698,0.0,0.0,0.0,0.0,0.0,0.0,0.0,0.0,-0.012146755659428791,0.0,0.0,0.01416351020407866,0.0,-0.010542237288935035,0.0,0.0,0.0,0.0,0.0328777798558045,0.010542773570222666,0.0,0.0,0.049431569297957535,0.017814242211957234,0.02041368352971159,0.03622367634566348,0.026614440512531597,0.030964628863751086,0.024041078767730997,0.014920291998310206,0.05111376977782174,0.028572123001768288,0.0,0.022960985623116652,0.03164623746608934,0.015588975317167053,0.0,0.0,0.03924874649751197,0.05745794199084562,0.026835852068368915,0.0,0.06767804813665114,0.031386150414209536,0.02494768646366765,0.034372675086248555,0.0,0.0
2007-03-31,0.010844668540680972,0.011940822121646988,0.010933138837393002,0.0,0.0,0.0,0.0,0.03216638334483281,0.0,0.0,0.0,0.0,0.0,0.0,0.0,0.0,0.0,0.0,0.0,0.0,0.0,0.0,0.0,0.0,0.018059752133017908,0.0,0.01775695240300961,0.0,0.0,0.0,0.030970772499588923,0.043556369449711516,0.0,0.02615188227350581,0.0,0.0,0.0,0.018608037062434392,0.0,0.0,0.0,0.0,0.01561318071115691,0.01594171274311145,0.014181475104336956,0.0,0.0,0.011383720077511993,0.0,0.0,0.0,0.013167479297994014,0.0,0.0,0.01415508147888437,0.0,0.011058333040712917,0.0,0.0,0.0,0.0,0.02569494490448761,0.015044405483435351,0.0,0.0,0.0,0.0,0.0,0.04247259142011396,0.0,0.013296645215976937,0.01201205329132773,0.044783456774243086,0.022395424158126932,0.019030455160377196,0.03690766089346331,0.014680639786471206,0.02542438880682789,0.02969963960946248,0.0,0.03413759805434712,0.03006420354239891,0.0,0.0,0.025665326503319052,0.015146250577987753,0.0,0.0,0.04506643646856744,0.023487026739910644,0.03265337580709756,0.0,0.0664113588207169,0.039426202761016965,0.03312002730348786,0.03689012679730561,0.0,0.0
2007-04-30,0.0,0.019437529052879064,0.01534618423962214,0.0,0.0,0.0,0.0,0.02330590225880413,0.0,0.0,0.0,0.0,0.0,0.0,0.0,0.0,0.012162771347438078,0.012860874867123073,0.0,0.0,0.0,0.0,0.0,0.0,0.025522301140817535,0.0,0.013994570813784146,0.0,0.0,0.01426755821531027,0.054455019830176914,0.04686455031475409,0.0,0.030699597578086775,0.019496429249882336,0.0,0.0,0.022932982316298867,0.0,0.011371822294855003,0.0,0.0,0.024550374580371178,0.012234325883500933,0.02161264714367954,0.0,0.0,0.0,0.0,0.0,0.0,0.0,0.0,0.0,0.0,0.0,0.0,0.0,0.0,-0.01586206473043697,0.0,0.01832776172853638,0.02263133232131933,0.0,0.0,0.0,0.0,0.0,0.03585393042605761,0.0,0.0,0.01339874203495645,0.03694158686862478,0.02268179102579229,0.013568194239368137,0.04093756781007329,0.0,0.0271955163208158,0.03507196541696418,0.0,0.022584783889005748,0.01821948804826895,0.0,0.0,0.01629219317977562,0.01835057339054427,0.0,0.0,0.041263410901637855,0.01799998725247851,0.03395227604594691,0.0,0.05579737136518545,0.017177754593309055,0.032457313935279196,0.04604106441924492,0.016277888928994236,0.0
2007-05-31,0.0,0.014502594770343314,0.0,0.0,0.0,0.0,0.0,0.015133300727482158,0.0,0.0,0.0,0.0,0.0,0.0,0.0,0.0,0.0,0.0,0.0,0.0,0.0,0.0,0.0,0.0,0.010739546468858819,0.0,0.021125647876998346,0.010089795388385798,0.0,0.0,0.06765005965373774,0.05089553629354418,0.0,0.02457213024752905,0.023739367603304775,0.0,0.0,0.017196470775952374,0.0,0.010249802976380973,0.0,0.0,0.024223686858852053,0.015137887443573195,0.017787978641676597,0.0,0.0,0.0,0.0,-0.012477024494215023,0.0,-0.012729430853104516,0.0,0.0,0.0,0.0,0.0,0.0,0.0,-0.029804938001220888,0.0,0.0,0.01588141279227314,-0.014787147723914193,0.0,0.0,0.0,0.0,0.04265547150855165,0.0,0.017109025610553257,0.02062682861456993,0.03954366932829989,0.02092194750344612,0.0,0.03690131157689243,0.0,0.023932693120414714,0.03928350312956363,0.013163098489713742,0.015206043454223049,0.023391818693804682,0.0,0.0,0.027078260429092966,0.017496659774403244,0.0,0.0,0.04381285849385699,0.016126100158642638,0.03175833410464479,0.0,0.04598500696214225,0.02132622028630504,0.03099879154860459,0.041255490696065204,0.022703106924861972,0.0
2007-06-30,0.0,0.01503381224102106,0.0,0.016223965980667703,0.0,0.0,0.0,0.02052018877324017,0.017526758307115343,0.0,0.0,0.0,0.021230905260105803,0.015585582411638358,0.0,0.0,0.016358305523905894,0.0,0.0,0.0,0.0,0.0,0.0,0.0,0.022399196266473912,0.0,0.02611809512606563,0.0,0.0,0.01613773782853457,0.04474726519839255,0.017767641481213882,0.0,0.025878676184185986,0.027430448813972226,0.0,0.0,0.02337352281939879,0.0,0.02054002871840238,0.0,0.0,0.03207444764774441,0.01786058727346316,0.022639135693777547,0.0,0.0,0.0,0.0,0.0,0.0,0.0,0.0,0.0,-0.015341871693062625,0.0,0.0,0.0,0.0,-0.017863734061708294,0.0,0.0,0.0,0.0,0.0,0.0,0.0,0.02480542306747775,0.05135715958151196,0.0,0.023335002138133134,0.025035542004257,0.034624346194306384,0.029359531487716216,0.0,0.045423218765664845,0.0,0.020599172773958944,0.02979548605062436,0.019099373319829638,0.0,0.025914787218294825,0.0,0.02485376981640831,0.023925978675729983,0.0,0.0,0.0,0.027680838707430943,0.0,0.03361610769100723,0.0,0.0322230715822354,0.0,0.019057675437319285,0.038605775306728145,0.018035832877275212,0.0
2007-07-31,0.015538974986259073,0.020575269254418986,0.0,0.0,0.023465676301788897,0.0,0.0,0.0,0.0,0.0,0.0,0.0,0.017713146754840453,0.020004786773390723,0.019032009373470837,0.0,0.019685606842827427,0.017407217338173422,0.0,0.0,0.021970906583452052,0.017968424815324558,0.02625196926556654,0.0,0.017301457518756863,0.0,0.0,0.0,0.0,0.020287393675234095,0.05099649949466032,0.014867074395328726,0.0,0.03851741931556901,0.02183975581153478,0.0,0.0,0.02889615385018011,0.0,0.02774581251573449,0.0,0.0,0.042402777351048075,0.021366557130988877,0.019563666899737132,0.0,0.0,0.0,0.0,0.0,0.0,0.0,0.0,0.0,0.0,0.0,0.0,0.0,0.0,-0.018392092967534163,0.0,0.0,0.0,0.0,0.0,0.0,0.0,0.025693534765658603,0.04068317910679233,0.0,0.02643834843282521,0.031156505944103293,0.019593564654223294,0.01899324058867031,0.0,0.019365535965654004,0.0,0.0,0.017282330134525,0.0,0.0,0.02152486216294185,0.0,0.02283418887395692,0.01858324139771754,0.0,0.0,0.0,0.031919278892481466,0.016062257909857523,0.050280841120391856,0.0,0.04491870019001929,0.0,0.0,0.03199693602263586,0.02088280462172608,0.0
2007-08-31,0.027016659922691314,0.03347026460513212,0.0197348546251199,0.0,0.023841038049880785,0.0,0.0,0.0,0.015921434394221907,0.0,0.0,0.0,0.017525221646031524,0.024475308094274277,0.026721306026230147,0.0,0.020636859792572407,0.03399229700409913,0.0,0.0,0.022041692382620808,0.01690500176144928,0.02414700274755683,0.015006298377878747,0.02130080966566811,0.0,0.02156839902641361,0.017396089276413795,0.014441000688301876,0.019686710438313035,0.017469976773757515,0.0,0.0,0.027843628088889214,0.0,0.0,0.0,0.014620946466699265,0.0,0.04095345730725083,0.0,0.0,0.043338665842237674,0.029592257167095543,0.0,0.0,0.0,0.0,0.0,0.0,0.0,0.0,0.0175826619301817,0.0,-0.015518829303411677,0.0,0.0,0.0,0.0,0.0,0.0,0.0,0.0,0.0,0.0,0.0,0.0,0.0392548080922303,0.0427956380001709,0.02073065188891375,0.022164745092399026,0.03536631052158343,0.03126187743561124,0.0,0.0,0.0,0.0,0.0,0.0,0.0,0.0,0.014341233129754011,0.0,0.0392876320039167,0.0330911086384557,0.0,0.0,0.0,0.023801091247289942,0.026972320542748007,0.025987416000646607,0.0,0.022196496001887354,0.0,0.0,0.0,0.0,0.0
2007-09-30,0.026611791363754772,0.03646722277963029,0.023855301129822256,0.0,0.021107823273236768,0.0,0.0,0.0,0.01161589330690074,0.0,0.0,0.0,0.013484271840819854,0.02094289321725165,0.0226944085559433,0.0,0.014802424093314878,0.025812316885011337,0.0,0.0,0.026740067038574247,0.0,0.014725938041963904,0.0,0.01227464664342499,0.0,0.0,0.0,0.0,0.0,0.0,0.0,0.0,0.0,0.0,0.0,0.0,0.012183568792645193,0.0,0.04957104330850076,0.0,0.023783339042570142,0.05206782527712425,0.039219265073859,0.0,0.0,0.0,0.0,0.0,0.0,0.0,0.015342602291842238,0.0,0.0,0.0,0.0,0.0,-0.01697972757590894,-0.015247767788777997,0.0,0.0,0.0,-0.01183646061891621,-0.012988910974254307,0.0,0.0,0.0,0.024023715759965515,0.04519984647863288,0.022467261367796813,0.017529489276038503,0.028426403008380157,0.03653199205643249,0.0,0.0,0.012214193153271323,-0.011592861042115599,0.0,0.0,0.0,0.0,0.024213822885489834,0.0,0.039567281582261096,0.057019408485539824,-0.013136984923925038,0.0,0.0,0.01621965167935801,0.03264993304626053,0.04086796588583546,0.0,0.040798533023324667,0.0,-0.01718514743132428,0.0,0.0,0.0
2007-10-31,0.02304779836821976,0.02936032492520403,0.026251871778611033,0.0,0.02493644674422662,0.0,0.012355074131715868,0.0,0.018199085082441516,0.0,0.0,0.0,0.013616989516464595,0.022271780919917526,0.020186052566569475,0.0,0.01983078556060573,0.03236317946196079,0.0,0.0,0.022981276133651866,0.0,0.013260757966151117,0.01914649832097668,0.015239192755433525,0.0,0.0,0.0,0.012891056484643424,0.010066471112812956,0.0,0.0,0.0,0.0,0.0,0.0,0.0,0.0,0.0,0.03937321742452746,0.015319108748383096,0.0,0.05294831467884514,0.04863020336648721,0.0,0.0,0.0,0.0,0.0,0.009258940857273103,0.0,0.02166053889507692,0.010652737259655962,0.0,0.0,0.0,0.0,0.0,0.0,0.0,0.0,0.0,0.0,0.0,0.0,0.0,0.0,0.030333109698137583,0.039218702293419935,0.019464440189381333,0.021702148731120835,0.03822321825992887,0.03332893817917084,0.009044465584712526,0.0,0.012702381125345722,0.0,0.0,0.0,0.0,0.0,0.030788184401167696,0.0,0.03665627158099982,0.047987725843512616,0.0,0.0,0.0,0.014153534915538009,0.03406934171708985,0.038706092794197546,0.0,0.0436705430772791,0.0,-0.016103198549142328,0.0,0.0,0.0
2007-11-30,0.015054841675685196,0.016548024708472945,0.0,0.0,0.02523054947680604,0.0,0.017585058192994735,0.0,0.019784874949511574,0.0,0.0,0.0,0.0,0.02304914903676482,0.023130598594190782,0.0,0.0,0.04137417657909624,0.0,0.0,0.02181455153564004,0.018123248393245705,0.0,0.017527586424671726,0.014486216035335562,0.0,0.0,0.014615751414392135,0.01673318452846753,0.0,0.0,0.0,0.0,0.0,0.0,0.0,0.0,0.0,0.0,0.01947281524692897,0.0,0.0,0.04181713584264066,0.04998914605395749,0.0,-0.012044006037573919,0.0,-0.013073652271309232,-0.01368589465763933,0.024256830778775478,0.0,0.032380098844194356,0.019181002483796596,0.0,0.016530471366227095,0.019478518157449262,0.0,0.0,0.0,0.0,0.0,0.0,0.0,0.0,0.0,0.0,0.0,0.028047570750939325,0.04055341504193346,0.01851686133928381,0.01634259794301774,0.04272256653588051,0.03518096226347669,0.0,0.0,0.0,0.0,0.0,0.0,0.0,0.0,0.02751067158554173,0.0,0.03250648396838792,0.043831324309140614,0.0,0.0,0.0,0.014026096125981226,0.03556589891171411,0.04265226254332207,0.0,0.047427982987140946,0.0,-0.01691010076414435,-0.011237821644327926,0.0,0.0
2007-12-31,0.014685558323911703,0.0,0.0,0.0,0.029077821310693707,0.0,0.0,0.0,0.01740281604385178,0.0,0.0,0.0,0.0,0.0,0.0,0.0,0.0,0.044984642766793946,-0.014469367327783464,0.0,0.0,0.0,0.0,0.0,0.015051837785679959,0.0,0.0,0.01909082698099508,0.0,0.0,-0.02196158212922988,0.0,0.0,-0.025594400248348994,-0.012643183633398938,0.0,0.0,-0.027258530965053703,0.0,0.0,0.0,0.0,0.028804547927750442,0.04127171405753735,0.0,-0.02504327073921522,0.0,-0.019102706626054674,-0.021112592701254512,0.037031927213974705,0.0,0.025270760385475207,0.015551150123849744,0.0,0.014047584548776852,0.027355198747484554,0.026578963783229,0.0,0.0,0.0,0.0,0.018222659295063295,0.02562328873403977,0.014432155292188529,0.0,0.0,0.0,0.013351068808286895,0.01392699652634712,0.0,0.03881939205162079,0.02172629154120775,0.03760152037234689,0.0,0.0,0.0,0.0,0.017187385782870223,0.0,0.01757824239442051,0.0,0.02080403652211519,0.0,0.03271450655933013,0.059279130489772056,0.0,0.0,0.0,0.0,0.027411296299575474,0.045844182408186655,0.0,0.03541615261278528,0.0,-0.01931129337247183,-0.01735941656702809,0.0,0.0
2008-01-31,0.020510990066337487,0.01791409471725751,0.0,0.023418546334832792,0.0466651676335029,0.0,0.019969475410106744,0.014816668630959125,0.028870355495220375,0.0,0.0,0.0,0.0,0.0,0.018173165724764045,0.0,0.013645413588894706,0.052022586016934096,0.0,0.0,0.013509146569489802,0.0,0.0,0.0,0.018335199932379653,0.0,0.0,0.0158840078215303,0.014150951383822587,0.0,0.0,0.0,0.0,-0.022930662058066743,0.0,0.0,0.0,-0.017787473669064677,0.0,0.0,0.0,0.0,0.023599420337222756,0.022823909917951156,0.024646756440678253,0.0,0.0,0.0,0.0,0.02243534147594549,0.0,0.020461455864089487,0.0,0.0,0.015408685273144786,0.022471081595007436,0.0,0.0,0.0,0.0,0.0,0.020891876915632424,0.0,0.01882382807267349,0.0,0.0,0.0,0.0,0.0,-0.013610755707783953,0.028687678852769863,0.0,0.02009642172173685,0.0,0.0,0.028521181659666852,0.01485142029551524,0.031025531021683986,0.0,0.02849543754257792,-0.01571025405763004,0.028263752188477556,0.0,0.03136940256935891,0.03380064577435438,0.0,0.0,0.0,0.01651506288905035,0.026127416036255496,0.07564322240862627,0.0,0.057115556329003475,0.0,0.0,0.0,0.0,0.0
2008-02-29,0.0,0.0,0.0,0.030424118362317135,0.024799792281874296,0.0,0.015233429628174614,0.015006943091168031,0.021409789126498102,0.0,0.0,0.0,0.016745973045882677,0.0,0.0,0.0,0.0,0.06105113850476895,0.0,0.0,0.0,0.0,0.0,0.0,0.0,0.0,0.0,0.018108437357516532,0.02042462750036284,-0.017544762978031092,0.0,0.0210341632920192,0.0,-0.020513155689719544,-0.013541305078899401,0.0,0.0,-0.022902243156924202,0.0,-0.01817351245264307,0.0,-0.01847255514403628,0.0,0.0,0.02967079408849355,0.0,0.0,-0.013708987223364605,0.0,0.03822613449916032,0.0,0.03339474398740775,0.020928106263925716,0.0,0.0,0.0483225744166343,0.0,0.0,0.0,0.013359180849574026,0.0,0.04536556946689425,0.015487559898191306,0.02839557109287178,0.02742870115814242,0.0,0.0,0.0,0.0,-0.018482130576410224,0.03377307570172897,0.0,0.014586607676310377,0.0,0.0,0.024540398014074483,0.01154932577484324,0.017479926481670887,0.0,0.0,-0.029339182321954115,0.0,0.0,0.012030439711906992,0.0,-0.015402055471239356,0.0,0.0,0.0,0.023848517748591678,0.06952950012870557,0.0,0.046806425710953926,0.0,-0.01295854504611425,0.0,0.0,0.0
2008-03-31,0.0,0.0,0.0,0.04358770549114532,0.024353431374206768,0.0,0.023404568147893615,0.029870344135253045,0.02363102871342483,0.0,0.0,0.0,0.026293588664842594,0.0,0.0,0.0,0.0,0.04858499638218803,0.0,0.0,-0.013501325441603434,0.0,0.0,0.0,0.0,0.0,0.0,0.013731699213635864,0.01552332197100265,-0.024317864819458867,0.0,0.013751713626269714,0.0,-0.018624425788301043,-0.014065341329312786,0.0,0.0,0.0,0.0,-0.013913021791029623,0.0,-0.021543054562535812,-0.012258655605904238,0.0,0.04112055674858611,0.0,0.0,0.0,0.0,0.01867430775153177,0.0,0.03143258502718013,0.014540542979785902,0.0,0.0,0.0395226033591069,-0.019730282578171082,0.0,-0.02025317131251176,0.0,0.0,0.03796367334266382,0.017054009793441013,0.023591684081947787,0.017810926718459127,0.0,0.0,0.0,0.0,0.0,0.023943771439379147,0.0,0.0,0.0,0.02050361481330413,0.025806068567481147,0.0,0.02126588444705463,0.0,0.0,-0.027714632870110407,0.0,0.0,0.0,0.0,-0.02653341409534257,0.0,0.0,0.0,0.012800774605907924,0.06770675107566758,0.0,0.04572442544592141,-0.017492585800928964,-0.0270538151852223,-0.02080383090228608,0.0,0.0
2008-04-30,-0.015740316224092617,0.0,0.0,0.027267534697753545,0.0,0.0,0.0,0.023366765274938247,0.016224647223375036,0.0,0.0,0.0,0.0,-0.014817738863122766,0.0,0.0,0.0,0.0,0.0,0.0,-0.027140598716758217,-0.02967900638261062,0.0,0.0,0.0,0.0,-0.014725690221549983,0.0,0.0,-0.04048509822174894,-0.01864558715396397,-0.015145415820212046,0.0,-0.029312846955730068,-0.034464977532707816,0.0,0.0,-0.02641535847080669,0.0,0.0,0.0,-0.020263304259737595,-0.020022303592098327,0.0,0.06508774281325355,0.03235932619391787,0.0,0.024554920288060892,0.02425587434448049,-0.014267842796778622,0.0,0.020007888542064877,0.0,0.0,0.0,0.0,-0.026402116545622894,0.0,-0.025887610671949318,0.0,0.0,0.017622358143657903,0.0,0.0,0.0,-0.02500400346598838,0.0,-0.014502116217810144,-0.01637379722354357,-0.013966599997750389,0.0,-0.02090607705795887,0.0,0.0,0.0,0.021040774968146575,0.0,0.024281777680916133,0.0,-0.02409337146109863,-0.03249959996155527,0.0,0.0,0.0,0.0,-0.05176752865822662,0.0,0.0,0.0,0.0,0.031033955333557715,0.0,0.0,-0.020052170549041477,-0.03303328871145805,-0.023506692949411167,-0.023775375812544155,0.0
2008-05-31,0.0,0.013472362057039713,0.0,0.035970971965610755,0.018996888132983926,0.0,0.0341424228711633,0.043371685134049084,0.030886544335706353,0.0,0.0,0.0,0.02533890336410966,0.018006101206622684,0.013629288108193277,0.0,0.013941070805428075,0.01733893471779967,0.01802913855607979,0.0,0.0,0.0,0.0,0.0,0.0,0.0,0.0,0.0,0.0,-0.031513029515369946,0.0,0.0,0.0,0.0,-0.02514535697061804,0.0,0.0,0.0,0.0,0.0,0.02173978957198074,0.0,0.0,0.015000085910444362,0.05581749637393151,0.040423016043760765,0.0,0.0,0.03722464119359074,0.0,0.0,0.023615555486691222,0.0,0.0,0.0,0.0,-0.0239368560949189,0.0,-0.016064139524471836,0.0,0.0,0.0,0.0,-0.016310252183076683,0.0,-0.022588281133651772,0.0,0.0,0.0,0.0,0.0,0.0,0.0,0.0,0.01550578226694872,0.04295465003795492,0.025883578331331064,0.03126883321628694,0.018604122203423324,-0.026745516597171858,-0.026389938963400413,0.01802477615399404,0.0,0.0,0.0,0.0,0.0,0.0,0.013282911761021088,0.017691076540799735,0.041079714825956314,0.0,0.026134469793058557,-0.014954719427927667,-0.029175471019280294,-0.021579402459081107,0.0,-0.018222225145071137
2008-06-30,0.0,0.0,0.0,0.027485682494355998,0.018669612310218,0.0,0.028225153055722402,0.03303138538407054,0.01977416405023802,0.0,0.0,0.0,0.03797328091456568,0.020193062703335738,0.017928119145659862,0.0,0.0,0.014824368599776361,0.02020451561791321,0.0,0.0,0.0,0.0,0.023087062917720263,0.0,0.0,0.019215842780724763,0.0,0.0,-0.03339695478524823,0.0,0.0,0.0,0.0,-0.028376058019491023,0.0,0.0,-0.0127174567089153,0.0,0.0,0.02582481198770449,0.0,0.0,0.019349659079314532,0.05239272421120689,0.04907251168797008,0.0,0.014172365635193487,0.04908503691840774,0.0,0.0,0.023056864191183968,0.0,0.0,0.0,0.0,-0.015109495462505427,0.0,0.0,0.0,0.0,0.0,0.0,-0.02358101371360479,0.0,0.0,0.0,0.0,0.0,0.026189987602300978,0.0,0.013774982930409041,0.013740261473379721,0.0,0.029717160291940638,0.0591867100305714,0.024113737399902097,0.017279853302807326,0.024523379282173664,-0.02247437610647614,0.0,0.025116416094933144,0.0,0.0,0.0,0.0,0.0,0.0,0.015923460979841316,0.03695863029191806,0.017394482548308256,0.0,0.013555683281105912,-0.019816048378503655,0.0,-0.01348762763038179,0.0,0.0
2008-07-31,0.0,0.018639543059112154,0.014231615748590262,0.021697715598740973,0.02083179355535235,0.0,0.026054712411163954,0.03471455051175193,0.024719818068316867,0.0,0.0,0.0,0.0298707632602689,0.02313959064053719,0.0,0.0,0.0,0.0,0.022996278054818006,0.0,0.0,0.0,0.01588453130099568,0.022786855123911095,0.019232721838114995,0.0,0.0,0.0,0.0,-0.023260746452640604,0.0,0.0,0.0,0.0,-0.01818335273594768,0.0,0.0,0.0,0.0,0.021455376338797894,0.037517747404496635,0.01936307211157526,0.022416990193504918,0.029303219528664434,0.04996540938628981,0.04341610687434599,0.0,0.01860864701975543,0.04648072847254399,0.0,0.0,0.0,0.0,0.0,0.0,0.0,0.0,0.0,0.0,0.0,0.0,0.0,0.0,-0.015601271122123114,0.0,0.0,0.0,0.014407284670445032,0.0,0.021939889164312276,0.0,0.0,0.0,0.0,0.015150032292995854,0.05314301124134787,0.021109642221952375,0.031005692003683805,0.036358581387519844,-0.014158450007652755,0.0,0.029266646917568074,0.0,0.018017975314542047,0.0,0.0,0.0,0.0,0.015414262001616877,0.0323128345128172,0.021172240827436635,0.0,0.018636068695739794,-0.017534231928009465,0.0,0.0,0.0,0.0
2008-08-31,-0.013321549267710406,0.0,0.0,0.0,0.0,0.0,0.0,0.0,0.0,0.0,0.0,0.0,0.0,0.0,0.0,0.0,-0.013988008493698887,0.0,0.02817891791226114,0.0,0.0,0.0,0.0,0.0,-0.011460329327407716,0.0,0.0,0.0,0.0,-0.04913990246506509,-0.0179100557250189,0.0,0.0,0.0,-0.04704258312300546,0.0,0.0,-0.044853166972066386,0.0,0.01818031772759513,0.01811649174448209,0.026796011295557837,0.02420380575914733,0.0,0.03276627479533783,0.01974589469042559,0.0,0.02477012387185422,0.014229001479643453,0.0,0.0,-0.016626449372333797,-0.018898423937571147,0.0,0.01482979618848854,-0.01689263262244128,0.0,0.0,-0.021239522416754704,0.0,0.0,-0.02477505431391184,-0.01603521701994357,-0.03601843161097935,-0.013441847190612746,-0.023917390743459492,0.0,0.0,-0.01978630190469982,0.014869942384412445,0.0,0.0,0.0,0.0,0.0,0.06668001814731864,0.0,0.0,0.015343292414725027,-0.03774043505026622,-0.037335191723577736,0.01698880946895343,0.0,0.037041724065796755,0.011792902840771545,-0.018893058755894667,0.0,0.0,0.0,0.04344623840153038,0.0,0.0,0.03138811891138367,-0.01599831486668282,0.0,0.0,0.0,-0.02531845099721306
2008-09-30,0.0,0.0,0.013352245975905088,0.0,0.0,0.0,0.0,0.0,0.0,0.0,0.0,0.0,0.0,0.01890136836104351,0.01651656843091749,0.0,0.0,0.0,0.018915335481466938,0.0,0.0,0.0,0.0,0.0,0.0,0.0,0.0,0.0,0.0,-0.04191992163376702,0.0,0.0,0.0,0.0,-0.0343626616938602,0.0,0.0,-0.025032895025350093,0.0,0.0,0.014001550159534318,0.02138732233779816,0.025928378313334055,0.0,0.02445808656134545,0.0,0.0,0.018667160192080253,0.0,0.0,0.0,-0.01372152704573753,-0.02191374079743279,0.0,0.018731612188458084,-0.017399259397031075,-0.024823949419056402,-0.022629049178930438,-0.03878679414263223,0.0,0.0,-0.03496052182721297,-0.028314968852190987,-0.04168424762756937,-0.014247914549143814,-0.02628755310371189,0.0,0.0,-0.019338675484887543,0.0,0.0,0.0,-0.01754596627751982,-0.013373785940568242,-0.026720067106168647,0.057597944006980845,-0.025646208821023413,-0.021686590794599572,0.0,-0.03221622529877143,-0.031567501795588204,0.0,0.0,0.015395425030585342,0.0,-0.01320899645622442,0.0,0.0,0.0,0.04793982220910982,0.0,0.0,0.0440981778102,-0.020366438983695886,0.015493263452406519,0.0,0.0,-0.020860278236160185
2008-10-31,-0.023544918715125915,0.0,0.0,0.0,0.0,0.0,0.0,0.0,0.0,0.0,0.0,0.0,0.0,0.0,0.0,0.0,-0.019580899289904214,0.0,0.0,0.0,-0.019914441525406598,-0.023029723117742273,-0.02552480688803599,-0.01934825643688258,-0.02222434086276486,0.0,-0.027435264091723355,0.0,0.0,-0.026451653310809696,-0.031243442058685525,-0.024029636995714997,0.0,-0.01937320068805957,-0.029203349720755764,0.0,0.0,0.0,0.0,0.0,0.0,0.0,0.0,0.0,0.0,0.0,0.0,0.0,0.0,0.0,0.0,0.0,-0.020811524127087644,0.0,0.025062852564762757,0.0,-0.03479855023252582,0.0,-0.028195112483327917,0.0,0.0,-0.02544129433438024,-0.024994649562522096,-0.02563434128226087,0.0,-0.019725590411645802,0.0,-0.02518727815222079,-0.026074830611559505,0.0,-0.02330561255047488,-0.02118833835453131,-0.03094461291142014,-0.02308041465632394,-0.02782295446465931,0.0,-0.03189770154718833,-0.024410229997283296,-0.020363230621995746,-0.029187206715419065,-0.03138631985739929,-0.02403411326808505,0.0,-0.02175192439337688,-0.02853543160810176,-0.026184475497069506,0.0,0.0,-0.024622165264749758,0.0,0.0,0.0,0.0,0.0,0.0,0.0,-0.019626770645689802,-0.024828540182327247
2008-11-30,0.0,0.0,-0.02250945263147733,0.0,0.0,0.0,0.0,0.0,0.0,0.0,0.0,0.0,-0.022359127742780923,0.0,0.0,0.0,0.0,-0.021677481384418214,0.0,0.0,-0.02210807611471186,0.0,-0.02669793054911714,-0.022322546070423055,-0.023688745267791283,0.0,-0.028042531122513027,-0.02299245246499265,0.0,0.0,-0.026106160124393204,0.0,0.0,0.0,-0.030345011066444244,0.0,0.0,-0.02324001302629516,0.0,0.0,0.0,-0.02286088116044053,0.0,0.0,0.0,0.0,0.0,0.0,0.0,-0.02312846768973035,0.0,0.0,-0.024069954437401328,0.0,0.0,0.0,-0.034807051941306295,0.0,-0.02787029188415189,0.0,0.0,-0.02533100996663282,0.0,-0.023545445985073046,-0.022878473618667034,-0.02408550658610944,0.0,-0.023708520534926298,-0.02542641072121405,0.0,-0.022430570562574165,-0.023931002757738858,-0.029049462437383565,-0.025096940170648053,-0.023343397627191367,0.0,-0.024053762854799265,-0.023361846046400098,-0.022840726849979037,-0.03038805584063051,-0.02781993407421461,-0.02349964434656321,0.0,-0.024264722613176814,-0.029193156647765974,-0.030215333342589037,0.0,0.0,-0.0244562103670765,0.0,0.0,0.0,0.0,0.0,0.0,0.0,-0.0241325116686643,-0.02212117970159338
2008-12-31,0.0,0.0,-0.021857780992188058,0.0,0.0,0.0,0.0,0.0,0.0,0.0,0.0,0.0,-0.024078262352234352,0.0,0.0,0.0,0.0,-0.02287345964532478,0.0,0.0,0.0,0.0,-0.026070185804555803,-0.02339237084820359,-0.027740108803479765,0.0,-0.029807792568932633,-0.02864701395089471,-0.025822588180405063,0.0,-0.026012038056861413,-0.02626768414704775,0.0,0.0,-0.027170133899375913,0.0,0.0,-0.022537680505937643,0.0,0.0,-0.02336516348485158,-0.021874952382680585,0.0,-0.024743984433588884,-0.02252355243038564,-0.02187010161759131,0.0,0.0,0.0,0.0,0.0,0.0,-0.023617889725460178,0.0,0.0,0.0,0.0,0.0,0.0,0.0,0.0,0.0,-0.024230642825885527,-0.023322647920414875,0.0,0.0,0.0,-0.02432832625058438,-0.02543331544832083,0.0,-0.026141096384232166,-0.02282488169207567,-0.027946486706933952,-0.023482116280492616,-0.022818217266569168,0.0,-0.0261064803792055,-0.02453963066439402,-0.025208617565947226,-0.028488667630020597,-0.02562312091605868,-0.023532620859483207,0.0,-0.027233375171052798,-0.03172491992999385,-0.027015146120103948,0.0,0.0,-0.02442912857995764,0.0,0.0,0.0,0.0,0.0,0.0,0.0,-0.022768920075576023,-0.022528897502697615
2009-01-31,0.0,0.0,-0.021410658816658105,0.0,0.0,0.0,0.0,0.0,0.0,0.0,0.0,0.0,0.0,0.0,-0.02359252136003149,0.0,-0.01990946799899698,0.0,0.0,0.0,0.0,0.0,-0.020036272792697415,-0.023276093562303476,-0.028741748282188864,0.0,-0.030186920721146232,-0.028986746421255517,-0.023034389227376818,0.0,-0.031446809219872196,-0.03517007337865673,0.0,-0.021397216148159787,0.0,0.0,0.0,0.0,0.0,-0.025710467885175208,-0.023091149004913953,-0.02510322487930562,-0.02514870092787031,-0.026165273126333655,-0.02492258415924155,-0.02200540342377331,0.0,0.0,-0.022528435351384605,0.0,0.0,0.0,0.0,0.0,0.0,0.0,0.0,0.0,0.0,0.0,0.0,0.0,-0.022862515674498013,-0.021738490550403847,0.0,0.0,0.0,-0.02564570752529913,0.0,-0.02288665302701029,-0.02877793219639325,0.0,-0.027384463797904577,-0.024695314952243884,-0.022132347668471077,0.0,0.0,0.0,-0.026696559769455414,0.0,0.0,-0.02453772758623711,0.0,-0.030199077372568658,-0.03048181588926933,-0.03306593125589337,0.0,0.0,-0.024632726528321613,-0.021010177153691943,-0.0225673513038655,0.0,-0.023939555007076025,-0.020772394601491235,0.0,0.0,-0.021884928457708768,-0.02222417299485503
2009-02-28,0.0,0.0,-0.02564953241242124,0.0,0.0,0.0,-0.023307550614104437,0.0,0.0,0.0,0.0,0.0,-0.023054096288647723,-0.023218799693383006,-0.025026251131666236,0.0,-0.025568770499718303,0.0,0.0,0.0,-0.02265688816456762,0.0,-0.023529103196942472,-0.02189413967146511,-0.029261693805156298,0.0,-0.028935258055838648,-0.028978451381561587,0.0,0.0,-0.021873587051542992,-0.023670783705942142,0.0,0.0,0.0,0.0,0.0,0.0,0.0,-0.027637374526059785,-0.024488849887097756,-0.02499855315294442,-0.023807667820538482,0.0,-0.02518802426505408,-0.024616078376692795,0.0,-0.02175230994475576,-0.023799137533107216,0.0,0.0,0.0,0.0,0.0,0.0,0.0,0.0,0.0,0.0,0.0,0.0,0.0,-0.021084938103020954,0.0,0.0,0.0,0.0,-0.024930375789293198,0.0,-0.023645510461905776,-0.02885663068582835,-0.021987696022642524,0.0,-0.026982638866907306,-0.02142319151665208,0.0,0.0,0.0,-0.02349946508757103,-0.02405278688280329,-0.024241771580818087,-0.025104320349029766,0.0,-0.025655593754574657,-0.029921882853552156,-0.03821219312934224,0.0,0.0,-0.026859263012725357,-0.021256389904697835,0.0,0.0,-0.024274978995129277,-0.025097471824298116,0.0,0.0,0.0,0.0
2009-03-31,0.0,-0.022703467729064817,-0.02979475838245063,-0.026198853796105218,0.0,0.0,-0.03318879131863148,-0.01958576430865747,-0.029239909980828992,0.0,0.0,0.0,-0.02759046122733276,-0.024665423436484993,-0.020921029748273468,0.0,-0.023325465568425255,0.0,-0.023470673557980257,0.0,-0.019896894046391254,0.0,0.0,0.0,-0.03263438649537757,0.0,-0.0262472421573354,-0.035888776140071826,-0.020769177558280554,0.0,0.0,0.0,0.0,0.0,0.0,0.0,0.0,0.0,0.0,-0.0297621702333678,-0.02310139803967899,-0.023936954357745715,-0.018894107685539455,-0.020023973107268965,-0.021087223760984753,-0.02521383044986481,0.0,-0.024359857468348286,-0.024106823751168883,0.0,0.0,0.0,0.0,0.0,0.0,0.0,0.0,0.0,0.0,0.0,0.0,0.0,-0.025146505182861382,0.0,0.0,0.0,0.0,0.0,0.0,-0.027193219392941288,-0.022268416428181722,0.0,0.0,-0.029481430998664886,-0.02518610534984917,-0.0192259772493201,0.0,0.0,0.0,-0.02129059294148161,0.0,-0.02438905303878915,0.0,-0.01831333608179391,-0.023519635406018227,-0.039960613206254006,0.0,0.0,-0.028104648330250778,0.0,0.0,0.0,0.0,-0.032303299335427776,-0.018655084178969283,-0.018354668573537167,0.0,0.0
2009-04-30,0.0,0.0,-0.01802177091520118,-0.022784875086198867,0.0,0.0,-0.03522540542410942,0.0,-0.018143133674488377,0.0,0.0,0.0,-0.015916900142761675,-0.012393751700248751,0.0,0.0,0.0,0.0,-0.03413210812430648,0.0,-0.019339874209198984,-0.016906020817849903,0.0,0.0,-0.034136946532392305,0.0,-0.027159254943124055,-0.02751814271932481,-0.01951859999029497,0.0,0.0,0.0,0.0,0.0,0.0,0.0,0.0,0.0,0.0,-0.014636780379415784,-0.01250746983009576,0.0,0.0,0.0,-0.019820172873500796,-0.017945354555834882,0.0,-0.019318411841758663,-0.015254508640065516,0.0410288676682694,0.0,0.040854922560400686,0.03459810906819373,0.029211883686905374,0.03496983431034512,0.030639391241349602,0.05966984034633431,0.03062574429637006,0.041933411310982896,0.03238077933248334,0.0,0.022345432629045654,0.0,0.0,0.01590888417995761,0.03611875096081142,0.0,0.012799111887842152,0.013182557238011977,-0.012431762197408072,0.0,0.0,0.0,-0.01585032910727463,-0.028797531613550646,0.0,0.0,0.0,0.0,-0.012006725867076634,0.0,0.0,0.0,0.0,0.0,-0.03719279041145962,0.0,0.0,0.0,0.0,0.0,0.0,0.0,-0.016773857685755802,0.0,0.0,0.0,0.0
2009-05-31,-0.032923353515554345,-0.01965369289964267,-0.01841190419097342,-0.017805388204874737,0.0,0.0,-0.021880806371605204,0.0,0.0,0.0,0.0,0.0,0.0,0.0,0.0,0.0,0.0,0.03650871677493929,-0.031131102990198667,0.0,-0.01973719643633554,-0.018115100189988766,0.0,0.0,0.0,0.0,0.0,0.0,0.0,0.0,0.0452362501467272,0.02315563419351003,0.0,0.027771293609834005,0.0,0.0,0.0,0.0,0.0,0.0,0.0,0.0,0.0,0.014890931458744013,0.011543649525159348,0.0,0.0,0.0,0.0,0.01235286918935065,0.0,0.0,0.035137028836624826,0.036858369164287086,0.0,0.0,0.026595615858881653,0.0,0.01685424148890025,0.02134822096185316,0.0,0.0,0.0,0.03651672770680588,0.0,0.011200802166719597,0.0,0.03521324289715277,0.022200139562581104,0.026202373079236844,0.028612780059742295,0.016080049639968803,0.024347528656507494,0.0,-0.011972412419609087,0.0,0.0,0.021064167932468115,0.03459748357539639,0.0,0.01957729845507078,0.0,0.0,0.02674481558570316,0.02905995640987724,0.0,0.0,0.0,0.025528285558682348,0.0,0.016544534754254377,0.0,0.01815301552048761,0.0,-0.0112836228758051,0.0,0.01784079918816357,0.07934859794778257
2009-06-30,-0.01830835416144158,0.0,0.0,0.0,0.0,0.0,0.0,0.014081036532395407,0.0,0.0,0.0,0.0,0.0,0.021392683519050156,0.031272124477683,0.0,0.01606550986663604,0.032124447398908226,0.0,0.0,0.0,0.0,0.0,0.022803681764450228,0.0,0.0,0.0,0.0,0.0,0.01275769894341013,0.04246774055928649,0.03363864084124833,0.0,0.02750071438922215,0.0,0.0,0.0,0.016214437964027315,0.0,0.018938632621437773,0.0,0.0,0.024942504155009,0.03354829976653805,0.023479648441456166,0.0,0.0,0.0,0.015521343032245605,0.0,0.0,0.0,0.013855117354697322,0.028459451019907916,0.0,0.0,0.021396816013250337,0.0,0.016314378985372243,0.0,0.0,0.0,0.0,0.019295681017846334,0.0,0.017366094605949102,0.0,0.04108418396470014,0.015003258574710507,0.03872282010050656,0.036847297589307215,0.01790944846881022,0.027628490686010306,0.0,0.0,0.0,0.0,0.0,0.03561696566361453,0.0,0.014283173872911583,0.0,0.0,0.018747903481921808,0.017465507029283366,0.0,0.0,0.0,0.016726448348098888,0.014471695291451344,0.019934414745288655,0.0,0.02276590998004079,0.0,-0.016490016800645414,0.0,0.025566060595574536,0.0989913673756552
2009-07-31,-0.013649480706464878,0.0,0.0,0.0,0.018973660779370627,0.0,0.0,0.0,0.0,0.0,0.0,0.0,0.0,0.024825695195957308,0.026808218458268352,0.0,0.020364751124638047,0.02745993885141316,-0.016211931060040978,0.0,0.0,0.01811927998155802,0.012517579761186332,0.01752108461855074,0.0,0.0,0.0,0.0,0.0,0.0,0.03311338272978744,0.020775144995335348,0.0,0.015256014171432365,-0.01663240655425728,0.0,0.0,0.0,0.0,0.02196350546071821,0.0,0.0,0.0,0.014786037409488096,0.020705385322666824,0.01701108273674198,0.0,0.0,0.01656416285051514,0.0,0.0,0.0,0.0,0.0,0.0,0.0,0.013219425834777851,0.0,0.0,0.013815779394335927,0.0,0.0,0.0,0.02487710060866481,0.0,0.0,0.0,0.04012718074896462,0.027524032327497245,0.06687032117461175,0.038259668029349436,0.03124842158275984,0.014821702615279202,0.015940690853102416,0.016118702275399983,0.0,0.0,0.015388557600210653,0.035952721307803755,0.0,0.02633634972440074,0.020274554085477195,0.0,0.014564032747836825,0.02134342112622828,0.0,0.0,0.0,0.03735800025741455,0.0,0.0,0.0,0.028054332556048243,0.0,0.0,0.0,0.02852277475880626,0.09612348762263925
2009-08-31,0.0,0.0,0.0,0.020581730926975503,0.021311613486036707,0.0,0.0,0.024471044400236192,0.018963213995156266,0.0,0.0,0.0,0.01889762461624774,0.02857965112625445,0.016162783393769475,0.0,0.01691048928504334,0.015902436368447452,0.0,0.0,0.0,0.023139167982279895,0.0,0.018315898837690043,0.01969576670465148,0.0,0.024883659247192595,0.0,0.01978590567686632,0.0,0.023049860751765006,0.024655518569023465,0.0,0.01760987498154146,0.0,0.0,0.0,0.0,0.0,0.016622675161824575,0.0,0.0,0.0,0.021769765019525218,0.0,0.01867167374679774,0.0,0.0,0.018704283765018467,0.0,0.0,0.0,0.0,0.0,0.0,0.0,0.0,0.0,0.0,0.0,0.0,0.0,0.020093793029195776,0.018055024207883658,0.0,0.0,0.0,0.024169848142294625,0.030666446869903493,0.08059901755185123,0.023026680312188526,0.028255117285157845,0.01893703321456939,0.023811626339461302,0.035353536328876,0.018247737192867878,0.0,0.02292221056486538,0.0,0.0,0.0,0.022432209482433994,0.0,0.021830469996520593,0.026147524802790412,0.035211766063946236,0.0,0.0,0.038398275605749335,0.0,0.0,0.0,0.0,0.0,0.0,0.0,0.029070464929627123,0.05408658003747392
2009-09-30,0.0,0.0,0.0,0.017399958447604183,0.022139413963307496,0.0,0.0202126526436996,0.021358053477810248,0.018738111243654144,0.0,0.0,0.0,0.018136568282417297,0.020366032410109054,0.0,0.0,0.0,0.0,0.031002125972212233,0.0,0.024384436674510446,0.0293618877762434,0.0,0.02087504606688538,0.02309931067468411,0.0,0.03257190339220855,0.020690684958099857,0.025173710944992583,0.0,0.017969102306141783,0.02300730773917645,0.0,0.025048965932632714,0.0,0.0,0.0,0.0,0.0,0.01998962447975913,0.02277488907806406,0.0,0.0,0.02235818644309559,0.02032408119215564,0.01864289306011825,0.0,0.0,0.024233564921509528,0.0,0.0,0.0,0.0,0.0,0.0,0.0,0.0,0.0,0.0,0.0,0.0,0.0,0.0,0.017606307747345052,0.0,0.0,0.0,0.020486788124873995,0.02741430546966476,0.05169183721796795,0.0,0.01969403886791249,0.02060112609965976,0.021939261346521785,0.06184817852760778,0.0,0.0,0.026939554653495377,0.0,0.017699050016841654,0.0,0.02608259906836411,0.0,0.0,0.017952850752637334,0.03413503094177641,0.0,0.0,0.022052517051123606,0.0,0.0,0.0,0.0,0.0,0.0,0.0,0.02326475703294981,0.05073328500016629
2009-10-31,0.0,0.0,0.0,0.0206986832156311,0.03562379636823635,0.0,0.019674692623114037,0.0,0.018157424452847848,0.0,0.0,0.0,0.021033939101383115,0.023862924181716882,0.017157417624154642,0.0,0.0,0.01862200187083622,0.02385199318237371,0.043798705101849786,0.033968473282836344,0.0370458144115226,0.026832903291885805,0.02651433958266942,0.01851266044832737,0.0,0.035216753148855605,0.024995935738711596,0.028492399046556288,0.0,0.0,0.026640470278732103,0.0,0.0,0.0,0.0,0.0,0.0,0.0,0.0,0.018989709401120207,0.0,0.02229208172546093,0.028285409696789866,0.0,0.0,0.0,0.0,0.0,0.0,0.0,0.018758331177749936,0.017534922702193836,0.0,0.0,0.01749999282985914,0.016660494668832373,0.0,0.01839028628002541,0.0,0.0,0.0,0.02221067535858671,0.0,0.02122063589353935,0.032536558364766155,0.0,0.02659909615185463,0.04058846476029711,0.03154099601387891,0.0,0.02776898838666573,0.02346272268206155,0.01979779942096366,0.026875886367899324,0.0,0.0,0.0,0.0,0.0,0.0,0.026623190901744618,0.0,0.0,0.0,0.017421963293764452,0.0,0.0,0.0,0.0,0.0,0.0,0.0,0.0,0.0,0.0,0.0,0.02424046696970536
2009-11-30,0.012265291706954836,0.035476169168190075,0.018834145589665518,0.012835028111190335,0.02627863387308397,0.0,0.0,0.0,0.01537029497638963,0.0,0.0,0.0,0.0,0.0,0.0,0.0,-0.013125099512099883,0.0,0.0,0.027767393357648832,0.02270575013228488,0.032289265910581566,0.0,0.022141819276109413,0.014764431846346824,0.0,0.0369178421005866,0.0,0.017925058618998454,-0.042925072323874644,0.014899707595128566,0.023521187035010077,0.0,0.02042221962705479,-0.02044393847844551,0.0,0.0,0.022511319394014566,0.0,0.014032755271458421,0.03444602594133465,0.0,0.0,0.02619501238969561,0.0,0.0,0.0,0.0,0.013120147397746381,0.0,0.0,0.0,0.0,0.0,0.0,0.0,0.0,-0.016092380814329663,0.0,0.0,0.0,0.0,0.0,0.026397654240370914,0.0,0.04640944474511913,0.0,0.03871469950921376,0.0626387978837358,0.030028201069659168,0.0,0.028051205776013742,0.042435421106363454,0.03409444731928258,0.01573831915235876,0.02494250095737643,0.0,0.0,0.0,0.0,0.0,0.0,0.0,0.01697041243702588,0.027702391693590577,0.015054013511576684,0.0,0.0,0.020543183553543287,0.0,-0.012973316596546193,0.0,0.0,0.0,0.0,0.0,0.0,0.0
2009-12-31,0.0,0.022573321943133738,0.020087199548745934,0.014541196011942955,0.021641596958435236,0.0,0.0,0.0,0.020699730974834036,0.0,0.0,0.0,0.0,0.0,0.0,0.0,0.0,0.01850604881896055,0.0,0.0,0.02138857862817088,0.02304122762659135,0.01773353743165205,0.028129975799044696,0.01722311478908415,0.0,0.027147725841256593,0.020242386513120585,0.024593121508725887,-0.016722747743735986,0.018694635305073818,0.02856982146848152,0.0,0.02418513817841671,0.0,0.0,0.0,0.021004277528676247,0.0,0.0,0.027659062530595847,0.0,0.021157382977832526,0.025928155145220982,0.0,0.0,0.0,0.0,0.0,0.01833038489848237,0.0,0.0,0.024873030946713174,0.0,0.0,0.0,0.0,0.0,0.0,0.0,0.0,0.014571956294501925,0.033715639738852075,0.03170969868079116,0.020090115511405732,0.06281248197622766,0.0,0.04501355710641935,0.044990898993495766,0.024388263574543302,0.02485146198617792,0.028740867705867187,0.04211905396989997,0.0,0.0,0.03184550666779205,0.0,0.0,0.0,0.0,0.0,0.0,0.0,0.015220643783369455,0.023808030991546932,0.016196736309101217,0.0,0.0,0.0,0.0,0.0,0.0,0.0,0.015251687593080328,0.0,0.0,0.0,0.0
2010-01-31,0.0,0.019782619555195405,0.018209541495493572,0.02427633110032309,0.01886876417480453,0.0,0.018749186770616346,0.015944164036287567,0.019053333848752622,0.0,0.0,0.0,0.0,0.0,0.0,0.0,0.0,0.0,0.01618531945169661,0.0,0.021589141962375772,0.02528235821826187,0.02355854213836711,0.024319490481799037,0.023170316415163844,0.0,0.032128732064325774,0.028194364757675505,0.026846684984860425,0.0,0.0,0.02267861538476978,0.0,0.0,0.0,0.0,0.0,0.0,0.0,0.02613358099133257,0.031262150953721445,0.0,0.022618572301610324,0.028140204660091404,0.0,0.0,0.0,0.0,0.015404388294391037,0.0,0.0,0.0,0.0349275846011664,0.0,0.0,0.0,0.0,0.0,0.0,0.020218070386395216,0.0,0.0,0.028174902174600114,0.0,0.03173809643599532,0.05827441555195186,0.0,0.02824607875241103,0.022585581956568186,0.0,0.021426594024189855,0.02173423416546654,0.04107532390649601,0.021004813457883586,0.020375977560230636,0.03505994275179356,0.0,0.0,0.02193354861870585,0.024209266487969353,0.03097947960590972,0.01771463572373739,0.0,0.0,0.0,0.0,0.0,0.0,0.0,0.0,0.0,0.0,0.0,0.01792504979661383,0.0,0.0,0.0,0.0
2010-02-28,-0.016471365270331828,0.0,0.0,0.02762273483644464,0.015936360232124473,0.0,0.0,0.0,0.019288296136562733,0.0,0.0,0.0,0.014912501728490747,0.0,0.0,0.0,0.0,0.0,0.0,0.0,0.0,0.02185750052718841,0.0,0.0,0.032888109796296486,0.0,0.03359635672642784,0.015895231309246572,0.03053136261534923,0.0,0.039102398652878394,0.04135888932507312,0.0,0.03221485999071791,0.0,0.0,0.0,0.01672610536544046,0.0,0.022313188894270575,0.028800809077187395,0.03359880462212088,0.018327995023017296,0.014418447410256531,0.027217423023859266,0.01591914229382,0.0,0.022261242546378745,0.020778584297243653,0.0,0.0,0.0,0.02496419364711931,0.0,0.0,-0.013100336542833383,0.0,0.0,0.0,0.018202622544968326,0.0,0.0,0.021226369202381183,0.0,0.030519291854432574,0.08025747983528302,0.0,0.0,0.0,0.014493264995811248,0.02523913859242576,0.018014087418049357,0.03957323958765645,0.0,0.0,0.04161890933909622,0.0,0.0,0.0,0.022220559934971688,0.02417115378930583,0.0,0.0,0.0,0.0,0.012564602771113523,0.0,0.0,0.0,0.0,0.0,0.0,0.017630742199307586,0.0,-0.0147693859053329,-0.01939691213918444,0.0,0.0
2010-03-31,-0.013516799142027516,0.013723522226004918,0.018731193291721668,0.020624267138639667,0.0,0.0,0.0,0.014323515523878816,0.020810798432685605,0.0,0.0,0.0,0.0,0.0,-0.015130191398084416,0.0,0.0,0.0,0.013671311510103968,0.0,0.0,0.0,0.0,0.0,0.03514207901960225,0.0,0.04939107867233798,0.014215831290060165,0.031783499627891044,0.0,0.03697241496253047,0.04926983578130663,0.0,0.04992457360055918,0.0,0.0,0.0,0.0,0.0,0.0,0.015471072310670735,0.015054652449060225,0.0,0.0,0.0,0.0,0.0,0.0,0.0,0.0,0.0,0.0,0.016062234941010327,0.0,0.0,-0.015970620972784892,0.0,-0.016425890641000154,-0.016531859391786197,0.03339880990331639,0.0,0.0,0.0,-0.018475260555265577,0.016877533612394528,0.04418591611293109,0.0,0.0,0.0,0.014481258392385713,0.02475503217459022,0.01636236012088907,0.02666350287068459,0.0,0.0,0.061783952859887414,-0.01788790973466353,0.0,0.0,0.026875822159716137,0.01831246891823506,0.0,0.0,-0.013944006894705995,-0.015686542994050118,0.0,0.0,0.0,0.016357301328670464,0.0,0.02294784045303467,0.0,0.060390680347463,0.0,-0.028592712353928962,-0.029273845889440767,0.0,0.0
2010-04-30,-0.012806800747714899,0.0,0.0,0.016103859447001632,0.019928895580688718,0.0,0.0,0.0,0.0,0.0,0.0,0.0,0.0,0.011841398607523274,0.0,0.0,0.0,0.0,0.018200321574546974,0.01431090772658679,0.0,0.0,0.0,0.0,0.029401581920824985,0.0,0.04266593702703524,0.030613642060529748,0.038022302415610706,0.02064460298117615,0.03145327044633913,0.04629293019608983,0.0,0.03484855171265544,0.0,0.0,0.0,0.0,0.0,0.0,0.0,0.0,0.0,0.025416175924576373,0.0,0.0,0.0,0.0,0.0,0.013727845447690923,0.0,0.0,0.01527729018619375,0.0,0.0,0.0,0.0,0.0,0.0,0.0416755329660347,0.0,0.0,0.011616051221955071,-0.012429533755384848,0.0,0.04340824562648848,0.0,0.01189902489854273,0.0,0.01687393590408196,0.031815478893683184,0.029971383024642466,0.023636044552612836,0.011986937391232315,0.017573024366286404,0.05943521272327711,0.019264371633888874,0.020009383022701596,0.028008596280142947,0.048790980091446334,0.039559605795343976,0.020741170729907457,0.0,0.0,0.0,0.010320840645102127,0.0,0.0,0.0,0.01936476980299085,0.023050984879126976,0.0,0.013763720992149798,0.023248856800192355,0.0,0.0,0.0,0.0
2010-05-31,-0.02244026639584374,0.01379364174291941,0.022020035101350147,0.03300263451083065,0.017714210732334146,0.0,0.0,0.0,0.0,0.0,0.0,0.0,0.01773557607523421,0.012860324325606349,0.0,0.0,0.014760487868383163,-0.014001947221451701,0.02285571210999657,0.018498922327523138,0.0,-0.010986705090818337,-0.01733047985258763,0.0,0.033099640247002134,0.0,0.04639192372440612,0.014705384600902394,0.021523748787589857,0.06511440452631254,0.03614679223043973,0.04377983811903343,0.0,0.03724811160594521,0.029307524748254328,0.0,0.0,0.0,0.0,0.01976872418794737,0.0,0.022829295949073333,0.0,0.027597250136141116,0.0,0.0,0.0,0.03424465038949961,0.0,0.0,0.0,0.0,0.013000467479251378,0.0,0.0,0.0,0.0,0.0,0.0,0.020778303522899708,0.0,0.0,0.0,-0.013017163955513212,0.0,0.0,0.0,0.0,0.0,0.0,0.0,0.0,0.0,0.0,0.015097417574506982,0.024360427134549587,0.0,0.0,0.02140722862473217,0.06977971044765549,0.039530358847782394,0.0,0.0,0.0,0.0,0.0,0.0,0.0,0.011778348750326873,0.015401347713713126,0.0,0.0,0.0,0.03509740243010809,0.01806381839912982,0.01826053067410683,-0.01466924183829799,0.0
2010-06-30,-0.027032995614420394,0.0,0.0,0.0,0.0,0.0,-0.022359446549850656,-0.03002350371010795,-0.020162917160110278,0.0,0.0,0.0,0.0,0.0,-0.018200442842533183,0.0,0.0,-0.034170969687073956,-0.019218814908785343,0.026208887589736003,-0.0192946774725151,-0.045511531037599015,-0.05477136489707418,-0.031222183223931017,0.0,0.0,0.0,0.0,0.0,0.0,0.0,0.024459025244575168,0.0,0.03222053963818948,0.014927093595712173,0.0,0.0,0.0,0.0,-0.021064757695161192,-0.025930980044062756,0.0,-0.01727306261209169,0.0,0.0,-0.014687898746322496,0.0,0.0,-0.01837891694760543,0.016095879635409358,0.0,0.0,0.022911916774167873,0.01261662007521223,0.0,0.0,0.0,0.0,0.0,0.0199548840115892,0.0,0.0,0.0,0.0,0.0,0.0,0.0,-0.014590243787282268,0.0,0.0,-0.01538347700931212,-0.02094878042918437,0.0,-0.027794159353050546,-0.018169187572922744,0.015412294850791571,0.0,-0.019194559646213978,0.0,0.056711015743472405,0.019902175642225364,-0.034799271750458494,0.0,0.0,-0.025098717005035475,0.0,0.0,0.0,-0.01764902748291728,0.0,-0.02368552260598202,0.0,-0.03444431774271083,0.0,0.0,0.0,-0.040188488564128745,-0.027329451100475743
2010-07-31,-0.022141455840495945,0.0,0.0,0.0,0.0,0.0,-0.014522159840213345,-0.023275013474136966,-0.021818180401599118,0.0,0.0,0.0,0.0,0.0,0.0,0.0,0.0,-0.01706972436175155,0.0,0.03089843090914965,0.0,-0.04501299169501293,-0.03747379189762859,-0.017322109084094033,-0.0172740221027543,0.0,0.0,0.0,0.01653654787429864,0.0,0.015706571089597752,0.03574327813262054,0.0,0.02896271709123696,0.0,0.0,0.0,0.0,0.0,-0.01666075274179105,-0.021310348078052828,0.0,-0.020983700850638522,0.0,-0.01798189015179212,-0.02389806337398444,0.0,0.0,-0.02640597350840255,0.046419754232127415,0.0,0.017557252551285107,0.04210652818772204,0.04635952433568737,0.0,0.0,0.028567367654164365,0.018993150391115994,0.021450063289955027,0.036351458380519,0.0,0.020928108333880317,0.0,0.0,0.02414763217695223,0.0,0.0,0.0,0.0,0.0,0.0,0.0,0.0,-0.016890090625471598,0.0,0.0,0.0,0.0,0.0,0.021600507974426787,0.0,-0.02557775569814283,0.0,0.0,-0.0193053256753637,0.0,0.0,0.0,-0.019656034937834604,0.017198096564294996,-0.024561884149757,0.0,-0.03682310024777424,0.0,0.0,0.0,-0.027600907984165764,-0.016907734110107858
2010-08-31,-0.019146502818002398,0.013278483985950574,0.02866897812244656,0.0,0.0,0.0,-0.019060147634987822,-0.04436093721432947,-0.014673325611705649,0.0,0.0,0.0,0.0,0.0,0.021454656471734227,0.0,0.0,-0.01946468752560865,0.0,0.04912070738818101,0.0,-0.024138079811123647,0.0,0.0,-0.016774856002430033,0.0,0.014526060052884893,0.02146473894246505,0.02686645318175966,0.0,0.03166790172658601,0.059451129927474713,0.0,0.0668581000659087,0.0,0.0,0.0,0.0,0.0,0.0,0.0,0.0,0.0,0.017190540895715693,0.0,0.0,0.0,0.034863928482419065,-0.026310065738737863,0.01667322770163484,0.0,0.0,0.025885932006824597,0.04940202609633032,0.0,0.0,0.018979446346660125,0.015322271094575167,0.026380183209859395,0.02386412011466074,0.0,0.0,0.0,0.0,0.02153549565512973,0.0,0.0,0.0,0.0,0.0,0.0,0.0,0.0,-0.01619695239568884,0.0,0.0,0.0,-0.013169160844140975,0.0,0.02198996477964947,0.0,-0.01932866155415334,0.0,0.035009052764184964,0.013878328835029295,0.0,0.0,0.0,-0.015404111532936266,0.015223412252342939,-0.01943083961841717,0.0,-0.025580125574765737,0.0,0.0,0.015137539096387815,0.0,-0.02226886692617667
2010-09-30,-0.022770150032132414,0.0,0.0,0.0,-0.028638571285727117,0.0,0.0,-0.036769633865540226,-0.017973730720949873,0.0,0.0,0.0,-0.016966456547925255,-0.01792698693644327,0.0,0.0,0.0,-0.028441140144642756,0.0,0.05579374293302587,0.0,-0.028874754044920844,-0.02657051525446788,-0.027984831596490463,-0.0317941081840415,0.0,0.0,0.0,0.0,0.0,0.016409581654776788,0.029136181269553932,0.0,0.034682378522645774,-0.02862053761252481,0.0,0.0,0.0,0.0,-0.02019097821511222,0.0,-0.016161935752895287,0.0,0.0,0.0,0.0,0.0,0.039659125896819816,-0.024477467558693355,0.021275590542819012,0.0,0.0,0.03876250603743744,0.025682620610812952,0.0,0.0,0.015888920725235466,0.0,0.0,0.017068853776629346,0.0,0.0,0.0,0.0,0.04374996077765534,0.0,0.0,0.0,0.0,-0.020737457119854467,0.0,-0.02053415485899109,-0.01666382553969416,-0.024061523918301214,0.0,0.0,-0.02413356012977444,-0.020903144205418413,-0.024619696351387343,0.0,-0.018117333173768027,-0.02847686161063769,0.0,0.0,0.0,-0.016448663590039405,0.0,0.0,-0.021302732513418132,0.0,0.0,0.0,0.0,0.0,-0.01948137137406386,-0.01597178398440357,0.0,-0.01627663113032911
2010-10-31,-0.01634100926988337,0.0,0.0,-0.022605671514821398,-0.02459389973980637,0.0,0.0,-0.024607608653359425,0.0,0.0,0.0,0.0,0.0,-0.016207132270531284,0.0,0.0,-0.020806292805287088,-0.018518181034687622,-0.01721327324156046,0.07165930428866862,0.0,-0.015298118661511583,0.0,-0.01425580153386312,-0.030039693351557956,0.0,0.0,0.015676127181120738,0.023567188120425395,-0.024246890272616558,0.03161255217381765,0.03876733735357515,0.0,0.04774477078980662,-0.02162744113641513,0.0,0.0,0.0,0.0,-0.016231794146866277,0.0,0.0,0.0,0.0,0.0,0.0,0.0,0.04416968495384669,-0.021778284387089335,0.0,0.0,0.0,0.03438070403117156,0.02328565595587247,0.0,0.0,0.01505323542863583,0.025814443882685955,0.020229440955872174,0.0,0.0,0.0,0.0,0.0,0.0617313254237949,0.03299183032056578,0.0,0.0,0.01969438311445744,0.0,0.01757701853183533,0.0,0.0,0.0,0.0,0.0,-0.019723795108896124,0.0,-0.016067865736132017,-0.014507645090723173,0.0,0.0,0.0,0.016922444401505306,0.014171940803895023,0.0,0.0,0.0,0.0,0.0,0.0,0.0,0.0,-0.013983975827417512,-0.03408876006127601,-0.027304800328573377,0.014902678115572257,0.0
2010-11-30,0.0,0.0,0.013707108774711098,0.0,0.0,0.0,0.0,-0.014503327373400923,0.0,0.0,0.0,0.0,0.0,0.0,0.0,0.0,0.0,0.0,0.0,0.07028670491573215,0.021266667753276812,0.0,0.01394760180446521,0.0,0.0,0.0,0.0,0.016017692817761057,0.03226868673282134,0.0,0.04315069387996668,0.04739346320392646,0.0,0.03512694691953634,0.0,0.0,0.0,0.02617911146630096,0.0,0.01630268346954981,0.019043830436217216,0.0,0.02350714377739544,0.01628560877587378,0.013844090496884037,0.02263787144336243,0.0,0.045220824408951504,0.0,0.0,0.0,0.020350842133559238,0.028105328966486987,0.029059441159504255,0.0,0.0,0.0,0.019188469743478462,0.0,0.0,0.0,0.01784417569823485,0.0,0.017566266283178374,0.04256505933745047,0.037545624652013325,0.0,0.01869333586180201,0.02545341632257842,0.015897335802485677,0.025019606110210195,0.018498041226444436,0.0,0.0,0.0,0.0,0.0,0.0,0.0,0.0,0.0,0.0,0.0,0.02057936165223116,0.021125188567881845,0.0,0.0,0.0,0.016291823861458176,0.021085138747680383,0.026108478121335082,0.0,0.03597600416455965,0.0,-0.01578016057346092,0.0,0.016597797775523785,0.019979044788309055
2010-12-31,0.020306551581537696,0.01634359888751075,0.0,0.0,0.0,0.0,0.0,0.0,0.01916957372482967,0.0,0.0,0.0,0.0,0.0,0.0,0.0,0.0,0.0,0.0,0.023065465683455473,0.0,0.0,0.0,0.0,0.01650909791136172,0.0,0.0,0.0,0.02364416181444972,0.019091691266195036,0.023110565770650616,0.02412100144048576,0.0,0.0,0.0,0.0,0.0,0.02981355638317711,0.0,0.0192938908910061,0.024421988382117645,0.0,0.035215459999883354,0.028392524188242597,0.01833545925947348,0.023249118353093866,0.0,0.03705631983465487,0.0,0.0,0.0,0.016682452554653542,0.03388698135986288,0.0,0.0,0.0,0.0,0.0,0.018403673740257958,0.0,0.0,0.024139007715067665,0.026352364460771143,0.019037757202045442,0.04738542467365416,0.04596239294719013,0.0,0.028616329518828292,0.02527680408300609,0.026266480228791123,0.02214763392097609,0.017707821594683686,0.015599479267249493,0.0,0.0,0.0,0.0,0.0,0.0,0.0,0.0,0.0,0.0,0.01772219539796295,0.022380750820099632,0.017261202177506797,0.0,0.0,0.02451673636218947,0.02745223977088112,0.025202725166304375,0.0,0.030844604217122974,0.0,0.0,0.0,0.030039131484220886,0.035975785964548646
2011-01-31,0.022872496166920674,0.0,0.0,0.0,0.02041512723818024,0.0,0.02054928451886493,0.0,0.016329633669423485,0.0,0.0,0.0,0.0,0.01823542077664504,0.0,0.0,0.0,0.0,0.0,0.016596901872609038,0.0,0.0,0.0,0.0,0.018183052797197074,0.0,0.0,0.0,0.021061648816399683,0.018297967072559287,0.0,0.0,0.0,0.0,0.020487968568712957,0.0,0.0,0.04025257080010916,0.0,0.01910588303812066,0.01651448155909356,0.0,0.029366022577705254,0.019121298162734876,0.0,0.0,0.0,0.01936135716132787,0.0,0.0,0.0,0.021241512608886137,0.046211343610348336,0.0,0.018484295907335073,0.0,0.018456640349543103,0.02099789825843989,0.02876206555619574,0.0,0.0,0.040945523323436955,0.0400805974055668,0.031062081487691923,0.06541785817696145,0.05580543837871279,0.0,0.025956064511056386,0.023485739647395476,0.026903231201938466,0.017445099497277166,0.0,0.0,0.015364513465405719,0.0,0.0,0.0,0.015644589003864444,0.0,0.0,0.0,0.0,0.0,0.0,0.017412865140787943,0.0,0.0,0.0,0.022833621595180875,0.021886981381999997,0.020376996709542697,0.0,0.022383477892796776,0.0,0.0,0.0,0.025008370855058342,0.02108207923797384
2011-02-28,0.030380928462388473,0.01896202856620005,0.02039973091908453,0.0,0.023080549391027907,0.0,0.03306240957072065,0.02442158618282922,0.019907709200466674,0.0,0.0,0.0,0.0,0.024991817024641802,0.019457086470845496,0.018743108918994885,0.0,0.0,0.0,0.0,0.019187273062123276,0.0,0.0,0.0,0.027222498943009602,0.0,0.027000377536064813,0.0,0.0225517970098276,0.03452471693842212,0.0,0.01984289789173496,0.0,0.01746831955088514,0.030482972777179783,0.0,0.0,0.05039291606881186,0.0,0.028331295547876573,0.023668042147948792,0.02733227700732484,0.036564933999661854,0.023458258696712753,0.030268569098245053,0.022571274925737395,0.0,0.0,0.02434208478007772,0.0,0.0,0.0,0.0,0.0,0.0,0.0,0.0,0.0,0.0,0.0,0.0,0.0,0.0,0.0,0.03627730016809969,0.017870237320127574,0.0,0.019047011937177196,0.02027574177958635,0.0264626161126689,0.0,0.0,0.0,0.02603182351931504,0.0,0.0,0.0,0.019103932116686696,0.01847909202830791,0.0,0.02206979812382819,0.0,0.0,0.0,0.0,0.022022468045984275,0.0,0.0,0.02595645554691155,0.0,0.0,0.0,0.0,0.0,0.0,0.0,0.030567698227072174,0.01721836438539056
2011-03-31,0.03414743180606594,0.020132814171202253,0.021905742406569822,0.0,0.022500016905457772,0.0,0.030803548265679947,0.026531734073361797,0.017932229490274877,0.0,0.0,0.0,0.0,0.0290753582911954,0.02552603038990728,0.02272139026591352,0.022963504387125473,0.0,0.016812017048039744,0.0,0.0,0.0,0.0,0.0,0.03324363328423807,0.0,0.03238255917583017,0.0,0.022683843396741208,0.05445141992872695,0.0,0.0,0.0,0.0,0.0331941911661193,0.0,0.0,0.058361112173760346,0.0,0.024168698558199524,0.018040019199135678,0.023949474454196845,0.031935150572609476,0.01805958509043723,0.03367707961815395,0.02380868660225001,0.0,0.0,0.025002343758266866,0.0,0.0,0.0,0.017754170763945625,0.0,0.0,0.0,0.0,0.0,0.0,0.0,0.0,0.0,0.019506465469849243,0.01961689928252041,0.029583744021150025,0.019924931297923523,0.0,0.0,0.0,0.0,0.0,0.0,0.0,0.017756782098223137,0.0,0.020065565282069327,0.017574808103165394,0.01913387992280444,0.016548538364438464,0.0,0.01736431972959569,0.0,0.0,0.0,0.0,0.018038428512899208,0.0,0.0,0.0,0.0,0.0,0.0,0.0,0.021541388422219792,0.0,0.0,0.021580464249736395,0.0
2011-04-30,0.024937498808136945,0.0230770697971792,0.02192981464740922,0.0,0.02701077375785031,0.0,0.03609576420918162,0.04398211125897576,0.020635765884112214,0.0,0.0,0.0,0.01813038700210516,0.02481318914894627,0.0249792433342203,0.029234101650860708,0.020828089829714857,0.0,0.0,0.0,0.0,0.0,0.0,0.015292599091529316,0.027875084540288333,0.0,0.026630998084960514,0.0,0.020932573396820812,0.03337382609656735,0.017206918997824852,0.0,0.0,0.0,0.039896155859363694,0.0,0.0,0.05451533037981737,0.0,0.016688875528337685,0.026036513347825134,0.022356466191604155,0.021409538861494763,0.01662499168140046,0.03866620819024728,0.023638064293096638,0.0,0.023103703661114704,0.022661593500561912,0.0,0.0,0.0,0.016129624975892418,0.0,0.0,0.0,0.0,0.015284330187750593,0.0,0.0,0.0,0.0,0.0,0.02488600535344952,0.044870433888315964,0.015205128740130351,0.0,0.0,0.0,0.0,0.0,0.0,0.0,0.016785172957454787,0.0,0.02417722020304552,0.016728173888520055,0.02028819275037782,0.021153310431979554,0.0,0.0,0.0,0.0,0.0,0.0,0.0,0.0,0.0,0.0,0.0,0.0,0.0,0.0,0.021929155591535913,0.0,0.0,0.0,0.0
2011-05-31,0.02704646656887261,0.0294664011376166,0.024152266990978475,0.02068008674647987,0.02623553972644808,0.0,0.02820264701375386,0.03675752398492429,0.01891685522235779,0.0,0.0,0.0,0.019549114330538537,0.0,0.02597063224975839,0.027411165599119706,0.034156785579898485,0.0,0.0,0.0,0.02074125497308734,0.0,0.02220057823138438,0.02988570837283338,0.03145558055441805,0.0,0.033709401887342325,0.027231185844458508,0.031415907779061496,0.0,0.01891108574367894,0.0,0.0,0.0,0.029335208604643385,0.0,0.0,0.04292460752247218,0.0,0.0,0.017378073922791136,0.020911338893867235,0.0,0.0,0.031661440375598614,0.029963613822388477,0.0,0.0,0.0219690452930157,0.0,0.0,0.0,0.0,0.0,0.0,0.0,0.0,0.02219001786624264,0.0,0.0,0.0,0.0,0.0,0.0,0.02091269755994527,0.0,0.0,0.0,0.0,0.0,0.0,0.0,0.0,0.0,0.017590263751132325,0.021298687185680447,0.022197782890123526,0.0,0.017085448924686365,0.026075907431201948,0.021322067729262217,0.0,0.0,0.018024619262042175,0.0,0.019371619002038154,0.0,0.027678407875112887,0.020347547219899807,0.0,0.0,0.0,0.0,0.017665416330844366,0.0,0.0,0.0,0.0
2011-06-30,0.02545179401227121,0.02067359786172364,0.0,0.02119071568029575,0.01264828711784932,0.0,0.0,0.04801613751811749,0.0,0.0,0.0,0.0,0.022690292288888893,0.0,0.0,0.01421062461053555,0.02458919762583633,0.0,0.0,0.0,0.0,0.0,0.0,0.015248613709111196,0.03276515408713627,0.0,0.04478872420960636,0.03413789229340092,0.1124980336549139,0.035966159271017525,0.01672555480115761,0.0,0.0,0.0,0.018851421353329317,0.0,0.0,0.0559871658246858,0.0,0.0,0.021075295784599345,0.02211026857440448,0.0,0.0,0.02866186006599709,0.034880820734572396,0.0,0.021696003444903446,0.01540860586850378,0.0,0.0,-0.014774801465877462,0.0,0.013214639290637358,0.013566825437291867,-0.022029957441876066,0.0,0.0,0.0,-0.014002586563305344,0.0,-0.011520405413274275,-0.012567304369102247,0.0,0.017230661913367033,0.0,0.0,0.0,-0.018456253233158578,0.0,0.0,0.0,0.0,0.0,0.0,0.01408921108214705,0.0,0.0,0.0,0.027749249012477308,0.015797621064268196,0.0,0.0,0.020023903207472844,0.0,0.0,0.0,0.028905549480384894,0.02412991369836813,0.0,0.0,0.0,0.0,0.0,0.0,0.0,-0.018358788718387285,-0.013310108215746465
2011-07-31,0.0,0.017046757130777565,0.010804632902640788,0.0,0.013242246455767442,0.0,-0.016108462328089507,0.06980817044274648,0.0,0.0,0.0,0.0,0.0,0.0,0.0,0.014942804562449858,0.0,0.0,0.0,0.0,0.0,0.0,0.0,0.010526437407958247,0.020779416589779345,0.0,0.05240803359968155,0.04695800563592284,0.053152132242584346,0.009196235443483138,0.03736260095033437,0.0,0.0,0.0,0.0,0.0,0.0,0.05453853678171894,0.0,0.0,0.015443758484302987,0.0,0.0,0.0,0.015782583415455353,0.03645574323257755,0.0,0.02642549593120669,0.0,0.0,0.0,0.0,0.0,0.03534348319606473,0.031126144212034888,0.0,0.0,0.019342863569306666,-0.009291974315717594,0.0,0.0,0.0,-0.008820800897822327,0.0,0.021619813931623367,0.022961677915094496,0.0,0.0,-0.02105407163057598,-0.013078046704453882,0.0,0.0,-0.010186112242259831,0.0,0.0,0.011486748623034608,-0.012745130165069526,-0.014833455335116466,0.0,0.05490026378619005,0.0,0.0,0.0,0.03938901278328606,0.021546804205430516,0.0,0.0,0.0,0.040263535715913866,0.026389156165520067,-0.01293850975157489,0.0,0.0,0.0,-0.009914956885924432,0.0,-0.02767088857731787,-0.014114495853190958
2011-08-31,0.0,0.0,0.0,0.0,0.0,0.0,-0.020888757112725927,0.08028846771605341,0.0,0.0,0.0,-0.015451282279829651,0.0,-0.02597097999695562,-0.023110713436226935,0.0,-0.01925882070193946,-0.017345444531287838,-0.01442272296713142,0.0,0.0,0.0,0.0,0.0,0.0,0.0,0.028744003299789586,0.0,0.04209113034105087,0.0,0.0,0.0,0.0,0.0,0.0,0.0,0.0,0.04634214489244282,0.0,0.0,0.023065780273831715,0.0,0.0,0.0,0.0,0.025896277436544417,0.0,0.014253612222759494,0.0,0.0,0.0,-0.02395938728443436,0.0,0.023709728522472457,0.03759061118115402,0.0,-0.018114922756916077,0.014842714782797431,-0.01555419998978173,0.0,0.0,-0.018600978821510475,-0.014938995662279868,0.0,0.021204541035328782,0.0,0.0,0.0,-0.01763873453436704,0.0,0.0,0.0,0.0,-0.01434519204265319,-0.017161576075379947,0.0,-0.02568212393173945,-0.02335192172060645,-0.02084213792614196,0.05285722461681363,0.0,-0.017135334347610984,0.0,0.016156787014508418,0.0,0.0,0.0,0.0,0.050109986945882534,0.02875585030683012,-0.015927033768235826,0.0,0.0,-0.02063151806612025,-0.028878926624744283,-0.020248949044424747,-0.030067522910325346,-0.01456296287837137
2011-09-30,-0.017910073920454617,0.0,-0.01896756589990245,-0.02627689503566768,-0.019289397647991605,0.0,-0.028661815299196747,0.06024670031928639,-0.025384043783392565,0.0,0.0,0.0,-0.0297907604220334,-0.027124480627818574,-0.027210669623811086,0.0,-0.021332060341016538,-0.027596084877077057,0.0,0.0,0.0,0.0,-0.02044028644179912,0.0,0.0,0.0,0.01610301194612666,0.0,0.03150096464542472,0.0,-0.0179266773785449,0.0,0.0,0.0,-0.0238585897741942,0.0,0.0,0.024365791299750337,0.0,-0.01688966332677298,0.0,0.0,0.0,0.0,-0.015713118407437398,0.0,0.0,0.0,-0.025786055453578927,0.022059104467102304,0.0,0.0,0.0,0.015526793647379068,0.045166053383759536,0.0,0.0,0.0,0.0,0.0,0.0,0.0,0.0,0.0,0.0,0.0,0.0,0.0,0.0,0.0,0.0,0.0,-0.01600039874793208,-0.025383470118448395,-0.02204109656065002,-0.019424247752465318,-0.025988327595404734,-0.03347020709926457,-0.030890448949220616,0.02193163727667328,-0.022896054123219114,-0.02770920159701141,0.0,0.0,0.0,-0.022492767790981746,0.0,0.0,0.0,0.0,0.0,0.0,0.030455190823178976,-0.024571109779159165,-0.027312413147770363,-0.028222188561141788,-0.016084582107959607,0.0
2011-10-31,-0.020339272172800182,0.0,0.0,-0.025702143200434714,-0.027356900188246307,0.0,-0.027737060725484566,0.0,-0.028007001917297287,0.0,0.0,0.0,-0.029841382961597992,-0.02528916470222074,-0.02787910753497883,0.0,-0.02398411097081966,-0.025812791944675804,0.0,0.0,0.0,-0.019910988629558,-0.026161538694275458,0.0,0.0,0.0,0.0,0.0,0.0,0.0,-0.022601742482470114,0.0,0.0,0.0,-0.02277126242614648,0.0,0.0,0.0,0.0,-0.021279874203322387,-0.01986275764470296,-0.02096088364136032,0.0,0.0,-0.019815779513089042,-0.021194922977906292,0.0,0.0,-0.02494111724690129,0.0,0.0,0.0,0.0,0.0,0.0,0.0,0.0,0.0,0.0,0.0,0.0,0.0,0.0,0.0,0.0,0.0,0.0,-0.021755381945519837,0.0,-0.02193795248778113,-0.02512988771849605,-0.025804024759951426,-0.028331420520765305,-0.026746723453117828,-0.028738314391309732,-0.022348866747718882,-0.027526901239308055,-0.029422150346028342,-0.029744362680379374,0.0,-0.027087788495996183,-0.028333059768952274,0.0,0.0,-0.025646256132346387,-0.028044686875899,0.0,-0.022923508868196694,0.0,-0.02115503422880603,0.0,0.0,0.0,-0.02073952869959769,-0.02737265685404953,-0.02976169000749169,0.0,0.0
2011-11-30,0.0,0.0,0.0,-0.018390849593788137,0.0,0.0,-0.027124869320565553,0.03888813559688816,-0.021453025631675598,0.0,0.0,0.0,-0.04434557063876966,-0.0207294328195055,-0.023057226888218835,0.0,-0.022371990852842565,-0.023098960018317093,-0.03196957232243731,0.0,0.0,0.0,0.0,0.0,0.0,0.0,0.017345053591106677,0.0,0.0,0.0,0.0,0.028379235238433734,0.0,0.022894881773785555,0.0,0.0,0.0,0.0,0.0,0.0,-0.022518716128749942,-0.01918539182771914,0.0,0.0,0.0,-0.03173516381471917,0.0,-0.01833424913485344,-0.020756879876907868,0.040654894652450056,0.0,-0.034183818476715984,0.0,0.0,0.018606326869957775,0.0,0.0,0.0,0.0,0.01946937397291099,0.0,-0.018015696609530767,-0.018188775959505483,0.0,0.0,0.0,0.0,0.0,0.0,0.0,-0.023732158321721118,-0.022398565345542507,-0.02728807298310393,-0.04125735266346657,-0.026609400882724357,-0.019010626170123217,0.0,-0.025878622450222055,0.0,0.0,-0.02901190966512599,-0.02917684096128517,0.0,0.0,0.0,-0.022683911241985596,0.0,-0.019938421457877897,0.0,0.0,-0.01771543102216111,0.0,0.0,-0.018594808652505006,-0.027774021543368943,-0.024951022446988002,-0.022280742581443577,0.0
2011-12-31,0.0,0.0,0.0,0.0,0.0,0.0,-0.018684094575518898,0.03807210634604715,-0.018857322428835074,0.0,0.0,0.0,-0.0379901883293297,0.0,-0.019986348745182722,0.0,0.0,-0.018442852557532006,-0.018883074320395054,0.0,0.0,0.0,0.0,0.0,0.0,0.0,0.02697099006241527,0.0,0.03522701771256584,0.0,-0.03041382629449817,0.019928953411374246,0.0,0.0,0.0,0.0,0.0,-0.023273307295966317,0.0,0.0,-0.023342976473714815,-0.01978851007632706,0.0,0.021685744724063725,0.0,-0.027197246649380964,0.0,0.0,0.0,0.055007532406319046,0.0,-0.026648742318597256,0.0,0.0,0.04011595911658677,-0.019989323470830267,0.01990711020626655,0.0,0.021736963953440987,0.0,0.0,0.0,0.0,0.0,0.0,0.022841184505377338,0.0,-0.017258144147252002,0.0,-0.01845873818482075,-0.024879022269825392,-0.02280525677691526,-0.032164149465769606,-0.03733187912856785,-0.02895019994221626,-0.018185541511243276,0.0,-0.016631164947578415,0.0,0.0,-0.01733221841848319,-0.030970073358318643,0.0,0.0,-0.021805775203396587,-0.021067506015635274,0.0,0.0,0.0,0.0,-0.020010199229023737,0.0,0.0,-0.022682500609870503,-0.01788192269906961,0.0,-0.026594332111448352,0.0
2012-01-31,0.014829121812971727,0.0,0.0,0.0,0.0,0.0,-0.022163013072692663,0.0,-0.024130533706244715,0.0,0.0,0.0,-0.03613548760243501,0.0,-0.02022678561835767,-0.01813056434028186,0.0,-0.025107613618273225,-0.02107489884162784,0.015660915334290208,0.0,0.0,0.0,0.0,0.0,0.0,0.0352460171726542,0.0,0.04568820619966485,0.0,0.0,0.02870924979758854,0.0,0.038078869558047734,0.0,0.0,0.0,-0.024860413746580236,0.0,-0.021887679573057865,-0.028157614669751318,-0.0266400502444377,0.0,0.01687556493780289,0.0,-0.02836637591789293,0.0,-0.014559601918516674,-0.016875768933114692,0.013307285570030828,0.0,-0.02742314299444232,0.0,0.0,0.0,-0.04303440799743882,0.0,0.0,0.0,0.0,0.0,-0.02572877690011957,-0.02563085436429428,0.0,0.0,0.0,0.0,-0.02072912117601385,0.0,-0.01877282608954815,-0.02744269370623503,-0.024846688111376636,-0.039935541239803383,-0.04205817803580217,-0.024135682962872294,-0.019213624091590747,0.0,0.0,0.0,0.0,0.0,-0.02788303360671177,0.0,0.0,0.0,-0.013950608349487931,0.0,0.0,-0.013469846605716122,0.0,-0.024926189355195683,0.0,0.0,0.0,0.014515770657337532,0.0,-0.029591381569698295,0.0
2012-02-29,0.03221469598649204,0.0,0.0,0.012953124586547304,0.014587938558733743,0.0,0.0,-0.01246722512414977,0.0,0.0,0.0,0.023126400412555464,-0.0261534257491305,0.0,0.0,0.0,0.020634623451868367,0.0,0.0,0.033229554852199285,0.012657487434451997,0.02109277234474859,0.016202616927253208,0.0,0.03443666709051781,0.0,0.032892467080716754,0.0,0.04296911230496575,0.016190999186327708,0.017446763136637847,0.040463709085360344,0.0,0.059212429414525126,0.0,0.0,0.0,0.0,0.0,0.0,-0.013589998469410672,-0.015992943750208037,0.0,0.017961823392584158,0.0,-0.01728712951992399,0.0,-0.026500027861148478,0.0,0.0,0.0,-0.03730304328865931,0.0,0.0,0.0,-0.05443833517622844,0.0,0.0,0.0,0.0,0.0,-0.031353613849473515,-0.026935038630873955,0.0,0.0,0.0,0.0,0.0,0.0,0.0,0.0,0.0,0.0,-0.019138493144072465,0.0,0.0,0.031178506007643787,0.021968216433496873,0.02495250034743681,0.0,0.0,0.0,0.0,0.021145914536536085,0.016384109365007015,0.01671585666218581,0.0,0.026580890461049004,0.0,0.031865657100208465,-0.018432134901118932,0.0,0.0,0.014429589911778052,0.023263243346120063,0.023650921117654423,0.0,0.0
2012-03-31,0.026384750194552047,0.020466680084541087,0.01974889478011145,0.027258733450943835,0.021979278583276415,0.0,0.018229081437802597,0.0,0.0,0.0,0.0,0.019766501083281013,0.0,0.0,0.018131743722513985,0.022054630217090976,0.025505312663023305,0.0,0.0,0.03896959637545049,0.018469738546056262,0.02074454270514222,0.021143754542283292,0.022835002703682383,0.030419735548013294,0.03824110109670486,0.025349697423983093,0.0,0.035629723139677556,0.025562415798939742,0.019409721926872507,0.03699528688599605,0.0,0.043341678232481695,0.0,0.0,0.0,0.0,0.0,0.0,0.0,0.0,0.02239482828163388,0.021353136282885047,0.020256827719777847,0.0,0.0,0.0,0.02045348572203688,0.0,0.0,0.0,0.0,0.0,0.0,-0.020704501634659058,0.0,0.0,0.0,0.0,0.0,0.0,0.0,0.0,0.0,0.0,0.0,0.0,0.0,0.0,0.0,0.0,0.0,0.0,0.0,0.0,0.02470508560683167,0.020897926354407754,0.026882298370303485,0.0,0.0,0.0,0.0,0.022763137423485624,0.0184137718833597,0.02217712720791939,0.0,0.032891484905291674,0.0,0.031552308266433064,0.0,0.0,0.01724817134055174,0.023031279618779297,0.030292404282863845,0.02734462395635998,0.0,0.0
2012-04-30,0.029628354416694317,0.0,0.015964167125824418,0.020237325160245484,0.0,0.0,0.010426058008622553,-0.014838344844546296,0.0,0.0,0.0,0.0,0.0,0.0,0.0,0.0,0.015206322665955375,0.0,-0.01208629356754605,0.06849405830601789,0.0,0.0,0.0,0.0,0.029881701412231204,0.06352533802710858,0.015293057240855133,0.0,0.03883377555399104,0.0,0.011217336632223511,0.028666212942690346,0.0,0.038619277974373194,0.0,0.0,0.0,0.0,0.0,0.0,0.0,-0.020911729529270832,0.0,0.014408464342350812,0.0,-0.011728143755509141,0.0,0.0,0.0,-0.030714839245930124,0.0,-0.017755528450536316,0.0,0.0,0.0,-0.0453345534758902,-0.02148554612522409,-0.01799949046261177,-0.023154054332888672,0.0,0.0,-0.023847045748832604,-0.023666155452383004,0.0,0.0,-0.017601345590472398,0.0,0.0,0.0,0.0,0.0,0.0,0.0,0.0,-0.014201336614284044,0.0,0.01851153885516232,0.013860031652421237,0.023999481539240534,0.0,0.0,0.0,0.0,0.03250433335720637,0.014398329840590599,0.021166818620867684,0.0,0.03175036504760091,0.0,0.047700629829813296,0.0,0.0,0.0,0.027343792182259595,0.03290786755476492,0.026910651351512233,0.0,0.013220303163451
2012-05-31,0.018172073289510714,0.0,0.0,0.0,0.0,0.0,0.0,-0.013911334138190875,0.0,0.0,0.0,0.0,0.0,0.0,0.0,0.013074336082596977,0.012152114072055067,-0.008315089975754222,-0.033921019502910606,0.08433180734756947,0.0,0.0,0.0,0.0,0.03045812750459205,0.036194038650984625,0.0,0.014564929515456536,0.04845466460594435,0.018409572852283947,0.024031718855900042,0.030128075992558533,0.0,0.044032563546536806,0.0,0.0,0.0,0.02259815507339074,0.0,0.0,0.0,-0.013335778634740886,0.0,-0.01051265902205489,0.0,-0.01720108893485446,0.0,-0.014308089202388234,0.0,-0.038400461846159126,0.0,0.0,0.0,0.0,-0.018275319165055624,-0.046969935056307754,-0.032139928269775804,-0.031013109302335185,-0.02529053865419772,0.0,0.0,-0.024851403575954435,-0.026322475405794868,-0.01676203539548215,0.0,-0.02069350899548054,0.0,0.0,0.0,0.0,0.0,0.0,0.0,0.0,0.0,0.0,0.0,0.0,0.010879380067482593,0.0,-0.010682911424582543,0.0,0.0,0.03216153858529951,0.0,0.018229648039727014,0.0,0.015226735168763876,0.0,0.0403383386330642,0.0,0.0,0.021775297672530763,0.023092686098819877,0.026305204391469758,0.0,0.01248230745144271,0.0
2012-06-30,-0.018007881693485255,0.0,0.0,0.0,-0.016568532221779748,0.0,0.0,0.0,0.0,0.0,0.0,0.0,0.0,-0.028102637945901596,0.0,0.0,-0.015768680360604075,-0.019350895819999086,-0.0552213551988466,0.07264225785093466,-0.0246741351717815,-0.017931258042340244,-0.023794956366418193,0.0,0.0192269491896125,0.017086989013235614,0.0,-0.01506258715548152,0.021723937144411138,0.01972845616857575,0.0,0.02017508125096719,0.0,0.022114217849457298,0.0,0.0,0.0,0.027937209660289074,0.0,0.0,0.0,0.0,0.0,-0.031024553239944377,-0.02036103568160169,-0.026622258400080204,0.0,0.0,0.0,-0.0387251543228968,0.0,0.0,0.0,0.0,0.0,-0.05533192145793219,-0.023687597657718322,-0.021840927605531524,-0.018571219824551233,0.0,0.0,-0.03307912200659009,-0.022338538865083624,-0.02618040320583487,0.0,-0.022953435324487195,0.0,0.0,0.0,0.0,0.0,-0.015131016233123202,-0.015508494790338221,0.0,-0.015245473191185134,-0.016965210985992733,0.0,-0.01808999203674582,0.0,0.0,-0.032171787806093956,-0.018246345447248548,0.0,0.0,0.0,0.0,0.0,0.017871281319647086,0.0,0.03255037243378434,0.0,0.0,0.0,0.0,0.0,0.0,0.0,-0.022385840059467827
2012-07-31,0.0,0.0,0.017423076485814242,0.0,0.0,0.0,0.0,0.019030719571334145,0.0,0.0,0.0,-0.02445455374926262,0.0,-0.03404070530677618,0.0,-0.01753943230365696,-0.018185945260984184,-0.03343854828268119,-0.05052012686683275,0.0233135668850128,0.0,0.0,-0.01748771722105984,0.0,0.0,0.0,0.0,0.0,0.023485765235426635,0.0,0.0,0.0,0.0,0.0,0.0,0.0,0.0,0.019935074287855094,0.0,0.0,-0.02017345429325519,0.0,0.0,-0.02794046675441766,-0.024260289049910712,-0.022211438731235097,0.0,0.0,0.0,-0.03287867365601474,0.0,0.0,-0.01993557439680416,0.0,0.0,-0.04462719437679274,-0.036979842976287786,-0.028342257594129984,-0.03196958410909899,-0.02314041928367774,0.0,-0.031859121072691926,0.0,-0.02870783229989264,-0.02213757503902514,-0.033431382113337835,0.0,-0.017336167729252276,0.0,-0.017446241930351308,0.0,-0.01871186711408739,-0.02070353552435969,0.0,-0.02145201929682749,-0.020833275557656922,-0.017360366417050743,-0.020356618090699215,0.0,0.0,-0.025806037816029703,-0.017315589205921217,0.0,0.0,0.0,0.0,0.0,0.0,-0.021629523051074198,0.02437714280496544,0.0,0.0,0.0,0.0,0.0,0.0,0.0,-0.029221278258455427
2012-08-31,0.0,0.0,0.0,0.0,0.0,0.0,-0.02206059757275787,0.017551511719896006,-0.01891805309286849,0.0,0.0,-0.015878981882193638,0.0,-0.02830358915147407,0.0,-0.03132281789882276,0.0,-0.02971691139495406,-0.04498535971579098,0.0,0.0,-0.017375464325499825,-0.02240847666142887,-0.018574905241130358,0.0,0.0,0.01680708446536133,0.0,0.020155492175024752,0.0,0.0,0.0,0.0,0.01573382581973273,0.0,0.0,0.0,0.0,0.0,0.0,0.0,0.0,0.0,0.0,-0.020065007961896784,-0.01980195121137474,0.0,0.022832700230505706,-0.020410620418193075,-0.03915877730241596,0.0,0.01775003053704774,-0.023795926268879594,0.0,0.0,-0.04147705036844096,-0.029625485545880584,-0.0295539976727174,-0.023866710416186335,0.0,0.0,-0.04933493541543733,0.0,-0.03544965574805121,-0.01662252099827663,-0.03290539932277986,0.0,0.0,0.0,-0.019712175348307596,0.0,0.0,-0.02832436205284871,-0.017763309025577236,-0.030684717167199987,-0.023498443407561072,0.0,0.0,0.0,0.0,-0.028017838214997585,-0.01733960343171202,0.0,0.0,-0.01959128885687828,0.0,0.0,0.0,0.0,0.017156772977816596,0.0,0.0,0.0,0.017050697089424215,0.0,0.0,0.0,-0.03841695189265704
2012-09-30,0.0,0.01564080134391243,0.0,0.0,0.0,0.0,-0.02667048388791672,0.031739511431873646,-0.01679580376971097,0.0,0.0,0.0,0.021105722605364304,0.0,0.0,0.0,0.0,-0.020459979921584333,-0.04900393921473314,0.0,0.0,0.0,0.0,0.0,0.0,0.0,0.02504256611779365,0.01565907351417659,0.0,0.0,0.020354690432945053,0.023175678854594747,0.0,0.031447044811640894,0.020527580725677303,0.01899147460819159,0.0,0.027311364924760648,0.0,0.0,0.0,0.0,0.0,0.0,0.0,0.0,0.0,0.01689311353472983,0.0,0.0,0.0,0.04968005228381212,0.0,0.03152615313713042,0.040829670006228495,-0.01747965536922357,-0.02448918210233789,-0.0317106857922637,-0.02321358157911373,0.0,0.0,-0.024730884290543046,0.01865761093042631,0.0,0.016180989598351618,0.0,0.0,0.0,0.0,-0.0169528827816141,-0.01902254624070957,0.0,-0.03517814120305805,-0.017961768221474477,-0.027878872729925265,-0.03645395099585404,-0.0184231105179295,0.0,0.0,0.0,-0.02972358326639809,-0.02021792865333342,0.0,-0.022543740258598368,-0.0238404493782546,-0.018432405669915924,0.0,0.0,0.0,0.0,0.0,0.0,0.0,0.0253708307963275,0.0,0.0,0.0,-0.028682494497570484
2012-10-31,0.019695860082497105,0.025170354361103275,0.014426348956031823,0.0,0.0,0.0,-0.018297368276874247,0.02465241818861936,0.0,0.0,0.0,0.0,0.0,0.0,0.0,0.0,0.0,0.0,0.0,-0.015054196794702648,0.0,0.0,0.0,0.0,0.0,0.0,0.02851899391203671,0.012994696773312862,-0.0162733538707175,0.0,0.01649587920758119,0.013276102947170913,0.0,0.022016418230669226,0.025827454114840408,0.0315272079203778,0.0,0.03887652740994076,0.0,0.0,0.0,0.0,0.0,0.0,0.0,0.0,0.0,0.021029091182819013,0.0,0.026726652785305244,0.0,0.028831064651497113,0.025718136344217307,0.04617470048969021,0.06442160244160218,0.02023038699160457,0.0,-0.015988788820624062,0.0,0.0,0.0,0.0,0.054151789171355554,0.02131555500814966,0.04300417843960939,0.01758572669376024,0.0,0.0,0.0,-0.01594459609678472,-0.01450920270632449,0.0,-0.02149952283007811,0.0,-0.018299150960477493,-0.027867335433701578,0.0,0.0,0.0,0.0,-0.025757950430496106,-0.01370257350547514,0.0,-0.02471893924907706,0.0,-0.01662366423133645,0.0,0.024169095330711318,-0.020004596682103214,0.0,0.0,0.0,0.015106349487564192,0.05351616898915976,0.0,0.0,0.0,0.0
2012-11-30,0.029826477610458757,0.02155323704897336,0.01884676513611738,0.016716945010244528,0.0,0.0,0.0,0.02814406454975855,0.0,0.0,0.0,0.0,0.022235409330221882,0.0,0.02051315326464038,0.015897257714799225,0.0,0.0,0.0,0.0,0.017047374228398204,0.021425304587799694,0.027260347809762244,0.0,0.021077450318352196,0.0,0.024652735769435462,0.019850387299578748,0.0,0.0,0.022102583538386882,0.02245185512410405,0.0,0.02712348151323022,0.02865168537979641,0.040953265202746135,0.0,0.021427613804129872,0.0,0.0,0.0,0.0,0.0,0.0,0.0,0.0,0.0,0.0,0.0,0.015525324189662381,0.0,0.03855595279953716,0.032391880427392696,0.03412330748213373,0.019227443383961918,0.022261060369602473,0.0,0.0,0.0,0.0,0.0,0.019442339634694866,0.037265057668416646,0.03369944403954521,0.03957048994784038,0.0185810997465697,0.0,0.01602706044942111,0.03469799869043486,0.0,0.0,0.01715493492493423,0.0,0.0,0.0,0.0,0.017659412863810082,0.0,0.017760686309525753,0.0,0.0,0.0,0.0,0.0,0.0,0.0,0.0,0.02695367460389578,0.0,0.0,0.0,0.0,0.0,0.05067810932711561,0.021468619703381334,0.01919870919719002,0.0,0.0
2012-12-31,0.0,0.0,0.0,0.04359098411560155,-0.01719295044231681,0.0,0.0,0.016623478332242113,-0.01519875537775905,0.0,0.0,0.02404888937389423,0.0,0.0,0.014339253506265429,0.0,0.0,0.0,0.0,0.0,0.0,0.0,0.021928669488870945,0.0,0.022202180397197638,0.0,0.017513547081728885,0.022170495967976097,0.0,0.0,0.018203108193213236,0.0,0.0,0.03468995439815662,0.03409808699571069,0.035358076641623895,0.0,0.03122934866410321,0.0,0.0,0.02228101059523487,0.0,0.0,0.0,0.028999109945846178,0.03500458431740895,0.0,0.0,0.0,0.0,0.0,0.03665367468385471,0.025505933613044138,0.028520429303601727,0.0,0.026361588732830708,0.0,-0.020073201471171892,0.0,0.02170979990511807,0.0,0.0,0.018605610876059702,0.015763220691863575,0.04421043994806766,0.018681216259050542,0.0,0.014358203070880819,0.031608482840132825,0.0,0.0,0.0158823554825495,0.0,0.0,0.0,-0.03115274284167981,0.01524272870930878,0.0,0.020211713342172262,0.0,-0.019232634181733474,0.0,0.0,0.0,0.0,0.0,0.0,0.03195946836365632,0.021418456729801437,0.0,0.0,0.0,0.0,0.04512196327811654,0.026641247230765157,0.01641240460939004,0.0,0.0
2013-01-31,0.0,0.0,0.0,0.035203774000361114,-0.01598322587400256,0.0,0.0,0.01706982320500889,0.0,0.0,0.0,0.021212541923289994,-0.018500039008291908,0.0,0.0,0.016473108872226746,0.0,0.0,0.0,0.0,0.0,0.0,0.027416040733201637,0.0,0.0,0.0,0.0,0.0,0.02006366122604454,0.02205306178652174,0.0,0.0,0.0,0.0,0.02645781590256254,0.03755028309838592,0.0,0.029309628836097543,0.0,0.0,0.0,-0.015361836660815201,0.0,0.0,0.0288552245486619,0.03283780301931743,0.0,0.0,0.0,0.0,0.0,0.024516716061624286,0.02319058030112808,0.02306964052274546,0.0,0.023499312339781173,0.0,0.0,0.0,0.0,0.0,0.020683696253864688,0.027834286640491257,0.026172793814142375,0.01790193773770199,0.0,0.0,0.0,0.03611492747049705,0.0284646262579006,0.023077403764266532,0.026454995937659178,0.017079317429986716,0.0,0.034554944136096936,0.0,0.018956442765072183,0.0,0.033027750552883935,0.0,0.0,0.0,0.0,0.017674342113135504,0.0,0.02168223241439466,0.0,0.03681430173709563,0.019262489989297905,0.015836358252281163,0.0,0.0,0.0,0.04103499237338765,0.03108297034966299,0.02968062658459307,0.0,0.017984445505519423
2013-02-28,0.0,0.0,0.0,0.01965065221161498,0.0,0.0,0.0,0.025398003240384017,0.0,0.0,0.0,0.018385221668541205,-0.017302341397903237,0.0,0.0,0.0,0.0,0.0,0.014830540086267958,0.0,0.0,0.0,0.015947221789889308,0.0,0.0,0.0,0.0,0.013653044345823703,0.025119513887871713,0.02921475289085026,0.018938469697273256,0.0,0.0,0.03155279717653846,0.028124769941830215,0.036925076695558647,0.0,0.03098806195068994,0.0,0.0,0.021807399169929846,0.0,0.0,0.0,0.03978272731742058,0.04134941110509092,0.0,0.02059394365118366,0.0,-0.012849931067617688,0.0,0.0,0.0,0.0,0.0,0.0,-0.01450622873725247,-0.017024402238285743,0.0,-0.016384030268381797,0.0,0.0,0.0,0.0,0.0,0.0,0.0,0.0,0.03712868947504099,0.029175969047004292,0.02331248942290876,0.025514924320142678,0.021060395680496658,0.0,0.026824667408223774,0.0,0.034824509329886004,0.020563648952414304,0.03381743395817812,0.0,0.0,0.015626891972612907,0.0,0.0,0.012757411900739112,0.020203765549198897,0.0,0.048574481212231575,0.02128372007690575,0.024358564418034162,0.0,0.0,0.0,0.03403168957941692,0.03332254679631897,0.0272896603640464,0.0,0.0
2013-03-31,0.0,0.0,0.0,0.015397899034408725,0.0,0.0,0.0,0.030792041599243213,0.0,0.0,-0.027450317318731446,0.019468719446149634,-0.024910013596806176,0.0,0.0,0.0,0.0,-0.02666132205856527,0.0,0.0,0.0,0.0,0.0,0.0,0.0,0.0,0.0,0.0,0.0322724427185865,0.02473840708998235,0.022072318898208806,0.0,0.0,0.033488496617737694,0.029753781953129242,0.04162145078331437,0.0,0.03379567457723555,0.0,0.0,0.0198543839624317,0.0,0.0,0.0,0.036195727168470304,0.04641697680361966,0.0,0.0316953227892377,0.0,-0.023739092357702763,0.0,-0.01601663675154986,0.0,-0.018729446462960733,-0.02386302556613963,-0.021794388936432554,-0.03251349304529332,-0.01865945843612332,-0.030942578407959668,-0.023259703499676515,0.0,0.0,-0.01849390906542094,0.0,-0.017606957071361354,0.0,0.0,-0.015995119570119357,0.023400165224683737,0.0,0.0,0.0,0.0,0.0,0.0,0.0,0.025301456167420515,0.02779387266952611,0.03364423559330699,0.0,0.0,0.0,0.0,0.01920563993258245,0.0,0.016620932160065872,0.0,0.02352447735815681,0.021316309259661045,0.015501304144048239,0.0,0.0,0.0,0.01972818198120294,0.0,0.01576431992274691,0.0,0.0
2013-04-30,0.0,0.015142846050536686,0.0,0.0,0.0,0.0,0.0,0.039566374067866596,0.0,0.0,0.0,0.022461978687453872,0.0,0.0,0.0,0.0,0.0,0.0,0.0,0.0,0.0,0.0,0.0,0.0,0.0,0.015947426328335467,0.0,0.01444083042141288,0.03515769128560889,0.03809368470939351,0.03854326134720851,0.021157995669418613,0.0,0.0331395668677694,0.03529411086655194,0.04761629272047762,0.0,0.02868000682957063,0.0,0.0,0.02182201370197157,0.0,0.0,0.02620127121762017,0.024969877075603397,0.05119128014485703,0.0,0.025714436415520202,0.016673710811374507,-0.018614102840517167,0.0,-0.018986884670913175,0.0,-0.01971764462944009,0.0,-0.01633280194525811,-0.032534152067732434,-0.014613449838544781,-0.032263603405518454,-0.024106843673040113,0.0,-0.014938793540712895,-0.02285501331860245,-0.014612046397966663,-0.018341408324307047,0.0,0.0,0.0,0.0,0.0,0.0,0.0,0.0,0.0,0.0,-0.018360219651322604,0.02136555163610927,0.01942173482724844,0.03590726988075498,0.0,0.0,0.0,0.0,0.0,0.02171321000618789,0.016498216386440043,0.0,0.02732294477854299,0.0,0.0,0.0,0.0,0.0,0.019395427580856037,0.0,0.020284025381432803,0.0,0.0
2013-05-31,0.0,0.02808853854603765,0.019782236875864515,0.0,0.017879807542099207,0.0,0.0,0.043404510855497035,0.0,0.0,0.0,0.0,-0.018186919029629264,0.0,0.0,0.0,0.0,0.0,0.0,-0.019750655826853855,0.0,0.0,0.0,0.0,0.021935089053200824,0.026562510212257095,0.021549709498352252,0.019037461759403202,0.04434043534057916,0.04142397290330291,0.034620855602419204,0.02870495013678277,0.0,0.03398665874818448,0.0,0.022839868481584435,0.0,0.0,0.0,0.0,0.026188412259670498,0.0,0.0,0.029284926802503376,0.0,0.019758236473115618,0.0,0.0,0.0,-0.022206613234830818,0.0,-0.030441986223812875,-0.019485535181358125,-0.02294859020376874,-0.01870730242044073,-0.02862814482714872,-0.036653779150241914,-0.022384424912464267,-0.03753146679167934,-0.02153792737734178,0.0,-0.018476194801886114,-0.024755131142337843,0.0,-0.026099772820569155,-0.016608113992167745,0.0,-0.01896694642528872,0.0,0.0,0.0,0.0,0.0,0.0,0.0,0.0,0.0,0.0,0.017281570536058156,0.0,0.0,0.0,0.0,0.017505203705890093,0.0,0.02232175319297353,0.0,0.024613308979484643,0.017053744543136202,0.0,0.0,0.0,0.0,0.018466733589783166,0.0,0.0,0.0,0.0
2013-06-30,0.0,0.030070116440012316,0.022965225309857264,0.0,0.019352950641973416,0.0,0.0,0.04344719731762799,0.0,0.0,0.0194486488109791,0.01742002455154208,0.0,0.0,0.0,-0.017085495096938075,-0.017385618419787707,0.0,0.0,-0.031057747217369223,0.0,0.0,0.0,0.0,0.0,0.0,0.0,0.0,0.0,0.04187203758881223,0.04024169027333569,0.03053254524154316,0.0,0.03504296000884004,0.020383782971760103,0.025082609498837796,0.024545163987124023,0.0,0.0,0.0,0.02015225468278041,0.0,0.0,0.030204652357793207,0.0,0.0,0.0,0.0,0.0,-0.016885865205509058,0.0,-0.025851633654441743,-0.01962041073255361,-0.02596353914432977,-0.018551711705870427,-0.017700377793648837,-0.0413930436010408,-0.030962058250880557,-0.04264466989568994,0.0,0.0,-0.01977614231485,-0.017939444900857207,0.0,-0.024050388966697332,0.0,0.0,0.0,-0.018311885234641553,-0.02365480872510889,-0.022008264255474152,-0.022853974218377825,-0.02017021571869353,0.0,0.0,-0.020211820811359468,0.0,0.0,0.0,0.0,0.0,-0.02222126867517518,0.0,0.0,0.024223060999895428,0.0,0.0,0.019180561670699262,0.0,0.0,0.0,0.0,0.0,0.0,0.0,0.01953413310729167,0.0,0.0
2013-07-31,0.0,0.0,0.023767151029062673,0.0,0.0,0.0,0.0,0.04732738898206516,0.0,0.0,0.03818873132748428,0.0,0.0,0.0,-0.019385044983366954,-0.021495522228769527,-0.026167350360770506,0.0,0.0,-0.04173570511849128,-0.01675006266081011,0.0,0.0,-0.027624546724199478,0.0,0.0,0.0,0.0,0.0,0.021639454012147712,0.03528498326233865,0.015786153185616922,0.0,0.0,0.0,0.0,0.0,0.0,0.0,0.0,0.0,0.0,0.0,0.01826665064416489,0.0,0.0,0.0,0.0,0.0,-0.01894190355755968,0.0,-0.026084190075080813,-0.023670717751154514,-0.02941024352021541,-0.02457420177000115,-0.018462449188729243,-0.04080363001201064,-0.023846408745939632,-0.044380648066431855,-0.015326789578170137,0.0,-0.01920920626973477,-0.021486278597977436,-0.014746018517813285,-0.02212357190271344,0.0,0.0,-0.018013892052329342,-0.030442466335793714,-0.03103520769253574,-0.02476578124238227,-0.03210502850900961,-0.023390085174577892,-0.023652715588923404,0.0,-0.02188274760914845,0.0,0.0,0.0,-0.014080551180886974,0.0,-0.02879166839922906,0.0,0.01866329261736306,0.0,0.0,0.0,0.0,0.0,0.0,-0.01365789863999243,0.0,-0.023033662885007977,0.0,0.0,0.0,0.0,0.0
2013-08-31,0.019392536751330177,0.018828010270006565,0.04488887922405084,0.0316746725805007,0.0,0.0,0.0,0.03701325953461577,0.0,0.0,0.05929918515480615,0.020237104081189627,0.0,0.0,0.0,-0.01394404050431067,0.0,0.0,0.018108115022097283,-0.02380715544547886,0.0,0.0,0.016659026156171968,-0.015674581451252143,0.0,0.0,0.01447977017343234,0.0,0.0,0.03160197168760928,0.047681240911041055,0.02101642395743126,0.0,0.0,0.0,0.0,0.0,-0.01547707679801837,0.0,0.0,0.014000426994097467,0.0,0.0,0.0,0.0,-0.017463070898083043,0.0,0.0,0.0,-0.019170007476713304,0.0,-0.02376724168180657,-0.016386727722483833,0.0,0.0,-0.01823368177275819,-0.04688518204636706,-0.026919362999040696,-0.024000625936682222,0.0,0.0,-0.015514998499887047,-0.01772662418780287,0.0,0.0,0.0,0.0,0.0,-0.03799279719633835,-0.02040851631408847,-0.015740129055470856,-0.020346691758547534,-0.022151199024145127,-0.016759775502692555,0.0,0.0,0.0,0.0,0.0,0.0,0.0,0.0,0.0,0.04100359931009374,0.03753295290148385,0.02607346525630482,0.0,0.023065961373371784,0.0,0.02018461297925365,-0.02888929940914395,0.0,0.0,0.0,0.0,0.0,0.0,0.0
2013-09-30,0.0,0.0,0.04250008711437092,0.05036917943812403,0.01591375822359788,0.0,0.0,0.029349323827055067,0.015716234056150982,0.0,0.06513356563878915,0.0,-0.017283955900925935,0.0,0.024288923033938297,-0.015526007977309351,0.0,0.0,0.0,-0.020200116985351468,0.0,0.0,0.03385323938329175,0.0,0.0,0.0,0.0,-0.017113385588257823,-0.019587184265072846,0.0,0.020749475603231007,0.0,0.0,0.0,0.0,-0.017416023389290134,-0.016911287187440758,0.0,0.0,0.013383016852148061,0.029578930587750154,0.0,0.0,0.0,0.0,-0.021351015700232907,0.0,0.0,0.0,-0.02102399914833891,0.0,-0.02301675010821053,0.0,0.0,0.0,-0.01887242089823975,-0.04376070402627481,-0.032937170857794636,-0.029817614450965955,0.016799207052679326,0.0,-0.020052807917190565,0.0,-0.015101124095366002,0.0,0.0,0.0,0.0,-0.03207170969272335,0.0,0.0,0.0,-0.012955918278424497,-0.02413667717160934,0.0,0.0,0.0,0.0,0.0,0.0,-0.013667659480780645,0.0,0.0,0.02713777153228471,0.023272824585333425,0.037491912137995666,0.0,0.015874457788091427,0.01750766072597059,0.034798442957618636,-0.029860027528783743,0.0,0.0,-0.02361842881299503,0.0,0.0,0.0,0.0
2013-10-31,0.0,0.0,0.049793532977858046,0.07415969499763407,0.0,0.0,0.0,0.013987482626951287,0.01870381320487414,0.0,0.04091794854547891,0.03763650318742556,0.0,0.0,0.02451788601576442,0.0,0.017472875415142933,0.0,0.0279279950109744,0.0,0.0,0.0,0.03163503050664227,0.0,0.0,-0.017253361036125795,0.0,-0.018166359011555958,-0.01801992488956265,0.014675431457567622,0.02166220095035552,0.0,0.0,0.0,0.0,0.0,0.0,0.0,0.0,0.024519770575768693,0.017695093367760945,0.014919718131022422,0.024882049593474034,0.0,0.023396050945229282,0.0,0.0,0.015863065223794874,0.0,0.0,0.0,-0.013883993012568692,0.0,0.0,0.0,0.0,-0.03426087447047127,-0.023254038774425664,-0.032386975740738504,0.0,0.0,-0.01878133009310987,0.0,-0.015187911383962634,0.0,0.0,0.0,0.016973309356580507,-0.01983736375774461,0.0,0.0,0.0,0.0,0.0,0.0,0.0,0.024202870337362695,0.017864407254427582,0.01919424686891727,0.029961745983768304,0.0,0.0,0.0,0.02693857371015659,0.02767854524893855,0.027896504577172104,0.0,0.027192745130461264,0.0,0.031445198214784705,-0.02648907461953129,0.0,0.0,0.0,0.0,0.0,0.0,0.018764503793914176
2013-11-30,0.0,0.0,0.04961528124670591,0.06196971881553571,0.0,0.03737252521216377,0.012406141437023859,0.0,0.0,0.0,0.05212109014639888,0.032999601349721346,0.0,0.0,0.0272272484307356,0.0,0.01810146451311354,0.0,0.022961273770156294,0.0,0.0,0.013885197324450177,0.03805038636421221,0.0,0.0,0.0,0.01695462132020322,0.0,0.0,0.022404278320043776,0.02911946876590934,0.0,0.0,0.0,0.0,0.0,0.0,0.0,0.0,0.03292484772636289,0.03317140340496665,0.031055805479625033,0.01844457511340083,0.0,0.02703092147250801,0.013592614381768571,0.0,0.03208187900012132,0.0,-0.014688949351875228,0.0,0.0,0.0,0.0,0.0,0.0,0.0,0.0,-0.0173438952132121,0.0,0.0,0.0,0.0,0.0,0.0,0.012658537583451517,0.0,0.023079621524964844,0.0,0.0,0.01821374405257561,0.0,0.0,0.0,0.0,0.014232732397236691,0.026840820271680877,0.0254963365756184,0.014515042987048695,0.021922573476840998,0.01656781427232283,0.01570668587429174,0.0,0.03614991617695055,0.01857069104641604,0.026628449114947494,0.0,0.01339929105131597,0.015524342058805153,0.026222882705879736,-0.018747330669438587,0.0,0.0,0.0,0.0,0.0,0.0,0.0
2013-12-31,0.0,0.0,0.047661122819417645,0.02955904969130713,0.0,0.029051437267412345,0.018601279041794695,0.0,0.0,0.0,0.04428977044573971,0.0,0.0,0.021658721391942824,0.022007136511900706,0.0,0.01766374019256086,0.0,0.03694886914789608,0.0,0.0,0.02003253872455058,0.03284285522968974,0.0,0.0,0.0,0.024556035151654828,0.0,0.0,0.023553118558162278,0.032608634467703915,0.0,0.0,0.0,0.016622335175962854,0.0,0.0,0.0,0.01745443388953452,0.02233798930710148,0.027993022958872432,0.023118311646998135,0.021068404758491272,0.0,0.023181779941109645,0.0,0.0,0.01784739985335726,0.0,0.0,0.0,0.0,0.0,0.0,0.0,0.0,0.0,0.0,0.0,0.0,0.0,0.0,0.0,0.0,0.0,0.0,0.0,0.02170907218639069,0.0,0.0,0.024549094967804275,0.019025417832016115,0.0,0.02692095075737715,0.0,0.01717346397352664,0.024187911720943388,0.02777988777010029,0.0,0.028585076913401602,0.01941258397946394,0.030153939462030575,0.0,0.03258512792041307,0.019300130582082107,0.031174451308945323,0.0,0.017636983923190318,0.02596571439896021,0.027583349944761335,0.0,0.0,0.019761331453204793,0.0,0.015837524732227253,0.0,0.0,0.0
2014-01-31,0.016851107000988005,0.0,0.02042849073587065,0.019740992300121787,0.0,0.02513003496292563,0.0,0.0,0.0,0.0,0.023305083527975015,0.0,0.0,0.0,0.0,0.0,0.0,0.0,0.04303950901671784,0.0,0.0,0.029083579616683036,0.02714843069200735,0.0,0.017587425656268717,0.0,0.0,0.0,0.0,0.03132635441878604,0.0331913156559864,0.0,0.02492984143603474,0.0,0.023498860373427532,0.01615377820199864,0.01959508733628912,0.0,0.0,0.0,0.0,0.01885593765540726,0.017255896437346596,0.0,0.035166717004848295,0.02339264599720671,0.0,0.01747434983604686,0.0,-0.017698122695108825,0.0,0.0,0.0,0.0,0.0,0.0,0.0,-0.023994908142723502,-0.032490025268056326,0.0,0.0,0.0,0.0,-0.01618713218304304,0.0,0.0,0.0,0.0321585968469277,0.0,0.0,0.029174777771757483,0.0,0.0,0.039040866265357646,0.01731852937959352,0.0,0.022632386574090654,0.03584647264321485,0.0,0.018312819101763255,0.02767928002249032,0.025340182375502025,0.0,0.031873791442180235,0.0,0.036039217084308475,0.0,0.02343280768800025,0.01789419272220449,0.023146548814642367,0.0,0.0,0.0,0.019335262290754204,0.027248642825344706,0.0,0.0,0.0
2014-02-28,0.0,0.0,0.0,0.0,0.0,0.020103675598875305,0.0,0.0,0.0,0.0,0.0,0.0,0.0,0.0,0.0,-0.015566504925367016,0.0,0.0,0.0,-0.026067263432731847,0.01448045883180824,0.023140219910462327,0.0,0.0,0.017746397377650346,-0.020806742049622785,0.023815669241839667,0.0,0.0,0.0375133996539579,0.04634043860468398,0.03228363683469666,0.033969224118819155,0.0,0.03272147194653559,0.014287455585136957,0.023130845942225746,0.0,0.018673413993798252,0.0,0.0,0.028184742212842555,0.0,0.0,0.05071237153121904,0.028438532789009374,0.0,0.016789544774843016,0.01579723132464959,-0.026655577156083844,0.0,0.0,0.0,0.0,0.0,0.0,0.0,-0.01488518491322707,-0.021225166887169324,-0.024133759869024874,0.0,0.0,0.0,-0.027543123294608972,-0.015087699591303022,0.0,0.0,0.0,0.0,0.0,0.019574622444515567,0.0,0.0,0.05757051827081211,0.03593694097039362,0.0,0.0,0.0,0.0,0.0,0.015759414924973063,0.020457330716964563,0.0,0.020540158863403893,0.0,0.03226791659025723,0.0,0.02039775700084296,0.0,0.0,0.0,0.0,0.020254906555527433,0.016561169879248185,0.03453941507309166,0.019733039738925158,0.01630705657885206,0.0
2014-03-31,0.01697080807349182,0.0,0.0,0.0,0.0,0.028260863012845392,0.0,0.0,0.0,0.0,0.024638870785180025,0.0,0.0,0.018393802937606524,0.0,-0.018130951131294953,0.0,0.0,0.0,-0.024731697239236305,0.02098892527081632,0.03403159060735183,0.015333951564566175,0.01893412401311898,0.016255177657890106,-0.015632538161158328,0.01747153712187675,0.0,0.0,0.02560192114310995,0.045572616938991554,0.024572991111279894,0.036654524472964904,0.0,0.025879162743636146,0.019804368711034602,0.021494883061086326,0.0,0.024446832279362715,0.0,0.018465226308818906,0.029120826757969048,0.0,0.0,0.04357145086310471,0.028827349180149564,0.0,0.0,0.024341000223109584,0.0,0.0,0.0,0.0,0.0,0.016048431512370658,0.0,0.0,0.0,0.0,-0.018240524686848385,0.0,0.023477866260094078,0.0,0.0,0.0,0.0,0.017086558290008963,0.0,0.0,0.0,0.01620359625793736,0.0,0.0,0.04710702465508865,0.030874453171854346,0.0,0.0,0.0,0.0,0.0,0.0,0.0,0.0,0.02053650475759991,0.0,0.03365566404948692,0.0,0.028176634838619537,0.0,0.0,0.0,0.0,0.01771063947263328,0.0,0.03479130315319829,0.0262981435415185,0.031664663981689704,0.0
2014-04-30,0.014943107352493806,0.0,0.0,0.0,0.0,0.019434447538607603,0.0,0.0,0.0,0.0,0.018490735899455744,-0.013836211819717916,0.022550131653269877,0.026983311182229627,0.0,0.0,0.0,0.0,0.019466202243507032,0.0,0.021436084184594202,0.0,0.0,0.024657952973003345,0.021323780646395583,-0.01582613188241693,0.014211882597331821,0.0,0.0,0.03351341210742211,0.06038596095311453,0.02666117426779801,0.0462235023374553,0.019080055134884488,0.02049418425597097,0.016214327064708958,0.017278964870527425,0.0,0.025459337951568396,0.0,0.0,0.013576188905363825,0.0,0.0,0.05332220370450443,0.02694612267948259,0.0,0.0,0.026424869502821243,0.0,0.0,0.0,0.0,0.0,0.0,0.0,0.0,0.0,0.0,-0.023379218598496246,0.0,0.016769378020604304,0.0,-0.01864871018994046,0.0,0.0,0.01746076495317548,0.0,0.0,-0.014080011578174002,0.015122200613340905,0.0,0.0,0.04480455358798607,0.03870463686013548,0.0,0.0,0.0,0.0,0.0,0.0,0.0,0.0,0.01609743789300629,0.0,0.0337388795064953,0.0,0.03099745291667938,0.0,0.0,0.0,0.0,0.02311304453700446,0.0,0.02952227310497946,0.03739878635390253,0.021422367577433876,0.0
2014-05-31,0.0,0.0,0.0,0.019015501050312408,0.0,0.02494639210956732,0.017796872833992984,0.0,0.0,0.0,0.014606650775376326,0.0,0.020386970312527408,0.030367838664864276,0.0,0.0,0.0,0.0,0.0,0.0,0.02589279414837525,0.0,0.02262280147923044,0.035734700710404785,0.02439500672671916,0.0,0.0151785005931975,0.0,0.01862723536922865,0.030469795633966713,0.03228127987647324,0.03418575199269441,0.044981615282764634,0.018929241242220084,0.015887211989331317,0.0,0.015909185337303046,0.0,0.023673464302399756,0.016709743847406595,0.019378576360761207,0.021722834174532774,0.0,0.019313593612504478,0.05100900188328476,0.03472740342944048,0.0,0.02188308186460838,0.03114055660355627,0.0,0.0,0.0,0.0,0.0,0.01850996177177846,0.0,0.0,0.0,0.0,0.0,0.0,0.01525745083274027,0.0,-0.015801897417546056,0.0,0.0,0.03710881105522814,0.0,0.01546472640230131,0.0,0.0,0.0,0.0,0.03896471712412838,0.03259080149658328,0.0,0.0,0.0,0.0,0.0,0.017623399532179257,0.0,0.0,0.0,0.0,0.03374514314883344,0.0,0.030281006804918072,0.0,0.0,0.0,0.0,0.0,0.0,0.01493359059403988,0.027944891612678793,0.0,0.0
2014-06-30,0.0,0.0,0.018622243394141803,0.027087656197150776,0.0,0.030442291813307373,0.022252462074714617,0.0,0.0,0.0,0.014316334017435938,0.0,0.028709286372677768,0.02571480326698914,0.0,0.0,0.0,0.0,0.0,0.0,0.018294406057306194,0.0,0.017743250413864996,0.03460763806721262,0.02672739825288459,0.0,0.013898334297711853,0.0,0.0130103602674543,0.038831665062169916,0.0358509609702592,0.03182481807083679,0.0339541071872062,0.021501056905110404,0.0,0.0,0.0,0.0,0.0434033124267512,0.018285664191206957,0.028569932335422515,0.027819472556263252,0.0,0.0,0.03993707417837142,0.028308354242992842,0.0,0.02272790989952112,0.03239238151026361,0.0,0.0,0.0,0.0,0.0,0.014566624880349776,0.0,0.014949868288546,0.0,0.0,-0.014297217762528484,0.0,0.0,0.0,-0.024279674395629926,0.0,0.014535987230459473,0.03723698834414993,0.0,0.0,0.0,0.0,0.0,-0.014394455391050743,0.028906386214029977,0.0232183325817539,-0.016821721170227413,0.0,0.0,0.0,0.0,0.0,0.0,0.0,0.0,0.0,0.021816897593495876,0.0,0.04125227863608466,0.014113456520251578,0.0,0.0,0.0,0.0,0.0,0.0,0.024776936962214835,0.0,0.0
2014-07-31,0.0,0.01618630014170977,0.02867719653630614,0.02827139532504364,0.01735764422396105,0.03431167998398268,0.032891043137723515,0.0,0.020616228984226364,0.0,0.014924541300134356,0.0,0.02721574518907034,0.03346030185201538,0.023860111312757153,0.020542487445879,0.02206163098565789,0.0,0.0,0.0,0.02306803591142066,0.0,0.022747006485991202,0.03365109582671421,0.025895081748128875,0.0,0.0,0.014470307762899978,0.0,0.03207731496484405,0.03347704620302511,0.027259569673111023,0.029973742624370473,0.022897794360883135,0.0,0.0,0.0,0.0,0.024480523747486507,0.025298848096290644,0.031516561781691564,0.021459527910686123,0.02150998297501011,0.017533772578250277,0.02919910550698754,0.027392794695359206,0.0,0.02483373526955209,0.029890091479070787,0.0,0.0,0.0,0.0,0.0,0.0,0.0,0.0,0.0,0.0,0.0,0.0,0.0,0.0,0.0,0.0,0.0,0.02594453233652483,0.0,0.0,0.0,0.0,0.0,0.0,0.02598325051864163,0.017644617297941197,0.0,0.0,0.0,0.0,0.0,0.022569115988261876,0.0,0.0,0.0,0.0,0.0,0.0,0.027006148195289528,0.0233448592020419,0.0,0.0,0.0,0.0,0.0,0.0,0.01849923044105837,0.0,0.0
2014-08-31,0.0,0.01867524095576252,0.03440397574582481,0.015808670403094794,0.0,0.01939839770424262,0.02385095747284048,0.0,0.041226230971725536,0.0,0.0,0.013518454922392032,0.015493674389973115,0.024381386451724343,0.029217882764413915,0.021458381864337798,0.020017643806480006,0.027818912573036543,0.0,0.0,0.02359971363494936,0.0,0.0,0.014732790879878749,0.03366337914658209,0.025410622249985845,0.016403990254319822,0.03234382478335763,0.02431079276962274,0.033592837395592705,0.02765529592215461,0.02594221728251966,0.016272304690575837,0.014893216496270578,0.0,0.0,0.0,0.0,0.046188506361478594,0.01824681542539071,0.0229006788099181,0.0,0.025710771627222673,0.026044727032840366,0.0,0.02115053357269451,0.0,0.021281900868129852,0.0,0.0,0.0,0.0,0.0,0.0,0.0,-0.016873669205683214,0.0,0.0,0.0,0.0,0.0,0.0,0.0,0.0,0.0,0.0,0.0,0.015034417918485032,0.0,0.0,0.0,0.0,0.0,0.05561261491975087,0.049952686601613124,0.0,0.0,0.018354422951663157,0.0,0.0,0.0,0.0,0.0,0.0,0.0,0.0,0.0,0.033724285289262856,0.0,-0.018622948663047593,0.0,0.0,0.0,0.0,0.0,0.0,-0.016210225221161396,0.0
2014-09-30,0.0,0.015133713275913226,0.021077186950555476,0.0,0.0,0.01859798138128872,0.01612532988698321,0.0,0.031144803384959747,0.0,0.0,0.0,0.0,0.016139067606827606,0.020805256770755776,0.0,0.019395312921935755,0.02669434228129204,0.0,0.0,0.024973391421604756,0.0,0.0,0.0,0.038280996951401414,0.03162034212356941,0.02967434952484955,0.037898209836276744,0.018618986637178012,0.03522514708297621,0.03213884904716994,0.03624063326640021,0.02292712333636872,0.021587404254877995,0.0,0.0,0.016041807154809334,0.0,0.05935643884667206,0.0,0.014989891503606172,0.0,0.03216621731763476,0.0213653369868841,0.0,0.0,0.0,0.0,0.0,0.0,0.0,0.01543922250640262,0.0,0.0143894751753463,0.0,0.0,0.0,0.0,0.01501614733557355,0.0,0.0,0.0,0.0,0.0,0.0,0.013614453374224266,0.0,0.0,0.0,0.0,0.0,0.0,0.0,0.04481799728781638,0.0586868314862637,0.0,0.0,0.02343994499903709,0.0,-0.015512155400871462,0.0,0.0,0.0,0.0,0.01487780409084116,0.01612369983989929,0.0,0.04362927803095661,0.013702311480414436,-0.015542553496349072,0.0,0.0,0.0,0.023128278806667665,0.0,0.0,-0.013861726936545351,0.0
2014-10-31,-0.012572799294709544,0.0,0.0,0.0,0.0,0.0,0.0,-0.0183291601798325,0.013815199991870872,0.0,0.0,0.0,0.0,0.0,0.0,0.0,0.0,0.0,0.015056363587103374,-0.01747137526909397,0.0,-0.016269757482846058,0.0,0.0,0.035859317578337546,0.032231458970932415,0.0,0.03086925006945334,0.0,0.05026825527159758,0.04935167577923775,0.02826456082472799,0.0,0.017883772384108425,-0.016148116703946894,0.0,0.0,-0.015370225062564791,0.043607445070510266,0.0,0.0,0.0,0.012976654464062081,0.0,0.0,0.0,0.0,0.0,0.0,0.0,0.0,0.0,0.0,0.0,0.0,-0.017088370478269593,-0.01924086666399861,-0.022163920451239678,0.0,0.0,0.0,0.0,-0.014072432547293354,-0.021884592092354712,0.0,0.0,0.0,0.0,0.0,-0.018383963297631666,-0.012337315567331197,-0.023263688037612362,-0.0209390075654241,0.0353297860398735,0.08387955559534878,-0.02226896814570343,0.0,0.02682794329081011,0.0,-0.030781274917451463,0.0,-0.01923035601727689,0.0,0.0,0.020029295039461284,0.013063739791239431,0.0,0.03154999285639491,0.0,-0.03722571122403182,-0.018034064648366085,0.0,0.030637825505436582,0.014348863319788806,0.0,0.0,-0.021073078922726272,0.0
2014-11-30,0.0,0.0,0.0,0.0,0.0,0.0,-0.023321321340961376,0.0,-0.019247867076187173,0.0,0.0,-0.028254025759654515,-0.02134924911456206,0.0,0.0,-0.01808845967178577,0.0,0.0,0.0,-0.025611955865305198,0.0,-0.020898882462104855,-0.01618027714253664,-0.027025493336350105,0.021278465628152984,0.030841265635650573,0.0,0.016174158002769064,0.0,0.0,0.02012288395647463,0.0,0.019689643240108124,0.0,0.0,0.0,0.0,0.0,0.0,0.0,0.0,-0.026913434059346257,0.0,0.0,-0.02372453073003457,-0.02391783157824457,0.0,-0.022762285841305994,-0.019195563938508436,-0.016051692703603154,0.0,0.0,0.0,0.0,0.0,-0.027949607931641945,-0.023609440941483623,-0.022076296501391555,0.0,0.0,0.0,-0.016693831914478666,0.0,-0.021818312624432453,-0.021048683855171356,0.0,0.0,-0.017319953613989542,0.0,-0.02834726600398645,0.0,-0.01737846633454787,-0.02506326538831185,0.04622992847303731,0.10459725768593751,-0.017128890917341905,0.016182228968711153,0.0362966250546209,0.0,-0.018965986928827304,0.0,-0.022705670325510147,0.0,0.0,0.02167160232135708,0.0,0.0,0.0,0.0,-0.03531261051055579,-0.018954786621019466,0.0,0.0,0.0,0.0,0.0,0.0,0.0
2014-12-31,0.0,0.0,-0.023870276186303274,-0.02304750862988498,-0.023001334523328924,-0.02047748188820218,-0.02598947587610523,0.0,-0.028131122518934737,0.0,0.0,-0.02935185767357682,-0.02550483770272208,-0.023771021002060137,-0.023804815369200892,-0.0267383847611813,0.0,0.0,0.0,-0.028519683089919146,-0.022880093855058136,-0.027903470102533093,-0.021067287489310152,-0.028000271730993332,0.0,0.020867598256805214,0.0,0.0,0.0,0.0,0.0,0.0,0.0,0.0,0.0,0.0,0.0,0.0,0.0,-0.02495746974975315,-0.025946022035164888,0.0,0.0,-0.020015856395477104,-0.027889295815785017,-0.02625046414719893,0.0,-0.0265397557246445,-0.02306799269540654,-0.01998418632178221,0.0,0.0,0.0,0.0,0.0,0.0,-0.019667975341091444,-0.019217034679610782,0.0,0.0,0.0,-0.02009287488937315,0.0,-0.019828655541650413,-0.02579662553049941,0.0,0.0,-0.023169214055674996,0.0,-0.02625500467155981,0.0,-0.024635400415473196,-0.02943793749338591,0.025667488837892747,0.04979572537578937,0.0,0.0,0.021285556752030577,-0.021337661354203327,0.0,0.0,-0.03011817730113516,0.0,0.0,0.0,0.0,0.0,0.0,0.0,-0.026117104219297582,0.0,0.0,0.0,0.0,0.0,0.0,0.0,0.0
2015-01-31,0.0,0.0,-0.017010910467060936,0.0,0.0,0.0,-0.018562546296309077,0.0,-0.03076784618729718,0.0,0.0,-0.030702337072790072,-0.02580027015824602,-0.024345466227664585,-0.020239509621526087,-0.026868473905539023,0.0,-0.02183979223457886,0.0,-0.030897198099291034,-0.023167193237905153,-0.024604974626163956,-0.017375655140729526,-0.028557191861153,0.0,0.02384062301695564,-0.021112112053597826,0.0,0.0,0.0,0.0,0.0,0.027940783121003947,0.0,0.0,0.0,0.0,0.0,0.0,-0.019270700069095925,-0.027252766558637856,0.0,-0.018994950949116768,-0.02265420731852233,-0.0267159219737178,-0.02830711904475743,0.0,-0.025884463843161447,-0.021831949329318617,-0.01748483451622856,0.0,0.0,0.0,0.0,0.0,0.0,-0.01984275922429562,-0.016875757436621088,0.0,0.0,0.0,-0.01971358694939216,0.0,0.0,-0.019500540267626192,0.0,0.0,-0.034444348026018826,0.0,-0.037776259290084636,-0.024608432094728294,-0.0331946124227791,-0.03988364975127364,0.0,0.01700349870306275,-0.027471651204096968,0.0,0.0,0.0,0.0,0.0,-0.04687850999581289,0.0,0.0,0.0,0.0,0.0,-0.018976469799288232,0.0,0.0,0.0,0.0,0.0,0.021800127904551082,0.0,0.0,0.0,0.0
2015-02-28,0.0,-0.021926324146171534,-0.02014663662085926,0.0,0.0,0.0,0.0,0.0,-0.02618206782416844,0.0,0.0,-0.027091508522486808,-0.027944263594606694,-0.02367023389197609,-0.021322041808511338,-0.029043200167913254,-0.02365903852225037,-0.0240332798414989,0.0,-0.02877557578010434,-0.02572322465073276,0.0,0.0,-0.0266426683452554,0.0,0.0,-0.03061550398907014,-0.01999287613223503,0.0,0.0,0.0,0.0,0.02486594954234941,-0.019553187416913757,0.0,0.0,-0.0216581954528721,0.0,0.0,-0.019621299112611897,-0.022212680735327093,0.0,-0.02654941503924959,-0.0260811304954704,-0.026797306776637428,-0.023461514307549856,0.0,-0.02406802900063995,-0.020375311262395553,0.0,0.0,0.0,0.0,0.0,0.0,0.0,0.0,0.0,0.0,-0.019982551682902517,0.0,0.0,0.0,0.0,0.0,0.0,0.0,-0.031967612684790536,0.0,-0.032840932263229344,-0.02109306364872012,-0.028039116403654703,-0.03526574562722243,0.0,0.0,-0.024787971425576073,-0.02136305856970657,0.0,-0.02838371268324957,0.0,0.0,-0.0425683149197615,0.0,0.0,0.0,-0.021416409198300554,0.0,-0.02040156025598243,0.0,0.0,0.0,0.0,0.01972133132127689,0.0,0.0,0.0,-0.02015615633576938,0.0
2015-03-31,0.0,0.0,0.0,0.0,-0.019933152706746192,0.0,0.0,0.0,-0.024714438548548538,0.0,0.0,-0.03047637220662097,-0.02866163017040655,-0.02521060516111641,-0.016343587282280542,-0.031751442916304426,-0.019405449140647145,-0.022650684034187445,-0.019949903104867,-0.03150661706156985,0.0,0.0,-0.019916216776776692,-0.024643705221723367,0.0,0.0,-0.03308830653738107,-0.022300076378936277,0.0,0.0,0.0,-0.02336872280024201,0.0402672879700942,-0.024196929707384962,0.028650992147382003,0.02501702904296159,0.0,0.0,0.0,-0.01706747650474665,-0.025310639626914138,0.0,-0.026184599609921668,-0.021365688062483457,-0.023459270375439403,-0.025934113552961404,0.0,-0.025609970937042082,-0.025175487276609503,0.0,0.0,0.0,0.0,0.0,0.0,0.0,0.0,0.0,0.0,0.0,0.0,0.0,0.01732976818560512,0.0,0.0,0.0,0.0,-0.017438129365558063,0.0,0.0,0.0,0.0,-0.03035024255311703,0.0,0.0,-0.017961792845508317,-0.017091235406792853,0.0,-0.019904803806410305,0.0,0.0,-0.02153690976908265,0.0,0.0,0.04516031067093161,0.0,0.0,-0.017384258812611308,0.0,0.0,0.0324662810398735,0.0,0.0,0.01849638253677729,0.04271949014543641,0.0,0.0,0.0
2015-04-30,-0.02502039841216144,0.0,-0.01711732865343899,0.0,-0.01923781134887792,0.0,0.0,0.0,-0.020575937128371125,0.0,0.0,-0.02757883268496419,-0.03684322705615432,0.0,-0.019716282482453933,-0.036052129299540076,-0.02007000800828573,-0.02516582894486914,-0.01766467474822345,-0.045324276911073914,-0.02070023403260353,0.0,-0.02108983100799517,-0.022007420568078417,0.0,0.01821406324696463,-0.01894470757039921,-0.02181226289984441,0.0,0.0,0.0,-0.016994272452776217,0.0,-0.025982900540673967,0.027755521850611902,0.0,0.0,0.0,0.0,-0.017762828687762224,-0.017240830092850514,0.02224625781143169,-0.03154627373177422,-0.03134022183364528,-0.018985693656683667,0.0,0.0,-0.01713229988255034,0.0,0.0,0.0,0.0,0.0,0.0,0.0,0.0,0.0,0.0,0.0,0.0,0.0,0.0,0.021365240482368764,0.0,0.0,0.0,0.0,-0.01976441379255234,0.0,0.0,0.0,-0.021471718167615814,-0.039154835636641586,-0.027733268764040458,-0.026369797712094887,-0.0324234836610564,0.0,0.0,0.0,-0.01726613554655461,0.0,-0.03258914880863843,0.0,0.0,0.032368659944476914,0.0,0.0,0.0,0.0,0.0,0.0,0.0,0.0,0.0,0.04802197762103414,0.0,-0.021348964317866134,0.0
2015-05-31,0.0,0.0,0.0,0.024565565070340897,0.0,0.048739088381087155,0.027362201903328356,0.0,0.0,0.0,0.04580613805831928,0.0,0.0,0.0,0.0,-0.018129613752156905,0.0,0.0,0.0,-0.018643500880507667,0.0,0.021302925145531875,0.0,0.0,0.0,0.0,0.0,0.0,0.03320151154400392,0.019884762496921428,0.021792014793813225,0.0,0.02405582570960143,0.0,0.022633356159040184,0.0,0.019192675719864185,0.0,0.01801482206315923,0.016440480740982765,0.019604730100072413,0.03074699950980854,-0.02364693480518611,0.0,0.0,0.02458587263929392,0.0,0.019184864804220516,0.022481190124175345,0.03270935980997001,0.028027638214605136,0.01991253453299044,0.0,0.0,0.0,0.0,0.01814937478587439,0.0,0.0,0.0,0.0,0.0,0.022411956292345683,0.0,0.0,0.0,0.026965337489569804,0.0,0.01645436635679085,0.0,0.0,0.0,0.0,-0.037878124081886955,-0.0364688094866265,-0.02314038255662744,0.0,0.0,0.0,0.0,0.0,-0.01669256504328218,0.0,0.0,0.0,0.01689224875018425,0.0,0.03853079032373965,0.016354914675213994,0.0,0.0,0.0,0.016316739861215117,-0.020944109967514807,0.05474486248178771,0.020301378454430558,0.0,0.017089432433929203
2015-06-30,-0.021601134773222903,0.0,0.0,0.0,0.0,0.030829272598973476,0.0,0.02228659807662172,0.0,0.0,0.029706111552105428,0.0,0.0,0.0,0.0,-0.025722917944301902,0.0,0.0,0.0,-0.017470047666911178,-0.016209552976710177,0.021998478359346346,0.0,0.0,0.01787518255855233,0.0,-0.02029122175011873,-0.022339951796641694,0.0,0.0,0.03696684863382259,-0.019465262289676752,0.0,-0.01568401915050899,0.026483429756957763,0.02395946039255338,0.0242609788485419,0.0,0.0,0.0,0.018021692939720533,0.022140902909102395,-0.03199603237145399,0.0,0.0,0.019370393586573754,0.0,0.0,0.0,0.032834171425326825,0.02064336403423722,0.019965888131881902,0.0,0.0,0.0,0.0,0.0,0.0,-0.013738020565232526,0.0,0.0,0.0,0.0,0.0,0.0,0.0,0.0,0.0,0.0,0.0,0.0,0.0,-0.013710419257646054,-0.033145155278574236,-0.03550223152277308,-0.016776406737332696,0.0,0.01365233857842227,0.0,-0.016267760104574265,0.0,0.0,0.0,-0.014689936925233144,0.0,0.03891560924630791,0.0,0.033837924966238116,0.022241024039983733,0.0,0.0,0.0,0.0325026287753074,-0.018148360401651766,0.07380348782585547,0.037407197461407214,0.0,0.027538583789596165
2015-07-31,0.0,0.0,0.0,0.0,0.0,0.0,0.0,0.02666405033062637,0.0,0.0,0.0,0.0,0.0,0.0,0.0,-0.019121682227342666,0.0,0.02219452968214655,0.017407397051493443,0.0,0.0,0.0,0.0,0.0,0.04933220198597008,0.0,-0.013769207598706208,0.0,0.0,0.0,0.01777767325506945,-0.026749056129840913,0.0,-0.028942890364592442,0.025338315354319893,0.02515046156289388,0.03222155094112119,0.022430458740175633,0.0,0.0,0.0,0.0,-0.014124718540681756,0.0,0.02243773289997493,0.0,0.0,0.0,0.020325641117272805,0.0,0.0,0.0,-0.024971537619358962,-0.021795940115103763,-0.016722170830829195,-0.019105711495974637,-0.014524668660831578,-0.023252108076422313,-0.02379100448405009,0.0,0.0,-0.02056441238530772,-0.016463452973504853,0.0,-0.013826721730913058,-0.02378932277521559,-0.02328247710449633,0.0,0.0,-0.01761523633280411,0.0,0.0,0.0,-0.04422143758952518,-0.03506976303198591,-0.01976158437435714,0.0,0.026021520958119358,0.02704688289899063,0.0,0.0,0.0,0.0,0.0,0.0,0.03669708172531663,0.0,0.0359912712709994,0.04586867566039149,0.0,0.0,0.0,0.0,-0.021880923161905517,0.03233221266174463,0.03141631429962358,0.0,0.0
2015-08-31,-0.025106537658526214,-0.026299910412392324,-0.026992062360458497,-0.018814788888186506,0.0,0.0,-0.02167112828196552,0.0,-0.026836722418849556,0.0,0.0,0.0,-0.025263294038538112,-0.020891618816084125,0.0,0.0,0.0,0.0,0.0,-0.023771383802361698,0.0,0.0,0.0,0.0,0.0,-0.020592239368124054,0.0,0.0,0.0,0.0,0.0,-0.023671220676927337,-0.028273820226683226,-0.030611891639681754,0.0,0.0,0.0,0.0,-0.024122111271455422,0.0,0.0,0.0,-0.024576768776006466,0.0,0.0,0.0,0.0,0.0,0.0,-0.017702781688506464,0.0,0.0,-0.02921579724883875,-0.022285100184260505,-0.025497435485301267,0.0,-0.018711759676882007,-0.019880034537909538,0.0,-0.02513536820668632,0.0,-0.02149532051052345,-0.023617457118831054,0.0,-0.023539404953022397,-0.027540245508728432,-0.022886558368671178,-0.02235343092575271,0.0,-0.03391026938486291,-0.025917377924029147,-0.02232955699531643,0.0,-0.04779514168452667,-0.029654012587884204,-0.030940841978034987,0.0,0.0,0.0,0.0,-0.023165542318025794,0.0,0.0,-0.023731662796823302,0.0,0.0,0.0,0.0,0.01856065389575274,-0.030253478681729326,-0.025161700952682477,0.0,0.0,-0.02122356775017719,0.0,0.0,0.0,0.0
2015-09-30,-0.024919634036265747,-0.033008744382175256,-0.023979385922257,-0.018924363856880056,0.0,0.0,-0.029995971895652524,-0.018589296596212713,-0.02135125724122831,0.0,0.0,0.0,-0.020342481882202716,-0.03525231501608885,0.0,-0.016364884545850174,0.0,0.0,-0.017008129549153074,-0.02291350415856449,0.0,-0.016206756946955357,0.0,0.0,0.0,-0.0377341406845927,-0.03388938316001635,-0.030514147628221806,-0.01964087835655695,-0.02445007263385391,-0.01736337012819927,-0.030088226371281872,-0.026765914848127677,-0.04424009266409546,0.0,0.0,0.0,0.0,-0.026127514685082957,0.0,0.0,0.0,-0.0179475624494031,0.0,0.0,0.0,0.0,0.0,0.0,0.0,0.0,0.0,-0.02552590792750831,0.0,-0.019878929852101747,0.0,0.0,0.0,0.0,0.0,0.0,0.0,-0.0193595981334709,0.0,-0.015621051269209887,-0.02522184651107356,-0.020222602560420837,-0.02084078396891035,0.0,-0.028653468947209364,0.0,-0.017000035672922877,0.0,-0.03846012975704728,-0.03818563463891899,0.0,0.0,0.0,0.0,0.0,-0.023153304193439514,0.0,0.0,-0.02609806016698021,0.0,0.0,0.0,0.0,0.0,-0.0305531050843946,0.0,0.0,0.0,-0.02737849291676187,0.0,0.016229018760711304,0.0,0.0
2015-10-31,-0.023291112084315228,-0.0290826019382825,-0.02293129581132987,-0.02379278239092761,0.0,0.0,-0.029873254484874028,-0.02157103436386027,-0.023925982883353007,0.0,0.0,0.0,-0.021854454543798814,-0.03463134669229336,0.0,0.0,-0.022203435972838106,0.0,-0.02357845709039698,-0.025896966452255525,-0.022329915025367728,-0.02458258370367765,0.0,0.0,0.0,-0.0323605586791225,-0.0296563054861523,-0.032658577416803246,-0.024518349946670966,-0.02318836729568515,-0.023721274750841643,-0.03457904549111414,-0.023937185940076402,-0.03795137205034135,0.0,0.0,0.0,0.0,-0.024519398702234955,-0.022689471059350895,0.0,0.0,-0.024220490970542716,0.0,-0.018611423318744,0.0,0.0,-0.018733068662328066,0.0,0.0,0.0,0.0,-0.02012078985433723,0.0,0.0,0.0,0.0,0.0,0.0,0.0,0.0,0.0,0.0,0.0,0.0,-0.02057399651622876,0.0,0.0,0.0,-0.024466537210908187,-0.018981276452741006,-0.02260258924419183,0.0,-0.025197665851398408,-0.028641564868035055,0.0,-0.02135234664985991,0.0,0.0,0.0,-0.023028450837343093,-0.022773283677384903,0.0,-0.02206550716803073,0.0,0.0,0.0,0.0,0.0,-0.029305878461961882,0.0,0.0,0.0,0.0,0.0,0.0,0.0,0.0
2015-11-30,0.0,0.0,0.0,0.0,0.0,0.0,-0.029912776230379978,-0.0315440911965359,0.0,0.0,0.0,0.0,-0.019865912212283614,-0.020329852273676202,0.0,0.0,-0.016092746822278774,0.0,0.0,-0.022544641526214177,0.0,0.0,0.0,0.0,-0.016393812655051684,-0.04318157019358402,-0.019150664292390557,-0.028395113904804908,0.0,-0.030820929956154732,-0.033559583578990186,-0.01645402755212735,-0.0339794770517293,-0.036354507704863176,0.0,0.0,0.017324355653793734,0.017006154208233707,-0.029517580191177336,0.0,0.0,-0.02629467495278545,-0.02526282972509531,0.0,0.0,-0.016568475238756635,0.0,0.0,-0.018106052687165586,0.0,0.03400558111762237,0.0,-0.02026704420879367,0.0,-0.023326229367939818,0.0,0.0,-0.016289994851864414,0.0,-0.017806919172032573,0.0,0.0,-0.023298873125400143,-0.023012582220692926,0.0,-0.019509904440390316,0.0,-0.01621957226865741,0.0,-0.02222733795271077,0.0,-0.022881540017123208,0.0,-0.03997780676620331,-0.05377168556637741,0.0,0.0,0.0,0.0,0.0,-0.03067391838665917,-0.028787990103341925,0.0,0.0,0.0,0.0,0.0,0.0,0.0,-0.02154044434482409,-0.021466862080797792,0.0,-0.01627588420049633,0.0,0.0,0.0,0.0,0.0
2015-12-31,0.0,0.0,0.0,0.0,0.0,0.0,-0.016998389023403462,-0.033554436843327456,0.0,0.0,0.0,0.0,0.0,0.0,0.0,0.0,-0.017086950203214834,-0.015686272742479395,0.0,-0.029282880312664156,0.0,0.0,0.0,0.0,-0.026639527386513588,-0.04637970561439366,-0.024119517442131738,-0.027298874435319243,-0.019296590518118745,-0.027898813622201854,-0.033631932052572255,-0.015653450453260224,-0.02569576081733951,-0.03807453955443022,0.016475962152872125,0.0,0.020316917625913294,0.0,0.0,0.0,0.0,-0.018516389071673238,-0.02397175613428439,0.0,0.0,0.0,0.0,0.0,-0.018944965556385997,0.0,0.05126681165623455,0.0,-0.018010088675664608,0.0,-0.031146540723711376,0.0,0.0,-0.01574989315445818,0.0,-0.018762119940626664,0.0,0.0,-0.017842310858496455,-0.02454903090936183,0.0,-0.02025668922846859,0.0,-0.02052103830072427,0.0,-0.02349534283886291,-0.017765686405061657,-0.02737418636938354,-0.018798997916157727,-0.02006756419191846,-0.04455108929470946,0.0,0.0,0.0,0.0,0.0,-0.03114520662556073,-0.02848103807021587,0.0,0.0,0.0,0.0,0.0,0.0,0.0,0.0,-0.025999778513877636,0.0,-0.021575817569240794,0.0,0.027117137194765314,0.0,0.0,0.0
2016-01-31,0.0,0.0,0.0,0.0,0.0,0.0,-0.02265945849894648,-0.029769435423902403,0.0,0.0,0.0,0.0,-0.01410548018300618,0.0,0.0,-0.01371901576303858,0.0,-0.013715316965116338,-0.014924444918189613,-0.032527261300901646,-0.0209897322089257,0.0,0.0,-0.013917928281856722,-0.03316576569990579,-0.04356865686579805,-0.03502919470368739,-0.019567778122030914,-0.022772406715105456,-0.03948970563939605,-0.03896137074549129,0.0,-0.02182553838961656,-0.04454002294496595,0.0,0.0,0.0,-0.01376033053219732,0.0,-0.01619268128453138,-0.019083194953306758,-0.0261597164040176,-0.0219584881459812,0.0,0.0,0.0,0.0,0.0,-0.01705385801347944,0.0,0.07654987476617975,0.0,0.0,0.0,-0.02212210652179475,0.0,0.0,0.0,0.0,0.0,0.0,0.0,0.0,-0.01629344927611337,0.0,-0.01475037826901242,0.0,-0.01680015046835272,0.0,-0.020914718822930528,-0.023292554985737363,-0.028458246203977456,-0.017719765972808926,0.0,-0.030197184282592812,0.0,0.0,0.0,0.0,0.0,-0.027800762077049228,-0.03261477959148328,0.0,-0.014173738030637381,0.0,0.0,0.0,0.0,0.0,-0.014540480842176799,-0.029571142144999056,0.0,-0.024743885040759275,0.0,0.0,0.0,0.0,0.0
2016-02-29,0.0,0.0,-0.016524731951155426,0.0,0.0,0.0,-0.020430808330718864,0.0,0.0,0.0,-0.015945325924167333,-0.017721433965124326,-0.016634597039583393,0.0,-0.017071395322047322,0.0,-0.015574777987360674,0.0,0.0,-0.03083469994524288,-0.017764759805348484,0.0,0.0,0.0,-0.0329969763893921,-0.03131520098368969,-0.026397539374526952,0.0,0.0,-0.03890281153021171,-0.03773278983642603,0.0,-0.026012151622592485,-0.03668899808857663,0.0,0.0,0.0,-0.018503879801589164,0.0,0.0,-0.018557648948913607,-0.02701444969119543,-0.02753661402607036,-0.01898201160646168,0.0,0.0,0.0,0.0,-0.021599957786814113,0.0,0.04837148378904698,0.0,0.0,0.0,-0.031999462602276534,0.0,0.0,0.020017959341332665,0.0,0.0,0.0,0.0,0.0,-0.021090072755394672,0.0,0.0,0.030044625609442453,-0.02059663916800028,0.0,-0.01971045270268807,-0.029092411213773768,-0.031591363828747776,-0.021613573170191247,-0.01958774126474239,0.0,-0.01630487692635089,0.0,0.0,0.0,-0.019407714264428055,-0.028728610837433728,-0.029657796500869468,0.0,0.0,0.0,0.0,0.0,0.0,0.0,0.0,-0.032496673966194926,0.0,-0.032296872503155875,0.0,0.0,-0.01664810959872167,0.0,0.0
2016-03-31,0.01648613591217008,0.0,-0.023278947594810827,0.0,0.0,0.0,-0.02490928354071043,0.0,0.0,0.0,0.0,0.0,0.0,0.0,0.0,-0.02625694308109202,0.0,0.0,0.0,-0.0139661309665909,0.0,0.0,0.0,0.0,-0.032449141868849174,-0.019854906299227065,-0.020939564963441962,0.020022994665332507,0.0,-0.017438435859044917,-0.03708378388613727,0.0,-0.021213777421851952,-0.02381524468468889,0.0,-0.01808025947657686,0.0,-0.02891216574448589,0.0,0.0,0.0,-0.023242817942336493,-0.026446366772148372,-0.014511270072197085,0.0,0.0,0.0,0.02707065807551929,-0.015091069827374992,0.028048017672534814,0.05793751411659881,0.02484207114432083,0.01729672493434029,0.021373358950726413,0.0,0.021060256937495317,0.018462611320491616,0.07965419034888792,0.02803937866238657,0.0,0.0,0.02241447292426321,0.016839669719863965,0.0,0.01660902346721502,0.02769040318950479,0.05646197533626465,0.0,-0.014290622908827086,0.0,-0.01768313139479861,-0.02692189190776832,0.0,0.0,0.01827647232186744,0.0,0.0,0.0,0.018675033621336323,0.0,0.0,-0.016353280465921098,0.0,0.0,0.0,0.0,0.0,0.0,0.0,0.0,0.0,0.0,0.0,0.0,0.0,0.0,0.0,0.0
2016-04-30,0.0,0.0,-0.01811664510393451,0.0,0.0,0.0,-0.014434969092232743,0.0,0.0,0.0,-0.014447489762670924,0.0,0.0,0.0,0.0,0.0,0.0,0.0,0.0,0.0,0.0,0.0,0.0,0.0,-0.03724097084201671,-0.023461228281943018,0.0,0.023453428954843036,0.0,-0.023898337881014385,-0.04142705725626824,0.0,-0.015190684768045769,-0.03337296345361528,0.0,-0.021130749070588758,0.0,-0.0286469301320518,0.0,0.0,0.0,-0.024741202486388336,-0.018560245778499417,-0.014057251020159168,0.0,0.014508155727106857,0.0,0.016367265473359104,0.0,0.020311533226105502,0.026116593906705066,0.02150911524641103,0.0143209946632517,0.015104193235142682,0.0,0.023862700914215124,0.02267017744217716,0.09141056479523402,0.029914241724176265,0.01467582305649604,0.0,0.021623322380788533,0.020835066998821757,0.032414833355473904,0.03548082688176159,0.02660728465918958,0.042602122563741227,0.0,0.0,0.0,-0.019404021287202887,-0.01742595324279078,0.0,0.0,0.0366449800751547,0.0,0.0,0.02230722730753777,0.022482154824738792,0.0,0.0,0.0,0.0,0.0,0.0,0.0,0.0,0.0,0.0,0.0,-0.0165921310043258,0.0,-0.022628562123820067,0.0,0.0,0.0,0.0,0.0
2016-05-31,0.011237615599654714,0.0,0.0,0.0,0.0,0.0,0.0,0.014415184443543826,0.0,0.0,0.0,0.0,0.0,0.011273821962997805,0.0,0.0,0.0,0.014279412502992623,0.0,0.0,0.0,0.0,0.0,0.01147100401890864,-0.016674566703661485,0.0,0.012426789074977964,0.02888420322447154,0.012075606137372262,0.0,0.0,0.0,0.0,0.0,-0.013826975159739291,-0.016874196573874997,0.0,-0.01806310889160308,0.0,0.0,0.0,0.0,0.0,0.0,0.0,0.012399751301471518,0.0,0.0,0.0,0.03120305194798139,0.015189120044017436,0.033233638403457985,0.022344386289779906,0.02137407978907089,0.02119640788828917,0.03752419000177232,0.03876283116953033,0.07067747366150205,0.030224884523794675,0.03421062472155393,0.0,0.034293613357622175,0.034058511709381546,0.04085665256836626,0.044911028839470665,0.039082043621409275,0.041568328754189934,0.013146077458675841,0.013251284347431115,0.03505227188952325,0.0,0.0,0.018244039987809088,0.0,0.03362681335634872,0.020745752675910126,0.014961426026259226,0.02947876902376485,0.02358966277337329,0.0,0.0,0.01329079957444475,0.0,0.0,0.0,0.0,0.0,0.0,0.0,0.0,0.0,0.0,0.0,0.0,0.0,0.0,0.0,0.0
2016-06-30,0.022437265813874646,0.0,0.0,0.0,0.0,0.02520283494422174,0.0,0.023656650571544716,0.014263839436084213,0.0,0.0,0.0,0.016498547533071388,0.018518224909793518,0.0,0.013454898742372174,0.0,0.0,0.0,0.0,0.0,0.0,0.0,0.013290587420762437,0.0,0.0,0.03962114305112661,0.028412436880327352,0.01717225454869941,0.0,0.0,0.0,0.0,0.0,-0.018676499596179452,-0.01838981791015542,0.0,-0.0205517677441696,0.0,0.0,0.018948205101600012,0.0,0.0,0.0,0.0,0.014790556625173229,0.0,0.0,0.0,0.03075932875802529,0.0,0.033624663373312734,0.02078133330227574,0.019022320745247477,0.017236816379986867,0.027495317284225284,0.024574898132207635,0.0369723893046113,0.0,0.02581879746525401,0.0,0.03569683838507998,0.03546895356719665,0.04298851988942324,0.05046936877685597,0.039388375279685674,0.022799337888693438,0.0,0.0,0.03105124511313628,0.0,0.0,0.0,0.0,0.0,0.02928073920011072,0.016276361964426462,0.027553816821838207,0.03012346834397249,0.0,0.0,0.014565839977438893,0.0,0.0,0.0,0.0,0.0,0.0,0.0,0.0,0.0,0.0,-0.014392625261739808,0.0,0.02191055062090463,0.027862563335195496,0.0,0.0
2016-07-31,0.02228617313987826,0.015338005015034156,0.0,0.0,0.0,0.0,0.0,0.0,0.0,0.0,0.0,0.013501533763432797,0.01680190677713006,0.018274684020926746,0.0,0.0,0.0,0.01855820218274016,0.0,0.01680834022187547,0.018061442506549362,0.0,0.0,0.01735205148710248,0.0,0.0,0.03236058513466113,0.023014244393870252,0.0,0.0,0.0,0.016230721366924862,0.0,0.014109240842692501,-0.014979540950737329,0.0,0.0,-0.014326453463408115,0.0,0.0,0.02362754613581827,0.0,0.0,0.0,0.014074419388151627,0.02080681357245399,0.0,0.0,0.0,0.026942484367035426,0.0,0.028566642755427342,0.02796768433288407,0.02502304302141906,0.030322804253169647,0.029493272001793587,0.02159925919190426,0.0,0.0,0.03135306389694752,0.0,0.033054425341460074,0.039100404192854286,0.05564184553264594,0.05852963602099701,0.03299410751519758,0.0,0.02126825322188109,0.0,0.03709620920759361,0.0,0.0,0.020744704888569464,0.0,0.0,0.03121098492426841,0.016221794555930258,0.018273259109381282,0.028203847759610177,0.0,0.0,0.0,0.0,0.0,0.0,0.0,0.0,0.0,0.0,0.0,0.0,0.0,0.0,0.0,0.027351774016453334,0.028528595529189002,0.0,0.0
2016-08-31,0.0,0.01829554909502551,0.0,0.014736048423983789,0.0,0.0142043812296528,0.024518905491612425,0.0,0.01630420879378118,0.0,0.0,0.0,0.02309024312139186,0.02107251639690233,0.0,0.014147054221372465,0.0,0.028099847211264805,0.0,0.0,0.0,0.0,0.0,0.0,0.019801658998740413,0.0,0.03409649417755761,0.02273861241493282,0.0,0.0,0.026546361882730664,0.019176157522418625,0.0,0.01694476710745056,0.0,0.0,0.0,0.0,0.0,0.0,0.021357579073018655,0.0,0.0,0.0,0.0,0.0,0.0,0.0,0.0,0.027009975455086068,0.0,0.03270894196028845,0.027257668105989338,0.0,0.020312260434021453,0.0,0.016657712929751683,0.0,0.0,0.027608691842958548,0.0,0.02933647766211448,0.03975797535261943,0.05168677032987582,0.05857574876862967,0.03457323720556122,0.0,0.0,0.0,0.029874962925617393,0.0,0.014288656620492123,0.020743390267892958,0.0,0.0,0.0391940433413775,0.023740045432897833,0.02821439451666857,0.026066067513447835,0.01357313287997528,0.0,0.025701716448937116,0.0,0.0,0.014305528210985007,0.0,0.0,0.0,0.0,0.0,0.0,0.0,0.0,0.015779746811496367,0.02206586080911459,0.025836609012364873,0.0,0.0
2016-09-30,0.0,0.0,0.0,0.02121481645395827,0.019253717911242307,0.024725169577424804,0.026048654684405998,0.0,0.0,0.0,0.013577696972237863,0.0,0.025551742286782714,0.013588434849619132,0.0,0.0,-0.0170452455591824,0.02025102781460046,0.0,0.0,0.0,0.017383955433148652,0.0,0.0,0.04312608614953254,0.016362071805410033,0.041778790834291514,0.02801901368672442,0.0,0.016278757804490035,0.05256307601149583,0.013043108019293955,0.0,0.0346670594718696,-0.015389231175903871,0.01324402037184037,0.0,-0.024106307589020628,0.0,0.0,0.022339010953905482,0.0186249266612563,0.0,0.0,0.0,0.0,0.0,0.0,0.0,0.027215288143358687,0.0,0.030954881266709998,0.03220121374432842,0.0,0.018060012551783522,0.0,0.0,0.0,0.0,0.014008906489830298,0.0,0.02847610274309845,0.044468524906511334,0.03758140143620001,0.028031697686883014,0.03599717676677716,0.0,0.0,0.0,0.03423335176129084,0.0,0.0,0.0,0.0,0.0,0.023644206221846802,0.0,0.0,0.0,0.0,0.0,0.0,0.0,0.0,0.015419039578461618,0.0,0.0,0.0,0.0,0.015220326319402736,0.0,0.0,0.0,0.0,0.0,0.01542326701977356,-0.029990363886242093,0.030892317399864307
2016-10-31,0.0,0.0,0.0,0.0252303426728018,0.0,0.019267791153087594,0.019222453302614503,0.017945721426326954,0.018377526865853887,0.0,0.0,0.0,0.026111440171242013,0.0,0.0,-0.012974246573243805,-0.01732571285286536,0.0,0.0,-0.01365355752473108,0.0,0.014791519221609387,0.0,0.0,0.056248715387492855,0.033300117912243785,0.047514530812228284,0.05240638939450776,0.014024402824541374,0.0,0.020891810703108853,0.0,0.0,0.05431683380585683,-0.015613802907239845,0.0,0.0,-0.044886395057019315,-0.025808086663703243,0.0,0.016882359483247823,0.0,0.0,0.0,0.0,0.020527415613278904,0.0,0.016225636222762196,0.02655013533620491,0.0,-0.019875128195543174,0.01777688256967586,0.02751021265156803,0.0,0.015506161645962838,0.0,0.0,0.0,0.0,0.0,0.0,0.0,0.021997964219444242,0.021202835211699283,0.0,0.0,0.0,0.0,-0.021387729365587464,0.024143629718582606,0.0,0.013037884032985612,0.0,0.0,-0.013831892372824272,0.0,0.0,0.0,0.0,0.02167003547580976,0.0,0.0,0.0,0.0,0.0,0.0,0.0,0.0,0.0,0.022515049577657823,-0.0156029361570016,0.0,-0.025100882690128785,0.0,0.0,0.0,-0.05311739533302723,0.0356264368946889
2016-11-30,-0.018458693166943287,0.0,0.0,0.016618751820036498,0.0,0.0,0.0,-0.015878842463606758,0.0,0.0,0.0,0.0,0.0,0.0,0.018841991764029096,0.0,0.0,0.055071293427071975,-0.020530873024501947,0.0,0.0,0.028046730415341503,0.0,0.0,0.028596730067529254,0.013349786984074128,0.014008274908389925,0.027760359843573564,0.014933342198552151,0.015055784709509584,0.0,-0.01353364181240171,0.0,0.04453352531789793,0.015931059988127303,0.029337790241975165,0.0,0.0,-0.018060567644044522,0.0,0.015372546794654437,0.036715445425116275,0.0,0.024288775713304324,0.0,0.029394267430125815,0.0,0.027746737703906954,0.0258835105639035,0.0,0.0,0.013137757282513426,0.02333161743306691,0.0,0.0,0.0,0.0,0.0,0.0,0.013223353975614515,0.0,0.0,0.02873288264562677,0.019794236174867592,0.0,0.0,0.0,0.0,0.015281247377085146,0.05630258835999189,0.02732772865362855,0.03116606611065582,0.03890366750673139,0.0,0.0,0.0,0.0,0.017805725922159555,-0.015167185374863149,0.0,0.0,0.021009258658879256,0.0,0.017725168613239944,0.0,0.0,0.0,0.0,0.0,0.0,0.0,0.0,0.0,0.0,0.0,0.0,-0.07004276634933175,0.023099426133126787
2016-12-31,0.0,0.015639595119645393,0.0,0.02373521036237218,0.0,0.01860162331870078,0.0,0.0,0.0,0.0,0.022867053175473773,0.022328617394816598,0.027124013180408454,0.0,0.022425452135460218,0.0,0.023884984021196803,0.01987460616891601,0.0,0.0,0.0,0.0,0.0,0.0,0.025362733034528896,0.0,0.0,0.0,0.0,0.0,0.0,0.0,0.0,0.030624079212539557,0.03127144652069421,0.022817226282536917,0.0,0.020279068619312297,-0.017240902571039694,0.0,0.019363702392517456,0.050588331798209124,0.0,0.027717459525276773,0.0,0.02427059526233705,0.0,0.0394531121174113,0.035154760789661094,0.0,0.0,0.0,0.0,-0.01612677722523404,0.0,0.0,-0.015584129428825371,0.0,-0.01566406905779828,0.0,0.0,0.0,0.0,0.0,0.0,0.0,0.0,0.0,0.0252933421995287,0.03569095668716424,0.01845009978716861,0.028517344595089606,0.027802273050837635,0.01902524807647938,0.02101874706113327,0.0,0.024518463607416118,0.039955376053024835,0.0,0.0,0.015687550656997642,0.026597092365036896,0.0,0.0,0.021262383274067216,0.0,0.0,0.03121673427231683,0.033738882580476595,0.02563703118779485,0.0,0.0,0.0,0.0,0.0,0.0,-0.017588925830555265,0.0
2017-01-31,0.0,0.027584721008317135,0.017522150641807926,0.025606193739544564,0.0,0.015282204354109381,0.0,0.0,0.0,0.0,0.014897154808589561,0.036872018828803726,0.021993010578736417,0.0,0.03002195010902266,0.0,0.031153537743736557,0.0,0.0,0.0,0.0,0.017084556777394212,0.017172116462122217,0.020178982703110016,0.01964732511890017,0.0,0.02555291773671413,0.0,0.0,0.0,0.0,0.0,0.0,0.020355795182131996,0.03557221097216006,0.02365943157052381,0.03229379062067386,0.023362740675920115,0.0,0.0,0.02989195974607653,0.04737452409346498,0.0,0.03887229117294027,0.02471675673779165,0.03471117182243855,0.0,0.05102782460477984,0.045569546756432495,0.0,0.0,-0.016059837110033802,-0.014099629524195753,0.0,0.0,0.0,-0.017840409910360972,0.0,-0.01897524677200999,0.0,0.0,0.0,0.0,0.0,-0.014917282474985902,0.0,-0.017476098797152312,0.0,0.02294738570420444,0.0,0.014334413116190287,0.016367632798889756,0.0,0.0,0.0,0.0,0.0,0.025672830284900323,0.0,0.0,0.0,0.0,0.0,0.0,0.0,0.0,0.0,0.019758180369115103,0.03382862585739891,0.022614577961909056,0.0,0.0,0.01713096475241054,0.0,0.0,0.0,0.0,0.0
2017-02-28,0.0,0.016745589329878678,0.015070987430116893,0.0,-0.01785053589294578,0.0,0.0,0.0,0.0,0.0,0.0,0.018673244106440622,0.01626717030808693,0.0,0.02062514546447378,0.0,0.016924435242873813,0.0,0.019067902128242317,0.0,0.016293233539136708,0.0,0.015720332939155788,0.022329533035064988,0.0,0.0,0.0,0.0,0.0,0.0,0.0,0.0,0.016586472816835163,0.017384667686828587,0.019496623313100186,0.0,0.0,0.0,0.0,0.0,0.04125867181265861,0.03572125834379818,0.0,0.01948650491327178,0.015088292107216216,0.03805287171304862,0.0,0.0504663606055011,0.034895123563597655,0.0,0.0,0.0,0.0,0.0,0.0,0.0,0.0,0.0,0.0,0.0,0.0,0.0,0.0,0.0,0.0,0.0,0.0,0.01774238229120971,0.03785893498887967,0.015431520471515277,0.03780337544849699,0.029340292489705756,0.03310024991693594,0.026815186411497934,0.037542708954926236,0.0,0.015560211829308212,0.025744914007842085,0.0,0.0,0.0,0.0,0.0,0.0,0.0,0.019451689494013186,0.0,0.023169926455219595,0.041299028680801264,0.035663849299985374,0.0,0.0,0.021930082375254387,0.0,0.017543521539008244,0.02566742393063503,0.02673557010279927,0.027594175019693495
2017-03-31,0.0,0.019992463385377596,0.0,0.0,-0.018763410482557082,0.0,0.0,-0.01635381231940711,0.0,0.0,0.0,0.0,0.0,0.0,0.020162072814270238,0.0,0.0,0.0,0.0,0.0,0.0,0.0,0.012669342960223826,0.0,0.0,0.0,0.0,0.0,0.0,0.0,0.0,0.0,0.02236537839967967,0.0,0.039327604139312196,0.033992884381181705,0.0,0.017756825383978395,0.0,0.0,0.026909957812829607,0.02832433966997024,0.0,0.0,0.0,0.023395443553075667,0.0,0.025398041109446975,0.012674759590818546,0.0,0.01596481129492528,-0.013593401598042227,-0.015166759881247044,0.0,0.0,0.0,-0.01405883626823834,-0.015430176139131568,-0.01548840349266475,0.0,0.0,0.0,0.0,0.0,0.0,0.0,-0.018593029403360693,0.0,0.03775391042010051,0.0,0.02472212370849735,0.0,0.03663681834015859,0.027313809688777235,0.033611951333215734,0.02347986812975893,0.023482305758216606,0.03768357529947478,0.02212622382752846,0.0,0.0,0.019760354474332123,0.0,0.0,0.0,0.05584074878399735,0.0,0.019858019956898815,0.058547476975890425,0.02630921222299355,0.027598738381637563,0.0,0.024287228070221115,0.0,0.0,0.02406376844062174,0.02240493313778138,0.02813717897015902
2017-04-30,0.0,0.0,0.020367627940207345,0.0,-0.024378805597563415,0.017874022901340214,0.0,0.018257186264785043,0.0,0.0,0.0,0.018740305551349947,0.01647463616739886,0.0,0.0,-0.023263929425953025,-0.016378375704143733,0.0,0.03013131794259393,0.0,0.015332578964637883,0.0,0.01881471366064861,0.0,0.0,0.0,0.016484982075542196,0.0,0.0,0.022902280729429115,0.016472753973393893,0.020045214070980415,0.020242556160649402,0.0,0.01977734647281,0.027756521999903784,0.0,0.0,0.0,0.0,0.0,0.0,0.027959088822729232,0.0,0.0,0.0,0.0,0.0,0.0,0.0,0.0,0.0,0.0,0.0,0.0,0.0,0.0,0.0,0.0,0.0,0.0,0.0,0.0,0.0,0.0,0.0,0.0,0.0,0.0292684308135382,0.0,0.0189661810916357,0.0,0.01796559821847389,0.03454342446774167,0.02559352637202725,0.014400916522883618,0.024718032801007983,0.026422828398611105,0.02501122250137337,0.015110623262385138,0.0,0.015552425729243717,0.0,0.0,0.0,0.059148055458604396,0.0,0.026116686940532395,0.04397148396403563,0.05775059285925222,0.025403540208686976,0.0,0.021549993920686412,0.030016260712380817,0.0,0.023871025827198758,0.03675747706800876,0.036207428435632134
2017-05-31,-0.015774702185105932,0.0,0.0,-0.01730890037800693,-0.05768188762944245,0.0,-0.019126456371888024,0.0,-0.026742547418182626,0.0,-0.020826035946412743,-0.012689568180884082,-0.013010515110330221,0.0,0.0,-0.06539323018580045,-0.04645672504992654,0.0,0.050511223081038954,0.015571729171223209,0.0,0.0,0.03877630704631968,0.0,0.0,0.0,0.0,0.015197226211840748,0.0,0.0,0.013050683624269066,0.020565826418357146,0.02570845682905613,-0.012994808716907958,0.0,0.016429855935237044,0.0,0.0,0.03187528360311975,-0.03708581908392766,-0.022010925842670583,-0.013585426537932684,0.0,-0.0197907790378735,-0.02270760594806541,-0.02049644061804033,0.0,-0.01398563757292213,-0.025425976131300817,0.0,0.0,0.016018958255501585,0.0,0.023248681758751864,0.0,0.0,0.0,0.0,0.0,0.0,0.0,0.0,0.0,0.0,0.0,-0.01912607870714558,0.0,0.0,0.0,0.0,0.0,0.0,0.0,0.013463776031133207,0.019551726597963514,0.0,0.0,0.0,0.0,0.013408615303862493,0.0,0.0,0.0,0.017113841741938394,0.0,0.04779149378235387,0.0,0.0,0.023314792113985554,0.042273461448487454,0.0,0.0,0.0,0.02604400072763933,0.0,0.0,0.0,0.027863993665154387
2017-06-30,-0.02120944310550267,-0.024191598107670624,-0.01736598582426719,-0.015389165897184332,-0.061417655336205045,0.0,-0.020391993631209398,0.0,-0.022108206898286884,-0.016044027523092495,0.0,-0.017219428692314034,0.0,0.0,0.0,-0.0589205914142108,-0.0464183252083463,0.0,0.03862782374349762,0.0,0.0,0.0,0.018685836424262574,0.0,0.0,0.0,-0.015622425691868797,0.0,-0.012802697996514581,0.018983524791857994,0.0,0.0,0.0,-0.01769011150816008,0.0,0.0,-0.028532719058792632,-0.024072722909599602,0.015387476401668293,-0.03930318152149397,-0.02227254877336492,-0.020711795573436297,-0.013495571973787406,-0.02779078976022698,-0.028230253638194577,-0.018920821412737963,0.0,0.0,-0.026061477849257133,0.0,-0.019277958733619538,0.0,0.0,0.026655344897523064,0.01966279603113764,0.02409835128770604,0.0,0.0,0.0,0.0,0.0,0.0,0.0,0.0,0.0,0.0,0.0,0.0,0.0,0.0,0.0,0.0,0.0,0.0,0.024619254132609594,0.0,0.0,0.0,0.0,0.0,0.0,0.0,0.0,0.04355473564791644,0.0,0.025322479178335425,0.0,0.0,0.019336493366954075,0.03778321570657136,-0.017887931661520452,0.0,0.0,0.020438832600561153,0.0,0.0,0.0,0.013494406088534147
2017-07-31,0.0,0.0,-0.01668308111132557,-0.017220870522244355,-0.0354410783474255,-0.020752637080174764,-0.02526765278283828,0.019579089908554014,-0.01805093621244379,0.0,-0.01985756916212922,-0.021783115187035237,-0.02224818412955312,0.0,0.0,-0.06154908383522808,-0.027895619122174118,-0.02005746394003916,0.0,0.0,0.0,0.0,0.0,-0.018478075947355448,0.0,-0.01815825780367883,0.0,0.0,0.0,0.0,0.0,0.0,-0.023166115252102625,-0.025384829054159994,0.0,0.022663103523494158,0.0,0.0,0.0,-0.053798166781416135,-0.03632852458029787,-0.020258754314725205,0.0,-0.02965294835110388,-0.022975765723611277,-0.029589882251179585,0.0,0.0,-0.03029770305037679,0.0,-0.016663865688203237,0.0,0.0,0.01773706070616358,0.0,0.0,0.0,-0.02233910609018173,0.0,0.0,0.0,0.0,0.0,0.0,0.0,-0.019144854377545498,-0.02225571736273338,0.0,0.0,-0.01842776538446748,0.0,-0.0162473505996857,0.0,0.0,0.0,0.0,0.0,0.0,0.0,0.0,0.0,0.0,0.0,0.04607844743510591,0.0,0.024090498000246426,0.0,0.0,0.028210034410102752,0.02653589828099954,-0.02339572331180094,0.0,-0.02009332424378349,0.019888548899524447,0.0,0.0,-0.021753297234788842,0.0
2017-08-31,0.0,0.0,0.0,0.0,0.0,0.0,-0.020810794617499698,0.016986574711741954,0.0,0.0,0.0,-0.025197355389967636,0.0,0.0,0.0,-0.03898858256368901,-0.021803111400818958,-0.013896272833511072,0.0,0.019529717723564922,0.030568729237202347,0.01492501687021325,0.013331347910625084,0.0,0.021256938006540407,0.0,0.0,0.03900404472985087,0.0,0.0,0.0,0.0,0.0,-0.026681414889650503,0.0,0.030404565167957597,0.02171592243288536,0.0,0.031543145002893395,-0.036991230378927556,-0.03298176012106836,-0.019464281235720405,-0.02327457360235621,-0.019496755713162752,-0.027910271452396763,-0.034705971974285196,0.0,0.0,-0.030770495064461178,0.0,-0.02525986402254778,0.0,0.0,0.020724741775083384,0.03444951234476914,0.0,0.0,-0.022029995500506723,0.022800813065071902,0.0,0.022145239640664043,0.0,0.0,0.0,0.0,-0.016156535139688108,-0.020908669952216304,0.0,0.0,0.0,0.020645769983996663,0.015523511612261854,0.0,0.0,0.0,0.0,0.0,0.0,-0.020289374547164417,0.0,0.0,0.0,0.0,0.0392254584576752,0.0,0.02327903883671579,0.0,0.0,0.021206897429439854,0.04236781393867176,-0.02074789072253654,0.0,0.0,0.0,0.0,0.0,0.0,0.0
2017-09-30,0.0,0.0,-0.02024908148273171,-0.017062325752720608,-0.014965255670073955,-0.015281936182662825,-0.020900442249656814,0.0,-0.017582598630552632,0.0,0.0,-0.025726860228146402,0.0,0.0,0.0,-0.03173739598659687,0.0,0.0,0.0,0.0,0.02201457707458974,0.0,0.0,0.01655554468280326,0.0,0.0,0.0,0.029279319245063943,0.0,0.0,0.0,0.0,0.0,-0.034012740913659925,0.0,0.0,0.018439243207923568,0.0,0.034032098077587385,-0.037821204938849044,-0.027291136558310253,-0.02409342671152422,-0.02479876067117635,-0.030604967455419997,-0.030880489403549184,-0.030116629763929946,0.0,0.0,-0.02816049129191441,0.021047142952124006,0.0,0.01973934855903278,0.0,0.033827683318986446,0.0351861046156496,0.021811000595103026,0.0,0.0,0.017487652523759157,0.0,0.0335737471405568,0.0,0.0,0.0,0.0,0.0,0.0,0.0,0.015897296465932922,0.0,0.03376392420396109,0.021435423270507785,0.0,0.019654997232983668,0.020715536678221066,0.0,0.0,0.0,0.0,0.0,0.0,0.0,0.0,0.03878878271478561,0.021385488239606936,0.024294120855981052,0.0,0.0,0.018631896020614314,0.02651857360568922,-0.0246347548270615,0.0,0.0,0.0,0.0,0.0,0.0,0.0
2017-10-31,0.0,0.024860425395538798,0.0,0.0,0.015816953799355004,0.0,0.0,0.016663822022825996,0.0,0.0,0.02183596518817504,0.0,0.0,0.0,0.020458859171726507,0.0,0.021962107735265603,0.0,0.0,0.0,0.04413995822373904,0.030911019825586267,0.020330000950024383,0.03592188991012673,0.0,0.0,0.0,0.023336774061519266,0.0,0.0,0.0,0.0,0.0,-0.036414243023259574,0.030895656437111445,0.022711514892798577,0.034901397486013015,0.027419222256921803,0.0,0.0,0.0,-0.013696514372108807,0.0,0.0,0.0,0.0,0.0,0.032429447383041855,0.0,0.014462045242090743,0.0,0.0,0.0,0.01852759146801433,0.021857102169462767,0.015415228411295338,-0.015173125497973781,0.0,0.022196713153955726,0.0,0.026110043666009046,0.0,0.0,0.0,0.0,0.0,-0.01931176092177827,0.0,0.014407871644266624,0.0,0.0298636309179725,0.018655612806444174,0.0,0.027426172932502667,0.0,0.0,0.0,0.0,0.0,0.01508864898544179,0.015214827780163384,0.0,0.0,0.03764629599245634,0.02224353544276108,0.05562952392944251,0.0,0.02560012088815686,0.040650340032797834,0.024623328397926577,-0.01570813866065153,0.0,0.029482568923298372,0.0,0.0,0.0,0.0,0.0
2017-11-30,0.0,0.020138467548723494,0.017446397385559333,0.0,0.021653735289560022,0.013785417064164498,0.0,0.030333093961683905,0.0,0.020237230240593505,0.0,0.0,0.0,0.022374982354451872,0.0,0.0,0.024282376560949524,0.026547108820630258,0.0,0.028430664447587475,0.03092452127513552,0.02106415440064778,0.016711561847404768,0.022001545294882702,0.0,0.0,0.013354874614225982,0.0,0.0,0.0,0.0,0.0,0.0,-0.023608033908984354,0.03592368950981449,0.02394312723443574,0.0324151800082802,0.03879115269627817,0.0,0.0,0.0,-0.016313300767254544,0.0,0.0,0.0,0.0,0.0,0.020073820671902696,-0.014072350694735334,0.0,0.0,0.0,0.0,0.0,0.0,0.0,0.0,0.0,0.0,0.0,0.01887821245200513,0.0,0.0,0.0,-0.012553780576374391,0.0,0.0,0.0,0.019705367533155223,0.0,0.023542510159216004,0.017168683176832105,0.0,0.026061127618645496,0.0,0.0,0.0,0.0,0.0,0.032312405679092736,0.028294553910857844,0.026738284943260006,0.0,0.028319061097593672,0.025125088019608117,0.06572404679991332,0.0,0.032484357955424016,0.036009326242398665,0.02124579243707552,0.0,0.0,0.028667452470552714,0.022743162330108885,0.0,0.0,0.0,0.0
2017-12-31,0.0,0.024441516224294187,0.01945629031533503,0.0,0.025269297910179605,0.024243711104571058,0.01718950782890848,0.01747963000412353,0.0,0.030058231943698378,0.026962798422005857,0.0,0.01888538261638828,0.01670549705315909,0.023222242836023716,0.014964757618689381,0.0,0.019746763001238326,0.0,0.033647278307320366,0.038636038689176685,0.025447809238447215,0.02984827434224197,0.028233544162480514,0.0,0.0,0.0,0.0,0.0,0.0,0.0,0.0,0.014855588908402112,-0.026589565487201688,0.030555559373806263,0.03131035175021322,0.02598967044124239,0.038189159790363254,0.0,0.0,0.0,-0.024885140495352932,0.0,0.0,0.0,0.0,0.0,0.0,0.0,0.015802520405966122,0.0,0.0,0.0,0.01566465576242961,0.0,0.0,0.0,0.0,0.0,0.0,0.0,0.0,0.0,0.0,0.0,0.0,0.0,0.0,0.018978493342819733,0.0,0.015965901298381064,0.01580248537594806,0.0,0.0,0.0,0.0,0.0,0.0,0.01593659670988047,0.02691987602967589,0.0,0.02733986170271069,0.0,0.034841928675078446,0.03413990961193228,0.0470373051345182,0.0,0.028253864049374848,0.02300145393633234,0.027910145781354742,0.0,0.0,0.025591394318734074,0.0,0.0,0.0,0.0,0.0
2018-01-31,0.0,0.02519431605503774,0.022957849424578642,0.0,0.02696282050068869,0.028112100913371213,0.019411115525439476,0.01678005605997421,0.0,0.020216331579546918,0.021762168891796996,0.0,0.017185699625003003,0.016505125595344144,0.015346647646023386,0.0,0.0,0.015263213488168073,0.0,0.041876930479723455,0.035361046284273716,0.031386873123013234,0.02779166290371238,0.01886971979408752,0.0,0.0,0.0,0.0,0.0,0.017999150421794546,0.0,0.0,0.0,-0.0209982225510615,0.038908240895765424,0.029064375311428026,0.029388025048890005,0.046496337258566056,0.0,0.0,0.0,0.0,0.0,0.0,0.01796117810890509,0.0,0.0,0.015820555871686754,0.0,0.0,0.0,0.0,0.0,0.0,0.0,0.0,0.0,0.0,0.0,0.0,0.0,0.0,0.0,0.0,0.0,0.0,0.0,0.0,0.01724213867252846,0.0,0.0,0.0,0.0,0.0219623170838029,0.0,0.0,0.014899078812623805,0.024079843436912145,0.028089051653981213,0.02184110018450255,0.0,0.019639747523744033,0.0,0.04516647889189905,0.03892837715359659,0.03141362805260447,0.0,0.02864104955469691,0.01941142582249861,0.022679633302192626,0.0,0.0,0.03166109252524884,0.016725273971287626,0.0,0.0,0.0,0.0
2018-02-28,0.025099986496590607,0.02203951736996301,0.027596573853160753,0.02614232875562531,0.028169669672017516,0.02529963391979602,0.018885663336279723,0.0,0.0,0.016562696879299253,0.02142192007917189,0.0,0.0,0.0,0.0,0.0,0.0,0.020907746040435472,0.0,0.044691769809085645,0.035298054599442207,0.02686007606118848,0.02394756377699426,0.02007628114255417,0.0,0.0,0.0,0.0,0.0,0.027508786124440035,0.0,0.0,0.0,0.0,0.036704358898260514,0.04282354485874605,0.0251722295469113,0.024630219490242636,0.0,0.0,0.018942456771141394,0.0,0.0,0.019831824939839583,0.03035351186902493,0.018014576914643813,0.0,0.0,0.0,0.0,0.0,0.0,0.0,0.0,0.0,0.0,0.0,0.0,0.0,0.0,0.0,0.0,-0.015359787000677506,0.0,0.0,0.0,0.0,0.0,0.015495562169725696,0.0,0.0,0.0,0.0,0.0,0.0,0.0,0.021838263505866144,0.027545600685370604,0.022657764842158517,0.017073467738828434,0.0,0.0215122690380332,0.0,0.04033994646237179,0.03376693635987643,0.02621505212237293,0.0,0.03009415787614179,0.015600835135185348,0.0,0.019656197805025,0.0,0.02465520288968766,0.0230539939602413,0.018153971203583124,0.0,0.0,0.0
2018-03-31,0.0,0.0,0.0,0.0,0.0,0.030958381723311276,0.0,0.0,-0.016818977767608434,0.0,0.0,0.0,0.0,0.0,0.0,-0.015043922184101997,-0.021552552396773717,0.02876408451199769,0.0,0.058586611018947105,0.0,0.0,0.019274481260942753,0.020205870440196366,0.0,-0.021035856741012285,0.0,-0.024419161833703695,-0.03192871027017154,0.021590973230159214,0.0,0.0,0.0,0.0,0.026051704108434187,0.02657967410993538,0.0,0.01457900539443624,0.0,0.0,0.0,-0.028550862615023057,0.0,0.0,0.0182131935281856,0.0,0.0,-0.013788235975252172,0.0,0.0,-0.033273678577553714,-0.013571744578006325,0.0,0.0,0.0,0.0,0.0,0.0,0.0,-0.018240951086957276,-0.024840470835335693,-0.01451006036202733,-0.027276930045157428,-0.016684330058960348,-0.029890621763563163,0.0,0.0,0.0198289616348085,0.044886705284861626,0.02346163785732048,0.024044262714150128,0.017732667695754253,0.0342340536292808,0.0,0.0,0.0,0.029322756743528126,0.05103082692000423,0.03536226642953063,0.0,0.0,0.03157284037253676,0.0,0.015110827059676906,0.01995205537924233,0.0,0.0,0.0,0.0,0.0,0.019172462855649337,0.0,0.018056629005901926,0.0,0.0,0.0,0.0,0.0
2018-04-30,-0.016979697910384655,0.0,0.022222907869191896,0.0,0.0,0.023942134051904013,0.0,-0.020178797979146654,0.0,0.0,0.0,0.0,0.0,0.0,0.0,0.0,-0.029440464962220164,0.028067841055036902,-0.014774502856201046,0.059955700057704064,0.0,0.0,0.019138058706309503,0.030645726735958743,-0.015264715246948831,-0.027591078785057198,0.0,-0.02643562967565106,-0.027143675421119593,0.02192737427681695,-0.024326123577836548,0.0,0.0,0.016425011347907952,0.0317188877171018,0.038421954331072865,0.0,0.02767158309091696,0.0,0.0,0.0,0.0,0.0,0.0,0.020193928189357585,0.0,0.0,-0.020217544457119634,0.014421859283239372,0.0,-0.022278331857604108,0.0,0.0,-0.0201622077044525,0.0,0.0,0.0,0.029843293627873083,0.0,-0.016156659158024993,-0.0267474248319041,0.0,-0.025900159791449443,0.0,0.0,0.020717000219908452,0.0,0.01795636693471676,0.04408511364926477,0.01976752531094358,0.01942772909086987,0.015515847951728397,0.03546228921634705,0.0,0.0,0.0,0.0,0.03440683605218226,0.028223469718563873,0.0,0.0,0.0,0.0,0.0,0.0,-0.021914004003783023,0.0,0.0,0.0,-0.024330543296179792,0.0,0.0,0.0,0.0,0.0,0.0,0.0,0.0
2018-05-31,0.0,0.0,0.034526405752646316,0.016663477066385653,0.0,0.02141636336349035,0.0,-0.02401072765973757,0.0,-0.015548772654914361,0.014940282569062989,0.0,0.0,0.0,0.0,0.0,0.0,0.03585856834708215,0.0,0.06847145649660377,0.016742348444578597,0.01956230030794024,0.03098067676822324,0.04446563322085072,0.0,0.0,0.028498659783817687,-0.020072760000429256,-0.028250583325312946,0.027214775203686245,0.0,0.018259882305196422,0.0,0.0273596416033856,0.03578059051674106,0.0294579280875203,0.017551780899280476,0.02489957209628491,0.0,0.0,0.021763831967934494,0.0,0.01900213906477008,0.017016324993484832,0.0,0.0,0.0,-0.017813753531893593,0.0,0.0,0.0,0.0,0.0,-0.016200581700917017,0.0,0.0,0.0,0.0,0.0,0.0,-0.017892894177037696,0.0,0.0,0.0,0.0,0.029213019579982062,-0.016312534772784576,0.0,0.03692806257491049,0.0,0.029531221339327448,0.019379678522977048,0.032953138502318555,0.014836311700828006,0.0,0.0,0.0,0.026999594083098818,0.024641943330095697,0.0,0.0,0.0,0.0,0.0,0.0,-0.020879412095694383,0.0,0.0,0.0,-0.019358925144227834,0.0,0.0,0.0,0.0,-0.018743446444546542,0.0,0.0,0.0
2018-06-30,0.0,0.0,0.03434346015460012,0.0,0.018427537049210393,0.0,0.0,-0.03061474713801678,0.0,-0.02212180857949498,0.0,0.030588496554987785,0.0,0.0,0.0,0.0,0.0,0.0,-0.022312576115896945,0.040033346119591126,0.0,0.020881254237718482,0.026137727989973075,0.04288958640060841,-0.015495884971127995,0.0,0.04785940989290679,-0.02971052141269746,-0.03001384899385001,0.03107062630816911,0.0,0.01932837556245787,0.0,0.02327842239710339,0.0472829143316416,0.033956612776211606,0.022999325364665216,0.04146561258515383,0.0,0.0,0.0,0.0,0.021356567763101707,0.0,0.0,0.0,0.0,-0.027494335457435962,0.0,0.0,0.0,0.0,0.0,-0.019390336923701543,0.013905357641427874,-0.01866025833352456,-0.01521256420038035,0.0,-0.01943378138989222,0.0,0.0,0.018844813967142368,0.0,0.0,0.0,0.0,-0.026216870836756036,0.0,0.0,0.0,0.019133199493314556,0.01554921697426409,0.014272335703815173,0.0,0.0,0.014455412384524411,0.0,0.0270300506025827,0.026072076139252404,0.018015677314599063,0.019883690419492003,0.0,0.0,0.0,0.0,-0.017916038634955115,0.0,0.0,0.0,0.0,0.0,0.0,0.0,0.016345320883754795,0.0,0.0,0.0,0.0
2018-07-31,0.0,0.0,0.03486141575855078,0.0,0.019558292641382508,0.0,0.0,-0.022631467861101703,0.0,-0.027402279794463063,0.0,0.0361580348207955,0.0,0.0,0.023460390563350555,0.0,0.0,-0.021763715136129645,-0.045436673409809725,0.0,0.0,0.021529607025493176,0.023288246172643176,0.03504174875013523,-0.02071498006610398,0.0,0.03775660713374882,0.0,0.0,0.023618713742559957,0.0,0.0,0.0,0.023427856736651296,0.0246358920091975,0.0,0.01800838935252037,0.03700013649582849,-0.028321452597373033,0.0,-0.015386358892868214,0.0,0.03137481904626347,0.0,0.0,-0.016476652214264143,0.0,-0.02534043445707457,0.0,0.0,0.0,0.0,0.0,0.0,0.0,-0.017647326643526452,-0.03646808049650964,0.0,-0.022956078657575985,0.0,-0.026304667543606212,0.015382372210398697,-0.013911249498379854,0.0,0.030177759528754313,0.01997552957243521,-0.03136784923954902,0.0,0.0,0.0,0.0,0.0,0.0,0.0,-0.017142042852505982,0.025100604439745884,-0.01281474698385921,0.0,0.0,0.0,0.0,-0.02662062717955915,0.0,0.0,-0.023242183407815,-0.028216897703794284,0.0,-0.013216999682226555,0.0,0.0,0.0,0.0,0.0,0.0,0.0,0.0,0.026260819681449825,0.0
2018-08-31,0.0,0.019637905122300993,0.04054765276655347,0.026173746232158183,0.02844451669028752,0.0,0.030519237782403064,0.0,0.019750571727536484,0.0,0.0,0.02647263738517664,0.018962132933126236,0.021085870819949237,0.03676929341445328,0.020752412717396383,0.027145215675144163,0.0,-0.016157581909486712,0.015756175699073897,0.0,0.025249757682123355,0.03614793020478138,0.0349212927879164,0.0,0.01602885372225433,0.03465352953791287,0.0,0.0,0.023165508592628295,0.01852760847803615,0.020545619115235367,0.0,0.021850917021416952,0.03024197434502181,0.024768112400375977,0.03863431420033094,0.04188800822606082,0.0,0.0,0.0,0.018740886565072452,0.04097897601014771,0.0,0.0,0.0,0.0,-0.015160400265963967,0.0,0.0,0.016943469801848524,0.0,0.0,0.0,0.0,0.0,0.0,0.0,0.0,0.0,0.0,0.0,0.0,0.0,0.01893496091690207,0.015306039193547213,-0.015600257176207395,0.0,0.0,0.0,0.0,0.022903492771516216,0.0,0.0,0.0,0.03173321595478427,0.0,0.0,0.0,0.0,0.0,0.0,0.0,0.023049194614674154,0.0,0.0,0.0,0.0,0.03088408625795536,0.016406094947170612,0.0,0.0,0.0,0.0,0.0,0.0,0.018560548335069253,0.0
2018-09-30,0.0,0.0,0.0332204832116252,0.0,0.0227898433008091,0.0,0.023702123262349127,0.0,0.0,0.0,0.0,0.033643505863328774,0.014899646317368976,0.0,0.025720129717085,0.0,0.017448344276096723,0.0,-0.017516015793111937,0.0,0.0,0.0,0.018554664327786234,0.020547566121187622,0.024986725749345733,0.028209242299184423,0.024150376923200177,0.0,0.0,0.03144189903765524,0.02655990300550654,0.025326149902223052,0.01920103573197341,0.04135972494467489,0.028481190855108456,0.0,0.02604164372646773,0.030593944495214544,0.0,0.0,0.0,0.0,0.032113741194070206,0.0,0.0,0.0,0.0,-0.014965237854254045,0.0,-0.02703343561693027,0.0,0.0,0.0,0.0,0.0,-0.02128895199327754,0.0,-0.020682186258728447,-0.02737421551691195,0.0,-0.021573849279507017,0.0,-0.02395196627473754,-0.02527912712681986,0.0,0.0,-0.02223315535335561,0.0,-0.019736060340944467,0.0,0.0,0.0,0.0,0.0,0.0,0.026839049763162023,0.0,0.0,0.0,0.025905540861342075,0.0,0.0,0.0,0.017431190998977834,0.0,0.018537415747153015,0.0,0.0,0.030439256188959853,0.015153113918521964,0.04070463687013345,0.0,0.034363709980909964,0.0,0.0,0.0,0.0,0.0
2018-10-31,0.022631137599284142,0.0,0.038383779227103086,0.0,0.0,0.0,0.0,0.0,0.0,0.02921496820267703,0.0,0.01991359547742888,0.0,0.0,0.0,0.0,0.0,0.0,-0.022557938410362802,0.017570468218857112,0.0,0.0,0.0,0.026734319477774035,0.0,0.02329174127391895,0.02256621231796975,0.0,0.0,0.03064349395989599,0.017290689010691123,0.0,0.0,0.017534204081345303,0.0,0.0,0.0,0.0,0.018167425193076656,-0.015320469450125279,-0.022830922417461222,0.0,0.01811724568961408,0.0,0.0,-0.01663523861099927,0.0,0.0,0.0,-0.037707264348235674,0.0,-0.01915071072867386,-0.01831767227614899,-0.021563632499599146,-0.020431383269689886,-0.033240192829112336,0.0,-0.016203073422835116,-0.032815001364056115,-0.0175166669744824,-0.0337214104486336,0.0,-0.03598892038280123,-0.03390592109118896,0.0,-0.020000294330378355,-0.02311659158610072,0.0,-0.02341171374089574,0.0,0.0,0.016710575971206683,0.0,-0.016379892982259718,-0.016421680912799486,0.05136492623530835,0.0,0.0,0.0,0.0,0.0,0.0,0.0,0.0,0.0,0.0,0.0,0.0,0.0,0.01594824468438959,0.0383302191939985,0.0,0.05605591197391034,-0.02229425013471042,0.0,0.0,0.0,0.0
2018-11-30,0.0,0.0,0.0,0.0,-0.017212410806401065,0.0,0.0,0.0,0.0,0.0,0.0,0.0,0.0,-0.022532839816929613,-0.02010072160270628,0.0,0.0,0.020807757927380106,0.0,0.0,0.0,0.0,0.0,0.0,0.0,0.0,0.0,0.0,0.0,0.0,0.0,0.0,0.0,0.0,-0.02143792526324792,0.0,0.0,0.0,0.0,-0.03029371609392692,-0.026323499916256148,0.0,0.0,0.0,0.0,0.0,0.0,0.0,-0.02454787665636783,-0.03137670035149871,0.0,-0.020702155796829155,-0.029725287004509875,-0.02045671751300249,-0.021012401318135653,-0.02936468170628334,0.0,0.0,-0.02031875023282583,-0.0298390982495675,-0.03547121913941415,-0.02488142005580221,-0.042681323815538685,-0.04917848230330945,-0.019662781832716084,-0.02433092151633592,0.0,-0.019754075872592102,-0.025491140873507206,-0.02120490746882321,0.0,0.0,0.0,-0.019312288008807334,-0.02475014953242399,0.01915539057384097,0.0,-0.025188506203387025,-0.026476238937041128,-0.019377566658693814,0.0,-0.021424389174117483,0.0,0.0,0.0,-0.02100752087596329,0.0,-0.025943601336252085,-0.01963040574753031,0.0,0.020278358616792808,0.0,0.018847722077330396,-0.03843272319520771,-0.023719853136295602,-0.02774647279240872,0.0,0.0
2018-12-31,0.0,0.0,0.0,0.0,0.0,0.0,-0.023967894933954775,0.0,0.0,0.0,-0.018011066311508547,-0.019336798707060652,-0.027788036176837772,-0.029576653474373663,-0.02294743854908281,-0.018329637794780702,0.0,0.022768960946608255,0.0,0.0,0.0,0.0,0.0,0.0,0.0,0.0,0.0,0.0,0.0,0.0,0.0,0.0,0.0,0.0,-0.020275678445537158,0.0,0.0,0.0,0.019570509720120914,-0.03310901536252595,-0.02307336347452077,-0.018093068136078864,-0.02451199343512127,-0.024912581933657477,0.0,0.0,0.0,0.0,-0.025953595775289533,-0.018953853609608908,0.0,-0.020059397188985653,-0.0307920005779933,0.0,-0.02726798413168158,-0.02628023699183658,0.018887005618228387,0.0,0.0,-0.03677740445049499,-0.026462949755304943,-0.03323894377672989,-0.04271875103433546,-0.0464738071370759,-0.028239143170639705,-0.02815811093462058,0.0,-0.017465121691856548,-0.02711694544900201,-0.017235681187769202,-0.017799947399668312,0.0,0.0,-0.020821639068138283,0.0,0.0,0.0,-0.02437785484617542,0.0,0.0,0.0,-0.01707838963681618,0.0,0.0,0.0,0.0,0.0,-0.017043882422838958,0.0,0.0,0.034187935502250834,0.0,0.0,-0.03238425335387285,-0.017952467887016356,0.0,0.0,0.0
2019-01-31,0.0,0.0,0.0,-0.021888008895258253,0.0,-0.022945381307566813,-0.025104248944666542,0.0,-0.01992360234361843,-0.022141236135448897,-0.026591465252369113,0.0,-0.028296053126129667,-0.02889474029661655,-0.028552464610810662,0.0,-0.019115133721706853,0.0,0.0,0.0,0.0,0.0,-0.02142595057879894,0.0,-0.021113486275515538,0.0,-0.01933377680515669,-0.02132621278668228,0.0,0.0,-0.01946234300374016,0.0,0.0,0.0,-0.022486048699772367,0.0,-0.022802485987582017,0.0,0.0,-0.035577037566270266,-0.026573318284984396,0.0,-0.03157518951736982,-0.0297926118346709,0.0,-0.020526474144613133,0.0,-0.021375642608127448,-0.025807540124325203,0.0,0.0,0.0,0.0,0.0,0.0,0.0,0.02346344739560345,0.0,0.0,-0.021342855163248756,0.0,0.0,-0.03327285974441764,-0.024426559578286784,0.0,-0.020804407023448008,0.0,-0.029046271198708524,-0.03490493614986158,0.0,0.0,0.0,0.0,-0.030560390048848033,-0.020344244658308218,0.0,-0.023588890931094664,-0.03171332033987247,-0.024520264754945398,0.0,0.0,-0.024840704453545744,0.0,0.0,0.0,0.0,0.0,-0.022500369327104735,-0.022533331802771422,0.0,0.0,0.0,0.0,-0.02950669457813352,0.0,0.0,0.0,0.0
2019-02-28,0.0,0.0,0.0,0.0,0.0,0.0,-0.024176346213816525,0.0,0.0,-0.022285310428401102,-0.023934053182316388,-0.026798638082955194,-0.029830293724374613,-0.022443087390022848,-0.02135823463247235,0.0,0.0,0.029362181329382835,0.0,0.0,0.0,0.0,0.0,0.0,0.0,0.0,0.0,0.0,0.0,0.0,0.0,0.0,0.0,0.0,-0.019944822411836306,-0.0178750590763469,-0.01943950480503215,0.0,0.019807192983965154,-0.024582520128837403,-0.01838136605673559,-0.019286727367328307,-0.03176417277706595,-0.022159931396857797,0.0,-0.019012389936349537,0.0,-0.01911012769241534,-0.020971643848341524,0.0,0.0,0.023947124002158374,0.020334177914121142,0.031366708099477045,0.018844338140522505,0.0,0.06371399303593996,0.0,0.044037850092311516,0.0,0.024294425358163608,0.0,0.0,0.0,0.0,0.0,0.029362987671108936,0.0,-0.02712688774943756,0.0,0.023024220446272246,0.020510344424077367,0.0,-0.03242118964321454,0.0,0.0,0.0,-0.017853315910577122,0.0,0.0,0.0,-0.021842959173436042,0.0,0.0,0.0,-0.030241256887211656,0.0,-0.03108715529798205,-0.022885492358236274,0.0,0.0,0.0,0.0,-0.021317615234987954,0.0,0.0,0.02117977402407287,-0.022084581071837472
2019-03-31,0.0,0.0,0.0,-0.022996136603022414,0.0,-0.022362837250731463,-0.017637212567696115,0.0,-0.017862226898840417,-0.03316081269459203,-0.024751913243141892,-0.027849970660955202,-0.02668583711923715,0.0,0.0,0.0,0.0,0.0,0.0,0.0,0.0,0.0,0.0,-0.025248186340332365,0.0,0.0,0.0,0.0,0.01912275860274189,0.0,0.0,0.0,0.0,0.0,-0.020311197225268005,-0.01915275508014645,0.0,0.0,0.0,-0.021421442943207792,-0.021059817515313113,0.0,-0.02789371860000427,-0.02496536719651692,-0.018300262021661545,0.0,0.0,-0.025772594231672996,-0.01817687538354637,0.021303989040634706,0.0,0.02566146942039035,0.02196082003368032,0.03010604224480003,0.01954314000394121,0.021645532029870858,0.05652364001505479,0.0,0.04577924351762806,0.0,0.045775958305464735,0.0,0.0,0.0,0.0,0.0,0.04250599466903201,0.0,0.0,0.0,0.017953452337221162,0.0,-0.017711851859572955,-0.025780473138803012,0.0,0.0,0.0,0.0,0.0,0.0,0.0,-0.024282319185176014,0.0,0.018713702372094368,0.018685980691289163,-0.02053761500540364,0.0,-0.023181643136098207,0.0,0.0,0.0,0.0,-0.022261425159174245,-0.018678829416987622,0.0,0.0,0.0,-0.026674956239054134
2019-04-30,0.0,0.01955366259041931,0.0,0.0,0.0,0.0,0.0,0.0,0.0,-0.03215092226863853,-0.019553771128902744,-0.01910363258810527,-0.018329610008619723,0.0,0.0,0.0,0.0,0.0,0.0,0.0,0.0,0.0,0.0,-0.0183278377136757,0.021288123912593517,0.025588293226447876,0.0,0.02556569527814558,0.022407866084165992,0.016342121691754617,0.0,0.0,0.0,0.01622888615195945,0.0,0.0,0.0,-0.017335947421576903,0.03115301112548099,0.0,0.0,0.0,-0.023416284329747416,0.0,0.0,0.0,0.0,-0.019521183527398917,0.0,0.02673482148632494,0.0,0.027142539140092615,0.04146711932405118,0.03194702744735169,0.025812568889430416,0.03366134888962663,0.0346263111260265,0.0,0.027002167439270638,0.02009496655496637,0.04770839239580504,0.0,0.0,0.0,0.015181418405097449,0.0,0.027153028388712922,0.0,0.0,0.0,0.037091526420236984,0.03966774395281644,-0.016051222140062407,-0.019638843462909464,0.0,0.0,0.0,0.0,0.0196988992396887,0.0,0.0,-0.017345409449893056,0.0,0.018750148857508142,0.05198027670610067,0.0,0.0,0.0,0.0,0.01907061634533821,0.0,0.0,-0.015688943907259653,0.0,0.020948470760469306,0.019669340223328134,0.0,0.0
2019-05-31,0.0,0.0,0.0,0.0,-0.01641444215581139,0.0,0.015324224563983864,0.0,0.0,-0.01829299099563812,0.0,0.0,0.0,0.02524725450048568,0.0,0.03217851487430578,0.0,0.0,0.0,0.0,0.017994818704118735,0.018873448803878035,0.0,0.0,0.015663088794115036,0.027464897055505328,0.0,0.023447622480019272,0.019008854287271955,0.0,0.0,0.020118768928144595,0.0,0.0,0.0,0.0,0.0,-0.018811291032711286,0.022012467555897013,0.0,0.0,0.0,-0.016789786658755922,0.0,0.0,0.0,0.0,-0.01918232230965084,0.0,0.0,-0.015256559323490532,0.021463174923985178,0.03565271276005456,0.0,0.02782056119574363,0.01823563569031537,0.01713683792873671,0.0,0.019923258336531396,0.03362342430156673,0.053721892623301216,0.0,-0.015213938647115264,0.0,0.023738172471173002,0.0,0.033811709060394234,0.0,0.02038969872729231,0.01915839126191125,0.04935407343850896,0.04217098712536562,0.0,-0.021033177401508472,0.0,0.0,0.0,0.0,0.019669522846974496,0.0,0.0,0.0,0.0,0.04045713322740528,0.05959844696463099,0.0,0.0,0.0,0.0,0.01556258738487376,-0.027603347896570676,0.0,0.0,0.0,0.024009520564368645,0.018570442197888913,0.0,0.0
2019-06-30,0.0,0.0,0.0,0.0,-0.019302950003504692,0.0,0.0,0.0188508674706215,0.0,0.0,0.0,0.0,0.0,0.014575004352428953,0.0,0.0,0.0,0.0,0.0,0.0,0.02344996630312533,0.018592173068326917,0.0,0.0,0.02049551605463769,0.04494773739203862,0.023382355274399608,0.043513411806181554,0.02762408087743392,0.0,0.0,0.027260571824755667,0.0,0.018657249808362253,0.0,-0.017989145965743917,0.0,-0.025200060242479567,0.02490807723174448,0.0,-0.0173564602546736,0.0,-0.015410329884569581,0.0,0.0,0.0,0.0,-0.017516099983272044,0.0,0.0,0.0,0.0,0.0,0.014595477578185046,0.0,0.0,0.0,0.0,0.017249357441331187,0.0253123239152454,0.018341717637610437,-0.03142712522686013,-0.034338439766075375,-0.029645853807572307,0.0,-0.02681345569312108,0.026396250749754744,0.0,0.014451753254018117,0.0,0.03754553287272288,0.021674304043457028,0.0,-0.021560685556541753,0.0,0.0,0.0,0.0,0.022385770905383073,0.0,0.0,-0.020214013898904728,0.0,0.04466616629920265,0.05325910984281611,-0.014729157516263375,0.0,0.0,0.0,0.019837889446510788,-0.022437783324020216,0.0,0.0,0.0,0.03688612611920404,0.027199647306899756,0.0,0.0
2019-07-31,0.0,0.018292934988535674,-0.017003672598076405,0.0,-0.027169671337324623,0.0,0.0,0.0,0.0,-0.024601886794348653,0.0,0.0,-0.017908620481005038,0.0,0.0,0.0,0.0,0.0,0.0,0.0,0.022492554256500395,0.0,0.0,-0.01721489450623588,0.0,0.026335639390294735,0.0,0.024894429849633394,0.0,0.0,0.0,0.0,0.0,0.0,0.0,0.0,0.0,-0.015066229583679328,0.0,0.0,-0.0251679557639922,0.0,-0.022333376975163338,0.0,0.0,0.0,0.0,-0.027499149747764646,0.0,0.02048300788369552,0.0,0.020015793799075133,0.015111274824303132,0.014923060872470372,0.022250308830267095,0.015337662218487827,0.01942491422385577,0.0,0.02206900585622343,0.02563885057448804,0.0,0.0,-0.019759538096651402,0.0,0.021830594813932944,-0.028723461734589457,0.03002727368043543,0.0,0.020733230181618004,0.0,0.02814677636603502,0.02428093973738733,0.0,-0.022369693287814928,0.0,0.0,0.0,0.0,0.021343577716697894,0.0,0.0,-0.015736329103702023,0.0,0.05725252000875419,0.07824927248467342,0.0,0.0,0.0,0.015837876520237038,0.027587116189617723,-0.019301729462875387,0.0,0.0,0.0,0.051058332488960904,0.039035236090339,-0.017491606680257347,0.0
2019-08-31,0.0,0.0,-0.02446692414128433,0.0,-0.02496423023717028,0.0,0.0,-0.029196420379109644,-0.018216414921392185,-0.02019352236394876,0.0,0.0,-0.027742257909220552,0.0,-0.019858537197762278,0.0,0.0,0.0,0.01585733472280951,0.0,0.0,0.0,0.0,-0.029953123629759815,0.0,0.01668885613315043,0.0,0.016155278352348687,0.0,0.0,0.0,0.02384825445051072,-0.01626798109015331,0.0,0.0,0.0,0.0,0.0,0.030987461674480236,0.0,-0.0234608268394352,0.0,-0.015090306563462113,0.020919456807401357,0.0,0.0,0.0,-0.03710127967080142,0.0,0.0,0.0,0.028171526541518874,0.021195587972458293,0.0246514766233949,0.039978721321988514,0.021532085349512786,0.016301523973673,0.0,0.015708006232976343,0.026438919618095563,0.0,0.0,0.0,0.0,0.03058992065209924,0.0,0.0,0.0,0.0,0.0,0.0,0.0,0.0,-0.02622119038308995,0.0,0.0,0.0,0.0,0.017292320750892355,0.0,-0.019347336958340615,-0.022766026723987053,0.0,0.02653512918599906,0.05662865255071209,0.0,0.0,0.0,0.0,0.016853867672662174,-0.01765626861213012,0.0,0.02024680279383262,0.0,0.04515280197314337,0.04615129896685135,-0.028368755648904308,-0.021243312409536606
2019-09-30,0.0,0.0,-0.026366771884890314,0.0,-0.026489322483090157,0.0,-0.0159399967159236,-0.030017215242059036,-0.01819675175021001,-0.018635105407417127,0.0,-0.02216094774078692,-0.020248139195626104,0.0,0.0,0.0,0.0,0.0,-0.015877770723499905,0.0,0.0,-0.01726964843517339,0.0,-0.021408266758891396,0.0,0.0,0.0,0.0,0.0,0.0,0.0,0.0,0.0,0.0,0.0,0.0,0.0,0.0,0.0,0.0,-0.022384421259854605,0.0,-0.015693357426068297,0.0,-0.01963179370005694,-0.01987165421338626,0.0,-0.031789247376277335,0.0,0.0,0.02114937325601698,0.04173265318478851,0.020555179769863065,0.03818425056378517,0.04465925362434211,0.03157112025751354,0.03745446754256454,0.0387878655605722,0.040631821414048835,0.022395411915347826,0.0,0.024032312489479096,0.0,0.0,0.03787397553768406,0.0,0.021095820706117485,-0.016593117259985326,0.0,-0.01849969802524811,0.0,0.0,-0.0160738768062024,-0.026228715303735797,0.0,0.0,0.0,0.0,0.0,0.0,0.0,0.0,0.0,0.0,0.026456090369654166,0.0,0.0,0.0,0.0,0.0,-0.017634066763911587,0.0,0.01728629918533454,0.0,0.025668162017924503,0.02628684761034994,-0.024167242234174473,-0.023001968288144343
2019-10-31,0.0,0.0,0.0,-0.020279658664473624,-0.022050874060080505,-0.016137292924649035,-0.01591235457720944,-0.03525974190268788,0.0,-0.03226390370695708,0.0,-0.024328291209567327,-0.021649808018914536,0.0,0.0,0.0,0.0,0.0,-0.01608157963344883,0.0,0.0,-0.01932994517608305,0.0,-0.01551017081618828,0.0,0.0,0.0,0.0,0.0,0.0,0.0,0.0,0.0,0.0,0.0,0.0,0.0,0.0,0.0,0.0,-0.026119965690872268,0.0,0.0,0.0,-0.02392399525113999,-0.024188830898856463,-0.01634176068454599,-0.03681558143965154,-0.015881493870642645,0.02960045633381666,0.0,0.029463697304756453,0.020577059094661815,0.040776182697607966,0.045609508551385694,0.041291706085811446,0.03054075600130648,0.029337026414956266,0.023881217020238366,0.016413956497840086,0.0,0.017178740714436373,0.0,0.0,0.031484717012033855,0.0,0.03047158839768075,-0.01619238506445713,0.0,-0.02832726933938504,0.0,0.0,0.0,-0.02024917164076177,0.0,0.0,0.0,0.0,0.0,0.0,0.0,-0.022411886053322984,0.0,0.01859950795892248,0.015498718622588285,0.0,0.0,0.0,0.0,0.0,0.0,0.0,0.0,0.0,0.03286811050019226,0.03287255366943479,-0.01694968833706093,-0.027328848161373702
2019-11-30,0.0,0.0,0.0,0.0,-0.01412537809448526,0.0,0.0,-0.022744122471056588,0.0,-0.024978621486943808,0.0,-0.022892741237731704,-0.013436095419651298,0.0,0.0,0.0,0.0,0.0,-0.014988339280332302,0.0,0.0,0.0,0.0,0.0,0.0,0.0,0.0,0.0,0.0,0.0,0.0,0.0,-0.01353637935868133,-0.015603871686299819,0.02267143528979125,0.022667544810914802,0.03768419764359958,0.025639311812238292,0.02299898162797612,0.0,0.0,0.0,0.0,0.0,-0.014383492210907173,0.0,-0.013100863687295959,-0.026277283544585934,0.0,0.021438853499870854,0.0,0.03086984605827604,0.021508298179439497,0.03098817775496715,0.02632410155383915,0.037057107296845346,0.02870057905325156,0.03450980834602933,0.021634360342114158,0.0,0.0,0.032259369884795525,0.02986941621820538,0.0339178218102648,0.03887364901235326,0.0,0.04447798038594839,0.0,0.0,-0.01683012647532547,0.0,0.0,0.0,0.0,0.0,0.0,0.0,0.0,0.03486957054177904,0.0,0.0,0.0,0.0,0.01816880708262256,0.0,0.0,0.0,0.018653431300781974,0.02799505145161555,0.02850313088366854,0.0,0.0,0.0,0.022061891481132717,0.02071643521182245,0.027543227785962045,0.0,-0.024500298726598008
2019-12-31,0.0,0.0,0.0,-0.022722689082388163,-0.025841840373845428,-0.03373264688326826,-0.015692234062353795,-0.03233040561843743,0.0,-0.03308595675735865,-0.017465426824282742,-0.03676988314313466,-0.019809945772350606,0.0,0.0,0.0,0.0,0.0,-0.024299583844526334,0.0,-0.018282279548389853,0.0,0.0,0.0,-0.01751941671659845,0.0,0.0,0.0,0.0,-0.018326034815392005,-0.02089751219224629,0.0,-0.031976150816473536,-0.03098325587453941,0.0,0.0,0.027032203456595714,0.0,0.0,0.0,0.0,0.0,0.0,-0.01948262979587497,-0.015325709927358279,0.0,-0.027592504937519614,-0.03477188128679052,0.0,0.0,-0.02851676663587006,0.01573605433512859,0.0,0.02505895293361519,0.016243457940006898,0.0,0.0,0.01774744442540054,0.0,0.0,0.0,0.036612425683212574,0.018654255036424025,0.02389664403101609,0.02555905410309819,0.0,0.04272068531898908,0.0,0.0,-0.03102416354094835,0.0,0.0,-0.020165379690911603,0.0,0.0,0.0,0.0,0.0,0.028508262388735182,0.0,0.0,0.0,0.0,0.0,0.0,0.0,0.0,0.0,0.021649686490620292,0.02586979018753935,-0.017301883323097973,0.0,0.0,0.0,0.0,0.025792778686402992,-0.01802546616039143,-0.03697665735886685
2020-01-31,0.0,0.0,0.016369151902673403,0.0,-0.020042590847768476,0.0,0.0,0.0,0.0,0.0,0.0,-0.01740530677839017,0.0,0.03558085361684261,0.024150019608073458,0.0,0.0,0.0,-0.015840005340639757,0.015305333148877477,0.0,0.0,0.016522898379050847,0.022527052085246486,0.0,0.0,0.01566428901493318,0.020869458469057058,0.03938680168581541,0.0,0.0,0.0,0.0,-0.029365635913441143,0.0,0.0,0.0,0.0,0.0,0.0,0.0,0.0,0.0,-0.017088696083658622,0.0,0.0,0.0,0.0,0.0,0.025066209560937743,-0.03670932364313982,0.01947981597951636,0.02049685634429794,0.03261684143697109,0.0,0.018316989021759034,0.017765575274382432,0.025020682177771543,0.02108879266122046,0.0,-0.014799447641217225,0.04197210466076452,0.03974314783379971,0.03709878523893484,0.02415785274129713,0.0,0.06835337754300644,0.015457848701854638,0.023918369741991696,-0.014951414790010007,0.0,0.0,0.0,0.0,0.0,0.0,0.0,0.0,0.029389556912594345,0.0,0.0,0.0,0.0,0.03324473044154072,0.0,0.0,0.0,0.01761844169108895,0.015491558384053035,0.03055009522978751,0.0,-0.01789635928599194,0.0,0.024600143798311446,0.0,0.028077586389291278,0.0,0.0
2020-02-29,0.0,-0.017146306519257942,0.023549600716969054,0.0,0.0,-0.025591188799401803,0.0,-0.01978355033083229,0.025672342217163458,-0.015373817469391877,0.0,-0.014721968092600476,-0.022972936684749,0.023087440887002562,0.0,0.0,0.0,0.0,0.0,0.02557496669482262,0.0,0.0,0.0,0.0,-0.014202567599887072,0.01845850549935363,0.01809155897127406,0.03722662439385111,0.06923640481478727,0.0,0.0,-0.01490113240626771,-0.026011587131690717,-0.03486849494575272,0.0,0.0,0.0,0.0,0.0,0.0,0.016981859862670114,0.0,0.0,-0.026757738279806195,0.0,0.0,0.0,0.0,0.0,0.01877415189864973,-0.05377567291339117,0.0,0.0,0.03040979226237473,-0.017420587682656415,0.0,0.0,0.0,0.0,0.0,-0.02002438598864329,0.019350675835988804,0.03518600770328938,0.0,0.0,0.0,0.05716582746122012,0.01798992593999898,0.022583351965752948,-0.023083916909047066,0.0,0.0,0.0,-0.017685078902773387,0.0,0.0,0.0,0.0,0.02894681804602953,-0.017323634641118524,0.0,0.0,0.0,0.020309474348259086,0.0,-0.02591591920091726,0.0,0.0,0.0,0.021789511935013724,0.0,-0.023668224985741344,-0.020314300235801833,0.018072148825801004,0.0,0.0,0.0,0.0
2020-03-31,-0.031974395895368005,-0.030044745765409064,0.0,0.0,-0.02552453162991745,-0.025100473307723536,0.0,0.0,0.0,0.0,-0.02160813216514518,-0.021796611433946737,-0.030476579703775406,0.0,0.0,0.0,-0.021134235221379485,0.0,0.0,0.0,-0.03147898804915025,-0.030296847875010923,-0.021568435217054305,0.0,-0.0231603686078587,0.0,0.0,0.0,0.020341192182266436,-0.027001233252681344,-0.019881087187283798,-0.025234866100385334,-0.03642406151466176,-0.03822474927275082,0.0,0.0,-0.02088482383331837,-0.023268552831274218,0.0,0.0,0.0,-0.0205896926634864,0.0,-0.02482074649961976,0.0,0.0,-0.019858492949013897,-0.019953646919038052,0.0,0.020097512009969114,-0.020102447882518602,0.0,0.0,0.025593904177492053,-0.019305115822815008,0.0,0.0,0.0,0.0,0.0,0.0,0.0,0.020409813180902896,0.0,0.0,0.0,0.03105849486776852,0.0,0.0,-0.02726560236157254,0.0,0.0,0.0,-0.02013421933593586,0.0,0.0,0.0,0.0,0.0,-0.022418378269566396,0.0,0.0,0.0,0.0,0.0,-0.03225564147757102,0.0,0.0,-0.022875074815398133,0.0,0.0,-0.026720994740047854,-0.02443377377902946,0.0,-0.02750839902816858,-0.020152327664132157,0.0,-0.029020810509592713
2020-04-30,-0.029944315417275838,-0.029934030811656645,-0.022850506584919206,0.0,-0.025142483717187684,-0.024595098747831043,0.0,0.0,0.0,0.0,0.0,0.0,-0.024008478949892543,0.0,-0.023072178827822455,0.0,-0.024589535839685383,-0.02554091170007284,0.0,0.0,-0.030650728413532523,-0.03209195375822268,-0.02487767434290486,-0.02290485354928937,-0.025391220876679093,-0.022684068794013995,-0.0227943629896574,0.0,0.0,-0.028234223189633735,-0.024653413062477623,-0.024923124102636193,-0.028385011817847722,-0.026684075096647927,-0.02212735372689079,0.0,-0.026598181486507184,-0.023405012919330934,-0.026277859350551568,0.0,0.0,-0.02184774945591499,-0.022874902286119114,-0.02201665647847318,0.0,-0.022707893539739756,0.0,0.0,0.0,0.0,0.0,0.0,0.0,0.0,0.0,0.0,0.0,0.0,0.0,0.0,0.0,0.0,0.0,0.0,0.0,0.0,0.0,0.0,0.0,-0.026571575064150983,0.0,0.0,0.0,-0.023718284517461122,0.0,0.0,0.0,0.0,0.0,-0.023341244731661145,-0.02363473919621711,0.0,0.0,0.0,0.0,-0.02720877549090178,-0.021821760869312715,0.0,-0.024394221363551318,0.0,0.0,-0.025708825328356825,-0.0229119810281033,0.0,-0.02294224707585462,0.0,0.0,-0.02593848550101472
2020-05-31,-0.0212045829031729,0.0,0.0,0.0,-0.019258958330272965,0.0,0.0,0.02150589792479518,0.0,0.0,0.0,0.0,0.0,0.0,-0.02521282591898215,0.0,0.0,-0.02297714894749696,-0.02232347294080446,-0.01803637668583937,-0.04329255093383329,-0.04326930994256762,-0.036126902305401595,-0.020926938978703596,0.0,-0.019488703414134948,-0.019650205894542135,0.0,-0.01907727626522433,0.0,0.0,0.0,0.0,0.0,0.0,0.0,0.0,0.0,0.0,-0.021464148665282363,0.0,0.0,-0.019169040541378485,-0.01939450809843559,-0.019815328264431387,0.0,0.0,0.0,-0.02266652027511542,0.0455144141633622,0.03131748836810204,0.0,0.026683118188977107,0.02778916735221993,0.0,0.020620479588411608,0.0,0.0,0.0,0.0178924179468032,0.0,0.0,0.0,0.0,0.0,0.0,0.0,0.0,0.0,-0.025173988728659055,0.0,0.0,-0.02402273713583229,-0.021912950040735228,0.0,-0.022849069313062645,-0.01944109902783904,0.0,-0.02218390114891753,-0.027673157776008213,-0.0338523830515589,0.0,0.0,0.0,0.0,0.0,0.0,-0.02086804326612251,-0.024949135847880697,0.0,-0.02038099123868742,-0.02646032558682451,-0.031059366304350633,0.0,-0.024907789640480998,-0.02958727905474955,0.0,0.0
2020-06-30,-0.022440651150237214,0.0,0.0,0.0,-0.02309412404866692,0.0,0.0,0.0,0.0,0.0,0.0,0.0,0.0,-0.019581455786160093,-0.027986505401960744,0.0,-0.016754603576766256,-0.021723149986318385,-0.018885430457747977,-0.02151257531135999,-0.04579287541901412,-0.04284097443922505,-0.03259399508629987,-0.019143227168126224,0.0,-0.020268870188576274,0.0,-0.021996140636539676,0.0,0.0,0.0,0.0,0.0,0.0,0.0,0.0,0.0,0.0,0.0,-0.021716094457516114,0.0,0.0,-0.02243765154389807,-0.02378339361287327,-0.020968414520313894,-0.019054842530024485,0.0,0.0,0.0,0.027361324483095893,0.056725670440650154,0.0,0.0311680128937893,0.0283510341626324,0.0,0.0,0.0,0.0,0.0,0.0,0.0,0.0,0.0,0.0,0.0,0.0,0.0,0.0,0.0,-0.02507586684458508,0.0,0.0,-0.01874041751468713,-0.02043275013810416,0.0,-0.01740607164120546,-0.01949508469821829,0.0,-0.016958192519751544,-0.025162244490446514,-0.026870096297426746,-0.023461176668329625,0.0,0.0,0.0,0.0,0.0,-0.01813137957616481,-0.019736051396263502,0.0,-0.022837191275948535,-0.033260983277950844,-0.02777809111666729,-0.017797915459148817,-0.029278102236072013,-0.031397367547237306,0.0,0.0
2020-07-31,-0.020260081036109545,0.0,0.0,-0.014880365353955595,-0.017387473535824535,0.0,0.0,0.0,0.0,0.0,0.0,0.0,0.0,-0.01794996650142798,-0.02892347248093845,0.0,0.0,-0.01909948751896558,0.0,-0.019304045461295855,-0.04219585205087179,-0.04374426428999759,-0.023198461801627393,-0.015544851423261898,0.0,-0.025634937892652622,-0.019954873908284498,-0.03332553500430081,-0.024521185768497135,0.0,0.0,-0.01700843616860819,0.0,0.0,0.0,0.0,0.0,-0.018126842148485325,0.0,-0.020601588309757272,0.0,0.0,-0.02027640879886826,-0.025742110973356384,-0.021586583754007887,-0.018416874629205843,0.0,0.0,0.0,0.03489739617936675,0.08246684018689121,0.0,0.03838356916618711,0.020161208277885607,0.0,0.01821437004611438,0.020350099510899337,0.0,0.020579138128277816,0.023025815635117894,0.0,0.0,0.0,0.0,0.0,0.0,0.0,0.0,0.0,0.0,0.0,0.0,0.0,0.0,0.0,0.0,0.0,0.0,-0.018595856172332413,-0.02176565702444127,-0.02106789161202879,-0.016734704434642773,0.0,0.0,0.0,0.0,0.0,0.0,0.0,0.0,-0.022488900332839026,-0.03643211613532191,-0.027338624854246384,0.0,-0.02497256617759954,-0.024454085007507707,0.02038746230799972,0.0
2020-08-31,0.0,0.0,0.0,0.0,-0.012854757992985926,0.0,0.0,0.0174908124925295,0.0,0.0,0.0,0.0,0.0,0.0,-0.021364962210704542,0.0,0.0,0.0,0.0,-0.012096403506670222,-0.028763642684027244,-0.028660801209893182,0.0,0.0,0.0,-0.01800448180595736,-0.01562078472647875,-0.012995888840935256,0.0,0.0,0.0,0.0,0.0,0.0,0.0,0.0,0.0,0.0,0.0,0.0,0.0,0.0,-0.015063867860025762,-0.014786732012948788,-0.016865802924407283,0.0,0.0,0.0,0.0,0.040966839071485246,0.06938509325884577,0.02501532823766778,0.04988041517665596,0.031926533338249595,0.021648736093127775,0.02760276051537491,0.02977981831562702,0.019973733654094696,0.037995034283976506,0.029480288191505576,0.02193390581403174,0.02866189541667197,0.027568645724749135,0.023486402139643127,0.026985970602312614,0.03849155445954296,0.0,0.0,0.02082614662081176,0.0,0.031672491856339136,0.01878536806956785,0.0,0.0,0.01504032995784842,0.0,0.0,0.0,0.0,-0.016900798968981143,-0.019500099319847013,0.0,0.0,0.031115012778718303,0.02766499589519822,0.0,0.0,0.0,0.0,0.017230459102655308,0.0,-0.021559978134131918,0.0,0.0,0.0,0.0,0.0,0.014352426734774755
2020-09-30,0.0,0.0,0.0,0.0,0.0,0.0,0.0,0.0,0.01704150488082599,0.0,0.021945388862224424,0.0,0.029147228889515632,0.0,0.0,0.017942253106301456,0.0,0.0,0.0,0.0,0.0,0.0,0.0,0.0,0.0,0.0,0.0,0.0,0.0,0.0,0.0,0.0,0.0,0.0,0.0,0.0,0.0,0.0,0.0,0.0,0.023702788628419673,0.0,0.0,0.0,0.0,0.0,0.019866102475262028,0.0,0.0,0.02228255829273522,0.025821862228431216,0.026227837747275877,0.0325376159155663,0.020719251109531052,0.017572099544372527,0.025090940731852078,0.018279227930211334,0.030108235756375043,0.03404703999898713,0.02468940021952688,0.020995817806629645,0.03139607586449858,0.03758734921060968,0.02716097158025247,0.02265888155937355,0.04115089453294517,0.025251275035848175,0.032855377378787874,0.031902121595124906,0.0,0.022220206780456036,0.024957235026108728,0.0,0.025825134644508554,0.0352228127698096,0.01888929392632717,0.0,0.0,0.0,0.0,0.0,0.0,0.0,0.030492502527639954,0.026093464944448228,0.019153555017790105,0.019415271081062616,0.0,0.01647194894526557,0.02288628734335133,0.01833306485033978,0.0,0.0,0.02214051611721137,0.0,0.0,0.019918605144197216,0.0
2020-10-31,-0.01705548910861904,-0.013991019170415587,0.0,0.0,0.0,0.0,0.0,0.0,0.0,0.0,0.0,0.0,0.0,0.0,-0.018299139831784147,0.0,0.0,0.0,0.0,0.0,-0.02536023850760798,-0.02774023270438313,0.0,0.0,0.0,-0.014516196063827699,0.0,0.0,0.0,0.0,0.0,0.0,0.0,0.0,-0.014138852416124982,0.0,0.0,-0.021650667501358054,0.0,0.0,0.0,0.0,0.0,0.0,0.0,0.0,0.018483331545105113,0.0,0.0,0.0,0.0630186274526087,0.017520289857539836,0.0205193985265315,0.0,0.0,0.0,0.0,0.0,0.026732415964540335,0.0,0.02268761265468315,0.020690734726071417,0.028104877093391167,0.02391691065467748,0.0,0.04355838222773222,0.0,0.03683112634911012,0.03364342958725279,0.031715638343119405,0.03797189565955505,0.027886154117725655,0.026063225841202502,0.015027122346988329,0.023111429788435976,0.02466136765781751,0.0,0.020309618322909312,0.01619850888430165,0.0,0.0,0.0,0.0,0.0379556043179316,0.03572774834464428,0.0,0.020807221075971515,0.01725984802897243,0.024131257955941867,0.022525407834810086,0.030909330874926866,0.014273146728185205,0.0,0.016231002486455887,0.024379706004944,0.024395793441796595,0.0,0.0
2020-11-30,-0.023075761009031998,-0.019457716458960803,-0.01771021621320381,-0.016950904399206504,0.0,0.0,0.0,0.0,0.0,0.0,0.0,-0.01497827421065174,0.0,0.0,-0.023245776280672138,0.0,0.0,0.0,-0.016326968162920882,0.0,-0.024736356709977248,-0.04423870595330292,-0.0211583019548389,0.0,0.0,-0.02275385992390946,0.0,-0.016274383835406935,-0.015849340600468994,0.0,0.0,0.0,0.0,0.0,-0.024153511834263907,0.0,-0.02499989519033516,-0.02672933720976528,0.0,0.0,0.0,0.0,-0.017934489904784898,0.0,0.0,0.0,0.0,0.0,0.0,0.0,0.04898983983357355,0.0,0.0,0.0,0.0,0.0,0.0,0.016474947121081617,0.01923459423236237,0.0,0.0,0.0,0.0,0.0,0.0,0.02159372379294415,0.023458068074743706,0.05084134773219899,0.04082862347961133,0.024632153337056394,0.0,0.0,0.0,0.01644151137924395,0.0,0.03257112874735943,0.01725446631730868,0.023279114038784268,0.019070654038451408,-0.015386284598463905,0.0,0.02783546707753596,0.0,0.0,0.018678579759148314,0.0,0.014730382623842617,0.0,0.02556109481650461,0.0,0.03274519500034505,0.029694100571649437,0.0,0.021898463552741478,0.04627614480245334,0.04195031522089395,0.0,0.0
2020-12-31,0.0,0.0,0.0,0.0,0.0,0.0,0.0,0.0,0.0,0.0,0.0,0.0,0.0,0.01469038465472597,0.0,0.0,0.0,0.0,0.0,0.0,0.0,-0.010392703584553197,0.0,0.0,0.0,0.0,0.0,0.0,0.0,0.009482595437775689,0.0,0.0,0.012762846212421255,0.0,0.0,0.0,0.0,0.0,0.01253269739821196,0.0,0.0,0.011454901366640463,0.0,0.0,0.0,0.0,0.019807841598290375,0.0,0.0,0.0,0.04225427122166673,0.0,0.0,0.0,0.0,0.0,-0.014471450844063472,0.0,0.0,0.0,0.0,0.0,0.015552352217399017,0.014152469612970493,0.0,0.01046040249522546,0.019815572598800395,0.04997622028857941,0.04326080325775351,0.02928702450752675,0.020250542338728257,0.013429034169893715,0.029586474001712933,0.025538012750482685,0.014972564376851804,0.047898465280186674,0.03126879378582147,0.04084828064019477,0.03358095255857039,0.0,0.013619811037517906,0.03860899971465874,0.0,0.02396390468977365,0.019965387701089018,0.012775287439893455,0.022762098100830287,0.02161860115920201,0.04281738723074819,0.02339881090582681,0.04234000689895271,0.05394095884945052,0.021958177967283235,0.01733041182369421,0.02715059714521894,0.030021902136813244,0.0,0.0
2021-01-31,0.0,0.0,0.0,0.0,0.0,0.0,0.014094419049647427,0.0,0.0,0.0,0.0,0.0,0.0,0.016596839648633163,0.0,0.0,0.0,0.0,0.0,0.0,0.012989567933034804,0.0,0.0,0.0,0.0,0.0,0.01389433777739542,0.0,0.0,0.0,0.0,0.0,0.0,0.0,0.0,0.0,0.0,0.0,0.0,0.0,0.0,0.016260696790477282,0.0,0.0,0.011525074542682557,0.0,0.021727020351370908,0.0,0.0,0.0,0.0,0.0,-0.014000782431448386,-0.01596479563134197,-0.014211958582734647,0.0,-0.0153156831286581,0.0,-0.011273439800359341,0.0,0.0,0.0,0.0,0.0,0.0,0.0,0.013924299438003097,0.04549345648559412,0.039567836914034565,0.04054255960886601,0.02447369662934241,0.020510965665126776,0.02866328840220895,0.023247488348232304,0.0,0.07420552414245032,0.026770562817173386,0.03411477836525145,0.027941122211623502,0.01373268023872178,0.03431474678656774,0.051470167291458015,0.0,0.0,0.0,0.018657075631937182,0.023970106799285143,0.02997708805837288,0.026133921639360416,0.011667938265665145,0.037122626226519365,0.04527120527314051,0.014790206107225727,0.011130307620581812,0.03080734887346253,0.034918425545173,0.018913167427126214,0.01981279351971165
2021-02-28,0.0,0.0,0.0,0.0,0.01594975475134874,0.014407124235769578,0.015589416965523926,0.0,0.0,0.02071232152576389,0.0,0.0,0.0,0.0,0.0,0.0,0.0,0.0,0.0,0.0,0.018865360793854553,0.0,0.0,0.0,0.0,0.0,0.02002803137275691,0.0,0.0,0.0,0.0,0.013320692114709903,0.013494951760347587,0.0,0.0,0.0,0.0,0.0,0.0,0.0,0.0,0.021416644809486775,0.0,0.014716812250924468,0.019493509332784844,0.017812240785482908,0.02688999113983262,0.014875069466584777,0.013722595982986115,0.0,0.01830230501238774,0.0,-0.015992550868652283,-0.01763030878961531,-0.014545611209802215,0.0,0.0,0.0,0.0,0.0,0.0,0.0,0.0,0.0,0.020486874079221305,0.0,0.0,0.03958165260582508,0.037821000840793706,0.03942659160906527,0.029087506143894493,0.0219554880115019,0.035796317254053085,0.0,0.0,0.06593411870408561,0.0,0.020241489885614358,0.015607354440176078,0.02464919047107252,0.04515232657550821,0.04061925508375407,0.0,0.0,0.0,0.030140233976948906,0.0,0.02347733458753018,0.02033116238007597,0.0,0.02563041935570176,0.03955245574599223,0.019152384882077295,0.0,0.03224832486071078,0.04534322533778192,0.0,0.0
2021-03-31,0.02463938570429878,0.0,0.0,0.020898223645088723,0.02514182852374538,0.02264295177208863,0.020853178044601395,0.0,0.0,0.029108481687418468,0.0,0.0,0.02160314384103099,0.0,0.0,0.0,0.020377864018542392,0.0,0.0,0.0,0.027171999693775026,0.0,0.0,0.0,0.0,0.0,0.0,0.0,0.0,0.0,0.0,0.0,0.0,0.0,0.019953794786273942,0.02212561431998133,0.0,0.02696921528448093,0.0,0.020313123786239166,0.0,0.02616054629576462,0.0,0.0,0.02167674428002788,0.026894833652796275,0.0,0.02676433550046972,0.03396295540369155,0.0,0.0,0.0,0.0,0.0,0.0,0.0,0.0,0.0,0.0,0.0,0.0,0.0,0.0,0.0,0.024631435117533233,0.0,0.0,0.036490645180069586,0.036797067427419936,0.021336232091615843,0.033672199215280044,0.027340836991082595,0.024638292746238816,0.02139422806825861,0.01905184791360885,0.030301093409822455,0.02021824649708937,0.027157162010179904,0.023330226159468042,0.032450034473599974,0.029880561406930153,0.023901860021724904,0.0,0.0,0.0,0.0,0.0,0.0,0.0,0.0,0.021223762670229723,0.023741420391856883,0.019071273355440507,0.0,0.020173957018504947,0.026687739298214185,0.019251658295516283,0.0
2021-04-30,0.026670867725410337,0.0,0.019404314262755427,0.02702031190314845,0.025612127177725572,0.02906558099476918,0.02132124504928118,0.0,0.0,0.023206326713495186,0.0,0.02493592639619744,0.0,0.02562675629251023,0.022543739082803178,0.0,0.019886268341711963,0.0,0.0,0.0,0.0,0.022100833592702533,0.0,0.024887673145170094,0.0,0.019433387747004788,0.020608893608339524,0.0,0.02236064293152037,0.0,0.0,0.0,0.0,0.0,0.0,0.021884301769063003,0.0,0.021953675523118513,0.0,0.022068179722037014,0.0,0.0,0.0,0.0,0.0,0.027254013720924793,0.0,0.019434747949994426,0.0,0.0,0.0,0.0,0.0,0.0,0.0,0.0,0.0,0.0,0.0,0.0,0.0,0.0,0.0,0.0,0.0,0.0,0.0,0.028708375996741014,0.0,0.0,0.021076815424062968,0.02253731749292399,0.02456885788782603,0.028560321077053787,0.029530080910753098,0.030957168318428957,0.024229658684716573,0.028828392312451934,0.02710800758251037,0.03549382870915019,0.03178596012894745,0.03481439418768966,0.0,0.0,0.0,0.0,0.02001544821890256,0.022930799546077706,0.0,0.0,0.030650684700032543,0.0,0.023353478870633812,0.0,0.0,0.0,0.020047171213206587,0.027523425088207553
2021-05-31,0.027294949159548047,0.0,0.0,0.02148149614188172,0.0,0.02864365386212333,0.019830637335064023,0.0,0.0,0.03928914054518437,0.04981037848800577,0.0,0.026346607650155025,0.0,0.0,0.0,0.027356826714620624,0.0,0.0,0.0,0.0,0.0,0.0,0.021258275958518844,0.022044640735020906,0.0,0.02414809940914495,0.0,0.02081722718605763,0.02812616622439354,0.01861240552072523,0.018654620149975303,0.01784176962697197,0.0,0.0,0.018054219509163645,0.0,0.017812314020894705,0.021565723897061403,0.0,0.0,0.0,0.0,0.0,0.0,0.0,0.0,0.0,0.0,0.0,0.0,0.0,0.0,0.0,0.0,0.0,0.0,0.0,0.0,0.0,0.0,0.0,0.0,0.0,0.0,0.0,0.020227354121030546,0.02876593205228789,0.0,0.019507558813363586,0.024432621103042257,0.021677247030422796,0.020623520337364597,0.021892005550201123,0.0,0.0,0.02585132116222971,0.03165612542454328,0.03292703553544357,0.018945043681962218,0.02616493911285702,0.02489199448716324,0.0,0.0,0.0,0.0178108329339138,0.0,0.0,0.018851438696786252,0.0,0.03529584014698662,0.0,0.0,0.01962368018329344,0.028821570431709194,0.027267910601905337,0.027073629424832747,0.03870324703414979
2021-06-30,0.023472346076377597,0.0,0.0,0.022406457764802167,0.0,0.017805851383283753,0.02042046637482949,0.0,0.0,0.0387274975086454,0.04737461861769409,0.0,0.025044665567095375,0.0160159215368295,0.0,0.0,0.02906284543322589,0.0,0.0,0.0,0.0,0.0,0.0,0.02222744078737402,0.03453368652120024,0.02376281751539977,0.021572520770974518,0.021218736193748262,0.019921997404892436,0.0335719618700722,0.02698614253203325,0.020414672215696247,0.021541000600099548,0.0,0.0,0.020689394157650507,0.0,0.0,0.019982894353815076,0.0,0.0,0.0,0.0,0.0,0.0,0.0,0.0,0.0,0.0,0.0,0.0295407077186882,0.0,0.0,0.0,0.0,0.0,0.0,0.0,0.0,0.0,0.0,0.0,0.0,0.0,0.0,0.0,0.0,0.0307485266554008,0.0,0.019496583170290155,0.0,0.0,0.0,0.018274636058433238,0.0,0.0,0.03971423639364888,0.04099328107390707,0.037115528745200764,0.020614610422169277,0.016267973654588996,0.019415628344972936,0.0,0.0,0.0,0.0,0.018524432613281797,0.0,0.023774346692095737,0.0,0.03206808166937538,0.022483567076962196,0.017926840652606975,0.0,0.027332827595259176,0.02320045289036212,0.01847245556407138,0.017281347822945603
2021-07-31,0.025359139534656384,0.0,0.02041030386601139,0.02544380760136001,0.0,0.019667028459335045,0.02620797742887578,0.0,0.0,0.03322625320629415,0.04597290522844702,0.0,0.03289643785916424,0.025221797784999653,0.0172181111725694,0.01952100966895069,0.025407337253800722,0.0,0.0,0.0,0.0,0.0,0.0,0.0,0.03714714546106702,0.021645896664390395,0.025434322426453576,0.016103021743063748,0.022750987208159747,0.03297435955955977,0.03669559267869766,0.020227727850595408,0.023440155713876587,0.019665467334321042,0.0,0.01831321488056797,0.0,0.0,0.02707369218918818,0.01805587421210736,0.0,0.0,0.0,0.0,0.0,0.015697262649451323,0.0,0.0,0.0,0.0,0.017716390847950864,0.0,0.0,0.0,0.0,0.0,0.0,0.0,0.0,0.0,0.0,0.0,0.0,0.0,0.0,0.0,0.0,0.0174903186684553,0.0,0.0,0.0,0.0,0.02603042892025525,0.028171818244952716,0.0,0.0,0.04451568368952283,0.04687184811036028,0.025527769292836743,0.0,0.0,0.02140758281018835,0.0,0.0,0.0,0.0,0.01726124338540075,0.0,0.02098947461138989,0.0,0.0,0.021599406521112283,0.0,0.0,0.01875539715086019,0.01914335434623249,0.022742453764517855,0.0
2021-08-31,0.0,0.0,0.0,0.0,0.0,0.0,0.0,-0.01661712441371371,0.0,0.0,0.02246649750760506,0.0,0.0,0.013398585245110499,0.0,0.0,0.015659986484329494,0.01853371071838309,0.0,0.0,0.0,0.0,0.0,0.0,0.02221238204001285,0.02304246991580945,0.0223071398057941,0.025717557067764237,0.026324047714757836,0.03343329456835974,0.022628824824425513,0.013470707036887438,0.02105643952700291,0.01801655088986281,0.0,0.0,0.0,0.0,0.04136576416351702,0.0,0.0,0.0,0.0,0.0,0.0,0.0,0.0,-0.014078724065064612,0.0,0.01836477658662842,0.03460490404812191,0.013428408001739878,0.027909784176326138,0.051039494025980243,0.024564683445235866,0.0,0.0,0.0,0.012898379681149054,0.013091257996660359,0.03301629141294777,-0.015144457568476422,0.0,0.0,0.0,-0.023065903726799168,0.0,0.0,0.0,0.0,0.0,0.0,0.023629917005368213,0.025704348024802006,0.0,0.04016411605005093,0.05187993104346082,0.05284658404841118,0.024551138970209024,0.0,0.0,0.038256230498425255,0.0,0.031145303112019747,0.02898286843315266,0.0,0.0,0.0,0.017490641012425326,0.0,0.0,0.014672881059449883,0.0,0.0,0.013217894083759322,0.0,0.0,0.0
2021-09-30,0.0,0.0,0.0,0.0,0.0,0.0,0.028959323542212353,-0.030537236351180608,0.0,0.0,0.016956139071524698,0.0,0.0,0.0,0.0,0.0,0.0,0.031830960519912264,0.016377131802816653,0.0,0.0,0.0,0.0,0.016409096420913306,0.01665083423286555,0.0,0.013091334921440162,0.0,0.027882560769441893,0.04571120598510634,0.029691362864963572,0.0,0.023966687027433715,0.0,0.0,0.013607858614496047,0.0,0.0,0.05341010774381508,0.0,0.0,0.0,0.0,0.0,0.0,0.0,0.0,-0.019782065963034015,0.0,0.0,0.025024927366173743,0.0,0.028857526842706108,0.027497346159746448,0.0,-0.013330661061199471,-0.027180380493416253,0.0,0.0,0.0,0.015644117320958495,-0.021914770830201307,0.0,-0.01739349399993094,-0.014215027335641808,-0.034103524734379304,0.0,0.0,0.0,0.024117564874327712,0.0,0.0,0.01386808699570671,0.024595185262671626,-0.016350798228946837,0.0,0.053550487091059695,0.05192283404706422,0.0,-0.014066976593892326,-0.01385290268839746,0.017862774023200016,0.0,0.024510086730732787,0.0,0.0,0.0,0.0,0.015003709433762995,-0.03073002739528052,0.0,0.02911670574328094,0.0,0.0,0.029259302550878434,0.03116687636528755,0.0,0.0
2021-10-31,0.0,0.0,0.025695190183934548,0.0,0.0,0.0,0.036397177214257795,0.029407593169709097,0.0,0.0204431851990223,0.02709138685149484,0.0,0.02607208237277338,0.018503523442469604,0.0,0.018307922478752875,0.0,0.018407671244534154,0.0,0.021254009403898773,0.02204934811193224,0.0,0.0,0.03412798642018639,0.022814378467348705,0.0,0.01920708925636288,0.0,0.0,0.05768178053058133,0.0,0.0,0.01648502422881698,0.01654497609123033,0.0,0.0,0.0,0.0,0.028163814058300846,0.0,0.0,0.02132927667035653,0.0,0.0,0.0,0.01686985181483282,0.0,0.0,0.0,0.0,0.042754517651335804,0.0,0.0,0.0,-0.02273606067470151,-0.02598968692414881,-0.02132639109277318,-0.025139385541152207,0.0,0.0,0.0,-0.03444541872410985,0.0,0.0,-0.017245055994986252,-0.028758702599093522,-0.028100843016270298,0.0,-0.023856994486392655,0.020645247365321563,-0.019375967592493576,-0.02262593279608769,-0.017173022204756458,0.019578390162599546,0.0,0.0,0.0,0.0,0.0,0.0,-0.0194469101369563,0.0,0.0,0.0,-0.022787270212781825,0.0,0.0,0.0,0.0,-0.034554012732154776,0.0,0.032015926450954454,0.0,0.0,0.0,0.0,0.02459099643013338,0.0
2021-11-30,0.0,0.0,0.0267879054834986,0.0,0.0,0.021006873028442632,0.03543226350264762,0.028937136368367238,0.0,0.0,0.02354910282453459,0.0,0.02660551324450332,0.019394922308096106,0.0,0.030062177032703183,0.0,0.0,0.0,0.026024605476242118,0.021349766907917546,0.0,0.0,0.021852255742898577,0.022104360722730046,0.0,0.035737514183775076,0.0,0.026095714209090924,0.045948800228867284,0.0,0.0,0.0,0.0,0.0,0.0,0.0,0.0,0.041537342216259175,0.0,0.0,0.0,0.0,0.0,0.0,0.0,0.0,0.0,0.0,-0.030862917409164616,0.02723023431605719,-0.02382948325228273,0.0,0.0,-0.02871848258431336,-0.024621866692113987,-0.018686410627559737,-0.021253716102363755,0.0,-0.020204669707179563,0.0,-0.02662756115844473,-0.017943598540154565,-0.022471742725251532,-0.01828134935948739,-0.020384374470420817,0.0,0.0,-0.01862153731336017,0.0,-0.025763397154597086,-0.021340230592692872,-0.02371456705206064,0.0,0.0,0.0,0.0,0.0,0.0,-0.020287464344966546,-0.021542531109760257,0.0,0.0,0.0,0.0,-0.021277077942609603,-0.02080590555785312,0.0,0.0,-0.031609259419594124,0.019586528237267392,0.021908840849870097,0.0,0.0,0.0,0.0,0.0,0.0
2021-12-31,0.0,0.0,0.0,0.0,0.0,0.0,0.05151911319566058,0.018526869625498547,0.0,0.0,0.0,0.0,0.0,0.0,0.0,0.022667406799224906,0.0,0.0,-0.018598422294203405,0.0,0.0,0.0,0.0,0.031850371324180234,0.0,-0.023705016625524634,0.020044280913755746,0.0,0.0,0.06667540939214005,-0.021035593471170833,-0.02118807275121612,0.018588260292087926,-0.023028134018744924,0.0,0.0,-0.020204892341247054,0.0,0.0,0.0,0.0,0.0,-0.023230747134264925,-0.03303126883133431,-0.026496235075100148,-0.021025601297849136,-0.023871817541491234,0.0,0.0,0.0,0.03391597683257372,-0.01823341997028113,0.0,0.0,-0.019441683011936908,0.0,0.0,0.0,0.021118985636477832,0.0,0.0,0.0,0.0,-0.022617898145393993,0.0,-0.02460394056127868,-0.01889752269278043,0.0,0.0,0.01931794546533978,-0.02711017859839104,-0.021245618914598575,-0.043323064195271155,0.019224459776563882,0.0,0.0,0.0,0.0,0.0,-0.022908168848357644,-0.030698703775545677,0.0,0.0,0.019166789981279957,0.0,0.0,0.0,-0.019084564721737595,0.0,0.0,0.0,0.02109876402617849,0.0272943330464082,0.018324558190806063,0.019978401309828222,0.02375463464460782,0.0,0.023352874729668485
2022-01-31,0.0,0.02343625656984732,0.022197004662198438,0.0192499595962933,0.0,0.029584316443156164,0.062055578195091096,0.016297375044202818,0.02721918581536972,0.0,0.0,0.019923992849210728,0.016967084732727452,0.02669367220267457,0.021917781871736042,0.035085168152996796,0.027300010685576182,0.014412653321901227,0.0,0.0,0.0,0.016718554991602876,0.024065323990662912,0.04300018416067395,0.0,0.0,0.018738390048414145,0.0,0.0,0.037925646900892965,0.0,0.0,0.026362050516824432,0.0,0.0,0.015984022699962585,0.0,0.0,0.023331857634357637,0.0,0.0,0.0,0.0,0.0,0.0,0.0,0.0,0.0,0.0,0.0,0.0,0.0,0.0,0.0,-0.015597604498476815,0.0,0.0,0.0,0.0,0.0,0.0,0.0,0.0,-0.023069859994894967,0.0,0.0,-0.016919016982369247,0.0,0.0,0.02609785934122745,-0.019246342449381653,-0.017842281001279436,-0.021199390197086974,0.02444796885648595,0.0,0.0,0.0,0.0,0.0,0.0,-0.018616911597719214,0.0,0.0,0.017219084581210995,0.0,0.0,0.0,0.0,0.0,0.0,0.020730838225332927,0.03894835817359211,0.049517608091475214,0.03359507207809734,0.02144900132089438,0.024588000884619075,0.017037534432976276,0.025411196206506656
2022-02-28,0.02519552699262111,0.03334719291738829,0.031022485711725716,0.035185933004846216,0.01850853556814583,0.03379773792855728,0.04624787005745565,0.021021597207465305,0.030885232167557234,0.0,0.021759488860670237,0.02201655058718462,0.016565508057644833,0.03604825213708247,0.029371827724437274,0.0407536079345203,0.03399596804762903,0.01752699790818197,0.0,0.0,0.02527719883652665,0.023324383354795256,0.02881632760784951,0.026965907490165735,0.025822420020331076,0.0,0.017849716311265425,0.0,0.0,0.03728821946303327,0.0,0.013426239864010845,0.032531988074873223,0.013681309082599048,0.0,0.013968104253357202,0.0,0.0,0.03385079427769022,0.01925185549733179,0.0232541665560398,0.0,0.0,0.0,0.0,0.0,0.0,0.016292499027408328,0.0,0.0,0.0,0.0,0.0,0.0,0.0,0.0,0.0,0.0,0.0,0.0,0.0,0.0,0.0,-0.017351962978223903,-0.013385360971062816,0.0,0.0,0.0,0.0,0.026996335807185884,0.0,0.0,0.0,0.0,0.0,0.0,0.0,0.0,0.0,0.0,0.0,0.0,0.0,0.0,0.0,0.0,0.0,0.0,0.0,0.016370870558887425,0.014548568160781584,0.014741216036360045,0.03567604733509056,0.016078195622017042,0.0,0.0,0.0,0.0
2022-03-31,0.02465884553053578,0.045491797757586626,0.02443723825835409,0.024812621980682917,0.019803767028020294,0.02427965876661673,0.046706570485825924,0.0,0.035179620680623275,0.0,0.0,0.017926030922988345,0.0190845147344015,0.03442096129458871,0.024909153024462727,0.031061553171339792,0.024069923991442595,0.02904774325077063,0.0,0.0,0.0,0.0,0.0,0.01846937872150812,0.021553489676110007,0.0,0.0,0.0,0.0,0.03378999878915807,0.0,0.020986387655144097,0.031258350993358455,0.0,0.0,0.022990599935563873,0.0,0.0,0.024212296225220455,0.0,0.02363166748048739,0.0,0.0,0.0,0.0,0.018221935733567084,0.0,0.02112075979229951,0.0,0.0,0.0,0.0,0.0,0.0,0.0,0.0,0.017866494500173725,0.0,0.023497987256811185,0.0,0.0,0.0,0.0,0.0,0.0,0.0,0.02317461457527407,0.020338048176754556,0.026000859183613,0.02872288758987033,0.0,0.021895178951159194,0.0,0.022041422103079068,0.02117816319712798,0.0,0.0,0.0,0.020307344592009228,0.0,0.020206399531965423,0.0,0.0,0.0,0.0,0.0,0.0,0.0,0.0,0.02313867907430721,0.02080385965668159,0.02153043067085493,0.02717276505966155,0.0,0.0,0.0,0.0,0.0
2022-04-30,0.019189784955706453,0.03760748116663957,0.019119634864184953,0.0,0.023512126212134974,0.0,0.03123638279655552,0.0,0.029736974644496334,0.0,0.0,0.0,0.019052658280850142,0.02864745177926767,0.0,0.0202154091064832,0.022802953198877745,0.03303011205774973,0.0,0.0,0.016258566543756958,0.0,0.0,0.02952275761429651,0.019131006734338495,0.0,0.0,0.0,0.0,0.029071286934543583,0.0,0.017332642140654875,0.022539062922140096,0.0,0.01759454628067028,0.023843964886033672,0.0,0.0,0.0,0.0,0.02024048946407982,0.02241567806922161,0.019747955005640368,0.0,0.0,0.022720722657385277,0.0,0.02392374807590527,0.0,0.025067415596482814,0.0,0.0,0.0,0.0,0.022615752955954773,0.0,0.0,0.0,0.02054211070190925,0.0,0.0,0.0,0.0,0.0,0.0,0.0,0.0,0.0,0.025180879341658156,0.029725767406224752,0.025886741296851302,0.027399639941361704,0.02642881772142315,0.0393845290727027,0.02680069296406977,0.0,0.0,0.0,0.0,0.0,0.02248452354978501,0.0,0.021819805318277884,0.0,0.0,0.0,0.0,0.0,0.0,0.031947476157145,0.02204805973514753,0.026209193691546298,0.03796519815784683,0.0,0.0,0.0,0.0,0.0
2022-05-31,0.025778074022694338,0.030760609384764062,0.019037469907556972,0.01808536234149874,0.02796447851752664,0.0,0.022921331605744336,0.018376402070810413,0.02860006047487124,0.0,0.0,0.0,0.018789731137632243,0.030960722441437622,0.022272400130922503,0.027431177118355198,0.02854244749916182,0.02440404298594881,0.0,0.0,0.02018608814373213,0.0,0.0,0.018698654259448097,0.02581654103784515,0.017933729012357565,0.0,0.0,0.01825317699236025,0.022482210729411378,0.019247795887480573,0.0276811759931307,0.0,0.0,0.03281027611012551,0.031599471783846,0.0,0.0,0.0,0.0,0.024735405550061377,0.0,0.02382000492399766,0.0,0.034873002958351745,0.03636055972987083,0.020580707731278087,0.03717915142412464,0.026710499540781037,0.0,0.0,0.0,0.0,0.0,0.0,0.0,0.0,0.0,0.0,0.0,0.0,0.0,0.0,0.0,0.0,0.0,0.0,0.0,0.0,0.029757206883520404,0.0,0.0,0.0,0.0,0.0,0.0,0.0,0.0,0.018206629852315442,0.0,0.02950752360169025,0.0,0.0,0.0,0.0,0.0,0.019432722433862775,0.021037180159728656,0.0,0.022716495168974487,0.027948302960340694,0.023654187214961486,0.024846990277478213,0.0,0.0,0.0,0.0,0.0
2022-06-30,0.029143178120797496,0.032435287404181834,0.023906499767966733,0.021419378385842073,0.03751569311887078,0.0,0.0286913676647103,0.029054726873719638,0.03088610538533562,0.0,0.018736468761319854,0.0,0.022545730332701717,0.029723954531551522,0.023459878963813234,0.034008802665840734,0.02596470292077625,0.020763657376501106,0.0,0.0,0.022910195133548732,0.0,0.0,0.019831440315088007,0.03133561508428471,0.020389803016539067,0.0,0.0,0.01815546573610703,0.02340547016920247,0.025948855989511438,0.0268098519036176,0.018278033942347564,0.0,0.030047788584971317,0.03452767694698052,0.02050416271489238,0.0,0.0,0.02028682112905329,0.02558813946613401,0.019645796731685847,0.018449415565814902,0.0,0.032813624627836976,0.03046260247502918,0.017551025040287604,0.021337172481187074,0.02766862729325872,0.0,0.0,0.0,0.0,0.0,0.0,0.0,0.0,0.0,0.0,0.0,0.0,0.0,0.0,0.0,0.0,0.0,0.0,0.0,0.0,0.02541206102260855,0.0,0.0,0.0,0.0,0.0,0.0,0.0,0.0,0.0,0.0,0.020517844735406805,0.0,0.0,0.0,0.0,0.0,0.019471663040433858,0.020395414580243458,0.0,0.0,0.0,0.0,0.0,0.0,0.0,0.0,0.0,0.0
2022-07-31,0.018039378394672127,0.015558056130749679,0.0,0.0,0.039360469875868054,0.0,0.0,0.01671178861360933,0.0,-0.015420305832987419,0.0,0.0,0.0,0.0,0.023411750449023362,0.027636122276688147,0.01908130525478028,0.0,-0.02055571023666044,0.0,0.0,0.0,0.0,0.03249352265479421,0.0,0.0,0.0,0.0,0.0,0.0336585561642899,0.0,0.0,-0.01602267553354575,0.0,0.028656134245201453,0.01867415399624874,0.0,0.024353728162763072,-0.02909933065918444,0.0,0.0,0.0,0.0,0.0,0.03854726779017966,0.036693093271103844,0.0,0.0,0.020151301874401284,0.0,0.0,0.0,0.0,0.0,0.0,-0.035908563374554475,-0.016994653320023808,0.0,0.0,0.0,0.0,0.0,-0.021940158358320444,-0.047012829895008414,-0.027245652413126986,0.0,-0.023165069577413433,-0.017099724624106485,-0.022622353234795983,0.0,0.0,0.0,0.0,0.0,-0.023345432460393847,0.0,0.0,0.017016255971219522,0.014969810271423524,0.0,0.018372310332160177,-0.017882528147011436,0.0,0.0,-0.01846809099196442,-0.0413524477418843,-0.016257024147630666,0.0,-0.0285576509091405,0.0,0.0,0.0,0.022997847426862162,-0.024510372894112915,-0.0386881099401297,-0.03146846255196551,0.0,0.0
2022-08-31,0.03062244368475335,0.018053676267083145,0.0,0.0,0.038510253171984046,0.0,0.0,0.02691273935164729,0.0,-0.01705484867726419,0.0,0.0,0.0,0.0,0.0,0.021396010738188365,0.0,0.019567734214032895,0.0,-0.020520007269462764,0.0,0.0,0.0,0.028607830320258886,0.01727642042434724,0.0,0.0,0.0,0.0,0.0214776826681951,0.016987371181506464,0.024103115689051293,0.0,0.0,0.03490645344511284,0.022215733946336247,0.0,0.05011567566993883,0.0,0.0,0.0,0.0,0.0,0.0,0.021994281131144818,0.0,0.0,0.0,0.0,-0.029845678546014873,0.0,0.0,-0.029466885821741534,-0.01971161378381396,0.0,-0.03437325272104845,-0.03128048659269494,-0.01780082805035702,-0.023273118438889014,0.0,-0.02020479945408547,0.0,-0.019934861969772177,-0.03164974031485176,-0.028821548993179236,-0.0196740036100587,-0.03394702549839891,-0.025405688148724157,-0.03139581214978732,-0.01711794378339097,-0.022607748831557188,0.0,-0.02080565660857082,-0.02015722773517442,-0.029882109169492684,0.0,0.0,0.0,0.0,0.0,0.0,0.0,-0.01717756771564345,0.0,0.0,-0.02748814869949802,0.0,0.0,-0.017655975512947196,0.0,0.0,0.0,0.0,0.0,0.0,0.0,0.0,0.0
2022-09-30,0.017701153446879628,0.0,0.0,0.0,0.01519190498303741,0.0,0.0,0.0,0.0,0.0,0.0,0.0,0.0,0.0,0.0,0.0,0.0,0.029024950039475642,0.0,-0.025013145561144715,0.0,0.0,0.0,0.0,0.0,0.0,0.0,0.0,0.0,0.020884916888754546,0.0,0.0,0.0,0.0,0.0,0.017847611502258037,0.0,0.022732025320393038,0.0,0.0,0.0,-0.02047603940595474,0.0,0.0,0.0,0.0,0.0,0.0,0.0,-0.035832307694321656,0.0,-0.028938528367866697,-0.03662298976994138,-0.03041887950041897,-0.028895903352755804,-0.0372733823219536,-0.02907171443410385,-0.02743524241649939,-0.024967086878407197,-0.014927002124311013,-0.028586120390820043,-0.03396783834923307,-0.028431178172365953,-0.03578324321237346,-0.03138444456316891,-0.024964946356999543,-0.025063059386448087,-0.024347367207959065,-0.032496482118133045,0.0,-0.027695989550107086,-0.020044255636947363,-0.02320133179144122,-0.02177025668645505,-0.024750628074716396,-0.01772640643865873,0.0,0.0,0.0,0.0,0.0,-0.015639860023827605,-0.020024200578334414,0.0,0.0,-0.024222977961857198,-0.01923074370556405,-0.01601647946092478,-0.02006057261184121,-0.02133683371334652,0.0,0.0,0.0,0.0,0.0,0.0,0.0,0.0
2022-10-31,0.0,0.0,0.0,0.0,0.0,0.0,0.0,0.0,0.0,0.0,0.0,0.0,0.0,-0.017376384075302616,0.0,0.0,0.0,0.0,0.023798650157333952,-0.030579238646881966,0.0,0.0,0.0,0.0,0.0,0.0,-0.018477176040584093,-0.022285066273718356,0.0,0.033769108996416886,0.0,0.0,0.0,0.0,0.0,0.0,0.0,0.03203423797763136,0.0,0.0,-0.018511016701853542,-0.02241716396513552,0.0,0.0,0.0,0.0,0.0,0.0,-0.020123903844066045,-0.03397653280531164,-0.02217235286193769,-0.027108376264555045,-0.0343689316637678,-0.030748782880621568,-0.027428975499067903,-0.021354162542551347,-0.0237301023193699,-0.026577075509807487,-0.02274700830651289,0.0,-0.01979257569159976,-0.028869146907780738,-0.019268671030447618,0.0,-0.020177443571368567,-0.018614109494411144,-0.019223522871540763,-0.021793654565435517,-0.02614624916654184,-0.01787365039416621,-0.023083504763586705,0.0,0.0,-0.023885125039148063,-0.025132823607796288,-0.0194323177039302,0.0,0.0,0.0,0.0,0.0,-0.020518863021597174,0.0,0.0,0.0,-0.025412995529191903,-0.035563323245772334,-0.03033176554465709,-0.03518303681255281,-0.02614727982370178,0.0,0.0,0.0,-0.03396569388234594,0.0,0.0,0.0,0.0
2022-11-30,0.016587804024446675,0.0,0.014278454521515537,0.0,0.0,0.0,0.0,0.0,0.0,0.0,0.0,0.0,0.0,0.0,-0.014269227145402371,0.0,0.0,0.0,0.04265419379227928,-0.032804752738389724,0.0,0.0,0.0,0.0,0.0,0.0,0.0,-0.02822508082235282,-0.023527559717658048,0.052347603311001606,0.013990791684970616,0.0,0.0,0.0,0.0,0.014257684925349982,0.0,0.02214914588478251,0.014770883777118141,0.0,0.0,-0.016056165776853683,0.0,0.02268593727937949,0.0,0.0,0.0,0.0,0.0,-0.036119583437742235,-0.02249794865555445,-0.019953864662507443,-0.032844608471569864,-0.025256078004708426,-0.018396162455050002,-0.02029432305389626,-0.022403004562618192,0.0,0.0,0.0,0.0,-0.02783447499523617,0.0,0.0,0.0,0.0,-0.020630504028720527,-0.014643065262053022,-0.028907785869237576,-0.025867235984799956,-0.035478857076761405,-0.027460718597173205,-0.024304250464025425,-0.02043005025256378,-0.015736655717395805,-0.022787670094611752,0.0,0.0,0.0,0.0,0.0,-0.02452606023819401,-0.014979368573502284,0.0,0.0,-0.018407137156580558,-0.03903022411606196,-0.04309448571793568,-0.04211145967027684,0.0,0.0,0.0,0.0,-0.027399137479722543,0.0,0.0,0.0,0.0
2022-12-31,0.022347284650118725,0.019390352092556365,0.02585349439446954,0.02054357129258068,0.0,0.0,0.0,0.0,0.018132866217639345,0.028478885045772416,0.018767332677948657,0.029569736516768926,0.0,0.0,0.0,0.0,0.0,0.02272464892839533,0.0679612483400318,0.0,0.0,0.02521567710503641,0.0,0.0,0.0,0.0,0.018028598761411694,0.0,0.0,0.037815478160685215,0.02664355744061294,0.0,0.02421144743899163,0.02525728590162569,0.019710717120456203,0.04138887922550133,0.022154222238030107,0.023536613722271966,0.02294924495609861,0.020278303473990476,0.0,0.0,0.017730091945365484,0.052421060492911044,0.0,0.0,0.0,0.0,0.0,0.0,0.0,0.0,0.0,0.0,0.0,0.0,0.0,0.0,0.0,0.028994318630377547,0.022043632190058785,0.0,0.02145237517266579,0.0,0.017943608124800486,0.0,0.0,0.0180693893088939,0.0,0.0,0.0,0.0,0.0,0.0,0.0,0.0,0.019363488696132455,0.028358623690442918,0.018830359267906993,0.026066654618391458,0.018370907891747838,0.0,0.0,0.0,0.023403218318971637,0.01849965940807026,0.0,0.0,0.0,0.022613949815941104,0.0,0.0,0.018272082733362494,0.0,0.026593314877937965,0.02001381911502777,0.0,0.0
2023-01-31,0.016351670857628665,0.0,0.02314629349985843,0.018630308208885723,0.0,0.0,0.0,0.0,0.02018342348362932,0.025235495612154882,0.0,0.0,0.0,0.0,0.0,0.0,0.0,0.0,0.09654619629768381,0.0,0.0,0.02740619989955833,0.029449926548393388,0.0,0.0,0.0,0.0,-0.030969308595778112,-0.017120433328391457,0.0,0.0,0.0,0.0,0.0,0.01704457120180073,0.033918763395765245,0.018130254522256764,0.0,0.014945842532660973,0.031149767320932966,0.02127563212649855,0.0,0.0,0.0467751568680137,0.0,0.0,0.0,0.0,0.0,0.0,0.026940017429659343,0.026388134737707666,0.01874044102493398,0.0,0.0,0.022132158860565236,0.024648390220077997,0.0,0.0,0.0327879114074041,0.02127897204242224,-0.01909227957673983,0.019174330549138592,0.0,0.0,0.026642734710381793,0.0,0.015595706891667506,0.022223996874133078,0.026765581428867476,0.022865656722778356,0.020387133749253685,0.02872968059280619,0.0,0.0,0.0,0.0,0.0192143543000879,0.0,0.0,0.015968842845371773,0.0,-0.017876030007711614,0.0,0.030825629797678177,0.0,0.0,0.0,-0.013757456971411442,0.02064599641514644,0.0,0.0,0.0,-0.019039318544164498,0.0,0.0,0.0,0.0
2023-02-28,0.017179584004149942,0.0,0.0,0.0,0.0,0.0,0.0,0.0,0.0,0.0,0.0,0.0,0.0,0.0,0.0,0.0,0.0,0.0,0.04741950752647815,0.0,0.0,0.017080335846911147,0.021240090081056238,0.0,0.0,0.0,0.0,0.0,0.0,0.0,0.0,0.0,0.0,0.0,0.0,0.022035235992456898,0.0,0.0,0.025786657385640652,0.02483465685166628,0.01647410723909257,0.0,0.020640368098595045,0.04134737375918641,0.0,0.0,0.0,0.0,0.0,0.01958199130896238,0.026102807108676462,0.02925148212287243,0.03733221459113428,0.020994784583235684,0.026152811892534142,0.026436891076172482,0.026378058661248642,0.017400991082771114,0.017794651020331245,0.043624360241092355,0.033620076286437525,0.015424845670723553,0.030492568737422024,0.0227691927920389,0.0,0.03844586484034377,0.0,0.02452788625076396,0.032264385039562256,0.016456631780629023,0.02709492356588987,0.02297788845556642,0.028578993494681265,0.0,0.0,0.0,0.0,0.023900822835940076,0.015493009238898585,0.019614791766549823,0.0,0.016536395444386898,0.0,0.01801446484857876,0.022856373605738254,0.02191137250411624,0.0,0.0,0.0,0.023930552367468286,0.0,0.0,0.0,0.0,0.0,0.0,0.0,0.0
2023-03-31,0.01954733889728397,0.0,0.0,0.0,0.0,0.0,0.0,0.0,0.0,0.02366699789055588,0.0,0.0,0.0,0.0,0.0,0.0,0.0,0.0,0.03406743011392649,0.0,0.026005762630590346,0.03546510866520526,0.028330956425963758,0.0,0.0,0.0,0.021465288029369086,0.0,0.0,0.0,0.0,0.0,0.021786333276933374,0.024419821451801913,0.0,0.018519758345259638,0.017636730580824017,0.0,0.02242216254696944,0.022458831476742245,0.019293743257434194,0.021487117510049815,0.01698519892836523,0.04494463261882817,0.0,0.0,0.0,0.0,0.0,0.0,0.0,0.0,0.01997822040485427,0.0,0.01893673564236122,0.0,0.0,0.0,0.0,0.026885664466195773,0.024820569607801258,0.0,0.0,0.0,0.0,0.0,0.0,0.02490622860362737,0.03411866810173762,0.017401101655740814,0.0,0.0,0.0,0.01700030358850637,0.03455304652245055,0.018812322883273128,0.02318742114995941,0.03727299335795228,0.03536704311135119,0.027766411988334433,0.033517797267738625,0.02590722294369713,0.0,0.029696388778750513,0.019357757071848943,0.028451759476455833,0.022314390227314476,0.022291390498554362,0.017933071877850815,0.021020278127540867,0.0,0.0,0.0,0.0,0.0,0.0,0.0,0.0
2023-04-30,0.0,0.0,0.0,0.0,0.0,0.0,-0.018282305137732643,0.0,0.0,0.0,0.0,0.0,-0.02283933729487622,0.0,0.0,0.0,0.0,0.0,0.021595557113224088,0.0,0.0,0.018131228895240287,0.0,-0.01821826385820825,0.0,0.0,0.0,0.0,0.0,-0.015260149087121741,0.0,0.0,0.0,0.0,0.0,0.019230287584117916,0.0,0.0,0.0,0.0,0.0,0.0,0.0,0.020151364553418642,-0.01824207705967257,-0.016271865289360254,-0.01604487447404169,0.0,0.0,0.0,0.0,0.017608549358511163,0.041533368570871386,0.01927422037145018,0.037115837046202,0.019967390458949446,0.04014350248743609,0.026369848897099063,0.030569683429857598,0.049803809349379176,0.04585771268522578,0.0,0.024049296010368888,0.0,0.0,0.023860821944756347,0.0,0.019331049830788934,0.044731332921017906,0.016374046291299304,0.02690448068016113,0.02863900195143051,0.019280509905773197,0.0,0.0,0.021377031432357384,0.0,0.0,0.03227114544501767,0.0,0.027194893833316035,0.022790621328946617,0.0,0.028782743141974355,0.017815246555275496,0.022074800613418318,0.018348116763735246,0.026953089767335243,0.0,0.0,0.0,0.0,-0.0290459286745865,0.0,0.0,0.0,0.0,-0.017664609906444813
2023-05-31,0.0,0.0,-0.01623523645093885,0.0,0.0,0.0,0.0,0.0,-0.01806889148058648,0.0,-0.01766981589318067,0.0,-0.0385262672728598,0.0,0.0,0.0,0.0,0.0,0.022979810242354307,0.0,0.0,0.020340084613226877,0.0,-0.033521486275189014,-0.015340036234419124,0.0,0.0,0.0,0.0,-0.02529569808189638,0.0,0.019279826868040906,0.0,0.0,0.0,0.0,0.0,-0.02928276283219882,0.0,0.0,0.0,0.0,-0.021103705036990713,0.0,-0.03270809029532283,-0.02516024118305149,-0.020650572562083736,0.0,-0.019074184324670302,0.0,0.0,0.01741126459989631,0.03198269961580839,0.0,0.02612133204718625,0.020490337505060137,0.029846562974236407,0.0251766840591477,0.02451229635290858,0.04379070466077948,0.04002278965463593,0.0,0.0,0.0,-0.02475998250092244,0.0,-0.01855419065046469,0.0,0.02804291712720224,0.024231790212693522,0.0,0.0,0.0,-0.01922027511755895,0.0,0.0,0.0,0.0,0.027179251247310247,0.025159892635098383,0.02993816642125542,0.0,-0.024939233761383812,0.020532634743029018,0.0,0.0,0.0,0.017934736619010967,0.0,0.0,-0.01762060475261482,-0.01963587641331126,-0.042808293362153436,0.0,0.0,0.0,0.0,-0.024850773319321312
2023-06-30,0.0,-0.016783056198672933,0.0,-0.01762637948157882,0.0,0.0,-0.020194366177832962,0.0,-0.027272672686022355,0.0,0.0,0.0,-0.03876034538921578,0.0,0.0,-0.018189023814552095,0.0,0.021056381215941153,0.0,0.0,0.0,0.0,0.0,-0.03742314601584537,-0.017273879645722006,0.0,0.0,0.0,0.0,0.0,0.0,0.016926184675441564,0.0,0.020149172031360175,-0.01665136548541787,0.0,0.0,-0.02472597479111236,0.0,0.0,-0.019152349502456117,0.0,-0.026106409841674255,0.0,-0.03450809171756001,-0.028019270582586246,-0.023911089687643276,0.0,-0.022919826549833024,0.0,0.0,0.0,0.019041066220205762,0.0,0.0,0.0,0.016565812798873373,0.032501605105929116,0.03086791275087929,0.027894412535417624,0.04373198150102712,0.0,0.0,0.0,-0.032347224277233695,0.0,-0.02935255862561168,0.0,0.0,0.0,0.0,0.0,-0.02467963038889126,-0.02145257893156919,0.0,0.0,0.0,0.0,0.024643475351455977,0.020050064575287893,0.0,0.0,0.0,0.0,-0.01762560803681602,0.0,0.0,0.0,0.0,-0.02532505555221678,-0.025035848458699734,-0.03376116473310152,-0.03232129360556566,0.0,0.018308847769693718,0.02814301791278146,0.023901500215728597,-0.024800355162546056
2023-07-31,0.0,0.0,-0.017531924422324877,-0.015781160507142407,0.0,0.0,-0.020278230089347135,0.0,-0.022570859495717223,0.0,0.0,0.02135919663862346,-0.024689488018450636,0.0,-0.01868027665907691,-0.015913671079779246,0.0,0.04061931865972079,0.019376578070615293,0.0,0.0,0.0,0.0,0.0,0.0,0.0,0.0,0.0,0.0,0.0,0.0,0.0,0.0,0.02512017348920762,-0.019391523388869635,0.0,0.0,-0.02694719366424184,0.0,0.0,0.0,0.0,-0.02748244390497375,0.021225986200081728,-0.023346970759012514,-0.018060569331734385,0.0,-0.016756850285889455,-0.024135116186282,-0.019129966247131137,0.0,0.0,0.0,0.0,0.0,0.0,0.0,0.016395026507863536,0.0,0.0,0.023317320895200278,-0.018621464720212415,0.0,-0.022264365355512863,-0.03061033277154355,0.0,-0.041776451977195594,0.0,0.0,0.0,-0.02054090956426487,0.0,-0.030729489504598823,-0.026906469795446097,0.0,-0.01676328449745347,0.0,0.0,0.031770310106991564,0.0,0.022093808365508477,0.0,-0.02119247082181517,0.03393913226166289,0.0,0.0,0.0,0.0,0.0,-0.03625105165099633,-0.02969230087039342,-0.03361959375981287,-0.019915433177611436,0.0,0.038985682055626296,0.04621760424206804,0.0,0.0
2023-08-31,0.0,0.0,0.019363032612117973,0.022650957555322437,0.0,0.0,0.0,0.01731922352662095,0.0,0.0,0.0,0.04382761971872199,0.0,0.0,0.0,0.0,0.0,0.057929976117760254,0.019214511395415353,0.019789503592276245,0.0,0.0,0.0,0.0,0.02582749207323014,0.014568336352281512,0.0,0.0,0.0,0.0,0.014496188204897271,0.019038302428231593,0.0,0.02785831422046875,0.0,0.0,0.0,0.0,0.0,0.0,0.0,0.017534320063088974,0.0,0.02141609961699158,0.0,0.0,0.0,0.0,0.0,0.0,0.04498281318026854,0.019570592949250752,0.0,0.020765275647268055,0.0,0.03647617393394897,0.02135252204288942,0.030744029887040204,0.04354422892909963,0.027277864204180206,0.018924729127615465,0.013021421720504186,0.0,0.0,0.0,0.0,0.0,0.0,0.01912568614078189,0.0,0.0,0.0,0.0,-0.019216595104824423,-0.013272390067240583,-0.013141094516782886,0.0,-0.012432506594988752,0.029206827903550836,0.020747404409966076,0.01687711107540548,0.0,-0.02165144917819274,0.026308444090492992,0.0,0.0,0.0,0.0,0.0,-0.03963166547876584,-0.021217813591765253,0.0,0.0,0.014100055264828805,0.03927683896349677,0.04245968392451523,0.03384090459491097,0.0
2023-09-30,0.0,0.0,0.024414893358821372,0.0,0.0,0.0,0.0,0.018186016696696852,0.01777258149655031,0.024452236469297263,0.021665368957424155,0.042607076258839804,0.027732991028445373,0.016717122757748882,0.0,0.0,0.0,0.06341458329911112,0.02465787202243155,0.024245602113730197,0.017254912847442915,0.0,0.0,0.01634506814792985,0.021750731370035255,0.0,0.0,0.0,0.0,0.0,0.022456785626038013,0.0,0.0,0.0395378495033347,0.0,0.0,0.014975160278962904,0.016673509089598245,0.017756844756988164,0.0,0.0,0.023262989739961,0.0,0.03759548257370467,0.0,0.0,0.018222173669566338,0.0,0.0,-0.020471537270385715,0.0,0.0,0.0,0.0,-0.01702732595403013,0.0,-0.014869645098900989,0.0,0.0,0.0,-0.017857012865629997,0.0,-0.022342087660178842,-0.025521909029191263,0.0,0.0,-0.018694949458981685,0.0,0.0,0.0,0.0,0.0,0.0,-0.01815768361922204,0.0,0.0,0.0,0.0,0.015553922662271612,0.03033481725663836,0.0,0.0,-0.015053471302094331,0.01791238525431393,0.0,0.0,0.0,0.0,0.018017702713700654,-0.03807539928004889,0.0,0.0,0.0,0.0,0.041851757650537044,0.039628053001073235,0.044422265706909374,0.03251022215323302
2023-10-31,0.0,0.0,0.018437799534384014,0.0,0.0,0.0,0.0,0.0,0.0,0.022010341833081905,0.0,0.02774205553647828,0.027185072055119462,0.0,0.0,0.022092319123326997,0.018519418503951737,0.05262026503110035,0.0,0.03601199253307168,0.0,0.0,0.0,0.022987570018809043,0.01876332047369311,0.0,0.0,-0.01895952681105955,-0.021594683686806063,0.0,0.022268591161012354,0.0,0.0,0.031389352190719526,0.024174386799390195,0.02513592415105382,0.02202057557721363,0.02792504004329668,0.02058916707198151,0.0,0.0,0.01887991531565234,0.0,0.03976432773032015,0.018492830111805726,0.0,0.029338200970655964,0.0,0.0,-0.01888000294568629,0.0,-0.017305815569857858,0.0,0.0,-0.021030057303180794,0.0,-0.017194797176947683,0.0,0.0,0.0,-0.024732130950994868,0.0,-0.021410045353573104,-0.021232064648688296,-0.018040617722786357,-0.017018057721233094,-0.017713419180191578,0.0,0.0,0.0,0.0,0.0,0.0,0.0,0.0,0.0,0.0,0.0,0.0,0.01893378611206271,0.0,0.0,0.0,0.0,0.0,0.0,0.0,0.0,0.020665601178455582,-0.04120106538752924,0.0,0.0,0.0,0.0,0.01977362051752331,0.017148578899613364,0.043224814989147896,0.05759284807854399
2023-11-30,0.0,0.0,0.020458914612057316,0.0,0.0,0.0267802153368049,0.0,0.018408181186140612,0.01795681655108803,0.03686858228639185,0.021089735767514002,0.02122538218796986,0.02716421383295085,0.018167571117056025,0.01788863124133425,0.020875073200504354,0.018683787670459293,0.027969186213214106,0.0,0.03722913645550984,0.02213663561874642,0.0,0.02150612621914738,0.028103714180316028,0.024979318373721866,0.0,0.01578873855894594,0.0,0.0,0.019888684571413726,0.015169760865135972,0.0,0.024415127530464476,0.02781989769503315,0.0,0.03234692410326455,0.025357796194584916,0.022765529359743703,0.030664445232533925,0.021745549467111824,0.02435022893001645,0.024332922318238658,0.020726210749966213,0.04084523057884365,0.016001483827028002,0.0,0.03961715565204621,0.015140822627527969,0.0,0.0,0.0,0.0,0.0,0.0,0.0,0.0,0.0,0.0,0.0,0.0,0.0,0.0,0.0,0.0,0.0,0.0,0.0,0.0,0.0,0.0,0.0,0.0,0.0,0.0,0.0,0.0,0.0,0.0,0.0,0.0179181339801747,0.0,0.0,0.0,0.0,0.0,0.0,0.0,0.0,0.0,-0.030823284355042484,0.0,0.0,0.016285679700514036,0.0,0.0,0.0,0.0360664406327671,0.05443873101867552
2023-12-31,0.0,0.0,0.016766713379844353,0.0,0.0,0.028558882745127877,0.0,0.0,0.0,0.0177301519409907,0.0,0.01366619771275169,0.0,0.02338280664363953,0.01990347546567398,0.0,0.0,0.016337376704737044,0.0,0.04019550155114453,0.01972324685284955,0.0,0.03204795002964067,0.017057140889434143,0.020170975792938632,0.0,0.018872096119964696,0.0,0.0,0.02522578464673701,0.02588567586334799,0.013764308733571906,0.038962414410631085,0.02882649656490478,0.0,0.028577581814524147,0.04357499240503133,0.01714820613372255,0.05445884696909102,0.0,0.0,0.0,0.0,0.022052158447022054,0.0,0.0,0.03793003615337659,0.0,0.0,0.0,-0.013775712893340057,0.0,0.0,-0.02325370567470759,0.0,0.016149702194888774,0.0,0.02553715570560827,0.0,0.021104434614571416,0.0,0.0,0.0,0.0,0.0,0.0,-0.0159529921893114,0.0,0.0,0.0,0.013785765372948258,0.0,0.01861938439979049,-0.016828372978169377,0.0,0.0,0.0,0.0,0.0,0.016734937666726395,0.0,0.0,-0.015493828443913147,0.018321231285019935,0.0,0.0,0.0,0.0,0.017806596342027445,-0.04588562988117653,0.0,0.0,0.0,0.0,0.0,0.0,0.046893080692588796,0.05303845169451419
2024-01-31,0.0,-0.013432726204080009,0.0,0.0,0.0,0.01687007913847043,-0.02030376214088473,-0.013487038118424586,0.0,0.021175079041598724,0.0,0.02906088130546569,0.0,0.017001447361397238,0.0,-0.01961760414753037,0.0,0.02238225895491352,0.0,0.02820643240230375,0.02206999997110576,0.0,0.02995977402587968,0.014179868907577631,0.0,0.0,0.0,0.022250207309582923,0.0,0.0,0.023484491468766668,0.0,0.041534521752541936,0.0,0.0,0.017251289710550663,0.035118744479478825,0.0,0.08188266064950024,0.0,0.0,0.0,0.0,0.0,-0.01686906415146001,-0.023975157555238113,0.0,0.0,-0.023029448671097578,0.0,-0.021201510024185067,0.0,0.0,-0.03579138753297308,0.0,0.020309115928776007,0.0,0.03120782882964341,0.0,0.0,0.0,0.0,0.0,0.0,0.0,0.0,-0.01991122827687127,0.0,0.0,0.0,0.02414241421115766,0.01635962092066554,0.020247755422660545,0.0,0.015734370861028774,0.0,0.0,0.0,0.0,0.016987473167727602,0.0,0.0,0.0,0.01691791833750339,-0.017828763697493376,0.0,0.0,0.0,0.028177996374709975,-0.03356925235163548,0.0,-0.016434660498813612,0.0,0.0,0.0,0.01971694477517703,0.0314799209529037,0.0608393003682255
2024-02-29,0.0,-0.012521049309583632,0.0,0.0,-0.01492973849036748,0.0,-0.01968874350875674,-0.02136479731761819,-0.02738640341936354,0.0,0.0,0.0,0.0,0.0,0.0,-0.02684719443288832,0.0,0.03011546034268829,0.0,0.027542834627741337,0.0,0.0,0.0,0.0,0.0,0.0,0.0,0.020927155638697185,0.0,0.0,0.026966895484149513,0.01666492971960491,0.06307541701335882,0.0,0.0,0.01927369097064327,0.03945790144588248,0.0,0.06887335279925566,-0.01801193645022655,0.0,-0.024539054488603287,0.0,0.0,0.0,-0.013733123509132908,0.026385876386938952,0.0,-0.01480151705004569,0.0,-0.014115785712794156,0.0,0.0,-0.034320309475746484,0.0,0.0,0.0,0.031077636027300647,0.0,0.0,0.0,-0.013716618984165744,0.0,0.0,-0.01606472817862708,0.0,0.0,0.0,0.0,0.0,0.015968397338840035,0.0,0.0,0.0,0.024533553252263657,0.02591041585030608,0.0,0.01636375997311113,0.0,0.0,0.0,0.0,-0.017045913198511137,0.012863202721138082,-0.020597201840330304,-0.026426044442488136,0.0,0.0,0.0181289127261383,-0.030561864601721042,-0.01675714980432222,-0.01772801821845952,0.0,0.0,0.0,0.019931396579418725,0.0445847452944895,0.05019727337428113
2024-03-31,-0.01411152983644359,0.0,0.0,0.0,0.0,0.026452345202779805,0.0,0.0,-0.025920968815770388,0.0,0.0,0.0,0.0,0.0,0.0,-0.02144550960723503,0.0,0.015504802621247076,0.01637183858258478,0.0,0.0,0.0,0.0,-0.02416326562018777,0.0,0.018145761282528733,0.029765881673742573,0.0274479590114265,0.0,0.0,0.027695319649215094,0.01446676452117024,0.05844744102294803,0.02291081871099702,0.0,0.014289234543550874,0.026901399123878515,0.0,0.06372613994050624,-0.01655177187361635,0.0,-0.01642940020974377,-0.01409988107849297,0.0,0.0,0.0,0.0,-0.016700634430624316,-0.02157509649642869,-0.015130835279133517,0.0,0.0,0.0,-0.03135389997558454,0.0,0.0,0.0,0.030409308417516642,0.0,0.0,0.022892188363116572,0.0,0.0,0.0,0.0,0.0,-0.019476365962214907,0.0,0.0,0.0,0.0,0.0,0.0,0.0,0.020791736280161677,0.025440033618988195,0.02106486838673715,0.025863756424887342,0.029115605874810817,0.0,0.0,0.0,0.0,0.04069585357556767,-0.027384909744700436,0.0,0.016711064860453574,0.0,0.023508614962950265,0.0,0.0,0.0,0.0,0.015653750335618357,0.03624726584560909,0.05019012101387956,0.0,0.014946057222951392
2024-04-30,0.0,0.0,0.0,0.0,0.0,0.02400421973074202,0.0,0.0,0.0,0.014091068320544384,0.0,0.015362522008368603,0.0,0.021571832608241224,0.017378637405781456,0.0,0.019637378167579836,0.0,0.026397986787668887,0.0,0.0,0.0,0.0,0.0,0.017029244549458634,0.02052817053769195,0.0224444036567758,0.022108211978841733,0.01899534956448204,0.0,0.042606143249745966,0.02896742355840964,0.047894064242238854,0.028912276038887446,0.022032901322423498,0.022484036976348903,0.03679446560914204,0.0,0.03319693321263078,0.0,0.0,0.0,0.0,0.0,0.0,0.0,0.0,0.0,0.0,0.0,0.0,0.017189601661310356,0.0,0.0,0.0,0.0,0.0,0.02814827179665724,0.0,0.0,0.02482572619212442,0.0,0.0,0.016236990402927965,0.0,0.0,0.0,0.019774599974314386,0.024597586524792606,0.0,0.0,0.0,0.0,0.0,0.03488272651462627,0.019203571999277944,0.02159365096128962,0.028120347088454917,0.027166335106696117,0.0,0.01703029905239141,0.01726461424093975,0.0,0.028608591639666472,0.0,0.0,0.02309776509541049,0.019273444919552324,0.035583171848118676,0.0,0.0,0.0,0.0,0.021405937428529333,0.03144117585984131,0.04211832216707484,0.0,0.0
2024-05-31,0.021838856324860535,0.020554481794433196,0.0,0.0,0.02397470651386011,0.03991263750525137,0.01851819679920294,0.0,0.0,0.02434844271626664,0.0,0.02159260591021415,0.016424925996616446,0.023165702921433284,0.02603466970854481,0.019972464834544894,0.028957148944557694,0.0,0.0,0.0,0.019420118833499134,0.0,0.0,-0.015255738646387232,0.0,0.0,0.023782595922714894,0.0,0.0,-0.02004215506168654,0.042796862908335065,0.025197989375515643,0.05710607177681593,0.028690350983881594,0.029928594852436194,0.021149476028412426,0.0,0.0,0.0,0.0,0.0,0.0,0.0,0.023149780617090783,0.0,0.0,0.0,0.0,0.0,0.0,0.02682307293406762,0.0167825413979122,0.0,0.0,0.0,0.0,0.015975433155543124,0.019403268855042892,0.0,0.0,0.0,0.0,0.0,0.02274215230839301,0.0,0.0,0.0,0.025794810411003514,0.04243091425258031,0.02500469942160658,0.0,0.0,-0.016984608799061128,0.01964312979648916,0.04789140582344312,0.0,0.0,0.0,0.0,0.01708598861397141,0.024233870980799325,0.0,0.0,0.0,-0.01766918723200429,0.0,0.01651364138193324,0.0,0.0,0.0,0.0,0.0,0.0,0.0,0.0228057799919076,0.0304009196676801,0.0,0.0
2024-06-30,0.027027362563633018,0.01602499554981977,0.0,0.0,0.0,0.03811869450240772,0.0,0.019475252931143223,0.0,0.01725000891089361,0.0,0.023430069086773614,0.0,0.029992215273382195,0.047198886808680354,0.025882844397356896,0.03024523725072698,0.0,0.0,0.0,0.02801183880828004,0.01677343480526377,0.02102086053518794,0.0,0.026771160676655966,0.02481626933989888,0.028323922327987614,0.0,0.0,0.0,0.043067807981848165,0.03257444364545698,0.04648792038112998,0.029556135015172517,0.020085612214607106,0.018057355127408824,0.0,0.0,-0.016168841609874737,0.0,0.0,0.0,0.0,0.025136138183151597,0.0,0.0,0.028418556791717415,0.0,0.0,0.0,0.0,0.019722234010860644,0.0,0.0,0.0,0.020689073426049923,0.019418938599133705,0.02013805270406364,0.0,0.0,0.0,0.019556560267657203,0.0,0.02859437672221488,0.0,0.020933412840988003,0.0,0.015689636444949646,0.022754677984890465,0.01721998612842071,0.0,0.0,-0.020830524351404697,0.0,0.016808082155773132,0.0,0.0,0.0,0.0,0.035151336360736425,0.020353942179440563,0.0,0.0,0.0,0.0,0.0,0.0,0.0,0.0,0.0,0.0,0.0,0.0,0.0,0.0,0.0,0.02222330110495745,0.0
2024-07-31,0.01884960164767351,0.0,0.0,0.0,0.015666759286373476,0.03806826188252088,0.014733241228541331,0.0,0.0,0.01708092796470336,0.0,0.015896276275748338,0.0,0.018440667316383722,0.024083813177015346,0.021845795505018334,0.026342466916949994,0.0,0.0,0.0,0.03930385821467588,0.0,0.0,0.0,0.041888495823455454,0.03492078664774743,0.03267751685991107,0.0,0.0,0.0,0.04107360525055227,0.027313182948283905,0.042581628155122946,0.033750508132200735,0.0,0.0,0.0,0.0,0.0,0.0,0.0,0.022464690770134434,0.0,0.03937941644399465,0.0,0.0,0.0,0.0,0.0,0.017298007637933262,0.0,0.024999425607972275,0.0,0.0,0.0,0.029330306182253095,0.028485788346026532,0.020289949279272593,0.0,0.017617028174207964,0.0,0.02455776047716682,0.0,0.03954132032639801,0.0,0.018774418891653596,0.0,0.0141799985414803,0.017208741476554823,0.01386582989629733,0.0,0.0,-0.014072899521891415,0.015379553028244718,0.015526872199759805,-0.013950683268984186,0.0,0.0,0.0,0.048815516505137095,0.022680502557505002,0.0,0.0,0.013863214331115177,0.0,0.02320068330313888,0.0,0.0,0.0,0.0,0.0,0.0,0.0,0.0,0.0,0.0,0.0,0.0
2024-08-31,0.016691866786025498,0.0,0.0,0.016224978792108734,0.0,0.014562399196609892,0.0,0.0,0.0,0.0,0.0,0.0,0.0,0.0,0.022585441964868752,0.015355170463240942,0.01835547022383742,0.0,0.0,0.0,0.034901928749446996,0.0,0.0,0.0,0.032079307715721046,0.03625140553596017,0.019134295972463793,0.0,0.0,0.020339016756986076,0.025597120288114433,0.02074124634566559,0.032965287900536495,0.026207259579115058,0.0,0.0,0.0,0.0,0.0,0.0,0.0,0.02566811628279485,0.018227978178315354,0.03334685770613176,0.0,0.0,0.0,0.0,0.0,0.034096398243877946,0.02021501952513238,0.03466392010289111,0.02949946499189693,0.021405226276715685,0.02294862776421195,0.04164523896756857,0.028308549696941625,0.025463018906146495,0.014531684625646463,0.022449306699759038,0.0,0.0378632678116262,0.019682370542885453,0.04673142556530591,0.014558617090145713,0.02055681770644784,0.0,0.0,0.015823912209345523,0.016705586569289905,0.0,0.0,0.0,0.0,0.0,0.0,0.0,0.0,0.0,0.055926322473098984,0.018434885890509418,0.0,0.0,0.0,0.0152521677903006,0.014003022112313497,0.0,0.0,0.0,0.0,0.0,0.0,0.0,0.0,0.0,0.0,0.0,0.0
2024-09-30,0.0,0.0,-0.015920594191500013,0.0,-0.02134568923580809,0.0,0.0,-0.020047555388999508,-0.01724096833918559,-0.018496167482797234,-0.01737482008346638,-0.01660927432142219,-0.02044506958783635,0.0,0.019908084970867067,0.0,0.0,0.0,0.0,0.0,0.02308500193168088,-0.016641713679633092,0.0,0.0,0.03564307562827341,0.04441998000332609,0.03308332461445683,0.022499533111449734,0.02359773480726033,0.023737068373658455,0.016916440880478563,0.0,0.025186406251896987,0.0,0.0,0.0,0.0,-0.027042335317285508,0.0,-0.023043679638848187,-0.027712996809968336,0.0,0.0,0.0,-0.01894874546803567,-0.026501067474973425,0.0,0.0,0.0,0.040329110641026004,0.016241476593190793,0.030673768389204527,0.0286123699071619,0.0,0.0,0.03149637689184019,0.035554661867581536,0.0,0.0,0.020549575535550306,0.0,0.019863257036255202,0.0,0.029158897160435578,0.0,0.0,0.0,0.0,0.0,0.0,0.0,0.0,0.0,0.0,0.0,-0.02979105301017327,-0.023418739558229797,-0.02053833226153785,0.0,0.06132064905956941,0.01645491325635668,0.0,0.0,0.0,0.02205055500645131,0.0,0.0,0.0,-0.018498936232327852,0.0,0.0,0.0,0.0,0.0,0.0,0.0,0.0,0.0
2024-10-31,0.0,0.0,-0.021818803242433397,0.0,-0.032701923100502024,0.0,-0.02525067492498385,-0.018587649509497078,-0.02020423763344887,-0.01630755512434016,-0.020354401050592993,-0.023621275885439105,-0.025482421995662887,0.0,0.0,-0.017387083399742296,0.0,0.0,0.0,-0.026604724201839455,0.0,-0.0325723623493681,0.0,0.0,0.03933094538614675,0.05079395064458024,0.02929798267910096,0.046662251961438264,0.029666786383703053,0.02026144017795118,0.0,0.016090033501866285,0.033575479134531204,0.0,0.0,0.0,0.0,-0.022241097388173633,0.0,0.0,-0.028103731399251715,0.0,0.0,0.0,-0.018012984420529548,-0.027415922526626266,0.0,0.0,0.0,0.025572166523923707,0.0,0.022313241948060385,0.015382766546886641,0.0,0.015073421050914911,0.030155866499884196,0.0,0.0,0.0,0.024289395227959802,0.019699113832653735,0.0,0.01824792444789133,0.023646280797634638,0.0,0.0,0.0,0.0,0.0,0.0,0.0,0.015391497359407775,0.0,0.0,0.0,-0.015938951753164454,0.0,0.0,0.0,0.04759461257646398,0.0,0.0,0.0,0.015235114855977575,0.033497702602558764,0.01986892391097247,0.0,0.0,0.0,0.0,-0.015747302043896412,0.0,0.0,0.0,0.0,0.0,0.0,0.0
2024-11-30,0.0,-0.017370394770147055,0.0,0.0,-0.03040092001027801,0.0,-0.0230623165641914,-0.026870287834674662,-0.020404112997374116,-0.01597240051325958,-0.017911879506208504,-0.031770998741336806,-0.024587699792496823,0.0,0.0,-0.023550637541450276,0.0,0.0,0.0,-0.0409659518182266,0.0,-0.039873022543305055,-0.021282510430676988,-0.018731027726575436,0.04231586157242035,0.0553356248768483,0.03751475671989484,0.03088531507710981,0.021654613001499307,0.02960044891899843,0.022159466871144444,0.0,0.034934011991264044,0.0,-0.016597409630920407,-0.01593244613091021,0.0,-0.035140285220904934,0.0,0.0,-0.031217305366309733,0.0,0.0,0.0,0.0,-0.02919969307031611,-0.021703255145410112,0.0,0.0,0.0,0.0,0.021751325850584466,0.01764268340111316,0.0,0.0,0.01662978302673833,0.0,0.0,0.0,0.0,0.020516566743630785,0.0,0.0,0.0,0.0,0.0,0.0,0.0,0.0,0.0,0.0,0.0,0.0,0.0,0.0,-0.01698167134999816,-0.01573805136332708,0.0,0.0,0.019856970471503355,0.0,0.0,0.0,0.0,0.02253810317136093,0.0,-0.018997649501156764,-0.017773258265625844,0.0,0.0,-0.015491283711202647,-0.019137998759606083,0.0,0.0,0.0,0.0,0.0,0.0
2024-12-31,0.0,0.0,0.0,0.0,-0.02730299357152319,0.0,-0.019746206520313347,0.0,-0.018725880707805946,0.0,0.0,-0.019148895316589296,0.0,0.0,0.0,-0.01897182632996889,0.012965903702973276,0.0,0.03465713886002959,-0.032050378579539636,-0.01374460647183202,-0.027310407090222064,-0.016819163271138172,0.0,0.04691547925847208,0.061885727826093084,0.04794745245136603,0.035780469748221674,0.04285199224639368,0.02838630193690686,0.02943060208066385,0.02722488111496027,0.0341158127604804,0.0,0.0,0.0,0.0,-0.02100012937116184,0.0,0.0,0.0,0.02032133100298802,0.0,0.01635289908644785,0.0,-0.014611578550121724,0.0,0.0,0.0,0.0,0.0,0.02202713840093847,0.01589296139930066,0.0,0.016104227670530363,0.0,0.0,0.0,0.0,0.013009100151302189,0.024409307321622116,0.0,0.0,0.0,0.0,0.0,0.0,0.0,0.0,0.0,0.0,0.0,0.0,0.0,0.0,0.0,0.0,0.0,0.011856767533936961,0.03525635950463092,0.0,0.0,0.026384171060435165,0.0,0.034521785975178944,0.0,-0.01778168153210851,-0.019438826953261493,-0.021480502682732782,0.0,0.0,0.0,0.026312914993542214,0.011963966515807525,0.014770176592733806,0.0,0.0,0.020522053855725073
2025-01-31,0.0,0.0,0.0,0.0,-0.029114485527302503,-0.017919722567142398,-0.03074092287560086,0.0,-0.024422527845244714,0.0,0.0,-0.029294050952953815,0.0,-0.014895437652547609,0.0,-0.02694208394823592,0.0,0.0,0.04448443723142935,-0.034011786764363276,-0.022696574947391593,-0.026278918191754094,-0.027139583677192918,0.0,0.03630051012842159,0.044722912069151445,0.023517649699860532,0.016014073927419676,0.03066795554670348,0.021051253174695632,0.03057688241697551,0.0,0.02080267341108672,0.0,-0.02008734831423555,-0.017018151916804485,-0.017799665473314588,-0.03149044139219668,0.0,-0.018778368915338472,-0.01897814717959069,0.0,-0.025236665611324767,0.0,-0.01581981771476387,-0.02180715459419906,0.0,0.0,-0.018106438593274224,-0.01531609213826045,0.0,0.0,0.0,0.0,0.0,0.0,0.0,0.0,0.0,0.0,0.0,0.0,0.0,0.0,0.0,0.0,-0.017385736908549883,0.0,0.0,0.0,0.0,0.0,-0.01787248144233721,0.0,0.0,-0.027420173976987063,-0.022904632414208842,0.0,0.0,0.0,0.0,0.0,0.0,0.0,0.0,0.0,-0.03387301137739379,-0.037349620271003685,-0.02914666484664218,0.0,-0.02508324099818176,0.0,0.01693170336591925,0.0,0.0,0.0,0.0,0.0
2025-02-28,-0.01744601648372778,0.0,-0.019389144651297274,0.0,-0.031700660742824065,-0.01806315855466176,-0.027337446572385966,0.021560122536512554,-0.025498190161205282,0.0,0.0,-0.02697124517223954,0.0,-0.022487514511771466,0.0,-0.02709495868714255,0.0,0.0,0.029598751381492334,0.0,0.0,0.0,-0.022635450344461117,0.0,0.035412473210779685,0.05030447600700545,0.0,0.0,0.01983315692874438,0.029236070122103098,0.04159716351293564,0.020238340263221737,0.033791171964730575,0.01695180663096201,0.0,-0.017800306031945653,-0.016045062785076728,-0.03048508440343026,0.0,0.0,-0.0162226643331531,0.037588804416527136,-0.017903196988490775,0.0,0.0,0.0,0.0,0.0,0.0,-0.015193699564926734,-0.015105645130134286,0.0,0.0,0.0,0.0,0.018902104638747103,0.0,0.0,0.0,0.0,0.0,0.0,0.0,0.0,0.0,0.0,0.0,-0.015587712386758112,0.0,0.0,0.0,0.0,-0.016567348927389026,0.0,0.0,-0.016546814098101287,0.0,0.0,0.0,0.020500486419464257,0.0,0.0,0.03167153999522069,0.0,0.023293867789465024,0.0,-0.04202718849304407,-0.040463343370644084,-0.02970102163279987,0.0,0.0,0.0,0.017432817707795062,0.0,0.0,0.0,0.0,0.02381397244668258
2025-03-31,0.0,0.016485722163462616,0.0,0.0,0.0,0.0,0.0,0.02017235221726421,-0.016639096441407854,0.0,0.0,0.0,0.017351724989785516,-0.02444713988776711,0.0,-0.023898160154263787,0.0,0.0,0.02894370490416737,0.0,0.0,0.0158528214578574,0.0,0.0,0.044451867853508444,0.0441572181083074,0.01535275800746557,0.0,0.01897173464341221,0.042950742150722844,0.03328630322688925,0.025830822507825365,0.0380935179078191,0.026079659255618295,0.0,0.0,0.0,-0.02442576356842321,0.016106221192522092,0.0,0.0,0.02866708283566839,0.0,0.0,0.0,0.0,0.0,0.0,-0.01690857050566765,-0.01674884871592067,-0.02192069473396288,0.019867812639348153,0.014922970880402139,0.019276216491762595,0.0,0.0,0.0,0.0,0.0,0.01461435832135789,0.0,0.0,0.0,0.0,0.0,0.0,-0.015786746354816382,-0.022339316639860746,-0.01717113546869648,-0.023129874787560022,-0.023447397226141496,-0.028852618112126718,-0.02859030098004962,0.0,0.0,0.0,0.0,0.0,0.0,0.018948382371019604,0.0,0.0,0.016857387460670274,0.0,0.0,0.0,-0.05092024657705071,-0.039383559443793355,-0.03864391403145896,-0.029505234784175664,0.0,0.0,0.0,0.0,0.0,0.0,0.0,0.0
2025-04-30,0.0,0.022138706197648673,0.0,0.0,0.0,0.0,0.0,0.03177737580405123,0.0,0.0,0.0,0.0,0.0,0.0,0.0,-0.025761778723485604,0.0,0.0,0.01760100590602207,0.035772767469091526,0.019816319232989894,0.03474330411634973,0.0,0.0224022168507735,0.024104289986924612,0.028284855856808042,0.0,0.0,0.027468070507460158,0.030597397208982625,0.0207753962827465,0.02720244222083695,0.03432253517822841,0.028249441946767994,0.0,0.0,0.0,0.0,0.020444050057803774,0.0,0.0,0.018871079757518894,0.0,0.021469529873500398,-0.020132266026440224,0.0,0.0,0.0,-0.018468924413389858,0.0,-0.019407996222847328,0.027984027347609575,0.01921060732790947,0.02379290868278375,0.01793419319688421,0.021454015884492104,0.023580377489835866,0.0,0.021371574681777136,0.03456589907694105,0.0,0.0,0.0,0.0,0.0,0.0,0.0,-0.017499388896123614,0.0,-0.024528341780830968,0.0,0.0,0.0,0.0,0.0,-0.02560685211325671,0.0,0.0,0.0,0.0,0.0,0.018800233234950003,0.0,0.0,0.0,0.0,-0.04669848293999148,-0.03213997074039661,-0.0318572416671775,-0.0206504288055998,0.0,0.0,0.0,0.0,0.0,-0.021311342414909062,0.0,-0.021202363877863176
2025-05-31,0.0,0.0,-0.01937157842718003,-0.018515566906900073,-0.022656556783632768,-0.028035165030950306,-0.017232564622863364,0.0,-0.0248547142529601,-0.02252488140734075,-0.023420620237102657,-0.024846692914938562,-0.01808619454467571,0.0,0.0,-0.03274167814106344,0.0,0.0,0.0,0.0,0.0,0.0,0.0,0.0,0.0,0.0,-0.019513007184753153,0.0,0.0,0.0,0.0,0.0,0.0,0.0,0.0,0.0,-0.017354562240167844,-0.02671058826850795,0.0,-0.019064842098130818,-0.028031506965752948,0.0,-0.019831532407478217,0.0,-0.027043202634931072,-0.018843177955924367,-0.019794101118074982,0.0,-0.019603276793076024,0.0176107914548801,0.0,0.033058527159142904,0.030005329568962662,0.03877111846327661,0.027801397239355905,0.03345948397218767,0.03700584558266915,0.02724203314099564,0.02727029549910861,0.0446455128656672,0.021498148838235216,0.0,0.0,0.0,0.0,0.0,0.0,0.0,0.0,-0.026173744161161798,0.0,0.0,0.0,-0.021076801350859715,0.0,-0.021033097002328815,0.0,0.0,0.0,0.0,0.0,0.0,0.0,0.0,0.0,-0.019013458337410864,-0.03673964634164639,-0.03136305015695985,-0.017461466783497755,0.0,0.0,0.020694241145247955,0.0,0.0,0.0,0.0,0.0,0.0
2025-06-30,0.0,0.0,0.0,0.0,-0.016816440399019295,-0.017678406907947905,0.0,0.0,-0.017738783452287382,0.0,-0.014386879449395436,-0.019246815140994984,0.0,0.0,0.0,0.0,0.015316766248967188,0.0,0.0,0.0,0.0,0.0,0.0,0.0,0.015119195987735154,0.0,0.0,0.0,0.02185811134461462,0.0,0.0,0.0,0.0,0.0,0.0,0.0,0.0,0.0,0.0,0.0,-0.020155532186909787,0.0,0.0,0.0,-0.028600175745355505,-0.01911660402436019,-0.023344956939719236,-0.015309555764217296,-0.01662150234486509,0.027990949414159586,-0.014485191780740266,0.04155658467776026,0.04681344703469761,0.03972092885910599,0.036793181028990644,0.04367329102115606,0.046737239865108186,0.02741355275395489,0.035475048434180985,0.03116348128488888,0.035638506585269784,0.01506893674146354,0.0,0.015620424206502854,0.0,0.014850307359077216,0.02830399585122202,0.0,0.0,0.0,0.0,0.0,0.0,-0.01457890242299968,0.0,-0.019942329586731353,0.0,0.0,0.0,0.017256367652323322,0.016738312732389904,0.029174126179260376,0.0,0.018217053138849085,0.0,0.0,-0.0364540028159888,-0.02514324829908246,0.0,0.0,0.03135700759605653,0.028523856741650745,0.0,0.0,0.0,0.0,0.0,0.0
2025-07-31,0.0,0.0,0.0,0.0,0.0,-0.019344458889062003,0.0,0.0,0.0,0.0,0.0,0.0,0.0,0.0,0.0,0.0,0.0216292870543815,0.0,0.0,0.0,0.0,0.0,0.0,0.0,0.021972794204829685,0.0,0.0,0.016971382688792665,0.016671231996517974,0.0,0.0,0.0,0.0,0.0,0.0,0.01506445240927759,0.0,0.0,0.0,0.0,-0.01768307958318947,0.0,0.0,0.0,-0.03429916184332404,-0.016749036104846248,-0.025871768173609942,-0.01652355075981852,-0.018506428464778762,0.029314049008357743,0.0,0.029532701378504913,0.04942625351352097,0.023652318559437138,0.03513016204819077,0.035091855448847284,0.032903173599730884,0.0,0.024186136792698817,0.027234330260644854,0.044600834708696434,0.01942276201873527,0.0,0.015858068016414303,0.02340230963975259,0.01571050466035065,0.037200271645820016,0.021050077488333513,0.015073609013883067,0.0,0.0,0.0,0.0,0.0,0.0,0.0,0.0,0.0,0.0,0.023510340565455905,0.02399511363893384,0.03926287575018504,0.018433066913731328,0.0,-0.015330236250330842,0.0,-0.0472901073596295,-0.02530897984343169,0.0,0.0,0.026688970357911436,0.01836344825751978,0.0,-0.014814427879826767,0.0,0.0,0.02692638320869638,0.0
2025-08-31,0.0,0.0,0.0,0.0,0.0,0.0,0.0,0.0,0.0,0.0,0.0,0.0,0.0,0.019236659424390706,0.0,0.0,0.023389978626823887,0.0,0.0,0.0,0.0,0.0,0.0,0.0,0.0,0.0,-0.013547970905714848,0.015875024087474435,0.014570715673522496,0.0,0.0,0.0,0.0,0.0,0.0,0.012572562769497812,0.0,0.01905226691650465,0.0,-0.016334918504037385,0.0,0.0,0.0,0.02017898905234309,-0.024651677383265014,-0.01730341623482038,-0.019781784658661556,-0.014200085316481637,0.0,0.03587003226310908,-0.01395493426927285,0.03174046928736798,0.03679554779027104,0.0,0.0,0.04095108901420299,0.033736394683728535,0.013815293930547253,0.02038406442883667,0.0,0.05650965719364303,0.0,0.0,0.029504115128330132,0.02252841753304996,0.024457758233317,0.06109538081369307,0.0,0.0,-0.015073405776975442,0.0,0.0,0.0,0.0,0.0,0.0,0.0,0.0,0.0,0.0,0.014127276057306262,0.018753005780003593,0.037382665246077924,0.0,0.0,-0.013283410962153568,-0.058101445032350395,-0.025588925909816887,0.0,0.0,0.039130185504254886,0.017395661257433654,0.014656707855146667,-0.01605304630046419,0.0,0.018365355190259496,0.035468735682581916,0.02458096932226775
2025-09-30,0.0,0.0,0.0,0.0,0.0,0.0,0.0,-0.013641265958355056,0.0,0.0,0.0,0.0,0.0,0.0,0.0,0.017560474373308564,0.02313223347814084,0.0,0.0,0.0,0.0,0.0,0.0,0.0,0.0,0.0,-0.016890088611575742,0.01849358785350836,0.023460368373104886,0.0,0.0,0.0,0.0,0.0,0.014265766516922362,0.02081009973732035,0.0,0.03446879980761703,0.0,0.0,0.0,0.0,0.0,0.014251827968101252,0.0,-0.018219780147150925,-0.020135514656185023,0.0,0.0,0.03626412477867345,0.0,0.03089399706365322,0.03058336136272287,0.01729309502761988,0.0,0.04108518237052783,0.02712875727871686,0.0,0.024894393299815756,0.0,0.05083710620650174,0.021622486297021817,0.021544974158383693,0.039891589806685335,0.016620392538848047,0.0,0.023990841611342947,0.014592324715469587,0.0,0.0,0.0,0.01449998162202516,0.0,0.0,0.0,0.0,0.01451997406952857,0.0,0.0,0.01696300849322894,0.02068584877959502,0.019704278140666418,0.044809335294612944,0.0,0.0,0.0,-0.03171066177509076,-0.01847162472943236,0.0,0.0,0.016876737468776007,0.0187791215553983,0.0,0.0,0.024519955019675334,0.02793832594424969,0.04488598116432314,0.05306273194612398
2025-10-31,0.0,0.0,0.0,0.0,0.015053604554062282,0.0,0.0,0.0,0.027748790646693538,0.0,0.0,0.0,0.0,0.0,0.020169996122032404,0.029974843399094724,0.02428114731828892,0.0,0.0,0.0,0.0,0.018967146044706194,0.0,0.0,0.0,0.0,0.0,0.0,0.015467816807335543,0.0,0.0,0.0,0.0,0.0,0.02974241172612264,0.02647452592073221,0.0179774251350925,0.0349307639814864,0.0,0.0,0.0,0.019863020300847054,0.0,0.025969956962352336,0.0,0.0,0.0,0.0,0.014870803089312856,0.028630535535337977,0.0,0.028169229725977487,0.025346482173959278,0.017133340602443158,0.0,0.030230840127171192,0.02536204596447813,0.0,0.028860725073876558,0.0,0.03788173250050967,0.02612669634177865,0.028045841458011075,0.05152691496386558,0.027996304521964756,0.0,0.03236821928446217,0.0,0.02109625144970433,0.0,0.015414655103995702,0.016055090120403993,0.014560692418106081,0.016136940463473737,0.02628999633366966,0.0,0.0,0.0,0.0,0.0,0.015219821761401728,0.020641636768072538,0.029506127486624265,0.0,0.0,0.015628702039748976,-0.02074897037808207,0.0,0.0,0.0,0.0,0.0,0.0,0.0,0.0,0.0,0.032697716829764176,0.046832238564957426
2025-11-30,0.0,0.0,0.0,0.0,0.0,0.0,0.0,0.0,0.019012588883856,0.0,0.0,0.0,0.0,0.0,0.0,0.021872700257472597,0.018470189977154074,0.0,0.0,0.0,0.0,0.016960652677497676,0.0,0.0,0.0,0.0,0.0,0.0,0.0,0.0,0.0,0.0,0.0,0.0,0.02233154877895724,0.017530586791282617,0.0,0.02400485127921593,0.0,0.0,0.021459089902584567,0.017552117396874258,0.01657133946557586,0.023504483602759727,0.027022176329438555,0.0,0.019111441774718744,0.0,0.027298979108827764,0.03203066401661568,0.018787863570421528,0.024033308294349045,0.0,0.0,0.0,0.0262525035107283,0.02251866671173043,0.0,0.023550354854882098,0.0,0.0,0.022348030235302727,0.042304917573216666,0.026847622618433722,0.03574279960231196,0.0,0.01820080020343598,0.0,0.030802537056670232,0.0,0.031049618348071274,0.020531132943322986,0.028587314689553202,0.01854968111608115,0.033605362554322706,0.031458824950780326,0.017841467657145747,0.01694730846893782,0.0,0.0,0.0,0.028436551604669492,0.03515616332198345,0.0,0.0,0.020870733709987488,0.0,0.0,0.0,-0.017794010827455388,0.0,0.0,0.0,0.0,0.0,0.0,0.0298715627817945,0.053177452551580476
2025-12-31,0.0,0.0,0.0,0.0,0.0,0.0,0.0,0.0,0.020426626393605936,0.0,0.0,0.0,0.0,0.0,0.01789719692245393,0.022933918170652677,0.01732641098108389,0.0,0.0,0.0,0.0,0.018137458811878004,0.0,0.0,0.0,0.0,0.0,0.0,0.0,-0.020118401283684268,0.0,0.0,0.0,0.0,0.02328268968710577,0.0,0.0,0.017090096353122343,0.0,0.0,0.017949013470448905,0.019726400182211775,0.0,0.02577833480869287,0.031778541365603895,0.0,0.018391768405845377,0.0,0.024146284533885447,0.03622004203211582,0.019188240853784146,0.0319677059534829,0.0,0.0,0.0,0.036501987689162116,0.03757551856784863,0.0,0.031099359394466314,0.019054196616936202,0.017410169338901764,0.026731369029503262,0.05165195999915052,0.02267380643675815,0.030378599756300733,0.01894864381388235,0.021555692857517416,0.0,0.02172740560224221,0.0,0.03644781342638688,0.017627521498817328,0.029130881460983003,0.02114571596180855,0.027852057368936724,0.01996074602379264,0.0,0.01948312240117652,0.0,0.0,0.0,0.03757870826485236,0.0,0.0,0.0,0.028949823352272506,0.0,0.0,0.0,-0.01887685786275576,0.0,0.0,0.0,0.0,0.0,0.0,0.0,0.025278913065890196
2026-01-31,0.0,0.0,0.0,0.0,0.0,0.0,0.0,0.0,0.0,0.0,0.0,0.0,0.0,0.0,0.0,0.0,0.0,0.0,0.0,0.0,0.0,0.0,0.0,0.0,0.0,0.0,0.0,0.01358069988124339,0.0,-0.019607362238311676,0.0,0.0,0.0,0.0,0.0,0.0,0.0,0.0,0.0,0.0,0.01540668748059591,0.0,0.014849349109889342,0.01743637371311892,0.02499417588107835,0.0,0.014428250123772458,0.014244152852648061,0.01560973496947148,0.043670150412064256,0.029114474269355428,0.0230418144837426,0.018684850409046584,0.013971564403878324,0.0216183707674483,0.030526378244564015,0.032327804349480516,0.0,0.027539763040110958,0.023498867994130375,0.0,0.03647187994899646,0.060641457229926976,0.022135075907524043,0.03623679919119798,0.015863382764090106,0.016865810575445728,0.014889873560607898,0.030601686163100685,0.019266872646976095,0.043815794111274835,0.0204147718787485,0.041472629137165484,0.030868995738804167,0.030281076394479557,0.0,0.0,0.027602762858376945,0.0,0.0,0.015765884942836667,0.05619087128507724,0.0,0.0,0.0,0.02352123785673761,0.0,-0.014635534469821866,0.0,-0.015749404864267423,-0.012557373850592836,0.0,0.0,0.0,0.0,0.0,0.0,0.0
2026-02-28,0.017538018117295138,0.0,0.0,0.0,0.0,0.0,0.0,0.0,0.0,0.0,0.0,0.0,0.0,0.014907237900639893,0.017915945272926507,0.0,0.0,0.0,0.0,0.016767657356075112,0.0,0.0,0.0,0.0,0.0,0.0,0.0,0.0,0.0,0.0,0.0,0.0,0.014937432074927226,0.0,0.0,0.0,0.0,0.0,0.0,0.014768070976078573,0.023241084492263486,0.0,0.01943602916066563,0.02751257942121443,0.01802155979876203,0.0,0.02933552615275908,0.020713106848383425,0.019966325420759722,0.0360436149531647,0.032799926677404785,0.021523437457478273,0.01961080721198922,0.0,0.019544770391440165,0.020464060195126282,0.0252575887841662,0.015103797534825091,0.017820449462884094,0.0,0.0,0.023511959774653132,0.04087594898450922,0.0,0.039668972469794006,0.0,0.028260711952968566,0.018176694153637214,0.03930174449136988,0.02168838971503056,0.04132489398281282,0.019256192061149723,0.03827626254766722,0.030108479007009532,0.03527566488282287,0.0,0.0,0.03328064064864116,0.0,0.0,0.017024381465224673,0.055575560704877736,0.0,0.0,0.0,0.02323498219051098,0.0,0.0,0.0,0.0,0.0,0.014458662688605323,0.0,0.0,0.0,0.0,0.017470832617486384,0.0
2026-03-31,0.02248908527893578,0.0,0.0,0.0,0.0,0.0,0.0,0.016364909064722568,0.0,0.01921292689861812,0.0,0.0,0.0,0.023755445382563908,0.019385424083088774,0.0,0.0,0.0,0.0,0.0,0.0,0.0,0.022615613694271,0.0,0.0,0.0,0.0,0.0,0.0,0.0,0.0,0.0,0.02307547434938266,0.01686668088897256,0.0,0.0,0.0,0.0,0.020418148695264374,0.01975009266882756,0.01926249385566843,0.0,0.022476134744977224,0.03033114227785065,0.016303852515081495,0.018609401102858667,0.027216628492193893,0.0,0.023643602432910027,0.03464610932013766,0.029446029300018463,0.01997051727557684,0.021134869559724278,0.0,0.01778981481488354,0.01835755301385149,0.025203720725814095,0.0,0.0,0.0,0.0,0.024361681780580857,0.024834261880070197,0.0,0.03639632568641615,0.0,0.0,0.03166915610718748,0.029275866720733543,0.0,0.04015832833162257,0.02713377424637606,0.035049442834664095,0.03167637031579438,0.022680386990083425,0.0,0.0,0.02910881368177713,0.0,0.01890817452793398,0.024195464855390224,0.05129864271362587,0.0,0.0,0.0,0.027524906602772854,0.0,0.0,0.0,0.0,0.0,0.01740273228877723,0.0,0.0,0.0,0.0,0.0,0.0
2026-04-30,0.03131202407169841,0.0,0.026073390299835766,0.019108342383656635,0.022521697848994902,0.021940134402850295,0.025783162794021416,0.026438072698287716,0.025681640605325892,0.03136947150244659,0.02195868064254762,0.020314505906347896,0.024112620219193578,0.03596359741164449,0.03516014020169156,0.025900019075577197,0.023831759265800573,0.025786651030901164,0.0,0.02269096319419016,0.0,0.0,0.030431120433065933,0.025917434989891477,0.0,0.021686906173954742,0.02147673400875489,0.020468473556570027,0.0,0.0,0.0,0.021269727516699994,0.0,0.024583196427949844,0.022363489836715406,0.0,0.0,0.0,0.0,0.0,0.02078650030194545,0.0,0.0,0.03212210290800575,0.0,0.020547312932301397,0.0,0.0,0.021609702939919182,0.0,0.0,0.0,0.0,0.0,0.0,0.0,0.0,0.0,0.0,0.0,0.0,0.0,0.0,0.0,0.0,0.0,0.0,0.0,0.0,0.0,0.02619958393025044,0.0,0.019689072148822703,0.03349005479878504,0.032762815810815984,0.0,0.0,0.0,0.0,0.0,0.0,0.0,0.0,0.0,0.0,0.019275210716440866,0.02515619657255463,0.022540752015656227,0.021538063726728403,0.0,0.0,0.028249720225106197,0.021888954474053462,0.0,0.0,0.0,0.0,0.0
2026-05-31,0.019054437558304257,0.0,0.02286847843655343,0.0,0.0,0.026414631334661938,0.02201646651247111,0.0200839813875641,0.020508967734095964,0.023428046435367802,0.019416432020214196,0.019476542365130994,0.025513945132302204,0.026964743516164787,0.028085636724905685,0.03406604634727407,0.0,0.0261960568679246,0.0,0.018479237590515774,0.020338644696524452,0.018858355090379083,0.03149356351395088,0.02421614850451966,0.0,0.0,0.0,0.0,0.0,0.0,0.02024876076466668,0.02434638126648774,0.0,0.025420653257880906,0.02172795714303227,0.0,0.01843649987204646,0.0,0.0,0.027689287749886302,0.04258929864661407,0.0,0.021449443759469514,0.03479563986288243,0.0,0.03537891626794375,0.02198445799637611,0.018454270438684407,0.0476225147762062,0.0,0.0,0.0,0.0,0.0,0.0,0.0,0.0,0.0,0.0,0.0,0.0,0.0,0.0,0.0,0.0,0.0,0.0,0.0,0.0,0.0,0.03012091349396847,0.022731657594936075,0.0,0.02634055103986389,0.03185397614825622,0.0,0.0,0.0,0.0,0.0,0.0,0.0,0.0,0.0,0.0,0.0,0.020539050588712023,0.0,0.018958541281256198,0.0,0.0,0.02313606559543551,0.01869480068656979,0.0,0.0,0.0,0.0,0.0
2026-06-30,0.0,0.0,0.0,0.0,0.0,0.02353583708507306,0.0,0.0,0.0185079293344413,0.019042238944208614,0.0,0.018631255786736727,0.02404758799008901,0.026043141499796682,0.024057552095632935,0.038135415044315925,0.01867346698307452,0.02262708110166644,0.0,0.02433959616623578,0.0,0.0,0.027258549314450684,0.02008586649034098,0.0,0.0,0.0,0.01903932420000306,0.0,0.0,0.02319929473360334,0.021823277731682803,0.0,0.02896019653509803,0.03166401267304225,0.028612045454834516,0.028267107643462786,0.02564235876318521,0.020719566023182617,0.024841016734089564,0.027263274694138948,0.018658492621203615,0.02116514089007927,0.029073077258218553,0.0,0.031986724073950985,0.0,0.0,0.035870368763947835,0.0,0.0,0.0,0.0,0.0,0.0,0.0,0.0,0.0,0.0,0.0,0.0,0.0,0.0,0.0,0.0,0.0,0.0,0.0,0.0,0.0,0.033800730826702485,0.02960737517107824,0.0,0.026377418879665916,0.031983261386710364,0.0,0.023799234786764333,0.03120925830823692,0.01996972613481684,0.020092013666806498,0.01963977552065117,0.022762374129091278,0.0,0.0,0.0,0.0,0.0,0.0,0.0,0.0,0.0,0.0,0.018988034559689983,0.0,0.0,0.0,0.0,0.0
