Date,XOM,CVX,COP,EOG,OXY,FANG,DVN,CTRA,APA,PR,MTDR,CHRD,OVV,CNQ,SU,CVE,IMO,PBR,YPF,EC,SHEL,BP,TTE,EQNR,WMB,KMI,OKE,TRP,ENB,LNG,ET,EPD,MPLX,PAA,VLO,MPC,PSX,DINO,SUN,SLB,HAL,BKR,NOV,FTI,HP,PTEN,LBRT,RES,NBR,NEM,GOLD,AEM,WPM,FNV,RGLD,KGC,AU,HMY,GFI,AGI,OR,PAAS,HL,CDE,AG,FSM,SBSW,FCX,SCCO,TECK,RIO,BHP,VALE,AA,CENX,CLF,NUE,STLD,RS,CRS,ATI,MT,MP,LIN,APD,DD,DOW,LYB,CE,FMC,MOS,NTR,CF,WY,VMC,MLM,CCJ,UEC
2000-01-31,0.0,0.0,0.0,0.0,0.0,0.0,0.0,0.0,0.0,0.0,0.0,0.0,0.0,0.0,0.0,0.0,0.0,0.0,0.0,0.0,0.0,0.0,0.0,0.0,0.0,0.0,0.0,0.0,0.0,0.0,0.0,0.0,0.0,0.0,0.0,0.0,0.0,0.0,0.0,0.0,0.0,0.0,0.0,0.0,0.0,0.0,0.0,0.0,0.0,0.0,0.0,0.0,0.0,0.0,0.0,0.0,0.0,0.0,0.0,0.0,0.0,0.0,0.0,0.0,0.0,0.0,0.0,0.0,0.0,0.0,0.0,0.0,0.0,0.0,0.0,0.0,0.0,0.0,0.0,0.0,0.0,0.0,0.0,0.0,0.0,0.0,0.0,0.0,0.0,0.0,0.0,0.0,0.0,0.0,0.0,0.0,0.0,0.0
2000-02-29,0.0,0.0,0.0,0.0,0.0,0.0,0.0,0.0,0.0,0.0,0.0,0.0,0.0,0.0,0.0,0.0,0.0,0.0,0.0,0.0,0.0,0.0,0.0,0.0,0.0,0.0,0.0,0.0,0.0,0.0,0.0,0.0,0.0,0.0,0.0,0.0,0.0,0.0,0.0,0.0,0.0,0.0,0.0,0.0,0.0,0.0,0.0,0.0,0.0,0.0,0.0,0.0,0.0,0.0,0.0,0.0,0.0,0.0,0.0,0.0,0.0,0.0,0.0,0.0,0.0,0.0,0.0,0.0,0.0,0.0,0.0,0.0,0.0,0.0,0.0,0.0,0.0,0.0,0.0,0.0,0.0,0.0,0.0,0.0,0.0,0.0,0.0,0.0,0.0,0.0,0.0,0.0,0.0,0.0,0.0,0.0,0.0,0.0
2000-03-31,0.0,0.0,0.0,0.0,0.0,0.0,0.0,0.0,0.0,0.0,0.0,0.0,0.0,0.0,0.0,0.0,0.0,0.0,0.0,0.0,0.0,0.0,0.0,0.0,0.0,0.0,0.0,0.0,0.0,0.0,0.0,0.0,0.0,0.0,0.0,0.0,0.0,0.0,0.0,0.0,0.0,0.0,0.0,0.0,0.0,0.0,0.0,0.0,0.0,0.0,0.0,0.0,0.0,0.0,0.0,0.0,0.0,0.0,0.0,0.0,0.0,0.0,0.0,0.0,0.0,0.0,0.0,0.0,0.0,0.0,0.0,0.0,0.0,0.0,0.0,0.0,0.0,0.0,0.0,0.0,0.0,0.0,0.0,0.0,0.0,0.0,0.0,0.0,0.0,0.0,0.0,0.0,0.0,0.0,0.0,0.0,0.0,0.0
2000-04-30,0.0,0.0,0.0,0.0,0.0,0.0,0.0,0.0,0.0,0.0,0.0,0.0,0.0,0.0,0.0,0.0,0.0,0.0,0.0,0.0,0.0,0.0,0.0,0.0,0.0,0.0,0.0,0.0,0.0,0.0,0.0,0.0,0.0,0.0,0.0,0.0,0.0,0.0,0.0,0.0,0.0,0.0,0.0,0.0,0.0,0.0,0.0,0.0,0.0,0.0,0.0,0.0,0.0,0.0,0.0,0.0,0.0,0.0,0.0,0.0,0.0,0.0,0.0,0.0,0.0,0.0,0.0,0.0,0.0,0.0,0.0,0.0,0.0,0.0,0.0,0.0,0.0,0.0,0.0,0.0,0.0,0.0,0.0,0.0,0.0,0.0,0.0,0.0,0.0,0.0,0.0,0.0,0.0,0.0,0.0,0.0,0.0,0.0
2000-05-31,0.0,0.0,0.0,0.0,0.0,0.0,0.0,0.0,0.0,0.0,0.0,0.0,0.0,0.0,0.0,0.0,0.0,0.0,0.0,0.0,0.0,0.0,0.0,0.0,0.0,0.0,0.0,0.0,0.0,0.0,0.0,0.0,0.0,0.0,0.0,0.0,0.0,0.0,0.0,0.0,0.0,0.0,0.0,0.0,0.0,0.0,0.0,0.0,0.0,0.0,0.0,0.0,0.0,0.0,0.0,0.0,0.0,0.0,0.0,0.0,0.0,0.0,0.0,0.0,0.0,0.0,0.0,0.0,0.0,0.0,0.0,0.0,0.0,0.0,0.0,0.0,0.0,0.0,0.0,0.0,0.0,0.0,0.0,0.0,0.0,0.0,0.0,0.0,0.0,0.0,0.0,0.0,0.0,0.0,0.0,0.0,0.0,0.0
2000-06-30,0.0,0.0,0.0,0.0,0.0,0.0,0.0,0.0,0.0,0.0,0.0,0.0,0.0,0.0,0.0,0.0,0.0,0.0,0.0,0.0,0.0,0.0,0.0,0.0,0.0,0.0,0.0,0.0,0.0,0.0,0.0,0.0,0.0,0.0,0.0,0.0,0.0,0.0,0.0,0.0,0.0,0.0,0.0,0.0,0.0,0.0,0.0,0.0,0.0,0.0,0.0,0.0,0.0,0.0,0.0,0.0,0.0,0.0,0.0,0.0,0.0,0.0,0.0,0.0,0.0,0.0,0.0,0.0,0.0,0.0,0.0,0.0,0.0,0.0,0.0,0.0,0.0,0.0,0.0,0.0,0.0,0.0,0.0,0.0,0.0,0.0,0.0,0.0,0.0,0.0,0.0,0.0,0.0,0.0,0.0,0.0,0.0,0.0
2000-07-31,0.0,0.0,0.0,0.0,0.0,0.0,0.0,0.0,0.0,0.0,0.0,0.0,0.0,0.0,0.0,0.0,0.0,0.0,0.0,0.0,0.0,0.0,0.0,0.0,0.0,0.0,0.0,0.0,0.0,0.0,0.0,0.0,0.0,0.0,0.0,0.0,0.0,0.0,0.0,0.0,0.0,0.0,0.0,0.0,0.0,0.0,0.0,0.0,0.0,0.0,0.0,0.0,0.0,0.0,0.0,0.0,0.0,0.0,0.0,0.0,0.0,0.0,0.0,0.0,0.0,0.0,0.0,0.0,0.0,0.0,0.0,0.0,0.0,0.0,0.0,0.0,0.0,0.0,0.0,0.0,0.0,0.0,0.0,0.0,0.0,0.0,0.0,0.0,0.0,0.0,0.0,0.0,0.0,0.0,0.0,0.0,0.0,0.0
2000-08-31,0.0,0.0,0.0,0.0,0.0,0.0,0.0,0.0,0.0,0.0,0.0,0.0,0.0,0.0,0.0,0.0,0.0,0.0,0.0,0.0,0.0,0.0,0.0,0.0,0.0,0.0,0.0,0.0,0.0,0.0,0.0,0.0,0.0,0.0,0.0,0.0,0.0,0.0,0.0,0.0,0.0,0.0,0.0,0.0,0.0,0.0,0.0,0.0,0.0,0.0,0.0,0.0,0.0,0.0,0.0,0.0,0.0,0.0,0.0,0.0,0.0,0.0,0.0,0.0,0.0,0.0,0.0,0.0,0.0,0.0,0.0,0.0,0.0,0.0,0.0,0.0,0.0,0.0,0.0,0.0,0.0,0.0,0.0,0.0,0.0,0.0,0.0,0.0,0.0,0.0,0.0,0.0,0.0,0.0,0.0,0.0,0.0,0.0
2000-09-30,0.0,0.0,0.0,0.0,0.0,0.0,0.0,0.0,0.0,0.0,0.0,0.0,0.0,0.0,0.0,0.0,0.0,0.0,0.0,0.0,0.0,0.0,0.0,0.0,0.0,0.0,0.0,0.0,0.0,0.0,0.0,0.0,0.0,0.0,0.0,0.0,0.0,0.0,0.0,0.0,0.0,0.0,0.0,0.0,0.0,0.0,0.0,0.0,0.0,0.0,0.0,0.0,0.0,0.0,0.0,0.0,0.0,0.0,0.0,0.0,0.0,0.0,0.0,0.0,0.0,0.0,0.0,0.0,0.0,0.0,0.0,0.0,0.0,0.0,0.0,0.0,0.0,0.0,0.0,0.0,0.0,0.0,0.0,0.0,0.0,0.0,0.0,0.0,0.0,0.0,0.0,0.0,0.0,0.0,0.0,0.0,0.0,0.0
2000-10-31,0.0,0.0,0.0,0.0,0.0,0.0,0.0,0.0,0.0,0.0,0.0,0.0,0.0,0.0,0.0,0.0,0.0,0.0,0.0,0.0,0.0,0.0,0.0,0.0,0.0,0.0,0.0,0.0,0.0,0.0,0.0,0.0,0.0,0.0,0.0,0.0,0.0,0.0,0.0,0.0,0.0,0.0,0.0,0.0,0.0,0.0,0.0,0.0,0.0,0.0,0.0,0.0,0.0,0.0,0.0,0.0,0.0,0.0,0.0,0.0,0.0,0.0,0.0,0.0,0.0,0.0,0.0,0.0,0.0,0.0,0.0,0.0,0.0,0.0,0.0,0.0,0.0,0.0,0.0,0.0,0.0,0.0,0.0,0.0,0.0,0.0,0.0,0.0,0.0,0.0,0.0,0.0,0.0,0.0,0.0,0.0,0.0,0.0
2000-11-30,0.0,0.0,0.0,0.0,0.0,0.0,0.0,0.0,0.0,0.0,0.0,0.0,0.0,0.0,0.0,0.0,0.0,0.0,0.0,0.0,0.0,0.0,0.0,0.0,0.0,0.0,0.0,0.0,0.0,0.0,0.0,0.0,0.0,0.0,0.0,0.0,0.0,0.0,0.0,0.0,0.0,0.0,0.0,0.0,0.0,0.0,0.0,0.0,0.0,0.0,0.0,0.0,0.0,0.0,0.0,0.0,0.0,0.0,0.0,0.0,0.0,0.0,0.0,0.0,0.0,0.0,0.0,0.0,0.0,0.0,0.0,0.0,0.0,0.0,0.0,0.0,0.0,0.0,0.0,0.0,0.0,0.0,0.0,0.0,0.0,0.0,0.0,0.0,0.0,0.0,0.0,0.0,0.0,0.0,0.0,0.0,0.0,0.0
2000-12-31,0.0,0.0,0.0,0.0,0.0,0.0,0.0,0.0,0.0,0.0,0.0,0.0,0.0,0.0,0.0,0.0,0.0,0.0,0.0,0.0,0.0,0.0,0.0,0.0,0.0,0.0,0.0,0.0,0.0,0.0,0.0,0.0,0.0,0.0,0.0,0.0,0.0,0.0,0.0,0.0,0.0,0.0,0.0,0.0,0.0,0.0,0.0,0.0,0.0,0.0,0.0,0.0,0.0,0.0,0.0,0.0,0.0,0.0,0.0,0.0,0.0,0.0,0.0,0.0,0.0,0.0,0.0,0.0,0.0,0.0,0.0,0.0,0.0,0.0,0.0,0.0,0.0,0.0,0.0,0.0,0.0,0.0,0.0,0.0,0.0,0.0,0.0,0.0,0.0,0.0,0.0,0.0,0.0,0.0,0.0,0.0,0.0,0.0
2001-01-31,0.0,0.0,0.0,0.0,0.0,0.0,0.0,0.0,0.0,0.0,0.0,0.0,0.0,0.0,0.0,0.0,0.0,0.0,0.0,0.0,0.0,0.0,0.0,0.0,0.0,0.0,0.0,0.0,0.0,0.0,0.0,0.0,0.0,0.0,0.0,0.0,0.0,0.0,0.0,0.0,0.0,0.0,0.0,0.0,0.0,0.0,0.0,0.0,0.0,0.0,0.0,0.0,0.0,0.0,0.0,0.0,0.0,0.0,0.0,0.0,0.0,0.0,0.0,0.0,0.0,0.0,0.0,0.0,0.0,0.0,0.0,0.0,0.0,0.0,0.0,0.0,0.0,0.0,0.0,0.0,0.0,0.0,0.0,0.0,0.0,0.0,0.0,0.0,0.0,0.0,0.0,0.0,0.0,0.0,0.0,0.0,0.0,0.0
2001-02-28,0.007200617127887752,0.0,0.0062282663589478425,0.02552361468333548,0.0014042949982136768,0.0,0.0,0.009944109423025626,0.0,0.0,0.0,0.0,0.0,0.0,0.005373462085226377,0.0,0.0,0.0,0.0,0.0,0.0,0.0,0.0,0.0,0.0,0.0,0.060565032723126834,0.05039636994575428,0.017813108254918428,0.0,0.0,0.10305035682522105,0.0,0.07464386740152419,0.020439855187903984,0.0,0.0,0.07578467542791922,0.0,0.007075676944477473,0.0,0.019623777368620893,0.03223116348785605,0.0,0.023439068043252586,0.02751587942680995,0.0,0.04238767691483325,0.03838290656140522,0.0,0.0,0.015477107920018343,0.0,0.0,0.007575807596477945,0.0,0.0,1.2382616882551923e-10,0.0,0.0,0.0,0.0,0.0,0.0,0.0,0.0,0.0,0.024041898263186014,0.01817089817537598,0.0,0.021126079034704696,0.011822569056735595,0.0,0.03144052350406836,0.0072643840911630715,0.0,0.010121013429543923,0.01433049087273101,0.05025191215760991,0.029967809656687446,0.0,0.0,0.0,0.00839688008376724,0.015067646288362303,0.0010338770909204488,0.0,0.0,0.0,0.024429253068103254,0.006570420157058556,0.0,0.0,0.012006058931067693,0.0,0.0,0.04188159130833182,0.0
2001-03-31,0.00842839256453532,9.897933522328594e-05,0.0028431981836738703,0.015081222036646882,0.012371620580436072,0.0,0.0,0.01158263073380034,0.0,0.0,0.0,0.0,0.0,0.0,0.008697140180116743,0.0,1.1440823796609776e-10,0.0,0.0,0.0,0.0,0.0,0.0,0.0,0.0,0.0,0.07265975112658637,0.06912218807160364,0.04249759684656674,0.0,0.0,0.09789613224996992,0.0,0.06734266744047898,0.010685074989855407,0.0,0.0,0.05703785500374512,0.0,0.0,0.0,0.02061599991405655,0.0034210130175327284,0.0,0.02284102735065763,0.00666298787658556,0.0,0.024981093706835072,0.030006913031594622,0.0,0.0,0.0,0.0,0.0,0.0005852234373631779,0.0,0.0,0.0,0.001418823002138836,0.0,0.0,0.0,0.0,0.0,0.0,0.0,0.0,0.03410034855973525,0.0213355837494231,0.0,0.013324807163877841,0.0,0.0,0.02032985068543058,0.008580047496576463,0.0,0.029952742150283224,0.01902638570722519,0.042643128786040305,0.02138965999986811,0.0,0.0,0.0,0.01463027681287843,0.036703960870457804,0.007243262250847767,0.0,0.0,0.0,0.04191650888309493,0.0020011062498652564,0.0,0.0,0.02747327250508724,0.0,0.009270574237316516,0.0632009530975808,0.0
2001-04-30,0.0029993656490019693,0.02234792913863152,0.006721667353044674,0.02279751478516282,0.03357834161379101,0.0,0.015906374467418393,0.02117034218710917,0.006876735103411111,0.0,0.0,0.0,0.0,0.0,0.02595437516393994,0.0,1.0945934466725885e-10,0.0,0.0,0.0,0.0,0.0,0.0,0.0,0.0002565197337077052,0.0,0.0489222294327844,0.0701756893154143,0.03307951574927257,0.0,0.0,0.08946929998222407,0.0,0.07429059565708578,0.03260359578027344,0.0,0.0,0.07516914343908529,0.0,0.0,0.0,0.002536815709889372,0.000467243510464589,0.0,0.025433602508833916,0.009177294025929938,0.0,0.06854615444627755,0.017637963296415662,0.0,0.0,0.0007243774696222883,0.0,0.0,0.0,0.0,0.0,0.0,0.0064036866607297795,0.0,0.0,0.0,0.0,0.0,0.0,0.0,0.0,0.028917698540318563,0.022621406226195916,0.0,0.010047669460704947,0.0,0.0,0.015645746871297158,0.006867178661679597,0.0,0.003457534369778126,0.0,0.013757858835521691,0.0,0.0,0.0,0.0,0.011516488432675021,0.016195684551221418,0.009201953252217784,0.0,0.0,0.0,0.03012116469196991,0.0,0.0,0.0,0.010951171976865327,0.012936994137272412,0.0,0.09451507770330163,0.0
2001-05-31,0.015850191846542096,0.022834054470896523,0.0,0.010597899848506221,0.039365377538374165,0.0,0.0,0.018105016884766918,0.0,0.0,0.0,0.0,0.0,0.0,0.02170747605921088,0.0,0.019050891371877543,0.0,0.0,0.0,0.0,0.0,8.834412771218135e-11,0.0,0.0,0.0,0.02812840529006323,0.023287345526173658,0.010985654067265824,0.0,0.0,0.0747092680106587,0.0,0.07652786268794884,0.03518176235909225,0.0,0.0,0.08980153348511123,0.0,0.0,0.0,0.005605867538513229,0.009648129931955072,0.0,0.018964004626042415,0.00269920074735718,0.0,0.06660074526153303,0.01594147375319136,0.0,0.0,0.020680078438635435,0.0,0.0,0.0,0.0,0.0,0.0,0.019745192836342497,0.0,0.0,0.0,0.0,0.0,0.0,0.0,0.0,0.02750411223440169,0.0019371459754742933,0.0,0.024082977463475454,0.001172908049799585,0.0,0.017772353795632682,0.022936682732671746,0.0,0.025025519666023316,0.0074525161716727465,0.03463244619753648,0.0,0.0,0.0,0.0,0.005895052394166175,0.017572743726242266,0.023336691935136364,0.0,0.0,0.0,0.005724849721561121,0.0,0.0,0.0,0.019819102101557084,0.005471861309148615,0.016776817805363664,0.09686878605173442,0.0
2001-06-30,0.0,0.018855752429746103,0.0,0.004049477117322398,0.031163776392246042,0.0,0.0,0.018467136327811433,0.0,0.0,0.0,0.0,0.0,0.0,0.01570611624083551,0.0,0.0028845734046656453,0.0,0.0,0.0,0.0013314590454218055,0.0,8.458680970757372e-11,0.0,0.0,0.0,0.001014206315424049,0.023402824316464142,0.01216893258059215,0.0,0.0,0.0381566535814638,0.0,0.07634202428342995,0.00935580338108077,0.0,0.0,0.12133564982422097,0.0,0.0,0.0,0.0008864212884219288,0.0019324377276386069,0.0,0.0,0.0,0.0,0.04266445323385644,0.0,0.00912507703340201,0.0,0.01822458350671114,0.0,0.0,0.0,0.009334292737775387,0.0,0.0,0.023699387582398194,0.0,0.0,0.0,0.00614180088555493,0.0,0.0,0.0,0.0,0.04386553615749985,0.0,0.0,0.032219385128393584,0.007157009638236738,0.0,0.04933631317573381,0.015044267362647334,0.0,0.04049941968180739,0.01894159554546433,0.01998330086091268,0.0,0.006428381878692225,0.0,0.0,0.02463439720845689,0.023098376883143,0.0291066727446781,0.0,0.0,0.0,0.010539531716544169,0.0,0.0,0.0,0.0329850513467256,0.031243079764073818,0.027666995632325216,0.10100784595359508,0.0
2001-07-31,0.0,0.021703404362543453,0.0,0.0,0.0343173530704704,0.0,0.002764872095463951,0.011215449789131887,0.0,0.0,0.0,0.0,0.0,0.0,0.02896557050914332,0.0,0.006783552225112707,0.0,0.0,0.0,0.0,0.0,8.575687154109952e-11,0.0,0.0,0.0,0.0007106022387368387,0.03236494338317859,0.008759263908140106,0.0,0.0,0.06768850362403908,0.0,0.040970437185932726,0.006336262681607428,0.0,0.0,0.09242327625723647,0.0,0.0,0.0,0.0,0.0,0.0,0.0,0.0,0.0,0.03927040342468644,0.0,0.02587164864547406,0.0,0.045828416374332874,0.0,0.0,0.005467713488702496,0.035877533247241064,0.017298747980665476,0.034357106089502966,0.04505733446034466,0.0,0.0,0.013814299817800047,0.02984482381281981,0.010161103498339489,0.0,0.0,0.0,0.020107455142630837,0.0,0.0,0.01381770466686498,0.014665663579401642,0.0,0.0302909572329222,0.027932361916931724,0.0,0.030600659836389724,0.002044302328007065,0.0059305551525760045,0.0,0.0,0.0,0.0,0.02445869097432785,0.02466816956202621,0.009433222420024218,0.0,0.0,0.0,0.0,0.0,0.0,0.0,0.019339710752039344,0.032472614445417776,0.047617107177948884,0.03876820255608821,0.0
2001-08-31,0.0,0.02895083903646867,0.0,0.0,0.03351888043795184,0.0,0.0041296484588307395,0.011172199447604671,0.0,0.0,0.0,0.0,0.0,0.0057584208329233225,0.02625387750077617,0.0,0.018347272595426074,0.0,0.0,0.0,0.0,0.007092059899258345,0.0016302658834345348,0.0,0.00017946316728130414,0.0,0.0,0.02985401791504925,0.0,0.0,0.0,0.0977559654701016,0.0,0.05885720634948892,0.004499297696969886,0.0,0.0,0.08117704705562928,0.0,0.0,0.0,0.004072123776953795,0.0,0.0,0.0,0.0,0.0,0.03315338098980088,0.0,0.015234920659030865,0.0,0.02114874488780509,0.0,0.0,0.04197996974707552,0.014811937026736194,0.03320144725914027,0.02568652046699632,0.0435398597619258,0.0,0.0,0.014532574172303333,0.017274550937332184,0.0,0.0,0.0,0.0,0.01745045070688357,0.0,0.0,0.009749988895627065,0.0,0.0,0.03345540245398519,0.05811587514350087,0.0,0.03300274405502426,0.013020457877408475,1.1223574448004084e-10,0.0,0.0,0.0,0.0,0.02669899804929895,0.01944274671981924,0.018777962489251815,0.0,0.0,0.0,0.0,0.0,0.0,0.0,0.043559743187472424,0.015469390383307179,0.01681264507822315,0.020631103415667252,0.0
2001-09-30,0.0,0.030518617022618075,0.009176546145486195,0.0,0.022040346807280037,0.0,0.0,0.0,0.0,0.0,0.0,0.0,0.0,0.007221615946618061,0.015411240872707396,0.0,0.01288392250036451,0.0,0.0,0.0,0.0,0.02216789385239208,0.013402513852723319,0.0,0.0,0.0,0.0,0.02631073485362297,0.0,0.0,0.0,0.08164808610787358,0.0,0.09130916757804564,0.012832968497303055,0.0,0.0,0.07061258267904942,0.0,0.0,0.0,0.0,0.0,0.0,0.0,0.0,0.0,0.00854544897997631,0.0,0.024178298904524685,0.0,0.058885141591101114,0.0,0.0,0.057158170097151656,0.0424846386944393,0.023764522881882105,0.007203541362107839,0.03147394935600308,0.0,0.0,0.02928617935761214,0.04196484774684006,1.0445071693511447e-10,0.0,0.0,0.0,0.03170668510545962,0.0,0.0,0.010148272482167597,0.004131930375720634,0.0,0.01801430741455702,0.02384576878481252,0.0,0.02557189387469652,0.01767122808552127,0.014505113861449839,0.0,0.023830556739969845,0.0009410269874206629,0.0,0.012111132415393184,0.009450664184307829,0.0019175057211331668,0.0,0.0,0.0,0.0,0.0,0.0,0.0,0.02067242561814237,0.00649543751667552,0.0,0.03850507504039921,0.0
2001-10-31,0.0006501183307657265,0.021767864669283033,0.004601460113828777,0.0,0.02292608741311668,0.0,0.0,0.0,0.0,0.0,0.0,0.0,0.0,0.0,0.038019768500629054,0.0,0.04147850447856669,0.0,0.0,0.0,0.0,0.008672380311643926,0.0014440238999080047,0.0,0.0,0.0,0.0,0.05180968415940201,0.0307421220431053,0.0,0.0,0.07553348174833192,0.0,0.04670836625397377,0.014777582239932032,0.0,0.0,0.05960582014432857,0.0,0.0,0.0,0.0,0.0,0.0,0.0,0.0,0.0,0.02710016716388826,0.0,0.05655389809823815,0.0,0.07227820098772252,0.0,0.0,0.07279036979823647,0.060539211953086966,0.024549984976692602,0.025246004971297305,0.03452175933007108,0.0,0.0,0.03562298836059181,0.02784932480797278,0.0,0.0,0.0,0.0,0.010113413668603171,0.0,0.0,0.00526362027813163,0.0,0.0,0.00019844381177761285,0.005273178117611877,0.0044506514553460386,0.011094762225543037,0.00817402652541734,0.002094178812531532,9.396181807161224e-11,0.0,0.0,0.0,0.008819921973964539,0.017037990105372814,0.011955432840676202,0.0,0.0,0.0,0.0,0.0,0.0,0.0,0.00752530186092493,0.009431073250184299,0.004181089553485928,0.03859774067185383,0.0
2001-11-30,0.006188899218876518,0.024099221206736157,0.01831752883914935,0.0,0.021863048229288553,0.0,0.0,0.005123077610128178,0.002166160021223322,0.0,0.0,0.0,0.0,0.005652225869969302,0.04372224081354782,0.0,0.040188766970167274,0.0,0.0,0.0,0.0,0.008563636695496996,0.013516834710065517,0.0,0.0,0.0,0.0,0.0346541972784015,0.028974350690563283,0.0,0.0,0.10064968210292828,0.0,0.04857535171282476,0.013704144854700966,0.0,0.0,0.055334060565284955,0.0,0.0,0.0,0.004197720402932131,0.0,0.0,0.0,0.0,0.0,0.05513567661538221,0.0,0.06013947584461296,0.0,0.06437697166821599,0.0,0.0,0.083182458537942,0.04392008905159362,0.015659677731139948,0.027776105042316982,0.02938605037210816,0.0,0.0,0.0228092041570736,0.015289190839149602,0.0,0.0,0.0,0.0,0.0,0.0,0.0,1.1685155603936582e-10,0.0,0.0,0.0013906539030643292,0.0002690903052915307,0.0030184382944659534,0.005788135977829478,0.0,0.0014763786036281173,0.0,0.0,0.0,0.0,0.02030722078029575,0.011696811646354414,0.017130424827577092,0.0,0.0,0.0,0.0,0.0,0.0,0.0,0.004385038677164959,0.010186815800465704,0.0,0.0311849434151912,0.0
2001-12-31,0.0,0.004830420783057979,0.012790185688756539,0.0,0.01082381161957776,0.0,0.0,0.0,0.0,0.0,0.0,0.0,0.0,0.0,0.03553039147077088,0.0,0.028697144757123014,0.0,0.0,0.0,0.0,0.0,0.0,0.0,0.0,0.0,0.0,0.019559031457001014,0.025193440965625508,0.0,0.0,0.0952272703666139,0.0,0.04438590060759371,0.006886287202478376,0.0,0.0,0.04088859098617995,0.0,0.0,0.0,0.00017265987641462563,0.0,0.0,0.0,0.0,0.0,0.031934671540689,0.0,0.03243614820682543,0.0,0.07344655881071092,0.0,0.0,0.08312300100519451,0.03289342373557347,0.027102876505962437,0.024570032658615844,0.03166849895273587,0.0,0.0,0.03993320103634097,0.017032369811341073,0.0,0.0,0.0,0.0,0.008973376244412756,0.0,0.0,0.017351176787596966,0.027488181248149317,0.0,0.016262412459605892,0.0,0.0029959927095756255,0.030365238977555026,0.00107470582537061,0.01232836830246298,0.0017505009141669785,1.1461917968270188e-10,0.0,0.0,0.031240885233611394,0.031094767536646764,0.03507141805045834,0.0,0.0,0.0,0.0,0.004222167017948579,0.0,0.0,0.016294169424543616,0.007599807096998262,0.008235188156380012,0.028525725854714936,0.0
2002-01-31,0.0,0.0006669206242529323,0.017644871361916416,0.0,0.0005956301392213314,0.0,0.0,0.0,0.0006305574680190848,0.0,0.0,0.0,0.0,0.0,0.051773096651822205,0.0,0.020660633227303955,0.0,0.0,0.0,0.0,0.0,0.005104889012811085,0.0,0.0,0.0,0.0,0.03960169688464514,0.04112953969400592,0.0,0.0,0.07554627852929569,0.0,0.029694461152966842,0.0,0.0,0.0,0.021049899634664925,0.0,0.0,0.0,0.006734671667529162,0.0,0.0,0.0,0.0,0.0,0.031196602598996943,0.0,0.019589933574231614,0.0,0.056293805346169644,0.0,0.0,0.08221994169923107,0.04050622350273938,0.015913450837374242,0.05436463340683562,0.02875610471310106,0.0,0.0,0.0580247733289402,0.024684756464056875,0.0,0.0,0.0,0.0,0.009722978651985285,0.0,0.0,0.011141783696213927,0.018078430321477833,0.0,0.0,0.0,0.01011206440229929,0.018995321094574823,0.0,0.0027309252145194555,0.017325682747739244,0.008211552010160598,1.1790447543085747e-10,0.0,0.04425290388749567,0.028558421453854826,0.020130836422212417,0.0,0.0,0.0,0.0,0.021690753741846067,0.0,0.0,0.009637211965474771,0.020383873559761238,0.017188834914601592,0.019455054277747172,0.0
2002-02-28,0.0,0.0,0.0024944945357484884,0.0,0.00211352892959134,0.0,0.0,0.0,0.0066355943657258705,0.0,0.0,0.0,0.0,0.0,0.04122127969819471,0.0,0.01796659998892943,0.0,0.0,0.0,0.0,0.0,0.007587744577355137,0.0,0.0,0.0,0.0,0.04542678417108096,0.035266809814300304,0.0,0.0,0.09322027232411718,0.0,0.026137965985225244,0.017882203838899807,0.0,0.0,0.013150432253267268,0.0,0.005985701065084504,0.0,0.005964629348154489,0.0,0.0,0.0,0.002743110531208916,0.0,0.013575092934621974,0.0,0.021792618129947323,0.0,0.06745320773849696,0.0,0.0,0.07188571420728447,0.027927496340525767,0.030527106638102996,0.07236330672937645,0.06720449220121842,0.0,0.0,0.044214044353420454,0.014435205091323336,0.0,0.0,0.0,0.0,0.014405161442675021,0.0025701366716397475,0.0,0.017442040654917446,0.023805290368215274,0.0,0.0,0.0012142334682637835,9.844533661505137e-11,0.02955443643833472,0.014283130367284326,0.010635610870249328,0.0,0.0,0.0,0.0,0.03874464560979254,0.015283946559356516,0.0,0.0,0.0,0.0,0.0057482263738640035,0.032771007250494394,0.0,0.0,0.020566055831016984,0.0,0.0,0.017800642204248783,0.0
2002-03-31,0.0,0.0,0.010129951112355193,0.0,0.003703465088857653,0.0,0.0,0.0,0.014123284610557979,0.0,0.0,0.0,0.0,1.083079864290188e-10,0.05993056794500398,0.0,0.02306222559275484,0.0,0.0,0.0,0.0,0.003597015629754486,0.008529608456386104,0.0,0.0,0.0,0.0,0.060018900063034744,0.021645459785879853,0.0,0.0,0.0648038673522164,0.0,0.020501656737165152,0.01192294007245135,0.0,0.0,0.00209102686376695,0.0,0.013446881106064054,0.0,0.006475446718329661,0.0,0.0,0.007950432065516566,0.018508939650204694,0.0,0.005019133511049154,0.0,0.032019684703353854,0.0,0.0511643705394215,0.0,0.0,0.09006479711157045,0.024756401410883654,0.03814001596481839,0.06977034513852853,0.07057745553499249,0.0,0.0,0.03179889345962882,0.013919829572995066,0.0,0.0,0.0,0.0,0.025353512823104763,0.0,0.0,0.0135258396180727,0.019949747356573934,0.0,0.0,0.0,0.0,0.014492580711476797,0.006745268523112233,0.003874409766498018,0.0,0.0,0.0,0.0,0.03790021343442594,0.010005245231480522,0.0,0.0,0.0,0.0,0.0051618077293204044,0.02814020469375531,0.0,0.0,0.022016642249840627,0.0,0.0,0.03516193195648921,0.0
2002-04-30,0.0028284469571621335,0.0,0.006617832132826624,0.0,0.0,0.0,0.0,0.0,0.006453964346454819,0.0,0.0,0.0,0.0,0.001779588490065893,0.04983713267175687,0.0,0.0048007309505317015,0.003914327671389929,0.0,0.0,0.0,0.006496231968039883,0.0015093472121943145,0.0,0.0,0.0,0.012731292370915618,0.04100816326263924,0.015557395166256587,0.0,0.0,0.018589236635818122,0.0,0.0,0.014635826791443278,0.0,0.0,0.0,0.0,0.0,0.0,0.0,0.00580449242012963,0.0,0.008127673874917562,0.01972709724440515,0.0,0.0,0.009558216896114604,0.03775893725229646,0.0,0.0652864152029035,0.0,0.0,0.05270272764143948,0.030092917093244322,0.041963065647555434,0.09091120898024013,0.10325983993091328,0.0,0.0,0.056385574680986095,0.034799803733059284,0.02025049773120553,0.0,0.0,0.0,0.033836421100555084,0.0,0.0,0.01340874925110935,0.020111900863440415,0.0,0.0,0.0,0.015869429697540103,0.018596631545437625,0.008600223880486773,1.0758464915790473e-10,0.0,0.0,0.0,0.0,0.039229888354637074,0.027559703715516942,0.0,0.0,0.0,0.0,0.006875632843687429,0.015698950968994572,0.0,0.0,0.0,0.0,0.0,0.03682448271410447,0.0
2002-05-31,0.0,0.0,1.7781867575838436e-06,0.015672639507904033,0.0017271327081411028,0.0,0.0,0.0,0.01979060778201779,0.0,0.0,0.0,0.0,0.010661326185876225,0.029603920450685613,0.0,0.013606662818526422,0.0025464791089344803,0.0,0.0,0.0,0.0,0.0,0.0,0.0,0.0,0.03907393646095334,0.05172860420514315,0.029805043772319937,0.0,0.0,0.0,0.0,0.0,0.0,0.0,0.0,0.0,0.0,0.004834165235976795,0.0,0.0035878206146743915,0.024049836621117558,0.0,0.012045368493480643,0.040597445733930496,0.0,0.018837801622523184,0.026821129436298517,0.0240311878978216,0.0,0.04919735495561905,0.0,0.0,0.026095792003677537,0.035945385074900006,0.055616572118032184,0.10861891760860695,0.09878714626965547,0.0,0.0,0.04096190051922447,0.058787036262275535,0.0174846878932987,0.0,0.0,0.0,0.017051722668075017,0.0070017665362695596,0.0,0.0,0.009295196852050611,0.0,0.0,0.0,0.03039939245693617,0.008965835957323108,0.012616404351154223,0.012650377358188405,0.0,0.0,0.0,0.0,0.018848150124728673,0.008720863750447602,0.0,0.0,0.0,0.0,0.005326437128521959,0.0,0.0,0.0,8.598933749676677e-11,0.0,0.0,0.008606173181942497,0.0
2002-06-30,0.0,0.0,0.0,0.0043117456300681,0.00942443948585736,0.0,0.010198199913277549,0.0,0.008168213829307042,0.0,0.0,0.0,0.0,0.010577422212842412,0.012139712254478593,0.0,8.67921659013476e-11,0.0,0.0,0.0,0.0,0.0,0.0023345571999307487,0.0,0.0,0.0,0.010071880907402953,0.039194813121194556,0.028575117934333042,0.0,0.0,0.0,0.0,0.0,0.0,0.0,0.0,0.0,0.0,0.0,0.0,0.0,0.010765276014972004,0.0,0.005666370185745965,0.03331183690757431,0.0,0.0,0.021394070201498895,0.003600378591155942,0.0,0.04129186081019417,0.0,0.0,0.035724985652579054,0.0481707256573612,0.08465101363048284,0.10912405951374533,0.11517764701527089,0.0,0.0,0.02846426178502559,0.05949646572344195,0.02279872635549334,0.0,0.0,0.0,0.022143537550704608,0.010307441608878037,0.0,0.0003664557285624256,0.02320839470363186,0.0,0.0,0.011058154723411737,0.03843604863716622,0.02842008805569213,0.031198844738484142,0.008366847283254012,0.0,0.0044638109425380315,0.0,0.0,0.017214161687629025,0.012716853482197336,0.0,0.0,0.0,0.0,0.004071006574011807,0.01378811963581927,0.0,0.0,0.019606454027993294,0.0,0.0,0.0,0.0
2002-07-31,0.0,0.0,0.00376362086733757,0.0,0.019777524678671953,0.0,0.004340055048752376,0.0,0.004063862958915479,0.0,0.0,0.0,0.0,0.015915617156089815,0.013346050556321515,0.0,0.01795791247418462,0.0,0.0,0.0,0.004422955786873774,0.0,0.014265581238387797,0.032739106293144395,0.0,0.0,0.02122136642895468,0.054020137575971884,0.029387477169142206,0.0,0.0,0.0,0.0,0.0,0.0,0.0,0.0,0.0,0.0,0.0,0.0,0.0,0.0,0.015695889591357245,0.0,0.011553059814229426,0.0,0.0,0.0,0.0,0.0,0.027693589863847526,0.0,0.0,0.03678664778671902,0.05293637271890252,0.03224099488986554,0.057305618448795934,0.0619569967806986,0.0,0.0,0.035630526556691036,0.0994036321793722,0.02170269828121395,0.0,0.0,0.0,0.029837505166625457,0.037200296862978946,0.0,0.0015894157966471363,0.01762000289378793,0.0,0.0,0.003665273929704053,0.029671450416436918,0.029743884062127898,0.025272395321601377,0.021570100994817515,0.008631905878448492,0.0,0.05122052247259574,0.0,0.012906057623295305,0.01780693456321766,0.0,0.0,0.0,0.0,8.447181533753312e-11,0.0,0.0,0.0,0.01978773656126984,0.0,0.0,0.00534922222753274,0.0
2002-08-31,0.00034528005102322704,0.0,0.0,8.938056013630261e-11,0.01794838608972083,0.0,0.01573165425132657,0.0,0.020753302944602845,0.0,0.0,0.0,0.0,0.0359709906084057,0.017880403093192714,0.0,0.008668973503207564,0.0,0.0,0.0,0.0,0.012584621452055333,0.02339308716553743,0.045246391445199506,0.0,0.0,0.012712392875653329,0.043239626642308446,0.012737897404694483,0.007315261534123242,0.0,0.0,0.0,0.005332652311350055,0.0,0.0,0.0,0.0,0.0,0.0,0.0,0.0,0.0030100738161706704,0.027519027483465776,0.014967877718567014,0.009846121617949845,0.0,0.0,0.0,0.020783187142815084,0.0,0.017078412581426162,0.0,0.0,0.050254892536002065,0.05650951026361294,0.02014250232876488,0.057355147124098275,0.06638728160330788,0.0,0.0,0.03490352507845382,0.08399094188171348,0.04754387923504184,0.0,0.0,0.0,0.011507153051758402,0.03082666017557646,0.0,0.0,0.025424700921413173,0.0,0.0,0.0,0.030657861539717925,0.011522044385711297,0.04932318770093877,0.0036632127961565126,0.0,0.0,0.028035179256209693,0.0,0.0010425983895308555,0.0,0.0,0.0,0.0,0.0,0.0,0.0,0.0,0.0,0.017844099909815354,0.0,0.0,0.0,0.0
2002-09-30,0.0,0.0,0.0,0.0,0.020323540436452323,0.0,0.016671045698752347,0.0,0.011763638876028337,0.0,0.0,0.0,0.0,0.04205018076191767,0.015253453347760005,0.0,0.008572601948433782,0.0,0.0,0.0,0.0,0.008007154908732113,0.00807933392480328,0.046790992307466396,0.0,0.0,0.015838805684310633,0.049531581852882194,0.0279950520658474,0.011771504873172724,0.0,0.0011527765454662712,0.0,0.0,0.0,0.0,0.0,0.0,0.0,0.0,0.011585708020723885,0.0,0.0,0.009283200178948502,0.009864867486899678,0.006589021567412912,0.0,0.0,0.0014721265839412493,0.037613478096764096,0.0,0.03286457149068677,0.0,0.0,0.07211500837223984,0.06023085895330594,0.025030453412109827,0.06376025620148672,0.07707758484954483,0.0,0.0,0.031536416387572715,0.09423984967408436,0.060955639759491066,0.0,0.0,0.0,0.018262392996253114,0.012830240634545253,0.0,0.0,0.01998054163732658,0.0,0.0,0.0,0.029700123545752067,8.15210266734679e-11,0.005393077530221686,0.0,0.0,0.0,0.015468197316518145,0.0,0.005542031774475431,0.004092590016048042,0.0,0.0,0.0,0.0,0.0,0.004372961145805709,0.0,0.0,0.006337139054295028,0.0,0.0,0.0,0.0
2002-10-31,0.0,0.0,0.0,0.01380500260405309,0.02622822658331921,0.0,0.03237324941531112,0.014513631356136163,0.027561826914562906,0.0,0.0,0.0,0.0,0.03622618886856252,0.02251848612963774,0.0,0.02498759610827858,0.0,0.0,0.0,0.0,0.0,0.003725856802593535,0.03680116206107229,0.0,0.0,0.02157512816619331,0.03843719454427684,0.03020951227875879,7.879592236116886e-11,0.0,0.0,0.0,0.000778191533289378,0.0,0.0,0.0,0.0,0.0,0.0,0.007480847608291643,0.0,0.01021029315178707,0.012894959709280668,0.01863131687342495,0.01787683367330889,0.0,0.0,0.011421671126473026,0.02758299920424922,0.0,0.0316312808580836,0.0,0.0,0.09091267385451599,0.05297500616220918,0.031514148977167644,0.0568778136329929,0.059807672986426356,0.0,0.0,0.024455349875580196,0.07571402400969916,0.037277398328078776,0.0,0.0,0.0,0.0011467819348935683,0.024095386767797412,0.0,0.0,0.016111738924689707,0.0,0.0,0.0,0.03278384724104562,0.0,0.006658143186022274,0.0,0.0,0.0,0.013072694989484861,0.0,0.0,0.0010923062924828705,0.005313519947220559,0.0,0.0,0.0,0.0,0.002720037239952433,0.0,0.0,0.0,0.0,0.0,0.0,0.0
2002-11-30,0.0,0.0,0.0,0.018521518278978816,0.03524768742646117,0.0,0.03520705175851394,0.02598599809856809,0.018792726502607892,0.0,0.0,0.0,0.0,0.00696272305724862,0.0,0.0,0.01002319786332123,0.0,0.0,0.0,0.0,0.0,0.0029654418996622176,0.024890812681033832,0.0,0.0,0.02595964074933232,0.04353566385010395,0.029382738186225794,0.006811130591765293,0.0,0.0,0.0,0.01294069391290747,1.2917782203469527e-10,0.0,0.0,0.006727916680499981,0.0,0.0,0.014206793543060044,0.0,0.014245215641199108,0.013908127187378829,0.03229358836890397,0.03548584341926095,0.0,0.0,0.01292058532315148,0.017589014410421384,0.0,0.014453256135357943,0.0,0.0,0.09830386638199949,0.040893593662216135,0.02477733622747565,0.033424195392284514,0.03522629095563255,0.0,0.0,0.0215839419655065,0.08206116905685848,0.02032463977249515,0.0,0.0,0.0,0.0,0.05237121376023214,0.0,0.0035755804328882956,0.031090606438475686,0.0,0.0,0.0,0.033809478169782727,0.0,0.010417217311500157,0.0,0.0,0.0,0.04689988614285559,0.0,0.004547852989634168,0.001635765645020538,0.0,0.0,0.0,0.0,0.0,0.0,0.0,0.0,0.0,0.0,0.0,0.0,0.0
2002-12-31,0.0,0.0,0.0,0.01459162117475359,0.014259529280304746,0.0,0.014128188051240637,0.012403542147768372,0.013110421754405497,0.0,0.0,0.0,0.0,0.0,0.0,0.0,0.012206422528319471,0.0,0.0,0.0,0.0,0.0,0.0,0.014819665970034371,0.0,0.0,0.007156037208915881,0.06025090504899402,0.03050902913578711,0.008616129606169674,0.0,0.0,0.0,0.012422407417840812,0.0,0.0,0.0,0.05232906686089222,0.0,0.0,0.04257301468841266,0.0,0.005189200807145728,0.017652035492243156,0.012914481089088674,0.018359013460466804,0.0,0.006726175991812395,1.5295560812467859e-10,0.0004000687073104393,0.0,0.005377641661139691,0.0,0.0,0.08355811092251172,0.044876526371112606,0.03223204180183432,0.03580186910433691,0.026146208640206982,0.0,0.0,0.019031798073317098,0.08030143894590548,0.023197198032025267,0.0,0.0,0.0,0.008963813007762653,0.04967424366479895,0.0,0.03167167108453548,0.07363437647129112,0.0,0.0,0.0,0.015516528933561672,0.0,0.005968313385782054,0.0,0.0,0.0,0.043595308921406825,0.0,0.020110855103187393,0.0,0.021268121475756734,0.0,0.0,0.0,0.0,0.008456977824665214,0.0,0.0,0.0,0.0,0.0,0.0,0.0
2003-01-31,0.0,0.0,0.0,0.005767737311108962,0.021449748903804616,0.0,0.006258447019900229,0.015602287723364642,0.012587289512375711,0.0,0.0,0.0,0.0,0.0006975846974809455,0.0,0.0,0.014756483667908134,0.0,0.007576385663453544,0.0,0.0,0.0,0.006945768272021876,0.02250707772079861,0.0,0.0,0.0,0.03657432185148448,0.005372067342012018,0.03993486343602304,0.0,0.0010900172176657398,0.0,0.004623986430159242,0.003907350894791742,0.0,0.0,0.06103363001321507,0.0,0.0,0.028463207244588458,0.0,0.0,1.5313542534036806e-10,0.006149296084598543,0.008596585635414596,0.0,0.0,0.0,0.019685728498572284,0.0,0.022687706595418744,0.0,0.0,0.13024319945217477,0.045279960694126015,0.04991380924758995,0.042712373001163303,0.031421023473983685,0.0,0.0,0.043484798195907955,0.05431408065607015,0.04963534419350988,0.0,0.0,0.0,0.011192641237274256,0.020097684909316977,0.0,0.03571481464692125,0.08843288570225949,0.0,0.0,0.0,0.0,0.0,0.0,0.0,0.0,0.0,0.0043568720116644345,0.0,0.022939785462467853,0.0,0.011949684859931895,0.0,0.0,0.0,0.0,0.00041756059526974136,0.0,0.0,0.0,0.0,0.0,0.0056259097710717335,0.0
2003-02-28,0.0,0.0,0.0,0.01368271921044993,0.024889426071845706,0.0,0.004446888237513182,0.028351044880184535,0.04911340341500569,0.0,0.0,0.0,0.0,0.017512956720912163,0.021303171333979066,0.0,0.02448858147742301,0.0,0.05928242141522912,0.0,0.0,0.0,0.0,0.008734255760013132,0.0,0.0,0.0,0.038493442466385655,0.0,0.0315455225824181,0.0,0.012738721196011195,0.0,0.041608916979362795,0.012242441001231237,0.0,0.0,0.08324216593141658,0.0,0.0,0.026586099788396055,0.0,0.0,0.0035681983365519615,0.009406779119965767,0.023603070867564434,0.0,1.3842019381391354e-10,0.0031809241708547036,0.015935603120233535,0.0,0.0141856582666011,0.0,0.0,0.07251242388698782,0.019712974784706933,0.036686866146129586,0.023173860929885857,0.020980649117102124,0.0,0.0,0.017600042181510313,0.02371781740689866,0.022232280608301687,0.0,0.0,0.0,0.018974463087080777,0.05207470582763088,0.0,0.019201706435841265,0.04221122436133176,0.0,0.0,0.0,0.0,0.0,0.0,0.0,0.0,0.0,0.019957143945027324,0.0,0.020062014882452833,0.0,0.009734871964771696,0.0,0.0,0.0,0.0,0.0,0.0,0.0,0.0,0.0,0.0,0.013024541946371659,0.0
2003-03-31,0.0,0.0,0.0,0.023513197890451063,0.0187250864550167,0.0,0.011272354467851702,0.024562775848702374,0.04509250703209399,0.0,0.0,0.0,0.0,0.017328816996372516,0.02086719257005299,0.0,0.024971899688091423,0.0,0.07490049283640247,0.0,0.0,0.0,0.0,0.0,1.4319299618751329e-10,0.0,0.0,0.01790443437505827,0.0,0.01867165522307397,0.0,0.049966211418864044,0.0,0.029836380472674864,0.019558132507796908,0.0,0.0,0.06650689823349556,0.0,0.0,0.04060310594154413,0.0051048113242210735,0.023473982478341256,0.007716467957670495,0.023795500623393244,0.04060643396572262,0.0,0.0032500240773409945,0.03184948323049354,0.01953875450539365,0.0,0.010655158180066661,0.0,0.0,0.03750117272080814,0.016700164067997732,0.045942245943599816,0.022015319148103268,0.030264493768897557,0.0,0.0,0.006619326001459331,0.004981388615997067,0.008901042524580419,0.0,0.0,0.0,0.010141178363998015,0.027301890670856047,0.0,0.03987534298737485,0.05941980800387436,0.0,0.0,0.0,0.0,0.0,0.0,0.0,0.0,0.0,0.010462096721767096,0.0,0.0,0.0,0.0,0.0,0.0,0.0,0.0,0.0,0.0,0.0,0.0,0.0,0.0,0.00960277201730693,0.0
2003-04-30,0.0,0.0,0.007568898261247132,0.03401927005381973,0.03765905601514875,0.0,0.025639262416629085,0.036785664973051815,0.05614603328231205,0.0,0.0,0.0,0.0,0.0060692940981088616,0.006521365314613052,0.0,0.049847437794376094,0.00902650318760428,0.09415575126745448,0.0,0.0,0.0,0.0,0.0,0.021352168689114576,0.0,0.0,0.029544389027103116,0.01982429903937261,0.03336256733289725,0.0,0.001502684252280016,0.0,0.0007161969197497219,0.016357609409983574,0.0,0.0,0.08568205754379996,0.0,0.0,0.0513079316498412,0.017895623878345274,0.041510679108784115,1.5708037806294114e-10,0.004689899795979207,0.0635769731572024,0.0,0.0,0.04758411754950621,0.002693566658623813,0.0,0.003928914221298339,0.0,0.0,0.00734477250313865,0.0063636069859138245,0.04698152698576414,0.004401210651593657,0.0009907246899973842,0.0,0.0,0.0,0.0,0.0,0.0,0.0,0.0,0.006221654272343531,0.0,0.0,0.0146788178833389,0.014831683127253565,0.0160105574683972,0.0,0.0,0.0,0.0,0.0,0.0,0.0,0.0,0.014358757965051207,0.0,0.014941411513604744,0.0,0.0,0.0,0.0,0.0,0.0,0.0,0.0,0.0,0.0,0.0,0.0,0.047907060898276024,0.0
2003-05-31,0.004078576266109267,0.0,0.0,0.019589990401125943,0.01140922846401035,0.0,0.004060435086080614,0.027616990769812104,0.020973257231039544,0.0,0.0,0.0,0.03179185185111318,0.004858690922127765,0.0,0.0,0.021890144771501557,0.016589911140480328,0.08315056466582565,0.0,0.0,0.0,0.0,0.0,0.04665308664093858,0.0,0.003999193609178706,0.046544108716977346,0.021868451322399833,0.030074963363841394,0.0,0.012008997446355441,0.0,0.059860422047697995,0.014840370310010429,0.0,0.0,0.0782994727036388,0.0,0.0,0.038353511043349386,0.00661145095881335,0.01771450336097294,0.007612435950725051,0.0,0.059408862867559975,0.0,0.0,0.031897401379629486,0.0,0.0,0.0,0.0,0.0,0.0058940830498527014,0.0037680894267786546,0.023820307865781747,0.0,0.0,0.0,0.0,0.0,1.3151384116932993e-10,0.0,0.0,0.0,0.0,0.008524789649037724,0.04686084029613469,0.0,0.020743000237790462,0.031017393485009252,0.023959934491438198,0.0,0.0,0.0,0.0,0.002607694702280031,0.0,0.0,0.0,0.04888652879110582,0.0,0.012747982164298542,0.0,0.01652706615329391,0.0,0.0,0.0,0.0,0.0,0.0,0.0,0.0,0.0,0.0,0.03288541626436937,0.0
2003-06-30,0.01525185080889099,0.0,0.012564963403051965,0.010543704680827118,0.019661044940501183,0.0,0.0,0.032163188598169884,0.004477524777945232,0.0,0.0,0.0,0.018294997981440186,0.010039425947293996,0.0,0.0,0.00980693354073239,0.027151154715398244,0.13106547736307364,0.0,0.0039608106827032094,0.0,0.0042071603692270775,0.008966804755059685,0.059539362049499917,0.0,0.0,0.04658992590593041,0.025592397182413053,0.0661910409614847,0.0,0.0,0.0,0.03413335121363739,0.01300498957140632,0.0,0.0,0.055961385357601465,0.0,0.01095068830614177,0.03877175911870742,0.0,0.006982494239979746,0.02251380935990536,0.0076417466547932175,0.04033908624437524,0.0,0.0,0.0236846920107452,0.0,0.0,0.0,0.0,0.0,0.0,0.0,0.0,0.0,0.0,0.0,0.0,0.0,0.0,0.0,0.0,0.0,0.0,0.0266596226799759,0.018004030433068953,0.0,0.017505066499752944,0.017451795692920578,0.028101707078319303,0.0044820545043717155,0.0,0.0,0.002356587973680144,0.0,0.0,0.0,0.0,0.0731954157305078,0.0,0.013131413452548663,0.0,1.0580399525756085e-10,0.0,0.0,0.0,0.0,0.0,0.0,0.0,0.0032364657800273327,0.0,0.0,0.03582406932808667,0.0
2003-07-31,0.0011636555877763066,0.0,0.006046339953148937,0.006111092001888452,0.019261004381460348,0.0,0.0,0.03292053437900979,0.01785692781395962,0.0,0.0,0.0,0.03489257205510393,0.03820360176595413,0.02000888567439267,0.0,0.03196373495173893,0.013577240406873458,0.16515858871051806,0.0,0.0,0.004124942415448296,0.004962044289082664,0.014325657735416482,0.09739748676426885,0.0,0.0,0.043276921048723396,0.0400850599379851,0.10914566233826666,0.0,0.010719507998839277,0.0,0.05477727310399022,0.0,0.0,0.0,0.039076228938884884,0.0,0.0050345996559471515,0.01293997969928525,0.0007616963085579545,0.0,1.0163620328152637e-10,0.0,0.0,0.0,0.0,0.0,0.01378812500733518,0.0,0.0,0.0,0.0,0.0,0.0027342262887969726,0.007044441985618151,0.0,0.0,0.0,0.0,0.0,0.0,0.0,0.0,0.0,0.0,0.05357163380966739,0.006437697762040808,0.0,0.0,0.0063873560504092595,0.005533679204223743,0.0,0.0,0.0,0.0,0.0,0.0,0.007655482621320422,0.0,0.031482244475798726,0.0,0.0025619113763657208,0.0,0.004992436194757063,0.0,0.0,0.0,0.0,0.0,0.0,0.0,0.006987873355434488,0.0,0.008667309031922721,0.018364344818152325,0.0
2003-08-31,0.0,0.003840327560725202,0.006962433788704994,0.0,0.0258172755709341,0.0,0.0,0.0014730358226022558,0.01441329872333356,0.0,0.0,0.0,0.025064494737348304,0.03726889222885167,0.01579132229617866,0.0,0.02634130479079723,0.02164390509728235,0.1135608440971583,0.0,0.0,0.0,0.007140646878685001,0.023665909672981544,0.040177470280219216,0.0,0.011335884276438264,0.060898060168591506,0.058335757278461825,0.12569159027585877,0.0,0.03166993873139297,0.0,0.05450185378913244,0.0,0.0,0.0,0.013132468826342792,0.0,0.0,0.0,0.0,0.0,0.006773223529342174,0.0,0.0,0.0,0.0,0.0,0.03592280968400172,0.0,0.0,0.0,0.0,0.00015521818356041328,0.0016685148174273997,0.010593281384857977,0.0,0.0,0.0,0.0,0.021273825777524336,0.013573119495727244,0.002334914311164077,0.0,0.0,0.0,0.03787355503803385,0.014477731043996963,0.022599158134545043,0.0,0.009940906787325064,0.021730123938299886,0.0,0.0,0.0,0.0,0.0,0.0,0.003304685773950464,0.0,0.04656602662174084,0.0,0.004708390972220075,0.0,9.365262255605247e-11,0.0,0.0,0.0,0.0,0.0,0.0,0.0,0.0,0.0,0.00823790290629466,0.019539896614314302,0.0
2003-09-30,0.0033417875488429903,0.004613702096231959,0.011684429272684822,0.0,0.03364136839206233,0.0,8.873621263001774e-05,0.0,0.01764942558887223,0.0,0.0,0.0,0.010469166319683339,0.019465457653028408,0.007673807312223659,0.0,0.03390048878676086,0.015263067019976467,0.09182541266526743,0.0,0.0,0.0,0.0,0.0,0.07620526907491507,0.0,0.005462014708267507,0.05791585545320348,0.07801259946638184,0.13438077320467445,0.0,0.015533523501970306,0.0,0.05705102702076384,0.0,0.0,0.0,0.0,0.0,1.0643228473415834e-10,0.0025893054698846655,0.0,0.0,0.0005670140435623737,0.0,0.0,0.0,0.0,0.0,0.017794982019971567,0.0,0.0,0.0,0.0,0.0,0.0,0.0,0.0,0.0,0.0,0.0,0.0,0.0,0.006768532187023734,0.0,0.0,0.0,0.041035255550621055,0.028926526353662392,0.04039419849040478,0.0014026630288727776,0.023924448564197696,0.02129749736905869,0.002056262053398989,0.0,0.001907792729051349,0.0003385254493496276,0.022858666936637757,0.0,0.015657832665811236,0.0,0.05969945310268103,0.0,0.0008187104481788177,0.0,0.0,0.0,0.0,0.0,0.0,0.0,0.0,0.0,0.007747014731614022,0.0,0.00755720092333704,0.02248020647780715,0.0
2003-10-31,0.007704727324704633,0.009203094993039082,0.013830540595304771,0.0,0.0316433545015804,0.0,0.0,0.0,0.0014979932259608652,0.0,0.0,0.0,0.0017031605944377525,0.016782219928810262,0.0,0.0,0.027263637658021624,0.033550900059949845,0.08801552526008181,0.0,8.786172563851866e-11,0.008518921771402517,0.004022051980464214,0.009962029443733825,0.054853867828474276,0.0,0.015438296543851905,0.05559303356737928,0.045360170056857704,0.11434435666701566,0.0,0.02485066337211302,0.0,0.013029067124601355,0.0,0.0,0.0,0.0,0.0,0.010905938017441535,0.003401303741785361,0.0,0.0,0.0,0.0,0.0,0.0,0.0,0.0,0.01374330267145659,0.0,0.0,0.0,0.0,0.0,0.0,0.0,0.0,0.0,0.0,0.0,0.0,0.0,0.008903132998164852,0.0,0.0,0.0,0.04067859154770591,0.024014164155671383,0.02748031484339577,0.010920741918297618,0.03484376452752832,0.04569498995845097,0.009894071837092733,0.029945788125841227,0.0,0.0,0.0,0.0,0.03515727693528453,0.0,0.06988581953691314,0.0,0.008671611494695424,0.0,0.0,0.0,0.0,0.0,0.0,0.0,0.0,0.0,0.01610298862181231,0.002690376408462404,0.00652849108539281,0.02336971898896055,0.0
2003-11-30,0.0,0.0030054939538770404,0.0,0.0,0.011478581564689044,0.0,0.0,0.0,0.0,0.0,0.0,0.0,0.0,0.0004818167244436567,0.0,0.0,0.016783404683278595,0.046691474960679796,0.0908899771768485,0.0,0.0005455374279262388,0.003056898232680242,0.0017137152821024824,0.006243985250624393,0.03642909484055159,0.0,0.00011316090832437005,0.057181921636008465,0.03797586041807229,0.11066107474269131,0.0,0.0,0.0,0.008014456481713424,0.0,0.0,0.0,0.0,0.0,0.0,0.0,0.0,0.0,0.0,0.0,0.0,0.0,0.0,0.0,0.0260524885567457,0.0,0.0,0.0,0.0,0.0,0.0,0.0,0.0,0.0,0.0,0.0,0.0011405168685718855,0.0,0.016660510615834796,0.0,0.0,0.0,0.07340735328678796,0.03236347417754265,0.03292373924110217,0.0009759259766692245,0.02819743560858153,0.04691717941850824,0.01005529262968821,0.04025132188780071,0.0,0.0,0.012689577300997727,0.021664777446651233,0.038641385448893076,0.01927503648630033,0.044659335033792616,0.0,0.019338180882331246,8.146040280813101e-11,0.0035041775543061637,0.0,0.0,0.0,0.019108094406544426,0.0,0.0,0.0,0.002755094336274172,0.012503355405749648,0.019385677482401303,0.046263615581953084,0.0
2003-12-31,0.0,0.0,0.0,0.0,0.013121954244375884,0.0,0.0,0.0,0.0,0.0,0.0,0.0,0.0,0.005846011816952052,0.0009689610620102632,0.0,0.007334362545677916,0.024187421180166917,0.05024006716290014,0.0,0.0,0.0,0.007603390334814564,0.010679612426016467,0.005520787073572995,0.0,0.0,0.0626613100449671,0.034346289571081594,0.06758281447561143,0.0,0.0,0.0,0.011221803989844271,0.0,0.0,0.0,0.0,0.0,0.0,0.0,0.0,0.0,0.0,0.0,0.0,0.0,0.0,0.0,0.04169538972463845,0.0,0.0,0.0,0.0,0.0,0.0,0.006118739551678014,0.0,0.0,0.0,0.0,0.01682387849172283,0.01500065772211043,0.046052966059174055,0.0,0.0,0.0,0.09668687403022688,0.05601408275225679,0.022284249007660333,0.003468973907648947,0.02405243432753181,0.03591710229945082,0.016417518120806492,0.03504196882849022,0.019320206976318807,0.0012054276354261932,0.018031285636272033,0.02533153290970821,0.05833087613192774,0.019413416059708314,0.04196415899265754,0.0,0.007197745858302571,0.0,7.328570818266042e-11,0.0,0.0,0.0,0.017307991676666183,0.0,0.0,0.0,0.0017371627032983954,0.01688815146113042,0.02091569617277227,0.03546672696113796,0.0
2004-01-31,0.0,0.011812282421118385,0.002219695108946644,0.0,0.0189177618678937,0.0,0.0,0.0,0.004703484282976233,0.0,0.0,0.0,0.0,0.02124442715969867,0.017522107223040408,0.0,0.026044726994138647,0.010945995459012748,0.033662705431745335,0.0,0.0,0.0052696501325075135,0.01004771209849198,0.018445075097743676,0.0,0.0,0.0,0.031174212621547907,0.025137031737285303,0.07286789413979611,0.0,0.0,0.0,0.0,0.0,0.0,0.0,0.0,0.0,0.0,0.0,0.0,0.0,0.0,0.0,0.0,0.0,0.0,0.0,0.047634633554730785,0.0,0.0,0.0,0.0,0.0,0.0,0.013505346898682179,0.0,0.0,0.0,0.0,0.029052504209534202,0.01124506887675325,0.052069358080853924,0.0,0.0,0.0,0.061735325654420435,0.061416711498518226,0.0365384017120888,0.009778216708381532,0.028910863482420123,0.0321439587071614,0.008087400935922617,0.03490808812446479,0.03790117747169568,0.0,0.031134887432971915,0.01841395682239211,0.03249220270858878,0.014087942187197543,0.03977797019601902,0.0,0.007011734105452618,0.0,0.0,0.0,0.0,0.0,0.008050369119959473,0.0,0.0,0.0,0.005995829010059019,6.297553241273594e-11,0.01703297655179071,0.05106031411102202,0.0
2004-02-29,8.734894950116593e-05,0.008955761922902566,0.008076121548959491,0.0,0.02360622674280669,0.0,0.0,0.0,0.0,0.0,0.0,0.0,0.0,0.006282468614138458,0.020285823518675555,0.0,0.021967927064120946,0.026463524900187177,0.02272084361069701,0.0,0.0,0.0,0.0,0.009914523318293521,0.0,0.0,0.0,0.009669922596089906,0.0,0.09228438764026754,0.0,0.0,0.0,0.0,0.018546270300087746,0.0,0.0,0.0,0.0,7.688982941061422e-11,0.009661037504474465,0.0,0.0,0.0,0.0,0.0,0.0,0.0,0.0,0.014463573986242467,0.0,0.0,0.0,0.0,0.0,0.0,0.0061264610984807935,0.0,0.0,0.0,0.0,0.04632792888650579,0.012862308520217478,0.07507359279027416,0.0,0.0,0.0,0.02415196578991265,0.06936225548035721,0.03150206909165473,0.019685406103436286,0.03696716222458311,0.03206330123456549,0.007534015944241042,0.09366157093776498,0.06153262011382772,0.0,0.03462836179832197,0.00861039537239175,0.044953664249673446,0.0,0.015336896784391586,0.0,0.0034575035881417577,0.0,0.008408954329279532,0.0,0.0,0.0,0.02519680448323887,0.0,0.0,0.0,0.012668003004894119,0.013522483648380325,0.012932886396157259,0.01044762583497328,0.0
2004-03-31,0.003455421733851544,0.004274057918256215,0.006832822806626447,0.0,0.0164561256938122,0.0,0.0,0.0,0.0,0.0,0.0,0.0,0.0,0.0110466977929485,0.014943554532215363,0.0,0.015881112036092614,0.0330305537985207,0.007474859797110993,0.0,0.0,7.370739288843867e-11,0.0,0.01963506450783103,0.0,0.0,0.0,0.0037659149615675925,0.0,0.03585190783278894,0.0,0.0,0.0,0.0,0.03469265882078493,0.0,0.0,0.0,0.0,0.001979468707757289,0.016563696459832564,0.0,0.0,0.0,0.0,0.0,0.0,0.0,0.0,0.003013753131944627,0.0,0.0,0.0,0.0,0.0,0.0,0.0,0.0,0.0,0.0,0.0,0.06625401368730374,0.007714497590139686,0.0996655662891683,0.0,0.0,0.0,0.024829548416707394,0.04004605136861803,0.03279274195114529,0.02351122277926865,0.04133215844401541,0.03464131249876457,0.006616424811916685,0.09795452756086329,0.06104391096470702,0.0,0.04087818718603126,0.005814416542566484,0.05135265855171621,0.0,0.030822368112179026,0.0,0.0013420793429757888,0.0,0.010017175085726906,0.0,0.0,0.0,0.05905210356424042,0.003622674402065049,0.0,0.0,0.003080304351083771,0.0072637660170777225,0.021454619876070384,0.0,0.0
2004-04-30,0.004509306844049323,0.005748191942791864,0.018769143344782108,0.0,0.03282571249904901,0.0,0.0,0.0020632006139652973,0.013643399300152093,0.0,0.0,0.0,0.0014350067908854224,0.025605968249138168,0.03537605732445686,0.0,0.019340401056841507,0.051752790244033314,0.016308031934052905,0.0,0.0,0.011760584200268128,0.003611584167066363,0.020421410580044246,0.0,0.0,0.0,0.01284181231139643,0.0,0.039319723058821754,0.0,0.0,0.0,0.0,0.036875873138180325,0.0,0.0,0.0,0.0,0.013531314381812192,0.014795648473133754,0.0,0.008017330864627269,0.0,0.0,0.0,0.0,0.0,0.0,0.003044083070252728,0.0,0.0,0.0,0.0,0.0,0.0,0.0,0.0,0.0,0.0,0.0,0.040937243461521056,0.0,0.0553486733481831,0.0,0.0,0.0,0.004255097894704806,0.0456990943179746,0.031223423888099056,0.0,0.021999882251005798,0.013620973525030678,0.0,0.07158453373118184,0.07151325709202844,0.0,0.03677712355460775,0.014762576439762231,0.03617883181190302,0.0,0.05398155253339484,0.0,0.0,0.0,0.0,0.0,0.0,0.0,0.08394377646958105,0.015761188095920625,0.0,0.0,7.106952067248232e-05,7.45079182589369e-11,0.0,0.010745127600119598,0.0
2004-05-31,0.011049234446853868,0.029721979440958148,0.03518610444833402,0.004951656811661077,0.05320122050762888,0.0,0.005296769807253948,0.024404365497354294,0.011499073339869374,0.0,0.0,0.0,0.0,0.04111597958149888,0.018879968062357404,0.0,0.024441214348009225,0.02824998250969577,0.057629013171242034,0.0,0.0,0.035580962046881444,0.011252393579872007,0.046434026607547335,0.0,0.0,0.0,0.0042140946498328115,0.0,0.026627003165416715,0.0,0.0,0.0,0.0,0.07728748412989558,0.0,0.0,0.04600819934314229,0.0,0.0021799671153318666,0.014306669192225539,0.0,0.01724881185743018,0.0,0.0,0.0034105214438440823,0.0,0.0,0.0,0.0,0.0,0.0,0.0,0.0,0.0,0.0,0.0,0.0,0.0,0.0,0.0,0.0,0.0,0.0,0.0,0.0,0.0,0.0,0.016861808949962268,0.012840093688836587,0.0,0.0004223688769232826,0.0,0.0,0.033788340726273354,0.019269255238835308,9.496277233613634e-11,0.03955920946263244,0.019199725378752527,0.00962536955427652,0.0,0.07185865010984482,0.0,0.010041562022144767,0.0,0.004019601144627471,0.0,0.0,0.0,0.10801225798032253,0.014710554239226676,0.0,0.0,0.0,0.008418110707050999,0.0,0.0011963967211908243,0.0
2004-06-30,0.017938228191409368,0.03859286210131395,0.04367832890245019,0.022649551917063963,0.022763606374353554,0.0,0.006385796627510696,0.033427064207219956,0.001502835331753259,0.0,0.0,0.0,0.0,0.01543472981596004,0.013582817685263366,0.0,0.015558341289741774,0.0,0.04786299472543033,0.0,0.0,0.033970816206098944,0.028763756924853116,0.06643612530630721,0.0,0.0,0.0,0.0,0.0,0.01872668461329324,0.0,0.0,0.0,0.0,0.0883458766887899,0.0,0.0,0.04408803887269261,0.0,0.0,0.003929786965650007,0.0,0.022389229891340887,0.014932038589209369,0.0,0.0,0.0,0.017211521330253356,0.0,0.0,0.0,0.0,0.0,0.0,0.0,0.0,0.0,0.0,0.0,0.0,0.0,0.0001276805859424439,0.0,0.0,0.0,0.0,0.0,0.0,0.0,0.009879252947660976,0.0,0.001819643186350877,0.0,0.0,0.02830687838166366,0.01565306943624068,0.02865440368579953,0.057053395545386826,0.03254384256317968,0.014689509560689236,0.008694853157112983,0.054912065930300874,0.0,0.012021153601833466,0.0,0.006633979617336967,0.0,0.0,0.0,0.06951851178182465,0.026800362997969483,0.0,0.0,0.0,0.0037243469960124317,9.385361179622231e-11,0.010796017372882568,0.0
2004-07-31,0.022582429930450044,0.033871714094592276,0.03606177230345338,0.0355135076605729,0.03597059874251105,0.0,0.017446125420480508,0.0501372879301685,0.011509203287981232,0.0,0.0,0.0,0.007417775830296,0.025496659680765987,0.0040016593151968646,0.0,0.01244833224396259,0.0027623214993182793,0.008482108714643112,0.0,0.0024283414258542166,0.030961222161695192,0.023275137441947088,0.0560234971950601,0.0,0.0,0.0,0.0,0.0,0.0347959062117397,0.0,0.0,0.0,0.006833105485306945,0.08398673410180292,0.0,0.0,0.05646256874579501,0.0,0.015427646979849852,0.013079847510919793,0.014320967015883757,0.029868137359682648,0.04010972940254071,0.0,0.0,0.0,0.026479810256683993,0.0,0.0,0.0,0.0,0.0,0.0,0.0,0.0,0.0,0.0,0.0,0.0,0.0,0.0,0.0,0.0,0.0,0.0,0.0,0.0,0.0,0.0,0.0,0.0,0.0,0.0,0.0,0.015312352540297024,0.01680676761917051,0.033783749548238505,0.009209023083072823,0.004197434564481835,0.020878988148060405,0.07511236210369039,0.0,0.0019166525609139275,0.0033992226253791585,0.0,0.0,0.0,0.0,0.05254453810141273,0.02908476107233973,0.0,0.0,0.0,0.0,0.0,8.378823287172229e-11,0.0
2004-08-31,0.029176485982667866,0.02872126160408829,0.044118184894870294,0.050385907881470765,0.0292145775092262,0.0,0.026904188520538275,0.05110646167779223,0.018663587871434056,0.0,0.0,0.0,0.007080974498936795,0.03146484064676332,0.011973107842247926,0.0,0.023214751085944636,0.0,0.011840181321509333,0.0,0.0031675028281340193,0.033450781331902546,0.019184265226914386,0.02589717884506781,6.365736727953906e-11,0.0,0.0,0.0,0.0,0.03056974804927354,0.0,0.0,0.0,0.001791926112143977,0.06927601826634368,0.0,0.0,0.043743324159337675,0.0,0.017834948484460673,0.02284380623691185,0.020286018453040944,0.042594995719865004,0.031732085022163514,0.0,0.006496334026735425,0.0,0.023949510174340122,0.009088265961243153,0.0,0.0,0.0,0.0,0.0,0.0,0.0,0.0,0.0,0.0,0.0,0.0,0.0,0.0,0.0,0.0,0.0,0.0,0.0,0.0,0.0033641859368319094,0.0,0.0,0.0,0.0,0.0,0.00870641051054237,0.022388791705245215,0.03507976150360948,0.006531650869455071,0.020416559725237347,0.020553714490875456,0.059157426001161084,0.0,0.0,0.0,0.0,0.0,0.0,0.0,0.03467551100640478,0.023354767951611476,0.0,0.0,0.0,0.0,0.0,0.0,0.0
2004-09-30,0.024182825386635954,0.025205611079977826,0.019632492296994788,0.030775347484224422,0.03326172065819237,0.0,0.009404902335391804,0.04123078017737841,0.008080222308632878,0.0,0.0,0.0,0.0,0.03006355150733916,0.004946849046261019,0.0,0.0043182430618422035,0.0,0.009500387749624773,0.0,0.0,0.012402070859220288,0.00952775046893486,0.02865203159746086,0.022376546840583548,0.0,0.006646193128111034,0.0,0.0,0.005237266089237574,0.0,0.0,0.0,0.008167351034773396,0.04603490911270839,0.0,0.0,0.17598758888371233,0.0,0.00781926836643441,0.009195408714466934,0.020646766118861213,0.024929694103763556,0.046026750867730615,0.0,0.0,0.0,0.032615867782281226,0.0,0.0,0.0,0.0017110741905920848,0.0,0.0,0.0,0.0,0.0,0.0,0.0,0.0,0.0,0.0,0.0,0.0,0.0,0.0,0.0,0.0,0.0,0.0,0.0,0.0,0.0,0.0,0.004363132155195658,0.005967436454035358,0.0325908951135369,0.030605674363507824,0.002347043828911163,0.03477859076281901,0.005357691175118772,0.10585667523265428,0.0,0.0028588533014247946,0.0,0.0,0.0,0.0,0.0,0.04755041627814139,0.029144119983306925,0.0,0.0,0.0,0.0,0.0,9.99799631509192e-11,0.0
2004-10-31,0.02418630973944007,0.030607561825868813,0.02326692553714003,0.036820139076835456,0.02384028614624625,0.0,0.014364898260626261,0.035418572338858534,0.02082043597799241,0.0,0.0,0.0,0.001853230380077047,0.042077965361747925,0.008249879840317663,0.0,0.011020878907877724,0.002152483969127436,0.00366346767223625,0.0,0.0,0.019081508214153366,0.016286947633089657,0.04131046782279915,0.005479812895262625,0.0,0.004063323502279033,0.0,0.0,0.0,0.0,0.0,0.0,0.016210913264834443,0.03127181318367501,0.0,0.0,0.09299447186011825,0.0,0.0,0.0,0.012634999158931454,0.0062832614094742965,0.04725277750696225,0.0,0.0,0.0,0.04320838628617854,0.0,0.0,0.0,0.0,0.0,0.0,0.0,0.0,0.0,0.0,0.0,0.0,0.0,0.0,0.0,0.0,0.0,0.0,0.0,0.0,0.0,0.002931913084802436,0.0,0.004222209645280409,0.0,0.0,0.0,0.017221942436742667,0.04032828691670042,0.04505306753237772,0.008577796904910416,0.024211818856280112,0.010492852726141755,0.1351452402638421,0.0,0.016553327476781957,8.421057339539224e-11,0.0,0.0,0.0,0.0,0.03948637115340083,0.014760992391265323,0.0,0.0,0.0,0.0,0.0,0.026592462755113216,0.0
2004-11-30,0.026114112246413107,0.025506499246121295,0.024345197803413817,0.05055084538857156,0.02852959992154241,0.0,0.027289105564127853,0.030287246352670105,0.017637540105502787,0.0,0.0,0.0,0.0021339554462479994,0.03854895266891689,0.020684275823505675,0.0,0.027578979457294886,0.0014937470249191981,0.02524546436228718,0.0,0.004206302183144785,0.019302662523832077,0.01768650150782534,0.029753468188145515,0.03076421856780227,0.0,0.021107286255361922,0.011919063808082825,0.008841324967846727,0.0,0.0,0.0,0.0,0.01965778697282681,0.0302397622812785,0.0,0.0,0.07649489736174782,0.0,0.0,0.0033028652445205183,0.0038969145943602733,0.0,0.009623332451633698,0.0,0.0,0.0,0.07684657385272886,0.0,0.0,0.0,0.0,0.0,0.0,0.0,0.0,0.0,0.0,0.0,0.0018200414103882042,0.0,0.0,0.0,0.0,0.0,0.0,0.0,0.0,0.0,0.0,0.0,0.0,0.0,0.0,0.0,0.0,0.020517105602469755,0.016619199740410436,0.0,0.017510176407650412,0.0,0.16324297116796474,0.0,0.020792800212728328,0.006962186529908133,0.0,0.0,0.0,0.0,0.005093069318786878,0.00403670600706553,0.0,0.0,0.0,9.050805523443471e-11,0.0,0.03381726133944679,0.0
2004-12-31,0.03200014985107569,0.023598670768429045,0.02593580841204746,0.052272774645199735,0.02243466567290295,0.0,0.028395537090705605,0.03570893319133771,0.008867674064727271,0.0,0.0,0.0,0.010078973347168844,0.02836306568476219,0.004432251118681593,0.0,0.030317493028141868,0.0,0.01793680103605812,0.0,0.009153936512535755,0.011499423939245357,0.019728963730084825,0.02762346939341705,0.036026198081283906,0.0,0.014908738937471607,0.006856992422348233,0.0071867160522540744,0.01893414925921852,0.0,0.0,0.0,0.0,0.03251360834189664,0.0,0.0,0.06650690150594543,0.0,0.0,0.014440267268484432,0.00418397152908438,0.0012379873567812522,0.008584726559045875,0.0,0.0,0.0,0.09395958379635597,0.0,0.0,0.0,0.0,0.0,0.0,0.0,0.0,0.0,0.0,0.0,0.0,0.0,0.0,0.0,0.0,0.0,0.0,0.0,0.0,0.0,0.007214976825480842,0.0,0.004757867383807114,0.0,0.0,0.0,0.0,0.033253241225536787,0.022683184575304237,0.0,0.03203547982829181,0.0,0.13469971665835306,0.0,0.016173948878395124,0.0016253157878916634,0.015582280003433981,0.0,0.0,0.0,0.0,0.0,0.0,0.0,0.0,8.557949508177884e-11,0.0,0.03828555615123453,0.0
2005-01-31,0.071153839149279,0.003199363957963,0.005637961052483077,0.01722571648056524,0.008451637735468694,0.0,0.0,0.0,0.0,0.0,0.0,0.0,0.015408409010511095,0.02010610947838726,0.023791018011371883,0.0,0.024154567702441652,0.002290536203146065,0.002359762278653015,0.0,0.0,0.0,0.043671349121455726,0.023452832419435236,0.011332285694194446,0.0,0.03268942155837264,0.02258239668125162,0.026217273069004707,0.04567997503688445,0.0,0.014417865984780074,0.0,0.001379728538580725,0.002858767164070492,0.0,0.0,0.0516515557872966,0.0,0.0,0.0,0.0,0.0,0.0,0.0,0.0,0.0,0.044028984164421976,0.0,0.0,0.0,0.0,0.0,0.0,0.0,0.0,0.0,0.0,0.0,0.014076050481139907,0.0,0.0,0.0,0.0,0.0,0.0,0.0,0.0,0.0,0.038158496903774465,0.007673940151715537,0.018099265023733907,0.04305889178336894,0.0,0.0,0.02115796852077304,0.031651853830517156,0.0047047670645547265,0.0,0.06054612830054039,0.0032466437458803492,0.1360762585854684,0.0,0.005996638045330086,1.1945334629511255e-10,0.009990605569702741,0.0,0.0,0.0,0.0,0.0,0.0,0.0,0.0,0.013366622001360632,0.003333367173005377,0.0751211464196623,0.0
2005-02-28,0.05927326879049589,0.014804851002799106,0.009957017799735079,0.0052658113772845365,0.023508335289694062,0.0,0.011793687699417639,0.0,0.00999612639133526,0.0,0.0,0.0,0.018666453934271295,0.03760511310597306,0.0,0.0,0.03212047823174594,0.023150601159368473,0.027281457020388887,0.0,0.018152522193364946,0.0,0.013350562847541606,0.0,0.0,0.0,0.014525058569650659,0.002659544869509346,0.032461665495939145,0.06422041994316033,0.0,0.03198542308839948,0.0,0.023466804379566115,0.017353434504364766,0.0,0.0,0.06021687599399208,0.0,0.0,0.009800441310286602,0.0,0.0,0.0,0.02825333795809564,0.0,0.0,0.0304923573203863,0.0,0.0,0.0,0.0,0.0,0.0,0.0,0.0,0.0,0.0,0.0,0.00428092491920393,0.0,0.0,0.0,0.0,0.0,0.0,0.0,0.0,0.0,0.011709990410602625,0.0,0.020626718514078796,0.029865057515215093,0.0,0.0,0.05630322685067504,0.020994654992192465,0.0,0.0,0.041902632496017785,1.1434315483045456e-10,0.08913401102067407,0.0,0.0006088677607835809,0.01050119009331264,0.004859980609612193,0.0,0.0,0.0,0.0,0.0,0.0,0.0,0.0,0.032581617944735346,0.003712830736173105,0.0525566457456139,0.0
2005-03-31,0.017365933471010734,0.016133297358280684,0.0177465663620116,0.006934507691944969,0.01359195408629234,0.0,0.005042391948100224,0.0,0.010964803567712941,0.0,0.0,0.0,0.018381229480326944,0.03661652987856664,0.0,0.0,0.03390392372719121,0.031563326034375776,0.019587399528142296,0.0,0.023004612886155823,1.3085797013418377e-10,0.020399866908146092,0.015544821894328036,0.002861449791754133,0.0,0.019109259804398832,0.0,0.02186468390599449,0.02371705430440519,0.0,0.013057056696445194,0.0,0.0,0.024710781422793725,0.0,0.0,0.07747506959160605,0.0,0.0,0.008093812808403711,0.0,0.0,0.0,0.026108575086284835,0.0,0.0,0.0021133510710294096,0.0,0.0,0.0,0.0,0.0,0.0,0.0,0.0,0.0,0.0,0.0,0.0153372051685797,0.0,0.0,0.0,0.0,0.0,0.0,0.0,0.0,0.0,0.03571660411380993,0.010473787460897017,0.0457315147434184,0.07217357440001969,0.0,0.0,0.06804131407689551,0.005267445486174267,0.0,0.0,0.037886425718139966,0.0,0.090246959458307,0.0,0.0,0.010854126686233477,0.012401728316335457,0.0,0.0,0.0,0.0,0.0,0.0,0.0,0.0,0.015458209346573748,0.007565633681100893,0.066953211906955,0.0
2005-04-30,0.0056807645187121995,0.004408566773910976,0.015717217387623703,0.02517259343396146,0.02876742016970566,0.0,0.01586569615648856,0.0,0.0054431410925523584,0.0,0.0,0.0,0.040201837097371955,0.028921675801632154,1.0721200106881014e-10,0.0,0.04818023208362606,0.020143393874384498,0.0,0.0,0.019971315963689784,0.0,0.02136135606499641,0.015156022439914527,0.016992170628099205,0.0,0.0584352029769038,0.022224419490334383,0.03731798953924991,0.027622741290416288,0.0,0.016325350023302182,0.0,0.021116287422273616,0.04150430699833424,0.0,0.0,0.062190363471419326,0.0,0.0,0.013981972004167407,0.0,0.007066477884677833,0.0,0.047397350454711426,0.0,0.0,0.0,0.004909680435137862,0.0,0.0,0.0,0.0,0.0,0.0,0.0,0.0,0.0,0.0,0.020056453989865452,0.0,0.0,0.0,0.0,0.0,0.0,0.0,0.0,0.0,0.04302296425444034,0.0,0.021778460705235276,0.030579497634774352,0.0,0.0,0.03086117087611089,0.0,0.0,0.0,0.0,0.0,0.009232331547235477,0.0,0.020116780487082774,0.040538333164572324,0.006451018154025696,0.0,0.0,0.0,0.0,0.0,0.0,0.0,0.0,0.020931457148404744,0.023851266355235486,0.060504720098207426,0.0
2005-05-31,0.0037107495220506004,0.0,0.03524017547227203,0.05599080892692907,0.0228902449704288,0.0,0.02879714748819229,0.0,0.003596103324871292,0.0,0.0,0.0,0.054762160770963186,0.016785522750860513,0.003600833721766413,0.0,0.053888716242537646,0.01506782490477504,0.012642291266320048,0.0,0.02149626660065676,1.3603445293158836e-10,0.003207975189313792,0.028764998582886562,0.010902289027018829,0.0,0.02539617327513307,0.015180365912353553,0.058324233142124565,0.034504264564464475,0.0,0.03344559287468302,0.0,0.07071450239652204,0.0692695144257179,0.0,0.0,0.04693677753325427,0.0,0.0,0.03759984092306947,0.0,0.0006683849388824146,0.0,0.057534817731661914,0.005695381355152698,0.0,0.004293720780190097,0.000874113442004837,0.0,0.0,0.0,0.0,0.0,0.0,0.0,0.0,0.0,0.0,0.005807997748563555,0.0,0.0,0.0,0.0,0.0,0.0,0.0,0.0,0.0,0.029058037347208524,0.0,0.01538329804689806,0.01121058654308067,0.0,0.0,0.01699215342217534,0.0,0.0,0.0,0.0,0.0,0.0,0.0,0.014194468967166278,0.0027978852513755818,0.0,0.0,0.0,0.0,0.0,0.0,0.0,0.0,0.0,0.0,0.03202111115866203,0.04075266932177833,0.0
2005-06-30,0.006073579138827945,0.0,0.02712982114920228,0.042825474772933136,0.031786266129578716,0.0,0.02343420724921718,0.0,0.005225343362585581,0.0,0.0,0.0,0.04960894551772343,0.02192700685151978,0.006637169887685206,0.0,0.03683341056638609,0.02162977719179803,0.015193706876979192,0.0,0.02695304066124888,0.0,0.01131666191030072,0.023105023939192212,0.03376010647975986,0.0,0.024760013912289727,0.01752776248361843,0.06618352977508982,0.03501165616536517,0.0,0.025123901924465782,0.0,0.06105892210307277,0.038467312473747226,0.0,0.0,0.03219771330445907,0.0,0.0,0.022215094310044047,0.0,0.017651457160322737,0.0,0.06349780279242634,0.025162505042876225,0.0,0.00025519062630613876,0.007592553382036272,0.0,0.0,0.0,0.0,0.0,0.0,0.0,0.0,0.0,0.0,0.0,0.0,0.0,0.0,0.0,0.0,0.0,0.0,0.0,0.0,0.02379237545743537,0.0,0.006294543393495556,0.012377922904434447,0.0,0.0,0.009048091769526326,0.0,0.0,0.0,0.0,0.0,0.0,0.0,0.007739281746624938,0.010879187373537401,0.0,0.0,0.0,0.0,1.0893481067862752e-10,0.0,0.0,0.0,0.0,0.01949721638808004,0.06110290918267845,0.029123514534194532,0.0
2005-07-31,0.0,0.0,0.022901149206054492,0.05737785907739347,0.036589097136685296,0.0,0.024009477659571322,0.0,0.004658844241310573,0.0,0.0,0.0,0.05324083045367295,0.03143196509717875,0.006587505581888792,0.0,0.027693395000579032,0.025454430902055958,0.013593711173428906,0.0,0.0214738212993342,0.0,0.004372653216969223,0.033937337845892944,0.02217471446991525,0.0,0.01579382788920259,0.01711531011907292,0.07009435082556136,0.008012418950844721,0.0,0.022771201923805977,0.0,0.07388422860525232,0.038486415759748094,0.0,0.0,0.0606042443234232,0.0,0.0019919970320745263,0.009392271491614241,0.0019538115304535324,0.00973787791229941,0.0,0.08761126722786279,0.02032261626977235,0.0,0.0,0.004790750183900061,0.0,0.0,0.0,0.0,0.0,0.0,0.0,0.0,0.0,0.0,0.0,0.0,0.0,0.0,0.0,0.0,0.0,0.0,0.0,0.0,0.0051662053897955675,0.0,0.005259995224237071,0.0061643659183457464,0.0,0.0,0.0035169644605982987,0.0,0.0,0.0,0.0,0.0,0.0,0.0,1.2600620893475043e-10,0.007133087427700002,0.0,0.0,0.0,0.0,0.0065112249914440175,0.0,0.0,0.0,0.0,0.03414279188662541,0.07809342009612455,0.025952562072303894,0.0
2005-08-31,0.00015420630408120905,0.0,0.029982120400284678,0.04658711692019704,0.03745024078356406,0.0,0.025702685085771365,9.629937020329344e-11,0.013918433189750317,0.0,0.0,0.0,0.03390063796687987,0.048338887844540664,0.018913074362671423,0.0,0.026743671871674524,0.02355022952321857,0.014079290345784977,0.0,0.0,0.0,0.013567441933973672,0.036896578728955624,0.005058151257633571,0.0,0.03598881663085625,0.009965171186911296,0.029381914363243507,0.0,0.0,0.015903336960867563,0.0,0.07627256186530332,0.03550202991672035,0.0,0.0,0.03579931480853183,0.0,0.020430654856714657,0.021183395024063675,0.023142980951588198,0.021427089401699625,0.0,0.0783462154979065,0.04197037843980017,0.0,0.0,0.017425811552578763,0.0,0.0,0.0,0.0,0.0,0.0,0.0,0.0,0.0,0.0,0.0,0.0,0.0,0.0,0.0,0.0,0.0,0.0,0.0,0.0,0.0009178026796382949,0.0,0.006869580427588837,0.009609198325011593,0.0,0.0,0.00755394381156216,0.0,0.0,0.0,0.0,0.0024980995399004223,0.0,0.0,0.008992701327777766,0.0,0.0,0.0,0.0,0.0,0.007704504626231659,0.0,0.0,0.0,0.0,0.04357886951531343,0.06115465306463991,0.013538208610269291,0.0
2005-09-30,0.0,0.0009686204553147344,0.038321537661828754,0.05573778161690039,0.02977315843879204,0.0,0.04283840781781157,0.010220804883166757,0.02377344234161872,0.0,0.0,0.0,0.049254256097516436,0.05625926957369568,0.027198165041965518,0.0,0.04283101629386122,0.02681025349785171,0.01546735063023516,0.0,0.005066643670644485,0.012416205395633283,0.016076182567126868,0.03964555982150276,0.007852432594626433,0.0,0.016257372139498547,0.004629821068064745,0.020945483525014356,0.0,0.0,0.0,0.0,0.04354992167816784,0.056664224921619114,0.0,0.0,0.04396082256890885,0.0,0.014083718949058683,0.039271794264149285,0.027950422476404595,0.03882003730516931,0.0023750643763776674,0.05665704375642273,0.039430343574473656,0.0,0.0025519347794568732,0.01779357085167595,0.0,0.0,0.0,0.0,0.0,0.0031834306327680733,0.0,0.0,0.0,0.0,0.0,0.0,0.0,0.0,0.0,0.0,0.0,0.0,0.0,0.0,0.0,0.004201882137700242,0.00620532181044623,0.0,0.0,0.0,0.0,0.0,0.0,0.0,0.0,0.0,0.0,0.0,7.364344842693363e-11,0.0,0.0,0.0,0.0,0.0,0.0,0.0,0.0,0.0,0.0,0.025510143064643012,0.028403859076291383,0.007042698569953076,0.0
2005-10-31,0.0,0.0,0.03301384949129031,0.0680432302769213,0.03010862877976739,0.0,0.04839482643994852,0.011479203895145342,0.015970515604154807,0.0,0.0,0.0,0.061998366875682276,0.03400108050084917,0.0373634064448666,0.0,0.049114042970137495,0.03775503404103029,0.011065926153091462,0.0,0.0,0.010381163720031557,0.02005538548644071,0.04221727098109607,0.00905053478078697,0.0,0.017320943746170075,0.021573209677052313,0.026002298129543303,0.0,0.0,0.0,0.0,0.0,0.042877061043759,0.0,0.0,0.04993961520360537,0.0,0.002657242060864177,0.04586571587557874,0.025890247767997268,0.029831414907918102,0.007562593862273184,0.03424907068558854,0.04243216526497722,0.0,0.0028299031193292955,0.026063990549660854,0.0,0.0,0.0,0.0,0.0,0.021232069025858148,0.0,0.0,0.0,0.0,7.5355422423247e-11,0.0,0.0,0.0,0.0,0.0,0.0,0.0,0.00423065855796076,0.0,0.0026464211769721083,0.005670441712525107,0.0028533706052027504,0.002522346837523194,0.0,0.0,0.0,0.0,0.0,0.0,0.0,0.0,0.0,0.0,0.0,0.0,0.0,0.0,0.0,0.0,0.0,0.0,0.0,0.0,0.0,0.01949656381294127,0.03644121410405081,0.009798975756052663,0.0
2005-11-30,0.0,0.0,0.022037264080495843,0.05272350591900396,0.012745042431649176,0.0,0.03059898998621205,0.012090285367689984,0.0,0.0,0.0,0.0,0.027501541084382807,0.02865478137662999,0.028684204269862148,0.0,0.011189629743269123,0.02810835648596134,0.0,0.0,0.0,0.0,0.006683396368002158,0.02847830161079241,0.00978718900920695,0.0,0.0,0.052732190385277475,0.055196174345174806,0.0,0.0,0.0,0.0,0.01873344099638106,0.032094202046204244,0.0,0.0,0.04428424079257094,0.0,0.03261602352439756,0.036947712347051,0.02210032180778446,0.03140155646145433,0.0,0.0453000875157683,0.0349641428305781,0.0,0.045936052046722055,0.025967395413482953,0.0,0.0,0.0,0.0,0.0,0.02309936949219447,0.0,0.0018269655312997564,0.004559003470724167,1.192260715474225e-10,0.013188958755670712,0.0,0.0,0.0,0.0,0.0,0.0,0.0,0.024698009740945555,0.0,0.0,0.0027542411949661593,0.0,0.011775696472470438,0.0,0.0,0.0,0.0,0.0,0.016866302455389955,0.0,0.005080774544388934,0.0,0.0,0.02787275441922822,0.0,0.0,0.0,0.0,0.0,0.006694307606119476,0.0,0.0,0.0,0.0,0.012844156176855531,0.07118343177451521,0.0,0.0
2005-12-31,0.0,0.0,0.0,0.04225183624649888,0.0,0.0,0.01623554949748682,0.0,0.0,0.0,0.0,0.0,0.004831804692751197,0.03088566651084769,0.022067785292424286,0.0,0.0,0.044370205035427296,0.0,0.0,0.0,0.0,0.0007048724951562561,0.025608519040738208,0.0006957376625255072,0.0,0.0,0.05037402626877448,0.05915200787966745,0.0,0.0,0.0,0.0,0.0,0.004594779258650694,0.0,0.0,0.04579202581506613,0.0,0.05478109448763869,0.04586736248699689,0.03683357425122639,0.010602916481652598,0.010006023767165625,0.05112083632162662,0.00702130846202663,0.0,0.11544390319494831,0.012968570613052123,0.0,0.0,0.0,0.0,0.0,0.02372701349561731,0.0048761474274320905,0.007746722943310457,0.014655718447110739,0.008752363772693955,0.017375006855439547,0.0,1.2447299114182685e-10,0.0,0.0,0.0,0.0,0.0,0.03359600256721228,0.0,0.0060713305103923,0.01889248797551128,0.0,0.022380172029030993,0.0,0.0,0.0023380375290845846,0.0,0.0,0.0471625494285615,0.0,0.017314026374812892,0.0,0.0,0.011166048843441826,0.0,0.0,0.0,0.0,0.0,0.0,0.0,0.0,0.0,0.0,0.011403799108761499,0.05349534032453197,0.006836826480232815,0.0
2006-01-31,0.0,0.0,0.0,0.029229857700922603,0.0,0.0,0.013954096627744994,0.009481739828990277,0.0,0.0,0.0,0.0,0.0,0.03960817405380101,0.026623655422631207,0.0,0.0,0.03652852788375057,0.0,0.0,0.0,0.0,0.0,0.007633428854207036,0.011330150744636424,0.0,0.0,0.04602972643483723,0.039901100158437904,0.0,0.0,0.0,0.0,0.0,1.0596618685491823e-10,0.0,0.0,0.02717423948401049,0.0,0.03918228080915936,0.023676889687171555,0.030238582226385112,0.017835393636378295,0.010619755955434258,0.04446686718249866,0.0004695956408148069,0.0,0.13641492609538491,0.02837092680310166,0.006531655872774886,0.0,0.0023544557491890603,0.0,0.0,0.024644503375621008,0.02263756300981509,0.02172132126866124,0.026327926756267397,0.02876341804354987,0.027741256134694366,0.0,0.0008464947674390824,0.0,0.0,0.0,0.0,0.0,0.04464447179308712,0.0,0.026495424551536154,0.028653417461650715,0.0,0.013365296444514055,0.0,0.0,0.0,0.0,0.0,0.021000421219601804,0.0,0.018492163054181453,0.0,0.0,0.0066791766652736975,0.0,0.0,0.0,0.0,0.0,0.0,0.0,0.0,0.0,0.0,0.00715278727579014,0.03698434072798337,0.016193990492104907,0.0
2006-02-28,0.0,0.0,0.0,0.02727173783330266,0.0,0.0,0.008898445604181177,1.058650898794581e-10,0.0,0.0,0.0,0.0,0.0,0.027089661438910447,0.03458642640394865,0.0,0.0,0.029493928462072626,0.0,0.0,0.0,0.0,0.0,0.007096519159460057,0.0,0.0,0.0,0.021075865953275517,0.002714454062145751,0.0,0.0,0.0,0.0,0.0,0.004006977397981899,0.0,0.0,0.020965042934701875,0.0,0.037747053951637306,0.027318183046837006,0.023048388866474916,0.005794834183542147,0.012069922654554413,0.03945682895533806,0.0,0.0,0.16224265856504744,0.023536880104634866,0.013336946981623955,0.0,0.02615969399880035,0.0,0.0,0.042552847505465424,0.03415335998922148,0.022580690779431336,0.019733537500342072,0.0294344944923236,0.047845898618502386,0.0,0.0035202599355947366,0.0,0.0,0.0,0.0,0.0,0.052213027101097695,0.007075258982842194,0.034480704943206555,0.03386539590979164,0.00504451790377742,0.009645138610956965,0.0,0.0,0.0009112738699845437,0.0,0.0,0.029692035494908904,0.0026189149089823967,0.039600721296560344,0.0,0.0,0.0,0.0,0.0,0.0,0.0,0.0,0.0,0.0,0.0,0.0,0.0,0.0,0.01363576442832048,0.017485707064353553,0.0
2006-03-31,0.0,0.0,0.0,0.0,0.0,0.0,0.0,0.0,0.0,0.0,0.0,0.0,0.0,0.007902780723236557,0.02403940455866277,0.0,0.0,0.03203165296681896,0.0,0.0,0.0,0.0,0.0,0.0,0.0,0.0,0.0,0.013091960837091413,0.010330326520533726,0.001303217653601734,0.0,0.0,0.0,0.0,1.223732394164348e-10,0.0,0.0,0.0,0.0,0.024962483167773886,0.0068375897172082275,0.00469067619457338,0.0,0.019659818332937673,0.006729202114297899,0.0,0.0,0.026965187299239874,0.0,0.003948577664674037,0.0,0.058397583643750715,0.0,0.0,0.009851708986732726,0.004761958500901327,0.007815121883046804,0.0,0.04498453954900555,0.058036285219347686,0.0,0.01326826729253223,0.0,0.014052996798283899,0.0,0.0,0.0,0.008870471195833255,0.0566893125107223,0.0606004523729831,0.05203602537927956,0.008359837102570914,0.022332154027099434,0.0,0.017538467913663845,0.002412798359842293,0.05919995320291261,0.024668097702164788,0.08349300039725302,0.025581682521571673,0.06232671278470305,0.0,0.0,0.02945424476057244,0.0,0.0,0.0,0.0,0.011029749043325123,0.0,0.0,0.0,0.0,0.0,0.003614869723849692,0.040836365746172526,0.037294465508856026,0.0
2006-04-30,0.0,0.0,0.0,0.0,0.0,0.0,0.0,0.0,0.0,0.0,0.0,0.0,0.0,0.0013817703795040695,0.022829633111348512,0.0,8.76820030009997e-11,0.027368104308922253,0.0,0.0,0.0,0.0,0.0,0.010757063571963365,0.0,0.0,0.0,0.0,0.0,0.0017179094094205418,0.0,0.0,0.0,0.0,0.011385117120642567,0.0,0.0,0.015419294775978103,0.0,0.02538736573500713,0.0025754525271579295,0.0,0.0,0.01574225498971799,0.0,0.0,0.0,0.021751018283955606,0.0,0.011473534590489803,0.0,0.07453648457579488,0.0,0.0,0.030422098385567715,0.035339811894625615,0.02313892771111853,0.01825825074330296,0.04370225641852977,0.04178817844495459,0.0,0.022477691529376006,0.008866136059001804,0.037226930518502455,0.0,0.0,0.0,0.02077015266355943,0.035552697051284374,0.03707281557983004,0.04961984450614944,0.016161063931981617,0.017223778823180682,0.0,0.017065455703642228,0.0,0.045900121992389215,0.026796026577636158,0.058366334813430794,0.018591937345294914,0.04002019169621142,0.0,0.0,0.023150616495787004,0.010462417693084258,0.0,0.0,0.0,0.0,0.0,0.0,0.0,0.0,0.0,0.010394144908474937,0.046475085502028286,0.022832029543471057,0.0
2006-05-31,0.0,0.0,0.0,0.0,0.005353051491072719,0.0,0.0,0.0,0.0,0.0,0.0,0.0,0.0,0.0,0.01079755366429976,0.0,0.0,0.017970647238790362,0.0,0.0,0.0,0.0,0.0,0.007914419219431834,0.0,0.0,0.0,0.0,0.0,0.0,0.0,0.0,0.0,0.0,0.0,0.0,0.0,0.001551954066471838,0.0,0.025618094383667554,0.0,0.008046901869629171,0.0,0.009043797321262934,0.0,0.0,0.0,0.016844330305335584,0.0,0.014198306735190716,0.0,0.07571813126479479,0.0,0.0,0.0021943908673929926,0.02720795433639884,0.015387433673693164,0.024791036406338667,0.04548297822990381,0.054055580480742785,0.0,0.018178560578994793,0.015007647024696246,0.03850253413694877,0.0,0.0,0.0,0.021624798287204084,0.04505635297628388,0.043490914542870386,0.04140399752149612,0.021816865105982092,0.016881894506824858,0.008296291391128531,0.025773554986314028,0.0,0.041595975229727314,0.03852726736115149,0.03432233801146318,0.04407445072764732,0.049458322808139894,6.780819895777178e-11,0.0,0.032440015619951156,0.035348848572704206,0.0,0.0,0.0,0.003810483691395106,0.0,0.0,0.0,0.0,0.0,0.002648411360135321,0.03412282442887611,0.025441089507839354,0.0
2006-06-30,0.0,0.0,0.0,0.0,0.011669635045271864,0.0,0.0,0.0,0.0,0.0,0.0,0.0,0.0,0.005447648573076552,0.019064142710483352,0.0,0.0,0.009148435930343785,0.0,0.0,0.0,0.0,0.0,0.013189221829423453,0.0,0.0,0.0,0.0,0.0,0.0,0.0,0.0031860395653407463,0.0,0.020651751377400947,0.0,0.0,0.0,0.01242888533150466,0.0,0.042066203297791246,0.0,0.03172330292269492,0.0,0.042555391293140454,0.0,0.0,0.0,0.011467484029831467,0.0,0.0013203733341509082,0.0,0.07814496103837068,0.0,0.0,0.0,0.01811542575072423,0.0,0.006130633625972573,0.02375559451408935,0.042014298621949386,0.0,0.0,0.004764447138320246,9.098681303078971e-11,0.0,0.0,0.0,0.00706387822595969,0.03894986647904465,0.033165826114802316,0.04371958642513181,0.021760445195537798,0.0,0.0313576803392828,0.04024599116401626,0.0,0.05571580268693269,0.043838798894915515,0.03130867024714473,0.05623085962320534,0.05319988442579086,0.0018459789332943026,0.0,0.022374622032304666,0.036745666917099615,0.0,0.0,0.0,0.010319077725031295,0.01981422837946224,0.0,0.0,0.0,0.0,0.0011849627136994744,0.011971816036516847,0.04234248141995955,0.0
2006-07-31,0.0,0.0008967219961484507,0.0,0.0,0.01886695822788738,0.0,0.0,0.0,0.0,0.0,0.0,0.0,0.0,0.007801172388506385,0.026009920414768368,0.0,0.00215512439752223,0.01157403498499936,0.0,0.0,0.0,0.0,0.0,0.012947169548515745,0.0,0.0,0.011005651241300967,0.0,0.0,0.0,0.0,0.0,0.0,0.0,0.0007579797648358372,0.0,0.0,0.030105051122181047,0.0,0.02268062230013485,0.0002090913506495773,0.025567861766489234,0.0,0.06087979493234626,0.0,0.0,0.0,0.0,0.0,0.0007734565276195026,0.0,0.08624324885778109,0.0,0.0,0.0,0.016007523044294758,0.0,0.005868867317619899,0.029649357068767937,0.03987659046351429,0.0,0.0,0.009389444596709854,0.0,0.0,0.0,0.0,0.0,0.04325098170609419,0.021822184626376067,0.0342896465932213,0.025699758707561703,0.0,0.02831481145474845,0.03760505883638885,0.0,0.0683977362389868,0.07266974716479621,0.01778449876204972,0.053658410894625946,0.07129471244601125,0.0,0.0,0.011518592821984665,0.01381132439075194,0.0,0.0,0.0,1.0375191667141317e-10,0.022652831009005968,0.0015766207412133714,0.0,0.0,0.0,0.011189217493209364,0.00012025586594603074,0.04507796783068323,0.0
2006-08-31,0.010081529545526805,0.015051844510482745,0.00687978704296586,0.0,0.03553968411907805,0.0,0.0,0.006597517609886381,0.0,0.0,0.0,0.0,0.0,0.0,0.02399112953079283,0.0,0.0,0.012606072523598405,0.0,0.0,0.01094171722474042,0.0012258576999262603,0.011409717490861974,0.02952881561858824,0.001957166957540794,0.0,0.0497065307260199,0.0,0.0,0.0,0.0,0.005271708841740123,0.0,0.012510833486840194,0.017116501416940468,0.0,0.0,0.039229364875559926,0.0,0.02599587556760794,0.0,0.022099625746946818,0.0,0.03680552604540599,0.0,0.0,0.0,0.0,0.0,0.0,0.0,0.11728653049716402,0.04862626657592516,0.0,0.0,0.02210292916752374,0.0,0.0,0.008426012860207215,0.04468489833504417,0.0,0.0,0.009273570993079933,0.0,0.0,0.0,0.0,0.0,0.04563530298615501,0.03150453270787047,0.028302061871377553,0.022360479151833524,0.0,0.0,1.2920409834646034e-10,0.0,0.06168903739107849,0.04318567470838457,0.0,0.02315661067878571,0.05494431023655524,0.0,0.0,0.004067588306448221,0.007227811519345552,0.0,0.0,0.0,0.0,0.02644730963025013,0.002523211070220322,0.0,0.0,0.0,0.0,0.0,0.02400905460249694,0.0
2006-09-30,0.02902664853225787,0.02539800022462112,0.0027894001633551593,0.0,0.029885788968500582,0.0,0.0,0.0,0.0,0.0,0.0,0.0,1.5248424864893355e-10,0.0,0.011890593654295924,0.0,0.0,0.011430960664039463,0.0,0.0,0.016492058821394782,0.0,0.01291296795999864,0.010841288550617072,0.0,0.0,0.08574014550237033,0.0,0.003531107954482376,0.0,0.0,0.041061717317405357,0.0,0.026150333876186253,0.0,0.0,0.0,0.040069061064218925,0.0,0.014709740465144406,0.0,0.0004217680250201892,0.0,0.026561379863349117,0.0,0.0,0.0,0.0,0.0,0.0,0.0,0.08284756784987764,0.07011836290908555,0.0,0.0,0.029941567549904072,0.0,0.0,0.0,0.014999180717311496,0.0,0.0,0.027980863825367228,0.011099124975832623,0.0,0.0,0.0,0.0,0.040559314604078994,0.01292671907045125,0.00333502108161116,0.024187863849568073,0.0,0.0,0.005995943136190258,0.0,0.05072641454524681,0.0331672491733608,0.0,0.020941139858632673,0.03477959125976911,0.010665016018505467,0.0,0.02548083398262194,0.04435495848568996,0.0,0.0,0.0,0.0,0.04096664541899185,0.0006729088778961456,0.0,0.0,0.0,0.005821961810505482,0.0,0.019518789239759606,0.0
2006-10-31,0.0307377904764058,0.04774786719573285,0.0,0.0,0.009259877038662125,0.0,0.0,0.0,0.0,0.0,0.0,0.0,0.0013596247788956537,0.0,0.0,0.0,0.00442867961589398,0.0,0.0,0.0,0.009101924575802231,0.0,0.009826929616678966,0.0,0.013417551807938868,0.0,0.09370677253240718,0.02203321947178789,0.025479406088692428,0.0,0.0,0.046311532868306776,0.0,0.04404588101539074,0.0,0.0,0.0,0.03100313640997338,0.0,0.006870380495998503,0.0,0.0,0.0,0.014619416691574037,0.0,0.0,0.0,0.0,0.0,0.0,0.0,0.03761335498028632,0.031202236950478284,0.0,0.0,0.018586099346370594,0.0,0.0,0.0,0.012299069754267951,0.0,0.0,0.017440931670255143,0.0012395377762160463,0.0,0.0,0.0,0.0,0.029936199917513784,0.0037902129760868262,0.00011416335656661064,0.006139775013983952,0.0,0.0,0.00872032851176324,0.0,0.042057253478173864,0.02139579415373619,0.0,0.03325261698935648,0.03037858038117275,0.0065847504313863,0.0,0.08347978378937984,0.05874620776477393,0.0,0.0,0.0,0.0,0.06759282281044811,0.030065841282490336,0.0,0.011161455053539838,0.0,0.027207260703173038,0.01104573207187421,1.565649051201975e-10,0.0
2006-11-30,0.04087206784930938,0.07016815738027318,0.0,0.0,0.0,0.0,0.020392877146649363,0.015391233116953626,0.0,0.0,0.0,0.0,0.015208861329952904,0.0,0.0,0.0,0.00761785975166079,0.0,0.0,0.0,0.027509060036345186,0.0,0.027599189355082366,0.0,0.03056789125704229,0.0,0.08354567584233445,0.017090021665704475,0.019529075239459282,0.0,0.0,0.046925610181250084,0.0,0.011282853385188786,0.0,0.0,0.0,0.04670894894634649,0.0,0.005191663652248974,0.0,0.0,0.0,0.023777497458023468,0.0,0.0,0.0,0.0,0.0,0.0,0.0,0.028222458678286516,0.019323530309938972,0.0,0.0,0.028183090845259207,0.0,0.0013067973613666605,0.0,0.0,0.0,0.0,0.016072352141471517,0.0,0.0,0.0,0.0,0.01845296000784509,0.028674333346925096,0.015505679933899372,0.018832250812244586,0.01951991053877272,0.007036353397046779,0.0,0.0013251084306404662,0.0,0.03631707623080585,0.02121980955063861,0.0,0.01937544894035804,0.034754800100589386,0.018309623616476704,0.0,0.045395132374038145,0.03252627456785461,0.0,0.0,0.0,0.0,0.035284358660263186,0.03475222278274108,0.0,0.010231883665478246,0.0,1.1323414779678564e-10,0.0,0.0,0.0
2006-12-31,0.05123771252319378,0.07956140113649347,0.006445250195207207,0.0,0.005319451822098213,0.0,0.02653964479385864,0.027491026574639477,0.003735040975300752,0.0,0.0,0.0,0.008019567239592365,0.0,0.0,0.0,0.0011156319445387512,0.0037296597740602046,0.0,0.0,0.0258537157519963,0.0,0.02980122603273172,0.0,0.05583183476477322,0.0,0.09235039637625966,0.04586519860610486,0.05920210304358922,0.0,0.0,0.05294923061297343,0.0,0.026014020602812615,0.0,0.0,0.0,0.03245187239538284,0.0,0.0012611806074104318,0.0,1.160239823694057e-10,0.0,0.010160095179588094,0.0,0.0,0.0,0.0,0.0,0.0,0.0,0.026159394332029393,0.0,0.0,0.0,0.003335288044322321,0.0,0.0,0.0,0.0,0.0,0.0,0.0,0.0,0.0,0.0,0.0,0.001488272283784208,0.03319405064089055,0.010562824181100126,0.0,0.0,0.009877838058190109,0.0,0.0,0.002739574989852305,0.010478252232965812,0.005352584312914864,0.0,0.00404629463278013,0.026292251084834493,0.0001439941856616832,0.0,0.05108941048257047,0.00686446514995283,0.0,0.0,0.0,0.000692798139737565,0.041049251910195095,0.08791411728389978,0.0,0.03378407698568913,0.0,0.0,0.0,0.0,0.0
2007-01-31,0.04674681289793184,0.06920749544400494,0.015823459937090254,0.0,0.0,0.0,0.018313441562078904,0.02577140174158206,0.0,0.0,0.0,0.0,0.0,0.0,0.0,0.0,0.005084545680614293,0.0068359031780914304,0.0,0.0,0.013204200001607994,0.0,0.025060888664926412,0.0,0.038041581567583936,0.0,0.08559039079289738,0.05251848867745145,0.042877124050587405,0.0,0.0,0.06383006842285077,0.0,0.0408759065302941,0.0,0.0,0.0,0.02746343499936255,0.0,0.0,0.0,0.0,0.0,0.01354893370648791,0.0,0.0,0.0,0.0,0.0,0.0,0.0,0.010440260546403282,0.0,0.0,0.006173667340723263,0.0,0.0,0.0,0.0,0.0,0.0,0.0024496252556606537,0.013287960811981882,0.0,0.0,0.0,0.0,0.0,0.016955428775747912,0.012311380508118926,0.0,0.0,0.01739299467159255,0.0,0.0,0.013732213529107659,0.005098526831020403,0.0054993075870430974,0.0,0.0,0.021474199260704634,0.01119262262240341,0.0,0.023405764598179953,0.015172361948734354,0.003601145877248722,0.0,0.0,0.024065840124580462,0.0592489258245134,0.07646727880846094,0.0,0.05286828597619357,0.007146119630579668,0.009997708078791242,1.0259016851630974e-10,0.0012243034341763357,0.0
2007-02-28,0.036021650378846845,0.05248926416151437,0.00011773254983469881,0.0,0.0,0.0,0.021393015566908456,0.03923925921768882,0.008419605405181036,0.0,0.0,0.0,0.0,0.0,0.0,0.0,0.0,0.010807776726657503,0.0173041302446748,0.0,0.0,0.0,0.0038411822807349273,0.0,0.0249545823572638,0.0,0.061723354306863,0.013331902283353165,0.0,0.0,0.0,0.059552051931543004,0.0,0.017005540882895565,0.0,0.0,0.0,0.012498556052773342,0.0,0.0,0.0,0.0,0.0,0.0,0.0,0.0,0.0,9.232899640434688e-11,0.0,0.0,0.0,0.0069197620277934085,0.005829372810207194,0.0,0.0031890110935863035,0.006765379649856555,0.0,0.0,0.0,0.0,0.0,0.023938743385077028,0.011079275988567215,0.0,0.0,0.0,0.0,0.0,0.046705066684986266,0.010419482523967603,0.0,0.0,0.03884845428367636,0.0,0.0,0.03457057928487056,0.01634889941995475,0.01925300498655231,0.0,0.0,0.03994866176172439,0.03142096254209736,0.0,0.04652328126421873,0.03885958320318533,0.003995285811439718,0.0,0.0,0.0296347591082206,0.0451865878348336,0.031865920853683845,0.0,0.0617418682956619,0.025530029673029163,0.023445338146927723,0.01928108492681971,0.0,0.0
2007-03-31,0.02415888616570085,0.018588811440794602,0.0,0.0,0.0,0.0,0.0035799150637750455,0.029438359871457452,0.0,0.0,0.0,0.0,0.0,0.0,0.0,0.0,0.0,0.0,8.119062110224373e-11,0.0,0.0,0.0,0.0010951987806661592,0.0,0.01929202385279938,0.0,0.03945437748610607,0.013209986157700533,0.0011457887699947624,0.0,0.058638673134344274,0.0814309114104768,0.0,0.03743253044124764,0.0,0.0,0.0,0.0041456875243749995,0.0,0.0,0.0,0.0,0.0015871418037007186,0.0,0.0,0.0,0.0,0.0,0.0,0.0,0.0,0.00322205501124385,0.0,0.0,0.006944516242525546,0.013202020861740537,0.0,0.0,0.0,0.0,0.0,0.032258887572749445,0.017502422138596343,0.0,0.0,0.0,0.0,0.0,0.054315061319084215,0.010136489129855429,0.0,0.0,0.03279418891428544,0.0,0.01013355895052487,0.03314609180259072,0.002505031457961544,0.001431007554109542,0.000456262429250382,0.0,0.023733147431114234,0.046808140288335166,0.0,0.024128844846718796,0.03636424136388156,0.01186396820785887,0.0,0.0,0.03025851464271989,0.02075427904623856,0.04306212059663003,0.0,0.1069368502147099,0.04157525354928987,0.03468347712467974,0.0285852773189756,0.0,0.0
2007-04-30,0.01014636013463401,0.01554478486803521,0.0,0.0,0.0,0.0,6.767365954259578e-11,0.01435184118259483,0.0,0.0,0.0,0.0,0.0,0.0,0.0,0.0,0.0,0.0006193545471588083,0.0,0.0,0.0,0.0,0.0,0.0,0.017977034609112968,0.0,0.02600478556419655,0.007355790563900096,0.0,0.0,0.07293828425672648,0.05137792727184383,0.0,0.027384166551184922,0.0,0.0,0.0,0.007107565692571236,0.0,0.0,0.0,0.0,0.00457301774278744,0.0,0.0,0.0,0.0,0.0,0.0,0.0,0.0,0.0,0.0,0.0,0.0,0.004495453400871783,0.0,0.0,0.0,0.0,0.0,0.021102940016396163,0.03190582767539739,0.0,0.0,0.0,0.0,0.010912375418406452,0.03325734367453996,0.0,0.0021767398013795864,0.006059479727826334,0.03975299418086932,0.009245912168127859,0.02476403771022058,0.0511209345971016,0.011621799402337409,0.021354954722523585,0.020736464699392918,0.0063043858190701164,0.03275753416806061,0.031602205556933875,0.0,0.020982975799663763,0.02959890957672716,0.03621308682674039,0.0,0.0,0.040532043686288016,0.02977951448984316,0.04576193421334446,0.0,0.07064450581793025,0.01771793577830386,0.04583619941942845,0.048380598599854927,0.0,0.0
2007-05-31,0.010016952727583486,0.02126065040050166,0.0,0.0,0.0,0.0,0.0023459192252029775,0.01940383541789215,0.0,0.0,0.0,0.0,0.0,0.0,0.0,0.0,0.0,0.0,0.0,0.0,0.0,0.0,0.003977918290635827,0.0,0.01340267084920731,0.0,0.02769065138915061,7.505431100676244e-11,0.0,0.0,0.07385672380387637,0.0584835111339406,0.0,0.024835660509935242,0.000787644604849536,0.0,0.0,0.019431811834390147,0.0,0.007758586093140927,0.0,0.0,0.007854759232217779,0.0,0.00782587016443469,0.0,0.0,0.0,0.0,0.0,0.0,0.0,0.0,0.0,0.0,0.0,0.0,0.0,0.0,0.0,0.0,0.0,0.0026328096252316653,0.0,0.0,0.0,0.0,0.0,0.05317281605237079,0.0,0.007143919689998613,0.0009801912636338234,0.06084736487931592,0.018179464362323084,0.008137979600701678,0.058576571714576246,0.009346070878032258,0.027156392741363996,0.04132546425222532,0.00734628093385504,0.04471901086171195,0.026734697153737996,0.0,0.008649739960739235,0.021528784226269675,0.007799052589889493,0.0,0.0,0.0517519242133749,0.03010175924369428,0.050344233918320005,0.0,0.07678044446196268,0.008889637025317188,0.027694284476967892,0.05122794012237258,0.0,0.0
2007-06-30,0.007107898523760221,0.015869821198718007,7.335948966694632e-11,0.0,0.0,0.0,0.0,0.03157788381323923,0.0,0.0,0.0,0.0,0.0,0.007457512438649641,0.0,0.0,0.0007252480635802161,0.005299181009845321,0.0,0.0,0.0,0.0,0.0024898881071288037,0.0,0.015887667240967903,0.0,0.03062275427730225,0.0,0.0,0.0,0.054249869266898815,0.017303878689780124,0.0,0.028066573077848146,0.005037314573921631,0.0,0.0,0.023889495058855934,0.0,0.0,0.0,0.0,0.018544654704960487,0.012576370546729438,0.006231163044020358,0.0,0.0,0.0,0.0,0.0,0.0,0.0,0.0,0.0,0.0,0.0,0.0,0.0,0.0,0.0,0.0,0.0,0.0,0.0,0.0,0.0,0.0,0.009773138392356833,0.07667048035369117,0.0,0.014241923829690261,0.009333326659856936,0.07391387161400652,0.02106443164560025,0.012788461812248925,0.07297344108511503,0.0,0.024199164232982125,0.036923887702948535,0.0,0.028429338607125165,0.030745135271379516,0.0,0.003700045399319752,0.02231199632273068,0.0,0.0,0.0,0.06926178918237133,0.015412392428961322,0.048282820660309915,0.0,0.0689129866947617,0.0016312733802246514,0.010166547910455582,0.06177427846875077,0.004552094635546956,0.0
2007-07-31,0.0008598222124988367,0.020830614132835944,0.004211847170931943,0.0,0.003606769387303384,0.0,0.0,0.01019906770386827,7.65602077921657e-11,0.0,0.0,0.0,0.0,0.0,0.0,0.0,0.0026047607774061757,0.015313545126813152,0.0,0.0,0.0005922493507231625,0.0,0.012847982335164945,0.0,0.014728273670987816,0.0,0.0,0.0,0.0,0.0058023540770819485,0.08362433431151038,0.017628437065713758,0.0,0.09161400840882539,0.007468396659854175,0.0,0.0,0.030571868870756882,0.0,0.013185440959494,0.0,0.0,0.03541436223333717,0.005513366117129926,0.014262698883155943,0.0,0.0,0.0,0.0,0.0,0.0,0.0,0.0,0.0,0.0,0.0,0.0,0.0,0.0,0.0,0.0,0.0,0.0,0.0,0.0,0.0,0.0,0.004409142501329454,0.07556374120487971,0.0,0.006500445410755931,0.011453132359840187,0.040952465272173895,0.01743352059245224,0.0022921580120814898,0.02871357174090386,0.0,0.0,0.017494216795297182,0.0,0.0,0.01790202586378509,0.0,0.017841239419067113,0.025316731024367736,0.0,0.0,0.0,0.06097592720787475,0.019618582686478113,0.057491911912890964,0.0,0.11630560217495282,0.0,0.0035250790387087207,0.07301704636647048,0.012313260883736795,0.0
2007-08-31,0.004080749674629323,0.01867638167718458,0.00549398290763281,0.0,0.00020125679733984996,0.0,0.0,0.0,0.0001769013551338162,0.0,0.0,0.0,0.0,0.006181062307357839,0.0006842060561524716,0.0,0.0043102145164460445,0.026167301263144354,0.0,0.0,0.0,0.0,0.0022296149799847344,0.0,0.006568694128224514,0.0,0.006864723304185598,0.0,0.0,0.0,0.03864578260460425,0.03031500430542063,0.0,0.0603981392268832,0.0,0.0,0.0,0.004744188759283983,0.0,0.027279871532616344,0.0,0.0,0.05336492842674189,0.04016566205148141,0.0007967171044486347,0.0,0.0,0.0,0.0,0.0,0.0,0.0,0.0,0.0,0.0,0.0,0.0,0.0,0.0,0.0,0.0,0.0,0.0,0.0,0.0,0.0,0.0,0.02859553359351027,0.10108977267278144,0.0016166300322653963,0.014149912787058922,0.04112355688235031,0.06287432993518971,0.009295485873565785,8.2110468845191e-11,0.011770269809773788,0.0,0.0025930201580142307,0.011757924091785062,0.0,0.0,0.03230220424328901,0.0,0.037264281077647635,0.0613978803842895,0.002602962164416629,0.0,0.0,0.06197022794241031,0.030008803823314216,0.04317141141555132,0.0,0.08671177976262043,0.0,0.0,0.022358630289159274,0.0,0.0
2007-09-30,0.009539465952230274,0.02614160639937635,0.002392177405112314,0.0,0.008617595816386502,0.0,7.549073987048693e-11,0.0,0.004917105166804233,0.0,0.0,0.0,0.009183464157314867,0.01045784148677493,0.002451580376060434,0.0,0.00014473997334994433,0.0078001362152706,0.0,0.0,0.0021735111661900443,0.0,0.0,0.0,0.010702936431456238,0.0,0.0,0.0,0.0,0.0027200038984240673,0.01050791915785999,0.0,0.0,0.014502096500062981,0.018589119943199978,0.0,0.0,0.01492719965424383,0.0,0.05604886296852214,0.0,0.0,0.08010368150933239,0.04778197961130589,0.013316562676773568,0.0,0.0,0.0,0.0,0.0,0.0,0.0,0.0,0.0,0.0,0.0,0.0,0.0,0.0,0.0,0.0,0.0,0.0,0.0,0.0,0.0,0.0,0.03005077329145691,0.08622816645863951,0.0,0.011406257711037884,0.04520917181808425,0.06151739724645408,0.010119274046711778,0.0,0.02298361013203149,0.0,0.01012197846855131,0.014383394616485717,0.0,0.0,0.042988059898460135,0.0,0.04340645936970608,0.06574164069547443,0.0032443601517425664,0.0,0.0,0.02485479213832307,0.016096210469544125,0.05855361831207796,0.0,0.08586627155389231,0.0,0.0,0.014208977079784154,0.0,0.0
2007-10-31,0.021639988670958874,0.02973175098979294,0.01880259349813243,0.0,0.023606860942171074,0.0,0.0,0.0,0.0015551669712906525,0.0,0.0,0.0,0.006515500073621577,0.030618519678738947,0.017512369120451742,0.0,0.012445591372148419,0.023032700505018593,0.0,0.0,0.011798864492211248,6.133906515313236e-11,0.008420746522726843,0.007854608506077927,0.011065827140365084,0.0,0.0,0.0,0.0001651862632884859,0.008850888874587185,0.0,0.0,0.0,0.0,0.004031001905215464,0.0,0.0,0.0,0.0,0.0529803508698827,0.006632808754849709,0.00544597515065263,0.10389529404299978,0.05971048372264546,0.0014206003443326242,0.0,0.0,0.0,0.0,0.0,0.0,0.0,0.0,0.0,0.0,0.0,0.0,0.0,0.0,0.0,0.0,0.0,0.0,0.0,0.0,0.0,0.0,0.03360640076900124,0.06680672764222682,0.006780408752459354,0.018609904248652498,0.0496803279667776,0.04029244527785098,0.0016498075668641486,0.0,0.014466729302429489,0.0,0.0,0.007892541130421791,0.0,0.0,0.031582406700702406,0.0,0.029205922715076337,0.04493291002017356,0.0,0.0,0.0,0.02692342674545041,0.019397378360494346,0.07548723166732403,0.0,0.06495175266059545,0.0,0.0,0.0,0.0,0.0
2007-11-30,0.01964603901219962,0.025243211910972854,0.007221970385964048,0.0,0.0300636303445804,0.0,0.012783750957112632,0.0,0.014630868344679563,0.0,0.0,0.0,0.00935962804378271,0.04330437505693568,0.03031902340352278,0.0,0.012440117208908403,0.043293125802793965,0.0,0.0,0.02206770252779864,0.00798984241800391,0.0016955596640250174,0.006643765117800295,0.013418581234852981,0.0,0.0,0.00849097359804334,0.006737943364601989,0.009375378614568311,0.0,0.0,0.0,0.0,0.0,0.0,0.0,0.0,0.0,0.02332238848817796,6.246793560172341e-11,0.0,0.07095623803440525,0.05457101649275938,0.0,0.0,0.0,0.0,0.0,0.0,0.0,0.002491173826871839,0.005295204153684462,0.0,0.0,0.0,0.0,0.0,0.0,0.0,0.0,0.0,0.0,0.0,0.0,0.0,0.0,0.04256145019900537,0.05554331250902945,0.020780847702306503,0.023254680750785014,0.05101309230545353,0.04942543375836913,0.0,0.0,0.012107954939362028,0.0,0.00347931863437542,0.0,0.0,0.0,0.028617446150254373,0.0,0.030618119711619988,0.03581377462441305,0.0,0.0,0.0,0.02273569154501307,0.03544315097318253,0.06109181801859365,0.0,0.04615240010872306,0.0,0.0,0.0,0.0,0.0
2007-12-31,0.023465078659450186,0.02153224887225123,0.0077780113007720935,0.0,0.04298065569096449,0.0,0.0024159163477050923,0.0,0.01718024849211798,0.0,0.0,0.0,0.011243899309866605,0.0,0.009148763786008924,0.0,0.0107968724759955,0.056552206471275214,0.0,0.0,0.019039376950308037,0.003064922891020449,0.01716280446160236,0.008837708420943415,0.01652218103309619,0.0,0.0,0.006995298544182695,0.0,0.0,0.0,0.0,0.0,0.0,0.0,0.0,0.0,0.0,0.0,0.023158118197058604,8.057918181181937e-11,0.002120610539210742,0.055197714089955593,0.044965293955556165,0.0,0.0,0.0,0.0,0.0,0.007694249772588316,0.0,0.010880576754448444,0.014718471384230282,0.0,0.0,0.0,0.0,0.0,0.0,0.0,0.0,0.0,0.002175695839913077,0.0,0.0,0.0,0.0,0.016485751045708482,0.024009826613048173,0.0,0.06203389440406005,0.028250036297539513,0.04421636288521432,0.0,0.006567783935384466,0.009900377097101756,0.0,0.0,0.0,0.01017479904316015,0.0,0.02795095382818236,0.0,0.04736448540831862,0.07336781240106485,0.0,0.0,0.0,0.015359281396462617,0.03917260688026245,0.08072327219170014,0.0,0.07879583225169101,0.0,0.0,0.0,0.0,0.0
2008-01-31,0.01956348862278744,0.01975285097846978,0.017643175225249292,7.781329693817934e-11,0.053802994808834985,0.0,0.004908773947487262,0.0,0.025929114768695274,0.0,0.0,0.0,0.016556119437107424,0.0,0.014121261794875238,0.0,0.018228786062030596,0.07219495490696319,0.0,0.0,0.014686775336620272,0.0,0.007838088060049557,0.0,0.018261434108727388,0.0,0.0,0.0,0.004225787934164664,0.0,0.0,0.0,0.0,0.0,0.0,0.0,0.0,0.0,0.0,0.024065192292899308,0.004993861826781842,0.0,0.06398386555244731,0.04212121824192394,0.007125691935578547,0.0,0.0,0.0,0.0,0.00477249819680109,0.0,0.022751544504148975,0.010405059067177867,0.0,0.0,0.0020346345073137925,0.0,0.0,0.0,0.0,0.0,0.000609961646254218,0.0,0.0,0.0,0.0,0.0,0.019140526565275474,0.004262648174772085,0.0,0.029227913337882962,0.013772619745941711,0.01948847455455222,0.0,0.0,0.010943339509480648,0.0,0.00788464387734467,0.0,0.007920618568147889,0.0,0.03145793257529804,0.0,0.05990212539734737,0.054299699132752434,0.0,0.0,0.0,0.01836494589536973,0.03284465760533262,0.09953734764217417,0.0,0.10037537357712556,0.0,0.0,0.0,0.0,0.0
2008-02-29,0.0023057501586038268,1.569875043071582e-05,0.0010713868615232546,0.012038911764583866,0.0330229573547544,0.0,0.010449069588422283,0.0,0.015695045171597824,0.0,0.0,0.0,0.007260105666048915,0.0,0.0028878414849617703,0.0,0.000391080227122988,0.10264651792957633,0.0,0.0,0.0,0.0,0.0,0.0,0.0,0.0,0.0,0.008859603265261945,0.01274409786500254,0.0,0.0,0.006528818657155713,0.0,0.0,0.0,0.0,0.0,0.0,0.0,0.0,0.0,0.0,0.02394916625152579,0.025055061967782788,0.018988084290938814,0.0,0.0,0.0,0.0,0.05347273630076972,0.0,0.07142519513797156,0.02019979718842872,0.0,0.005952853046869977,0.045455369795140615,0.0,0.0,0.0,0.0014656955040997562,0.0,0.03216675300876465,0.0071268113794541055,0.02297121578594987,1.1052768571291276e-10,0.0,0.0,0.006249763755587853,0.001457413863145178,0.0,0.03058428249320698,0.024100476242803294,0.021703030563790852,0.0,0.0,0.008499965760864944,0.0,0.006802790792466007,0.0,0.0,0.0,0.008093824531202175,0.0,0.03595314348328038,0.032852557789619645,0.0,0.0,0.0,0.0,0.040798075200345854,0.11957651119874826,0.0,0.1191825398116682,0.0,0.0,0.0,0.0,0.0
2008-03-31,0.0,0.0,0.0,0.03418401832678877,0.03120872452492732,0.0,0.02156281766988767,0.014772604277077174,0.025783102717886846,0.0,0.0,0.0,0.01747942342621773,0.0,0.002412519812426126,0.0,0.007433366412287994,0.07933825448672654,0.0,0.0,0.0,0.0,0.0,0.0,0.007188429632466023,0.0,0.0,0.013884465232886953,0.01710773063854992,0.0,0.0,0.0,0.0,0.0,0.0,0.0,0.0,0.0,0.0,0.0,9.451234927889932e-11,0.0,0.00601979226672135,0.026245369507346034,0.020288962784307047,0.0,0.0,0.0,0.0,0.031616675259219525,0.0,0.06800431393654784,0.019824879762456653,0.0,0.016079610934696374,0.06221748790446705,0.0,0.0,0.0,0.00915245851516793,0.0,0.043901183619679957,0.00977138832924933,0.0198144255654973,0.0036170253493100993,0.0,0.0,0.004722209165836388,0.005755390249167148,0.0,0.027304575404106607,0.008465496224145892,0.02854703196831073,0.0,0.005430230069088294,0.030014246504498143,0.0,0.024324303571629707,0.0,0.0,0.0,0.01023766320645495,0.0,0.009795460844773838,0.016819865560734736,0.0,0.0,0.0,0.0,0.029600102940219118,0.11630725439438565,0.0,0.07376713890934083,0.0,0.0,0.0,0.0,0.0
2008-04-30,0.0,0.0,0.0,0.044265659126032426,0.02929726830028298,0.0,0.03666902700871058,0.03169802308937961,0.03890739005637932,0.0,0.0,0.0,0.024609030129251586,0.0,0.0024076461191357367,0.0,0.005765992922436842,0.04008269365028685,0.004600101965123842,0.0,0.0,0.0,0.0,0.0,0.0,0.0,0.0,0.008130457482866128,0.01715246966731086,0.0,0.0,0.0,0.0,0.0,0.0,0.0,0.0,0.0,0.0,0.0,0.006415089574063134,0.0,0.0,0.016226583204676816,0.04944659281614006,0.010289449956593725,0.0,0.012008657087535232,0.01247649009034859,0.007031653364713136,0.0,0.05027508926938071,0.004223911175321991,0.0,0.014771037940913572,0.03714235027444754,0.0,0.0,0.0,0.0,0.0,0.03348331935391616,0.022600422056806808,0.0,0.0,0.0,0.0,0.0,0.0,0.0,0.02606652601009555,8.504283159220374e-11,0.023636240570705628,0.0,0.01907828084553651,0.04925251021614719,0.03434253217696112,0.046902752007967806,0.008513523514765758,0.0,0.0,0.029240019821363223,0.0,0.015020321669983213,0.01114934847117373,0.0,0.0,0.0,0.0015391519449230507,0.03090991231383427,0.09639742608166989,0.0,0.04797504858777612,0.0,0.0,0.0,0.0,0.0
2008-05-31,0.0,0.0,0.0,0.052312537112620065,0.03685400427373778,0.0,0.03808570206875829,0.03829186061895387,0.05211915492113165,0.0,0.0,0.0,0.030382471590034238,0.0,0.005708213666453378,0.0,0.010866481715162345,0.05902886804683437,0.0010003129797325455,0.0,0.0,0.0,0.0012213040920314498,0.003141436947301982,0.000583607213549603,0.0,0.0,0.0,0.010975924485858967,0.0,0.0,0.007867738058119557,0.0,0.0,0.0,0.0,0.0,0.0,0.0,0.0,0.015505981176056846,0.0,0.0,0.017746886388132,0.06769316647147,0.01303139171788523,0.0,0.0,0.011929300128745386,0.0,0.0,0.020131873839598073,0.0,0.0,0.0,0.015016910375512463,0.0,0.0,0.0,0.0,0.0,0.015529837280788534,0.006614904465347166,0.0,0.0,0.0,0.0,0.005102439406521985,0.0,0.0,0.03468566466287741,0.004282728843458885,0.025084634939370333,0.0,0.018166287799210007,0.0553288929403304,0.03060436015899024,0.04128177239087536,9.566508943800914e-11,0.0,0.0,0.0180919745550412,0.0,0.020777907702340948,0.0031213013847702026,0.0,0.0,0.0,0.012181593569550769,0.0383651211791135,0.1050159094905761,0.0,0.05626954124749184,0.0,0.0,0.0,0.0,0.0
2008-06-30,0.0,0.0002745025015606749,0.0,0.045830481103235655,0.037857115888052725,0.0,0.03148680165324958,0.0451017925764222,0.034428293603861994,0.0,0.0,0.0,0.051700933565612915,0.008390394104293219,0.024465274147878927,0.0,0.004858598217573959,0.056650779823294306,0.02500100506645013,0.0,0.0,0.0,0.0037191000628914264,0.003925672030701624,0.0030926709786529205,0.0,0.0009912025189715925,0.0005045760091561197,0.01732605637612953,0.0,0.0,0.0,0.0,0.0,0.0,0.0,0.0,0.0,0.0,0.0,0.016950127357915554,0.0,9.620396201489809e-11,0.008712344733246771,0.0894675537652435,0.02638235064913007,0.0,0.0,0.02780604388669633,0.0,0.0,0.02684503141663268,0.0,0.0,0.0,0.007932254426271382,0.0,0.0,0.0,0.0,0.0,0.0019044687797016204,0.0,0.0,0.0,0.0,0.0,0.0,0.0,0.0,0.01995226056359206,0.0,0.0008540619930590541,0.0,0.026467959550166988,0.07873685841404728,0.0171013873618144,0.04112696674798661,0.011052258933011596,0.0,0.0,0.016392234289269374,0.0,0.013233309169244206,0.0,0.0,0.0,0.0,0.019001273741760763,0.040422530030943954,0.07308854226705558,0.0,0.040964931599016784,0.0,0.0,0.0,0.0,0.0
2008-07-31,0.0,0.01060789786404814,0.010091913385351932,0.027848614015112617,0.02600165651226307,0.0,0.023991975010873936,0.04594761630674379,0.024219237186155252,0.0,0.0,0.0,0.03361418256219431,0.008962517748970245,0.0004424095141672343,0.0,0.0,0.028099501999960055,0.014562410880962589,0.0,0.0,0.0,0.00811090349229598,0.006350436614574614,0.008606480336966933,0.0,0.0,0.0,0.0,0.0,0.0,0.0,0.0,0.0,0.0,0.0,0.0,0.0,0.0,0.005195245237174632,0.029591665863643014,0.0,0.011360007812392077,0.016211321251611205,0.11328818644455205,0.06050355745321517,0.0,0.02189188593918598,0.06162093584838125,0.0,0.0,0.02133230917076698,0.0,0.0,0.0,0.007155190914286602,0.0,0.0009013926976978175,0.0,0.0,0.0,8.202184199313675e-11,0.0,0.0,0.0,0.0,0.0,0.0,0.0,0.0,0.018205686162731768,0.0,0.0,0.0,0.007929819937453848,0.08667144739331652,0.020364593765978534,0.04085213406384855,0.027851163173942102,0.0,0.0,0.018674066390350703,0.0,0.014016313194760408,7.450227907850399e-05,0.0,0.0,0.0,0.005448561918883287,0.03384753019052238,0.054628388905980145,0.0,0.044926340477583794,0.0,0.0,0.0,0.0,0.0
2008-08-31,0.0,0.0,0.004907301412093844,0.016688868844763016,0.016531450404906518,0.0,0.015681333309709267,0.019565348235068857,0.015374343318435804,0.0,0.0,0.0,0.013826959856459849,0.014494858110769811,0.012227878925212208,0.0,1.1477111825415161e-10,0.012563793248072903,0.044603194244534475,0.0,0.0,0.0,0.0,0.0039136344036642765,0.0,0.0,0.00047475804470447226,0.0,0.029137672801947494,0.0,0.0,0.00030984242649914975,0.0,0.0,0.0,0.0,0.0,0.0,0.0,0.010017169693688465,0.025232190907949734,0.004452715900846643,0.014808217776245814,0.009861913474212908,0.0768096118426904,0.05031412121320418,0.0,0.04712477733091421,0.0338832199421099,0.0,0.0,0.011766328535034296,0.0,0.0,0.02832090866664098,0.0030604236730474134,0.0,0.0023476780589474413,0.0,0.02552294559577922,0.0,0.0,0.0,0.0,0.0,0.0,0.0,0.0,0.0,0.022406253244175837,0.0,0.0,0.0,0.0,0.003895018015500183,0.12092467972722414,0.0,0.02718512675194122,0.02593227286530527,0.0,0.0,0.021599540837117962,0.0,0.024263749697940037,0.0,0.0,0.0,0.0,0.0,0.05246718627369095,0.060013024694794456,0.0,0.07748968757938533,0.0,0.0,0.0,0.0,0.0
2008-09-30,0.0,1.395273801344789e-10,0.001779651148748183,0.026571768731466126,0.015487732303705915,0.0,0.02918240700953436,0.01892410968205152,0.018109517659762927,0.0,0.0,0.0,0.02625050738064687,0.02496476060738775,0.015159954266935574,0.0,0.0017509480568059827,0.002794177848051867,0.05085549332319809,0.0,0.0,0.0,0.0,0.015150660381411428,0.0,0.0,0.01037964445552155,0.0,0.02129461018494096,0.0,0.0,0.0,0.0,0.0,0.0,0.0,0.0,0.0,0.0,0.005522248393276491,0.03261163628750954,0.00888122350365367,0.010507843411354805,0.009563446176324503,0.06601023479263875,0.06563836771787707,0.0,0.0705369094434381,0.044716980729798274,0.0,0.0,0.01533702553452224,0.0,0.0,0.03059940923943387,0.001731795936364618,0.0,0.0,0.0,0.012078147623011161,0.0,0.0,0.0,0.0,0.0,0.0,0.0,0.0,0.0,0.02977898259206183,0.001000758514600226,0.011652892418412646,0.0,0.0,0.0,0.10932802036619924,0.0,0.0,0.017536789222481697,0.0,0.0,0.013341395472516058,0.0,0.015584947576451683,0.0,0.0,0.0,0.0,0.0,0.07080010057869111,0.020354337736289925,0.0,0.052594561975456866,0.0,0.005636001577939247,0.0,0.0,0.0
2008-10-31,1.8029224618236615e-10,0.030724045207737215,0.01329273091917336,0.030835233061342684,0.03695081536702455,0.0,0.0401163534811713,0.021201616502466082,0.04264062700892395,0.0,0.0,0.0,0.029659368216448552,0.03615931607507297,0.015945952157217974,0.0,0.006169995983981076,0.003937026921220124,0.11644210185334568,0.0,0.0009324518879511632,0.0,0.0,0.01969510630118178,0.0,0.0,0.0,0.011831714458245131,0.0230945844512864,0.0,0.0,0.0,0.0,0.0,0.0,0.0,0.0,0.0,0.0,0.03438968268974207,0.025339206283053358,0.017787743204537663,0.007744289691670896,0.030429633961540144,0.041009957346549615,0.03269070146537442,0.0,0.06594282545860844,0.018093522024455935,0.0,0.0,0.01072255636937976,0.0,0.0,0.07008389205655526,0.0,0.0,0.020224417788393553,0.0,0.015485746066018689,0.0,0.0,0.0,0.0,0.0,0.0,0.0,0.0,0.0,0.015380758061726176,0.0,0.0,0.0,0.0,0.0,0.03122472202078796,0.0,0.0,0.0,0.0,0.0,0.0,0.0,0.003933297725239013,0.0,0.0,0.0,0.0,0.0,0.023615504187330705,0.006434512376436707,0.0,0.013729637060053933,0.008122181856762303,0.023027961099729904,0.004958211171971262,0.0,0.0
2008-11-30,0.013793227140638633,0.042319094248361326,0.001964210869459109,0.026446758722172503,0.02112887660265071,0.0,0.03682496160334667,0.020776830326322545,0.02533197840445382,0.0,0.0,0.0,0.010929734070565782,0.03679158722329618,0.007852728244555353,0.0,0.0,0.000523987335362299,0.15465450702369837,0.0,0.02720432272295223,0.020195194464362166,0.0029351938855975857,0.02116397277304273,0.0,0.0,0.0,0.0,0.02593532496635428,0.013322392192028392,0.0,0.0,0.0,0.036012928544882694,0.0,0.0,0.0,0.0,0.0,0.011720044474797117,0.0071084657251239275,0.004603758652161859,0.008372714300054795,0.01743230586383922,0.0446836223337387,0.019599460568087118,0.0,0.053807362919947824,0.008353702307661482,0.0,0.0,2.8196653873286317e-10,0.0,0.0,0.06564704894459217,0.0,0.0,0.0,0.0,0.027208303282259948,0.0,0.0,0.0,0.0,0.0,0.0,0.0,0.0,0.0,0.0,0.0,0.0,0.0,0.0,0.0,0.029002683516675405,0.0,0.0,0.0,0.0,0.0,0.0,0.0,0.0233791784565463,0.0,0.0,0.0,0.0,0.0,0.03634774443516786,0.009399778177138758,0.0,0.021225748832743807,0.007531842397856259,0.04176217510375648,0.01670624806178105,0.0,0.0
2008-12-31,0.05883874456931264,0.05820212001078853,0.01436465267736045,0.02667698659364587,0.021958626999757473,0.0,0.011056180986195771,0.020190754417272753,0.006785550241544274,0.0,0.0,0.0,0.0,0.020989836741310216,0.004373445581498883,0.0,0.0,0.0,0.129010394718276,0.0,0.023718439281972356,0.030884365768858738,0.0014568301248099956,0.004172613233352609,0.0,0.0,0.0,0.0,0.0,0.013691122994289207,0.0,0.0,0.0,0.0,0.0,0.0,0.0,0.0,0.0,0.00791433629793804,0.0,0.00286108836419477,0.007918730254747378,0.0,0.010392068563044967,0.00469412284655793,0.0,0.013663198393430855,0.004238171212980735,0.033694052310997605,0.0,0.025808670753258375,0.0,0.0,0.12991512379613482,0.03635474881935958,0.0,0.026163983813130627,0.006355570624410156,0.05287949944776549,0.0,0.0,0.0,0.0,0.0,0.005740615150423877,0.0,0.0,0.0,0.0,0.0,0.007108134284843609,0.0,0.0,0.0,0.020066679275956775,0.0,0.0,0.0,0.0,0.0,0.0,0.0,0.0,0.0,0.0,0.0,0.0,0.0,0.03378493168683852,0.004600541251428862,0.0,0.017605025182631857,2.3542476295314843e-10,0.06085497342903522,0.03932706302036408,0.0016880060448552724,0.0
2009-01-31,0.01993182916929488,0.013006370483707834,0.0,0.005467542247684014,0.018660188501354022,0.0,0.0,0.005887799447759519,0.0,0.0,0.0,0.0,0.0,0.005594209798804111,0.0,0.0,0.0,0.004694184128925541,0.08594761365887121,0.0,0.0,0.0,0.0,0.0,0.0,0.0,0.0,0.0,0.011999210481221774,0.02119540382789437,0.0,0.0,0.0,0.0016533343852266349,0.0,0.0,0.0,0.0,0.0,0.0,0.0,0.0,0.0,0.0,0.0,0.0027328135975442382,0.0,0.03474167147315258,0.0,0.04895015084306107,0.0,0.04401668899424004,0.03140738881240933,0.0539334618942048,0.1375824774362971,0.05440687186654612,0.03510342078677841,0.04969376691549017,0.029575620635517715,0.06715855495879137,0.0,0.01360211838090555,0.0,0.0011678929778457308,0.021350373241084287,0.012599974930200252,0.0,0.0,0.0,0.00014442386827978466,0.0,0.002122040113187345,0.0,0.0,1.635024840432026e-10,0.014042725108477958,0.016283609724722186,0.005518342310778228,0.0,0.0,0.0,0.0,0.0,0.0,0.0,0.0,0.0,0.0,0.0,0.019100332363002657,0.0012995850205318213,0.0,0.002809755537354994,0.0,0.06029688956871976,0.04226161500270326,0.003614234880925854,0.0004455124630009654
2009-02-28,0.022096939160793715,0.0,0.0,0.011319866881421399,0.00289173765298075,0.0,0.0,0.01004610347304052,0.0,0.0,0.0,0.0,0.0,0.0,0.0,0.0,0.0,0.006261328939560807,0.05168804118868675,0.0,0.0,0.0,0.0,0.0,0.0,0.0,0.0,0.0,0.0017091709713334842,0.04958656448471845,0.0,0.00032699928004534387,0.0,0.026218128013234275,0.0005642606550624237,0.0,0.0,0.01698331889752459,0.0,0.0,0.0,0.0,0.0,0.004916786103783633,0.0,0.0,0.0,0.01618131665932079,0.0,0.04670721506900626,0.0,0.04528491765091138,0.03514855233473771,0.058477492052975956,0.13078342768116438,0.05462199642430536,0.042880109653538286,0.06290927367153612,0.043833544344777764,0.06003153957906832,0.0,0.021950007283724773,0.0018315796271445907,1.7619310680878232e-10,0.02632122073744831,0.022608123947728005,0.0,0.0,0.0,0.0015823486265135348,0.0,0.0,0.0,0.0,0.006857135086803037,0.01178439041161206,0.01409182968982793,0.006826115806163657,0.0,0.0,0.0,0.0,0.0,0.0,0.0,0.0,0.0,0.0,0.0,0.008361606205007064,0.005340800319829973,0.0,0.004121514321678201,0.0,0.027430646080331002,0.021878304632282353,0.0,0.01754574622418391
2009-03-31,0.006500223061273961,0.0,0.0,0.0,1.6178896968046411e-10,0.0,0.0,0.0,0.0,0.0,0.0,0.0,0.0,0.0,0.00588751057834292,0.0,0.0,0.013119407372992813,0.01399668029593573,0.0,0.0,0.0,0.0,0.0,0.0,0.0,0.0,0.0,0.0,0.06182979084224581,0.02474004997051098,0.007134022350652945,0.0,0.04667117333304617,0.007609334554412128,0.0,0.0,0.027696883987442158,0.0,0.0,0.0,0.0,0.0021779152076977807,0.0,0.0,0.0,0.0,0.004419013967288045,0.0,0.04439453488921916,0.0,0.041681021157652556,0.03795108539577311,0.05089114949955309,0.09386350558247325,0.03917208252770447,0.050700409046455626,0.061788467905044275,0.045128407157903117,0.07258421186470053,0.0,0.014598597794495247,0.0,0.008482084391311543,0.021829784333856062,0.029832796553996996,0.0,0.005626869163468373,0.0,0.0012749068218160505,0.0,0.0,0.0,0.0,0.00602687782439436,0.012188022820192775,0.00826789692445696,0.0051794351038811385,0.0,0.0,0.0,0.0,0.0,0.0,0.0,0.0,0.0,0.0,0.0,0.0026894116534142104,0.011060086270008882,0.0,0.022319187629001258,0.002952740162755972,0.03699781862200812,0.03152890726696566,0.0,0.01920769595386677
2009-04-30,0.013995151465452604,0.018069594046688384,0.0,0.0,0.008794805935062003,0.0,0.0,0.00747150622211568,0.0,0.0,0.0,0.0,0.0,0.003192538106859643,0.0,0.0,0.009143804369797018,0.013936560197325391,0.0,0.0,0.0,0.0,0.0,0.0,0.0,0.0,0.0,0.0,0.0,0.07418651361425747,0.018096548727705768,0.0,0.0,0.019049351962404294,1.7445236716143495e-10,0.0,0.0,0.026449962850423326,0.0,0.0,0.0,0.0,0.0,0.0066265302296176255,0.0,0.0,0.0,0.0,0.0,0.04743696887294986,0.0,0.05725471728689191,0.03530667370599043,0.05720720244409641,0.08743450457976715,0.0530700896155684,0.06727024822443278,0.05534583267415536,0.05172430430869023,0.05316754269319095,0.0,0.01689543586740237,0.0,0.0041279784715505755,0.013058543631332244,0.026215796995938997,0.0,0.007072847845136644,0.017827838243002256,0.006170477437100836,0.0021904854764098203,0.01116197065617482,0.0,0.0,0.0,0.0019628424305099257,0.02032906886367814,0.0,0.0,0.0,0.0,0.0,0.0,0.0077517647760785196,0.0,0.0,0.0,0.0,0.010891022403891651,0.0,0.0,0.0,0.009751057061930527,0.0,0.024621470243595147,0.02129142166966161,0.0,0.01444902561871083
2009-05-31,0.0,0.0,0.0,0.0,0.0,0.0,0.0,0.013043871528211883,0.0,0.0,0.0,0.0,0.0,0.0,0.0,0.0,0.0,0.00889533820287262,0.0,0.0,0.0,0.0,0.0,0.0,0.0,0.0,0.0,0.0,0.0,0.05576248058052171,0.04057267466734231,0.0010754574215816788,0.0,0.03472240103792843,0.0,0.0,0.0,0.0014888957087776753,0.0,0.0,0.0,0.0,0.0,0.0,0.0,0.0,0.0,0.01458868994482405,0.0,0.03752253909504852,0.0,0.030688512176333716,0.02862050565639474,0.06147628650892939,0.058440574930462376,0.04601365647061547,0.07317083162426961,0.06289724667147095,0.07417791343507646,0.07473647396528928,0.0,0.008155617255828689,0.0,0.032737129772156426,0.0,0.01857950318396868,0.0,0.0,0.015304203934993434,0.011193187890219437,0.0,0.0025645391001242546,0.0008854458806991213,0.0,2.3679804655258707e-10,0.0,0.0220951499160453,0.0064951771443381165,0.009285334186531703,0.004881894080629094,0.018905403901713278,0.0,0.0,0.01708273602622352,0.00629853768091525,0.015921696387247927,0.0,0.0,0.017950440995966793,0.0,0.0,0.0,0.0,0.005378115286422728,0.004451094435979338,0.005698348760924205,0.02249351516624292,0.03574857915008078
2009-06-30,0.0,0.0,0.0,0.0,0.0032062848697671713,0.0,0.0,0.006776183370548833,0.0,0.0,0.0,0.0,0.0,0.0,0.0,0.0,0.001617891875836776,0.01366144116074728,0.0,0.0,0.00022683504275118255,0.01858477640689115,0.010606336323543334,0.0,0.0,0.0,0.0,0.0,1.9128325515246273e-10,0.06600108008236741,0.05262649035044776,0.02967889131788204,0.0,0.04773440226357791,0.0,0.0,0.0,0.0,0.0,0.0,0.0,0.0,0.0,0.0,0.0,0.0,0.0,0.0,0.0,0.03894827466952967,0.0,0.01811601099932732,0.024772104784398067,0.06325589063882334,0.038875551836924906,0.030370264342605147,0.09031159252281176,0.035888658231421365,0.053566048970646735,0.054306507143517146,0.0,0.013366803741962658,0.0,0.006783841784748909,0.010422477673097187,0.0027299876971116225,0.0,0.00674249770288183,0.024405692807506502,0.0,0.0,0.022466311676418507,0.013303408198511049,0.0,0.0,0.0,0.024397613785549603,0.0012115224789489734,0.010413009367866453,0.0009362913985153874,0.028159629744422886,0.0,0.0,0.01564463623534288,0.003799724531506388,0.0,0.0,0.0,0.0,0.019303504639528197,0.0,0.0,0.0,0.0,0.0,0.0,0.03426984785062139,0.06251168128981005
2009-07-31,0.0,0.0,0.0,0.0,0.01721625989897863,0.0,0.0,0.0,0.0,0.0,0.0,0.0,0.0,0.0,0.010092197102030388,0.0,0.004565837045253661,0.031627334179796227,0.0,0.0,0.0,0.0,0.0,0.0,0.0,0.0,0.0,0.0,0.0,0.0,0.026875382037478024,0.004986221383406409,0.0,0.00831608384646746,0.0,0.0,0.0,0.0,0.0,0.0,0.0,0.0,0.0,0.0,0.0,0.0,0.0,0.0,0.0,0.034801292600779105,0.0,0.03593187564275306,0.03968313424192793,0.04471124508787229,0.02275811585878281,0.03572277462058708,0.05887212509091918,0.02213065248987676,0.05131613169615669,0.05190461120637691,0.0,0.02322217548794632,0.0,0.025863014813581366,0.02437188908536217,0.03449188145761206,0.0,0.03307460399677225,0.028250117904820217,0.010774290567674608,0.0,0.031277455750426536,0.020390949172993895,0.0,0.0,0.0,0.002573089817421534,0.00652531529707416,0.02938992166221499,0.002718718443995409,0.01338940886152083,0.010015732590246143,0.0,0.0070455922444533775,0.005988684764838458,0.0,0.0,0.0,0.02280636537291039,0.0029296433354027763,1.3288052561479545e-10,0.0,0.0032504720046138596,0.0,0.0,0.0,0.034426488114219056,0.1257129150915766
2009-08-31,0.0,0.0,0.0,0.0,0.01617120946690235,0.0,0.0,0.0,0.0,0.0,0.0,0.0,0.0,0.01042663120163411,0.009757679280908371,0.0,0.004048130181417725,0.04140873670938178,0.0,0.0,0.0,0.0,0.0,0.01311646822399097,0.0,0.0,0.0,0.0,0.020285525547132456,0.0,0.04955919201544304,0.031856568605555045,0.0,0.034116827626253766,0.0,0.0,0.0,0.0,0.0,0.0,0.0,0.0,0.0,0.018129333957913805,0.00504623108395134,0.0,0.0,0.0,0.0,0.0,0.0,0.005955881151083049,0.031146864250671633,0.0395429864181948,0.0,1.0215482219861482e-10,0.026714931038188495,0.0,0.010579246271492395,0.028572535740361,0.0,0.000273401584565849,0.0,0.022990169746424084,0.006619775816639065,0.010251189839804487,0.0,0.04799740108830004,0.03634350333244819,0.0747469316213975,0.02748963500919579,0.02450747038298888,0.023914807716847095,0.0,0.0,0.0,0.0031461143461268444,0.025102374237481788,0.018450246180151307,0.0,0.0,0.009427043691619036,0.0,0.017360517534724926,0.026412219481259942,0.0,0.0,0.0,0.024602396607924723,0.0,0.01529509612634075,0.0,0.010210114230979967,0.0,0.0,0.0,0.018500746403477524,0.15992386614867135
2009-09-30,0.0,0.0,0.0,0.0,0.007276009334805482,0.0,0.0,0.006132099248740693,0.0,0.0,0.0,0.0,0.0,0.011141774018772482,0.01579540144934299,0.0,0.0,0.023806777297481322,0.0,0.0,0.0,0.0046123323902003575,0.0,0.022627277882130533,0.0,0.0,0.0015813203781276752,0.0,0.003925302640365523,0.0,0.05435597207500265,0.038290293122580005,0.0,0.0373284995148882,0.0,0.0,0.0,1.3250531876815638e-10,0.0,0.009711431685153277,0.0026854551840457953,0.0,0.013325776758767994,0.05427881085216453,0.015028796926743321,0.0,0.0,0.0,0.005428718100920997,0.0,0.0,0.0,0.0011649698870750136,0.017213813984884873,0.0,0.0,0.0063415899736107995,0.0,0.0,0.0,0.0,0.0,0.0,0.015467555891204866,0.0,0.01942771838149987,0.0,0.06558654206800736,0.038588499017526784,0.08440931050181523,0.03991673388712872,0.021028907200108814,0.026277689452838024,0.0,0.0,0.0,0.0,0.00586023107052818,0.037448260622727846,0.0,0.0,0.006466330151834,0.0,0.01703883966044188,0.026189051468812032,0.0,0.0,0.0,0.02405070365730301,0.0,0.002068626470826847,0.0,0.02357269742988348,0.0,0.0,0.0,0.02003714032873774,0.17451273990046545
2009-10-31,0.0,0.0,0.0,0.0,0.019679922323926673,0.0,0.0,0.0,0.0,0.0,0.0,0.0,1.1999363665769345e-10,0.027598554249948157,0.016016462183802028,0.0,0.0,0.017127325816930463,0.0,0.037175575901130666,0.0003715803837889797,0.019582061866393115,0.0019852419577170775,0.014216166324280759,0.0,0.0,0.0,0.0,0.0,0.0,0.03531742243753385,0.02049672127962172,0.0,0.004821627424301628,0.0,0.0,0.0,0.0,0.0,0.0073357909784038155,0.008896421246269338,0.0,0.010368993194282042,0.020675240489672602,0.02106717271395236,0.005832823530788828,0.0,0.0,0.014569912201752345,0.0,0.0,0.0,0.0,0.0,0.0,0.0,0.0,0.0,0.0,0.0,0.0,0.0,0.0,0.05032566910508624,0.0,0.0019916107131408884,0.0,0.06505100008560322,0.06498519896194467,0.12411925617686563,0.04128722949529934,0.04292615683351733,0.01769865542106876,0.008625535390715637,0.010690253029408535,0.0,0.0,0.0,0.0320653865189329,0.0,0.005601286053046694,0.006869813772567097,0.0,0.012040635858399122,0.023574118307618935,0.01295599807502987,0.0,0.0,0.02160771697986637,0.0,0.0,0.0,0.029633151882773327,0.0,0.0,0.0,0.020179116506733742,0.10463719420789153
2009-11-30,0.0,0.0,0.0,0.003031432636570101,0.017910751016824402,0.0,0.0,0.016726013904472,0.008424955115860923,0.0,0.0,0.0,0.00048312731471619134,0.021369098852298027,0.0,0.0,0.0,0.008257347610516825,0.0,0.0274222189776887,0.0076618992400598225,0.027539347158237703,0.0,0.01643030851022644,0.007840730193281827,0.0,0.02128364366888314,0.0,0.0,0.0,0.005411045318216932,0.006986973118430326,0.0,0.0,0.0,0.0,0.0,0.0,0.0,0.02147973094250823,0.024145762796323418,0.0,1.024776099020995e-10,0.023020847683547445,0.0,0.010836986132839012,0.0,0.0,0.01836940869201632,0.0,0.0,0.0,0.0,0.0,0.0,0.0,0.0,0.0,0.0,0.0,0.0,0.0,0.017107920297392092,0.038552930811260294,0.0,0.00047530626945660605,0.0,0.06356216858573961,0.06767042447830357,0.13946517118566165,0.0082320251375535,0.043129102831764084,0.04282223027323005,0.02294460984403118,0.026745837447482695,0.02895497337728204,0.0,0.0,0.0,0.0,0.0,0.00946457349594096,0.0,0.007067042083502286,0.020701999834011678,0.026490257515003182,0.0,0.0,0.04753883983425334,0.0,0.0,0.0,0.0,0.0,0.0,0.0,0.02536038275449073,0.06908257495764517
2009-12-31,0.0,0.0,0.0,0.0,0.0139142895278672,0.0,0.0,0.0,0.0,0.0,0.0,0.0,0.0,0.006040795424729625,0.0,0.0,0.0,0.023568012582853005,0.0,0.015479219588499583,0.007812616010422246,0.021626831925596186,1.0961801672985425e-10,0.03319558238280482,0.019615535889862746,0.0,0.036754243630037695,0.0056802047061844255,0.02580359373890887,0.0,0.01406988505340333,0.02426323216254126,0.0,0.020291709794049765,0.0,0.0,0.0,0.0,0.0,0.01366234484792434,0.03843507342195006,0.0,0.0,0.012856481432879586,0.002688817966868733,0.0009291293904807083,0.0,0.0,0.011313782454554316,0.0,0.0,0.0,0.0,0.0,0.0,0.0,0.0,0.0,0.0,0.0,0.0,0.0,0.028576602604334287,0.028494719754378683,0.0,0.030225581908972614,0.0,0.07031425730597488,0.04487180395792574,0.11169260347935209,0.012191225357215668,0.026814960352699126,0.06800483590461506,0.0011065520166200437,0.048194345479738485,0.03424161078325813,0.0,0.0018923582216929969,0.0,0.0,0.0,0.023034133434522826,0.0,0.0,0.009590156625997085,0.027030621246763413,0.0,0.0,0.006506891916768512,0.0,0.0,0.0,0.0,0.0,0.0,0.0,0.006975348968366543,0.07224000863876737
2010-01-31,0.0,0.0,0.0,0.012096862741082057,0.034078960066150965,0.0,0.0,0.0,0.0036161822707207617,0.0,0.0,0.0,0.00023037154972219612,0.007558339399849316,0.0,0.0,0.0,0.009782584191117355,0.009744266613122554,0.00857420547462146,0.018735538181884934,0.03135519505108354,0.019156705554610902,0.03952421683043539,0.014958136582175144,0.0,0.044103556873787614,0.024479281494863846,0.047428956215547595,0.0,1.2219642825324389e-10,0.03922803547410837,0.0,0.014870981118759563,0.0,0.0,0.0,0.0,0.0,0.010122460557585321,0.013554160876453994,0.0,0.014500965511909296,0.034761918230664865,0.0,0.0,0.0,0.0,0.0,0.0,0.0,0.0,0.027582516837708477,0.0,0.0,0.0,0.0,0.0,0.0,0.01918039293037593,0.0,0.0,0.015545323540439597,0.0,0.043935442310398136,0.077962077995111,0.0,0.055830312598722974,0.038593764245501296,0.038330966780567924,0.013460767185640784,0.032553727996796435,0.0434631935030041,0.015608542601481307,0.043636329656043936,0.02507294591818793,0.0,0.0,0.0,0.0,0.0,0.037464588339868106,0.0,0.0,0.0,0.0,0.0,0.0,0.0,0.0,0.0008020935805904826,0.0,0.0,0.0,0.0,0.0,0.0,0.0185151329971081
2010-02-28,0.0,0.010350032981013665,0.0,0.016380685418318948,0.03231052394649062,0.0,0.0,0.0,0.008514840321040407,0.0,0.0,0.0,0.0,0.0,0.0,0.0,0.0,0.0,0.010403361025236557,0.009272744973228143,0.0,0.03042419170707278,0.0,0.0,0.025674719827056405,0.0,0.07030168774569387,0.0036386116520225713,0.04170413486987641,0.0,0.051491113597137636,0.06529659329606675,0.0,0.05960852790408822,0.0,0.0,0.0,0.0,0.0,0.007890589494196557,0.02999906585823499,0.004117043340059224,0.0,0.030575686295746935,0.009909672912667577,0.0,0.0,0.0,0.006943361474783745,0.0,0.0,0.0,0.012792524981877718,0.0,0.0,0.0,0.0,0.0,0.0,0.002035844310774608,0.0,0.0,0.0,0.0,0.0006315935670873289,0.13511431075681066,0.0,0.011624102000787355,0.022021212663906175,0.04272358493261842,0.017955639664602546,0.030828247134078862,0.03857122606612382,0.029651032134955943,0.024565152951303987,0.028757360202901393,0.0,0.0,0.0,0.003904352787830488,0.0,2.1001973595941445e-10,0.0,0.0,0.018689514581164662,0.014802047017127283,0.0,0.0,0.014745042011024095,0.0,0.0,0.0,0.015724612127108187,0.010055411257864712,0.0,0.0,0.0,0.0
2010-03-31,0.0,0.0024340904307716496,0.004778015229646677,0.02893013120816009,0.014588481283992412,0.0,0.003281581527647354,0.001436847843767958,0.03694207428506416,0.0,0.0,0.0,0.00297410230917665,0.0,0.0,0.0,0.0,0.0,0.010076666788010445,0.0,0.0,0.004233184008654146,0.0,0.0,0.03240924641866142,0.0,0.08498504456857099,0.014078344198125103,0.027350472334993596,0.0,0.03161102631309437,0.06384690574671223,0.0,0.04510642409700146,0.0,0.0,0.0,0.014611987272126424,0.0,0.0,0.02803068994717815,0.003344737223553995,0.010492393350917093,0.039199987176396334,0.0,0.0,0.0,0.0,0.0008332173846781285,0.0,0.0,0.0,0.03267159717719271,0.0,0.0,0.0,0.0,0.0,0.0,0.005900939618547236,0.0,0.0,0.010024470403591692,0.0,1.451792188597454e-10,0.12308719838683728,0.0,0.01936014000727492,0.016634451213616414,0.02244937686201342,0.02135089575619774,0.018986335805853044,0.04070548346094218,0.0,0.003248402767002407,0.07721246673806864,0.0,0.0,0.0,0.00830729851481481,0.0,0.0,0.0,0.0,0.0,0.0055942171294113855,0.0,0.0,0.0,0.0,0.0,0.0,0.0814755661806549,0.007415508885901212,0.0,0.0,0.0,0.0
2010-04-30,0.0,0.018593143024003004,0.016689863769754874,0.014753125568005452,0.017979680304383412,0.0,0.0,0.0,0.0074341463954046595,0.0,0.0,0.0,0.0,1.3235943600468317e-10,0.0,0.0,0.0,0.0,0.009102132991978833,0.0,0.004138385247497365,0.017907187861175056,0.0,0.0,0.04116994854785048,0.0,0.05869868274900443,0.033821805319395375,0.02749112675194998,0.0,0.015496851027909762,0.041056317345435314,0.0,0.023223936191246,0.0,0.0,0.0,0.011698535655769766,0.0,0.010037721794834033,0.024767133375972174,0.0,0.0,0.04597816614642804,0.0,0.0,0.0,0.0,0.0,0.00019399856818786822,0.0,0.0,0.03070786989746039,0.0,0.0,0.0,0.0,0.0,0.0,0.016595167306100736,0.0,0.0,0.009560416243354559,0.0,0.0003946930460412571,0.11253007523889422,0.0,0.01852912925574478,0.006580262284812651,0.00443547484986074,0.027373961106719216,0.02611599974054488,0.05132271369530491,0.0,0.000966092466431421,0.09924427470224016,0.0,0.0,0.024138101600407257,0.06041212013648567,0.04449442962657612,0.0,0.0,0.0,0.0,0.0,0.0,0.0,0.0,0.009479084064991183,0.0,0.0,0.0050985902410635225,0.011789655728421002,0.0,0.0,0.0,0.0
2010-05-31,0.0,0.026563099860557052,0.02715947209489787,0.042147699318602724,0.015685868736527376,0.0,0.0,0.0,0.0013161911392634668,0.0,0.0,0.0,0.0,0.007006831140862311,0.0,0.0,0.004387817524604916,0.0,0.0,0.0,6.210977900953377e-06,0.0,0.0,0.0,0.05623492189842984,0.0,0.07437032990555997,0.005844679095069981,0.028217488622754732,0.004674760658138674,0.04445590994609991,0.05406617238265683,0.0,0.03768972452154936,0.0,0.0,0.0,0.0,0.0,0.023862061778325203,0.02446351105956216,0.02451772681801037,0.0,0.026307422848288898,0.0019632344316852304,0.0,0.0,0.019387405451352015,1.1480613708253526e-10,0.010266415623303594,0.0,0.0,0.03278730500906321,0.0,0.0,0.0,0.0,0.0,0.0,0.023617359144302606,0.0,0.0,0.013721217311444664,0.0,0.0167148230433154,0.04770277236734022,0.0,0.0,0.0,0.005136970638364786,0.006184408844165657,0.0,0.04207725551747739,0.0,0.0,0.0678942456542923,0.0,0.0,0.012534135166228318,0.06843140696271,0.03225118245426645,0.0,0.0,0.0,0.0,0.017722394974303238,0.0,0.0,0.017509225143567717,0.014940434144002408,0.0,0.0,0.0,0.020179907676346143,0.0,0.0,0.0,0.0
2010-06-30,0.0,0.019226263497500232,0.0301701543461516,0.036213891513825945,0.01486489801349899,0.0,0.0,0.0,0.0,0.0,0.0,0.0,1.3995792665100394e-10,0.002897054605597026,0.0,0.0,0.0,0.0,0.0,0.0,0.0,0.0,0.0,0.0,0.020335772281098913,0.0,0.049181396426687424,0.016626024963716738,0.03909814177118645,0.0,0.033037540278635646,0.05843872213434199,0.0,0.08110238945549615,0.0,0.0,0.0,0.00030495094822514994,0.0,0.0,0.0,0.0,0.0,0.014328474964643656,0.0,0.0,0.0,0.006630708489411034,0.0,0.025197520507801097,0.0,0.0,0.0444775773264565,0.01739960136006395,0.011482974691300182,0.0,0.002324688496650569,0.0,0.0,0.06345783101985913,0.0,0.008442437255366227,0.009550821568998637,0.0,0.04565229465652408,0.03830201558227767,0.0,0.000726097390958804,0.0,0.013167377947347193,0.008632387911206118,0.0,0.022475725807350192,0.0,0.004446549428393265,0.05264911910476994,0.0,0.0,0.009829638876002793,0.08785586729033956,0.050534008703786645,0.0,0.0,0.0,0.0,0.0021581837837812974,0.0,0.0,0.024518695899694833,0.009779011497353763,0.0,0.0,0.0,0.022571959641725186,0.0,0.001911230422017485,0.0,0.0
2010-07-31,0.0,0.0,1.2111132093369037e-10,0.027100546349766958,0.006965323070773431,0.0,0.0,0.0,0.0,0.0,0.0,0.0,0.007376230855052729,0.0045890824046316515,0.0,0.0,0.0,0.0,0.013205361306831332,0.027719586453922734,0.0,0.0,0.0,0.0,0.0,0.0,0.03751027308400916,0.026363948065233386,0.04596417984736412,0.01339593981328027,0.047554973101949775,0.06908451034774854,0.0,0.06871187851332379,0.00133139959033753,0.0,0.0,0.0,0.0,0.0,0.0,0.0,0.0,0.0003859704497448969,0.0,0.0,0.0,0.04382844475103122,0.0,0.04875795874539453,0.0,0.013293066587483854,0.060920316740844804,0.06029251468114264,0.011427887217637791,0.0,0.02258315272594014,0.008526132058043078,0.0074337468394408655,0.08332403879281947,0.0,0.02480383724493381,0.01351312396754092,0.0,0.035090748715963,0.026434221844578627,0.0,0.0,0.0,0.0018276383696300895,0.0,0.0,0.0,0.0,0.0010812527609180918,0.021227155440535987,0.0,0.00011907223480585213,4.855612803245561e-06,0.05918613569707402,0.0325262165832442,0.0,0.0,0.0,0.0,0.0025934796359970325,0.0,0.0,0.0,0.018794924171685254,0.0,0.0,0.0,0.0,0.0,0.005150875205429735,0.0,0.0
2010-08-31,0.0,0.0,0.015564061239381116,0.018480778577426863,0.0,0.0,0.0,0.0,0.0014493937875537128,0.0,0.0,0.0,0.01477185299708413,0.004776439770679743,0.0,0.0,0.003984602159750847,0.0,0.017756494373549,0.06435668685128904,0.0,0.0,0.0,0.0,0.0,0.0,0.038849305801947655,0.02814148902111144,0.03718127837046913,0.0338301221845114,0.06234922286513381,0.09819030493383199,0.0,0.12059457243790044,0.012257292059463496,0.0,0.0,0.011877980191271169,0.0,0.0,0.0036325158608431552,0.019607147451284786,0.0,0.020805420962092903,0.013866522159879173,0.009521938742207525,0.0,0.06886883720935334,0.0,0.0054744534596830215,0.0,0.0,0.01748698946704376,0.0346348699570658,0.0,0.0,0.0,0.0,0.0,0.03164794095055079,0.0,0.0,0.0,0.0,0.011873727087435898,0.0023050695075837856,0.0,0.0,0.0,0.0018010566485470111,0.0030670707570898824,0.0,0.0,0.0,0.0035699187543238695,0.019151418109637698,0.0,0.0,0.0,0.06227980706888801,0.0365234934647311,0.0,0.0,0.014916575024981504,0.0,1.2957686303180048e-10,0.0,0.0,0.0,0.018204897919370404,0.0,0.0,0.0,0.014520268322824187,0.0,0.0018281833626504573,0.0,0.0
2010-09-30,0.0,0.005041131097066106,0.01620831443023451,0.0,0.0,0.0,0.0,0.0,0.0,0.0,0.0,0.0,0.0,0.0,0.0,0.0,0.0,0.0,0.0,0.10843476685878739,0.0,0.0,0.0,0.0,0.0,0.0,0.005400616064292994,0.02020317260768217,0.03397675286076447,0.007119150463486039,0.06461412630954186,0.08306009075127298,0.0,0.09280220042088358,0.0,0.0,0.0,0.011763515608605774,0.0,0.0,0.0,0.0011072592776787714,0.0,0.016360830618485082,0.0,0.003185145925009194,0.0,0.06270241007303719,0.0,0.042529287415541545,0.0,0.027417970382741026,0.05767370225883254,0.034944446192624705,0.012867411810928106,0.0,0.015847184369278858,0.00727333920098606,0.019789675190199387,0.04101832831996727,0.0,0.012289879180414886,0.0030757615423259482,0.003015551996053292,0.02548609706362289,0.029971135956456528,0.0,0.0,0.0018620231013555507,0.002999136692261288,0.0012972467767596763,0.0,0.0,0.0,0.0,0.030771139917157565,0.0,0.0,0.0,0.02684551346192535,1.3355545850129904e-10,0.0,0.0,0.024159167364618223,0.0,0.0,0.0,0.0,0.0,0.02575166263805718,0.00570774530276855,0.0,0.009421183920514083,0.006005926444226029,0.0,0.0,0.0,0.0
2010-10-31,0.0,0.010647143458055702,0.015427904892917057,0.0,0.0,0.0,0.0,0.0,0.0,0.0,0.0,0.0,0.0,0.00025493517566616756,0.0,0.0,0.0,0.0,0.0,0.08701587303130283,0.005132927163053339,0.0,0.0,0.0,0.0,0.0,1.0924341349004069e-10,0.023483898898142137,0.03560690434633864,0.0,0.0378314379603572,0.07186822030549656,0.0,0.08027701773290767,0.0,0.0,0.0,0.004793700883168169,0.0,0.0,0.0016871008994486338,0.0,0.0,0.017411405800805566,0.0,0.0,0.0,0.03813001173244242,0.0,0.03278899317752009,0.0,0.02107625652123416,0.0655079987451647,0.03704681436806942,0.005986056233435653,0.005383533986336584,0.024563244955154693,0.02050211998955113,0.031109847326217473,0.03603476743899561,0.0,0.025566795281475086,0.006381883447826943,0.018883700405379653,0.06338096308210085,0.020092092249448093,0.0,0.010594860926636387,0.023046309337679875,0.007212284355787474,0.0087455448876724,0.0,0.008451255026213585,0.0,0.0,0.023443705510243846,0.0,0.0,0.0,0.012351978362237028,0.0,0.0,0.0,0.02365829965516106,0.0018833375517342643,0.0,0.0,0.0,0.0,0.03673887478937845,0.0,0.0,0.0,0.0,0.0,0.0,0.0,0.0
2010-11-30,0.0,0.010507687021509704,0.019564402747627028,0.0,0.0,0.0,0.0,0.0,0.0,0.0,0.0,0.0,0.0,0.0,0.0,0.0,0.0,0.0,0.0,0.10167598943753695,0.012953463390303744,0.0,0.0,0.0,0.0,0.0,0.006490378315501677,0.012657086576741361,0.04038482494740012,0.0,0.041957608865028605,0.07162072609926262,0.0,0.06590596616976022,0.0,0.0,0.0,0.027990704082343762,0.0,1.0708706013889973e-10,0.0,0.0,0.006121116398481054,0.014547501423096302,0.0,0.008732571629322007,0.0,0.043052471402853607,0.0,0.007424009823645933,0.0,0.01894727074376004,0.05981642360494331,0.05407296691218552,0.0,0.0,0.023918403592526085,0.02536825729547829,0.03404215160052768,0.007018827885352092,0.0,0.03304084069895705,0.0009947879498682715,0.015066476339368503,0.0734075267517762,0.03654398085868095,0.0,0.006405919464061782,0.02684098411736642,0.001245825582802264,0.008779093863607068,0.0,0.0017161125574889132,0.0,0.0,0.0,0.0,0.0,0.0,0.005664075146416247,0.00011276323639815697,0.0,0.0,0.024443819794002317,0.019760876275548674,0.0,0.0,0.0,0.0,0.028971922548209527,0.0022341847431729582,0.0,0.0,0.0,0.0,0.0,0.0,0.0
2010-12-31,0.0,0.0,0.009390504872116562,0.0,0.0,0.0,0.00021526036141506652,0.0,0.0,0.0,0.0,0.0,0.0,0.0,0.0,1.0072730632393655e-10,0.0,0.0,0.0,0.032869652607640916,0.0,0.0,0.0,0.0,0.0,0.0,0.005094216963784721,0.0,0.02625361909743075,0.014795209320530151,0.03365651614434494,0.04140259768194286,0.0,0.031504676739666775,0.0,0.0,0.0,0.03307786428806357,0.0,0.005465982675956923,0.0071422522885119175,0.0,0.0257194831037202,0.012150600422888765,0.012705372118767355,0.01969339080361757,0.0,0.08787996169522974,0.0,0.0009037654612893867,0.0,0.028869332667030297,0.09165741714595224,0.03282404255886789,0.0,0.0,0.01976822678245621,0.015888421937651515,0.0305736844651236,0.02940940703492201,0.0,0.044698214888035284,0.030489646934067555,0.026990669478822008,0.11742854813401678,0.03351866245843274,0.0,0.0013076045394211232,0.01426182560435292,0.0,0.0,0.0,0.0,0.0,0.0,0.0,0.0,0.0,0.0,0.0,0.0,0.0,0.0,0.003336354255905958,0.007507236848344215,0.0,0.0,0.0,0.00034322840109105273,0.027729865268270516,0.0,0.0,0.005913258313908322,0.0,0.0,0.0,0.011448556683624588,0.026114868852057684
2011-01-31,0.0,0.0,0.0,0.0,0.0,0.0,0.0055883801082624515,0.0,0.0009158822184704527,0.0,0.0,0.0,0.0,0.0,0.0,0.0,0.0,0.0,0.0,0.04272623731565882,0.0,0.0,0.0,0.0,0.0,0.0,1.1040995759787572e-10,0.0,0.026258069281084914,0.0,0.02123695224967446,0.022775210220877442,0.0,0.02341704990992308,0.0,0.0,0.0,0.06187448106173268,0.0,0.0,0.008909969607947611,0.0,0.023195352154691245,0.008053187178800136,0.0077933798458093536,0.014926869264700483,0.0,0.0421097724469928,0.0,0.0,0.0,0.0022619818338629727,0.06925653781485562,0.012292337407838414,0.0,0.0,0.008809259576925133,0.026583890627764162,0.03980766652582581,0.008070288866977873,0.0,0.03829010365113694,0.03603855318949174,0.020416524672977124,0.12724173982116346,0.07442979663112084,0.0,0.02556195470448859,0.03289210471897295,0.021298651391439667,0.016554107672084088,0.006728239007047385,0.0,0.0,0.0,0.0,0.0,0.0,0.0,0.0,0.0,0.0,0.0,0.0038317971594365547,0.005170187707587454,0.0,0.0,0.0,0.006797711304128406,0.019919859965511138,0.012239200173383313,0.0,0.02101437466610202,0.0,0.0,0.0,0.0357400097680131,0.01897232816682947
2011-02-28,0.030769931285313867,0.0028655152322500815,0.009314789929569103,0.0,0.0,0.0,0.027263528941953174,0.0,0.003954050878975044,0.0,0.0,0.0,0.0,0.0,0.0004139197306793127,0.0003253362736650022,0.0,0.0,1.4681475979521915e-10,0.030659753576532053,0.0066845952296415365,0.0,0.0,0.0,0.007773756359046693,0.0,0.017567888774308968,0.0,0.069288286724884,0.025561846774427147,0.03135473011205128,0.045402719058228666,0.0,0.02929766218056354,0.0,0.0,0.0,0.1039181123839808,0.0,0.01913456568642085,0.04305579417708693,0.024218922401278337,0.05369289914577142,0.02805207975129657,0.03183705266545044,0.021896756618587403,0.0,0.055267128447749836,0.0,0.0,0.0,0.0,0.005107871489899785,0.0,0.0,0.0,0.0,0.0,0.0,0.0,0.0,0.0,0.0033147641881763035,0.007291458629973099,0.09791052179553426,0.0275874615860313,0.0,0.0055693356373800965,0.011225743392144105,0.021207278014900677,0.008447624846691874,0.0,0.0,0.0,0.0,0.0,0.0,0.0,0.0,0.0,0.0,0.0,0.0,0.0,0.0,0.0,0.0,0.0,0.006459621236773945,0.0025297469700034892,0.014939826749236784,0.0,0.031940836708588265,0.0,0.0,0.0,0.036896286268139275,0.0
2011-03-31,0.043118827440836824,0.024137615994569095,0.019561328176285926,0.0,0.0,0.0,0.02314773722706877,0.0,0.005908068550153608,0.0,0.0,0.0,0.0,0.010641782149028988,0.014497587208493284,0.011125520911254771,0.0,0.0,0.0,0.0,0.0,0.0,0.0,0.0,0.02385439270293289,0.0,0.023151988952254746,0.0,0.04016529866619665,0.04818757709692251,0.0,0.0,0.0,0.002830512505841725,0.005327196483470494,0.0,0.0,0.10796969780696104,0.0,0.008755151681501325,0.027521745851719594,0.0,0.07637528538446642,0.023038474244698213,0.038895767555868335,0.042542374611083955,0.0,0.013378942718432197,0.0,0.0,0.0,0.0,0.010992459082249917,0.0,0.0,0.0,0.0,0.0,0.0,0.0,0.0,0.0,0.00321331523637085,0.012013206701890867,0.10230276347848487,0.054173434170616555,0.0,0.007030726977867796,0.0,0.0006752827107464854,0.0,0.0,0.0,0.003996428832706165,0.0024207571276278184,0.032224486354353696,0.0,0.0,0.0,0.0,0.0,0.0,0.0,0.0,0.005467113046368589,1.3434608712831084e-10,0.0,0.0,0.011957737402785261,0.007513601352397966,0.031563496153321165,0.0,0.03052062204915499,0.014219919033766532,0.0,0.0,0.035581776234902995,0.0
2011-04-30,0.027870496441135345,0.01490592395078882,0.00937896989566399,0.0,0.008364285747853565,0.0,0.032641762421181136,0.02876716320237818,0.003456604383792657,0.0,0.0,0.0,0.0,0.012326185926876076,0.0,0.00854495769576064,0.0,0.0,0.0,0.0,0.0,0.0,0.0,0.0,0.026406390795239397,0.0,0.020385414334820558,0.0,0.04594430009065869,0.0317995178886199,0.011558637025899293,0.0,0.0,0.0,0.041022777587089436,0.0,0.0,0.10844434999946487,0.0,0.00781926808349006,0.013105031362892039,0.0,0.041856491316610595,0.004416764802334517,0.0384977630323067,0.023270010491371576,0.0,0.03142496514914658,0.015865797823565,0.0,0.0,0.0,0.032348873103749856,0.0,0.0,0.0,0.0,0.003972689390479016,0.00027604781264462615,0.0,0.0,0.0029868583416232386,0.006220635948722949,0.042204598373886314,0.16625208682444656,0.06331365489035,0.0,9.856960540989481e-11,0.0,0.0,0.0,0.0,0.0,0.008203311401566042,0.007238138891451244,0.021066495121501775,0.0,0.0,0.00424949750489206,0.0,0.0,0.0,0.0,0.0,0.0,0.0,0.0,0.0,0.012995151539839196,0.017747842744174434,0.0,0.0,0.0028502885631634493,0.0,0.0,0.0,0.0,0.0
2011-05-31,0.029043433062812964,0.01322774920959607,0.011526858639588558,0.0,0.028330361741904665,0.0,0.027958080957437494,0.047774354226093836,0.009072427538492215,0.0,0.0,0.0,0.0,0.0037272947266305282,0.00658533069792257,0.004415875705068196,9.719213582245518e-11,0.0,0.0,0.0,0.003976331405372719,0.0,0.0,0.005510297533530654,0.03987020939496856,0.0,0.04165482823139249,0.0,0.042320816663595696,0.04023756680808003,0.008853302670962088,0.0,0.0,0.0,0.031198352088940565,0.0,0.0,0.08881462318582803,0.0,0.009442942311173999,0.013144778251286413,0.021728763568410647,0.030650129529630223,0.0,0.035475215206962056,0.040827786667135955,0.0,0.03482431826404193,0.03528630104300096,0.0,0.0,0.0,0.0,0.0,0.0,0.0,0.0,0.0,0.0,0.0,0.0,0.0,0.0,0.001903540299798936,0.1047517216508914,0.02433702202630409,0.0,0.0,0.0,0.0,0.0,0.004714275248630197,0.0,0.006161190754796674,0.011469771714586208,0.0,0.0,0.0,0.0,0.015503529032842227,0.014780116628357721,0.0,0.0,0.0,0.0,0.015093049870041631,0.0,0.04810904017178672,0.029471407420488763,0.018227005754423094,0.0,0.0,0.0,0.0,0.0,0.0,0.0,0.0
2011-06-30,0.032626822358841345,0.011618078686004544,0.0071838166040883765,0.0,0.018410608062474236,0.0,0.00983918157828384,0.052997687560693965,0.0057495024867818675,0.0,0.0,0.0,0.0,0.0002537658064045066,0.0007358587022510787,0.006987047626596312,0.005994745717098737,0.0,0.0,0.0,0.0,0.0,0.0,0.0018949828348473682,0.04872269924747308,0.0,0.06166467951393888,0.012898389127487657,0.1358340557559409,0.08621963277204098,7.932816249864475e-11,0.0,0.0,0.0,0.0273868008593855,0.0,0.0,0.09334173477945963,0.0,0.012989411270591883,0.01878722888279971,0.026383902635038838,0.01829106383294088,0.000771306943572079,0.024798618300291893,0.0350502749869313,0.0,0.014903809142422382,0.015698978509943704,0.0,0.0,0.0,0.0,0.0,0.0,0.0,0.0,0.0,0.0,0.0,0.0,0.0,0.0,0.0,0.04966086885586304,0.013470194024846146,0.0,0.0,0.0,0.0,0.0,0.0,0.0,0.005008874788876738,0.0,0.00765627526564755,0.0,0.0,0.0,0.02187490219136633,0.004160788359952157,0.0,0.0,0.0039040965266375236,0.0,0.0,0.0,0.05763567728640903,0.027535044357818783,0.005862386330789831,0.0,0.0,0.015196207347839193,0.0,0.0,0.0,0.0,0.0
2011-07-31,0.025315897755949848,0.019231732547633593,0.016561673679185526,0.0,0.02410065289664305,0.0,0.007040016129721807,0.11014716859462886,0.009725323059673387,0.0,0.0,0.012035496121606707,0.0,0.0,0.0018783393008717695,0.02709972811107871,0.0019448915736361208,0.0,0.0,0.0,0.0,0.0,0.0,0.0011401020436170404,0.03663788527188358,0.0,0.06546795417470055,0.0189174756717325,0.044889647679581965,0.03499898248649696,0.012621320393881013,0.0,0.0,0.0,0.021396367281507383,0.0,0.0,0.10619940726510177,0.0,0.0058436585655082095,0.03795214650523162,0.022192319794262255,0.021459670862981655,0.00586156998922388,0.03735855554977082,0.03467348246926678,0.0,0.017471374660710522,0.0,0.0,0.0,0.0,0.0,0.0,0.0,0.0,0.0,0.0,0.0,0.0,0.0,0.0,0.0,0.0,0.03098073207718296,0.0028526863204407114,0.0,0.0,0.0,0.0,0.0,0.0,0.0,8.577492031179652e-11,0.0,0.028329906974826038,0.0,0.0,0.002208004104878388,0.05223305277616919,0.0,0.0,0.0,0.018060917091857767,0.0034259849754892527,0.0,0.0,0.023229658729039964,0.03931787563065856,0.009572064898537817,0.0,0.0,0.0,0.009626275899056489,0.0,0.0,0.0,0.0
2011-08-31,0.013347438220435399,0.035032778343292756,0.016531008987000106,0.00141117025586289,8.834522386310766e-11,0.0,0.0,0.10771677891922023,0.009004073945143461,0.0,0.0,0.0,0.0,0.0,0.0,0.03234542121372449,0.008204363701434042,0.0,0.0,0.0,0.017864552981613473,0.0011101230772667075,0.00034848819062075636,0.013213354040124994,0.041038902890614945,0.0,0.06196393484747913,0.022681923770790164,0.05148829266196038,0.011256890702010334,0.0,0.0,0.0,0.001516056748337523,0.01442001396232557,0.0,0.0,0.12003110573430077,0.0,0.0036010783057219805,0.03725797633584714,0.02397170118420572,0.016054204398655576,0.0,0.0425881390368061,0.0593569708397583,0.0,0.0,0.0,0.0,0.0,0.0,0.0,0.006780851012182243,0.010934057425632809,0.0,0.0,0.00011553339149262977,0.0,0.0,0.0,0.0,0.0,0.0,0.018371555069017647,0.008112346666504523,0.0,0.0,0.0,0.0,0.0,0.0,0.0,0.0,0.0,0.028147298126144246,0.0,0.0,0.0,0.05263317564548778,0.0,0.0,0.0,0.020696490679348534,0.0,0.0,0.0,0.02043913748264548,0.047587330382560605,0.0075657147841808655,0.0,0.0,0.01017800311404297,0.005081762837861486,0.0,0.0,0.0,0.0
2011-09-30,0.006236610759815647,0.022286250315707943,0.004826003781631395,0.0026965290755824804,0.0,0.0,0.0,0.1772704819554437,0.0,0.0,0.0,0.0,0.0,0.0,0.0,0.016623300818789395,0.0025810392360333025,0.0,0.0,0.004097084114140874,0.006637513766406605,0.0,0.0,0.008160520732238483,0.016064464531351474,0.0,0.08253812749411797,0.034985715501589826,0.08575524779016098,0.016101635409002505,0.00366550250868405,0.014902965550939477,0.0,0.004045453816263534,0.0,0.0,0.0,0.12164791245735365,0.0,0.0,0.0105416647499186,0.008136869700154672,0.0,1.1213602024917367e-10,0.02129446345281547,0.014073029905256825,0.0,0.03360702280876539,0.0,0.004820272327380016,0.0,0.0,0.0010876215056472268,0.032951826372085664,0.050550989788660565,0.0,0.0,0.006942905252582338,0.0,0.0008194510002968472,0.0,0.0,0.0,0.003212358402098123,0.03244232293584161,0.024618163467533115,0.0,0.0,0.0,0.0,0.0,0.0,0.0,0.0,0.0,0.011182219292096071,0.0,0.0,0.0,0.03917563406204773,0.0,0.0,0.0,0.012214353969809293,0.0,0.0,0.0,0.001762366269688181,0.018963241760704536,0.0,0.0,0.0,0.04048086324922848,0.0,0.0,0.0,0.0,0.0
2011-10-31,0.007019913466567187,0.024447675355526152,0.008363092954126567,0.0,0.0,0.0,0.0,0.08073746670065252,0.0,0.0,0.0,0.0,0.0,0.0,0.0,0.010919251018316785,0.0005930864568606709,0.0,0.0,0.019857841293682368,0.0064141826874423045,0.0,0.0,0.013687415569133391,0.014053721906597065,0.0,0.054918911374471746,0.05536528075899922,0.07415663319514113,0.01380141763194225,0.013026058385545521,0.010278091639147788,0.0,0.0,0.0,0.0,0.0,0.033355614362885394,0.0,0.0,0.0,0.0,0.0,0.0,0.0,0.003982415004393135,0.0,0.020921132758060356,0.0,0.05478016311637767,0.0,0.011366530056223956,0.022230232708372034,0.05537669133933149,0.06617063790508541,0.0064202189746241905,0.01982639892506795,0.03344114471424133,0.02192462116502448,0.02466640309760457,0.0,0.008319974082707274,0.0,0.01912570908805841,0.0359335017896528,0.04703867804297245,0.0,0.0,0.0,0.0,0.0,0.0,0.0,0.0,0.0,0.0,0.0,0.0,0.0,0.037954925413192946,0.0,0.0,0.0,0.030667324328909142,1.1613395178386793e-10,0.0,0.0,0.0,0.0046204312900197326,0.010289455018647874,0.0,0.0,0.018413344128052254,0.0,0.0,0.0,0.0,0.0055344121802083975
2011-11-30,0.0,0.020858527894885643,0.0,0.0,0.007202419243765499,0.0,0.0,0.10089134699366645,0.0,0.0,0.0,0.0006230832356386643,0.0,0.0,0.0,0.0,0.0,0.0,0.0,0.026117018274421262,0.015927141570743444,0.005300540509050707,0.0,0.01593271675369586,0.016468596022701138,0.0,0.059299741638789864,0.0395756297127425,0.0834304690479693,0.018190693263939732,0.011138855008083372,0.03443511410134964,0.0,0.02689813560998288,0.004519534006644192,0.0,0.0,0.02530667671759836,0.0,0.0,0.0,0.0,0.006804886584401176,0.008316093984970907,1.3284101661291738e-10,0.0,0.0,0.011904240571942904,0.0,0.06312593336981044,0.0,0.0,0.0022357173947449415,0.03504896419627004,0.06885177729967334,0.0,0.00413009656399899,0.029179900806719825,0.01323658961832559,0.021619783606726867,0.0,0.0,0.0,0.0009385918347495631,0.02102099569908922,0.03765139976294591,0.0,0.0,0.0,0.0,0.0,0.0,0.0,0.0,0.0,0.0,0.0,0.0,0.0,0.060284688618535275,0.0,0.0,0.0,0.02618525871604826,0.005604709397640445,0.0,0.0,0.004405549571101369,0.01981656046959739,0.019323247461661523,0.0,0.0,0.02819877473253655,0.0,0.0,0.0,0.0,0.0
2011-12-31,0.009609910972785757,0.011884182560486166,0.0006220458439691608,0.004153682990383222,0.011320272930383625,0.0,0.0,0.09961973835562214,0.0,0.0,0.0,0.012259129895901267,0.0,0.0,0.0,0.0,0.0,0.0,1.2910866803018265e-10,0.029722678140893587,0.015093229668935448,0.018022307247904674,0.0,0.012896202706385378,0.02219878378677976,0.0,0.07318252766330083,0.028075901519371126,0.08144387425278588,0.01849833822418502,0.0,0.04279594685816342,0.0,0.03572282243713635,0.0,0.0,0.0,0.0,0.0,0.0,0.0,0.0,0.008370042154005945,0.031190989369467546,0.0022362955881930486,0.0,0.0,0.0,0.0,0.07431469523306314,0.0,0.0,0.0,0.0342979119272936,0.07870287882714257,0.0,0.016752620776040814,0.011181194921739279,0.012913760636220984,0.022147932322435646,0.0,0.0,0.0,0.004171887528211926,0.00143355848425948,0.03584411954594549,0.0,0.0,0.0,0.0,0.0,0.0,0.0,0.0,0.0,0.0,0.0,0.0,0.0017323189989665946,0.04768588056378662,0.0,0.0,0.0,0.019814477694548086,0.003936238452573244,0.0,0.0,0.013225223136209989,0.0202349835935403,0.014560226299897467,0.0,0.0,0.018131187761976694,0.0,0.0,0.0,0.0,0.0
2012-01-31,0.017234642151578942,0.021700636128902034,0.009046174616406917,0.007512272202669691,1.648670968613259e-10,0.0,0.0,0.06985652429836109,0.0,0.0,0.0,0.016180220135402972,0.0,0.0,0.0,0.0,0.0,0.0,0.0,0.03800190428575886,0.017506978274011653,0.014651001755224163,0.0,0.003696813143395089,0.025912361608091582,0.0,0.09394047399947203,0.03763956854798633,0.1058269596904526,0.021360646369839677,0.008171721623292182,0.05800390218777394,0.0,0.07631932373952492,0.0,0.0,0.0,0.0061490268315352046,0.0,0.0,0.0,0.0,0.011422168570550074,0.04536767849237859,0.010781328885546037,0.0,0.0,0.0,0.0,0.03179637657625195,0.0,0.0,0.0,0.01841267596955424,0.036817811339280096,0.0,0.0,0.0,0.0,0.025111538015690105,0.0,0.0,0.0,0.00123437613798366,0.006801896590134603,0.023009512767119825,0.0,0.0,0.001226838069586195,0.0,0.0,0.0,0.0,0.0,0.0,0.0,0.0,0.0,0.005218070075518532,0.02475944919718021,0.0,0.0,0.0,0.029881294129681085,0.0,0.0,0.0,0.007776343972957091,0.011133832026657138,0.018742167336555822,0.0,0.0,0.026113658360290195,0.0,0.006204727853257717,0.0,0.0,0.00947710387927971
2012-02-29,0.01070538040494725,0.0031970901588082804,0.0,2.0722783223508078e-10,0.0,0.0,0.0,0.016691933672610345,0.0,0.0,0.0,0.02254100362617037,0.0,0.0,0.0,0.003821417429768803,0.0,0.0,0.0,0.05615362856268599,0.010900439847104522,0.006492615640467703,0.0,0.0,0.034664983372295025,0.0,0.06804455036223692,0.0,0.07945599848229228,0.008031497475096612,0.015210495721256998,0.09418397347343975,0.0,0.11104190045593101,0.0,0.0,0.0,0.001941895235079852,0.0,0.0,0.0,0.0,0.006952132273665996,0.036769399955356975,0.001863218323078618,0.0,0.0,0.0,0.0,0.0369330427369886,0.0,0.0,0.000570460996062828,0.037085325581375776,0.04364648374644633,0.0,0.004118118879660226,0.0,0.005519132355626668,0.06107093753719706,0.0,0.0,0.0,0.004051958702349235,0.0013543082263346863,0.03719721580999649,0.0,0.0,0.01171780426513606,0.0,0.0,0.0,0.0,0.0,0.0,0.0,0.02246660247692613,0.0,0.010466605065385211,0.005374866518593517,0.0,0.0,0.0,0.012003941225474438,0.0,0.0,0.0,0.020505022308950148,0.0,0.03183995774237329,0.0,0.0,0.023081184014270374,0.0,0.01978671159878891,0.0,0.0,0.022546765532542874
2012-03-31,0.027261268939206683,0.022026271763610224,0.006003833802482675,0.006861041512653739,0.0,0.0,0.0,0.0002937577697691767,0.0,0.0,0.0,0.004977150817058361,0.0,0.0,0.0,0.004478285935929307,0.0009119931070761745,0.0,0.0,0.08954586039204779,0.010975147229823075,0.012613255060365572,0.0,0.020383450927278127,0.03676703619623126,0.07679516557558487,0.03593519956210826,0.001189076492496268,0.10248332495139097,0.020673616790057848,0.0,0.08417347582682033,0.0,0.10295097431729026,0.0,0.0,0.0,0.0,0.0,0.0,0.0,0.0,0.00016805178815468782,0.01854217562125086,0.0,0.0,0.0,0.0,0.0,0.024910767836011285,0.0,0.0,0.015025281640134294,0.028233266109963972,0.02056639954292117,0.0,0.0,0.0,0.007174622051030134,0.009711014464355747,0.0,0.0,0.0,0.014612325126354962,0.0037795172261933818,0.03864906226161646,0.0,0.0,0.0,0.0,0.0,0.0,0.0,0.0,0.0,0.0,0.009053180679574547,0.0,0.006644301183257557,0.0,0.0,0.0,0.0,1.828633524005507e-10,0.0,0.0,0.0,0.02418407120052955,0.0,0.029412481013413407,0.0,0.0,0.02794404593582874,0.0,0.019418664496085262,0.014691746655021262,0.0,0.019979838016158297
2012-04-30,0.036304764461652025,0.016801762103379855,0.01854874778848802,0.013012629467535317,0.0013595277303806367,0.0,0.0,0.0,0.0,0.0,0.0,0.007809938890958223,0.0,0.0,0.0,0.0,0.010215577551109689,0.0,0.0,0.09804805547620693,0.0005543910958307872,0.0061342953021568045,0.0017191177615230328,0.02036830498745289,0.034183313465454966,0.09284534098230998,0.03373228588211701,0.0176995307946869,0.08063825134978155,0.01759086807238887,0.006641258816992955,0.06837903982351275,0.0,0.06994904002760866,0.00672736765543829,0.0,0.0,0.0,0.0,0.0,0.0,0.0,0.0022247207235742967,0.018835551241001586,0.0,0.0,0.0,0.0,0.0,0.0,0.0,0.0,0.0,0.00753069390627706,0.0052213869733656205,0.0,0.0,0.0,0.0,0.006466113296428327,0.0,0.0,0.0,0.0,0.0,0.0,0.0,0.0,1.3671280571245094e-10,0.0,0.0,0.0,0.0,0.0,0.0,0.0,0.02388198547029117,0.0,0.02614765498777478,0.0,0.0,0.0,0.0,0.04040437911342717,0.016184323806932032,0.005002606043158048,0.0,0.02538378728264393,0.0,0.04155460352286518,0.0,0.0,0.01785153829749452,0.02141519773275749,0.03296310825526978,0.029492993842494188,0.0,0.02017594588056579
2012-05-31,0.04659877623437524,0.01672642129303658,0.008597166760661194,0.014139351563291092,0.002896207951886617,0.0,0.0006543894713890041,0.0,0.0,0.0,0.0,0.019140449483459703,0.0,0.0,0.0003714881430753464,1.1741006725405075e-10,0.019062159914914212,0.0,0.0,0.09346460034717922,0.012753910216002511,0.012757442603701308,0.0004490666947749727,0.013554780980474624,0.06386581269449286,0.07537277379443383,0.04152026998468052,0.008024844521324275,0.08207791914630058,0.033919394907442266,0.0150771798106382,0.05790414762020895,0.0,0.07120784122328777,0.004155988247466673,0.0,0.0,0.0,0.0,0.0,0.0,0.0,0.007550034863229185,0.0034122410444754445,0.0,0.0,0.0,0.0,0.0,0.0,0.0,0.0,0.0,0.002675098855757448,0.0,0.0,0.0,0.0,0.0,0.0,0.0,0.0,0.0,0.0,0.0,0.0,0.0,0.0,0.0,0.0,0.0,0.0,0.0,0.0,0.0,0.0,0.011265238661946635,0.0,0.029759919983024703,0.009258309015909662,0.0,0.0,0.0,0.048144809630790916,0.009337367329331244,0.01663106240022787,0.0,0.02262251440271257,0.0,0.06728244600105145,0.0,0.0,0.00048061905085462113,0.015009535189686398,0.018604381721583903,0.023674038123510353,0.0,0.0
2012-06-30,0.019983410223085904,0.011847037142855281,0.014194668186640997,0.03177602195079953,0.004722274476930906,0.0,0.0019885510533119797,0.0,0.0,0.0,0.0,0.005946758162729366,1.238914624258652e-10,0.0,0.0,0.0,0.011249907316327135,0.0,0.0,0.08438058114302513,0.0011221602739751916,0.0,0.0,0.00789033426540982,0.06011788976168426,0.05923071601399979,0.048065030303548514,0.0,0.06626406848738545,0.04228330873305571,0.006135615692617897,0.05363790309823284,0.0,0.0718624747140374,0.009660465989065916,0.0,0.0,0.00890182707223317,0.0,0.0,0.0,0.0,0.01650663231585248,0.0013198636038713068,0.0027128463873438333,0.0,0.0,0.0,0.0,0.0,0.0,0.0,0.0,0.014339493496634319,0.0,0.0,0.0,0.0,0.0,0.01315745246701684,0.0,0.0,0.0,0.0,0.0,0.0,0.0,0.0,0.01186757568451772,0.0,0.0,0.0,0.0,0.0,0.0,0.0,0.013182768156256545,0.0,0.0308486594536511,0.0,0.0,0.0,0.0,0.028833529781960496,0.002541172905616964,0.03287223833520159,0.0,0.05438599004303275,0.010402797395595414,0.06744109412525622,0.0,0.0,0.020900237128296004,0.03528456798500281,0.01802617703827063,0.004115899511779445,0.0,0.0
2012-07-31,0.03768775954660549,0.01328788816539962,0.021889361440346363,0.007655354544253619,0.0,0.0,0.0,0.007887088784130202,0.0,0.0,0.0,0.0,0.005083796202047169,0.0,0.0,0.0,0.010028130791242205,0.0,0.0,0.07350940649169273,0.003926097194486781,0.0,0.0,0.003560451167475552,0.03440702363498698,0.036492262593481796,0.03720744718043913,0.006656050053046276,0.06693692981676853,0.01609537761453227,0.025131092213622502,0.05166765307771135,0.0,0.07086443461993584,0.006546538743347427,0.029624971711142426,0.0,0.02739103943363181,0.0,0.0,0.0,0.0,0.0,0.0,0.0,0.0,0.0,0.004521632080889517,0.0,0.0,0.0,0.001443949036413659,0.0,0.02718696125763947,0.01735139302532634,0.0,0.0,0.0,0.0,0.0,0.0,0.0,0.0,0.0,0.0,0.0,0.0,0.0,0.014731053269089663,0.0,0.0,0.0,0.0,0.0,0.0,0.0,0.01119191437228607,0.0028271346630466166,0.02299290787837453,0.0,0.0,0.0,0.0,0.030450592255783566,0.0,0.024541870867606758,0.0,0.04224073614798259,0.0,0.07081610135855518,1.41955367063702e-10,0.0,0.022992775199930558,0.046262733136135624,0.03530463401985127,0.021371829336593675,0.010235626932213391,0.0
2012-08-31,0.02676518064821076,0.021255660598912717,0.010401072647082295,0.0,0.0,0.0,0.0,0.0,0.0,0.0,0.0,0.0,0.02163684696177416,0.0,0.006080200391083665,0.0,0.005165289426789871,0.0,0.0,0.07348201707306938,0.0035095858493613685,0.0,0.0,0.0,0.03267425847050924,0.045958636081143076,0.021133118818065826,0.03165172727718202,0.05869654717773506,0.01436091443769404,0.03957609752638547,0.05479801292191912,0.0,0.08495525109663418,0.023568848626113872,0.03685727928643473,0.0,0.059181763760377065,0.0,0.0,0.0,0.0,0.004726876284879956,0.0,0.0,0.0,0.0,0.008113268112352376,0.0,0.0,0.0,0.0027166869160060213,0.0,0.025331544724281875,0.0,0.0,0.0,0.0,0.0,0.0,0.0,0.0,0.0,0.0,0.0032627046219837513,0.0,0.0,0.0,0.009966589908333483,0.0,0.0,0.0,0.0,0.0,0.0,0.0,0.006848117529053536,0.0038886789648837146,0.009188883921026923,0.0,0.0,0.0,0.0,0.012101147448395022,1.2847315241531245e-10,0.010455655712211357,0.0,0.031676990313233656,0.0,0.05362070463516094,0.014290641981748996,0.0,0.03399709997186581,0.06055216260322868,0.02334127887614207,0.00012136599960412719,0.014091292270656624,0.0
2012-09-30,0.011912191445062753,0.016219055854250576,0.008472462956366614,0.007495444577099702,0.0,0.0,0.0,0.004703876747003169,0.0,0.0,0.0,0.0,0.030913890783122434,0.0,0.00657124295622425,0.0,0.0021080524078449874,0.0,0.0,0.06813138996820545,0.0,0.0,0.0,0.003311735896870613,0.03428295020825655,0.028120640689554766,0.007684214941276651,0.010060965580069112,0.02269589204237935,0.021625594812565065,0.018544931668354567,0.052853952150204345,0.0,0.052950371933634804,0.044613804228557145,0.05197239837917813,0.0,0.07568596276291367,0.0,0.004056219102561819,0.0,0.0,0.011643081482106188,0.0,0.0,0.0,0.0,0.0,0.0,0.0,0.0,0.03568412299018169,0.014780213456981018,0.05468555342805985,0.03386534629904083,0.0,0.0,0.0,0.0,0.007937340604444542,0.0,0.0,1.5656587031231788e-10,0.0,0.010835621781727945,0.0,0.0,0.0,0.008831490978928873,0.0,0.0,0.0,0.0,0.0,0.0,0.0,0.0,0.0,0.0037115912768697795,0.0,0.0,0.0,0.0,0.0,0.0,0.00018231009931810412,0.0,0.04450646141934252,0.0,0.05983256109038739,0.013412608435528087,0.0,0.0360363618068395,0.06005841559177923,0.0,0.0,0.019009677010341935,0.0
2012-10-31,0.03163561011710603,0.03693873883300214,0.028372213789387563,0.0076608312249354825,0.0,0.0,0.0,0.037641180214969004,0.0,0.0,0.0,0.0,0.035793307849074266,0.0,0.0,0.0,0.0,0.0,0.0,0.03854285576518454,0.0022949792071510497,0.0,0.0,0.011616847565037178,0.037952993526028746,0.021534311801023175,0.039866450298424075,0.035074951443826885,0.01930259145258118,0.007534096260755885,0.016855344505289572,0.036151864630061634,0.0,0.038631658659045595,0.031209568092978656,0.04528031557543911,0.0,0.05004205995957231,0.0,0.0,0.0,0.0,0.008912469761438372,0.0,0.0,0.0,0.0,0.02598333194164261,0.0,0.0,0.0,0.039263249346646274,0.011345862089763596,0.046921846800588626,0.03467940290833502,0.0,0.0,0.0,0.0,0.0,0.0,0.0,0.026956098433152657,0.0033882548101112145,0.01200297546340205,0.0,0.0,0.0,0.0033547510368064607,0.0,0.0,0.0,0.0,0.0,0.0,0.0,0.0,0.0,1.2496220462761006e-10,0.0010915509556620093,0.0,0.0,0.0,0.0,0.0,0.0,0.0,0.022444545468441525,0.0,0.04827028881925577,0.00543341612853552,0.0,0.026519431700277776,0.061158280580666684,0.009082397872374179,0.003259074987063228,0.0,0.0
2012-11-30,0.025563221885882288,0.013781032558194396,0.012706459592352521,0.010875832753926364,0.0,0.0,0.0,0.04084965578206197,0.0,0.0,0.0,0.0,0.03729327811666281,0.0,1.181426797322868e-10,0.0,0.0,0.0,0.0,0.01901699665994516,0.0,0.0,0.0,0.0,0.046258236865957446,0.00934902742432393,0.04827497478527228,0.02073373135681389,0.021615211736285698,0.011138661698236473,0.013029423164533859,0.02406836146807723,0.0,0.03837737191616075,0.0300529676578317,0.047140062353958276,0.0,0.03170887950488036,0.0,0.0,0.0,0.0,0.0,0.0,0.0,0.0,0.0,0.01853137497086368,0.0,0.0,0.0,0.07229881404921666,0.012258435369086485,0.05042099358888781,0.03346059718795516,0.0,0.0,0.0,0.0,0.015278983028494406,0.0,0.0,0.03888062035179497,0.012203437533390286,0.01877455703863783,0.0,0.0,0.0001434427036111221,0.03960690658783444,0.0,0.0,0.0,0.0,0.0,0.0,0.0,0.0,0.0,0.010161707347519646,0.00021738822307243514,0.0,0.0,0.0,0.0036594751145502574,0.0,0.0,0.0,0.037345862332188874,0.0,0.028736204742503713,0.0,0.0,0.019263803464235476,0.07422005167637581,0.01000958620241891,0.002694371087861991,0.0,0.0
2012-12-31,0.009142854124541027,0.0009540482559668882,0.002338099663454681,0.010543175310099769,0.0,0.0,0.0,0.059801793959720614,0.0,0.0,0.0,0.0,0.034937033412097876,0.0,0.0,0.0,0.0,0.0,0.0,0.0,0.0,0.0,0.00048112108806940105,0.0,0.016087300457820912,0.0,0.038273453123701645,0.024092036460725733,0.020958004970763246,0.0069893253345892645,0.0306469997892322,0.021456326171678704,0.0,0.061333065843265575,0.035901596296631345,0.05676642606182569,0.0,0.06490129087203424,0.0,0.004072128045321609,0.0,0.004733632052883655,0.0,0.0,0.0,0.005468638487655959,0.0,0.015587320008858914,0.0,0.0,0.0,0.09095653847606018,0.009256278036046393,0.04958862216719399,0.025946994650481833,0.003410154905399929,0.0,0.0,0.0,0.003221402917976202,0.0,0.0,0.029092876669916858,0.0,0.03905554311514339,0.0,0.0,0.004161610958090531,0.045314907670751615,0.0,0.0,1.3912747770220737e-10,0.0,0.0,0.0,0.0,0.0,0.0,0.0001109960093575214,0.0,0.0,0.0,0.0,0.0,0.0,0.0,0.0,0.03088080950663319,0.0,0.013343120801860828,0.0,0.0,0.025917802461437267,0.07128804493968226,0.02498453423918136,0.008004092544720082,0.0,0.0
2013-01-31,0.003567019382116662,0.007782801252368352,0.01917592963784498,0.016072657280831945,0.0,0.0,0.0,0.04515544503525016,0.0,0.0,0.0,0.0,0.0,0.0,0.0,0.0,0.0,0.0,0.0,0.0,0.0,0.0,0.023819288555007034,0.0,0.0,0.0,1.1971692466609632e-10,0.02472689079084088,0.015359893957458548,0.0,0.02159639261365479,0.0,0.0,0.03721805706387523,0.0481546692084427,0.0677542514655705,0.0,0.06901995541885594,0.0,0.0,0.0007852139792095819,0.0,0.0,0.0,0.01312062920338227,0.02778839029869071,0.0,0.026164361637403828,0.0,0.0,0.0,0.04473927121522676,0.014234363455631501,0.04223162328782703,0.03292537369596757,0.012260998188872873,0.0,0.0,0.0,0.0,0.0,0.0,0.03906446683522625,0.006067678728199927,0.021610046879464356,0.0,0.0,0.0,0.04052185464665858,0.0,0.0024630674184729505,0.008942779376037898,0.0,0.0,0.0,0.0,0.022216015154812793,0.007786152048816482,0.020130797078720935,0.0,0.0,0.0028142632886688957,0.0,0.0,0.0,0.0,0.0,0.054000383583966964,0.0,0.014231333992028002,0.010812902471023634,0.0,0.004950437488434812,0.09175361999933153,0.020877981557851425,0.0181027427082377,0.0,0.0
2013-02-28,0.00820023173618312,0.010967810753623153,0.0,0.012966127384537496,0.0,0.0,0.0,0.043988663802315635,0.0,0.0,0.0,0.012475869003362894,0.0,0.0,0.009522591792544189,0.0,0.0,0.0,0.0,0.0,0.003650203081126692,0.008772044656024583,0.02495206391028528,0.0,0.0,0.0,0.0020235343710145078,0.01818491779279135,0.005004106047419673,0.014346727885072307,0.033315030411791846,0.008575268517308656,0.0,0.0344392566248464,0.06715705623401097,0.08569738452422937,0.0,0.07100169715552879,0.0,0.0030272822632778484,0.012219660335048073,0.0,0.0,0.0,0.023054114789672318,0.025162867185124057,0.0,0.02323567419713356,0.0,0.0,0.0,0.0,0.0024621609355353668,0.01569345681701622,0.0,0.0,0.0,0.0,0.0,0.0,0.0,0.0,0.0,0.0,0.0,0.0,0.0,0.0,0.04885457570598935,0.0,0.004473623683476779,0.015979096428567957,0.0,0.0,0.0,0.0,0.02950632229959981,0.018255322027460497,0.033370606359372924,0.0,0.0,1.0086315042014378e-10,0.0,0.0,0.0,0.0,0.0,0.08741675841908096,0.0,0.019392941359729913,0.012782874589508513,0.0,0.016438378917323714,0.07691262834290538,0.030089680566030463,0.026431388993266206,0.0,0.0
2013-03-31,0.0005499859730458751,0.013806965329584335,0.0059051308677446745,0.046279089258461054,0.0,0.0,0.0,0.04263361626483343,0.0,0.0,0.0,0.036130692823711806,0.0,0.0030570419804101467,0.0,0.0,0.0,0.0,0.0,0.0,0.0,0.0,0.007262878974468822,0.0,0.017600510324175218,0.013994883732447136,0.0008585216455245335,0.017724038516618145,0.02097008763722527,0.022164003557884074,0.03136352815020826,0.011680682439856092,0.0,0.04698543313075577,0.05945520821815438,0.06939746450897119,0.0,0.056668207042122234,0.0,0.011671918569165227,0.03436564576837579,0.0,0.0,0.019591886503693843,0.045152559164376486,0.05832506346348983,0.0,0.02549567806249845,0.0005302207543308925,0.0,0.0,0.0,9.176487422547796e-11,0.0,0.0,0.0,0.0,0.0,0.0,0.0,0.0,0.0,0.0,0.0,0.0,0.0,0.0,0.0,0.0320104212820921,0.0,0.0,0.008118748601698115,0.0,0.0,0.0,0.0,0.020632809086644024,0.01584708194121036,0.03490733436360832,0.0,0.0,0.0,0.0,0.0,0.0030232481970644473,0.0,0.0,0.061365806879900606,0.02507256677883451,0.013389048378532291,0.0,0.0,0.0,0.044881802838534324,0.008790378935003262,0.012339809962979816,0.0,0.0
2013-04-30,9.521698607462569e-11,0.010643080035377875,0.022190166028873623,0.036095207034507464,0.0,0.0,0.0,0.05994205059874554,0.0,0.0,0.0,0.03329600039021426,0.0,0.011682070371087082,0.0,0.0,0.0,0.0,0.0,0.0,0.0,0.0005885645867833442,0.0017877561982957936,0.0,0.0163644781106601,0.004487749333430934,0.0034019866956430814,0.007538140918027764,0.028348143517879832,0.05993615005168171,0.046583580639368495,0.01686298442697301,0.0,0.043854507137953296,0.04279781432961952,0.07859445632567984,0.0,0.03447888359058693,0.0,0.0,0.013101536816261061,0.0,0.0,0.008942387488431628,0.02514729920406169,0.06608866694053075,0.0,0.0021698586230938653,0.006089523115280534,0.0,0.0,0.0,0.0,0.0,0.0,0.0,0.0,0.0,0.0,0.0,0.0,0.0,0.0,0.0,0.0,0.0,0.0,0.0,0.02901378543229949,0.0,0.0,0.0,0.0,0.0,0.009852100919114325,0.0,0.02238486120498107,0.011821024719423399,0.04729579863120278,0.0,0.0,0.0,0.0,0.01347430767029078,0.009459068366956298,0.015778834358462425,0.0,0.05935698732572782,0.004833696261505863,0.0,0.0,0.0,0.0,0.052369871972470484,0.015308810247596264,0.028037810285702968,0.0,0.0
2013-05-31,0.0,0.01433767074580769,0.02170408703692937,0.010282774610503663,0.0,0.0,0.0,0.07168648940826722,0.0,0.0,0.0,0.007706295998687551,0.0,0.0,0.0,0.0,0.0,0.0,0.0,0.0,0.0,0.0,0.00016157354939674485,0.0,0.022354759217300006,0.015030332125187371,0.021598229718622373,0.023780895530639636,0.05845791567837883,0.062126596449115626,0.044804928305324086,0.023952944256708616,0.0,0.05446854522558501,0.015116334489697606,0.03937043180941633,0.04005661604305686,0.021522344968512398,0.0,0.0,0.02732270278925724,0.0,0.0,0.009203388225147865,0.027856227509850846,0.043820098014826586,0.0,9.823402143713866e-11,0.0,0.0,0.0,0.0,0.0,0.0,0.0,0.0,0.0,0.0,0.0,0.0,0.0,0.0,0.0,0.0,0.0,0.0,0.0,0.0,0.005805780132848421,0.0,0.0,0.0,0.0009911780954995747,0.0,0.01818314571308895,0.0,0.027025003895571626,0.018300998352136437,0.029612186158551174,0.0,0.0,0.0,0.0,0.02023190238906101,0.009706423172015727,0.028947540783663624,0.0,0.037523962691098624,0.02249179272762643,0.017221027539263235,0.0019329842879908716,0.0,0.0,0.041073879257940336,0.015316301138684863,0.028913711860505602,0.0,0.0
2013-06-30,0.0,0.012260946948070154,0.02942186259850686,0.017389077272161046,0.0037555795326100856,0.0,0.0,0.06118466653495132,0.0,0.0,0.0,0.02499930165550554,0.0,0.0,0.0,0.0,0.0,0.0,0.001697632871450705,0.0,0.0,0.003015289690602343,0.0,0.0,0.0,0.010937539108457836,0.0,7.828544831177522e-11,0.02073271824478545,0.06868128443717782,0.04391091707899925,0.01848824021623553,0.0,0.041058544305527064,0.02558097891326877,0.041459179248456546,0.042011895007746346,0.01678252353659593,0.0,0.0,0.021608823398599004,0.0,0.0,0.01766851340969723,0.03136643144812255,0.03273216163197252,0.0,0.0009936981602503964,0.010479186542531164,0.0,0.0,0.0,0.0,0.0,0.0,0.0,0.0,0.0,0.0,0.0,0.0,0.0,0.0,0.0,0.0,0.0,0.0,0.0,0.0,0.0,0.0,0.0,0.0,0.0,0.024054955946017663,0.0,0.030258493053370476,0.037839141222237346,0.041323810866110026,0.0,0.0,0.0,0.0,0.0356585283625102,0.027391522832336767,0.035220786770265605,0.0,0.04113553608651965,0.028574046764801946,0.023273426052696614,0.003896277744685537,0.0,0.0,0.021856987868792747,0.00614565282366208,0.03861687704194064,0.006536964693485836,0.0
2013-07-31,0.0,0.018580228986036722,0.024291550284831247,0.022278349987961306,0.012496842127165316,0.0,0.0,0.07842091329941799,0.0,0.0,0.02621453474340138,0.03917399942366495,0.0,0.0,0.0,0.0,0.0,0.0,0.014720894047436704,0.0,0.0,0.0,0.0,0.0,0.0,0.017545480416351934,0.0,0.0,0.01130303016521081,0.055564141407268376,0.07658658383777991,0.030431059450204665,0.0,0.03397924272129673,0.01744973153833115,0.02329854409999863,0.01867532455231092,0.009929357935818334,0.0,0.001746039255651991,0.03177596142970084,0.011282062458424724,0.0,0.03948330215391395,0.03747398263104203,0.01825837691456677,0.0,0.013934457387084945,0.011083450040311905,0.0,0.0,0.0,0.0,0.0,0.0,0.0,0.0,0.0,0.0,0.0,0.0,0.0,0.0,0.0,0.0,0.0,0.0,0.0,0.0,0.0,0.0,0.0,0.0,0.0,0.018724457521622637,0.0,0.017907611734884806,0.02086510531563123,0.036296213363968835,0.0,0.0,0.0,0.0,0.03624074490693992,0.03876371646190254,0.018889562757311643,0.0,0.036930055767955564,0.01855358757247222,0.027450266716400426,8.443567140646418e-11,0.0,0.0,0.003976077481419055,0.0,0.025217544752104123,0.004207614267767043,0.0
2013-08-31,0.01654652952809679,0.03579430055652465,0.04356583501899018,0.03604648540386476,0.013012437414843302,0.0,0.0,0.08828757897613249,0.0,0.0,0.02986754589871599,0.042564354034380227,0.0,0.003285164438162454,0.0,0.0,0.0,0.0,0.0152006746107403,0.0,8.390809151165686e-11,0.0,0.007916912412334333,0.0,0.0,0.030369273695122993,0.004336294172951701,0.0,0.012158353442422987,0.05283526766316142,0.07677673002410305,0.03047402388128866,0.0,0.01652720761935895,0.005059993214730057,0.011079894843739547,0.006762847662252573,0.0,0.0,0.009874586120472465,0.04209756656628159,0.00940425891223039,0.0,0.03169683411757009,0.01876382416246414,0.0029770896165537126,0.0,0.011606654193440443,0.0,0.0,0.0,0.0,0.0,0.0,0.0,0.0,0.0,0.0,0.0,0.0,0.0,0.0,0.0,0.0,0.0,0.0,0.0,0.0,0.0,0.0,0.0,0.0,0.0,0.0,0.0,0.0,0.021256591702605326,0.02006406860988072,0.03468331254736746,0.0,0.0,0.0,0.0,0.06436682520423313,0.03429599130988035,0.028671143440126022,0.0,0.0393772001362681,0.012668226476489026,0.027898444968063155,0.0,0.0,0.0,0.0,0.0,0.006920055126286426,0.004909622193961924,0.0
2013-09-30,9.72815639726951e-11,0.025749343268626046,0.05876379825613163,0.06569994148660517,0.013797677420632983,0.0,0.007648148014104987,0.1095786599068974,0.006438313650938501,0.0,0.07578194056759928,0.027144114995145862,0.0,0.004612859565496757,0.0,0.0,0.0,0.0,0.0031710181539848586,0.0,0.0,0.0,0.012858078003407295,0.0,0.01274524451206152,0.025305699844623823,0.011869810383905242,0.0,0.0,0.041510816479238925,0.07774705071024282,0.03458909819001183,0.0,0.01703095474141145,0.0049214834663876385,0.009345669009304731,0.0013149086969862838,0.0,0.0,0.02163349148234039,0.05815143226813882,0.024277070378577067,0.005951838584453243,0.03263210807037976,0.014045587592575749,0.0,0.0,0.011965552320300015,0.0015282231883445387,0.0,0.0,0.0,0.0,0.0,0.0,0.0,0.0,0.0,0.0,0.0,0.0,0.0,0.0,0.0,0.0,0.0,0.0,0.0,0.0,0.0,0.0,0.0,0.0,0.0,0.0,0.0,0.008221192968787998,0.012257587905298477,0.008296671324467757,0.0,0.0,0.0,0.0,0.03502629472432656,0.024916645712427035,0.031637054570716236,0.0,0.02859866077951779,0.009293020282022835,0.02394293842629917,0.0,0.0,0.0,0.0,0.0,0.0,0.0,0.0
2013-10-31,0.0,0.017982125363870793,0.08047811796905519,0.07881285175317033,0.008714213761065674,0.0,0.001583179750382359,0.07032213718742496,0.001483818470994224,0.0,0.07896933168651425,0.03691364333091899,0.0,0.007933132838598518,0.010878230969520111,0.0,9.478442109041179e-11,0.0,0.010814305340857222,0.0,0.0,0.0,0.02202597778906101,0.0,0.010213838639474487,0.0,0.011472268176882544,0.0,0.0,0.05260216614126332,0.0608518312289503,0.016924546937829323,0.0,0.0015952915755937955,0.0,0.0,0.0,0.0,0.011688410267186538,0.02025614162316656,0.029719211801740593,0.01965901761483381,0.007511803427465517,0.025481304632294446,0.0110687396749564,0.005671652923242662,0.0,0.004040037133637132,0.0,0.0,0.0,0.0,0.0,0.0,0.0,0.0,0.0,0.0,0.0,0.000544831354901756,0.0,0.0,0.0,0.0,0.0,0.0,0.0,0.0,0.0,0.0,0.0,0.0,0.0,0.0,0.0,0.0,0.017123225271304113,0.019095408661062477,0.02344866734480943,0.012993553754477728,0.0,0.0,0.0,0.0536352690375496,0.03224009265428157,0.04822251860992005,0.0,0.02462822403758002,0.018533657398292498,0.03386722377108538,0.0,0.0,0.0,0.0,0.0,0.0,0.0,0.0
2013-11-30,0.0,0.0,0.06939821624132916,0.06893818549876228,0.011629825619091143,0.09404727738427036,0.010929912961402242,0.007781366837038148,0.014758832751522913,0.0,0.08684896496670956,0.029535629734777143,0.0,0.0,0.02276880180859605,0.0,0.0,0.001108935653795443,0.028370729204307592,0.0,0.0,0.019379829354422624,0.036459826331795585,0.0,0.0,0.0,0.010288891683245115,0.0,0.0,0.05307969897662974,0.040561698479842,0.013260177807646007,0.010449350568062996,0.0,0.0,0.0,0.0,0.0,0.0023637567319456177,0.01744043473831776,0.03016813130606742,0.028644831676745964,0.016222608357796243,0.0,0.011152351973381597,0.0,0.0,0.0016175635011813508,0.0,0.0,0.0,0.0,0.0,0.0,0.0,0.0,0.0,0.0,0.0,0.0018963756227185966,0.0,0.0,0.0,0.0,0.0,0.0,0.0,0.01410505750106859,0.0,0.0,0.0,0.0,0.0,0.0036730770133957587,0.0,0.0,0.019983275185179138,0.021525678406811508,0.005959406585655943,0.018200422885313396,0.0,0.0,0.0,0.039181518418961656,0.026324297410769942,0.04165050820643979,0.0,0.02530091320645155,0.015641284834732348,0.029352354494431337,0.0,0.0,0.0,7.938848506030038e-11,0.0,0.0,0.0,0.0
2013-12-31,0.0025409868387483063,0.0020649091007149158,0.07163141668365154,0.041000061693054424,0.01924373587415339,0.06868787808367495,0.0,0.0,0.017450629666499042,0.0,0.11693638517396156,0.004835475312519696,0.0,0.0,0.01840413949524034,0.0,0.0,0.0,0.05022818362063645,0.0,0.002207874375667408,0.017143051900329626,0.04753989032759431,0.0,0.0,0.0,0.00766205356742026,0.0,0.0,0.022484354789468235,0.04761000631526759,1.0357487309359931e-10,0.0,0.0,0.0,0.0,0.0,0.0,0.0,0.013953750317178118,0.03907664431631939,0.022355964868125335,0.014367164560121132,0.0,0.029104326359424615,0.0,0.0,0.003107791886684045,0.0,0.0,0.0,0.0,0.0,0.0,0.0,0.0,0.0,0.0,0.0,0.0,0.0,0.0,0.0,0.0,0.0,0.0,0.0,0.0006303556482896719,0.0,0.0,0.0032091295608759436,0.0,0.0,0.01060675557506698,0.0021282636224213267,0.0015981672483791536,0.010907994113147803,0.01726374599741336,0.0,0.016720548299462304,0.0,0.016222024728861417,0.0,0.06125631162834314,0.02813337978964055,0.04232329305803155,0.0,0.024249724853718242,0.031685462955490615,0.051163532819369126,0.0,0.0,0.002264634871459301,0.0,0.0,0.0,0.0,0.0
2014-01-31,0.017678315320431248,0.0,0.0391160779300438,0.05159654565748998,0.0,0.07869571473128918,0.0,0.0,1.1091508012009017e-10,0.0,0.05066013459715142,0.010138669346865985,0.0,0.009661384152574835,0.0012528082730305572,0.0,0.0,0.0,0.07428934995759609,0.0,0.0,0.0076410336055707075,0.035262635643055575,0.0,0.0,0.0,0.0,0.0,0.0,0.02238359782780978,0.06561470652754141,0.0,0.001182564385260786,0.0,0.00596982714012137,0.0,0.004881864009038246,0.0,0.0,0.010113464635160196,0.00586196028443814,0.011741077264667213,0.017198433349620183,0.0,0.04604819815174236,0.0,0.0,0.01165575566000359,0.0,0.0,0.0,0.0,0.0,0.0,0.0,0.0,0.0,0.0,0.0,0.0,0.0,0.0,0.0,0.0,0.0,0.0,0.0,0.0197147054130837,0.0,0.0,0.013285576717003091,0.0,0.0,0.019257796417514603,0.0030918794785425234,0.0,0.02984185854098966,0.040916001971090174,0.010075901958701599,0.031020923267871734,0.0213396891399147,0.020464657668722644,0.0,0.05751717846086339,0.026152235712519227,0.041087710209830236,0.0,0.0433394536951219,0.0,0.03612097629428049,0.0,0.0,0.0044882063035109636,0.0,0.003641130189021581,0.0,0.0,0.0
2014-02-28,0.0,0.0,0.001990914532024752,0.04198141769299415,0.0,0.04105472356219523,0.0,0.004361087784831502,0.0,0.0,0.07505204721204056,0.0,0.0,0.008173525420307689,0.0004923377458799739,0.0,0.0,0.0,0.013659753861110303,0.0,1.1879234778999567e-10,0.010873810240412691,0.024992552249594152,0.0,0.018894082548355194,0.0,0.04190279431027225,0.0,0.0,0.033807359486524316,0.09980219763490188,0.037925367695845924,0.028562592121158865,0.0,0.012941085631273585,0.0,0.0,0.0,0.0328380690596401,0.025182012533249344,0.025508945593468196,0.03277549000006497,0.0,0.0,0.07146186641405577,0.014198078762033127,0.0,0.03123677949666519,0.0,0.0,0.0,0.0,0.0,8.214984919630697e-05,0.0,0.0,0.0,0.0,0.0,0.0,0.0,0.0,0.0,0.0,0.0,0.0,0.0,0.0,0.0,0.0,0.027954674205409657,0.0,0.0,0.0488065659416735,0.001415752862567605,0.0,0.004092790892966974,0.0,0.0,0.013216127611297769,0.001959531756854326,0.01492047218136348,0.0,0.029763819050229356,0.004416668075062217,0.05966151126813302,0.0,0.027980029865716793,0.0,0.01301238216275582,0.0,0.0,0.013207749264480864,0.0,0.009840883304600256,0.0,0.0,0.0
2014-03-31,0.0,0.0,0.0,0.03415196032606823,0.0,0.04870729297391473,0.009579809148028084,0.0,0.0,0.0,0.04922038071329018,0.0,0.0,0.017132608080710557,0.0,0.0,0.0,0.0,0.010970341876550965,0.0,0.009445151342175332,0.024881381756601095,0.03174443551090758,0.015374762873723673,0.016641801727611937,0.0,0.03084934604241637,0.0,0.0,0.03670370754910854,0.07110953572741961,1.0612384571066162e-10,0.022685894068017257,0.0,0.003174089390807223,0.0,0.0,0.0,0.012866196028871993,0.01799761400697592,0.02354514127801134,0.025085518841317007,0.0,0.0,0.06157745050343795,0.029501706806592108,0.0,0.005206346042989083,0.0093417642768201,0.0,0.0,0.0,0.0,0.007660587644513875,0.003025594285414983,0.0,0.0,0.0,0.0,0.0,0.0,0.0,0.0,0.0,0.0,0.0,0.050652690445184306,0.0,0.0,0.0,0.026714163571388175,0.0,0.0,0.051732072908997825,0.0,0.0,0.0,0.0,0.0,0.01062286664806993,0.0,0.004671390431545251,0.0,0.016668981046333856,0.008543736078588176,0.07149141530548672,0.0,0.03863297112778877,0.0,0.015863093663797265,0.0,0.0,0.032732072337002205,0.0,0.037492546877302545,0.006001580630095375,0.0,0.0
2014-04-30,0.0,0.0,0.0,0.022059131447190464,0.0,0.03423204620012007,0.011335020489220197,0.0,0.0,0.0,0.033966013301965386,0.0,0.008535271184358663,0.013095788368614877,0.0,0.0,0.0,0.0,0.01887406500209176,0.0,0.0,0.01264662248903512,0.021566971399795333,0.02247676090032128,0.011771463934258278,0.0,0.0012162033979055686,0.0,0.0,0.07154632108433347,0.056162015757342316,0.01801582225302949,0.0394477294791766,0.0,0.017066237920738362,0.0,0.0030525535582348277,0.0,0.020757269048884048,0.008000178647641501,0.01910594995681029,0.02658712044957434,0.0,0.0,0.09113989709657583,0.03923401554854521,0.0,0.020245728654420675,0.022381721918374564,0.0,0.0,0.0,0.0,0.0,0.0,0.0,0.0,0.0,0.0,0.0,0.0,0.0,0.0,0.0,0.0,0.0,0.048569837782738996,0.0,0.0,0.0,0.018112632565109678,0.0,0.0,0.06125689340944072,0.026769398166768207,0.0,0.0,0.0,0.0,0.00711988382466247,0.009369227531347737,8.357185625591761e-11,0.0,0.00976337639812149,0.0,0.04341729254464613,0.0,0.03274438579301808,0.0,0.005027498277213059,0.0,0.0,0.019219295227271546,0.0,0.03554029071124858,0.018572068196282977,0.0,0.0
2014-05-31,5.5464697647625626e-05,0.0,0.0,0.003968879452763939,0.0,0.03066840763554112,0.005387006702037907,0.0,0.0,0.0,0.013562909777869281,0.0,0.01900315402453381,0.028229878646802188,0.0,0.0,0.0,0.0,8.30979404906132e-11,0.0,0.015501396158472715,0.012552317163534665,0.019737233079040954,0.024153492446222734,0.0,0.0,0.003920373374131773,0.0,0.0,0.07128846275745548,0.05288947254991451,0.03875171226708544,0.04776850994297924,0.003957378457681321,0.023119970276542435,0.0,0.021220114220260825,0.0,0.019117773974889264,0.008057564783356303,0.011580272309249398,0.03657442768997516,0.0,0.0,0.09640576394627072,0.0504530070272792,0.0,0.03529060793502162,0.02206823687351828,0.0,0.0,0.0,0.0,0.0,0.0,0.0,0.0,0.0,0.0,0.0,0.0,0.0,0.0,0.0,0.0,0.0,0.04393575212465806,0.0,0.0,0.0,0.0010822569592275277,0.0,0.0,0.07163334960341196,0.03481864901268355,0.0,0.0,0.0,0.0,0.0,0.02333842837360977,0.0,0.0,0.008194776115265114,0.0,0.027149563041356385,0.0,0.03928695259382214,0.0027094399265418416,0.0,0.0,0.0,0.003667404244997874,0.0,0.01933620163963681,0.009563438111613162,0.0,0.0
2014-06-30,0.004114980929621292,0.0,0.0029890513408349882,0.007648711578444253,0.0,0.04304031609837132,0.015300638555516768,0.0,0.0,0.0,0.0030601246853200863,0.0,0.017861841932417903,0.022294224290830146,0.0,0.0,0.0,0.0,0.0,0.0,0.01755423975456341,0.013965826286115755,0.008763968282305848,0.029568017825459557,0.021144416461942057,0.0,0.010221113288066724,0.0,0.0007427642201253099,0.05758442994205258,0.07300146330903154,0.04374725156008608,0.05936752629584885,0.0005940984755830249,0.028825145096922737,0.009228304438892374,0.027300113127245063,0.0,0.04834887556588435,0.001835122223423618,0.019919346237931793,0.029715412426735557,0.0,0.0,0.07029715642008488,0.03777161210274461,0.0,0.025782341879382026,0.022208492767306593,0.0,0.0,0.0,0.0,0.0,0.0,0.0,0.0,0.0,0.0,0.0,0.0,0.0,0.0,0.0,0.0,0.0,0.017099701197162726,0.0,0.0,0.0,0.0,0.0,0.0,0.06112047136023985,0.041100564694720045,0.0,0.0,0.0,0.0,0.0,0.007231604547008041,0.0,0.0,0.006931167458433392,0.0,0.0309675339320009,0.0,0.05221720008591549,7.531554737675553e-11,0.0,0.0,0.0,0.0,0.0,0.0,0.009534829250112961,0.0,0.0
2014-07-31,0.0,0.0,0.0022570407183130684,0.012002700148828083,0.0,0.0367147611992786,0.019319609596816268,0.0,0.0,0.0,0.004960673808918728,0.0,0.02412099503482599,0.041959464688806514,7.59989467830331e-11,0.0,0.002537890109528671,0.0,0.0,0.0,0.02697183968953663,0.002273758263824523,0.005110733708325685,0.03534974789255933,0.0421445197405102,0.0,0.01143608488711945,0.0,0.0,0.047380847048001204,0.08133487810063318,0.041621242311437004,0.07613758945533217,0.014436392293266015,0.0,0.0,0.00638902429630492,0.0,0.03862722454122432,0.008444780303366877,0.017254848732344962,0.008714272550869281,0.0,0.001504674389451957,0.05662268699838233,0.03431969038211746,0.0,0.007887328128122758,0.025047280600355312,0.0,0.0,0.0,0.0,0.0,0.005773779743689774,0.0,0.0,0.0,0.0,0.0,0.0,0.00971598975213831,0.0,0.0,0.0,0.0,0.02306959151850825,0.0,0.0,0.0,0.0,0.0,0.0,0.07092826422782231,0.04868451136716302,0.0,0.0,0.0,0.0,0.0,0.008397674651679829,0.0,0.0,0.0,0.0,0.0305409464388978,0.0,0.037798096302609836,0.0,0.0,0.0,0.0,0.0,0.0,0.0035515032507802526,0.028657063052310226,0.0,0.0
2014-08-31,0.0,0.0,0.0003672048976401691,0.015583951212973597,0.0,0.032222611878660885,0.017161883100590247,0.0,0.0,0.0,0.0,0.0,0.0,0.02687758964991067,0.002363331526166935,0.0,0.007414768067031973,0.0,0.0,0.0,0.030922393228887825,0.0,0.0,0.021923355137439166,0.04568282646115392,0.0,0.03148663143368388,0.014745847540182214,0.010872438329412341,0.053266563852197586,0.03973411147940006,0.028906220026498744,0.035262260795463136,0.007873218756101742,0.0,0.0,0.0,0.0,0.04622690246341909,0.005872439060965607,0.01662482437657383,0.0,0.0,0.015095687946796103,0.028364964432520064,0.04462943230595937,0.0,0.007267993974218484,0.025185969850327908,0.0,0.0,8.903409150442184e-11,0.0,0.007495388465646222,0.01920166100871276,0.0,0.0,0.0,0.0,0.0,0.0,0.005086400915912395,0.0,0.0,0.0,0.000566711093186441,0.02206526285534212,0.0,0.014040815510148163,0.0,0.0,0.0,0.0,0.10422517390594195,0.09499660117049029,0.0,0.0,0.0,0.0,0.0,0.0,0.0,0.0,0.0,0.0071715484562094095,0.03974534863272145,0.0,0.0543307832122947,0.0,0.0,0.0,0.0,0.00030175716566744216,0.0,0.0,0.018837125734516923,0.0,0.0
2014-09-30,0.0,0.0,0.0,0.010864012599903524,0.0,0.03077977379494354,0.00764978897574115,0.0,0.0037716493929552085,0.0,0.0,0.0,0.009679260693296365,0.018640352419362054,0.0,0.0,0.007111771567724978,0.0,0.0,0.0,0.016113958008679242,0.0,0.0,0.00556038896870219,0.03770646528032778,0.0,0.03880579535736211,0.026725463914590467,0.007467953270794697,0.07486480876118105,0.04972314097492869,0.04355133280480663,0.019213599139203577,0.025189970222842445,0.0,0.0,0.0,0.0,0.08072261703706503,4.147800472241897e-05,0.01678187066025189,9.463959571099105e-05,0.009607150266532576,0.0,0.006581948202443705,0.028858797040702308,0.0,0.004619718481009581,0.020270376049129138,0.0,0.0,0.0045188561098279244,0.0,0.0011813441256783833,0.018895415406823626,0.0,1.0747499754629927e-10,0.0,0.0025635672311111104,0.0,0.0,0.0,0.0,0.0,0.0,0.005610790093807497,0.0294110473434417,0.0,0.0,0.0,0.0,0.0,0.0,0.1079964459877034,0.11590186373252101,0.0,0.0,0.0,0.0,0.0,0.0,0.0,0.0,0.0,0.00146183204721677,0.01578181742115968,0.0,0.07119668146039991,0.0,0.0,0.0,0.0,0.0,0.0,0.0,0.02448225744792072,0.0,0.0
2014-10-31,0.0,0.0,0.015637496514637382,0.004067722978078884,0.0,0.017056404103050118,0.0031901616722990736,0.0,0.00960525612406223,0.0,0.001175136501025393,0.0,0.0049272471402722045,0.00736540918086857,0.0,0.0,0.004271266806227181,0.0,0.01501565776144862,0.0,0.011710315382866425,0.0,0.002872086264311178,0.012027893219862045,0.027364554580071712,0.006837788287171682,0.0,0.04099563540665454,0.01831758587217821,0.09636388407648488,0.0652375328665094,0.047984806744571784,0.01756457791444859,0.0378299151735018,0.0,0.0,0.0,0.0,0.07430105596519793,0.00389593174039539,0.027071927696331325,0.0,1.1085645436566947e-10,0.0,0.0,0.02228545404072714,0.0,0.020860892730525993,0.0040867417190990196,0.0,0.0,0.0,0.0,0.0,0.0,0.0,0.0,0.0,0.0,0.0,0.0,0.0,0.0,0.0,0.0,0.0,0.011440076325034297,0.0,0.0,0.0,0.0,0.0,0.0,0.06328864067291787,0.11721129893376554,0.0,0.009007114370703851,0.02598831479323711,0.0,0.0,0.0,0.0,0.0,0.0,0.027447288315196144,0.017480578865306604,0.0,0.06158230786534433,0.0026173618513143275,0.0,0.0,0.0,0.03112571012865995,0.0,0.0,0.012890969304784814,0.0,0.0
2014-11-30,0.003737913283619569,0.011169614115649405,0.020310078634688835,0.0010336986318548562,0.0,0.0058826793585732414,0.0,0.0,0.0,0.0,9.89546996140998e-11,0.0,0.0,0.0,0.013282365055011519,0.0,0.011969395186242042,0.005066211726161736,0.016756598558859873,0.0,0.001822658438623664,0.0,0.0,0.0,0.04564010744866766,0.049275551228341416,0.003826281346474648,0.037043869250248634,0.03277571442568545,0.06531266195012884,0.052346587065831646,0.028567830234060083,0.048892300759816466,0.021669821585233347,0.006126151163413999,0.010737124164741152,0.009998269346497784,0.005909455349481237,0.03400758215578695,0.010621720195165784,0.0,0.0,0.009884752930853984,0.018999162102471445,0.0,0.0,0.0,0.0,0.0,0.0,0.0,0.0,0.0,0.0,0.0,0.0,0.0,0.0,0.0,0.0,0.0,0.0,0.0,0.0,0.0,0.0,0.0,0.0,0.0,0.0,0.0,0.0,0.0,0.0982287739734993,0.1541647053593842,0.0,0.022188712716438973,0.04103188576615319,0.0,0.0,0.004120550639284708,0.0,0.0,0.0,0.02383707786959304,0.006919438737221504,0.0,0.007087519968105393,0.017892664309077808,0.0,0.0,0.0,0.008913918251138042,0.03294859661896392,0.0,0.0,0.0,0.0
2014-12-31,0.0,0.0,0.003968105889610745,0.0,0.0,0.0,0.0,0.006954933173703259,0.0,0.0,0.0,0.0,0.0,0.0,0.0,0.0,0.0006787083594108525,0.0,0.015165904911258642,0.0,0.0,0.0,0.0,0.0,0.04436408393825431,0.06922960177857877,0.0009532615921033969,0.02887787425670878,0.01775992739950567,0.0308500009869105,0.05452493261250811,0.03404422001763721,0.057482556084322824,0.002006328382864897,0.0011287639746720695,0.01675542780471874,0.004052900072572187,0.0,0.05090136293672466,0.0,0.0,0.0,0.004457113266114726,0.0,0.0,0.0,0.0,0.0,0.0,0.0,0.0,0.0,0.0016130990694695618,0.01915310112060144,0.011766670060696071,0.0,0.0,0.0,0.016790464190508354,0.0,0.0,0.0,0.0,0.0,0.0,0.012597780482339851,1.013641899428745e-10,0.0,0.015888316230357243,0.0,0.0,0.0,0.0,0.0909749191877934,0.11597108720965128,0.0,0.027302558565927885,0.04384005168615118,0.0,0.0,0.0011490370712174136,0.0,0.0,0.00600746943019921,0.05066572123723372,0.012845116790792994,0.0,0.0,0.025171464663986273,0.0,0.0,0.0,0.018555534492129343,0.05438688567153366,0.009223298269557909,0.000923734039562487,0.0,0.021017682990746214
2015-01-31,0.0,0.0006260986156449759,0.008315632948579012,0.008082072187495916,1.0533089762152086e-10,0.001256354778388383,0.0,0.0,0.0,0.0,0.0,0.0,0.0,0.0,0.0,0.0,0.0,0.0,0.011518218495852897,0.0,0.0,0.0,0.0,0.0,0.026832242336107103,0.0790225500721123,0.0,0.036936666875969325,0.034746960615887834,0.044345420038661,0.055403310552109356,0.01742241645662106,0.07029013360629885,0.0021443857893012866,0.0,0.013864542132616403,0.0,0.0,0.04254139298594507,0.0,0.0,0.0,0.0066957922116870705,0.0,0.0,0.0,0.0,0.0,0.0,0.0,0.0,0.004178827368150954,0.010166958921678735,0.01921188957811476,0.01251546042576208,0.0,0.0,0.0,0.021130279463882143,0.0,0.0,0.0,0.009268865749231517,0.0,0.0,0.021296039127744856,0.0,0.0,0.006019872891231594,0.0,0.0,0.0,0.0,0.04975882602796752,0.0840216288574853,0.0,0.009049339614692687,0.027466944224919836,0.0,0.0,0.0026373572896134607,0.0,0.0,0.0189284421845736,0.06319733791499528,0.0,0.0,0.0003285708610684911,0.014036787706210651,0.0,0.0,0.0,0.043496450494671636,0.06296454927807771,0.020629501426013865,0.0003288442574518476,0.0,0.039323035531852596
2015-02-28,0.0,0.0,0.0,0.0,0.0,0.009751134454714311,0.0,0.0,0.0,0.0,0.007927321814745064,0.0,0.0,0.0,0.0,0.0,0.0,0.0,0.0007961074833375232,0.0,0.0,0.0,0.0,0.0,0.012406672021685864,0.06237587942786394,0.0,0.011364446559938521,0.021721461702008855,0.020483648163484774,0.03944963782947264,0.006110008189497899,0.06526688300820505,0.0,0.010630429833868811,0.02220531420969816,0.0,0.0,0.024007197564228446,0.0,0.0,0.0,0.0,0.0,0.0,0.0,0.0,0.0,0.0,0.022633138973365878,0.0,0.022185614989412752,0.023600549003269817,0.03726092817879572,0.027418100406483514,0.010697450978180438,0.006130637830408227,0.022112563148617103,0.05101056813407063,0.0,0.0,0.013513991101515313,0.02728776661870638,0.012649741448691005,0.004041561586402659,0.028054131655010993,0.02281129675021935,0.0,0.004164097395780005,0.0,0.0,0.0,0.0,0.04081406370043342,0.06536184290420581,0.0,0.0,0.01621892893756079,0.0,0.0,0.0,0.0,0.0,0.0,0.058533539971445,0.0,0.0,0.0,0.0,0.0,0.013826930617500165,0.0,0.0580929305863367,0.04585746276883373,0.04369192890941029,8.93363098254421e-11,0.0,0.00753409105325802
2015-03-31,0.0,0.0,0.0,0.0,0.0,0.0,0.0,0.0,0.0,0.0,0.0,0.0,0.0,0.0,0.0,0.0,0.0,0.0,0.0,0.0,0.0,0.0,0.0,0.0,0.002843142763448647,0.05690185688420535,0.0,0.0023207016986782594,0.017352732372519504,0.03175752114083978,0.03364580769341275,0.0,0.05921053521574562,0.0,0.04725913605341877,0.06953575356280133,0.016550485756739237,0.021732944687580386,0.03299079666496776,0.0,0.0,0.0,0.0,0.0,0.0,0.0,0.0,0.0,0.0,0.02040571260282409,0.0,0.00740423852019883,0.003702393378998337,0.01029568626255548,0.013279035243155038,0.0,0.0,0.01008826835898187,0.03183292290951374,0.0,0.0,0.0,0.014828237694870346,1.0602327742754748e-10,0.0,0.006291935239219938,0.016203313342704386,0.0,0.015841724940962046,0.0,0.0032530632136947455,0.0,0.0,0.01720735198871013,0.03296519787939402,0.0,0.011380063907455948,0.020565420055056533,0.0,0.0,0.0,0.0,0.0,0.008643120529391158,0.08917285151771707,0.01055236745194668,0.0,0.004655902912306606,0.001440507691372494,0.0,0.03754930797930604,0.0,0.07594678366641396,0.03687307524692034,0.06674859906257094,0.02584201314997023,0.0,0.014929490653408354
2015-04-30,0.0,0.0,0.0,0.0,0.0,0.014356722383003544,0.0,0.005857576175972258,0.0,0.0,0.0035982401381495707,0.0,0.0,0.0,0.0,0.0,0.0,0.0,0.0,0.0,0.0,0.0,0.0,0.0,0.01232175112105917,0.07768617480225612,0.0,0.0,0.025145765354203254,0.03530558541743117,0.05569660559557975,0.0,0.06738105006286337,0.0,0.06325174085496987,0.06428669898734637,0.019587387030960367,0.009332822663021894,0.027528222185086736,0.0,0.0,0.010281727509837132,0.0,0.0,0.0,0.0,0.0,0.0,0.0,0.010816123798000394,4.145630471104668e-05,0.003322242830299949,0.0,0.006022971963503861,0.004431420552483483,0.0,0.0,0.0009738987126031079,0.023823960740996773,0.0,0.0,0.0,0.01726845215230585,0.0,0.0,1.297557764932952e-10,0.017594701645568426,0.0,0.0,0.0,0.0,0.0,0.0,0.0,0.0015855937315420246,0.0,0.014454623055149819,0.017174507498842712,0.004282917280412091,0.0,0.0019659839541441276,0.0,0.0,0.006634790941627289,0.08314234529943773,0.011014408926546837,0.0,0.0,0.016606070748870275,0.0,0.02514723029409571,0.0,0.055412387410120896,0.04325692915244089,0.09031145703515593,0.03799691661156115,0.0,0.015100538948083289
2015-05-31,0.0,0.0,0.0,0.0004487394896031123,0.0,0.016066429728980584,0.0031918851380661976,0.02436336384804064,0.0,0.0,0.023841751994298055,0.0,0.0,0.0,0.0,0.0,0.0,0.0,0.010995528112490683,0.0,0.0,0.004069352295721715,0.0,0.0,0.005102553948388505,0.058509760779048764,0.0,0.0,0.042732378395157866,0.014314169836966567,0.04886477385180352,0.0,0.07648222916196812,0.0,0.033644899994954604,0.042376939721478546,0.0008731126911304179,0.0,0.009905009657180696,0.0,0.0,0.021587746830246085,0.0,0.0,0.0,0.0,0.0,0.0,0.0,0.020487819800902578,0.0,0.0030789530887332466,0.0,0.012189056716492227,0.0,0.0,0.0,0.00042828086354411877,0.01844767930383574,0.0,0.0,0.0,0.014237685923096537,0.0,0.0,0.0,0.025300938653153013,0.0,0.022532096432112132,0.0,0.0,0.0,0.0,0.0,0.0,0.0,0.0,0.01733266345769564,0.007629904525121455,0.0,0.0,0.0,0.0,0.0,0.059960617681735405,0.01425783584969798,0.0,0.009194907230915313,0.037188445179477066,1.5983827459162267e-10,0.005973377841467925,0.0,0.05943104661663252,0.0062388543944032005,0.11230213823565215,0.036370953298343396,0.010018653303640995,0.07002746596798436
2015-06-30,0.0,0.0,0.0,0.0,0.0,0.015839623729812194,0.0032836644665309857,0.01835526230270401,0.0,0.0,0.017393961169012536,0.0,0.0,0.0,0.0,0.0,0.0,0.0,0.0,0.0,0.0,0.00712360879374352,0.0,0.0,0.0025633412048241765,0.04562765805580074,0.0,0.0,0.01656034812577976,0.00045537590480518693,0.04057724116406964,0.0,0.05267337586380192,0.0,0.05837050189191797,0.05676450619028937,0.008880151121210409,0.007803680184888846,0.0,0.0,0.0,0.01001477664396211,0.0,0.0,0.0,0.0,0.0,0.0,0.0,0.027875499355617662,0.0,0.02019486994460601,0.007023429622417353,0.01899134925973726,0.011596945982443874,0.0,0.0,0.0,0.001958086762743139,0.0,0.0,0.0,0.036892525276358265,0.017135998541135393,0.0,0.005372463331763548,0.0,0.0,0.015495171026757282,0.0,0.0,0.0,0.0,0.0,0.0,0.0,0.0,0.007118416770560262,1.4426910286293275e-10,4.379910562139368e-05,0.0,0.0,0.0,0.0,0.06064278640744113,0.014189128326560337,0.0,0.0023658724608746715,0.04461343414784253,0.011694210832770951,0.020308975712166596,0.0,0.0464198231851146,0.021169180838520086,0.13536179698245568,0.03242931333812191,0.0,0.07881984583094753
2015-07-31,0.0,0.0,0.0,0.0,0.0,0.0233680466848531,0.008800376176736215,0.011115738537925064,0.0,0.0,0.01138273033028725,0.0,0.0,0.0,0.0,0.0,0.0,0.0,0.0,0.0,0.0,0.0,0.0,0.0,0.022586148383548197,0.0120015387840113,0.0,0.0,0.010689451510759966,0.0,0.03785001019384272,0.0,0.022642314417364622,0.0,0.05625613342161538,0.04982899097196192,0.021188108685497184,0.004119078226466977,0.011920837668720284,0.0,0.0,0.0412620575244603,0.0,0.0,0.0,0.0,0.0,0.0,0.0,0.031566021323934046,0.007720697116683571,0.028486638510217675,0.009223998922939266,0.013806922602527225,0.022385230107892385,0.01464526633467462,0.013983252516956932,0.0,0.009205357821094145,0.0,0.0,0.003233901153042472,0.032213251385403895,0.05038083857212985,0.002859730659795339,0.01464189608493862,1.500478084548052e-10,0.0,0.015114043447302411,0.0,0.0,0.0,0.0,0.0,0.0,0.0,0.0,0.0,0.0,0.0,0.0,0.0,0.0,0.0,0.01970884523316147,0.029136298037348095,0.0,0.031157831682588556,0.05094683548873451,0.0,0.025297141547447565,0.0,0.07294313080032651,0.0,0.09292391839020961,0.038094363640760805,0.0,0.025313026951792116
2015-08-31,0.0,0.0,0.0,0.0,0.005970745897216353,0.04564777787254567,0.0,0.0,0.0,0.0,0.045038472641418206,0.0,0.0,0.0,0.0,0.0,0.0,0.0014229035481400918,0.0,0.0,0.0,0.010739272606580502,0.0,0.004309927142934264,0.02787376514801738,0.0,0.0,0.0,0.009578686488512695,0.02667602863935623,0.025467086202803316,0.0,0.0,0.0,0.08123134553391949,0.07267276774777191,0.045754668972099115,0.04725874937618378,0.0,0.013725269684949307,0.018874997264554785,0.023240866557667487,0.0,0.0,0.0,0.012762673633214254,0.0,0.011135713772458134,0.0084198597178176,0.01329595634888549,0.05476118841725916,0.013900552271572704,0.0,0.0,0.0,0.0,1.4266381469061916e-10,0.0,0.0,0.0,0.0,0.0,0.007398128303023906,0.009137704337232757,0.0002829573710883367,0.0,0.0033297055033739108,0.0,0.0045630869201782175,0.0,0.0,0.0,0.0,0.0,0.0,0.0,0.0,0.0020253447127471214,0.009797247780050828,0.0,0.0,0.0,0.0,0.0,0.02078393895996501,0.01630032112796253,0.0,0.04783695263673228,0.038396141901430536,0.0,0.008480419338792521,0.0,0.043150935132911815,0.0,0.10131305846465313,0.058798298941187266,0.0,0.008646482940128083
2015-09-30,0.0,0.0,0.0,0.0,0.003690760255644629,0.04340596493166043,0.0,0.0,0.0,0.0,0.03662035948652224,0.0,0.0,0.0,0.0,0.0,0.0,0.009513598526012083,0.0,0.0,0.0,0.002876382014590283,0.0021484649869965744,0.00794521310439558,0.040561352175896834,0.0,0.0,0.0,0.0,0.0,0.02239142852801695,0.0,0.0,0.0,0.05876224618763916,0.03589193976816395,0.06094329036788196,0.06305329301027437,0.0,0.0035007169745840143,0.024141261516396194,0.023403727532734852,0.0,0.0,0.008476854091384179,0.02098670042540182,0.0,0.009991363503396156,0.011379869699968667,0.013765977660373218,0.044495528992250406,0.021261486731254976,0.0,0.004387512594214851,0.0,0.0,0.01792118226388223,0.0,0.0008766278140864763,0.0,0.0,1.503331187171331e-10,0.0,0.0,0.0,0.0,0.0,0.0,0.01168463459474172,0.0,0.0,0.0,0.0,0.0,0.0,0.0,0.0,0.021956661986415726,0.014456030568564046,0.0,0.0,0.0,0.0,0.0,0.014442780563445997,0.014913807588041129,0.0,0.036893242219145805,0.026575025347825187,0.0,0.00031190633018102996,0.0,0.037376588134958894,0.0,0.12144007775701787,0.09397700406963681,0.005109155884820823,0.008469981661248726
2015-10-31,0.0,0.0,0.0,0.0,0.0,0.021768663642335425,0.0,0.00507523117615953,0.0,0.0,0.027530483933174928,0.006764323966232477,0.0,0.0,0.012215782275077464,0.0,0.0036980553765316344,0.014807746003847034,0.0,0.0,0.0,0.0,0.0055891737444418,0.016367047537089494,0.013514930432349763,0.0,0.0,0.0,0.0,0.0,0.0,0.0,0.0,0.0,0.06134344474210048,0.03501316430160633,0.06785881649282506,0.09088950531733327,0.0,0.0,0.01575691235532303,0.013852004565125055,0.0,0.01059236613879972,0.009467508237147718,0.008401958649690252,0.0,0.0017780186097245874,0.015280993627789978,0.0013201045506330555,0.06337519542880801,0.009413243601309544,0.0,0.0,0.0,0.0,0.010675171898967608,0.0,0.0,0.008614978084123207,0.0,0.0,0.0,0.0,0.0,0.0,0.0,0.0,0.02895878631571821,0.0,0.0,0.0,0.0,0.0,0.0,1.4283416673967488e-10,0.0028987261721216905,0.03668127560201423,0.04261289302207721,0.006772757052266843,0.0,0.0,0.0,0.0,0.0005177836237824908,0.021634097495289432,0.0,0.04241772434606525,0.05218603029205573,0.0,0.0,0.0,0.0,0.0,0.09106189407964907,0.08326053975172303,0.017735640557362882,0.022297026858493472
2015-11-30,0.008614446043111448,0.0,0.0,0.01857213142634847,0.022937353392308058,0.03271226731124552,0.0,0.0,0.0,0.0,0.0475053139785124,0.011955732505951661,0.0,0.0,0.02887681800783362,0.0,0.0,0.00697436653617031,0.01040908819561194,0.0,0.0,0.0029185569994004314,0.007520405047350012,0.006775862325647471,0.0,0.0,0.0,0.0,0.011973124553277228,0.0,0.0,0.0,0.0,0.0,0.04488281979489558,0.025522079227672127,0.06790153139991247,0.05217091706949622,0.0,0.013262567252612281,0.008915108905113633,0.0,0.0,0.00438965019161148,0.007487318050600266,1.7522435082069346e-10,0.0,0.005317088854331619,0.000975223058248508,0.0,0.1139364889507198,0.012625295581693834,0.0,0.021539896275935777,0.0,0.0,0.005443287841585164,0.0,0.0,0.0,0.0,0.002178230167704348,0.0,0.0,0.0,0.0,0.0,0.0,0.0087126352896374,0.0,0.0,0.0,0.0,0.0,0.0,0.0,0.007764401114627268,0.03346636186388492,0.04302532358850956,0.0,0.0,0.0,0.0,0.0,0.0,0.04278907447800915,0.0,0.0440823625428148,0.0725915244680444,0.0,0.0,0.0,0.0,0.0,0.07041964884647321,0.04135007089268048,0.01737665974068853,0.014128968054504174
2015-12-31,0.016764301541860087,1.5610338842436888e-10,0.002360826139000169,0.005388893749782966,0.0343112101508508,0.02436658506737688,0.0,0.0,0.0,0.0,0.04306844712229993,0.006833011766941564,0.0,0.0,0.0136020860060053,0.0,0.0,0.00782737375021286,0.0,0.0,0.0,0.007327629986606172,0.02847223325222324,0.005015817390442036,0.0,0.0,0.0,0.0,0.0,0.0,0.0,0.0,0.0,0.0,0.05189944693965386,0.05314066575182126,0.07155439197283878,0.0587090924739415,0.0,0.00894060817932851,0.002741989389766236,0.0,0.0,0.010677606903071195,0.006824427617257288,0.0038980563610891963,0.0,0.025282719486716967,0.0,0.00790951382911889,0.1206930387511804,0.01673842836113932,0.0,0.02078246426785246,0.0,0.004553457992948599,0.0,0.0,0.0,0.0,0.0,0.0019318452511013818,0.0,0.0,0.0,0.0,0.0,0.0,0.0,0.0,0.0,0.0,0.0,0.0,0.0,0.0,0.0,0.0,0.01766377583069779,0.013505682120770442,0.0,0.0,0.0,0.00476736756633611,0.0,0.041584930617902874,0.0,0.0433813450141222,0.06619424442399015,0.0,0.0,0.0,0.0,0.021680091539761553,0.07420602021800159,0.04035125374713015,0.008451060136121473,0.006598059176634472
2016-01-31,0.013203616017139628,0.005721742837256834,0.0,0.0,0.012993852254987464,0.009561119005833573,0.0,0.0,0.0,0.0,0.009234215088220619,0.00037097497010098445,0.0,0.0,0.0,0.0,0.0,0.0035435087002930626,0.0,0.0,0.0,0.0,0.004015624277199536,0.0,0.0,0.0,0.0,0.0,0.0,0.0,0.0,0.0,0.0,0.0,0.09619640731177331,0.054631212264335455,0.054147795869166994,0.05018227917209709,0.0,0.0,0.0,0.0,0.0,0.0,0.0050190791790615304,0.0,0.0,0.016347361707513174,0.0,0.01252983795691726,0.1851707047383434,0.028590720239144503,0.0,0.02483066758504268,0.0,0.01149090759416786,0.015575121604925206,0.01563169856363946,0.005231393494817806,1.6072191358078323e-10,0.0,0.010265583023148691,0.0,0.0,0.005478548417500395,0.0,0.017925500127203186,0.0,0.0,0.0,0.0,0.0,0.0,0.0,0.0,0.001172612758756608,0.007297099259326153,0.007444299377113405,0.02302673265921743,0.006044506744039568,0.0,0.0,0.0,0.0,0.019097822983230768,0.04941327694385645,0.0,0.014538473597986224,0.04576863735283858,0.0,0.0,0.0,0.0,0.03677053213255886,0.06722827127628181,0.03710789738896059,0.007439815670727777,0.009760549694554121
2016-02-29,0.018444813886282815,0.008487059594163595,0.0,0.006658721202841258,0.024107056021914503,0.04357686024350971,0.0,0.0,0.0024805800979760166,0.0,0.0,0.0,0.0,0.0,2.0385498943816988e-10,0.0,0.0,0.0,0.005842910307373606,0.0,0.0,0.004137260871994713,0.019724470349138726,0.0,0.0,0.0,0.0,0.0,0.0,0.0,0.0,0.0,0.0,0.0,0.0903699644247697,0.015322989166956761,0.05781414532667297,0.023068678604173862,0.0,0.0008187209749572067,0.0,0.0,0.0,0.0,0.0022611348671919317,0.00037629629460628097,0.0,0.03188158004420573,0.0,0.01316932896350501,0.16788535831438664,0.03571106983230001,0.0,0.017696802802897284,0.0,0.0,0.03817963035457619,0.061440977243048776,0.04984949443516601,0.0,0.0,0.003706122699199788,0.0,0.0,0.0,0.0,0.07264538636155972,0.0,0.005604187272275808,0.0,0.0,0.0,0.0,0.0,0.0,0.001162927415205974,0.0018613227594000057,0.009084574490541992,0.01705247015969116,0.0,0.0,0.0,0.0,0.0,0.004131878407261036,0.014559739995733234,0.0,0.002215679994760549,0.03590547904699354,0.0,0.0,0.0,0.0,0.0,0.0455423682656353,0.023966289159013266,0.021771349435087343,0.0014843201091770187
2016-03-31,0.019842890268412967,0.000810942398051956,0.0,0.0,0.004259987033715618,0.01456663886787336,0.0,0.0,0.0,0.0,0.0,0.0,0.0,0.0,0.0040897777544279265,0.0,0.0,0.0,0.0,0.0,0.0,0.0,0.006428138639507136,0.0,0.0,0.0,0.0,0.006786938123447214,0.0,0.0,0.0,0.0,0.0,0.0,0.019625503291570832,0.0,0.024370208097596626,0.0,0.0,0.0,0.0,0.0,0.0,0.0,0.0,0.002244560673883417,0.0,0.021279469187272852,0.0,0.03219051734613626,0.15338045089576843,0.051764439284531706,0.014410678810257661,0.05152647201458582,0.006181149943094119,0.03753183497065968,0.04905346900750517,0.07009323626210288,0.05041366813591848,0.010726975368905064,0.0,0.03350763364679566,0.02182762523939815,0.005853876352251871,0.020369589228189842,0.01803784499816819,0.08420755500572216,0.0,0.0,0.0,0.0,0.0,0.0,0.0009956367797613426,0.004067577026507585,6.022267220745649e-05,0.0010954510255053555,1.430628851125218e-10,0.028209651302236384,0.0,0.0,0.0,0.0,0.0,0.017450819027806472,0.018690310067826878,0.0,0.0,0.0010719548023746704,0.0,0.0,0.0,0.0,0.0,0.06080870515751553,0.025732591242941475,0.006435009906502952,0.0
2016-04-30,0.020426358125919947,0.016547986508269535,0.0,0.0,1.2119369417309305e-10,0.017641079415866723,0.0,0.0,0.004963613834030804,0.0,0.0,0.0,0.0,0.010518664723750085,0.00024037453835600708,0.0,0.0,0.0,0.0,0.0,0.0,0.0,0.0,0.0,0.0,0.0,0.0,0.0055746669415550005,0.0,0.0,0.0,0.0,0.0,0.0,0.0,0.0,0.019404084861019924,0.0,0.0,0.0,0.0,0.0,0.0,0.0,0.0040895308263821034,0.00753525739954285,0.0,0.010594650745782494,0.0,0.04059015904655576,0.08490150411260722,0.06602446684935193,0.022817780209439538,0.048941550396074535,0.0004860095077959391,0.039840481704660875,0.06070738754680705,0.07500083187496101,0.030340326977233403,0.03237035952344334,0.0,0.049670468228255715,0.025816100342250112,0.02299318144741567,0.05528628913229496,0.02843275226449103,0.08059983478080361,0.0,0.0,0.0006387129127257363,0.0,0.0,0.0,0.0,0.0,0.005612161429550833,0.012546168815259592,0.017927485599959034,0.02865435788812414,0.0,0.0,0.0,0.0,0.0030844540106314423,0.0046921161595632616,0.011201922626840001,0.0,0.0,0.0,0.0,0.0,0.0,0.0,0.004130982242952687,0.02722067130277276,0.0019352150255096201,0.0,0.0
2016-05-31,0.027881423275849186,0.02385914472136288,0.0,0.0,0.0,0.015131526050941601,0.0,0.0,0.0028352762800920943,0.0,0.0,0.0,0.0,0.014503245809764326,0.0,0.0,0.0,0.0,0.0,0.0,0.0,0.0,0.012530831997393181,0.005716630555142875,0.0,0.0,0.0,0.021445849157581014,0.0,0.0,0.0,0.0,0.0,0.0,0.0,0.0,0.0,0.0,0.0,0.0,0.0,0.0,0.0,0.0,1.0117790695334499e-10,0.008740276020889516,0.0,0.009374481739118645,0.0,0.04943612179419259,0.06367000750216649,0.05466647896090761,0.033162166248148044,0.036162814463551934,0.0025200260733372957,0.058231515034592535,0.03041807681741167,0.05902537548771796,0.014771275279046866,0.01894184688179592,0.0,0.04695638091929138,0.03883310525303485,0.03265290106160012,0.05994888992638765,0.05521427604873863,0.07035814227007646,0.0,0.004178949511554761,0.009931959485187358,0.0,0.0,0.0,0.0016905912456952334,0.01139770601554647,0.0,0.008093616173073312,0.021770455094538118,0.031112634026174524,0.0,0.0,0.0,0.0,0.008697902927617334,0.0,0.009931279905623522,0.0,0.0,0.008982365656813268,0.0,0.0,0.0,0.0,0.007680277898783911,0.009544176328080922,0.0,0.0,0.0
2016-06-30,0.03326159146877152,0.02591408401292677,0.0,0.0,0.002372770267895753,0.02740110334472793,0.0,0.0,0.016882749825611047,0.0,0.0,0.0,0.0,0.025336496086706333,0.0,0.0,0.0,0.0,1.2647645224127326e-10,0.0,0.0,0.0,0.00014113909641452684,0.0,0.0,0.0,0.011986042450795764,0.03737350220221601,0.0,0.0,0.0,0.002188447360052155,0.0,0.0,0.0,0.0,0.0,0.0,0.0,0.0,0.0033412922713491632,0.0,0.0,0.0,0.009745969029376989,0.023724832278541705,0.0,0.035847218594002375,0.0,0.04726687307978579,0.006579187875605159,0.043134965994203196,0.01710491761330276,0.014932715098347251,0.0,0.03059459770077562,0.006690068793843749,0.09843069991097263,0.0,0.011494713558563373,0.0,0.044712258447907896,0.03548712092807717,0.039993385695534664,0.07177303907040793,0.051803628491481846,0.043998164654510015,0.0,0.0,0.013662604129269791,0.0,0.0,0.0,0.0,0.0,0.0,0.018675881369833527,0.03437129218674723,0.0500257939052881,0.0,0.0,0.0,0.0,0.0,0.0029863581530609412,0.0012691417269921363,0.0,0.0,0.004494393118050845,0.018403667166893612,0.0,0.0,0.0,0.0,0.029111678521609008,0.007485614393071247,0.0,0.0
2016-07-31,0.018591145966838783,0.01159428721572885,0.0,0.0,0.0,0.010908458964968426,0.0,0.004787053380085121,0.0008034233297448843,0.0,0.0,0.0,0.0,0.014545890910274016,0.0,0.0,0.0,0.00351718002042486,0.0,0.0,0.0008923430115988205,0.0,0.0,0.0,0.0,0.0,0.0182446737338946,0.03853085694736324,0.0,0.0,0.0,9.160528776364059e-11,0.0,0.0,0.0,0.0,0.0,0.0,0.0,0.0,0.008171136828815461,0.0,0.0,0.0,0.005956102120655582,0.024183950782579657,0.0,0.015901091218897337,0.0,0.04189676426254829,0.0,0.04739002789858444,0.02722118021756743,0.02137598125170366,0.009134102687426872,0.028451959244461034,0.029337396929156885,0.08458040992298035,0.031533948986444245,0.03257130355615839,0.0,0.03821810024104155,0.05045620623972412,0.06930360558094548,0.08515082577194692,0.04828202460992046,0.025248666816930075,0.0,0.0,0.023270306144542882,0.0,0.0,0.0,0.0,0.015540197795731063,0.012785676870493068,0.009416669633517392,0.022833234372718548,0.03278717030248505,0.0,0.0,0.0,0.0,0.0,0.0,0.0,0.0,0.0,0.0,0.00027890262287688964,0.0,0.0,0.0,0.0,0.023388480017272298,0.012919263499347695,0.0,0.0
2016-08-31,0.001813813308771724,0.001231681226607854,0.0,0.0,0.0,0.0,0.0,0.008686860230210612,0.0,0.0,0.0,0.0,0.0,0.0026803512856850243,0.0,0.0,0.0,0.006571525606828282,0.0,0.0,0.0,0.0,0.0,0.0,0.0,0.0,0.012878772459262758,0.032006877646709474,0.001179320204686537,0.0,0.0,0.0032662405462049074,0.0,0.00030501212583976923,0.0,0.0,0.0,0.0,0.0,0.0,0.0,0.0,0.0,0.0,0.0,0.00014132208121222587,0.0,0.0,0.0,0.045720593273051106,0.0,0.052896851376482874,0.031150250869476353,0.01688374509132445,0.02479488554686191,0.020278101805071426,0.05172899502028424,0.08369646689633492,0.031408487728991304,0.04828289001330156,0.0,0.04341245141826826,0.05513908264653928,0.08090370790423666,0.08399484884968571,0.05011722611985765,0.04332791990569456,0.00022584035377294184,0.0,0.03946208081248804,0.0,0.0,0.005521011717521902,0.0,0.01236074142676865,0.028670611144239,0.010612200576847286,0.02399610042286116,0.021030391050822904,0.0,5.666087336653176e-11,0.005824914494684708,0.0,0.0,0.0012395353641954353,0.0,0.0,0.0,0.0,0.0,0.0,0.0,0.0,0.0,0.008315722634260048,0.008242568757395624,0.0,0.0
2016-09-30,0.0058295336589210996,0.0,0.0,0.0010923600924481974,8.779006056575926e-11,0.019985486523305965,0.0,0.01839831550490932,0.0,0.0,0.0,0.0,0.015212462445465667,0.012061264912633075,0.0,0.0,0.0,0.01587622848635658,0.0,0.0,0.0,0.0,0.0,0.0,0.0,0.009926473346056446,0.04204866731396578,0.04434129565043997,0.0009549401704952345,0.0,0.0,0.0,0.0,0.003934891998312388,0.0,0.0,0.0,0.0,0.0,0.0,0.005746283459251511,0.0,0.0,0.0,0.0,0.0021736265903098528,0.0,0.0,0.0,0.043390948858606025,0.0,0.04481506392243669,0.03747221268757999,0.012835534585673125,0.018543816487552864,0.010568174579801786,0.02496544473552247,0.039474496253668154,0.01262866201874072,0.02337994549310572,0.0,0.05233013736279896,0.05867508677738214,0.09258474978304884,0.06000771665002248,0.06333995419176376,0.02800396820550456,0.0,0.0,0.06822694243034534,0.0,0.0,0.0,0.0,0.0,0.042102100911332235,0.0,0.01365269820948255,0.013185794241821413,0.0,0.0,0.005933693984552099,0.0,0.00813222901535963,0.01304248699946243,0.0,0.0,0.0,0.0,0.0,0.0,0.0,0.0,0.0,0.003863829431254668,0.011262481942520136,0.0,0.0
2016-10-31,0.0,0.0,0.0,0.0,0.0,0.0,0.0,0.0,0.0,0.0,0.0,0.008113327962181515,0.032019142296579574,0.013376754868583234,0.0,0.0,0.0,0.03207217644536149,0.0,0.0,0.0,0.0,0.0,0.0,0.0049839582163843784,0.0,0.04827414781674922,0.05505939049455848,0.0,0.0,0.00037796905312586495,0.0,0.0,0.01559022969593942,0.0,0.0,0.0,0.0,0.0,0.0,0.015208413008299981,0.0,0.0,0.0,0.0018747367998897659,0.022590223888384473,0.0,0.0,0.011497848507103775,0.028606404372731098,0.0,0.03166665028133633,0.04896312996156295,0.005306399681935887,0.035019778415296327,0.010416997256952998,0.0,0.0,0.0,0.03364082605596586,0.0,0.04955043188144473,0.062377354614007084,0.10613874887780948,0.04685722800619881,0.04182837811194333,0.0,0.005665209861230796,0.0,0.10211870670482742,0.0,0.010227198121933605,0.0134267049701763,0.0,0.0,0.04346419264177292,0.0,0.005291625007464313,0.008683521757490178,0.006793864987354388,0.006851795293619373,0.007809695517756343,0.0,1.0474199175991744e-10,0.0038471930017110385,0.0,0.0,0.0,0.0,0.00778953563452007,0.0,0.0,0.0,0.0,0.005146708768571298,0.011473401056503865,0.0,0.0
2016-11-30,0.0,0.03674968051992592,0.0,0.020493116318676133,0.0,0.00258959981611127,0.02014629935932964,0.0,0.01605625899102163,0.0,0.0,0.013024698464918957,0.04351238558226694,0.038622208447202336,0.006605673894778455,0.0,0.0,0.08956583031516635,0.0,0.0,0.0,0.009393280166524548,0.0,0.0,0.041033273327773366,0.0,0.07580329673787665,0.031081525108557214,0.0,0.0,0.016813931345802717,0.0,0.0015579927895913658,0.026224705407222,0.0,0.0,0.0,0.0,0.0,0.0,0.03553057655105194,0.017426732362658494,0.0,1.5466330377940492e-10,0.0,0.027359793319964326,0.0,0.0034962218356999817,0.02745771525574425,0.0,0.0,0.0038229217225377804,0.0015857826068410652,0.0,0.0,0.0,0.0,0.0,0.0,0.0005691519959833495,0.0,0.0019288828827919823,0.04639284942695392,0.04381144207048681,0.0,0.013486964449246616,0.0,0.0,0.0,0.09987316905311151,0.0,0.02074241425682877,0.03382037340684755,0.0,0.0,0.022117236863594392,0.004508600695419466,0.04252489080621418,0.0,0.0,0.0,0.03752788042868573,0.0,0.0,0.0,0.0,0.0,0.0,0.008737203905339075,0.014633282700101603,0.0,0.0,0.0,0.0,0.0,0.0033721566564882707,0.0,0.0
2016-12-31,0.0,0.018612746361638774,0.0,0.026262189467430138,0.0,0.023044628386907313,0.012658134831875768,0.0,0.0024444304101253777,0.0,0.0034781418306414386,0.021060969018195614,0.03241341089211324,0.004181013267068899,0.0,0.0,0.0,0.012363262626015833,0.0,0.0,0.0,0.009894025841104409,0.0,0.0,0.04804587313497661,0.0,0.06546439718496645,0.014340337682360106,0.0,0.0,0.03991357686070901,0.0,0.0,0.0852508157569771,0.0,0.0025553944663886555,0.0,0.0,0.0,0.007402131920803357,0.043051902165884066,0.04540565973752808,0.0,0.00026506740667187637,0.010711213909312354,0.03618080494062858,0.0,0.044955616139306265,0.02841976898774002,0.0,0.0,0.0,0.0,0.0,0.0,0.0,0.0,0.0,0.0,0.0,0.0,0.004341469176271937,0.04447464870411137,0.0,0.0,0.0,0.0,0.0,0.0,0.09429870474362545,0.006744924132916422,0.022910574673876354,0.024726758121308003,0.0,0.0,0.04185418093926605,0.008994003688591505,0.0395413893922724,1.370220264751031e-10,0.0,0.0,0.004895534528719965,0.0,0.0,0.0,0.0,0.0,0.0,0.014492702659291456,0.03304695766800154,0.0,0.0,0.0,0.0,0.0035511930484470183,0.017751445158909283,0.0,0.0
2017-01-31,0.0,0.03528474999783278,0.0,0.024114230790011685,0.0,0.009545527818664547,0.003154356566180829,0.0,0.0,0.0,0.002212534362794152,0.01732404692507148,0.02661015445475242,0.0,0.01075094499054966,0.0,0.003989380798971332,0.0,0.0,0.0,0.0,0.02283507562105393,0.0,0.0,0.05843005442447918,0.01871791780458645,0.07595275540122134,0.018924430279252096,0.0,0.0,0.01655398878337131,0.0,0.0,0.08019061830464524,0.01756196899404854,0.026106035639304307,0.008318499495767883,0.0,0.0,0.004653634773783307,0.05279164374745552,0.06638235028679475,0.0,0.007906728535505307,0.013258417003190082,0.04006162418542295,0.0,0.060691604870508856,0.050472496911690895,0.0,0.0,0.0,0.0,0.0,0.0,0.0,0.0,0.0,0.0,0.0,0.0,0.0,0.0,0.0,0.0,0.0,0.0,0.0,0.0,0.01654115854234657,0.00013262912077701078,0.0,0.0006964347036227588,0.0,0.0,0.006773515237688467,0.01078470051528102,0.04049780099250372,0.0,0.0,0.0,0.0,0.0,0.0,0.007866253614989702,1.6321386040255195e-10,0.0,0.0,0.009992214126127103,0.04825471236703987,0.0,0.0,0.0,0.0,0.01955288101345884,0.0366105071944427,0.0,0.0295014206415975
2017-02-28,0.0,0.0,0.0,0.00970200514446381,0.0,0.0,0.0,0.0,0.0,0.0,0.0,0.0,0.018209447869683523,0.0,0.0,0.0,0.0,0.014123694451343607,0.0,0.0,0.0,0.004440781964563819,0.0,0.005969882074413809,0.010380253042081506,0.018733018010178994,0.005450817134741018,0.01851007532046346,0.0,0.022366388784922996,0.0,0.0,0.005894210527367773,0.058414101205952466,0.0039133096001123645,0.030891073098305775,0.0,0.0,0.0,0.004666322859701245,0.050308258099559265,0.052882581630897686,0.0,0.007175642723507261,0.0,0.04925534537472363,0.0,0.07677664457629349,0.041875661225575976,0.0,0.0,0.0,0.0,0.0,0.0,0.0,0.0,0.0,0.0,0.0,0.0,0.0,0.0015143209270524506,0.0,0.0,0.0,0.0,0.0,0.03472345824580797,0.05552786630259216,0.0581217958401616,0.045946473449796986,0.0747734670569132,0.02836328910282588,0.03205657869869033,0.009856192074320869,0.0,0.011847176879339033,0.0,0.0,0.009044312168656483,0.003316890727246031,0.0,0.0,0.0,0.017110792570797378,0.0,0.0001149072911606108,0.014719428215039333,0.02928448630422747,1.5955630405277064e-10,0.0,0.0,0.0,0.0,0.003339457489992622,0.0,0.06039959177696985
2017-03-31,0.0,0.0,0.0,0.004551195231749527,0.0,0.0,0.0,0.0,0.0,0.0,0.0,0.008606315499929648,0.0077259668356218884,0.0,0.006361948550219366,0.0,0.0,0.0,0.0,0.0,0.0,0.0,0.0,0.0,0.02877602010789154,0.005619932859696713,0.0,0.0,0.0,0.0082753695802193,0.0,0.0,0.015299287116940959,0.023615341829584673,0.05495292452780975,0.05481120942507171,0.0,0.006431640531311025,0.0,0.0,0.014185857986749246,0.05715903793231402,0.004406867831513518,0.01222065863375914,0.0,0.02067268981499236,0.0,0.03684376326451033,0.018855098841647298,0.0,0.0,0.0,0.0,0.0,0.0,0.0,0.0,0.0,0.0,0.0,0.0,0.0,0.0,0.0,0.0,0.0,0.0,0.0,0.03024622929711261,0.0007382655784290544,0.029050295228948468,0.018757877841689113,0.04662005906005401,0.03311842222088194,0.04045975032491418,0.012339811747627688,0.010993177042164723,0.04158226955800072,0.0,1.7056435664746473e-10,0.004986460913929289,0.03746132341761859,0.0,0.0,0.0,0.10123336821364451,0.0,0.031159006475105874,0.08461758554535505,0.02887645835914114,0.004175056430533417,0.0,0.015430285495146604,0.001121725709145871,0.0,0.0,0.0,0.03766144496846096
2017-04-30,0.0,0.005010847051100777,0.02439633847760051,0.020042403433366187,0.0,0.013229540925585079,0.0,0.0,0.0,0.0,0.0,0.04656831332037135,0.027060441496612162,0.0006799323402387795,0.03206327626228821,0.0,0.0,0.0,0.016274300033934076,0.0,0.0,0.0,0.008241104401571003,0.0023169338218166913,0.021809767004487148,0.0,0.022323349842321503,0.0,0.0,0.0,0.0,0.0,0.025557491177219224,0.014614317889050167,0.04256219902598917,0.05186307866978566,0.004771591032112395,0.0,0.0,0.0,0.005336516029385275,0.036688257115667006,0.018220773325091172,0.03546728660295907,0.0,0.015075905459296358,0.0,0.02850393466296912,0.02746255097778733,0.0,0.0,0.0,0.0,0.0,0.0,0.0,0.0,0.0,0.0,0.0,0.0,0.0,0.0,0.0,0.0,0.0,0.0,0.0,0.04139584047383354,1.4921064845359895e-10,0.0191152710457907,0.014773174055621974,0.02449822658161759,0.01444618522174831,0.01253804751970132,0.0,0.0,0.022689865044515884,0.0,0.0,0.0,0.004563975507473821,0.0,0.0,0.0,0.07330451423575601,0.0,0.03575947926961797,0.09834851622022402,0.062194883466997954,0.0,0.0,0.007541351567137935,0.0,0.0,0.0,0.0,0.022690219262146746
2017-05-31,0.0,0.013850079401159643,0.0318133632484338,0.0,0.0,0.0,0.0,0.0,0.0,0.022537675292260105,0.0,0.003589968383093862,0.0,0.0,0.04593429874599411,0.0,0.0,0.0,0.049668288581890804,0.0,0.009731051312150537,0.0,0.04109420691987554,0.0,0.0065416618210019685,0.0,0.01212770795078642,1.5164527304451392e-10,0.005704713100878178,0.0,0.0,0.008386365887747011,0.019121861136791186,0.003228971404767343,0.026147460698016683,0.034293194315400684,0.0,0.0,0.0,0.0,0.0,0.03451873876559675,0.0,0.0,0.0,0.0,0.0,0.019040220538055364,0.0,0.0,0.0,0.0,0.0,0.0,0.0,0.0,0.0,0.0,0.0,0.0,0.0,0.0,0.0,0.0,0.0,0.0,0.0,0.001105215568593521,0.04524767707138514,0.003678414170930903,0.040169252983910886,0.018376768597375852,0.03553793131485134,0.025582895739256494,0.04601758136539816,0.0,0.028562901689234622,0.056128698367308265,0.005453054826394025,0.0,0.0,0.016433683999796497,0.0,0.0009228626387836304,0.0,0.07049658048659266,0.0,0.0034462402181110923,0.08977066143851523,0.08632639027963795,0.0,0.0,0.0,0.012178789180019295,0.00047209577287046106,0.02419252899239972,0.0,0.0025699476430889874
2017-06-30,0.0,0.006386946833997106,0.0059101373643217015,0.0,0.0,0.0,0.0,0.0,0.0,0.0,0.0,0.0,0.0,0.0,0.039528901833450134,0.0,0.0,0.0,0.030527635548079583,0.009598383446607968,0.026735849601279296,0.014843653481712888,0.057504555374124765,0.008301817000158047,0.0,0.0,0.0,0.0,0.0,0.011806595733106034,0.0035819174917551357,0.0,0.0015705428624511613,0.0,0.03173679637947373,0.07064834027797252,0.0,0.0,0.009364212633493754,0.0,0.0,0.01407141995967532,0.0,0.0,0.0,0.0,0.0,0.014522215048298861,0.0,0.0,0.0,0.0,0.0,0.005942640416298175,1.1535961858661159e-10,0.0,0.0,0.0,0.0,0.0,0.0,0.0,0.0,0.0,0.0,0.0,0.0,0.0,0.04551860758389062,0.0,0.03482062319455704,0.0013070716106543792,0.037507058939722664,0.029007350778450517,0.04436984936306437,0.0,0.018852358501608643,0.03789481575151769,0.000822577619074691,0.0,0.0,0.01294066109510218,0.0,0.039595967099084965,0.012722494533804862,0.0707364630143548,0.0,0.0,0.06660410356179323,0.07592042925833115,0.0,0.0,0.011356495718961003,0.008544109564389092,0.02050074681971103,0.0398028951114537,0.004319713167059027,0.0242730463117986
2017-07-31,0.0,0.0,0.0,0.0,0.0,0.0,0.0,0.01825444324685085,0.0,0.0,0.0,0.0,0.0,0.0,0.0,0.0,0.0,0.0,0.011879582681041112,0.005557620419248103,0.02938350360655092,0.0,0.019922597967848323,0.0,0.0,0.0,0.006975182005385885,0.02213445497214953,0.0,0.03932745141637747,0.02275553506887382,0.018939509384626033,0.0,0.0,0.0245880547122514,0.054643858507529924,0.0,0.004638182085360122,0.009114930602807802,0.0,0.0,0.0,0.0,0.0,0.0,0.0,0.0,0.016566196994398093,0.0,0.0,0.0011466624806738966,0.0,0.0,0.009149900859867421,0.003922947945767223,0.0,0.0,0.0,0.0,0.0,0.0,0.0,0.0,0.0,0.0,0.0,0.0,0.0,0.02515491516069996,0.0,0.03673854363027967,0.0,0.01464551464647784,0.03258563231480955,0.047501720261472924,0.0,0.015223532681429454,0.029108281697483362,1.4098287765990858e-10,0.007012693535161954,0.0013347123370192405,0.0,0.0,0.06010509991122886,0.01881482186826344,0.07749077514959134,0.0,0.005262344430238988,0.07750069946584422,0.08207500050448738,0.0,0.0,0.014362038245588658,0.028933563412850274,0.02182379052742945,0.027463243089274867,0.007884662261862544,0.050077799769915374
2017-08-31,0.0,0.0,0.0,0.0,0.0,0.0,0.0,0.008758024205281108,0.0,0.0,0.0,0.0,0.0,0.0,0.0,0.0,0.0,0.0,0.010021655526000135,0.040302500101507883,0.041226924777012904,0.002482018445240336,0.03274580462418177,0.00876085888503295,0.0005504059122014858,0.0,1.347809493308137e-10,0.05340019985831602,0.0,0.007852259159434659,0.0,0.018770821706652938,0.03045385855873677,0.0,0.02027002723905118,0.04789600993507937,0.0,0.0,0.04550097492892138,0.0,0.0,0.0,0.0,0.0,0.0,0.0,0.0,0.0,0.0,0.013785239061963928,0.0,0.007634462896523499,0.003988327916051171,0.04306371448253325,0.024054310604700594,0.012777656681644179,0.0,0.0,0.0186538891168868,0.0005562840221939212,0.040513862395808675,0.0,0.0,0.0,0.0,0.0,0.0,0.0,0.021852209225846454,0.0,0.042061449744790806,0.00984458315154527,0.009348216054224062,0.016741456292706465,0.032487155878542055,0.0,0.0,0.0,0.0,0.005471153936410232,0.0,0.01143691309474047,0.0,0.03538498238270639,0.0,0.0919423841385409,0.0,0.0,0.058534056908732104,0.04944065305708207,0.0,0.0,0.0,0.02254373935964714,0.0,0.0,0.0036883956598361884,0.05520255993891146
2017-09-30,0.0,0.0,0.0,0.0,0.0,0.0,0.0,0.007126453188003698,0.0,0.0,0.0,0.0,0.0,0.0,0.0,0.0,0.0,0.0,0.014380488154955216,0.008121134306462205,0.015610256171288547,0.0,0.010591388740242949,0.005112365191552258,0.0,0.0,0.0,0.038631038422955344,0.0,0.0,0.0,0.0,0.0031499636158604178,0.0,1.0347203727267798e-10,0.008448914200661678,0.0,0.0,0.022771143843748357,0.0,0.0,0.0,0.0,0.0,0.0,0.0,0.0,0.0,0.0,0.013659671953900696,0.0,0.019018300682732494,0.003868636457022635,0.052234855705224265,0.05202734795917705,0.033492841847641966,0.0,0.0,0.03285513489103131,0.015380343746468177,0.05937759764931401,0.01811726711962919,0.0,0.0,0.0,0.0,0.0,0.0025614937767977257,0.031249842271855,0.010851424422888079,0.05071678404665963,0.024716321410037753,0.031807434797481555,0.040420273190186026,0.05074691222198116,0.0,0.0,0.0,0.0,0.008020204758798147,0.012921419659947003,0.023500297464549957,0.0,0.04684774444284793,0.002390441115844151,0.07648966541143797,0.0,0.007636593864701509,0.05302707922692768,0.06098201947989643,0.0,0.0,0.0,0.025652653524604583,0.0,0.0,0.0,0.005486250961213323
2017-10-31,0.0,0.01870542422872631,0.0040611081606479645,0.0,0.0,0.0,0.0,0.030849750650956596,0.0,0.0,0.0,0.0,0.0,0.017735257327189422,0.0266564000081981,0.0,0.0,0.0,0.0,0.007190993829643737,0.04535054883760447,0.027563749078002672,0.032182633305879574,0.01613845388263005,0.012069203900504614,0.0,0.002108788043502966,0.02340796999436876,0.001865011681467484,0.0,0.0,0.0,0.0,0.0,0.03457199596668485,0.04470756176441354,0.03598315057684861,0.028999635716075983,0.019356375386769493,0.0,0.0,0.0,0.0,0.0,0.0,0.0,0.0,0.013716847616425682,0.0,0.0023662406373988667,0.0,0.0,0.0,0.029856288735908593,0.021667412907050456,0.004023405158578541,0.0,0.0,0.01786698931556562,0.0,0.024708301859879316,0.0,0.0,0.0,0.0,0.0,0.0,0.0,0.00242381058719256,0.0,0.015768414340016166,0.0,0.0,0.022007658383993343,0.0,0.0,0.0,1.1949545723305492e-10,0.0,0.01845435782959745,0.002416992884523615,0.010664459687619388,0.0,0.07138997820821492,0.029557504315106044,0.1101961298317808,0.0,0.012198678521519206,0.06176695583591553,0.06667487864795549,0.0,0.0,0.0,0.03277068223614769,0.0,0.0,0.0,0.0
2017-11-30,0.0011552929294399658,0.0008077812759248665,0.004742206244166847,0.0,0.0,0.0,0.0,0.03945344421856025,0.0,0.0,1.1056691362287746e-10,0.0,0.0,0.02568173988911607,0.009097889720807347,0.0,0.0006227677423681355,0.0,0.005756065394855401,0.040283981171902516,0.05795823894269843,0.04336226293446459,0.04084054227923153,0.020443895476432168,0.0,0.0,0.0,0.009905804112133463,0.0,0.0,0.0,0.0,0.0,0.0,0.023582693564382265,0.04140832604943275,0.03377541990249304,0.01999087549899284,0.019811149050116224,0.0,0.0,0.0,0.0,0.0,0.0,0.0,0.0,0.011614613403464156,0.0,0.0,0.0,0.0,0.0,0.028300960264343922,0.025793922571635864,0.0,0.0,0.0,0.014568042466024179,0.0,0.011701469501779698,0.0,0.0,0.0,0.0,0.0,0.0,0.0,0.0122966333368355,0.0,0.019280619602183104,0.006608610599092568,0.0,0.022954470071725044,0.0,0.0,0.0,0.0,0.0,0.021126825793951122,0.010271679364368642,0.00014130357133411718,0.0,0.0837653901439653,0.039601997898248704,0.09246642317018663,0.0,0.015986890657249658,0.03701357873679288,0.07547285337696125,0.0,0.0,0.013144854710499684,0.019208484251272383,0.0,0.0,0.0,0.0
2017-12-31,0.0,0.019325382685373656,0.0,0.0,0.014563279459661288,0.0,0.0,0.024162811511111215,0.0,0.003294486898307674,0.010423022954081908,0.0,0.0,0.0,0.012702905959881267,0.0,0.0,0.0,0.0,0.03881317501371518,0.05854009383763133,0.03246484431942058,0.03305264392165414,0.022003102128961553,0.0,0.0,0.0,0.003734105041176443,0.0,0.0,0.0,0.0,0.0,0.0,0.04226981397972418,0.05007061553751523,0.04209543077352248,0.04577765806974402,0.022716409512784128,0.0,0.0,0.0,0.0,0.0,0.0,0.0,0.0,0.019607289903402908,0.0,0.006423122957853134,0.0,0.0,0.0,0.03494742005719806,0.007384093415821832,1.1151407177425906e-10,0.0,0.0,0.004555193321797792,0.0,0.0,0.0,0.0,0.0,0.0,0.0,0.0,0.0,0.00971121903634937,0.0,0.018286299137807063,0.006423282634016905,0.0,0.0017838525315727923,0.0,0.0,0.0,0.008727861146133437,0.0,0.03075830629209541,0.0025796746652726496,0.012236662339957828,0.0,0.09536296681883935,0.07175800771119462,0.06422834963778166,0.0,0.015950955650272672,0.04271508566422013,0.04209423057728714,0.0,0.0,0.020773566934782058,0.004967847763827087,0.002714930086735782,0.0,0.0,0.0
2018-01-31,0.0,0.024382046150628018,0.003334961406037121,0.0030318723495506086,0.02240981641597869,0.012556919145885151,0.0,0.01626162688441943,0.0,0.011110938821416639,0.028144552707031856,0.0,0.0,0.0,0.009079683670905713,0.0,0.0,0.0,0.0,0.04512240405719099,0.06227932914001701,0.035568439708684306,0.02063866519904223,0.034348509543711686,0.0,0.0,0.0,9.827566225636858e-11,0.0,0.0034586555230416783,0.0,0.0,0.0,0.0,0.05467207843146497,0.05079535747377333,0.037046324097823595,0.054486920946327885,0.0,0.0,0.0,0.0,0.0,0.0,0.0,0.0,0.0,0.01823696845429206,0.0,0.0,0.0,0.0,0.0,0.009811697363646878,0.0,0.0,0.0,0.0,0.007877492879810237,0.0,0.0,0.0,0.0,0.0,0.0,0.0,0.0,0.005970894995880972,0.020299786852928735,0.0,0.028528267647370778,0.015617589710554644,0.010836577757457397,0.018540102137112616,0.0,0.0,0.0,0.010346684304125338,0.0,0.00934665256589799,0.0,0.02551953904128883,0.0,0.06617477689085213,0.044341471984628594,0.04277862336175049,0.0,0.0374031926909975,0.03769031620448684,0.019477307791161365,0.0,0.0,0.042047171091446456,0.0,0.00042578450310364876,0.0,0.0,0.0
2018-02-28,5.599723250001428e-05,0.022527138453704958,0.015834375883546133,0.006168052267554816,0.0260563763823828,0.011411414963488822,0.0,0.0,0.0,0.020521697329780392,0.0128459963527719,0.0,0.0,0.0,0.0,0.0,0.0,0.013790489404816142,0.0,0.05151414070724515,0.041885176269250604,0.01210753344421355,0.010788531127935819,0.022460760487262033,0.0,0.0,0.006785260392283769,0.0,0.0,0.0,0.0,0.0,0.00426012284087425,0.0,0.062438119031974375,0.05165230935757995,0.0415816180531094,0.05509551119107418,0.0,0.0,0.0,0.0,0.0,0.0,8.559631517023109e-11,0.0,0.0,0.0,0.0,0.0,0.0,0.0,0.0,0.0,0.0,0.0,0.0,0.0,0.0,0.0,0.0,0.0,0.0,0.0,0.0,0.0,0.0,0.010470279979171996,0.025604101579674816,0.009041396070517656,0.03567066894567384,0.021344332549025166,0.02614624993620555,0.010780279775167092,0.0,0.0,0.0,0.022707850447452327,0.009945544615743339,0.01687500098281068,0.029935825659790184,0.040585589033393134,0.0,0.04226649148688409,0.036873151436862955,0.051876857464058325,0.0,0.052793540180678174,0.03080278478866264,0.0,0.0,0.0,0.02602207587031398,0.010477357938968746,0.0,0.0,0.0,0.0
2018-03-31,0.0,0.0013306170363133823,0.018371790633310788,0.0,0.0001153302296868167,0.03608038617338883,0.0,0.0,0.0,0.016464303107052377,0.019999151304144844,0.0,0.0,0.0,0.0026128405988431564,0.0,0.0,0.046570902821715096,0.0,0.05794085195929512,0.028702295631729144,0.01445794890770914,0.0360382351398046,0.04790932267526493,0.0,0.0,0.002879348184313647,0.0,0.0,0.0,0.0,0.0,9.395924580707808e-11,0.0,0.04126967175366137,0.031722622021651305,0.001364266230684566,0.031561563008298564,0.0,0.0,0.0,0.0,0.0,0.0,0.00047331587578161913,0.0,0.0,0.0,0.0,0.01094595340306556,0.0,0.0,0.0,0.0,0.0,0.0,0.0,0.005613220243428259,0.0,0.0,0.0,0.0,0.0,0.0,0.0,0.0,0.0,0.021361798564756413,0.0668439652855347,0.03185355559637973,0.039662089276878,0.029103663672189087,0.04465815019117572,0.009466903381948319,0.0,0.0,0.010495798010007598,0.03444158160831258,0.037471689514177405,0.028237323376149905,0.031715144928478635,0.03972948005400971,0.0,0.014679244307273413,0.024386494856815377,0.017891779467705902,0.0,0.02648507673863734,0.0,0.0,0.0,0.0,0.03909232413646791,0.0,0.0,0.0,0.0,0.0
2018-04-30,0.0,0.0038368658017505137,0.0374185565109436,0.0026056538037737185,0.001932461998165417,0.03651008621059254,0.0,0.0,0.0,0.00464746281510091,0.01618634034312459,0.0,0.0,0.0,0.0004271085143459059,0.0,0.0,0.0477143011296167,0.0,0.0885256771832802,0.026797498149939418,0.031482887816905135,0.0528505900979878,0.04443795337699637,0.0,0.0,0.0,0.0,0.0,0.01938642283298698,0.0,0.0,0.0,0.0,0.05945215085313096,0.04952957669271656,0.018985048134681364,0.05725531834556141,0.0,0.0,0.0,0.0,0.00484319342044852,0.0,0.020878188095994288,0.0,0.0,0.0,0.0,0.0,0.0,0.0,0.0,0.0,0.0,0.0,0.0,0.01782133156340267,0.0,0.0,0.0,0.0,0.0,0.0,0.0,0.0,0.0,0.0030936315676115935,0.06159492245998684,0.003830038269069204,0.017562581589221637,0.005318349018257574,0.024294463353745552,0.0066206405216450975,0.0,0.0,0.004099703991951895,0.04082088717951241,0.03992145856062719,1.0877885518749648e-10,0.013661976127356075,0.015240942770904134,0.0,0.018572797761191733,0.04193693824665736,0.0,0.0,0.021098401365540767,0.0,0.0,0.0,0.0,0.026806294353841333,0.012001299062655102,0.0,0.0,0.0,0.0
2018-05-31,0.0,0.007791212989198344,0.05062039145621423,0.025340318982577582,0.016956149152247427,0.03740036169950927,0.0,0.0,0.0,0.0,0.02311861962051194,0.0027805900244026764,0.0,1.1017794059253479e-10,0.006587890094220002,0.0,0.0,0.030221574281519677,0.0,0.10981254738153999,0.033877945816309575,0.03463401452514703,0.04599668208922592,0.04954623666403403,0.0,0.0,0.0008407807001871548,0.0,0.0,0.03373377655959353,0.0,0.0,0.0,0.0,0.07205340102418711,0.05587395512352905,0.024166278109178447,0.055622534273638245,0.0,0.0,0.008852493703124626,0.0,0.012871452783913105,0.011490759989627106,0.03658535874380755,0.0,0.0,0.0,0.0,0.0,0.0,0.0,0.0,0.0,0.0,0.0,0.0,0.0,0.0,0.0,0.0,0.0,0.0,0.0,0.0,0.0,0.0,0.0,0.02812619201520902,0.0,0.002868937508420161,0.0,0.007465807312326136,0.0,0.0,0.0,0.0010261115596278013,0.035651283214154915,0.02986609988022135,0.005915323996803596,0.0,0.0076056094685948905,0.0,0.01489236570381631,0.026384120885342106,0.0,0.0,0.00678083232862608,0.001930399988156833,0.0,0.011162513257539902,0.0,0.02034274018901018,0.013206336794529074,0.0,0.0,0.0,0.0
2018-06-30,0.0,0.0,0.03980000997990286,0.008029597866133232,0.02472916253642323,0.015383117460479555,0.0,0.0,0.0,0.0,0.0,0.0048756091785468764,0.0,0.0,1.110567072216827e-10,0.0,0.0,0.0,0.0,0.10214414781441364,0.01866455167645476,0.027069913692020588,0.022387422152888366,0.04845877897271723,0.0,0.0,0.028702448137827793,0.0,0.0,0.05213349602684306,0.0,0.006696079783670779,0.0,0.0020179938137379447,0.07981173030483152,0.06043645601616293,0.025699959771127913,0.08999768312557971,0.0,0.0,0.0,0.0,0.0037231307006867108,0.0,0.009542995201102031,0.0,0.0,0.0,0.0,0.0,0.0,0.0,0.00472320461924015,0.0,0.0,0.0,0.0,0.0,0.0,0.0,0.0,0.0,0.0,0.0,0.0,0.004778137223067548,0.0,0.0,0.01871949068501895,0.004664704487487241,0.02826443771967569,0.02068147153575727,0.02884759317832512,0.0,0.0,0.0,0.014224839148293566,0.07278666734961932,0.05295399594855109,0.00698951902575256,0.001604762435737014,0.013464541249751763,0.0,0.010627898158132582,0.012035573760589046,0.0,0.0,0.006722407614739716,0.0,0.0,0.013697719199467053,0.0,0.004038092079316941,0.009870660258869977,0.0,0.0,0.0,0.0
2018-07-31,0.0,0.007815272979269358,0.05583453909612779,0.019107076071939642,0.03302862314363893,0.02313491720732982,1.2816973409256226e-10,0.0,0.0,0.0,0.0,0.00931070994502424,0.0,0.0,0.021917702481054843,0.0,0.0,0.0,0.0,0.07451560861998682,0.014987759735044638,0.022046466208625194,0.028285941840950592,0.07182500880621441,0.0,0.0,0.051765643168124584,0.0,0.0,0.049122923029861536,0.0,0.012352729199077615,0.0,0.019322212084820118,0.05068307738361755,0.012822323706317786,0.026410405910570544,0.06425760202933418,0.0,0.0,0.0,0.0,0.03176378108179116,0.008341513459816713,0.0034115794988941396,0.0,0.0,0.0,0.0,0.0,0.0,0.0,0.0,0.0,0.0,0.0,0.0,0.0,0.0,0.0,0.0,0.0,0.0,0.0,0.0,0.02174798253276097,0.0,0.00031125300367309107,0.0,0.005836663054781954,0.024784266538278203,0.027536284007732743,0.028635692676769044,0.0,0.0,0.030405977036439272,0.005108883923897096,0.03293804620922635,0.02426010126860998,0.0,0.0,0.0,0.0,0.008449009718257034,0.0,0.0,0.0,0.0,0.001377553572256569,0.0,0.01877473424685285,0.0,0.00972892051375208,0.0,0.0,0.0,0.031954261324346894,0.016086953556763924
2018-08-31,0.0,0.0,0.05988571758574331,0.020071010010218705,0.014161058723617458,0.018158298702742194,0.0,0.0,0.0,0.0,0.003327388783754296,0.0,0.0,0.0004959299467373068,0.024584802631350898,0.0,0.0,0.00010624982754460709,0.0,0.06367823993282483,0.003427582427218633,0.016133610681907964,0.041646322318894965,0.08116713772889815,0.0,0.0,0.05801353195801882,0.0,0.0,0.03414169450616464,0.005742228276432962,0.0226681222057519,0.0,0.0334655075739127,0.03956136350711796,0.024451148167579838,0.025813539253370165,0.040261290789365356,0.0,0.0,0.0,0.0,0.05351401902152901,0.004604325528161967,0.0,0.0,0.0,0.0,0.0,0.0,0.0,0.0,0.0,0.0,0.0,0.0,0.0,0.0,0.0,0.0,0.0,0.0,0.0,0.0,0.0,0.014844807715771418,0.0,0.0,0.016916579006663886,0.0,0.02963172710315561,0.04719020459919978,0.03376373489065384,0.0,0.0,0.03706846838490316,0.02285088455341999,0.027940534417320008,0.02287877627375337,0.0,0.007813478101394817,0.0,0.0,0.01026729156733161,0.0,0.0,0.0,1.0804912661623866e-10,0.011997168154078626,0.0,0.014940174373267967,0.0,0.010392335424805676,0.0,0.0,0.0,0.0024237152373724727,0.0
2018-09-30,0.0,0.0,0.07260738107518865,0.011406018019643877,0.011032238239871914,0.0,0.0,0.0,0.0002749783488692637,0.0,0.0015164504754701187,0.044576765612126666,0.0,0.0,0.023671952488873053,0.0,0.0,1.2449549282050792e-10,0.0,0.05757040431594117,0.0,0.00910083806871131,0.04407804200561268,0.06774300153768342,0.0,0.0,0.053849213125502726,0.0,0.0,0.044217547918604654,0.00524457679089394,0.02059912274937004,0.009117590229025417,0.09389417797139317,0.04509935009391921,0.039649926977931786,0.027726228620263554,0.03907071717001268,0.001715588362810115,0.0,0.0,0.0003161813102621803,0.05281057916712129,0.0,0.0009949176450256428,0.0,0.0,0.0,0.0,0.0,0.0,0.0,0.0,0.0,0.0,0.0,0.0,0.0,0.0,0.0,0.0,0.0,0.0,0.0,0.0,0.0,0.0,0.0,0.0,0.0,0.0,0.00983254157517098,0.011877769154729607,0.0,0.0,0.0333389484210725,0.0,0.009461604146909573,0.005983519245010297,0.01585691711949435,0.010084285134783655,0.0,0.0,0.004687131578066062,0.005407211943463227,0.0,0.0,0.003706772627312222,0.024464273044492828,0.0,0.04551976573805248,0.0,0.02969411302116544,0.0,0.0,0.0,0.012201358805652622,0.0
2018-10-31,0.0,0.0,0.08164630376730468,0.017849999070747212,0.017842686806399683,0.011241506542158462,0.0,0.0,0.006108966346016816,0.012117303388531753,0.0007765982642955242,0.05345742434905581,0.007593442707945367,0.0,0.015670454819935998,0.00472275818658333,0.003939666581232578,0.0,0.0,0.04508061379384125,0.0007930716353073369,0.0272758037737053,0.04182285306833178,0.06317038791200037,0.0,1.1905973644901737e-10,0.03458849588104639,0.0,0.0,0.042846937407204036,0.0,0.012049024299134464,0.0,0.06124636599168529,0.031140244437622432,0.025292002933123718,0.017778076707689147,0.039469589197652526,0.0,0.0,0.0,0.004737203973869155,0.032611961766444916,0.0,0.0,0.0,0.0,0.0,0.0,0.0,0.0,0.0,0.0,0.0,0.0,0.0,0.0,0.0,0.0,0.0,0.0,0.0,0.0,0.0,0.0,0.0,0.0,0.0,0.0,0.0,0.0,0.013295748209890948,0.023321780720039945,0.0,0.0,0.07501935276367794,0.0,0.0,0.0,0.017673398950617803,0.010673210846616486,0.0,0.0,0.000863161513053086,0.002946728199568238,0.0,0.0,0.0,0.017603863170570885,0.0,0.04248837619478467,0.0,0.04938237043618939,0.0,0.0,0.0,0.028974340288099587,0.004887924978965959
2018-11-30,0.02101582067127478,0.0020318511118580388,0.08162610989087413,0.005680865936186042,0.0066131106495682865,0.0,0.005931315283273263,1.7011190723078664e-10,0.015046329515371017,0.0,0.0,0.025316089845063602,0.0,0.0,0.0039202272001797114,0.02172876929742136,0.03338988841385452,0.014223375644709643,0.0,0.044041423769921095,0.005790407888220541,0.04384880705020394,0.021378210940748484,0.04496921048036616,0.0,0.025685155067644672,0.052660653842604245,0.0,0.0,0.030094970483650448,0.004897584595840445,0.026476487197513297,9.112334761837196e-05,0.01952585492117479,0.0007973611648897579,0.019139058790491454,0.029546239210327216,0.06845327467155585,0.0,0.0,0.0,5.98542400468473e-05,0.009002913976140057,0.0,0.0,0.0,0.0,0.0,0.0,0.0,0.03320191206914672,0.0,0.0,0.0,0.0,0.0,0.0,0.0,0.0,0.0,0.0,0.0,0.0,0.0,0.004926231638401853,0.0,0.0,0.0,0.0,0.0,0.0,0.009918850394511854,0.02729047404404756,0.0,0.0,0.06750167834439713,0.0,0.0,0.0,0.0,0.0,0.0,0.0,0.04551518802601994,0.0,0.0,0.0,0.0,0.0,0.0,0.050341010740579624,0.0,0.03390206515485774,0.0,0.0,0.0,0.04442024431933359,0.0
2018-12-31,0.03382680494238163,0.022868690576448036,0.03603066283158434,1.6705816122671783e-10,0.02036088100214742,0.0,0.0,0.022228821311308877,0.0,0.0,0.0,0.0,0.0,0.0,0.0,0.0,0.032031558267642854,0.00645808125979667,0.0,0.00533161608958592,0.0,0.013507844339906892,0.0,0.006728841215844752,0.012780723881689141,0.05988585411116994,0.03561157251261781,0.007139889092964927,0.01660486195072038,0.03341390737699511,0.019136574837818464,0.035755548523309574,0.024108400403725874,0.0287257289266836,0.0,0.0,0.0019005594962187792,0.038911274626165275,0.04529877023909983,0.0,0.0,0.0,0.0,0.0,0.0,0.0,0.0,0.0,0.0,0.0,0.0,0.0,0.0,0.006844090246883076,0.0,0.0,0.01108953019544739,0.0,0.0,0.0,0.0,0.0,0.0,0.0,0.0,0.0,0.0,0.0,0.0,0.0,0.0,0.009468439480617168,0.022949338732664477,0.0,0.0,0.04307964350235435,0.002853986606046212,0.0,0.0,0.0008243071190928073,0.02228332170739698,0.0,0.0,0.04621077470661624,0.014152971670576806,0.0,0.0,0.0,0.008717975712955208,0.023754844701841218,0.1231311738847297,0.0,0.027816163021368384,0.0,0.0,0.0,0.07470255870723826,0.0034734120212874557
2019-01-31,0.004944802650889532,4.810512649442302e-05,0.022622550114998537,0.0,0.0,0.0,0.0,0.013245534296111318,0.0,0.0,0.0,0.0,0.0,0.0,0.0,0.0,0.0,0.025444471824020654,0.0,0.0,0.0,0.0,0.0,0.0,0.004717327999187793,0.03170922113600268,0.011589238179425658,0.0,0.046205660603382014,0.03814588994052067,0.0060259967415868315,0.016001390884353435,0.0,0.0,0.0,0.0,0.0,0.013492506880918844,0.05423457330636789,0.0,0.0,0.0,0.0,0.0,0.0,0.0,0.0,0.0,0.0,1.9826900636059914e-10,2.451309923222649e-05,0.027182523678491215,0.02464448439441513,0.03318570625668492,0.02600317304550027,0.0027776282802539592,0.10084653513424419,0.01611964815822025,0.022357586712588574,0.0,0.01310374573838704,0.01107572270184648,0.0,0.0,0.01928925043993617,0.0,0.002332321225850703,0.0,0.0,0.0,0.0,0.05336806351754979,0.028683066290908995,0.0,0.0,0.038187466791054475,0.0,0.0,0.0,0.0,0.0,0.0,0.0,0.05104579638050499,0.03694429681780684,0.0,0.0,0.0,0.0,0.01573520844893387,0.051884769180997437,0.0,0.06668697972393148,0.0,0.006490545703388859,0.007375600504879205,0.05542197978554797,0.0008061181063156434
2019-02-28,0.0,0.001043118139381103,0.017513535181679363,0.0,0.0,0.0,0.0,0.03746119076900706,0.0,0.0,0.0,0.0,0.0,0.0,0.0,0.0,0.0,0.050066930393130184,0.004535897311316292,0.0012260505810065664,0.0,0.0,0.0,0.0,0.020871577876294085,0.03753710902538496,0.011295313757236013,0.02439202386909735,0.045970837236216096,0.011911595262139703,0.0,0.015396533510179925,0.017623514038557827,0.01610905431024158,0.0,0.0,0.0,0.0,0.05713495349874213,0.0,0.0,0.0,0.0,0.0,0.0,0.0,0.0,0.0,0.0,0.0,0.0029469059384600277,0.011206549293656729,0.011204140420642019,0.039873283872674734,0.011431152914620152,0.0054694125156660445,0.09719945616633055,0.032602533244783086,0.031249897517006037,0.0,0.010057452471150734,0.0,0.0,0.0,0.0,0.0,0.048575713897279896,0.0,0.0,0.0,0.01838249324850259,0.03810858820458183,0.003912907247994725,0.0,0.0,0.036905840826263414,0.009747041851702653,0.0,0.0,0.0,0.009998893050388591,0.0,0.0,0.03497590299679935,0.0308048441873333,0.0,0.0,0.0,0.0,1.4948405373408735e-10,0.04248066064713608,0.02501719944194616,0.027641283384859768,0.0,0.0,0.0,0.050118611751127196,0.0
2019-03-31,0.005046099876346445,0.0017549158080520269,0.005259048741058447,0.0,0.0,0.0,0.0,0.018879630299513252,0.0,0.0,0.0,0.0,0.0,0.0,0.0,0.0,0.0,0.0616754904552709,0.013433206836322207,0.006668833365663785,0.0,0.0019572882207312516,0.0,0.0,0.009949539315650846,0.03313972217081786,0.0009515554421835363,0.019657901988058092,0.018993929960723927,0.006050774599867559,0.0,0.01877263993200755,0.013958538601380157,0.013347045162931177,0.0,0.0,0.0,0.0,0.07095713676559799,0.0,0.0,0.0,0.0,0.0,0.0,0.0,0.0,0.0,0.0,0.0,0.0,0.0,0.007909981488337851,0.018075811072433154,1.5056055013952127e-10,0.0,0.11490706843744626,0.04725503243518074,0.02631780591037262,0.0,0.0395796218313516,0.0,0.0,0.0,0.0,0.0,0.08510235841527616,0.0,0.0,0.0,0.024612290258002656,0.04079417675810533,0.008708728843248427,0.0,0.0,0.034810712700639325,0.005102273426777815,0.0,0.014649488939540519,0.0,0.025112708208355983,0.0,0.0,0.048826030589976706,0.06987057978543128,0.0,0.0,0.0,0.0,0.010563802091308626,0.02679837082066258,0.012259626436079776,0.0029163484059078443,0.0,0.0,0.0,0.015373885452827281,0.0
2019-04-30,0.014920017737263888,0.010690141008859538,0.0,0.0,0.0,0.0,0.0,0.038243793498659126,0.0,0.0,0.0,0.0,0.0,0.0,0.0,0.0,0.0,0.04359873739302696,0.0,0.009921864540092695,0.0,0.01265213648178815,0.0,0.0,0.010278981782902947,0.04298780311473733,0.01481931354488761,0.016436521683491193,0.017612140235196694,0.0249768191107047,0.0,0.01773348766297955,0.0,0.012532939769960331,0.0,0.0,0.0,0.0,0.07656019854198379,0.0,0.0,0.0,0.0,0.0,0.0,0.0,0.0,0.0,0.0,0.006394517982544346,0.0,0.018488157013552654,0.031474231527288905,0.018243945273748795,0.027514559969988705,0.002148755499462177,0.07728504573162834,0.023988520900335077,0.010292045531900662,0.0021270821244144308,0.04127940341509783,0.0,0.0,0.0,0.00834879787901239,0.0,0.0701694651797231,0.0,0.0,0.0,0.045483869654789434,0.04531821181355813,0.0,0.0,0.0,0.004079696867296277,0.0,0.0,0.013416060104893584,0.0,1.5141546179504244e-10,0.0,0.0,0.036854860020013536,0.07153849391366397,0.0,0.0,0.0,0.0,0.00912694260043835,0.0,0.008944177014697562,0.0,0.0,0.022150106059805285,0.012428549726088964,0.028939607938107473,0.0
2019-05-31,0.008991080584492241,0.012087404715055686,0.0,0.0,0.0,0.0,0.0,0.021712052855142317,0.0,0.0,0.0,0.0,0.0,0.0,0.0,0.012878468432174304,0.0,0.03345779563504506,0.0,0.0,0.006175123945391486,0.015973950879274838,0.0,0.0,0.004447724553844776,0.0324185974211721,0.014254622081951085,0.027770233251159664,0.020133572316980722,0.0,0.0,0.014279888458223746,0.0,0.0,0.0,0.0,0.0,0.0,0.04456479261743117,0.0,0.0,0.0,0.0,0.0,0.0,0.0,0.0,0.0,0.0,0.011814439998853836,0.0,0.033481077618183745,0.03422868240015064,0.029097511675092346,0.030131609160377403,0.012318978511378129,0.056343067108248344,0.009602633319279548,0.04775518895314695,0.010319009734465274,0.05887556136328071,0.0,0.0,0.0,0.015328728671509015,0.0,0.04845214666454571,0.0,0.0,0.010772320757116642,0.05706314652408525,0.042590658590719595,1.1493500219216945e-10,0.0,0.0,0.00521974269851628,0.0,0.0,0.014044177463846811,0.0,0.0,0.0,0.0,0.05448037457781377,0.0668883378871004,0.0,0.0,0.0,0.0,0.017832464078100883,0.0,0.0014196589280271628,0.0,0.0,0.025660123609872954,0.020912142252749805,0.016222909591264677,0.0
2019-06-30,0.0,0.006805433954370743,0.0,0.0,0.0,0.0,0.0,0.029496917744006226,0.0,0.0,0.0,0.0,0.0,0.0,0.0,8.467449088311324e-11,0.0,0.024231863166994536,0.010993919519173712,0.0,0.0013124521421332127,0.0006854746837648418,0.0,0.0,0.012899260789832293,0.0338108786129849,0.010695870138832171,0.03738435968589869,0.033266219781546834,0.000833283356036895,0.0,0.015671594554621165,0.0042282466314625304,0.007034998088628495,0.0,0.0,0.0,0.0,0.02741324232614568,0.0,0.0,0.0,0.0,0.0,0.0,0.0,0.0,0.0,0.0,0.02924367993775969,0.008403377593486234,0.042554374128932405,0.03539132984003164,0.0441724550550071,0.03169017030966575,0.03257932098429376,0.05496602108750526,0.018788344377549893,0.06220613574397752,0.016868297968659258,0.04656632249826251,0.0,0.0,0.0,0.018441050491037524,0.0,0.049316753606805735,0.0,0.0,0.0,0.0396253691214037,0.02795798549530438,0.0,0.0,0.0,0.0,0.0,0.0,0.012510684466508845,0.0,0.0,0.0,0.0,0.046963865070724094,0.05373348470597514,0.0,0.0,0.0,0.0,0.010926215168012586,0.0,0.0,0.0,0.0,0.029465370870654393,0.03082776698533413,3.7609232001114695e-05,0.0
2019-07-31,0.0,0.017180350204294793,0.0,0.0,0.0,0.0,0.0,0.0,0.0,0.0,0.0,0.0,0.0,0.0,0.0,0.0005166395090938797,0.0,0.0,0.011349792314212747,0.0,0.013133350312212065,0.0,0.0,0.0,0.014179340029802659,0.029139993149559056,0.005776286852945954,0.03464239546104908,0.023191368266305783,0.01370238254165671,0.0,0.013366109444688551,0.0,0.012293102540493598,0.0,0.0,0.0,0.0,0.034612315378721635,0.0,0.0,0.0,0.0,0.0,0.0,0.0,0.0,0.0,0.0,0.025841348075859142,0.0,0.03757572015424137,0.03506418090581276,0.04153782210123254,0.031907714097451086,0.0365655817066992,0.052687533031638395,0.012431054537165994,0.053877298977166505,0.026625308857142406,0.03106983450277627,0.0,0.0,0.0,0.022383739616885244,0.0,0.03981616031999474,0.0,0.002051225569832504,0.007068007318825228,0.039308829710656835,0.03859056132154491,0.0,0.0,0.0,0.0,0.0,0.0,0.01920955111763536,0.002569210302466475,0.0,0.0,0.0,0.04064821012938014,0.0759785141745576,0.0,0.0,0.0,0.008311674817517182,0.02256699392757263,0.0,0.0012989841197585793,0.0,0.0,0.03914119970987419,0.032790314806330635,0.0,8.494547748104313e-11
2019-08-31,0.0,0.0,0.0,0.0,0.0,0.0,0.0,0.0,0.0,0.0,0.0,0.0,0.0,0.0,0.0,0.012033924292857273,0.0,0.0,9.474096749486804e-11,0.0,0.007536704094229168,0.0,0.0,0.0,0.0,0.026190896421074028,0.009582671535968599,0.018900466976657097,0.0,5.239106378595126e-05,0.0,0.02476078830047963,0.0,2.911288991385948e-05,0.0,0.0,0.003366358262409563,0.0,0.037640188632452824,0.0,0.0,0.0016069828832375723,0.0,0.005846385726915205,0.0,0.0,0.0,0.0,0.0,0.009742709057334951,0.0,0.04253441337886713,0.050415313666510815,0.02736950610520099,0.057094253001229736,0.03429758594504678,0.03976011123714889,0.03770218365946287,0.03450722725251375,0.0572850184860176,0.0466902261763695,0.00659466673703055,0.0,0.0,0.05486713128919181,0.0016054079914368288,0.06079123174148115,0.0,0.001106352107131635,0.0,0.028907828104804974,0.03275345086706391,0.0,0.0,0.0,0.0,0.0,0.0,0.019667093422784016,0.0,0.0,0.0,0.0,0.03490223792264027,0.07027884407978144,0.0,0.0,0.0,0.004451344980703542,0.016975173248390246,0.0,0.0033295514262176545,0.009225074182601099,0.0,0.04128622478173949,0.028312967976576713,0.0,0.0
2019-09-30,0.0,0.006252828263583028,0.0,0.0,0.0,0.0,0.0,0.0,0.0,0.0,0.0,0.0,0.0,0.0,0.0,0.007948715322330057,0.0,0.0,0.0,0.0,0.0,0.0,0.0,0.0,0.0,0.03401095071620843,0.026242381593334575,0.03865569729812422,0.006379877257826882,0.0,0.0033654041711010003,0.020138643020592126,0.0,0.002086804743142997,0.0,0.0,0.006958211149627643,0.0,0.024176083819845276,0.0,0.0,0.0,0.0,0.00855520416396387,0.0,0.0,0.0,0.0,0.0,0.011839141100189937,0.014655797826709093,0.04644358874404256,0.03658405035075876,0.043837527299146584,0.04763294492467758,0.03101491768313604,0.03510223764348223,0.03709698990084822,0.041185470960340996,0.049445018205075346,0.036424837379998645,0.0084141668921583,0.0,0.0,0.04281514840066322,0.0,0.051446361424034956,0.0,0.0,0.0,0.00973063528890533,7.992641836597525e-11,0.0,0.0,0.0,0.0,0.0,0.0,0.027840432894483687,0.009946521595890444,0.0,0.0,0.0,0.03280433845081306,0.05407003055385661,0.0,0.0,0.0,0.01579775341250391,0.02748980728552383,0.0,0.0009643166287973802,0.0032851864623835453,0.0067236138237473965,0.05105352856209761,0.04158483470612827,0.0,0.0
2019-10-31,0.0,0.01156224357133775,0.0,0.0,0.0,0.0,0.0,0.0,0.0,0.0,0.0,0.0,0.0,0.002200167566434076,0.00023065724429386343,0.019754337154724754,0.0,0.0,0.0,0.0,0.0,0.0,0.0,0.0,0.0,0.026646037745111133,0.022445925471224825,0.03691550516884074,1.1110023492579064e-10,0.0,0.0,0.011502344734094044,0.0,0.0,0.0,0.0,0.012246913121006092,0.0,0.021255479229969766,0.0,0.0,1.156453522979594e-05,0.0,0.005157514134798839,0.0,0.0,0.0,0.0,0.0,0.022081061331447015,0.0,0.026506575155723102,0.027428800791899643,0.030543680306038403,0.051987723795690964,0.0388213943190471,0.01769743072695092,0.022660299292833936,0.01762965197553822,0.022539017107611605,0.0,0.004306692374518759,0.0,0.0,0.03613269336365233,0.0,0.046170049735562074,0.0,0.006374286637924427,0.0,0.005439766346211254,0.0018174221518456035,0.0,0.0,0.0,0.0,0.0,0.0,0.031030010081558108,0.0066189335489901125,0.0,0.0,0.0,0.05154361935616303,0.07395670614435156,0.0,0.0,0.006549202093228448,0.03502495487612627,0.03955745290900999,0.0,0.0,0.019152109879697673,0.008389124599365487,0.09194534000407056,0.08816731130677748,0.0,0.0
2019-11-30,0.0,0.0005386589226995875,0.0,0.0,0.0,0.0,0.0,0.0,0.0,0.0,0.0,0.0,0.0,0.0,0.0,0.0,0.0,0.005655355203350957,0.0,0.0,0.0,0.0,0.0,0.0,0.0,0.014402204763250794,0.015474799788848288,0.024560575721291136,0.004666790612313504,0.0,0.0,9.987312270340723e-11,0.0,0.0,0.01846832207510744,0.006146169940022876,0.027505773956518424,0.00873686311416228,0.038266367222470725,0.0,0.0,0.0,0.0,0.0,0.0,0.0,0.0,0.0,0.0,0.02987844134237476,0.0,0.0465874624201299,0.03343526057962666,0.04788166113519256,0.036298157709721536,0.04788785478908284,0.0342610184632572,0.03395154092192961,0.03878502349662588,0.011427572330504692,0.0,0.023303228953016224,0.0003593952385880961,0.009491560256369005,0.04138986097861499,0.0,0.04680711899062676,0.0,0.004494285097851604,0.0,0.002754239393772081,0.0,0.0,0.0,0.0,0.0,0.0,0.0,0.038946586783977076,0.006235934302207356,0.0,0.0,0.0,0.03919880864420951,0.04164068194134661,0.0,0.0,0.011335875763766833,0.027915971227214113,0.030562815802474327,0.0,0.0,0.013348018531468504,0.02096642297289819,0.05537374215089095,0.061059578362352984,0.0,0.0
2019-12-31,0.0,0.0,0.0,0.0,0.0,0.0,0.0,0.0,0.0,0.0,0.0,0.0,0.0,0.0064070570259128976,1.0261761222667204e-10,0.004599964236654186,0.0,0.0,0.0,0.0,0.0,0.0,0.0,0.0,0.0,0.003931398645712887,0.008359947497416314,0.024219086195498504,0.01694814909163415,0.0,0.0,0.0,0.0,0.0,0.014462653130640138,0.00468697786150708,0.029047375633118152,0.00657007648921166,0.01642259906551039,0.0,0.0,0.0,0.0,0.0,0.0,0.0,0.0,0.0,0.0,0.015951802501474297,0.0,0.039041909986941147,0.0200681423250435,0.053721949054246564,0.03588698188942983,0.025364610022805767,0.026125259234449486,0.03366926006004922,0.031192667709399588,0.01151681349627214,0.0,0.037591470286310186,0.005567145920039575,0.03150864696759516,0.04918908226503044,0.00019821364845821926,0.0635737944952006,0.0,0.0004755190444570125,0.0,0.0,0.0,0.0,0.0,0.0,0.0,0.0,0.0,0.03968183978146041,0.012896686991115527,0.0,0.0,0.0,0.048133962717257915,0.0484114751696947,0.0,0.0,0.0162548438228605,0.03952578255863904,0.043676543390845465,0.0,0.0,0.02337377313066543,0.015535889252107731,0.040077419448766076,0.056133229853950604,0.0,0.0
2020-01-31,0.0,0.0006368267640495931,0.0,0.0,0.0,0.0,0.0,0.0,0.0,0.0,0.0,0.0,0.0,0.004706514169487433,0.0,0.0,0.0,0.0,0.0,0.0033078565414893023,0.0,0.0,0.0,0.0,0.0,0.0073592694911931225,0.011472704176389452,0.018317488205200797,0.012485960740696892,0.0,0.0,0.0,0.0,0.0,0.0,0.0,0.016546979358831204,0.0,0.004794978350109453,0.0,0.0,0.0009513634194162795,0.0,0.0,0.0,0.0,0.0,0.0,0.0,0.03970394300631948,0.0,0.039774993807005395,0.041334480557330085,0.060284866239864954,0.040764522885127316,0.03770635652297301,0.0386891162795056,0.04266013865804064,0.038929673677417787,0.01625856834965373,0.0,0.05100739682091035,0.01930323355565646,0.04711461890842322,0.06418850389280838,0.011463848178931734,0.08920851704668797,0.0,0.007272192086454066,0.0,0.0,0.0022628314213616356,0.00037251658865267883,0.0,0.0,0.0,0.0,9.276349856133708e-11,0.033290777577950924,0.0,0.0,0.0,0.0,0.04053615811744536,0.0199723585137061,0.0,0.0,0.0041834811424456,0.013496183537459445,0.03908762514029242,0.0,0.0,0.004328956831719756,0.010263952115490802,0.022647150445645414,0.043313096785092695,0.0,0.0
2020-02-29,0.0,0.0,0.0,0.0,0.0,0.0,0.0,0.0,0.0,0.0,0.0,0.0,0.0,0.0009810357405251515,0.0,8.48783129681777e-11,0.0,0.0,0.0,0.009702664584133313,0.0,0.0,0.0,0.0,0.0,0.016215705226910914,0.03415566963436281,0.04465770276274011,0.025662713858355352,0.0,0.0,0.0,0.0,0.0,0.009943281684771078,0.007842728386883,0.00720830564964214,0.007864186049383427,0.013128706005935067,0.0,0.0,0.0,0.0,0.0,0.0,0.0,0.0,0.0,0.0,0.03373015793949014,0.0,0.030893736092795335,0.03327879618780465,0.06089666422613728,0.026787805088889498,0.040102212261553694,0.018838007501737628,0.030747444434773084,0.018776178516580085,0.018770794979998704,0.0,0.06147447416520604,0.04487858423175982,0.03593795849093218,0.03188801510509163,0.02102266565527195,0.08294409011566985,0.00437070124760645,0.006439778884983988,0.0,0.0,0.0,0.0,0.0,0.0,0.0,0.0,0.00946294619597185,0.04114431307571526,0.0,0.0,0.0,0.0,0.02069451087300961,0.023752064939482145,0.0,0.0,0.0013897545274624283,0.004290940471367239,0.039852386061417625,0.0,0.0,0.0,0.029137571434293266,0.01844330003982606,0.03269144758665176,0.0,0.0
2020-03-31,0.0,0.0,0.0,0.0,0.0,0.0,0.0,0.0,0.007899071129005166,0.0,0.0,0.0,0.0,0.016593810629168867,0.0,0.001383657661237499,0.0,0.0,0.0,0.018301703714195497,0.0,0.0,0.0,0.0,0.0,0.0037278766549583685,0.021423776546110062,0.052469874973139256,0.046228353001321006,0.0,0.0,0.0,0.0,0.0,0.0,0.0070785153748345936,0.0,0.0,0.002707135876770322,0.0,0.0,0.0,1.3564798005282276e-10,0.0,0.0,0.0,0.0,0.0,0.0,0.047746593016593605,0.0,0.012767860811085942,0.052718714424336136,0.0771516043888429,0.012714875677521484,0.05876566415830551,0.0183416244418551,0.052294839570861215,0.02864558270246445,0.015593429975580666,0.0,0.07047781133964363,0.048440216186646526,0.017509822558651845,0.016059730110775113,0.022434055709822372,0.0838167027163578,0.006610264362987955,0.004984035323008449,0.0,0.0,0.0,0.0,0.0,0.008728379938672351,0.0,0.0,0.008359145149431521,0.035552990480074854,0.0,0.0,0.0006736498716590075,0.0,0.008181872111702834,0.01524758410370644,0.0,0.0,0.0028568126317167013,0.00211023476926959,0.052986953205326676,0.0,0.0,0.0,0.021494593657018644,0.0,0.018920580909692033,0.0,0.0
2020-04-30,0.0,0.0,0.0,0.0,0.0,0.0,0.0,0.03469130061860789,0.0,0.0,0.0,0.0,0.0,0.0049102602822693195,0.0,0.0,0.0,0.0,0.0,0.0003241697353160326,0.0,0.0,0.0,0.0,0.0,0.0,0.0,0.02789822475839667,0.02860707186324623,0.0,0.0,0.0,0.0,0.0,0.0018675114891115023,0.00044396934602557446,0.0,0.0,0.0,0.0,0.0,0.0,0.0,0.0,0.0,0.0,0.0,0.0,0.003879179607375292,0.09490703963232634,0.0427221054160917,0.01906947625384758,0.05967443995187326,0.08049157935501573,0.011412513333614786,0.044863123801722214,0.04455328889152009,0.03906384559799593,0.04215929122438181,0.014893926640085485,0.0,0.041492634400225076,0.0453355406233515,0.02745708442921094,0.01621733700168286,0.013676709858454487,0.04377649658534687,0.008632583893923504,0.0188015589304667,0.0,0.01754443005546857,0.0,0.0,0.0,0.010995585641494623,0.0,0.0,0.0139350233461439,0.027367646175642416,0.0,0.0,0.009128356644236923,0.0,0.02237367647955472,0.01937267567695091,0.0,1.5739875186783807e-10,0.0030643975340371057,0.0,0.0365139299392561,0.0,0.0,0.0,0.008693755142548549,0.0,0.005679723604946005,0.01350853608083613,0.0
2020-05-31,0.0,0.0,0.0033427530407246224,0.0,0.0,0.0,0.0,0.05576434034512859,0.011861700911309636,0.00938460514568856,0.005801836380271564,0.0,0.0,0.0,0.0,0.0,0.0,0.0,0.0,0.0,0.0,0.0,0.0,0.0,0.006091854487060605,0.0,0.0,0.0003783422252842505,0.009249649044664188,0.0,0.0012353000947231453,0.0,0.0,0.0,0.009147086004697247,0.0,0.0,0.0,0.008233723571097846,0.0,0.0,0.0,0.0,0.0,0.0,0.0,0.0,0.0,0.0,0.10760898663576399,0.02661633026233321,0.016361219875376278,0.06501352307291702,0.08169558133365687,0.012973009312535764,0.048581762587080086,0.028002718931376947,0.02015156571329234,0.04235934952388362,0.034863409636069674,0.0,0.03457874265305835,0.053357230385967014,0.006103642037466987,0.0,0.0,0.04755509772450507,0.018779757425057025,0.029148913201447593,0.0,0.010933661861338786,0.0,0.0,0.0,0.0055076695426375995,0.0,1.789764769733378e-10,0.011191891851826745,0.008252377839339048,0.0,0.0,0.0,0.0,0.016265223904544122,0.02544979070672347,0.0,0.007746486997761186,0.0,0.0,0.04087697667192188,0.0,0.0,0.0,0.006023893472213978,0.0,0.0,0.04228758046958869,0.031222414940689794
2020-06-30,0.0,0.0,0.0,0.0,0.0,0.0,0.0,0.024935166640358886,0.002865991943529223,0.004234226920848766,0.0024881739289655653,0.0,0.0,0.0,0.0,0.0,0.0,0.0,0.0,0.0,0.0,0.0,0.0,0.0,0.003589900385769815,0.0,0.0,0.0,0.008457373097784732,0.0,0.0002108289772410637,0.0,0.0,0.0,0.0008379330078005261,0.0,0.0,0.0,0.006972609572408659,0.0,0.0,0.0,0.0,0.0,0.0,0.0,0.0,0.0,1.20648123606311e-10,0.07453286780261595,0.0441477998877663,0.02577399937453063,0.07695179432876331,0.07396325997298214,0.019715630470517904,0.03596739459648873,0.03189854533755853,0.01973106156477988,0.044881876330936314,0.03625035308030173,0.018864352560323473,0.06037897943008179,0.05747738088835831,0.021567390124907233,0.01871538685925427,0.03558207138260742,0.027724438978274032,0.00981202456462406,0.02234240547333806,0.0,0.024711107187755016,0.010601288940971827,0.0,0.0,0.007536756854491048,0.0,0.0,0.0033703328501552407,0.01148503683939245,0.0,0.0,0.0,0.0,0.022916277552999006,0.029483092534013922,0.0,0.0,0.0,0.0,0.035599137751553794,0.0,0.0,0.0,0.0,0.0,0.0,0.02755229382604787,0.015873458058254398
2020-07-31,0.0,0.0,0.0,0.0,0.0,0.0,0.0,0.008509707230312143,0.007165426266692903,0.005554084458616748,0.006012942103601137,0.0,0.0019183653087377123,0.0,0.0,0.0,0.0,0.0,0.0,0.0,0.0,0.0,0.0,0.0,0.006089746343348392,0.0,0.0,0.0,0.0,0.0,0.0,0.0,0.0,0.0,0.0,0.0,0.0,0.0,7.263190340765473e-06,0.0,0.0,0.0,0.0,0.0,0.0,0.0,0.0,0.0029445458775376786,0.0010789943283234062,0.07848823973617271,0.0662613922003747,0.01661974026390812,0.06852676502452186,0.06149953026691367,0.01964400044327731,0.03942732982779421,0.03235755797831976,0.021110892116943704,0.0417050016144447,0.0557535170512681,0.015740940968864792,0.054831917554619296,0.035156729910095635,0.009384315275698892,0.00921903169267837,0.042203418570938914,0.018623486234462156,0.024653428134874172,0.028729326445521335,0.0,0.03163152139911943,0.01884618616792242,0.003452743192316729,0.0,0.024387189411802703,0.0,0.0,0.0,0.0,0.0,0.0,0.0,0.0,0.03034092673337882,0.039917100520521206,1.1624409663471858e-10,0.0007005779726716813,0.0,0.0,0.03293329998777166,0.0,0.0,0.0,0.0,0.0,0.0,0.027898170757876265,0.010674647321171819
2020-08-31,0.0,0.0,0.0,0.0,0.0,0.0,0.0,0.018603482541449435,0.004679178961154114,0.002744657836898582,0.003177827152812464,0.0,0.00036223678754340125,0.0,0.0,0.0,0.0,0.0,0.0,0.0,0.0,0.0,0.0,0.0,0.00243240156569599,0.0,0.0,0.0,0.0,0.0,0.0,0.0,0.0020254087143086793,0.0,0.0,0.0,0.0,0.0,0.0027513851738536076,0.0,0.0,0.0,0.0,0.0,0.0,0.0,0.0,0.0016728476162169317,0.0,0.07484493441552323,0.08207039985224106,0.022282672446967224,0.06767115565823519,0.054038913969839855,0.018825444537038067,0.049434918787183244,0.03532126721505909,0.03462618572803144,0.05875577465224699,0.043157361113225524,0.02771197517947619,0.042170524981491576,0.04289601625247424,0.014212101125586605,0.01752838907643679,0.043120787497495205,0.01949620865861009,0.01414066361612026,0.020395125499874354,0.0,0.024984064864309326,0.012718334140236124,0.00923518009101267,0.0,0.016043193300031882,0.0,0.0,0.0,0.0,0.0,0.0,0.0,0.0,0.032212600001718765,0.030590667156575633,8.03915549475205e-11,0.0,0.0,0.0,0.02071360878390565,0.0,0.0,0.0,0.006455997837221433,0.0,0.0,0.01505669423020229,0.010839412901305199
2020-09-30,0.0,0.0,0.0,0.0,0.0,0.0,0.0,0.016428431878978723,0.003335433392752374,0.0017396187285350837,0.001921453655984144,0.0,0.0,0.0,0.0,0.0,0.0,0.0,0.0,0.0,0.0,0.0,0.0,0.0,0.0036125717847020713,0.0,0.0,0.0,0.0,0.0007003600238006522,0.0,0.0,0.0004622426466340046,0.0,0.0,0.0,0.0,0.0,0.006939868433363977,0.0,0.0,0.0,0.0,0.0,0.0,0.0,0.0,0.0,0.0,0.06163914560646543,0.11607759136905119,0.02672526393138997,0.06670626593942963,0.0477292737949556,0.017082926732641245,0.04601658039306829,0.025203689959833627,0.03394374572918923,0.049467502131013835,0.044025907821810796,0.027428048536296813,0.031843472350090996,0.035391430784597895,0.01068802580462675,0.00978756471350811,0.04017146787173096,0.01687940405101972,0.019157236337441787,0.02371628961096767,0.0,0.022384693066262885,0.012772180198769231,0.0,0.0,0.022300693717821524,0.0,0.0,0.0,0.0,0.0,0.0,0.0,0.0,0.034942120517569,0.03875095267178889,0.0020278080133959496,9.540809465022276e-11,0.0,0.0,0.02141441507474766,0.0007163963746659518,0.0,0.0,0.009989522410791544,0.0,0.0,0.033180644959975907,0.016699758884922783
2020-10-31,0.0,0.0,0.0,0.0,0.0,0.0,0.0,0.022922552753439008,0.0,0.0,0.0,0.0,0.0,0.0,0.0,0.0,0.0,0.0,0.0,0.0,0.0,0.0,0.0,0.0,0.005423845085420101,0.0,0.0,0.0,0.0,0.0,0.0,0.0,0.0,0.0,0.0,0.0,0.0,0.0,0.0,0.0,0.0,0.0,0.0,0.0,0.0,0.0,0.002832263028839478,0.0,0.0,0.04921613739524169,0.1958217310325614,0.02216323601430037,0.060509513751695436,0.0266330549608058,0.007896173193709345,0.04036413946076264,0.02207522561307293,0.025145145527642236,0.05011637507661123,0.026290479897956926,0.022851633499251026,0.02437796903961041,0.029574852167590662,0.013185797761325481,0.0016864106629534393,0.03414950794116799,0.008222813118222682,0.028416790626674265,0.02758326798288128,0.010406768604202058,0.03394846747395003,0.011621221856001451,0.0,0.0,0.019861404803679577,0.0,0.0013753867207996918,0.0029813541024740647,0.0,0.0,0.0,0.0,0.0,0.033103643788202256,0.03972975315998523,0.011630977914841642,0.010189664173880106,1.0796721795745368e-10,0.010281024228583681,0.02555736477550616,1.2042485543620366e-05,0.0,0.0,0.0042766260456021206,0.0,0.0,0.026118275625824174,0.011447108541221199
2020-11-30,0.0,0.0,0.0,0.0,0.0,0.0,0.0,0.016754401664306248,0.0,0.0,0.0,0.0,0.0,0.0,0.0,0.0,0.0,0.0,0.0,0.0,0.0,0.0,0.0,0.0,0.0,0.0,0.0,0.0,0.0,0.0,0.0,0.0,0.0,0.0,0.0,0.0,0.0,0.0,0.0,0.0,0.0,0.0,0.0,0.0,0.0,0.0,0.0,0.0,0.0,0.04056921265867598,0.14511421988686354,0.03659481796543712,0.04718705546947635,0.020911732290614465,0.011935380326837055,0.0233483852155559,0.014130774863900141,0.01046957575829963,0.03778271733095586,0.026979123880075475,0.029969938609228298,0.025017000087154823,0.022337632228363654,0.02233459922046166,0.013176279758330321,0.056973810184069246,0.010495580145768953,0.03969254480287667,0.053534623306578336,0.015147239313792976,0.03562884343176828,0.013080319605572212,0.0055670822218809755,0.0,0.0,0.021157472630527398,0.017645277690358493,0.020840628424917094,0.007229210139633627,0.0,0.0,0.0,0.0,0.018888029342294322,0.03105154076739427,0.01868158708516087,0.006888345953046789,0.0,0.01750684937799561,0.014615964806019777,0.0,1.1621831685883194e-10,0.0,0.0,0.025507070775793523,0.014544706421099483,0.0019322916284625837,0.008778134614233638
2020-12-31,0.0,0.0,0.0,0.0,0.0,0.0,0.0,0.0,0.0,0.0,0.013518702131511533,0.0,0.04408946464841428,0.0,0.0,0.0,0.0,0.0,0.0,0.0,0.0,0.0,0.0,0.0,0.0,0.0,0.0,0.0,0.0,1.208487129046369e-10,0.0,0.0,0.005407546314722516,0.0,0.0,0.0,0.0,0.0,0.003236039440193838,0.0,0.01179936799293802,0.0021976002001336437,0.0,0.0,0.0,0.0,0.03926306926022505,0.0,0.0,0.0,0.07133936927544167,0.0,0.0,0.0,0.0,0.0,0.0,0.0,0.0,0.0,0.0037531889430999677,0.01088666583808825,0.020633813796794197,0.006565261287685943,0.0,0.04528858757356618,0.03425489247237867,0.10169702613620449,0.0720348429203477,0.029742384984026177,0.015502084866931817,0.016489742797426106,0.0174029303234932,0.044316847729729276,0.03181263055192024,0.06190028048762465,0.018156813620696613,0.03336592726990446,0.013141170839919,0.0,0.0,0.018290400449120246,0.0,0.021709973297349396,0.015381362648047575,0.021286173974520234,0.02789629494228255,0.016717224295383557,0.034819469484108426,0.026887682057758516,0.024850708298214903,0.012060841462612257,0.0,0.005286080786300415,0.001239753305976815,0.005777783174058904,0.0,0.0
2021-01-31,0.0,0.0,0.0,0.0,0.0,0.0,0.0,0.0,0.0,0.0,0.0,0.0,1.0862412388779228e-10,0.0,0.0,0.0,0.0,0.0,0.0,0.0,0.0,0.0,0.0,0.0,0.0,0.0,0.0,0.0,0.0,0.0,0.0,0.0,0.0,0.0,0.0,0.0,0.0,0.0,0.0,0.0,0.001528050902491791,0.0001661293297787824,0.0,0.0,0.0,0.0,0.00936196111455067,0.0,0.025328335155488678,0.0,0.025450362200034316,0.0,0.0,0.0,0.0,0.0,0.0,0.0,0.0,0.0,0.008215731222061082,0.0026319631628599206,0.026252217817174996,0.025033152823030508,0.004336194369197531,0.05284297243309676,0.011553916392607125,0.07736039436715854,0.06948872805643397,0.0376930114269597,0.04703204444784637,0.03227348144686,0.048995695291601374,0.03815831172970726,0.03156801518167647,0.08692180154538877,0.008143019602036406,0.03457972299827237,0.02406239308012441,0.0,0.026687558654840578,0.0338023552288665,0.0,0.027432128389352266,0.001979844613015742,0.007704039065227373,0.01500986867751388,0.01807612644205095,0.025231741028933243,0.012184458090007714,0.03537263285074239,0.014252720808415963,0.0028513853497735145,0.0059223520198927425,0.016424921489106264,0.028090261087198982,0.0,0.0
2021-02-28,0.0,0.0,0.0,0.0,0.0,0.0,0.000369331510512527,0.0,0.0,0.0,0.0,0.0,0.006693349685688422,0.0,0.0,0.0,0.0,0.0,0.0,0.0,0.0,0.0,0.0,0.0022727855153489144,0.0,0.0,0.0,0.0,0.0,0.008119339405212173,0.0,0.0,0.0,0.0,0.0,0.0,0.0,0.0,0.0,0.0,0.001115342558681781,0.0,0.0,1.1045904035367331e-10,0.0,0.003480864676273174,0.02660884005526244,0.0,0.0,0.0,0.03549564935756815,0.0,0.0,0.0,0.0,0.0,0.0,0.0,0.0,0.0,0.0,0.0,0.00886015281241513,0.003982904699638782,0.02112067068836443,0.016380877129857353,0.023387673220623136,0.09775575829643893,0.07122946688572175,0.04921826362493357,0.038975508936043075,0.026376907197406253,0.034552626057358406,0.018955096256484495,0.008764063587207847,0.08532516897979858,0.004973671213018335,0.021275074226575125,0.013179997243582445,0.0011454110384642442,0.026658963099267314,0.05760831650791988,0.0,0.00999257435992078,0.0,0.025653987105225207,0.012460550982362812,0.013110622987021309,0.020227596016864247,0.0,0.05658280662913272,0.0404162043024943,0.013834693947357707,0.017273152952459157,0.036096922969153254,0.040468813171882854,0.0,0.0
2021-03-31,0.0,0.0,0.0,0.0,0.0,0.0,0.0,0.0,0.0,0.004415892609508799,0.0,0.0,0.002475556979270865,1.1860249983698266e-10,0.0,0.0,0.0,0.0,0.0,0.0,0.0,0.0,0.0,0.0006790389946323355,0.0,0.0,0.0,0.0,0.0,0.0,0.0,0.0,0.0,0.0,0.0,0.0,0.0,0.0,0.0,0.0,0.0,0.006607855955460844,0.0,0.0,0.0,0.007095697412990063,0.009136358755412615,0.009042113181098673,0.006839998917885191,0.0,0.009129659833250751,0.0,0.0,0.0,0.0,0.0,0.0,0.0,0.0,0.0,0.0,0.0,0.008495788334565062,0.0018996029604886001,0.013529927308083601,0.0,0.01687384182144624,0.0926096790682887,0.07381158559462167,0.05672244220965456,0.06009796079960005,0.03469844308005275,0.027880255509863987,0.01442908877281971,0.0064915130485994,0.04990271715707074,0.024323896244868422,0.04258041195829115,0.03252516363369343,0.005029205638293607,0.013031469786069493,0.043886506145864194,0.0,0.0,0.0,0.0,0.011646597628690584,0.016071039748450255,0.03748798513565908,0.0,0.06518754594644247,0.05811110927113041,0.018669753609656194,0.0032105874509912946,0.04681524682287539,0.048598981713936416,0.005387660607559057,0.014571820234260872
2021-04-30,0.00047722597548828885,0.0,0.0,7.920809159956276e-11,0.0,0.00017577853125119204,0.006482331483567156,0.0,0.0,0.007192748678668338,0.0,0.0,0.004179420358322655,0.01494595671307764,0.0,0.0,0.0003884055616430684,0.0,0.0,0.0,0.0,0.0,0.0,0.003026540631778042,0.0,0.0,0.019810658205328145,0.0,0.0,0.0026799631167847763,0.0,0.0,0.0,0.0,0.0,0.0,0.0,0.0,0.0,0.00020641116738926154,0.0,0.0,0.0,0.0,0.0,0.0,0.006846008046802198,0.0,0.0,0.0,0.002919262698724991,0.0,0.0,0.0,0.0,0.0,0.0,0.0,0.0,0.0,0.0,0.0,0.0,0.0,0.0,0.0,0.0,0.0688724600247589,0.0381846001908028,0.044810688807605914,0.00787254952764432,0.0074646091229050235,0.014946247201737657,0.02806969635560449,0.00833078360559879,0.09390550430666206,0.037084045309103274,0.05181932455024818,0.04656386376094576,0.018095422217082022,0.0413550085359438,0.07079479060037462,0.0,0.0,0.0,0.004879170110104036,0.02796194567010397,0.03164559525696878,0.03701506194447443,0.0,0.08604121448977352,0.04806108260788612,0.00616591446043003,0.0,0.03997043112834524,0.04621885564684106,0.0065023377196968875,0.01803808560032445
2021-05-31,0.0019548324375709405,0.0,0.0,0.0,0.0,0.01009832599053152,0.015789842445078674,0.0,0.0,0.07663787500560029,0.045753883542964544,0.0,0.017569125349732623,0.0,0.0,0.0,0.01179966743036153,0.0,0.0,0.0,0.0,0.0,0.0,0.0,0.0026855718067601525,0.0,0.038025085905331324,0.0,0.0,0.020586858240143488,0.0,0.011756538615886332,0.012438717819117758,0.0,0.0,0.0005097076117179654,0.0,0.0,0.007776376236272969,0.0,0.0,0.0,0.0,0.0,0.0,0.0,0.01153985845547546,0.0,0.0,0.0,0.0,0.0,0.0,0.0,0.0,0.0,0.0,0.0,0.0,0.0,0.0,0.0,0.0,0.0,0.0,0.0,0.0033501196880077085,0.0657809599840136,0.01914331029522657,0.03715240373143475,0.00887391144399041,0.0004179544478050543,0.03406540922885847,0.02330508817051215,0.0,0.03421555380740414,0.024220493617285024,0.045967629887183226,0.03826519090600756,0.006087874462602228,0.06323119637499555,0.04658701659372371,0.0,0.0,0.0,0.011901644760557264,0.010747192958343185,0.017540010442331784,0.03756566703990563,0.0,0.04751369156504713,0.024532205203050272,8.652015092384825e-11,0.0,0.04147666529522822,0.058061537872495225,0.0,0.015075005244925376
2021-06-30,0.004844175592261611,0.0,0.0,0.012486780908117556,0.0,0.012250828462809392,0.02529145652010093,0.0,0.0,0.12228832172412116,0.06850321616304518,0.0,0.04390944375525447,0.008042069893663382,0.0,0.0,0.049118023037216324,0.0,0.0,0.0,0.0,0.0,0.0,0.0,0.003829990522401919,0.0,0.03245301323985898,0.0,0.0,0.04523003835924001,0.0021227954768932977,0.015763358438043103,0.02509277550252175,0.004046206057342472,0.0,0.01370905715196795,0.0,0.0,0.004047729390888684,8.071102604368516e-11,0.0,0.0,0.0,0.0,0.0,0.01017248053917717,0.0,0.0,0.014323395878904755,0.0,0.0,0.0,0.0,0.0,0.0,0.0,0.0,0.0,0.0,0.0,0.0,0.0,0.0,0.0,0.0,0.0,0.0,0.06775974361095312,0.01109207520103579,0.006867122553233583,0.0,0.0,0.02283520934724004,0.035472046263321344,0.0,0.02843382672006744,0.027437518410964683,0.04944216108489046,0.03357265957935287,0.02289630734248915,0.03964926874528943,0.044215939028198745,0.0,0.0,0.0,0.007503517414317738,0.0,0.0,0.014200429927001122,0.0,0.026609199114561402,0.012561989761831887,0.0,0.0,0.005449698271961418,0.011597777975341388,0.0,0.014878352953407304
2021-07-31,0.02177029811371159,0.0,0.0005841635838583837,0.02049302076993678,0.016727251717089876,0.04985936444780879,0.046231846348680536,0.0,0.0,0.18271809373636108,0.13333014959772468,0.02578634089027545,0.052003902740638194,0.014292232885840845,0.0022457644524822083,0.02396917780764489,0.016211348138472633,0.0,0.0,0.0,0.0,0.0,0.0,0.005274454241072435,0.020919953628530587,0.0,0.023796668913448945,0.0,0.012519523101906408,0.04106207417184494,0.021192289767031403,0.007639298006829564,0.022322627376055493,0.0038541225050599255,0.0,0.00672438134759422,0.0,0.0,0.028771985481908607,0.005198745311548253,0.0,0.0,0.0,0.0,0.0,0.042431883705009686,0.0,0.0,0.017105486755456662,0.0,0.0,0.0,0.0,0.0,0.0,0.0,0.0,0.0,0.0,0.0,0.0,0.0,0.0,0.0,0.0,0.0,0.0,0.013124462836734928,0.0,0.0,0.0,0.0,0.033391237698778144,0.009534439754781243,0.0,0.005167549209290387,0.005657126157470963,0.020009262409524046,0.0,0.0,0.002995929147346097,0.026236781459133305,0.0,0.0,0.0,0.0,0.0,0.0,0.0,0.0,0.0,0.0030606327520868552,0.0041349052905271105,0.0,0.0,0.0,8.307317829163897e-11,0.011651223657430616
2021-08-31,0.024999947309093922,0.0,0.0,0.009108468012626991,0.0,0.01593946466541922,0.02058579071596045,0.0,0.0,0.0829936437676409,0.09480025225105514,0.0,0.025188431853691212,0.0,0.0,0.004055150152591792,0.011574254784065957,0.0,0.0,0.0,0.0,0.0,0.0,0.0,0.020687677808602225,1.2688870281186743e-10,0.03824446655187362,0.0,0.022025295840972004,0.05063380831721765,0.027822580267256456,0.004804644621055296,0.016934253182997426,0.0,0.0,0.0,0.0,0.0,0.054122307412072426,0.0,0.0,0.0,0.0,0.0,0.0,0.003960936747276042,0.0,0.0,0.0,0.0,0.0011591358786881606,0.0,0.0,0.0,0.0,0.0,0.0,0.0,0.0,0.0,0.0,0.0,0.0,0.0,0.0,0.0,0.003930834777776956,0.020981202120335708,0.0,0.012847978075249962,0.021442531527326884,0.02779723000011672,0.015300562085962123,0.018266529610139533,0.0,0.04269239334887603,0.05443973101778439,0.06726258595180462,0.0203294204105352,0.0,0.0026655990797421277,0.058289802363695686,0.0,0.0,0.0,0.0,0.0,0.0,0.0017365048891889725,0.0,0.005979124380770827,0.0014330284181846046,0.0,0.0,0.02883205329488052,0.02761883482596575,0.027143688945328547,0.0113698546092892
2021-09-30,0.01749754165638946,0.0,0.007511953653272131,0.005544285539914857,0.0,0.010013112630197678,0.032675464319761864,0.0,0.0,0.05674899668820122,0.05735228800745211,0.0,0.029067924253702467,0.006103302334568432,0.0,0.0,0.007113948278794344,0.0,0.0,0.0,0.0,1.1674483852429697e-10,0.0,0.015633085811666017,0.03769607491771125,0.009317516638499125,0.03821841100038766,0.010135075281225148,0.031222560205225264,0.05264186286379471,0.03111551825257149,0.012231018150637447,0.026177113346825546,0.0,0.0,0.015587847790379774,0.0,0.0,0.050867407789612136,0.0,0.0,0.0,0.0,0.0,0.0,0.0,0.0,0.0,0.0,0.0,0.026619298585257967,0.0,0.0,0.0,0.0,0.0,0.0,0.0,0.0,0.0,0.0,0.0,0.0,0.0,0.0,0.0,0.0,0.01157278479244242,0.0,0.002536529970277091,0.0,0.0,0.0,0.02507745749830217,0.0,0.011922146355529632,0.0861192689505175,0.07925893688495973,0.01774690010382388,0.0,0.0,0.01848910194434216,0.0,0.0070519589442991455,0.0,0.0,0.00022677091704645887,0.0,0.017353241186945575,0.0,0.0340789712167896,0.02377335316674798,0.0,0.0,0.03277194958949859,0.037740740933733974,0.0071882794319510935,0.0
2021-10-31,0.01580195009732986,0.0,0.02413167027913963,0.020188751307780604,0.0,0.011501149674109677,0.04856554367505353,0.0,1.080427854717058e-10,0.034494309788428795,0.057784310375411894,0.0,0.04347862165627056,0.0240308419709292,0.0,0.013707690863706103,0.03448680653320689,0.0,0.0,0.0,0.0,0.0018574153151833495,0.0,0.02724546742906275,0.03406249678134021,0.003977994370849499,0.04488188438637283,0.001973767375979428,0.02441202926609293,0.08589276520736369,0.03374172236489555,0.0,0.02047001430106042,0.0017154485134579522,0.0,0.01478539000735853,0.0,0.0,0.038958322981532574,0.0,0.0,0.0,0.0,0.0,0.0,0.0,0.0,0.0,0.0,0.0,0.043568914521030074,0.0,0.0,0.0,0.0,0.0,0.0,0.0,0.0,0.0,0.0,0.0,0.0,0.0,0.0,0.0,0.0,0.0,0.0,0.012498606777754627,0.0,0.0,0.0,0.06701603736545707,0.0,0.0,0.049479034765135106,0.0443132905721952,0.006500836710624591,0.0,0.0,0.003930079937434469,0.0,0.0013725483381923115,0.0,0.0,0.0,0.0,0.010322523191929674,0.0,0.023551115954393544,0.02750374163117104,0.0034196656034058102,0.0,0.0,0.0018640885770136548,0.031982805863313486,0.010530345560990122
2021-11-30,0.0024463862225546575,0.0,0.011283816568541475,0.013942695647815653,0.0,0.011015590482475898,0.038887056033695154,0.0,0.0,0.0027080469594403635,0.04395320641745354,0.0,0.017719796999635346,0.024033963993760062,1.1795149335777923e-10,0.015988433396479377,0.028768019286817624,0.0,0.0,0.0,0.0,0.00028209150505762663,0.0,0.02375775011171675,0.04313220015808948,0.002612774574192829,0.05452890096338843,0.03705726082211195,0.04872690692324466,0.09658597492481602,0.004772857589960548,0.0,0.02484972168397623,0.004908412827853618,0.0,0.0,0.0,0.0,0.06969653340788294,0.0,0.0,0.0,0.0,0.0,0.0,0.0,0.0,0.0,0.0,0.0,0.0865327563724275,0.0,0.0,0.014460443805579235,0.0,0.0,0.0,0.0,0.0,0.0,0.0019526858467630785,0.0,0.0,0.0,0.0,0.0,0.0,0.0,0.0,0.01558501747270796,0.0,0.0,0.0,0.02314904830608545,0.0,0.018597791846151335,0.04374102819326727,0.037610100285900464,0.0,0.0,0.0,0.012968664719540387,0.0,0.023581444373452193,0.005568738068771933,0.0,0.0,0.0,0.0016846981058561993,0.0,0.03138479561693518,0.02825476993656049,0.0,0.0,0.0,0.0,0.022712137005492877,0.010557482425596544
2021-12-31,0.0008747278237340766,0.0045068607372617635,0.01965503666697922,0.008688899834618968,0.0,0.028838887454804344,0.09032020403128288,0.0,0.021946843952300916,0.005229630807574157,0.03417359432109941,0.06313515478954196,0.018396491428500708,0.02549001939506198,0.0026589360326826146,0.03841693006419735,0.026644393170476777,0.016951492369867704,0.0,0.0,0.005119246837137779,0.0032335010507332238,0.0,0.03381080015542662,0.02188976932418468,0.0,0.027788989375536758,0.0,0.0072442892527725495,0.1253527506509331,0.002021436996306258,0.0,0.06459392076989624,0.0,0.0,0.0050422666070994646,0.0,0.0,0.06028473993359646,0.0,0.0,0.0,0.0,0.0,0.0,0.0,0.0,0.0,0.0,0.0,0.04537598019790411,0.0,0.0,0.0,0.0,0.0,0.0,0.0,1.1299567515998877e-10,0.0,0.0,0.0,0.0,0.0,0.0,0.0,0.0,0.0,0.0,0.03278523693088429,0.0,0.0,0.0,0.01564744640245421,0.0,0.0,0.009915118852323202,0.0031697979418718724,0.0,0.0,0.0,0.0,0.0,0.010720887722080054,0.0,0.0,0.0,0.0,0.0,0.0,0.0,0.03602314297583906,0.0347676997337226,0.0,0.011335508106158534,0.016824260223272648,0.01828807924432337,0.0028370277225623474
2022-01-31,0.0,0.01635723873734543,0.03113323928252839,0.011066515183184812,0.0,0.017801881223984496,0.10094148856682478,0.0011681371622403556,0.013817053984963287,0.0,0.01283873687607326,0.036833382360218284,0.014487274905536803,0.03835473862470766,0.003044728055547144,0.04650482269606428,0.014363923545348186,0.03353919279104764,0.0,0.0,0.019409733860122246,1.2980546683002944e-10,0.01787328950700019,0.03895817805627088,0.011677169564308155,0.0,0.011568139462911613,0.0,0.0002160831468983536,0.07188924327783007,0.0,0.0,0.051380037974330675,0.0,0.0,0.0053084765198127,0.0,0.0,0.052159567039973466,0.0,0.00020798501315581552,0.006172531097515464,0.0,0.0,0.0,0.002121072326804523,0.0,0.0,0.0,0.0,0.03067961098056216,0.0,0.0,0.0,0.0,0.0,0.0,0.0,0.0,0.0,0.0,0.0,0.0,0.0,0.0,0.0,0.0,0.0,0.0,0.03573761021376793,0.0,0.0,0.0,0.02882097630466661,0.0,0.0,0.015561404518416016,0.0,0.0,0.0,0.0,0.0,0.014114064437766645,0.02442406573867003,0.0,0.0,0.0,0.0,0.0,0.0,0.0,0.06282202493064923,0.051033383020550355,0.0,0.016204583104409802,0.02454965763990387,0.014858758138283017,0.0
2022-02-28,0.022010219821803453,0.03205870005394819,0.04020081735396251,0.02582330977541356,0.01721855196193931,0.03982526790515117,0.08854827396373001,0.01959398161751764,0.03154254465342499,0.006813905013003156,0.017459449628938823,0.026463457301609445,0.01738919176294855,0.0423755415128422,0.010839940423689354,0.05953798083205462,0.01357815232597769,0.029990596627354035,0.0,0.011682692250416682,0.037523263469682724,0.016285472834106172,0.028768361703854814,0.02766906698849185,0.020016942595529597,0.0,0.019659217572512912,0.0,0.01788213157440252,0.05911837476368145,0.0,5.6077653459919996e-05,0.044368722923903425,0.0,0.0,0.00630472028750402,0.0,0.0,0.06601301707456184,0.008230258120052207,0.014301465286663768,0.0,0.0,0.0,0.0,1.0696682510873986e-10,0.0,0.0,0.0,0.0,0.0,0.0,0.0,0.0,0.0,0.0,0.0,0.0,0.0,0.0,0.0,0.0,0.0,0.0,0.0,0.0,0.0,0.0,0.0,0.018154247552859132,0.0,0.0,0.0,0.018068404862585544,0.0,0.0,0.0,0.0,0.0,0.0,0.0,0.0,0.00902114418608126,0.0,0.0,0.0,0.0,0.0,0.0,0.0,0.0,0.008937367602638508,0.02263943376616409,0.004029734288572054,0.0,0.0,0.0,0.0
2022-03-31,0.01138620845202076,0.05539353174083308,0.03949686331627058,0.01805936933251511,0.005237674729101615,0.022107237936313435,0.11393493969045988,0.00755759879876324,0.03953443174707569,0.0,0.003941088545978277,0.01240385800881696,0.01646139774616552,0.04272430606479021,0.0029660135296487957,0.041491781085671406,0.02676886509813114,0.012851547393613131,0.0,0.0,0.024296823241075318,0.0,0.0,0.04631789849674761,0.013375153953220895,0.0,0.01315980717379158,0.0,0.004985616174148523,0.0683392656774698,0.0,0.0,0.02866681554720761,0.0,0.0,0.02424829335452668,0.0,0.0,0.023092592612262854,0.0,0.01086219148371818,0.007097153935905499,0.0,0.0,0.0,1.0950617267002844e-10,0.0,0.0123705016715788,0.0,0.0,0.009745856238877052,0.0,0.0,0.0,0.0,0.0,0.0,0.0,0.010759214661001095,0.0,0.0,0.0,0.0,0.0,0.0,0.0,0.0,0.0,0.0,0.04327256258012278,0.0,0.0,0.0,0.05503641723120023,0.018201390560318404,0.0,0.0,0.0,0.004604989467702484,0.0,0.0,0.0,0.0,0.0,0.0,0.0,0.0,0.0,0.0,0.0,0.02853666797956216,0.02743500766363146,0.0404834881857392,0.012795578784516606,0.0,0.0,0.0,0.0
2022-04-30,0.012447582415422213,0.046024068978797475,0.030990973060807937,0.01739200638669024,0.0257919967414129,0.022676094305512304,0.08624897571115367,0.013469045833629217,0.056669641185856545,0.0,0.008610862651309937,0.013181405178065892,0.03667276193614301,0.04668412825854203,0.016224562797277468,0.04178165833554769,0.02761911373465722,0.013517835536648396,0.0,0.0,0.011840827400314042,0.0,0.0,0.0498149315687373,0.017462030044901947,0.0,0.02143642104822436,0.0,0.007237043627337479,0.044733326622500076,0.0,0.0,0.020515143358614665,0.0,0.0112485756681682,0.03182898880518474,0.0,0.0,0.0,7.247023134352448e-11,0.015857473613788912,0.020130812736390006,0.0,0.0,0.0,0.006969767222368187,0.0,0.022717056769704504,0.0010719255926642506,0.0,0.0,0.0,0.0,0.0,0.0,0.0,0.0,0.0,0.0,0.0,0.0,0.0,0.0,0.0,0.0,0.0,0.0,0.0,0.0,0.04070256270614158,0.0,0.0,0.0,0.04152284943709949,0.0008051032144611257,0.0,0.0,0.0,0.0,0.0,0.0,0.0,0.0,0.0,0.0,0.0,0.0,0.0,0.0,0.0,0.02817634933670209,0.02697963465664188,0.047494306543549136,0.0,0.0,0.0,0.007491302210663075,0.007960854695898557
2022-05-31,0.026196088434454385,0.048446270507496496,0.030118263258835046,0.028226227150308758,0.029280045188857996,0.014762171241209883,0.05881723527042645,0.028015422538399136,0.0536409928035381,0.0,0.009820333507816944,0.016961186863747705,0.025752224164658968,0.052324126793708736,0.038067277348041224,0.06416811004522677,0.048689786855283225,0.008249094825965022,0.0,0.0,0.013288294991794278,0.0,0.0,0.021229237835789252,0.02870337901743278,0.0,0.002182219034706554,0.0,0.0,0.0366581966588008,0.0,0.010610812564317083,0.012813653159481467,0.0,0.02524368801958844,0.02622765526785384,0.0,0.0,0.0006902380347898789,0.0,0.01792693996662602,0.0,0.0,0.0,0.00961189924849114,0.019480021511678124,0.0,0.033889367292801696,0.010446875631394108,0.0,0.0026020766764072627,0.0,0.0,0.0,0.0,0.0,0.0,0.0,0.0,0.0,0.0,0.0,0.0,0.0,0.0,0.0,0.0,0.0,0.0,0.04136861471393409,0.0,0.0,0.0,0.0,0.0,0.0,0.0,0.0,7.496896927398995e-11,0.0,0.0,0.0,0.0,0.0,0.0,0.0,0.0,0.0,0.0,0.01763708383312311,0.021311086625410827,0.019087494625738426,0.04432055288677368,0.003135755530123421,0.0,0.0,0.0,0.0
2022-06-30,0.033725321627607927,0.06840467843583259,0.02334629017625792,0.024947752535152697,0.040308957753041,0.008901610213397507,0.06393659775882937,0.010937375981861229,0.0699463013848387,0.0,0.0,0.02039842506414998,0.012959935131285134,0.05631975536070872,0.04207442754489116,0.07182994431428887,0.0422181729402645,0.032349779021325104,0.0,0.0,0.007002202131602992,0.0,0.0,0.008734075259932592,0.033554781501421174,0.0,0.0,0.0,0.0,0.019599954672473656,0.0,0.028018435692779026,0.024228167813500196,0.0,0.03853368829123277,0.04556245595368553,0.011953384362716965,0.0,0.0,0.006013554370344601,0.024032337384197577,9.81417771187007e-11,0.004827990988075477,0.0,0.014923939420148039,0.019942016281016422,0.0,0.00028445271891718846,0.0013483691766440484,0.0,0.0,0.0,0.0,0.0,0.0,0.0,0.0,0.0,0.0,0.0,0.0,0.0,0.0,0.0,0.0,0.0,0.0,0.0,0.0,0.04481261940073534,0.0,0.0,0.0,0.0,0.0,0.0,0.0,0.0,0.0,0.0,0.0,0.0,0.0,0.0,0.0,0.0,0.0016486900453043755,0.003195490364146208,0.0,0.0024753249351352744,0.008256082867182064,0.006292476504994252,0.022154184521940012,0.0,0.0,0.0,0.0,0.0
2022-07-31,0.04801289031276506,0.038188261805422764,0.012223413909761482,0.014870247816159561,0.060696982302629876,0.00013029027380042786,0.03379417599433615,0.01050075790436373,0.022257235489560337,0.0,0.0,0.0,0.003038289647997779,0.02881427901116145,0.03337776531592758,0.06071044133330797,0.053727059608392615,0.0749744261762962,0.0,0.0,0.01370800609515516,0.0,0.0,0.049825607863176115,0.014076851714458641,0.0,0.0,0.0,0.0,0.05841400494063911,1.84160029232417e-10,0.013487243722401917,0.0,0.0,0.03963805560267721,0.028136636055313986,0.0014055167636506211,0.023171936605959516,0.0,0.0,0.01001166210020245,0.003218995056023621,0.011374489979325487,0.0,0.02701842289628546,0.061318826296841884,0.0,0.000650432701855839,0.011323545325844625,0.0038431981349307067,0.0,0.0,0.0,0.0,0.0,0.0,0.0,0.0,0.0,0.0,0.0,0.0,0.0,0.0,0.0,0.0,0.0,0.0,0.0,0.0,0.0,0.013346859885169099,0.0044434712691339695,0.0,0.0,0.0,0.0,0.0,0.012760601023745733,0.0,0.02715730535766714,0.0,0.0,0.0,0.0,0.0,0.0,0.0,0.0,0.02091420769623281,0.0,0.0026294532984814994,0.05280815252878441,0.0,0.0,0.0,0.0,0.0
2022-08-31,0.05714229517648018,0.03225057895301523,0.010799774529884086,0.0033760318818339035,0.0710181013349642,0.0,0.020434892481686687,0.014193178366893332,0.01147346060281779,0.0,0.0024293431475360897,0.0,0.015167493115643067,0.01623617457062394,0.018868797280331907,0.03346700367990166,0.03434312734827754,0.058376322680694016,0.0,0.0,0.009650317871029965,0.0,0.0,0.04276455110578817,0.019623062000316136,0.00200769520416808,0.0,0.0,0.016654508670962565,0.04830905072731782,0.02125678347930679,0.03055843327381655,1.3427829039787422e-10,0.0016995681173989812,0.046318170032117245,0.037576229931743095,0.007677037579049045,0.013229508790916049,0.0,0.0,0.0,0.0,0.029965930904043477,0.004639215242314241,0.061127505012335874,0.07004880323765582,0.011394683657113136,0.024861282879158893,0.03110811421480384,0.0,0.0,0.0,0.0,0.0,0.0,0.0,0.0,0.0,0.0,0.0,0.0,0.0,0.0,0.0,0.0,0.0,0.0,0.0,0.0,0.0,0.0,0.0,0.0,0.0,0.0,0.0,0.0,0.0,0.0037984408867952576,0.0,0.028789919832990753,0.0,0.0,0.0,0.0,0.0,0.0,0.0,0.0,0.0,0.009334086579109793,0.0,0.028030525484886618,0.0,0.0,0.0,0.0,0.0
2022-09-30,0.05236861619208025,0.02164174027583908,0.0269836794005913,0.014608412557333162,0.08928491470843612,0.0010738629142887032,0.030010836404004166,0.028325415756368492,0.015533733808736376,0.0,0.01796441875719415,0.003794896334305294,0.027077231186956468,0.017459766822451494,0.007279446705106137,0.025471768949035942,0.02365508773759819,0.05948422362458494,0.0,0.0,0.007388654256119022,0.0,0.0,0.03688755850603223,0.024531775372238242,0.005906005068049883,0.0,0.0,0.0,0.07520664051339622,0.03932514959843745,0.021552214331816373,0.007728568143080524,0.016840819213394136,0.037572163757446944,0.04723005604847804,0.006333009131453663,0.028269765598757095,0.0,0.0,0.0,0.0,0.0038092977518522863,0.005113324681082803,0.03871667037319374,0.02505054111395165,0.014597143092384727,0.012834328062322112,0.022228810044882398,0.0,0.0,0.0,0.0,0.0,0.0,0.0,0.0,0.0,0.0,0.0,0.0,0.0,0.0,0.0,0.0,0.0,0.0,0.0,0.0,0.0,0.0,0.0,0.0,0.0,0.0,0.0,0.0,0.0,0.0,0.0,0.040563917769485036,0.0,0.0,0.0,0.0,0.0,0.0,0.0,0.0,0.0,1.2191829462117714e-10,0.0,0.020295535315316977,0.0,0.0,0.0,0.0,0.0
2022-10-31,0.025672193806403232,0.01622402361653076,0.02377474131606811,0.004415058210260774,0.05681578582696394,0.0,0.024770070152494394,0.02670745976916701,0.0017550630390406028,0.0,0.0070785679864879296,0.022067498114189184,0.020742403551176885,0.0,1.5089188458408255e-10,0.005432876172097044,0.010752384750797827,0.035554243922109284,0.03180041238481353,0.0,0.0,0.0,0.0,0.03294917455893766,0.0,0.0,0.0,0.0,0.0,0.10886302097102898,0.03268634780415028,0.00677591162425068,0.0,0.0006380575143913183,0.03881138499324265,0.06005564363923436,0.0,0.05924485333457102,0.0,0.0,0.0,0.0,0.0,0.031507667372387964,0.026999106302605245,0.012088811298817958,0.0024703206676281414,0.009695759387051207,0.0,0.0,0.0,0.0,0.0,0.0,0.0,0.0,0.0,0.0,0.0,0.015206669313173347,0.0,0.0,0.0,0.0,0.0,0.0,0.0,0.0,0.0,0.0,0.0,0.0,0.0,0.0,0.0,0.0,0.0038724246298273814,0.028480933867480688,0.021373286890448876,0.007900345547135142,0.04090550071799861,0.0,0.0,0.0,0.0,0.0,0.0,0.0,0.0,0.0,0.017214965568632383,0.02343474025863174,0.05093012156901549,0.0,0.0,0.0,0.035238374295700564,0.01909379510416586
2022-11-30,0.046433958064863334,0.023304281060483364,0.0334219043358744,0.017196791989417034,0.05241929594857529,0.006898056266360867,0.023779533077679542,0.03185366903936561,0.014900120628721526,0.0,0.015164926513139072,0.03476051646834982,0.0,0.003226097157605396,0.008295574006434684,0.01741575329735614,0.01998731949640306,0.0222377329571699,0.05478291904737875,0.0,0.0,0.012186658188879517,0.003058815975030992,0.013050217447733558,0.0,0.0010633753857565637,0.0,0.0,0.0,0.06846557379364725,0.03521076606448938,0.004570011935008836,0.0,0.016116963370761888,0.05596651233894785,0.062236646872641216,0.018155455898319715,0.11243506817623948,0.0,0.014905822704098248,0.0,0.0,0.016833461628650404,0.04527075456138517,0.01904797990929393,0.00015614168401183767,0.016320456781622115,1.722929846102325e-10,0.0081847604864576,0.0,0.0,0.0,0.0,0.0,0.0,0.0,0.0,0.0,0.0,0.0,0.0,0.0,0.0,0.0,0.0,0.0,0.0,0.0,0.0,0.0,0.0,0.0,0.0,0.0,0.0,0.0,0.0,0.01906591975242993,0.0,0.0,0.0,0.0,0.0,0.0,0.00204370505692059,0.0,0.0,0.0,0.0,0.0,0.0,0.0,0.029576482460203102,0.0,0.0,0.0,0.0,0.0
2022-12-31,0.051852878099180676,0.011568374537556571,0.02968029416852729,0.02502142403732746,0.01413300378069441,0.005940506388920859,0.010058826516123364,0.0,0.004491304581714599,0.012231740858700145,0.013743591497814798,0.0251447149714495,0.0,0.0,0.0,0.013063966820266854,0.02131141107991539,0.029225521228583184,0.0645468139411879,0.0,0.00825283991861879,0.04131645926651099,0.03323841311113495,0.0,0.0,1.9705624620080803e-10,0.0,0.0,0.0,0.06468451429128752,0.025951883132466214,0.0,0.011543396513216205,0.030419898060288945,0.046984493123513035,0.07814591656105292,0.03190573252707132,0.07318445196072959,0.01855406090193617,0.014737684474253934,0.0,0.0,0.005830392126823336,0.07814402851375359,0.014323883772771658,0.0011072760448887665,0.0005831606507554781,0.0,0.0,0.0,0.0,0.0,0.0,0.0,0.0,0.0,0.0,0.0,0.0,0.01552681460483403,0.0,0.0,0.0,0.0,0.0,0.0,0.0,0.0,0.0,0.0,0.0,0.0,0.0,0.0,0.0,0.0,0.0,0.017113453373078086,0.016547533987395554,0.0,0.003939046850027002,0.0,0.0,0.00010385472651447137,0.03584643880205823,0.0,0.0,0.0,0.0,0.0,0.0,0.0,0.0,0.0,0.0,0.0,0.0,0.0
2023-01-31,0.04760760823939606,0.019620358368051958,0.035484226448532,0.016361839536908427,0.008506029012527772,0.010768997640460989,0.004641537106470218,0.0,0.00960651485963675,0.012445110592620974,0.00920765713052056,0.026442095094459647,0.0,0.0,0.0,0.0,0.0,0.017140842129659526,0.11869741469755034,0.0,0.013014282407988697,0.04514794137931202,0.054079635526689714,0.00827691727061915,0.0,0.0,0.003312306296937966,0.0,0.0,0.016545626972757136,0.019209687264474144,0.0,0.013105804586908458,0.02575190885864959,0.01913541565020457,0.06184707428927047,0.02748901263142327,0.04335917788028509,0.017782736987744956,0.034620167260490005,0.0018401436733428234,0.0,0.011631395168079288,0.10854901164674506,0.003099553935678628,0.0,0.0,0.0,0.0,0.0,0.0,0.0,0.0,0.0,0.0,0.0,0.0,0.0,0.0,0.05033087257963096,0.0,0.0,2.0328696350580672e-10,0.0,0.0,0.0010768697749625222,0.0,0.0,0.0,0.0,0.0,0.008430380827570567,0.0,0.0,0.0,0.0,0.0,0.008943665649726864,0.0,0.0,0.003335512076455788,0.0,0.0,0.004361191230671744,0.059193477113298275,0.0,0.0,0.0,0.0,0.0,0.0,0.0,0.0,0.0,0.0,0.0,0.0,0.0
2023-02-28,0.030970185098099776,0.0,0.005071213761037404,0.0,0.0,0.0,0.0,0.0,0.0,0.02542862689482464,0.0,0.0,0.0,0.0,0.0,0.0,0.0,0.006498434207802435,0.1679688587528835,0.0,0.0,0.01838858333437773,0.0057475016463677244,0.0,0.0,0.0,0.0,0.0,0.0,0.01364739079811126,0.026711933052927666,0.0,0.015431548395901275,0.0190270442742082,2.1850803576307855e-10,0.041950365128182655,0.0,0.006822221696987963,0.04652973591990652,0.015824864410858116,0.0,0.0,0.01571895586067295,0.09503292552128291,0.0,0.0,0.0,0.0,0.0,0.0,0.0,0.0,0.005654642003414314,0.0,0.0066601724491268995,0.0,0.014137052450657262,0.0,0.009717930928591204,0.09164580292868796,0.02965367761818766,0.0,0.028122811382028837,0.0,0.0,0.009820145983395541,0.0,0.0023715571761971734,0.0180976788395785,0.0,0.005448673089163087,0.014735692139190314,0.0,0.0,0.0,0.0,0.014322026033355967,0.038443958211062855,0.017830860208238566,0.030808566876152535,0.026921691943512044,0.0,0.0,0.0,0.05474483378688188,2.3237983799861134e-05,0.0,0.0,0.0,0.009521819319708207,0.0,0.0,0.0,0.0,0.012105561512341071,0.0,0.0024412181637875397,0.0
2023-03-31,0.014615995135265222,0.0,0.0,0.0,0.0,0.0,0.0,0.0,0.0,0.033609928580196145,0.0,0.0036151616310766987,0.0,0.0,0.0,0.0,0.0,0.0060288113335034916,0.1587792196840617,0.0,0.01199856805796163,0.043715111088107474,0.0057108910043171405,0.0,0.0,0.0,0.0028686430795457967,0.0,0.0,0.012889992546138315,0.02622939098439543,0.0,0.02630036520371448,0.03673083729297171,0.004078775195867005,0.04398847677985005,0.005439175141304697,0.0,0.031370970275616715,0.016214060686962066,0.0,0.0,1.3744522114206595e-10,0.10548427785009815,0.0,0.0,0.0,0.0,0.0,0.0,0.0,0.0,0.0,0.0,0.0,0.0,0.0,0.0,0.0,0.03424585582049071,0.02205355059008381,0.0,0.0023881827856273978,0.0,0.0,0.0,0.0,0.01136813818933345,0.023482272972708336,0.005348473375334985,0.0,0.0,0.0,0.0,0.0051797539452177925,0.0,0.020010695555779705,0.05511830365887671,0.04618961276304021,0.04248688121041186,0.06693990480311135,0.004714514302387468,0.0,0.014467238588693945,0.004506013736167877,0.011524473537349445,0.0,0.0,0.0,0.01087522348016246,0.0,0.0,0.0,0.0,0.019569815848133127,0.00664558490332719,0.003216858245362942,0.0
2023-04-30,1.8217593154846836e-10,0.0,0.0,0.0,0.0,0.0,0.0,0.0,0.0,0.03100582676065325,0.0,0.0,0.0,0.0,0.0,0.0,0.0,0.0,0.15175045940069026,0.0,0.0,0.04081451302392101,0.013846303460198404,0.0,0.0,0.0,0.0,0.0,0.0,0.0,0.008369968925741315,0.0,0.00691170316177857,0.005120852738865585,0.0214787847982491,0.06054330178130875,0.0,0.0,0.005441439002973037,0.010094355684415739,0.0,0.0,0.0,0.061128929851707745,0.0,0.0,0.0,0.0,0.0,0.0,0.0022458021872595116,0.011851324560866919,0.039218864340207125,0.0007152198680904277,0.01805791261900849,0.020572360554552617,0.031401009411691605,0.0,0.01230101701909954,0.06547507354078813,0.06569555157404605,0.0,0.01848278968007575,0.0,0.0,0.012504700229993572,0.0,0.00962033228249005,0.04648798362229421,0.00918413636072435,0.004689922222869231,0.01105203765271037,0.009950698741736833,0.0,0.0,0.0,0.0,0.02715894357309459,0.04932002666263929,0.021933236763741797,0.06281841467881534,6.86550772235432e-05,0.0,0.02206162695869043,0.009074854074404073,0.00039859618816704393,0.0,0.0,0.0,0.0011524707820405916,0.0,0.0,0.0,0.0,0.0,0.0,0.0,0.0
2023-05-31,0.012210398480247924,0.0,0.0,0.0,0.0,0.0,0.0,0.0,0.0,0.0,0.0,0.0,0.0,0.0,0.0,0.0,0.0,0.0,0.05426013722899915,0.0,0.015215718387941585,0.03165492299061395,0.027130772504687588,0.0,0.0,0.0,0.0,0.0,0.0,0.0,0.0018149071366739154,0.0,0.0029543165536843677,0.0022413644128269935,0.0,0.00681583877945168,0.0,0.0,0.017032830899758343,0.004804360723895628,0.0,0.0,0.0,0.049629098734951575,0.0,0.0,0.0,0.0,0.0,2.9331875053662384e-05,0.0037431794837650286,0.03186170480000581,0.056902051225666404,0.018859857988190766,0.045267981967054276,0.030275407704345093,0.045149900613372006,0.04355288419008243,0.03917852970965374,0.08843808107921566,0.07683900396568587,0.0011091400578105044,0.03048776222581713,0.0,0.0,0.03586012317475641,0.0,0.007618234128409715,0.04962100924202159,0.015205313225727225,0.0,0.0,1.4085437728424653e-10,0.0,0.0,0.0,0.0,0.004842615000276569,0.031119028538743015,0.029911369700832607,0.012456396147285059,0.0,0.0,0.043524306237575076,0.009286645493872323,0.010711040979744832,0.0,0.003337613750378803,0.0,0.009046820520071365,0.0,0.0,0.0,0.0,0.0,0.0,0.0,0.0
2023-06-30,2.0944425149678431e-10,0.0,0.0,0.0,0.0,0.0,0.0,0.0,0.0,0.007167024703177985,0.0,0.0,0.0,0.0,0.0,0.0,0.0,0.0,0.046287707039746294,0.0,0.008622859625960787,0.009732126905231925,0.02387025933347757,0.0,0.0,0.0,0.0,0.0,0.0,0.0,0.010969466616413487,0.000662569128904482,0.018983717121831903,0.03004396399451849,0.0,0.0,0.0,0.0,0.012550686644495873,0.0,0.0,0.01323743793246537,0.0,0.05174221567223915,0.0,0.0,0.0,0.0,0.0,0.0,0.0,0.00838082962641872,0.03880222816635997,0.012524892620937426,0.04151766849307019,0.0018302971484506873,0.041625837234980874,0.09077840111504161,0.05382636669781009,0.09741192794825404,0.08787988776208783,0.0,0.013312533304189,0.0,0.0,0.004798235292388167,0.0,0.0019538262420244383,0.044253075859536695,0.0018824196815624727,0.0,0.0,0.0,0.0,0.004012626647868476,0.0,0.0,0.0010795820880945331,0.047389160964013126,0.02616395102554408,0.01228283643815643,0.00032828267974542927,0.0,0.05751126481919463,0.0019348763298831168,0.02679044743001968,0.0,0.0028931995544628658,0.0,0.0,0.0,0.0,0.0,0.0,0.02236059667006759,0.02260471323193036,0.0,0.0
2023-07-31,0.0,0.0,0.0,0.0,0.0,0.0,0.0,0.0,0.0,0.0,0.0,0.0,0.0,0.0,0.0,0.0,0.0,0.030477115047688963,0.06785252579819126,0.002508021009057715,0.006886409685957896,0.0,0.0,0.0,0.0,0.0,0.0,0.0,0.0,0.0,0.0,1.5732670691223545e-10,0.0009290845539927665,0.02245091738389367,0.0,0.0,0.0,0.0,0.0,0.0,0.0,0.0,0.0,0.05196553174746153,0.0,0.0,0.0,0.0,0.0,0.0,0.01191724960733893,0.005149274902638958,0.02811182854720689,0.006546780651951276,0.016149234673001334,0.018981138377355312,0.0274061283781448,0.02822392833060215,0.0372937919677809,0.05831815982165273,0.05818993900399284,0.0,0.0,0.0,0.0,0.0,0.0,0.011861854278266035,0.053323414308882704,0.024825404725904273,0.012461020721453955,0.01608016114387371,0.0,0.0,0.0,0.005348614918735541,0.0016158249112659293,0.0,0.0464299121705952,0.032630524221131635,0.03801408033719651,0.009382321767817016,0.0,0.053400909640980175,0.014492095553666505,0.020743688280692202,0.011395164492092777,0.028579303597030852,0.01131595160865072,0.0,0.0,0.0,0.0,0.00010752136594574496,0.05501749934312012,0.05158164076658975,0.022036032200872076,0.0
2023-08-31,0.0,0.0,0.0,0.0,0.0,0.0,0.0,0.0,0.0,0.00208138492896669,0.0,0.008047903427032781,0.0,0.0,0.0,0.0,0.0,0.05571126468783054,0.06515359362237151,0.041779166926684416,0.005014964187522973,0.0,0.0,0.0,0.0,0.0,0.0,0.0,0.0,0.0,0.014871652108616386,0.029976129000300816,0.017161308237023037,0.04936456885509437,0.0,0.003808373697938651,0.0,0.0,0.019416119284401984,0.001029077993722654,0.0,0.01961259334769203,0.0,0.05832913153613525,0.0,0.0,0.0,0.0,0.0,0.0,0.016230847678930512,0.0,0.011114223674808544,0.0,1.797638557661723e-10,0.01501054342784122,0.003950715041722759,0.00948039036532001,0.01964737321092748,0.03490754595441114,0.02118498974906641,0.0,0.0,0.0,0.0,0.0,0.0,0.002827888735517238,0.04857702927736523,0.013141993918408605,0.0,0.0,0.0,0.0,0.0,0.0,0.002325162093885093,0.0,0.0716737371420679,0.041873078670240135,0.06336822573327033,0.0,0.0,0.03494809975277688,0.0,0.005644990523437096,0.011720698697343558,0.027471648242512334,0.015933564520813282,0.0,0.0,0.0,0.0,0.0015418030289246752,0.03670164021140706,0.03976049294433176,0.059606085383572774,0.0
2023-09-30,0.0,0.0,0.0,0.0,0.0,0.002123420024324862,0.0,0.011663813636029747,0.0,0.031107397555214952,0.0,0.04629687075994758,0.0,0.007263472238306733,0.0,0.0,0.006754899291887202,0.06463183857647904,0.04379618132525672,0.01780737566783123,0.011597933954161489,1.468212840869875e-10,0.0,0.0,0.0,0.0,0.0,0.0,0.0,0.0047745583146327755,0.03299936588485146,0.03165402897158936,0.02282606513167455,0.057596956785732165,0.0,0.02152321971306531,0.0009480596437201794,0.0,0.01806053771793123,0.0,0.0,0.012224547313182076,0.0,0.05558565235177984,0.0,0.0,0.0,0.0,0.0,0.0,0.0,0.0,0.0023729008514735543,0.0,0.0,0.013610604601448983,0.0,0.0051490462479224725,0.0,0.027725571567601807,0.000871466886907019,0.0,0.0,0.0,0.0,0.0,0.0,0.0,0.025839287409579477,0.0,0.0,0.0,0.0,0.0,0.0,0.0,0.012584385301089216,0.0,0.05860097140219772,0.05499718531305054,0.044928998972337174,0.0,0.0,0.034279321206523876,0.0,0.005106396901818128,0.0038927047380062224,0.028304095265436684,0.019292187974998477,0.0,0.0,0.0,0.0,0.00024258364485190716,0.03523730567896501,0.05052448135777762,0.07520430967359434,0.0
2023-10-31,0.0021056329338251254,0.0,0.0,0.0,0.0,0.009715395490078995,0.0,0.018126827439892558,0.0,0.02875023975022459,0.0,0.052542155887385776,0.0,0.009127269851106113,0.00024603294697577815,0.004328117268701833,0.016539643069657203,0.09162681400836437,0.0,0.0345220960134304,0.030586933811114873,0.016067502502261344,0.01669950787998395,0.022722412476362978,0.01589346650768249,0.0,0.0,0.0,0.0,0.01885378479997141,0.031930961544234214,0.04160676229847942,0.030770142348494418,0.06797738931839542,0.0015089553361704049,0.02946644297504181,0.033222882871651135,0.0,0.02069036743990715,0.0,0.0,0.015122454536106465,0.0,0.06159101492015602,0.0,0.0,0.01578668717331458,0.0,0.0,0.0,0.0,0.0,0.0,0.0,0.0,0.0,0.0,0.003482033162083527,0.0,1.6095396719797337e-10,0.0,0.0,0.0,0.0,0.0,0.0,0.0,0.0,0.0002523155593209695,0.0,0.0,0.0,0.0,0.0,0.0,0.0,0.0,0.0,0.027541602388155485,0.042122179616214284,0.012836807370315834,0.0,0.0,0.035466627920528,0.0,0.0,0.0,0.0,0.0026220465257134943,0.0,0.0,0.0,0.0,0.0,0.01915428463476127,0.028246400321665806,0.06608531593436681,0.024062493006949646
2023-11-30,0.0,0.0,0.02492809723984392,0.012312952600224575,0.002354614253466598,0.02628537519626341,0.0,0.017517730730790586,0.0,0.040910167175867825,0.004303511790422212,0.07555911109423463,0.005244066927299752,0.019005231509042198,0.0,0.0,0.013903606634303515,0.08204513774500083,0.0,0.03472510489878322,0.012891229391015871,0.0,0.013103680678744858,0.014996106012898325,0.03251273202951709,0.0,0.0,0.0,0.0,0.0009690833324736045,0.021750095157266478,0.01864170443009774,0.03224162078489058,0.04708414972424237,0.0,0.02487546319178088,0.01629098746168825,0.0078002612072437015,0.04064276178288315,0.0,1.4320152590288597e-10,0.014451094189448666,0.0,0.0449946284843045,0.0,0.0,0.025625707419535692,0.0,0.0,0.0,0.0,0.0,0.0,0.0,0.0,0.03530159744863598,0.0,0.03193770796327825,0.017121162563439266,0.017100429085884716,0.0,0.0,0.0,0.0,0.0,0.0,0.0,0.0,0.0,0.0,0.0,0.0,0.0,0.0,0.0,0.0,0.0,0.0,0.0,0.01894834947264002,0.0,0.0,0.0,0.017512406402686947,0.0,0.0,0.0,0.0,0.0,0.0,0.0,0.0,0.0,0.0,0.004167600702226515,0.01460156255020584,0.07178243155623028,0.04356073903799553
2023-12-31,0.0,0.0,0.015787359356063298,0.0,0.0,0.015843969742145116,0.0,0.0007000854297870236,0.0,0.013637333905372497,0.004193957355555157,0.04084868867074416,0.00901032976601304,0.019053109296471162,0.00150384451732794,0.0,1.0754683010869881e-10,0.07866237218263268,0.007099550756842646,0.044489091807068885,0.02386675789236533,0.0,0.022222924200868067,0.015658969762180956,0.0319051736398908,0.0,0.005696357075136796,0.0,0.0,0.01047892084225312,0.02822755812694569,0.013952430213398781,0.03678541913293923,0.059590538219735555,0.0,3.3872631580588084e-05,0.02950928271471327,0.0,0.05636977958962396,0.0,0.0035791028795457637,0.013571536509094102,0.0,0.04204563265194477,0.0,0.0,0.03907882788781523,0.0,0.0,0.0,0.0,0.0,0.0,0.0,0.0,0.006848984388709597,0.0,0.018996545053828216,0.0,0.007957322276324126,0.0,0.0,0.0,0.0,0.0,0.0,0.0,0.0,0.0,0.0,0.0,0.0,0.0,0.0,0.0,0.0,0.0,0.0,0.0,0.031142688326892223,0.0,0.0,0.0,0.02888073655354735,0.0,0.0,0.0,0.0,0.01600643118133765,0.0,0.0,0.0,0.0,0.0,0.022511583095333992,0.028349097615199343,0.07971979345015924,0.0761840411950658
2024-01-31,0.0,0.0,0.007632167614505886,0.0,0.0,0.0061170133254327234,0.0,0.0,0.0,0.020588251263268163,0.0,0.06302074449416706,0.006536550655405466,0.0,0.0,0.0,0.00024078168228428717,0.08454527207909684,0.005560248893257965,0.055845131810850046,0.0023421675579086802,0.0,1.3408461880450034e-10,0.011969289304385908,0.01951720024299892,0.0,0.0,0.0,0.0,0.006194990179541379,0.021878908110540742,0.0,0.047156449205881044,0.03549763096350579,0.0,0.012801696756532777,0.04779406241664803,0.022301956245089388,0.08009132943252947,0.0,0.0,0.011758564666193903,0.0,0.040487365954909184,0.0,0.0,0.0264720978110717,0.0,0.0,0.0,0.0,0.0,0.0,0.0,0.0,0.0,0.0,0.003593828954878239,0.0,0.0,0.0,0.0,0.0,0.0,0.0,0.0,0.0,0.0,0.0,0.0,0.012007505250053091,0.005246891175097294,0.0017557322303825553,0.0,0.0002688854271202147,0.004584940020460783,0.0,0.0,0.0008726106617893675,0.012294381732560027,0.0,0.0,0.0,0.016950666338082614,0.0,0.008868583250273782,0.0,0.0,0.03875722921132349,0.0,0.0,0.0,0.0,0.0049875991963902935,0.03394196548335798,0.04694600463085091,0.06627599956677911,0.10629730607051024
2024-02-29,0.0,0.0,0.0,0.0,0.0,0.019538144257580617,0.0,0.0,0.0,0.024700936622623054,0.0,0.0,0.0035146218696988905,0.00972175064683696,0.01222746620998255,0.0,0.015170978132316298,0.054583790826047834,0.0,0.055419911213941415,0.0035459489200320798,0.0,0.01222373248551789,0.0023757483587572457,0.01786166653263045,0.0,0.013888207661675821,0.0,0.0,0.005951726855468559,0.04018065336004691,0.018935803905654115,0.07720888974792249,0.03257752852897698,0.01168531753220432,0.04422623828676264,0.06228446817741922,0.0226796060179386,0.07044444884041455,0.0,1.039191455080503e-10,0.0,0.006762528721451343,0.02424331580096808,0.0011237528297837723,0.0,0.041915960211628585,0.0,0.0,0.0,0.0,0.0,0.0,0.0,0.0,0.0,0.0,0.0,0.0,0.0,0.0,0.0,0.0,0.0,0.0,0.0,0.0,0.0,0.0,0.0,0.004552232720581005,0.0,0.0,0.0,0.0,0.011286450538180065,0.016043467579065173,0.012489669650126852,0.006606123467263335,0.0058007237465814545,0.0,0.0,0.0,0.012471555077912859,0.0,0.0,0.0,0.00035237073444455483,0.021102289018335992,0.0,0.0,0.0,0.0,0.0,0.0,0.014239116050317488,0.08574187499856914,0.1043209837604217
2024-03-31,0.0,0.0,0.008366156731983258,0.0,0.0,0.04716960553644834,0.0,0.0,0.0,0.030820568692270622,0.00680442285255133,0.00679791205069826,0.014909900888364679,0.029576186074554974,0.019268418963412665,0.0,0.021343802947943753,0.019097470392873857,0.0,0.03392523704257312,1.066976630252861e-10,0.0,0.011196728215477382,0.0,0.009174672919347463,0.0,0.025920478738180434,0.0,0.0,0.0,0.0647509492541095,0.024707599801232747,0.09157641969431349,0.03746470482910002,0.01282085864511278,0.043406593252201746,0.06343323364704434,0.025960481846146785,0.10304588335300019,0.0,0.0,0.0,0.0,0.017532940139287627,0.0,0.0,0.03931853936539571,0.0,0.0,0.0,0.0,0.0,0.0,0.0,0.0,0.0,0.0,0.008165883280682538,0.0,0.0,0.0,0.0,0.0,0.0,0.0,0.0,0.0,0.0,0.0011392920699407622,0.0,0.0,0.0,0.0,0.0,0.0,0.005091190502259698,0.002468758212535784,0.011721590773259523,0.011631526133160432,0.0,0.0,0.0,0.0,0.025068603841060126,0.0,0.0,0.0,0.00854588744688965,0.023950274221809283,0.0,0.0,0.0,0.0019957945558701238,0.0,0.0078088860373528605,0.019624246735318488,0.020678781928004635,0.043719518281533434
2024-04-30,0.0,0.0,0.0011856317002939378,0.0,0.0,0.040793152632424744,0.0,0.0,0.0,0.038770967948076086,0.005726618882433916,0.02405157595455597,0.0,0.030002678157018077,0.02143740161864534,0.0,0.027063771301609342,0.0,0.0,0.008518746050990567,0.008835076831632505,0.0,0.013985679894619272,0.0,0.013348219124586684,0.0,0.01768663671597972,0.01457611130930418,0.0,0.0,0.0705513088826984,0.03191615618261331,0.08281739111730038,0.04341834332516547,0.01855247553774112,0.04206119507217551,0.051807758454514574,0.009445456660063826,0.08220763127015379,0.0,0.0,0.0,0.0,0.024626216672149044,0.0,0.0,0.009537652718548105,0.0,0.0,0.0,0.0,0.0,0.0,0.0,0.0,0.005558109978424121,0.0,0.03626763723379163,0.0,1.080407719450115e-10,0.0,0.0,0.0,0.0,0.0,0.0,0.0,0.0,0.002070778391470556,0.0,0.0,0.0,0.0,0.0,0.011135072961365728,0.008342782992617086,0.0,0.030711491078718324,0.003646638414392165,0.0009200621828666113,0.0,0.0,0.0,0.02591283249730366,0.0,0.0,0.0,0.0,0.028186213362317962,0.0,0.0,0.0,0.0,0.0,0.015183893738036785,0.03648730336384917,0.011881213370974978,0.05077211631053673
2024-05-31,0.0,0.0,0.0,0.0,0.0,0.050001452539699884,0.0,0.0,0.0,0.0,0.0,0.01059565803477373,0.0,0.019533712600044918,0.006249538812669021,0.0,0.015399250448910929,0.016550142342518052,0.0,0.02220159499227138,0.027050229262412424,0.0,0.0231690996409484,0.0,0.00575164130759814,0.005346126628341037,0.028207270825135074,0.0,0.0,0.0,0.07663969445815892,0.02466124764490733,0.12302342127830629,0.045603602608696815,0.011572680283793673,0.012995521217606403,0.014637829430879648,0.0,0.05277973480360776,0.0,0.0,0.0,0.0,0.026497260746649723,0.0,0.0,0.028022896992818937,0.0,0.0,0.0,0.0,0.01666726213379218,0.0,0.0,0.0,0.005827681617236561,0.014771331431117491,0.06897628854028619,0.0007527363932116955,0.0,0.0,0.0,0.0,0.040405252184115316,0.0,0.0016533080676614598,0.0,0.0,0.022500252146734866,0.0,0.0,0.0,0.0,0.0,0.062488538915134104,0.0,0.0,0.004517474173601008,0.0,0.018620783164829655,0.0023120720127181925,0.0,0.0,0.010825133900998617,0.0,0.0,0.0,0.0,0.003204646393226438,0.0,0.0,0.0,0.0,0.0,1.7370778631551855e-10,0.03127427852394075,0.010760734622791271,0.03795261870414802
2024-06-30,0.0,0.0,0.0,0.0,0.0,0.03711192228502505,0.0,0.0,0.0,0.0,0.0,0.015352145963485468,0.0,0.02356165261266542,0.024458827868142137,0.0,0.0,0.0,0.010787223306294844,0.013623369932254032,0.025799788490117763,0.0,0.013405565132992613,0.0,0.02209066629399365,0.03653663954660943,0.05487551644925539,0.0,0.005188695492410815,0.0,0.04344879367549912,0.007872811770120156,0.08512772005546136,0.015942482326446298,0.0,0.0,0.0,0.0,0.0,0.0,0.0,0.0,0.0,0.0029573501801106643,0.0,0.0,0.007414220854060141,0.0,0.0,0.0,0.0,0.03424975163170898,0.016085592489851464,0.0,0.0,0.04735853412849228,0.02231695681617585,0.07259322141541379,0.003915347130130302,0.014324046911482294,0.021430440635230308,0.013060604193414385,0.0,0.0720595925839808,0.0,0.041442231644391016,0.0,0.008727700526769976,0.02503438947867029,0.0,0.0,0.0,0.0,0.005737335114016567,0.05545912748981252,0.0,0.0,0.0,0.0,0.03494599866126643,0.011351465228391176,0.0,0.0,0.006038089846497927,0.0,0.0,0.0,0.0,0.0,0.0,0.0,0.0,0.0,0.0,0.0047987938019839445,0.027259277049194803,0.016256110844095718,1.4408469213268737e-10
2024-07-31,0.0,0.0,0.0,0.0,0.0,0.0293295456417653,0.0,0.0,0.0,0.0,0.0,0.0,0.0,0.005968377967062652,0.020207173484892545,0.0,0.019599655870465988,0.0,0.025108846999132486,0.007577166517371148,0.025418476935226277,0.0,0.0,0.0,0.048270250162017664,0.052059686029990206,0.04528920747849603,0.0,0.014686867961111254,0.0,0.079545503315051,0.03995867489760504,0.09481319344782731,0.04235903285827652,0.008372096662502992,0.0,0.007109676300430705,0.0,0.0010056294878873456,0.0,0.0,0.0,0.0,0.0114185315088671,0.0,0.0,0.0,0.0,0.0,0.0,0.0,0.021425736379816703,0.0039207586153684046,0.0,0.0,0.028812444250215327,0.016216014986498592,0.043901882252702584,0.0,0.0,0.006103396578588699,0.0026958799319529306,0.0,0.046431295542373414,0.0,0.008131177707580105,0.0,0.017087185380182425,0.019698006711557386,0.012170011944126606,0.0,0.0,0.0,0.01215385127424848,0.050622205683336044,0.0,0.0,0.00949003576840432,0.0,0.05016633609943348,0.020339323764639844,0.0,0.0,0.010988624286086796,0.0,0.0,1.2098220263853057e-10,0.0,0.0,0.0,0.0,0.0,0.0,0.0,0.016783112830885998,0.024765126365040087,0.0,0.0
2024-08-31,0.014934724559153458,0.008393535821147,0.0,0.0,0.0,0.0468683021433386,0.0,0.0,0.0,0.0,0.0,0.0,0.0,0.0,0.03131151858450374,0.0027577916620096948,0.039942069483463606,0.0,0.0,0.0,0.02797533013432679,0.0,0.0,0.0,0.03464217111606007,0.04882283369008249,0.049623923526713035,0.012286365851346254,0.0031623964592468043,0.0,0.058958634089891084,0.0381669769040782,0.0822546744499953,0.04884666778168962,0.02224129966304584,0.006619889356446866,0.0,0.0,0.0,0.0,0.0,0.001004511091748558,0.0,0.05241965418694552,0.0,0.0,0.0022856794294409083,0.0,0.0,0.0019792678462763535,0.0033966758872358287,0.025907242825805244,0.004004718178454621,0.0036217997743111414,0.0,0.027446313879000934,0.025547396070653868,0.015011761597673182,0.0,0.0,1.2029473609707437e-10,0.016493108081874923,0.0,0.04414941132547264,0.0,0.0,0.0,0.0,0.023751141632380814,0.011377586861806498,0.0,0.0,0.0,0.0,0.022316226698659396,0.0,0.0,0.0,0.0,0.06888359732689917,0.027218119335430654,0.0,0.0,0.0023912268251367664,0.0,0.0,0.0,0.0,0.0,0.0,0.0,0.0,0.0,0.0,0.02231597187852604,0.02066948386943378,0.0,0.0
2024-09-30,0.023681467716998354,0.0,0.0,0.0034270485622944417,0.0,0.03358063543890445,0.0,0.0,0.0,0.0,0.0,0.0,0.0,0.010652265312600091,0.0460646105723401,0.0023403459934959554,0.04515834734514677,0.0,0.0008754396955240474,0.0,0.021145076063393706,0.0,0.0,0.0,0.06040063514935177,0.05262653503287015,0.06222003572478119,0.018691265742895535,0.017150520148990062,0.001459793666261993,0.057077193608245966,0.04892202676053094,0.07900566348455051,0.051408611826059984,0.002022495382512748,0.01219300764113013,0.0,0.0,0.0,0.0,0.0,0.0,0.0,0.027025774783744648,0.0,0.0,0.0,0.0,0.0,0.01352468528927679,0.005432083179247163,0.03250307728831717,0.011749711027847352,9.484381003102569e-11,0.0028347960785677813,0.023190861626056103,0.0588017418147477,0.017786544461694708,0.0,0.01822129700753204,0.00707241218607724,0.0017028557150456161,0.0,0.03198434304395979,0.0,0.0,0.0,0.0,0.0012143906939670018,0.0,0.0,0.0,0.0,0.0,0.0,0.0,0.0,0.0,0.0,0.05700348929400866,0.015727768129846807,0.0,0.0,0.019512146413627987,0.0,0.0,0.0,0.004609001002712728,0.0,0.0,0.0,0.0,0.0,0.0,0.0,0.0,0.0,0.0
2024-10-31,0.012082091716150906,0.0,0.0,0.0,0.0,0.0017013187080349601,0.0,0.0,0.0,0.0,0.0,0.0,0.0,0.0,0.006506754335678512,0.0,0.02128333339741265,0.0,0.0,0.0,0.0,0.0,0.0,0.0,0.05743889506803311,0.07071177666346481,0.056235830589362414,0.020064867735747404,0.0204024521353669,0.0,0.035227064614533926,0.024129523347214334,0.0629059543817935,0.019296127324219398,0.0,0.0,0.0,0.0,0.0,0.0,0.0,0.01410297703440716,0.0,0.02317391327193683,0.0,0.0,0.0,0.0,0.0,0.03311090902527589,0.02293670309617455,0.04174935942800456,0.012940953658542345,0.0027407250575668934,0.0053606080772031816,0.035653023032489066,0.0383107488771213,0.017721120570819277,0.0,0.03237853373655143,0.012142201729498451,0.01797744874984861,0.019998807327172612,0.06248733738574825,0.0,0.002819456261523101,0.0,0.0034291537832617357,0.013861695184636612,0.009660978165320565,0.0,0.0,0.0,0.0,8.781410378916027e-11,0.0,0.0,0.0,0.0,0.08261355342467377,0.029239224797323556,0.0,0.0,0.019137232748332855,0.007635907445309115,0.02558173865641354,0.0,0.0,0.0,0.0,0.0,0.0,0.005249699370017661,0.0,0.0,0.0,0.0,0.0
2024-11-30,0.01220524783999912,0.0,0.0,0.0,0.0,0.0,0.0,0.0,0.0,0.0,0.0,0.0,0.0,0.0,0.00459805781816841,0.0,0.019411192608595904,0.0,0.0,0.0,0.0008317715159388666,0.0,0.0,0.0,0.06110115734483881,0.0772281712502601,0.04280385376958062,0.013005908653262234,0.021967992158071502,0.016671752818728198,0.03728383921888871,0.018539612274962716,0.04815663819134014,0.0,0.0,0.0,0.0,0.0,0.0,0.0,0.0,0.013303694293744,0.0,0.007608201482601939,0.0,0.0,0.0,0.0,0.0,0.017380227330506964,0.012833118062356446,0.05144055203180164,0.03945325066968054,0.018311390753529284,0.023999063851660566,0.06057038528280802,0.03626543787207867,0.030988583471867826,0.0009486844901309024,0.03467052273742977,0.021335467151814665,0.036752352792385645,0.02169321978599964,0.0523066559764307,0.015244950929428857,0.013327540320555262,0.0,0.0,0.0074708309069106355,0.0025019987690237575,0.0,0.0,0.0,0.007411621920805136,0.008534469132827384,0.0,0.0,0.0,0.0,0.06147840955838759,0.0,0.0,0.0,0.0,0.02908694593182998,8.411717779468564e-11,0.0,0.0,0.0,0.0,0.0,0.0,0.0,0.0,0.0,0.0,0.001277228946651666,0.0
2024-12-31,0.0009220502032050191,0.0035428268685478654,0.0,0.001823484430662432,0.0,0.0,0.0,0.0,0.0,0.0,0.0,0.0,0.0,0.0,0.0075647679393017414,0.0,0.006487374955507264,0.0,0.03781746120126563,0.0,0.0,0.0,0.0,0.0,0.07507867458381443,0.09809635200428005,0.06010428315476255,0.029587428085397806,0.047508996125426195,0.042641758426705055,0.03882378625344789,0.028684157857324425,0.045556760480933156,0.010244220667844743,0.0,0.0,0.0,0.0,0.0,0.0,0.0,0.024762688628129553,0.0,0.017794804405355667,0.0,0.0,0.0,0.0,0.0,0.005901841685502792,0.0,0.032536815129675954,0.02690391269770857,0.0,0.016337079582480332,0.03785797699582291,0.004021122333174314,9.096594835784294e-11,0.0,0.01448458615726842,0.01506144271728004,0.02118245587346396,0.0,0.028094498081291868,0.0,0.0037590765097357095,0.0,0.0,0.0,0.0,0.0,0.0,0.0,0.012381220822436605,0.010847017168605321,0.0,0.0,0.0,0.0,0.09423733784353752,0.0027501384241207165,0.0,0.01585609533621677,0.0,0.048585846518101834,0.0008516545457116632,0.0,0.0,0.0,0.0,0.0,0.0,0.005903621860112833,0.0,0.0,0.0,0.018317984340052284,0.007086399014822072
2025-01-31,0.0,0.0,0.0,0.0,0.0,0.0,0.0,0.0,0.0,0.0,0.0,0.0,0.0,0.0,0.0,0.0,0.0,0.0,0.04878689340667095,0.0,0.0,0.0,0.0,0.0009328625303119666,0.07388292205674721,0.09636625286529732,0.04095873087493664,0.05857283333100151,0.05941476518983533,0.05611456291148019,0.051354648133057255,0.027097576056105483,0.03785954933485447,0.009429893501721956,0.0,0.0,0.0,0.0,0.0,0.0,0.0,0.032991391981213904,0.0,0.019147269990115234,0.0,0.0,0.0,0.0,0.0,0.0,0.0,0.028586507886696644,0.014039512371691017,0.0031452323383398223,0.01697131949349991,0.040519713641985075,0.006357868364244668,0.0028751714986149754,0.0,0.02875652241625411,0.02870770494346405,0.012356640058691377,0.0075293093375691416,0.01876776939595289,0.0,0.002704375174736152,0.0,0.0,0.0,0.0,0.0,0.0,0.0,0.010049836098627038,0.007716859516239396,0.0,0.0,0.0,0.0008814077023017942,0.06132019966939622,9.299256850828597e-11,0.0,0.00393740609133668,0.0,0.0346470450456252,0.011530081764233185,0.0,0.0,0.0,0.0,0.0,0.0,0.020758254637934185,0.00018824970065262224,0.0056691407443141195,0.0,0.01439804636083226,0.004675673490425505
2025-02-28,0.0,0.0,0.0,0.006989373824151748,0.0,0.0,0.0,2.7169133675878293e-05,0.0,0.0,0.0,0.0,0.0,0.0,0.0,0.0,0.0,0.006521943163516934,0.03419980629787875,0.0,0.0,0.0,0.0,0.0,0.06103331264228066,0.08256109127515915,0.028964984847774468,0.0343175731831704,0.05095592822734326,0.06321237796827,0.05418775394820327,0.03053717666197672,0.05081029533739311,0.029529291796004584,0.0,0.0,0.0,0.0,0.019536830442081494,0.0,0.0,0.05007671681643865,0.0,0.018064534480030422,0.0,0.0,0.0,0.0,0.0,0.004705869596733411,0.0,0.03746178934573606,0.015859513859535736,0.01514346164287351,0.013469896179138388,0.032745603404279684,0.021916379392801326,0.015033427978488998,0.007212583455668037,0.02683291224105675,0.017335174667586443,0.006274180990776055,9.457671018289355e-11,0.010060293086811539,0.0,0.0,0.0,0.0,0.0,0.0,0.0,0.0,0.0,0.0,0.0016002671749179359,0.0,0.0,0.0,0.0,0.049176026039655284,0.0,0.0,0.018362502570428433,0.007569858258745917,0.03318762127562388,0.0,0.0,0.0,0.0,0.0,0.0,0.0,0.02837987729248345,0.005101881228104796,0.010099481319258278,0.0,0.0,0.0009452388593698976
2025-03-31,0.0,0.0041438563269620594,0.0,0.0009012374537607434,0.0,0.0,0.0,0.0002194312207374458,0.0,0.0,0.0,0.0,0.0,0.0,1.0652891095330761e-10,0.0,0.0,0.0,0.03274393339639063,0.0,0.0,0.0,0.0,0.0,0.06537774083421471,0.07695662149876792,0.03335653549352949,0.030513523049030825,0.06147022910167886,0.051194541978161485,0.03498019121006043,0.028899485652972737,0.0523529136309942,0.023198361523897364,0.0,0.0,0.0,0.0,0.00813264509314733,0.0,0.0,0.033547426383511096,0.0,0.011437759631778614,0.0,0.0,0.0,0.0,0.0,0.0,0.0,0.049393532304694426,0.03690094618374484,0.025687408929959247,0.02283667728159529,0.023058642409214566,0.01095743932866978,0.0007076865921767527,0.011422483315154061,0.04721188128399055,0.021533617781056523,0.012580940866869275,0.0,0.0,0.0,0.0,0.0,0.0,0.0,0.0,0.0,0.0,0.0,0.0,0.0029629710759556905,0.0,0.0,0.0004686854705589195,0.0010685619565115939,0.05963400945707369,0.0,0.023053192679853438,0.042466806928072025,0.011262287848240899,0.02775931256293891,0.0,0.0,0.0,0.0,0.0,0.0,0.0030061268708783014,0.012662934888847717,0.003937420397818616,0.0,0.0,0.0,0.0
2025-04-30,0.0014302872278948624,0.008184850994767132,0.0,0.0,0.0,0.0,0.0,0.020250072097038236,0.0,0.0,0.0,0.0,0.0,0.0,0.0,0.0,0.0,0.009665163259612213,0.03369900852877516,0.0,0.0008753324996667291,0.0,0.0,0.004404222636492926,0.07731005015329352,0.07284452111978999,0.027356302456231954,0.020188245576443976,0.05957410988791832,0.044511637063674114,0.026595482772343002,0.031004092988410302,0.05102773474328624,0.013917736897130054,0.0,0.0,0.0,0.0,0.009509245279741842,0.0,0.0,0.01603126225164654,0.0,0.0049327312896754495,0.0,0.0,0.0,0.0,0.0,0.0,0.0,0.05110705175614573,0.03601542111381792,0.030323533681215407,0.0295293749455523,0.03706078927193596,0.023667799639260325,0.024836758642355024,0.018199167208652407,0.07236196009616003,0.024095653084867438,0.006380405269867218,0.0,0.0,6.829374576122284e-06,0.0080757068290923,0.0,0.0,0.0,0.0,0.0,0.0,0.0,0.0,0.013028654441343724,0.0,0.0,0.0,0.0,0.01023434115396933,0.0,0.0299378577724693,0.03926456527450092,0.0021371824607646895,0.010424858146950102,0.0,0.0,0.0,0.0,0.0,0.0,0.0,1.1267113279452522e-10,0.0,0.0,0.0,0.0,0.0
2025-05-31,0.0,0.0,0.0,0.0,0.0,0.0,0.0,0.0030440007105596,0.0,0.0,0.0,0.0,0.0,0.0,0.0,0.0,0.0,0.0,0.011157447775996816,0.0,0.0,0.0,0.0,0.0,0.05246599673428054,0.040234729646102495,0.0,0.023805288591760433,0.04810189096196137,0.04124035451788906,0.007516879415451595,0.0090655920706024,0.03363660983466164,0.0008956745770529797,0.0,0.0,0.0,0.0,0.014201930915702854,0.0,0.0,0.0014265004383654345,0.0,0.005744237406061358,0.0,0.0,0.0,0.0,0.0,6.400608983372533e-05,0.0,0.05306958258932852,0.04383990698962197,0.05567416161951159,0.04783401557937752,0.05750727158068838,0.03215313837445551,0.03411989786312534,0.045210446220305914,0.05850939533029085,0.04924764712327256,0.02269483072509326,0.0,0.0,0.008249011853804085,0.017909399944587553,0.010192420255771495,0.0,0.0,0.0,0.0,0.0,0.0,0.0,0.010311386959595435,0.0,0.0,0.00976675824888218,0.0014649824461460425,0.021380359059455425,0.0,0.03327922428027297,0.04389520639456079,0.0,0.0,0.0,0.0,0.0,0.0,0.0,0.009653432592521759,0.025206615419340123,0.0,0.0,0.008266014023189681,0.0,0.007963754743477984,9.70408314605166e-11
2025-06-30,0.0,0.0,0.0,0.0,0.0,0.0,0.0,0.0021959550821934724,0.0,0.0,0.0,0.0,0.0,0.0,0.0,0.0,0.00030204683777761463,0.0,0.027526429942923036,0.0022479439301372538,0.0031300683623003323,0.0,0.0,0.0,0.06010128993178419,0.04823479855357457,0.0,0.014918460104132517,0.048253158226270174,0.05430524913874088,0.015438303048944793,0.012121875241083558,0.030101408835304155,0.0,0.0,0.0,0.0,0.0,0.004511087248077466,0.0,0.0,0.0009374641984865369,0.0,0.01865452787664214,0.0,0.0,0.0,0.0,0.0,0.0,0.0,0.05607400974779289,0.05308674731187275,0.04763112938255391,0.04095876388441024,0.0627368258459357,0.04887346853953404,0.020788615046363847,0.03372125855147191,0.03229336495575138,0.04784255541892129,0.016331039080627746,0.0,0.006745492440892062,0.0,0.013158738667154569,0.021438098167511178,0.0,0.0,0.0,0.0,0.0,0.0,0.0,0.0,0.0,0.0,0.0,1.0331878113691698e-10,0.02935424575723873,0.007550257103052968,0.021696700417417815,0.008536888124835875,0.0,0.0,0.0,0.0,0.0,0.0,0.0,0.03382207041381855,0.03047239388459807,0.006133262620656898,0.0,0.004468819285975078,0.0,0.013305188689921017,0.0
2025-07-31,0.0,0.0,0.0,0.0,0.0,0.0,0.0,0.0,0.0,0.0,0.0,0.0,0.0,0.0,0.0,0.0,0.0,0.0,0.0003073445777739239,0.021559548077257944,1.3072086651987767e-10,0.0,0.0,0.005866755717871332,0.036692835753493615,0.030939979799069827,0.0,0.005472953339223077,0.04147783203462803,0.05164047103811023,0.00931545740009442,0.00395591437296054,0.028704328968975415,0.007932815484675863,0.0,0.00904740679934951,0.0,0.0,0.005492092907183077,0.0,0.0,0.0,0.0,0.02505792221907998,0.0,0.0,0.0,0.0,0.0,0.02123300865460011,0.0,0.04818630879382592,0.049496115654260424,0.027497525526418133,0.02953071511108852,0.06417453621612344,0.049193700530538086,0.0036051876170579995,0.025853830677092952,0.03504274684621089,0.03537067042088831,0.014038348999885946,0.0,0.01144206765029839,0.0,0.010984556203925683,0.01991558357835864,0.0,0.0,0.0,0.0,0.0,0.0,0.0,0.0,0.0,0.0,0.0,0.0028425396681228507,0.057658972383542735,0.031418591641897774,0.05023507507687765,0.03224836349986342,0.0,0.0,0.0,0.0,0.0,0.0,0.0,0.035042792279356805,0.03451931974923619,0.006950403816263398,0.0,0.0,0.0,0.02005538078379818,0.0
2025-08-31,0.0,0.0,0.0,0.0,0.0,0.0,0.0,0.0,0.0,0.0,0.0,0.0,0.0,0.0,0.0019441038078807336,0.0,0.015536939496073402,0.0,0.0,0.013152122692115355,0.019286986717862477,0.012900615508349467,0.007711443098113694,0.008930604524740583,0.004576992557400518,1.0112534779498968e-10,0.0,0.0,0.015752474039599344,0.006421500078391951,0.0,0.0,0.004603684320344936,0.0003722337114509567,0.0,0.00858154712864585,0.0,0.005746441210699276,0.0,0.0,0.0,0.0,0.0,0.01471819545432423,0.0,0.0,0.0,0.0,0.0,0.04790741500744859,0.0,0.06635083586882638,0.06693301489028423,0.03934286905598639,0.0018724560820787318,0.06879133563244462,0.06365943516860813,0.020603149998336387,0.047703444360563486,0.029743480081718603,0.0609418981344141,0.022159076247064254,0.0,0.01615396314597854,0.01532589356786101,0.01955336289404347,0.049342486892990145,0.0,0.0,0.0,0.0,0.0,0.0,0.0,0.0,0.0,0.0,0.0,0.0,0.017148507603398744,0.01260628639229848,0.040352522788759976,0.05824619490391595,0.0,0.0,0.0,0.0,0.0,0.0,0.0,0.035438790651533436,0.0433301434347561,0.0023347903459591964,0.0,0.0,0.0,0.013922762403612916,0.0
2025-09-30,0.0,0.0,0.0,0.0,0.0,0.0,0.0,0.0,0.0,0.0,0.0,0.0,0.0,0.0,0.005984058651998414,0.0,0.029052422146539775,0.0,0.0,0.006382105322757361,0.008932764576591532,0.004017108617689556,0.003092726614218466,0.0,0.0,0.0,0.0,0.006749250535995793,0.021107893713042926,0.0,0.0,0.0,0.0,0.0,0.006074921546703649,0.009836719885402639,0.0,0.014310257144029354,0.0,0.0,0.0,0.0,0.0,0.007601105049650925,0.0,0.0,0.0,0.0,0.0,0.05584377573500495,0.0,0.06889070328342471,0.0710223808149395,0.03995896071466867,0.01286990188447458,0.06817814640421087,0.06543375798722736,0.0062423525291584216,0.065787752845135,0.029759319898140027,0.06510206072346364,0.03297894383283538,0.013958191406037709,0.02799128285223676,0.014426218202731631,0.02156133846787784,0.033684708187544536,0.0,0.0,0.0,0.0,0.0,0.005603302891354032,0.0,0.0,0.0,0.0,0.0,0.0,0.004875733507898297,7.93505530438074e-11,0.04064772398641099,0.07346150433888496,0.008691574817423683,0.0,0.0,0.0,0.0,0.0,0.0,0.010010368158678343,0.01916094718532322,0.0,0.0,0.0,0.0018590459139395175,0.009506668999251108,0.009352000547753411
2025-10-31,0.0,0.0,0.0,0.0,0.0,0.0,0.0,0.0,0.0,0.0,0.0,0.0,0.0,0.0,0.0036837335436686516,0.002107058103278661,0.020333377963471424,0.0,0.0,0.0,0.0,0.0,0.0,0.0,0.0027667083702980462,0.0,0.0,0.022154817918709088,0.0260117564744226,0.0,0.0,0.0,0.0,0.0,0.00954560843055127,0.01455046412263583,0.0,0.01583159386969032,0.0,0.0,0.0,0.0,0.0,0.012640007120965451,0.0,0.0,0.0,0.0,0.0,0.04927038102014062,0.0,0.058009903869827205,0.0666029255638007,0.035548575171178494,0.017533589407647297,0.05847702931622876,0.05610874623577259,0.0047858752059387385,0.05528256778162924,0.028141392607017125,0.07640810355269484,0.02975925954384146,0.023769838013152193,0.039707094037607825,0.031034074399254208,0.019442441172180466,0.04619945547519604,0.0,0.01187606490039332,0.0,0.008964096854796112,0.004475907226391496,0.00928984885559532,0.0,0.012239097351206402,0.0,0.0,0.0,0.0,0.0,0.002262549279108056,0.044065662474292736,0.03260472052000887,0.0,0.0,0.0,0.0,0.0,0.0,0.0,0.0036074706042879792,0.0020183213309360125,0.0,0.0,0.0,7.245695581201534e-11,0.021108231028431044,0.021781651211296625
2025-11-30,0.0,0.0,0.0,0.0,0.0,0.0,0.0,0.0,0.0,0.0,0.0,0.0,0.0,0.008082450418510146,0.0,0.00909140508172469,0.016084832748957945,0.0,0.0,0.0,0.0033428086863547387,0.0,0.0,0.0,0.0,0.0,0.0,0.007136618172580535,0.0052861557043172875,0.0,0.0,0.0,0.0,0.0,0.01355632048909349,0.017332702369065513,0.0,0.021405640271622194,0.0,0.0,0.0,0.0,0.0,0.02265771413776471,0.0,0.0,0.0,0.0,0.0,0.052948251530574544,0.0,0.04119747617653804,0.019147531717756953,0.006782119638711017,7.003990599377117e-11,0.05221015327009324,0.05357693985430508,0.008106634605953565,0.0372587914300237,0.007342672851357825,0.030597970659076344,0.01699241456138422,0.038701360008820414,0.05468761413156329,0.04303597211942217,0.026376842705355574,0.05662116351993852,0.0,0.028569845418943543,0.0,0.02810139249165344,0.017382313542823137,0.022509404322356083,0.0,0.012188252891024045,0.0,0.0,0.0,0.0,0.011589185845885738,0.01791064296768035,0.04122244106859685,0.023674357236645717,0.0,0.0,0.0,0.0,0.0,0.0,0.0,0.0,0.0,0.0,0.0,0.0038168201615529965,0.014340617758519967,0.05124712358846938,0.05788704577494303
2025-12-31,0.0,0.0,0.0,0.0,0.0,0.0,0.0,0.0,0.0,0.0,0.0,0.0,0.0,0.0,0.0,0.008385073633528963,0.01576367995005462,0.0,0.0,0.0,0.0,0.0,0.0,0.0,0.0,0.0,0.0,0.0025429424022242533,0.0027448877871604897,0.0,0.0,0.0,0.0,0.0,0.01447703068488457,0.018957894093877388,0.0,0.03042383302467216,0.0,0.0,0.0,0.0,0.0,0.02902547835589076,0.0,0.0,0.0,0.0,0.0,0.06304859955516771,0.0,0.03941152874976525,0.017430471523101523,0.0026562966763299567,0.0,0.061341020955696345,0.06021055158335449,0.0,0.03027671044561829,0.003663625991140866,0.023991699457485298,0.02727455280447848,0.06373116276588633,0.04517390780825866,0.04571564673342142,0.00999666193343205,0.04956064096113673,0.0,0.020593090452386564,0.0,0.023072111346608894,8.821267919001022e-11,0.01494932242323727,0.004272092737108533,0.014599457673256717,0.00010912731863748997,0.0,0.008298110838846528,0.0,0.025333688237650618,0.027640714259934362,0.05462796286752476,0.018299785917336657,0.0,0.0,0.00760050777796946,0.0,0.0,0.0,0.0,0.0,0.0,0.0,0.0,0.009176242178836102,0.013615634791921849,0.04156206589582532,0.05044618731813953
2026-01-31,0.0,0.0,0.0,0.0,0.0,0.0,0.0,0.0,0.0119277665868471,0.0,0.0,0.0,0.0,7.757640492326756e-11,0.008096306641537937,0.013713579742218162,0.0013404124255795298,0.0,0.0,0.0,0.0,0.0017093519866225688,0.0,0.0,0.0,0.0,0.0,0.0,0.0,0.0,0.0,0.0,0.0,0.0,0.013699384381729374,0.0,0.0,0.013636824135068552,0.0,0.0,0.009963560222164772,0.0,0.006078161965529472,0.04114170598222914,0.0,0.0,0.0,0.0,0.015022285641791758,0.07255700253957881,0.001651526038423995,0.014722680620400636,0.012620122845183256,0.0,0.0,0.027947760684070632,0.03205587657083967,0.0,0.021545701923332945,0.0,0.00255304748631705,0.03712330416180572,0.0666369479317047,0.04373210745184528,0.057146395064425974,0.0,0.04826061172686837,0.00702969485227609,0.027684421372514173,0.0,0.04097123195776011,0.015491919941249837,0.04038778513294299,0.044009203636089504,0.048289999328169936,0.0,0.0018045222029578628,0.011446673686521339,0.0,0.008191180264465957,0.026368829706660026,0.08046506530490627,0.0,0.0,0.0,0.021012068282884235,0.0,0.0,0.0,0.0,0.0,0.0,0.0,0.0,0.0,0.0,0.026197647087647945,0.025767332409262003
2026-02-28,0.006124143120964161,0.0,0.0,0.0,0.0,0.0,0.0,0.0,0.0005039142285748091,0.0,0.0,0.0,0.0,0.0,0.011204904944673124,0.003618942410253747,7.146094819356774e-11,0.0,0.0,0.0,0.0,0.0,0.0,0.0,0.0,0.0,0.0,0.0,0.0,0.0,0.0,0.0,0.0,0.0,0.0011129108744130753,0.0,0.0,0.0,0.0,0.0,0.01580471180345236,0.0,0.0058307884527220594,0.026448696678957006,0.017113030218771995,0.0,0.0050917110622312085,0.0029978945766514315,0.023186254033241187,0.08299197459544022,0.029992532102548274,0.024440924099665813,0.011850950366881795,0.0,0.0,0.032044131156578254,0.03100985778863002,0.0,0.02660142837968803,0.0,0.0,0.03494125649673926,0.08999013305989757,0.009404905587404349,0.07430844738101906,0.0,0.024224242324359536,0.006274806735336094,0.031156596625925646,0.0,0.04149439476409468,0.013098050838796086,0.0449435933872767,0.0298408764142215,0.06260244478809213,0.01400018397777362,0.012209782729471295,0.025377724900621096,0.0,0.0,0.0,0.06668452776353387,0.003591403537945829,0.0,0.0,0.018206550173861146,0.0,0.0,0.0,0.0,0.0,0.0,0.0,0.0,0.0,0.0,0.011781246931872874,0.027899130615958164
2026-03-31,0.0036717842506513274,0.0,0.0,0.0,0.0,0.0,0.0,0.0,0.001145531032201159,0.0,0.0,0.0,0.0,0.0008034648389985337,0.005239616524729204,0.007433547705217784,0.0,0.0,0.0,0.0,0.0,0.0,0.0,0.0,0.0,0.0,0.0,0.0,0.0,0.0,0.0,0.0,0.0,0.0,0.004526133547095205,0.0,0.0,0.0,0.0,0.0,0.012025969249460125,0.0010541793192107125,0.0037072596168626214,0.026792594640122992,0.019128915629719096,0.0,0.010412767939038592,0.0,0.035003729447556434,0.08791362838699018,0.022729208125944898,0.03331132481968328,0.020607865864277354,0.002277389619025155,0.0,0.043302399785777636,0.05152132209448054,0.0,0.03488228223659367,0.0,0.008304343747777438,0.03222762244613649,0.08006888143931479,0.0245279976157912,0.0654180754987448,0.002528252156447477,0.012584089604150972,6.679521366461909e-11,0.030170637767361872,0.0,0.05582244562218764,0.02591584402178739,0.03896469193330005,0.024027936574696745,0.050345142043409875,0.0,0.0,0.02266612533612067,0.0,0.0,0.0,0.06976525332158721,0.0,0.0,0.0,0.022382375466347647,0.0,0.0,0.0,0.0,0.0,0.0,0.0,0.0,0.0,0.004553252708537581,0.0,0.002236117955868433
2026-04-30,0.028649171264947728,0.0,0.0,0.0,0.0,0.0,0.0036236252605162393,0.003846471523751284,0.03228722681087261,0.0011248818886146984,0.0,0.0,0.0,0.03514573089621166,0.032406020894568566,0.026802621328032496,0.012950019338560978,0.0,0.0,0.015306214694239057,0.00041111581201809706,0.0022460093949740116,0.03286950727480314,0.0,0.0,0.0,0.0,0.004857635137017925,0.0,0.0,0.0,0.0,0.0,0.0,0.039403231400436174,0.0,0.006757516908733013,0.0,0.0,0.0,0.02816698138323556,0.0,0.0,0.05093081711211442,0.03423940415934638,0.002128888935018294,0.022133158921841624,0.0,0.04584640151720378,0.026856902268178908,0.0,0.0,0.0,0.0,1.1337457741383041e-10,0.01705590134883486,0.022831339130152683,0.0,0.008543924746051916,0.0,0.0,0.014355656207442712,0.061359789704731604,0.0,0.024314762827211088,0.0,0.0,0.0,0.01040972738741587,0.0,0.06858151807651078,0.005458974924373254,0.04741269843541533,0.07055730507077256,0.09181321060604931,0.0,0.0,0.029293976732684347,0.0,0.0,0.0,0.012035316308521553,0.0,0.0,0.0,0.016538195004251213,0.010448149250969678,0.0,0.0,0.0,0.0,0.0,0.0,0.0,0.0,0.0,0.0,0.0
2026-05-31,0.0,0.0,0.0,0.0,0.0,0.018732262287466203,0.007436167084189873,0.015941032000758852,0.008369429552285798,0.008707692868893691,0.0,0.0,0.0060736500100979805,0.026026693861966217,0.030022732213661397,0.0427465841137933,0.00257378058818076,0.012456597291553349,0.0,0.0,0.0,0.0012817903443226929,0.03707526911554583,8.379651911813188e-11,0.0,0.0,0.0,0.0,0.0,0.0,0.0,0.017821897420116365,0.0,0.006930614233245083,0.027907318677446395,0.0,0.0,0.0,0.0014217247288691804,0.01286491033687503,0.08660450175805594,0.0,0.030469933830661558,0.07448509568890607,0.020503169705735146,0.03326992897878275,0.061867179719518474,0.009123596219339725,0.12740356101003003,0.0,0.0,0.0,0.0,0.0,0.0,0.0,0.0,0.0,0.0,0.0,0.0,0.0,0.0,0.0,0.0,0.0,0.0,0.0,0.0012949679472515666,0.0007264739456510338,0.051893242827175265,0.0004010545708168224,0.024807313948266418,0.06164315428442292,0.07200828841659136,0.0,0.0,0.026346317197710457,0.0,0.00556953474511056,0.002065235816301181,0.011718598900352135,0.0,0.0,0.0,0.007184942565614881,0.0,0.0,0.0,0.0,0.0,0.00622376111064118,0.0,0.0,0.0,0.0,0.0,0.0
2026-06-30,0.002484801161852104,0.0,0.0,0.0,0.0,0.014828376693685634,0.0,0.008641891305035036,0.0,0.009899533505940436,0.0,0.0,0.003313554868643878,0.01851701396096241,0.013942454390496468,0.02761646002137008,0.0,0.0,0.013669515852127759,0.016254846066071308,0.0,0.0,0.029831710366490467,0.0,0.0,0.0,0.0,7.628285295269489e-11,0.0,0.0,0.00050639948960648,0.012175743274763466,0.0,0.028997725188144103,0.01255103996819092,0.0,0.005781682844912448,0.0,0.010790038236658289,0.02365045664029429,0.03539830734257816,0.0,0.029476135048401075,0.031110945744601784,0.027761234782329496,0.03996375128579579,0.030316051766158644,0.0,0.06952655616913472,0.0,0.0,0.0,0.0,0.0,0.0,0.0,0.0,0.0,0.0,0.0,0.0,0.0,0.0,0.0,0.0,0.0,0.0,0.014682993752485258,0.0019484827937296424,0.0,0.0635592743160828,0.026385825889007744,0.02458032199051136,0.0907631530102992,0.06003381440313328,0.0,0.02801415217726549,0.04801271951486624,0.003888986851174307,0.027051117307007575,0.0359727536593886,0.031877683514619046,0.0,0.0,0.0,0.0262224947699014,0.0,0.0,0.0,0.0,0.0,0.0,0.0,0.0,0.0,0.0,0.0,0.0
