Date,XOM,CVX,COP,EOG,OXY,FANG,DVN,APA,PR,MTDR,CHRD,OVV,CNQ,SU,CVE,IMO,PBR,YPF,EC,SHEL,BP,TTE,EQNR,WMB,KMI,OKE,TRP,ENB,LNG,ET,EPD,MPLX,PAA,VLO,MPC,PSX,DINO,SUN,SLB,HAL,BKR,NOV,FTI,HP,PTEN,LBRT,RES,NBR,NEM,GOLD,AEM,WPM,FNV,RGLD,KGC,AU,HMY,GFI,AGI,OR,PAAS,HL,CDE,AG,FSM,SBSW,FCX,SCCO,TECK,RIO,BHP,VALE,AA,CENX,CLF,NUE,STLD,RS,CRS,ATI,MT,MP,LIN,APD,DD,DOW,LYB,CE,FMC,MOS,NTR,CF,WY,VMC,MLM,CCJ,UEC
2000-01-31,0.0,0.0,0.0,0.0,0.0,0.0,0.0,0.0,0.0,0.0,0.0,0.0,0.0,0.0,0.0,0.0,0.0,0.0,0.0,0.0,0.0,0.0,0.0,0.0,0.0,0.0,0.0,0.0,0.0,0.0,0.0,0.0,0.0,0.0,0.0,0.0,0.0,0.0,0.0,0.0,0.0,0.0,0.0,0.0,0.0,0.0,0.0,0.0,0.0,0.0,0.0,0.0,0.0,0.0,0.0,0.0,0.0,0.0,0.0,0.0,0.0,0.0,0.0,0.0,0.0,0.0,0.0,0.0,0.0,0.0,0.0,0.0,0.0,0.0,0.0,0.0,0.0,0.0,0.0,0.0,0.0,0.0,0.0,0.0,0.0,0.0,0.0,0.0,0.0,0.0,0.0,0.0,0.0,0.0,0.0,0.0,0.0
2000-02-29,0.0,0.0,0.0,0.0,0.0,0.0,0.0,0.0,0.0,0.0,0.0,0.0,0.0,0.0,0.0,0.0,0.0,0.0,0.0,0.0,0.0,0.0,0.0,0.0,0.0,0.0,0.0,0.0,0.0,0.0,0.0,0.0,0.0,0.0,0.0,0.0,0.0,0.0,0.0,0.0,0.0,0.0,0.0,0.0,0.0,0.0,0.0,0.0,0.0,0.0,0.0,0.0,0.0,0.0,0.0,0.0,0.0,0.0,0.0,0.0,0.0,0.0,0.0,0.0,0.0,0.0,0.0,0.0,0.0,0.0,0.0,0.0,0.0,0.0,0.0,0.0,0.0,0.0,0.0,0.0,0.0,0.0,0.0,0.0,0.0,0.0,0.0,0.0,0.0,0.0,0.0,0.0,0.0,0.0,0.0,0.0,0.0
2000-03-31,0.0,0.0,0.0,0.0,0.0,0.0,0.0,0.0,0.0,0.0,0.0,0.0,0.0,0.0,0.0,0.0,0.0,0.0,0.0,0.0,0.0,0.0,0.0,0.0,0.0,0.0,0.0,0.0,0.0,0.0,0.0,0.0,0.0,0.0,0.0,0.0,0.0,0.0,0.0,0.0,0.0,0.0,0.0,0.0,0.0,0.0,0.0,0.0,0.0,0.0,0.0,0.0,0.0,0.0,0.0,0.0,0.0,0.0,0.0,0.0,0.0,0.0,0.0,0.0,0.0,0.0,0.0,0.0,0.0,0.0,0.0,0.0,0.0,0.0,0.0,0.0,0.0,0.0,0.0,0.0,0.0,0.0,0.0,0.0,0.0,0.0,0.0,0.0,0.0,0.0,0.0,0.0,0.0,0.0,0.0,0.0,0.0
2000-04-30,0.0,0.0,0.0,0.0,0.0,0.0,0.0,0.0,0.0,0.0,0.0,0.0,0.0,0.0,0.0,0.0,0.0,0.0,0.0,0.0,0.0,0.0,0.0,0.0,0.0,0.0,0.0,0.0,0.0,0.0,0.0,0.0,0.0,0.0,0.0,0.0,0.0,0.0,0.0,0.0,0.0,0.0,0.0,0.0,0.0,0.0,0.0,0.0,0.0,0.0,0.0,0.0,0.0,0.0,0.0,0.0,0.0,0.0,0.0,0.0,0.0,0.0,0.0,0.0,0.0,0.0,0.0,0.0,0.0,0.0,0.0,0.0,0.0,0.0,0.0,0.0,0.0,0.0,0.0,0.0,0.0,0.0,0.0,0.0,0.0,0.0,0.0,0.0,0.0,0.0,0.0,0.0,0.0,0.0,0.0,0.0,0.0
2000-05-31,0.0,0.0,0.0,0.0,0.0,0.0,0.0,0.0,0.0,0.0,0.0,0.0,0.0,0.0,0.0,0.0,0.0,0.0,0.0,0.0,0.0,0.0,0.0,0.0,0.0,0.0,0.0,0.0,0.0,0.0,0.0,0.0,0.0,0.0,0.0,0.0,0.0,0.0,0.0,0.0,0.0,0.0,0.0,0.0,0.0,0.0,0.0,0.0,0.0,0.0,0.0,0.0,0.0,0.0,0.0,0.0,0.0,0.0,0.0,0.0,0.0,0.0,0.0,0.0,0.0,0.0,0.0,0.0,0.0,0.0,0.0,0.0,0.0,0.0,0.0,0.0,0.0,0.0,0.0,0.0,0.0,0.0,0.0,0.0,0.0,0.0,0.0,0.0,0.0,0.0,0.0,0.0,0.0,0.0,0.0,0.0,0.0
2000-06-30,0.0,0.0,0.0,0.0,0.0,0.0,0.0,0.0,0.0,0.0,0.0,0.0,0.0,0.0,0.0,0.0,0.0,0.0,0.0,0.0,0.0,0.0,0.0,0.0,0.0,0.0,0.0,0.0,0.0,0.0,0.0,0.0,0.0,0.0,0.0,0.0,0.0,0.0,0.0,0.0,0.0,0.0,0.0,0.0,0.0,0.0,0.0,0.0,0.0,0.0,0.0,0.0,0.0,0.0,0.0,0.0,0.0,0.0,0.0,0.0,0.0,0.0,0.0,0.0,0.0,0.0,0.0,0.0,0.0,0.0,0.0,0.0,0.0,0.0,0.0,0.0,0.0,0.0,0.0,0.0,0.0,0.0,0.0,0.0,0.0,0.0,0.0,0.0,0.0,0.0,0.0,0.0,0.0,0.0,0.0,0.0,0.0
2000-07-31,0.0,0.0,0.02704034314415976,0.17261198151252607,0.0,0.0,0.08505486194644625,0.08787002357496922,0.0,0.0,0.0,0.0,0.0,0.0,0.0,0.023858712725446207,0.0,0.002945648119905583,0.0,0.005214098440472771,0.0,0.0257240146029313,0.0,1.7182867555492227e-09,0.0,0.0,0.0,0.0,0.0,0.0,0.005117545916882595,0.0,0.0424897382470987,0.05197022629267261,0.0,0.0,0.0,0.0,0.0217220183662478,0.036418423356631265,0.03516115542861208,0.11198046158920298,0.0,0.08534547891238796,0.10512762088219739,0.0,0.022715692664624237,0.05163195255829852,0.0,0.0,0.0,0.0,0.0,0.0,0.0,0.0,0.0,0.0,0.0,0.0,0.0,0.0,0.0,0.0,0.0,0.0,0.0,0.0,0.0,0.0,0.0,0.0,0.0,0.0,0.0,0.0,0.0,0.0,0.0,0.0,0.0,0.0,0.0,0.0,0.0,0.0,0.0,0.0,0.0,0.0,0.0,0.0,0.0,0.0,0.0,0.0,0.0
2000-08-31,0.0,0.0,0.06928050454686698,0.25,0.04389213736530122,0.0,0.016959895368139362,0.07533626313438949,0.0,0.0,0.0,0.0,0.0,0.0,0.0,0.06000217026677922,0.0,0.0,0.0,0.0,0.0,0.0,0.0,0.0,0.0,0.005551023056814373,0.0,0.0021642975698238373,0.0,0.0,0.014174920690481957,0.0,0.057771645726882995,0.0,0.0,0.0,0.0,0.0,0.0,0.00830509487192923,0.06537130866387365,0.07345110901379574,0.0,0.005607323012114426,0.0,0.0,0.06468309577914064,0.0,0.0,0.0,0.0,0.0,0.0,0.0,0.0,0.0,0.0,0.0,0.0,0.0,0.0,0.0,0.0,0.0,0.0,0.0,0.0,0.0,0.0,0.0,0.0,0.0,0.0,0.0,0.0,0.0,0.0,0.0,0.09388370877362212,0.01725431382036211,0.0,0.0,0.0,0.05220711078256528,0.0,0.0,0.0,0.0,0.02410407321838131,0.0,0.0,0.0,0.0,0.0,4.338736168455078e-09,0.0,0.0
2000-09-30,0.0,0.0,0.06883048769508847,0.21476873071854516,0.0,0.0,0.020806112061804247,0.03982641579835246,0.0,0.0,0.0,0.0,0.0,0.0,0.0,0.019686059415213283,0.0,0.0,0.0,0.0,0.0,0.0,0.0,0.0,0.0,0.053426773532359154,0.05961215770663239,3.2199553140512127e-09,0.05245619074087025,0.0,0.06899168623235151,0.0,0.022953412751519513,0.0,0.0,0.0,0.0,0.0,0.0,0.0482781606349215,0.02368592062020332,0.0,0.0,0.01739473703513831,0.0,0.0,0.009980275962971923,0.026660262221956246,0.0,0.0,0.0,0.0,0.0,0.0,0.0,0.0,0.0,0.0,0.0,0.0,0.0,0.0,0.0,0.0,0.0,0.0,0.0,0.0,0.0,0.0,0.0,0.0,0.0,0.0,0.0,0.0,0.0,0.0,0.1485874961937878,0.0,0.0,0.0,0.0,0.045775735215188074,0.0,0.0,0.0,0.0,0.018539070369415833,0.0,0.0,0.0,0.0,0.0,0.0,0.039740311873725086,0.0
2000-10-31,3.736726258060319e-09,0.0,0.06454723145777867,0.15134202233752567,0.0,0.0,0.034542039520217234,0.022831785243565626,0.0,0.0,0.0,0.0,0.0,0.0,0.0,0.0,0.0,0.0,0.0,0.0,0.0,0.0,0.0,0.0,0.0,0.16204972180690302,0.07640881932607078,0.0,0.03380127460087436,0.0,0.10277190571026137,0.0,0.003967588170884537,0.02260392936171276,0.0,0.0,0.025429305351963836,0.0,0.0,0.0,0.005687772022376649,0.054533648214601424,0.0,0.0,0.021400227068431508,0.0,0.0033599664209712082,0.06320335815359682,0.0,0.0,0.0,0.0,0.0,0.0,0.0,0.0,0.0,0.0,0.0,0.0,0.0,0.0,0.0,0.0,0.0,0.0,0.0,0.03195181116502314,0.0,0.0,0.0,0.0,0.0,0.0,0.0,0.0,0.0,0.0,0.11481712101262023,0.0,0.0,0.0,0.0,0.004750469317894922,0.0,0.0,0.0,0.0,0.0,0.0,0.0,0.0,0.0,0.0,0.0,0.0,0.0
2000-11-30,0.0,0.0,0.00044513025929795416,0.05502315444654921,0.0,0.0,0.0,0.0,0.0,0.0,0.0,0.0,0.0,0.0,0.0,0.0,0.0,0.0,0.0,0.0,0.0,0.0,0.0,0.0,0.0,0.1329070439279663,0.0797642994215434,0.03276925088013514,0.0,0.0,0.06732969484199265,0.0,0.0056727491578556465,0.018937809862569894,0.0,0.0,0.08759855309173761,0.0,0.0,0.0,0.0,0.01513471143870517,0.0,0.0,0.0334432757474289,0.0,0.03743499205504631,0.04148309443053376,0.0,0.0,0.0,0.0,0.0,4.4870210790197524e-09,0.0,0.0,0.0,0.0,0.0,0.0,0.0,0.0,0.0,0.0,0.0,0.0,0.0,0.013136451720694192,0.0,0.0,0.0,0.0,0.0,0.0,0.0,0.0,0.08853839161452891,0.020668871511829272,0.19699288627044528,0.0,0.0,0.0,0.0,0.0,0.0,0.0,0.0,0.0,0.07168389018752945,0.0,0.0,0.0,0.0,0.0,0.0,0.0010357446465899115,0.0
2000-12-31,0.023750288668892755,0.0,0.022614247259346566,0.0651826675196969,0.0,0.0,0.0,0.0,0.0,0.0,0.0,0.0,0.0,0.0,0.0,2.9554984502347215e-09,0.0,0.0,0.0,0.0,0.0,0.0,0.0,0.0,0.0,0.16297564473366297,0.08676508564410648,0.08331227867093853,0.0,0.0,0.053757043195556534,0.0,0.01817447809603339,0.0,0.0,0.0,0.026698197087687836,0.0,0.0,0.0,0.0,0.0,0.0,0.0,0.0,0.0,0.04805398191243577,0.0014571326737506404,0.0,0.0,0.0,0.0,0.0,0.0,0.0,0.0,0.0,0.0,0.0,0.0,0.0,0.0,0.0,0.0,0.0,0.0,0.0,0.0,0.0,0.0,0.0,0.0,0.0,0.0,0.0,1.4035093959417006e-05,0.015124758949420988,0.060869675357351334,0.1631672230241538,0.02164376865377235,0.0,0.0,0.0,0.021205568872604476,0.0,0.0,0.0,0.0,0.034591343781734125,0.0,0.0,0.0,0.0,0.0,0.0,0.09064257784939657,0.0
2001-01-31,0.0,0.0,0.0,0.14482722741511592,0.007667235740435664,0.0,0.03188478256854483,0.04875613947420686,0.0,0.0,0.0,0.0,0.0,0.009240569876686948,0.0,0.0,0.0,0.0,0.0,0.0,0.0,0.0,0.0,0.0,0.0,0.13791587930032975,0.0794496268768836,0.034822711762290064,0.0,0.0,0.04405296663872601,0.0,0.0,0.055153596420768475,0.0,0.0,0.09044707715574747,0.0,0.0,0.0,0.004090805831036414,0.0,0.0,0.04120901069191524,0.06673880523624576,0.0,0.0532840779930565,0.050770392327161476,0.0,0.0,0.0,0.0,0.0,0.0,0.0,0.0,0.0,0.0,0.0,0.0,0.0,0.0,0.0,0.0,0.0,0.0,0.0,0.0,0.0,0.0,0.0,0.0,0.0,0.0,0.0,0.0,0.0,0.0,0.0,0.0,0.0,0.0,0.0,0.01125162966043608,0.02401820001279015,0.0,0.0,0.0,2.196073529589463e-09,0.0,0.0,0.0,0.0,0.0,0.0,0.06441926282154922,0.0
2001-02-28,0.0,0.0,0.0,0.017830364631704308,0.0,0.0,0.0,0.0,0.0,0.0,0.0,0.0,0.0,0.0,0.0,0.0,0.0,0.0,0.0,0.0,0.0,0.0,0.0,0.0,0.0,0.12017101002521033,0.013286222410948475,3.7331357895511865e-09,0.0,0.0,0.08129479596772436,0.0,0.021320252260458084,0.019389050336264653,0.0,0.0,0.12527154397929774,0.0,0.0,0.0,0.01395493427322473,0.0,0.0,0.07467033335256626,0.031252488198743524,0.0,0.05656420365634556,0.05343036336471899,0.0,0.0,0.0,0.0,0.0,0.0,0.0,0.0,0.0,0.0,0.0,0.0,0.0,0.0,0.0,0.0,0.0,0.0,0.03468143470443167,0.0,0.0,0.0,0.0,0.0,0.006135690459205267,0.0,0.0,0.014414658788557,0.0,0.09089206423527363,0.0,0.0,0.0,0.0,0.0,0.0,0.08863584419358163,0.0,0.0,0.0,0.0,0.0,0.0,0.0,0.02025510899988503,0.0,0.0,0.11654963242872282,0.0
2001-03-31,0.0,0.0,0.0,0.0,0.0,0.0,0.0,0.0,0.0,0.0,0.0,0.0,0.0,0.0,0.0,0.0,0.0,0.0,0.0,0.0,0.0,0.0,0.0,0.0,0.0,0.0,0.04735726164387198,3.1090131927017445e-09,0.0,0.0,0.012334575509284275,0.0,0.0035129873174304144,0.0,0.0,0.0,0.16309512997980827,0.0,0.0,0.0,0.0,0.0,0.0,0.08212075230494616,0.0,0.0,0.0,0.0,0.0,0.0,0.0,0.0,0.0,0.0,0.0,0.0,0.0,0.0587276911637561,0.0,0.0,0.0,0.031743630649489415,0.012793560656595898,0.0,0.0,0.0,0.12946821023932803,0.0,0.0,0.021554605813055152,0.0,0.0,0.07681153578583706,0.0,0.0,0.08798936286237728,0.05466996326712411,0.012473790818323813,0.0,0.0,0.0,0.0,0.006299091114850707,0.0,0.047601392585938755,0.0,0.0,0.0,0.0,0.0,0.0,0.0,0.05245294073484339,0.0,0.009415512634988675,0.08957800180913741,0.0
2001-04-30,0.0,0.0,0.0,0.0,0.028162831224074442,0.0,0.0,0.0,0.0,0.0,0.0,0.0,0.0,0.04196140675897885,0.0,0.0,0.0,0.0,0.0,0.0,0.0,0.0,0.0,0.0,0.0,0.0,0.04399151893207536,0.0,0.0,0.0,0.053200194362951723,0.0,0.012699478432258984,0.0,0.0,0.0,0.1937356594233084,0.0,0.0,0.0,0.0,0.004999152529454282,0.0,0.08240317305750545,0.0,0.0,0.02669749475703807,0.0,0.007339780822766567,0.0,2.6273637192120604e-09,0.0,0.0,0.0,0.017305051592087412,0.0,0.03073541825072192,0.05002497966107247,0.0,0.0,0.0,0.01622707801967037,0.0,0.0,0.0,0.0,0.12590038828894776,0.0,0.0,0.0,0.0,0.0,0.026034886788736077,0.17851335574986935,0.0,0.0,0.0,0.0,0.0,0.0,0.0,0.0,0.01137219729878833,0.0,0.0,0.0,0.0,0.0,0.0,0.0,0.0,0.0,0.0,0.0,0.0,0.048695951422330463,0.0
2001-05-31,0.0,0.0,0.0,0.0,0.019679973406607366,0.0,0.0,0.0,0.0,0.0,0.0,0.0,0.0,0.0,0.0,0.0,0.0,0.0,0.0,0.0,0.0,0.0,0.0,1.7172565018410954e-09,0.0,0.0,0.0,0.0,0.007174918779349412,0.0,0.03369237588558951,0.0,0.0,0.03898333094424253,0.0,0.0,0.23028862245093032,0.0,0.0,0.0,0.0,0.0,0.0,0.07085943028940213,0.02925984938711061,0.0,0.03375023834869288,0.008351314983037355,0.0,0.0,0.0,0.0,0.0,0.0,0.0,0.03433618452433439,0.0,0.0507168542022725,0.0,0.0,0.0,0.0,0.0,0.0,0.0,0.0,0.07694348670572808,0.0,0.0,0.006505895387976992,0.0,0.0,0.028637606886826796,0.25,0.0,0.0280706446655282,0.02159995505920225,0.0,0.0,0.0,0.0,0.0,0.003307740237652579,0.0,0.0,0.0,0.0,0.0,0.0,0.0,0.0,0.0,0.0,0.0,0.0,0.027841576138259574,0.0
2001-06-30,0.0,0.0,0.0,0.0,0.005056769110433147,0.0,0.0,0.0,0.0,0.0,0.0,0.0,2.1042261007818522e-09,0.0,0.0,0.0,0.0,0.0,0.0,0.0,0.0,0.0,0.0,0.0,0.0,0.0,0.0,0.0,0.0,0.0,0.004185290531944983,0.0,0.037698965761096895,0.0,0.0,0.0,0.22737353173730632,0.0,0.0,0.014527208423820954,0.0,0.0,0.0,0.0,0.0,0.0,0.010138997611343731,0.0,0.0,0.0,0.014991118712303228,0.0,0.0,0.0,0.07063728794128792,0.005289105472247125,0.0,0.0,0.0,0.0,0.0,0.1842652022059229,0.013963398758367275,0.0,0.0,0.0,0.1274667802638998,0.0,0.0,0.0,0.0,0.0,0.01555477226066733,0.10974458816974941,0.0,0.015064575903066174,0.006745160629717688,0.0,0.0,0.02189769227659042,0.0594147324230253,0.0,0.0,0.0,0.0,0.0,0.0,0.0,0.0,0.0,0.0,0.0,0.0,0.0,0.0,0.05598481970298315,0.0
2001-07-31,0.0,0.0,0.0,0.0,0.015455894987613534,0.0,0.0,0.0,0.0,0.0,0.0,0.0,0.0,0.0,0.0,0.0,0.0,0.0,0.0,0.0,0.0,0.0,0.0,0.0,0.0,0.0,0.01462218504211691,0.0,0.0,0.0,0.03146394573158509,0.0,0.0,0.0,0.0,0.0,0.25,0.0,0.0,0.0,0.0,0.0,0.0,0.0,0.0,0.0,0.061768819981824916,0.0,0.020924093011115346,0.0,0.0855028506202399,0.0,0.0,0.0,0.17021155410417885,0.045896409040529204,0.029214552495868015,0.03142972061013014,0.0,0.0,0.0016697504198219166,0.05963447757461298,0.0,0.0,0.0,0.0,0.0,0.0,0.0,0.0,0.0,0.0,0.0,0.10894507842257622,3.4129281708288487e-09,0.014632125010944578,0.0,0.0,0.0,0.0,0.0,0.0,0.0,0.02576600255410829,0.0,0.0,0.0,0.0,0.0,0.0,0.0,0.0,0.0,0.015653965535246107,0.00948682020364884,0.007721751240911059,0.0
2001-08-31,0.0,3.5178791710674605e-09,0.0034580705438291975,0.0,0.034874072214505114,0.0,0.0,0.0,0.0,0.0,0.0,0.0,0.0,0.0,0.0,0.029858370335727972,0.0,0.0,0.0,0.0,0.0,0.0,0.0,0.0,0.0,0.0,0.0,0.0,0.0,0.0,0.07858739553683748,0.0,0.04593332472646785,0.0,0.0,0.0,0.1803591075996454,0.0,0.0,0.0,0.0,0.0,0.0,0.0,0.0,0.0,0.0963912907009793,0.0,0.013775971288464361,0.0,0.07073916383856936,0.0,0.0,0.18341690327928953,0.09732768556664859,0.0065826245503891045,0.0,0.0,0.0,0.0,0.0,0.0,0.0,0.0,0.0,0.0,0.0,0.0,0.0,0.0,0.0,0.0,0.009429226027592628,0.07309796525827776,0.0,0.006187156147707077,0.0,0.0,0.0,0.004253406310260648,0.0,0.0,0.0,0.0,0.018410556364489263,0.0,0.0,0.0,0.0,0.0,0.0,0.0,0.015873165542263687,0.031444540650176496,0.0,0.0,0.0
2001-09-30,0.0,0.0,0.0,0.0,2.259602460476266e-09,0.0,0.0,0.0,0.0,0.0,0.0,0.0,0.0,0.0,0.0,0.00029704021866507123,0.0,0.0,0.0,0.0,0.0,0.0,0.0,0.0,0.0,0.0,0.0,0.0,0.0,0.0,0.05745596461566308,0.0,0.04379498852901964,0.011879468707792683,0.0,0.0,0.15766081626795805,0.0,0.0,0.0,0.0,0.0,0.0,0.0,0.0,0.0,0.0,0.0,0.03782207936269765,0.0,0.09459521752777576,0.0,0.0,0.22175709440494518,0.14437236934241054,0.0324749142252769,0.0,0.001346070231952016,0.0,0.0,0.046492665703456094,0.08398509159427726,0.0,0.0,0.0,0.0,0.0,0.0,0.0,0.0,0.0,0.0,0.0,0.0,0.0,0.021714308314004498,0.01783455250878959,0.008017045779730943,0.0,0.0,0.0,0.0,0.0,0.0,0.00015668023153371855,0.0,0.0,0.0,0.0,0.0,0.0,0.0,0.0026601088647071162,0.0,0.0,0.01568352130974194,0.0
2001-10-31,0.0,0.0,0.0,0.0,0.0,0.0,0.0,0.0,0.0,0.0,0.0,0.0,0.0,0.0167000986998833,0.0,0.01455120079976004,0.0,0.0,0.0,0.0,0.000322576416392956,1.713116528120875e-09,0.0,0.0,0.0,0.0,0.03447027948688307,0.03382102559171268,0.0,0.0,0.050033945688579724,0.0,0.02534023588792136,0.0,0.0,0.0,0.02219531628103409,0.0,0.0,0.0,0.0,0.0,0.0,0.0,0.0,0.0,0.0,0.0,0.0648331571670464,0.0,0.07748797985346004,0.0,0.0,0.20971156278241615,0.14454808489834123,0.0,0.03181005192210804,0.015601578600169322,0.0,0.0,0.09938404935504784,0.1341094597685159,0.0,0.0,0.0,0.0,0.0,0.0,0.0,0.0,0.0,0.0,0.0,0.0,0.0,0.0,0.0,0.0,0.0,0.0,0.0,0.0,0.0,0.0,0.013676524584679151,0.0,0.0,0.0,0.0,0.0,0.0,0.0,0.0,0.003913956012909311,0.0,0.007488914490022778,0.0
2001-11-30,0.0,0.0,0.0,0.0,0.0,0.0,0.0,0.0,0.0,0.0,0.0,0.0,0.0,0.05909742649563354,0.0,0.027711381155654545,0.0,0.0,0.0,0.0,0.0,0.002100364036063057,0.0,0.0,0.0,0.0,0.05375755595472508,0.046119353873026965,0.0,0.0,0.09606844422175069,0.0,0.030580171957000794,0.0,0.0,0.0,0.0,0.0,0.0,0.0,0.0,0.0,0.0,0.0,0.0,0.0,0.018143754672365495,0.0,0.05674936869453786,0.0,0.09129015208425277,0.0,0.0,0.25,0.04725510034232029,2.8796133510671974e-09,0.08326260122224069,0.060599047470388176,0.0,0.0,0.04570439476613387,0.01772065523584225,0.0,0.0,0.0,0.0,0.0,0.0,0.0,0.0,0.0,0.0,0.0,0.0,0.0,0.0,0.0,0.0,0.0,0.0,0.0,0.0,0.0017781212965335322,0.0,0.002683864904509372,0.0,0.0,0.0,0.0,0.009378238737407698,0.0,0.0,0.0,0.0,0.0,0.0,0.0
2001-12-31,0.0,0.0,0.0,0.0,0.0,0.0,0.0,0.0,0.0,0.0,0.0,0.0,0.0,0.07372491824056587,0.0,0.012271284121315021,0.0,0.0,0.0,0.0,0.0,0.0,0.0,0.0,0.0,0.0,0.010466263532585836,0.02071040288378443,0.0,0.0,0.10373001245725622,0.0,0.07360308525037343,0.0,0.0,0.0,0.0033118702235768642,0.0,0.0,0.0,0.0,0.0,0.0,0.0,0.051484414930528376,0.0,0.028777665266925212,0.0,0.017466032354426,0.0,0.044408500798520927,0.0,0.0,0.25,0.0,0.0,0.0,0.0008676723342543435,0.0,0.0,0.0,0.0,0.0,0.0,0.0,0.0,0.0856244760769895,0.0,0.0,0.014669710479821222,4.55436745395711e-09,0.0,0.0,0.0,0.0,0.0,0.0,0.0,0.0,0.0,0.0,0.0,0.04999713090350546,0.0,0.05445834758486169,0.0,0.0,0.0,0.0,0.060035698691040265,0.0,0.0,0.0,0.0,0.0,0.044392509315301976,0.0
2002-01-31,0.0,0.0,0.0,0.0010943569049907578,0.0,0.0,0.0,0.0,0.0,0.0,0.0,0.0,0.0,0.06526644880693086,0.0,0.0,0.0,0.0,0.0,0.0,0.0,0.0,0.0,0.0,0.0,0.0,0.0,0.0,0.0,0.0,0.004884691086283199,0.0,0.0,0.0,0.0,0.0,0.04513940681489408,0.0,0.0,0.0,0.0,0.0,0.0,0.0,0.11093190627690504,0.0,0.11074463749423785,0.03492670252665662,0.0,0.0,0.044926923846149006,0.0,0.0,0.021195904662371208,0.0,0.0,0.1038306837863081,0.041827697278014386,0.0,0.0,0.09706577049449185,0.0,0.0,0.0,0.0,0.0,0.07338157200224457,0.0,0.0,0.03959055219635814,0.0,0.0,0.0,0.0,5.285807599489899e-09,0.004763014106185717,0.0,0.0,0.0,0.0,0.0,0.0,0.06408458665608648,0.028815099029548322,0.0,0.0,0.0,0.0,0.0,0.024589458370356452,0.0,0.0,0.0,0.0,0.0,0.0829405823751799,0.0
2002-02-28,0.0,0.0,0.0,0.0,0.0,0.0,0.0,0.013107357152547901,0.0,0.0,0.0,0.0,0.0,0.0035132723698411664,0.0,0.0,0.0,0.0,0.0,0.0,0.0,0.0,0.0,0.0,0.0,0.0,0.0,0.0,0.0,0.0,0.0032949965917455104,0.0,0.0,3.646025812160766e-09,0.0,0.0,0.0,0.0,0.01645880671334267,0.0,0.0,0.042299573357340935,0.0,0.0,0.1579487525297888,0.0,0.031014054428647454,0.0609120164663119,0.0,0.0,0.036322111069118854,0.0,0.0,0.0,0.0,0.016935689509240077,0.21516907029408122,0.13718492103251664,0.0,0.0,0.06932843736525059,0.0,0.0,0.0,0.0,0.0,0.05330676568462269,0.0,0.0,0.0,0.021285023407228182,0.0,0.0,0.0,0.0,0.04751662813672679,0.0,0.0,0.0,0.0,0.0,0.0,0.048047983254502075,0.0,0.0,0.0,0.0,0.0,0.0,0.014273622921869731,0.0,0.0,0.0,0.0,0.0,0.012080914069250888,0.0
2002-03-31,0.0,0.0,0.0,0.0,0.0,0.0,0.0,0.016967628956545824,0.0,0.0,0.0,0.0,0.0,0.0,0.0,0.0,0.0,0.0,0.0,0.0,0.0,0.0,0.0,0.0,0.0,0.0,0.0,0.0,0.0,0.0,0.0,0.0,0.0,0.0,0.0,0.0,0.0,0.0,2.183524039868899e-09,0.0,0.0,0.0348029475351563,0.07174524537177925,0.0036177858386472095,0.15221188559622734,0.0,0.0,0.08925901765054309,0.0,0.0,0.0,0.0,0.0,0.0,0.0,0.04788902148361318,0.15722190666466754,0.15342619502990681,0.0,0.0,0.0,0.0,0.04485295746869523,0.0,0.0,0.0,0.010993772831154458,0.0,0.0,0.0,0.033896203189020035,0.0,0.0,0.024684432815585515,0.0,0.031693734849401814,0.019965142386736173,0.0,0.0,0.0,0.0,0.0,0.02191736325720893,0.0,0.0,0.0,0.0,0.0,0.04058879178039202,0.04306956113791398,0.0,0.0,0.001196403973281062,0.0,0.0,0.0,0.0
2002-04-30,0.0,0.0,0.0,0.0,0.0,0.0,0.0,0.0,0.0,0.0,0.0,0.0,0.0,0.0,0.0,0.0,0.0,0.0,0.0,0.0,0.0,0.0,0.0,0.0,0.0,0.0,0.0,0.0,0.0,0.0,0.0,0.0,0.0,0.0,0.0,0.0,0.0,0.0,0.0,0.0,0.0,0.0,0.027556007880920216,0.0,0.05173074827990305,0.0,0.0,2.1698912881705417e-05,0.0,0.0,1.8738047724192227e-09,0.0,0.0,0.03660468166114357,0.01919323908588411,0.032594298008345755,0.10635796102445472,0.17293650379239206,0.0,0.0,0.04228900900642149,0.07976529779890487,0.06059126865323327,0.0,0.0,0.0,0.03992554595985787,0.02175374198373864,0.0,0.0,0.0,0.0,0.0,0.057048621717307464,0.0,0.03580423652660581,0.038145070313017164,0.0,0.0,0.0,0.11947193558816796,0.0,0.0,0.0,0.0,0.0,0.0,0.0,0.057909377560200814,0.0003007543728145679,0.0,0.0,0.0,0.0,0.0,0.0,0.0
2002-05-31,0.0,0.0,0.0,0.0,0.0,0.0,0.004178772856876936,1.1330707160338054e-09,0.0,0.0,0.0,0.0,0.0,0.0,0.0,0.0,0.0,0.0,0.0,0.0,0.0,0.0,0.0,0.0,0.0,0.0,0.0,0.0,0.0,0.0,0.0,0.0,0.0,0.0,0.0,0.0,0.0,0.0,0.0,0.0,0.0,0.02114363511647527,0.04572073173054447,0.007480679151104676,0.020353946640001987,0.0,0.0,0.00514636216538089,0.005980860440967532,0.0,0.007241681975447437,0.0,0.0,0.03285383195823617,0.11717881499495354,0.024836741428328552,0.11155111981021275,0.14224566064505215,0.0,0.0,0.023563368422717158,0.24709816892936204,0.041528345578692234,0.0,0.0,0.0,0.0,0.0,0.0,0.0,0.0,0.0,0.0,0.0,0.022216851589976442,0.0,0.0336361993257635,0.0,0.0,0.0,0.08604422610683539,0.0,0.0,0.0,0.0,0.0,0.0,0.0,0.0,0.0,0.0,0.0,0.0,0.0,0.0,0.0,0.0
2002-06-30,0.0,0.0,0.0,0.0,0.0,0.0,0.0030307484823601815,0.0,0.0,0.0,0.0,0.0,0.0027770083846745887,0.0,0.0,0.0,0.0,0.0,0.0,0.0,0.0,0.0,0.0026158345334630286,0.0,0.0,0.0,0.0,0.0,0.0,0.0,0.0,0.0,0.0,0.0,0.0,0.0,0.0,0.0,0.0,0.008297818916307136,0.0,0.0,0.003848204259280515,0.0,7.163888454408374e-10,0.0,0.0,0.0,0.023222050026573203,0.0,0.02785636634060888,0.0,0.0,0.1103677675222794,0.1483321998496337,0.03580637912719245,0.08549725587904265,0.11426827004652883,0.0,0.0,0.05397374189743421,0.24064836315794674,0.07174455642096243,0.0,0.0,0.0,0.01174567211082849,0.0,0.0,0.0,0.0,0.0,0.0,0.0,0.018000764796683246,0.0,0.01603702441734895,0.0,0.0,0.0,0.0219299731144626,0.0,0.0,0.0,0.0,0.0,0.0,0.0,0.0,0.0,0.0,0.0,0.0,0.0,0.0,0.0,0.0
2002-07-31,0.0,0.0,0.0,0.0,0.0,0.0,0.012221007728091947,0.0,0.0,0.0,0.0,0.0,0.012120581015446236,0.0,0.0,0.0,0.0,0.0,0.0,0.0,0.0,0.0,0.026049913840172627,0.0,0.0,0.006866248520318382,1.1861515162797902e-09,0.0,0.0,0.0,0.0,0.0,0.0,0.0,0.0,0.0,0.0,0.0,0.0,0.0,0.0,0.0,0.010195911761371874,0.0,0.009287588974723579,0.0,0.0,0.0,0.0,0.0,0.005495998272085527,0.0,0.0,0.1381024365724854,0.13654718262610838,0.007724141902174741,0.05711094324903275,0.0641512044579891,0.0,0.0,0.05530121720355061,0.25,0.08263125216375655,0.0,0.0,0.0,0.0,0.006230091965101837,0.0,0.0,0.0,0.0,0.0,0.0,0.042984447861180324,0.0,0.0,0.0,0.007240821503197267,0.0,0.06973900919706127,0.0,0.0,0.0,0.0,0.0,0.0,0.0,0.0,0.0,0.0,0.0,0.0,0.0,0.0,0.0,0.0
2002-08-31,0.0,0.0,0.0,0.0,2.1027068800508536e-09,0.0,0.0,0.0,0.0,0.0,0.0,0.0,0.01775253387193154,0.0,0.0,0.0,0.0,0.0,0.0,0.0,0.0,0.0,0.03447387028348183,0.0,0.0,0.000800667065791919,0.007482543194597543,0.003374674787694214,0.0,0.0,0.0,0.0,0.00669546080282731,0.0,0.0,0.0,0.0,0.0,0.0,0.0,0.0,0.0,0.0,0.0,0.0,0.0,0.0,0.0,0.0,0.0,0.0,0.0,0.0,0.12635834382454803,0.10327152285310334,0.0,0.005065460426627893,0.024420493231850287,0.0,0.0,0.041602739073140396,0.22447417052618718,0.0346849554702151,0.0,0.0,0.0,0.003212015372780273,0.05849857192661741,0.0,0.0,0.0069074430456165835,0.0,0.0,0.0,0.09071325074309852,0.0,0.04738354271372492,0.0,0.0,0.0,0.16282773868345882,0.0,0.0,0.0,0.0,0.0,0.0,0.0,0.0,0.0,0.0,0.0,0.0,0.0,0.0,0.0,0.0
2002-09-30,0.0,0.0,0.0,0.0,0.006557283880474116,0.0,0.0,0.0,0.0,0.0,0.0,0.0,0.0042748647749157155,2.0800566807174283e-09,0.0,0.0,0.0,0.0,0.0,0.0,0.0,0.0,0.026477916004866826,0.0,0.0,0.0,0.023251381509173077,0.017271596815207742,0.009293834800497782,0.0,0.0,0.0,0.0,0.0,0.0,0.0,0.0,0.0,0.0,0.0,0.0,0.0,0.0,0.0,0.0,0.0,0.0,0.0,0.007283040819348085,0.0,0.02467732954040953,0.0,0.0,0.14192788044232196,0.11876292757951583,0.0,0.06303807901637479,0.03274705280201237,0.0,0.0,0.056182682308243206,0.22205079535841762,0.07492257887823939,0.0,0.0,0.0,0.0,0.010786618647063335,0.0,0.0,0.005969427576119086,0.0,0.0,0.0,0.04168318522448903,0.0,0.0,0.0,0.0,0.0,0.11284152194225394,0.0,0.0,0.0,0.0,0.0,0.0,0.0,0.0,0.0,0.0,0.0,0.0,0.0,0.0,0.0,0.0
2002-10-31,0.0,0.0,0.0,0.0,0.012791226315913624,0.0,0.00327375038777548,0.019688278460425375,0.0,0.0,0.0,0.0,4.039529800954485e-09,0.003052510281046905,0.0,0.008854705194255531,0.0,0.0,0.0,0.0,0.0,0.0,0.0,0.0,0.0,0.0,0.016019630093250272,0.022572901430110242,0.019817949636433754,0.0,0.0,0.0,0.0,0.0,0.0,0.0,0.006822617043099905,0.0,0.0,0.0,0.0,0.0,0.0,0.0,0.0,0.0,0.0,0.0,0.0,0.0,0.07278509376751824,0.0,0.0,0.25,0.13375937636366045,0.020926495657542454,0.10619688123266086,0.04352036963693463,0.0,0.0,0.047723362577749506,0.07539613568971237,0.10194194516541541,0.0,0.0,0.0,0.0,0.0,0.0,0.0,0.034856767026965135,0.0,0.0,0.0,0.0,0.0,0.0,0.0,0.0,0.0,0.0,0.0,0.0,0.0,0.0,0.0,0.0,0.0,0.0,0.0,0.0,0.0,0.0,0.0,0.0,0.0,0.0
2002-11-30,0.0,0.0,0.0,0.0,0.044421200272153835,0.0,0.04260758354341555,0.04580426440810135,0.0,0.0,0.0,0.035001304934349144,0.0,0.0,0.0,0.011380958627173447,0.0,0.01258172138886654,0.0,0.0,0.0,0.0,0.0,0.0,0.0,0.02061336782902434,0.05287997892814851,0.022717841921070077,0.0,0.0,0.0,0.0,0.023215994406017498,0.002477063474850938,0.0,0.0,0.16596488734787498,0.0,0.0,0.0,0.0,0.0,0.0,0.0676296826930822,0.03064880140844266,0.0,0.0,0.0,0.0,0.0,0.0,0.0,0.0,0.16891949787877653,0.0,0.0,0.0,0.0,0.0,0.0,0.0,0.0,0.0,0.0,0.0,0.0,0.0,0.06691280802643498,0.0,0.03908521420930479,0.09827608303824296,0.0,0.0,0.0,0.0,0.0,0.0,0.0,0.0,0.0,0.0,0.0,0.04886174027618561,5.38848403296234e-09,0.0,0.0,0.0,0.0,0.0,0.0,0.0,0.0,0.0,0.0,0.0,0.0,0.0
2002-12-31,0.0,0.0,0.0,0.000524129594103655,0.0,0.0,0.0,0.0,0.0,0.0,0.0,0.0,0.0,0.0,0.0,0.0,0.0,0.09154875446615518,0.0,0.0,0.0,0.0,0.0,0.0,0.0,0.0,0.0,0.0,0.0,0.0,0.0682116254709692,0.0,0.0,0.0,0.0,0.0,0.14619520223951535,0.0,0.0,0.16674029799237824,0.006095886339325326,0.02422663961608699,0.0,0.03176775744188994,0.02177968251942269,0.0,0.04125201972062551,0.010990183986214135,0.0,0.0,0.0,0.0,0.0,0.12027288469734151,0.0,0.03226608983964036,4.351055397260148e-09,0.0,0.0,0.0,0.0,0.0,0.0,0.0,0.0,0.0,0.0,0.00010111893980884947,0.0,0.06308075011570917,0.10690650594147831,0.011614364490677162,0.0,0.0,0.0,0.0,0.0,0.0,0.0,0.0,0.0,0.0,0.02685737202522607,0.0,0.0,0.0,0.0,0.0,0.0,0.029568730212377107,0.0,0.0,0.0,0.0,0.0,0.0,0.0
2003-01-31,0.0,0.0,0.0,2.1964983376909423e-09,0.0,0.0,0.0,0.0,0.0,0.0,0.0,0.0,0.0,0.0,0.0,0.0,0.0,0.0394801121501586,0.0,0.0,0.0,0.0,0.0,0.0,0.0,0.0,0.0,0.0,0.04631384743177473,0.0,0.0,0.0,0.0,0.0,0.0,0.0,0.0325889777238442,0.0,0.0,0.06001448907150081,0.010000163297406866,0.021612989687721792,0.0,0.0,0.021157600283058846,0.0,0.0,0.0,0.005944759205987674,0.0,0.0268421130836214,0.0,0.0,0.21928415946622368,0.06624082122444082,0.11337432691709617,0.08665592081314671,0.05773154160531966,0.0,0.0,0.026304289471837456,0.10252553070887296,0.02703887660145007,0.0,0.0,0.0,0.0,0.0,0.0,0.0,0.0,0.010949855887726534,0.0,0.0,0.0,0.0,0.0,0.0,0.0,0.0,0.0,0.0,0.0,0.0,0.0,0.0,0.0,0.0,0.0,0.0,0.0,0.0,0.0,0.0,0.0,0.02593962317231266,0.0
2003-02-28,0.0,0.0,0.0,0.007115912744603952,0.0,0.0,0.0,0.01785137353658383,0.0,0.0,0.0,0.0,0.0,0.0,0.0,0.0,0.0,0.07469938156524286,0.0,0.0,0.0,0.0,0.0,0.0,0.0,0.0,0.0,0.0,0.0,0.0,0.0,0.0,0.013621449495946908,0.0,0.0,0.0,0.06253400807772629,0.0,0.0,0.07329650622047733,0.0022029476824635664,0.0,0.0,0.0,0.05823320547221711,0.0,0.0,0.0076372881517731955,0.0,0.0,0.0,0.0,0.0,0.25,0.04604025281541303,0.2021311869244874,0.0,0.007424753931081823,0.0,0.0,0.0,0.01103920718742726,0.0,0.0,0.0,0.0,0.02166584516246313,0.03752442400314176,0.0422376124780883,0.0,0.0,0.005926859863260277,0.0,0.0,0.0,0.0,4.800993607415475e-09,0.0,0.0,0.0,0.0,0.0,0.0,0.0,0.0,0.0,0.0,0.0,0.0,0.0,0.0,0.0,0.0,0.0,0.0,0.0588177798866085,0.0
2003-03-31,0.0,0.0,0.0,0.0,0.0,0.0,0.0,0.0,0.0,0.0,0.0,0.0,0.0,0.0,0.0,0.0,0.030418155805403118,0.14051451329373507,0.0,0.0,0.0,0.0,0.0,0.14794332596072812,0.0,0.0,0.0,0.0,0.08141317612010585,0.0,0.0,0.0,0.0,0.08946333690413259,0.0,0.0,0.04404566482512369,0.0,0.0,0.11658243668812657,0.0,0.0007596546243451584,0.008874523721232097,0.0,0.0389532976541849,0.0,0.0,0.014503127833492687,0.0,0.0,0.0,0.0,0.0,0.0,0.0,0.025544757277642473,0.0,0.0,0.0,0.0,0.0,0.0,0.0,0.0,0.0,0.0,0.029381748910549645,0.0,0.013223776031346994,0.021382345439541078,0.0024355060884965725,0.04277156664061736,0.0,0.0,0.0,0.0,0.0,0.0,0.0,0.0,0.08398439884235293,0.0,0.0,0.0,0.0,0.0,0.0,0.0,0.0,0.0,0.0,0.0,2.765509608512944e-09,0.0,0.0,0.06780468457333347,0.0
2003-04-30,0.0,0.0,0.0,0.0,0.0,0.0,0.0,0.01786454833142935,0.0,0.0,0.0,0.00041359318086555037,0.025738267299181918,0.016475810976295607,0.0,0.018877659914597795,0.017274303971496523,0.2041631192685588,0.0,0.0,0.0,0.0,0.0,0.25,0.0,0.0,0.0,0.0,0.07726035510770543,0.0,0.0049758271509856185,0.0,0.0,0.013713179892341661,0.0,0.0,0.11082809459655901,0.0,0.0,0.03843149530110969,0.0,0.0,0.0,0.0,2.1296725375542903e-09,0.0,0.0,0.004877043716515032,0.0,0.0,0.0,0.0,0.0,0.0,0.027094677474519206,0.023777685757706685,0.0,0.0,0.0,0.0,0.0,0.0,0.0,0.0,0.0,0.0,0.059699087724341,0.0,0.0,0.0,0.0,0.0,0.0,0.0,0.0,0.0,0.0,0.0,0.0,0.0,0.05986199633364246,0.0,0.0,0.0,0.0,0.0,0.0,0.0,0.0,0.0,0.0,0.0,0.0,0.0,0.0,0.028673251872476112,0.0
2003-05-31,0.0,0.0,0.0,0.0,0.0,0.0,0.0,3.283616706879529e-05,0.0,0.0,0.0,0.02045189908958869,0.03330731189670389,0.0,0.0,0.0,0.07050741388268868,0.16646049666554993,0.0,0.0,0.0,0.0,0.0,0.25,0.0,0.0,0.0035507998657314257,2.0942023362017853e-09,0.16718315970781614,0.0,0.041927473491712504,0.0,0.028943707872087495,0.006981181609672569,0.0,0.0,0.04137833892305442,0.0,0.0,0.0,0.0,0.0,0.0,0.0,0.004415565932972118,0.0,0.0,0.0,0.007993885078005893,0.0,0.0,0.0,0.0,0.0,0.015449143022179698,0.0,0.0,0.0,0.0,0.0,0.009162484934475322,0.0,0.0,0.0,0.0,0.0,0.0006279218592307382,0.0,0.0,0.0,0.0,0.0,0.0,0.0,0.0,0.0,0.0,0.0,0.0,0.0,0.12567051942534396,0.0,0.0,0.0,0.0,0.0,0.0,0.0,0.0,0.0,0.0,0.0,0.0,0.0,0.0,0.0059558584819153736,0.0
2003-06-30,0.0,0.0,0.0,0.0,0.0026588340148715056,0.0,0.0,0.0068113410759491925,0.0,0.0,0.0,1.863360800221407e-09,0.02432272348907251,0.0,0.0,0.0,0.025319029556820284,0.19418699494071404,0.0,0.0,0.0,0.0,0.0,0.25,0.0,0.0,0.0105864478828659,0.020569601197073694,0.17280407446609822,0.0,0.0019402542606508034,0.0,0.011857843082887764,0.0,0.0,0.0,0.029297731929404488,0.0,0.0,0.018935041013139472,0.0,0.0,0.0,0.0,0.005800425369185673,0.0,0.0,0.01791500933411874,0.0,0.0,0.0,0.0,0.0,0.0,0.0,0.0,0.0,0.0,0.0,0.0,0.0,0.0,0.0,0.0,0.0,0.0,0.02468502374067616,0.0,0.0,0.0,0.0,0.0,0.0,0.0,0.0,0.0,0.0,0.0,0.01339794431981593,0.0,0.1583521762963276,0.0,0.0,0.0,0.0,0.0,0.0,0.0,0.0,0.0,0.0,0.0,0.0,0.0,0.0,0.010559502166967133,0.0
2003-07-31,0.0,0.0,0.0,0.0,0.0,0.0,0.0,0.0,0.0,0.0,0.0,0.004359912019429245,0.015755472979016753,0.0,0.0,0.0,0.030546319163765958,0.16903348960547743,0.0,0.0,0.0,0.0,0.0,0.23005416650037364,0.0,0.0,0.0004137311427767139,0.02123439838025594,0.25,0.0,1.8509837369887121e-09,0.0,0.007000993051305901,0.0,0.0,0.0,0.024151051696694674,0.0,0.012575946176422062,0.006520035122962211,0.0,0.0,0.0,0.0,0.0,0.0,0.0,0.0,0.0,0.0,0.0,0.0,0.0,0.0,0.0,0.0,0.0,0.0,0.0,0.0,0.0,0.0,0.0,0.0,0.0,0.0,0.01975240290189392,0.0,0.0,0.0,0.0,0.0,0.019186206011971248,0.0,0.0,0.005631691210606565,0.0,0.0,0.04332201770936438,0.052501139627739404,0.05985847702027407,0.0,0.0,0.0,0.0,0.0,0.0,0.0,0.0,0.0,0.0,0.0,0.0,0.0,0.0,0.02810254782868627,0.0
2003-08-31,0.0,0.0,0.0,0.0,0.0,0.0,0.0,0.0,0.0,0.0,0.0,0.0,0.0,0.0,0.0,0.0,0.04730265123887298,0.0991641147948755,0.0,0.0,0.0,0.0,0.0,0.0661932506778474,0.0,0.0,0.0,0.0,0.25,0.0,0.0,0.0,0.0,0.0,0.0,0.0,0.0,0.0,0.0,0.0,0.0,0.0,0.0,0.0,0.0,0.0,0.0,0.0,0.007860373964301129,0.0,0.0,0.0,0.0,0.0,0.0,0.0,0.0,0.0,0.0,0.0,0.01674578098088391,0.035450241558301794,0.0024367122551383633,0.0,0.0,0.0,0.05184329239617799,0.0,0.0,0.0,0.0,0.0,0.014391402422715246,0.01738667308700164,0.0,0.0,0.0,0.01777011182612836,0.05139444846125395,0.21317487291844747,0.033725249266141684,0.0,0.0,0.0,0.007506020602294787,0.0,0.0,0.0,0.04373158569130537,0.0,0.0,0.0,0.0,1.6735541611663596e-09,0.019837545752955328,0.004085670431803098,0.0
2003-09-30,0.0,0.0,0.0,0.0,0.0,0.0,0.0,0.0,0.0,0.0,0.0,0.0,0.0,0.0,0.0,0.0,0.009009720784967784,0.013228988489920067,0.0,0.0,0.0,0.0,0.0,0.07741213713709863,0.0,0.0,0.0,0.0,0.25,0.0,0.0,0.0,0.0,0.0,0.0,0.0,0.0,0.0,0.0,0.0,0.0,0.0,0.0,0.0,0.0,0.0,0.0,0.0,0.01486430423651729,0.0,0.0,0.0,0.0,0.03560718459333177,0.0,0.0,0.0,0.0,0.0,0.0,0.04292422942290999,0.08226028661215024,0.1073101032004698,0.0,0.0,0.0,0.04904524293249395,0.0,0.0,0.0,0.0,0.006872653868557432,0.013203896448855857,0.009920192137444927,0.00013363400148164956,0.0,0.0,0.018947778214681476,0.08683484943795972,0.15570566656912233,0.0,0.0,0.0,0.0,0.0,0.0,0.0,0.0,0.025318386131389696,0.0,0.0,0.0,0.0,1.267907389126405e-09,0.001400744512740007,0.0,0.0
2003-10-31,0.0,0.0,0.0,0.0,0.0,0.0,0.0,0.0,0.0,0.0,0.0,0.0,0.0,0.0,0.0,0.0,0.0,0.01351232235538392,0.0,0.0,0.0,0.0,0.0,2.2914148613969312e-09,0.0,0.0,0.0,0.0,0.25,0.0,0.0,0.0,0.0,0.0,0.0,0.0,0.0,0.0,0.0,0.0,0.0,0.0,0.0,0.0,0.0,0.0,0.0,0.0,0.020968557315707965,0.0,0.0,0.0,0.0,0.0,0.0,0.0,0.009374811324478077,0.011805624662872164,0.0,0.0,0.0400513411846535,0.009720170466003302,0.21655102234433607,0.0,0.0,0.0,0.1284275061653796,0.017782033945261323,0.03126121361738408,0.0,0.0,0.02925395823734439,0.0,0.0586162007206114,0.014567061989517856,0.0,0.0,0.0,0.06875856731410797,0.056918823184139496,0.014852676345955888,0.0,0.0,0.0,0.0,0.0,0.0,0.0,0.007350567417490683,0.0,0.0,0.0,0.0,0.0,0.0,0.00022753911795739067,0.0
2003-11-30,0.0,0.0,0.0,0.0,0.0,0.0,0.0,0.0,0.0,0.0,0.0,0.0,0.0,0.0,0.0,0.0,0.0,0.005272067397203184,0.0,0.0,0.0,0.0,0.0,0.0,0.0,0.0,0.0,0.0,0.12653969656196445,0.0,0.0,0.0,0.0,0.0,0.0,0.0,0.0,0.0,0.0,0.0,0.0,0.0,0.0,0.0,0.0,0.0,0.0,0.0,0.016048660570779128,0.0,0.0,0.0,0.0,0.0,0.0,1.1908643881154105e-09,0.0,0.0,0.18473687997572125,0.0,0.029559776863182455,0.009562641860636467,0.15470746480479322,0.0,0.0,0.0,0.05137370879887046,0.05497915415035749,0.05034691484433082,0.0,0.012745744132775013,0.026798328588530203,0.0,0.11987334319645149,0.07644571642526211,0.0,0.005539358200976222,0.018254144300379548,0.04067882746551599,0.0,0.0,0.0,0.0,0.0,0.0,0.0,0.0,0.0,0.00029324173076911755,0.0,0.0,0.0,0.0,0.0,0.0,0.016244328940637116,0.0
2003-12-31,0.0,0.0,0.0,0.0,0.0,0.0,0.0,0.0,0.0,0.0,0.0,0.0,0.0,0.0,0.0,0.0,0.0,0.0,0.0,0.0,0.0,0.0,0.0,0.0,0.0,0.0,0.0,0.0,9.507659668044303e-10,0.0,0.0,0.0,0.0,0.0,0.0,0.0,0.0,0.0,0.0,0.0,0.0,0.0,0.0,0.0,0.0,0.0,0.0,0.0,0.01571630983436334,0.0,0.0,0.0,0.0,0.0,0.0,0.019467387957720805,0.0,0.0,0.13602688374913868,0.0,0.05285183038226456,0.041343792294539404,0.22888059064879634,0.0,0.0,0.0,0.04452981863323687,0.1132013433097781,0.01655508636477664,0.0,0.01082046742736502,0.01906587952641122,0.0,0.1000337354277018,0.08016628616696245,0.0,0.012596384600491747,0.010341055788946974,0.03906095135885947,0.0,0.035374958196381284,0.0,0.0,0.0,0.0,0.0,0.0,0.0,0.0003549484105837199,0.0,0.0,0.0,0.0,0.0,0.0,0.02361228897091581,0.0
2004-01-31,0.0,0.0,0.0,0.0,0.0,0.0,0.0,0.0,0.0,0.0,0.0,0.0,0.0,0.0,0.0,0.0,0.007258520511312571,0.0,0.0,0.0,0.0,0.0,0.0,0.01202339862861645,0.0,0.0,0.0,0.0,0.11300241487626106,0.0,0.0,0.0,0.0,0.0,0.0,0.0,0.0,0.0,0.0,0.0,0.0,0.0,0.0,0.0,0.0,0.0,0.0,0.0,0.0,0.0,0.0,0.0,0.0,0.0,0.0,1.0277338788032302e-09,0.0,0.0,0.07905229943608394,0.0,0.01786246963523951,0.003260735142571236,0.1512398252511154,0.0,0.0,0.0,0.014759095055558398,0.15087798673998915,0.05039109386957447,0.0,0.0,0.030425929621221114,0.0,0.07029592036646075,0.1185344583854511,0.0,0.009274506491983685,0.005400188072679598,0.019701846238281327,0.03551308446350701,0.06672279704060444,0.0,0.0,0.0,0.0,0.0,0.0,0.0,0.0,0.0,0.0,0.0,0.0,0.0,0.0,0.044403429145754764,0.0
2004-02-29,0.0,0.0,0.0,0.0,0.0,0.0,0.0,0.0,0.0,0.0,0.0,0.0,0.0,0.006831913454941593,0.0,0.0,0.010897816227040943,0.030154696277926458,0.0,0.0,0.0,0.0,0.0,0.0,0.0,0.0,0.0,0.0,0.18891722809988343,0.0,0.0,0.0,0.0,0.004918638553746027,0.0,0.0,0.0,0.0,0.0,0.0,0.0,1.4549874011283436e-09,0.0,0.0,0.0,0.0,0.0,0.0,0.0,0.0,0.0,0.0,0.0,0.0,0.0,0.0,0.0,0.0,0.07314425730479909,0.0,0.008060002924540463,0.0,0.060685153044527894,0.0,0.0,0.0,0.0,0.1839355745827784,0.033092035847541834,0.0,0.0,0.019788859309390165,0.0,0.20517771406436183,0.058319451019018455,0.0,0.011891147991038836,0.0,0.021626120882485736,0.0,0.05274916437329631,0.0,0.0,0.0,0.0,0.0,0.0,0.0,0.00881272806623987,0.019653022085317006,0.0,0.0,0.0,0.0,0.0,0.0013444744361381668,0.0
2004-03-31,0.0,0.0,0.0,0.0,0.0,0.0,0.0,0.0,0.0,0.0,0.0,0.0,0.0,0.0,0.0,0.0,0.0,1.403359270775195e-09,0.0,0.0,0.0,0.0,0.0,0.0,0.0,0.0,0.0,0.0,0.1924977119878099,0.0,0.0,0.0,0.0,0.021626585086988625,0.0,0.0,0.0,0.0,0.0,0.0,0.0,0.0303372557230585,0.0,0.0,0.0,0.0,0.0,0.0,0.0,0.0,0.0,0.0,0.0,0.0,0.0,0.0,0.0,0.0,0.0008272928555537379,0.0,0.05799386105316766,0.0056401330117270415,0.11997125387424014,0.0,0.0,0.0,0.0,0.04279115648351682,0.04683957698378258,0.0,0.0,0.0017666300517638685,0.0033394458491129474,0.15656888995488413,0.1247453660428082,0.0,0.024236580877386303,0.0,0.025364209475374624,0.07475679830125899,0.013763018623505825,0.0,0.0,0.0,0.0,0.0,0.0,0.0,0.009047430775362483,0.0478868015853383,0.0,0.0,0.0,0.0,0.0,0.0,0.0
2004-04-30,0.0,0.0,0.0,0.0,1.5782897456017825e-09,0.0,0.0,0.0,0.0,0.0,0.0,0.0,0.0,0.0,0.0,0.0,0.031601314918075246,0.0,0.0,0.0,0.0,0.0,0.0,0.0,0.0,0.0,0.0,0.0,0.21227974212385675,0.0,0.0,0.0,0.0,0.013988856584902747,0.0,0.0,0.0,0.0,0.007228472454611685,0.0,0.0,0.02529423817307883,0.0036967285468593103,0.0,0.0,0.0,0.0,0.0,0.0,0.0,0.00850294897066214,0.0,0.0,0.0,0.0,0.0,0.0,0.0,0.0,0.0,0.05833569283516669,0.016213732431478875,0.10780300783387767,0.0,0.0,0.0,0.0,0.017885318695182662,0.012272322371742344,0.0,0.0,0.0,0.0,0.061927878656964565,0.13546553619427157,0.0,0.0011710221911412687,0.0,0.0,0.044183287574201965,0.0955059619568062,0.0,0.0,0.0,0.0,0.0,0.0,0.0,0.032520079664072804,0.11412385624475688,0.0,0.0,0.0,0.0,0.0,0.0,0.0
2004-05-31,0.0,0.0,0.008875688527888972,0.0,0.025144714401698992,0.0,0.0,0.0,0.0,0.0,0.0,0.0,4.1938234119077705e-09,0.0,0.0,0.0,0.0,0.010133093525920836,0.0,0.0,0.0031177489704706024,0.0,0.00281638442671336,0.0,0.0,0.0,0.0,0.0,0.25,0.0,0.0,0.0,0.0,0.10041565823470415,0.0,0.0,0.013336464120304085,0.0,0.005252061748542841,0.01588336251587865,0.013342820619660172,0.087172628624968,0.015626667937649098,0.0,0.006867284424391822,0.0,0.017555904442983862,0.0,0.0,0.0,0.0,0.0,0.0,0.0,0.0,0.0,0.0,0.0,0.0,0.0,0.0,0.0,0.0,0.0,0.0,0.0,0.0,0.0,0.0,0.0,0.0,0.0,0.0,0.0,0.0,0.0,0.0,0.0,0.0,0.004026248236279984,0.13735574980210175,0.0,0.0,0.0,0.0,0.0,0.0,0.0,0.07936688111885482,0.20371063412716467,0.0,0.0,0.0,0.0,0.0,0.0,0.0
2004-06-30,0.0,0.0,0.012698046245017714,0.026264041340477644,0.0,0.0,0.0,0.0,0.0,0.0,0.0,0.0,0.0,0.0,0.0,0.0,0.0,0.012199830038647545,0.0,0.0,0.0,0.0,0.01883299536192003,0.0524692865139835,0.0,0.0,0.0,0.0,0.08911940240627479,0.0,0.0,0.0,0.0,0.1585815650439106,0.0,0.0,0.07905064083664436,0.0,0.0,0.0074924918244868004,0.0,0.06401797994568155,0.025064945940927265,0.0,0.0,0.0,0.07127355662839913,0.0,0.0,0.0,0.02385612406975431,0.0,0.0,0.0,0.0,0.0,0.0,0.0,0.0,0.0,0.0,0.0,0.0,0.0,0.0,0.0,0.0,0.0,0.0,0.0,0.0,0.0,0.0,0.05476950799049582,0.0,0.03590543742006243,0.003524993076011898,4.8440558288592825e-09,0.0,0.0,0.15301359053419644,0.0,0.0,0.0,0.0,0.0,0.0,0.0,0.040168717971093656,0.07169684196795882,0.0,0.0,0.0,0.0,0.0,0.0,0.0
2004-07-31,0.0,0.0,0.0,0.04257753881133962,0.0,0.0,2.9008366055160186e-09,0.0,0.0,0.0,0.0,0.0,0.02128429482880617,0.0,0.0,0.0,0.0,0.0,0.0,0.0,0.0,0.0,0.008699224322978056,0.0008063723528668628,0.0,0.0,0.0,0.0,0.02693481284123475,0.0,0.0,0.0,0.0,0.06589733421994894,0.0,0.0,0.05167126901588664,0.0,0.0,0.0,0.0,0.015032076630059902,0.0,0.0,0.0,0.0,0.06320610980383809,0.0,0.0,0.0,0.0,0.0,0.0,0.0,0.0,0.0,0.0,0.0,0.0,0.0,0.0,0.0,0.0,0.0,0.0,0.0,0.0,0.0,0.008721926176744893,0.0,0.0,0.0,0.0,0.0,0.028235531413003976,0.05761150631664845,0.028193645653071014,0.06451022470255233,0.0,0.22196345674481902,0.22905644518707494,0.0,0.0,0.0,0.0,0.0,0.0,0.0,0.02549814692246519,0.003422101927972268,0.0,0.0,0.0,0.0,0.0,0.03667797922785232,0.0
2004-08-31,0.0,0.0,0.004842959894980731,0.08642951138850032,0.0,0.0,0.025958307330027068,0.0,0.0,0.0,0.0,0.0,0.023229941754523937,0.0,0.0,0.0,0.0,0.0002637431914910188,0.0,0.0,0.00407718690649688,0.0,0.0,0.04299501427629821,0.0,0.0,0.0,0.0,0.0,0.0,0.0,0.0,0.0,0.03292539228472173,0.0,0.0,0.06456769764270037,0.0,0.0,0.0,0.0,0.0,2.9708027204028223e-09,0.0,0.0,0.0,0.06988227013871912,0.0,0.0,0.0,0.0,0.0,0.0,0.0,0.0,0.0,0.0,0.0,0.0,0.0,0.0,0.0,0.0,0.0,0.0,0.0,0.0,0.0,0.0,0.0,0.0,0.0,0.0,0.0,0.0,0.05865242054547253,0.0632968430395186,0.03875165050508979,0.03620189485269587,0.13452281105514208,0.25,0.0,0.0,0.0,0.0,0.0,0.0,0.0,0.009768353519641844,0.019987644718072708,0.0,0.0,0.0,0.0,0.0,0.03364635398510448,0.0
2004-09-30,0.005479935089766687,0.007726173644811235,0.0,0.05293803635350393,0.007591305738678936,0.0,0.003465005773135149,0.0,0.0,0.0,0.0,0.0,0.02240775526076388,0.0,0.0,0.0,0.0,0.0,0.0,0.0020318739292287235,0.0,0.0,0.0,0.04709644412677533,0.0,0.0,0.0,0.0,0.0,0.0,0.0,0.0,0.0,3.4042281247409317e-09,0.0,0.0,0.06269875081661572,0.0,0.0,0.0,0.0,0.0,0.010321145070288845,0.0,0.0,0.0,0.08836078318850744,0.0,0.0,0.0,0.0,0.0,0.0,0.0,0.0,0.0,0.0,0.0,0.0,0.0,0.0,0.0,0.0,0.0,0.0,0.0,0.0,0.013163077882369693,0.0,0.0,0.0,0.0,0.0,0.0,0.0,0.05813114341990014,0.05527410705849187,0.0,0.0843105225258116,0.154787129986686,0.25,0.0,0.0,0.0,0.0,0.0,0.0,0.0,0.0,0.002889909933837028,0.0,0.0,0.0,0.0,0.0,0.07132689679659965,0.0
2004-10-31,0.0,0.0,0.0,1.9117585085045966e-09,0.0,0.0,0.0,0.0,0.0,0.0,0.0,0.0,0.022160196927360404,0.0011881705318558303,0.0,0.0,0.0,0.0,0.0,0.0,0.0,0.0,0.0,0.0,0.0,0.0,0.0,0.0,0.0,0.0,0.0,0.0,0.0,0.0,0.0,0.0,0.03654338573263569,0.0,0.0,0.0,0.0,0.0,0.0,0.0,0.0,0.0,0.010659246948847876,0.0,0.0,0.0,0.0,0.0,0.0,0.011172773253582756,0.0,0.0,0.0,0.002113180157271673,0.07551010884684291,0.0,0.0,0.0,0.0,0.0,0.0,0.0,0.0,0.09817851130043279,0.021260543696249547,0.0,0.0,0.02737295810497102,0.0,0.011881317449722695,0.07044489110479132,0.039913165669144,0.05225006555547873,0.0,0.07894988236096065,0.08797166549530493,0.25,0.0,0.0,0.0,0.0,0.0,0.0,0.0,0.0,0.008621296988499998,0.0,0.0,0.0,0.0,0.0,0.0938086379642886,0.0
2004-11-30,0.0,0.0,0.0,0.0,0.0,0.0,0.0,0.0,0.0,0.0,0.0,0.0,0.08398140667968312,0.04077893814938109,0.0,0.01322133782170438,0.02944449472669966,0.0,0.0,0.0,0.0,0.0,0.0,0.0,0.0,2.447502576864057e-09,0.0,0.0,0.08939135153299779,0.0,0.0,0.0,0.0,0.005372943733306542,0.0,0.0,0.034872675617001844,0.0,0.0,0.0013832208035489133,0.0,0.0,0.0,0.0,0.0,0.0,0.05793059698453623,0.0,0.0,0.0,0.0,0.0,0.0,0.0,0.0,0.0,0.0,0.0,0.09493886287269038,0.0,0.0,0.0,0.0,0.0,0.0,0.0,0.0,0.03223635175088989,0.023521183592103055,0.0,0.0,0.0,0.0,0.0,0.06701617228414376,0.0022417846122170892,0.005332685535506628,0.0,0.06906060720697806,0.031527269312157706,0.25,0.0,0.0,0.0,0.0,0.0,0.0,0.0,0.0,0.0,0.0,0.0,0.0,0.0,0.0,0.06774811433695122,0.0
2004-12-31,0.0,0.0,0.0,0.0,0.0,0.0,0.0,0.0,0.0,0.0,0.0,0.0,0.014926770677373276,1.5762728011569068e-09,0.0,0.0,0.006222049341597622,0.0,0.0,0.0,0.0,0.0,0.0,0.006531154781394257,0.0,0.0,0.0,0.0,0.24351189291703973,0.0,0.0,0.0,0.0,0.0,0.0,0.0,0.023853969200109734,0.0,0.0,0.0025233185821480746,0.0,0.0,0.0,0.0,0.0,0.0,0.05848913570926343,0.0,0.0,0.0,0.0,0.0,0.0,0.0,0.0103482711839334,0.0,0.0,0.0,0.12759298721379334,0.0,0.002613091338512376,0.0,0.0,0.0,0.0,0.0,0.0,0.0,0.05019118026325971,0.0,0.0014924814088421471,0.03781179165397555,0.0,0.0,0.05703095462116706,0.0034468227727391257,0.009673818189271804,0.0,0.05714012841276972,0.0,0.23535850768805688,0.0,0.0,0.0,0.0,0.0,0.0,0.0,0.0,0.0,0.0,0.0,0.0,0.0,0.0,0.05124167246847997,0.0
2005-01-31,0.0,0.0,0.0,0.0,0.0,0.0,0.0,0.0,0.0,0.0,0.0,1.8200053026539661e-09,0.00026928297527313257,0.0,0.0,0.0,0.02833164117379467,0.0,0.0,0.0,0.0,0.0,0.0,0.009689736467261949,0.0,0.01329570491416437,0.0,0.009490682740366534,0.25,0.0,0.0,0.0,0.0,0.0,0.0,0.0,0.02377086232718055,0.0,0.0,0.0,0.0,0.0,0.0,0.010911939682281555,0.0,0.0,0.061979082242440565,0.0,0.0,0.0,0.0,0.0,0.0,0.0014880597230106057,0.005967116275881592,0.0,0.0,0.0,0.11921718907056998,0.0,0.0,0.0,0.0,0.0,0.0,0.0,0.0,0.0,0.07795382934271057,0.0,0.0036590185480713956,0.06502465698883106,0.0,0.0,0.05375980474019608,0.0,0.0,0.0,0.013046294286983565,0.0,0.16548678789990703,0.0,0.0,0.0,0.0,0.0,0.0,0.0,0.0,0.0,0.0,0.0,0.0,0.0,0.0,0.08665830878106948,0.0
2005-02-28,0.0,0.0,0.0,0.0,0.0,0.0,0.0,0.0,0.0,0.0,0.0,0.027948867288011464,0.008610626212097697,0.0,0.0,2.254621579179989e-09,0.00935581706573871,0.0,0.0,0.0,0.0,0.0,0.0,0.022192382338745667,0.0,0.0,0.0,0.0,0.25,0.0,0.0,0.0,0.0,0.058384237283494664,0.0,0.0,0.03770973587792959,0.0,0.0,0.02127942493548265,0.0,0.0,0.0,0.03382239985544684,0.0,0.0,0.08675980155025474,0.0,0.0,0.0,0.0,0.0,0.0,0.0,0.0,0.0,0.0,0.0,0.03947642021729502,0.0,0.0,0.0,0.0,0.0,0.0,0.0,0.0,0.0,0.05130413332581041,0.0,0.013079389813854798,0.064390994064489,0.0,0.0,0.1457813889430868,0.027604598064888623,0.0,0.0,0.014781957434379194,0.0,0.027888016000055714,0.0,0.0,0.0,0.0,0.0,0.0,0.0,0.0,0.0,0.0,0.0,0.0,0.0,0.0,0.05962980747431691,0.0
2005-03-31,0.0,0.0,0.0,0.0016839536822832297,0.0,0.0,0.0,0.0,0.0,0.0,0.0,0.01775032711482788,0.01357462862320935,0.0,0.0,0.007804169176197191,0.0012077999687257906,0.04260385653241473,0.0,0.0,0.0,0.0,0.0,0.04760419692616337,0.0,0.0,0.0,0.0,0.25,0.0,0.0,0.0,0.0,0.10551041830935055,0.0,0.0,0.026989315304069166,0.0,0.0,0.0,0.0,2.6233253918699743e-09,0.0,0.006018368619196912,0.0,0.0,0.022369547155486315,0.0,0.0,0.0,0.0,0.0,0.0,0.0,0.0,0.0,0.0,0.0,0.0,0.0,0.0,0.0,0.0,0.0,0.0,0.0,0.0,0.0,0.09403442856024788,0.0,0.0269194108089261,0.0556711373153594,0.0,0.0,0.16131820976995173,0.0,0.0,0.0,0.010922291682953745,0.0,0.01615605744233889,0.0,0.0,0.0,0.0,0.0,0.0,0.0,0.0,0.0,0.0,0.0,0.0,0.0,0.0,0.09186188038497231,0.0
2005-04-30,0.0,0.0,0.0,0.0379225518361643,0.0,0.0,0.0,0.0,0.0,0.0,0.0,0.02940633339671851,0.012452730900419068,0.0,0.0,0.0028536102482596176,0.0,0.0017925446505092982,0.0,0.0,0.0,0.0,0.0,0.049103583753208446,0.0,0.0,0.0,0.0,0.25,0.0,0.0,0.0,0.0,0.09659720092249686,0.0,0.0,0.052296800716289726,0.0,0.0,0.0,0.0,0.018618562165739237,0.0,0.021482942622319732,0.0,0.0,0.0,0.0,0.0,0.0,0.0,0.0,0.0,0.0,0.0,0.0,0.0,0.0,0.0,0.0,0.0,0.0,0.0,0.0,0.0,0.0,0.0,0.008080353864207957,0.06531860711894372,0.0,0.013964250557244588,0.044635663040055604,0.0,2.3976535520351916e-09,0.16762545914515364,0.015400279579212818,0.0,0.0,0.0,0.03222686562757791,0.0,0.0,0.0,0.0,0.0,0.0,0.0,0.0,0.0,0.0,0.0,0.0,0.0,0.0,0.0,0.08022165745782531,0.0
2005-05-31,0.012596689485659838,0.0,0.03766647862160789,0.10730509182129994,0.03672037589080811,0.0,0.0,0.0,0.0,0.0,0.0,0.015942452703864487,0.029766726501121513,0.0,0.0,0.03837241858012227,0.00038991673651266924,0.10840628294106505,0.0,0.0,0.0,0.0,0.0068419552412681325,0.0,0.0,0.0,0.0,0.0,0.0,0.0,0.0,0.0,0.025829298902047482,0.2313550861225539,0.0,0.0,0.07820927296549238,0.0,0.0,0.0,0.0,0.0,0.0,0.05172927651634287,0.0638729665537307,0.0,0.0,0.0,0.0,0.0,0.0,0.0,0.0,0.0,0.0,0.0,0.0,0.0,0.0,0.0,0.0,0.0,0.0,0.0,0.0,0.0,0.0,0.032852519792231166,0.0,0.0,0.0,0.0030762666260256834,0.0,0.0,0.06337530747379365,0.0,0.0,0.0,0.0,0.0,0.0,0.0,0.0,0.0,0.0,0.0,0.0,0.0,0.0,0.0,0.0,0.0,0.0,0.0,6.2805956153516486e-09,0.05569161024385683,0.0
2005-06-30,0.0,0.0,0.05250615963426017,0.12167144908250008,0.0537001598817107,0.0,0.01708134001374934,0.009481509551425365,0.0,0.0,0.0,0.034122042912396434,0.10547772309624512,0.0,0.0,0.025124529284887887,0.019589296877095146,0.039326416239466665,0.0,0.0,0.0,0.0,0.008990878012413625,0.0,0.0,0.0,0.0,0.0,0.0,0.0,0.0,0.0,0.003913720500427171,0.17656868252225333,0.0,0.0,0.10928990862707033,0.0,0.0,0.0,0.0,0.06183019886881556,0.0,0.03709906392570301,0.10426366157775642,0.0,0.0,0.0,0.0,0.0,0.0,0.0,0.0,0.0,0.0,0.0,0.0,0.0,0.0,0.0,0.0,0.0,0.0,0.0,0.0,0.0,0.0,0.0,0.0,0.0,0.0,0.0,0.0,0.0,0.0,0.0,0.0,0.0,0.0,0.0,0.0,0.0,0.0,0.0,0.0,0.0,0.0,0.0,0.001242407727583528,0.0,0.0,0.0,0.0,0.0,4.766343630238208e-09,0.018720846897896423,0.0
2005-07-31,0.0,0.0,0.015780225364688313,0.10376671349545794,0.03985306801410464,0.0,0.014958299980589852,0.0,0.0,0.0,0.0,0.04478270510700533,0.14491675767247558,0.08846928887340944,0.0,0.04903002422217881,0.02515616600845518,0.01594216699382613,0.0,0.0,0.0,0.0,0.05927321223427885,0.0,0.0,0.0,0.0,0.0,0.0,0.0,0.0,0.0,0.0,0.1017634974129042,0.0,0.0,0.10942396953023682,0.0,0.0,0.0,0.0,0.027251936597383283,0.0,0.012726775308264212,0.07346984427152753,0.0,0.0,3.158995726327985e-09,0.0,0.0,0.0,0.0,0.0,0.013714811530344848,0.0,0.0,0.0,0.0,0.0,0.0,0.0,0.0,0.0,0.0,0.0,0.0,0.0,0.0,0.0,0.0,0.0,0.0,0.0,0.0,0.0,0.0,0.0,0.0,0.0,0.0,0.0,0.0,0.0,0.0,0.0,0.0,0.0,0.0,0.0,0.0,0.0,0.0,0.0,0.0,0.02698287775334361,0.03273765647052973,0.0
2005-08-31,0.0,0.0,0.0,0.1026300876472701,0.004597769675719125,0.0,0.017742444987984243,0.0,0.0,0.0,0.0,0.04067124888798393,0.1771810062650447,0.04981984191806202,0.0,0.004837955811867396,0.0,0.0,0.0,0.0,0.0,0.0,0.04739417012788666,0.0,0.0,0.02469738073614049,0.0,6.042365975350916e-09,0.0,0.0,0.0,0.0,0.03918011052935182,0.0,0.0,0.0,0.044829475952977475,0.0,0.0,0.06575932620810526,0.015523939233417518,0.0,0.0,0.15478103788088887,0.08702771224979469,0.0,0.0,0.0,0.0,0.0,0.0,0.0,0.0,0.0,0.0,0.0,0.0,0.0,0.0,0.0,0.0,0.0,0.0,0.0,0.0,0.0,0.0,0.0,0.0,0.0,0.0,0.0,0.0,0.0,0.0,0.0,0.0,0.0,0.0,0.008688485633443748,0.0,0.0,0.0,0.0,0.0,0.0,0.0,0.0,0.03144307038341564,0.0,0.0,0.0,0.0,0.028162869948843816,0.05503205987943667,0.0,0.0
2005-09-30,0.0,0.0,0.0,0.01685353085706615,0.0,0.0,0.004055457616866727,0.0,0.0,0.0,0.0,0.047440775865137993,0.16438174406429854,0.07421119474511673,0.0,0.02688496708781089,0.06110971566233913,3.469938281506426e-09,0.0,0.0,0.0,0.0,0.08156673825348655,0.0,0.0,0.0,0.0,0.0,0.0,0.0,0.0,0.0,0.0,0.06750402094962543,0.0,0.0,0.08747735619501662,0.0,0.0,0.06166161523619548,0.02205459207885728,0.03884730852682894,0.0,0.08298853570294962,0.034557341273408815,0.0,0.09415246464054493,0.0,0.0,0.0,0.0,0.0,0.0,0.016231237268372882,0.0,0.0,0.0,0.0,0.0,0.0,0.0,0.0,0.0,0.0,0.0,0.0,0.0,0.0,0.0,0.0,0.0,0.0,0.0,0.0,0.0,0.0,0.0,0.0,0.0,0.0,0.0,0.0,0.0,0.0,0.0,0.0,0.0,0.0,0.0,0.0,0.0,0.0,0.0,0.00448424195163212,0.013537158554506984,0.0,0.0
2005-10-31,0.0,0.0,0.0,0.029761594456896773,0.0,0.0,0.013387141855842196,0.0,0.0,0.0,0.0,0.10981134337454349,0.108748118254107,0.051443087191639765,0.0,0.04917485520272248,0.07867351377124292,0.0,0.0,0.0,0.0,0.0,0.00010363951689795817,3.1241393723203498e-09,0.0,0.0,0.0,0.0,0.003809168688088627,0.0,0.0,0.0,0.0,0.05416800007341903,0.0,0.0,0.12288589898242291,0.0,0.0,0.054610868899351066,0.0,0.05461452561893988,0.0,0.029796928791126606,0.008851258823156466,0.0,0.09336413557086877,0.0,0.0,0.0,0.0,0.0,0.0,0.0,0.0,0.0,0.08243610746930273,0.0,0.0,0.0,0.0,0.0,0.0,0.0,0.0,0.0,0.0,0.0,0.0,0.0,0.0,0.045771849148834816,0.0,0.0,0.008587961186457093,0.0,0.0,0.0,0.0,0.0,0.0,0.0,0.0,0.0,0.0,0.0,0.0,0.0,0.0,0.0,0.0,0.0,0.0,0.0,0.0,0.0,0.0
2005-11-30,0.0,0.0,0.0,0.022473331922534662,0.0,0.0,0.0008010245720052381,0.0,0.0,0.0,0.0,0.005109334326534817,0.05200284842881016,0.024633927286002652,0.0,0.0,0.030690494761555352,0.0,0.0,0.0,0.0,0.0,0.0,0.0,0.0,0.0,0.0,0.0,0.0,0.0,0.0,0.0,0.0,0.11468114019842737,0.0,0.0,0.10267720448320687,0.0,0.009055970620792083,0.035848104300432,0.0,0.03718958470486898,0.0,0.010620669737959545,0.0,0.0,0.25,0.0,0.0,0.0,0.0,0.0,0.0,5.2651039441525316e-09,0.0,0.0,0.025496106482519796,0.0,0.0,0.0,0.0,0.0,0.0,0.0,0.0,0.0,0.060544999138610514,0.0,0.0,0.0,0.0,0.06916427028614913,0.0,0.0,0.04048357840543649,0.0,0.0,0.08786259203611296,0.0,0.020664813042937526,0.0,0.0,0.0,0.0,0.0,0.0,0.0,0.0,0.0,0.0,0.0,0.0,0.0,0.0,0.0,0.0,0.0
2005-12-31,0.0,0.0,0.0,0.0,0.0,0.0,0.0,0.0,0.0,0.0,0.0,0.0,0.0,0.0,0.0,0.0,0.013291528719092208,0.0,0.0,0.0,0.0,0.0,0.0,0.0,0.0,0.0,0.0,0.0,0.0,0.0,0.0,0.0,0.0,0.0,0.0,0.0,0.009398566094184596,0.0,0.0,0.01906626307031161,0.0,3.1087325117934972e-09,0.003149244688820111,0.0,0.0,0.0,0.2156383521678003,0.0,0.0,0.0,0.0,0.0,0.0,0.007438550816921717,0.0,0.0,0.04193970555036415,0.015361935032275805,0.0,0.0,0.0027476391623544715,0.0,0.0,0.0,0.0,0.0,0.046345150461679196,0.08878840418537869,0.027922395340083606,0.02335582149834392,0.0,0.07212344537580548,0.0,0.0,0.11900391776678224,0.06386118847551832,0.015550773987781367,0.1456930177327493,0.0,0.06932409676502048,0.0,0.0,0.0,0.0,0.0,0.0,0.0,0.0,0.0,0.0,0.0,0.0,0.0,0.0,0.0,0.0,0.0
2006-01-31,0.0,0.0,0.0,0.0,0.0,0.0,0.0,0.0,0.0,0.0,0.0,0.0,0.0,0.006691005530254971,0.0,0.0,0.019925325998749067,0.0,0.0,0.0,0.0,0.0,0.0,0.0,0.0,0.0,0.0,0.0,0.0,0.0,0.0,0.0,0.0,0.0,0.0,0.0,2.117235050767562e-09,0.0,0.0,0.0,0.0,0.0,0.0,0.0,0.0,0.0,0.16353979247120043,0.0,0.03535302627746104,0.0,0.07524983337906908,0.11307306354612193,0.0,0.11679994930187927,0.0839840130057932,0.03884112866079663,0.06983866210017492,0.08076386187834177,0.054848107712633584,0.0,0.0,0.0,0.0,0.0,0.0,0.0,0.023069868560223337,0.024027467823592514,0.030883892724882404,0.0277470798646271,0.0,0.0051486343596836796,0.0,0.0,0.0,0.0,0.0,0.010857645465969557,0.0,0.0,0.0,0.0,0.0,0.0,0.0,0.0,0.0,0.0,0.0,0.0,0.0,0.0,0.0,0.0,0.0,0.019357639221310417,0.0
2006-02-28,0.0,0.0,0.0,0.0,0.0,0.0,0.0,0.0,0.0,0.0,0.0,0.0,0.0,0.0,0.0,0.0,0.0013376273233020694,0.0,0.0,0.0,0.0,0.0,0.0,0.0,0.0,0.0,0.0,0.0,0.0,0.0,0.0,0.0,0.0,0.0,0.0,0.0,0.0,0.0,0.0,0.0,0.0,0.0,0.0,0.0,0.0,0.0,0.10570319441891483,0.0,0.008117028564105427,0.0,0.06015747419499891,0.11403775497422622,0.0,0.020271715573248753,0.05188361767284687,0.03452866360906666,0.15985099862780897,0.0912640774134164,0.14705420316649864,0.0,0.004910626091227029,0.0,0.0,0.0,0.0,0.0,0.008639479697796609,0.05308279218577898,0.02591362646843496,0.0,0.0,0.0,0.0,0.0,1.700058374884144e-09,0.0,0.0,0.023459500371966587,0.018535527631203093,0.0622098078351027,0.0,0.0,0.0,0.0,0.0,0.0,0.0,0.0,0.0,0.0,0.0,0.0,0.0,0.0,0.0,0.009042282479997946,0.0
2006-03-31,0.0,0.0,0.0,0.0,0.0,0.0,0.0,0.0,0.0,0.0,0.0,0.0,0.0,0.0,0.0,0.0,2.1997398708537614e-09,0.0,0.0,0.0,0.0,0.0,0.0,0.0,0.0,0.0,0.0,0.0,0.0,0.0,0.0,0.0,0.0,0.0,0.0,0.0,0.0,0.0,0.028488051113417442,0.0,0.0,0.0,0.0,0.0,0.0,0.0,0.0,0.0,0.0,0.0,0.10868978443003177,0.13867185682732117,0.0,0.0,0.0,0.0,0.008717537514191544,0.06396279085572865,0.15044312882978333,0.0,0.0033179185603275534,0.0,0.015514527316200122,0.0,0.0,0.0,0.0,0.06119732471119985,0.031005739127493596,0.0,0.0,0.0,0.0,0.07567573330294643,0.0,0.05142934113065243,0.026231769299716507,0.07034211682715856,0.04244075415240667,0.08711343341285167,0.0,0.0,0.0,0.0,0.0,0.0,0.0,0.0015230325742505225,0.0,0.0,0.0,0.0,0.0,0.0,0.002267356178503859,0.03296780163607839,0.0
2006-04-30,0.0,0.0,0.0,0.0,0.0,0.0,0.0,0.0,0.0,0.0,0.0,0.0,0.0,0.0,0.0,0.0,0.0,0.0,0.0,0.0,0.0,0.0,0.0,0.0,0.0,0.0,0.0,0.0,0.0,0.0,0.0,0.0,0.0,0.0,0.0,0.0,0.0,0.0,0.0,0.0,0.0,0.0,0.0,0.0,0.0,0.0,0.0,0.0,0.0,0.0,0.1258047898868727,0.15077554244184238,0.0,0.012362455409028647,0.010885485158480018,0.0,0.0028967690220069236,0.02801582376319011,0.10423924222838529,0.0,0.016509997742520134,0.07915248416336536,0.040943838672036686,0.0,0.0,0.0,0.0,0.022520731672844584,0.006955153315903306,0.0,0.0,0.0,0.0,0.1436285516085909,0.0,0.0472395203559546,0.05885713219067526,0.02568444305959541,0.012278228338705626,0.11013906739150017,1.7259950927375241e-09,0.0,0.0,0.0,0.0,0.0,0.0,0.0,0.0,0.0,0.0,0.0,0.0,0.0,0.0,0.0011107418525066932,0.0
2006-05-31,0.0,0.0,0.0,0.0,0.0,0.0,0.0,0.0,0.0,0.0,0.0,0.0,0.0,0.012147030478636429,0.0,0.0,0.010372423320986679,0.0,0.0,0.0,0.0,0.0,0.010530165522859647,0.0,0.0,0.0,0.0,0.0,0.0,0.0,0.0,0.0,0.0,0.0,0.0,0.0,0.0,0.0,0.003142032160687399,0.0,0.0,0.0,0.0,0.0,0.0,0.0,0.0,0.0,0.0,0.0,0.1672727582890924,0.10454510483289614,0.0,0.0,0.029796556439862155,0.0,0.0,0.04128147776429142,0.14254197550843967,0.0,0.0,0.06088578706670706,0.02900350866154376,0.0,0.0,0.0,0.0,0.02761943797204271,0.009474439977255542,0.0,1.5313782295223108e-09,0.0,0.0,0.09593972401882239,0.0,0.03306464830378634,0.05853320498283316,0.0,0.059362994104699904,0.10447774418326664,0.0,0.0,0.0,0.0,0.0,0.0,0.0,0.0,0.0,0.0,0.0,0.0,0.0,0.0,0.0,8.984879912390393e-06,0.0
2006-06-30,0.0,0.0,0.0,0.0,0.0,0.0,0.0,0.0,0.0,0.0,0.0,0.0,0.0,0.0004161445486564946,0.0,0.0,0.0,0.0,0.0,0.0,0.0,0.0,0.011096525271763996,0.0,0.0,2.8814802098204792e-09,0.0,0.0,0.0,0.0,0.0,0.0,0.0,0.0,0.0,0.0,0.03849969447181206,0.0,0.019305940007116187,0.0,0.03998969277266275,0.0,0.07758615685877043,0.0,0.0,0.0,0.0,0.0,0.0,0.0,0.11655155277157156,0.0716781030995575,0.0,0.0,0.0,0.0,0.0,0.0,0.061742079658745994,0.0,0.0,0.017029352093499317,0.0,0.0,0.0,0.0,0.0,0.018505763624377065,0.0,0.0,0.006335582187342562,0.0,0.0,0.08741266779688053,0.0,0.08635738198921539,0.10264489435206327,0.010485242909077179,0.08795721076122165,0.1394036130537781,0.0,0.0,0.0,0.0,0.0,0.0,0.0,0.0,0.0,0.0,0.0,0.0,0.0,0.0,0.0,0.007002398890407773,0.0
2006-07-31,0.0,0.002002864588533285,0.0,0.0,4.021297347377911e-09,0.0,0.0,0.0,0.0,0.0,0.0,0.0009274050285921217,0.0,0.0,0.0,0.0,0.0,0.0,0.0,0.0,0.0,0.0,0.00451220709104276,0.0,0.0,0.06356380516710233,0.0,0.0,0.0,0.0,0.0,0.0,0.0,0.0042479884208664435,0.0,0.0,0.10328582982484044,0.0,0.0,0.0,0.0011328093493847178,0.0,0.09821376416194393,0.0,0.0,0.0,0.0,0.0,0.0,0.0,0.1178577500057074,0.061613178400390115,0.0,0.0,0.0,0.0,0.0,0.0,0.0,0.0,0.0,0.0,0.0,0.0,0.0,0.0,0.0,0.011684021272622542,0.0,0.0,0.01804475671870474,0.0,0.0,0.0,0.0,0.1012999373021763,0.14830388732138658,0.0,0.08904148454339707,0.1135243542920382,0.0,0.0,0.0,0.0,0.0,0.0,0.0,0.0,0.03633510274434277,0.0,0.0,0.0,0.0,0.015264321650651537,0.009144528094979319,0.0,0.0
2006-08-31,0.0,6.018536199120654e-09,0.0,0.0,0.006881548866824216,0.0,0.0,0.0,0.0,0.0,0.0,0.08371224659579063,0.0,0.0,0.0,0.0,0.0,0.0,0.0,0.004052261104401602,0.0,0.0,0.02279081898337013,0.0,0.0,0.038199185857854645,0.0,0.0,0.0,0.018970922872149562,0.0,0.0,0.0,0.04845811765288534,0.0,0.0,0.25,0.0,0.0,0.0,0.0022336437083922754,0.0,0.1013920857148117,0.0,0.0,0.0,0.0,0.0,0.0,0.0,0.1331270924334188,0.012740061956967705,0.0,0.0,0.05057087543179201,0.0,0.0,0.0,0.0,0.0,0.0,0.0,0.0,0.0,0.0,0.0,0.0,0.057334288422930646,0.0,0.0,0.0036587768331052743,0.0,0.0,0.0,0.0,0.049113570410915935,0.05759580669949618,0.0,0.002301772969887905,0.05686691746646935,0.0,0.0,0.0,0.0,0.0,0.0,0.0,0.0,0.0,0.0,0.0,0.0,0.0,0.0,0.0,0.0,0.0
2006-09-30,0.03539755713444539,0.03891397272671219,0.0,0.0,0.02581734905386778,0.0,0.0,0.0,0.0,0.0,0.0,0.03987210061355849,0.0,0.0,0.0,0.0,0.0,0.0,0.0,0.03797096416513047,0.0,0.00918005828542804,0.0,0.05552014681286172,0.0,0.08094159381923663,0.041728370658832385,0.05602679240417527,0.0,0.04589955679781076,0.03541131280055122,0.0,0.0,0.0,0.0,0.0,0.0975223828834816,0.0,0.0,0.0,0.0,0.0,0.04914046758012891,0.0,0.0,0.0,0.0,0.0,0.0,0.0,0.097981092345005,0.0,0.0,0.0,0.12095445809306289,0.0,0.0,0.0,0.0,0.0,0.0,0.0,0.0,0.0,0.0,0.0,0.0,0.047581353513177445,0.0,0.0,5.3461250004015255e-09,0.0,0.0,0.0,0.0,0.0,0.0,0.0,0.0,0.0,0.0,0.0,0.0,0.0,0.0,0.0,0.0,0.0,0.0,0.04022706371925395,0.0,0.0,0.0,0.0,0.0,0.04391340124715499,0.0
2006-10-31,0.05474710827864362,0.05844698040116961,0.0,0.0,0.0,0.0,0.04361625543983241,0.0,0.0,0.0,0.0,0.0,0.0,0.0,0.0,0.0,0.0,0.0,0.0,0.005182890381151253,0.0,0.013331969367117408,0.0,0.06785504267449918,0.0,0.10109947199156316,0.05948841306403727,0.07009669275610068,0.0,0.11909525110792027,0.06950585178914938,0.0,0.06470848725235105,0.0,0.0,0.0,0.08550291672070362,0.0,0.0,0.0,0.0,0.0,0.002868651487818417,0.0,0.0,0.0,0.0,0.0,0.0,0.0,0.0,0.0,0.0,0.0,0.02482800135079,0.0,0.0,0.0,0.0,0.0,0.0,0.0,0.0,0.0,0.0,0.0,0.0,0.0,0.0,0.0,0.0,0.0,0.0,0.0,0.0,0.0,0.0,0.0,0.0,0.0,0.0,0.0,0.04860005996867508,5.753923899693029e-09,0.0,0.0,0.0,0.0,0.020094361540878312,0.0850290242092925,0.0,0.005902564464382842,0.0,0.0,0.0,0.0,0.0
2006-11-30,0.044535415229878826,0.004618341951465494,0.0,0.0,0.0,0.0,0.03734730467544205,0.0,0.0,0.0,0.0,0.0,0.0,0.0,0.0,0.0,0.0,0.02430770467502719,0.0,0.0,0.0,0.0,0.0,0.0,0.0,0.11652044647062726,0.0,0.0,0.0,0.0,8.822014624305512e-09,0.0,0.0,0.0,0.0,0.0,0.01516905339313323,0.0,0.0,0.0,0.0,0.0,0.0,0.0,0.0,0.0,0.0,0.0,0.0,0.0,0.0,0.09567221335461255,0.0,0.0,0.06491564625855363,0.0,0.0,0.0,0.0,0.0,0.021401040718449244,0.05716597850282294,0.0,0.0,0.0,0.0,0.0,0.09220414396178857,0.021877307719258953,0.0,0.0,0.0,0.0,0.0,0.02062432858161115,0.00789521133749414,0.0,0.0,0.0,0.0985889572825817,0.15721312710293073,0.0,0.02286903009506844,0.0,0.0,0.0,0.0,0.0,0.0,0.06667398995756607,0.0,0.03040074990967349,0.0,0.0,0.0,0.0,0.0
2006-12-31,0.040408617511834256,5.0474014980002746e-09,0.0,0.0,0.0,0.0,0.016879721580404506,0.0,0.0,0.0,0.0,0.0,0.0,0.0,0.0,0.0,0.0,0.005962602186417839,0.0,0.0,0.0,0.0,0.0,0.004762511806315705,0.0,0.05441356610032219,0.00607342950326807,0.0,0.0,0.0,0.0,0.0,0.005134718654413269,0.0,0.0,0.0,0.0,0.0,0.0,0.0,0.0,0.0,0.0,0.0,0.0,0.0,0.0,0.0,0.0,0.0,0.07308239326120772,0.03237659013314818,0.0,0.0,0.0,0.0,0.0,0.0,0.0,0.0,0.1305823189749499,0.07289383102757743,0.0,0.0,0.0,0.0,0.0,0.052055938612422754,0.035827775377484626,0.0,0.0,0.0,0.0,0.006244937510133998,0.017196242277010516,0.0,0.0,0.0,0.0,0.05734565282525454,0.08912449405877684,0.0,0.0,0.0,0.0,0.0,0.0,0.0,0.0,0.08975412655499719,0.0,0.2098805269966591,0.0,0.0,0.0,0.0,0.0
2007-01-31,0.0,0.0,0.0,0.0,0.0,0.0,0.0,0.0,0.0,0.0,0.0,0.0,0.0,0.0,0.0,0.0,0.0,0.0,0.0,0.0,0.0,0.0,0.0,0.0,0.0,0.00516720122547226,0.0008051553903445449,0.0,0.0,0.019433950547514834,0.0,0.0,0.0,0.0,0.0,0.0,0.0,0.0,0.0,0.0,0.0,0.0,0.0,0.0,0.0,0.0,0.0,0.0,0.0,0.0,3.33843811923914e-09,0.0,0.0,0.021602937565872143,0.0,0.0,0.0,0.0,0.0,0.0,0.05850745463196028,0.10148729893029607,0.0,0.0,0.0,0.0,0.0,0.0,0.0,0.0,0.0,0.04799957388632817,0.0,0.09818707949027229,0.06469692250442442,0.0,0.0,0.0,0.0,0.09059793128591365,0.02970395661309661,0.0,0.0,0.0,0.007853220917218936,0.0,0.0,0.06608431106427368,0.03174450139045424,0.06980657978453107,0.0,0.14458104767659996,0.025526761458029748,0.06737207153538671,0.048842040763572195,0.0,0.0
2007-02-28,0.0,0.0,0.0,0.0,0.0,0.0,0.0,0.0,0.0,0.0,0.0,0.0,0.0,0.0,0.0,0.0,0.0,0.0,0.0,0.0,0.0,0.0,0.0,0.0,0.0,0.0,0.0,0.0,0.0,0.0,0.0,0.0,2.642928996928965e-09,0.0,0.0,0.0,0.0,0.0,0.0,0.0,0.0,0.0,0.0,0.0,0.0,0.0,0.02696938669422587,0.0,0.0,0.0,0.0,0.0,0.0,0.0,0.0,0.0,0.0,0.0,0.0,0.0,0.011956784068494788,0.0,0.0,0.0,0.0,0.0,0.0,0.04823227256561371,0.0,0.0,0.0,0.10382719781951662,0.0,0.02800960099923163,0.07816935704490433,0.038130364101872656,0.077730005784971,0.017296461881527524,0.004559677914675235,0.15933319593675244,0.05049167925835919,0.0,0.0,0.0,0.0,0.0,0.0,0.0576055720476512,0.019344239673780808,0.005131200145506432,0.0,0.1896890915581989,0.006338930537773669,0.024772822753237993,0.052412156570776976,0.0,0.0
2007-03-31,0.0,0.0,0.0,0.0,0.0,0.0,0.0,0.0,0.0,0.0,0.0,0.0,0.0,0.0,0.0,0.0,0.0,0.0,0.0,0.0,0.0,0.0,0.0,0.0,0.0,0.0,0.0,0.0,0.0,0.0,0.0,0.0,2.0027337032000877e-09,0.0,0.0,0.0,0.008395799522523685,0.0,0.0,0.0,0.0,0.0,0.0,0.0,0.0,0.0,0.0,0.0,0.0,0.0,0.005609102005291688,0.0,0.0,0.0,0.0,0.0,0.0,0.0,0.0,0.0,0.059321637646907864,0.019945099646445537,0.0,0.0,0.0,0.0,0.0,0.07359795975003709,0.0,0.0,0.0,0.07189220520227517,0.0,0.022613675116619485,0.049134692278457875,0.0006501197477747129,0.052635445148355796,0.03659311387730599,0.0,0.08162748127962492,0.04769966452142216,0.0,0.0,0.0,0.0,0.0,0.0,0.07263094784882056,0.0,0.05311118229936362,0.0,0.2059091121976609,0.036230706969775095,0.05268172877891589,0.04972032415968824,0.0,0.0
2007-04-30,0.0,0.0,0.0,0.0,0.0,0.0,0.0,0.0,0.0,0.0,0.0,0.0,0.0,0.0,0.0,0.0,0.0,0.0,0.0,0.0,0.0,0.0,0.0,0.0,0.0,0.0,0.0,0.0,0.0,0.01269599066102072,0.0,0.0,0.005220928509690964,2.9923550033495184e-09,0.0,0.0,0.004148312628768956,0.0,0.0,0.0,0.0,0.015252409717269178,0.0,0.010258233412920491,0.0,0.0,0.0,0.0,0.0,0.0,0.0,0.0,0.0,0.0,0.0,0.0,0.0,0.0,0.0,0.0,0.029428804724468856,0.046310646130107706,0.0,0.0,0.0,0.0,0.0,0.0697645121372921,0.0,0.0,0.0,0.06495434035567237,0.0,0.0,0.08512696073109449,0.0,0.06349867802778533,0.05291896909210584,0.0,0.03648837972572914,0.0036875361983593423,0.0,0.0,0.0,0.0,0.0,0.0,0.07834722420105501,0.0,0.056017750259407625,0.0,0.21277155028565484,0.0,0.06120762122795273,0.09190114898128934,0.0,0.0
2007-05-31,0.0,0.0,0.0,0.0,0.0,0.0,0.0,0.0,0.0,0.0,0.0,0.0,0.0,0.0,0.0,0.0,0.0,0.0,0.0,0.0,0.0,0.0,0.0,0.0,0.0,0.0,0.0,0.0,0.0,0.039477244055207215,0.0,0.0,0.0,0.024377270948635503,0.0,0.0,0.0,0.0,0.0,0.0,0.0,0.023742921025102667,0.0,0.007593997762467158,0.0,0.0,0.0,0.0,0.0,0.0,0.0,0.0,0.0,0.0,0.0,0.0,0.0,0.0,0.0,0.0,0.0,0.02049431576577508,0.0,0.0,0.0,0.0,0.0,0.08772078057928724,0.0,0.0,2.762688240104444e-09,0.0787428410619349,0.0,0.0,0.07071180489253215,0.0,0.05092421443892178,0.099089581094941,0.0,0.009912284750028824,0.03180207250098281,0.0,0.0,0.0,0.0,0.0,0.0,0.08902523019015565,0.0,0.05391942172172427,0.0,0.153557593728573,0.012402394912577858,0.057995240798831886,0.07779414736524448,0.01071663964438817,0.0
2007-06-30,0.0,0.0,0.0,0.0,0.0,0.0,0.0,0.0,0.0,0.0,0.0,0.0017104646939408781,0.0,0.0,0.0,0.0,0.0,0.0,0.0,0.0,0.0,0.0,0.0,0.0,0.0,0.0,0.0,0.0,0.0,0.0,0.0,0.0,0.0,0.0409945078277076,0.0,0.0,0.009441004505976973,0.0,0.0,0.0,0.0,0.06662015777474313,0.0,0.016928701605230186,0.0,0.0,0.0,0.0,0.0,0.0,0.0,0.0,0.0,0.0,0.0,0.0,0.0,0.0,0.0,0.0,0.0,0.0,0.0,0.0,0.0,0.0,0.029040685799629255,0.1227876178493987,0.0,0.018979907307417547,3.214856710140563e-09,0.06562520976541115,0.017050169956619805,0.0,0.15864528721206725,0.0,0.03663672102540381,0.07290666771597701,0.0,0.0,0.03314737473320466,0.0,0.0,0.0,0.0,0.0,0.0,0.02364737420422963,0.0,0.09904475367160039,0.0,0.13175976299400885,0.0,0.0019375303742211257,0.05309609776835528,0.0,0.0
2007-07-31,0.0,0.0,0.0,0.0,0.0,0.0,0.0,0.0,0.0,0.0,0.0,0.0,0.0009095779191340751,0.0,0.0,3.4611612447904927e-09,0.0,0.0,0.0,0.0,0.0,0.0,0.0,0.0,0.0,0.0,0.0,0.0,0.025614237120391167,0.008885393142316508,0.0,0.0,0.0,0.013331341171119804,0.0,0.0,0.029615577923275144,0.0,0.00594278886649497,0.0,0.0,0.13554958012019633,0.0,0.0,0.0,0.0,0.0,0.0,0.0,0.0,0.0,0.0,0.0,0.0,0.0,0.0,0.0,0.0,0.0,0.0,0.0,0.0,0.0,0.0,0.0,0.0,0.04125863289931891,0.08571328299619821,0.0,0.03665296414786795,0.04978720561058054,0.0,0.0,0.0,0.03438896157987239,0.0,0.0,0.009702696643848957,0.0,0.0,0.00016455212827662564,0.0,0.0,0.0,0.0,0.0,0.0,0.05254756992129832,0.0,0.21856075430052463,0.0,0.22094644839049069,0.0,0.0,0.028327310095891338,0.002101121561742191,0.0
2007-08-31,0.0,0.0,0.0,0.0,0.0,0.0,0.0,0.0,0.0,0.0,0.0,3.173615170357064e-09,0.03134549984621014,0.0030487050065982307,0.0,0.01602301439832602,0.05649158681004852,0.0,0.0,0.0,0.0,0.0,0.0,0.0,0.0,0.0,0.0,0.0,0.028812932987957167,0.0,0.0,0.0,0.0,0.0,0.0,0.0,0.0,0.0,0.0783175718665204,0.0,0.0,0.1459354189499343,0.0401201584658941,0.0,0.0,0.0,0.0,0.0,0.0,0.0,0.0,0.03280780405707659,0.0,0.0,0.0,0.0,0.0,0.0,0.0,0.0,0.0,0.0,0.0,0.0,0.018467341458509215,0.0,0.12223046588957275,0.11422874994395973,0.0026842608744576495,0.027284617064531478,0.07006929132649277,0.05841978395127283,0.0,0.0,0.0,0.0,0.0,0.0,0.0,0.0,0.0,0.0,0.0,0.0,0.0,0.0,0.0,0.015917820708926254,0.0,0.06713099767455125,0.0,0.07066397554554543,0.0,0.0,0.0,0.0,0.0
2007-09-30,0.0,3.784027677220005e-09,0.0028012012224431903,0.0,0.0,0.0,0.0,0.0,0.0,0.0,0.0,0.0,0.013472316164286851,0.0,0.0,0.0,0.022880174953141486,0.0,0.0,0.0,0.0,0.0,0.0,0.0,0.0,0.0,0.0,0.0,0.0,0.0,0.0,0.0,0.0,0.0,0.0,0.0,0.0,0.0,0.07515117752480906,0.0,0.025944689898912094,0.16718405275654957,0.05822517679895359,0.0,0.0,0.0,0.0,0.0,0.0,0.0,0.01941218657245341,0.0,0.0,0.0,0.0,0.0,0.0,0.0,0.0,0.0,0.0,0.0,0.0,0.0,0.0,0.0,0.04829147914450268,0.11884626767482658,0.012817835219614075,0.004560067144525157,0.03775113605392171,0.05329426706203939,0.0,0.0,0.0,0.0,0.0,0.0,0.0,0.0,0.023220919974028354,0.0,0.0012470328378883862,0.007215564321042814,0.0,0.0,0.0,0.0,0.0,0.14095615401817574,0.0,0.16672829687385823,0.0,0.0,0.0,0.0,0.0
2007-10-31,0.0,0.0,0.0011738951245985126,0.0,2.286456255414306e-09,0.0,0.0,0.0,0.0,0.0,0.0,0.0,0.0,0.0,0.0,0.00780790156911184,0.05324804656839524,0.0,0.0,0.0,0.0,0.0,0.0010451280437064603,0.0,0.0,0.0,0.0,0.0,0.0,0.0,0.0,0.0,0.0,0.0,0.0,0.0,0.0,0.0,0.03517859135742424,0.0,0.0,0.09805590892500221,0.0806720589612643,0.0,0.0,0.0,0.0,0.0,0.0,0.0,0.031419318434018885,0.0,0.0,0.0,0.0,0.0,0.0,0.0,0.0,0.0,0.0,0.0,0.0,0.0,0.0,0.0,0.06700074066648752,0.07302060991480823,0.0,0.03297559655855857,0.0796814131926145,0.0907417565298026,0.0,0.0,0.0,0.0,0.0,0.0,0.0,0.0,0.04764166446980781,0.0,0.007837388947752719,0.0033806666736298473,0.0,0.0,0.0,0.0,0.019272168648911743,0.12348857308498422,0.0,0.14635857004266425,0.0,0.0,0.0,0.0,0.0
2007-11-30,0.0,0.0,0.0,0.0,0.00017024413188146712,0.0,0.0,0.004895239172858837,0.0,0.0,0.0,0.0,0.0,0.0,0.0,0.0,0.10762419480932425,0.0,0.0,0.0,0.0,0.0,0.0,0.0,0.0,0.0,0.0,0.0,0.0,0.0,0.0,0.0,0.0,0.0,0.0,0.0,0.0,0.0,0.0,0.0,0.0,0.05742646097591407,0.06810969630035679,0.0,0.0,0.0,0.0,0.0,0.0,0.0,0.0606280922764543,0.04131294878471928,0.0,0.01055921951422196,0.04221244478355,0.0,0.0,0.0,0.0,0.0,0.0,0.0,0.0,0.0,0.0,0.0,0.048089474618942224,0.06747263594446537,0.0,0.004951415329338064,0.08167404282663748,0.08061426989672624,0.0,0.0,0.0,0.0,0.0,0.0,0.0,0.0,0.014890328467101326,0.0,8.044071724956621e-05,2.012139725193579e-09,0.0,0.0,0.0,0.0,0.0231951603757364,0.1451620411477288,0.0,0.14093164791465385,0.0,0.0,0.0,0.0,0.0
2007-12-31,0.0,0.0,0.0,0.0,0.0009005915262327747,0.0,0.0,0.0,0.0,0.0,0.0,0.0,0.0,0.0,0.0,0.0,0.1287611491456082,0.0,0.0,0.0,0.0,0.0,0.0,0.0,0.0,0.0,0.0,0.0,0.0,0.0,0.0,0.0,0.0,0.0,0.0,0.0,0.0,0.0,0.0,0.0,0.0,0.031405512837401735,0.06149281901292446,0.0,0.0,0.0,0.0,0.0,0.0212123268602714,0.0,0.03480281466808343,0.022917265254005954,0.0,0.0019385165572869008,0.087377084829636,0.027162764113730177,0.0,0.0,0.0,0.0,3.146486615137781e-09,0.05216507832097034,0.0,0.0,0.0,0.0,0.0,0.0010638855021282043,0.0,0.10424202174610524,0.022612829827053555,0.11081332098660343,0.0,0.0,0.0,0.0,0.0,0.0,0.0,0.0,0.0,0.0,0.0,0.009248144074035012,0.0,0.0,0.0,0.0,0.00601363810487924,0.1775941566039242,0.0,0.09827607688263301,0.0,0.0,0.0,0.0,0.0
2008-01-31,0.0,0.0,0.0,0.010591210882981815,0.037489776003117876,0.0,0.0,0.02721760074071984,0.0,0.0,0.0,0.0,0.0,0.0,0.0,0.0,0.16402386881741568,0.0,0.0,0.0,0.0,0.0,0.0,0.0,0.0,0.0,0.0,0.0,0.0,0.0,0.0,0.0,0.0,0.0,0.0,0.0,0.0,0.0,0.0,0.0,0.0,0.0,0.0003715036124275649,0.0010628834088253934,0.0,0.0,0.0,0.0,0.0,0.0,0.013357129696446507,2.877372508852723e-09,0.0,0.0003940473451450097,0.051730397966811975,0.0,0.0,0.0,0.0,0.0,0.005769052049046307,0.0,0.0073789964405690306,0.0,0.0,0.0,0.0,0.0,0.0,0.06500039981240524,0.0,0.02931175256570257,0.0,0.0,0.06403484583176092,0.0,0.05499487360447917,0.0,0.010051745145418197,0.0,0.012080100809613636,0.0,0.0,0.0,0.0,0.0,0.0,0.0,0.0,0.25,0.0,0.1951398123897407,0.0,0.0,0.0,0.0,0.0
2008-02-29,0.0,0.0,0.0,0.021004575406291977,2.240554084220124e-09,0.0,0.0,0.006889521691737661,0.0,0.0,0.0,0.0,0.0,0.0,0.0,0.0,0.13639067222785536,0.0,0.0,0.0,0.0,0.0,0.0,0.0,0.0,0.0,0.0,0.0,0.0,0.0,0.0,0.0,0.0,0.0,0.0,0.0,0.0,0.0,0.0,0.0,0.0,0.0,0.0,0.01017344330753266,0.0,0.0,0.0,0.0,0.018809841498349703,0.0,0.04788350826953532,0.032927805244930476,0.0,0.0,0.1353113800635267,0.0,0.0,0.0,0.02275465827794633,0.0,0.055534432366643766,0.007750144233422179,0.02800680393181477,0.0569990636109688,0.0,0.0,0.0,0.0,0.0,0.061723983442252474,0.0,0.003850355736624146,0.0,0.0,0.03006550020041922,0.0,0.0008298862021392501,0.0,0.0,0.0,0.0,0.0,0.0,0.0,0.0,0.0,0.0,0.0,0.0,0.21477045698692526,0.0,0.10832396506052966,0.0,0.0,0.0,0.0,0.0
2008-03-31,0.0,0.0,0.0,0.11717924765631249,2.682639633451067e-09,0.0,0.006679367408550206,0.018000912523710423,0.0,0.0,0.0,0.006503803191467995,0.0,0.0,0.0,0.0,0.09648056972642438,0.0,0.0,0.0,0.0,0.0,0.0,0.0,0.0,0.0,0.0,0.0,0.0,0.0,0.0,0.0,0.0,0.0,0.0,0.0,0.0,0.0,0.0,0.0,0.0,0.0,0.0,0.04219666230364521,0.0,0.0,0.0,0.0,0.0,0.0,0.04555624828624718,0.006350081850146483,0.0,0.0,0.11906467995167618,0.0,0.0,0.0,0.0,0.0,0.046242442880056446,0.019639504328953467,0.016112164156532358,0.025027167837567595,0.0,0.0,0.0,0.0,0.0,0.03258734269514654,0.0,0.0,0.0,0.011890377242225891,0.04040182314865155,0.0,0.01044522156337788,0.0,0.0,0.0,0.0,0.0,0.0,0.0,0.0,0.0,0.0,0.0,0.0,0.23282336846580284,0.0,0.10681901210086533,0.0,0.0,0.0,0.0,0.0
2008-04-30,0.0,0.0,0.0,0.09989057047825245,0.0,0.0,0.015492906811715968,0.03153835809994281,0.0,0.0,0.0,0.005915248567151844,0.0,0.0,0.0,0.0,0.0,3.6159873983671133e-09,0.0,0.0,0.0,0.0,0.0,0.0,0.0,0.0,0.0,0.0,0.0,0.0,0.0,0.0,0.0,0.0,0.0,0.0,0.0,0.0,0.0,0.0,0.0,0.0,0.0,0.14702796766796883,0.0898334410123615,0.0,0.10595715717153542,0.0445383253292391,0.0,0.0,0.04110748694617941,0.0,0.0,0.0,0.01658267779353662,0.0,0.0,0.0,0.0,0.0,0.02845786241955893,0.02915179189832466,0.0,0.0,0.0,0.0,0.0,0.0,0.0,0.009729079055066722,0.0,0.0,0.0,0.021289248426317235,0.06408908763390225,0.011421168699425572,0.06041458907381598,0.0,0.0,0.0,0.0,0.0,0.0,0.0,0.0,0.0,0.0,0.0,0.0,0.14118591863733487,0.0,0.03637711066238227,0.0,0.0,0.0,0.0,0.0
2008-05-31,0.0,0.0,0.0,0.10386749810053432,0.0,0.0,0.04690698393075103,0.052640660281614196,0.0,0.0,0.0,0.01129945596757667,0.026146281759889096,0.0,0.0,0.0,0.016595440586516897,0.0024341961219310655,0.0,0.0,0.0,0.0,0.0,0.0,0.0,0.0,0.0,0.0,0.0,0.0,0.0,0.0,0.0,0.0,0.0,0.0,0.0,0.0,0.0,0.01362201478983159,0.0,0.0,0.00018547982910364555,0.09774196652986701,0.08142336999276098,0.0,0.0,0.05241286508408348,0.0,0.0,0.025939852335318526,0.0,0.0,0.0,0.0,0.0,0.0,0.0,0.0,0.0,0.0,0.0,0.0,0.0,0.0,0.0,0.0,0.0,0.0,0.0,0.0,0.0,0.0,2.800840311712287e-09,0.16036802443881198,0.024840658837504852,0.05110836829445594,0.0,0.0,0.0,0.0012411584979851282,0.0,0.0,0.0,0.0,0.0,0.0,0.0,0.0,0.15775726462202383,0.0,0.07346845719859942,0.0,0.0,0.0,0.0,0.0
2008-06-30,0.0,0.0,0.0,0.06684491408132978,0.0,0.0,0.015455991976858083,0.0,0.0,0.0,0.0,0.02627652703241202,0.027924718225838616,0.0,0.0,0.0,0.0,0.0,0.0,0.0,0.0,0.0,0.025601464076718837,0.0,0.0,0.0,0.0,0.0,0.0,0.0,0.0,0.0,0.0,0.0,0.0,0.0,0.0,0.0,0.0,0.007450830889913439,0.0,0.0,3.780776311435172e-09,0.11313144320513804,0.13388428412975753,0.0,0.00916001894420266,0.10120032067036382,0.0,0.0,0.011340599702035836,0.0,0.06522437835289568,0.0,0.0,0.0,0.0,0.0,0.0,0.0,0.0,0.0,0.0,0.0,0.0,0.0,0.0,0.0,0.04550946661780648,0.0,0.0,0.0,0.0,0.03257511390046205,0.25,0.0018779172204641055,0.0,0.0,0.0,0.0,0.00882178897593386,0.0,0.0,0.0,0.0,0.0,0.0,0.0,0.03458506319263938,0.02313515502445357,0.0,0.0,0.0,0.0,0.0,0.0,0.0
2008-07-31,0.0,0.0,0.0,0.021163050785242474,0.0,0.0,0.0,0.008571221653431861,0.0,0.0,0.0,0.0,0.04183811795376998,0.0,0.0,0.0,0.0,0.0,0.0,0.0,0.0,0.0,0.014293570110953127,0.0,0.0,0.0,0.0,0.0,0.0,0.0,0.0,0.0,0.0,0.0,0.0,0.0,0.0,0.0,6.164462465117987e-05,0.05115717314405539,0.0,0.012417258385876212,0.048431474673137694,0.11752846999922195,0.1261139432745252,0.0,0.04256682033188932,0.11151226600838832,0.0,0.0,0.0,0.0,0.0,0.0,0.0,0.0,0.0,0.0,0.0,0.0,0.0,0.0,0.0,0.0,0.0,0.0,0.0,0.0,0.01490665204170696,0.0,0.0,0.0,0.0,0.0,0.25,0.0,0.021322786490749868,0.040920665685377416,0.0,0.0,0.021613851752059217,0.0,0.0,0.0,0.0,0.0,0.0,0.0,0.008911755409694083,0.04666927476219976,0.0,2.9130700250847804e-09,0.0,0.0,0.0,0.0,0.0
2008-08-31,0.0,0.0,0.0,0.0,0.0,0.0,0.0,0.0,0.0,0.0,0.0,0.0,0.0,0.0,0.0,0.0,0.0,0.0576636140628639,0.0,0.0,0.0,0.0,0.004020842982935591,0.0,0.0,0.0,0.0,0.0,0.0,0.0,0.0,0.0,0.0,0.0,0.0,0.0,0.0,0.0,0.030038538270904268,0.028184251636441497,0.05053840699154785,0.05958578990535161,0.0,0.07985191242105943,0.04452719024552473,0.0,0.07674257967468663,0.022572792848317102,0.0,0.0,0.0,0.0,0.0,0.016000148794113423,0.0,0.0,0.0,0.0,0.0,0.0,0.0,0.0,0.0,0.0,0.0,0.0,0.0,0.0,0.024739283375932626,0.0,0.0,0.0,0.0,0.0,0.25,0.0,3.499735884875579e-09,0.017726020820019367,0.0,0.0,0.023861342389060666,0.0,0.030033811542810356,0.0,0.0,0.0,0.0,0.0,0.0792205627009584,0.01787910860428001,0.0,0.08681379923345664,0.0,0.0,0.0,0.0,0.0
2008-09-30,0.0,0.0,0.009513861708720792,0.0,0.007117719867451064,0.0,0.0,0.0,0.0,0.0,0.0,0.0,0.07018967378196617,0.043801756172277204,0.0,0.0,0.0,0.031109550442054084,0.0,0.0,0.0,0.0,0.0,0.0,0.0,0.0,0.0,0.0,0.0,0.0,0.0,0.0,0.0,0.0,0.0,0.0,0.0,0.0,0.006802609352105314,0.020258456530542167,0.0403077510660112,0.0764495095659265,0.0,0.05970811223517296,0.008071863234743067,0.0,0.05539627677008137,0.0,0.0,0.0,0.0,0.0,0.0,0.03389369360937536,0.0,0.0,0.0,0.0,0.0,0.0,0.0,0.0,0.0,0.0,0.0,0.0,0.0,0.0,0.0,0.0,0.00011401102190503196,0.0,0.0,0.0,0.24689604435914583,0.0,0.0,0.0,0.0,0.0,0.0,0.0,0.00013184788297444412,0.0,0.0,0.0,0.0,0.0,0.102052955079248,0.0,0.0,0.15988717327957097,0.0,0.028297130068364044,3.972364401959969e-09,0.0,0.0
2008-10-31,0.005453692175767434,0.01594976923041321,0.01192731510815517,0.0,0.00959319327695622,0.0,0.0,0.0,0.0,0.0,0.0,0.0,0.0,0.0,0.0,0.0,0.0,0.12445969738042985,0.0,0.0,0.0,0.0,0.0,0.0,0.0,0.0,0.06559640817460557,0.04203096651864157,0.0,0.0,0.004440677465486212,0.0,0.008917287788651584,0.0,0.0,0.0,0.0,0.0,0.0,0.0,0.0,0.0,0.0,0.0,0.0,0.0,0.10695904311294095,0.0,0.019948956494862873,0.0,0.02039670558449739,0.0,0.08739044477654177,0.16915476780687952,0.010109658659016042,0.0,3.793510928757888e-09,0.0,0.06905169472225098,0.0,0.0,0.0,0.0,0.0,0.0,0.0,0.0,0.0,0.0,0.0,0.0,0.0,0.0,0.0,0.0,0.0,0.0,0.0,0.0,0.0,0.0,0.0,0.0,0.0,0.0,0.0,0.0,0.0,0.0,0.0,0.0,0.0,0.04992903209929001,0.1018575349038379,0.07683315092726482,0.0,0.0
2008-11-30,0.09224611164759589,0.05404004677167317,0.0,0.0,0.0,0.0,0.026534271147741945,0.0,0.0,0.0,0.0,0.0,0.0,0.0,0.0,0.0,0.0,0.15170530019318126,0.0,0.008109794317929866,0.024370281217177384,0.0,0.0,0.0,0.0,0.0040133015686347594,0.06563758650755352,0.06491426315420346,0.05647571012991243,0.0,0.0918162660421391,0.0,0.09886186052345362,0.0,0.0,0.0,0.0,0.0,0.0,0.0,0.0,0.0,0.0,0.0,0.0,0.0,0.03141741974648421,0.0,0.0,0.0,0.0,0.0,0.005338140378822254,0.1404376640546702,0.0,0.0,0.0,0.0,4.702901686031186e-09,0.0,0.0,0.0,0.0,0.0,0.0,0.0,0.0,0.0,0.0,0.0,0.0,0.0,0.0,0.0,0.0,0.0,0.0,0.0,0.0,0.0,0.0,0.0,0.022478583919068776,0.0,0.015487097577628537,0.0,0.0,0.0,0.0,0.0,0.0,0.0,0.0,0.031533688734619286,0.014582607664608511,0.0,0.0
2008-12-31,0.09185971951231324,0.05624005719437142,0.0,0.004079416304370362,0.0,0.0,0.0,0.0,0.0,0.0,0.0,0.0,0.0,0.0,0.0,0.0,0.0,0.13285900554339905,0.0,0.010869406469355861,0.027742060940748835,3.257830017505246e-09,0.0,0.0,0.0,0.0,0.015876327682168657,0.019222357186288005,0.026436689026308552,0.0,0.03748335473931688,0.0,0.049743222739767806,0.0,0.0,0.0,0.0,0.0,0.0,0.0,0.0,0.0,0.0,0.0,0.0,0.0,0.0,0.0,0.0030133726406645443,0.0,0.0,0.0,0.0,0.20963138757152344,0.0,0.0,0.022126832870675364,0.00791923433176459,0.05037467261369504,0.0,0.0,0.0,0.0,0.0,0.0,0.0,0.0,0.0,0.0,0.0,0.0,0.0,0.0,0.0,0.0,0.0,0.0,0.0,0.0,0.0,0.0,0.0,0.0,0.0,0.0,0.0,0.0,0.0,0.0,0.0,0.0,0.0,0.03873038721790121,0.1254021937740201,0.07039029838351703,0.0,0.0
2009-01-31,0.07544458127892527,0.03897395487121404,0.0,0.0,0.0009066980145492836,0.0,0.0,0.0,0.0,0.0,0.0,0.0,0.0,0.0,0.0,0.0,0.0,0.07543545618806144,0.0,3.1898813516058712e-09,0.005917830324189458,0.0,0.0,0.0,0.0,0.0,0.0,0.0,0.0554275607651976,0.0,0.0,0.0,0.0010253479796921104,0.0,0.0,0.0,0.0,0.0,0.0,0.0,0.0,0.0,0.0,0.0,0.0,0.0,0.0,0.0,0.027565854856018944,0.0,0.05499878554794717,0.0,0.019463500536029167,0.19693044160018391,0.07997687286941395,0.02418068547848971,0.0790988875245214,0.02850760064695989,0.05754203582820537,0.0,0.0,0.0,0.0,0.0,0.0,0.0,0.0,0.0,0.0,0.0,0.0,0.0,0.0,0.0,0.0,0.01791470408046936,0.0,0.0,0.0,0.0,0.0,0.0,0.0,0.0,0.0,0.0,0.0,0.0,0.0,0.0,0.0,0.0,0.0,0.10769938812047973,0.05298981029957078,0.0,0.0
2009-02-28,0.051577498528431506,0.0221716715026558,0.0,0.0,0.0,0.0,0.0,0.0,0.0,0.0,0.0,0.0,0.0,0.0,0.0,0.0,0.0,0.04694395791036897,0.0,0.0,0.006391646272205292,0.0,0.0,0.0,0.0,0.0,2.141060818520247e-09,0.014589586271828624,0.04618054280292044,0.0,0.012756203065111377,0.0,0.023471107480473465,0.0,0.0,0.0,0.004069236412371226,0.0,0.0,0.0,0.0,0.0,0.0,0.0,0.0,0.0,0.0,0.0,0.03562047740486647,0.0,0.04413677136380013,0.0,0.06875007977747812,0.1433916760825228,0.07646316896593787,0.0739244044488373,0.13580418308976838,0.09302160071634269,0.08543431430940095,0.0,0.0,0.0,0.0,0.0,0.0,0.0,0.0,0.0,0.0,0.0,0.0,0.0,0.0,0.0,0.0,0.015301871453617858,0.0,0.0,0.0,0.0,0.0,0.0,0.0,0.0,0.0,0.0,0.0,0.0,0.0,0.0,0.0,0.0,0.0,0.0,0.0,0.0,0.0
2009-03-31,0.019896856507892864,0.0,0.0,0.0,0.0,0.0,0.0,0.0,0.0,0.0,0.0,0.0,0.0,0.0,0.0,0.0,0.0,0.0,0.0,0.0,0.0,0.0013179121634430452,0.0,0.0,0.0,0.0,0.0,2.2564320498869534e-09,0.23566082858255905,0.03489293903565276,0.018147026131910653,0.0,0.05015737512335879,0.0,0.0,0.0,0.003733573561696448,0.0,0.0,0.0,0.0,0.0,0.0,0.0,0.0,0.0,0.0,0.0,0.06358210066992144,0.0,0.024773185701626895,0.005698554293821895,0.06875678249932796,0.07527578039557008,0.0413613665386528,0.11185994091791748,0.09973412146104256,0.06061008426437657,0.07014923841757789,0.0,0.0,0.0,0.0,0.0,0.0,0.0,0.0,0.0,0.0,0.0,0.0,0.0,0.0,0.0,0.0,0.014198301095557232,0.0,0.0,0.0,0.0,0.0,0.0,0.0001940303816615309,0.0,0.0,0.0,0.0,0.0,0.0,0.0,0.0,0.0,0.0,0.0,0.0,0.0,0.0
2009-04-30,0.0,0.0,0.0,0.0,0.0,0.0,0.0,0.0,0.0,0.0,0.0,0.0,0.0,0.0,0.0,0.0,0.004109988212519768,0.0,0.0,0.0,0.0,0.0,0.0,0.0,0.0,0.0,0.0,0.0,1.1505426777941204e-09,0.0,0.0,0.0,0.0,0.0,0.0,0.0,0.0,0.0,0.0,0.0,0.0,0.0,0.0,0.0,0.0,0.0,0.0,0.0,0.06557858815077021,0.0,0.10672851724934634,0.13197583802460539,0.04169030855150206,0.05586829278231994,0.06649826652991259,0.10111083703380681,0.0411368126495606,0.06564422533933091,0.06043786707232013,0.0,0.04157983452294173,0.0,0.01915864744585373,0.03415506389638425,0.11085788963463268,0.0,0.019833970632661013,0.01090190479306755,0.0,0.0,0.0037134494351499328,0.0,0.0,0.0,0.0,0.0,0.0,0.0,0.0,0.0,0.0,0.0,0.0,0.0,0.0,0.0,0.0,0.0,0.0,0.0,0.0,0.0,0.0,0.0,0.0,0.0,0.019019696892771568
2009-05-31,0.0,0.0,0.0,0.0,0.0,0.0,0.0,0.0,0.0,0.0,0.0,0.0,0.0,0.0,0.0,0.0,0.04582057131496997,0.0,0.0,0.0,0.0,0.0,0.0,0.0,0.0,0.0,0.0,0.0,0.0,0.035384269241681116,0.0,0.0,0.0,0.0,0.0,0.0,0.0,0.0,0.0,0.0,0.0,0.0,0.0,0.0,0.0,0.0,0.0,0.0,0.0,0.0,0.0,0.11750674446873718,0.033448809289415474,0.0,0.0,0.014748737441737743,0.0,0.0,0.010248303237798356,0.0,0.0,0.0,0.09337713640240607,0.0,0.0,0.0,0.05951609719344911,0.0033369897370961123,0.10856751770959958,0.045360049153337245,0.0,0.009129205583579571,0.0,0.0,0.0,0.0,0.02712150107826046,0.05254837968629665,0.0,0.015571664801435812,0.0,0.0,0.0,0.009115188892021949,0.0,0.0,0.0,0.06435374044954804,0.0,0.0,0.0,0.004845092972734779,0.0,0.0,0.0,1.3458947394229834e-09,0.25
2009-06-30,0.0,0.0,0.0,0.0,0.0,0.0,0.0,0.0,0.0,0.0,0.0,0.0,0.0,0.04263702067675503,0.0,0.0,0.041657649731682136,0.0,0.0,0.0,0.0,0.0,0.0,0.0,0.0,0.0,0.0,0.0,0.0,0.024296019294179943,0.0,0.0,0.0,0.0,0.0,0.0,0.0,0.0,0.0,0.0,0.0,0.005749163079709042,0.0314010695664119,1.5421276927388874e-09,0.0,0.0,0.0,0.0,0.0,0.0,0.0,0.01203460556880206,0.008305461368619784,0.0,0.0,0.0,0.0,0.0,0.0,0.0,0.0,0.0,0.020894735016458537,0.0,0.013672939368544355,0.0,0.10550777150889747,0.0,0.25,0.08509944941282956,0.0,0.009576129480783359,0.0,0.0,0.0,0.0,0.0,0.05799543994918359,0.0,0.0,0.0,0.0,0.0,0.0,0.0,0.0,0.0,0.017850965728924358,0.0,0.006480936663967134,0.0,0.006405130625880403,0.0,0.0,0.0,0.010435511416243697,0.25
2009-07-31,0.0,0.0,0.0,0.0,0.0,0.0,0.0,0.0,0.0,0.0,0.0,0.0,0.006898454872379021,0.019621680178403916,0.0,0.0,0.019130903234639705,0.0,0.005952780129215483,0.0,0.0,0.0,0.0,0.0,0.0,0.0,0.0,0.0,0.0,0.0014431529880289478,0.0,0.0,0.0,0.0,0.0,0.0,0.0,0.0,0.0,0.0,0.0,0.0,0.0,0.0,0.0,0.0,0.0,0.0,0.0,0.0,0.0,0.0,0.0,0.0,0.0,0.0,0.0,0.0,0.0,0.0,0.0,0.0,0.03909687910455186,0.0,0.0,0.0,0.07268058170595804,0.006772888655285397,0.25,0.06569821102918917,0.007715926465227389,0.0,0.0,0.042723644441413904,0.0,0.0,0.0,0.04101477338648628,0.0,0.022810794492559412,0.007516375282584348,0.0,0.0,0.0,1.2875042927828424e-09,0.0,0.0,0.10382436098231505,0.0,0.0,0.0,0.01980548463603756,0.0,0.0,0.0,0.01729310712822018,0.25
2009-08-31,0.0,0.0,0.0,0.0,0.0,0.0,0.0,0.0,0.0,0.0,0.0,0.0,0.014414284122470988,0.0,0.0,0.0,0.0,0.0,0.007683390251467423,0.0,0.0,0.0,0.0,0.0,0.0,0.0,0.0,0.0,0.0,0.0,0.0,0.0,0.0,0.0,0.0,0.0,0.0,0.0,0.0,0.0,0.0,0.0,6.09180046875627e-10,0.0,0.0,0.0,0.0,0.006743781651536255,0.0,0.0,0.0,0.0,0.0,0.0,0.0,0.0,0.0,0.0,0.0,0.0,0.0,0.02620927246410391,0.013785234628445654,0.0,0.0,0.0,0.020719395933426577,0.015599788566329945,0.25,0.018410067792898867,0.005274951832998508,0.0,0.0152976484869903,0.12991650129735569,0.008282795879677533,0.0,0.02115637924541295,0.0,0.0,0.0,0.014252753425220624,0.0,0.0,0.0,0.08475704023755895,0.0,0.0,0.0840611469984947,0.0,0.0,0.0,0.0,0.0,0.0,0.0,0.01610856385145528,0.24732700272497582
2009-09-30,0.0,0.0,0.0,0.0,0.0,0.0,0.0,0.0,0.0,0.0,0.0,0.0,0.0,0.0,0.0,0.0,0.0,0.013763031868031428,0.011452219994696283,0.0,0.0,0.0,0.0,0.0,0.0,0.003986384080857627,0.0,0.0,0.0,0.0,0.0,0.0,0.0,0.0,0.0,0.0,0.0,0.0,0.0,0.004354722078415285,0.0,0.0,0.0024337704640947093,0.0,0.0,0.0,0.0,0.022279508819224365,0.0,0.0,0.0,0.0,0.0,0.0,0.0,0.0,0.0,0.0,0.0,0.0,0.0,7.963523530716936e-10,0.009607061718487726,0.0,0.0,0.0,0.012947431787363678,0.011296360021006502,0.2265728182036143,0.0,0.0,0.0,0.012775206014957399,0.25,0.0,0.0,0.03168377321959402,0.0,0.0036113349347208223,0.0,0.024575255944294414,0.0,0.0,0.0,0.08438051713144955,0.0,0.0,0.033688111444347725,0.0,0.0,0.0,0.0,0.0,0.0,0.0,0.0048722063226539795,0.23572028515583784
2009-10-31,0.0,0.0,0.0,0.0,0.0,0.0,0.0,0.0,0.0,0.0,0.0,0.0,0.007725608873240899,0.0,0.0,0.0,0.0,1.7124820552882683e-09,0.03571280077434259,0.0,0.0,0.0,0.0,0.0,0.0,6.351101640867511e-05,0.0,0.0,0.0,0.0,0.0,0.0,0.0,0.0,0.0,0.0,0.0,0.0,0.0,0.0,0.0,0.001294965875482218,0.018723631471111734,0.0,0.0,0.0,0.0,0.0,0.0,0.0,0.020787736756513096,0.040315468802761656,0.0,0.0,0.0,0.0,0.0,0.0,0.0,0.0,0.0,0.06173781509836139,0.011764164588091623,0.04815087156773458,0.10231653823948626,0.0,0.032856507368274106,0.042060658256943065,0.20531620515257817,0.0,0.0,0.0,0.006406582488569303,0.15370313300724095,0.0,0.0,0.0,0.0,0.0,0.0,0.03023403879660926,0.0,0.0,0.0,0.040742249979036124,0.0,0.0,0.0,0.0,0.0,0.0,0.0,0.0,0.0,0.0,0.0,0.1400875101747322
2009-11-30,0.0,0.0,0.0,0.0,0.0,0.0,0.0,0.0,0.0,0.0,0.0,0.0,0.0,0.0,0.0,0.0,0.0,0.0,0.000897414612965243,0.0,0.0,0.0,0.0,0.0,0.0,0.026901962109779253,0.0,0.0,0.0,0.0,0.0,0.0,0.0,0.0,0.0,0.0,0.011020483266523358,0.0,0.0,0.031052974036304325,0.0,0.0,0.026295204556637423,0.0,0.0,0.0,0.0,0.0,0.0,0.0,0.0,0.001431423394892198,0.0,0.0,0.0,0.0,0.0,0.0,0.0,0.0,0.0,0.0,0.05699558889808219,0.005822718184728269,0.13138626195780814,0.0,0.0532337709816205,0.10545518421358116,0.20694063888291256,0.0,3.2080789993986484e-09,0.051713977583614866,0.05401665262818464,0.08364933229632449,0.04024244932692124,0.0,0.0,0.0,0.0,0.0,0.0,0.0,0.0,0.0076925000915645005,0.0535318192363695,0.0,0.0,0.05171964053310724,0.0,0.0,0.0,0.0,0.0,0.0,0.0,0.0,0.0
2009-12-31,0.0,0.0,0.0,0.0,0.0,0.0,0.0,0.0,0.0,0.0,0.0,0.0,0.0,0.0,0.0,0.0,0.0,0.0,0.0,0.0,0.0,0.0,0.0,0.0,0.0,0.003334484557527121,0.0,0.0,0.0,0.0,0.0,0.0,0.0,0.0,0.0,0.0,0.008426240733066286,0.0,0.0,0.008294344850001722,0.0,0.0,0.012076825127734192,0.0,0.0,0.0,0.0,0.0,0.0,0.0,0.0,0.08557285103262172,0.0,0.0,0.0,0.0,0.0,0.0,1.4675697602283075e-09,0.0,0.0014422153082246012,0.16132517345923983,0.07151784629056483,0.04728071865996905,0.18092936057323175,0.0,0.041857190087939034,0.05184351670151408,0.11994327855229654,0.015679318241171043,0.004007778035251398,0.040165893577322254,0.0,0.028302096178930546,0.06453647316002581,0.0,0.0,0.0,0.0,0.0,0.0,0.0,0.0,0.0,0.0534643934057983,0.0,0.0,0.0,0.0,0.0,0.0,0.0,0.0,0.0,0.0,0.0,0.0
2010-01-31,0.0,0.0,0.0,0.0056456277530660005,0.0,0.0,0.0,0.0,0.0,0.0,0.0,0.0,0.0,0.0,0.0,0.0,0.0,0.0,0.0,0.0,0.0,0.0,0.0,0.0,0.0,0.015110101909908698,0.0,0.0,0.0,0.0,0.0,0.0,0.0,0.0,0.0,0.0,0.0,0.0,0.0,0.0171557493788532,0.0,0.0,0.008406740172858423,0.0,0.0,0.0,0.0,0.0,0.0,0.0,0.0,0.0725560757648836,0.0,0.0,0.0,0.0,0.0,0.0,0.010034093324072315,0.0,0.0,0.1407298092827924,0.0,0.10494230177312515,0.1828259337485574,0.0,0.008794773709906027,2.0928911135372613e-09,0.008513220596959805,0.0,0.0,0.04083603188949757,0.018362020789881237,0.13446706738465655,0.08353950561558546,0.0,0.0,0.0,0.0368733749482153,0.07953124978363162,0.0,0.0,0.0,0.0,0.006360478710183513,0.0,0.0,0.0,0.0,0.0,0.0,0.0,0.0,0.0,0.0,0.0,0.02531584137047463
2010-02-28,0.0,0.0,0.0,0.014613607047299804,0.0,0.0,0.0,0.0,0.0,0.0,0.0,0.0,0.0,0.0,0.0,0.0,0.0,0.0,0.0,0.0,0.0,0.0,0.0,0.01967979323793294,0.0,0.018599550082590562,0.0,0.0,0.0,0.0,0.0,0.0,0.0,0.0,0.0,0.0,0.0,0.0,0.0,0.006538025305732904,0.035943766764628904,0.0,0.0,0.011911493853300892,0.0,0.0,0.04722771183219087,0.015127889697313086,0.0,0.0,0.0,0.037607336610080935,0.0,0.0,0.0,0.0,0.0,0.0,3.361476045603543e-09,0.0,0.0,0.10551453207811815,0.0,0.1153313823817134,0.25,0.0,0.0,0.0,0.049676478624618124,0.011477101284134641,0.0,0.04649044285385868,0.0,0.0,0.12278818828963403,0.0,0.0,0.0,0.02005362454789978,0.04772782013978308,0.0,0.0,0.0,0.0,0.02369125200769319,0.0,0.0,0.0,0.0,0.0,0.0,0.0,0.0,0.0,0.0,0.0,0.0
2010-03-31,0.0,0.0,0.0,0.0,0.0,0.0,0.0,0.0,0.0,0.0,0.0,0.0,0.0,0.0,0.0,0.0,0.0,0.0,0.0,0.0,0.0,0.0,0.0,0.008768379252639834,0.0,0.021481765878578436,0.0,0.0,0.0,5.311493437148457e-09,0.0021204780496430686,0.0,0.023873685145649626,0.0,0.0,0.0,0.0,0.0,0.0,0.0,0.0,0.0,0.0,0.0,0.0,0.0,0.0,0.0,0.0,0.0,0.0,0.004887313107745671,0.0,0.0,0.0,0.0,0.0,0.0,0.10340835701513557,0.0,0.0,0.0,0.0,0.043000121147242096,0.19363610166882314,0.0,0.0,0.0,0.0765593751276765,0.01868139337285768,0.0,0.010417298188717027,0.0,0.056806728574794345,0.25,0.0,0.0,0.0,0.05308353063223299,0.03078728408677893,0.0,0.0,0.0,0.0,0.0,0.0,0.0,0.029404009625825997,0.0,0.028460594600793563,0.0,0.0207458797273488,0.0,0.0,0.0,0.0,0.02387769948602344
2010-04-30,0.0,0.0,0.0,0.0,0.0,0.0,0.0,0.0,0.0,0.0,0.0,0.0,0.0,0.0,0.0,0.0,0.0,0.0,0.0,0.0,0.0,0.0,0.0,0.0,0.0,0.005612004305207817,0.0,2.5809384691004928e-09,0.01932250228144586,0.0,0.0009203467693875678,0.0,0.0,0.0,0.0,0.0,0.0,0.0,0.0,0.0,0.0,0.0,0.0,0.0,0.0,0.0,0.0,0.0,0.0,0.0,0.0,0.001315330842569522,0.0,0.0,0.0,0.0,0.0,0.0,0.10645253661166469,0.0,0.0,0.02054072006743264,0.0,0.0,0.12696381817245872,0.0,0.0,0.0,0.06579060469010159,0.023223665663928236,0.0,0.0029768578921167263,0.0,0.08665955649510305,0.193938270432274,0.0,0.016654367765137,0.026953729962633916,0.12919076680673028,0.1323765343964801,0.013424310829531452,0.0,0.0,0.0,0.005436748466091253,0.0,0.0,0.0,0.0,0.022247324968767246,0.0,0.0,0.0,0.0,0.0,0.0,0.0
2010-05-31,0.0,0.0,0.0,0.03628995036235604,0.0,0.0,0.0,0.0,0.0,0.0,0.0,0.0,0.0,0.0,0.0,0.0,0.0,0.016625372201854074,0.0,0.0,0.0,0.0,0.0,0.0047000803283134985,0.0,0.020930256365538677,0.0,0.0,0.25,0.0,0.014438845090155729,0.0,3.139700283610005e-09,0.040004168332416254,0.0,0.0,0.0,0.0,0.0,0.0,0.012767266293631542,0.0,0.01824224029786425,0.0,0.0,0.0,0.0732594103307623,0.0,0.0,0.0,0.0,0.009445945386338887,0.0,0.0,0.0,0.0,0.0,0.0,0.04110575549932321,0.0,0.0,0.0,0.0,0.0,0.0,0.0,0.0,0.0,0.0,0.0,0.0,0.0,0.0,0.06215451166887967,0.07456864832423288,0.0,0.0,0.004679428200796046,0.16592012171194598,0.12554512155202355,0.0,0.0,0.0,0.0,0.0,0.0,0.0,0.0,0.0,0.0,0.0,0.0,0.028226513297005897,0.0010963616168611615,0.0,0.0,0.0
2010-06-30,0.0,0.0,0.0,0.014693512264279177,0.0,0.0,0.0,0.0,0.0,0.0,0.0,0.0,0.0,0.0,0.012671489365977383,0.0,0.0,0.0,0.049204434816086544,0.0,0.0,0.0,0.0,0.0,0.0,0.0,0.0,0.0,0.06536414115137683,0.0,0.02908963273898077,0.0,0.04042951124539587,0.03777791680330774,0.0,0.0,0.0,0.0,0.0,0.0,0.0,0.0,0.0,0.0,0.0,0.0,0.021611146146234533,0.0,0.04846557726582731,0.0,0.018940019925815475,0.11575271183046476,0.00230489893156005,0.006786898994127602,0.0,0.0,0.0,5.710691684479948e-09,0.0869671298960481,0.0,0.0,0.0,0.0,0.0,0.0,0.0,0.0,0.0,0.0,0.0,0.0,0.0,0.0,0.0,0.09279543700779931,0.0,0.0,0.0067722242592518815,0.2312560705228561,0.10015904804390127,0.0,0.0,0.0,0.0,0.0,0.0,0.0,0.0,0.018958193080017772,0.0,0.0,0.0,0.0,0.0,0.0,0.0,0.0
2010-07-31,0.0,0.0,0.0,0.0,0.0,0.0,0.0,0.0,0.0,0.0,0.0,0.0,0.0,0.0,0.0035180377601093495,0.0,0.0,0.0,0.03630533288425181,0.0,0.0,0.0,0.0,0.0,0.0,0.0,0.0,0.0,0.0,0.0,0.02596787977572768,0.0,5.392936478644978e-09,0.0,0.0,0.0,0.0,0.0,0.0,0.0,0.0,0.0,0.0,0.0,0.0,0.0,0.0,0.0,0.17385191600689623,0.0,0.04295871606137454,0.1818622850851769,0.04149162252970812,0.003769616301105349,0.0,0.04816541002438475,0.01571455898943208,0.029164728101555303,0.16650997001800438,0.0,0.03824563050994498,0.011435051979563956,0.0010798679023751754,0.08403948885321891,0.0,0.0,0.0,0.0,0.0,0.0,0.0,0.0,0.0,0.0,0.03358741309404608,0.0,0.0,0.0,0.05771607786492898,0.0,0.0,0.0,0.0,0.0,0.0,0.0,0.0,0.0,0.004616390865259102,0.0,0.0,0.0,0.0,0.0,0.0,0.0,0.0
2010-08-31,0.0,0.0,0.048080791175377724,0.0,0.0,0.0,0.0,0.0,0.0,0.0,0.0,0.0,0.0,0.03086194373517507,0.04390569283382427,0.0,0.0,0.0,0.11724236143469324,0.0,0.0,0.0,0.0,0.0,0.0,0.0,0.0,0.006033663177401779,0.0,0.012345439862970778,0.05830610455861181,0.0,0.02887495080313653,0.0,0.0,0.0,0.0,0.0,0.0,0.0,0.0,0.0,0.01784802147145127,0.0,0.0,0.0,0.16230588184238198,0.0,0.025479331534586445,0.0,0.0,0.09159379587076337,0.0462547810218796,0.0,0.0,0.011467642517350225,0.0,0.05024772465369703,0.08623628898854316,0.0,0.0,0.0,0.0,0.06924577771738448,0.0,0.0,0.0,0.0,0.0,0.0,0.0,0.0,0.0,0.0,0.0,0.0,0.0,0.0,0.04886810125612115,6.35719306192743e-09,0.0,0.0,0.0448016991874572,0.0,0.0,0.0,0.0,0.0,0.0,0.0,0.0,0.0,0.0,0.0,0.0,0.0,0.0
2010-09-30,0.0,0.0,3.9087475010957606e-09,0.0,0.0,0.0,0.0,0.0,0.0,0.0,0.0,0.0,0.0,0.0,0.0,0.0,0.0,0.0,0.13634784338305356,0.0,0.0,0.0,0.0,0.0,0.0,0.0,0.0,0.005420392638708819,0.0,0.006497463333363381,0.02242079875387391,0.0,0.01681311029479203,0.0,0.0,0.0,0.0,0.0,0.0,0.0,0.0,0.0,0.0,0.0,0.0053460119398213626,0.0,0.16780282219619727,0.0,0.06269804179365329,0.0,0.047415114213120266,0.15362344652455423,0.024235811757094126,0.007078933023542057,0.0,0.026817992476832985,0.010979229510883017,0.030392024658958024,0.05773001310342113,0.0,0.009738455697803872,0.0,0.037956476279048065,0.17068601451253104,0.0,0.0,0.0,0.0,0.0,0.0,0.0,0.0,0.0,0.0,0.0,0.0,0.0,0.0,0.0,0.0,0.0,0.0,0.0,0.0,0.0,0.0,0.0,0.0,0.0,0.0,0.0,0.0,0.0,0.0,0.0,0.0,0.0
2010-10-31,0.0,0.0,0.0,0.0,0.0,0.0,0.0,0.0,0.0,0.0,0.0,0.0,0.0,0.0,0.0,0.0,0.0,0.0,0.1635913838326192,0.0,0.0,0.0,0.0,0.0,0.0,0.0,0.0,0.0,0.0,0.0,0.0072386943577935165,0.0,0.0,0.0,0.0,0.0,0.0,0.0,0.0,0.0,0.0,0.0,0.0,0.0,0.0011713645585544332,0.0,0.20131481769165666,0.0,0.0020310588671681373,0.0,0.001965047323548851,0.11205725930116234,0.0,0.0,0.0,0.0,0.019342079706601525,0.010892596036678743,0.0133056608370564,0.0,4.57456437112506e-09,0.0,0.0,0.25,0.11855233712315,0.0,0.007147964785031843,0.02809340066388554,0.0,0.020176744379559138,0.0,0.0,0.0,0.0,0.0,0.0,0.0,0.0,0.0,0.0,0.0,0.0,0.0,0.0,0.0,0.0,0.0,0.0,0.0,0.014190030915102382,0.0,0.011014608072575503,0.0,0.0,0.0,0.005772037783790715,0.012142909189500836
2010-11-30,0.0,0.0,0.0,0.0,0.0,0.0,0.0,0.0,0.0,0.0,0.0,0.0,0.0,0.0,0.0,0.0,0.0,0.0,0.10142606258893924,0.0,0.0,0.0,0.0,0.0,0.0,0.0,0.0,0.0,0.0,0.00023525228701631046,0.004973803352970664,0.0,0.0,0.0,0.0,0.0,0.0,0.0,0.0,0.0,0.0,0.027547999451083608,0.0,0.0,0.02213633395028408,0.0,0.1440177622990202,0.0,0.0,0.0,0.00744241618524023,0.050140083661411046,0.0,0.0,0.0,0.0,0.0,0.0,0.0,0.0,0.0,0.0,0.01617571107235976,0.15865788524052063,0.11005452846494268,0.0,0.015962677099397065,0.03876351942541389,0.007049951334498192,0.029045843980543724,2.1623961411592523e-09,0.0,0.0,0.0,0.0,0.0,0.0,0.0,0.0,0.0,0.0,0.0,0.0,0.0,0.0,0.0,0.04788409387934688,0.0,0.0,0.0640354818858046,0.0,0.10779893683350032,0.0,0.0,0.0,0.0,0.046651654845310614
2010-12-31,0.0,0.0,0.0,0.0,0.0,0.0,0.0,0.0,0.0,0.0,0.029412715980033487,0.0,0.0,0.0,0.0,0.0,0.0,0.0,0.0,0.0,0.0,0.0,0.0,0.0,0.0,0.0,0.0,0.0,0.061320525030171734,0.0,0.0,0.0,0.0,0.0,0.0,0.0,0.0,0.0,0.0,0.0004270499995297395,0.0,0.04469661251413003,0.008033021975579422,0.0,0.0,0.0,0.08752357559023984,0.0,0.0,0.0,0.0,0.04147273758457134,0.0,0.0,0.0,0.0,0.0,0.0,0.0,0.0,0.0,0.041734152659118715,1.4191784440676989e-09,0.19936601342397234,0.08511727840445898,0.0,0.026115515640540075,0.010034833169518267,0.018496979409467856,0.0,0.0,0.0,0.0,0.00376881974148756,0.0,0.0,0.0,0.0,0.0,0.0,0.0,0.0,0.0,0.0,0.0,0.0,0.03769008175099513,0.0,0.0,0.02766083843683442,0.0,0.051681278538291076,0.0,0.0,0.0,0.023497559639065514,0.20195040909281603
2011-01-31,0.0,0.0,0.0,0.0,0.0,0.0,0.0,0.0,0.0,0.0,0.011063562242472524,0.0,0.0,0.0,0.0,0.0,0.0,0.0,0.0,0.0,0.0,0.0,0.0,0.0,0.0,0.0,0.0,0.0,0.05560094124787725,0.0,0.0,0.0,0.0,0.0,0.0,0.0,0.006411233589577772,0.0,0.0,0.0,0.0,0.029721511576564455,0.0,0.0,0.0,0.0,0.01898511727608999,0.0,0.0,0.0,0.0,0.0733765148306505,0.0,0.0,0.0,0.0,0.0,0.0,0.0,0.0,0.03895618749419755,0.09962857939903598,0.03842737347505932,0.25,0.11420617426305585,0.0,0.026486571087793228,0.012110879299379682,0.03456403090576787,0.0,0.0,0.0,0.0,1.2605176998106178e-09,0.0,0.0,0.0,0.0,0.0,0.0,0.0,0.0,0.0,0.0,0.0,0.0,0.05321106922728379,0.0,0.0,0.014662627392852942,0.0,0.022566010884548113,0.0,0.0,0.0,0.012852859793427263,0.08716875475384828
2011-02-28,0.0,0.0,0.0,0.0,0.0,0.0,0.0,0.0,0.0,0.0,0.07231688746881369,0.0,0.0,0.0,0.0,0.0,0.0,0.0,0.0,0.0,0.0,0.0,0.0,0.0,0.0,0.0,0.0,0.0,0.25,0.0,0.0,0.0,0.0,0.0076167142646548554,0.0,0.0,0.06514089380004279,0.0,0.01964181074465707,0.005026107034111985,0.05025673844538181,0.07846752347853306,0.0,0.0028167933643834563,0.0034376937038521783,0.0,0.009421463868331393,0.0,0.0,0.0,0.0,0.0,0.0,0.0,0.0,0.0,0.0,0.0,0.0,0.0,0.0,1.966851143929661e-09,0.0,0.2102199502526484,0.0008383102051954214,0.0,0.0,0.0,0.049463663778905195,0.0,0.0,0.0,0.0101461283666074,0.0,0.0,0.0,0.0,0.0,0.0,0.007660582361472022,0.0,0.0,0.0,0.0,0.0,0.0,0.035352646033097096,0.0,0.0,0.0,0.0,0.0,0.0,0.0,0.0,0.02666027506082946,0.09551581580163146
2011-03-31,0.0,0.0,0.0,0.0,0.0,0.0,0.0,0.0,0.0,0.0,0.0663350259315391,0.0,0.0,0.0,0.0,0.0,0.0,0.0,0.0,0.0,0.0,0.0,0.0,0.018749708119689276,0.0,0.0,0.0,0.0,0.25,0.0,0.0,0.0,0.0,0.023675371490632653,0.0,0.0,0.12123695774461238,0.0,0.00012312446231856032,0.0,0.03926907891734946,0.06900392710350292,0.0,0.022080791957880125,0.020608439697151437,0.0,0.0,0.013416248385813973,0.0,0.0,0.0,0.018615400262414164,0.0,0.0,0.0,0.0,0.0,0.0,0.0,0.0,0.0,0.021030379868103476,0.014809261153435893,0.18498591725057795,0.03330264813725419,0.0,0.0,0.0,0.0,0.0,0.0,0.0,0.0,0.0,2.572296990688775e-09,0.0,0.0,0.0,0.0,0.0,0.0,0.0,0.0,0.0,0.0,0.0,0.017761635377120763,0.0,0.0,0.0,0.0,0.0,0.010064772422208622,0.0,0.0,0.0,0.05493130914609819
2011-04-30,0.0,0.0,0.0,0.0,0.0,0.0,0.0,0.0,0.0,0.0,0.011905842025074373,0.0,0.0,0.0,2.2127703759860408e-09,0.0,0.0,0.0,0.0,0.0,0.0,0.0,0.0,0.006762895468208794,0.0,0.0,0.0,0.0,0.25,0.0,0.0,0.0,0.0,0.05214128043551288,0.0,0.0,0.096501343513373,0.0,0.0,0.030599012402612882,0.033753802656701984,0.010269471985279588,0.0,0.03909451236381039,0.019419941815049597,0.0,0.06738661556908793,0.004600926977539456,0.0,0.0,0.0,0.016939912516644007,0.0,0.0,0.0,0.0,0.0,0.0,0.0,0.0,0.0,0.0,0.05636691918433985,0.25,0.00604322315770297,0.0,0.0,0.0,0.0,0.0,0.0,0.0,0.0,0.0,0.017738281624517002,0.0,0.0,0.0,0.0,0.0,0.0,0.0,0.0,0.0,0.0,0.0,0.00877457280293914,0.0,0.0,0.0,0.0,0.0,0.02170144328883577,0.0,0.0,0.0,0.0
2011-05-31,0.0,0.0,0.0,0.0,0.0,0.0,0.0,0.0,0.0,0.0,0.0,0.0,0.0,0.0006456473884247245,0.0,0.043901805818691755,0.0,0.0,0.0,0.0,0.0,0.0,0.045610093364042176,0.04651378330314977,0.0,0.007847691975771499,0.0,0.0,0.12803026972367684,0.0,0.0,0.0,0.0,0.04015040715500064,0.0,0.0,0.12386133999154271,0.0,0.0,0.0,0.05622656304324671,0.0,0.0,0.044486747361928605,0.10600868438369582,0.0,0.007456920861693068,0.005800040746005343,0.0,0.0,0.0,0.0,0.0,0.0,0.0,0.0,0.0,0.0,0.0,0.0,0.0,0.0,0.0,0.19632349770885094,0.0,0.0,0.0,0.0,0.0,0.0,0.0,0.0,0.0,0.03320423071781825,5.027799681330823e-09,0.0,0.0,0.0,0.020659986243024873,0.012940221533665615,0.0,0.0,0.0,0.0,0.0,0.0,0.07437802472440981,0.0,0.0,0.0,0.0,0.0,0.0059540389275612995,0.0,0.0,0.0,0.0
2011-06-30,0.0,0.0,0.0,0.0033737539332386116,0.0,0.0,0.0,0.0,0.0,0.0,0.0,0.0,0.0,0.0,0.0,0.015413606517543216,0.0,0.0,0.0,0.0,0.0,0.0,0.0,0.03308674994647942,0.0,0.0437172164109355,0.0005078333269923864,0.0092576495256948,0.25,0.0,0.0,0.0,0.0,0.0019102761872604938,0.0,0.0,0.13171750182400307,0.0,0.0,0.016860465122614784,0.042123076628160484,0.0,0.0,0.04089111690808664,0.1026710295900827,0.0,0.08073190592277563,3.833983453544962e-09,0.0,0.0,0.0,0.0,0.0,0.0,0.0,0.0,0.0,0.0,0.0,0.0,0.0,0.0,0.0,0.10240235037913598,0.0,0.0,0.0,0.0,0.0,0.0,0.0,0.0,0.0,0.0,0.0,0.0,0.0,0.0,0.04902444836592883,0.012360886579172448,0.0,0.0,0.0,0.0,0.0,0.0,0.03355225713684,0.030397871861071644,0.0,0.0,0.0,0.0,0.0,0.0,0.0,0.0,0.0
2011-07-31,0.0,0.0,0.0,0.0,0.0,0.0,0.0,0.0,0.0,0.0,0.0,0.0,0.0,0.0,0.0,0.0,0.0,0.0,0.0,0.0,0.0,0.0,0.0,0.001818637429340907,0.0,0.050415524216080865,0.03449284983013368,0.004037074686764295,0.04557105044095136,0.021510804598008335,0.0,0.0,0.0,0.0,0.0,0.0,0.10696099858174983,0.0,0.0,0.0034446263075364504,0.0,0.0,0.0,3.645722551515508e-09,0.08426892336298838,0.0,0.1012217549322639,0.0,0.0,0.0,0.0,0.0,0.07722657694582627,0.05077950412810698,0.0,0.0,0.030497768229070847,0.0,0.0,0.0,0.0,0.0,0.0,0.13707896061191596,0.07114749417375747,0.0,0.0,0.0,0.0,0.0,0.0,0.0,0.0,0.0,0.0,0.0,0.0,0.0,0.10157909039012818,0.0,0.0,0.0,0.01771203384272489,0.0,0.0,0.0,0.0,0.057694136029555296,0.0025421876173734796,0.0,0.0,0.0,0.0,0.0,0.0,0.0,0.0
2011-08-31,0.0,0.0,0.0,0.0,0.0,0.0,0.0,0.0,0.0,0.0,0.0,0.0,0.0,0.0,0.0,0.0,0.0,0.0,0.0,0.0,0.0,0.0,0.0,0.0008542083242101791,0.0,0.03454196643054948,0.003735812554202304,0.020306728599829505,0.0,0.0,0.0,0.0,0.0,0.0,0.0,0.0,0.10320359476762346,0.0,0.0,0.043404432957691384,0.0143928707328016,0.0,0.0,0.003858780535839349,0.053281053202147655,0.0,0.05927773500394133,0.0,0.0,0.0,0.0,0.0,0.06651124269143392,0.09220975465725045,0.0,0.0,0.037641643368292926,0.0,0.0,0.0,0.0,0.0,0.0,0.15467121853933805,0.03165740461105669,0.0,0.0,0.0,0.0,0.0,0.0,0.0,0.0,0.0,0.0,0.0,0.0,0.0,0.12601755608837265,0.0,0.0,0.0,3.783814309025071e-09,0.0,0.0,0.0,0.0,0.10583080042408266,0.030873199883373992,0.0,0.0,0.017729992844147863,0.0,0.0,0.0,0.0,0.0
2011-09-30,0.0,0.0,0.0,0.0,0.0,0.0,0.0,0.0,0.0,0.0,0.0,0.0,0.0,0.0,0.0,0.0,0.0,0.0,0.033726101379457966,0.0,0.0,0.0,0.0,0.0,0.0,0.033840873500668806,0.03316594569646809,0.03967168654234819,0.0,0.0,0.010757609608870051,0.0,0.0022455029650492253,0.0,0.0,0.0,0.07532917099048761,0.0,0.0,0.0,0.0,0.0,0.0,0.0,0.0,0.0,0.018566475554615103,0.0,0.058777997765514234,0.0,0.023843274550247942,0.0,0.06515953864935367,0.16281145771627129,0.04092050125357549,0.0,0.0,0.0,0.07914348540427556,0.0,0.0,0.0,0.0,0.05171966901799617,0.048346031969667226,0.0,0.0,0.0,0.0,0.0,0.0,0.0,0.0,0.0,0.0,0.0,0.0,0.0,0.07168336800639731,0.0,0.0,0.0,3.308944023298188e-09,0.0,0.0,0.0,0.0,0.029039506228904607,0.0,0.0,0.0,0.12125179989088726,0.0,0.0,0.0,0.0,0.0
2011-10-31,0.0,7.172171638382067e-09,0.0,0.0,0.0,0.0,0.0,0.0,0.0,0.0,0.0,0.0,0.0,0.0,0.0,0.0,0.0,0.0,0.05080082891667185,0.0,0.0,0.0,0.0,0.0,0.0403211977818495,0.06601758554766889,0.0723249020274332,0.10115719828240437,0.0,0.0,0.05864931028449104,0.0,0.05182474853597316,0.0,0.0,0.0,0.04637779365369691,0.0,0.0,0.0,0.0,0.0,0.0,0.0,0.0,0.0,0.0,0.0,0.16054022263541404,0.0,9.914779053964364e-05,0.0,0.038976700807212016,0.1397021626730438,0.05512312401230533,0.0,0.0,0.0047762544664960785,0.027406513700063834,0.0,0.0,0.0,0.0,0.0,0.040741219479778004,0.0,0.0,0.0,0.0,0.0,0.0,0.0,0.0,0.0,0.0,0.0,0.0,0.0,0.014270778991359782,0.0,0.0,0.0,0.01993576618309362,0.0,0.0,0.0,0.0,0.0,0.0,0.0,0.0,0.01095453705833341,0.0,0.0,0.0,0.0,0.0
2011-11-30,0.0,0.01411613046556621,0.0,0.0,0.0,0.0,0.0,0.0,0.0,0.0,0.0,0.0,0.0,0.0,0.0,0.0,0.0,0.0,0.0,0.011192679204262639,0.0,0.0,0.0,0.0,0.006668923365636897,0.05557148552672099,0.0,0.032783435352198236,0.0,0.0,0.07312187533337494,0.0,0.0547956036961531,0.0,0.0,0.0,0.011516367438702914,0.0,0.0,0.0,0.0,6.043973803305423e-09,0.011034264963805673,0.0,0.0,0.0,0.0,0.0,0.12419261678320712,0.0,0.0,0.0,0.029445525976726134,0.10407021557232451,0.0,0.00032976334269956323,0.0,0.05032079914113587,0.14393391720131085,0.0,0.0,0.0,0.0,0.0,0.12326283609197196,0.0,0.0,0.0,0.0,0.0,0.0,0.0,0.0,0.0,0.0,0.0,0.0,0.0,0.061350280083390746,0.0,0.0,0.0,0.0,0.0,0.0,0.0,0.0,0.0,0.0,0.0,0.0,0.04353905662845098,0.0,0.0,0.0,0.0,0.04875421778838685
2011-12-31,0.0,0.0,0.0,0.0,0.0,0.0,0.0,0.0,0.0,0.0,0.0048316601309786105,0.0,0.0,0.0,0.0,0.0,0.0,0.0,0.0,0.0,0.0,0.0,0.0011754870770343446,0.026780789512269237,0.014628503214181217,0.055994831080491365,0.0,0.0392450338772041,0.03892838661994621,0.0,0.029887547222021884,0.0,0.013240245481703841,0.0,0.0,0.0,0.0,0.0,0.0,0.0,0.0,0.0,0.06871254335315526,0.0,0.0,0.0,0.0,0.0,0.1195055972818423,0.0,0.0,0.002406789316536955,0.054257226477082206,0.16913816690864156,0.0,0.05819206811244162,0.027490693469487407,0.06959096843958883,4.486217345821539e-09,0.0,0.0,0.0,0.08553671364001293,0.0,0.12045674429916292,0.0,0.0,0.0,0.0,0.0,0.0,0.0,0.0,0.0,0.0,0.0,0.0,0.0,0.0,0.0,0.0,0.0,0.0,0.0,0.0,0.0,0.0,0.0,0.0,0.0,0.0,0.0,0.0,0.0,0.0,0.0,0.0
2012-01-31,0.04047429545761995,0.015024115253695704,0.0031129131751668954,0.0,0.0,0.0,0.0,0.0,0.0,0.0,0.0,0.0,0.0,0.0,0.0,0.0,0.0,0.0,0.03507990437638589,6.9823010973716875e-09,0.0,0.0,0.017190095357881973,0.028206253309677572,0.09321617872749842,0.1271714238404295,0.02925187776092133,0.09584078880324623,0.0,0.0,0.07871891314804919,0.0,0.1269461386026468,0.0,0.0,0.0,0.0,0.0,0.0,0.0,0.0,0.0,0.08915445673672472,0.0,0.0,0.0,0.0,0.0,0.050419243542460294,0.0,0.0,0.0,0.0,0.025081629488770164,0.0,0.0,0.0,0.0,0.0,0.0,0.0,0.0,0.0,0.0,0.0,0.0,0.0,0.0,0.0,0.0,0.0,0.0,0.0,0.0,0.0,0.014170071440652845,0.0,0.01678623370998477,0.0,0.0,0.0,0.0,0.016905088266936888,0.0,0.0,0.0,0.0,0.0,0.0,0.0,0.0,0.0,0.0,0.09725037201894995,0.0,0.0,0.0
2012-02-29,0.0,0.0,0.0,4.685310668984679e-09,0.005507366361667354,0.0,0.0,0.0,0.0,0.0,0.055297112011506305,0.0,0.0,0.0,0.0,0.0071116167949154185,0.0,0.0,0.01568729810718899,0.0,0.012509190433338176,0.0,0.0,0.07952661599078288,0.06120007016227202,0.018513701368609935,0.0,0.0,0.23422976289594621,0.0,0.012135686655725378,0.0,0.07308783891815153,0.0,0.0,0.0,0.0,0.0,0.0,0.0,0.0,0.0,0.0,0.0,0.0,0.0,0.0,0.0,0.0,0.0,0.0,0.0,0.0,0.0,0.0,0.0,0.0,0.0,0.0,0.0,0.0,0.0,0.0,0.0,0.0,0.0,0.0,0.0,0.0,0.0,0.0,0.0,0.0,0.0,0.0,0.05039509893497983,0.05793175172822174,0.06421108547150087,0.0,0.0,0.0,0.0,0.0,0.0,0.023182354450507984,0.0,0.1368118689523798,0.0,0.03502202099519349,0.0,0.0,0.0,0.0,0.047818478151824134,0.00982107692997712,0.0,0.0
2012-03-31,0.0,0.0,0.0,0.05617789650925825,0.014292048396425304,0.0,0.0,0.0,0.0,0.0,0.005329466196255606,0.0,0.0,2.940529130835763e-09,0.0,0.0,0.0,0.0,0.01344156075600171,0.0,0.0,0.0,0.0,0.029300548676235716,0.0,0.0,0.0,0.0,0.25,0.0,0.0,0.0,0.007712714755175367,0.0,0.0401636270182472,0.0,0.0,0.0,0.0,0.0,0.0,0.05766001514126551,0.0,0.02811749656045238,0.0,0.0,0.0,0.10540300007833447,0.0,0.0,0.0,0.0,0.0,0.0,0.0,0.0,0.0,0.0,0.0,0.0,0.0,0.0,0.0,0.0,0.0,0.0,0.0,0.0,0.0,0.0,0.0,0.0,0.0,0.0,0.0,0.0,0.025328078749600337,0.05009181726082203,0.0,0.0,0.0,0.0,0.0,0.0,0.025574215740325063,0.0,0.1857089071452289,0.014221329673135304,0.004534211151846251,0.0,0.0,0.028241386620271265,0.0,0.05870167663059021,0.0,0.0,0.0
2012-04-30,0.0,0.0,0.0,0.043077202529068916,0.0,0.0,0.0,0.0,0.0,0.0,0.0,0.0,0.0,0.0,0.0,0.0,0.0,0.0,0.11897207459995132,0.0,0.0,0.0,0.0,0.05571065569484966,0.09056999316456452,0.0,0.0,3.956606594334751e-09,0.06796926649947306,0.0,0.001852360590871922,0.0,0.03493014109888717,0.0,0.034624202854268316,0.0,0.0,0.0,0.0,0.0,0.0,0.0,0.0,0.0,0.0,0.0,0.0,0.0,0.0,0.0,0.0,0.0,0.0,0.0,0.0,0.0,0.0,0.0,0.0,0.0,0.0,0.0,0.0,0.0,0.0,0.0,0.0,0.0,0.0,0.0,0.0,0.0,0.0,0.0,0.0,0.008518378224468598,0.018045258589193952,0.05932152695046907,0.0,0.0,0.0,0.0,0.0014050674471984752,0.0,0.050225182398109074,0.0,0.16402464404820918,0.0,0.0835203870069601,0.0,0.0,0.0,0.04082461752409366,0.09138348679603453,0.02499709848687108,0.0,0.010028451539850734
2012-05-31,0.0,0.0,0.0,0.0,0.0,0.0,0.0,0.0,0.0,0.0,0.0,0.0,0.0,0.0,0.0,0.0,0.0,0.0,0.1446923090929267,0.0,0.0,0.0,0.0,0.0571826328209814,0.035565602351493385,0.0,0.0,0.02313644408896088,0.2003561523751026,0.026062626321638763,0.013101391653660506,0.0,0.0471823793747704,2.8745129192201213e-09,0.03953205885116963,0.0,0.06896719624264795,0.0,0.0,0.0,0.0,0.0,0.0,0.0,0.0,0.0,0.0,0.0,0.0,0.0,0.0,0.0,0.0,0.0,0.0,0.0,0.0,0.0,0.0,0.0,0.0,0.0,0.0,0.0,0.0,0.0,0.0,0.0,0.0,0.0,0.0,0.0,0.0,0.0,0.0,0.0,0.0,0.007282255019982203,0.0,0.0,0.0,0.0,0.008586164885867022,0.0,0.036312432336954394,0.0,0.049128410172764876,0.0,0.058862757924084796,0.0,0.0,0.07706329524964664,0.0302837269174273,0.05866621340259568,0.0,0.0180359480428119,0.0
2012-06-30,0.0,0.0,0.0,0.0,0.0,0.0,0.0,0.0,0.0,0.0,0.0,0.025116388364493907,0.0,0.0,0.0,0.0,0.0,0.0,0.14515858958138245,0.0,0.0,0.0,0.0,0.04689614394623717,0.024430958201436658,0.0,0.0,0.019536494400588068,0.2188566980019281,0.0,0.022660029453496613,0.0,0.029815862475509554,3.6471707765338974e-09,0.02974922742791797,0.0,0.10533354596494957,0.0,0.0,0.0,0.0,0.0,0.0,0.0,0.0,0.0,0.0,0.0,0.0,0.0,0.008596929185742827,0.0,0.033340240115528566,0.0,0.0,0.0,0.0,0.0,0.017277522143620914,0.0,0.0,0.0,0.0,0.0,0.0,0.0,0.0,0.0,0.0,0.0,0.0,0.0,0.0,0.0,0.0,0.0,0.0,0.0,0.0,0.0,0.0,0.0,0.0,0.0,0.02630648927551905,0.0,0.07989742556012763,0.0,0.06245442668219042,0.0,0.0,0.06160682630343668,0.024275784051620876,0.0,0.0,0.018690415217102054,0.0
2012-07-31,0.006145904053640167,0.009796261368570239,0.047139694343064094,0.0,0.0,0.0,0.0,0.0,0.0,0.0,0.0,0.055257872626605024,0.0,0.0,0.0,0.0,0.0,0.0,0.08316764201850267,0.0,0.0,0.0,0.0,0.0,0.0,6.4314843908831945e-09,0.009760399904022155,0.03417655225896448,0.08199818976387821,0.0,0.03148162893105824,0.0,0.024664601028188245,0.0,0.10620006349929939,0.0,0.14884800787469374,0.0,0.0,0.0,0.0,0.0,0.0,0.0,0.0,0.0,0.10477179692246533,0.0,0.0,0.0,0.044051789690602194,0.0,0.0,0.004681765277348939,0.0,0.0,0.0,0.0,0.0,0.0,0.0,0.0,0.0,0.0,0.0,0.0,0.0,0.0,0.0,0.0,0.0,0.0,0.0,0.0,0.0,0.0,0.0,0.0,0.0,0.0,0.0,0.0,0.0061011155640844535,0.0,0.0,0.0,0.0,0.0,0.08563626540731324,0.0,0.0,0.046415470486006,0.06970497255020897,0.0,0.0,0.0,0.0
2012-08-31,0.0,0.0,0.0,0.0,0.0,0.0,0.0,0.0,0.0,0.0,0.0,0.055667058138321734,0.0,0.0,0.0,0.0,0.0,0.0,0.002693228710442845,0.0,0.0,0.0,0.0,0.03523767152159864,7.202573800578994e-09,0.035719903809877815,0.01271217477729638,0.021797607730739455,0.0,0.0,0.007941819172216064,0.0,0.030475891711865846,0.06868670378914561,0.07968413081933165,0.0,0.11291170102841355,0.0,0.0,0.0,0.0,0.0,0.0,0.0,0.0,0.0,0.16887446010707943,0.0,0.0,0.0,0.12840469657815587,0.0,0.05499986072639653,0.042325609856606654,0.0,0.0,0.0,0.0,0.0,0.0,0.0,0.0,0.0,0.0,0.0,0.0,0.0,0.0,0.0,0.0,0.0,0.0,0.0,0.0,0.0,0.0,0.0,0.0,0.0,0.0,0.0,0.0,0.0,0.0,0.0,0.0,0.00928512480648334,0.0,0.05315530976659944,0.0,0.0,0.014022486951300898,0.06540455279555467,0.0,0.0,0.0,0.0
2012-09-30,0.0,4.417880281518883e-09,0.0,0.0,0.0,0.0,0.0,0.0,0.0,0.0,0.0,0.03394567126040233,0.0,0.0,0.0,0.0,0.0,0.0,0.0,0.0,0.0,0.0,0.0,0.0020088063157376775,0.0,0.018864463746057384,0.0,0.0,0.0,0.026109612517036047,0.008747054324123081,0.0,0.029522488725199726,0.07286779043549198,0.06453563163798881,0.0,0.10275102156145959,0.0,0.0,0.0,0.013434074224871057,0.0,0.0,0.0,0.0,0.0,0.04694161948389386,0.0,0.0,0.0,0.17556766741669297,0.0,0.06501212709719856,0.12862186552337126,0.0,0.0,0.0,0.0,0.0,0.0,0.0,0.05020010982779844,0.0,0.05564353464670053,0.0,0.0,0.0,0.0,0.0,0.0,0.0,0.0,0.0,0.0,0.0,0.0,0.0,0.0,0.0,0.0,0.0,0.0,0.0,0.0,0.0,0.0,0.03359163618458685,0.0,0.0,0.0,0.0,0.03274115288920602,0.038893667764303294,0.0,0.0,0.0,0.0
2012-10-31,0.0,2.630674140869275e-09,0.0,0.0,0.0,0.0,0.0,0.0,0.0,0.0,0.0,0.0,0.0,0.0,0.0,0.0,0.0,0.0,0.0,0.0,0.0,0.0,0.0,0.0,0.0,0.005464650901101496,0.0,0.0,0.0,0.0,0.0,0.0,0.0,0.049171971871218495,0.05726664242270285,0.06752352026807157,0.07762066755589649,0.0,0.0,0.0,0.0,0.0,0.0,0.0,0.0,0.0,0.01395181321060691,0.0,0.02092384105834535,0.0,0.05248803860011149,0.05177407980527085,0.054612626470208814,0.13199487229948553,0.009801262919099994,0.0,0.0,0.0,0.0,0.0,0.0,0.11221592682018518,0.05926764004448283,0.0938415441610792,0.04214415307251486,0.0,0.0,0.0,0.0,0.0,0.0,0.0,0.0,0.0,0.0,0.0,0.0,0.0,0.0,0.0,0.0,0.0,0.0,0.0,0.0,0.0,0.038762942079908776,0.0,0.0,0.0,0.0,0.011436313389567453,0.04973749041946768,0.0,0.0,0.0,0.0
2012-11-30,0.0,0.0,0.0,0.0,0.0,0.0,0.0,0.0,0.0,0.0,0.0,0.0,0.0,0.004077581465984685,0.0,0.0,0.0,0.0,0.0,0.0,0.0,0.0,0.0,0.0,0.0,0.0,0.0,0.0,0.0,0.0,0.0,0.0,0.0,0.038517983766567974,0.07537254073135989,0.08899131851406314,0.030290410078428198,0.0,0.0,0.0,0.0,0.0,0.0,0.0,0.0,0.0,0.0,0.0,0.0,0.0,0.07177429151137853,0.09062162784206293,0.0361932714185133,0.018482936013730633,0.007224107960811744,0.0,0.0,0.0,0.0,0.0,0.02375267404544969,0.07925272307652349,0.14980411416638434,0.11254074035937256,0.04673821544108029,0.0,2.5206200871012846e-09,0.0287588149601628,0.0,0.0,0.0,0.0,0.0,0.0,0.0,0.0,0.0,0.0,0.0,0.0,0.0,0.0,0.0,0.0,0.0,0.0,0.0327372056300447,0.0,0.0,0.0,0.0,0.0,0.04149233784136994,0.023377102656090974,0.0,0.0,0.0
2012-12-31,0.0,0.0,0.0,0.04157172296055046,0.0,0.0,0.0,0.0,0.0,0.0,0.0121787590675969,0.0,0.0,0.0,0.0,0.0,0.0,0.0,0.0,0.0,0.0,0.0,0.0,0.0,0.0,0.0,0.0,0.0,0.0,0.0,0.0,0.0,0.0,0.06223644086695903,0.05811632688756633,0.1802760505387267,0.05270062926365557,0.0,0.0,0.0,0.0,0.0,0.0,0.0,4.899693474688822e-09,0.0,0.0,0.0,0.0,0.0,0.08092650959137464,0.07417851444087213,0.012790191194244701,0.0,0.01059826721638889,0.0,0.0,0.0,0.0006369198319083659,0.0,0.0,0.0007372983963683866,0.0488325791984969,0.17970051109813506,0.05737155076783832,0.0,0.0,0.012039716768469783,0.0,0.0,0.0,0.0,0.0,0.0,0.0,0.0,0.0,0.0,0.0,0.0,0.0,0.0,0.0,0.0,0.0,0.0,0.05178340619109869,0.0,0.0,0.0,0.0,0.0,0.011232531343874518,0.05209206947618127,0.0,0.0,0.0
2013-01-31,0.0,0.0,0.0,5.70539589200826e-09,0.0,0.0,0.0,0.0,0.0,0.0,0.0,0.0,0.0,0.0,0.0,0.0,0.0,0.03518631098439672,0.0,0.0,0.0,0.0,0.0,0.0,0.0,0.0,0.0,0.0,0.08186623297991932,0.0,0.0,0.0,0.0,0.012189220348530793,0.066033873959014,0.10597339646595014,0.03896531860751742,0.0,0.0,0.0,0.0,0.0,0.0,0.0,0.0,0.0,0.0,0.0,0.0,0.0,0.0,0.04688774484280491,0.0,0.0,0.0,0.0,0.0,0.0,0.0,0.0,0.015027223825219087,0.0381795614969769,0.1562839529254222,0.008132463783694697,0.0,0.0,0.0,0.02154731433373905,0.04506603233073279,0.02356544038840642,0.0,0.0,0.0,0.11374336722264326,0.0,0.0,0.0,0.0,0.0,0.0,0.0,0.0,0.0,0.0,0.0,0.0,0.08390712703749557,0.0,0.0,0.0,0.0,0.0,0.0,0.06266256893197443,0.018740115443057637,0.0,0.026042728387108943
2013-02-28,0.0,0.0,0.0,0.0,0.0,0.0,0.0,0.0,0.0,0.0,0.0,0.0,0.0,0.0,0.0,0.0,0.0,0.06472241388645468,0.0,0.0,0.0,0.0,0.0,0.0,0.0,0.0,0.0,0.0,0.09422102884051234,0.0,0.0,0.0,0.0005050505092964334,0.07908043321696472,0.09663960795688703,0.09998867650382934,0.045814847723275855,0.0,0.0,4.8768325222161795e-09,0.0,0.0,0.0,0.08129652091457229,0.049628691650403324,0.0,0.0,0.0,0.0,0.0,0.0,0.0,0.0,0.0,0.0,0.0,0.0,0.0,0.0,0.0,0.0,0.0,0.0,0.0,0.0,0.0,0.0,0.028520313179680092,0.04338532344535999,0.021088267560758975,0.0,0.013120487960670748,0.0,0.06596985655836639,0.0,0.0,0.009749730346115834,0.009194624674170582,0.0,0.0,0.0,0.0,0.0,0.0,0.0,0.0,0.06934165283436663,0.0,0.0,0.0,0.0,0.0,0.0,0.10162983208704504,0.026102635274437357,0.0,0.0
2013-03-31,0.0,0.0,0.0,0.0,0.0,0.0,0.0,0.0,0.0,0.0,0.0231702409943787,0.0,0.0,0.0,0.0,0.0,0.0,0.0,0.0,0.0,0.0,0.0,0.0,0.0,0.0,0.0,0.0,0.0,0.07367318864707606,0.008552199414093582,0.0,0.0,0.03309836372633391,0.10667605430969523,0.13889575025201106,0.07386824799280832,0.07898970403900593,0.01891731567628704,0.0,0.019226034201358176,0.0,0.0,0.0,0.08386875550469565,0.11685034031794456,0.0,0.07685312813472393,0.0028612349500539555,0.0,0.0,0.0,0.0,0.0,0.0,0.0,0.0,0.0,0.0,0.0,0.0,0.0,0.0,0.0,0.0,0.0,0.0,0.0,0.0015976541022342478,0.0,0.0,0.0,0.0,0.0,0.0,0.0,4.00167096336972e-09,0.07251694002836474,0.03610821912998993,0.0,0.0,0.0,0.0,0.0,0.0,0.0,0.0,0.013204754603489272,0.021071869973784678,0.0,0.0,0.0,0.0,0.0,0.0,0.0,0.0,0.0
2013-04-30,0.0,0.0,0.0,0.0,0.0,0.11561231527538662,0.0,0.0,0.0,0.0,0.013873909585997272,0.0,0.0,0.0,0.0,0.0,0.0,0.015326463374932871,0.0,0.0,0.0,0.0,0.0,0.0,0.0,0.0,0.0,0.0,0.1753015794610082,0.038867084763399146,0.0,0.04486243961852003,3.635834242046738e-09,0.11685192546085177,0.14202226305370397,0.08467233643327128,0.04218292402046014,0.03145650439787648,0.0,0.000252953667580594,0.0,0.0,0.026093168242385615,0.00605081900822785,0.08087565530352786,0.0,0.030483581062840718,0.0,0.0,0.0,0.0,0.0,0.0,0.0,0.0,0.0,0.0,0.0,0.0,0.0,0.0,0.0,0.0,0.0,0.0,0.0,0.0,0.0,0.0,0.0,0.0,0.0,0.0,0.0,0.0,0.0,0.0059907122008355275,0.023078777311540667,0.0,0.0,0.0,0.0,0.0,0.0,0.0,0.0,0.006144584121819266,0.0,0.0,0.0,0.0,0.0,0.0,0.0,0.0,0.0,0.0
2013-05-31,0.0,0.0,0.0,0.0,0.01753465369015663,0.1437722352796747,0.0,0.0,0.0,0.0,0.0,0.0,0.0,0.0,0.0,0.0,0.0,0.0,0.0,0.0,0.0,0.0,0.0,0.007593926991145814,0.004792847469095701,0.0,0.0,0.010131609081309887,0.25,0.0682888795813614,0.01366875500509462,0.08119345385421442,0.03801671264652136,0.04260654127028766,0.07558197970915044,4.968806644461219e-09,0.0,0.043629258563437905,0.0,0.05981767814845104,0.0,0.0,0.07919700775639402,0.0,0.011091749065360654,0.0,0.0,0.0,0.0,0.0,0.0,0.0,0.0,0.0,0.0,0.0,0.0,0.0,0.0,0.0,0.0,0.0,0.0,0.0,0.0,0.0,0.0,0.0,0.0,0.0,0.0,0.0,0.0,0.0,0.0,0.0,0.00567434195554777,0.0,0.0,0.0,0.0,0.0,0.0,0.0,0.0,0.0,0.029419161161464747,0.017989203802524723,0.0,0.0,0.0,0.0,0.0,0.0,0.0,0.0,0.0
2013-06-30,0.0,0.008312826546198826,0.0,0.0,0.03035701343303405,0.24116033765368206,0.0,0.0,0.0,0.03258640867562665,0.014157812496020257,0.0,0.0,0.0,0.0,0.0,0.0,0.0,0.0,0.0,0.0,0.0,0.0,0.0,0.0,0.0,0.0,0.0,0.16391259531249025,0.05912801325137981,0.03109277226331722,0.028098442120350287,0.051909960529400515,0.06970018730919766,0.07210028002201792,0.05113872262504769,0.0,0.018777511555950224,0.0,0.02994649420259926,0.0,0.0,0.06391512728940954,0.0,0.0,0.0,0.0,0.0,0.0,0.0,0.0,0.0,0.0,0.0,0.0,0.0,0.0,0.0,0.0,0.0,0.0,0.0,0.0,0.0,0.0,0.0,0.0,0.0,0.0,0.0,0.0,0.0,0.0,3.798193787251147e-09,0.0,0.0,0.0,0.0,0.0,0.0,0.0,0.0,0.0,0.0005813371489983821,0.0,0.0,0.020096715299916756,0.0,0.0,0.0,0.0,0.0,0.0,0.0,0.013027438467168832,0.0,0.0
2013-07-31,0.0,0.007812473189065119,0.01858045716511738,0.01327800341387141,0.0,0.22553653516309013,0.0,0.0,0.0,0.24044953824522364,0.027154557095937133,0.0,0.0,0.0,0.0,0.0,0.0,0.0,0.0,0.0,0.0,0.0,0.0,0.0,4.924586716220115e-09,0.0,0.0,0.0,0.1375888760126158,0.09028051466161968,0.03968713532762743,0.02410809016235147,0.020453408022288604,0.0,0.0,0.0,0.0,0.0061657363927768855,0.0,0.0017832190830569354,0.00336185407596166,0.0,0.07275178776046862,0.0,0.0,0.0,0.0,0.0,0.0,0.0,0.0,0.0,0.0,0.0,0.0,0.0,0.0,0.0,0.0,0.0,0.0,0.0,0.0,0.0,0.0,0.0,0.0,0.0,0.0,0.0,0.0,0.0,0.0,0.02505505187295959,0.0,0.0,0.0,0.0,0.0,0.0,0.0,0.0,0.012904876143395944,0.017503679246493313,0.0,0.0,0.015544202041492578,0.0,0.0,0.0,0.0,0.0,0.0,0.0,0.0,0.0,0.0
2013-08-31,0.0,0.0,0.021932708186092796,0.02877173337740846,0.004419685655281276,0.2301942667325486,0.0,3.8687119187384745e-09,0.0,0.228700690097595,0.022949798994161434,0.0,0.0,0.0,0.0,0.0,0.0,0.0842549795634377,0.0,0.0,0.0,0.0029856273296104113,0.0,0.0,0.0,0.03831475617036645,0.0,0.0,0.09870316951034036,0.07059481304786885,0.0125688893904907,0.009315265416579517,0.0,0.0,0.0,0.0,0.0,0.0,0.0,0.003521117676130601,0.0,0.0,0.0,0.0,0.0,0.0,0.0,0.0,0.0,0.0,0.0,0.0,0.0,0.0,0.0,0.0,0.0,0.0,0.0,0.0,0.0,0.0,0.0,0.0,0.0,0.0,0.0,0.0,0.0,0.0,0.0,0.0,0.0,0.0,0.0,0.0,0.0,0.0,0.009676981155146197,0.0,0.0,0.0,0.0,0.07419481218087365,0.015720421127535085,0.0,0.03669558336311345,0.0,0.006484697156707303,0.0,0.0,0.0,0.0,0.0,0.0,0.0,0.0
2013-09-30,0.0,0.0,0.016930498604840853,0.07169214349586332,0.020575051664880713,0.21470571809301964,0.0,0.01151203410006056,0.0,0.25,0.0,0.0,0.0,0.025166168680870037,0.0,0.0,0.0,0.05143504953330366,0.0,0.0,0.0,0.04019214504737814,0.0,0.0,0.0,5.305145870616082e-09,0.0,0.0,0.0,0.015232209314866456,0.0,0.0,0.0,0.0,0.0,0.0,0.0,0.0,0.0,0.05300713108201509,0.0,0.0,0.0,0.0,0.0,0.0,0.0,0.0,0.0,0.0,0.0,0.0,0.0,0.0,0.0,0.0,0.0,0.0,0.05560371181290477,0.0,0.0,0.0,0.0,0.0,0.0,0.0,0.0,0.0,0.0,0.0,0.0,0.0,0.0,0.0,0.009313505802923405,0.0,0.0,0.0,0.002179931485802391,0.0,0.0,0.0,0.0,0.04593554290173865,0.04868049928752984,0.0,0.011815624437732316,0.015704158552186664,0.04031887079693775,0.0,0.0,0.0,0.0,0.0,0.0,0.0,0.0
2013-10-31,0.0,0.0,0.006414434796324023,0.08252388908683907,0.0,0.1586206056188165,0.0,3.38533154467637e-09,0.0,0.16902928229626163,0.09481681985324311,0.0,0.0,0.0023760610825569943,0.0,0.0,0.0,0.12770120303402216,0.0,0.0,0.0,0.010726124434275062,0.0,0.0,0.0,0.0,0.0,0.0,0.01473521138309504,0.0,0.0,0.0,0.0,0.0,0.0,0.0,0.0,0.0,0.014099044067619073,0.0,0.0,0.017243612493799142,0.0,0.011058660044505791,0.0,0.0,0.01026178721956061,0.0,0.0,0.0,0.0,0.0,0.0,0.0,0.0,0.0,0.0,0.0,0.0,0.0,0.0,0.0,0.0,0.0,0.0,0.0670423001056264,0.0,0.0,0.0,0.0,0.0,0.0,0.0,0.0,0.0,0.0,0.0,0.0,0.04958452806222544,0.0,0.0,0.0,0.0,0.02960537008151911,0.0,0.0,0.02326648537247346,0.0,0.010552128507608501,0.0,0.0,0.0,0.0,0.0,0.0,0.0,0.10034244907429721
2013-11-30,0.0,0.0,3.376435833681995e-09,0.05566377672493726,0.0,0.10440379996071537,0.0,0.0,0.0,0.2108377138829277,0.07183088001122735,0.0,0.0,0.0,0.0,0.0,0.0,0.08111210932764396,0.0,0.0,0.0,0.014604633981772044,0.0,0.0,0.0,0.016525874119278076,0.0,0.0,0.04585090948202766,0.0,0.0,0.0,0.0,0.0,0.0,0.0,0.0,0.0,0.024831678748084503,0.018223069507679768,0.021733096928302772,0.0,0.0,0.01526983777318856,0.0,0.0,0.08323380973273488,0.0,0.0,0.0,0.0,0.0,0.0,0.0,0.0,0.0,0.0,0.0,0.0,0.0,0.0,0.0,0.0,0.0,0.006582959447094849,0.12819464363096209,0.014673745582956935,0.0,0.0,0.0,0.0,0.0,0.0,0.0,0.07159131488178616,0.0,0.0,0.0,0.006525073011965406,0.0,0.008311069888278545,0.0,0.0,0.0,0.0,0.0,0.0,0.0,0.0,0.0,0.0,0.0,0.0,0.0,0.0,0.0,0.0
2013-12-31,0.0,0.0,0.0,3.00368171643493e-09,0.0,0.07113470409510722,0.0,0.0,0.0,0.16907492893470624,0.0,0.0,0.0,0.0,0.0,0.0,0.0,0.23280037707810264,0.0,0.0,0.0,2.594839484516849e-05,0.0,0.0,0.0,0.05089225314564425,0.0,0.0,0.05111669434739879,0.005686321632689582,0.0,0.0,0.0,0.022153365637981013,0.0,0.0,0.0,0.0,0.0,0.003000873209328664,0.0,0.0,0.0,0.0,0.0,0.0,0.011847818456439294,0.0,0.0,0.0,0.0,0.0,0.0,0.0,0.0,0.0,0.0,0.0,0.0,0.0,0.0,0.0,0.0,0.0,0.0,0.14392121256491447,0.008134627936661946,0.0,0.0,0.01725318280089342,0.0,0.0,0.0,0.0,0.0904314000746298,0.0,0.0,0.0,0.0270395209766109,0.004529500118988803,0.08322093434240242,0.0,0.0,0.0,0.0,0.0,0.0,0.0017081601881738637,0.0,0.0,0.0,0.0060281730607995715,0.0,0.0,0.0,0.0,0.0
2014-01-31,0.0,0.0,0.0,0.0,0.0,0.056568579802708005,0.0,0.0,0.0,0.07369855820074395,0.0,0.0,0.0,0.0,0.0,0.0,0.0,0.25,0.0,0.0,0.0,0.0,0.0,0.0,0.0,0.0,0.0,0.0,0.11275636415860721,0.0,0.0,0.0,0.0,0.07458480809149753,0.0023930047660444464,0.0038249688821398314,0.0,0.0,0.0,0.0,0.0,0.0,0.0,0.04034029639546676,0.012035529695043179,0.0,0.0009440488510567414,0.0,0.0,0.0,0.0,0.0,0.0,0.0,0.0,0.0,0.0,0.0,0.0,0.0,0.0,0.0,0.0,0.0,0.0,0.15101581714302958,0.03952994656780016,0.0,0.0,0.00712477196388603,0.0,0.0,0.039072857589179874,0.0,0.044845944097468136,0.0,0.00515817485864366,0.0,0.0,0.02180508845250388,0.05225636024637991,0.0,0.0,0.0,0.012044875715902344,0.0,0.0,0.0,0.0,0.0,0.0,0.0,0.0,4.521898873108312e-09,0.0,0.0,0.0
2014-02-28,0.0,0.0,0.0,0.0,0.0,0.03418061744355386,0.0,0.0,0.0,0.0,0.0,0.0,0.0,0.0,0.0,0.0,0.0,0.042603495375501226,0.0,0.0,0.0,0.0,0.0,0.0,0.0,0.05214070044055682,0.0,0.0,0.13680959290276423,0.04091857631847944,0.0,0.04015286333911896,0.0,0.09095575521719582,0.002887624498110086,0.0326873956416293,0.0,0.0,0.0,0.0,0.009457469035984375,0.0,0.0,0.07624574632667482,0.04362057161782451,0.0,3.6904042795100535e-09,0.0,0.0,0.0,0.0,0.0,0.0,0.0,0.0,0.0,0.0,0.0,0.0,0.0,0.0,0.0,0.0,0.0,0.0,0.08881201703117513,0.0,0.0,0.0,0.0,0.0,0.0,0.11081362343916555,0.10890703942573776,0.0,0.0,0.0,0.0,0.0,0.0,0.03410166580480125,0.0,0.0,0.0,0.013424552114242821,0.0,0.0,0.0,0.0,0.0,0.0,0.0071353556261513785,0.0,0.03414533471092841,0.0,0.0,0.0
2014-03-31,0.0,0.0,0.0,0.0,0.0,0.10548024131269848,0.0,0.0,0.0,0.09326992838890033,0.0,0.0,0.0,0.0,0.0,0.0,0.0,0.014509566228517134,0.0,0.0,0.0,0.0,0.0,0.0,0.0,0.0,0.0,0.0,0.07328978198362335,0.02251082855538415,0.0,0.026440566345838117,0.0,0.05825113755556653,0.005315147789704305,5.2930846451342105e-09,0.0,0.0,0.0,0.0,0.0,0.0,0.0,0.07542398104367824,0.029136796876110625,0.0,0.0,0.06750785055670926,0.0,0.0,0.0,0.0,0.0,0.06091836897877883,0.0,0.0076204431271259905,0.0,0.0,0.0,0.0,0.02844544019148887,0.0,0.0,0.0,0.0,0.14556460220504533,0.0,0.0,0.0,0.0,0.0,0.0,0.0765766366445207,0.08737415339197224,0.0,0.0,0.0,0.0,0.0,0.0,0.0,0.0,0.0,0.0,0.0,0.0,0.0,0.0,0.0,0.0,0.0,0.0,0.0,0.0015797739042085184,0.0,0.020784749627044515,0.0
2014-04-30,0.0,0.0,0.0,0.0,0.0,0.03240905967644976,0.0,0.0,0.0,0.04325043930928001,0.0,0.0,4.006338177770973e-09,0.0,0.0,0.0,0.0,0.10904620482507851,0.0,0.0,0.0,0.0,0.0,0.0,0.0,0.0,0.0,0.0,0.06746798123136327,0.06928566377386201,0.0,0.04666390982370552,0.0,0.03235484882526291,0.001943682823832679,0.0,0.0,0.0,0.0,0.0,0.0,0.0,0.0,0.07361671305651538,0.03595125116077302,0.0,0.0,0.07766556856299522,0.0,0.0,0.0,0.0,0.0,0.03497325918983203,0.0,0.0,0.0,0.0,0.0,0.0,0.005850130943713434,0.0,0.0,0.0,0.0,0.12265709491837568,0.0,0.0,0.0,0.0,0.0,0.0,0.06970216429028128,0.12002548722054701,0.0,0.0,0.0,0.0,0.0,0.0,0.0,0.0,0.0,0.0,0.010799785029228164,0.0,0.0,0.0,0.0,0.0,0.0,0.0,0.0,0.007922625617173124,0.038414125715392794,0.0,0.0
2014-05-31,0.0,0.0,0.0,0.0,0.0,0.06760943374867055,0.0,0.0,0.0,0.021898017882223106,0.0,0.0,0.0,0.0,0.0,0.0,0.0,0.0,0.0,0.0,0.0,0.0,0.03393564867452093,0.0,0.0,0.002364311315265747,0.0,0.0,0.060320589317500464,0.00012862853838105652,0.0,0.06244329661170278,0.0,0.0001043843295795488,0.0,0.0,0.0,3.5632659393004306e-09,0.0,0.0,0.0,0.0,0.0,0.05863031797966971,0.05228061278453457,0.0,0.003434973633883873,0.10402795621419018,0.0,0.0,0.0,0.0,0.0,0.07959758753955559,0.0,0.02682458150663676,0.0,0.0,0.0,0.0,0.0,0.0,0.0,0.0,0.0,0.25,0.0,0.0,0.0,0.0,0.0,0.0,0.05300918792303244,0.0966346886282315,0.0,0.0,0.0,0.0,0.0,0.0,0.0,0.0,0.0,0.0,0.014189922136235576,0.0,0.0,0.0,0.0,0.0,0.0,0.0,0.0,0.0,0.012565857672919572,0.0,0.0
2014-06-30,0.0,0.0,0.0,4.599420562705246e-09,0.0,0.07526959431071452,0.0,0.0,0.0,0.032669830765383115,0.0,0.014804606146508185,0.0,0.0,0.0,0.0,0.0,0.0,0.0,0.0,0.0,0.0,0.02207473805515418,0.0,0.0,0.0,0.0,0.0,0.14525558493193935,0.001673574264694595,0.0,0.016622906625676562,0.0,0.0,0.0,0.0,0.0,0.09144414243867399,0.0,0.006127349282021801,0.008558050802465078,0.0,0.0,0.028040154758181134,0.021903930394085457,0.0,0.0,0.13007688193669828,0.0,0.0,0.0,0.0,0.0,0.04701328977864172,0.0,0.0384219245670638,0.0,0.0,0.0,0.0,0.0,0.0,0.0,0.0,0.04055915078267129,0.25,0.0,0.0,0.0,0.0,0.0,0.0,0.010517202920536322,0.018967082639470174,0.0,0.0,0.0,0.0,0.0,0.0,0.0,0.0,0.0,0.0,0.0,0.0,0.0,0.0,0.0,0.0,0.0,0.0,0.0,0.0,0.0,0.0,0.0
2014-07-31,0.0,0.0,0.0,0.023588875285488614,0.0,0.12724506025021654,3.5483274137139063e-09,0.0,0.0,0.05550633644050719,0.0,0.0,0.023717134798774263,0.0,0.0,0.0,0.0,0.04364160907678608,0.0,0.0,0.0,0.0,0.0,0.0408150601285146,0.0,0.0,0.0,0.0,0.10007232496583933,0.030595563076322496,0.0,0.021528311497727323,0.0,0.0,0.0,0.0,0.0,0.014261446947330211,0.0029789511196697707,0.03773563554232318,0.0,0.0,0.0,0.0,0.006755294112130703,0.0,0.016027676484539267,0.13320788889044696,0.0,0.0,0.0,0.0,0.0,0.005577903803665481,0.0,0.0,0.0,0.0,0.0,0.0,0.0,0.0,0.0,0.0,0.06115760487808435,0.22053545788220288,0.0,0.0,0.0,0.0,0.0,0.0,0.0,0.0,0.0,0.0,0.0,0.0,0.0,0.035051861271103275,0.0,0.0,0.0,0.0,0.0,0.0,0.0,0.0,0.0,0.0,0.0,0.0,0.0,0.0,0.0,0.0,0.0
2014-08-31,0.0,0.0,0.025432781612984456,0.0,0.0,0.03326599517577826,0.0,0.04481824811154469,0.0,0.0,0.008099408666199393,0.0,0.0,0.019416167736622515,0.0,0.0,0.12739866612920786,0.05384026205634961,0.0,0.0,0.0,0.0,0.0,0.09133583885783313,0.0,0.0,0.0,0.0,0.10817656437480314,0.026395933331227094,0.0,0.0,0.0,0.0,0.0,0.0,0.0,0.12193127582886563,0.0,0.00301903991938252,0.0,0.0,4.887599907748745e-09,0.0,0.0,0.0,0.008707986490563976,0.0,0.0,0.0,0.0,0.0,0.0,0.0,0.0,0.0,0.0,0.0,0.0,0.0,0.0,0.0,0.0,0.0,0.029118743620995445,0.008790500870844892,0.0,0.0,0.0,0.0,0.0,0.0,0.09239650139682618,0.1845788091210425,0.0,0.0,0.010678032248924878,0.0,0.0,0.0,0.0,0.0,0.0,0.0,0.0,0.0,0.0025992395624038606,0.0,0.0,0.0,0.0,0.0,0.0,0.0,0.0,0.0,0.0
2014-09-30,0.0,0.0,0.0,0.0,0.0,0.02494057374715799,0.0,0.009213085210838244,0.0,0.0,0.0,0.0,0.0,0.0,0.0,0.0,0.10770410760611848,0.0,0.0,0.0,0.0,0.0,0.0,0.08821745933531278,0.020626577454913343,3.2437045754874915e-09,0.0,0.0,0.07916735152177191,0.03575867408261948,0.0,0.01758725399234996,0.0,0.0,0.0,0.0,0.0,0.1466113347076499,0.0,0.0,0.0,0.01044069718171377,0.0,0.0,0.0,0.0,0.0,0.0,0.0,0.0,0.021286538444983228,0.0,0.008684800226001725,0.014020767518653764,0.0,0.0,0.0,0.03427686145280956,0.0,0.0,0.0,0.0,0.0,0.0,0.06311083159604304,0.0,0.0,0.0,0.0,0.0,0.0,0.0,0.029159450301456665,0.22219726480294513,0.0,0.0,0.03531277476795859,0.0,0.0,0.0,0.0,0.0,0.0,0.0,0.0,0.0,0.031683592804997815,0.0,0.0,0.0,0.0,0.0,0.0,0.0,0.0,0.0,0.0
2014-10-31,0.0,0.0,0.0,0.0,0.0,0.0,0.0,0.005545588684493596,0.0,0.0,0.0,0.0,0.0,0.0,0.0,0.0,0.0,0.07437354121635444,0.0,0.0,0.0,0.0,0.0,0.08438155080978177,0.03768780350800794,0.0,0.017685839802158973,0.0,0.1093901073920196,0.08624857297161155,0.014280600127564793,0.011096248993688346,3.1135717178257304e-09,0.0,0.0,0.0,0.0,0.08725372086323402,0.0,0.0,0.0,0.006463048049697162,0.0,0.0,0.0,0.0,0.0,0.0,0.0,0.0,0.0,0.0,0.0,0.0,0.0,0.0,0.0,0.0,0.0,0.0,0.0,0.0,0.0,0.0,0.0,0.0,0.0,0.0,0.0,0.0,0.0,0.0,0.041413705077148366,0.25,0.0,0.0,0.057731436144501144,0.0,0.0,0.0,0.0,0.0,0.0,0.01694082730908008,0.0,0.0,0.03602359155310016,0.0,0.0,0.0,0.0,0.026186560656491626,0.005587645286784039,0.0,0.0,0.0,0.03170960844071056
2014-11-30,0.0,0.0,0.0,0.0,0.0,0.0,0.0,0.0,0.0,0.0,0.0,0.0,0.0,0.0,0.0,0.0,0.0,0.06472650762341163,0.0,0.0,0.0,0.0,0.0,0.07286070109970222,0.06604764433950341,0.0,0.02545015532082705,3.6315696556783997e-09,0.0353505320423107,0.05717575847496323,0.0003962350278815007,0.06398960920721185,0.006174149235495524,0.0,0.00683266848033315,0.0,0.0,0.0,0.0,0.0,0.0,0.0,0.0,0.0,0.0,0.0,0.0,0.0,0.0,0.0,0.0,0.0,0.0031996331386684633,0.0,0.0,0.0,0.0,0.0,0.0,0.0,0.0,0.0,0.0,0.0,0.0,0.0,0.0,0.0,0.0,0.0,0.0,0.0,0.08348314201283571,0.25,0.0,0.02872267720893783,0.12488778300231801,0.0,0.0,0.0,0.0,0.0,0.0,0.04788866039687427,0.0,0.0,0.0,0.0,0.0,0.0,0.0,0.02590364223457462,0.03353686951490886,0.003373628007672373,0.0,0.0,0.0
2014-12-31,0.0,0.0,0.0,0.0,0.0,0.0,0.0,0.0,0.0,0.0,0.0,0.0,0.0,0.0,0.0,0.0,0.0,0.018403129393700875,0.0,0.0,0.0,0.0,0.0,0.0,0.07306760497585632,0.0,0.014189660661837456,0.00029324098968399573,0.0,0.016099618309474695,0.0,0.023866553311060378,0.0,3.932857159113205e-09,0.0731418884657095,0.0,0.0,0.01631939254230932,0.0,0.0,0.0,0.0,0.0,0.0,0.0,0.0,0.0,0.0,0.0,0.0,0.0,0.0,0.0,0.0,0.0,0.0,0.0,0.04955669829052607,0.0,0.0,0.0,0.0,0.0,0.0,0.0,0.0,0.0,0.005163464558097443,0.0,0.0,0.0,0.0,0.07260027920491095,0.25,0.0,0.045408260789311775,0.11057182526948525,0.0,0.0,0.0,0.0,0.0,0.0,0.0565798487677828,0.0,0.0,0.0,0.0,0.0,0.0,0.0,0.05788706314051674,0.04113775783328426,0.02279012511783195,0.0,0.0,0.05292358444576313
2015-01-31,0.0,0.0,0.0,0.0,0.0,0.0,0.0,0.0,0.0,0.0,0.0,0.0,0.0,0.0,0.0,0.0,0.0,0.0,0.0,0.0,0.0,0.0,0.0,0.0,0.10820721252200659,0.0,0.004633881834456348,0.04165280130507285,0.0052443028840809276,0.04109121570333134,0.0,0.168005163306833,0.0,5.2970487362308856e-09,0.05732748146371441,0.0,0.0,0.005326431153353142,0.0,0.0,0.0,0.0,0.0,0.0,0.0,0.0,0.0,0.0,0.0,0.0,0.0,0.0,0.0,0.0,0.0,0.0,0.0,0.08984281769050055,0.0,0.0,0.0,0.0,0.0,0.0,0.0,0.0,0.0,0.0,0.0,0.0,0.0,0.0,0.0,0.16572369479619412,0.0,0.00306520894936793,0.0,0.0,0.0,0.0,0.0,0.0,0.019192357687486172,0.06360213025679103,0.0,0.0,0.0,0.028603060084718947,0.0,0.008377920300189452,0.0,0.06172853114898628,0.09565511928553332,0.030766777286521923,0.0,0.0,0.0019538870438131294
2015-02-28,0.0,0.0,0.0,0.0,0.0,0.0,0.0,0.0,0.0,0.0,0.0,0.0,0.0,0.0,0.0,0.0,0.0,0.0,0.0,0.0,0.0,0.0,0.0,0.0,0.04460242096863211,0.0,0.0,0.01702361268147581,0.0,0.020751164490673085,0.0,0.16216801481334409,0.0,0.018780698431470483,0.036196269083155784,0.0,0.0,0.0,0.0,0.0,0.0,0.0,0.0,0.0,0.0,0.0,0.0,0.0,0.0,0.0,0.0,0.0,0.039667810155908284,4.277475838333288e-09,0.0,0.0,0.034844360734714135,0.12229329387483087,0.0,0.0,0.0,0.02953531634935226,0.0,0.0,0.0006040501960035259,0.10612080253876802,0.0,0.0,0.0,0.0,0.0,0.0,0.0024112075860358447,0.0,0.0,0.0,0.0,0.0,0.0,0.0,0.0,0.0,0.0,0.07135983459527566,0.0,0.0,0.0,0.0,0.0,0.03949035570470872,0.0,0.10846969767958936,0.05421155702127585,0.07493856572089973,0.0,0.0,0.016530963096410656
2015-03-31,0.0,0.0,0.0,0.0,0.0,0.0,0.0,0.0,0.0,0.0,0.0,0.0,0.0,0.0,0.0,0.0,0.0,0.0,0.0,0.0,0.0,0.0,0.0,0.0,0.0,0.0,0.0,0.0,0.0,0.0,0.0,0.1645628870567986,0.0,0.1325535816971559,0.0791777967176675,0.0,0.0,0.0,0.0,0.0,0.0,0.0,0.0,0.0,0.0,0.0,0.0,0.0,0.019384224004173136,0.0,0.0010212941588891482,0.0,0.0,0.005147342871256242,0.0,0.0,0.016701483639187262,0.04593948977988616,0.0,0.0,0.0,0.12695021257198197,0.03779055830398179,0.0,5.473323018152986e-09,0.07687095081404698,0.0,0.0,0.0,0.0,0.0,0.0,0.0,0.0,0.0,0.0,0.0,0.0,0.0,0.0,0.0,0.0,0.0,0.05325544766186463,0.0,0.0,0.0,0.0,0.0017968912808868222,0.05344549490590581,0.0,6.83186320211426e-05,0.006747064834577113,0.14919901516298315,0.0011315555224622352,0.0,0.02825638491095152
2015-04-30,0.0,0.0,0.0,0.0,0.0,0.011607895923144573,0.0,0.0,0.0,0.0,0.0,0.0,0.0,0.0,0.0,0.0,0.0,0.0,0.0,0.0,0.0,0.0,0.0,0.0,0.0,0.0,0.0,0.0,0.0,0.0,0.0,0.0015985050851921175,0.0,0.09861231831152296,0.019790473457897473,0.0,0.0,0.021705725474077012,0.0,0.0,0.05465402140313006,0.0,0.0,0.0,0.0,0.0,0.0,0.0,0.031423538967743886,0.0,0.04833608280946795,5.30988164658677e-09,0.0,0.005920547974801967,0.0,0.015138132960752008,0.0,0.08562275548376377,0.0,0.0,0.0,0.14297246017929338,0.09138251446173225,0.0,0.0,0.04740866698198752,0.0,0.0,0.0,0.0,0.0,0.0,0.0,0.0,0.0,0.0,0.0,0.0,0.0,0.0,0.0,0.0,0.0,0.018281793491118928,0.0,0.0,0.0,0.0,0.0,0.0,0.0,0.001013119340346844,0.0,0.142349746550456,0.05413948513890713,0.0,0.10804221069478269
2015-05-31,0.0,0.0,0.0,0.0,0.0,0.1104543969623839,0.0,0.0,0.0,0.152497479381104,0.0,0.0,0.0,0.0,0.0,0.0,0.0,0.0,0.0,0.0,0.0,0.0,0.0,0.0,0.0,0.0,0.0,0.0,0.0,0.0,0.0,0.002347537267925716,0.0,0.0034129019661190505,0.0,0.0,0.0,0.0,0.0,3.757579028971934e-09,0.012877973048770761,0.0,0.0,0.0,0.04068419427581615,0.0,0.0137623584554267,0.04320009078686793,0.10262171496196931,0.0,0.04624637543274245,0.0,0.0,0.0,0.0,0.05769466518375116,0.0,0.0,0.0,0.0,0.0,0.04171783868517917,0.03758216274075305,0.009959093729576096,0.0,0.09040355547237885,0.0,0.0,0.0,0.0,0.0,0.0,0.0,0.0,0.0,0.0,0.0,0.0,0.0,0.0,0.0,0.0,0.0,0.0,0.0,0.0,0.05748614787266998,0.0,0.0,0.0,0.0,0.0,0.0,0.047099548486604755,0.008132428702377981,0.0,0.12181953283000374
2015-06-30,0.0,0.0,0.0,0.0,0.0,0.06854368110127403,0.0,0.0,0.0,0.09413162277332628,0.0,0.0,0.0,0.0,0.0,0.0,0.0009661354845069154,0.0,0.0,0.0,0.0,0.0,0.0,0.00406511918785631,0.0,0.0,0.0,0.0,0.0,0.03137108551161192,0.0,0.0,0.0,0.03092291976797526,0.006827078590209753,0.0,0.0,0.0,0.0,0.00754453328318411,0.004792566770801924,0.0,0.0,0.0,0.03540107616532742,0.0,0.0,4.28329563955149e-09,0.1290549901829451,0.0,0.06743903613318064,0.0,0.0,0.0,0.0,0.0,0.0,0.0,0.0,0.0,0.0,0.0,0.0,0.0,0.0,0.0,0.0,0.0,0.0,0.0,0.0,0.0,0.0,0.0,0.0,0.0,0.0,0.0,0.0,0.0,0.0,0.0,0.0,0.0,0.004446140132608878,0.0,0.06078334833552744,0.00724848682902303,0.0,0.0,0.0,0.012455503861919378,0.0,0.09842196313333397,0.09272563251360345,0.0,0.24285907595848868
2015-07-31,0.0,0.0,0.0,0.0,0.0,0.0,0.0,0.0,0.0,0.01717020820451703,0.026084550778204794,0.0,0.0,0.0,0.0,0.0,0.1733760660175131,0.021757101096227926,0.0,0.0,0.0,0.0,0.0,0.09902947384697694,0.0,0.0,0.0,0.0,0.0,0.0,0.0,0.0,0.0,0.035701786468432695,0.008818923879073575,0.01802316451981027,0.03879533899290728,0.0,0.0,0.0,0.0,0.0,0.0,0.03795507778594898,0.0,0.0,4.511114095637899e-09,0.06456924410741474,0.0,0.0,0.0,0.0,0.0,0.0,0.0,0.0,0.0,0.0,0.0,0.0,0.0,0.0,0.0,0.0,0.0,0.0,0.0,0.0,0.0,0.0,0.0,0.0,0.0,0.0,0.0,0.0,0.04988850728118881,0.022092480398776072,0.0,0.0,0.0,0.0,0.0,0.0,0.013953899973582581,0.0,0.08918613348146001,0.10261973720611721,0.0,0.0,0.0,0.0,0.0,0.03230340709973177,0.08981581406410268,0.0,0.05885908028689954
2015-08-31,0.0,0.0,0.0,0.0,0.0,0.0,0.0,0.0,0.0,0.03452764572891569,0.0,0.0,0.0,0.0,0.0,0.0052606622502336005,0.03917839642283491,0.0,0.0,0.0,0.0,0.0,0.0,0.07782037960316149,0.0,0.0,0.0,0.0,0.0,0.0,0.0,0.0,0.0,0.06726933973545586,0.050453286688012564,0.03629198733535242,0.08752927318107982,0.0,0.019555782143442117,0.0150326977644731,0.0,0.0,0.0,0.0,0.0,0.0,0.0,0.0,0.0,0.0422191745704478,0.0,0.0,0.0,0.0,0.0,0.0,0.0,0.0,0.0,0.0,0.0,0.0,0.0,0.0,0.0,0.0,0.0,0.0,0.0,0.0,0.0,0.0,0.0,0.0,0.0,5.433797377535965e-09,0.08714484428307759,0.06726839138741962,0.0,0.0,0.0,0.0,0.0,0.0,0.01005351776644057,0.0,0.07533970142921544,0.1148169240360627,0.0,0.0,0.0,0.009703573414299928,0.0,0.07839914187044422,0.0821352749558333,0.0,0.0
2015-09-30,0.0,0.0,0.0,0.0,0.0441610936819671,0.0,0.0,0.0,0.0,0.06653791723232545,0.0,0.0,0.0,0.020998103037928397,0.0,0.0,0.022277910397187437,0.0,0.0,0.0,0.0,0.004414195339324954,0.0,0.015669528492490474,0.0,0.0,0.0,0.0,0.0,0.0,0.0,0.0,0.0,0.003295666528395326,0.0,0.05051304604216009,0.1525414274196804,0.0,0.0,0.0,0.0,0.0,6.311819491099451e-09,0.0,0.0,0.0,0.0,0.0,0.0,0.03797301998616272,0.0,0.0,0.0,0.0,0.0,0.0,0.0,0.0,0.0,0.0,0.0,0.0,0.0,0.0,0.0,0.0,0.0,0.0,0.0,0.0,0.0,0.0,0.0,0.0,0.0,0.0,0.022396730623631223,0.015136203417738648,0.04259445794529556,0.0,0.0,0.0,0.0,0.0,0.0,0.0,0.026393141714113205,0.0983211089122965,0.0,0.0,0.0,0.051746203364082984,0.0,0.10932845347814774,0.1682813723816366,0.047420413693615805,0.0
2015-10-31,0.01907371246260445,0.0,0.0,0.0,0.008136712179179386,0.0,0.0,0.0,0.0,0.0,0.0,0.0,0.0,0.0033745266364283363,0.0,0.0,0.0,0.0,0.0,0.0,0.0,0.011772683868688428,0.0,0.0,0.0,0.0,0.0,0.0,0.0,0.0,0.0,0.0,0.0,0.11518703624472203,0.05865058562209571,0.07375744891466599,0.21341654238181784,0.0,0.0,0.0,0.0,0.0,0.0,0.0,0.0,0.0,0.0,0.0,0.0,0.1304034276028113,0.007108419656128942,0.0,0.014891110687351126,0.0,0.0,0.0,0.0,0.0,0.0,0.0,0.0,0.0,0.0,0.0,0.0,0.0,0.0,4.71011936623308e-09,0.0,0.0,0.0,0.0,0.0,0.0,0.0,0.0,0.0,0.009258660880986204,0.0,0.0,0.0,0.0,0.009715659445023988,0.03526287894763314,0.00981387151581256,0.0,0.0,0.03306470784671809,0.0,0.0,0.0,0.0,0.02819922715176725,0.10349851706694445,0.11541426617850158,0.0,0.0
2015-11-30,0.023496168260162438,0.0,0.0,0.019261514658758385,0.019824388550532084,0.007768391195390927,0.0,0.0,0.0,5.035334637816303e-09,0.0,0.0,0.0,0.05024688974249353,0.0,0.0,0.0,0.0,0.0,0.0,0.0,0.02495366740728607,0.0,0.0,0.0,0.0,0.0,0.0,0.0,0.0,0.0,0.0,0.0,0.09374970943245836,0.03705598086756891,0.10044440909610536,0.1309996644121282,0.0,0.0,0.0,0.0,0.0,0.0,0.0,0.0,0.0,0.0,0.0,0.0,0.2120203851952684,0.0,0.0,0.030314708387540308,0.0,0.0,0.0,0.0,0.0,0.0,0.0,0.0,0.0,0.0,0.0,0.0,0.0,0.0,0.0,0.0,0.0,0.0,0.0,0.0,0.0,0.0,0.0,0.0,0.006252590852805469,0.0,0.0,0.0,0.0,0.0,0.01262169063205282,0.03861427833895913,0.0,0.0,0.054179588231500535,0.0,0.0,0.0,0.0,0.0,0.07127347677060362,0.05548165961249361,0.011440833320557346,0.0
2015-12-31,0.013621366110628096,4.687401170282078e-09,0.0,0.0,0.005764695915919874,0.030361302594407048,0.0,0.0,0.0,0.02706956447993919,0.0,0.0,0.0,0.02289376444811416,0.0,0.0,0.0,0.0,0.0,0.0,0.0,0.024020548564040355,0.0,0.0,0.0,0.0,0.0,0.0,0.0,0.0,0.0,0.0,0.0,0.09051343707809052,0.07478930546189294,0.08461788972290113,0.07687352548241792,0.0,0.0,0.0,0.0,0.0,0.0,0.0,0.0,0.0,0.0,0.0,0.0,0.24448075983277287,0.0,0.0,0.018845093163131054,0.0,0.0,0.0,0.0,0.0,0.0,0.0,0.0,0.0,0.0,0.0,0.0,0.0,0.0,0.0,0.0,0.0,0.0,0.0,0.0,0.0,0.0,0.0,0.0,0.007240328465847357,0.0,0.0,0.0,0.0,0.0,0.017203059034486358,0.027525782122174686,0.0,0.0,0.010687652798897088,0.0,0.0,0.0,0.0,0.03456862496596058,0.1197690845020976,0.06915421056887991,0.0,0.0
2016-01-31,0.0011908377734188862,0.025586411296952438,0.0,0.0,0.0,0.0,0.0,0.0,0.0,0.0,0.0,0.0,0.0,0.0,0.0,0.0,0.0,0.0,0.0,0.0,0.0,0.0,0.0,0.0,0.0,0.0,0.0,0.0,0.0,0.0,0.0,0.0,0.0,0.051996501626616266,0.0,0.025611738574680264,0.0,0.02314918490772479,0.0,0.0,0.0,0.0,0.0,0.0,0.0,0.0,0.0,0.0,0.030855948361802877,0.25,0.11858186735716106,0.0,0.0845260869122426,0.0,6.075898919909597e-09,0.0972937619650305,0.0,0.0028418069854291355,0.008901694925756529,0.0,0.034364136086097403,0.0,0.0,0.039582598972968584,0.0,0.08867262762108057,0.0,0.0,0.0,0.0,0.0,0.0,0.0038346942943710324,0.0,0.0,0.0,0.0,0.0,0.0,0.0,0.0,0.0,0.0,0.0,0.06969403211472652,0.0,0.0,0.015662317648043114,0.0,0.0,0.0,0.0,0.0,0.02765374649999864,0.0,0.0,0.0
2016-02-29,0.01621129306104739,0.025763333082182156,0.0,0.0,0.0,0.03237585084586983,0.0,0.0,0.0,0.0,0.0,0.0,0.0,0.0,0.0,0.0,0.0,0.0,0.0,0.0,2.5820779817046467e-09,0.0008830453803458411,0.0,0.0,0.0,0.0,0.009971336487457889,0.0,0.0,0.0,0.0,0.0,0.0,0.044146807418413404,0.0,0.010054905750749781,0.0,0.0,0.0,0.0,0.0,0.0,0.0,0.0,0.0,0.0,0.023813148899176767,0.0,0.04951261906286827,0.1642643944283331,0.05817548890266932,0.0,0.011859378292299664,0.0,0.0,0.0163729376450743,0.24909999795696922,0.01880064035956197,0.0,0.0,0.0,0.0,0.0,0.0,0.017676319695261976,0.2305500719978485,0.0,0.0,0.0,0.0,0.0,0.0,0.0,0.0,0.0,0.0,0.0,0.00147645037551165,0.0,0.0,0.0,0.0,0.0,0.0,0.0,0.0,0.0,0.018991977776281123,0.0,0.0,0.0,0.0,0.0,0.0,0.0,0.0,0.0
2016-03-31,0.0,0.0,0.0,0.0,0.0,0.0,0.0,0.0,0.0,0.0,0.0,0.0,0.0,0.0,0.0,0.0,0.0,0.0,0.0,0.0,0.0,0.0,0.0,0.0,0.0,0.0,0.0,0.0,0.0,0.0,0.0,0.0,0.0,0.0,0.0,0.0,0.0,0.0,0.0,0.0,0.0,0.0,0.0,0.0,1.082203089592187e-09,0.0,0.037060539639828874,0.0,0.04529456362011447,0.07608906722396228,0.022363081326873525,0.013437259446185588,0.018265827648810497,0.0,0.05610394277686606,0.043165290565652124,0.25,0.044844797016366914,0.005461925096868487,0.0,0.036006398947860695,0.013619183509225105,0.019254065584521297,0.028042137980114654,0.04238880550274343,0.20627907525735723,0.0,0.0,0.002989306973494475,0.0,0.0,0.0,0.0,0.039334730800951186,0.0,0.0,0.0,0.0,0.0,0.0,0.0,0.0,0.0,0.0,0.0,0.0,0.0,0.0,0.0,0.0,0.0,0.0,0.0,0.0,0.0,0.0,0.0
2016-04-30,0.0,0.0,0.0,0.0,0.0,0.0,0.0,0.0,0.0,0.0,0.0,0.0,0.0,0.0,0.0,0.0,0.0,0.0,0.0,0.0,0.0,0.0,0.0,0.0,0.0,0.0,0.0,0.0,0.0,0.0,0.0,0.0,0.0,0.0,0.0,0.0,0.0,0.0,0.0,0.0,0.0,0.0,0.0,0.0,0.0,0.0,0.008104288999220735,0.0,0.018489434036286553,0.020216232217836128,0.008021198460722414,0.0009939026691765083,1.2459932570764809e-09,0.0,0.05868632448066745,0.05002607165628199,0.25,0.04262612656503736,0.01956977209986984,0.0,0.028419627698564997,0.015707905092982963,0.10727244619001797,0.09184983555748828,0.034104167848192334,0.14232269405884893,0.0,0.0,0.011095209048696325,0.0,0.0,0.0,0.0,0.09058017736659765,0.0,0.0,0.0019145847075183395,0.0,0.0,0.0,0.0,0.0,0.0,0.0,0.0,0.0,0.0,0.0,0.0,0.0,0.0,0.0,0.0,0.0,0.0,0.0,0.0
2016-05-31,0.0,0.0,0.0,0.0,0.0,0.0,0.0,0.0,0.0,0.0,0.0,0.0,0.0,0.0,0.0,0.0,5.557290209761355e-10,0.0,0.0,0.0,0.0,0.0,0.0,0.0,0.0,0.0,0.0,0.0,0.0,0.0,0.0,0.0,0.0,0.0,0.0,0.0,0.0,0.0,0.0,0.0,0.0,0.0,0.0,0.0,0.0,0.0,0.0,0.0,0.0159719954094681,0.0,0.009588676581939433,0.0,0.0,0.008021596365798517,0.07515667313471222,0.05301435704417655,0.24361205225964827,0.01376656260520821,0.04376266162663072,0.0,0.035466432009585484,0.034422337699337176,0.08601078728024177,0.08720931340215304,0.0552063592569076,0.07534228865600531,0.0052871915081884645,0.0,0.07198230362621034,0.0,0.0,0.003675655618498822,0.0,0.04158294450909654,0.040919810850464214,0.0,0.0,0.0,0.0,0.0,0.0,0.0,0.0,0.0,0.0,0.0,0.0,0.0,0.0,0.0,0.0,0.0,0.0,0.0,0.0,0.0,0.0
2016-06-30,0.0,0.0,0.0,0.0,0.0,0.0,0.0,0.0,0.0,0.0,0.0,0.004811273167915227,0.0,0.0,0.0,0.0,0.0,0.0,0.0,0.0,0.0,0.0,0.0,0.0,0.0,0.025677696983596572,0.0,0.0,0.0,0.0,0.0,0.0,0.0,0.0,0.0,0.0,0.0,0.0,0.0,0.0,0.0,0.0,0.0,0.0,0.0,0.0,0.0,0.0,0.02339249465277776,0.0,0.01675273436523024,7.907441243223601e-10,0.0,0.003818144057371293,0.06588731637412851,0.030374223876759636,0.14098143599625887,0.0,0.034869427096279514,0.0,0.053208480249502386,0.05098275582100281,0.12089397321481626,0.13277519959720788,0.07655419124155437,0.03544306662032918,0.010216789696754153,0.0,0.0780774996926275,0.0,0.0,0.0,0.0,0.0,0.09500265728694994,0.0,0.0,0.0,0.0,0.0,0.0002806392181937749,0.0,0.0,0.0,0.0,0.0,0.0,0.0,0.0,0.0,0.0,0.0,0.0,0.0,0.0,0.0,0.0
2016-07-31,0.0,0.0,0.0,0.0,0.0,0.0,0.0,0.0,0.0,0.0,0.0,5.920778690258305e-10,0.0,0.0,0.0,0.0,0.016129065720737457,0.0,0.0,0.0,0.0,0.0,0.0,0.0,0.0,0.008644712608260505,0.0,0.0,0.0,0.0,0.0,0.0,0.0,0.0,0.0,0.0,0.0,0.0,0.0,0.0,0.0,0.0,0.0,0.0,0.0,0.0,0.0,0.0,0.010193744992734169,0.0,0.002185068088191833,0.013076111033736328,0.0,0.038216991103409086,0.07049995622116864,0.0200555022534775,0.013367554731778518,0.0,0.0513671670458533,0.0,0.04141848762867184,0.056607702859337784,0.17955014399262184,0.16286993993602256,0.05602647118157991,0.0,0.03734547599050849,0.0,0.1037300106925092,0.0,0.0,0.01624186307109523,0.0,0.0,0.10247403025622792,0.0,0.0,0.0,0.0,0.0,0.0,0.0,0.0,0.0,0.0,0.0,0.0,0.0,0.0,0.0,0.0,0.0,0.0,0.0,0.0,0.0,0.0
2016-08-31,0.0,0.0,0.0,0.0,0.0,0.0,0.02107001774680693,0.0,0.0,0.0,0.0,0.01452143425111745,0.0,0.0,0.0,0.0,0.05541699353832786,0.0,0.0,0.0,0.0,0.0,0.0,0.0,0.0,0.015490358101989187,0.0,0.0,0.0,0.05669229584809082,0.0,0.0,0.0,0.0,0.0,0.0,0.0,0.0,0.0,0.0,0.0,0.0,0.0,0.0,0.0,0.0,0.0,0.0,0.0005987220221585622,0.0,0.0,0.00645084522317195,0.0,0.010797355001444615,0.004662100195365305,0.0,0.0,0.0,0.02710133526467808,0.0,0.02617891368995767,0.06314552859135629,0.1765708687720521,0.15853993150159026,0.0644716230627542,0.0,7.777240216439414e-10,0.0,0.08260844600467641,0.0,0.0,0.02000495614936655,0.0,0.0,0.1527044885829436,0.0,0.0,0.0,0.0,0.0,0.042973785674428056,0.0,0.0,0.0,0.0,0.0,0.0,0.0,0.0,0.0,0.0,0.0,0.0,0.0,0.0,0.0,0.0
2016-09-30,0.0,0.0,0.0,0.0,0.0,0.0,0.03257301322981542,0.0,0.0,0.0,0.0,0.030979804490583813,0.0,0.0,0.0,0.0,0.030417800471693193,0.0,0.0,0.0,0.0,0.0,0.0,0.05958746214035319,0.0,0.03731077279714228,0.0,0.0,0.0,0.16588832261570063,0.0,0.0,0.010727938395746074,0.0,0.0,0.0,0.0,0.0,0.0,0.0,0.0,0.0,0.0,0.0,0.0,0.0,0.0,0.0,0.014252265967959437,0.0,0.010217159709836686,0.026450371093026677,0.0,0.013558043273181547,0.0,0.0,0.0,0.0,1.2893475537838707e-09,0.0,0.03544326158958589,0.0877156020673215,0.12090876717779867,0.0677921227828281,0.07525512167494025,0.0,0.0,0.0,0.10506184723123208,0.0,0.0,0.0,0.0,0.0,0.07360210485711617,0.0,0.0,0.0,0.0,0.0,0.0,0.0,0.0,0.0,0.0,0.0,0.0,0.0,0.0,0.0,0.0,0.0,0.0,0.0,0.0,0.0,0.002258217144790772
2016-10-31,0.0,0.0,0.0,0.0006404993187472413,0.0,0.0,0.032749479638393766,0.002690568831859342,0.12599316721504705,0.0,0.004019501703827167,0.0625275617663337,0.0,0.0,0.0,0.0,0.012255640549289697,0.0,0.0,0.0,0.0,0.0,0.0,0.14753734403876376,0.04353143518077996,0.08419384057743169,0.0,0.0,0.0,0.07374699975225785,0.0,0.0,0.07263246533082995,0.0,0.0,0.0,0.0,0.0,0.0,0.0,0.0,0.0,0.0,0.0,0.0,0.0,0.0,0.026124368886932314,0.0,0.0,0.0,0.038947958849452555,0.0,0.02291459171917996,0.0,0.0,0.0,0.0,0.0,0.0,0.0,0.04775425891782717,0.09030038690960737,0.0,0.0,0.0,0.0,0.0,0.09541097526781779,0.0,0.0,0.0,0.0,0.0,0.0,0.0,0.0,0.0,3.1170922305648186e-09,0.0,0.0,0.0,0.0,0.0,0.0,0.0,0.0,0.0,0.0,0.0,0.0,0.0,0.0,0.0,0.0,0.0,0.016028952428529412
2016-11-30,0.0,0.0,0.0,0.0,0.0,0.0,0.0,0.0,0.06292408079917013,0.0,0.0,2.2749328393811125e-09,0.0,0.0,0.0,0.0,0.19799600596477954,0.0,0.0,0.0,0.0,0.0,0.0,0.0374203854154375,0.0,0.0,0.0,0.0,0.0,0.0,0.0,0.0,0.037934421180040714,0.0,0.013630859219758058,0.0,0.0,0.0,0.0,0.0,0.0,0.0,0.0,0.0,0.0017950535535459946,0.0,0.0,0.017640750118448897,0.0,0.0,0.0,0.02151503432812899,0.0,0.007128777711973727,0.0,0.0,0.0,0.0,0.005865749520004853,0.0,0.0,0.06222085969736181,0.06420803851332083,0.0,0.005805844492912829,0.0,0.0,0.0,0.23798502332883117,0.013111028975404827,0.02448797068741306,0.1270159503114067,0.0,0.0,0.019844984589998924,0.0,0.0,0.0,0.0,0.0,0.041469179317128596,0.0,0.0,0.0,0.0,0.0,0.0,0.0,0.0,0.0,0.0,0.0,0.0,0.0,0.0,0.0,0.0
2016-12-31,0.0,0.0,0.0,0.0,0.0,0.0,0.009117205448726823,0.0,0.13332251741808165,0.011581597078633052,0.07280540750565058,0.07685967523073003,0.0,0.0,0.0,0.0,0.05267080613769805,0.0,0.0,0.0,0.0,0.0,0.0,0.031488960984403555,0.0,0.0,0.0,0.0,0.0,0.0,0.0,0.0,0.0,0.0,0.0,0.0,0.0,0.0,0.0,0.0,0.0329046090066339,0.0,0.0,0.0,0.0,0.0,2.379198160338172e-09,0.07472230012060041,0.0,0.0,0.0,0.0,0.0,0.0,0.0,0.0,0.0,0.0,0.0,0.0,0.0,0.0,0.0,0.0,0.0,0.0,0.019305336149249782,0.0,0.14924567565678665,0.0,0.007005031210018798,0.09066890403500792,0.0030105189798952793,0.03801492350787876,0.06114920815181802,0.0,0.03792763650719794,0.0,0.0,0.020236378468708363,0.07796330602308231,0.0,0.0,0.0,0.0,0.0,0.0,0.0,0.0,0.0,0.0,0.0,0.0,0.0,0.0,0.0,0.0
2017-01-31,0.0,0.0,0.0,0.0,0.0,0.0,0.0,0.0,0.1574055986565794,0.0,0.23125188558339216,0.06660391302307765,0.0,0.0,0.0,0.0,0.0,0.0,0.0,0.0,0.0,0.0,0.0,0.021318066262399776,0.0,0.02105010794654898,0.0,0.0,0.0,0.0,0.0,0.0,0.0,0.026703449094328847,0.016201960908582218,0.0,0.022216028967953636,0.0,0.0,0.00010723777008320459,0.037182442962926346,0.0,0.04724452473813113,0.009149536646524167,0.04438522304615713,0.0,0.038307924999899635,0.18365580385237681,0.0,0.0,0.0,0.0,0.0,0.0,0.0,0.0,0.0,0.0,0.0,0.0,0.0,0.0,0.0,0.0,0.0,0.0,0.0,0.0,0.003599868672400431,0.0,0.0,0.026504280387741202,0.0,0.0,0.0,0.0,0.028324416353353338,0.0,0.0,0.0,0.0,0.0,0.0,0.0,0.0,0.0,0.0,3.1072681002929567e-09,0.0,0.0,0.0,0.018787727020275737,0.0,0.0,0.0,0.0,0.0
2017-02-28,0.0,0.0,0.0,0.0,0.0,0.0,0.0,0.0,0.03082429755013663,0.0,0.03934107156715354,0.0023181103350336744,0.0,0.0,0.0,0.0,0.0,0.0,0.0,0.0,0.0,0.0,0.0,0.0,0.0,0.0,0.0,0.0,0.0,0.0,0.0,0.0,0.0,0.0,0.0,0.0,0.0,0.0,0.0,0.0,0.0,0.0,0.0,0.0,0.026940181489944735,0.0,0.018762833398715248,0.07826346720582669,0.0,0.0,0.0,0.0,0.0,0.0,0.0,0.0,0.0,0.0,0.0,0.0,0.0,0.0,0.0,0.0,0.0,0.0,0.07046072358494794,0.03856182431468139,0.04430157150887467,0.03762555469953329,0.010997620664196135,0.15045544312914513,0.04405530682912033,0.25,0.05091068594783506,0.0,0.013404749380265793,0.0,0.0,0.0,2.4597745421566448e-09,0.0,0.0,0.0,0.0,0.0,0.0,0.0,0.0,0.0,0.0,0.010143489531836442,0.0,0.0,0.0,0.01807978925087075,0.06455327715210792
2017-03-31,0.0,0.0,0.0,0.0,0.0,0.0,0.0,0.0,0.0,0.0,0.0031457188088869713,0.0,0.0,0.0,0.0,0.0,0.0,0.0,0.0,0.0,0.0,0.0,0.0,0.0,0.0,0.0,0.0,0.0,0.0,0.0,0.0,0.0,0.0,0.02215991504303628,0.0048164957285512676,0.0,2.6002788710600507e-09,0.0,0.0,0.0,0.0,0.0,0.0,0.0,0.0034118073945773107,0.0,0.0,0.0,0.0,0.0,0.0,0.0,0.0,0.0,0.0,0.0,0.0,0.0,0.0,0.0,0.0,0.0,0.0,0.0,0.0,0.0,0.002979479689631909,0.046034424088911,0.0,0.014437312098912214,0.0,0.17439797808764704,0.05271434924820254,0.20929933453974714,0.1559633927265069,0.013175384084496342,0.06441156615217103,0.0,0.0,0.0,0.06012240059166311,0.0,0.0,0.0,0.0,0.0,0.0,0.03368509417492777,0.0,0.020021430708444688,0.0,0.024332931706476123,0.0,0.0,0.0,0.0214010168749174,0.07348996565201396
2017-04-30,0.0,0.0,0.0,0.0,0.0,0.0,0.0,0.0,0.0,0.0,0.04737234369707361,0.0,0.0,0.0,0.0,0.0,0.0,0.05036735368086676,0.0,0.0,0.0,0.0,0.0,0.0,0.0,0.0,0.0,0.0,0.006461958748305837,0.051060487430252564,0.0,0.0,0.0,0.0,0.0,0.0,0.0,0.0,0.0,0.0,0.0,0.005892000518545828,0.0,0.0,0.0,0.0,0.0,0.0,0.0,0.0,0.0,0.0,0.0,0.0,0.0,0.0,0.0,0.0,0.0,0.0,0.0,0.0,0.0,0.0,0.0,0.0,0.0,0.01241656911769621,0.0,0.0,0.0,0.0557775971806117,0.10234737038401225,0.1933426411076979,0.09695912211950515,0.0002438333048513624,0.015182883031494435,0.0,0.0,0.030830998386609642,0.001371527623216583,0.0,0.0,0.0,0.0,0.0,0.0,3.876129962552612e-09,0.09892084684797713,0.010294408984777023,0.0,0.003696951444641597,0.0,0.0,0.0,0.08543895233116904,0.13202215018456537
2017-05-31,0.0,0.0,0.0,0.0,0.0,0.0,0.0,0.0,0.0,0.0,0.0,0.0,0.0,0.0,0.0,0.0,0.0,0.2049673173071361,0.0,0.0,0.0,0.007127882196051186,0.0,0.0,0.0,0.0,0.0,0.0,0.010642868494807783,0.012044659697593755,0.0,4.734784856897251e-09,0.0,0.0,0.001785868959883864,0.0,0.0,0.09934091546452425,0.0,0.0,0.0,0.0,0.0,0.0,0.0,0.0,0.0,0.0,0.0,0.0,0.03803557138976358,0.005553695752509259,0.04610055225023021,0.0,0.0,0.0,0.0,0.0,0.016327883151928343,0.003659147197437386,0.0,0.0,0.0,0.0,0.0,0.0,0.0,0.0,0.0,0.0,0.0,0.0,0.03640986641637083,0.18559566788798332,0.0,0.0,0.0,0.0,0.027212258179839233,0.0,0.0,0.0,0.0,0.0,0.02682030059738836,0.0,0.0,0.009528085928558644,0.10641086988620949,0.0,0.0,0.0,0.01012725507844015,0.0,0.0,0.0,0.15230932942855943
2017-06-30,0.0,0.0,0.0,0.0,0.0,0.0,0.0,0.0,0.0,0.0,0.0,0.0,0.0,0.0,0.0,0.0,0.0,0.15482192017607083,0.0,0.0,0.0,0.0,0.0,0.0,0.0,0.0,0.0,0.0,0.03088563456839174,0.0,0.0,0.0,0.0,0.0,0.0,0.0,0.0,0.02988475965111824,0.0,0.0,0.0,0.0,0.0,0.0,0.0,0.0,0.0,0.0,0.0,0.0,0.023713911812324753,0.0,0.0608815552611626,0.07076879978777932,0.11253814923397203,0.0,0.0,0.042936941265708205,0.0,0.0,0.02482149415241888,3.890202159951476e-09,0.0,0.0001631335798965891,0.0,0.0,0.0,0.0016139791676996998,0.0,0.0,0.0,0.01506312301006463,0.02976420546793897,0.2287489961348725,0.0,0.0,0.0,0.0,0.0,0.0,0.0,0.0,0.015492138783385385,0.0,0.0,0.0,0.0,0.004996528412590676,0.09319676049322784,0.0,0.0,0.0,0.00349252949352799,0.0,0.0,0.0,0.05621543565764689
2017-07-31,0.0,0.0,0.0,0.0,0.0,0.0,0.0,0.0,0.0,0.0,0.0,0.0,0.0,0.0,0.0,0.0,0.0,0.0,0.0,7.277868011962234e-09,0.0,0.0,0.0,0.043437046980188,0.0,0.0,0.01172531551782027,0.0,0.007415904510434261,0.015080468838766493,0.0,0.0,0.0,0.025903198695374444,0.06726298029585848,0.013163657228532164,0.0,0.09636318603539668,0.0,0.0,0.0,0.0,0.0,0.0,0.0,0.0,0.0,0.0,0.0,0.0,0.0,0.0,0.07632009594779626,0.05438885756223507,0.022949972951089834,0.0,0.0,0.0,0.0,0.0760833648484112,0.0,0.0,0.0,0.0,0.0,0.0,0.0,0.0,0.0,0.0,0.0,0.0,0.0,0.0,0.0,0.0,0.041370354262517395,0.0,0.0,0.0,0.0,0.0,0.08812451744273915,0.01857370420959529,0.04439163043479686,0.0,0.0,0.08972695761620049,0.15150824685502948,0.0,0.0,0.0,0.056210532489350234,0.0,0.0,0.0,0.0
2017-08-31,0.0,0.0,0.0,0.0,0.0,0.0,0.0,0.0,0.0,0.0,0.0,0.0,0.0,0.0,0.0,0.0,0.0,0.0,0.0,0.012861317039365888,0.0,0.0,0.0,0.03718638654570053,0.0,0.0,0.02883113516546595,0.0,0.0,0.0,0.0,0.0,0.0,0.0,0.03183488862524153,0.0,0.0,0.138804132758121,0.0,0.0,0.0,0.0,0.0,0.0,0.0,0.0,0.0,0.0,0.0001804716406802719,0.0,0.009993845525716744,0.0,0.026819320832337703,0.15373588410274563,0.04988622322626115,0.0,0.0,0.14695575251629797,0.0,0.058142100062281696,0.0,0.0,0.0,0.0,0.0,0.0,0.0016497757332827386,0.0,6.626145277574244e-09,0.03484139201607025,0.02422901725336616,0.0,0.0,0.06782556129834706,0.0,0.0,0.0,0.0,0.0,0.0,0.0,0.0,0.01432849524651088,0.0,0.0,0.0,0.0,0.0005181881523783978,0.16137610563368335,0.0,0.0,0.0,0.0,0.0,0.0,0.0,0.0
2017-09-30,0.0,0.0,0.0,0.0,0.0,0.0,0.0,0.0,0.0,0.0,0.0,0.0,0.0,0.0,0.0,0.0,0.0,0.0,0.0,0.0,0.0,0.0,0.0,0.0,0.0,0.0,4.0908580468179225e-09,0.0,0.0,0.0,0.0,0.0,0.0,0.0,0.0,0.0,0.008799441555331442,0.10505474310222082,0.0,0.0,0.0,0.0,0.0,0.0,0.0,0.0,0.0,0.0,0.02213889056186357,0.0,0.041657788655404294,0.0,0.05813360430570921,0.09386375221875193,0.07703622734537123,0.0,0.0,0.06243638073784606,0.0,0.062426531942160524,0.0,0.0,0.0,0.0,0.0,0.0,0.0,0.012790148663391659,0.013234926999400444,0.0508863250190362,0.03553120719247265,0.038264283224519816,0.06739659775094722,0.17483814726914707,0.0,0.0,0.0,0.0,0.0,0.020032082119172397,0.0,0.0,0.0019262235995755241,0.0,0.0,0.0,0.0,0.0,0.05355269364682,0.0,0.0,0.0,0.0,0.0,0.0,0.0,0.0
2017-10-31,0.0,0.0,0.0,0.0,0.0,0.0,0.0,0.0,0.0,0.051116947150464234,0.0,0.0,0.0,0.0,0.0,0.0,0.0,0.0,0.0,0.017266221969334947,0.0,0.0,0.041270412426273835,0.0,0.0,0.0,0.0,0.0,0.0,0.0,0.0,0.0,0.0,0.027378803473811268,0.0,0.0,0.08869260308544406,0.0,0.0,0.0,0.0,0.0,0.0,0.0,0.0,0.0,0.12653483669934887,0.0,0.0,0.0,0.0,0.0,0.0,0.030845947432571248,0.026804294917398316,0.0,0.0,0.10482295864960182,0.0,0.02794568672399404,0.0,0.0,0.0,0.0,0.0,0.0,0.0,0.0,0.0,0.025767901407358268,0.0,6.499569296269408e-09,0.13551135352587196,0.027222117581955897,0.0,0.0,0.0,0.0,0.009769584396444438,0.08370973290942404,0.0,0.0,0.0,0.0,0.0,0.0,0.013000812480881047,0.019529851645031092,0.03312555663546371,0.0,0.0,0.1096843703897578,0.0,0.0,0.0,0.0,0.0
2017-11-30,0.0,0.0,0.0,0.0,0.0,0.0,0.0,0.0,0.019677268126559837,0.0,0.0,0.00030405453457854056,0.009670957278149239,0.0,0.0,0.0,0.02444870155800071,0.0,0.003929181884304009,0.0,0.0,0.0,0.0,0.0,0.0,0.0,0.0,0.0,0.0,0.0,0.0,0.0,0.0,0.04472847401507041,0.0,4.978126677655951e-09,0.17817120499394656,0.0,0.0,0.0,0.0,0.0,0.0,0.0,0.0,0.0,0.04519486845201479,0.0,0.0,0.0,0.0,0.0,0.0,0.0,0.0,0.0,0.0,0.0,0.0,0.0,0.0,0.0,0.0,0.0,0.0,0.0,0.00494157199736308,0.013053130237835848,0.0,0.0052604560542317096,0.0,0.0,0.1213330238171333,0.0,0.0,0.0,0.0,0.0,0.08460675172591156,0.21162111266529668,0.05114519583066302,0.0,0.0,0.0,0.0,0.0,0.053049655407090106,0.004718475195138177,0.015116176982304825,0.0,0.0,0.10902973426628094,0.0,0.0,0.0,0.0,0.0
2017-12-31,0.0,0.0,0.0,0.0,0.0,0.002251160715631148,0.0,0.0,0.03333848297641376,0.06685819949865549,0.02627870486341958,0.07233546394712316,0.0,0.0,0.041579092342685156,0.0,0.0,0.0,0.02947621260321332,0.010244620822737211,0.0,0.0,0.009276456237881366,0.0,0.0,0.0,0.0,0.0,0.0,0.0,0.0,0.0,0.0,0.03974727387113415,0.0,0.0,0.25,0.0,0.0,0.0,0.0,0.0,0.0,0.0,0.0,0.0,0.0,0.0,0.0,0.0,0.0,0.0,0.0,0.0,0.0,0.0,0.0,0.0,0.0,0.0,0.0,0.0,0.0,0.0,0.0,6.010237556781117e-09,0.0,0.0,0.060955927157814296,0.0,0.0,0.0,0.026612342527807167,0.0,0.0,0.0,0.0,0.0,0.06289494483882044,0.06703820861036165,0.062359896945959684,0.0,0.0,0.0,0.0,0.0,0.015646798014231227,0.0,0.04064822627294434,0.0,0.0,0.08245798174292945,0.0,0.0,0.0,0.0,0.0
2018-01-31,0.0,0.0,0.0,0.0,0.0,0.043141934611599965,0.009271254652365512,0.0,0.0,0.026826704127596475,0.0,0.04895237069550949,0.0,0.0,0.0,0.0,0.0,0.0,0.1644695072878872,0.0,0.0028855752784849808,0.0,0.0,0.0,0.0,0.0,0.0,0.0,0.0,0.0,0.0,0.0,0.0,0.06310734484020827,0.0,0.0,0.25,0.0,0.0,0.0,0.0,0.0,0.0,0.040985592612897324,0.0,0.0,0.007362126116595215,0.0,0.0,0.0,0.0,0.0,0.0,0.0,0.0,0.0,0.0,0.0,0.0,0.0,0.0,0.0,0.0,0.0,0.0,0.0,0.03347149088900497,0.0,0.0,0.0,0.0,0.0021111282071519747,0.12245916364771817,0.0,0.0,0.0,4.86029069903519e-09,0.0,0.021306435122924457,0.022631846807930504,0.003453388798846159,0.0,0.0,0.0,0.0,0.0,0.009546060520474487,0.0,0.007707373222535781,0.0,0.0,0.12031069769997847,0.0,0.0,0.0,0.0,0.0
2018-02-28,0.0,0.0,0.015209531598761334,0.016722982465280485,0.0,0.028403098104074747,7.321371056287429e-05,0.0,0.0,0.024722556746466125,0.0,0.0041113859298165314,0.0,0.0,0.0,0.0,0.0778989004839519,0.0,0.25,0.0,0.0,0.0,0.0,0.0,0.0,0.0,0.0,0.0,4.694230319728262e-09,0.0,0.0,0.0,0.0,0.046684456475061545,0.0034447972717670814,0.0,0.10395024244841126,0.0,0.0,0.03206560650781016,0.0,0.0,0.0,0.18761262838212983,0.07527460977342106,0.0,0.0,0.0,0.0,0.0,0.0,0.0,0.0,0.0,0.0,0.0,0.0,0.0,0.0,0.0,0.0,0.0,0.0,0.0,0.0,0.0,0.0,0.0,0.0,0.0,0.0,0.0,0.0,0.0,0.0,0.0,0.0032078759226805437,0.0,0.0,0.0,0.019540937311717087,0.0,0.0,0.0,0.0,0.0,0.012208056312840276,0.0,0.0,0.026579536011713777,0.0,0.07228957984930316,0.0,0.0,0.0,0.0,0.0
2018-03-31,0.0,0.0,0.0,0.0,0.0,0.046222607752509665,0.0,0.0,0.0,0.0,0.0,0.0,0.0,0.0,0.0,0.0,0.09503637758000147,0.0,0.25,0.0,0.0,0.0,0.0,0.0,0.0,0.0,0.0,0.0,0.00506445166034058,0.0,0.0,0.0,0.0,0.016735836638387944,0.0017241550072930063,0.0,0.021485828157543428,0.0,0.0,0.0,0.0,0.0,0.0,0.04420238615742356,0.0,0.0,0.0,0.0,0.0,0.0,0.0,0.0,0.0,0.0,0.0,0.0,3.872557744636294e-09,0.0,0.0,0.0,0.0,0.0,0.0,0.0,0.0,0.0,0.0665264664795037,0.07333499445126379,0.08610161996750094,0.0024626590591970052,0.0,0.08712572026219839,0.0,0.0,0.0,0.008105779214030516,0.0749658830618848,0.014718662214913827,0.0,0.0,0.06477513979656747,0.0,0.0,0.0,0.0,0.0,0.0,0.0,0.0,0.026528633015313132,0.0,0.01488279565156913,0.0,0.0,0.0,0.0,0.0
2018-04-30,0.0,0.0,4.816079933604071e-09,0.0,0.0,0.007362238709513073,0.0,0.0,0.0,0.0,0.0,0.0,0.0,0.0,0.0,0.0,0.0781753566207188,0.0,0.25,0.0,0.0,0.0,0.01127066378108057,0.0,0.0,0.0,0.0,0.0,0.0,0.0,0.0,0.0,0.0,0.01513841841990296,0.03595613197394035,0.0,0.08508930407514408,0.0,0.0,0.0,0.0,0.0,0.0,0.04252092233823486,0.0,0.0,0.0,0.04774002016299532,0.0,0.0,0.0,0.0,0.0,0.0,0.0,0.0,0.10408754304428479,0.0,0.0,0.0,0.0,0.0,0.0,0.0,0.03333655946749991,0.0,0.044027229820892064,0.05367998140898937,0.05563650851439306,0.0,0.0,0.07829347187981871,0.0,0.007730141529953763,0.00035124940886551505,0.0,0.015664797197880605,0.0,0.0,0.0,0.0,0.0,0.0,0.0,0.0,0.0,0.0,0.0,0.0,0.0,0.0,0.0,0.0,0.0,0.0,0.0,0.03393945682981238
2018-05-31,0.0,0.0,0.04840561104183083,0.0,0.0,0.0,0.0,0.0,0.0,0.0,0.0,0.0,0.0,0.0,0.0,0.0,0.11790690597476951,0.0,0.25,0.0,0.0,0.0,0.0453482787248283,0.0,0.0,0.0021909224304472574,0.0,0.0,0.007851341660703802,0.0,0.0,0.0,0.02305227036939576,0.054309694500770604,0.008112626760507788,0.0,0.08430605570811718,0.0,0.0,0.041365956675581614,0.015785254071297296,0.0,0.0,0.0063182653982263495,0.0,0.0,0.0,0.04345814155086696,0.0,0.0,0.0,0.0,0.0,0.0,0.0,0.0,0.0,0.0,0.0,0.0,0.0,0.0,0.0,0.0,0.07547398959902452,0.0,0.0,0.0348783241494537,0.0,4.474780097861121e-09,0.0,0.06080892917754185,0.021184121413734276,0.059243306318122385,0.0,0.0,0.0,0.0,0.0,0.0,0.0,0.0,0.0,0.0,0.0,0.0,0.0,0.0,0.0,0.0,0.0,0.0,0.0,0.0,0.0,0.0,0.0
2018-06-30,0.0,0.0,0.045815341570623495,0.0,0.007031079126847636,0.0,0.0,0.0,0.0,0.0,0.19119906399860603,0.0,0.0,0.0,0.00857049810752211,0.0,0.006025010411433909,0.0,0.17506978767428522,0.0,0.0,0.0,0.049858771206414285,0.0,0.0,0.07841989430513904,0.0,0.0,0.04484899981894237,0.0,0.0,0.0,0.01266305302907214,0.09299254097576333,0.033452704487789725,0.012344485892688432,0.17961202383227493,0.0,0.0,0.0,0.0,0.004546116014711938,0.0,0.0,0.0,0.0,0.0,0.0,0.0,0.0,0.0,0.0,0.0,0.0,0.0,0.0,0.0,0.0,0.0,0.0,4.6910674163283315e-09,0.0,0.0,0.0,0.0,0.0,0.0,0.0,0.0,0.0,0.0,0.0,0.0,0.0,0.014826332150049608,0.0,0.00437861107160602,0.0,0.019733055594679166,0.018612626040483114,0.0,0.0,0.0,0.0,0.0,0.0,0.0,0.0,0.0,0.0,0.0,0.0,0.0,0.0,0.0,0.0,0.0
2018-07-31,0.0,0.0,0.05193360075159084,0.0,0.023230696996959486,0.0,0.0,0.0,0.0,0.0,0.20863352080832356,0.0,0.0,0.023312099515742635,0.0009043804257828532,0.0,0.0,0.0,0.014692771541471056,0.0,0.0012607397254158624,0.0,0.027258805131376754,0.0,0.0,0.05564921458026321,0.0,0.0,0.029917591493513977,0.0,0.0,0.0,0.024184614506915097,0.04075492835324269,0.0,0.009119035492591188,0.18066435188587382,0.0,0.0,0.0,0.0,0.047323321637449754,0.0,0.0,0.0,0.0,0.0,0.0,0.0,0.0,0.0,0.0,0.0,0.0,0.0,0.0,0.0,0.0,0.0,0.0,5.178533469395691e-09,0.0,0.0,0.07867407338314972,0.04584265350101497,0.0,0.0,0.0,0.0,0.0,0.0,0.0,0.0,0.0,0.0703493626288829,0.0,0.0,0.0,0.0,0.0,0.0,0.0,0.0,0.0,0.0,0.0,0.0,0.0,0.0,0.0,0.0,0.0,0.0,0.0,0.0,0.0662942324619063,0.0
2018-08-31,0.0,0.0,0.03818727993346348,0.007837347708627934,0.02242627651910834,0.0,0.10090674094082155,0.04896539591660923,0.0,0.0,0.13751560843503907,0.011555420452161902,0.0,0.019518796631975237,0.060662002221765474,0.006936700484029514,0.0,0.0,4.708731909724936e-09,0.0,0.0,0.0,0.0,0.0,0.0,0.0040141699204826985,0.0,0.0,0.0,0.0,0.0,0.0,0.0,0.027909497769513757,0.004954022862654959,0.0542135637602702,0.23085336329066125,0.0,0.0,0.0,0.02718692002283577,0.06138283897781479,0.0,0.0,0.0,0.0,0.0,0.0,0.0,0.0,0.0,0.0,0.0,0.0,0.0,0.0,0.0,0.0,0.0,0.0,0.0,0.0,0.0,0.0,0.0,0.0,0.0,0.0,0.0,0.0,0.0,0.0,0.0,0.0,0.13002364854445222,0.0,0.0,0.0,0.0,0.0,0.0,0.0,0.0,0.0,0.0,0.0,0.0,0.0,0.0,0.0,0.0,0.0,0.0,0.0,0.0,0.0,0.004950400898980733
2018-09-30,0.0,0.0,0.020266863189997642,0.0,0.01642150161169733,0.0,0.06954911902038027,0.0,0.0,0.0,0.21549879061076657,0.0009207269174364936,0.0,0.0,0.0,0.0,0.0,0.0,4.726918585283991e-09,0.0,0.0,0.0,0.0,4.199405270214259e-05,0.0,0.0,0.0,0.0,0.02191732174057295,0.032957909989161024,0.0,0.0,0.0045890104160730034,0.039045902343875394,0.0,0.021989586927711465,0.15749963034597567,0.0,0.0,0.0,0.0,0.035173263982706544,0.0,0.0,0.0,0.0,0.0,0.0,0.0,0.0,0.0,0.0,0.0,0.0,0.0,0.0,0.0,0.0,0.0,0.0,0.0,0.0,0.0,0.0,0.0,0.0,0.0,0.0,0.0,0.0,0.0,0.0,0.0,0.0,0.11354626593109242,0.0,0.0,0.0,0.07361277915336668,0.0,0.0,0.0,0.0,0.0,0.0,0.0,0.0,0.0,0.0,0.03933556255122709,0.0006717385006588903,0.08992345653506512,0.0,0.0,0.0,0.0,0.04703857145261476
2018-10-31,0.0021227824380300594,0.0,0.0439909083653771,0.0,0.0,0.0,0.0,0.0324723200084121,0.038248733066244996,0.0,0.09624169321568411,0.0,0.0,0.0,0.0,0.0,0.0,0.0,0.0596550550410931,0.0,0.0,0.0,0.00491771706871269,0.0,0.011787063681915962,0.01513430161846007,0.0,0.0,0.04586578791747611,0.016896042057688354,0.0,0.0,0.0,0.0,0.0,0.0,0.02778051924800904,0.01608026901464945,0.0,0.0,0.0,0.0024703248113389334,0.0,0.0,0.0,0.0,0.0,0.0,0.0,0.0,0.0,0.0,0.0,0.0,0.0,0.0,0.0,0.0,0.0,0.0,0.0,0.0,0.0,0.0,0.0,0.0,0.0,0.0,0.0,0.0,0.0,0.0,0.0,0.0,0.25,0.0,0.0,0.0,0.0,5.549350170978368e-09,0.0,0.0,0.0,0.0,0.0,0.0,0.0,0.0,0.0,0.052773733170675546,0.09632922145406689,0.17229670699966962,0.0,0.0,0.0,0.0,0.01493681527314583
2018-11-30,0.0007981871531470791,0.0,0.02736295446755221,0.0,0.0,0.0,0.0,0.0,0.048020463937387854,0.01844446512413651,0.0,0.0,0.0,0.0,0.0,0.0,0.1856154170221457,0.0,0.04498954531383824,0.0,0.0,4.832305384000067e-09,0.0,0.0,0.026743679333763124,0.0,0.0,0.005810736397710844,0.0,0.0,0.0,0.0,0.0,0.0,0.0,0.0,0.0,0.03385802619438492,0.0,0.0,0.0,0.0,0.0,0.0,0.0,0.0,0.0,0.0,0.0,0.0,0.0,0.0,0.0,0.0,0.0,0.049475356502143214,0.04498417109157009,0.0,0.0,0.0,0.0,0.0,0.0,0.0,0.0,0.050140332832880316,0.0,0.0,0.0,0.0,0.0,0.07413918803333022,0.0,0.0,0.13656347154728374,0.0,0.0,0.0,0.0,0.0,0.0,0.0,0.038932668351256416,0.0,0.0,0.0,0.0,0.0,0.0,0.06676429635171575,0.034291588029643875,0.08963274097008055,0.0,0.0,0.0,0.023432706513723877,0.0
2018-12-31,0.008393143000915235,0.0,0.0,0.0,0.0,0.0,0.0,0.0,0.0,0.0,0.0,0.0,0.0,0.0,0.0,0.0,0.22324092990929312,0.06287146233509508,0.0,0.0,0.0,0.0,0.0,0.0,0.012094948473699813,0.0,0.0,0.0,0.0,0.0,0.00752699765848327,0.01954305649364323,0.01704559808895527,0.0,0.0,0.0,0.0,0.10221959160594102,0.0,0.0,0.0,0.0,0.0,0.004476764387698791,0.0,0.0,0.0,0.0,0.0,0.0,0.0,0.0,0.0,0.0,0.0,0.11030988683444287,0.0,0.0,0.0,0.0,0.0,0.0,0.0,0.0,0.0,0.02073289216687092,0.0,0.0,0.0,0.0,0.0,0.061735488612125154,0.0,0.0,0.062187981879763904,0.0046703731650438425,0.0,0.0,0.0,0.03735583167628239,0.0,0.0,0.02185868954860715,0.034852852503600075,0.0,0.0,0.0,0.0,0.0,0.14442746078370958,0.0,4.478446073442414e-09,0.0,0.0,0.0,0.044456046397383334,0.0
2019-01-31,0.0,0.0,0.0,0.0,0.0,0.0,0.0,0.0,0.0,0.0,0.0,0.0,0.0,0.0,0.0,0.0,0.1139558031795555,0.0,0.0,0.0,0.0,0.0,0.0,0.0,0.0,0.0,0.0,0.0,0.0036471727074458104,0.0,0.0,0.0,0.0,0.0,0.0,0.0,0.0,0.0927818646883281,0.0,0.0,0.0,0.0,0.0,0.0,0.0,0.0,0.0,0.0,0.016080429002272852,0.0,0.026498846102147568,0.00964490440972125,0.023093016414926188,0.05316251904910349,0.0,0.25,0.07530031767024035,0.012403714894689142,0.0,0.0035141888581623286,0.0,0.0,0.0,0.0,0.0,0.11686003866223268,0.0,0.0,0.0,0.0,0.013997300174156634,5.930798010908762e-09,0.0,0.0,0.0,0.0,0.0,0.0,0.0,0.0,0.0,0.0,0.009053976676440232,0.03682815524465317,0.0,0.0,0.0,0.0,0.0,0.02704991564864121,0.0,0.03893203206095211,0.0,0.0,0.0,0.07719579862553339,0.0
2019-02-28,0.0,0.0,0.0,0.0,0.0,0.0,0.0,0.0,0.0,0.0,0.0,0.0,0.0,0.0,0.0,0.0,0.12471863311417623,0.0041573558527302195,0.0,0.0,0.0,0.0,0.0,0.0,0.0,0.0,0.0,0.0001030706393618697,0.0,0.0,0.0,0.0,0.0,0.0,0.0,0.0,0.0,0.026542358503921858,0.0,0.0,0.0,0.0,0.0,0.0,0.0,0.0,0.0,0.0,0.010333889247293409,0.0,0.05542180199117652,0.04615258996922485,0.04273902186958498,0.02294051116878636,0.013465927246567826,0.21025151525394514,0.034323526111732706,0.16726108243539506,0.0,0.04880490696040899,0.0,0.0,0.0,0.0079396417617434,0.0,0.10902198700566794,0.0,0.0,2.8661976751237735e-09,0.0282439357791144,0.019770369523602976,0.0,0.0,0.0,0.0,0.0,0.0,0.0,0.0,0.0,0.0,0.0,0.0,0.0,0.0,0.0,0.0,0.0,0.0,0.0,0.0,0.0,0.0,0.0,0.0,0.027807872699367554,0.0
2019-03-31,0.0,0.0,0.0,0.0,0.0,0.0,0.0,0.0,0.0,0.0,0.0,0.0,0.0,0.0,0.0,0.0,0.060827158258934644,0.0,0.0,0.0,0.0,0.0,0.0,0.0,0.006093329064540622,0.0,0.009693105437541594,0.02200771206475118,0.0,0.0,0.0,0.0,0.0,0.0,0.0,0.0,0.0,0.0,0.0,0.0,0.0,0.0,0.0,0.0,0.0,0.0,0.0,0.0,0.013697658134222601,0.0,0.04448024296632957,0.04488426869494823,0.03381628294678399,0.01911716769810216,0.04025596850210692,0.15263105473438832,0.04554408875332897,0.16743675268237967,0.0,0.10741676169622898,0.0,0.0,0.0,0.027702870244457625,0.0,0.18044508962794426,0.0,0.0,0.0,0.015371068371128612,0.006286638987791631,0.0,0.0,0.0,0.0,0.0,0.0,0.0,0.0,0.0,0.0,0.0,2.6872300192670093e-09,0.0022927784468603353,0.0,0.0,0.0,0.0,0.0,0.0,0.0,0.0,0.0,0.0,0.0,0.0,0.0
2019-04-30,0.0,0.0,0.0,0.0,0.0,0.0,0.0,0.0,0.0,0.0,0.0,0.0,0.0,0.0,0.0,0.0,0.0,0.0,0.0,0.0,0.0,0.0,0.0,0.016639496201330085,0.004146732387428902,0.0,0.019820753174345354,0.0026197414972549808,0.0,0.0,0.0,0.0,0.0,0.0,0.0,0.0,0.0,0.013118570581667752,0.0,0.0,0.0,0.0,0.0,0.0,0.0,0.0,0.0,0.0,0.0,0.0,0.0282683522820469,0.13718392663785292,0.01457217053226036,0.004882285017399489,0.0729934804663378,0.10799835829805107,0.0,0.11202567683939857,0.04699913544664132,0.1480976110792504,0.0,0.0,0.0,0.0025342322986779673,0.0,0.1403665813373018,0.0,0.0,0.0,0.05207385981195661,0.039637106315751354,0.0,0.0,0.0,0.0,0.0,0.0,0.0,0.0,0.0,0.0,0.0,0.0,0.036021924853994684,0.0,0.0,0.0,0.0,0.0,0.0,0.0,0.0,0.0,0.0,4.941051714905954e-09,0.0,0.0
2019-05-31,0.0,0.0,0.0,0.0,0.0,0.0,0.010281017518071322,0.0,0.0,0.0,0.0,0.0,0.014046402343642867,0.0,0.08048866355910368,0.0,0.0,0.0,0.0,0.0,0.0,0.0,0.0,0.0,0.008440020159739854,0.0,0.010241818452095444,0.0,0.0,0.0,0.0,0.0,0.0,0.0,0.0,0.0,0.0,0.0,0.0,0.0,0.0,0.0,0.0,0.0,0.0,0.0,0.0,0.0,0.0,0.0,0.004202392759697944,0.10020730451504595,0.0,0.010990637513236742,4.594694603298724e-09,0.0100966366411665,0.0,0.05096747120234147,0.1256108456464918,0.15731989242577096,0.0,0.0,0.0,0.04858165067003809,0.0,0.17076182942209903,0.0,0.001968833107463899,0.0,0.08414666663081993,0.044879836802272324,0.0,0.0,0.0,0.0,0.0,0.0,0.0,0.0,0.0,0.0,0.0,0.0,0.05629498535082123,0.0,0.0,0.0,0.0,0.0,0.0,0.0,0.0,0.0,0.010473090685386363,0.0,0.0,0.0
2019-06-30,0.0,0.0,0.0,0.0,0.0,0.0,0.0,0.0,0.0,0.0,0.0,0.0,0.0,0.0,0.005954222984516464,0.0,0.0,0.0,0.0,0.0,0.0,0.0,0.0,0.033062729831760965,0.105140570138376,0.03145397987369555,0.13715819235356727,0.03917667868710035,0.0,0.0,0.005679744537914306,0.0,6.275462442067313e-09,0.0,0.0,0.0,0.0,0.001222274869948562,0.0,0.0,0.0,0.0,0.0,0.0,0.0,0.0,0.0,0.01221037728007305,0.0,0.0,0.0,0.0,0.0,0.0,0.0,0.0,0.0,0.06962806318171792,0.1222323415718898,0.019520176648067024,0.0,0.0,0.0,0.0,0.0,0.12986983608298952,0.0,0.0,0.0,0.07929085439271334,0.0,0.0,0.0,0.0,0.0,0.0,0.0,0.015231745337475105,0.0,0.0,0.0,0.0,0.00509919333668129,0.0748689474067369,0.0,0.0,0.0,0.0,0.0,0.0,0.0,0.0,0.0,0.06918506822908536,0.04401499698022897,0.0,0.0
2019-07-31,0.0,0.0,0.0,0.0,0.0,0.0,0.0,0.0,0.0,0.0,0.0,0.0,0.0,0.0,0.0,0.0,0.0,0.0,0.0,0.0,0.0,0.0,0.0,0.0,0.006429521188756551,0.0,0.01917217889098199,0.0,0.0,0.0,0.0,0.0,0.0,0.0,0.0,0.0,0.0,0.0,0.0,0.0,0.0,0.0,0.0,0.0,0.0,0.0,0.0,0.0,0.00493676333792796,0.0,0.014852398184587425,5.693384980377787e-09,0.0,0.011228389627735175,0.0,0.05452309752280822,0.0,0.09531539306749207,0.1166908285048176,0.0,0.0,0.0,0.0,0.0772885396272776,0.0,0.1298702874310312,0.0,0.02406854657766815,0.0,0.020728350540643016,0.0013685742549180446,0.0,0.0,0.0,0.0,0.0,0.0,0.007673632762777025,0.0,0.0,0.0,0.0,0.049780461593059704,0.13435082910775353,0.0,0.0,0.0,0.0,0.03073722244946437,0.0,0.0,0.0,0.0,0.1144618506619367,0.08652312897497888,0.0,0.0
2019-08-31,0.0,0.0,0.0,0.0,0.0,0.0,0.0,0.0,0.0,0.0,0.0,0.0,0.0,0.0,0.0,0.0,0.0,0.023881755394903285,0.0,0.0,0.0,0.0,0.0,0.0,0.0,0.0,0.0,0.0,0.0,0.0,0.0,0.0,0.0,0.0,0.0,0.0,0.0,0.01646837877983574,0.0,0.0,0.0,0.0,0.06275563264923299,0.0,0.0,0.0,0.0,0.0,0.0,0.0,0.05474291943903383,0.043036473097858234,0.017244913595109795,0.08872888121745474,0.04139013394568769,0.04274731556681825,0.024276621910891163,0.051342273534023826,0.1172426822534164,0.0,0.009523818131903417,0.0,0.0,0.13687041956146692,0.0,0.0,0.0,0.0,0.0,0.0,0.0,0.0,0.0,0.0,0.0,0.0,0.0,0.0047094238460556465,0.0,0.0,0.0,0.0,0.0,0.07500841171338749,0.0,0.0,0.0,0.0,5.014204591551571e-09,0.0,0.0,0.029303709930641162,0.0,0.05997318132318663,0.10075304909488833,0.0,0.0
2019-09-30,0.0,0.0,0.0,0.0,0.0,0.0,0.0,0.0,0.0,0.0,0.0,0.0,0.0,0.0,0.0,0.0,0.0,0.0,0.0,0.0,0.0,0.0,0.0,0.0,0.0,0.0,0.0,0.0,0.0,0.0,0.0,0.0,0.0,0.0,0.0,0.0,0.0,0.0,0.0,0.0,0.0,0.0,0.0,0.0,0.0,0.0,0.0,0.0,0.0,0.006368047014476032,0.06243833691658546,0.01906827730906695,0.031466862868511976,0.06878758858472056,0.06215543505565966,0.12647127438036096,0.174065740923515,0.09470749290188468,0.050195164100819506,0.0,0.05225724405592489,0.0,0.03922074602543862,0.10814965090591433,0.01611315476536002,0.04471442599272099,0.0,0.0,0.0,0.0,0.0,0.0,0.0,0.0,0.0,0.0,0.0,0.0,0.0,0.0,0.0,0.0,0.0,0.005850451413981415,0.0,0.0,0.0,2.203546383567049e-09,0.0,0.0,0.0,0.007094609659587423,0.0,0.007888732037492175,0.02298676288443287,0.0,0.0
2019-10-31,0.0,0.0,0.0,0.0,0.0,0.0,0.0,0.0,0.0,0.0,0.0,0.0,0.0,0.0,0.0,0.0,0.0,0.0,0.0,0.0,0.0,0.0,0.0,0.0,0.0,0.0,0.0,0.0,0.0,0.0,0.0,0.0,0.0,0.0,0.0,0.0,0.006992078067324055,0.0,0.0,0.0,0.0,0.0,0.0,0.0,0.0,0.0,0.0,0.0,0.03054637631808105,0.0,0.04906080744993029,0.02780614037768111,0.04335526740556493,0.07989181969971468,0.08713802281900074,0.11377923629439814,0.1357380421605825,0.05427406255283981,0.03613130648844799,0.0,0.03312605894019426,0.0,0.05725932962635709,0.09601683243549312,0.0,0.08342575945417527,0.0,0.0,0.0,0.0,0.0,0.0,0.0,0.0,0.0,0.0,0.0,0.0,0.0,0.0,0.0,0.0,0.0,0.0,0.0,0.0,0.0,0.006825953818242307,0.0015205690456214914,0.0,0.0,2.617930384466898e-09,0.0,0.0238537137920449,0.0332586206363758,0.0,0.0
2019-11-30,0.0,0.0,0.0,0.0,0.0,0.0,0.0,0.0,0.0,0.0,0.0,0.0,0.0,0.0,0.0,0.0,0.0,0.0,0.0,0.0,0.0,0.0,0.0,0.0,0.0,0.0,0.0,0.0,0.0,0.0,0.0,0.0,0.0,0.024741604111336392,0.027285297318402627,0.03743431330472659,0.037045450975140594,0.0,0.0,0.0,0.0,0.0,0.0,0.0,0.0,0.0,0.0,0.0,0.0,0.0,0.028596139425403073,0.002043709892302101,1.915935734367005e-09,0.010422917387005376,0.04205199845244657,0.07619763897973933,0.13246036654478263,0.02518844984711997,0.0,0.0,0.05902620099402366,0.09489402278050994,0.13027732961393276,0.09411842992817723,0.0,0.13661569049249864,0.0,0.0,0.0,0.0,0.0,0.0,0.0,0.0,0.0,0.0,0.0,0.026412093818078065,0.0,0.0,0.0,0.0,0.0,0.0,0.0,0.0,0.0,0.004994854887453308,0.0,0.0,0.0,0.0,0.010193489330985194,0.0,0.0,0.0,0.0
2019-12-31,0.0,0.0,0.0,0.0,0.0,0.0,0.0,0.0,0.0,0.0,0.0,0.0,0.0,0.0,0.0,0.0,0.0,0.0,0.0,0.0,0.0,0.0,0.0,0.0,0.0,0.0,0.0,0.0,0.0,0.0,0.0,0.0,0.0,0.00447314031127392,0.0,0.046089197907229845,0.0012170102718626593,0.0,0.0,0.0,0.0,0.0,0.0,0.0,0.0,0.0,0.0,0.0,0.0,0.0,0.01630509560507544,0.007899066369835889,0.013437345866177198,0.008912145284830615,0.0,0.0,0.09462939832451102,0.0,0.0,0.0,0.14134752295143596,0.0953882181891828,0.14687336944067694,0.08923784656233473,0.010753585152046167,0.20948356254322006,0.0,0.0,0.0,0.0,0.0,0.0,0.0,0.0,0.0,0.0,3.811442257268828e-09,0.0510408278127651,0.0,0.0,0.0,0.0,0.0,0.0,0.0,0.0,0.0,0.019456686074919967,0.02294812733004874,0.0,0.0,0.0,0.0033051579688987824,0.0,0.017202692222231673,0.0,0.0
2020-01-31,0.0,0.0,0.0,0.0,0.0,0.0,0.0,0.0,0.0,0.0,0.0,0.0,0.037510652172190205,0.00042943237411137213,0.0,0.0,0.0,0.0,0.0,0.0,0.0,0.0,0.0,0.0,0.0,0.0,0.0,0.016728880416628882,0.0,0.0,0.0,0.0,0.0,0.0,0.0,0.0,0.0,0.0,0.0,0.0,0.0,0.0,0.0,0.0,0.0,0.0,0.0,0.0,0.00875869230476322,0.0,0.005322889107381589,0.0,0.008086707664282907,0.0,0.0036317062138437523,0.03827649647976061,0.08562627943327793,0.039978793007775106,0.0,0.0,0.10637104113757974,0.17871627455356198,0.15705042305870906,0.0361481588031799,0.0,0.23099806938250558,0.007300660018606998,0.013055846637034359,0.0,0.0,0.0,0.0,0.0,0.0,0.0,0.0,0.0,0.012076364852849467,0.0,0.0,0.0,0.0,0.0,0.0,0.0,0.0,0.0,0.0,2.656982906629866e-09,0.0,0.0,0.0,0.01393262972497432,0.0,0.0,0.0,0.0
2020-02-29,0.0,0.0,0.013071512174132558,0.0,0.0,0.0,0.0,0.07605670266037787,0.0,0.0,0.0,0.0,0.03601503236886931,0.0,0.0,0.0,0.0,0.0,0.03641301580059704,0.0,0.0,0.0,0.0,0.0,0.0,0.0,0.0,0.04932229284588704,0.0,0.0,0.0,0.0,0.0,0.005648406245204121,4.231915763574222e-09,0.0,0.0,0.0,0.0,0.026385867233356723,0.0,0.0,0.0,0.0,0.0,0.0,0.0,0.05340068172639247,0.008947319837197673,0.0,0.0,0.0,0.02243573386753322,0.0,0.0,0.0,0.0,0.0,0.0,0.0,0.055538488338776365,0.2486880785719924,0.0,0.0,0.0,0.25,0.04335569526054754,0.037423642333751964,0.0,0.0,0.0,0.0,0.0,0.0,0.0,0.0,0.0029658707299351035,0.02950514938976933,0.0,0.0,0.0,0.0,0.0,0.0,0.0,0.0,0.0,0.0,0.00023023778279215417,0.0,0.0,0.0,0.004596268600971431,0.0,0.0,0.0,0.0
2020-03-31,0.0,0.0,0.0,0.0,0.0,0.0,0.0,3.611559076092755e-09,0.0,0.0,0.0,0.0,0.0,0.0,0.0,0.0,0.0,0.0,0.025969756449257444,0.0,0.0,0.0,0.0,0.0,0.0,0.0,0.010376124425583931,0.038334762617414045,0.0,0.0,0.0,0.0,0.0,0.0,0.0,0.0,0.0,0.0,0.0,0.0,0.0,0.0,0.0,0.0,0.0,0.0,0.0,0.0,0.06831449265352643,0.0,0.0,0.03526405071915536,0.06870487097217617,0.0,0.0358658521662155,0.0,0.07410461429502128,0.07703038105701229,0.005399091942898926,0.0,0.09973087981291018,0.184127474848052,0.0,0.0,0.0,0.20754584200345097,0.02112016806081875,0.001602474324046039,0.0,0.0,0.0,0.0,0.0,0.0,0.0,0.0,0.0,0.014205988966086224,0.0,0.0,0.004412523053053902,0.0,0.0,0.000998927324900949,0.0,0.0,0.0,0.0,0.026891720696860293,0.0,0.0,0.0,0.0,0.0,0.0,0.0,0.0
2020-04-30,0.0,0.0,0.0,0.0,0.0,0.0,0.0,0.0,0.0,0.0,0.0,0.0,0.0,0.0,0.0,0.0,0.0,0.0,0.0,0.0,0.0,0.0,0.0,0.0,0.0,0.0,0.05461708666192783,0.02363203641429698,0.0,0.0,0.0,0.0,0.0,0.0,0.0,0.0,0.0,0.0,0.0,0.0,0.0,0.0,0.0,0.0,0.0,0.0,0.0,0.0,0.15272188901375813,0.137342216699344,0.0,0.08930441131827949,0.10672150490072169,0.0,0.022970694505258786,0.0,0.0,0.0057326212258153025,0.06419125045573458,3.975591399687687e-09,0.03228720749863422,0.012038130486563254,0.0,0.0,0.0,0.0,0.0,0.01837568495249897,0.0,0.06211328477417019,0.003672856561377572,0.0,0.0,0.0,0.0,0.0,0.0,0.00024545658775077797,0.0,0.0,0.0,0.0,0.046592390168459036,0.07312456323070958,0.0,0.0,0.0,0.0,0.05527185179391954,0.0,0.0,0.0,0.0,0.0,0.0,0.03904485877518878,0.0
2020-05-31,0.0,0.0,0.0,0.0,0.0,0.0,0.0,0.0,0.0,0.0,0.0,0.0,0.0,0.0,0.0,0.0,0.0,0.0,0.0,0.0,0.0,0.0,0.0,0.0,0.0,0.0,1.832021271559666e-09,0.0,0.0,0.0,0.0,0.0,0.0,0.0,0.0,0.0,0.0,0.0,0.0,0.0,0.0,0.0,0.0,0.0,0.0,0.0,0.0,0.0,0.11503090893627303,0.11586476230348736,0.010524031276516998,0.08143311437666557,0.0769887015037073,0.02189087706435934,0.10911091566932377,0.0656197976210657,0.04200345842431532,0.08361731629106596,0.09166095608962221,0.022066846181287195,0.03205819511207831,0.024721450375601254,0.0,0.0,0.0,0.012874286029842651,0.0,0.0,0.0,0.0,0.0,0.0,0.0,0.0,0.0,0.0,0.0,0.0,0.0,0.0,0.0,0.0,0.0,0.006324653228818935,0.0,0.0,0.0,0.0,0.003058929965720038,0.0,0.0,0.0,0.0,0.0,0.0,0.02670612609220352,0.058444671626023924
2020-06-30,0.0,0.0,0.0,0.0,0.0,0.0,0.0,0.0,0.0,0.0,0.0,0.0,0.0,0.0,0.0,0.0,0.0,0.0,0.0,0.0,0.0,0.0,0.0,0.0,0.0,0.0,0.0,0.0,0.0,0.0,0.0,0.0,0.0,0.0,0.0,0.0,0.0,0.0,0.0,0.0,0.0,0.0,0.0,0.0,0.0,0.0,0.0,0.0,0.07989186523408107,0.22073147186948708,0.018765847880297372,0.10089857225759225,0.08282649434824625,0.028694879734040668,0.08641573621404616,0.03090387061574941,0.0,0.04631411797935881,0.08014184998235972,0.014003918514614336,0.05834137792351235,0.005683022814643107,0.0,0.0,0.029714586495736068,0.0,0.0,0.0,0.0,2.0152076502867477e-09,0.0,0.0,0.0,0.0,0.0,0.0,0.0,0.0,0.0,0.0,0.0,0.0,0.0003697811912326102,0.016528503914916438,0.0,0.0,0.0,0.0,0.007764636733436433,0.0,0.0,0.0,0.0,0.0,0.0,0.05406998616063771,0.03793947812080445
2020-07-31,0.0,0.0,0.0,0.0,0.0,0.0,0.0,0.0,0.0,0.0,0.0,0.0,0.0,0.0,0.0,0.0,0.0,0.0,0.0,0.0,0.0,0.0,0.0,0.0,0.0,0.0,0.0,0.0,0.0,0.0,0.0,0.0,0.0,0.0,0.0,0.0,0.0,0.0,0.0,0.0,0.0,0.0,0.0,0.0,0.0,0.0,0.0,0.0,0.061775520577011814,0.25,0.0,0.08528872407124606,0.03422449209027101,0.005362402983865709,0.07011173432412322,0.0764621636016644,0.03553793781017579,0.08167780184911558,0.0839947058854814,0.0,0.05207267376634156,0.00534909225986533,0.0,0.0,0.046382451621509696,0.0,0.0,0.003956826921264483,0.0,0.009487458403806999,0.0,0.0,0.0,0.05570772995517538,0.0,0.0,0.0,0.0,0.0,0.0,0.0,0.0,0.0002065433538312616,0.0,0.0,0.0,0.0,0.0,1.88936357992762e-09,0.0,0.0,0.0,0.0,0.0,0.0,0.04102929743355091,0.0013724412023358103
2020-08-31,0.0,0.0,0.0,0.0,0.0,0.0,0.0,0.0,0.0,0.0,0.0,0.0,0.0,0.0,0.0,0.0,0.0,0.0,0.0,0.0,0.0,0.0,0.0,0.0,0.0,0.0,0.0,0.0,0.0,0.0,0.0,0.0,0.0,0.0,0.0,0.0,0.0,0.0,0.0,0.0,0.0,0.0,0.0,0.0,0.0,0.0,0.0,0.0,0.02194369264853273,0.13939069673327592,0.034881561075397555,0.06158200376852365,0.014349343744950655,0.010429962683849174,0.05592285160091683,0.054802177552036244,0.05932406054847949,0.09667397319369683,0.05171287111613445,0.008542291030827114,0.058668223956440356,0.08137273421545996,0.06034818162783066,0.044933185401833296,0.1017662299304975,0.0,0.0,0.0,0.0,1.114239349062408e-09,0.0,0.0,0.0,0.015274303146158123,0.0,0.0,0.0,0.0,0.0,0.0,0.0,0.0,0.0,0.0,0.0,0.0,0.0,0.0,0.0,0.0,0.0,0.0,0.0,0.0,0.0,0.0,0.02808165491091999
2020-09-30,0.0,0.0,0.0,0.0,0.0,0.0,0.0,0.10851993838852234,0.04976637740575664,0.13547185486228688,0.0,0.1521385143132436,0.0,0.0,0.018531583235086423,0.0,0.0,0.0,0.0,0.0,0.0,0.0,0.0,0.0,0.0,0.0,0.0,0.0,0.0,0.0,0.0,0.0,0.0,0.0,0.0,0.0,0.0,0.0,0.0,0.021057328740556523,0.0,0.0,0.0,0.0,0.0,0.023037203957460037,0.0,0.0,0.0,0.0,7.369772965071661e-10,0.0,0.0,0.0,0.010758169474700359,0.0,0.06539186419634156,0.04849153676871682,0.0008009047053997009,0.0,0.032990998562154254,0.09041870938888276,0.040558404112672475,0.0,0.0782674983997265,0.03853446798319268,0.016759847007972593,0.0,0.0,0.0,0.0,0.0,0.02123948932383553,0.04726530843651515,0.0,0.0,0.0,0.0,0.0,0.0,0.0,0.0,0.0,0.0,0.0,0.0,0.0,0.0,0.0,0.0,0.0,0.0,0.0,0.0,0.0,0.0,0.0
2020-10-31,0.0,0.0,0.0,0.0,0.0,0.0,0.0,0.0,0.0,0.0,0.0,0.0,0.0,0.0,0.0,0.0,0.0,0.0,0.0,0.0,0.0,0.0,0.0,0.0,0.0,0.0,0.0,0.0,0.0,0.0,0.0,0.0,0.0,0.0,0.0,0.0,0.0,0.0,0.0,0.0,0.0,0.0,0.0,0.0,0.0,0.06108567963879755,0.0,0.05531195412632652,0.0,0.18049832948089511,0.004650616158763659,0.0,0.0,0.0,0.0,0.0,0.020358230922435765,0.05993296961985673,0.0,0.0,0.031274652869711796,0.10255563545509942,0.07142624088970546,0.0,0.1345002006593708,0.012684824052584042,0.07456507722785312,0.013543048300158046,0.04351695474729691,0.00038351855978172554,0.0,1.7184910440736189e-09,0.015407696358586454,0.05145954696391692,0.022068501389107383,0.0,0.0,0.0,0.0,0.0,0.0,0.0,0.0,0.0,0.0,0.0,0.0,0.0,0.0,0.0447763208612617,0.0,0.0,0.0,0.0,0.0,0.0,0.0
2020-11-30,0.0,0.0,0.0,0.0,0.0,0.0,0.0,0.0,0.0,0.0,0.0,0.0,0.0,0.0,0.0,0.0,0.0,0.0,0.0,0.0,0.0,0.0,0.0,0.0,0.0,0.0,0.0,0.0,0.0,0.0,0.0,0.0,0.0,0.0,0.0,0.0,0.0,0.0,0.0,0.0,0.0,0.0,0.0,0.0,0.0,0.014840938908820881,0.0,0.0,0.0,0.15206458524561514,0.0027407307101568793,0.0,0.0,0.0,0.0,0.0,0.05382936628289143,0.0431086879653249,0.0,0.0,0.0,0.03310149328497279,2.1979340730197715e-09,0.0,0.05381033453411908,0.08860160104102846,0.149950105565969,0.04945300084038348,0.03610932021168961,0.0,0.0,0.0,0.038080976940240104,0.0,0.07838748643784019,0.0,0.0,0.0,0.0,0.0,0.04047632830345145,0.0,0.0,0.0,0.0,0.0,0.0,0.010523413560898951,0.0,0.06831635520052495,0.0,0.0,0.026835414365067364,0.024416661426586266,0.03535319697648491,0.0,0.0
2020-12-31,0.0,0.0,0.0,0.0,0.0,0.0,0.0,0.0,0.0,0.0,0.25,0.0,0.0,0.0,0.0,0.0,0.0,0.0,0.0,0.0,0.0,0.0,0.0,0.0,0.0,0.0,0.0,0.0,0.0,0.0,0.0,0.0,0.0,0.0,0.0,0.0,0.0,0.0,0.0,0.0,0.0,0.0,0.0,0.0,0.0,0.04930502334839433,0.0,0.0031917155553568095,0.0,0.060793993555566236,0.0,0.0,0.0,0.0,0.0,0.0,0.0,0.0,0.0,0.0,0.0,0.011311828703508341,1.6358046536723272e-09,0.0,0.0,0.026961650236964868,0.10239127133078477,0.020298055150785938,0.020462405138767674,0.0,0.0,0.01259908512441307,0.061308846080922075,0.00456274669625836,0.0979676716718336,0.0,0.0006361604804329022,0.0,0.0,0.0,0.04854772475231639,0.12478017006390874,0.0,0.0,0.0,0.0,0.0,0.01962882709003901,0.0,0.059614113099107094,0.02563871028483515,0.0,0.0,0.0,0.0,0.0,0.0
2021-01-31,0.0,0.0,0.0,0.0,0.0,0.0,0.015263059272542123,0.0,0.049349715753063114,0.0,0.25,0.008994591485701411,0.0,0.0,0.0,0.0,0.0,0.0,0.0,0.0,0.0,0.0,0.0,0.0,0.0,1.0129231586045913e-09,0.0,0.0,0.0,0.0,0.0,0.0,0.0,0.0,0.0,0.0,0.0,0.0,0.0,0.0,0.0,0.0,0.0,0.0,0.0,0.041125398166621197,0.0,0.0,0.0,0.0,0.0,0.0,0.0,0.0,0.0,0.0,0.0,0.0,0.0,0.0,0.0,0.0,0.0,0.0,0.0,0.0008600389346112977,0.06028520017454742,0.00991810940724865,0.038702435352758184,0.0,0.0,0.008381312766157216,0.03588842759360994,0.0,0.1410029335113277,0.0,0.0,0.0,0.0,0.051763748255648404,0.06773826096882131,0.13243968135467918,0.0,0.0,0.0,0.0,0.008884255397326457,0.0,0.0,0.030184459733193864,0.009140878378456507,0.0,0.0,0.0,0.0,0.0,0.04007749248076281
2021-02-28,0.0,0.0,0.0,0.0,0.01498745143139814,0.002059654789342027,0.010935880216484069,0.0,0.218031226445425,0.014181568659433376,0.25,0.0,0.0,0.0,0.0,0.0,0.0,0.0,0.0,0.0,0.0,0.0,0.0,0.0,0.0,0.009120747039321846,0.0,0.0,0.0,0.0,0.0,0.0,0.0,0.0,0.0,0.0,0.0,0.0,0.0,0.0,0.0,0.0,0.0,0.004872864344723135,0.019412390190282555,0.05034067990055448,0.0,0.04082217958719255,0.0,0.0,0.0,0.0,0.0,0.0,0.0,0.0,0.0,0.0,0.0,0.0,0.0,0.0,0.0,1.2334042324137971e-09,0.0,0.0,0.03311362651384166,0.0,0.01720441688680313,0.0,0.0,0.009327661024839961,0.0,0.0,0.108032086924503,0.0,0.0,0.0,0.005708703017025665,0.07235091267233658,0.03250358117883834,0.0869943679442503,0.0,0.0,0.0,0.0,0.0,0.0,0.0,0.0,0.0,0.0,0.0,0.0,0.0,0.0,0.0
2021-03-31,0.0,0.0,0.0,0.0,0.038643187126537394,0.020014023343794315,0.018106972568510377,0.006841933305021551,0.25,0.031325337107797474,0.25,0.04899524809386758,0.0,0.0,0.0,0.0,0.0,0.0,0.0,0.0,0.0,0.0,0.0,0.0,0.0,0.0,0.0,0.0,0.0,0.0,0.0,0.0,0.0,0.0,0.0,0.0,5.599964391857466e-10,0.0,0.0,0.0,0.0,0.0,0.0,0.002128490399371377,0.03574942000840575,0.0,0.024395280762456187,0.144057590089058,0.0,0.0,0.0,0.0,0.0,0.0,0.0,0.0,0.0,0.0,0.0,0.0,0.0,0.0,0.0,0.0,0.0,0.0,0.011115293273557258,0.0,0.0,0.0,0.0,0.0,0.007909904254149483,0.0,0.0060597734287785605,0.0,0.0,0.0,0.01726632443199381,0.015955215730281365,0.0,0.06301762415854965,0.0,0.0,0.0,0.0,0.0,0.0,0.0,0.0,0.0,0.0,0.0,0.0,0.0,0.0,0.008418381357873494
2021-04-30,0.0,0.0,0.0,0.0,0.041260033491530616,0.03923787830704775,0.018651738666476386,0.0007930606289660151,0.2469974804079278,0.06271913256882973,0.25,0.02502303004577436,0.0,0.0,0.008090665353012807,0.0,0.0,0.0,0.0,0.0,0.0,0.0,0.0,0.0,0.0,0.0,0.0,0.0,0.0,0.0,0.0,0.0,0.0,0.0,0.0,0.0,0.0,0.0,0.0,0.0,0.0,0.0,0.0,0.0,0.03521957114361407,0.0,0.006618942753729782,0.061001828888802324,0.0,0.0,0.0,0.0,0.0,0.0,0.0,0.0,0.0,0.0,0.0,0.0,0.0,0.0,0.0,0.0,0.0,0.0,0.0,0.0,0.0,0.0,0.0,0.0,0.019733439874171164,0.02876024443065721,0.01514695893532162,0.0,0.0,0.0,0.011974677515623849,0.0075652848983401785,5.335478631658996e-10,0.05820852054155522,0.0,0.0,0.0,0.0,0.0,0.0,0.0,0.0,0.0,0.0,0.0,0.0,0.0,0.0,0.06299751101507137
2021-05-31,0.0,0.0,0.0,0.0034026874790240623,0.006696770863542466,0.07657376053116842,0.021287265319089338,0.0,0.25,0.15959910384747913,0.11215073108854182,0.05096454883675866,0.0,0.0,0.0002181267389889284,0.020414631393730037,0.0,0.0,0.0,0.0,0.0,0.0,0.0,0.0,0.0,0.0,0.0,0.0,0.0,0.0,0.0,0.0,0.0,0.0,0.0,0.0,0.0,0.0,0.0,0.0,0.0,0.0,0.0,0.0,0.0018554351703823945,0.0,1.565479359771355e-09,0.0,0.0,0.0,0.0,0.0,0.0,0.0,0.0,0.0,0.0,0.0,0.0,0.0,0.0,0.0,0.0,0.0,0.0,0.0,0.007526581661968181,0.0,0.0,0.0,0.0,0.0,0.04281030466160379,0.0,0.008519297832447495,0.0,0.0,0.0,0.0,0.024499481200858993,0.007067133530298706,0.0,0.0,0.0,0.0,0.0,0.0,0.0,0.0,0.006344303805516885,0.0,0.0,0.0,0.0,0.0,0.0172050413280789,0.18286479314504236
2021-06-30,0.0,0.0,0.0,0.011929750709482555,0.0,0.018942351754530677,0.023715102975871892,0.0,0.25,0.16489489918818614,0.14368471119694837,0.05046071452474603,0.0,0.0,0.0,0.03160506871918564,0.0,0.0,0.0,0.0,0.0,0.0,0.0,0.0,0.0,0.0,0.0,0.0,0.0,0.01775441609613514,0.0,0.0,0.0,0.0,0.0,0.0,0.0,0.0,0.0,0.0,0.0,0.0,0.0,0.0,0.006137255325235468,0.0,1.6709549938176404e-09,0.00819310433632493,0.0,0.08689339923873206,0.0,0.0,0.0,0.0,0.0,0.0,0.0,0.0,0.0,0.0,0.0,0.0,0.0,0.0,0.0,0.0,0.014494388702487484,0.0,0.0,0.0,0.0,0.0,0.027121566980727225,0.0,0.0,0.06333625018996428,0.023964430559364945,0.0,0.017757285548304448,0.0,0.0,0.0,0.0,0.0,0.0,0.0,0.0,0.0,0.0,0.00240788836703641,0.0,0.0,0.0,0.0,0.0,0.0,0.03670741391578114
2021-07-31,0.0,0.0,1.611193221173315e-09,0.015992510791449217,0.0020306634269985236,0.020413000758735738,0.04333795361494941,0.0,0.21753653085685867,0.13114636872475055,0.18806185541776682,0.07448601987351625,0.015460886089890396,0.0,0.012675671585186583,0.01196939954661036,0.0,0.0,0.0,0.0,0.0,0.0,0.0,0.0,0.0,0.0,0.0,0.0,0.0,0.03461079113953172,0.0,0.0,0.0,0.0,0.0,0.0,0.0,0.0,0.0,0.0,0.0,0.0,0.0,0.0,0.012388952895635082,0.0,0.0,0.00842223515815039,0.0,0.012846555015017084,0.0,0.0,0.0,0.0,0.0,0.0,0.0,0.0,0.0,0.0,0.0,0.0,0.0,0.0,0.0,0.0,0.0,0.0,0.0,0.0,0.0,0.0,0.08046103299477948,0.0,0.0,0.07088641334004833,0.03363872150241653,0.0,0.0,0.0,0.0,0.0,0.0,0.0,0.0,0.0,0.0,0.0,0.0,0.0,0.0,0.0,0.0,0.0,0.0,0.0,0.013634435656515594
2021-08-31,0.0,0.0,0.0,0.0,0.0,0.0,0.0,0.0,0.017760099300658323,0.055550371518617365,0.10468784504604697,0.0,2.271180370471185e-09,0.0,0.0,0.006243673954408372,0.03519682186977469,0.0,0.0,0.0,0.0,0.0,0.0,0.0,0.0,0.0,0.0,0.0,0.005182203942752697,0.01669345047426745,0.0,0.0,0.0,0.0,0.0,0.0,0.0,0.00767511400809743,0.0,0.0,0.0,0.0,0.0,0.0,0.0,0.0,0.0,0.0,0.0,0.12575075595641208,0.0,0.014108468596601479,0.05977871198989742,0.0,0.0,0.0,0.0,0.0,0.0,0.031108399819520554,0.0,0.0,0.0,0.0,0.0,0.0,0.0,0.0,0.0,0.0,0.0,0.020145529569092026,0.09038832256447402,0.0,0.14458431728745139,0.11762177071849994,0.0744160952770399,0.0,0.0,0.0,0.06611201731719044,0.0,0.006996028518017251,0.0,0.0,0.0,0.0,0.0,0.0,0.0,0.0,0.0,0.0,0.0,0.0,0.0,0.0
2021-09-30,0.0,0.0,0.0,0.0,0.0,0.0,0.09172641252070686,0.0,0.027651301328581956,0.03341378827627817,0.15983532707543416,4.162203009717645e-09,0.0,0.0,0.0,0.0,0.10531874428001864,0.04985829095193847,0.0,0.0,0.0,0.0,0.0,0.0,0.0,0.0,0.0,0.0,0.027762681910150185,0.04281004269831565,0.0,0.0018429266249663,0.0,0.0,0.0,0.0,0.0,0.025313248285650156,0.0,0.0,0.0,0.0,0.0,0.0,0.0,0.0,0.0,0.0,0.0,0.08309769897104703,0.0,0.01602129341305804,0.007723615121825964,0.0,0.0,0.0,0.0,0.0,0.0,0.0,0.0,0.0,0.0,0.0,0.0,0.0,0.0,0.0,0.012442091903882098,0.0,0.0,0.0,0.09065236980411433,0.0,0.008003641096300203,0.13442608603671113,0.078108273860315,0.0,0.0,0.0,0.0039921616785027324,0.0,0.0,0.0,0.0,0.0,0.0,0.0,0.0,0.0,0.0,0.0,0.0,0.0,0.0,0.0,0.0
2021-10-31,0.0,0.0,0.05287030532971774,0.0,0.0,0.0,0.13030448611624484,0.0,0.13622857079291914,0.0893545871364581,0.0528882181534354,0.06670393590784196,0.011120997303321323,0.0,0.03612301007019798,0.0,0.033512477218349504,0.012732517055338798,0.00569838586429652,3.55502741886328e-09,0.0,0.0,0.027544730214681793,0.0,0.0,0.0,0.0,0.0,0.022376865413527597,0.0,0.0,0.0,0.0,0.0,0.0,0.0,0.0,0.0,0.0,0.0,0.019180304135971188,0.0,0.0,0.0,0.050059156695519254,0.0,0.0,0.0,0.0,0.16635003863032988,0.0,0.0,0.0,0.0,0.0,0.0,0.0,0.0,0.0,0.0,0.0,0.0,0.0,0.0,0.0,0.0,0.0,0.0,0.0,0.0,0.0,0.0,0.04931177468639028,0.0,0.0,0.003620045812410264,0.0,0.0,0.0,0.0,0.0,0.0,0.0,0.0,0.0,0.0,0.0,0.0,0.0,0.0,0.0,0.0,0.0,0.0,0.0,0.03401958990802112,0.0
2021-11-30,0.0,0.0,0.06535446129640457,0.0,0.040923489455641095,0.06211768971203442,0.14351732736317907,0.03000370334377557,0.06785875690281541,0.07020539499175008,0.09210189945959256,0.09096677402233244,0.02573547361855778,0.0,0.11383247453353108,0.0,0.0,0.0,0.031595739091918304,0.005751905243113322,0.0,0.0,0.0,0.0,0.0,0.022379624592148956,0.0,0.0,0.011563490355321988,0.0,0.0,0.0,0.0,0.0,0.0,0.0,0.0,0.0,0.0,0.0,0.0,0.0,0.0,0.0,0.0,0.0,0.0,0.0,0.0,0.1044142441130835,0.0,0.0,0.0,0.0,0.0,0.0,0.0,0.0,0.0,0.0,0.0,0.0,0.0,0.0,0.0,0.0,0.0,0.0,0.0,0.0,0.0,0.0,0.0,0.0,0.0038584448883183468,0.0,0.0,0.0,0.0,0.0,0.0,0.006679661163799676,0.0,0.0,0.0,0.0,0.0,0.0,0.0,0.0,0.0,0.0,0.0,0.0,0.0,0.011139441920212663,3.932469186740814e-09
2021-12-31,0.0,0.0,0.016878968465892798,0.0,0.0,0.00799579734181672,0.15636000005812276,0.030186037047369666,0.0,0.0,0.056111211864375336,0.0,0.0027663003479008025,0.0,0.05077967773955942,0.0,0.0,0.0,0.0,0.0,0.0,0.0,0.03157107583725217,0.0,0.0,0.0,0.0,0.0,0.03778365483262253,0.0,0.0,0.0,0.0,0.0,0.0,0.0,0.0,0.0,0.0,0.0,0.0,0.0,0.0,0.0,0.0,0.0,0.0,0.0,0.0,0.19066592515911193,0.0,0.0,0.0,0.0,0.0,4.667703651302985e-09,0.007732781084946921,0.07620460078152508,0.0,0.0,0.0,0.0,0.0,0.0,0.0,0.0,0.0,0.0,0.009538419904392366,0.0,0.0,0.0,0.06283375248288857,0.0,0.0,0.0,0.0,0.0,0.0,0.0,0.0,0.028428193992042244,0.0,0.0,0.0,0.0,0.0,0.0,0.0,0.0,0.0,0.027689902978796883,0.0,0.0,0.009003299258566272,0.037596812960034316,0.1598735831950797
2022-01-31,0.0,0.0,0.021637122014058416,0.004857761135612166,0.0,0.06342363627235939,0.19404960603185284,0.07259580986830444,0.0,0.0,0.05329429118270196,0.031309870926729745,0.024703062037834737,0.02375027079343608,0.08755807772440533,0.035971439507640854,0.0,0.0,0.0,0.0,0.0,0.0,0.0460197263768616,0.0,0.0,0.0,0.0,0.0,0.0,0.0,0.0,0.0,0.0,0.0,0.0,0.0,0.0,0.0,0.0,0.0,0.0,0.0,0.0,0.0,0.0,0.0,0.0,0.0,0.0,3.6778911303607623e-09,0.0,0.0,0.0,0.0,0.0,0.0,0.0,0.0,0.0,0.0,0.0,0.0,0.0,0.0,0.0,0.0,0.0,0.0,0.009436131673883507,0.0,0.0,0.0,0.09089101083247295,0.0,0.0,0.0,0.0,0.0,0.0,0.0,0.0,0.0,0.0,0.0,0.0,0.0,0.0,0.0,0.0,0.008733614197104875,0.015650915660491517,0.1008787744507716,0.0035299829617677055,0.0,0.0,0.0,0.11170889267381913
2022-02-28,0.007699585828033001,0.0,0.062467476485675355,0.09006219336377497,0.023032162522067544,0.07149453461293369,0.10800033778333916,0.09163617230385672,0.040731930977990306,0.04836183698488756,0.05146922616830187,0.014394212412569772,0.052271408366823875,0.050695679991822014,0.1051010766543863,0.05235090996261361,2.766579107755298e-09,0.0,0.0,0.0,0.0,0.0,0.0,0.0,0.0,0.0,0.0,0.0,0.0,0.0,0.0,0.0,0.0,0.0,0.0,0.0,0.0,0.0,0.0041836462885509445,0.04353456545224168,0.0,0.0,0.0,0.0,0.0,0.0,0.04397122183725349,0.0,0.0,0.0,0.0,0.0,0.0,0.0,0.0,0.0,0.0,0.0,0.0,0.0,0.0,0.0,0.0,0.0,0.0,0.0,0.0,0.0,0.0,0.0,0.0,0.0,0.0,0.0,0.0,0.0,0.0,0.0,0.0,0.0,0.0,0.0,0.0,0.0,0.0,0.0,0.0,0.0,0.0,0.0,0.0,0.03854181923629892,0.0,0.0,0.0,0.0,0.0
2022-03-31,0.0,0.0,0.0,0.0122447976642095,0.010708572862129596,0.004914744584544468,0.10758671276972749,0.0924089811132715,0.0,0.0,0.0,0.0,0.038372554120673336,0.016494398099078662,0.04663604468920837,0.0,0.04203278614538593,0.0,0.0,0.0,0.0,0.0,0.0,0.0,0.0,0.0,0.0,0.0,0.0,0.0,0.0,0.0,0.0,0.0,0.0,0.0,0.0,0.0,0.0,0.04229336486246618,0.0,0.0,0.0,0.0,0.06503636515559841,0.0,0.14782212018569876,0.0,0.0,0.0,0.0,0.0,0.0,0.0,0.0,4.210038954976431e-09,0.0,0.1150150320755846,0.0,0.0,0.0,0.0,0.0,0.0,0.0,0.0404265578669556,0.0,0.0,0.0,0.0,0.0,0.0,0.03763332386382208,0.12744851616349032,0.0,0.0,0.0,0.0,0.0,0.039741330098485315,0.0,0.0,0.0,0.0,0.0,0.0,0.0,0.0,0.0,0.007418178475504073,0.0,0.005765614994126692,0.0,0.0,0.0,0.0,0.0
2022-04-30,0.0,0.0,0.0,0.0,0.05800871372108395,0.0,0.011100053553958789,0.02625734516659236,0.0,0.0,0.0,0.0,2.789709445999734e-09,0.0,0.0,0.0,0.05718902950379875,0.0,0.0,0.0,0.0,0.0,0.0013932820387333221,0.0,0.0,0.0,0.0,0.0,0.0,0.0,0.0,0.0,0.0,0.0,0.0,0.0,0.0,0.0,0.0,0.009739246951520017,0.0,0.0,0.0,0.0,0.09200974017935103,0.0,0.13689773631604304,0.0003022236268566057,0.0020991759734760775,0.0,0.0,0.0,0.0,0.0,0.0,0.0,0.0,0.054399420361886386,0.0,0.0,0.0,0.0,0.0,0.0,0.0,0.0,0.0,0.0,0.0,0.0,0.0,0.03935167572859625,0.1318413892825198,0.1402679994817815,0.0,0.0,0.0,0.0,0.0,0.04971620306644312,0.0,0.0572102652661521,0.0,0.0,0.0,0.0,0.0,0.0,0.0,0.03287877381229104,0.004126181176094093,0.09521154200311234,0.0,0.0,0.0,0.0,0.0
2022-05-31,0.0,0.0,0.0,0.0,0.07242223277510748,0.0,0.0,0.019432347035047717,0.0,0.0,0.0,0.0,0.009162139375666173,0.0021147929368503476,0.012488924468159916,0.00643954294201934,0.009124740563588704,0.0,0.0,0.0,0.0,0.0,0.0,0.0,0.0,0.0,0.0,0.0,0.0,0.0,0.0,0.0,0.0,0.03658697352314293,0.0,0.0,0.0,0.0,0.0,0.03147247006964564,0.0,0.005821154499527646,0.0,0.1131756714895051,0.1684866237158865,0.05061225367765164,0.21341260750419483,0.07945647309213061,0.0,0.0,0.0,0.0,0.0,0.0,0.0,0.0,0.0,0.0,0.0,0.0,0.0,0.0,0.0,0.0,0.0,0.0,0.0,0.0,0.0014753345300774225,0.0,0.0,0.0,0.0,0.0,0.0,0.0,0.0,0.0,0.0,0.08158293654948812,0.0,0.0,0.0,0.0,0.0,0.0,0.0,0.0,0.0,0.06620783960995667,2.0063901763264517e-09,0.020524939635963003,0.0,0.0,0.0,0.0,0.0
2022-06-30,0.005647128570935532,0.0,2.146364459231706e-09,0.0,0.17606952926155012,0.0,0.03276835960515201,0.03944079173444284,0.0,0.016435707272579154,0.0,0.019848571740033866,0.0020781596624503272,0.011665492389887736,0.06734349707607887,0.0,0.0,0.0,0.0,0.0,0.0,0.0,0.0,0.0,0.0,0.0,0.0,0.0,0.0,0.0,0.0,0.0,0.0,0.039336173394714166,0.007713179972056535,0.0,0.0,0.0,0.0,0.04425714821310998,0.0,0.0,0.0,0.12378568164863198,0.14770625750317787,0.021700726448143963,0.10419709684538911,0.1031089491345319,0.0,0.0,0.0,0.0,0.0,0.0,0.0,0.0,0.0,0.0,0.0,0.0,0.0,0.0,0.0,0.0,0.0,0.0,0.0,0.0,0.0,0.0,0.0,0.0,0.0,0.0,0.0,0.0,0.0,0.0,0.0,0.032214235177864675,0.0,0.0,0.0,0.0,0.0,0.0,0.0,0.0,0.0,0.004683312202904833,0.0,0.0,0.0,0.0,0.0,0.0,0.0
2022-07-31,4.0741250763972896e-09,0.0,0.0,0.0,0.17034870913824432,0.0,0.0,0.0,0.0,0.0,0.0,0.0,0.0,0.04090850847580341,0.06593279571976031,0.004974421070386357,0.0,0.0,0.0,0.0,0.0,0.0,0.05416336381722116,0.0,0.0,0.0,0.0,0.0,0.017649313615518875,0.0,0.0,0.0,0.0,0.06298018915395891,0.003915928388593428,0.0,0.058659966919561164,0.0,0.0,0.0,0.0,0.0,0.0,0.15027005040474592,0.17866452945607725,0.0,0.007167963897831914,0.0578459542915984,0.0,0.0,0.0,0.0,0.0,0.0,0.0,0.0,0.0,0.0,0.0,0.0,0.0,0.0,0.0,0.0,0.0,0.0,0.0,0.0,0.0,0.0,0.0,0.0,0.0,0.0,0.0,0.0,0.0206775671100796,0.0,0.0,0.03668790733148541,0.0,0.0,0.0,0.0,0.0,0.0,0.0,0.0,0.0,0.014683676252733821,0.000838208717641844,0.042033677395677885,0.0,0.0,0.0,0.0,0.011597264768954764
2022-08-31,0.06500653961168443,0.007262990537935847,0.0,0.0,0.21294933892623086,0.0,0.0,0.0,0.0,0.01887964981706308,0.010315399269930376,0.0,0.0,5.662258358280546e-09,0.04973046949488494,0.0,0.031380595725129225,0.0,0.0,0.0,0.0,0.0,0.0576199330418118,0.0,0.0,0.0,0.0,0.0,0.0,0.00033567305425761477,0.0004692171163400971,0.0,0.0,0.11515356418373934,0.02849199706259591,0.0,0.25,0.0,0.0,0.0,0.0,0.0,0.026686928811546638,0.08564325822817195,0.01058300668279776,0.0022250188971748154,0.0,0.0006375809452589698,0.0,0.0,0.0,0.0,0.0,0.0,0.0,0.0,0.0,0.0,0.0,0.0,0.0,0.0,0.0,0.0,0.0,0.0,0.0,0.0,0.0,0.0,0.0,0.0,0.0,0.0,0.0,0.0,0.0,0.0,0.0,0.0,0.0,0.0,0.0,0.0,0.0,0.0,0.0,0.0,0.0,0.0,0.0,0.02662883293118814,0.0,0.0,0.0,0.0,0.0
2022-09-30,0.06197320868013028,0.0,0.027998739776372517,0.0,0.09864258412786218,0.0,0.07878846946516335,0.0,0.0,0.03557090095715165,0.041229265509953435,0.0,0.0,0.0,0.03594500246508768,0.0,0.16567038444240212,0.039902788658745775,0.0,0.0,0.007975349445279093,0.0,0.00038664858662144534,0.0,0.0,0.0,0.0,0.0,0.05186840658605329,0.014930648653703952,5.018920634125384e-09,0.0,0.04018727620344414,0.058164533864957124,0.06804176912326931,0.00026154983538272705,0.14336002156299227,0.0,0.0,0.0,0.0,0.0,0.0,0.0,0.0,0.0,0.0,0.0,0.0,0.0,0.0,0.0,0.0,0.0,0.0,0.0,0.0,0.0,0.0,0.0,0.0,0.0,0.0,0.0,0.0,0.0,0.0,0.0,0.0,0.0,0.0,0.0,0.0,0.0,0.0,0.0,0.0,0.0,0.0,0.02910244703650714,0.0,0.0,0.0,0.0,0.0,0.0,0.0,0.0,0.0,0.0,0.0,0.0,0.0,0.0,0.0,0.0,0.0
2022-10-31,0.02019494831690102,0.0,0.044193701734166174,0.0,0.050035685850225435,0.002492967812746354,0.03223881788959024,0.0,0.0,0.004327433226533747,0.08746547873621333,0.0,0.0,0.0,0.0,0.0,0.08457413560639676,0.1870528357493021,0.0,0.0,0.009134946066233012,0.0,3.973613185441202e-09,0.0,0.0,0.0,0.0,0.0,0.09268483069520246,0.015915402808952952,0.0,0.0,0.01672501171839664,0.0,0.06290164749448739,0.0,0.17717704465559547,0.0,0.0,0.0,0.0,0.0,0.09085986646804532,0.0,0.0,0.0,0.0,0.0,0.0,0.0,0.0,0.0,0.0,0.0,0.0,0.0,0.0,0.0,0.0,0.0,0.0,0.0,0.0,0.0,0.0,0.0,0.0,0.0,0.0,0.0,0.0,0.0,0.0,0.0,0.0,0.0,0.0,0.0,0.0,0.0,0.0,0.0,0.0,0.005604808416265517,0.0,0.0,0.0,0.0,0.0,0.0,0.0,0.003213760125988127,0.0,0.0,0.0,0.013206672655144809,0.0
2022-11-30,0.047670774857459054,0.0,0.04013955526759297,0.0,0.0,0.0,0.0,0.0,0.0848630042254722,0.006188273964325888,0.016049624997904077,0.0,0.0,0.0,0.0,0.0,0.018784522053053487,0.25,0.0,0.0,0.0,0.0,0.0,0.0,0.0,0.0,0.0,0.0,0.12049005835506364,0.02069709088454288,0.0,0.0,0.005527758968434794,0.0,0.023369447248345346,0.0,0.09930854722584868,0.0025201746249405217,0.03154085314595599,0.0,0.0,0.02494685420136343,0.11617411726610397,0.0,0.0,0.0,0.06307588807046285,0.0,0.0,0.0,0.0,0.0,0.0,0.0,0.0,0.0,0.0,0.0,0.0,0.0,0.0,0.0,0.0,0.0,0.0,0.0,0.0,0.0,0.0,0.0,0.0,0.0,0.0,0.0,0.0,0.0,0.017258528632189594,0.0,0.0,5.722509405122799e-09,0.0,0.0,0.0,0.0,0.0,0.0,0.0,0.0,0.0,0.0,0.0,0.0,0.0,0.0,0.0,0.0,0.01139492028843136
2022-12-31,0.0,0.0,0.022509870932121614,0.0,0.0,0.0,0.0,0.004219024322949434,0.1294583370029018,0.030386473091800727,0.04765385486603016,0.0,0.0,0.0,0.0,0.0,0.007035746920255607,0.25,0.0,0.0,0.0,0.0,0.0,0.0,0.0,0.0,0.0,0.0,0.0,0.0,0.0,0.0,0.0,0.0,0.05579127231120224,0.0019345443907294222,0.0201378662112558,0.0,0.03732102240540045,0.0,0.0,0.0,0.17779796395591446,0.0,0.0,0.0,0.0010299689382966847,0.0,0.0,0.0,0.0,0.0,0.0,0.0,0.0,0.0,0.0,0.0,0.01530962502821999,0.0,0.0,0.017774496309876806,0.0,0.0,0.0,0.0,0.011283765438545378,0.0,0.0,0.0,0.0,0.0,0.0,0.0,0.0,0.035432979482669276,0.0837456525575599,0.0,0.05117753227143616,3.5628341742924982e-09,0.0,0.0,0.0,0.0,0.0,0.0,0.0,0.0,0.0,0.0,0.0,0.0,0.0,0.0,0.0,0.0,0.0
2023-01-31,0.0,0.0,0.012331529970366724,0.0,0.0,0.0,0.0,0.020007804679837562,0.09029025101217468,0.0,0.0,0.0,0.0,0.0,0.0,0.0,0.0,0.25,0.0,0.0,0.0,0.022494682894701398,0.0,0.0,0.0,0.0,0.0,0.0,0.0,0.0,0.0,0.0,0.0,0.0,0.030081764896155532,0.0,0.0,0.0,0.10730515755864795,0.06071231963240975,0.0,0.0,0.13072031246802257,0.0,0.0,0.0,0.0,0.0,0.0,0.0,0.005169330037739968,0.0,0.0,0.0,0.0,0.057530585498382386,0.0,0.0,0.03161535962898873,0.0,0.0,0.004849135357374678,0.0,0.0,0.04384219412617587,0.0,0.0,0.011049822171786404,0.033765663175315576,4.548386376188853e-09,0.0,0.050476180693064754,0.0,0.0,0.0,0.0,0.020603968756550073,0.0,0.0,0.0,0.0,0.0,0.0,0.017153932893919154,0.0,0.0,0.0,0.0,0.0,0.0,0.0,0.0,0.0,0.0,0.0,0.0,0.0
2023-02-28,0.0,0.0,0.0,0.0,0.0,0.0,0.0,0.0,0.0,0.0,0.0,0.0,0.0,0.0,0.0,0.0,0.0,0.25,0.0,0.0,0.0,0.0,0.0,0.0,0.0,0.0,0.0,0.0,0.0,0.0,0.0,0.0,0.0,0.0,0.0,0.0,0.0,0.0,0.0401405588022438,0.0,0.0,0.0,0.10791166554722975,0.0,0.0,0.0,0.0,0.0,0.0,0.0,0.0,0.04023072429238563,0.0,3.5216543028108555e-09,0.011850248910961026,0.0590673252544574,0.0,0.01940746737111029,0.053838552061655776,0.0003993979207256778,0.0,0.061833682421217895,0.006268328516944598,0.0,0.09941350558392062,0.0,0.045332443964969375,0.07797572111780206,0.0,0.0063542354506940825,0.0,0.04141897675665131,0.0,0.022657473207393572,0.0,0.0,0.040528922415982015,0.0,0.015370766882000855,0.0,0.0,0.0,0.0,0.0,0.0,0.0,0.0,0.0,0.0,0.0,0.0,0.0,0.0,0.0,0.0,0.0,0.0
2023-03-31,0.0,0.0,0.0,0.0,0.0,0.0,0.0,0.0,0.04876021449460662,0.0,0.0,0.0,0.0,0.0,0.0,0.0,0.0,0.12900090709426795,0.0,0.0,2.6898851352582305e-09,0.0,0.0,0.0,0.0,0.0,0.0,0.0,0.0,0.0,0.0,0.0,0.0,0.0,0.0,0.0,0.0,0.0,0.021121565081782895,0.01804668571717697,0.016944438484735556,0.0,0.10532947288119633,0.0,0.0,0.0,0.0,0.017716702309306807,0.0,0.0,0.0,0.0,0.0,0.0,0.0,0.0,0.0,0.0,0.0,0.0,0.0,0.0,0.0,0.0,0.0,0.0,0.025869848039466813,0.07158883957538338,0.0,0.0,0.0,0.0,0.01126797233568052,0.2340824870914467,0.04512725414691915,0.04175361820148802,0.0989252968532248,0.0030740250583401576,0.040684309929313295,0.030091421219703835,0.027863054296393297,0.0,0.0,0.0,0.012751884499681584,0.0,0.0,0.0,0.0,0.0,0.0,0.0,0.0,0.0,0.0,0.0,0.0
2023-04-30,0.0,0.0,0.0,0.0,0.0,0.0,0.0,0.0,0.0,0.0,0.0,0.0,0.0,0.0,0.0,0.0,0.0,0.04782894065846284,0.0,0.0,0.0,0.0,0.0,0.0,0.0,0.0,0.0,0.0,0.0,0.0,0.0,0.0,0.0,0.0,0.0,0.0,0.0,0.0,0.0,0.0,0.0,0.0,3.226865389059597e-09,0.0,0.0,0.0,0.0,0.0,0.0,0.0,0.0,0.0629909310131615,0.0,0.02623503708416537,0.009389929394656424,0.18764026450233837,0.05657794999465959,0.14190688055057052,0.08667914330129763,0.06222986889987371,0.0,0.031900141464134,0.0,0.0,0.027476445429663515,0.0,0.0020260490359176333,0.12018469421296092,0.0,0.01246439642477132,0.024491274690689395,0.0,0.0,0.03162678648862171,0.03941092955652872,0.0,0.0,0.0,0.0,0.011935897115018338,0.017004436955642906,0.0,0.0,0.0,0.0,0.0,0.0,0.0,0.0,0.0,0.0,0.0,0.0,0.0,0.0,0.0,0.0
2023-05-31,0.0,0.0,0.0,0.0,0.0,0.0,0.0,0.0,0.0,0.0,0.0,0.0,0.0,0.0,0.0,0.0,0.0,0.07948764352677927,0.0,0.0,0.009803104635606581,0.0,0.0,0.0,0.0,0.0,0.0,0.0,0.0,0.0,0.0,0.0,0.0,0.0,0.0,0.0,0.0,0.0,0.0,0.0,0.0,0.0,0.0,0.0,0.0,0.0,0.0,0.0,0.0,0.0,0.010944043943489369,0.05918118290744621,0.0,0.029003675596295412,0.04596399148273121,0.12941734356679419,0.07514205664083051,0.11636235246519072,0.08457938284700087,0.06926260767407467,0.0,0.001971176428041422,0.0,0.0,0.0,0.0,0.0,0.061757903179500126,0.061460435162444475,0.0,0.0,0.0,0.0,0.0,0.0,0.0,0.0,0.025857979090454647,0.06656479677798913,0.05790884564660646,0.0,0.0,3.622253407801687e-09,0.0,0.0,0.0,0.0075006022807334646,0.0,0.0,0.0,0.0,0.0,0.0,0.0,0.0,0.007830872525737937,0.0
2023-06-30,0.0,0.0,0.0,0.0,0.0,0.0,0.0,0.0,0.0,0.0,0.004848712254293818,0.0,0.0,0.0,0.0,0.0,0.04983223467916049,0.045749361173350316,0.0,0.0,0.0,0.0,0.0,0.0,0.0,0.0,0.0,0.0,0.0,4.580008430161414e-09,0.0,0.0,0.022525941336683182,0.0,0.0,0.0,0.0,0.0,0.0,0.0,0.0,0.0,0.0,0.0,0.0,0.0,0.0,0.0,0.0,0.0,0.0,0.03171610607115916,0.0,0.004208468809824753,0.03326370381880589,0.07394870705038449,0.1325080363559238,0.18230661907066104,0.05837259277329429,0.10145114911726646,0.0,0.0,0.0,0.0,0.0,0.0,0.0,0.017969081333343094,0.0,0.0,0.0,0.0,0.0,0.0,0.0,0.0,0.0,0.03330728977090636,0.06801049391784714,0.02843964764015948,0.0,0.0,0.0,0.0,0.0,0.0,0.0,0.0,0.0,0.0,0.0,0.0,0.0,0.011724342844390893,0.039325297275871814,0.060492210126665044,0.0
2023-07-31,0.0,0.0,0.0,0.0,0.0,0.0,0.0,0.0,0.0,0.0,0.03691011541760816,0.0,0.0,0.0,0.0,0.0,0.142150219593861,0.08049271632242337,0.0,0.0015420490600264196,0.0,0.0,0.0,3.949617400614469e-09,0.0,0.0,0.0,0.0,0.0,0.0,0.0025138620257598465,0.0,0.044598632442974295,0.0,0.0,0.0,0.0,0.0,0.0,0.0,0.0,0.0,0.06094967676219843,0.0,0.0,0.0,0.0,0.0,0.0,0.0,0.0,0.0,0.0,0.0,0.0003867304374851193,0.0,0.06096427480375794,0.07667252831141834,0.01666567026033276,0.04464338237212294,0.0,0.0,0.0,0.0,0.0,0.0,0.0,0.0,0.0,0.0,0.0,0.0,0.0,0.0,0.0,0.0,0.0,0.06381157625127136,0.049192727851680856,0.06841425620513424,0.0,0.0,0.0465179997766694,0.0,0.0,0.0,0.0,0.0,0.0,0.0,0.0,0.0,0.0,0.07627628893501612,0.0971606290800831,0.030136660140558907,0.0
2023-08-31,0.0,0.0,0.0,0.011119386134168446,0.0,0.0,0.0,0.0,0.0,0.0,0.025099438749674907,0.0,0.0,0.0,0.0,0.0,0.1602430241939378,0.03846896362403211,0.0,0.0,0.0,0.0,0.0,0.002358964963609103,0.0,0.0,0.0,0.0,0.0,0.0,0.0,0.0,0.0,0.0,0.0,0.0,0.0,0.0,0.0,0.0,0.0019451440609385047,0.0,0.011079139998455077,0.0,0.0,0.0,0.0,0.0,0.0,0.09752247877350032,0.0,0.0,0.0,0.0,0.08676470797507381,0.0716743007524276,0.08993383799642256,0.2369547436323472,0.019003763615913993,0.0,0.0,0.0,0.0,0.0,0.0,0.0,0.0,0.012034309495085443,0.0,0.0,0.0,0.0,0.0,0.0,0.0,0.0,0.0,0.0076545171514806965,0.029368379201864855,4.175009944272762e-09,0.0,0.0,0.0,0.0,0.0,0.0,0.0,0.0,0.0,0.0,0.0,0.0,0.0,0.021502481337732773,0.03005805599714095,0.047214358171183864,0.0
2023-09-30,0.0,0.0,0.004998511104872488,0.0,0.0,0.0,0.0,0.010938720514245895,0.0756042225894569,0.05975859435048985,0.013826079231697406,0.046873085928562375,0.0,0.0,0.0,0.0,0.19436495467754838,0.04833573383668596,0.0,0.0,0.0,0.0,0.0,0.0,0.0,0.0,0.0,0.0,0.0,0.0,0.0,0.0,0.028655720403218236,0.0,0.0,0.0,0.0,0.0,4.484942924410263e-09,0.008773356455341946,0.027966312603362402,0.0,0.08582143936314197,0.0,0.004819711914893216,0.019067194713885516,0.0,0.0,0.0,0.0,0.0,0.0,0.0,0.0,0.0,0.0,0.0,0.0,0.0,0.0,0.0,0.0,0.0,0.0,0.0,0.0,0.0,0.0,0.0,0.0,0.0,0.0,0.0,0.0,0.0,0.0,0.0,0.0,0.09063297333528318,0.0,0.0,0.0,0.0,0.0,0.0,0.0,0.0,0.0,0.0,0.0,0.0,0.0,0.0,0.03143036873495797,0.024270449212087954,0.09260849647445102,0.13125407007087442
2023-10-31,0.0,0.0,0.0,0.0,0.0,0.0,0.0,0.0,0.05839204472806992,0.0,0.0,0.048011735783270185,0.0,0.0,0.011407060690667901,4.360679168508538e-09,0.1391316026712548,0.0,0.020718298138812367,0.0,0.0,0.0,0.0,0.0,0.0,0.0,0.0,0.0,0.0,0.0,0.0,0.0,0.0,0.013104602100236729,0.012275296567462375,0.004950032805173546,0.03878339861448892,0.0,0.0,0.00911068528102312,0.0,0.012095996564914786,0.11454910677708394,0.03482803825835325,0.0114251082257778,0.09964522891889029,0.0,0.0032543570285215135,0.0,0.0,0.0,0.0,0.0,0.0,0.0,0.0,0.0,0.0,0.0,0.0,0.0,0.0,0.0,0.0,0.0,0.0,0.0,0.0,0.0,0.0,0.0,0.0,0.0,0.0,0.0,0.0,0.0,0.0,0.024636077305522766,0.0,0.0,0.0,0.0,0.0,0.0,0.0,0.0,0.0,0.0,0.0,0.0,0.0,0.0,0.0,0.0,0.09368132517979674,0.25
2023-11-30,0.0,0.0,0.0,0.0,0.0,0.0,0.0,0.0,0.0828205113528312,0.036724926265510265,0.0,0.054748684260125746,0.0,0.0,0.0,2.748586914287149e-09,0.041482895723878116,0.0,0.032609353406817386,0.0,0.0,0.0,0.022783651903115834,0.0,0.0,0.0,0.0,0.0,0.0,0.0,0.0,0.0,0.0,0.0,0.04839292967719513,0.0,0.02039710272184314,0.0,0.010751465992869802,0.03100867412919324,0.0,0.04226170231972709,0.10149935202275848,0.006518706250438039,0.010447316449146028,0.11449559138437629,0.0,0.0,0.0,0.0,0.0,0.0,0.0,0.0,0.0,0.0,0.0,0.0,0.0,0.0,0.0,0.0,0.0,0.0,0.0,0.0,0.0,0.0,0.0,0.0,0.0,0.0,0.0,0.0,0.0,0.0,0.0,0.0,0.03063874151131061,0.0,0.0,0.0,0.0,0.0,0.0,0.0,0.0,0.0,0.0,0.0,0.0,0.008407355655837235,0.0,0.0,0.0,0.05401103622443935,0.25
2023-12-31,0.0,0.0,0.0,0.0,0.0,0.005590727590899609,0.0,0.0,0.011046312994883928,0.0,0.0,0.0,0.0020494409214287922,0.0,0.0,0.0,0.0,0.0,0.05385950337040944,0.0,0.0,4.446091951455425e-09,0.0,0.0,0.0,0.0,0.0,0.0,0.0028516558856874056,0.0,0.0,0.0,0.0,0.0,0.04355038106440226,0.08063682979482634,0.00026408450459376,0.04646480338488849,0.0,0.0,0.0,0.0,0.02579831247630146,0.0,0.0,0.13073863398259622,0.0,0.0,0.0,0.0,0.0,0.0,0.0,0.0,0.023951168543959053,0.0,0.13507064938072952,0.0,0.02220141692852351,0.0,0.0,0.0,0.0,0.0,0.0038145041181653363,0.0,0.0,0.0,0.0,0.0,0.0,0.0,0.0,0.0,0.0,0.0,0.0,0.0,0.033319325397982456,0.0,0.0,0.0,0.0,0.0,0.0,0.0,0.0,0.007226895895610286,0.0,0.0,0.0,0.0,0.0,0.0,0.0,0.1215653493180203,0.25
2024-01-31,0.0,0.0,0.0,0.0,0.0,0.0,0.0,0.0,0.030300299334695066,0.0,0.0,0.0,0.0,0.0,0.0,0.0,0.022174737361931405,0.016110605041665678,0.020115669056251815,0.0,0.0,0.006316068247569112,0.0,0.0,0.0,0.0,0.002822170074959459,0.0,0.0,0.0,0.0,0.0,0.0,0.0,0.002910677232498245,0.04573536941804485,0.0,0.1125693067188383,0.0,0.0,0.0,0.0,0.0,0.0,0.0,0.0,0.0,0.0,0.0,0.0,0.0,0.0,0.0,0.0,0.05204564364021291,0.0,0.15715091112413104,0.0,0.0,0.0,0.0,0.0,0.0,0.0,0.0,0.0,0.0,0.0,0.0,0.014356062947838777,0.0,0.015018514456288507,0.0,0.089041644140152,0.017306440711729373,0.0,0.0,0.0,0.03364886168087344,0.0,0.0,0.0,0.0,0.0,0.0,0.0,0.0,0.06062577179024092,0.0,0.0,0.0,0.0,0.0,0.0,4.832742248516851e-09,0.05175124218933695,0.25
2024-02-29,0.0,0.0,0.0,0.0,0.0,0.0,0.0,0.0,0.0,0.0,0.0,0.0,0.0,0.0,0.0,0.0,0.04934270867736031,0.029038393173873307,0.022736894099547815,0.0,0.0,0.0,0.0,0.0,0.0,0.0,0.006764833642144727,0.0,0.0,0.0,0.0,0.007642591649675668,0.0,0.0,0.01905321778847639,0.05501017264746492,0.0,0.0681058719051889,0.0,0.0,0.0,0.0,0.0,0.0,0.0,0.06694973283243363,0.0,0.0,0.0,0.0,0.0,0.0,0.0,0.0,0.0,0.0,0.1339133626696643,0.026296743553587156,0.0,0.0,0.0,0.0,0.002584033026465681,0.0,0.0,0.0,0.0,0.0,0.0,3.2865213913777782e-09,0.0,0.0,0.0,0.1282847229580523,0.06671459965553792,0.0,0.01068522439200343,0.0,0.0,0.0,0.0,0.0,0.0,0.0,0.0,0.0,0.0,0.01853480350405975,0.0,0.0,0.0,0.0,0.0,0.0,0.010652457083988738,0.06071400085481148,0.21697563259914218
2024-03-31,0.0,0.0,0.0,0.0,0.0,0.012735757079550452,0.0,0.0,0.0,0.0,0.0,0.0,0.0,0.0,0.0,0.0,0.0,0.11435539265048604,0.0,0.0,0.0,0.0,0.0,0.0,0.0,0.020038726941260233,0.0,0.0,0.0,0.0,0.0,0.0,0.0,0.0,0.0,0.013555016254836178,0.0,0.056013703081484595,0.0,0.0,0.0,0.0,0.0,0.0,0.0,0.0,0.0,0.0,0.0,0.0,0.0,0.0,0.0,0.0,0.0,4.878710211279762e-09,0.172837000939952,0.011166769903201045,0.0,0.03300268232354157,0.0,0.0,0.0,0.0,0.0,0.0,0.0,0.0,0.0,0.0,0.0,0.0,0.0,0.1357945633967883,0.07460817857674508,0.027237798888552264,0.03641608990712002,0.02518149776380059,0.0,0.008436086358372112,0.0,0.0,0.015245548933532974,0.0,0.0,0.0,0.0,0.022353942250211024,0.0,0.0,0.0,0.0,0.0,0.06870223737098312,0.1130920529889282,0.0,0.03922694951194413
2024-04-30,0.0,0.0,0.0,0.0,0.0,0.0,0.0,0.0,0.0,0.0,0.0,0.0,0.0,0.0,0.0,0.0,0.0,0.20320450542014507,0.0,0.0,0.0,0.0,0.0,0.0,0.0,0.0,0.0,0.0,0.0,0.0,0.0,0.0,0.0,0.012888069195307852,0.007100357849029321,0.040217926568779344,0.0,0.0,0.0,0.0,0.0,0.0,0.0,0.0,0.0,0.0,0.0,0.0,0.0,0.0,0.0,0.0,0.0,0.0,0.0,0.0,0.15042704559484243,0.0,0.0,0.008765844761204799,0.0,0.0,0.054288746814005306,0.0,0.0014411789461472606,0.0,0.022514772673810884,0.0652686633574547,0.0,0.0,0.0,0.0,3.0269551105976736e-09,0.25,0.009850818676797171,0.0073393295746812985,0.023737021319078094,0.0001250542315479169,0.0,0.00972798045735432,0.0,0.0,0.0,0.0,0.0,0.0,0.0,0.056037327334426006,0.0,0.0,0.0,0.0,0.0,0.021675574591930872,0.05538977960650218,0.0,0.0
2024-05-31,0.0,0.0,0.0,0.0,0.0,0.04126859917214637,0.0,0.0,0.027828126270762227,0.0,0.0,0.0,0.0,0.0,0.0,0.008557704821992754,0.0,0.04037724466539938,0.0,0.0,0.0,0.0,0.0,0.0,0.0,0.0,0.0,0.0,0.0,0.0,0.0,0.0,0.0,0.02718955117460556,0.005518975470426837,0.0,0.0,0.0,0.0,0.0,0.0,0.0,0.01085780986487207,0.0,0.0,0.0,0.0,0.0,0.0,0.07348674956464128,0.0,0.0,0.0,0.0,0.0,0.0022208191072531397,0.06293856641194116,0.0,0.0,0.0,0.0,0.0,0.09717861242248227,0.0,0.0,0.0,0.0492316646101989,0.15273819847754377,0.036895591876833195,0.0,0.0,0.0,0.03714887485158496,0.25,0.0,0.0,0.0,0.0,0.00311936324489258,0.05326254971546732,0.0,0.0,0.0,0.0,0.0,0.0,0.0,0.0,0.0,0.0,0.0,0.0,0.0,3.5529253310244493e-09,0.020180994724030975,0.0,0.0
2024-06-30,0.0,0.0,0.0,0.0,0.0,0.02298286120978076,0.0,0.0,0.0,0.0,0.0,0.0,0.0,0.010940705571853043,0.0009392196774114571,0.0,0.0,0.0350829437655708,0.0,0.0,0.0,0.0,0.0,0.0,0.0,0.0,0.0,0.0,0.0,0.0,0.0,0.0,0.0,0.0,0.0,0.0,0.0,0.0,0.0,0.0,0.0,0.0,0.01743322091116768,0.0,0.0,0.041150506165144915,0.0,0.0,0.0,0.0032548196105398565,3.949528227932624e-09,0.0,0.0,0.0,0.03755275259753435,0.021731845583105303,0.09140849638433365,0.0,0.0,0.0,0.04084115308031441,0.0,0.19843548453375087,0.0,0.14028920652444232,0.0,0.0,0.05166591238797049,0.0,0.0,0.0,0.0,0.019187755981005743,0.09814945215439556,0.0,0.0,0.0,0.0,0.12384778710947936,0.03461602593551949,0.0,0.0,0.0,0.0,0.0,0.0,0.0,0.0,0.0,0.0,0.0,0.0,0.0,0.0,0.0,0.010489846867151563,0.0
2024-07-31,0.0,0.0,0.0,0.0,0.0,0.0233973056739956,0.0,0.0,0.0,0.0,0.0,0.0,0.0,0.0,0.0,0.0,0.0,0.0,0.0,0.0,0.0,0.0,0.0,0.0015003907913046588,0.0,0.0,0.0,0.0,0.0,0.0,0.0,0.0,0.0,0.0,0.0,0.0,0.0,0.0,0.0,0.0,2.7195612273331353e-09,0.0,0.028880187855759337,0.0,0.0,0.0,0.0,0.0,0.0,0.0,0.026691688033751416,0.0,0.0,0.0,0.07423186569166276,0.054215265080081135,0.06617572271082944,0.0,0.01304462911463686,0.0,0.06481877721437611,0.006768832727085074,0.22789169229675374,0.00870700939441305,0.09861517659602377,0.0,0.0,0.02020196803326502,0.0,0.0,0.0,0.0,0.025565921793486837,0.06825966440066807,0.0,0.0,0.0,0.0,0.14481915522622402,0.028689704790034052,0.0,0.0,0.0,0.0,0.01752503985608776,0.0,0.0,0.0,0.0,0.0,0.0,0.0,0.0,0.0,0.0,0.0,0.0
2024-08-31,0.0,0.0,0.0,0.0,0.0,0.0,0.0,0.0,0.0,0.0,0.0,0.0,0.0,0.0,0.0,0.0,0.0,0.0,0.0,0.0,0.0,0.0,0.0,0.0,0.0,0.0,0.0,0.0,0.0,0.0,0.0,0.0,0.0,0.0,0.0,0.0,0.0,0.0,0.0,0.0,0.0,0.0,0.00781694129428814,0.0,0.0,0.0,0.0,0.0,0.045541712914734515,0.032197411602576526,0.04936749209498863,0.023470565869986217,0.0,0.005980504046800492,0.0911808189616826,0.035978238546895504,0.0663869176494315,0.00272835743596294,0.021377171082507765,0.0,0.0927598427629895,0.05298112696293845,0.1975809927213589,0.009977305916028184,0.07718530265470627,0.0,0.0,1.6640647339914638e-09,0.0,0.0,0.0,0.0,0.0,0.020754059486641864,0.0,0.0,0.0,0.0,0.15702919277575375,0.009706043555663584,0.0,0.0,0.0,0.0,0.0,0.0,0.0,0.0,0.0,0.0,0.0,0.0,0.0,0.0,0.0,0.0,0.0
2024-09-30,0.0,0.0,0.0,0.0,0.0,0.0,0.0,0.0,0.0,0.0,0.0,0.0,0.0,0.0,0.0,0.0,0.0,0.010951985407883403,0.0,0.0,0.0,0.0,0.0,0.008403054374213605,0.014873179127227699,0.006138385035912656,0.003809444593372838,0.0,0.0,0.0,0.0,0.0,0.0,0.0,0.0,0.0,0.0,0.0,0.0,0.0,0.0,0.0,0.0,0.0,0.0,0.0,0.0,0.0,0.09781768196410545,0.03574438507687254,0.0638141436015158,0.047137907356429365,0.0,0.0,0.09391622586949111,0.053921801184879416,0.010128775473178187,0.0,0.043262679361043783,0.0,0.055986645384679797,0.022447818942859587,0.13526136655653254,0.0,0.020625776957565647,0.0,0.0,0.0,0.0,0.0,0.0,0.0,0.0,0.0,0.0,0.0,0.0,0.0,0.25,0.025758740852553988,0.0,0.0,0.0,2.8796826493760235e-09,0.0,0.0,0.0,0.0,0.0,0.0,0.0,0.0,0.0,0.0,0.0,0.0,0.0
2024-10-31,0.0,0.0,0.0,0.0,0.0,0.0,0.0,0.0,0.0,0.0,0.0,0.0,0.0,0.0,0.0,0.0,0.0,0.0,0.0,0.0,0.0,0.0,0.0,0.0208947632970705,0.023739842402280123,0.0027463549010033526,0.07446493307682525,0.009008657521528532,0.0,0.0,0.0,0.0,0.0,0.0,0.0,0.0,0.0,0.0,0.0,0.0,0.0,0.0,0.0,0.0,0.0,0.0,0.0,0.0,0.06104591192500535,0.0,0.045339857857713155,0.006995804870295337,0.0,0.004837638202251991,0.10793125653830962,0.0031356413310803426,0.010235604657422574,0.0,0.07168976498155492,0.0183248594775955,0.0,0.09136152831435838,0.12954699252896357,0.0,0.0,0.0,0.0,0.0,0.0,0.0,3.557008691991796e-09,0.0,0.0,0.0,0.0,0.0,0.0,0.0,0.25,0.0,0.0,0.0,0.0,0.039331347554967824,0.02936923700476506,0.0,0.0,0.0,0.0,0.0,0.0,0.0,0.0,0.0,0.0,0.0,0.0
2024-11-30,0.0,0.0,0.0,0.0,0.0,0.0,0.0,0.0,0.0,0.0,0.0,0.0,0.0,0.0,0.0,0.0,0.0,0.0,0.0,0.0,0.0,0.0,0.0,0.09752081725071474,0.09728837665432387,0.054665790659591706,0.07244316587591769,0.007707378894872148,0.05756969920853544,0.0,0.0,0.0028638301648527525,0.0,0.0,0.0,0.0,0.0,0.0,0.0,0.0,0.01901309324885694,0.0,0.0,0.0,0.0,0.0,0.0,0.0,0.0,0.0,0.08748970232171571,0.04947183403708823,0.0,0.020015728821446425,0.07270540038743978,0.026145559561061696,0.04764710939293077,0.0,0.055059031381795034,0.05753897708611305,0.0,0.0,0.0058685605199580975,0.0,0.0,0.0,0.0,0.0,0.0,0.0,0.0,0.0,0.0,0.0,0.0,0.0,0.0,0.0,0.13106709464511587,0.0,0.0,5.396149498974273e-09,0.0,0.037918844491520706,0.0,0.0,0.0,0.0,0.0,0.0,0.0,0.0,0.0,0.0,0.0,0.0,0.0
2024-12-31,0.0,0.0,0.0,0.0,0.0,0.0,0.0,0.0,0.0,0.0,0.0,0.0,0.0,0.0,0.0,0.0,0.0,0.23128887468026899,0.0,0.0,0.0,0.0,0.0,0.05281270212409608,0.07242378193362337,0.06236235807392141,0.02863764599060265,0.014075834421461292,0.022448904035125387,0.018079594094633264,0.006116955294295684,0.015461361889709731,0.0,0.0,0.0,0.0,0.0,0.0,0.0,0.0,0.01565366456714386,0.0,0.0,0.0,0.0,0.0,0.0,0.0,0.0,0.0,0.027060762218124885,0.0,0.0,0.0,0.0,0.0,0.0,0.0,0.0,0.010616319209952717,0.0,0.0,0.0,0.0,0.0,0.0,0.0,0.0,0.0,0.0,0.0,0.0,0.0,0.04445907271451477,0.0,0.0,0.0,0.0,0.16487394684757783,0.0,0.0,0.12974737340699152,0.0,0.029677892914713483,0.0,0.0,0.0,0.0,0.0,0.0,0.0,0.003989945462728071,0.0,0.0,0.0,2.9192297235868533e-09,0.050213007201285194
2025-01-31,0.0,0.0,0.0,0.0,0.0,0.0,0.0,0.0,0.0,0.0,0.0,0.0,0.0,0.0,0.0,0.0,0.0,0.25,0.0,0.0,0.0,0.0,0.0,0.08896830907223663,0.10028955166461898,0.066865991743191,0.022645907938056438,0.041469205369805244,0.046113938038464204,0.07502654819591269,0.014470267581382087,0.0386680269759865,0.0,0.0,0.0,0.0,0.0,0.0,0.0,0.0,4.17678641578988e-09,0.0,0.0,0.0,0.0,0.0,0.0,0.0,0.0,0.0,0.0,0.0,0.0,0.0,0.0,0.0,0.0,0.0,0.005756583199422888,0.0,0.0,0.0,0.0,0.0,0.0,0.0,0.0,0.0,0.0,0.0,0.0,0.0,0.03264572881107693,0.05596486205792495,0.0,0.0,0.0,0.0,0.03955246134624278,0.0,0.0,0.03425484657973038,0.0,0.014201574259112677,0.0,0.0,0.0,0.0,0.0,0.0,0.0,0.024490639281670182,0.0,0.0,0.0,0.02508845390070811,0.02352709980767099
2025-02-28,0.0,0.0,0.0,0.0,0.0,0.0,0.0,0.0,0.0,0.0,0.0,0.0,0.0,0.0,0.0,0.0,0.0,0.19265777618137436,0.0,0.0,0.0,0.0,0.0,0.03292062175176864,0.05307606649217019,0.0,0.0,0.0,0.02388992437930237,0.0557307035179915,0.0020229716781514032,0.03422871277436707,3.70769351706418e-09,0.0,0.0,0.0,0.0,0.0,0.0,0.0,0.06473331671676631,0.0,0.0,0.0,0.0,0.0,0.0,0.0,0.0,0.0,0.00018217424280182247,0.0,0.0,0.0,0.03921450407349238,0.0,0.009549332534768036,0.03760684987634294,0.0,0.0,0.002983189939067191,0.0,0.0,0.0,0.0,0.0,0.0,0.0,0.0,0.0,0.0,0.0,0.0,0.04716036999406598,0.0,0.0,0.0,0.0,0.070744146010754,0.0,0.0,0.20634833030238853,0.0,0.026371709043838006,0.0,0.0,0.0,0.0,0.0,0.0,0.0,0.0,0.0,0.0,0.0,0.02489793851721332,0.07568135826568237
2025-03-31,0.0,0.0,0.0,0.0,0.0,0.0,0.0,0.0,0.0,0.0,0.0,0.005564553347148482,0.0,0.0,0.0,0.0,0.0,0.25,0.0,0.0,0.0,0.0,0.0,0.07441161567492503,0.05936703188693494,0.0,0.0,0.0,0.07028426673900195,0.05459817096765118,0.027072888250989316,0.06254476829199751,0.04072139899487438,0.0,0.0,0.0,0.0,4.820769206908768e-09,0.0,0.0,0.05554141967321057,0.0,0.0,0.0,0.0,0.0,0.0,0.0,0.0,0.0,0.03604434012379444,0.0,0.010909497151864329,0.0,0.008467797875579702,0.0,0.0,0.01904046038941227,0.008059930335910482,0.0,0.00771379414504028,0.0,0.0,0.0,0.0,0.0,0.0,0.0,0.0,0.0,0.0,0.0,0.0,0.017549324730648845,0.0,0.0,0.0,0.0,0.08163955558203301,0.0,0.0,0.11046918101821418,0.0,0.0,0.0,0.0,0.0,0.0,0.0,0.0,0.0,0.0,0.0,0.0,0.0,0.0,0.0
2025-04-30,0.0,0.0,0.0,0.0,0.0,0.0,0.0,0.0,0.0,0.0,0.0,0.0,0.0,0.0,0.0,0.0,0.0,0.13923002827492617,0.09806785524596139,0.0,0.0032194606205744394,0.0,0.0,0.0,0.0,0.0,0.0,0.0,0.019425906360362486,0.0,0.01682393012562847,0.04065037842497647,0.04010406974103259,0.0,0.0,0.0,0.0,5.579320466537252e-09,0.0,0.0,0.0,0.0,0.0063913374345188545,0.0,0.0,0.0,0.0,0.0,0.0,0.0,0.048901305630320815,0.0,0.007930060356302589,0.0,0.04356409575163059,0.10275848801271978,0.10180708119250534,0.10322236196658667,0.08260193127959144,0.0,0.0,0.0,0.0,0.0,0.02638471820078224,0.0,0.0,0.0,0.0,0.0,0.0,0.0,0.0,0.0,0.0,0.0,0.0,0.0,0.01843936492625536,0.0,0.001840303151799511,0.09863731772420449,0.0,0.0,0.0,0.0,0.0,0.0,0.0,0.0,0.0,0.0,0.0,0.0,0.0,0.0,0.0
2025-05-31,0.0,0.0,0.0,0.0,0.0,0.0,0.0,0.0,0.0,0.0,0.0,0.0,0.0,0.0,0.0,0.0,0.0,0.0,0.00569013910713753,0.0,0.0,0.0,0.0,0.0,0.0,0.0,0.0,2.1145253720384886e-09,0.0,0.0,0.0,0.0,0.0,0.0,0.0,0.0,0.0,0.0,0.0,0.0,0.0,0.0,0.0,0.0,0.0,0.0,0.0,0.0,0.03618611082616663,0.0,0.06476274011292028,0.05295037111440561,0.066878072864577,0.034758755889186935,0.09130192794778662,0.1342227494428544,0.13780594172025967,0.10398798748050897,0.09018256939094375,0.032418257996452364,0.012376761474558065,0.0,0.0,0.0,0.04548875334875964,0.009412411605619465,0.0,0.0,0.0,0.0,0.0,0.0,0.0,0.0,0.0,0.0,0.0,0.0,0.0,0.0,0.01734755739738272,0.014481546536092845,0.0,0.0,0.0,0.0,0.0,0.0,0.0,0.016124080910745617,0.03362326271911635,0.0,0.0,0.0,0.0,0.0,0.0
2025-06-30,0.0,0.0,0.0,0.0,0.0,0.0,0.0,0.0,0.0,0.0,0.0,0.0,0.0,0.0,0.0,0.0,0.0,0.0,0.0,0.0,0.0,0.0,0.0,0.0,0.0,0.0,0.0,0.0,0.0,0.0,0.0,0.0,0.0,0.0,0.0,0.0,0.0,0.0,0.0,0.0,0.0,0.0,0.0,0.0,0.0,0.0,0.0,0.0,0.027501539498612882,0.0,0.05239568425155057,0.060434907614646684,0.029661658311747302,0.007164207194636022,0.07445894854908469,0.17171018865808732,0.1282863330775144,0.12383800393233964,0.020176877136820027,0.02291634103189035,0.0,0.0,0.02218285511689155,0.0,0.0084330731997165,0.1437701779590699,0.0,0.0,0.0,0.0,0.0,0.0,0.0,0.0,0.0,0.0,0.0,0.0,0.015209638837374018,0.03183423280218056,8.449557881431943e-05,0.01774691760064097,0.0,0.0,0.0,0.0,0.0,0.0,0.0,0.042193916839500065,2.8088823017924953e-09,0.0,0.0,0.0,0.0,0.0,0.0
2025-07-31,0.0,0.0,0.0,0.0,0.0,0.0,0.0,0.0,0.0,0.0,0.0,0.0,0.0,0.0,0.0,0.0,0.0,0.0,0.0,0.0,0.0,0.0,0.0,0.0,0.0,0.0,0.0,0.0,0.0,0.0,0.0,0.0,0.0,0.0,0.0,0.0,0.0,0.0,0.0,0.0,0.0,0.0,0.0,0.0,0.0,0.0,0.0,0.0,0.03987478349194324,0.0,0.012506555229841823,0.05990854907131029,0.0,0.008176317405842017,0.04416290948791706,0.09139758484744939,3.0795771291066136e-09,0.053904997314636154,0.006977168049853456,0.04480282030372082,0.0,0.0,0.028831816928925422,0.06312795206338001,0.012669128406332664,0.19900584072138164,0.0,0.0,0.0,0.0,0.0,0.0,0.0,0.0,0.0,0.0,0.0,0.0,0.05681342193789253,0.08116141124358925,0.012518810748898062,0.0819862919443298,0.0,0.0,0.0,0.0,0.0,0.0,0.0,0.024379077691492737,0.0,0.0,0.0,0.0,0.0,0.07779456003168632,0.0
2025-08-31,0.0,0.0,0.0,0.0,0.0,0.0,0.0,0.0,0.0,0.0,0.0,0.0,0.0,0.0,0.0,0.0014461011577579057,0.0,0.0,0.0,0.0,0.0,0.0,0.0,0.0,0.0,0.0,0.0,0.0,0.0,0.0,0.0,0.0,0.0,0.0,0.0,0.0,0.006863150076840971,0.0,0.0,0.0,0.0,0.0,1.5651333029831853e-09,0.0,0.0,0.0,0.0,0.0,0.03528476746576105,0.0,0.008837766827305532,0.014649914635106231,0.0,0.0,0.040700185355663554,0.05767059040110902,0.019292506994126973,0.02206403782294674,0.0,0.043628816201158375,0.0,0.0,0.0700880297976546,0.03790536377222539,0.03967386945070349,0.21616362737089087,0.0,0.0,0.0,0.0,0.0,0.0,0.0,0.0,0.0,0.0,0.0,0.0,0.0,0.013042646078384519,0.0,0.20688915240748354,0.0,0.0,0.0,0.0,0.0,0.0,0.0,0.04520870285996011,0.0,0.0,0.0,0.0,0.0,0.07228380130192658,0.048306968457861046
2025-09-30,0.0,0.0,0.0,0.0,0.0,0.0,0.0,0.0,0.0,0.0,0.0,0.0,0.0,0.0,0.0,0.0,0.0,0.0,0.0,0.0,0.0,0.0,0.0,0.0,0.0,0.0,0.0,0.0,0.0,0.0,0.0,0.0,0.0,0.0,0.0,0.0,0.04362880061473342,0.0,0.0,0.0,0.0,0.0,0.0,0.0,0.0,0.0,0.0,0.0,0.038100842793250204,0.0,0.006418508905076552,0.001152854174827912,0.0,0.0,0.05516407057921145,0.03886896183689653,0.0,0.033269982786577626,0.0,0.03482006576219552,0.004124489245449983,0.035784927307714674,0.1378160047626551,0.01131503951440768,0.0,0.05359953719237928,0.0,0.0,0.0,0.0,0.0,0.0,0.0,0.0,0.0024791855515981813,0.0,0.0,0.0,0.006095874261263624,0.029518208679632212,0.0,0.24049973809374003,0.0,0.0,0.0,0.0,0.0,0.0,0.0,0.0,0.0,0.0,0.0,0.0,1.4815231886048782e-09,0.08728716019834898,0.1400557462585178
2025-10-31,0.0,0.0,0.0,0.0,0.0,0.0,0.0,0.011943355970243125,0.0,0.0,0.0,0.0,0.0,0.0,0.0,0.0,0.0,0.0,0.0,0.0,0.0,0.0,0.0,0.0,0.0,0.0,0.0,0.0,0.0,0.0,0.0,0.0,0.0,0.0012242127230017994,0.0,0.0,0.03507725051418532,0.0,0.0,0.0,0.0,0.0,0.0,0.0,0.0,0.0,0.0,0.00488103544199849,0.015365946626080621,0.0,0.0,0.0,0.0,0.0,0.02421720033937033,0.025144096658020126,0.0,0.0441255906661192,0.0,0.02212154821649404,0.007436235812296324,0.07384333769336464,0.22000404984060914,0.056102732404612804,0.0,0.10847588981500605,0.0,0.0,0.0,0.0,0.0,0.0,0.0,0.03573744077152048,1.1581613739588508e-09,0.0,0.0,0.0,0.0,0.0017590010048809742,0.0,0.14609572894545855,0.0,0.0,0.0,0.0,0.0,0.0,0.0,0.0,0.0,0.0,0.0,0.0,0.0,0.04363740194473648,0.12280794345384032
2025-11-30,0.0,0.0,0.0,0.0,0.0,0.0,0.0,0.0,0.0,0.0,0.0,0.0,0.0,0.0,0.0,0.0,0.0,0.0,0.0,0.0,0.0,0.0,0.0,0.0,0.0,0.0,0.0,0.0,0.0,0.0,0.0,0.0,0.0,0.0,0.0,0.0,0.0033973831508718735,0.0,0.0,0.0,0.0,0.0,0.0,0.03761366046068438,0.0,0.01943902577587903,0.0,0.052807494744194106,0.014417050134146235,0.0,0.0,0.0,0.0,0.0,0.018621205845740542,0.018288723344811065,0.0,0.029033441951124093,0.0,0.0,0.0033922690676680208,0.12363440130811078,0.08057049774274225,0.07430587790981476,1.1326823736030532e-09,0.03628149863468579,0.0,0.015984150204087878,0.0,0.0,0.0,0.0,0.0,0.05646718369523666,0.08137192969393335,0.0,0.0,0.0,0.0,0.0,0.0,0.16782834967087013,0.0,0.0,0.0,0.0,0.0,0.0,0.0,0.0,0.0,0.0,0.0,0.0,0.0,0.03767399219887809,0.1288718633338387
2025-12-31,0.0,0.0,0.0,0.0,0.0,0.0,0.0,0.0,0.0,0.0,0.0,0.0,0.0,0.0,0.0,0.0,0.0,0.0,0.0,0.0,0.0,0.0,0.0,0.0,0.0,0.0,0.0,0.0,0.0,0.0,0.0,0.0,0.0,0.0,0.0,0.0,0.0,0.0,0.0,0.0,0.0,0.0,0.0,0.0668229801741284,0.0,0.02112463143627614,0.0,0.052202729634100976,0.022014980737671143,0.0,0.008349514044257893,0.0,0.0,0.0,0.05525297416611712,0.07319641017218323,0.0,0.05677143254029464,1.4189290831963829e-09,0.0,0.027839510225634505,0.1984255191789352,0.07624081592958372,0.06097112718148101,0.019226892601782102,0.06163298400007694,0.0,0.0,0.0,0.0,0.0,0.0,0.00158957843051311,0.03565119110076076,0.04312008151361945,0.0,0.0,0.0,0.0,0.0,0.0,0.06387168935737747,0.0,0.0,0.0,0.0,0.0,0.0,0.0,0.0,0.0,0.0,0.0,0.0,0.0,0.0,0.05569495615627706
2026-01-31,0.0,0.0,0.0,0.0,0.0,0.0,0.0,0.0,0.0,0.0,0.0,0.0,0.0,0.0,0.0,0.0,0.0,0.0,0.0,0.0,0.0,0.0,0.0,0.0,0.0,0.0,0.0,0.0,0.0,0.0,0.0,0.0,0.0,0.0,0.0,0.0,0.0,0.0,0.0,0.0,0.0,0.0,0.0,0.0555365306188685,0.0,0.004384819938610372,0.0,0.012452573790225376,0.02226594689033435,0.02135820158813642,0.0,0.0,0.0,0.0,0.04734190949548742,0.06946214227047004,0.0,0.052450890320382075,0.01702515925022833,0.0,0.0741234365841073,0.25,0.0973764315356491,0.10496160989566981,0.005473690558298756,0.037261655584470504,0.0,0.014707317111594929,0.0,0.0,0.0,1.7312266138519675e-09,0.05101149531570235,0.06241858168671095,0.0,0.0,0.0,0.0,0.0,0.0003876058338268024,0.0,0.0,0.0,0.0,0.0,0.0,0.0,0.0,0.0,0.0,0.0,0.0,0.0,0.0,0.0,0.0,0.0
2026-02-28,0.0,0.0,0.0,0.0,0.0,0.0,0.0,0.0,0.0,0.0,0.0,0.0,0.0,0.0,0.0,0.0,0.0,0.0,0.0,0.0,0.0,0.0,0.0,0.0,0.0,0.0,0.0,0.0,0.0,0.0,0.0,0.0,0.0,0.0,0.0,0.0,0.0,0.0,0.0,0.0,0.0,0.0,0.0,0.014546180537756276,0.0,0.11389469082868281,0.0,0.041229068258111325,0.0,0.1162513044026041,0.0,0.0,0.0,0.0,0.0,0.01785471143218821,0.009471476744032708,0.0,0.0,0.0,0.009939705087718527,0.18707736411005363,0.0004977907376434764,0.12441233749731971,0.0,0.11583513619653923,0.0,0.07821551841747057,0.0041522183145919,0.0,0.0,0.016136364086331997,0.037245926058287096,0.08171112296175419,0.0,0.0,0.0,0.0,0.0,1.7074828873557782e-09,0.013207108744280516,0.0,0.0,0.0,0.0,0.0,0.0,0.0,0.0,0.0,0.0,0.0,0.0,0.0,0.0,0.007861098963097824,0.010460874914053071
2026-03-31,0.0,0.0,0.0,0.0,0.0,0.0,0.0,0.0,0.0,0.0,0.0,0.0,0.0,0.0,0.0,0.0,0.0,0.0,0.0,0.0,0.0,0.0,0.0,0.0,0.0,0.0,0.0,0.0,0.0,0.0,0.0,0.0,0.0,0.0,0.0,0.0,0.0,0.0,0.0,0.0,0.0,0.0,0.021065276745389067,0.01096256473079928,0.018268658572364063,0.1202527009883496,0.0,0.05858992880743052,0.0,0.11361434688884035,0.0,0.0,0.0,0.0,0.0,0.04612762531156228,0.0,0.0,1.6415286579906836e-09,0.0,0.03600118866137388,0.08286265357891724,0.0,0.1724791710116217,0.0,0.0034667762857591494,0.03150293056159388,0.04825894782586211,0.0,0.0,0.0,0.01824904059752614,0.05549808284157216,0.033097679686981775,0.0,0.0,0.0,0.0,0.011322086649325238,0.07496599298977993,0.043414345623422765,0.0,0.0,0.0,0.0,0.0,0.0,0.0,0.0,0.0,0.0,0.0,0.0,0.0,0.0,0.0,0.0
2026-04-30,0.0,0.0,0.0,0.0,3.76672268212854e-09,0.0,0.0,0.11193888469408497,0.05117549154621602,0.012980183679678185,0.004535693974255734,0.003297259020922843,0.0,0.02980420670751883,0.0,0.0,0.07091832682164498,0.0,0.005273020938968895,0.0,0.0,0.0,0.08206944712985513,0.0,0.0,0.0,0.0,0.0,0.0,0.0,0.0,0.0,0.0,0.0,0.0,0.0,0.0,0.0,0.0,0.0,0.0,0.0,0.030408282706514952,0.0,0.06698861135333091,0.003236533411291169,0.0,0.0675491524542362,0.0,0.0,0.0,0.0,0.0,0.0,0.0,0.0,0.0,0.0,0.0,0.0,0.0,0.0,0.0,0.03319608261706188,0.0,0.0,0.0,0.0,0.0,0.0,0.0,0.0,0.08150655422640767,0.14579523128012098,0.0,0.0,0.0,0.0,0.0,0.0,0.0,0.0,0.0,0.0,0.0,0.07491847266143149,0.08011597121102483,0.044292589798711646,0.0,0.0,0.0,0.0,0.0,0.0,0.0,0.0,0.0
2026-05-31,0.0,0.0,0.0,0.0,0.0,0.0,0.0,0.035786742859560176,0.0,0.0,0.010377155651040812,0.0,0.0,0.002783285145387288,0.03289628331215404,0.0,0.06663120425864517,0.0,0.0,0.0,0.0,0.0,0.07659942310769786,0.0,0.0,0.0,0.0,0.0,0.0,0.0,0.0,0.0,0.0,0.0,0.0,0.0,0.0,0.0,0.017056807011174464,0.028372025168331424,0.0,0.0,0.039538881657316026,0.0,0.17685657626447293,0.10851041940606966,0.0,0.1485345248636519,0.0,0.013711287742686026,0.0,0.0,0.0,0.0,0.0,0.0,0.0,0.0,0.0,0.0,0.0,0.0,0.0,0.0,0.0,0.0,0.0,0.0,0.0,0.0,0.0,0.0,2.819687365443912e-09,0.12760312956566963,0.0,0.0,0.0,0.0,0.0,0.0032394860313764884,0.0,0.0,0.0,0.0,0.0,0.052736334207272195,0.015456346734734807,0.027577177220311222,0.0,0.0,0.0,0.01573290697276035,0.0,0.0,0.0,0.0,0.0
2026-06-30,0.0,0.0,0.0,0.0,0.0,0.0,0.0,0.013377125394119189,0.0,0.0,0.0,0.0,0.0,0.0,0.08843955052968579,0.0,0.060813492058209885,0.0,0.02344303633373244,0.0,0.0,0.0,0.04051970731360408,0.0,0.0,0.0,0.0,0.0,0.0,0.0,0.0,0.0,0.0,0.0173612084081916,0.031006755737636657,0.0,0.030694112920052797,0.0,0.0,0.0,0.0,0.0,0.02773645045054394,0.0,0.2175846887507793,0.05898924553544489,0.0,0.12789011869305644,0.0,0.0,0.0,0.0,0.0,0.0,0.0,0.0,0.0,0.0,0.0,0.0,0.0,0.0,0.0,0.0,0.0,0.0,0.0,0.0,0.0,0.0,0.006324188228873602,0.0,0.0,0.11471405188426179,0.0,0.027870742480729686,0.02910754426155721,0.0,5.955038649277065e-09,0.020951102937640798,0.02338751363358383,0.0,0.0,0.0,0.0,0.0,0.03978935849325763,0.0,0.0,0.0,0.0,0.0,0.0,0.0,0.0,0.0,0.0
2026-07-31,0.0,0.0,0.0,0.0,0.0,0.0,0.0,0.025997735139439246,0.0,0.0,0.0,0.019518767625211625,0.0,0.0,0.037837594906003004,0.0,0.0,0.0,0.006353394550731662,0.0,0.0,0.0,0.009379240273090821,0.0,0.0,0.0,0.0,0.0,0.0,0.0,0.0,0.0,0.0023185646471068624,0.10461561064365757,0.10942210224377996,0.008879887826752532,0.07142123810837672,0.013791241940301735,0.0,0.0,0.0,0.0,0.0072922870889905525,0.0,0.02720672750589015,0.0,0.0,0.031766792451405554,0.0,0.0,0.0,0.0,0.0,0.0,0.0,0.0,0.0,0.0,0.0,0.0,0.0,0.0,0.0,0.0,0.0,0.0,0.0,0.0,0.0,0.0,0.023936758774346152,0.0,0.0,0.0,0.0,0.0332134561555536,0.04219658948977147,0.0,0.25,0.17485200687920965,0.0,0.0,0.0,0.0,0.0,0.0,0.0,0.0,0.0,0.0,0.0,3.750381170460596e-09,0.0,0.0,0.0,0.0,0.0
