Date,XOM,CVX,COP,EOG,OXY,FANG,DVN,APA,PR,MTDR,CHRD,OVV,CNQ,SU,CVE,IMO,PBR,YPF,EC,SHEL,BP,TTE,EQNR,WMB,KMI,OKE,TRP,ENB,LNG,ET,EPD,MPLX,PAA,VLO,MPC,PSX,DINO,SUN,SLB,HAL,BKR,NOV,FTI,HP,PTEN,LBRT,RES,NBR,NEM,GOLD,AEM,WPM,FNV,RGLD,KGC,AU,HMY,GFI,AGI,OR,PAAS,HL,CDE,AG,FSM,SBSW,FCX,SCCO,TECK,RIO,BHP,VALE,AA,CENX,CLF,NUE,STLD,RS,CRS,ATI,MT,MP,LIN,APD,DD,DOW,LYB,CE,FMC,MOS,NTR,CF,WY,VMC,MLM,CCJ,UEC
2000-01-31,0.0,0.0,0.0,0.0,0.0,0.0,0.0,0.0,0.0,0.0,0.0,0.0,0.0,0.0,0.0,0.0,0.0,0.0,0.0,0.0,0.0,0.0,0.0,0.0,0.0,0.0,0.0,0.0,0.0,0.0,0.0,0.0,0.0,0.0,0.0,0.0,0.0,0.0,0.0,0.0,0.0,0.0,0.0,0.0,0.0,0.0,0.0,0.0,0.0,0.0,0.0,0.0,0.0,0.0,0.0,0.0,0.0,0.0,0.0,0.0,0.0,0.0,0.0,0.0,0.0,0.0,0.0,0.0,0.0,0.0,0.0,0.0,0.0,0.0,0.0,0.0,0.0,0.0,0.0,0.0,0.0,0.0,0.0,0.0,0.0,0.0,0.0,0.0,0.0,0.0,0.0,0.0,0.0,0.0,0.0,0.0,0.0
2000-02-29,0.0,0.0,0.0,0.0,0.0,0.0,0.0,0.0,0.0,0.0,0.0,0.0,0.0,0.0,0.0,0.0,0.0,0.0,0.0,0.0,0.0,0.0,0.0,0.0,0.0,0.0,0.0,0.0,0.0,0.0,0.0,0.0,0.0,0.0,0.0,0.0,0.0,0.0,0.0,0.0,0.0,0.0,0.0,0.0,0.0,0.0,0.0,0.0,0.0,0.0,0.0,0.0,0.0,0.0,0.0,0.0,0.0,0.0,0.0,0.0,0.0,0.0,0.0,0.0,0.0,0.0,0.0,0.0,0.0,0.0,0.0,0.0,0.0,0.0,0.0,0.0,0.0,0.0,0.0,0.0,0.0,0.0,0.0,0.0,0.0,0.0,0.0,0.0,0.0,0.0,0.0,0.0,0.0,0.0,0.0,0.0,0.0
2000-03-31,0.0,0.0,0.0,0.0,0.0,0.0,0.0,0.0,0.0,0.0,0.0,0.0,0.0,0.0,0.0,0.0,0.0,0.0,0.0,0.0,0.0,0.0,0.0,0.0,0.0,0.0,0.0,0.0,0.0,0.0,0.0,0.0,0.0,0.0,0.0,0.0,0.0,0.0,0.0,0.0,0.0,0.0,0.0,0.0,0.0,0.0,0.0,0.0,0.0,0.0,0.0,0.0,0.0,0.0,0.0,0.0,0.0,0.0,0.0,0.0,0.0,0.0,0.0,0.0,0.0,0.0,0.0,0.0,0.0,0.0,0.0,0.0,0.0,0.0,0.0,0.0,0.0,0.0,0.0,0.0,0.0,0.0,0.0,0.0,0.0,0.0,0.0,0.0,0.0,0.0,0.0,0.0,0.0,0.0,0.0,0.0,0.0
2000-04-30,0.0,0.0,0.0,0.0,0.0,0.0,0.0,0.0,0.0,0.0,0.0,0.0,0.0,0.0,0.0,0.0,0.0,0.0,0.0,0.0,0.0,0.0,0.0,0.0,0.0,0.0,0.0,0.0,0.0,0.0,0.0,0.0,0.0,0.0,0.0,0.0,0.0,0.0,0.0,0.0,0.0,0.0,0.0,0.0,0.0,0.0,0.0,0.0,0.0,0.0,0.0,0.0,0.0,0.0,0.0,0.0,0.0,0.0,0.0,0.0,0.0,0.0,0.0,0.0,0.0,0.0,0.0,0.0,0.0,0.0,0.0,0.0,0.0,0.0,0.0,0.0,0.0,0.0,0.0,0.0,0.0,0.0,0.0,0.0,0.0,0.0,0.0,0.0,0.0,0.0,0.0,0.0,0.0,0.0,0.0,0.0,0.0
2000-05-31,0.0,0.0,0.0,0.0,0.0,0.0,0.0,0.0,0.0,0.0,0.0,0.0,0.0,0.0,0.0,0.0,0.0,0.0,0.0,0.0,0.0,0.0,0.0,0.0,0.0,0.0,0.0,0.0,0.0,0.0,0.0,0.0,0.0,0.0,0.0,0.0,0.0,0.0,0.0,0.0,0.0,0.0,0.0,0.0,0.0,0.0,0.0,0.0,0.0,0.0,0.0,0.0,0.0,0.0,0.0,0.0,0.0,0.0,0.0,0.0,0.0,0.0,0.0,0.0,0.0,0.0,0.0,0.0,0.0,0.0,0.0,0.0,0.0,0.0,0.0,0.0,0.0,0.0,0.0,0.0,0.0,0.0,0.0,0.0,0.0,0.0,0.0,0.0,0.0,0.0,0.0,0.0,0.0,0.0,0.0,0.0,0.0
2000-06-30,0.0,0.0,0.0,0.0,0.0,0.0,0.0,0.0,0.0,0.0,0.0,0.0,0.0,0.0,0.0,0.0,0.0,0.0,0.0,0.0,0.0,0.0,0.0,0.0,0.0,0.0,0.0,0.0,0.0,0.0,0.0,0.0,0.0,0.0,0.0,0.0,0.0,0.0,0.0,0.0,0.0,0.0,0.0,0.0,0.0,0.0,0.0,0.0,0.0,0.0,0.0,0.0,0.0,0.0,0.0,0.0,0.0,0.0,0.0,0.0,0.0,0.0,0.0,0.0,0.0,0.0,0.0,0.0,0.0,0.0,0.0,0.0,0.0,0.0,0.0,0.0,0.0,0.0,0.0,0.0,0.0,0.0,0.0,0.0,0.0,0.0,0.0,0.0,0.0,0.0,0.0,0.0,0.0,0.0,0.0,0.0,0.0
2000-07-31,0.0,0.0,0.029435427979648286,0.15,0.00287785371394694,0.0,0.08120835055721837,0.08372063796467888,0.0,0.0,0.0,0.0,0.0,0.0028552272348134106,0.0,0.026596098985127586,0.0,0.007933004004157012,0.0,0.009957399021860068,1.5334217881612048e-09,0.02826071900922792,0.0,0.005304270262321703,0.0,0.0,0.0,0.003263794579006736,0.0,0.0,0.009871234274970773,0.0,0.04322267215658738,0.051683184864687814,0.0,0.0,0.0,0.0,0.024689284726998287,0.03780455058533976,0.036682548085957944,0.10523711119229151,0.0,0.08146770097480445,0.09912154566343913,0.0,0.025576052790911578,0.0513813049177135,0.0,0.0,0.0,0.0,0.0,0.0,0.0,0.0,0.0,0.0,0.0,0.0,0.0,0.0,0.0,0.0,0.0,0.0,0.0,0.0,0.0,0.0,0.0,0.0,0.0,0.0,0.0,0.0,0.0,0.0,0.0,0.0,0.0,0.0,0.0,0.0,0.0,0.0,0.0,0.0,0.0018500249208690705,0.0,0.0,0.0,0.0,0.0,0.0,0.0,0.0
2000-08-31,0.0,0.0,0.06038296610675042,0.15,0.045176827130360885,0.0,0.02904599792713596,0.06401000939121157,0.0,0.0,0.0,0.0,0.0,0.0,0.0,0.05482578948631553,0.0,0.0,0.0,2.5986478251078656e-09,0.0,0.0,0.0,0.0,0.0,0.02221275431248334,0.013826335392209269,0.020184304902493257,0.0,0.0,0.027377961865922333,0.0,0.05348983645312731,0.0,0.0,0.0,0.0,0.0,0.0,0.02386228137627977,0.05804158765347645,0.06288091292964487,0.0,0.022246474674983797,0.0,0.0,0.05762938860594608,0.01076593046100805,0.0,0.0,0.0,0.0,0.0,0.0,0.0,0.0,0.0,0.0,0.0,0.0,0.0,0.0,0.0,0.0,0.0,0.0,0.0,0.0,0.0,0.0008434674392889024,0.0,0.0,0.0,0.0,0.0,0.0,0.0,0.0,0.07511883864479131,0.029222337266712046,0.0,0.0,0.016486027262808903,0.05015700724449235,0.0,0.0,0.0,0.0,0.03332494034536686,0.0,0.0,0.0,0.0,0.0,0.01888802052854288,0.0,0.0
2000-09-30,0.0,0.0,0.06605472448953964,0.15,0.0,0.0,0.027058109448763468,0.042502921650730725,0.0,0.0,0.0,0.0,0.0,0.0,0.0,0.02614860752794644,0.0,0.0,0.0,0.0,0.0,0.0,0.0,0.0,0.0,0.05354664492617338,0.05856928275004272,0.010163192933914746,0.052758515086153916,0.0,0.06618562046101015,0.0,0.02880175436385912,0.0,0.0,0.0,0.008380014889769768,0.0,0.0038275895443734783,0.049365883125364086,0.029396563291465543,0.005152461029625212,0.0,0.024288014535079495,0.0,0.0,0.018267345232182826,0.03181177958347988,0.0,0.0,0.0,0.0,0.0,0.0019180845048914841,0.0,0.0,0.0,0.0,0.0,0.0,0.0,0.0,0.0,0.0,0.0,0.0,0.0,0.0,0.0,0.0,0.0,0.0,0.0,0.0,0.0,0.0,0.0,0.0,0.13081878058009028,2.614658830536254e-09,0.0,0.0,0.0,0.04733387085087315,0.0,0.0,0.0,0.0,0.025217232789907156,0.0,0.0,0.0,0.0,0.0,0.0,0.04243300379010441,0.0
2000-10-31,0.009584992126331742,0.0,0.0602666695906211,0.1284168559310494,0.0,0.0,0.03670696743570429,0.027512221956643226,0.0,0.0,0.0,0.0,0.0,0.0,0.0,2.9340308123192334e-09,0.0,0.0,0.0,0.0,0.0,0.0,0.0,0.002191763836814749,0.0,0.13682440789031855,0.06958024031674286,0.0,0.03612532806799601,0.0,0.09028020665551346,0.0,0.01270028989672321,0.027333312362534636,0.0,0.0,0.029551762320944683,0.0,0.0,0.0,0.014050956783880122,0.05240412902751963,0.0,0.009327099337959919,0.026388180347651703,0.0,0.01222319288362639,0.05921147704773208,0.0,0.0,0.0,0.0,0.0,0.004068313951249793,0.0,0.0,0.0,0.0,0.0,0.0,0.0,0.0,0.0,0.0,0.0,0.0,0.0,0.034673152464995846,0.0,0.0,0.0,0.0,0.0,0.0,0.0,0.0,0.0,0.0,0.09973795935064533,0.0,0.0,0.0,0.0,0.013314998400659656,0.0,0.0,0.0,0.0,0.007525519082110781,0.0,0.0,0.0,0.0,0.0,0.0,0.0,0.0
2000-11-30,0.011100523556950475,0.0,0.01576543693583504,0.05144775997318462,0.0,0.0,0.0,0.0,0.0,0.0,0.0,0.0,0.0,0.0,0.0,2.9335495009432526e-09,0.0,0.0,0.0,0.0,0.0,0.0,0.0,0.0,0.0,0.10236712074642264,0.0676231628108318,0.036898479603956855,0.0,0.0,0.059493598136101826,0.0,0.019183178582445636,0.027855683463746,0.0,0.0,0.07274508458024811,0.0,0.0004113755654225492,0.0,0.0,0.025369272705496625,0.0,0.0,0.037339147316065066,0.0,0.03994887371937322,0.04259546451853495,0.0,0.0,0.0,0.0,0.0,0.01547442014226003,0.0,0.0,0.0,0.0,0.0,0.0,0.0,0.0,0.0,0.0,0.0,0.0,0.0,0.02406283939589275,0.0,0.010116148480366157,0.0,0.0,0.0,0.0,0.0,0.0,0.07335953741676207,0.028987426539576665,0.1442655178144342,0.0,0.0,0.0,0.0,0.01509806488724259,0.0,0.0,0.0,0.0,0.06234030809310061,0.0,0.0,0.0,0.0,0.0,0.0,0.01615157208220006,0.0
2000-12-31,0.026692090129323647,0.0,0.025700851979396363,0.06284337318472144,0.0023594060419855423,0.0,0.0,0.0,0.0,0.0,0.0,0.0,0.0,0.0,0.0,0.005969087364667674,0.0,0.0,0.0,0.0,0.0,0.0,0.0,0.0,0.0,0.14817136298764194,0.08167483129252293,0.07866212949540603,0.0,0.0,0.052874093348919314,0.0,0.021826989165447747,0.0,0.0,0.0,0.029264249262474236,0.0,0.0,0.0,0.0027284763965527165,0.0,0.0,0.0,0.0,0.0,0.04789796143356883,0.00724048694041143,0.0,0.0,2.5787817163230836e-09,0.0,0.0,0.0,0.0,0.0,0.0,0.0,0.0,0.0,0.0,0.0,0.0,0.0,0.0,0.0,0.0,0.0014736547148136922,0.0,0.0,0.0,0.0,0.0,0.0,0.0,0.005981330924498058,0.01916599640648355,0.05908012799336695,0.14833852213222648,0.02485407349980056,0.0,0.0,0.0,0.02447172798252149,0.0,0.0,0.0,0.0,0.03615131170611924,0.0,0.0,0.0,0.001519776375350382,0.0,0.0,0.085058086662998,0.0
2001-01-31,0.0,0.0,0.0,0.12225527084333397,0.016078319307278575,0.0,0.03482536984654285,0.047885659677769594,0.0,0.0,0.0,0.0,0.0,0.01729625334398362,0.0,0.0,0.0,0.0,0.0,0.0,0.0,0.0,0.0,0.0,0.0,0.1169051256233418,0.07164580200962523,0.037099650865460666,0.0,0.0,0.04424488551234854,0.0,0.0,0.05283799649170121,0.0,0.0,0.08015904068091817,0.0,0.0,0.0,0.013309768357938715,0.0071704849328144285,0.0,0.04204335014443013,0.061806225053959774,0.0,0.051390783167529076,0.04944491339992481,0.0,0.0,0.0,0.0,0.0,0.0,0.0,0.0,0.0,0.0,0.0,0.0,0.0,0.0,0.0,0.0,0.0,0.0,0.0,0.0,0.0,0.0,0.0,0.0,0.0,0.0,0.0,0.0,0.0,0.00918728770102442,0.005073517042303018,0.0,0.0,0.0,1.7000029664180721e-09,0.01885303527862892,0.028735767881869288,0.0,0.0,0.0,0.010143035449969648,0.0015978121257571674,0.0,0.0,0.0,0.0,0.0,0.060010643561543266,0.0
2001-02-28,0.0,0.0,0.0,0.025334445247177827,0.0062016868612530685,0.0,0.0,0.0,0.0,0.0,0.0,0.0,0.0,0.0,0.0,0.0,0.0,0.0,0.0,0.0,0.0,0.0,0.0,0.0,0.0,0.09972839479201807,0.02203119573379398,0.012373114351187904,0.0,0.0,0.07146831204614025,0.0,0.027871330989615653,0.026467492485794167,0.0,0.0,0.10343609923508779,0.0,0.0,0.0,0.022517298946754298,2.7137088544248234e-09,0.0,0.0666528261201054,0.03509131925937052,0.0,0.053491032055843525,0.051212965940074746,0.0,0.0,0.0,0.0,0.0,0.0,0.0,0.0,0.0,0.0,0.0,0.0,0.0,0.0,0.0,0.0,0.0,0.0,0.037583905390279435,0.0,0.0,0.006261545561341072,0.0,0.0,0.016833296979185314,0.0,0.0,0.022851484081767383,0.0,0.07844480402075175,0.0,0.0,0.0,0.0,0.0,0.0,0.0768047017984304,0.0,0.0,0.0,0.0,0.010162125366096758,0.0,0.0,0.02709705197583364,0.0,0.002987642312628306,0.09709592573575979,0.0
2001-03-31,0.0,0.0,0.0,2.2663756649846155e-09,0.0,0.0,0.0,0.0,0.0,0.0,0.0,0.0,0.0,0.008921943089953092,0.0,0.0,0.0,0.0,0.0,0.0,0.0,0.0,0.0,0.0,0.0,0.0,0.04689548229385672,0.012373487161851724,0.0,0.0,0.021365013730985528,0.0,0.014934345359598143,0.0,0.0,0.0,0.13126485355593714,0.0,0.0,0.0,0.0,0.007954598384259569,0.0,0.07223700527263577,0.0,0.0,0.0,0.0,0.0,0.0,0.0,0.0,0.0,0.0,0.0,0.0,0.0,0.05518417814911429,0.0,0.0,0.0,0.035513622155473934,0.021699599885492152,0.0,0.0,0.0,0.1067518560662136,0.0,0.0,0.028086134233124112,0.0,0.0,0.06836674857919706,0.0,0.0,0.07651504313553577,0.052226218439697845,0.021466497439495087,0.0,0.0,0.0,0.0,0.0169653299374112,0.0018563839928990749,0.04707344629461064,0.0,0.0,0.0,0.004827915396566029,0.0,0.0,0.0,0.0506100767238381,0.0,0.0192371060468388,0.07767311240903896,0.0
2001-04-30,0.0,0.0,0.0,0.0,0.03236083851134857,0.0,0.007938543619087508,0.0,0.0,0.0,0.0,0.0,0.0,0.043478188371880715,0.0,0.0,0.0,0.0,0.0,0.0,0.0,0.0,0.0,0.0,0.0,0.0,0.045113825849629634,0.0,0.0,0.0,0.05253314723234571,0.0,0.019902197214021367,0.0,0.0,0.0,0.15,0.0,0.0,0.0,0.0,0.013698135288567628,0.0,0.07606164336557132,0.0011055089766275519,0.0,0.03118023417097799,0.0,0.015583951948728643,0.0,0.009670379066470695,0.0,0.0,0.0,0.02361285328837998,0.0,0.03443354159215279,0.049974914128225405,0.0,0.0,0.0,0.022744342671856325,0.0,0.0,0.0,0.0,0.11110683759330736,0.0,0.0,0.0,0.0,0.0,0.030646378731671534,0.15,0.0,0.009590563519754625,0.0,0.0,0.0,0.0,0.0,0.0,0.01883282243060615,0.0,0.0,0.0,0.0,0.0,0.0,0.0,0.0,0.0,0.0,0.0015270185892910263,2.1168360171281807e-09,0.04890413172266139,0.0
2001-05-31,0.0,0.0,0.0,0.0,0.02797605979102906,0.0,0.0,0.0,0.0,0.0,0.0,0.0,0.0,1.8270735776360107e-09,0.0,0.0,0.0,0.0,0.0,0.0,0.0,0.0,0.0,0.007037570844451807,0.0,0.0,0.0,0.0,0.014671317679490887,0.0,0.04288454335251313,0.0,0.0036496345155123,0.048513850434920694,0.0,0.0,0.15,0.0,0.0,0.005291785870026296,0.0,0.0,0.0,0.08242839890755814,0.03816856059812571,0.0,0.0429461060703481,0.01592294340825371,0.0,0.0,0.0,0.0,0.0,0.0,0.0,0.04356952299978391,0.005511678934245275,0.06099772240998101,0.0,0.0,0.0,0.0,0.0,0.0,0.0,0.0,0.08890152549709113,0.0,0.0,0.013959510817856369,0.0,0.0,0.03750652622531545,0.15,0.0,0.03690330725776931,0.030018822618388345,0.0,0.0,0.0,0.0,0.0,0.010556836397306143,0.0,0.0,0.0,0.0,0.0,0.0,0.0,0.0,0.0,0.005924183547691065,0.0,0.0,0.03665958999526845,0.0
2001-06-30,0.0,0.0,0.0,0.0,0.013484018744527775,0.0,0.0,0.0,0.0,0.0,0.0,0.0,0.009025599984990097,0.0,0.0,0.0,1.8552409297321925e-09,0.0,0.0,0.0,0.0,0.0,0.0,0.0,0.0,0.0,0.0,0.0,0.0,0.0,0.012715658952965772,0.0,0.04226378686933953,0.0026832368610983427,0.0,0.0,0.15,0.0,0.0,0.021833856544854254,0.0,0.0,0.0,0.0,0.0,0.0,0.017964886235733887,0.0,0.005075756231602375,0.0,0.02224287407134363,0.0,0.0,0.0,0.07130464110201463,0.01368886361730176,0.0,0.0036946119092667313,0.0,0.0,0.007342939482977247,0.15,0.021336760359449262,0.0,0.0,0.0,0.1214097130491957,0.0,0.0,0.0,0.0,0.0,0.022739832612407883,0.10578452138113897,0.0,0.0223076393486282,0.014972629236919978,0.0,0.0,0.028332218726801996,0.06141000842640219,0.0,0.0,0.0,0.0,0.0,0.0,0.0,0.0,0.0,0.0,0.0,0.0,0.0,0.0,0.05838594439579878,0.0
2001-07-31,0.0,0.0,0.0,0.0,0.0234571024849672,0.0,0.0,0.0,0.0,0.0,0.0,0.0,0.0,2.877993298718521e-09,0.0,0.0,0.0,0.0,0.0,0.0,0.0,0.0,0.0,0.0,0.0,0.0,0.02275406640682098,0.006013865005425469,0.0,0.0,0.036956086483656975,0.0,0.006669353405158437,0.0,0.0,0.0,0.15,0.0,0.0,0.0,0.0,0.0,0.0,0.0,0.0,0.0,0.0625110412454258,0.0,0.028068227149768497,0.0,0.08252505200392057,0.0,0.0,0.0015754014548513048,0.15,0.04912643716439067,0.0350592582076009,0.036927225732634704,0.0,0.0,0.011831767964190172,0.060711230983484396,0.0,0.0,0.0,0.0,0.0,0.0,0.0,0.0,0.0,0.0,0.0,0.10229299646252672,0.010423733439036815,0.022762448406747026,0.00920054997443143,0.0,0.0,0.0,0.0,0.0,0.0,0.0321512264161582,0.0,0.0,0.0,0.0,0.0,0.0,0.0,0.0,0.0,0.023624127889613093,0.01842360738400582,0.016935191457191363,0.0
2001-08-31,0.0,0.009107143017013777,0.011913924229871274,0.0,0.03741309547515042,0.0,0.0,0.0,0.0,0.0,0.0,0.0,0.005030977901767789,0.008209003692986213,0.0,0.03334204141604695,0.0,0.0,0.0,0.0,0.0,0.0,0.0,0.0,0.0,0.0,0.004094586784634933,0.0,0.0,0.0,0.07289353403575947,0.0,0.04638946925445746,0.0,0.0,0.0,0.15,0.0,0.0,0.0,0.0,0.0,0.0,0.0,0.0,0.0,0.08734427720742172,0.0,0.020288571033663116,0.0,0.06652342347412284,0.0,0.0,0.15,0.0881043132324767,0.01445000563556977,0.0,0.0,0.0,0.0,0.002338141333120938,0.0,0.0,0.0,0.0,0.0,0.0,0.0,0.0,0.0,0.0,0.0,0.016760483566376286,0.06843797268905027,0.0,0.014129019005005046,0.0,0.0,0.0,0.012559467960048143,0.0,0.0,0.0,0.0,0.024050287108903935,0.0,0.0,0.0,0.0,0.0,0.0,0.0,0.021990783682262517,0.0346294754089619,0.0,2.855328451519015e-09,0.0
2001-09-30,0.0,0.0,0.0,0.0,0.008348034837850566,0.0,0.0,0.0,0.0,0.0,0.0,0.0,0.0,1.9650564474889075e-09,0.0,0.008606353000808266,0.0,0.0,0.0,0.0,0.0,0.0058802506900510615,0.0,0.0,0.0,0.0,0.0,0.0,0.0,0.0,0.058314438773638275,0.0,0.046434212226003725,0.018678976915079526,0.0,0.0,0.1454572850278898,0.0,0.0,0.0,0.0,0.0,0.0,0.0,0.0,0.0,0.0,0.0,0.04123988982954433,0.0,0.09061247777227069,0.0,0.0,0.15,0.1339010273388017,0.03658974383578317,0.0,0.009518638779955627,0.0,0.0,0.04878023902390015,0.08138541383559222,0.0,0.0,0.0,0.0,0.0,0.0,0.0,0.0,0.0015807789532449573,0.0,0.0,0.0,0.0,0.027231815441433566,0.023857797536481765,0.015320032494335289,0.0,0.0011457714972520658,0.0,0.0,0.0,0.005983982600686619,0.008484289362400036,0.0,0.0,0.0,0.0,0.0,0.0,0.0,0.01066138850372813,0.0,0.0,0.021987159758211926,0.0
2001-10-31,0.0009018475659312002,0.0,0.0028697325225557958,0.0,0.0,0.0,0.0,0.0,0.0,0.0,0.0,0.0,0.0,0.020403716306376437,0.0,0.018336907535344667,0.0,0.0,0.0,0.0,0.004651824743103696,0.004341572578025751,0.0,0.0,0.0,0.0,0.03749506602163498,0.036870613996674774,0.0,0.0,0.052464191271016175,0.0,0.028713795311121396,0.0,0.0,0.0,0.025689013432312002,0.0,0.0,0.0,0.0,0.0,0.0,0.0,0.0,0.0,0.0,0.0,0.06669806440491172,0.0,0.07886946562533788,0.0,0.0,0.15,0.14336783629484348,0.001533906966496621,0.034936460671654346,0.01934716030289516,0.0,0.0,0.09992909274601545,0.13332797261653745,0.0,0.0,0.0,0.0,0.0,0.0,0.0,0.0,0.0,0.0,0.0,0.0,0.0,0.0,0.0,0.0,0.0,0.0,0.0,0.0,1.64767449673464e-09,0.002105696800233268,0.017495644452050506,0.0,0.0,0.0,0.0,0.0,0.0,0.0,0.0,0.008106011584534728,0.0,0.011544404602717988,0.0
2001-11-30,0.0020430538754553688,0.009868139998797222,0.0,0.0,0.0,0.0,0.0,0.0,0.0,0.0,0.0,0.0,0.0,0.059029105582108415,0.0,0.034133677369575816,0.0,0.0,0.0,0.0,0.006070143905299433,0.013819004678442822,0.0,0.0,0.0,0.0,0.0547935173684487,0.048734891328183774,0.0,0.0,0.08835453692507592,0.0,0.036409203791527296,0.0,0.0,0.0,0.0,0.0,0.0,0.0,0.0062113516389324,0.0,0.0,0.0,0.0,0.0,0.026544630845907993,0.0,0.0571666248588172,0.0,0.08456439300605016,0.0,0.0,0.15,0.04963576604456332,0.012152997068233317,0.07819693530174641,0.06022019215496246,0.0,0.0,0.04840574553919089,0.02620902814303066,0.0,0.0,0.0,0.0,0.0,0.0,0.0,0.0,0.0,0.0,0.0,0.0,0.0,0.0,0.0,0.0,0.0,0.0,0.0,0.0,0.013563401562406142,0.0,0.014281837884251391,0.0,0.0,0.0,0.0,0.01959181884488198,0.0,0.0,2.284110874268934e-09,0.0,0.0,0.0,0.0
2001-12-31,0.0,0.0,0.0007822749788540212,3.6248059135307148e-09,0.0,0.0,0.0,0.0,0.0,0.0,0.0,0.0,0.0,0.07093984181678982,0.0,0.022029098751939345,0.0,0.0,0.0,0.0,0.0,0.0,0.0,0.0,0.0,0.0,0.020592488866984757,0.028745765315285814,0.0,0.0,0.09482079653822009,0.0,0.07084287534498504,0.0,0.0,0.0,0.014898331020391177,0.0,0.0,0.0,0.001579441751883843,0.0,0.0,0.0,0.0532386991810374,0.0,0.035166472622730933,0.0,0.026163581598360373,0.0,0.04760700265047948,0.0,0.0,0.15,0.0,0.0,0.0,0.012953002047131085,0.0,0.0,0.0,0.0,0.0,0.0,0.0,0.0,0.08041066033328699,0.0,0.0,0.023937998316011073,0.01226242814607675,0.0,0.0,0.0,0.0,0.011030439495148894,0.0,0.0,0.0,0.0,0.0,0.0,0.052054974769084585,0.006699267962549377,0.05560564229242452,0.0,0.0,0.0,0.0,0.06004463749338214,0.0,0.0,0.0,0.0,0.0,0.0475942750821565,0.0
2002-01-31,0.0,0.0,0.0,0.015437154876395647,0.0,0.0,0.0,0.0,0.0,0.0,0.0,0.0,0.0,0.05865280684836495,0.0,0.0,0.0,0.0,0.0,0.0,0.0,0.0,0.0,0.0,0.0,0.0,0.0,0.0,0.0,0.0,0.017989693806971498,0.0,0.0,0.007434556103999448,0.0,0.0,0.045098577647263015,0.0,0.0,0.0,0.0,0.007275215295626095,0.0,0.004393414923274308,0.08940546674573548,0.0,0.08927935362869192,0.03822099798401122,0.0,0.0,0.04495548444654128,0.0,0.0,0.02897421539965732,0.0,0.0,0.08462326391217193,0.04286836070191644,0.0,0.0,0.08006754304076238,0.0,0.0,0.0,0.0,0.0,0.0641178046273719,0.0,0.0,0.04136179171851174,0.013459508046911733,0.0,0.0,0.0,0.014700181570587757,0.017907752422967244,0.0,0.0,0.0,0.0,0.0,0.0,0.05785690099776901,0.03410523797224015,0.0,0.0,0.0,0.0,0.0,0.03125954897140024,0.0,0.0,0.0,0.0,3.55964119043219e-09,0.07055516475121615,0.0
2002-02-28,0.0,0.0,0.0,0.0,0.0,0.0,0.0,0.019517176097602455,0.0,0.0,0.0,0.0,0.0,0.011223625696284245,0.0,0.0,0.0,0.0,0.0,0.0,0.0,0.0,0.0,0.0,0.0,3.15178565986483e-09,0.0,0.0,0.0,0.0,0.011034938478271923,0.0,0.0,0.008186601123929244,0.0,0.0,0.0,0.0,0.02241431704220075,0.0,0.0,0.04475221642755924,0.0,0.0,0.14472447204767042,0.0,0.03499651568486224,0.06084163386674604,0.0,0.0,0.039585034160345374,0.0,0.0,0.0,0.0022159942862313236,0.02282655558218381,0.15,0.12677529951612213,0.0,0.0,0.06811715962089339,0.0,0.0,0.0,0.0,0.0,0.05426731936972436,0.0,0.0,0.003832586080893035,0.026586311797820405,0.0,0.0,0.0,0.0,0.04926206887719203,0.0,0.0,0.0,0.0,0.0,0.0,0.04972139569679769,0.005533636224958823,0.0,0.0,0.0,0.0,0.004429918072677304,0.020525347711494932,0.0,0.0,0.0,0.0,0.0,0.018629873385753105,0.0
2002-03-31,0.0,0.0,0.0,0.0,0.0,0.0,0.006711214879835004,0.02236151676903121,0.0,0.0,0.0,0.0,0.0,0.0,0.0,0.0,0.001224077672713472,0.0,0.0,0.0,0.0,0.0,0.0,0.0,0.0,0.0,0.0,0.0,0.0,0.0,0.0,0.0,0.0,0.0,0.0,0.0,0.0,0.0,0.008660084452663048,0.0,0.0,0.036763613987142944,0.06659467994531174,0.011581460467648633,0.131571841425183,0.0,0.0,0.0807371271296938,0.0,0.0,0.0,0.0,0.0,1.7632051461076829e-09,0.0,0.04733067553854688,0.13561745519846305,0.13255240156710812,0.0,0.0,0.0,0.0,0.04487904065966683,0.0,0.0,0.0,0.017537602000944036,0.0,0.0,0.006256469595161946,0.03603141398928649,0.0,0.0,0.028592869402354795,0.0,0.034252911238848605,0.02478202188330321,0.0,0.0,0.0,0.0,0.0,0.026358448715481826,0.005102238902110056,0.0,0.0,0.0,0.0,0.04143570834539405,0.043438940376561236,0.0,0.0,0.009626184094340764,0.0,0.0,0.0,0.0
2002-04-30,0.0,0.0,0.0,0.0,0.0,0.0,0.0,0.0,0.0,0.0,0.0,0.0,0.0,0.0,0.0,0.0,0.0033591837372427815,0.0,0.0,0.0,0.0,0.0,0.0,0.0,0.0,0.0,0.0,0.0,0.0,0.0,0.0,0.0,0.0,0.0,0.0,0.0,0.0,0.0,0.0,0.0,0.0,0.003067865668489118,0.02956241675534391,0.0,0.051807043329110916,0.0,0.0,0.004226449921693393,0.0,0.0,0.00420648517650659,0.0,0.0,0.037888643465822845,0.021867332303634277,0.03419844926717985,0.10207281364197046,0.15,0.0,0.0,0.043119133515845474,0.07760331145533302,0.059960138820563565,0.0,0.0,0.0,0.040944369608394475,0.02422340437985061,0.0,0.0,0.0012897709448981786,0.0,0.0,0.05670033718994564,0.0013293329615137333,0.03715210595531745,0.03930604732513537,0.0,1.7242000016000941e-09,0.0,0.11413976709227323,0.0,0.0,0.0,0.0,0.0,0.0,0.0,0.057492370195485434,0.004483225564249559,0.0,0.0,0.0,0.0,0.0,0.0,0.0
2002-05-31,0.0,0.0,0.0,0.0,0.0,0.0,0.011444012481191085,0.007587831109193599,0.0,0.0,0.0,0.0,0.0010831347882931436,0.0,0.0,0.0,0.0,0.0,0.0,0.0,0.0,0.0,0.0,0.0,0.0,0.0,0.0,0.0,0.0,0.0,0.0,0.0,0.0,0.0,0.0,0.0,0.0,0.0,0.0,0.0,0.0,0.027099231322477556,0.04977903974585605,0.01449102016321988,0.026370504750669595,0.0,0.0,0.012336906401655906,0.013106983572167186,0.0,0.01427047295039199,0.0,0.0,0.037905431303770484,0.11572074409716981,0.030507239394189912,0.11052749240192986,0.13885249419971,0.0,0.0,0.029332167485889904,0.15,0.045910294944388995,0.0,0.0,0.0,0.00023990255559797448,0.004575710764604209,0.0,0.0,0.0,0.0,0.0,0.0,0.02808959826443305,0.0,0.038627401937277504,1.0456005920193287e-09,0.0,0.0,0.08698966481586265,0.0,0.0,0.0,0.0,0.0,0.0,0.0,0.005152719504459071,0.0,0.0,0.0,0.0,0.0,0.0,0.0,0.0
2002-06-30,0.0,0.0,0.0,0.0,0.0,0.0,0.008677786891147971,0.0,0.0,0.0,0.0,0.0,0.008432798214676511,0.0,0.0,0.0,0.0,0.0,0.0,0.0,0.0,0.0,0.008277183202109382,0.0,0.0,0.0,0.0,0.0,0.0008389097124999435,0.0,0.0,0.0,0.0,0.0,0.0,0.0,0.0,0.0,0.0,0.013763197617573702,0.0,0.0007838744623441912,0.00946704885915514,0.0,0.00575156872272834,0.0,0.0,0.003520197918982069,0.02817269639371405,0.0,0.03264717650340687,0.0,0.0,0.11231278376722459,0.14896783400841065,0.040322995691155564,0.0883000487433956,0.11607875910855006,0.0,0.0,0.05786377147178666,0.15,0.07502167583790527,0.0,0.0,0.0,0.0170921353711972,0.0,0.0,0.0,0.0,0.0,0.0,0.0,0.023131491753146292,0.0024154020226167484,0.021235480200952467,0.0,0.0,0.0,0.026925182833639934,0.0,0.0,0.0,0.0,0.0,0.0,0.0,0.0,0.0,0.0,0.0,6.91680805218803e-10,0.0,0.0,0.0,0.0
2002-07-31,0.0,0.0,0.0,0.0,0.0,0.0,0.017270185992759673,0.0008593429650718461,0.0,0.0,0.0,0.0,0.017170483178736227,0.0,0.0,1.1776014659414607e-09,0.0,0.0,0.0,0.0,0.0,0.0,0.03099941019931688,0.0,0.0,0.011954025109186452,0.005137271249956645,0.0,0.0,0.0,0.0,0.0,0.0,0.0,0.0,0.0,0.0,0.0,0.0,0.0,0.0,0.0,0.015259687379090843,0.0,0.01435791199000745,0.0,0.0,0.0,0.003300800960729955,0.0,0.010593651936890104,0.0,0.0,0.14224423282186383,0.14070018950022398,0.012805734600115625,0.061836544632399355,0.06882605803476827,0.0,0.0,0.06003986350451425,0.15,0.0871728973468605,0.0,0.0,0.0,0.0,0.011322454115338339,0.0,0.0,0.0,0.0,0.0,0.0,0.04781187624136192,0.0,0.0026933452718625166,0.0,0.01232589808467586,0.0,0.074373584604362,0.0,0.0,0.0,0.0009445491023060594,0.0,0.0,0.0,0.0,0.0,0.0,0.0,0.0,0.0,0.0,0.0,0.0
2002-08-31,0.0,0.0,0.0,0.0,0.006508359036335938,0.0,0.0,0.0,0.0,0.0,0.0,0.0,0.02318091501616156,0.0007924179485965868,0.0,0.0,0.0,0.0,0.0,0.0,0.0,0.0027299896911219313,0.038885008438056895,0.0,0.0,0.007260315522974201,0.013535699522055356,0.009677733409831121,0.0,0.0,0.0,0.0,0.012796499310608705,0.0,0.0,0.0,0.0,0.0,0.0,0.0,0.0,0.0,1.9747886455039127e-09,0.0,0.0,0.0,0.0,0.0,0.0038973045161849813,0.0,0.0,0.0,0.0,0.12517968734385557,0.10349735380144195,0.0,0.011265660054968913,0.029443228873398102,0.0,0.0,0.04558019228639455,0.15,0.03908325225128151,0.0,0.0,0.0,0.009524969385180862,0.061448166654068395,0.0,0.0,0.01299558560745793,0.0,0.0,0.0,0.09170306454254809,5.274244258507152e-06,0.05100932056842971,0.0,0.0,0.0,0.15,0.0,0.0,0.0,0.0,0.0,0.0,0.0,0.0,0.0,0.0,0.0,0.0,0.0,0.0,0.0,0.0
2002-09-30,0.0,0.0,0.0,0.0,0.013831491386179243,0.0,0.0042429427193113965,0.003675489051160646,0.0,0.0,0.0,0.0,0.01183769032180269,0.008103395524533928,0.0,0.0015410165840290578,0.0,0.0,0.0,0.0,0.0,1.8170279130060724e-09,0.031233105943270355,0.0,0.0,0.0,0.028414575421818206,0.02319095060263592,0.016221998074357775,0.0,0.0,0.0,0.007000636255312222,0.0,0.0,0.0,0.0,0.0,0.0,0.0,0.0,0.0,0.0,0.0,0.0,0.0,0.0,0.0,0.014465474406073204,0.0,0.029660208485220614,0.0,0.0,0.1320841115351281,0.1118484293321455,0.0,0.06317013790580783,0.03670949351312158,0.0,0.0,0.0571816245691863,0.15,0.07355181076179784,0.0,0.0,0.0,0.0,0.017526015384289273,0.0,0.0,0.013317971094279665,0.0,0.0,0.0,0.044515627930746364,0.0,0.0,0.0,0.0,0.0,0.10667580138076423,0.0,0.0,0.0,0.0,0.0,0.0,0.0,0.0,0.0,0.0,0.0,0.0,0.0,0.0,0.0,0.0
2002-10-31,0.0,0.0,0.0,0.0,0.020637933585194047,0.0,0.012528501850035977,0.026514614961858706,0.0,0.0,0.0,0.006717880156037593,0.009739083444381565,0.012339992674269095,0.0,0.017283793311961008,0.0,0.0,0.0,0.0,0.0,0.0,0.0,0.0,0.0,0.0,0.02338871753710676,0.028972478079239295,0.026625102191644986,0.0,0.0,0.0,3.4419095367636416e-09,0.0,0.0,0.0,0.01555233843190187,0.0,0.0,0.0,0.0,0.0,0.0,0.0,0.0,0.0,0.0,0.0,0.007825684397268514,0.0,0.07175612671752846,0.0,0.0,0.15,0.12370968941073951,0.027569646559431026,0.1002248732259516,0.04682091444306709,0.0,0.0,0.05040210388806703,0.07398088319556363,0.09659942527784852,0.0,0.0,0.0,0.0,0.006218501762690147,0.0,0.0,0.03943903142318232,0.0,0.0,0.0,0.0,0.0,0.0,0.0,0.0,0.0,0.0,0.0,0.0,0.0,0.0,0.0,0.0,0.0,0.0,0.005152680033121658,0.0,0.0,0.0,0.0,0.0,0.0,0.0
2002-11-30,0.0,0.0,0.0,0.006225853684109267,0.044456465727436265,0.0,0.043055753718353816,0.04552464871993693,0.0,0.0,0.0,0.0371811906845433,0.0,0.0,0.0,0.018938470374963646,0.0,0.019865856406262896,0.0,0.0,0.0,0.004446724932121149,0.0,0.0,0.0,0.026068944105646804,0.050989440781027004,0.027694294206812933,0.0,0.0,4.1616920356542246e-09,0.0,0.028079032700323383,0.012061718153922069,0.0,0.0,0.13832839545625045,0.0,0.0,0.008505376604454804,0.0,0.0,0.0,0.062381090883595405,0.03381961827417395,0.0,0.0,0.0,0.0,0.0,0.0,0.0,0.0,0.14061033208994836,0.0,0.0,0.0,0.0,0.0,0.0,0.0,0.0,0.0,0.0,0.0,0.0,0.0,0.06182742651853505,0.0,0.04033531948959308,0.08605024893579258,0.005519152002933095,0.0,0.0,0.0,0.0,0.0,0.0,0.0,0.0,0.0,0.0,0.047886031418962215,0.010148609968609555,0.0,0.0,0.0,0.0,0.0,0.0,0.0,0.0,0.0,0.0,0.0,0.0,0.0
2002-12-31,0.0,0.0,0.0,0.012560893020306458,0.0,0.0,0.0,0.0004645775129070255,0.0,0.0,0.0,0.0,0.0,0.0,0.0,0.0,0.0,0.07919591666142406,0.0,0.0,0.0,0.0,0.0,0.0,0.0,0.0,0.00685422136081621,0.0,0.0,0.0,0.06211185677657523,0.0,0.0,0.0,0.0,0.0,0.1192001171115707,0.0,0.005242238589860939,0.13424025535026607,0.016639724907417035,0.029912431880134652,0.0,0.035432944217418924,0.0281211249210099,0.0,0.04237594499386212,0.020222619534728356,0.0,0.0,0.0,0.0,0.0,0.10022355725556105,0.0,0.03579775089640179,0.012177204562259862,0.011840021012384691,0.0,0.0,0.0,0.0,0.0,0.0,0.0,0.0,0.0,0.012251225993510133,0.0,0.05835577427606545,0.09043863404774731,0.020679553938244798,0.0,0.0,0.0,0.0,0.0,0.0,0.0,0.0,0.0,0.0,0.03183827245923998,0.0,0.0,0.0,0.0,0.0,3.1852114707177894e-09,0.03382313553507586,0.0,0.0,0.0,0.0,0.0,0.0,0.0
2003-01-31,0.0,0.0,0.0,0.006969695726665805,0.0,0.0,0.0,0.0,0.0,0.0,0.0,0.0,0.0,0.0,0.0,0.0,0.004301787198313693,0.0424626227059147,0.0,0.0,0.0,0.0,0.0,0.0,0.0,0.0,0.0,0.0,0.048606204059426894,0.0,0.0,0.0,0.0,0.0,0.0,0.0,0.03626743907333494,0.0,0.0,0.06092318782310993,0.015959918604765085,0.02639994016442969,0.0,0.005052898949305857,0.025990541535454315,0.0,0.0,0.005023617550552975,0.01231407867531616,0.0,0.03110096290914826,0.0,0.0,0.15,0.06652070902333548,0.1088940985044945,0.08487404288756538,0.05887080023326442,0.0,0.0,0.030617455284595817,0.09914094604156629,0.03127785484735892,0.0,0.0,0.0,0.0,0.0,0.0,0.0013278791366641207,1.9746691486222264e-09,0.016813699655540113,0.0,0.0,0.0,0.0,0.0,0.0,0.0,0.0,0.0,0.0,0.0,0.0,0.0,0.0,0.0,0.0,0.0,0.0,0.0,0.0,0.0,0.0,0.0,0.030289617435207392,0.0
2003-02-28,0.0,0.0,0.0,0.016775175936301578,0.0,0.0,0.0,0.02631848850397461,0.0,0.0,0.0,4.267854311870313e-09,0.0,0.0,0.0,0.0,0.0,0.07685365601838419,0.0,0.0,0.0,0.0,0.0,0.0,0.0,0.0,0.0,0.0,0.007746846800243784,0.0,0.0,0.0,0.02255828779722247,0.0,0.0,0.0,0.06603921927053762,0.0,0.0,0.07560656675337737,0.012407784342166195,0.0017972618061779628,0.0,0.0,0.06221601090048803,0.0,0.0,0.017238653803914955,0.0,0.0,0.0,0.0,0.0,0.15,0.05137705758665819,0.15,0.007269453461232032,0.017049721019502025,0.0,0.0,0.008066751147040745,0.020262797556684056,0.0,0.0,0.0,0.0,0.029709371830890712,0.04380689197355155,0.04799669171092022,0.0,0.0,0.01571816464204653,0.0,0.0,0.0,0.0,0.010449473199871865,0.0,0.0,0.0,0.0,0.0,0.0,0.0,0.0,0.0,0.0,0.0,0.0,0.0,0.0,0.0,0.0,0.0,0.0,0.06273566967095917,0.0
2003-03-31,0.0,0.0,0.0021069343330850404,0.009692964553978032,0.0,0.0,0.0,0.0,0.0,0.0,0.0,0.0,0.0,0.0,0.0,0.0014579345939036272,0.034154014967632096,0.1171944946770476,0.0,0.0,0.0,0.0,0.0,0.12279769701372675,0.0,0.0,0.0,0.0,0.07261714895617566,0.0,0.0,0.0,0.0,0.07868900481493422,0.0,0.0,0.04443260103585796,0.0,0.0,0.09914366023429295,0.0,0.01178400907712538,0.017904671358400386,2.085893210011521e-09,0.04059166912513555,0.0,0.0,0.022150061453400066,0.0,0.0,0.0,0.0,0.0,0.0,0.0,0.030478240756815975,0.0,0.0,0.0,0.0,0.0,0.0,0.0,0.0,0.0,0.0,0.03337230222357606,0.008268670862117125,0.021185106846445492,0.02733873020742544,0.013048024642032769,0.043471608984422344,0.0,0.0,0.0,0.0,0.0,0.0,0.0,0.0,0.07455650074915186,0.0,0.0,0.0,0.0,0.0,0.0,0.0,0.0,0.0,0.0,0.0,0.011211039578324854,0.0,0.0,0.06235290686909963,0.0
2003-04-30,0.0,0.0,0.006072039341396777,0.002917297540444994,0.0,0.0,0.0,0.02524188382422528,0.0,0.0,0.0,0.007145045883959137,0.033407019481113055,0.023801747474058953,0.0,0.026292491998839346,0.024629793744645002,0.15,0.0,0.0,0.0,0.0,0.0,0.15,0.0,0.0,0.0,0.0,0.08683600748609849,0.0,0.011876134130448184,0.0,0.0,0.02093686778216191,0.0,0.0,0.12164613313880408,0.0,0.0,0.046570040536858176,0.0,0.0,0.0,0.0,0.006716147284288937,0.0,0.0,0.011773694591215323,0.0,0.0,2.208494517660267e-09,0.0,0.0,0.0,0.03481363218006402,0.03137387423956975,0.0,0.0,0.0,0.0,0.00403339817379198,0.0,0.0,0.0,0.0,0.0,0.06862477451228843,0.0,0.0,0.0,0.0,0.0,0.0,0.0,0.0,0.0,0.0,0.0,0.0,0.0,0.0687937125833663,0.0,0.0,0.0,4.763017231467014e-05,0.0,0.0,0.0,0.0,0.0,0.0,0.0,0.0,0.0,0.0,0.03645063169155245,0.0
2003-05-31,0.0,0.0,0.0,0.0,0.0008744536504103497,0.0,0.0,0.006902912037044277,0.0,0.0,0.0,0.02761984193580142,0.04066278552998884,0.00517338221297659,0.0,0.0,0.07840555110128741,0.15,0.0,0.0,0.0,0.0,0.0,0.15,0.0,0.0,0.010472194702371014,0.006869598990875303,0.15,0.0,0.049408695376948315,0.0,0.03623552659910954,0.01395261779450156,0.0,0.0,0.04885155020299781,0.0,0.0,0.0,0.0,0.0,0.0,0.0,0.011349575709610617,0.0,0.0,0.004348146318457318,0.01498009426789795,0.0,0.0,0.0,0.0,0.0,0.022544107209758288,2.1247519123444517e-09,0.0,0.0,0.0,0.0,0.01616574129773663,0.0,0.0,0.0,0.0,0.0,0.007506678655280004,0.0003908477413126648,0.0,0.0,0.0,0.0,0.0,0.0,0.0,0.0,0.0,0.0,0.0,0.0,0.13437335897089062,0.0,0.0,0.0,0.0,0.0,0.0,0.0,0.0,0.0,0.0,0.0,0.0,0.0,0.0,0.01291233756999169,0.0
2003-06-30,0.0,0.0,0.0,0.0,0.011657722636993035,0.0,1.909720074010291e-09,0.01591354152674711,0.0,0.0,0.0,0.008932740372387794,0.03386059639343679,0.00859516639575605,0.0,0.008730032852735013,0.03488168994505068,0.15,0.0,0.0,0.0,0.0,0.0,0.15,0.0,0.0,0.019782570675500856,0.030014098720847558,0.15,0.0,0.01092126505923912,0.0,0.021085597408269725,0.0,0.0,0.0,0.038959379992267305,0.0,0.004876626618417202,0.028338871682119345,0.0,0.0,0.0,0.0,0.014877474857259805,0.0,0.0,0.027293462240576487,0.0,0.0,0.0,0.0,0.0,0.0,0.0,0.0,0.0,0.0,0.0,0.0,0.0,0.0,0.0,0.0,0.0,0.0,0.03423191045307798,0.0,0.0,0.0,0.0,0.0,0.0,0.0,0.0,0.004628280273551806,0.0,0.0,0.0226640154193282,0.0,0.15,0.0,0.0,0.0,0.0,0.0,0.0,0.0,0.0,0.0,0.0,0.0,0.0,0.0,0.0,0.019754954566718094,0.0
2003-07-31,0.0,0.0,0.0,0.0,0.0008251709519497199,0.0,0.003668952533002031,0.0,0.0,0.0,0.0,0.013406342012981267,0.02609575720257655,0.0,0.0,0.0069131305063383115,0.04256595896880166,0.15,0.0,0.0,0.0,0.0,0.0,0.15,0.0,0.0,0.009012110984366979,0.032196760870206495,0.15,0.0,0.00855140678750677,0.0,0.016347291904057162,0.0,0.0,0.0,0.035444571577169785,0.0,0.022555226302197705,0.01581172591804522,0.0,0.0,0.0,0.002463863242844429,0.0,0.0,0.0,0.0,0.0,0.0,0.0,0.0,0.0,0.0,0.0,0.0,0.0,0.0,0.0,0.0,0.0,0.0,0.0,0.0,0.0,0.0,0.030546499334093466,0.0,0.0,0.0,0.0,0.0,0.029916016338059678,0.0,0.0,0.014822519263365688,0.0,0.0,0.05679221283705135,0.06701353406127578,0.07520622498670662,0.0,0.0,0.0,0.0,0.0,0.0,0.0,0.0,0.0,0.0,0.0,0.0,0.0,2.061144794111883e-09,0.03984472135625851,0.0
2003-08-31,0.0,0.0,0.0,0.0,0.0,0.0,0.0,0.0,0.0,0.0,0.0,0.0,0.0,0.0,0.0,0.0,0.055838925623395326,0.10928850710029277,0.0,0.0,0.0,0.0,0.0,0.07530799889338856,0.0,0.0,1.7248022589387366e-09,0.005774005401105195,0.15,0.0,0.0,0.0,0.00650377990900233,0.0,0.0,0.0,0.005448254731354454,0.0,0.0,0.0,0.0,0.0,0.0,0.0,0.0,0.0,0.0,0.0,0.015188834625768506,0.0,0.0,0.0,0.0,0.0,0.0,0.0,0.0,0.0,0.0,0.0,0.02434633334879229,0.043623567754923924,0.009599087855240438,0.0,0.0,0.0,0.060518611711171344,0.0,0.0,0.0,0.0,0.0,0.021919858275708255,0.025006851052980283,0.0,0.0,0.0014303635226462922,0.0254020315728324,0.060056023137205865,0.15,0.041845752210492373,0.0,0.0,0.0,0.01482363014453133,0.0,0.0,0.0,0.052158505792243744,0.0,0.0,0.0,0.0,0.0070877595618273085,0.027532775106529885,0.011298540943764718,0.0
2003-09-30,0.0,0.0,0.0,0.0,0.0,0.0,0.0,0.0,0.0,0.0,0.0,0.0,0.0,0.0,0.0,0.0,0.015894517070289483,0.01979215316154833,0.0,0.0,0.0,0.0,0.0,0.07908266850956737,0.0,0.0,0.0,0.0,0.15,0.0,0.0,0.0,0.0009207728883452801,0.0,0.0,0.0,0.0,0.0,0.0,0.0,0.0,0.0,0.0,0.0,0.0,0.0,1.1712557594846273e-09,0.0,0.021302810014883336,0.0,0.0,0.0,0.0,0.040464476154363,0.0,0.0,0.0,0.0,0.0,0.0,0.04722374814263935,0.08356124718510377,0.10670153503634668,0.0,0.0,0.0,0.05287816138170335,0.0,0.0,0.0,0.0,0.013920357162621234,0.019768973867961333,0.016735583874205946,0.00769504772733808,0.0034353946382588763,0.0066733810710080926,0.02507500383333389,0.08778709451654435,0.15,0.0036899184364701616,0.0,0.0,0.0,0.0,0.0,0.0,0.0,0.03095998508500398,0.0,0.0,0.0,0.0,0.007571601716851171,0.008865567354357071,0.0,0.0
2003-10-31,0.0,0.0,0.0,0.0,0.0,0.0,0.0,0.0,0.0,0.0,0.0,0.0,0.0,0.0,0.0,1.5229691782842628e-09,0.0,0.026226557378848252,0.0,0.0,0.0,0.0,0.0,0.017245710073008885,0.0,0.0,0.0,0.0,0.15,0.0,0.0,0.0,0.0,0.0,0.0,0.0,0.0,0.0,0.0,0.0,0.0,0.0,0.0,0.0,0.0,0.0,0.0,0.0,0.03118227981127426,0.0,0.0,0.0,0.0,0.0,0.0,0.016530209773796344,0.023476596260485233,0.025092215437485573,0.0,0.0,0.04386548797138307,0.023706136243332766,0.15,0.0,0.0,0.0,0.10260394586833382,0.02906438446162371,0.03802320529107572,0.0,0.006552714309754204,0.03668910026791023,0.0,0.05620446217843865,0.02692758100445288,0.0,0.0016103552577147486,0.010331690636665131,0.06294549889639835,0.0550763147986216,0.027117412129780156,0.0,0.0,0.0,0.0,0.0,0.0,0.0,0.02213119995900882,0.0,0.0,0.0,0.0,0.0,0.0,0.01739694046763835,0.0
2003-11-30,0.0,0.0,0.0,0.0,0.0,0.0,0.0,0.0,0.0,0.0,0.0,0.0,0.0,0.0,0.0,0.0,0.0,0.012452325123389075,0.0,0.0,0.0,0.0,0.0,0.002694204583970312,0.0,0.0,0.0,0.0,0.11543712507964377,0.0,0.0,0.0,0.0,0.0,0.0,0.0,0.0,0.0,0.0,0.0,0.0,0.0,0.0,0.0,0.0,0.0,0.0,0.0,0.021604192772114898,0.0,0.0,0.0,0.0,0.0,0.0,0.007975098287542734,0.0,0.0005163113377465715,0.15,0.0,0.033078315076166535,0.016096034131781987,0.13935819946430578,0.0,0.0,0.0,0.051603484836053204,0.05466535774338631,0.050731494753185453,1.0113245523953146e-09,0.018799238218431564,0.030733194617282807,0.0024336165875165007,0.10977581981200064,0.07289552878619535,0.0,0.012679318016268289,0.023477168291336767,0.04252100979916637,0.0,0.00047847171125317377,0.0,0.0,0.0,0.0,0.0,0.0,0.0,0.00822412862275381,0.0,0.0,0.0,0.0,0.0,0.0,0.021770361337183596,0.0
2003-12-31,0.0,0.0,0.0,0.0,0.0,0.0,0.0,0.0,0.0,0.0,0.0,0.0,0.0,0.0,0.0,0.0,0.0,0.0028897981531759522,0.0,0.0,0.0,0.0,0.0,0.0,0.0,0.0,0.0,0.0,0.0038883676747683985,0.0,0.0,0.0,0.0,0.0,0.0,0.0,0.0,0.0,0.0,0.0,0.0,0.0,0.0,0.0,0.0,0.0,0.0,0.0,0.019486322109266232,0.0,0.0,0.0,0.0,0.0,0.0026971456436415534,0.023209152074095664,0.0,0.0,0.1388908759272112,0.0,0.05634218703897973,0.04492081227138763,0.15,0.0,0.0,0.0,0.04808284567415301,0.1162372272649917,0.02031878208437956,0.0031544322587833368,0.014627348711094989,0.022810667273178462,0.0020672971179533993,0.10316878038747346,0.0834509464740579,0.0,0.016389892025243213,0.014151547366975504,0.04265516267391093,0.0,0.0389969275361293,0.0,0.0,0.0,0.0,0.0,0.0,0.0,0.004240642139840557,0.0,0.0,0.0,0.0,0.0,9.436060552083191e-10,0.02732283917570226,0.0
2004-01-31,0.0,0.0,0.0,0.0,0.0,0.0,0.0,0.0,0.0,0.0,0.0,0.0,0.0,9.178804597785124e-10,0.0,0.0,0.011209294234571563,0.004599720583746053,0.0,0.0,0.0,0.0,0.0,0.015464859422509504,0.0,0.0,0.0,0.0,0.10565033230903258,0.0,0.0,0.0,0.0,0.0,0.0,0.0,0.0,0.0,0.0,0.0,0.0,0.0,0.0,0.0,0.0,0.0,0.0,0.0,0.0,0.0,0.0,0.0,0.0,0.0,0.0,0.004726630445520688,0.0,0.0,0.07532910984816472,0.0,0.020679798124812125,0.007638828038955697,0.1398005851512187,0.0,0.0,0.0,0.017908140067397802,0.13947742318700976,0.04973147111523841,0.0,0.003378028971918514,0.03190036277309459,0.00010215838723364133,0.06750869114621445,0.11059106136784595,0.0,0.01300979354378984,0.009549597042162149,0.022322565651432806,0.03644375685779603,0.06431749530376403,0.0,0.0,0.0,0.0,0.0,0.0,0.0,0.004276473783096336,0.0,0.0,0.0,0.0,0.0,0.0,0.04438382172559376,0.0
2004-02-29,0.0,0.0,0.0,0.0,0.00697318537937743,0.0,0.0,0.0,0.0,0.0,0.0,0.0,1.3525788489257914e-09,0.014888819672879338,0.0,0.0,0.01866854593515865,0.036570040225026544,0.0,0.0,0.0,0.0,0.0,0.0,0.0,0.0,0.0,0.0,0.15,0.0,0.0,0.0,0.0,0.01311020965774737,0.0,0.0,0.0,0.0,0.0,0.0013734225579433012,0.0,0.00853776834302303,0.0,0.0,0.0,0.0,0.0,0.0,0.0,0.0,0.0,0.0,0.0,0.0,0.0,0.0,0.0,0.0,0.07653380274589758,0.0,0.016030470686406846,0.0,0.06495162623637223,0.0,0.0,0.0,0.0,0.15,0.03930063663492912,0.0,0.0,0.026933797447816075,0.0,0.15,0.06275243295120458,0.0,0.01959196254543841,0.0012907800558668182,0.02864174429449395,0.002951197183261598,0.05757420811323365,0.0,0.0,0.0,0.0,0.0,0.0,0.0,0.01673021564978435,0.02680752105804413,0.0,0.0,0.0,0.0,0.0,0.009787611273516088,0.0
2004-03-31,0.0,0.0,0.0,0.0,0.0,0.0,0.0,0.0,0.0,0.0,0.0,0.0,0.0,0.003983629673147318,0.0,0.0,0.005967823864530743,0.006217145942495142,0.0,0.0,0.0,0.0,0.0,0.0,0.0,0.0,0.0,0.0,0.15,0.0,0.0,0.0,0.0,0.02537796062978346,0.0,0.0,0.0,0.0,0.0,0.0,0.0,0.033095478491195825,0.0,0.0,0.0,0.0,0.0,0.0,0.0,0.0,0.0,0.0,0.0,0.0,0.0,0.0,0.0,0.0,0.006950113222013958,0.0,0.05759879798732258,0.011214214279352134,0.11250979807952723,0.0,0.0,0.0,0.0,0.044129439661200406,0.04771627686658528,0.0,0.0,0.007782351277212828,0.009175841459069783,0.14493473089334252,0.11673958674594084,0.000522814395372614,0.027690376053596713,0.005965591785840817,0.02868943734400738,0.07245049804887473,0.01841096380808835,0.0,0.0,0.0,0.0,0.0,0.0,0.0,0.014233026773664424,0.04864410147448059,0.0,0.0,0.0,0.0,0.0,1.2433543513100543e-09,0.0
2004-04-30,0.0,0.0,0.0,0.0,0.005017416663997811,0.0,0.0,0.0,0.0,0.0,0.0,0.0,0.004277978369682552,0.0025957883156174657,0.0,0.0,0.03483883128224372,0.0,0.0,0.0,0.0,0.0,0.0035388565438014318,0.0,0.0,0.0,0.0,0.0,0.15,0.0,0.0,0.0,0.0,0.018218369444068662,0.0,0.0,1.489394835753877e-09,0.0,0.011838754269208085,0.0,0.0009034446162347002,0.028886991603326393,0.008505930779687174,0.0,0.0,0.0,0.0,0.0,0.0,0.0,0.013041447720511846,0.0,0.0,0.0,0.0,0.0,0.0,0.0,0.0,0.0,0.06006743364614387,0.02031793234455532,0.10674857296356276,0.0,0.0,0.0,0.0,0.021895368905627485,0.016598516562428643,0.0,0.0,0.0,0.0,0.06345729474545304,0.13285304902613557,0.0,0.006122481217703943,0.0,0.0,0.046712142345597604,0.09514414058644219,0.0,0.0,0.0,0.0,0.0,0.0,0.0,0.035705847919572084,0.11271340863900273,0.0,0.0,0.0,0.0,0.0,0.0,0.0
2004-05-31,0.0,0.008535480456301812,0.020141948606452183,0.0,0.03271419530827055,0.0,0.013272008961737195,0.0,0.0,0.0,0.0,0.0,0.013283068796384969,0.0,0.0,0.0,0.008785324461579555,0.02111363590733751,0.0,0.0,0.015692374478811458,0.0,0.015459488415399618,0.0,0.0,0.0,0.0,0.0,0.15,0.0,0.0,0.0,0.0,0.09088146867100177,0.0,0.0,0.023589110819131055,0.0,0.01734171150690996,0.025557282435673574,0.023594022943476085,0.08064762697546964,0.0253589160682246,0.0,0.01858991026918711,0.0,0.026849775906997622,0.0,0.0,0.0,0.0,0.0,0.0,0.0,0.0,0.0,0.0,0.0,0.0,0.0,0.0,0.0,0.0,0.0,0.0,0.0,0.0,0.0,0.0,0.0,0.0,0.0,0.0,0.0,0.00815490929606213,0.0,3.2408690580082253e-09,0.0,0.0,0.016394437219799746,0.11942773493029325,0.0,0.0,0.0,0.0,0.0,0.0,0.0,0.07461556432462967,0.15,0.0,0.0,0.0,0.0,0.0,0.0,0.0
2004-06-30,0.004870862462414737,0.0034096727459174475,0.024746410636963027,0.03348567198878639,3.1205576585673506e-09,0.0,0.0,0.0,0.0,0.0,0.0,0.0,0.0,0.0,0.0,0.0,0.0,0.024425458019293276,0.0,0.0,0.012387706683527072,0.0,0.028698566253670444,0.05036718232019721,0.0,0.0,0.0,0.0,0.07397731479507479,0.0,0.0,0.0,0.0,0.11872508221512326,0.0,0.0,0.06749098347717214,0.0,0.0,0.0213929743249166,0.003802568262245805,0.05780689090489749,0.032713210550557884,0.0,0.0,0.0,0.06248095870768514,0.0,0.0,0.0,0.0319344832853891,0.0,0.0,0.0,0.0,0.0,0.0,0.0,0.0,0.0,0.0,0.0,0.0,0.0,0.0,0.0,0.0,0.0,0.0,0.0,0.0,0.0,0.0,0.05184899301737531,0.0,0.039696692967567004,0.01883709779452053,0.016566288082118713,0.0,0.0,0.11513817361768706,0.0,0.0,0.0,0.0,0.0,0.0,0.0,0.04244311316670716,0.06275364059963463,0.0,0.0,0.0,0.0,0.0,0.0,0.0
2004-07-31,0.0,0.0,0.010083963741765208,0.048390024207398054,0.0,0.0,0.01030780929857288,2.5945673150004245e-09,0.0,0.0,0.0,0.0,0.029344913303061847,0.0,0.0,0.0,0.0,0.0,0.0,0.0,0.0029708820920311555,0.0,0.01808857003667198,0.011029042552481138,0.0,0.0,0.0,0.0,0.0343988516462249,0.0,0.0,0.0,0.0,0.06924772396360743,0.0,0.0,0.05652364163186266,0.0,0.0,0.0,0.0,0.02375280206388633,0.00959706852639536,0.0,0.0,0.0,0.06684063805808116,0.0,0.0,0.0,0.0,0.0,0.0,0.0,0.0,0.0,0.0,0.0,0.0,0.0,0.0,0.0,0.0,0.0,0.0,0.0,0.0,0.0,0.018108875036843775,0.0,0.0,0.0,0.0,0.0,0.03556224081675218,0.06183671080459577,0.035524777340360796,0.06800706497257024,0.0,0.15,0.15,0.0,0.0007885865629328196,0.0,0.0,0.0,0.0,0.0,0.03311386840093402,0.013368604335293506,0.0,0.0,0.0,0.0,0.0,0.04311333801310936,0.0
2004-08-31,0.0,0.0,0.012944916107954734,0.08556252511971851,0.004010684622718743,0.0,0.0317390190099206,0.006642701929968211,0.0,0.0,0.0,0.0,0.02931058710568967,0.003021909014561585,0.0,0.0,0.0,0.008869100154628572,0.0,0.0,0.012263325791272369,0.0,0.0,0.046902853014726964,0.0,0.0,0.0,0.0,0.0,0.0,0.0,0.0,0.0,0.03794020096859114,0.0,0.0,0.06610401616427378,0.0,0.0,0.0,0.0,0.004720760324530084,0.008634353325941488,0.0,0.0,0.0,0.07083434905021782,0.0,0.0,0.0,0.0,0.0,0.0,0.0,0.0,0.0,0.0,0.0,0.0,0.0,0.0,0.0,0.0,0.0,0.0,0.0,0.0,0.0,0.0,0.0,0.0,0.0,0.0,0.0,2.6442175389461326e-09,0.0608390151122701,0.06497286867739924,0.04312596913384897,0.04085651227298652,0.1283688500267736,0.15,0.0,0.0,0.0,0.0,0.0,0.0,0.0,0.017328853189706304,0.026424721063028008,0.0,0.0,0.0,0.0,0.0,0.03858190617505534,0.0
2004-09-30,0.013161524910202158,0.01519736787268962,0.0,0.05617442808284883,0.015075132468552228,0.0,0.011335325435546342,0.0,0.0,0.0,0.0,0.0,0.028503788307820008,0.0,0.0,0.0,0.0,0.0,0.0,0.01003642894381743,0.0,0.006482547882754312,0.0,0.0508799929046266,0.0,0.0,0.0,0.0,0.0,0.0,0.0,0.0,0.0,0.00819487507158139,0.0,0.0,0.06502089801986834,0.0,0.0,0.0,0.0015172442231821226,0.0,0.01754927938384694,0.0,0.0,0.0,0.08827927718450038,0.0,0.0,0.0,0.0,0.0,0.0,0.0,0.0,0.0,0.0,0.0,0.0,0.0,0.0,0.0,0.0,0.0,0.0,0.0,0.0,0.020125020461010605,0.0,0.0,0.0,0.0,0.0,0.0,0.0,0.060881118942029175,0.058291689000636124,0.0010011272518564364,0.0846083871769047,0.14848375117018597,0.15,0.0,0.005545813510710207,0.0,0.0,0.0,0.0,0.0,3.08536858424562e-09,0.010814096372603967,0.0,0.0,0.0,0.0,0.0,0.07284088233685752,0.0
2004-10-31,0.0,0.0,0.0,0.009976667798704097,0.0,0.0,0.0,0.0,0.0,0.0,0.0,0.0,0.028962543098841317,0.010994638138803612,0.0,0.0,0.0,0.0,0.0,0.0,0.0,0.0,0.0,0.0,0.0,0.0,0.0,0.0,0.003135364783507491,0.0,0.0,0.0,0.0,0.0,0.0,0.0,0.04128542332995057,0.0,0.0,0.0,0.0,0.0,0.0,0.0,0.0,0.0,0.01910903765940717,0.0,0.0,0.0,0.0,0.0,0.0,0.0195490042922898,0.0,0.0,0.0,0.011787145487552447,0.07467038882237716,0.0,0.0017971972574508904,0.0034369748438861326,0.0,0.0,0.0,0.0,0.009506964866928433,0.09409167378553626,0.028191759987627244,0.0,1.6379101637368309e-09,0.03342860639917927,0.0,0.020156053632021588,0.0703307342141516,0.04417250178834893,0.05474221214817749,0.0,0.0776174346833804,0.08534689958443148,0.15,0.0,0.0,0.0,0.0,0.0,0.0,0.0,0.0,0.01736301223915058,0.0,0.0,0.0,0.0,0.0,0.0903477595203858,0.0
2004-11-30,0.0,0.0,0.0,0.0,0.004298766176320912,0.0,0.0,2.4234977980181727e-09,0.0,0.0,0.0,0.0004303065681134206,0.08827399929743446,0.04549525481648357,0.0,0.018207935757411982,0.03427197810319587,0.0,0.0,0.0,0.0,0.0,0.0,0.0,0.0,0.005116273477206113,0.0,0.0,0.09363088413316228,0.0,0.0,0.0,0.0,0.010436517671478147,0.0,0.0,0.039646920119292606,0.0,0.0,0.006485925412098768,0.0005884582603537908,0.0,0.0,0.0,0.0,0.0,0.06247869246933234,0.0,0.0,0.0,0.0,0.0,0.0,0.0,0.0,0.0,0.0,0.0,0.09912398622151715,0.0,0.0,0.0,0.0,0.0,0.0,0.0,0.0,0.03703645296604803,0.028406762014204296,0.0,0.0,0.004829216522352589,0.0,0.0,0.0714751576581615,0.007336068541439789,0.010396654320712942,0.0,0.07349954103594275,0.036334325113303284,0.15,0.0,0.0,0.0,0.0,0.0,0.0,0.0,0.0,0.0,0.0,0.0,0.0,0.0,0.0,0.0721999209209355,0.0
2004-12-31,0.0,0.0,0.0,0.0,0.0,0.0,0.0,0.0,0.0,0.0,0.0,0.004181214319654811,0.02403785935151201,0.009657351357967579,0.0,0.0029153512751216516,0.01565169661911804,0.0,0.0,0.0,0.0,0.0,0.0,0.015949490014174707,0.0,0.0,0.0,0.008857841546557995,0.15,0.0,0.0,0.0,0.0,0.0,0.0,0.0,0.03263835747985145,0.0,0.0,0.01208832487457143,0.0,0.0,0.0,0.0,0.0,0.0,0.06600601296304015,0.0,0.0,0.0,0.0,0.0,0.0,0.0,0.01962691495236557,0.0,0.0,0.00815499085609189,0.13258093498500237,0.0,0.012174812300735487,0.0,0.0,0.0,0.0,0.0,0.0,0.0,0.05801173008687945,0.0,0.011095212292045067,0.04608537846683068,0.0,0.0,0.06460119557413452,0.012978032439880207,0.018977144287641745,0.0,0.06470637403386643,0.0,0.15,0.0,0.0,0.0,0.0,0.0,0.0,0.0,0.0,1.518587409205144e-09,0.0,0.0,0.0,0.0,0.0,0.05902377840436917,0.0
2005-01-31,0.0,0.0,0.0,0.0,0.0,0.0,0.0,0.0,0.0,0.0,0.0,0.006311954722556638,0.006579777906255951,0.0,0.0,0.0,0.034490197806836535,0.0,0.0,0.0,0.0,0.0,0.0022185690639061396,0.015949226145611364,0.0,0.019535670762607,0.000977533063564734,0.015751250157238463,0.15,0.0,0.0016261993226752165,0.0,0.0,0.0,0.0,0.0,0.029954112429329233,0.0,0.0,0.0,0.0,0.0,0.0,0.01716481197391976,0.0,0.0,0.06795546120923385,0.0,0.0,0.0,0.0,0.0,0.0,0.007791955819237227,0.012246761372808362,0.0,0.0,0.0,0.12488366320088068,0.0,0.0,0.0,0.0,0.0,0.0,0.0,0.0,0.0,0.08384371608147079,0.0,0.009951160400893163,0.07098454627076088,0.0,0.0,0.059780685420821135,1.8101512303064997e-09,0.0,0.0,0.01928761052180193,0.0,0.15,0.0,0.0,0.0,0.00021406776498647325,0.0,0.0,0.0,0.0,0.0,0.0,0.0,0.0,0.0,0.0,0.09250106677245323,0.0
2005-02-28,0.0,0.0,0.0,0.005377947538092466,0.0,0.0,1.8529112161824498e-09,0.0,0.0,0.0,0.0,0.03435102770071892,0.01845831908758084,0.0,0.0,0.011381866943030897,0.019070737820577353,0.0,0.0,0.0,0.0,0.0,0.0,0.029620187001429862,0.0,0.0,0.0,0.005437619591678234,0.15,0.0,0.0019677823309675923,0.0,0.0,0.05936366793891103,0.0,0.0,0.042372783128306106,0.0,0.0,0.02886989301505806,0.0,0.0,0.0,0.03917806141374323,0.0,0.0,0.08268350208797838,0.0,0.0,0.0,0.0,0.0,0.0,0.0,0.0,0.0,0.0,0.0,0.04382469384276608,0.0,0.0,0.0,0.0,0.0,0.0,0.0,0.0,0.0,0.05354504003431062,0.0,0.02213087428559112,0.06430018904523006,0.0,0.0,0.13118909712306465,0.03406809760247036,0.0,0.0,0.023530092083163204,0.004590187687921709,0.03430101840647036,0.0,0.0,0.0,0.0,0.0,0.0,0.0,0.0,0.0,0.0,0.0,0.0,0.0,0.0,0.06038731243802756,0.0
2005-03-31,0.0005940664281539157,0.0,0.006723032240949065,0.013606751899564408,0.0,0.0,0.0,0.0,0.0,0.0,0.0,0.02631280109660515,0.023010460920754365,0.0,0.0,0.018446908235320962,0.013230186986815691,0.045968149506488455,0.0,0.0,0.0,0.0,0.0,0.049922655562984204,0.0,0.0,0.0,0.0,0.15,0.0,0.0,0.0,0.0,0.09571763853151942,0.0,0.0,0.033619430620451925,0.0,0.0,0.0,0.0,0.012275003631023242,0.0,0.017034612558974635,0.0,0.0,0.029965899123672902,0.0,0.0,0.0,0.0,0.0,0.0,0.0,0.0,0.0,0.0,0.0,0.0,0.0,0.0,0.0,0.0,0.0,0.0,0.0,0.0,0.0,0.08664188220424107,2.0746499904843062e-09,0.03356414683421906,0.05630237416501134,0.0,0.0,0.13985308371171273,0.009784866775886858,0.0,0.0,0.02091286722348907,0.006537474360108289,0.025051977116816275,0.0,0.0,0.0,0.0,0.0,0.0,0.0,0.0,0.0,0.0,0.0,0.0,0.0,0.0,0.08492372819058697,0.0
2005-04-30,0.0,0.0,0.005863029666956858,0.0419005664642989,0.006074931388463988,0.0,0.007725101346839119,0.0,0.0,0.0,0.0,0.03480147769731096,0.02066901621840014,0.0,0.0,0.012667224099133926,0.0,0.011782723669795856,0.0,0.0,0.0,0.0,0.0,0.051221034069729054,0.0,0.0,0.0,0.0,0.15,0.0,0.0,0.0,0.0,0.0908115408829927,0.0,0.0,0.053882888134928544,0.0,0.0,0.0,0.0,0.02580883077177436,0.0,0.02819656791922752,0.009679263815640759,0.0,0.0,0.0,0.0,0.0,0.0,0.0,0.0,0.0,0.0,0.0,0.0,0.0,0.0,0.0,0.0,0.0,0.0,0.0,0.0,0.0,0.0,0.017024218598011457,0.06473781866733375,0.0,0.021929013515692316,0.04749659158718041,0.0,0.010288466956903511,0.15,0.02312608209388942,0.0,0.0,1.9986752946052196e-09,0.03715266312302492,0.0,0.0,0.0,0.0,0.0,0.0,0.0,0.0,0.0,0.0,0.0,0.0,0.0,0.0,0.0,0.07716094731379608,0.0
2005-05-31,0.022502272600953218,0.0,0.040872807447307646,0.09190229810234986,0.04017952625973409,0.0,0.01123500464646557,0.0,0.0,0.0,0.0,0.024953966927314577,0.03508406024963524,0.0,0.0,0.04139010316674895,0.01355744490680287,0.09270922430856726,0.0,0.0,0.0,0.0,0.018285342598278548,0.0,0.0,0.0,0.0,0.0,0.0,0.0,0.008288524101265467,0.0,0.03219880858191906,0.15,0.0,0.0,0.07058158609813954,0.0,0.0,0.0,0.0,0.013095159381915434,0.0,0.051177685456513876,0.060076287665946616,0.0,0.0,0.0,0.0,0.0,0.0,0.0,0.0,4.602268490652587e-09,0.0,0.0,0.0,0.0,0.0,0.0,0.0,0.0,0.0,0.0,0.0,0.0,0.0,0.037345254904108456,0.0,0.0,0.001974170065008773,0.015525937102217299,0.0,0.0,0.05971161513439832,0.0,0.0,0.0,0.0,0.0,0.0,0.0,0.0,0.0,0.0,0.0,0.0,0.0,0.0,0.0,0.0,0.0,0.0,0.0,0.013271727959662251,0.054081187732478594,0.0
2005-06-30,3.42584538120086e-09,0.0,0.05078289991692612,0.10049597261534404,0.05164109658720619,0.0,0.02532104401822848,0.019858608636505702,0.0,0.0,0.0,0.03756917756600389,0.08885661010222383,0.0024227107242597674,0.0,0.031102146882873848,0.02712365690204081,0.04130986009075452,0.0,0.0,0.0,0.0,0.01950596352272677,0.008835463420111997,0.0,0.0,0.0,0.0,0.0,0.0,0.0,0.0,0.01585671832317351,0.13995377260004319,0.0,0.0,0.09159664716338,0.0,0.0,0.0,0.0,0.05748462333929732,0.0,0.03970893384028338,0.08798399424229676,0.0,0.0,0.0,0.0,0.0,0.0,0.0,0.0,0.0,0.0,0.0,0.0,0.0,0.0,0.0,0.0,0.0,0.0,0.0,0.0,0.0,0.0,0.0,0.0,0.0,0.0,0.0,0.0,0.0,0.008707805733109098,0.0,0.0,0.0,0.0,0.0,0.0,0.0,0.0,0.0,0.0,0.0,0.0,0.0,0.01393669214912028,0.0,0.0,0.0,0.0,0.0004024405955808971,0.013043705663766671,0.026499451938897346,0.0
2005-07-31,0.0,0.0,0.021309308445654877,0.09249395419837357,0.0407852167659504,0.0,0.020644337396744976,0.004940909349144231,0.0,0.0,0.0,0.04477349357529472,0.12578601278237042,0.08011771580332588,0.0,0.04820974740284852,0.028894825580207475,0.021440325806930397,0.0,0.0,0.0,0.0,0.05649690291400074,0.0,0.0,0.005301307005939369,0.0,0.0,0.0,0.0,0.0,0.0,0.0,0.09087327095220514,0.0,0.0,0.09707090431109587,0.0,0.0,2.555755963106456e-09,0.004678351399033874,0.030590389184588247,0.0,0.018838943220177075,0.06798255535817228,0.0,0.0,0.008542467178596951,0.0,0.0,0.0,0.0,0.0,0.019638304689805597,0.0,0.0,0.0,0.0,0.0,0.0,0.0,0.0,0.0,0.0,0.0,0.0,0.0,0.0,0.0,0.0,0.0,0.0,0.0,0.0,0.0,0.0,0.0,0.0,0.0,0.0,0.0,0.0,0.0,0.0,0.0,0.0,0.0,0.0,0.00518948491268262,0.0,0.0,0.0,0.0,0.0,0.030372709641893755,0.035028559569206856,0.0
2005-08-31,0.0,0.0,4.253319393200719e-09,0.0858558136263443,0.0168492753117561,0.0,0.02610202541842884,0.0,0.0,0.0,0.0,0.04224198229767119,0.13833341416087566,0.048681825285346605,0.0,0.017018346227854995,0.0,0.0,0.0,0.0,0.0,0.0,0.046974355577490384,0.0,0.0,0.030997717472960498,0.0053299131968702765,0.013612834932793746,0.0,0.0,0.0,0.0,0.04119234582669476,0.009624448102344923,0.0,0.0,0.045169025758629716,0.0,0.0,0.05990188675216661,0.024540383242446933,0.00568573496054272,0.0,0.12256571317684517,0.07487304857556866,0.0,0.0,0.0,0.0,0.0,0.0,0.0,0.0,0.0,0.0,0.0,0.0,0.0,0.0031870698735123756,0.0,0.0,0.0,0.0,0.0,0.0,0.0,0.0,0.0,0.0,0.0,0.0,0.0,0.0,0.0,0.0,0.0,0.0,0.0,0.0,0.019728796609546295,0.0,0.0,0.0,0.0,0.0,0.0,0.0,0.0,0.03574611780394218,0.0,0.0,0.0,0.0,0.033437131526238346,0.05235079002980937,0.0,0.0
2005-09-30,0.0,0.0,0.006406039136304299,0.0251863224002353,0.0,0.0,0.01597956936818638,0.0,0.0,0.0,0.0,0.047190354213050636,0.13131603417529325,0.06644861524708605,0.0,0.03240279586462496,0.05702359633948925,0.013062132964846415,0.0,0.0,0.0,0.0,0.07174008930158181,0.0,0.0,0.0,0.0,0.0,2.4962245640175843e-09,0.0,0.0,0.0,0.008563434291503066,0.06162356920154894,0.0,0.0,0.07599210432236916,0.0,0.004100132852511717,0.05742062509371049,0.028927892343997508,0.041008335249111856,0.00030191342747973695,0.07276291029448616,0.03792219343100167,0.0,0.08079408300827685,0.0,0.0,0.0,0.0,0.0,0.0,0.024738653186518793,0.0,0.0,0.0,0.0,0.0,0.0,0.0,0.0,0.0,0.0,0.0,0.0,0.0,0.0,0.0,0.0,0.0,0.0,0.0,0.0,0.0,0.0,0.0,0.0,0.0,0.0,0.0,0.0,0.0,0.0,0.0,0.0,0.0,0.0,0.0,0.0,0.0,0.0,0.0,0.01628803075921799,0.022800571031343003,0.0,0.0
2005-10-31,0.0,0.0,0.0,0.034358636275959586,0.0,0.0,0.022288638630406296,0.0,0.0,0.0,0.0,0.09336520611395836,0.092581477642966,0.050340579162012115,0.0,0.048668611528478095,0.07041277288420433,0.0,0.0,0.0,0.0,0.0,0.01249705378405653,0.012420660939235008,0.0,0.0,0.0,0.0,0.015228487283636228,0.0,0.0,0.0,0.0,0.05234917712059642,0.0,0.0,0.10300277136567228,0.0,0.0,0.05267562624329529,0.0,0.05267832169809325,0.0,0.03438468205234992,0.018945131591795682,0.0,0.08124157888177265,0.0,0.0,0.0,0.0,0.0,0.0,0.0007874061286711804,0.0019577439270544745,0.0,0.07318627000091593,0.009548112966731066,0.0,0.0,0.0,0.0,0.0,0.0,0.0,0.0,2.3028772800538314e-09,0.0,0.0,0.0,0.0,0.04616017499878413,0.0,0.0,0.018751048654645375,0.0,0.0,0.0,0.0,0.0,0.0,0.0,0.0,0.0,0.0,0.0,0.0,0.0,0.0,0.0,0.0,0.0,0.0,0.0,0.002169827821832346,0.0,0.0
2005-11-30,0.0,0.0,0.0,0.029594426559780743,0.0,0.0,0.011305891442906243,0.0,0.0,0.0,0.0,0.014941529908423038,0.05451339761692349,0.031417680703376825,0.0,0.0,0.03652861537096125,0.0,0.0,0.0,0.0,0.0,0.0,0.0,0.0,0.0,0.0,0.0,0.0,0.0,0.0,0.0,0.0,0.10740551111245993,0.0,0.0,0.09727579135914757,0.0,0.01827196424075509,0.04088094951080392,0.0,0.04201297994431221,0.0,0.019592361478059893,0.0,0.0,0.15,0.0,0.0,0.0,0.0,0.0,0.0,0.010629938048252999,0.007066818088559007,0.0,0.03214524488274682,0.0,0.005535868433608178,0.0,0.0,0.0,0.0,0.0,0.0,0.0,0.06172183281964786,0.0,4.443045072184055e-09,0.0010202466989823254,0.0,0.06899534737968258,0.0,0.0,0.044792671026264344,0.0,0.0,0.08477423554418981,0.0,0.028068277982055134,0.0,0.0,0.0,0.0,0.0,0.0,0.0,0.0,0.0,0.0,0.0,0.0,0.0,0.0,0.001508415405055667,0.0,0.0
2005-12-31,0.0,0.0,0.0,0.004177157355248896,0.0,0.0,0.0,0.0,0.0,0.0,0.0,0.0,2.756068598751416e-09,0.0,0.0,0.0,0.018818224623055383,0.0,0.0,0.0,0.0,0.0,0.0,0.0,0.0,0.0,0.0,0.0,0.0,0.0,0.0,0.0,0.0,0.0,0.0,0.0,0.015366891320522129,0.0,0.0038704114802820765,0.023937855839684212,0.0,0.007034529427266868,0.009826511624459612,0.0,0.0,0.0,0.15,0.0,0.0,0.0,0.0,0.0,0.0,0.013629226037888733,0.0,0.0,0.044216466600006554,0.02065375785236175,0.0,0.0,0.00947046542994852,0.0,0.0,0.0,0.0,0.0,0.048122144665759405,0.08575050875722023,0.03178932197982701,0.027740793931385378,0.0,0.07097607271284902,0.0,0.0,0.11253828411612671,0.06365111094424664,0.020821174352017306,0.13619969276614358,0.006111227524805276,0.0684942905801393,0.0,0.0,0.0,0.0,0.0,0.0,0.0,0.0,0.0,0.0,0.0,0.0,0.0,0.0,0.0,0.0068038773226867175,0.0
2006-01-31,0.0,0.0,0.0,1.6493677677643186e-09,0.0,0.0,0.0,0.0,0.0,0.0,0.0,0.0,0.0,0.015122425253910287,0.0,0.0,0.025432221325482184,0.0,0.0,0.0,0.0,0.0,0.0,0.0,0.0,0.0,0.0,0.0,0.0,0.0,0.0,0.0,0.0,0.007876453486731499,0.0,0.0,0.009910001928764955,0.0,0.0,0.0,0.0,0.0,0.0,0.0,0.0,0.0,0.13731071677097226,0.0,0.03745070343081631,0.0,0.06853110125733383,0.09799614184772636,0.0,0.1008994591895858,0.07533519905883206,0.04016800382675011,0.06431569234936943,0.07282663796401037,0.052637755495468806,0.0,0.0,0.0,0.0,0.0,0.0,0.0,0.027881881859572834,0.02862787052949561,0.033969160449188004,0.03152552150445296,0.0,0.013920887761062265,0.0,0.0,0.0037355260149328265,0.0036054992876811344,0.0,0.01836831975549423,0.0,0.007562835848152099,0.0,0.0,0.0,0.0,0.0,0.0,0.0,0.0,0.0,0.0,0.0,0.0,0.0,0.0,0.0,0.024989982154846,0.0
2006-02-28,0.0,0.0,0.0,0.0,0.0,0.0,0.0,0.0,0.0,0.0,0.0,0.0,0.0,0.0,0.0,0.0,0.007057037731595977,0.0,0.0,0.0,0.0,0.0,0.0,0.0,0.0,0.0,0.0,0.0,0.0,0.0,0.0,0.0,0.0,0.0,0.0,0.0,0.0,0.0,0.0005629106516436349,0.0,0.0,0.0,0.0,0.0,0.0,0.0,0.09792372163841537,0.0,0.012959575577830451,0.0,0.058268989928832435,0.10518027090612456,0.0,0.02354214733192557,0.05106529309460741,0.03595506882220772,0.14506792394788337,0.08535219333320136,0.13392629552997976,0.0,0.010167896597020954,0.0003245995201381085,0.0,0.0,0.0,0.0,0.013414451676749015,0.05210936360989422,0.028454320457700463,0.0,0.0,0.005377268856755477,0.0,0.0,0.00589242369197125,0.005229081960930828,1.4801689031423122e-09,0.026317616691495925,0.02203052194317869,0.06005587000179553,0.0,0.0,0.0,0.0,0.0,0.0,0.0,0.0,0.0,0.0,0.0,0.0,0.0,0.0,0.0,0.013765155017952965,0.0
2006-03-31,0.0,0.0,0.0,0.0,0.0,0.0,0.0,0.0,0.0,0.0,0.0,0.0,0.0016089757263273404,0.006654884762282516,0.0,0.0,0.007247441733902593,0.0,0.0,0.0,0.0,0.0,0.0,0.0,0.0,0.0,0.0,0.0,0.0,0.0,0.0,0.0,0.0,0.0,0.0,0.0,0.0,0.0,0.031098190433166403,0.0,0.0,0.0,0.0,0.0,0.0,0.0,0.006991351754805429,0.0,0.0,0.0,0.09824464164771561,0.12334621586916236,0.0,0.0,0.0,1.841665009157387e-09,0.01454593187241534,0.06079833259907744,0.13320135376407838,0.0,0.010025265851003112,0.0,0.020236503949512985,0.0,0.0,0.0,0.0,0.05848303054910761,0.03320604781254799,0.0,0.0,0.0,0.0025765360980578213,0.07060463585571798,0.0,0.05030508468892913,0.029209187409605066,0.06613922839282943,0.042779664824998564,0.08018050087355419,0.0,0.0,0.0,0.0,0.0,0.0,0.0,0.008522552389387279,0.0,0.0,0.0,0.0,0.0,0.0,0.009145714589430164,0.034848724710720376,0.0
2006-04-30,0.0,0.0,0.0,0.0,0.0,0.0,0.0,0.0,0.0,0.0,0.0,0.0,0.0,0.00627005188273315,0.0,0.0,0.0,0.0,0.0,0.0,0.0,0.0,0.0,0.0,0.0,0.0,0.0,0.0,0.0,0.0,0.0,0.0,0.0,0.0,0.0,0.0,0.0,0.0,0.001639880114491404,0.0,0.0,0.0,0.0021884303947357483,0.0,0.0,0.0,0.0,0.0,0.0,0.0,0.10294221067375589,0.12057031871440124,0.0,0.022857570687186187,0.02181490322683732,1.2184666002925645e-09,0.016175267382872036,0.03390806938320005,0.08771800774904896,0.0,0.025785529073582007,0.0700080055940803,0.0430346042388292,0.0,0.0,0.0,0.0,0.03002880796131599,0.01904028463238322,0.0013455715655962968,0.0,0.0,0.0,0.11552489902603927,0.0,0.047479042053400776,0.05568049758205993,0.03226223068304986,0.02279811056910073,0.09188299056914458,0.014130293898380806,0.0,0.0,0.0,0.0,0.0,0.0,0.0,0.0,0.0,0.0,0.0,0.0,0.0,0.0,0.014914421125308523,0.0
2006-05-31,0.0,0.0,0.0,0.0,0.0,0.0,0.0,0.0,0.0,0.0,0.0,0.0,0.0,0.016738012463419057,0.0,0.0,0.015208204530287848,0.0,0.0,0.0,0.0,0.0,0.015344186891665477,0.0,0.0,0.0,0.0,0.0,0.0,0.0,0.0,0.0,0.0,0.0,0.0,0.0,0.0,0.0,0.008975213916569877,0.0,0.0038615936214659377,0.0,0.0,0.0,0.0,0.0,0.0,0.0,0.0,0.0,0.15,0.09639018029328203,0.0,0.0,0.03195286422094667,0.0,0.00122187116096997,0.04185349134158144,0.12914555037225234,0.0,0.0,0.0587534727065347,0.03126921388324021,0.0,0.0,0.0,0.0,0.03007606963625245,0.014434094025245741,0.0034966645903586513,0.006266612544069889,0.0,0.0,0.08897187377950688,0.0,0.034770137237164,0.05672541893714774,1.3201313620589122e-09,0.05744074231223145,0.096332111747948,0.0,0.0,0.0,0.0,0.0,0.0,0.0,0.0,0.0,0.0,0.0,0.0,0.0,0.0,0.004498061788403255,0.006274356679325065,0.0
2006-06-30,0.0,0.0,0.0,0.0,2.3155590423115294e-09,0.0,0.0,0.0,0.0,0.0,0.0,0.0,0.0,0.00967023749785909,0.0,0.0,0.0007116307986423704,0.0,0.0,0.0,0.0,0.0,0.018252997176178072,0.0,0.0,0.00933582583088718,0.0,0.0,0.0,0.0,0.0,0.0,0.0047947134595644845,0.0,0.0,0.0,0.040274198645098576,0.0,0.024850087261247437,0.0,0.04147156207893544,0.0,0.07168410078623794,0.0,0.0,0.0,0.0,0.0,0.0,0.0,0.10299671384380137,0.06693638561610304,0.0,0.0,0.0,0.0,0.0,0.0,0.058951791849129444,0.0,0.0,0.023020619992644847,0.0,0.0,0.0,0.0,0.0,0.02420706509084317,0.0,0.001470118347735239,0.014427100759645187,0.0,0.0,0.07958069024729537,0.0,0.07873266200617332,0.09182131567799671,0.017761770341615427,0.08001828526554669,0.12136064174501304,0.002706528346321441,0.0,0.0,0.0,0.0,0.0,0.0,0.0,0.0,0.0,0.0,0.0,0.0,0.0,0.0,0.01496295501992595,0.0
2006-07-31,0.0,0.005662728857657606,0.0,0.0,0.0038270187564110793,0.0,0.0,0.0,0.0,0.0,0.0,0.004677022708182262,0.0,0.0,0.0,0.0007756462897348681,0.0,0.0,0.0,0.0,0.0,0.0,0.007962652004929417,0.0,0.0,0.062086047740146734,0.0,0.0,0.0,0.0,0.0,0.0,0.003505461971608948,0.0077204839330651046,0.0,0.0,0.09849303637381115,0.0,0.0,0.0,0.004865284833208279,0.0,0.09384426435049738,0.0,0.0,0.0,0.0,0.0,0.0,0.0,0.1118488443157948,0.060298212222291814,0.0,0.0,0.0,0.0,0.0,0.0,0.0,0.0,0.0,0.0,0.0,0.0,0.0,0.0,0.0,0.014535936212905042,0.0,0.0026178443582428484,0.020365830964811867,0.0,0.0,1.6609715115490847e-05,0.0,0.09667287823425802,0.13975407283175825,0.0,0.08543746528386988,0.10787709590034762,0.0,0.0,0.0,3.6856964890396674e-09,0.0,0.0,0.0,0.0,0.037129740297199634,0.0,0.0,0.0,0.0,0.017817439517208877,0.012208378641246513,0.0,0.0
2006-08-31,0.005007897023634085,0.016562141439416787,0.0015597296387102868,0.0,0.021288510969703158,0.0,0.0,0.0,0.0,0.0,0.0,0.07405723983508665,0.0,0.0,0.0,0.0,0.0,0.0,0.0,0.019345304370901976,0.0,4.133640774397872e-09,0.032215288755682435,0.0,0.0,0.04279803703067937,0.0,0.0,0.0,0.029591714219134455,0.0011527069075319902,0.0,0.0,0.04984405908100807,0.0,0.0,0.15,0.0,0.012485331772916115,0.0,0.018096244670592822,0.0,0.08620007680562075,0.0,0.0,0.0,0.0,0.0,0.0,0.0,0.10799626003153388,0.02531224494513377,0.0,0.0,0.05129513977777134,0.0,0.0,0.0,0.0,0.0,0.0,0.0,0.0,0.0,0.0,0.0,0.0,0.055940375560908716,0.0,0.0,0.019075052174337574,0.0,0.0,0.0,0.0,0.050294236027137056,0.05611999109789253,0.0,0.018143037093854994,0.05561937663717041,0.0,0.0,0.0,0.0,0.0,0.0,0.0,0.0,0.0,0.0,0.0,0.0,0.0,0.0,0.0,0.0,0.0
2006-09-30,0.036624661897013605,0.039683823742252,0.0,0.0,0.02829020703507988,0.0,0.0,0.0,0.0,0.0,0.0,0.0405173623833458,0.0,0.0,0.0,0.005580111959525654,0.0015812778922870596,0.0,0.0,0.03886343839938521,0.0,0.013816330500441237,0.0,0.05413062982269805,0.0,0.07624642321858613,0.042132254124085756,0.054571394237863634,0.0,0.04576104405261754,0.036636628858199696,0.0,0.005447189078532907,0.0,0.0,0.0,0.09067114519423473,0.0,0.0,0.0,4.650946735951849e-09,0.0,0.04858052609304901,0.0,0.0,0.0,0.0,0.0,0.0,0.0,0.0910702068085184,0.0,0.0,0.0,0.11105625285714855,0.0,0.0,0.0,0.0,0.0,0.0,0.0,0.0,0.0,0.0,0.0,0.0,0.047224149936464586,0.0,0.0,0.005829996987717549,0.0,0.0,0.0,0.0,0.0,0.0,0.0,0.0,0.0,0.0,0.0,0.0008256157255114632,0.0,0.0,0.0,0.0,0.0,0.0,0.04082616820021197,0.0,0.0,0.0,0.0,0.0,0.04403315634428276,0.0
2006-10-31,0.05109402939953924,0.05343042977400929,0.0,0.0,0.003863927866702551,0.0,0.04406510302599352,0.0,0.0,0.0,0.0,0.0012554104147461586,0.0,0.0,0.0,0.0,0.0,0.0,0.0,0.019795148405523783,0.0,0.02494114009493347,0.0,0.059371445974168616,0.0,0.08036468426274025,0.05408807511496452,0.06078700627372537,0.0,0.09172868379406236,0.06041390120124659,0.0,0.057384454796327984,0.0,0.0,0.0,0.07051574992973396,0.0,0.0,0.0,0.0,0.0,0.018333749622555975,0.0,0.0,0.0,0.0,0.0,0.0,0.0,0.0,0.0,0.0,0.0,0.03220067030086795,0.0,0.0,0.0,0.0,0.0,0.0,0.0,0.0,0.0,0.0,0.0,0.0,0.016515872226470142,0.0,0.0,0.0,0.0,0.0,0.0,0.0,0.0,0.0,0.0,0.0,0.0,3.633495836806595e-09,0.0,0.04721228281541927,0.01652225323972498,0.016438408135482033,0.0,0.0,0.0,0.029211464874780598,0.0702164956300033,0.0,0.02024960919278221,0.0,0.0,0.0,0.0,0.0
2006-11-30,0.04463987066219113,0.021872955492209394,0.0,0.0,0.0,0.0,0.04054009355468929,0.0,0.0,0.0,0.0,0.0,0.0,0.0,0.0,0.0,0.0,0.03310288830195641,0.0,0.0,0.0,0.0,0.0,5.031682988855779e-09,0.0,0.08569691631119893,0.0,0.0,0.0,0.009390111320711648,0.019238864614565178,0.0,0.0,0.0,0.0,0.0,0.02789060991040809,0.0,0.0,0.0,0.0,0.0,0.0,0.0,0.0,0.0,0.0,0.0,0.0,0.0,0.00953037018983272,0.07380601560598625,0.0,0.0,0.056263843886335096,0.0,0.0,0.0,0.0,0.0,0.03144505704600507,0.05184377964065109,0.0,0.0,0.0,0.0,0.01846543469225249,0.07182798377185545,0.031716698464454456,0.0,0.0,0.007481565434185018,0.0,0.0,0.03100205514535092,0.023741935384960434,0.0,0.0,0.0,0.07546959602726289,0.10890620326300116,0.0,0.03228233259912027,0.0,0.0,0.0,0.0,0.0,0.0,0.057266724572398245,0.0,0.03657808907673545,0.0,0.0,0.0,0.0,0.0
2006-12-31,0.042981580486587435,0.009473257092992973,0.0,0.0,0.0,0.0,0.023470545440320234,0.0,0.0,0.0,0.0,0.0,0.0,0.0,0.0,0.0,0.0,0.01441766426301742,0.0,0.0,0.0,0.0,0.0,0.013422504713963392,0.0,0.054595004402758156,0.014509566393463763,0.004709661503573201,0.0,0.0,0.005753287958706665,0.0,0.013731152466873528,0.0,0.0,0.0,0.0,0.0,0.0,0.0,0.0,0.0,0.0,0.0,0.0,0.0,0.0,0.0,0.0,0.0,0.07007588978175218,0.03632112484366943,0.0,0.0,0.0,0.0,0.0,0.0,0.0,0.0,0.11775696538462307,0.06991952696900121,0.0,0.0,0.0,0.0,0.0014484400405985595,0.0526399720596977,0.039182975924555094,0.0,0.0,0.002900366292360576,0.0,0.014651787207497225,0.023733016166628276,0.0,0.0,0.0,0.0,0.05702639969710478,0.083378596028118,0.0,4.1854929278052485e-09,0.0,0.0,0.0,0.0,0.0,0.0,0.0839007106966441,0.0,0.15,0.0,0.0,0.0,0.0,0.0
2007-01-31,0.0005563078203503705,0.0,0.0,0.0,0.0,0.0,0.0,0.0,0.0,0.0,0.0,0.0,0.0,0.0,0.0,0.0,0.0016669810881633242,0.0,0.0,0.0,0.0,0.0,0.0,0.0,0.0,0.00861604011887057,0.004618295808062469,0.0,0.0,0.021691284646706006,0.0,0.0,0.0016223213641633897,0.0,0.0,0.0,0.0,0.0,0.0,0.0,0.0,0.0,0.0,0.0,0.0,0.0,0.0,0.0,0.0,0.0,0.003880387001849721,0.0,0.0,0.023679126095556963,0.0,0.0,0.0,0.0,0.0,0.0,0.057501517863192915,0.09689184857439212,0.0,0.0,0.0,0.0,0.0,0.002062915146343916,3.0596244291372526e-09,0.0,0.0,0.04787121546443995,0.0,0.09386725094533327,0.06317406485360036,0.0,0.0,0.0,0.0,0.08691191961581596,0.031103578756504633,0.0,0.0,0.0,0.011077733633167263,0.0,0.0,0.06444558398284747,0.03297370497318429,0.06785698293695136,0.0,0.13638657086606792,0.027275247098037598,0.06562579558347247,0.048643322703301184,0.0,0.0
2007-02-28,0.0,1.9193672884670928e-09,0.0,0.0,0.0,0.0,0.0,0.0,0.0,0.0,0.0,0.0,0.0,0.0,0.0,0.0,0.0,0.0,0.0,0.0,0.0,0.0,0.0,0.0,0.0,0.0,0.0,0.0,0.0,0.012611345112230337,0.00021554513494912125,0.0,0.01287641032739128,0.0,0.0,0.0,0.0026514340299136152,0.0,0.0,0.0,0.0,0.0,0.0,0.0,0.0,0.0,0.03246231429920222,0.0,0.0,0.0,0.0,0.0,0.0,0.0,0.0,0.0,0.0,0.0,0.0,0.0,0.021559751866361394,0.0,0.0,0.0,0.0,0.0,0.0,0.0479040032917453,0.0,0.0,0.0,0.08827855783373488,0.0013999805195898077,0.03321774636428742,0.06964513244368017,0.040567721205119665,0.06932606354798047,0.025437571867276087,0.016187771159555643,0.12858853105803708,0.049544846198398634,0.0,0.0,0.0,0.0,0.0,0.0,0.0547111496175578,0.026924724081000863,0.01660282622753658,0.0,0.15,0.017479913054651054,0.03086710951683485,0.05093954932359839,0.0,0.0
2007-03-31,0.0,0.0,0.0,0.0,0.0,0.0,0.0,0.0,0.0,0.0,0.0,0.0,0.0,0.0,0.0,0.0,0.0,0.0,0.0,0.0,0.0,0.0,0.0,0.0,0.0,0.0,0.0,0.0,0.0,0.0,0.0,0.0,0.008517664252594618,0.0,0.0,0.0,0.015557679882796473,0.0,0.0,0.0,0.0,1.6793254649634938e-09,0.005968659503315101,0.0,0.0,0.0,0.006893430466190626,0.0,0.0,0.0,0.013220987742268443,0.0,0.0,0.005968811170254527,0.0,0.0,0.0,0.0,0.0,0.0,0.058259840759320614,0.02524195980958727,0.0,0.0,0.0,0.0,0.0,0.07023077389711024,0.0,0.0,0.0,0.06880047038523708,0.003475113210547202,0.027479604652273733,0.049717917916510763,0.00906279877683393,0.0526533573269376,0.0392015961777607,0.0,0.07696366102761774,0.04851462331400376,0.0,0.0,0.0,0.0,0.0,0.0,0.06941991836097938,0.0,0.05305227082753933,0.0,0.15,0.03889771196813121,0.052692166919688914,0.05020897997317521,0.0,0.0
2007-04-30,0.0,0.0,0.0,0.0,0.0,0.0,0.0,0.0,0.0,0.0,0.0,0.0,0.0,0.0,0.0,0.0,0.0,0.0,0.0,0.0,0.0,0.0,0.0,0.0,0.0,0.0,0.0,0.0,0.0016466853367049735,0.022760821168708277,2.2026020644029268e-09,0.0,0.017258603915865842,0.013415603566740856,0.0,0.0,0.016469076620145368,0.0,0.0,0.0,0.0,0.0246425410463528,0.0,0.020966445454206332,0.0,0.0,0.0,0.0,0.0,0.0,0.0,0.0,0.0,0.0,0.0,0.0,0.0,0.0,0.0,0.0,0.03507745163473467,0.047503777618570386,0.0,0.0,0.0,0.0,0.0,0.06476761617643816,0.0,0.0,0.0,0.061226961981174284,0.003274661872010309,0.00627470554361744,0.07607555288485573,0.0,0.06015548321448764,0.05236800856110412,0.0,0.040273838578856545,0.016129909938480798,0.0,0.0,0.0,0.0,0.0,0.0,0.07108514845073696,0.0,0.05464894841903935,0.0,0.15,0.004447192207790712,0.058469090245963834,0.08106187336081246,0.0,0.0
2007-05-31,0.0,0.0,0.0,0.0,0.0,0.0,0.0,0.0,0.0,0.0,0.0,0.0,0.0,0.0,0.0,0.0,0.0,0.0,0.0,0.0,0.0,0.0,0.0,0.0,0.0,0.0,0.0,0.0,0.0,0.040174021283177465,0.007084413976792208,0.0,0.007620020093420373,0.02808658624807198,0.0,0.0,0.0066917128197092465,0.0,0.0,0.0,0.0,0.027578793059560257,0.006655404828280003,0.014651679915295304,0.0,0.0,0.0,0.0,0.0,0.0,0.0,0.0,0.0,0.0,0.0,0.0,0.0,0.0,0.0,0.0,0.0,0.02497830465142299,0.0,0.0,0.0,0.0,0.0,0.07879267374586069,0.0,2.2115148410416e-09,0.008572733908643514,0.07160588871656329,0.0,0.0,0.06517709395798257,0.0,0.04933725024295013,0.08789332820995584,0.0,0.016507454303574608,0.03403009394700222,0.0,0.0,0.0,0.0,0.0,0.0,0.07983687758759324,0.0,0.051734895138873374,0.0,0.13149463528207217,0.018500772080211433,0.05499756308945009,0.07084646528275806,0.0171513354192639,0.0
2007-06-30,0.0,0.0,0.0,0.0,0.0,0.0,0.0,0.0,0.0,0.0,0.0,0.014558527310119727,0.0,0.0,0.0,0.0,0.0,0.0,0.0,0.0,0.0,0.0,0.0,0.0,0.0,0.0,0.0,0.0,0.009279917861417958,0.010245617462320434,0.0,0.0,0.0,0.0423265153583207,0.0,0.0,0.020022871608282027,0.0,0.0,0.0,0.0,0.060440046570820305,0.0,0.02531556215066399,0.0,0.0,0.0,0.0,0.0,0.0,0.0,0.0,0.0,0.0,0.0,0.0,0.0,0.0,0.0,0.0,0.0,0.0,0.0,0.0,0.0,0.0,0.03387693734325416,0.10014210459830049,0.0,0.026765460146875638,0.01334948490716778,0.059736765996118865,0.02540142224704298,0.0,0.1254881549248533,0.0,0.039246206861791026,0.0648836760699192,0.004735304647676658,2.2724265524270703e-09,0.036779756913961285,0.0,0.0,0.0,0.0,0.0,0.0,0.030064666508214963,0.0,0.08335942348591605,0.0,0.1064840795903835,0.0,0.014719029045511594,0.05088054335619987,0.001897922762440836,0.0
2007-07-31,0.0,0.0,0.0,0.0,0.0,0.0,0.0,0.0,0.0,0.0,0.0,0.002608617354705652,0.013552322101809363,0.0,0.0,0.012851381048543045,0.0,0.0,0.0,0.0,0.0,0.0,0.0,0.0,0.0,0.0,0.0,0.0,0.032590356524750334,0.01969868678277761,0.0,0.0,0.0,0.023124846638917482,0.0,0.0,0.03567389082176857,0.0,0.017431041597316677,0.0,0.0,0.11730930881945002,2.667258284555394e-09,0.012016619720406458,0.0,0.0,0.0,0.0,0.0,0.0,0.0,0.0,0.0,0.0,0.0,0.0,0.0,0.0,0.0,0.0,0.0,0.0,0.0,0.0,0.010245111374579534,0.0,0.04464632309117775,0.07890419938526234,0.0,0.041097078411602275,0.05121865665517575,0.01187493030292371,0.0,0.0,0.03935238084374702,0.0,0.0,0.020328521506236298,0.0,0.0,0.012978186407939877,0.0,0.0,0.0,0.0,0.0,0.0,0.05334586312012583,0.0,0.15,0.0,0.15,0.0,0.0,0.03468111909219732,0.01447055573132875,0.0
2007-08-31,0.0,0.004667881806334494,0.004050592011930982,0.0,0.001276240368046407,0.0,0.0,0.0,0.0,0.0,0.0,0.007719817945185527,0.03376351679142146,0.010252860354419273,0.0,0.021032686562484127,0.05465637814525145,0.0,0.0,0.0,0.0,0.0,0.0,0.0,0.0,2.636827822954468e-09,0.0,0.0,0.03165930994942351,0.0,0.0,0.0,0.0,0.0,0.0,0.0,0.0,0.0,0.07279070180170738,0.0,0.0,0.1289716219659396,0.04105402390817019,0.0,0.0,0.0,0.0,0.0,0.0,0.0,0.0,0.03497848591081923,0.0,0.0,0.0,0.0,0.0,0.0,0.0,0.0,0.0,0.0,0.0,0.0,0.023063578543620702,0.0,0.10927614018376797,0.10262783971121983,0.00995005854135866,0.030389494381740864,0.06593754083164818,0.056258438759786984,0.0,0.0,0.0,0.0,0.0,0.0,0.0,0.0,0.0,0.0,0.004749631622282103,0.0,0.0,0.0,0.0,0.02094528540257055,0.0,0.06349623209144004,0.0,0.06643163977260252,0.0,0.0,0.0,0.0,0.0
2007-09-30,0.0,0.006646063754448121,0.009030148844475363,0.0,0.0,0.0,0.0,0.0,0.0,0.0,0.0,0.0,0.018112281248968385,0.0,0.0,3.220566976747478e-09,0.026119262677695175,0.0,0.0,0.0020888656179583486,0.0,0.0,0.0,0.0,0.0,0.0,0.0,0.0,0.0,0.0,0.0,0.0,0.0,0.0,0.0,0.0,0.0,0.0,0.07060685079371824,0.0,0.028727455977525553,0.14893556929934448,0.056201216470731064,0.0,0.0,0.0,0.0,0.0,0.0,0.0,0.023167675161085526,0.005609032679049464,0.0,0.0,0.0,0.0,0.0,0.0,0.0,0.0,0.0,0.0,0.0,0.0,0.0,0.0,0.04774669622091566,0.1077955228613958,0.017555255799600593,0.010527110808914594,0.038775863083127304,0.0520045439253296,0.0,0.0,0.0041056690769814734,0.0,0.0,0.0,0.0,0.0,0.026409269055916382,0.0,0.007707403927535589,0.012787191136821165,0.0,0.0,0.0,0.0,0.004180234371491435,0.1266131362329088,0.0,0.14854767775349495,0.0,0.0,0.0,0.0,0.0
2007-10-31,0.0,0.0,0.006894215124215027,0.0,0.005881366809821977,0.0,0.0,1.9727808953113175e-09,0.0,0.0,0.0,0.0,0.005807091998664392,0.0,0.0,0.012618112593111321,0.05182439511983256,0.0,0.0,0.0,0.0,0.0,0.006783113397896271,0.0,0.0,0.0,0.0,0.0,0.0,0.0,0.0,0.0,0.0,0.0,0.0,0.0,0.0,0.0,0.03623386022791184,0.0,0.0,0.09048513687141092,0.07548615011441026,0.0,0.0,0.0,0.0,0.0,0.0,0.0,0.03299031608137781,0.0032459780308260315,0.0,0.0,0.0,0.0,0.0,0.0,0.0,0.0,0.0,0.0,0.0,0.0,0.0,0.0,0.06369037860914319,0.06888439140393741,0.004638893655007131,0.0343330908423699,0.07463140949044884,0.08417440161178062,0.0,0.0,0.005869174669177544,0.0,0.0,0.0,0.0,0.0,0.046987143818952304,0.0,0.012643554644363248,0.008798243133470218,0.0,0.0,0.0,0.0,0.022509614790111633,0.11242873358482802,0.0,0.13216123140415054,0.0,0.0,0.0,0.0,0.0
2007-11-30,0.0,0.0,0.0,0.0,0.003366794370309813,0.0,0.0,0.007766817986120148,0.0,0.0,0.0,0.0,0.0008289816810892915,0.0011159827593200883,0.0,0.0,0.10343037464764872,0.0,0.0,0.0,0.0,0.0,1.8737506034144997e-09,0.0,0.0,0.0,0.0,0.0,0.0,0.0,0.0,0.0,0.0,0.0,0.0,0.0,0.0,0.0,0.0,0.0,0.0,0.056685095041708884,0.06663356849261093,0.0,0.0,0.0,0.0,0.0,0.0016636767224050162,0.0,0.05966652744731424,0.04167982338321437,0.0,0.013041246222626434,0.04251745466173597,0.0,0.0,0.0,0.001003267646640916,0.0,0.0,0.0,0.0,0.0,0.0,0.0,0.047990279467325335,0.06604032329630719,0.0,0.00781913050983931,0.0792649986911756,0.07827811386302953,0.0,0.0,0.0,0.0,0.0,0.0,0.0,0.0,0.01707447409060211,0.0,0.0032831673735121535,0.0032082610087352517,0.0,0.0,0.0,0.0,0.02480812379952771,0.13838647702304388,0.0,0.13444703794040652,0.0,0.0,0.0,0.0,0.0
2007-12-31,0.0,0.0,0.0,0.0,0.005826164881438275,0.0,0.0,2.854639474282338e-09,0.0,0.0,0.0,0.0,0.0,0.0,0.0,0.0,0.1218272288071584,0.0,0.0,0.0,0.0,0.0,0.0,0.0,0.0,0.0,0.0,0.0,0.0,0.0,0.0,0.0,0.0,0.0,0.0,0.0,0.0,0.0,0.0,0.0,0.0,0.0335016528735988,0.060798260928518165,0.0,0.0,0.0,0.0,0.0,0.024253918934726375,0.0,0.03658384361461707,0.02580071859901196,0.0,0.006767818899840348,0.08428167465343757,0.02965243326218039,0.0,0.0,0.0,0.0,0.005009109081316657,0.052335699334574784,0.0,0.0,0.0,0.0,0.0033240678267875117,0.005974312795769444,0.0,0.09958233235254121,0.025524520574533704,0.10554412164444522,0.0,0.0,0.0,0.0,0.004044464874651515,0.0,0.0,0.0,0.0011844821476780882,0.0,0.00014900889049918598,0.013399454054816474,0.0,0.0,0.0,0.0,0.010464959315531019,0.15,0.0,0.09416974879768825,0.0,0.0,0.0,0.0,0.0
2008-01-31,0.0,0.0,0.0,0.02016894957817492,0.04407335736067668,0.0,2.5570838253482166e-09,0.03494460773447924,0.0,0.0,0.0,0.0,0.0,0.002219805993043185,0.0,0.0,0.15,0.0,0.0,0.0,0.0,0.0,0.0,0.0,0.0,0.0,0.0,0.0,0.0,0.0,0.0,0.0,0.0,0.0,0.0,0.0,0.0,0.0,0.0,0.0,0.0,0.007031065784202573,0.011086827579397794,0.011701247884416396,0.0,0.0,0.0,0.0,0.0,0.0,0.02262698594238448,0.010756679669180556,0.0,0.011106861903809178,0.05672881437023156,0.0,0.0,0.0,0.0,0.0,0.01588355923695941,0.0,0.01731429604653374,0.0,0.0,0.0,0.0,0.0,0.0,0.06852169380357168,0.0,0.0368056534430246,0.0,0.0,0.06766361843835222,0.002057726983709659,0.05962991175183213,0.0,0.019689533337278287,0.0,0.02149210684662055,0.0,0.0,0.0,0.0,0.0,0.0,0.0,0.008496693755037263,0.15,0.0,0.15,0.0,0.0,0.0,0.0,0.0
2008-02-29,0.0,0.0,0.0,0.02819842707473965,0.012272093286927396,0.0,1.6988591928705415e-09,0.017495945519076295,0.0,0.0,0.0,0.0005575917597905007,0.0,0.0,0.0,0.0,0.11568782654754647,0.0,0.0,0.0,0.0,0.0,0.0,0.0,0.0,0.0,0.0019568957070245007,0.009946269967231088,0.0,0.0,0.0,0.0,0.0,0.0,0.0,0.0,0.0,0.0,0.0,0.0,0.0,0.0,0.0,0.019985919077380954,0.0,0.0,0.0,0.0,0.02653431019326289,0.0,0.04857888676141814,0.03723899822753549,0.0,0.0,0.11486947298577513,0.0,0.0,0.0,0.029525395433028644,0.0,0.05438006015324527,0.01814849683521257,0.033507738902981164,0.055490590031149596,0.0,0.0,0.0,0.0,0.0,0.059073174155088115,0.0,0.015191553468080161,0.0,0.0,0.03506870773023637,0.0,0.012901337636387282,0.0,0.0,0.0,0.0,0.0,0.0,0.0,0.0,0.0,0.0,0.0,0.008983548149108081,0.15,0.0,0.09440675869891503,0.0,0.0,0.0,0.0,0.0
2008-03-31,0.0,0.0,0.0,0.09309562923927149,0.01677195189921237,0.0,0.02112249775135119,0.028496687238188663,0.0,0.0,0.0,0.02100814553257684,0.0,0.0,0.0,0.005253322169531362,0.07961372622785062,1.74731388522921e-09,0.0,0.0,0.0,0.0,0.0,0.0,0.0,0.0,0.0,0.0045965502363947185,0.0,0.0,0.0,0.0,0.0,0.0,0.0,0.0,0.0,0.0,0.0,0.0,0.0,0.0,0.0,0.04425637744287855,0.0,0.0,0.0,0.0,0.005340571534529346,0.0,0.04644461441769357,0.020908020480073383,0.0,0.0,0.09432368909057193,0.0,0.0,0.0,0.01644870581239673,0.0,0.0468915612706295,0.02956396969305969,0.027266467492486682,0.0330731772437711,0.0,0.0,0.0,0.0,0.0,0.037997431078944086,0.0,0.0,0.0,0.024516643474432925,0.043087324641985204,0.0,0.02357535395030831,0.0,0.0,0.0,0.0,0.0,0.0,0.0,0.0,0.0,0.0,0.0,0.0,0.15,0.0,0.08634758033454767,0.0,0.0,0.0,0.0,0.0
2008-04-30,0.0,0.0,0.0,0.08413132425757495,0.009679670661015495,0.0,0.02397437526373373,0.035411248665144536,0.0,0.0,0.0,0.017147614030446956,0.0,0.0,0.0,0.0,0.010823634160572429,0.012931346975718435,0.0,0.0,0.0,0.0,0.0,0.0,0.0,0.0,0.0,0.0,0.0,0.0,0.0,0.0,0.0,0.0,0.0,0.0,0.0,0.0,0.0,0.0,0.0,0.0,0.0,0.11772990833269942,0.076962805627788,0.0,0.0884554646474853,0.04467736257825349,0.0,0.0,0.04223193031568167,0.0,0.0,0.0,0.024751141995421666,0.0,0.007178193355927228,0.0,0.0,0.0,0.033215533600651846,0.033710152508876254,0.0,0.0,0.0,0.0,0.0,0.0,0.0,0.019866035325130496,0.0,0.0,0.0,0.028105890423183608,0.05861275083022311,0.021072122626680553,0.05599364251781258,2.57740273884136e-09,0.0,0.0,0.0009118211707473215,0.0,0.0,0.0,0.0,0.0,0.0,0.0,0.0,0.11356581385084337,0.0,0.03886021370098478,0.0,0.0,0.0,0.0,0.0
2008-05-31,0.0,0.0,0.0,0.09470882103632218,0.005387423823671032,0.0,0.04672055159590877,0.051551076910150234,0.0,0.0,0.0,0.016721811751135227,0.029230011279192235,2.3596605735929586e-09,0.0,0.004242004040550188,0.021183589186789222,0.009252980327597929,0.0,0.0,0.0,0.0,0.0,0.0,0.0,0.0,0.0,0.0,0.0,0.0,0.0,0.0,0.0,0.0,0.0,0.0,0.0,0.0,0.0,0.01867852826217936,0.0,0.0,0.007358474898212329,0.08954816432941907,0.07580002285060733,0.0,0.0,0.05135916331042829,0.0,0.0,0.029056097981689434,0.0,0.0,0.0,0.0,0.0,0.0,0.0,0.0028589192469891302,0.0,0.0,0.0,0.0,0.0,0.0,0.0,0.0,0.0,0.0,0.0,0.0,0.0,0.0,0.007202213640092758,0.1423095585114902,0.028130046057667033,0.050260146836696926,0.0009843444943878744,0.0,0.0,0.008247866315111723,0.0,0.0,0.0,0.0,0.0,0.0,0.0,0.0,0.14011003753878984,0.0,0.06909814341526113,0.0,0.0,0.0,0.0,0.0
2008-06-30,0.0,0.0,0.0,0.06927462410922576,0.0,0.0,0.021780798157137342,0.0018313568972149017,0.0,0.0,0.0,0.03178117542895857,0.03330443963592578,0.004424700381950023,0.0,0.0,0.0,0.003842907623248753,0.0,0.0,0.0,0.0,0.03115727982633793,0.0,0.0,0.0,0.0,0.0,0.0,0.0,0.0,0.0,0.0,0.0,0.0,0.0,0.0,0.0,0.0,0.014382399595500717,0.0,0.0,0.0074963184825118075,0.11205280018506006,0.13123265013173738,0.0,0.015962037319848653,0.10102601398534915,0.0,0.0,0.017977337869964496,0.0,0.06777691918210312,0.0,0.0,0.0,0.0,0.0,0.0,0.0,0.0,0.0,0.0,0.0,0.0,0.0,0.0,0.0,0.04955632711162582,0.0,0.0,0.0,0.0,0.037602351982285176,0.15,0.009231892812642752,0.0,0.004318359332912469,0.0,0.0,0.015649443971187213,0.0,0.0,0.0,0.0,0.0,0.0,0.0,0.03945995432041413,0.02887790816265102,0.0,3.4942070147732467e-09,0.0,0.0,0.0,0.0,0.0
2008-07-31,0.0,0.0,0.0,0.030889988925791645,1.8222848225322344e-09,0.0,0.015471138878115465,0.023013110266086267,0.0,0.0,0.0,0.010114625942632623,0.04382337562148073,0.0,0.0,0.0,0.0,0.0173067147659521,0.0,0.0,0.0,0.0,0.026592752586245823,0.0,0.0,0.0,0.0,0.0,0.0,0.0,0.0,0.0,0.0,0.0,0.0,0.0,0.0,0.0,0.01768990384393214,0.04965295496127127,0.002565954688707891,0.02541901685401006,0.04794788130647367,0.09117183568485823,0.0965425193653461,0.0,0.0442792188632687,0.0874083706368682,0.0,0.0,0.0,0.0,0.0,0.0,0.0,0.0,0.0,0.0,0.0,0.0,0.0,0.0,0.0,0.0,0.0,0.0,0.0,0.0,0.02697626890674655,0.0,0.0,0.0,0.0,0.0,0.15,0.0,0.030989912356830393,0.04324945898724504,0.0,0.0,0.03117198961672564,0.0,0.0,0.0,0.0,0.0,0.0,0.0,0.02322613277850544,0.04684552876282811,0.0,0.01765134357779299,0.0,0.0,0.0,0.0,0.0
2008-08-31,0.0,0.0,0.0,0.0,0.0,0.0,0.0,0.0,0.0,0.0,0.0,0.0,2.725913623058156e-09,0.003177151025844848,0.0,0.0,0.0,0.057595977861426145,0.0,0.0,0.0,0.0,0.015814093377715967,0.0,0.0,0.0,0.0,0.007556801016574154,0.0,0.0,0.0,0.0,0.0,0.0,0.0,0.0,0.0,0.0,0.03607904832261496,0.03463476070657492,0.052046216490361646,0.05909314378688763,0.012274346504554516,0.07487824908322561,0.0473641324251173,0.0,0.07245641704481744,0.030264044612859888,0.0,0.0,0.0,0.0,0.0,0.025144669735374537,0.0,0.0,0.0,0.0,0.0,0.0,0.0,0.0,0.0,0.0,0.0,0.0,0.0,0.0,0.03195150510637183,0.0,0.0,0.0,0.0,0.0,0.15,0.0,0.012682296726788448,0.02648893633772109,0.0,0.0,0.03126768456245657,0.0,0.036075366715508726,0.0018596827072939524,0.0,0.0,0.0,0.0,0.07438649631685977,0.026608175071833367,0.0,0.080300801735303,0.0,0.0,0.0,0.0,0.0
2008-09-30,0.0,0.0,0.01819407552753402,0.0,0.016166087657609726,0.0,0.0,0.0,0.0,0.0,0.0,0.0,0.06954738390144193,0.0472138242167392,0.0,0.0,0.0,0.03647170585790424,0.0,0.0,0.0,0.0,0.00901532925622037,0.0,0.0,0.0,0.0,0.0,0.0,0.0,0.0,0.0,3.362032532191431e-09,0.0,0.0,0.0,0.0,0.0,0.015899392134080894,0.027287822646593792,0.044256653714175705,0.07484543046068172,0.0,0.060676256446191755,0.016973632161741227,0.0,0.05702691070642476,0.004665368758710411,0.0,0.0,0.0,0.0,0.00605545256380033,0.03882808079122964,0.0,0.0,0.0,0.0,0.0,0.0,0.0,0.0,0.0,0.0,0.0,0.0,0.0,0.0,0.0,0.0,0.010238460027801976,0.0,0.0,0.0,0.15,0.0,0.0,0.0,0.0,0.0,0.0,0.0,0.01025355635359675,0.0,0.0,0.0,0.0,0.0,0.0965150478576924,0.00017280013400740812,0.0,0.14546335757656068,0.0,0.034091398354927284,0.010141969532301202,0.0,0.0
2008-10-31,0.011539575073420778,0.02048298883039746,0.017055568152508378,0.0,0.015066728209077833,0.0,3.232344584634881e-09,0.0,0.0,0.0,0.0,0.004960913662759224,0.00017458186479555297,0.0,0.0,0.0,0.0,0.11294126434923717,0.0,0.0,0.0,0.0,0.0,0.0,0.0,0.0,0.06278550160821826,0.042706047732458514,0.0,0.0,0.010676413565670721,0.0,0.014490808042805413,0.0,0.0,0.0,0.0,0.0,0.0,0.0,0.0,0.0,0.0,0.0,0.0,0.0,0.09802944621784532,0.0,0.023890584469358035,0.0,0.02427209894824981,0.0,0.08135559077115338,0.15,0.015506793919234907,0.0,0.006892639704120288,0.0,0.06572965465545894,0.0,0.0,0.0,0.0,0.0,0.0,0.0,0.0,0.0,0.0,0.0,0.0,0.0,0.0,0.0,0.0,0.0,0.0,0.0,0.0,0.0,0.0,0.0,0.0,0.0,0.0011739179776607378,0.0,0.0,0.0,0.004790500831349661,0.0,0.0,0.0,0.049435768560509276,0.093682593726092,0.0723600158952737,0.0,0.0
2008-11-30,0.08173851277453473,0.05197651302629175,0.0,0.005391761407996291,0.0,0.0,0.030549891628531316,3.6634958153954937e-09,0.0,0.0,0.0,0.0,0.0,0.0,0.0,0.0,0.0,0.1280564039332144,0.0,0.016197477252667583,0.028864173196711074,0.00700955427014874,0.0,0.0,0.0,0.013006365669489768,0.061010837179288485,0.06044737822243922,0.05387386132662416,0.009433317761437993,0.08140366895214855,0.0,0.08689209027635698,0.0,0.0,0.0,0.0,0.0,0.0,0.0,0.0,0.0,0.0,0.0,0.0,0.0,0.03435379731309681,0.0,0.0,0.0,0.0,0.0,0.014038396904931428,0.11927907015108513,0.0,0.0,0.0,0.0,0.009880062536846422,0.0,0.0,0.0,0.0,0.0,0.0,0.0,0.0,0.0,0.0,0.0,0.0,0.0,0.0,0.0,0.0,0.0,0.0,0.0,0.0,0.0,0.0,0.0,0.027390566985422336,0.0,0.02194429515895847,0.0,0.0,0.0,0.0,0.0,0.0,0.0,0.0015779212098833498,0.0344443692578088,0.021239709940590306,0.0,0.0
2008-12-31,0.08894712901510111,0.05712013822935729,0.0,0.0105134011366155,0.0,0.0,0.0,0.0,0.0,0.0,0.0,0.0,0.0,0.0,0.0,2.910946348203627e-09,0.0,0.12558093781109764,0.0,0.016580414138797482,0.031656520520681145,0.006868351380540642,0.0,0.0,0.0,0.0002089804153020944,0.021054213858815323,0.024043968484950336,0.030490140572381277,0.0,0.04036059146893608,0.0,0.0513150666237509,0.0,0.0,0.0,0.0,0.0,0.0,0.0,0.0,0.0,0.0,0.0,0.0,0.0,0.0,0.0,0.009560866506749697,0.0,0.0,0.0,0.0,0.15,0.003665282192660678,0.004916007046399178,0.026639184577098702,0.013944367210520458,0.05187928166710964,0.0,0.0,0.0,0.0,0.0,0.0,0.0,0.0,0.0,0.0,0.0,0.0,0.0,0.0,0.0,0.0,0.0,0.0,0.0,0.0,0.0,0.0,0.0,0.00449850066095397,0.0,0.0,0.0,0.0,0.0,0.0,0.0,0.0,0.0,0.04147484378416465,0.11891810430760577,0.069763705479464,0.0,0.0
2009-01-31,0.0654364260514393,0.0411557802544844,0.0,0.0,0.015812163452691565,0.0,2.123692046492452e-09,0.0,0.0,0.0,0.0,0.0,0.0,0.0,0.0,0.0,0.0,0.0654303509405637,0.0,0.015208523261882028,0.019148369617396303,0.010529854212882071,0.0,0.0,0.0,0.0,0.003943129843161879,0.012000173064754678,0.05210991557227084,0.0,0.003597471997267384,0.0,0.015891155728427333,0.0,0.0,0.0,0.0,0.0,0.0,0.0,0.0,0.0,0.0,0.0,0.0,0.0,0.0,0.0,0.033560735612568934,0.0,0.05182445463556566,0.0,0.02816652074041902,0.14631672437214852,0.06845383972366252,0.03130702881577241,0.0678693131258483,0.03418771129774048,0.05351764626155043,0.0,0.0,0.0,0.0,0.0,0.0,0.0,0.0,0.0,0.0,0.0,0.0,0.0,0.0,0.0,0.0,0.027135395644605598,0.0,0.0,0.0,0.0,0.0,0.0,0.0,0.0,0.0,0.0,0.0,0.0,0.0,0.0,0.0,0.0,0.0,0.08691035225752694,0.05048696139167767,0.0,0.0
2009-02-28,0.05093993619805035,0.024221798061727844,0.0,0.0,0.0,0.0,0.0,0.0,0.0,0.0,0.0,0.0,0.0,0.0,0.0,0.0,0.0,0.046729900609350894,0.0,0.0035489770286563286,0.00988406515143541,0.0027283026279245103,0.0,0.0,0.0,0.0,0.004076616489493611,0.017332714466798165,0.04603626154664791,0.0,0.015666902254444885,0.0,0.02540246575470608,1.9453681291584984e-09,0.0,0.0,0.007773923260516526,0.0,0.0,0.0,0.0,0.0,0.0,0.0,0.0,0.0,0.0,0.0,0.036441384796999245,0.0,0.044179290559855984,0.0,0.0665429456820914,0.13436230947844752,0.0735510594894128,0.0712443377296735,0.1274683123903502,0.08859605266169764,0.0817022432774957,0.0,0.0,0.0,0.0,0.0,0.0,0.0,0.0,0.0,0.0,0.0,0.0,0.0,0.0,0.0,0.0,0.017979896872612453,0.0,0.0,0.0,0.0,0.0,0.0,0.00023011559923193537,0.0,0.0,0.0,0.0,0.0,0.0,0.0,0.0,0.0,0.0,0.0,0.003360186067011147,0.0,0.0
2009-03-31,0.025939871742358643,1.9283767785518434e-09,0.0,0.0,0.0,0.0,0.0,0.0,0.0,0.0,0.0,0.0,0.0,0.0,0.0,0.0,0.0,0.0,0.0,0.003472189628303885,0.008698388088835888,0.010062059314708067,0.0,0.0,0.0,0.0,0.0,0.008935756016086356,0.15,0.03875572290757676,0.024444443478246817,0.0,0.051800912586874116,0.0,0.0,0.0,0.012126515607761214,0.0,0.0,0.0,0.0,0.0,0.0,0.0,0.0,0.0,0.0,0.0,0.06327386121996949,0.0,0.030107247392887206,0.013805814221837517,0.06769621299285875,0.07326743511903419,0.04428372690448697,0.10453274426833575,0.09416985801934756,0.06073393655340797,0.06888622430210459,0.0,0.0,0.0,0.0,0.0,0.007162383640436672,0.0,0.0,0.0,0.0,0.0,0.0,0.0,0.0,0.0,0.0,0.021069810652334015,0.0,0.0,0.0,0.0,0.0,0.0,0.009101575027165031,0.0,0.0,0.0,0.0,0.0,0.007673308386665736,0.0,0.0,0.0,0.0,0.0,0.0,0.0,0.0
2009-04-30,0.0,0.0,0.0,0.0,0.0,0.0,0.0,0.0,0.0,0.0,0.0,0.0,0.0,0.0,0.0,0.0,0.010454129758458955,0.0,0.0,0.0,0.0,0.0,0.0,0.0,0.0,0.0,0.0,0.0,0.006951400456318238,0.001674511970608611,0.0,0.0,0.0,0.0,0.0,0.0,0.002660504024230607,0.0,0.0,0.0,0.0,0.0,0.0,0.0,0.0,0.0,0.0,0.0,0.06284063680057651,0.0,0.09791059207319947,0.11942757715039942,0.04248189219425267,0.054565054516103224,0.0636244310944733,0.09312293391167696,0.04201017627760633,0.06289657597999843,0.058459466231402614,0.0,0.04238774089617592,0.0,0.023279323331981485,0.03605999308501711,0.10142984248330544,0.0,0.023854866339580887,0.016242528813159608,0.0,0.0,0.010116180277357615,0.0,0.0,0.0,0.0,0.0,0.0,0.0,0.0,0.0,0.0,0.0,0.0,0.0,0.0,0.0,0.0,0.0,0.0,9.805479895925218e-10,0.0,0.004313139526317782,0.0,0.0,0.0,7.559886168180928e-05,0.023160902965569087
2009-05-31,0.0,0.0,0.0,0.0,0.0,0.0,0.0,0.0,0.0,0.0,0.0,0.0,0.0,0.0,0.0,0.0,0.04958222051776965,0.0,0.0,0.0,0.0,0.0,0.0,0.0,0.0,0.0,0.0,0.0,0.0,0.04018035796586609,0.0,0.0,1.2124905220760087e-09,0.0,0.0,0.0,0.0,0.0,0.0,0.0,0.0,0.0,0.0,0.0,0.0,0.0,0.0,0.0,0.0,0.0,0.0,0.11416290648590596,0.0384367395540831,0.0,0.0,0.021590206750804322,0.0,0.0001549645641946373,0.017535852678625823,0.0,0.0,0.0,0.09242500958738743,0.0,0.006501019627274134,0.0,0.061920254716210675,0.011309584108551695,0.10610973010987719,0.04916734501537706,0.0,0.016527679261141848,0.0,0.0,0.0,0.0,0.03273659004642678,0.05564317286837806,0.0,0.022331566082083615,0.0,0.0,0.0017325808952442223,0.016515051894998963,0.0,0.0,0.0,0.06627839389707976,0.0,0.008187211183224696,0.0,0.012668205125458255,0.0,0.0,0.0,0.008303355851545522,0.15
2009-06-30,0.0,0.0,0.0,0.0,0.0,0.0,0.0,0.0,0.0,0.0,0.0,0.0,0.010439557418572231,0.04789572478016313,0.0,0.0,0.04715525581131263,0.0,0.0,0.0,0.0,0.0,0.0,0.0,0.0,0.0,0.0,0.0,0.005541752231891905,0.0340287191784909,0.0,0.0,0.0,0.0,0.0,0.0,0.0,0.0,0.0,0.0,0.0,0.020006073759368883,0.03940060536235041,0.015659328803430943,0.0,0.0,0.0,0.009925009266166646,0.0,0.0,0.0,0.02475828245218586,0.021938803709738334,0.0,0.0,0.014192835592692417,0.0,0.0,0.0,0.0,0.0,0.0,0.03145712414132722,0.0,0.02599697076066717,0.0,0.09543015519566599,0.0,0.15,0.080000118911182,0.0,0.02289951253155756,0.0,0.0,0.0,0.0,0.0,0.059507701773193346,0.0,1.1659501522103688e-09,0.0,0.0,0.0,0.0,0.0,0.0,0.0,0.02915583399473064,0.0,0.020559342808337138,0.0,0.020502028448403223,0.0,0.0,0.0,0.023549261902621146,0.15
2009-07-31,0.0,0.0,0.0,0.0,0.0,0.0,0.0,0.0,0.0,0.0,0.0,0.0,0.01640065250070942,0.029463241691585478,0.0,0.0,0.02895937435869232,0.0,0.01542975397608116,0.0,0.0,0.0,0.0,0.0,0.0,0.0,0.0,0.0,0.0,0.010799842508471621,0.0,0.0,0.0,0.0,0.0,0.0,0.0,0.0,0.0,0.0,0.0,0.0,0.0,0.002824749548756964,1.3218456211844102e-09,0.0,0.0,0.008538390072110205,0.0,0.0,0.0,0.0,0.0,0.0,0.0,0.0,0.0,0.0,0.0,0.0,0.0,0.0,0.04945789846013264,0.0,0.0,0.0,0.08393737202435454,0.01627173708259058,0.15,0.07676876205830602,0.01723992833963784,0.0,6.489495479913057e-05,0.05318139973812262,0.0,0.0,0.007508031420056571,0.05142694832868887,0.0,0.03273741857414286,0.017035054570705584,0.0,0.0,0.0,0.0093181979293144,0.0,0.0,0.11591184270717177,0.0,0.0,0.0,0.029651948726458405,0.0,0.0,0.0,0.027072559107265314,0.15
2009-08-31,0.0,0.0,0.0,0.0,0.0,0.0,0.0,0.0,0.0,0.0,0.0,0.0,0.023286403257017897,0.0028328142606579934,0.0,0.0,0.0,0.0,0.01603079752418511,0.0,0.0,0.0,0.0,0.0,0.0,6.566691326807593e-10,0.0,0.0,0.0,0.0,0.0,0.0,0.0,0.0,0.0,0.0,0.0,0.0,0.0,0.0,0.0,0.0,0.0077484435004012645,0.0,0.006510539562930566,0.0,0.0,0.015017941033660305,0.0,0.0,0.0,0.0,0.0,0.0,0.0,0.0,0.0,0.0,0.0,0.0,0.0,0.03600087872942466,0.02260831573958609,0.0,0.0,0.0,0.03008303477111727,0.024564324585746162,0.15,0.027593681229593263,0.013434607488936141,0.001932419517157265,0.02423863095072701,0.14779268208860516,0.016676930266088685,0.0,0.030554083443754838,0.0,0.0,0.0,0.023112280313548658,0.0,0.0,0.007393008381453052,0.09911278149343399,0.0,0.0,0.09836263937686526,0.0,0.0,0.0,0.0,0.0,0.0,0.0,0.025112761828440144,0.15
2009-09-30,0.0,0.0,0.0,0.0,0.0,0.0,0.0,0.0,0.0,0.0,0.0,0.0,0.0031020817937285373,0.0,0.0,0.0,0.0,0.02658161201767892,0.02271485762345191,0.0,0.0,0.0,0.0,1.3325615105779719e-09,0.0,0.010222038904830678,0.0,0.0,0.0,0.0,0.0,0.0,0.0,0.0,0.0,0.0,0.0,0.0,0.0,0.010838390494093216,0.0,0.0,0.007624001568069953,0.001409559234721224,0.003332423300717535,0.0,0.0,0.040832501522946,0.0,0.0,0.0,0.0,0.0,0.0,0.0,0.0,0.0,0.0,0.0,0.0,0.0,0.00355149801818262,0.019627296080730425,0.0,0.0,0.0,0.02521684267741141,0.022454052213412515,0.15,0.0,0.0,0.00035146581422741,0.024928651860177137,0.15,0.0,0.0,0.05656895376910773,0.0,0.009594457338970666,0.0,0.0446740475987356,0.0,0.0,0.0,0.1447480774935037,0.0,0.0,0.05992287614051123,0.0,0.0,0.0,0.0,0.0,0.0,0.0,0.011704313202230091,0.15
2009-10-31,0.0,0.0,0.0,0.0,0.0026318509459671525,0.0,0.0,0.0,0.0,0.0,0.0,0.0,0.011766175050579225,0.0,0.0,0.0,0.0,0.004410486832149926,0.03841327908397052,0.0,0.0,0.0,0.0,0.0,0.0,0.004470955171910524,0.0,0.0,0.0,0.0,0.0,0.0,0.0,0.0,0.0,0.0,0.0,0.0,0.0,0.0,0.0,0.005643445283034042,0.022237588308567296,0.0,0.0,0.0,0.0,0.0,0.0,0.0,0.024202859725232638,0.042795561315708774,0.0,0.0,0.002925671582518121,0.0,0.0,0.0,0.0,0.0,0.0,0.06319215888774707,0.015611355898252549,0.0502557878850466,0.10182788414752823,0.0,0.0356937512438659,0.04445718728761341,0.15,0.0,1.6304846746981407e-09,0.0018275287903873798,0.01051030652974529,0.15,0.00293710546714908,0.0,0.0,0.0,0.0,0.0,0.033196852194458185,0.0,0.0,0.0,0.04320190727724239,0.0,0.0,0.0,0.0,0.0,0.0,0.0,0.0,0.0,0.0,0.0,0.13779029946084095
2009-11-30,0.0,0.0028586620840686597,0.0,0.0,0.0,0.0,0.0,0.0,0.0,0.0,0.0,0.0,0.0,0.0,0.0,0.0,0.0,0.0,0.009634836595229897,0.0,0.003810198667340872,0.0,0.0,0.0,0.0,0.03150478668030536,0.0,0.0,0.0,0.0,0.0,0.0,0.0,0.0,0.0,0.0,0.01814838624219961,0.0,0.0,0.034995807766012715,0.0,0.0,0.030994500646580672,0.0,0.0,0.0,0.0,0.004331007557677916,0.0,0.0,0.0,0.010083940560879188,0.0,0.0,0.0,0.0,0.0,0.0,0.0,0.0,0.0,0.0,0.05681367220579696,0.013777040695551131,0.11937658766551412,0.0,0.05364996516293304,0.09756842599733144,0.15,0.0033113498210244723,0.008880109267902087,0.05237181157237037,0.05430837241016459,0.07922959918054572,0.04272420088411826,0.0,0.0,0.0,0.0,0.0,0.0,0.0,0.0,0.015349536313000177,0.05390062518518888,0.0,0.0,0.052376574140253845,0.0,0.0,0.0,0.0,0.0,0.0,0.0,0.0,2.6980099382395752e-09
2009-12-31,0.0,0.0,0.0,0.0,0.0,0.0,0.0,0.0038001376983933695,0.0,0.0,0.0,0.0,0.0,0.0,0.0,0.0,0.0,0.0,0.0,0.0,0.0,0.0,0.0,0.0,0.0,0.011519387920738347,0.0,0.0,0.0,0.0,0.0,0.0,0.0,0.0,0.0,0.0,0.015655631236745144,0.0,0.0,0.015548486776970056,0.0,0.006949992162306465,0.018621151340496963,0.0,0.0,0.0,0.0,0.003835398805113936,0.0026473189329450316,0.0,0.0,0.07832500113647885,0.0,1.1921673784537144e-09,0.0,0.0,0.0,0.0,0.008810649929820434,0.0,0.009982219650169311,0.1398617335539365,0.06690754173414981,0.047218724417472234,0.15,0.0,0.04281296871514706,0.05092527324875658,0.10624551543359116,0.0215476049151982,0.0120663319516263,0.04143905888006281,0.0,0.03180160747826618,0.06123628471550756,0.0,0.0,0.0,0.0,0.0,0.0,0.0,0.0,0.0,0.05224197817394023,0.0,0.0,0.0,0.0,0.0,0.0,0.0,0.0,0.0,0.0,0.0,0.0
2010-01-31,0.0,0.0,0.0,0.007113521693975973,0.0,0.0,0.0,0.0,0.0,0.0,0.0,0.0,0.0,0.0,0.0,0.0,0.0,0.0006597931915472235,0.0,0.0,0.0,0.0,0.0,0.0,0.0,0.01659935250138715,0.0,0.0,0.0,0.0,0.0,0.0,0.0,0.0,0.0,0.0,0.0,0.0,0.0,0.018649615987815196,0.0,0.0,0.009880864582799489,0.0,0.0,0.0,0.0,0.000751935505859147,0.0,0.0,0.0,0.07417495358866841,0.0,0.0,0.0,0.0,0.0,0.0,0.011511889867512405,0.0,0.0,0.14250252160182364,0.0,0.10663425933706538,0.15,0.0,0.01026977372017335,0.0014551566409445257,0.009987585280705017,0.0005763588044730293,0.0,0.04238333321765915,0.01985860935851993,0.1362256477838259,0.08518316762383499,0.0,0.0,0.0013459489647434004,0.03841173451392762,0.0811658671352237,2.097613736627459e-09,0.0,0.0,0.0,0.007829985717159989,0.0,0.0,0.0,0.0,0.0,0.0,0.0,0.0,0.0,0.0,0.0,0.02682812128274156
2010-02-28,0.0,0.0,0.0,0.024672052011087034,0.0,0.0,0.0,0.0006228602215539434,0.0,0.0,0.0,0.0,0.0,0.0,0.0,0.0,0.0,0.0,0.0,0.0,0.0,0.0,0.0,0.028535918488640837,0.0,0.02771204128427525,0.0,0.0037873354356909787,0.0,0.012848575290400038,0.0037280056041383105,0.0,0.0,0.0,0.0,0.0,0.0,0.0,0.0,0.018512987104298377,0.04094008598998754,0.0,0.0,0.022611210937351564,2.5637223187181065e-09,0.0,0.04954609758145304,0.025064283843199295,0.0,0.0,0.0,0.04220885336588774,0.0,0.0,0.0,0.0,0.0,0.0,0.013526584538472405,0.0,0.0,0.09400014691107252,0.0,0.10148723826064751,0.15,0.0,0.0,0.0,0.05141371704204459,0.02227990947646108,0.0,0.04898379908251807,0.0,0.0,0.10717437672991859,0.0,0.0,0.0,0.028821031236670413,0.04992751896079839,0.0,0.0,0.0,0.0,0.0315953680397101,0.0,0.0,0.0,0.0,0.0,0.0,0.0,0.0,0.0,0.0,0.0,0.0
2010-03-31,0.0,0.0,0.0,0.0,0.0,0.0,0.0,0.0002817186255940964,0.0,0.0,0.0,0.0,0.0,0.0,0.0,0.0,0.0,0.0,0.0,0.0,0.0,0.0,0.0,0.024813094544681356,0.0,0.032113607186689895,0.0,0.009363186950027389,0.0,0.019777959006791464,0.020995615520148142,0.0,0.033487138674538265,0.0,0.0,0.0,0.0,0.0,0.0,0.0,3.0500625936076972e-09,0.0,0.0,0.0,0.0,0.0,0.017537011030650376,0.0,0.0,0.0,0.0,0.02258443798849176,0.0,0.0,0.0,0.0,0.0,0.0,0.0791589879264535,0.0,0.0,0.016358244157068512,0.0,0.044470269443275055,0.13097120837448328,0.0,0.0,0.0,0.06374127607188444,0.03050552623376456,0.0,0.025759966837066318,0.0,0.05239855126414296,0.15,0.0,0.0,0.0,0.05026054866514133,0.03745719149811194,0.0,0.0,0.0,0.0,0.0,0.0,0.0,0.036662862419111805,0.0,0.03612111744434182,0.0,0.0316910332252271,0.0,0.0,0.0,0.0,0.03348944386225186
2010-04-30,0.0,0.0,0.0,0.0,0.0,0.0,0.0,0.0,0.0,0.0,0.0,0.0,0.0,0.0,0.0,0.0,0.0,0.0,0.0,0.0,0.0,0.0,0.0,0.0025764356600144023,0.0,0.010707746348101697,2.346983081581703e-09,0.005604458044890833,0.023175423193379473,0.0,0.006441375416375047,0.0,0.0,0.0,0.0,0.0,0.0,0.0,0.0,0.0,0.0,0.0,0.00029865294898774895,0.0,0.0,0.0,0.0,0.0,0.0,0.0,0.0,0.006800555206343212,0.0,0.0,0.0,0.0,0.0,0.0,0.10240734558086911,0.0,0.0,0.024283212692285797,0.0,0.0,0.12105933259298877,0.0,0.0,0.0,0.06543131247241775,0.02672295621936564,0.002599883397029751,0.008311469132252006,0.0,0.0844085478474837,0.15,0.0,0.020749148160428558,0.03011489985036791,0.12308441410142487,0.12598140011039394,0.017811887520094907,0.0,0.0,0.0,0.010548376996883367,0.0,0.0,0.0,0.0,0.0258351182794704,0.0,0.0,0.005046045881168054,0.0,0.0,0.0,0.0
2010-05-31,0.0,0.0,0.0013682678856319457,0.04139228576754595,0.0,0.0,0.0,0.0,0.0,0.0,0.0,0.0030710761965886176,2.7575238062444888e-09,0.0,0.0,0.0,0.0,0.024121356214043634,0.003150723062032955,0.0,0.0,0.0,0.0,0.013647657049392168,0.0,0.02790223320617366,0.0,0.0,0.15,0.008072119906582364,0.022200981649954786,0.0,0.00951969145775753,0.0446543947425612,0.0,0.0,0.0,0.0,0.0,0.0,0.020732873897921496,0.0,0.02554141286390285,0.0,0.0,0.0,0.07386167990018215,0.0,0.0,0.0,0.0,0.01781583703365542,0.0,0.0,0.0,0.0,0.0,0.0,0.04562189245349132,0.0,0.0,0.0,0.0,0.0,0.0,0.0,0.0,0.0,0.0,0.0,0.0,0.0,0.0,0.0641085125084001,0.07501155237491525,0.0,0.0,0.01362951877881384,0.15,0.11978297186926032,0.0,0.0,0.0,0.0,0.0,0.0,0.0,0.0,0.0,0.0,0.0,0.0,0.03431036148836238,0.010482596935306166,0.0,0.0,0.0
2010-06-30,0.0,0.0,0.0,0.021048847880895647,0.0,0.0,0.0,0.0,0.0,0.0,0.0,0.0,0.0,0.0,0.019271502211403925,0.0,0.0,0.0,0.05138373617475912,0.0,0.0,0.0,0.0,0.0,0.0,0.0,0.0,0.0,0.06558801848007224,5.0196628058649766e-09,0.03370294908058099,0.0,0.04367063242030297,0.04133989724274799,0.0,0.0,0.0,0.0,0.0,0.0,0.0,0.0,0.0,0.0,0.0,0.0,0.027129405442112484,0.0,0.05073428494034065,0.0,0.024781501951744087,0.10987926165222923,0.010159333090332012,0.014098983530767873,0.0,0.0035727242832095645,0.0,0.008133346150128833,0.08457691248600409,0.0,0.0058438264170646,0.0,0.0,0.0,0.005768625972684667,0.0,0.0,0.0,0.0,0.0,0.0,0.0,0.0,0.0,0.08969995852778669,0.0,0.0,0.014086084529226295,0.15,0.09617252725973777,0.0,0.0,0.0,0.0,0.0,0.0,0.0,0.0,0.024797476042319216,0.0,0.0,0.0,0.0,0.0,0.004560159213886302,0.0,0.0
2010-07-31,0.0,0.0,0.0,0.0003895009414834869,0.0,0.0,0.0,0.0,0.0,0.0,0.0,0.0,0.0,0.0,0.016084873475102478,0.0,0.0,0.0,0.039611349684975254,0.0,0.0,0.0,0.0,0.0,0.0,0.0,0.0,0.0010325913535300729,0.0,3.869693772719061e-09,0.03219372515365828,0.0,0.013560514436686079,0.0,0.0,0.0,0.0,0.0,0.0,0.0,0.0,0.0,0.0,0.0,0.0,0.0,0.009338631842301538,0.0,0.13830770152893718,0.0,0.04438547516373383,0.14405553027903448,0.043332764321326066,0.016265393293442072,0.0,0.04812153088864328,0.024836469648511255,0.0344876190476006,0.13303949880017205,0.0,0.041003607440856134,0.021765715581228938,0.014335368218983483,0.07386292428270239,0.0,0.0,0.0,0.0,0.0,0.0,0.0,0.0,0.0,0.0,0.03766111026929579,0.0,0.0,0.0,0.054974598788517424,0.00048050653196689773,0.0,0.0,0.0,0.0,0.0,0.0,0.0,0.0,0.01687299515761719,0.0,0.0,0.0,0.0,0.0,0.0,0.0,0.0
2010-08-31,0.0,0.0,0.047629814675838884,0.0,0.0,0.0,0.0,0.0,0.0,0.0,0.0,0.0,0.0,0.032709365496315944,0.044012014887496856,0.0,0.0,0.0,0.10755959207898763,0.0,0.0,0.0,0.0,0.0,0.0,0.0,0.0026959164187605263,0.011195202044686338,0.0,0.016664473062771485,0.05649023748921648,0.0,0.03098759943935369,0.0,0.0,0.0,0.0,0.0,0.0,0.0,0.0,0.0,0.021432561608223197,0.0,0.0,0.0,0.1466079644179786,0.0,0.028045232657526037,0.0,0.0,0.08533463652645885,0.046047543168342385,0.0,0.0,0.015903845458006702,0.004196156724288913,0.04950750253798824,0.08069225790949781,0.0,0.0,0.0,0.0,0.06596966623570509,0.0,0.0,0.0,5.508625146619437e-09,0.0,0.0,0.0,0.0,0.0,0.0,0.0,0.0,0.0,0.0,0.04831203339512618,0.0059669270242331315,0.0,0.0,0.04478842093385605,0.0,0.0,0.0,0.0,0.0,0.0054690863993612894,0.0,0.0,0.0,0.0017819439013546244,0.0,0.0,0.0,0.0
2010-09-30,0.0,0.0,0.00889945378096048,0.0,0.0,0.0,0.0,0.0,0.0,0.0,0.0,0.0,0.0,0.0,0.005130205571044654,0.0,0.0,0.0,0.11740907922097726,0.0,0.0,0.0,0.0,0.0,0.0,0.0,0.0,0.013213158736573121,0.0,0.014070323309917235,0.02674258250300074,0.0,0.022279818907880146,0.0,0.0,0.0,0.0,0.0,0.0,0.0,0.0,0.0,0.0,0.0,0.013153964386245586,0.0,0.14244187755791812,0.0,0.05879639848463624,0.0,0.046633794707529486,0.1311575128841881,0.02818702329434382,0.014533074010839786,0.0,0.030241998743882184,0.017637044800388923,0.03308631879243004,0.05484269496846183,0.0,0.01664960046513511,0.008884716232435821,0.039106332128319946,0.14473640689936665,0.0,0.0,0.0,0.0,0.0,0.0,0.0,0.0,0.0,0.0,0.0,0.0,0.0,0.0,0.0,0.0,0.0,0.0,0.007893642054452763,0.0,0.0,0.0,0.0,0.0,0.004272974448375514,0.0,0.0,3.1106963551368087e-09,0.0,0.0,0.0,0.0,0.0
2010-10-31,0.0,0.0,0.0,0.0,0.0,0.0,0.0,0.0,0.0,0.0,0.0,0.0,0.0,0.0,0.0,0.0,0.0,0.0,0.15,0.0,0.0,0.0,0.0,0.0,0.0,0.0,0.0,4.565192780898717e-09,0.0,0.0081685856563217,0.016030557310655818,0.0,0.00025189937434281996,0.0,0.0,0.0,0.0,0.0,0.0,0.0,0.0,0.0,0.0,0.0,0.009975657225818712,0.0,0.15,0.0,0.01083359033880227,0.0,0.01076771402841763,0.12063438778773031,0.0,0.0,0.0,0.0027266154114557787,0.028109147300028836,0.019676973496610174,0.022085094819824957,0.0,0.00880669692513987,0.0,0.004834241141482522,0.15,0.127116159597845,0.0,0.015940013609227095,0.036842540037859084,0.0,0.028942102053821084,0.0,0.0,0.0,0.0,0.0,0.0,0.0,0.0,0.0,0.0,0.0,0.0,0.0,0.0,0.0,0.0,0.0,0.0,0.0,0.022967653150717006,0.0,0.019798735574978667,0.0,0.0,0.0,0.014566905373444464,0.020924725220283557
2010-11-30,0.0,0.0,0.0,0.0,0.0,0.0,0.0,0.0,0.0,0.0,0.0,0.0,0.0,0.0,0.0,0.0,0.0,0.0,0.09858804575047608,0.0,0.0,0.0,0.0,0.0,0.0,0.0,0.0,0.0,0.0,0.0027893831138934874,0.007275431339015306,0.0,0.0,0.0,0.0,0.0,2.04716868849529e-09,0.0,0.0,0.0019504919503687745,0.0,0.028646717820887523,0.0,0.0,0.02352342336295911,0.0,0.13891016452263044,0.0,0.0,0.0,0.00961249937111542,0.05003493921238373,0.0,0.0,0.0,0.0,0.0,0.0,0.0,0.0,0.00032766715471829104,0.0006368084993582991,0.01788042378145149,0.15,0.10675672716591496,0.0,0.01767874173497818,0.0392645971629833,0.009240947767558008,0.030064746813161278,0.002566668746289759,0.0,0.0,0.0018087870145746107,0.0,0.0,0.0,0.0,0.0,0.0,0.0,0.0,0.0,0.0,0.0,0.0,0.04789916420081199,0.0,0.0,0.06318989431876014,0.0,0.10462132908874057,0.0,0.0,0.0,0.0,0.04673239805980055
2010-12-31,0.0,0.0,0.0,0.0,0.0,0.0,0.0,0.0,0.0,0.0,0.03459372097388468,0.0,0.0,0.0,0.0,0.0,0.0,0.0,0.0,0.0,0.0,0.0,0.0,0.0,0.0,0.0,0.0,0.0,0.060974561296742676,0.0,0.0,0.0,0.0,0.0,0.0,0.0,0.0,0.0,0.0,0.01062885943538762,0.0,0.04723018978763222,0.016917349249433,0.0,0.009376092140694037,0.0,0.08263880316652208,0.0,0.0,0.0,0.0,0.04456474417198647,0.0,0.0,0.0,0.0,0.0,0.0,0.0,0.0,0.003344374602884859,0.0447808777626315,0.010275782845558211,0.15,0.08064931709031804,0.0,0.031867651141513284,0.018572413104830543,0.025568773412553272,0.0032479728597336254,0.0,0.0,0.0,0.013391778500743051,1.1733528887477722e-09,0.0,0.0,0.0,0.0,0.0,0.0,0.0,0.0,0.0,0.0,0.0,0.041437307895020634,0.004085967932870436,0.0,0.03314529806086944,0.0,0.05300499428148968,0.0,0.0,0.0,0.029703169113347555,0.15
2011-01-31,0.0,0.0,0.0,0.0,0.0,0.0,0.0,0.0,0.0,0.0,0.020219532074836156,0.0,0.0,0.0,0.0,0.0,0.0,0.0,0.0,0.0,0.0,0.0,0.0,0.0,0.0,0.0,0.0,0.0,0.057496756860792884,0.0,0.0,0.0,0.0,0.0,0.0,0.0,0.01632559163996999,0.0,0.002498933246055558,0.0,0.0,0.03583600046395115,0.002102551838989679,0.0,0.0,0.0,0.026849773778252307,0.0,0.0,0.0,0.0,0.07237468786934957,0.0,0.0,0.0,0.0,0.0,0.0,0.0,0.0,0.043565307793987235,0.09434733497757745,0.04312269712623804,0.15,0.10654859811249905,0.0,0.03312839605475401,0.021096123248909446,0.03988912809732962,0.0007036599783833569,0.0,0.0,0.0,0.010959471001026178,1.0550374245600608e-09,0.0,0.0,0.0,0.0,0.0,0.0,0.0,0.0,0.0,0.0,0.0,0.055496464106463535,0.00872437946445217,0.0,0.023231904235617173,0.0,0.029846936587516193,0.0,0.0,0.0,0.021717151568965067,0.08391861881904684
2011-02-28,0.0,0.0,0.0,0.0,0.0,0.0,0.0,0.0,0.0,0.0,0.07219322791514887,0.0,0.0,0.0,0.0,0.0,0.0,0.0,0.0,0.0,0.0,0.0,0.0,1.6241596662291072e-09,0.0,0.0,0.0,0.0,0.15,0.0,0.0,0.0,0.0,0.01876599625069198,0.0,0.0,0.0662675331731222,0.0,0.02869591735611534,0.016626759741678522,0.05397669720033498,0.0772722167138049,0.003767429460089454,0.01480238265879847,0.015315101321431091,0.0,0.020256297905182227,0.009665772462887044,0.0,0.0,0.0,0.0,0.0,0.0,0.0,0.0,0.0,0.0,0.0,0.0,0.0,0.012476370855529686,0.0,0.15,0.013168617664744775,0.0,0.006290326156866327,0.0,0.053321802756708774,0.0,0.0,0.0,0.020854701527785062,0.0,0.0,0.0,0.0,0.0,0.0,0.01880222105281012,0.0,0.0,0.0,0.0,0.0,0.0,0.04166939787445891,0.009969574316431144,0.0,0.0,0.0,0.0,0.0,0.0,0.0,0.0344915296455236,0.09135012436569682
2011-03-31,0.0,0.0,0.0,0.0,0.0,0.0,0.0,0.0,0.0,0.0,0.06571190089909568,0.0,2.0167726852849713e-09,0.0,0.0,0.0,0.0,0.0,0.0,0.0,0.0,0.0,0.0,0.028403312687496546,0.0,0.0008108932694767133,0.0,0.0,0.15,0.0,0.0,0.0,0.0,0.032265208642507294,0.0,0.0,0.10875697572940748,0.0,0.01379940603272808,0.0,0.04449123204274728,0.06780441471177966,0.0,0.031015001353920192,0.02986062461075879,0.0,0.0,0.02422168982346374,0.0,0.0,0.0,0.028298010531893174,0.0,0.0,0.0,0.0,0.0,0.0,0.0,0.0,0.0,0.030191440770277248,0.025313861571190602,0.15,0.03981333727806941,0.0,0.0,0.0,0.0,0.0,0.0,0.0,0.0,0.0,0.013702874074849582,0.0,0.0,0.0,0.0,0.0,0.0,0.0,0.0,0.0,0.0,0.0,0.02762862837790864,0.0,0.0,0.0013372922395652233,0.0,0.005085879414835885,0.02159401300260857,0.0,0.0,0.0031230211522412224,0.05677097976640613
2011-04-30,0.0,0.0,0.0,0.0,0.0,0.0,0.010691859933412899,0.0,0.0,0.0,0.023781552662463578,0.0,1.8843044702995486e-09,0.008959514006738951,0.013643027931447255,0.0,0.0,0.0,0.0,0.0,0.0,0.0,0.0,0.019402030370958254,0.0,0.0,0.0,0.0,0.15,0.0,0.0,0.0,0.0,0.05804440129964622,0.0,0.0,0.09581961108531317,0.0,0.0,0.03969988964343965,0.04238637959429529,0.022388087070863028,0.0,0.04693430887104733,0.030180251767524507,0.0,0.07102670323895575,0.01756098670197852,0.0,0.0,0.0,0.028068360563550353,0.0,0.0,0.0,0.0,0.0,0.0,0.0,0.0,0.0,0.0,0.06164278189561634,0.15,0.01878918695685902,0.0,0.0,0.0,0.0,0.0,0.0,0.0,0.0,0.004006904069725587,0.02874821894164518,0.0,0.0,0.004987764431851985,0.0,0.0,0.0,0.0,0.0,0.0,0.0,0.0,0.02111509225743779,0.0,0.0,0.0,0.0,0.0,0.03212308482092463,0.0,0.0,0.0,0.0
2011-05-31,0.0,0.007930216856973942,0.0,0.0,0.0,0.0,0.0,0.0,0.0,0.0,0.0,0.0,0.0,0.013346876688072839,0.004046523449489268,0.04436570512339164,0.0,0.0,0.0,0.0,0.0,0.0,0.045590711693793404,0.04623874434849831,0.0,0.018511435760015533,0.0,0.0,0.10469391001015958,0.0,0.0,0.0,0.0,0.04167559125835417,0.0,0.0,0.1017043861871313,0.0,0.0,3.6054162316278676e-09,0.053203742150459796,0.0,0.0,0.04478516450288334,0.08890231403115469,0.0,0.018231215264600576,0.01704307276856128,0.0,0.0,0.0,0.0,0.0,0.0,0.0,0.0,0.012418862811084265,0.0,0.0,0.0,0.0,0.0,0.0,0.15,0.0,0.0,0.0,0.0,0.0,0.0,0.0,0.0,0.0,0.03669451427405007,0.012883888980852189,0.0,0.0,0.0,0.027699083765777135,0.022163269542545265,0.0,0.0,0.0,0.0,0.0,0.0,0.06622008701718969,0.004497175624492924,0.0,0.0,0.0,0.0,0.017153504285052416,0.0,0.0,0.0,0.0
2011-06-30,0.0,0.004211752076589543,0.0,0.013869949143330578,0.0,0.0,0.0,0.0,0.0,0.0,0.0,0.007842182094147504,0.0,0.0,0.0,0.023870324138295596,0.0,0.0,0.0,0.0,0.0,0.0,0.0008511583087384814,0.038549744869705825,0.0,0.04737947515681472,0.011489498006775813,0.018757148711910872,0.15,0.0,0.0,0.0,0.0,0.012654375600873236,0.0,0.0,0.12047304898859555,0.0,0.0,0.025072093720945626,0.046055372929606014,0.0,0.0,0.04503209967163513,0.09634687197886099,0.0,0.0781241020406313,0.011067691732319203,0.0,0.0,0.0,0.0,3.184530042329847e-09,0.0,0.0,0.0,0.0,0.0,0.0,0.0,0.0,0.0,0.0,0.09612370538740941,0.0,0.0,0.0,0.0,0.0,0.0,0.0,0.0,0.0,0.0,0.0038542472182332495,0.0,0.0,0.0,0.051787694390693334,0.021334716337074545,0.0,0.0,0.0,0.0,0.0,0.0,0.03893639798143304,0.03631634633085033,0.0,0.0,0.0,0.0,0.0,0.0,0.0,0.0,0.0
2011-07-31,0.0,0.003328358796821809,0.0,0.0,0.0,0.0,0.0,0.0,0.0,0.0,0.0,0.0,0.0,0.0,0.0036275739776193074,0.0,0.0,0.0,0.0,0.0,0.0,0.0,2.7744971606765304e-09,0.0125272685690949,0.0,0.04951086304242636,0.03739326104448413,0.014215561571342588,0.045824082563620756,0.0275135603466531,0.0,0.0,0.0,0.0,0.0,0.0,0.09254355570068686,0.0,0.0,0.013764691730648933,0.0,0.0,0.0,0.011143237228898144,0.0752742497195885,0.0,0.08817583024025372,0.0,0.0,0.0,0.0,0.0,0.06991482648789069,0.049787861968754406,0.0,0.0,0.034352891844087304,0.0,0.003207073059757729,0.0,0.0,0.0,0.0,0.1154641699156449,0.06528847391928636,0.0,0.0,0.0,0.0,0.0,0.0,0.0,0.0,0.0,0.0,0.0,0.0,0.0,0.08844777255052122,0.0,0.0,0.0,0.02462258920837664,0.005944242303713852,0.0,0.0,0.0,0.05505009087032476,0.013077910565005653,0.0,0.0,0.0,0.0,0.0,0.0,0.0,0.0
2011-08-31,0.0,0.0,0.0,0.0,0.0,0.0,0.0,0.0,0.0,0.0,0.0,0.0,0.0,0.0,0.0,0.0,0.0,0.0,0.0008304042887482325,0.0,0.0,0.0,0.0,0.007476134207856042,0.0,0.03641891181922321,0.009951859369778961,0.024188732491798086,0.0,0.0029047253228210437,0.0,0.0,0.0,0.0,0.0,0.0,0.09540942799193106,0.0,0.0,0.0440330842130515,0.01910785199715889,0.0,0.0,0.010057507093044047,0.052518564973893005,0.0,0.057670603505147675,0.0,0.0,0.0,0.0,0.0,0.06388525880183886,0.08596408976535501,0.0003422942350692888,0.0,0.03908199376112632,0.0,3.250857350706677e-09,0.0,0.0,0.0,0.0,0.13962774564631772,0.03394064564952788,0.0,0.0,0.0,0.0,0.0,0.0,0.0,0.0,0.0,0.0,0.0,0.0,0.0,0.11501000238623965,0.0,0.0,0.0,0.006742245892425356,0.0,0.0,0.0,0.0019294941783450797,0.09766658707073352,0.03326689754900254,0.0,0.0,0.021974934538709662,0.0,0.0,0.0,0.0,0.0
2011-09-30,0.0,2.587075850960713e-09,0.0,0.0,0.0,0.0,0.0,0.0,0.0,0.0,0.0,0.0,0.0,0.0,0.0,0.0,0.0,0.0,0.03672980990422093,0.002039624279261467,0.0,0.0,0.0,0.0,0.0,0.036819543722942986,0.036291855913449855,0.041378326073259024,0.0,0.0,0.018772047556385923,0.0,0.012116913657480853,0.0,0.0,0.0,0.06925689285234884,0.0,0.0,0.0,0.0,0.0,0.0018343629638529293,0.0,0.0,0.0,0.024877357398252045,0.0,0.056316468277648364,0.0,0.029002987555745117,0.0,0.06130583352416094,0.137654336200305,0.042354703539602606,0.0010920920389418693,0.0,0.005964934615511965,0.0722390891779447,0.0,0.0,0.0,0.0,0.05079796094652564,0.04816030528472369,0.0,0.0,0.0,0.0,0.0,0.0,0.0,0.0,0.0,0.0,0.0,0.0,0.0,0.06640644606597523,0.0,0.0,0.0,0.01036128470372782,0.0,0.0,0.0,0.0,0.033065626692943446,0.0,0.0,0.0,0.10516119446771294,0.0,0.0,0.0,0.0,0.0
2011-10-31,0.010489898537697875,0.02032007023236887,0.0028068315276025117,0.0,0.0,0.0,0.0,0.0,0.0,0.0,0.0,0.0,0.0,0.0,0.0,0.0,0.0,0.0,0.049681756950457456,0.0009681773116440238,0.0,0.0,0.0,0.0,0.04362477527702432,0.05847668635754135,0.06212216775235218,0.07878656058952578,0.0,0.0,0.054217995602140495,0.0,0.05027355854055052,0.0,0.0,0.0,0.04712534602490804,0.0,0.0,0.0,0.0,0.0,0.0,0.0,0.0,0.0,0.0,0.0,0.11310855967440198,0.0,0.02037737119084941,0.0,0.04284768747397127,0.10106464842617303,0.05217994241563372,0.0013571571115240885,0.0,0.023080629450276696,0.03616038995704613,0.0,0.0,0.0,0.0,0.0,0.04386753799396229,0.0,0.0,0.0,0.0,0.0,0.0,0.0,0.0,0.0,0.0,0.0,0.0,0.0,0.028568242545166003,0.0,0.0,0.0,0.03184247263581766,4.145347447206066e-09,0.0,0.0,0.0,0.0,0.0,0.0,0.0,0.02665153227601666,0.0,0.0,0.0,0.0,0.0
2011-11-30,0.0,0.019754831299502246,0.0,0.0,0.0,0.0,0.0,0.0,0.0,0.0,5.008929829312891e-09,0.0,0.0,0.0,0.0,0.0,0.0,0.0,0.0,0.017332027577342257,0.0,0.0,0.0,0.0017099539327026121,0.013582975000670164,0.05411086448366563,0.00389328986878297,0.035225318651448234,0.004374570269897875,0.0,0.06865571095049529,0.0,0.05346785414450301,0.0,0.0,0.0,0.01760028348076772,0.0,0.0,0.0,0.0,0.00805612462229309,0.01720074212835853,0.0,0.0,0.0,0.0,0.0,0.1109804741904169,0.0,0.0,0.0,0.03245903369018622,0.09430407900030718,0.0,0.008329410249229093,0.0,0.04975936983510497,0.12734103294723817,0.0,0.0,0.0,0.0,0.0,0.11020992051321533,0.0,0.0,0.0,0.0,0.0,0.0,0.0,0.0,0.0,0.0,0.0,0.0,0.0,0.05890002760289422,0.0,0.0,0.0,0.00015201569325875032,0.0,0.0,0.0,0.0,0.0,0.0,0.0,0.0,0.04413901583093489,0.0,0.0,0.0,0.0,0.04846106902785487
2011-12-31,0.001573906848337775,0.00718416150761876,0.0,0.0,0.0,0.0,0.0,0.0,0.0,0.0,0.011269738312344324,0.0,0.0,0.0,0.0,0.0,0.0,0.0,0.0,0.004242119345015147,0.002255013803818046,0.0,0.008196440599077382,0.029719688065939602,0.019504746612173173,0.05427636134759524,0.0,0.04019685452911616,0.03993068789058873,0.0,0.032331159466276335,0.0,0.018337808053276144,0.0,0.0,0.0,0.0,0.0,0.0,0.0,0.0,0.0,0.06496658729392996,0.0,0.0,0.0,0.0,0.0,0.10766209819718874,0.0,0.0,0.009231445863098323,0.05281576958253682,0.14938213181896973,0.0,0.05612330990450594,0.030316417535843687,0.06570497187517953,0.0072083560896623496,0.0,0.0,0.0,0.0791086104715346,0.0,0.1084616112153591,0.0,0.0,0.0,0.0,0.0,0.0,0.0,0.0,0.0,0.0,0.0,0.0,0.0,0.0,0.0,0.0,0.0,0.0,0.0,0.0,0.0,0.0,0.0,0.0,0.0,0.0,0.0,0.0,0.0,0.0,0.0,3.771014475164937e-09
2012-01-31,0.0411672961340536,0.024334628966563167,0.016456598298564974,0.0,0.0,0.0,0.0,0.0,0.0,0.0,0.0,0.0,0.0,0.0,0.0,0.013453661455097143,0.0,0.0,0.03759946325766042,0.014397732174699562,0.0,0.0,0.025767201227075175,0.033053252594149034,0.07605060775522655,0.0985084974438974,0.033744825236422984,0.07778651640088292,0.0,0.01271964542755024,0.06646216302193712,0.0,0.0983594945136643,0.0,0.0,0.0,0.0,0.0,0.0,0.0,0.0,0.0,0.07336419792041414,0.0,0.0,0.0,0.0,0.0,0.04774485274735715,0.0,0.0,0.0,0.0,0.030986636468859803,0.0,0.014336886547334282,0.0,4.618071443641032e-09,0.0,0.0,0.0,0.0,0.0,0.0,0.0,0.0,0.0,0.0,0.0,0.0,0.0,0.0,0.0,0.0,0.0,0.02376976714098017,0.0,0.025500088434698184,0.0,0.0,0.0,0.0,0.025578698455628646,0.0,0.0,0.0,0.0,0.0,0.0,0.0,0.0,0.0,0.0,0.0787188101970252,0.010138473562186319,0.0,0.0
2012-02-29,0.005798810972241988,0.0,0.0,0.010490370531478624,0.014958703254236675,0.0,0.0,0.0,0.0,0.0,0.05535502418229171,0.0,0.0,0.0,0.0,0.016260292858775453,0.0,0.0,0.02321807040806582,0.0,0.020639550356172223,0.0,0.0,0.07501334550728946,0.060144319423127736,0.025511239246955666,0.0,0.007970047470990182,0.15,0.005439120625252725,0.020336512486197958,0.0,0.06978931992500452,0.0,0.0,0.0,0.0,0.0,0.0,0.0,0.0,3.80137136596434e-09,0.010176429402468897,0.0,0.0,0.0,0.0,0.0,0.0,0.0,0.0,0.0,0.0,0.0,0.0,0.0,0.0,0.0,0.0,0.0,0.0,0.0,0.0,0.0,0.0,0.0,0.0,0.0,0.0,0.0,0.0,0.0,0.0,0.0,0.0,0.05137783388239456,0.05749260793848792,0.06258727106233317,0.0,0.0,0.0,0.0,0.0,0.0,0.029299095676760843,0.0,0.12149105759194578,0.0,0.03890506901882027,0.0,0.0,0.0,0.0,0.04928732310135403,0.018458581275982457,0.0,0.0
2012-03-31,0.0,0.0,0.0,0.06198575704843149,0.0220247307181704,0.0,0.0,0.0,0.0,0.0,0.013474014917375148,0.0,0.0,0.008389461754823928,0.0,0.0,0.0,0.0,0.021213326376995887,0.0,0.0,0.0,0.0,0.03634353054869078,2.805400088967666e-09,0.0,0.0,0.0,0.15,0.0,0.0,0.0,0.015747743699421002,0.0016990573613298436,0.04670740711347761,0.0,0.0,0.0,0.0,0.0,0.0,0.06339976641786495,0.0,0.035214844396233375,0.0,0.0,0.0,0.10894877077408675,0.0,0.0,0.0,0.0,0.0,0.0,0.0,0.0,0.0,0.0,0.0,0.0,0.0,0.0,0.0,0.0,0.000980378342559711,0.0,0.007909530321913874,0.0,0.0,0.0,0.0,0.0,0.0,0.0,0.0,4.110361720115701e-05,0.03255361145938838,0.05617935741579991,0.0,0.0,0.0,0.0,0.0,0.0,0.03278843747367143,0.0,0.15,0.02195726180227734,0.012715305014132702,0.0,0.0,0.035333041213667836,0.0,0.06439355940708631,0.0,0.0,0.0
2012-04-30,0.005212978460116811,0.0,0.0,0.04338238959194885,0.0,0.0,0.0,0.0,0.0,0.0,0.0,0.0,0.0,0.0,0.0,3.157934036540037e-09,0.0,0.0,0.10395727718746144,0.0,0.0,0.0,0.0,0.053465679603237275,0.08128838212930356,0.0,0.0,0.009000666686883261,0.06324979216981064,0.0,0.010479110379398198,0.0,0.03687987740764631,0.0,0.03663569523468412,0.0,0.0,0.0,0.0,0.0,0.0,0.003432394542030726,0.005708817073885384,0.0,0.0,0.0,0.0,0.0,0.0,0.0,0.0,0.0,0.0,0.0,0.0,0.0,0.0,0.0,0.0,0.0,0.0,0.0,0.0,0.0,0.0,0.0,0.0,0.0,0.0,0.0,0.0,0.0,0.0,0.0,0.0,0.015799539254852377,0.0234033429306812,0.05634766773316957,0.0,0.0,0.0,0.0,0.010122106919731554,0.0,0.04908749278650596,0.0,0.13991562662203758,0.0,0.07566179512892368,0.0,0.0,0.007490501782690525,0.041584506813409146,0.08193766559130003,0.02895189856946661,0.0,0.01700479224289121
2012-05-31,0.0,0.0,0.0,0.0,0.0,0.0,0.0,0.0,0.0,0.0,2.4963306116156374e-09,0.0,0.0,0.004663051584671479,0.0033282250816405994,0.0018769632583993535,0.0,0.0,0.13327788925717746,0.0,0.0,0.0,0.0,0.05728133268247269,0.0385083243816954,0.0,0.0,0.02771439542075224,0.15,0.03025559752624893,0.018999594239686456,0.0,0.048596752197628594,0.007621876072068347,0.04195293815037173,0.0,0.06751547225350427,0.0,0.0,0.0,0.0,0.0,0.0,0.0,0.0,0.0,0.0,0.0,0.0,0.0,0.0,0.0,0.0,0.0,0.0,0.0,0.0,0.0,0.0008766245559517373,0.0,0.0,0.0,0.0,0.0,0.0,0.0,0.0,0.0,0.0,0.0,0.0,0.0,0.0,0.0,0.0,0.0,0.0,0.013946046275196435,0.0,0.0,0.0,0.0,0.01507840859342843,0.0,0.039156898455554354,0.0,0.05028675547425273,0.0,0.058740413870863664,0.0,0.0,0.07454641640084353,0.033921353404930035,0.058569727525271675,0.0,0.023284940841059257,0.0
2012-06-30,0.0,0.0,0.0,0.00840673619143818,0.0,0.0,0.0,0.0,0.0,0.0,0.0,0.03033997949505557,0.0,0.0,0.0,0.0,0.0,0.0,0.12897726076199528,0.0,0.0,0.0,0.0,0.04823615147011071,0.029776769498096517,0.0,0.0,0.02575504549036284,0.15,0.0,0.028321617932701056,0.0,0.03420148274138006,0.009702138147118641,0.03414672949739671,0.0,0.09625348538266164,0.0,0.0,0.0,0.0,2.996837829252707e-09,0.0,0.0,0.0,0.0,0.0,0.0,0.0,0.0,0.016766131924165175,0.0,0.03709742287781068,0.007288263964830447,0.0,0.0,0.0,0.0,0.023898874247034,0.0,0.0,0.0,0.0,0.0,0.0,0.0,0.0,0.0,0.0,0.0,0.0,0.0,0.003423749308508553,0.0,0.0,0.0,0.0,0.0,0.0,0.0,0.0,0.0,0.004684309107517282,0.0,0.03131787157889644,0.0,0.0753529209371874,0.0,0.06102021153148927,0.0,0.0,0.06032374815349737,0.029649264703069618,0.0,0.0,0.025059832060838762,0.0
2012-07-31,0.01927213535138437,0.021673621076827704,0.046241002702868565,0.0,0.0,0.0,0.0,0.0,0.0,0.0,0.0,0.051581764601653014,0.0,0.0,0.0,0.0,0.0,0.0,0.06994295694874834,0.0,0.0,0.0,4.231124962739021e-09,0.012799703229819227,0.005180948594558125,0.015228891324483962,0.021650028647984237,0.037712851076578985,0.06917360133400301,0.0,0.03593992329313676,0.0,0.03145515816295804,0.013096579983149004,0.0850954548103412,0.0,0.11315255191097746,0.0,0.0,0.0,0.0,0.0,0.0,0.0,0.0,0.0,0.08415583123366661,0.0,0.0,0.0,0.044209541586969735,0.0,0.006468129982487977,0.0183089122836177,0.0,0.0,0.0,0.0,0.0,0.0,0.0,0.0,0.0,0.0,0.0,0.0,0.0,0.0,0.0,0.0,0.0,0.0,0.0,0.0,0.0,0.0,0.0,0.0,0.0,0.0,0.0,0.0,0.01924267003907308,0.0,0.0,0.0,0.0,0.0,0.07156700723157325,0.0,0.0,0.045764552562594055,0.061086177799420466,0.0,0.0,0.0,0.0
2012-08-31,0.004254802303110813,0.005341311713324802,0.0,0.0,0.0,0.0,0.0,0.0,0.0,0.0,0.0,0.0525441617469087,0.0,0.0,0.0,0.0,0.0,0.0,0.017648915724078302,0.0,0.0,0.0,0.0,0.039086790818936956,0.015874820324027636,0.03940444983134731,0.024248657363830885,0.03023346951651767,0.0,4.744523616344876e-09,0.021106299443826332,0.0,0.03595008199947366,0.06112054263200426,0.06836483525689244,0.0,0.09025270422368782,0.0,0.0,0.0,0.0,0.0,0.0,0.0,0.0,0.0,0.1271168363292422,0.0,0.0,0.0,0.10045834533322695,0.0,0.052104661373113315,0.04375580105787937,0.0,0.0,0.0,0.0,0.0,0.0,0.0,0.0,0.0,0.0,0.0,0.0,0.0,0.00897869784738633,0.0,0.0,0.0,0.0,0.0,0.0,0.0,0.0,0.0,0.0,0.0,0.0,0.0,0.0,0.0,0.0,0.0,0.0,0.02199116997514083,0.0,0.05088960744480711,0.005202734769353942,0.0,0.02511179424051917,0.05895850398683964,0.0,0.0,0.0,0.0
2012-09-30,0.0,0.007700666400349404,0.0,0.0,0.0,0.0,0.0,0.0,0.0,0.0,0.0,0.03601824263951877,0.0,0.0,0.0,0.0,0.0,0.0,0.0,0.0,0.0,0.0,0.0,0.009376414917998456,0.0,0.023437454477442186,0.005577752133977865,0.0,0.0,0.029481379130273353,0.014997481447080912,0.0,0.03232841061349232,0.06848719021517785,0.061536478565300846,0.0,0.09341587049734833,0.0,3.685408870233855e-09,0.0,0.018907407388134363,0.0,0.0,0.0,0.0,0.0,0.0468595012993141,0.0,0.0,0.0,0.15,0.003245469076788276,0.061933972494537436,0.11499740547386547,0.0,0.0,0.0,0.0,0.0,0.0,0.0,0.04957774363540307,0.0,0.05411866480883418,0.0,0.0,0.0,0.0029754867755667842,0.0,0.0,0.0,0.0,0.0,0.0,0.0,0.0,0.0,0.0,0.0,0.0,0.0,0.0,0.0,0.0,0.0,0.0,0.035722905526323914,0.0,0.0,0.004144792926898576,0.0,0.03501342983186154,0.04014587603910318,0.0,0.0,0.0,0.0
2012-10-31,0.0,0.0035278293092123663,0.0,0.0,0.0,0.0,0.0,0.0,0.0,0.0,0.0,0.0,0.0,0.0,0.0,0.0,0.0,0.0,0.0,0.0,0.0,0.0,0.0,0.0,0.0,0.00856535770408235,0.0,0.0,0.0,0.0027661347694604953,0.0,0.0,0.0013941672643241407,0.04885649073860464,0.056318477445213184,0.06577367214976039,0.07508162092385866,0.0,0.0,0.0,0.0,0.0,0.0,0.0,0.0,0.0,0.01638915879982246,0.0,0.02281624916588915,0.0,0.05191337189168491,0.051255216503855054,0.053871900820423195,0.12520590830509995,0.012563017772420736,0.0,0.0,0.0,0.0,0.0,0.001622314314639345,0.1069728959423905,0.05816307600653938,0.09003466500731618,0.04237797007258893,0.0,0.0,0.0,0.0,0.0,0.0,0.0,0.0,0.0,0.0,0.0,0.0,0.0,0.0,0.0,0.0,0.0,0.0,0.0,0.0,0.0,0.039261036366814,0.0,0.0,2.4250592218340176e-09,0.0,0.014070271810452577,0.04937780805010438,0.0018213864403837901,0.0,0.0,0.0
2012-11-30,0.0,0.0,0.0,0.0,0.0,0.0,0.0,0.0,0.0,0.0,0.0,0.0,0.0,0.010326841003572658,0.0,0.0,0.0,0.0,0.0,0.0,0.0,0.0009014276598236918,0.0,0.0,0.0,0.0,0.0,0.0,0.0,0.005733267493944008,0.0,0.0,0.0,0.039494949812361145,0.07070764350469173,0.08224159681748075,0.03252689054076774,0.0,0.0,0.0,0.0,0.0,0.0,0.0,0.0,0.0,0.0,0.0,0.0,0.0,0.06766023064773515,0.08362233097546344,0.03752611500824375,0.022526958331200785,0.012991682905529683,0.0,0.0,0.0,0.0,0.0,0.026989980887136177,0.0739938298812009,0.13374489300643042,0.1021859660142486,0.04645679101918014,0.0,0.006873476396597516,0.031229758972132787,0.0,0.0,0.0,0.0,0.0,0.0,0.0,0.0,0.0038879320661093157,0.0,0.0,0.0,0.0,0.0,0.0,0.0,0.0,0.0,0.0345991194961537,0.0,0.0,0.0,0.0,2.1347520950689648e-09,0.04201397623175398,0.02667190367495165,0.005092435518538042,0.0,0.0
2012-12-31,0.0,0.0,0.0,0.043440463137194026,0.0,0.0,0.0,0.0,0.0,0.0,0.025441817605913724,0.0,0.0,0.0,0.0,0.0,0.0,0.0,0.0,0.0,0.0,0.0,0.0,0.0,0.0,0.0,0.0,0.0,0.0,0.0,0.0,0.0,0.00483284908207362,0.05609440759668809,0.053571474852183894,0.12837541678209236,0.05025519745353971,0.0,0.0,0.003883790115385368,0.0,0.0,0.0,0.01171536682864742,0.01798421380389477,0.0,0.0,0.0,0.0,0.0,0.06753918476006458,0.06340708113135195,0.02581622524149786,0.0,0.024474010728779104,0.0,0.0,0.0,0.018374225717639317,0.0,0.0,0.01843569206745128,0.04788661488141173,0.12802298786685243,0.053115414638999325,0.0,3.0003046437924106e-09,0.02535667569695356,0.0,0.0,0.0,0.0,0.0,0.0,0.0,0.0,0.0,0.0,0.0,0.0,0.0,0.0,0.0,0.0,0.0,0.0,0.049693540146158705,0.0075383987488506264,0.0,0.0,0.0,0.0,0.024862399434504603,0.049882548681567204,0.0,0.0,0.0
2013-01-31,0.0,0.0,0.0,0.01195848089557512,0.0,0.0,0.0,0.0,0.0,0.0,0.0035333932972923462,0.0,0.0,0.0,0.0,0.0,0.0,0.03835177424836924,0.0,0.0,0.0,0.0,0.0,0.0,0.0,0.0,0.0,0.0,0.07336644444872854,0.0,0.0,0.0,0.0,0.021101626652581657,0.06149057135571316,0.09144925913317631,0.04118641278141792,0.0,0.0,0.0,0.0,0.0,0.0,0.0006879042429812316,0.001776741003209538,0.0,0.0,0.0,0.0,0.0,4.2796248789857765e-09,0.04712903500434865,0.0,0.0,0.0,0.0,0.0,0.0,0.0,0.0,0.023230416751529235,0.04059701535085233,0.12918727296691704,0.0180586482771143,0.0,0.0,0.0,0.02812114512194547,0.045762566079739234,0.029634944100309403,0.0,0.0,0.0,0.09727752430333107,0.0,0.0,0.0,0.0047311242662154,0.0,0.0,0.0,0.0,0.0,0.0,0.0,0.0,0.07489732173568629,0.0,0.0,0.0,0.0,0.0,0.0,0.05896175107023954,0.026015461583025846,0.0,0.0314931610500763
2013-02-28,0.0,0.0,0.0,0.0,0.0,0.0,0.0,0.0,0.0,0.0,0.0021105179827533844,0.0,0.0,0.0,0.0,0.0,0.0,0.06033782763295239,0.0,0.0,0.0,0.0,0.0,0.0,0.0,0.0,0.0,0.0,0.08312830069706421,0.0,0.0,0.0,0.010723834142926209,0.0714307570235567,0.08499688206235909,0.08758435461413236,0.04572994255017954,0.0,0.0,0.01033363857270223,0.0,0.0,0.0,0.07314289459539505,0.04867649808939034,0.0,0.004879446558707121,0.0,0.0,0.0,0.0,0.0,0.0,0.0,0.0,0.0,0.0,0.0,0.0,0.0,0.0,0.0,0.0,0.0,0.0,0.0,0.0,0.03236827711991996,0.04385290501127533,0.026626318192252637,3.767814875676522e-09,0.020470454039328678,0.0,0.06130159520839636,0.0,0.009981788338306785,0.017866224629242543,0.01743735293869343,0.0,0.0,0.0,0.0,0.0,0.0,0.0,0.0,0.06390662708279242,0.003760864432896433,0.0,0.0,0.0,0.0,0.0,0.08885230269140808,0.030500392025553734,0.0,0.0
2013-03-31,0.0,0.0,0.0,0.0,0.0,0.0,0.0,0.0,0.0,0.0,0.03063066576673732,0.0,0.0,0.0,0.0,0.0,0.0,0.0,0.0,0.0,0.0,0.0,0.0,0.0,0.0,0.0,0.0,0.007235018337578104,0.06452593264583466,0.020819705344765953,0.0,0.0,0.03729396732137602,0.08667594549463375,0.10830033067385875,0.064656847550571,0.06809413443309542,0.027776296955140098,0.0,0.027983494698720687,0.0,0.0,0.0,0.0713687304563549,0.09350446057310872,0.0,0.06666016247999064,0.017000190479324634,0.0,0.0,0.0,0.0,0.0,0.0,0.0,0.0,0.0,0.0,0.0,0.0,0.0,0.0,0.0,0.0,0.0,0.0,0.0,0.016152132850001735,0.0,0.004256769891800767,0.0,0.0,0.0,2.6857383889454377e-09,0.0,0.015079863229020178,0.06374991149595402,0.03931404450332572,0.0,0.0,0.0,0.0,0.0,0.0,0.0,0.0,0.0239422874344051,0.02922233518287685,0.0,0.0,0.0,0.0,0.0019957537780089744,0.0,0.013761015737777452,0.0,0.0
2013-04-30,0.0,0.0,0.0,0.0,0.0,0.08632214216646447,0.0,0.0,0.0,0.0,0.02696645332005702,0.0,0.0,0.0,0.0,0.0,0.0,0.027813894658895725,0.0,0.0,0.0,0.0,0.0,0.0,0.0,0.0,0.0,0.0038368103195848247,0.1211457406734958,0.041547840939229606,0.0,0.0450456195302447,0.018872211631462493,0.08704534906125248,0.10173009585079434,0.06827130143800042,0.04348235054622792,0.037224398878517875,0.0,0.019019786416778706,0.0,0.0,0.03409534933359067,0.02240234670756494,0.06605626157906953,0.0,0.036656781031997855,0.007688225179242569,0.0,0.0,0.0,0.0,0.0,0.0,0.0,0.0,0.0,0.0,0.0,0.0,0.0,0.0,0.0,0.0,0.0,0.0,0.0,0.0,0.0,0.0,0.0,0.0,0.0,0.0,0.0,2.121199408480087e-09,0.022367279508182812,0.03233670913336071,0.0,0.010346324190115976,0.0,0.0,0.0,0.0,0.0,0.0,0.022457050660013064,0.0,0.0,0.0,0.0,0.0,0.0,0.0,0.017269675124656037,0.0,0.0
2013-05-31,0.0,0.00478713654808739,0.0,0.0,0.023688331832556257,0.1396019098392066,0.0,0.0,0.0,0.0,0.0,0.0,0.0,0.0,0.0,0.0,0.0,0.005675053055766898,0.0,0.0,0.0,0.0,0.0,0.014560580927002959,0.011988580215378535,0.003934444211727488,0.0,0.01689072546249315,0.15,0.07029175886221198,0.0201385953503267,0.08214096698062198,0.042495320279905664,0.04670978202354118,0.07698841226707236,0.007587707543107901,0.0,0.04764885911330828,0.0,0.0625133520221903,0.0,0.0,0.08030779489682634,0.0,0.017772342961317394,0.0,4.562446058698429e-09,0.0,0.0,0.0,0.0,0.0,0.0,0.0,0.0,0.0,0.0,0.0,0.0,0.0,0.0,0.0,0.0,0.0,0.0,0.0,0.0,0.0,0.0,0.0,0.0,0.0,0.0,0.0,0.0,0.0,0.012797984028658478,0.0027737526492850155,0.0,0.0,0.0,0.0,0.0,0.0,0.0,0.0,0.03460089658942479,0.02410570777753622,0.0,0.0,0.0,0.0,0.0,0.0,0.0,0.0,0.0
2013-06-30,0.0,0.014994503882738172,0.0,0.0,0.03548360214138113,0.15,0.0,0.0,0.0,0.03755572657116039,0.02042716021345539,0.0,0.0,0.0,0.0,0.0,0.0,0.0,0.0,0.0,0.0,0.0,0.0,0.0,0.0,0.0,0.0,0.0,0.15,0.06222497596948678,0.03616745748364095,0.03338435984284274,0.055516114707517536,0.07205134489795326,0.07428212508845305,0.05479928313263591,0.0,0.024720966487652443,0.0,0.03510204264487441,0.003585946322509852,0.0,0.06667438707292356,0.0,0.006829415172925785,0.0,0.0,3.530253400220943e-09,0.0,0.0,0.0,0.0,0.0,0.0,0.0,0.0,0.0,0.0,0.0,0.0,0.0,0.0,0.0,0.0,0.0,0.0,0.0,0.0,0.0,0.0,0.0,0.0,0.0,0.007268102225697513,0.0,0.0,0.005340171128200376,0.0,0.0,0.0,0.0,0.0,0.0,0.007808425904080713,0.0,0.0,0.02594710811274644,0.00046024999687013286,0.0,0.0,0.0,0.0,0.0,0.0,0.019376527470000182,0.0,0.0
2013-07-31,0.0057431315324936024,0.0175066044021251,0.027240220336262336,0.022447118077015157,0.009386057798583087,0.15,0.0,0.0,0.0,0.15,0.03499069580995533,0.0,0.0,0.0,0.0,0.0,0.0,0.0,0.0,0.0,0.0,0.0,0.0,0.0,0.010444598575111652,0.0,0.0,0.0,0.1348167401905548,0.092052800265674,0.04631939981277508,0.03223687121720709,0.028933256316605753,0.0,0.0,0.0,0.0,0.016018052454487668,0.0,0.012056517926539613,0.013483509901573872,0.0,0.07620787554720913,0.0,0.0,0.0,0.0,0.0,0.0,0.0,0.0,0.0,0.0,0.0,0.0,0.0,0.0,0.0,0.0,0.0,0.0,0.0,0.0,0.0,0.0,0.0,0.0,0.0,0.0,0.0,0.0,0.0,0.0,0.03309286818153135,0.0,0.0,0.0,0.007753043843240809,0.0,0.0,0.0,0.0,0.022109833256250346,0.026266877254627403,0.006398296237367401,0.0,0.024495626611276584,0.0,0.0,0.0,0.0,0.0,0.0,0.0,4.451532973734439e-09,0.0,0.0
2013-08-31,0.0,0.008010830833227631,0.03026173629764941,0.0368611216518046,0.01336237108642206,0.15,0.0,0.009097555204569575,0.0,0.15,0.03124318818514023,0.0,0.0,0.0,0.0,0.0,0.0,0.0904002316913494,0.0,0.0,0.0,0.01197856224719537,0.0,0.0,0.0,0.04606975637568119,0.0,0.0,0.10434215622917944,0.07721871819836813,0.021226026252725363,0.018086409450520397,0.0,0.0,0.0,0.0,0.0,0.0,0.0,0.012495288981087834,3.733152029968871e-09,0.0,0.0,0.0,0.0,0.0,0.0,0.0,0.0,0.0,0.0,0.0,0.0,0.0,0.0,0.0,0.0,0.0,0.000745983715444484,0.0,0.0,0.0,0.0,0.0,0.0,0.0,0.0,0.0,0.0,0.0,0.0,0.0,0.0,0.0,0.0,0.0,0.0,0.0007240511613493675,0.0184354506487449,0.0,0.0,0.0,0.004618512823625201,0.08069257315411407,0.024267128135931744,0.0,0.04450731947698392,0.0,0.015355024465733749,0.0,0.0,0.0,0.0,0.0,0.0,0.0,0.0
2013-09-30,0.0,0.0,0.02850206880260238,0.0664089387636851,0.031024885624268844,0.15,0.0,0.024751322641120264,0.0,0.15,0.0,0.0,0.0,0.034202928870551104,0.0,0.0,0.0,0.05238666043080638,0.0,0.0,0.0,0.04460414551218092,0.0,0.0,0.0,0.016782515652479006,0.0,0.0,0.0,0.027326486305044626,0.0,0.0,0.0,0.0,0.0,0.0,0.0,0.0,0.014973583591810639,0.0534748799492999,0.0,0.001945202955810276,0.0,3.6723052246187548e-09,0.0,0.0,0.0,0.0,0.0,0.0,0.0,0.0,0.0,0.0,0.0,0.0,0.0,0.0,0.055272273879032364,0.0,0.0,0.0,0.0,0.0,0.0,0.0,0.0,0.0,0.0,0.0,0.0,0.0,0.0,0.0,0.023229466852617443,0.0,0.0,0.0,0.018291494764033297,0.0,0.0,0.0,0.00335491727468698,0.04857981563738012,0.05047991752387564,0.0,0.02496147263706115,0.027653176973356935,0.04469186706471713,0.0,0.0,0.0,0.0,0.0,0.0,0.0,0.007101974621274394
2013-10-31,0.0,0.0,0.00938454480904291,0.08090731086457001,0.0,0.15,0.0,0.0033566750592947015,0.0,0.15,0.09245941591562251,0.0,0.0,0.005589541138775565,0.0,0.0,0.0,0.12336204249525207,0.0,0.0,0.0,0.013436393191795595,0.0,0.0,0.0,0.0,0.0,0.0,0.01720387504552441,3.1813166754036084e-09,0.0,0.0,0.0,0.0,0.0,0.0,0.0,0.0,0.01660604595187092,0.0,0.0,0.019561108946184135,0.0,0.013748888753317813,0.0,0.0,0.01300003896631226,0.0,0.0,0.0,0.0,0.0,0.0,0.0,0.0,0.0,0.0,0.0,0.0,0.0,0.0,0.0,0.0,0.0,0.0033102093904112755,0.06635871007386519,0.001485022399844965,0.0,0.0,0.0,0.0,0.0,0.0,0.0,0.0,0.0,0.0,0.0,0.049953019646171576,0.0003232589032790142,0.0,0.0,0.0,0.031177893013598176,0.002630055464079281,0.0,0.02522101719147668,0.0,0.013272883019851843,0.0,0.0,0.0,0.0,0.0,0.0,0.0,0.09765204657854253
2013-11-30,0.0,0.0,0.008888010812818795,0.055486825314897646,0.0,0.096289436509997,0.0,0.0,0.0,0.15,0.06902108290748075,0.0,0.0,0.004847050325229219,0.0,0.0,0.0,0.07679084512893816,0.0,0.0,0.0,0.021114247582442448,0.0,0.0,0.0,0.022722609851041735,0.0,0.0,0.04727200348593191,0.004890809050497647,0.0,0.0,0.0,0.0,0.0,0.0,0.0,0.0,0.029675797281672116,0.02414341351418476,0.0270818258213559,0.0,0.0,0.021671121581770994,0.0,0.0,0.07856702230231837,0.0,0.0,0.0,0.0,0.0,0.0,0.0,0.0,0.0,0.0,0.0,0.0,0.0,0.0,0.0,0.0,0.0,0.014398919081494974,0.11620589283962578,0.0211721042186319,0.0,0.0,0.005154866317954559,0.0,0.0,0.0,0.0,0.06882053144723202,0.0,2.8265763822163713e-09,0.0,0.014350459570209327,0.005589519009580146,0.015845603218117427,0.0,0.0,0.0,0.0,0.0,0.0,0.0,0.0,0.0,0.0,0.0,0.0,0.0,0.0,0.0,0.0
2013-12-31,0.0,0.0,0.0,0.007233286415270081,0.0,0.07340734296453102,0.0,0.0,0.0,0.15,0.0,0.0,0.0,0.0,0.0,0.0,0.0,0.15,0.0,0.0,0.0,0.007257422480449243,0.0,0.0,0.0,0.054576518159295866,0.0,0.0,0.054785307745095914,0.012523064325905593,0.0,0.0,0.0,0.027841763701682874,0.0,0.0,0.0,0.0,0.0023883743958650703,0.010024888146051937,0.0032957617721985004,0.0,0.0,0.005666204363399407,0.0,0.0,0.01825488343791494,0.0,0.0,0.0,0.0,0.0,0.0,0.0,0.0,0.0,0.0,0.0,0.0,0.0,0.0,0.0,0.0,0.0,0.0,0.14111801656831552,0.014800635712629368,0.0,0.0,0.023283299672342363,0.0,0.0,0.0020366393521599247,0.0,0.09135836590229021,0.0,2.7942171782500847e-09,0.0,0.03238717845321744,0.011446914836408903,0.08465072870426961,0.0,0.0,0.0,0.0,0.0,0.0,0.008822323669764638,0.0,0.0,0.0,0.012841076426724314,0.0,0.0,0.0,0.0,0.0
2014-01-31,0.0,0.0,0.0,0.0,0.0,0.0529192544502281,0.0,0.0,0.0,0.06358872433006092,0.0,0.0,0.0,0.0,0.0,0.0,0.0,0.15,0.0,0.0,0.0016402495089365761,0.0,0.0,0.0,0.0,0.0,0.0,0.0,0.08791602203917874,0.014676668161801043,0.0,0.01655359286260872,0.0,0.06414072832537739,0.019175798816765108,0.020067702919074597,0.0,0.0,0.0,0.0,0.0,0.0,0.0,0.042811408602926634,0.02518168083861781,0.0,0.018273311310187782,0.0,0.0,0.0,0.0,0.0,0.0,0.0,0.0,0.0,0.0,0.0,0.0,0.0,0.0,0.0,0.0,0.0,0.0,0.1117460626703437,0.042306679240313554,0.0,0.0,0.022122997372575327,0.0,0.0,0.04202197969332803,0.013968402180698973,0.04561776780132198,0.0,0.020898095151883928,0.0,2.8164812999303532e-09,0.031266686346501885,0.050233372681880745,0.0,0.0,0.0,0.025187502041992157,0.0,0.0,0.0,0.0,0.0,0.0,0.0,0.0,0.017685309836914954,0.0,0.0,0.0
2014-02-28,0.0,0.0,0.0,0.0,0.0,0.03798422093239977,0.0,0.0,0.0,0.0014769251713029966,0.0,0.0,0.0,0.0,0.0,0.0,0.0,0.04376373943087167,0.0,0.0,0.0019105719223167527,0.0,0.0,0.0,0.0,0.05030787476591444,0.0,0.0,0.10840505178594508,0.04260760005224556,2.5322413517795124e-09,0.04208219147283964,0.0,0.07694156563894833,0.016511936392366245,0.03695961828514886,0.0,0.0,0.0,0.0,0.02101996065028758,0.0,0.0,0.06684801220242163,0.044461625712064,0.0,0.014530540246114656,0.0,0.0,0.0,0.0,0.0,0.0,0.0,0.0,0.0,0.0,0.0,0.0,0.0,0.0,0.0,0.0,0.0,0.0,0.07547059875540921,0.0,0.0,0.0,0.009238527323851529,0.0,0.0,0.09056742103616135,0.08925918201577832,0.0,0.0,0.0,0.0,0.0,0.01059412726187751,0.037930046758163596,0.0,0.0,0.0,0.023742050442044617,0.0,0.0,0.0,0.0,0.0,0.0,0.019426598201477095,0.0,0.03796001101180814,0.0,0.0,0.0
2014-03-31,0.0,0.0,0.0,0.0,0.0,0.07679141346314261,0.0,0.0,0.0,0.07035651179532476,0.0,0.0,0.0,0.0,0.0,0.0,0.0,0.02884937033329115,0.0,0.0,2.7894845466646944e-09,0.0,0.0,0.0,0.0,0.014132708412461914,0.0,0.0,0.059826865403054555,0.03306607932454515,0.0,0.03513707262501932,0.0,0.051901417569263884,0.02400386154774499,0.021202752392751417,0.0,0.0,0.0,0.0,0.017353834099787923,0.0,0.0,0.06095159997592827,0.03655800085547085,0.0,0.0,0.05677975592973858,0.0,0.0,0.0,0.0,0.0,0.05330706311174897,0.0,0.02521876479421913,0.0,0.0,0.0,0.0,0.03619365210284726,0.0,0.0,0.0,0.0,0.09791609080510055,0.0,0.0,0.0,0.0,0.0,0.0,0.06155905577944207,0.06724940613819883,0.0,0.0,0.0,0.0,0.0,0.0,0.0,0.0,0.0,0.0,0.012333588568068328,0.0,0.0,0.0,0.0,0.0,0.0,0.0,0.0,0.022035299087822122,0.0051194068031578405,0.03215642629238495,0.0
2014-04-30,0.0,0.0,0.0,0.0,0.0,0.034075471095504926,0.0,0.0,0.0,0.04355469604194569,0.0,0.0,0.005738419963341183,0.0,0.0,0.0,0.0,0.10108361606600201,0.0,0.0,0.0,0.0,0.0,0.0,0.0,3.5029656819323453e-09,0.0,0.0,0.06472944826943106,0.06631874984221121,0.0,0.046539284346214405,0.0,0.03402807151442374,0.00743788713068107,0.0012887330316347363,0.0,0.0,0.0,0.0,0.0,0.0,0.0,0.07010562861546882,0.037172607347572634,0.0,0.0,0.07364576957735657,0.0,0.0,0.0,0.0,0.0,0.036317494234451034,0.0,0.0,0.0,0.0,0.0,0.0,0.010853513344693025,0.0,0.0,0.0,0.0,0.11298437900256968,0.0,0.0,0.0,0.0,0.0,0.0,0.06668291955300072,0.11068341711549011,0.0,0.0,0.0,0.0,0.0,0.0,0.0,0.0,0.0,0.0,0.01518127291706168,0.0,0.0013702757329117066,0.0,0.0,0.0,0.0,0.0048442125158367,0.0,0.012665611424030922,0.03932603640446206,0.0033724814107385296,0.0
2014-05-31,0.0,0.0,0.0,0.0,0.0,0.06720776189899762,0.0,0.0,0.0,0.0287500291192378,0.0,0.0,0.00913195140708319,0.0,0.0,0.0,0.0,0.0,0.0,0.0,0.0,0.0,0.0388774771436907,2.997831651445755e-09,0.0,0.012316014702683955,0.0,0.0,0.06107554249397736,0.01043509963619501,0.0,0.06286140951084218,0.0,0.010414702602196563,0.0,0.0,0.0,0.010326885422567659,0.0,0.0,0.0025034753541073635,0.0,0.0,0.05965349064536473,0.05431138384346186,0.0,0.01321677974280158,0.09784723737060878,0.0,0.0,0.0,0.0,0.0,0.07729358414435332,0.0,0.03289482454503983,0.0,0.0,0.0,0.0,0.0,0.0,0.0,0.0,0.0017020663814010938,0.15,0.0,0.0,0.0,0.0,0.0,0.0,0.05492434556112535,0.09162716512386923,0.0,0.0,0.0,0.0,0.0,0.009464947332483079,0.0,0.0,0.0,0.0,0.02226508699217544,0.0,0.0,0.0,0.0,0.0,0.0,0.0,0.0,0.0,0.02089873602790449,0.0,0.0
2014-06-30,0.0,0.0,0.0,0.016619142911642258,0.0,0.06594653880388748,0.0,0.0,0.0,0.03802908356895746,0.0,0.02632123434513073,3.0141978964109166e-09,0.0,0.0,0.0,0.0,0.0,0.0,0.0,0.0,0.0,0.03108566412642946,0.006281351357403042,0.0,0.0,0.0,0.0,0.11181136521685946,0.017715905013692586,0.0,0.02751284476749417,0.0,0.0,0.0,0.0,0.0,0.07654641508787256,0.0,0.020634655126950157,0.02222759826181618,0.0,0.0,0.03499505797992446,0.03097372652784174,0.0,0.012936604167477207,0.10186410903213869,0.0,0.0,0.0,0.0,0.0,0.04742896848828549,0.0,0.041798677760358505,0.0,0.0,0.0,0.0,0.0,0.0,0.0,0.0,0.04319929391959256,0.15,0.0,0.0,0.0,0.0,0.0,0.0,0.02351151481446255,0.02904908402051819,0.0,0.0,0.0,0.0,0.0,0.0,0.0,0.0,0.0,0.0,0.0,0.0,0.015011281346275733,0.0,0.0,0.0,0.0,0.0,0.0,0.0,0.008499880340791334,0.0,0.0
2014-07-31,0.0,0.0,0.003118804896835836,0.027190810157445906,0.0,0.12715474738843638,0.00444217731430337,0.0,0.0,0.05797136690433513,3.4219354974350875e-09,0.0,0.02731450104901911,0.0,0.0,0.0,0.004107299220884071,0.04652926278046236,0.0,0.0,0.0,0.0,0.004327224579727526,0.043803395899084475,0.0,0.0,0.0,0.0,0.10094990871637738,0.03394791875408587,0.0,0.025203643938562652,0.0,0.0,0.0,0.0,0.0,0.018195626114742548,0.0073150143585898235,0.04083366084520075,0.0,0.0,0.0,0.0,0.010956843488125222,0.0,0.019898942310039212,0.13290517924268586,0.0,0.0,0.0,0.0,0.0,0.009821391986298835,0.0,0.0,0.0,0.0,0.0,0.0,0.0,0.0,0.0,0.0,0.06342133637370806,0.15,0.0,0.0,0.0,0.0,0.0,0.0,0.0,0.0023454572721053855,0.0,0.0,0.0,0.0,0.0,0.038245482987008646,0.0,0.0,0.0,0.0,0.0,0.0,0.0,0.0,0.0,0.0,0.0,0.0,0.0,0.0,0.0,0.0,0.0
2014-08-31,0.0,0.0,0.030494978433986512,0.0,0.0,0.03642764824026991,3.7017395434770335e-09,0.045177020593923194,0.0,0.0,0.017367137925350565,0.0,0.00862118096030557,0.025938153422869713,0.0,0.0,0.10772125593696096,0.05201005652395874,0.0,0.0,0.0,0.0,0.0,0.0804082196247235,0.0,0.0,0.0,0.0,0.0931629419349882,0.031224444198181774,0.0,0.0,0.0,0.0,0.0,0.0,0.0,0.10358039840844002,0.0,0.013519400336248448,0.0,0.0,0.011232862654926715,0.0,0.002859978025430715,0.0,0.01782805875362091,0.0014211439947752398,0.0,0.0,0.0,0.0,0.0,0.0,0.0,0.0,0.0,0.0,0.0,0.0,0.0,0.0,0.0,0.0,0.03328662905562936,0.017890552973720046,0.0,0.0,0.0,0.0,0.0,0.0,0.08121153751836915,0.15,0.0,0.0,0.019320119565436163,0.0,0.0,0.006094822622413307,0.0,0.0,0.0,0.0,0.0,0.0,0.013201454593731761,0.0,0.0,0.0,0.0,0.0,0.0,0.0,0.0,0.0,0.0
2014-09-30,0.0,0.0,0.0,0.0,0.0,0.029993234018048473,0.0,0.016023629150319532,0.0,0.0,2.881151121017321e-09,0.0,0.0,0.0008867588113106581,0.0,0.0,0.10350617047936665,0.0,0.0,0.0,0.0,0.0,0.0,0.08619757248478377,0.026161419201313117,0.007840306403166354,0.0037390608728993815,0.0,0.07815900803925559,0.03960217995730943,0.004427679915653111,0.02346180522676283,0.0,0.0,0.0,0.0,0.0,0.1380646817033445,0.0,0.0,0.0,0.017114029192540004,0.001114108720822626,0.0,0.0,0.0,0.0,0.0,0.0,0.0,0.02674761541681828,0.0,0.015554391326449703,0.020293949997456505,0.0,0.0,0.0,0.03828599162382877,0.0,0.0,0.0,0.0,0.0,0.0,0.06389714808651986,0.0,0.0,0.0,0.0,0.0,0.0,0.0,0.03374056076466643,0.15,0.0,0.0,0.03920611944057665,0.0,0.0,0.0,0.0,0.0,0.0,0.0,0.0,0.0,0.03598257628563665,0.0,0.0,0.0,0.0,0.0,0.0,0.0,0.0,0.0,0.0
2014-10-31,0.0,0.0,0.0011874090676685307,0.0,0.0,0.0,0.0,0.011926341078256544,0.0,0.0,0.0,0.0,0.0,0.0,0.0,0.0,0.0,0.07696104569355659,0.0,0.0,0.0,0.0,0.0,0.08641749360103061,0.04229713331940502,0.0006771713747681236,0.023397518359426616,0.0,0.11004777796010659,0.0881816203887425,0.020179948342666076,0.017171093251601353,0.006686383964076444,0.0,0.0,0.0,0.0,0.08913137254352438,0.0,0.0,0.0,0.012793237398976452,0.0,0.0,0.0,0.0,0.0,0.0,0.0,0.0,0.0,0.0,0.0,0.0,0.0,0.0,0.0,0.0,0.0,0.0,0.0,0.0,0.0,0.0,0.0,0.0,0.0,0.0,0.0,0.0,0.0,0.0,0.045817692904009284,0.15,0.0,0.005922413371247047,0.06123612075083429,0.0,0.0,0.0,0.0,0.0,0.0,0.022693565014313438,0.0065057834017864455,0.0,0.04072463945719724,0.0,0.0,0.0,0.0,0.03142974726413988,0.011966079855983748,0.0,2.941976472038957e-09,0.0,0.03664840869470612
2014-11-30,0.0,0.0031148913604810893,0.0,0.0,0.0,0.0,0.0,0.0,0.0,3.2141086206957902e-09,0.0,0.0,0.0,0.0,0.0,0.0005381077240402675,0.0,0.0663931416422201,0.0,0.0,0.0,0.0,0.0,0.07359228246929288,0.06756240928979743,0.0,0.03163173693452492,0.009107165000580546,0.04039403235653362,0.05971037627303821,0.009457848277351766,0.06574095215485025,0.01457157199053875,0.0,0.015154392253511596,0.0,0.0,0.003132136973388063,0.0,0.0,0.0,0.006393786336901481,0.0,0.0,0.0,0.0,0.0,0.0,0.0,0.0,0.0,0.0,0.011938986432318386,0.0,0.0,0.0,0.0,0.0,0.0,0.0,0.0,0.0,0.0,0.0,0.0,0.0,0.0,0.0,0.0,0.0,0.0,0.0,0.08299363839767206,0.15,0.0,0.03452807152514636,0.11963867791468204,0.0,0.0,0.0,0.0,0.0,0.0,0.05149086107047026,0.0,0.0,0.0,0.0,0.0,0.0,0.0,0.032033094016185114,0.03878885638111474,0.012092980011251359,0.0,0.0,0.0
2014-12-31,0.0,0.0,0.0,0.0,0.0,0.0,0.0,0.0,0.0,0.0,0.0,0.0,0.0,0.0,0.0,0.0,0.0,0.02563637447399692,0.0,0.0,0.0,0.0,0.0,0.0,0.07302460611838399,0.0,0.021983749434324813,0.009937045474603789,0.0,0.02363947766501414,0.006615567748862292,0.030372576466426385,0.0,0.009682840427767766,0.07308900192913728,0.0,0.0026994850837042702,0.023829998330293044,0.0,0.0,0.0,0.0,0.0,0.0,0.0,0.0,0.0,0.0,0.0,0.0,0.0,0.0,0.0,0.0,0.0,0.0,0.0,0.05264317411325019,0.0,0.0,0.0,0.0,0.0,0.0,0.0,0.0,0.0,0.014159006449479924,0.0,0.0,0.0,0.0,0.07261948484627613,0.15,0.0,0.04904692416890829,0.10553673872350816,0.0,0.0,0.0,0.0,0.0,0.006404042355376201,0.058731491583513686,3.40936493207997e-09,0.0,0.0,0.0,0.0,0.0,0.0,0.05986470610435708,0.04534485657998343,0.02943942878640165,0.0,0.00013751678040955256,0.055561902946656146
2015-01-31,0.00492056199572724,0.0,0.0,0.0,0.0,0.0,0.0,0.0,0.0,0.0,0.0,0.0,0.0,0.0,0.0,0.0,0.0,0.0,0.0,0.0,0.0,0.0,0.0,0.0,0.08452976578823869,0.0,0.02009641445437339,0.04312602090244538,0.020476159642550246,0.04277665642665953,0.014773953724092908,0.12173029169955847,0.0,0.017213662755741096,0.05287729728800938,0.0,0.0,0.020527251942018945,0.0,0.0,0.0,0.0,0.0,0.0,0.0,0.0,0.0,0.0,0.0,0.0,0.0,0.0,0.0,0.0,0.0,0.0,0.0,0.07310520797632619,0.0,0.0,0.0,0.0,0.0,0.0,0.0,0.0,0.0,0.0,0.0,0.0,0.0,0.0,0.011246900204116866,0.12031098171766161,0.0,0.019120537262225127,0.0026817003407037274,0.0,0.0,3.2953135714423605e-09,0.0,0.0,0.029153296021247832,0.05678077946336359,0.0,0.0,0.0,0.03500772871964742,0.0,0.022425594604018655,0.0,0.05561520654251021,0.07672106225314677,0.036353785177670135,0.0,0.0,0.018429179802633065
2015-02-28,0.0,0.0,0.0,0.0,0.0,0.0,0.0,0.0,0.0,0.0,0.0,0.0,0.0,0.0,0.0,0.0,0.0,0.0,0.0,0.0,0.0,0.0,0.0,0.0,0.044357176004387155,0.0,0.0,0.025014869879129455,0.0,0.02762917603190217,0.0,0.12681141703847668,0.0,0.026247196167881848,0.03846154913714442,0.0,0.0,0.0,0.0,0.0,0.0,0.0,0.0,0.0,0.0,0.0,0.0,0.0,0.010747917665084636,2.9999935547239284e-09,0.0,0.007900211635089196,0.040896303005274956,0.013075418337997283,0.0,0.0,0.03751339268105027,0.09884541317705775,0.0,0.0,0.0,0.03378991193217132,0.0,0.0,0.013499063948359504,0.0875028897810818,0.0,0.0,0.0,0.0,0.0,0.0,0.014766507816512628,0.009134501712593729,0.0,0.0,0.0,0.0,0.0,0.0,0.0,0.0,0.009362361289328306,0.06312339969679047,0.0,0.0,0.0,0.0,0.0,0.04077184591189177,0.0,0.08915027963189909,0.05109651184494426,0.06563333095455426,0.0,0.0,0.024669351719403567
2015-03-31,0.0,0.0,0.0,0.0,0.0,0.0,0.0,0.0,0.0,0.0,0.0,0.0,0.0,0.0,0.0,0.0,0.0,0.0,0.0,0.0,0.0,0.0,0.0,0.0,0.018273275487605784,0.0,0.0,0.0,0.0,0.006579725960445847,0.0,0.10421643903668475,0.0,0.08827790577398774,0.06170026796649128,0.0,2.725355642747078e-09,0.0,0.0,0.0,0.0,0.0,0.0,0.0,0.0,0.0,0.0,0.0,0.03192699307402544,0.0,0.022783459190636682,0.016272451855435802,0.015441740522591592,0.02483796065221745,0.0,0.0,0.030591164443504213,0.04514977257862529,0.0,0.0,0.0,0.08548779570501526,0.04109213952708474,0.0,0.022274924453540044,0.06055161010735732,0.0,0.0,0.0,0.0,0.0,0.0,0.0,0.0,0.0,0.0,0.0,0.0,0.0,0.0,0.0,0.0,0.0,0.048792639449376576,0.0,0.0,0.0,0.0,0.02316965565408752,0.04888727050389654,0.0,0.022308939923102927,0.025634517198414905,0.09656623918160964,0.022838362113119834,0.0,0.036344746915787214
2015-04-30,0.0,0.0,0.0,0.0,0.0,0.02304105648846028,0.0,0.0,0.0,0.0,0.0,0.0,0.0,0.0,0.0,0.0,0.0,0.0,0.0,0.0,0.0,0.0,0.0,0.0,0.01494151024806134,0.0,0.0,0.0,0.0,0.013319669752307757,0.0,0.016668198960395446,0.0,0.0784357150815034,0.028250804182955485,0.0,0.0,0.029470221870510578,0.0,0.0,0.050448001552388474,0.0,0.0,0.0,0.0,0.0,0.0,0.0,0.035657435646260546,0.0,0.04642544681551027,0.01565045357592396,0.0,0.019419991153505935,0.0,0.025288715516386902,0.006590127628016334,0.07016541825791667,0.0,0.0,0.0,0.10667927841366266,0.07383258681560825,3.3807371270064246e-09,0.01545183552281259,0.045834972426659834,0.0,0.0,0.0,0.0,0.0,0.0,0.0,0.0,0.0,0.0,0.0,0.0,0.0,0.0,0.0,0.0,0.0,0.02729024597922647,0.0,0.0,0.0,0.0,0.0,0.0,0.0,0.016295490969344295,0.0,0.1062828042124238,0.05012040256479751,0.0,0.08443961298462407
2015-05-31,0.0,0.0,0.0,0.003132447520524396,0.0,0.09543169423216366,0.009260068292943627,0.0,0.0,0.12783715435612153,0.0,0.0,0.0,0.0,0.0,0.0,0.0,0.0,0.0,0.0,0.0,0.0,0.0,0.0,0.0,0.0,0.0,0.003771569779213893,0.007128249865291022,0.0,0.0,0.012106392436612693,0.0,0.012927541392841566,0.0,0.0,0.0,0.0,0.0,0.010296988863355127,0.020222914754969904,0.0,0.0,0.0,0.04165505867336535,0.0,0.020904570675061022,0.04359423105023636,0.08939451404398932,0.0,0.0459422095984067,0.0,0.0,0.0,0.0,0.05476618433268172,2.8962214562020995e-09,0.0,0.0,0.0,0.0,0.04245175864784323,0.039264112210125345,0.017973136148283067,0.0,0.0799771483954662,0.0,0.0,0.0,0.0,0.0,0.0,0.0,0.0,0.0,0.0,0.0,0.0,0.0,0.0,0.0,0.0,0.0,0.0,0.0,0.0,0.054605465873885095,0.0,0.0,0.0,0.0,0.0,0.0,0.04659980803756062,0.01656520130399248,0.0,0.10419157661884453
2015-06-30,0.0,0.0,0.0,0.0,0.0,0.06986333029505258,0.0,0.0,0.0,0.09247026147725584,0.0,0.0,0.0,0.0,0.0,0.0,0.010158609110344337,0.0,0.0,0.0,0.0008555904893233524,0.0,0.0,0.01289655936106375,0.0,0.0,0.0,0.0,0.0,0.03702136429677834,0.0,0.0,0.0,0.03662541012998887,0.015336748843175999,0.000658276831695095,0.0011171466780613166,0.0,0.0,0.015970619635844535,0.013539258866052603,0.0,0.0,0.0,0.04058185863200565,0.0,0.0016398773557474652,0.009305032771196344,0.12332503572204691,0.0,0.06888737712560597,0.0,0.0,0.0,0.0,0.0,0.0,0.0,0.0,0.0,0.0,3.784289138900698e-09,0.0,0.0,0.0,0.0,0.0,0.0,0.0,0.0,0.0,0.0,0.0,0.0,0.0,0.0,0.0,0.0,0.0,0.0,0.0,0.0,0.0,0.0,0.013233191138148326,0.0,0.06300708093217994,0.015709062770437703,0.0,0.0,0.0,0.020309459208570073,0.0,0.0962607746224714,0.09122806992266438,0.0,0.15
2015-07-31,0.0,0.0,0.0,0.0,0.0,3.5141798336196566e-09,0.0,0.0,0.0,0.023521360277052768,0.030465676523170882,0.0,0.0,0.0,0.0,0.0,0.1452064836816,0.02709457216158712,0.0,0.0,0.0,0.0,0.0,0.08729012657667104,0.0,0.0,0.0,0.0,0.0,0.001271049731006772,0.0,0.0,0.0,0.03795754992766899,0.0170156691464126,0.024185817397536696,0.04036744239885786,0.0,0.0,0.0,0.0,0.0,0.005049227191489492,0.039712874829546975,0.0054052835945012975,0.0,0.010145688041929219,0.06044543991051709,0.0,0.0,0.0,0.0,0.0,0.0,0.0,0.0,0.0,0.0,0.0,0.0,0.0,0.0,0.0,0.0,0.0,0.0,0.006355878962384472,0.0,0.0,0.0,0.0,0.0,0.0,0.0,0.0,0.0,0.04900907447979408,0.027355834270379218,0.0,0.0,0.0,0.0,0.0,0.0,0.021015840513146977,0.0,0.07962211652979537,0.09008695920528365,0.0,0.0,0.0,0.0,0.0,0.035310195861402764,0.08011264076798398,0.0,0.055997194506100745
2015-08-31,0.0,0.0,0.0,0.0,0.0,0.0001380012220825026,0.0,0.0,0.0,0.03569598012859378,0.0,0.0,0.0,0.0025265419765537252,0.0,0.00909247970787851,0.03992348270440394,0.0,0.0,0.0,0.0,4.939286992957606e-09,0.0,0.07504879777296537,0.0,0.0,0.0,0.00012560775048786127,0.0,0.002004824024738994,0.0,0.0,0.0,0.0654579701509815,0.05017228569879711,0.03729975534182387,0.08387411981454058,0.0,0.022086652078603244,0.01797519736491604,0.0,0.0,0.0,0.0,0.0,0.0,0.0,0.0,0.0,0.04268753055334762,0.0,0.0,0.0,0.0,0.0,0.0,0.0,0.0,0.0,0.0,0.0,0.0,0.0,0.0,0.0,0.0,0.0,0.0,0.0,0.0,0.0,0.0,0.0,0.0,0.0,0.0043105763753659545,0.08352467640992092,0.06545710810869416,0.0,0.0,0.0,0.0,0.0,0.0,0.01344915465645033,0.0,0.07279387721060872,0.10867841956513306,0.0,0.0,0.0,0.013131057483020014,0.0,0.07557488896484942,0.07897100999595584,0.0,0.0
2015-09-30,0.0,0.0,0.0,0.0,0.04440945635247064,0.0,0.0,0.0,0.0,0.06182360257120052,0.0,0.0,0.0,0.026383497259992464,0.0,0.0,0.027379472065611674,0.0,0.0,0.0,0.0,0.013477528149073882,0.0,0.022236680976491313,0.0,0.0,0.0,0.0,0.0,0.0,0.0,0.0,0.0,0.012607063928825846,0.007205581620473267,0.049352688215825787,0.12875346410208965,0.0,0.009459430758570524,0.0,0.0,0.0,0.010042307194272095,0.0,0.0,0.0,0.0,0.0,0.0,0.03959375854315007,0.0,0.0,0.0,0.0,0.0,0.0,0.0,0.0,0.0,0.0,0.0,0.0,0.0,0.0,0.0,0.0,0.0,0.00018168948357718902,0.0,0.0,0.0,0.0,0.0,0.0,0.0,0.0,0.02747194063213445,0.021821635435601994,0.04319026526717253,0.0,0.0,0.0,0.0,0.004084807762236437,4.91199956405228e-09,0.0,0.03058203742148382,0.08655799554558098,0.0,0.0,0.0,0.05031235891557167,0.0,0.09512415808953174,0.14100264247297942,0.046945932324082534,0.0
2015-10-31,0.0276369282214912,0.0,0.0,0.0,0.019967882648450716,3.302744732378296e-09,0.0,0.0,0.0,0.0,0.0,0.0,0.0,0.016628629013248727,0.013534466593781212,0.0,0.0,0.0,0.0,0.0,0.0,0.02251743296997612,0.0,0.0,0.0,0.0,0.0,0.0,0.0,0.0,0.0,0.0,0.0,0.09503177517770103,0.055388307579006514,0.06598126909076504,0.15,0.0,0.0,0.0,0.0,0.0,0.0,0.0,0.0,0.0,0.0,0.0,0.0,0.10570153797904763,0.01924684195929193,0.0,0.024704079835548527,0.0,0.0,0.0,0.0,0.0,0.0,0.0,0.0,0.0,0.0,0.0,0.0,0.0,0.0,0.014262407767071396,0.0,0.0,0.0,0.0,0.0,0.0,0.0,0.0,0.0016916076661625974,0.020754595229761495,0.0,0.0,0.0,0.0,0.02107504349926838,0.03898880280737571,0.02114390999165036,0.0,0.010054993726922097,0.037447441015897476,0.0,0.0,0.0,0.0021794149451983985,0.03403575662187993,0.08683576311472412,0.09519110924303477,0.0,0.0
2015-11-30,0.027109604370885377,0.0,0.0,0.02304032901294338,0.023581220682728176,0.011996052786958946,0.0,0.0,0.0,0.00453104966093857,0.0,0.0,0.0,0.05281561529445345,4.838686959864649e-09,0.0,0.0,0.0,0.0,0.0,0.0,0.028510183006560604,0.0,0.0,0.0,0.0,0.0,0.0,0.0,0.0,0.0,0.0,0.0,0.09461949557091169,0.04013985819928239,0.10105274346657632,0.1304147076829392,0.0,0.0,0.0,0.0,0.0,0.0,0.0,0.0,0.0,0.0,0.0,0.0,0.15,0.0,0.0,0.03366185632090975,0.0,0.0,0.0,0.0,0.0,0.0,0.0,0.0,0.0,0.0,0.0,0.0,0.000818277281902704,0.0,0.0018224940138919705,0.0,0.0,0.0,0.0,0.0,0.0,0.0,0.0,0.0,0.01053944982429917,0.0,0.0,0.0,0.0,0.0,0.01665981366595359,0.04163729862712967,0.0,0.0016581866584438332,0.056594727958173066,0.0,0.0,0.0,0.0,0.0024049697034098576,0.07302103951775753,0.05784594883328781,0.01552507302097594,0.0
2015-12-31,0.022185629681139404,0.010929824686500975,0.0,0.0056843571527656536,0.015693389671412556,0.03601842178096255,0.0,0.0,0.0,0.033298344017906496,0.0,0.0,0.0,0.029847735125415005,0.0,0.0,0.0,0.0,0.0,0.0,0.0,0.030778836054746097,0.0,0.0,0.0,0.0,0.0,0.0,0.0,0.0,0.0,0.0,0.0,0.08572422391943997,0.07273082673374075,0.08085252796300542,0.07445309027172659,0.0,0.0,0.0,0.0,0.0,0.0,0.0,0.0,0.0,0.00620898215385275,0.0,0.0,0.15,0.0,0.0,0.026502177140773686,0.0,0.0,0.0,0.0,0.0,0.0,0.0,0.0,0.0,0.0,0.0,0.0,0.0,0.0,0.0,0.0,0.0,0.0,0.0,0.0,0.0,0.0,0.00298886640216408,0.0,0.016912756202382265,0.0,0.0,0.0,0.0,0.0031393532371319687,0.025145307194202136,0.03367533253297227,0.0,3.873362717941594e-09,0.019761400272564154,0.0,0.0,0.0,0.0,0.03949507867981219,0.10989918354095107,0.06807435171106924,0.0,0.0
2016-01-31,0.014044145039974781,0.03258408038693032,0.0,0.0,0.005861070276812997,0.010394658078015758,0.0,0.0016267501985848505,0.0,0.0,0.0,0.0,0.0,0.0,0.0,0.0,0.0,0.0,0.0,0.0,0.0,0.0,0.0,0.0,0.0,0.0,0.0,0.0,0.0,0.0,0.0,0.0,0.0,0.05265499065870088,0.0,0.032603328390718195,0.0,0.030731858317275547,0.0,0.0,0.0,0.0,0.0,0.0,0.0,0.0,4.6175087066960975e-09,0.0,0.03658877723885997,0.15,0.10325795658228624,0.0,0.07737654137268604,0.0,0.01313914714517933,0.08707960778271644,0.0,0.015298834232707097,0.019904175054683896,0.0,0.03925489916998245,0.0,0.0,0.043220781113268075,0.0,0.08052779324144065,0.0,0.0,0.0,0.0,0.0,0.0,0.01605340007625399,0.0,0.0,0.0,0.0,0.0,0.0,0.0,0.0,0.0,0.0,0.0,0.06610460563634515,0.0,0.0,0.02504205418900469,0.0,0.0,0.0,0.0,0.012495345423368862,0.0341551957766951,0.0,0.0,0.0
2016-02-29,0.02592528600584421,0.037718570088500186,0.0,0.0,0.00033426397176729435,0.045882616754577034,0.0,0.0,0.0,0.0,0.0,0.0,0.0,0.0,0.0,0.0,0.0,0.0,0.0,0.0,0.0059102574316412726,0.007000493083300444,0.0,0.0,0.0,0.0,0.018221216469603372,0.0,0.0,0.0,0.0,0.0,0.0,0.060415453141093915,0.0,0.018324394017059095,0.0,0.0,0.0,0.0,0.0,0.0,0.0,0.0,0.0,0.0,0.03531080420468926,0.0,0.06704027264740521,0.15,0.07773575599607206,0.000981043497349671,0.02055225919086119,0.0,0.0,0.02612485808632484,0.15,0.029122185119800446,0.0,0.0,3.1879241601205457e-09,0.0,0.0,0.0,0.027734059340935136,0.15,0.0,0.003592122199414687,0.0,0.0,0.0,0.0,0.0,0.0,0.0,0.0,0.0,0.00773313173102107,0.0,0.0,0.0,0.0,0.0,0.0,0.0049825368204650155,0.0,0.0,0.029358417014350494,0.0,0.0,0.0,0.0,0.0,0.0,0.0,0.0,0.0
2016-03-31,0.0,0.0,0.0,0.0,0.0,0.0,0.0,0.0,0.0,0.0,0.0,0.0,0.0,0.0,0.0,0.0,0.0,0.006186664135695765,0.0,0.0,0.0,0.0,0.0,0.0,0.0,0.0,0.004413017120185743,0.0,0.0,0.0,0.0,0.0,0.0,0.0,0.0,0.0,0.0,0.0,0.0,0.0,0.0,0.0,0.0,0.0017373184997429233,0.006314274489376223,0.0,0.0452741242050143,0.0,0.053930132706565825,0.08630282018405847,0.029823437588999854,0.02044017731825559,0.02551620424170315,0.0,0.06529348045747804,0.051691736789128695,0.15,0.05345731606732915,0.012056116001979183,0.0,0.04416595998137896,0.020631424786088717,0.02655508826651889,0.03579353954509629,0.050875457735052844,0.15,0.0,0.0,0.009456778964795395,0.0,0.0,0.0,0.0,0.047664865120022576,0.0,0.0,0.0,1.137664787756713e-09,0.0,0.0,0.0,0.0,0.0,0.0,0.002420064657868447,0.0,0.0,0.0,0.0,0.0,0.0,0.0,0.0,0.0,0.0,0.0,0.0
2016-04-30,0.0,0.0,0.0,0.0,0.0,0.0,0.0,0.0,0.0,0.0,0.0,0.0,0.0012506816936992467,0.0,0.0,0.0,0.003283899626364797,0.0,0.0,0.0,0.0,0.0,0.0,0.0,0.0,0.0,0.0030380662244960236,0.0,0.0,0.0,0.0,0.0,0.0,0.0,0.0,0.0,0.0,0.0,0.0,0.0,0.0,0.0,0.0,0.0,0.0034469039237164396,0.0,0.013946984091709193,0.0,0.023948260795074013,0.02561123096668983,0.013866964846528955,0.007099420489969934,0.006142256857334497,0.0,0.06265934499411377,0.05431920294422986,0.15,0.04719278360361428,0.024988666092112265,0.0,0.03351140258847033,0.02126954610008339,0.10944956751139755,0.09459702612909965,0.03898582386664178,0.1432042455834473,0.0,0.0,0.016827350124699953,0.0,0.0,0.0,0.0,0.09337429858504809,0.0,0.0,0.007986071161521478,1.1999373422395165e-09,0.0,0.0,0.0,0.0,0.0,0.0,0.0,0.0,0.0,0.0,0.0,0.0,0.0,0.0,0.0,0.0,0.0,0.0,0.0
2016-05-31,0.0,0.0,0.0,0.0,0.0,0.0,0.0,0.0,0.0,0.0,0.0,0.0,0.0,0.0,0.0,0.0,0.011981497453312381,0.0,0.0,0.0,0.0,0.0,0.0,0.0,0.0,0.0,4.3474800899116034e-10,0.0,0.0,0.0,0.0,0.0,0.0,0.0,0.0,0.0,0.0,0.0,0.0,0.0,0.0,0.0,0.0,0.0,0.0,0.0,0.0,0.0,0.024476423397765283,0.0,0.019482739342631065,0.011333450608346216,0.005883470517116085,0.018256809117320846,0.0707767241426103,0.053454742616605565,0.15,0.02275110856908918,0.04621712138259876,0.0,0.03972696310040461,0.03891016587469532,0.07926792099578742,0.08020553056008475,0.05516955066462717,0.07092193156434669,0.0161176783130061,0.0,0.06829340804513642,0.0,0.0,0.01485697031861389,0.0,0.04451192399098615,0.04399315310283092,0.0,0.005623816835060057,0.0,0.0,0.0,0.007786899052276798,0.0,0.0,0.0,0.0,0.0,0.0,0.0,0.0,0.0,0.0,0.0,0.0,0.0,0.0,0.0,0.0
2016-06-30,0.0,0.0,0.0,0.0,0.0,0.0,0.0,0.0,0.0,0.0,0.0,0.012696804028541902,6.444347677497975e-10,0.0,0.0,0.0,0.0,0.0,0.0,0.0,0.0,0.0,0.0,0.0,0.0,0.029702366980971173,0.0,0.0,0.0,0.0,0.0,0.0,0.0,0.0,0.0,0.0,0.0,0.0,0.0,0.0,0.0,0.0,0.0,0.0,0.0,0.0,0.0,0.0,0.027839989774457573,0.0,0.02242876729779754,0.008775749035410795,0.001197964249818457,0.011887431049327664,0.062472103658371435,0.03352990755260667,0.12367175098997117,0.0,0.03719337485341267,0.0,0.05213920005277947,0.050325295704916825,0.10730101991013528,0.11698389345773302,0.07116531403625012,0.03766087532806981,0.01710215170256382,0.0,0.07240676863285542,0.0,0.0,0.0,0.0,0.005818521002299621,0.08620030774106309,0.0,0.001231659327704987,0.0,0.0,0.0,0.00900446165464166,0.0,0.0,0.0,0.0,0.0,0.0,0.0,0.0,0.0,0.0,0.0,0.0,0.0,0.0012643213338649816,0.0,0.0
2016-07-31,0.0,0.0,0.0,0.0,0.0,0.0,0.0,0.0,0.0,0.0,0.008276286359346994,0.010327952785616795,0.0,0.0,0.0,0.0,0.022695129012458515,0.0,0.0,0.0,0.0,0.0,0.0,0.0,0.0,0.01695640124692645,0.0,0.0,0.0,0.008894794762348793,0.0,0.0,0.0,0.0,0.0,0.0,0.0,0.0,0.0,0.0,0.0,0.0,0.0,0.0,0.0,0.0,0.0,0.0,0.01814414252808914,0.0,0.012003382488232853,0.02035423520829027,0.007826200849162248,0.03963134096980535,0.06438473588461006,0.025705776694550243,0.020577703558448127,0.0,0.049714414104974555,0.0,0.04208613121348739,0.053732664971435286,0.14800042464163235,0.1352106552766929,0.05328699781527247,4.5398361825970765e-10,0.038963095110567926,0.0,0.08986432421762411,0.0,0.0,0.0227816178882035,0.0,0.0,0.08890128443391367,0.0,0.0,0.0,0.0,0.0,0.0016803075243264215,0.0,0.0,0.0,0.0,0.0,0.0,0.0,0.0,0.0,0.0,0.0,0.0,0.0,0.0,0.0,0.0
2016-08-31,0.0,0.0,0.0,0.0,0.0,0.0,0.027454378031052943,0.0,0.0,0.0,0.0,0.022664750267529406,5.68826612484508e-10,0.0,0.0,0.0,0.05257572357889938,0.0,0.0,0.0,0.0,0.0,0.0,0.006525000200738063,0.0,0.023373420253936412,0.0,0.0,0.0,0.05350847847982521,0.0,0.0,0.0,0.0,0.0,0.0,0.0,0.0,0.0,0.0,0.0,0.0,0.0,0.0,0.0,0.0,0.0,0.0,0.012481691735976057,0.0,0.009716292948974265,0.01676192909991652,0.0,0.019940962233134508,0.015453642681535084,0.011147190989039574,0.0,0.0,0.0318656779485445,0.0,0.031191019682850537,0.05822836679337708,0.14118755312339185,0.12799974268930303,0.059198271033193715,0.0,0.012043787585125322,0.0,0.07246352614705484,0.0,0.0,0.02667539298790262,0.0,0.0,0.1237317052680799,0.0,0.0003367225337724367,0.0,0.0,0.0,0.043474773138020256,0.0,0.0,0.0,0.0,0.0,0.0,0.0,0.0,0.0,0.0,0.0,0.0,0.0,0.0,0.0,0.0
2016-09-30,0.0,0.0,0.0,0.0,0.0,0.0,0.03503064091576851,0.0,0.0,0.0,0.005351819943261162,0.03371894382039466,0.0,0.0,0.0,0.0,0.03325624296958035,0.0,0.0,0.0,0.0,0.0,0.0,0.05727177812304215,0.0,0.03893126316947239,0.0,0.0,0.0017328117876224509,0.14478983303184353,0.0,0.0,0.01704547644705439,0.0,0.0,0.0,0.0,0.0,0.0,0.0,0.0,0.0,0.0,0.0,0.0,0.0,0.0,0.0,0.01994707378692826,0.0,0.01662494968104547,0.029989837592838808,0.0,0.019375516608098105,0.0,0.0,0.0,0.002639881681595527,0.008213109667166528,0.0,0.03739373141596766,0.08042982297425731,0.10775792957419736,0.06402671818096133,0.07017104423724632,0.0,0.0,0.0,0.09471107742439157,0.0,0.0,1.0615265906973055e-09,0.0,0.0,0.06881010683767513,0.0,0.0,0.0,0.0,0.0,0.002708078465469645,0.0,0.0,0.0,0.0,0.0,0.0,0.0,0.0,0.0,0.0,0.0,0.0,0.0,0.0,0.0,0.010072310602594886
2016-10-31,0.0,0.0,0.0,0.01055396846611109,0.0,0.0,0.0356108054986234,0.012153778151252074,0.1083752427576019,2.4324806100673076e-09,0.01319083551241878,0.05884868298936436,0.0,0.0,0.0,0.0,0.01961805888648607,0.0,0.0,0.0,0.0,0.0,0.0,0.12518763985951775,0.04402470404749946,0.07575636463687156,0.008977303725938888,0.0,0.0,0.06760397905953164,0.0,0.0,0.06673423149711039,0.0,0.0,0.0,0.0,0.0,0.0,0.0,0.0,0.0,0.0,0.0,0.0013292264476392882,0.0,0.0,0.03044077771296552,0.0,0.0,0.005950116805616258,0.040447903466069086,0.0,0.02793596869684616,0.0,0.0,0.0,0.0,0.002291984233500733,0.0,0.0,0.047320062702394965,0.08052172108088136,0.0,0.0,0.0,0.0,0.0,0.08450986328773868,0.0,0.0,0.0,0.0,0.0,0.0,0.0,0.0,0.0,0.010054145401502807,0.0,0.0,0.0,0.0,0.0,0.0,0.0,0.0,0.0,0.0,0.0,0.0,0.0,0.0,0.0,0.0,0.0,0.022562632644037055
2016-11-30,0.0,0.0,0.0,0.0,0.0,0.0,0.0,0.0,0.06943070633431682,0.0,0.0,0.00661504059882181,0.0,0.0,0.0,0.0,0.15,0.0,0.0,0.0,0.0,0.0,0.0,0.04397095162964744,0.0,0.0,0.0,0.0,2.2710133252761313e-09,0.006397791895451277,0.0,0.0,0.044484101754729805,0.0,0.020222412746586923,0.0,0.0,0.0,0.0,0.0,0.005778901293511485,0.0,0.002664306380811752,0.0,0.008406999158087873,0.0,0.0,0.02422539494728687,0.0,0.0,0.0,0.02809300409766689,0.0,0.013731533767396113,0.0,0.0,0.0,0.0030410938489361253,0.012470681664640826,0.0,0.0,0.06872869682213424,0.07071245189948284,0.0,0.012410879848770946,0.0,0.0,0.0,0.15,0.019703478125146015,0.03106081834266622,0.1334121510541291,0.0,0.0,0.02642583171195414,0.0,0.0,0.0,0.0,0.0,0.04801276980681114,0.0,0.0,0.0,0.0,0.0,0.0,0.0,0.0,0.0,0.0,0.0,0.0,0.0,0.0,0.0,0.0
2016-12-31,0.0,0.0,0.0,0.0,0.0,0.0,0.01631222149097952,0.0,0.11680172733247639,0.018306061312824657,0.06783977575703816,0.07111992017101366,0.0,0.0,0.0,0.0,0.05154968228438306,0.0,0.0,0.0,0.0,0.0,0.0,0.034412306124570774,0.0,0.0,0.0,0.0,0.0,0.0,0.0,0.0,1.9249132234406416e-09,0.0,0.0018132241771428457,0.0,0.0,0.0,0.0,0.0,0.035557649813530864,0.0,0.006590099511989738,0.0,0.0003567239706604726,0.0,0.008935860395090455,0.06939065621918014,0.0,0.0,0.0,0.0,0.0,0.0,0.0,0.0,0.0,0.0,0.0,0.0,0.0,0.0,0.0,0.0,0.0,0.0,0.02455502691782582,0.0,0.12968451211416285,0.0,0.014603346547279222,0.08229240995097116,0.011371547892951405,0.03969219905931059,0.058409215223961995,0.00346313414019955,0.039621578669363285,0.0,0.0,0.025308295688029447,0.07201282331015076,0.0,0.0,0.0,0.0,0.0,0.0,0.0,0.0,0.0,0.0,0.0,0.0,0.0,0.0,0.0,0.0
2017-01-31,0.0,0.0,0.004107427641891667,0.00533824326382617,0.0,0.0,0.0,0.0,0.15,2.9355090166817973e-09,0.15,0.07068504909054732,0.0,0.0009811489552866877,0.0,0.0,0.0,0.0,0.0,0.0,0.0,0.0,0.0,0.027902448039319513,0.0,0.027649301536704977,0.0,0.0,0.0,0.0,0.0,0.0,0.0,0.03299014544783108,0.023069143376934727,0.0,0.028750774457805522,0.0,0.0,0.007864081126398132,0.04288989660999216,0.0,0.052395781144036195,0.016406552849652895,0.049694531806262016,0.0,0.04395316587450686,0.15,0.0,0.0,0.0,0.0,0.0,0.0,0.0,0.0,0.0,0.0,0.0,0.0,0.0,0.0,0.0,0.0,0.0,0.0,0.0,0.0035604058424723375,0.01116365141604487,0.0,0.0,0.03280198610169235,0.0,0.0,0.0,0.0,0.03452151121706218,0.0,0.0,0.0,0.0,0.0,0.0,0.0,0.0,0.0,0.0,0.007762774026581127,0.0,0.0,0.0,0.025511977239642266,0.0,0.0,0.0,0.0,0.0
2017-02-28,0.0,0.0,0.0,0.0,0.0,0.0,0.0,0.0,0.03643416242729904,0.0,0.043385322024831405,0.013168186782835259,0.0,0.0,0.0,0.0,0.0,2.0076011624019586e-09,0.0,0.0,0.0,0.0,0.0,0.0,0.0,0.0,0.0,0.0,0.0,0.0,0.0,0.0,0.0,0.0,0.0,0.0,0.0,0.0,0.0,0.009982894255946622,0.0025105330763401284,0.0,0.0,0.0,0.03326405240961077,0.0,0.02658992303232075,0.07515272403199184,0.0,0.0,0.0,0.0,0.0,0.0,0.0,0.0,0.0,0.0,0.0,0.0,0.0,0.0,0.0,0.0,0.0,0.0,0.06878433664740402,0.04274932158533991,0.047433947327036034,0.041985163758889305,0.020252167337666407,0.1340738537110869,0.047232952785113545,0.15,0.05282812699785705,0.0,0.02221680040692143,0.0,0.0,0.0,0.011276210105630102,0.0,0.0,0.0,0.0,0.0,0.0,0.00826178579584496,0.0028672044867103816,0.0,0.0,0.01955504870960483,0.0,0.0,0.0,0.026032440953503,0.06396283934261499
2017-03-31,0.0,0.0,0.0,0.0,0.0,0.0,0.0,0.0,0.0,0.0,0.008838875386477717,0.0,0.0,0.0,0.0,0.0,0.0,0.0,0.0,0.0,0.0,0.0,0.0,0.0,0.0,0.0,0.0,0.0,0.0,0.0,0.0,0.0,0.0,0.027151418861598758,0.010447998096783548,0.0,0.0058092408901707525,0.0,0.0,2.504324626049924e-09,0.0005374627082050132,0.0,0.0,0.0,0.009095144898671791,0.0,0.0,0.002273809120240323,0.0,0.0,0.0,0.0,0.0,0.0,0.0,0.0,0.0,0.0,0.0,0.0,0.0,0.0,0.0,0.0,0.0,0.0,0.0086787707435501,0.05014492221382247,0.0,0.01971379171113421,0.0,0.15,0.0565783479754849,0.15,0.15,0.018498430759669948,0.06784391978583217,0.0,0.0,0.0,0.06371303095774034,0.0,0.0,0.0,0.0028760512663075703,0.0,0.0,0.03825130135530456,0.0,0.02509184785129537,0.0,0.02924424790529696,0.0,0.0,0.0022035472808965627,0.026420525190063635,0.07658731253712872
2017-04-30,0.0,0.0,0.0,0.0,0.0,0.0,0.0,0.0,0.009368372287551168,0.0,0.04721677847763845,0.010250082151459375,0.0,0.0,0.0,0.0,0.0,0.04943597202083568,0.0,0.0,0.0,0.0,0.0,0.0,0.0,0.0,0.0,0.0,0.01690367013432801,0.049949558936916987,0.0,0.0,0.0,0.0,0.0,0.0,0.0,0.0,0.0,0.0,0.0,0.016481351801427627,0.0,0.0,0.0,0.0,0.0,0.0,0.0,0.0,0.0,0.0,0.0,0.0,0.0,0.0,0.0,0.0,0.0,0.0,0.0,0.0,0.0,0.0,0.0,0.0,2.8720714228123687e-09,0.02131581999543478,0.0,0.0014384129484911704,0.0,0.05344476581675911,0.08795127516410262,0.15,0.0839587790380651,0.012296265180896788,0.02336555806281267,0.0,0.0,0.03496024280416254,0.013131845684320288,0.0,0.0,0.0,0.001043067354061332,0.0,0.0,0.0121155964362889,0.08541234576222065,0.01974337646767054,0.0,0.014854900217570155,0.0,0.0,0.0,0.07542275192992413,0.10993920845499043
2017-05-31,0.0,0.0,0.0,0.0,0.0,0.0,0.0,0.0,0.0,0.0,0.0,0.0,0.0,0.0,0.0,0.0,0.0,0.15,0.004139534026782094,0.0,0.0,0.011935551103714564,0.0,0.0,0.0,0.0,0.0,0.0,0.015465158639647349,0.01687278085282863,0.003335087463978764,0.004778023914663848,0.0,0.0,0.00657131677310031,0.0,0.0,0.10453216158005071,0.0,0.0,0.0,0.0,0.0,0.0,0.0,0.0,0.0,0.0,0.0,4.754480072322531e-09,0.0429718065608087,0.01035481653981191,0.05107033520438447,0.0,0.0,0.0,0.0,0.0,0.021173821169216588,0.008452387258782354,0.0,0.0,0.0,0.0,0.0,0.0,0.0,0.001101544847701587,0.0,0.0011683104503706072,0.0,0.0,0.04133933916617895,0.15,0.0,0.0,0.0,0.0,0.0321034717729822,0.0,0.0,0.0,0.0,0.0,0.03170988377029951,0.0,0.0,0.014345738928636997,0.11163152478789844,0.0,0.0,0.0,0.014947400433681358,0.0,0.0,0.0,0.15
2017-06-30,0.0,0.0,0.0,0.0,0.0,0.0,0.0,0.0,0.0,0.0,0.0,0.0,0.0,0.0,0.0,0.0,0.0,0.13984739315112818,0.0,0.0,0.0,0.0,0.0,0.0,0.0,0.0,0.0,0.0,0.03523040131030961,0.0,0.0,0.0,0.0,0.0,0.0,0.0,0.0,0.03438554362766502,0.0,0.0,0.0,0.0,0.0,0.0,0.0,0.0,0.0,0.0,0.0,0.0,0.029176612806181765,3.283794133665418e-09,0.06055053233559358,0.06889654476365323,0.10415485243991533,0.0080894557734785,0.0,0.04540314005459744,0.0,0.006782090628856006,0.030111544267686554,0.009159249049970347,0.0,0.009296949944684753,0.0,0.0,0.0,0.010521636486461192,0.0,0.002889437850978542,0.0,0.02187431633097889,0.03428378153324527,0.15,0.0,0.0,0.0,0.0,0.0,0.0,0.0,0.0,0.02223645676012774,0.0,0.007185602458384946,0.0,0.0,0.013376911073873874,0.08782841585066867,0.0,0.0,0.0,0.012107356787389497,0.0,0.0,0.0,0.05661177143037697
2017-07-31,0.0,0.0,0.0,0.0,0.0,0.0,0.0,0.0,0.0,0.0,0.0,0.0,0.0,0.0,0.0,0.0,0.0,0.0029953153612281434,0.0,0.003952001043581641,0.0,0.0006481547677185753,0.0,0.04354663079126937,0.0,0.0,0.014640096770639797,0.0,0.010711893227364136,0.01769845559066996,0.0,0.0,0.0,0.02756381438280583,0.06526493881806349,0.015951203786140476,0.0,0.09179096084292565,0.0,0.0,0.0,0.0,0.0,0.0,0.0,0.0,0.0,0.0,0.0,0.0,0.0,0.0,0.073520868395173,0.053529651918738194,0.024871828908942073,0.0,0.0,6.63407293086766e-09,0.0,0.07330507836219306,0.0,0.0,0.0,0.0,0.0,0.0,0.0,0.0,0.0,0.0,0.0,0.0,0.0,0.0037081890377163263,0.0,0.0020677420606812886,0.04166275625655885,0.0,0.0,0.0,0.0,0.0,0.08428107907437697,0.02088268181965272,0.04441677246546104,0.0,0.0,0.08574176851812912,0.14205792840173154,0.0,0.0,0.0,0.055190182764165915,0.0,0.0,0.0,0.0
2017-08-31,0.0,0.0,0.0,0.0,0.0,0.0,0.0,0.0,0.0,0.0,0.0,0.0,0.007211080969775577,0.0,0.0,0.0,0.0,0.0,0.0,0.02092266041101949,0.0,0.0,4.9749230767433036e-09,0.03918597106314442,0.0,0.0,0.03291283167934609,0.0,0.0,0.0,0.0,0.0,0.0,0.0,0.035168055761809265,0.0072835884035699445,0.0,0.11548077738889521,0.0,0.0,0.0,0.0,0.0,0.0,0.0,0.0,0.0,0.0,0.011401856419587783,0.0,0.018769757085244598,0.0,0.03140235746957043,0.12669156604938178,0.04872103374684729,0.0,0.0,0.12160102974512449,0.0,0.05491956252484976,0.0,0.0,0.0,0.0,0.0,0.0,0.012505012859845817,0.005437656915997828,0.011266362927105283,0.03742534449798626,0.029457552381397974,0.0,0.0,0.06218992451481309,0.0,0.0,0.0,0.0,0.0,0.0,0.0,0.0,0.022024220732240304,0.0,0.0,0.0,0.0,0.011655414649457945,0.13242785959765843,0.0,0.0,0.0,0.0,0.0,0.0,0.0,0.00393851723040773
2017-09-30,0.0,0.0,0.0,0.0,0.0,0.0,0.0,0.0,0.0,0.0,0.0,0.0,0.0,0.0,0.0,0.0,0.0,0.0,0.0,0.0,0.0,0.0,0.008846283348814113,0.0,0.0,0.0,0.009077249129923378,0.0,0.0,0.0,0.0,0.0,0.0,0.0,0.0,0.0,0.01607278508077077,0.09259556567322524,0.0,0.0,0.0,0.0,0.0,0.0,0.0,0.0,0.0,0.0,0.02667762152246888,0.0,0.04219510816699297,0.0,0.05529335009059073,0.08369874932934125,0.07032089924622138,0.0,0.0,0.05871404912288661,0.0,0.05870621934915744,0.0,0.0,3.252224321369249e-09,0.0,0.0,0.0,0.00759939203739646,0.01924538959741736,0.019598987523679084,0.04953177692180103,0.03732448762417189,0.03949727784124851,0.06265741215935892,0.14807323848960469,0.0,0.0,0.0,0.0,0.004498218047626225,0.025002712840874318,0.0,0.0,0.010608589954477226,0.0,0.0,0.0,0.0,0.00251309876962699,0.05165153488010019,0.0,0.0,0.0,0.0,0.0,0.0,0.0,0.0
2017-10-31,0.0,0.0,0.0,0.0,0.0,0.0,0.0,0.0,0.0,0.04873394316310229,0.0,0.0,0.0,4.1469742184975956e-09,0.0,0.0,0.0,0.0,0.0,0.02713588362950149,0.009669215470515202,0.0,0.04245147677472233,0.0,0.0,0.0,0.0,0.0,0.0,0.0,0.0,0.0,0.0,0.03358809805632351,0.0,0.015184975243003867,0.07270865122490222,0.0,0.0,0.0,0.0,0.0,0.0,0.0,0.0,0.0,0.09685344605881539,0.0,0.0,0.0,0.0,0.0,0.0038927973829649544,0.03580026873308667,0.03322153958711567,0.0,0.0,0.0830004360510377,0.0,0.03394979128802048,0.0,0.0,0.0,0.0,0.0,0.0,0.0,0.0,0.0,0.03256028082204316,0.010827245970183528,0.016119376667226223,0.10258080769689619,0.03348812645446683,0.0,0.0,0.0,0.0,0.02235274165145669,0.06952938915196208,0.0,0.0,0.0,0.0,0.0,0.0,0.024414388962138513,0.0285801660853753,0.03725474673950949,0.0,0.0,0.08610220298865612,0.0,0.0,0.0,0.0,0.0
2017-11-30,0.0,0.0,0.0,0.0,0.0,0.0,0.0,0.0,0.026778460657831307,0.0,0.0,0.011575255219917492,0.018925968928375603,0.0,0.0,0.0,0.03052286177884878,0.0,0.0144200881421792,3.9066044575944125e-09,0.0,0.0,0.0009912563565074362,0.0,0.0,0.0,0.0,0.0,0.0,0.0,0.0,0.0,0.0,0.04643749284586967,0.0,0.011336651136599197,0.15,0.0,0.0,0.0,0.0,0.0,0.0,0.0,0.0,0.0,0.046803497711624134,0.0,0.0,0.0,0.0,0.0,0.0,0.0,0.0,0.0,0.0,0.0,0.0,0.008612307501597947,0.0,0.0,0.0,0.0,0.0,0.0,0.015214565258692306,0.02158014243906025,0.0,0.015464810774462382,0.005110893732177403,0.0,0.10655321410141361,0.0,0.0,0.0,0.0,0.0,0.07773212786703311,0.15,0.051473040486802936,0.0,0.0,0.0,0.002363013581315933,0.0,0.05296757261752841,0.01503948916712582,0.023199126472621068,0.0,0.0,0.0968981593158117,0.0,0.0,0.0,0.0,0.0
2017-12-31,0.0,0.0,0.0,0.0,0.0,0.009439164474801847,0.0,0.0,0.03810737049065608,0.06901868960625968,0.031596961788622036,0.07406973080867531,0.0,0.0,0.04570672192487315,0.0,0.0015082138803525745,0.0,0.034545649676653335,0.016810599016757147,0.0,0.0,0.015917773911298786,0.0,0.0,0.0,0.0,0.0,0.0,0.0,0.0,0.0,0.0,0.044017449722991674,5.542540043707446e-09,0.0,0.15,0.0,0.0,0.0,0.0,0.0,0.0,0.0,0.0,0.0,0.0,0.0,0.0,0.0,0.0,0.0,0.0,0.0,0.0,0.0,0.0,0.005413609347333704,0.0,0.0,0.0,0.0,0.0,0.0,0.0,0.0073631874470474305,0.0,0.006520131257007639,0.06357571326981361,0.0,0.0,0.0050201911701714804,0.03190463683432316,0.0,0.0,0.0,0.0,0.0,0.0653638427806526,0.06918469098315001,0.06487043060792808,0.0,0.0,0.0,0.0,0.0,0.021792396012996745,0.0,0.04484829288307165,0.0,0.0,0.08340454656202223,0.0,0.0,0.0,0.0,0.0
2018-01-31,0.0,0.0,0.0,0.0,0.00026516403725569606,0.049122868214349816,0.01467521977464591,0.0,0.0,0.032529716715704926,0.0,0.05503228189428732,0.0,0.0,0.0,0.0,0.0,0.0,0.15,0.0002635459886890594,0.008180763850381766,0.0,0.0,0.0,0.0,0.0,0.0,0.0,0.0,0.0,0.0,0.0,0.0,0.069428378270166,0.0,0.00487196737590031,0.15,0.0,0.0,0.0,0.0,0.0,0.0,0.04692979411083377,0.0,0.0,0.012733570279992296,0.0,0.0,0.0,0.0,0.0,0.0,0.0,0.0,0.0,0.0,0.0,0.0,0.0,0.0,0.0,0.0,0.0,0.0,0.0,0.03928769377991773,4.943083088873162e-09,0.004666014926651527,0.0,0.0,0.0073931244973913235,0.1297912228011536,0.0,0.0,0.0,0.005246039320682282,0.0,0.026915412952260975,0.028263402299327972,0.008758249763042923,0.0,0.0,0.0,0.0,0.0,0.014954706810193442,0.0,0.01308469848127375,0.0,0.0,0.12760615891281457,0.0,0.0,0.0,0.0,0.0
2018-02-28,0.0,0.0,0.02631973709170134,0.027361762643755262,0.004234489359857515,0.035403635172171606,0.01589823590363214,0.0,0.0,0.03286954686784481,0.0,0.018678556513401584,0.0,0.0,0.0,0.0,0.06948197358421732,0.0,0.15,0.006265527639283543,0.0,0.0,0.0,0.0,0.0,0.0,0.0,0.0,0.0158478307881792,0.0,0.0,0.0,0.0,0.04799052713559307,0.018219603778454586,0.0,0.08741857436379594,0.0,0.0,0.037925307613433004,0.0,0.0,0.0,0.14502093583935324,0.06767512406112691,0.0,0.0,0.0,0.0,0.0,0.0,0.0,0.0,0.0,0.0,0.0,0.0,0.0,0.0,0.0,0.0,0.0,0.0,0.0,0.0,0.0,0.015054757758268344,0.0,0.0,0.0,0.0,0.0,0.0,0.0,0.0,0.0,0.018056481139301417,0.0,3.2320229540277685e-09,0.006954248230288761,0.029301951796558513,0.0,0.0,0.0,0.0,0.0,0.024253192342229935,0.0,0.0,0.03414809504329554,0.0,0.06561990210223348,0.0,0.0,0.0,0.0,0.0
2018-03-31,0.0,0.0,2.6849333902143256e-09,0.0,0.0,0.047138275227704994,0.0,0.0,0.0,0.0,0.0,0.0,0.0,0.0,0.0,0.0,0.08098198503257413,0.0,0.15,0.0,0.0,0.0,0.014277267902157673,0.0,0.0,0.0,0.0,0.0,0.01860237857785488,0.0,0.0,0.0,0.0,0.02669441833659278,0.016286474049533664,0.0,0.029987696752048196,0.0,0.0,0.0,0.0,0.0,0.0,0.045737609111417506,0.0,0.0,0.0,0.0,0.0,0.0,0.0,0.0,0.0,0.0,0.0,0.0,0.015091080395859073,0.0,0.0,0.0,0.0,0.0,0.0,0.0,0.0,0.0,0.06121540766602856,0.06593591677009715,0.07478731199496721,0.016798495901373566,0.013561113465102284,0.0754973442933803,0.0,0.014011193457263803,0.0,0.02071100095044338,0.06706664936987349,0.02529586489449797,0.0,0.0,0.06000117257948878,0.0,0.0,0.0,0.0,0.0,0.0014276888113659873,0.0,0.0,0.03348398939267156,0.0,0.025409662382769597,0.0,0.0,0.0,0.0,0.0
2018-04-30,0.0,0.0,0.015975527297454772,0.0,0.0,0.02116694271571343,0.0,0.0,0.0,0.002790723324109571,0.0,0.0,0.0,0.0,0.0,0.0,0.07110019904258813,0.0,0.15,0.0,0.0,0.0,0.02392293477890262,0.0,0.0,0.0,0.0,0.0,0.008566190456036153,0.0,0.0,0.0,3.396017022113284e-09,0.026650248438949996,0.04132967871536647,0.0,0.07597550916387469,0.0,0.0,0.0,0.0,0.0,0.0,0.04595878374084428,0.0,0.0,0.0,0.04963898533577445,0.0,0.0,0.0,0.0,0.0,0.0,0.0,0.0,0.08937195270693193,0.0,0.0,0.0,0.0,0.0,0.0,0.0,0.03948250986742868,0.0,0.047020943406415355,0.05382749752414948,0.055207125654450184,0.0,0.0,0.0711834869937859,0.0,0.021426366200772796,0.016223204377667277,0.0,0.027021419871886235,0.0035560900723647414,0.0,0.0,0.0,0.0,0.0,0.0,0.0,0.0,0.0,0.0,0.0,0.0,0.0,0.0,0.0,0.0,0.0,0.0026960392016271194,0.039907637716888635
2018-05-31,0.0,0.0,0.05114116871711912,0.000967225704645653,0.0,0.007090037610841651,0.0,0.0,0.0,0.0,0.0,0.0,0.0,0.0,0.0,0.0,0.1085531578375723,0.0,0.15,0.0,0.0,0.0,0.04861563980588482,0.0,0.0,0.012965229659839494,0.0,0.0,0.01764105516177093,0.0,0.0,0.0,0.030197879527220292,0.05601827461331808,0.01785689138930823,0.0,0.08079696060688203,0.0,0.0,0.04532601721128283,0.024194914243664756,3.696420714789701e-09,0.0,0.01637464771156288,0.0,0.0,0.0,0.04705427990644209,0.0,0.0,0.0,0.0,0.0,0.0,0.0,0.0,0.0,0.0,0.0,0.0,0.0,0.0,0.0,0.0,0.07350117591890441,0.0,0.0,0.03996686687650208,0.0,0.011155407872260752,0.0,0.061387008978830225,0.028654683136112587,0.06009371620409196,0.0,0.0,0.006393367880137875,0.0,0.0,0.004054389729384261,0.0,0.0,0.0,0.0,0.0,0.0,0.0,0.0,0.0,0.0,0.0,0.0,0.0,0.0,0.0,0.0,0.0
2018-06-30,0.0,0.0,0.046463575877598334,0.0,0.016380884931317216,0.0,0.0,0.0,0.0,0.0,0.15,0.0,0.0,0.0,0.017574922474240792,0.0,0.015600536090588644,0.0,0.14671871315669355,0.0,0.003371469292405684,3.638587468258578e-09,0.049599828481933964,0.0,0.0,0.0717530263286939,0.0,0.0,0.0457140409262388,0.0,0.004532973901237695,0.0,0.020749278698344493,0.08305617864974817,0.03687459913263497,0.020502184745652588,0.15,0.0,0.0,0.0,0.0,0.014453443938371795,0.0,0.0,0.0,0.0,0.0,0.0,0.0,0.0,0.0,0.0,0.0,0.0,0.0,0.0,0.0,0.0,0.0,0.0,0.010927290459113496,0.0,0.0,0.0,0.0,0.0,0.0,0.0,0.0,0.0,0.0,0.00467088183170219,0.0,0.0,0.022427208176086864,0.0,0.014323520120876631,0.0,0.026233067451034892,0.025364015575810476,0.0,0.0,0.0,0.0,0.0,0.0,0.0,0.0,0.0,0.0,0.0,0.0,0.0,0.0,0.0,0.002708356121087533,0.0
2018-07-31,0.0,0.0,0.05243112777966489,0.007043052895164013,0.029822494103680597,0.0,4.079014694445323e-09,0.0,0.0,0.0,0.15,0.0,0.0029714739413992373,0.02988661304241946,0.012236555168483381,0.00027800341604427236,0.0,0.0,0.023097361670177154,0.0,0.012517251398081162,0.0012355841461490255,0.032995344558004326,0.0,0.0,0.055357833476482064,0.0,0.0,0.035089610956907054,0.0,0.0,0.0,0.030573873536370002,0.04362593819332172,0.0,0.01870705476558671,0.15,0.0,0.0,0.0,0.0,0.04879971429876093,0.0,0.0,0.0,0.0,0.0,0.0,0.0,0.0,0.0,0.0,0.0,0.0,0.0,0.0,0.0,0.0,0.0,0.0,0.01152419906523059,0.0,0.0,0.0734939984640307,0.0476334252090393,0.0,0.0,0.0,0.0,0.0,0.0,0.0,0.0,0.0,0.06693681046971926,0.0,0.0,0.0,0.0,0.0,0.0,0.0,0.0,0.0,0.0,0.0,0.0,0.0,0.0,0.0,0.0,0.0,0.0,0.0,0.0,0.06374267536626953,0.0
2018-08-31,0.0,0.0,0.04191950755889068,0.022024567717243905,0.03158787938754362,0.0,0.08303327000152365,0.04898476119776065,0.0,0.0,0.1070310572477264,0.024461832914790017,0.0,0.029681972744431684,0.05665210216803429,0.02143417686499452,0.0,0.0,0.016887044959493246,0.0,0.0,0.0,0.0,0.0,0.0,0.019518404226149595,0.0,0.0,0.001560457500117066,0.0,0.0,0.0,3.086660536189311e-09,0.03518223195832094,0.02013449514872539,0.0524250319290099,0.15,0.0,0.0,0.0,0.03470856893019372,0.0571246239447226,0.0,0.0,0.0,0.0,0.0,0.0,0.0,0.0,0.0,0.0,0.0,0.0,0.0,0.0,0.0,0.0,0.0,0.0,0.0,0.0,0.0,0.014341489032000991,0.0027324317557818646,0.0,0.0,0.0,0.0,0.0,0.0,0.0,0.0,0.0,0.10211993948261698,0.0,0.0,0.0,0.0,0.0,0.0,0.0,0.0,0.0,0.0,0.0,0.0,0.0,0.0,0.0,0.0,0.0,0.0,0.0,0.0,0.006322029358473888,0.020132120884793808
2018-09-30,0.0,0.0,0.025145056794369375,0.0,0.021788721069641404,0.0,0.0681599443337119,0.0,0.0,0.0,0.15,0.008259225128117257,0.0,0.005310205605372869,0.0,0.0,0.0,0.0,0.007455593865449112,0.0,0.0,0.0,0.0,0.0074922432861381505,0.006459562777938604,4.125782554545055e-09,0.0,0.0,0.026585621714645912,0.03622214613665542,0.007015909131794162,0.0,0.011461002309327313,0.041535910737442415,0.0,0.02664869672704939,0.14492553247397347,0.0,0.0,0.0,0.00482421207132261,0.038155767097923295,0.0,0.0,0.0,0.0,0.0,0.0,0.0,0.0,0.0,0.0,0.0,0.0,0.0,0.0,0.0,0.0,0.0,0.0,0.0,0.0,0.0,0.0,0.0,0.0,0.0,0.0,0.0,0.0,0.0,0.0,0.0,0.0,0.1065618456778761,0.0,0.0,0.0,0.07170681694888055,0.0,0.0,0.0,0.0,0.0,0.0,0.0,0.0,0.0,0.0,0.04178873401092931,0.0080419012949074,0.08594321788959636,0.0,0.0,0.0,0.0,0.048512128791155074
2018-10-31,0.01041099743748589,0.0,0.048887535363154544,0.0,0.0,0.0,0.004066241096982674,0.03830202688981141,0.043610513266290556,0.0,0.09690566993233611,0.0,0.0,0.0,0.0,0.0,0.0,0.0,0.06328278521711936,0.0,0.0,0.0,0.012979524352300181,0.0,0.019292409623213165,0.022368499717027333,0.0,0.0,0.050610537589659235,0.02398752782788136,0.0,0.0,0.0,0.0,0.0,0.0,0.0339902922253416,0.023237837658235554,0.0,0.0,0.0,0.010730386638965804,0.0,0.0,0.0,0.0,0.0,0.0,0.0,0.0,0.0,0.0,0.0,0.0,0.0,0.0,0.0,0.0,0.0,0.0,0.0,0.0,0.0,0.0,0.0,0.0,0.0,0.0,0.0,0.0,5.0998170466712976e-09,0.004064314159573115,0.0,0.0,0.15,0.0,0.0,0.0,0.007687226077601069,0.008460179156133691,0.0,0.0,0.0,0.0,0.0,0.0,0.0,0.0,0.0009934770514021488,0.05695889476199596,0.09698610781937089,0.15,0.0,0.0,0.0,0.0,0.0221870110383014
2018-11-30,0.012093537403351638,0.0,0.03197099511406845,0.0,0.0,0.0,0.0,0.0,0.047428264738738804,0.025297611053554086,0.0,0.0,0.0,0.0,0.0,0.0,0.15,0.0,0.04516033759858419,0.0,0.0008268564909337531,0.011496286347462695,0.011022308134983904,0.0,0.031507613856574204,0.006040514211942881,0.0,0.015844247298622292,0.0,0.0,3.615839912275229e-09,0.0,0.0,0.0,0.0,0.0,0.0,0.03683102313728325,0.0,0.0,0.0,0.0,0.0,0.0,0.0,0.0,0.0,0.0,0.0,0.0,0.0,0.0,0.0,0.0,0.0,0.048516908395477294,0.04515631626180383,0.0,0.0,0.0,0.0,0.0,0.0,0.0,0.0,0.04901448621110102,0.0,0.0,0.0,0.0,0.0,0.06697196438911915,0.0,0.0,0.11368180532183257,0.0,0.0,0.0,0.0,0.0,0.0,0.0,0.04062819492035908,0.0043063210981653605,0.0,0.0,0.0,0.0,0.0,0.06145359881160791,0.03715544182852726,0.07856523150281242,0.0,0.0,0.0,0.029030132257253947,0.0
2018-12-31,0.011663297956352453,0.0019240753699162165,0.0016763526853750426,0.0,0.0,0.0,0.0,0.0,0.0,0.0,0.0,0.0,0.0,0.0,0.0,0.0,0.15,0.06638231835003411,0.0,0.0,0.0,0.0,0.0,0.0,0.015381459082363097,0.0,0.0017410497022162812,0.0,0.0,0.0,0.010793325731884589,0.022862475009774938,0.02035398210748468,0.0,0.0,0.0,0.0,0.10590429910015953,0.0,0.0,0.0,0.0,0.0,0.007729615643368238,0.0,0.0,0.0,0.0,0.0,0.0,0.0,0.0,0.0,0.0,0.0,0.1140303396059934,0.0030391396035635287,0.0,0.0,0.0,0.0,0.0,0.0,0.0,0.0,0.02405756772306332,0.0,0.0,0.0,0.0,0.0,0.06524132556476514,0.0,0.0,0.06569581807926521,0.00792407984060152,0.0,0.0,0.0,0.040753952213906874,0.0,0.0,0.02518833920506329,0.03823991415126358,0.0,0.0,0.0,0.0,0.0,0.14829865491985408,4.4982331507233205e-09,0.0032330761067984127,0.0,0.0,0.0,0.04788553774869934,0.0
2019-01-31,0.0,0.0,0.0,0.0,0.0,0.0,0.0,0.0,0.0,0.0,0.0,0.0,0.0,0.0,0.0,0.0,0.09660362185695219,0.0,0.0,0.0,0.0,0.0,0.0,0.0,0.0,0.0,0.0,0.0,0.018934706518542385,0.0,0.0,0.0,0.0,0.0,0.0,0.0,0.0,0.0816949349390084,0.0,0.0,0.0,0.0,0.0,0.0,0.0,0.0,0.0,0.0,0.027689030875672656,0.0,0.035024695838850706,0.02315774250233433,0.032626632364563236,0.05379873507644039,0.005519206538199948,0.15,0.06938608122990914,0.025100236186415242,0.0,0.018841071856529373,0.0017199714082744022,0.0,0.0,0.00011071031569280148,0.0,0.09864851008429622,0.0,0.0,0.0,0.0036034397198520516,0.026222288374224707,0.01636671626802304,0.0,0.0,0.0,0.0,0.0,0.0,0.0,0.0,0.0,0.0,0.02274166702491349,0.04229761939759595,0.0,0.0,0.0,0.0,0.0,0.03541270694703877,0.0,0.04377897067199947,0.0,4.17590760239698e-09,0.0,0.07072069982876343,0.0
2019-02-28,0.0,0.0,0.0,0.0,0.0,0.0,0.0,0.0,0.0,0.0,0.0,0.0,0.0,0.0,0.0,0.0,0.10854795750974124,0.014388731145546145,0.0,0.0,0.0,0.0,0.0,0.0,0.0052673240143691746,0.0,2.238521039481497e-09,0.011222305176760912,0.0,0.0,0.0,0.0,0.0,0.0,0.0,0.0,0.0,0.03187157953330701,0.0,0.0,0.0,0.0,0.0,0.0,0.0,0.0,0.0,0.0,0.019212648237793697,0.0,0.054426633016121904,0.047187311628542596,0.04452129034289742,0.02905851080790829,0.02165879248621109,0.15,0.03794872750987296,0.14177391701112532,0.0,0.04925879031253935,0.0,0.0,0.0,0.017342723697471155,0.0,0.0962887637813555,0.0,0.0,0.01114180850316334,0.033200523647623055,0.026582607337442655,0.0,0.0,0.0,0.011024421027383527,0.0,0.0,0.0,0.0,0.0,0.0,0.0,0.002836316098159304,0.0,0.0,0.0,0.0,0.0,0.0,0.002378359696284429,0.0,0.0,0.0,0.0,0.0,0.03285995523985884,0.0
2019-03-31,0.0,0.0,0.0,0.0,0.0,0.0,0.0,0.0,0.0,0.0,0.0,0.0,0.0,0.0,0.0,0.0,0.05748211825291723,0.0,0.0,0.0,0.0,0.0,0.0,0.0,0.015314075263354337,0.0,0.01808741539109137,0.02757483604663206,0.0,0.0,0.0,0.0,0.0,0.0,0.0,0.0,0.0,0.00873940197796673,0.0,0.0,0.0,0.0,0.0,0.0,0.0,0.0,0.0,0.0,0.021172603340720707,0.0,0.04488812589113459,0.045199395439493285,0.036672396585112725,0.025347902522884033,0.04163365987205881,0.12820968674510685,0.045707734084837415,0.1396162942628087,0.0036557357982859745,0.09337568589703399,0.0,0.0,0.0,0.03196250046713673,0.0,0.14963817871008703,0.0,0.0,0.0,0.022461832248100982,0.015463005116681547,0.0,0.0,0.0,0.0,0.0,0.0,0.004286188221591907,0.0,0.0,0.0,0.0,0.01061965405420956,0.012386054618915916,0.0,0.0,0.0,0.0,2.0702960608299848e-09,0.0,0.0,0.0,0.0,0.0,0.0005055171215412983,0.0,0.0
2019-04-30,0.0,0.0,0.0,0.0,0.0,0.0,0.0,0.0,0.0,0.0,0.0,0.0,0.0,0.0,0.0,0.0,0.0,0.0,0.0,0.0,0.0,0.0,0.0,0.02530410116574551,0.01660909574405989,0.0,0.027518266665085493,0.01554630497440228,0.0,0.0,0.0,0.0,3.4389885288738347e-09,0.0,0.0,0.0,0.0,0.022853525151633254,0.0,0.0,0.0,0.0,0.0,0.0,0.0,0.0,0.0,0.0,0.008889894763688719,0.0,0.033397823914055394,0.10920342815320296,0.023865235581738455,0.017121042836056675,0.06452666280359448,0.08889017491878456,0.0,0.09169320210104075,0.04643451167944329,0.1167993890472146,0.0,0.0,0.0,0.015486790286034939,0.0,0.11141856647481824,0.0,0.0,0.0,0.04996653682033944,0.041310514767209504,0.0,0.0,0.0,0.0,0.0,0.0,0.005997000197864236,0.0,0.0,0.0,0.0,0.0,0.03879433637157108,0.0,0.0,0.0,0.0,0.0021127246162095576,0.0,0.0,0.0,0.0,0.012537907962918612,0.013722959564299453,0.0,0.0
2019-05-31,0.0,0.0,0.0,0.0,0.0,0.0,0.01677728829291142,0.0,0.0,0.0,0.0,0.0,0.019833373492030713,0.0,0.07375965739204786,0.0,0.0,0.0,0.0,0.0,0.0,0.0,0.0,3.7291747914459525e-09,0.01528308649441118,0.0,0.0167454733016429,0.0,0.0,0.0,0.0,0.0,0.0,0.0,0.0,0.0,0.0,0.0,0.0,0.0,0.0,0.0,0.0,0.0,0.0,0.0,0.0,0.0,0.0,0.0,0.011843716821303545,0.08976382418077855,0.0,0.017353234514794588,0.008432948236695093,0.01662763993158518,0.0034239662388913837,0.04979948248265854,0.1103820052309042,0.13611790024015524,0.0,0.0,0.0,0.04786308788973123,0.0,0.14702772927621846,0.0,0.010030901156836528,0.006039068320773458,0.07672858874001653,0.04485859854926752,0.0,0.0,0.0,0.0,0.0,0.0,0.0,0.004347748733333954,0.0,0.0,0.0,0.0,0.054123432859973904,0.0,0.0,0.0,0.0,0.0,0.0,0.0,0.0,0.0,0.01693317991912531,0.0059040639747379026,0.0,0.0
2019-06-30,0.0,0.0,0.0,0.0,0.0,0.0,0.0,0.0,0.0,0.0,0.0,0.0,0.0,0.0,0.014408810673928128,0.0,0.0,0.0,0.0,0.0,0.0,0.0,0.0,0.035949376767743575,0.09322281833990209,0.034671055353901,0.11866419404456378,0.04080755358119769,0.0,0.0,0.01419070861638295,0.0,0.009677557887450311,0.0,0.0,0.0,0.0,0.010648779120411705,0.0,0.0,0.0,0.0,0.0,0.0,0.0,0.0,0.0,0.01937998469896456,0.0,0.0,0.0,4.9865163826368345e-09,0.0,0.0,0.0,0.0,0.0,0.06500438832575581,0.10680403232186708,0.02518839079473629,0.0,0.0,0.0,0.0,0.0,0.11287282674992387,0.0,0.0,0.0,0.07268249446063291,0.001791686057675943,0.0,0.0,0.0,0.0014306278963518756,0.0,0.0,0.021780780091383126,0.003620868705649231,0.0,0.0,0.0,0.013729399493329022,0.069168823264028,0.0,0.0,0.0,0.0,0.0050003481725605725,0.0,0.0,0.0,0.0,0.06465238214149124,0.044652107453652945,0.0,0.0
2019-07-31,0.0,0.0,0.0,0.0,0.0,0.0,0.0,0.0,0.0,0.0,0.0,0.0,0.0,0.0,0.0017877125213537472,0.0,0.0,0.0,0.0,0.0,0.0,0.0,0.0,0.0,0.013753409662596744,0.0,0.024131430512254158,0.0,0.0,0.0,0.0,0.0,0.0,0.0,0.0,0.0,0.0,0.0,0.0,0.0,0.0,0.0,0.002081335682494846,0.0,0.0,0.0,0.0,0.0,0.012537660761432794,0.0,0.02061326536299482,0.008517010206264468,0.0,0.017661758915812995,0.007603392574426931,0.05292232949022506,0.003756019849184653,0.0861448568123065,0.10355368312020678,0.0,0.0,0.0,0.0,0.07146322090651024,0.0,0.11428744861243695,0.0,0.028119186216556197,0.0,0.0253988256038611,0.009631615447782908,0.0,0.0,0.0,0.0,0.0,0.0,0.014766653222629725,0.0,0.0,0.0,0.0,0.04905977775953951,0.1179365425475791,0.0,0.0,0.0,4.636871633236132e-09,0.033550365398668396,0.0,0.0,0.0,0.0,0.10173833352301856,0.07898416065299114,0.0,0.0
2019-08-31,0.0,0.0,0.0,0.0,0.0,0.0,0.0,0.0,0.0,0.0,0.0,0.0,0.0,0.0,0.0,0.0,0.0,0.026993315265856913,0.0,0.0,0.0,0.0,0.0,0.0,0.0,0.0,0.00428294625864232,0.0,0.0,0.0,0.005579408999847846,0.0,0.0,0.0,0.0,0.0,0.0,0.020687184464303343,0.0,0.0,0.0,0.0,0.06006107473069936,0.0,0.0,0.0,0.0,0.0,0.0,0.0,0.05324512294482186,0.04328712597772066,0.021347737727862828,0.08215501536222872,0.041886680461947864,0.04304115638684809,0.027329205377511604,0.05035239011870666,0.106410057068431,0.0,0.014779848296304835,0.0,0.0,0.1231062382055837,0.0,0.003284792766987264,0.0,0.0,0.0,0.0,0.0,0.0,0.0,0.0,0.0,0.0,0.0,0.010684521473828068,0.0,0.0,0.0,0.0,0.0026409348805253724,0.0704838053530787,0.0,0.0,0.0,4.265293895336062e-09,0.006678491199770314,0.0,0.0,0.03160545846022074,0.0,0.05769420428527485,0.09238327966770325,0.0,0.0
2019-09-30,0.0,0.0,0.0,0.0,0.0,0.0,0.0,0.0,0.0,0.0,0.0,0.0,0.0,0.0,0.0,0.0,0.0,0.0,0.0,0.0,0.0,0.0,0.0,0.0,0.0,0.0,0.010015828134954143,0.0,0.0,0.0,0.0,0.0,0.0,0.0,0.0,0.0,0.0,0.0,0.0,0.0,0.0,0.0,0.0,0.0,0.0,0.0,0.0,0.0,0.009265604168116233,0.01636218037362474,0.057466282696601166,0.025672486535152018,0.03476166246745682,0.062120802776611236,0.05725889252510114,0.10440765607182174,0.13929828756691026,0.08112220978047248,0.04849103699953559,0.007474326046482645,0.05000271003744548,0.0,0.04044589215913755,0.09097640955371931,0.02350614033602359,0.044473208299273384,0.0,0.0,0.0,0.0,0.0,0.0,0.0,0.0,0.0,0.0,0.0,1.6153794849588802e-09,0.0,0.0,0.0,0.0,0.0,0.01598274052122168,0.0,0.0,0.0,0.011693883384921212,0.0062849245826850095,0.0,0.0,0.016894810138172962,0.0,0.017476966705141848,0.02854505652403821,0.0,0.0
2019-10-31,0.0,0.0,0.0,0.0,0.0,0.0,0.0,0.0,0.0,0.0,0.0,0.0,0.0,0.0,0.0,0.0,0.0,0.0,0.0,0.0,0.0,0.0,0.0,0.0,0.0,0.002096635202265735,0.0039900042721501714,0.0,0.0,0.0,0.0,0.0,0.0,0.0,0.0,0.004150083964691073,0.011697744858024405,0.0,0.0,0.0,0.0,0.0,0.0,0.0,0.0,0.0,0.0,0.0,0.032347636606767254,0.0,0.04857911141412876,0.02994529054946305,0.04357710358396657,0.07560844842448743,0.08196114500706767,0.10531731416419486,0.12456844868074934,0.0531495364120462,0.03724390658749822,0.0,0.03460922667095178,0.0,0.055766699583410774,0.08974513650986578,0.0,0.07870662917261669,0.0,0.0,0.0,0.0,0.0,0.0,0.0,0.0,0.0,0.0,0.0,0.0017133726237983427,0.0,0.0,0.0,0.0,0.0,2.2951216151493203e-09,0.0,0.0,0.0,0.011552104868080358,0.006900910420522253,0.0,0.0,0.00556784026091413,0.0,0.026480225266288335,0.03472544260092925,0.0,0.0
2019-11-30,0.0,0.0,0.0,0.0,0.0,0.0,0.0,0.0,0.0,0.0,0.0,0.0,0.0,0.0,0.0,0.0,0.0,0.0,0.0,0.0,0.0,0.0,0.0,0.0,0.0,0.0,0.0,0.0,0.0,0.0,0.0,0.0,0.0,0.027545341970392188,0.02974846832868494,0.038538665420099594,0.038201866608954395,0.0,0.0,0.0,0.0,0.0,0.0,0.0,0.0,0.0,0.0,0.0,0.0,0.0,0.030883806029579894,0.00788639532824981,0.00611631279672515,0.01514373785757012,0.0425381036522645,0.07211209490934344,0.12084198802053084,0.027932360977189374,0.0,0.0,0.05723968516628651,0.08830528040899825,0.1189512308371876,0.08763352917283072,0.0008004422235022365,0.12444096909695426,0.0,0.0,0.0,0.0,0.0,0.0,0.0,0.0,0.0,0.0,1.6594173013683793e-09,0.028992175218189385,0.0,0.0,0.0,0.0,0.0,0.0,0.0,0.0,0.0023358632473996885,0.010442421073768129,0.0050889282370200455,0.0,0.0,0.0,0.014945027181240996,0.0,0.0033353045776206187,0.0,0.0
2019-12-31,0.0,0.0,0.0,0.0,0.0,0.0,0.0,0.0,0.0,0.0,0.0,0.0,0.0,0.0,0.0,0.0,0.0,0.0,0.0,0.0,0.0,0.0,0.0,0.0,0.0,0.0,0.0,0.0,0.0,0.0,0.0,0.0,0.0,0.012015972188996655,0.001646906548967237,0.04798663389145862,0.009201550091544821,0.0,0.0,0.0,0.0,0.0,0.0,0.0,0.0,0.0,0.0,0.0,0.0,0.0,0.02224287223042073,0.014977156750653853,0.01976414498751975,0.015852807185468557,0.004791650588302338,0.0,0.08994214887876475,0.0,0.0,0.0,0.13032276043606605,0.090598031588997,0.13509900225632776,0.08528198413246735,0.017444447872631434,0.15,0.0,0.0,0.0,0.0,0.0,0.0,0.0,0.0,0.0,0.0,0.008149635753514229,0.05226655405922363,0.0011203596004074777,0.0,0.0,0.0,0.0,0.0,0.0,0.00431855565502804,3.2944038420402375e-09,0.02496693599725137,0.027984748339342627,0.0,0.0,0.0,0.011006431638089021,0.0,0.023018706034152743,0.0,0.0
2020-01-31,0.0,0.0,0.0,0.0,0.0,0.0,0.0,0.0,0.0,0.0,0.0,0.0,0.0436761306642863,0.006476871396162454,0.0,0.0,0.0,0.0,2.665440795985316e-09,0.0,0.0,0.0,0.002212606332834633,0.0,0.0,0.0,0.0,0.022828204954297892,0.0,0.0,0.0,0.0,0.0,0.0,0.0,0.0,0.0,0.0,0.0,0.0,0.0,0.0,0.0,0.0,0.0,0.0,0.0,0.0,0.014832645595585262,0.0,0.011385905314935973,0.0009871495481639046,0.014158521847727345,0.0,0.009689338932570384,0.04444441285973351,0.09194492287446983,0.046152128254255645,0.0,0.0,0.11275572072027722,0.15,0.15,0.04230930011337924,0.0,0.15,0.013369972001529689,0.019143478922852925,0.0,0.0,0.0,0.0,0.0,0.0,0.0,0.0,0.0,0.018160879185392668,0.0,0.0,0.0,0.0,0.0,0.0,0.0,0.005522554410348997,0.0038801256701419574,0.0,0.006046074689045324,0.0,0.0,0.0,0.020023053046568096,0.0,0.0,0.0,0.0
2020-02-29,0.0,0.0,0.023246493024175585,0.0,0.0,0.0,0.0,0.08847936284861548,0.0,0.0,0.0,0.0,0.04700877197615419,0.0,0.0,0.0,0.0,0.0010716080777950728,0.047420957780368735,0.0,0.0,0.0,0.0,0.0,0.0,0.0,0.0,0.06079091320198378,0.0,0.0,0.0,0.0,0.0,0.015558487335591328,0.009708517360039567,0.0,0.0,0.0,0.0,0.037035982008326744,0.0,0.0,0.0,0.001523107371681473,0.0,0.0,0.0,0.06501484280958818,0.018975125425390954,0.0,0.0,0.0,0.032944884820993274,0.0,0.0,0.0,0.0,0.0,0.0,0.0,0.06722893884357443,0.15,0.0034445354974659954,0.0,0.0,0.15,0.05461139257857206,0.048467649368811525,0.0,0.0,0.0,4.382935226234145e-09,0.0,0.0,0.0,0.0,0.012780223291042718,0.04026657836413832,0.0,0.0,0.0,0.0,0.0,0.0,0.0,5.853367253008179e-06,0.0,0.0,0.009946966988239356,0.0,0.0,0.0,0.014468803277263171,0.0,0.0,0.0,0.0
2020-03-31,0.0,0.0,0.0,0.0,0.0,0.0,0.0,0.01114395088032315,0.0,0.0,0.0,0.0,0.007203510140228589,0.0,0.0,0.0,0.0,0.0,0.03165421416299969,0.0,0.0,0.0,0.0,0.0,2.8523193106433666e-09,0.0,0.0193387523895458,0.04141978773567786,0.0,0.0,0.0,0.0,0.0,0.0,0.0,0.0,0.0,0.0,0.0,0.0,0.0,0.0,0.0,0.0,0.0,0.0,0.0,0.0,0.06509703102817611,0.0,0.0,0.03899461604104748,0.06540534209087255,0.0,0.039469903819111425,0.0006250432042927766,0.06966992473448015,0.07198062237442958,0.015408016227970923,0.0,0.08990891029620254,0.15,0.0,0.0,0.0005038724902722882,0.15,0.02782413016947393,0.012409542294353672,0.0,0.0,0.0,0.0,0.0,0.0,0.0,0.0,0.0,0.022363483912930245,0.0,0.0,0.01462884871707163,0.0,0.010635259977189995,0.011932875922775211,0.0,0.0,0.0,0.0,0.03238235853825533,0.0,0.0,0.0,0.0,0.0,0.0,0.0,0.0
2020-04-30,0.0,0.0,0.0,0.0,0.0,0.0,0.0,0.0,0.0,0.0,0.0,0.0,0.0,0.0,0.0,0.0,0.0,0.0,0.0,0.0,0.0,3.0975234114081306e-09,0.0,0.0,0.0,0.0,0.051948063265180214,0.027806518298251887,0.0,0.0,0.0,0.0,0.0,0.0,0.0,0.0,0.0,0.0,0.0,0.0,0.0,0.0,0.0,0.0,0.0,0.0,0.0,0.0,0.12838497327565915,0.11640212839441062,0.0,0.07897418074058385,0.09254445235716374,0.008989298810185313,0.027291243502569396,0.007888431981797008,0.0,0.013860452915075991,0.05940763179586529,0.009393968722911379,0.034550067211649625,0.018773297468857825,0.0,0.0,0.0,0.0,0.0,0.02371110957169419,0.0,0.05778861547863159,0.0122556176519279,0.0,0.0,0.0,0.0,0.0,0.007568820092469819,0.009585209506009633,0.0,0.0,0.0,0.0,0.045695739331710346,0.06636789070579506,0.0,0.0,0.0,0.0,0.05245821386201403,0.0,0.0,0.0,0.0,0.008538880412709648,0.0,0.039815191549352986,0.0
2020-05-31,0.0,0.0,0.0,0.0,0.0,0.0,0.0,0.0,0.0,0.0,0.0,0.0,0.0,0.0,0.0,0.0,0.0,0.0,0.0,0.0,0.0,0.0,0.0,0.0008556761612287438,0.0,0.0,0.007356612643653563,0.0,0.0,0.0,0.0,0.0,0.0,0.0,0.0,0.0,0.0,0.0,0.0,0.0,0.0,0.0,0.0,0.0,0.0,0.0,1.5467088153942402e-09,0.0,0.10447301670673137,0.10517700872573155,0.01624166729228893,0.07610762279462414,0.07235536692479795,0.025838281074133898,0.09947498206859111,0.06275701556849446,0.04281860077494947,0.07795166489612658,0.08474261693223,0.025986845388650696,0.03442217728617726,0.028228030997392337,0.0,0.0,0.004397990567381286,0.018225901756060335,0.0,0.0,0.0,0.0007448625580866119,0.0,0.0,0.0,0.0,0.0,0.0,0.0,0.0,0.0,0.0,0.0,0.0,0.0026056792193049736,0.012696285398323235,0.0,0.0,0.0,0.0,0.009939154224091343,0.0,0.0,0.0,0.0,0.0,0.0,0.02990362039923058,0.056699318095010706
2020-06-30,0.0,0.0,0.0,0.0,0.0,0.0,0.0,0.0,0.0,0.0,0.0,0.0,0.0,0.0,0.0,0.0,0.0,0.0,0.0,0.0,0.0,0.0,0.0,0.0021247372445137263,0.0,0.0,0.0,0.0,0.0,0.0,0.0,0.0,0.0,0.0,0.0,0.0,0.0,0.00393304704432791,0.0,0.0,0.0,0.0,0.0,0.0,0.0,0.0,0.0,0.0,0.07339728818711587,0.15,0.027018113032096922,0.08933606166935852,0.07562392888109623,0.034551735005196364,0.07834725496014035,0.036227799951905476,0.007323525019512046,0.04792027710974813,0.07358696333574194,0.023405013967445182,0.05704592310687461,0.017091560288923766,0.0,0.0,0.035325434332500905,0.0,0.0,1.529032523834106e-09,0.0,0.01277958596968869,0.0025390178263439605,0.0,0.0,0.0,0.0,0.0,0.0,0.0,0.0,0.0,0.0,0.0,0.013060154767002598,0.02532053527151992,0.0,0.0,0.0,0.0,0.018670978362018052,0.0,0.0,0.0,0.0,0.0,0.0,0.05380501791948954,0.041566045218406796
2020-07-31,0.0,0.0,0.0,0.0,0.0,0.0,0.0,0.0,0.0,0.0,0.0,0.0,0.0,0.0,0.0,0.0,0.0,0.0,0.0,0.0,0.0,0.0,0.0,0.0,0.0,0.0,0.0,0.0,0.0,0.0,0.0,0.0,0.0,0.0,0.0,0.0,0.0,0.0,0.0,0.0,0.0,0.0,0.0,0.0,0.0,0.0,0.0,0.0,0.06418501037920982,0.15,0.005698109568946289,0.08582478032351566,0.03882913242203212,0.012266653662903472,0.07185702953807457,0.07770148321480445,0.04003792828942817,0.08250156125671153,0.08463386408572775,1.7388270050403578e-09,0.05525524575401816,0.01225440348162847,0.0,0.0,0.0500183966714867,0.0,0.0054823135765197165,0.010973068012552925,0.0,0.016063041948188823,0.0,0.0,0.0,0.0586006758941638,0.0,0.0,0.0,0.0,0.0,0.0,0.0,0.0,0.007521591328609545,0.0022712953426709133,0.007006552583234405,0.0,0.0,0.0,0.007331506222760968,0.0,0.0,0.0,0.0,0.0,0.0,0.045091759383112474,0.008594595320872285
2020-08-31,0.0,0.0,0.0,0.0,0.0,0.0,0.0,0.0,0.0,0.0,0.0,0.0,0.0,0.0,0.0,0.0,0.0,0.0,0.0,0.0,0.0,0.0,0.0,0.0,0.0,0.0,0.0,0.0,0.0,0.0,0.0,0.0,0.0,0.0,0.0,0.0,0.0,0.0,0.0,0.0,0.0,0.0,0.0,0.0,0.0,0.0,0.0,0.0,0.025482047706535223,0.12637054995095195,0.03659584475903306,0.059531871893694584,0.018958403341361896,0.01559160409381065,0.05467058666456149,0.053707913098072144,0.05759226933509017,0.08967632950419312,0.051054158736936785,0.013970069621418115,0.057028897182658175,0.07653236644589026,0.05847200264644926,0.04523032063451757,0.09405064419381402,0.0031829227650768325,0.00017590101862438443,0.0025190687693829035,0.0,0.006632131611519769,0.0,0.0,0.0,0.019752955483001718,0.0,0.0,0.0,0.0,0.0,0.0,0.0,0.0,9.571460757533549e-10,0.0024665025590282687,0.0,0.0,0.0,0.0,0.0,0.0,0.0,0.0,0.0,0.0,0.0,0.0,0.030754637027231614
2020-09-30,0.0,0.0,0.0,0.0,0.0,0.0,0.0,0.0969534350763562,0.048976976814439764,0.11896159039755483,0.0,0.1325711023682242,0.0,0.0,0.023471547462025216,0.0,0.0,0.0,0.0,0.0,0.0,0.0,0.0,0.0,0.0,0.0,0.0,0.0,0.0,0.0,0.0,0.0,0.0,0.0,0.0,0.0,0.0,0.0,0.0,0.025533998176441558,0.0,0.0,0.0,0.0,0.0,0.02715070700427647,0.0,0.006237551321286131,0.0,7.675676873533713e-05,0.008339193279976755,6.017943408779525e-10,0.0,0.0,0.017124002656406293,0.0,0.061736297309933165,0.04793597882911805,0.008993188291855131,0.0,0.03527868773279574,0.08217249511179237,0.041458012193689754,0.0038937204040598705,0.07225016773109115,0.03980532449924933,0.02202479891215969,0.0,0.0,0.0,0.0,0.0,0.025682745239163685,0.046934676245659154,0.0,0.0,0.0,0.0,0.0,0.0,0.0,0.0,0.0,0.0,0.0,0.0,0.0,0.0,0.0,0.0,0.0,0.0,0.0,0.0,0.0,0.0,0.006437045571915832
2020-10-31,0.0,0.0,0.0,0.0,0.0,0.0,0.0,0.0,0.0,0.0,0.0,0.001971950448311823,0.0,0.0,0.0,0.0,0.0,0.0,0.0,0.0,0.0,0.0,0.0,0.0,0.0,0.0,0.0,0.0,0.0,0.0,0.0,0.0,0.0,0.0,0.0,0.0,0.0,0.0,0.0,0.0,0.0,0.0,0.0,0.0,0.0,0.06023295631608999,0.0,0.055011184179488616,0.0,0.15,0.009192940407670191,0.0,0.0,0.0,0.004521621126993879,0.0,0.02339894741791822,0.05919044242354605,0.0,0.0,0.033271787377584676,0.09773849053657249,0.06958498638751982,0.0,0.1266292370985995,0.01645909859773267,0.07242375800845831,0.017235278804647227,0.04434375654102304,0.00533376641361824,0.0,0.004986912800393394,0.01892167128295924,0.05152705727805152,0.024945720406974976,0.0,0.0,0.0,0.0,0.0,0.0,0.0,1.5542077003072023e-09,0.004462006850860936,0.0,0.0031336972617870685,0.0,0.0,0.0,0.045482730478990326,0.0,0.0,0.0,0.0,0.0,0.0,0.0
2020-11-30,0.0,0.0,0.0,0.0,0.0,0.0,0.0,0.0,0.0,0.0,0.0,0.00499603333490708,0.0,0.0,0.0,0.0,0.0,0.0,0.0,0.0,0.0,0.0,0.0,0.0,0.0,0.0,0.0,0.0,0.0,0.0,0.0,0.0,0.0,0.0,0.0,0.0,0.0,0.0,0.0,0.0,0.0,0.0,0.0,0.0,0.0,0.018952867867524013,0.0,0.0,0.0,0.13675905969801,0.008564866336490423,0.0,0.0,0.0,0.004601170501413718,0.0,0.052424345102035946,0.043220666872028655,0.0,0.0,0.0,0.0346295127402901,0.006211957071320803,0.0,0.05240800638850809,0.0822762304559482,0.13494378364747653,0.048667245209973384,0.0372117253937276,0.0,0.0,0.0,0.03890438826188524,0.0,0.0735074360357177,0.0,0.001968952381110509,0.0,0.0,0.0,0.04096079202121479,0.0,0.0,0.0,0.0,1.886921459596142e-09,0.0,0.015246282064360614,0.0,0.06486139251358872,0.005696986724298104,0.0,0.029250098076933996,0.027173604117854196,0.03656259529646004,0.0,0.0
2020-12-31,0.0,0.0,0.0,0.0,0.0,0.0,0.0,0.0,0.0,0.0,0.15,0.002948213824463595,0.0004447179511984433,0.0,0.0,0.0,0.0,0.0,0.0,0.0,0.0,0.0,0.0,0.0,0.0,0.0,0.0,0.0,0.0,0.0,0.0,0.0,0.0,0.0,0.0,0.0,0.0,0.0,0.0,0.0,0.0,0.0,0.0,0.0,0.0,0.05305669919836542,0.0,0.012249602375393827,0.0,0.063223645402799,0.0,0.0,0.0,0.0,0.0,0.0,0.0,0.0,0.0,0.0,0.0,0.019435342442822582,0.009425155698721977,0.0,0.0,0.03328435508455742,0.1000343671442066,0.02738753304153239,0.027532971445182058,0.0,0.0,0.020574475589366936,0.06367925437680799,0.013462870370940358,0.09611978655504011,0.0,0.009988112398424493,0.0,0.0,0.0,0.052386542174003806,0.11984699829317484,0.0,0.0,0.0,0.0009544483688200581,1.4475742921212187e-09,0.02679531236644838,0.0,0.06217953257874498,0.03211364447407968,0.0028764173973307534,0.0,0.0,0.0,0.0,0.0
2021-01-31,0.0,0.0,0.0,0.0,0.0,0.0,0.01985508885572311,0.0,0.054462045461564614,0.001338658997959066,0.15,0.013490938918979416,0.002922294360147774,0.0,0.0,0.0,0.0,0.0,0.0,0.0,0.0,0.0,0.0,0.0,0.0,0.004359054647589164,0.0,0.0,0.0,0.0,0.0,0.0,0.0,0.0,0.0,0.0,0.0,0.0,0.0,0.0,1.0283844593239262e-09,0.0,0.0,0.0,0.0,0.04611219155350233,0.0,0.0,0.0,0.0,0.0,0.0,0.0,0.0,0.0,0.0,0.0,0.0,0.0,0.0,0.0,0.0,0.0,0.0,0.0,0.005232220223457479,0.0655644495666556,0.01442855345603341,0.043652244535676094,0.0,0.0,0.012868299087857218,0.04079528364644968,0.0,0.14751426170220902,0.0,0.0,0.0,0.0,0.056912925855474764,0.07313127418717916,0.13882029971273188,0.0,0.0,0.0,0.0013727852288332313,0.013378918656017211,0.0,0.0,0.035004250186205864,0.013639458740877233,0.0,0.0,0.0,9.621079830108614e-05,0.0,0.045048290592190995
2021-02-28,0.0,0.0,0.0,0.0,0.021809912839164208,0.0069452697643225475,0.017151333990075682,0.0,0.15,0.020883292464703013,0.15,0.0033801866801904295,0.0,0.0,0.0,0.0,0.0,0.0,0.0,0.0,0.0,0.0,0.0,0.0,0.0,0.015064257007131394,0.0,0.0,0.0,0.0,0.0,0.0,0.0,0.0,0.0,0.0,0.0,0.0,0.0,0.0,1.4181932304060575e-09,0.0,0.0,0.01017995523264403,0.02689779727144813,0.062459772771812326,0.00025131906153604873,0.051515207840646275,0.0,0.0,0.0,0.0,0.0,0.0,0.0,0.0,0.0,0.0,0.0,0.0,0.0,0.0,0.0,0.00457703828493455,0.0,0.0,0.042651756996588866,0.0,0.024359024734739918,0.0,0.0,0.015302170909018897,0.0,0.0,0.1287945239781104,0.0,0.0,0.0,0.011141019509560948,0.08776758532529692,0.04195031448357806,0.10460492752878525,0.0,0.0,0.0011809538639916716,0.0,0.0,0.0,0.0,0.0011323780435270963,0.0,0.0,0.0,0.0,0.0,0.0,0.0
2021-03-31,0.0,0.0,0.0,0.0,0.05353393010289675,0.030734398797186837,0.02840043124181317,0.01461357433598235,0.15,0.04457788931982604,0.15,0.06620342728783742,0.0,0.0,0.001799780119933868,0.0,0.0,0.0,0.0,0.0,0.0,0.0,0.0,0.0,0.0,0.0,0.0,0.0,0.0,0.0,0.0,0.0,0.0,0.0,0.0021829350992743617,0.0,0.006239990763956211,0.0,0.0,0.0,6.853585322025395e-10,0.0,0.0,0.008844969242467858,0.0499923576109316,0.0,0.03609645459529452,0.15,0.0,0.0,0.0,0.0,0.0,0.0,0.0,0.0,0.0,0.0,0.0,0.0,0.0,0.0,0.0,0.000903491337218441,0.0,0.0,0.019843578512200456,0.0,0.0,0.0,0.0,0.0,0.015920623722213346,0.0034094635950561187,0.013656318347874523,0.0,0.0,0.0,0.027371593676739487,0.025766977160480597,0.0,0.08336488476363191,0.0,0.0,0.0,0.0,0.0,0.0,0.0,0.0,0.0,0.0,0.0,0.0,0.0,0.0,0.01654292968182552
2021-04-30,0.0,0.0,0.0,0.011401337096829906,0.04999045505440365,0.048131300332436865,0.029204553753576393,0.012785415471658136,0.15,0.0697197941698468,0.15,0.03506227255960234,0.0042385557937133335,0.0,0.01949478000800475,0.0,0.0,0.0,0.0,0.0,0.0,0.0,0.0,0.0,0.0,0.0,0.0,0.0,0.0,0.0,0.0,0.0,0.0,0.0008671299327746169,0.0,0.0,0.004023066641842487,0.0,0.0,0.0,0.0,0.0,0.0,0.0,0.04443689804593717,0.0,0.018141688988641658,0.06814091769672864,0.0,0.0,0.0,0.0,0.0,0.0,0.0,0.0,0.0,0.0,0.0,0.0,0.0,0.0,0.0,0.0,0.0,0.0,4.905400123650008e-10,0.0,0.0,0.0,0.0,0.0,0.030199061951302685,0.03849824019649468,0.02598228484136319,0.0,0.0,0.0,0.02306571245063102,0.019011749051415,0.012056281806490323,0.06557277038363218,0.0,0.0,0.0,0.0,0.0,0.0,0.0,0.0,0.0,0.0,0.0,0.0,0.0,0.0,0.0699757332821342
2021-05-31,0.0,0.0,0.0,0.008364367617180778,0.012139595101362637,0.0922230359592756,0.028861222712631095,0.002376388522118468,0.15,0.15,0.1329964898685977,0.06287326288086825,0.0,0.0,0.004714659996745163,0.027861129152726396,0.0,0.0,0.0,0.0,0.0,0.0,0.0,0.0,0.0,0.0,0.0,0.0,0.0,0.0,0.0,0.0,0.0,0.0,0.0,0.0,0.0,0.0,0.0,0.0,0.0,0.0,0.0,0.0,0.006591118807511728,0.0,0.004464674779644883,6.750526294363938e-05,0.0,0.0,0.0,0.0,0.0,0.0,0.0,0.0,0.0,0.0,0.0,0.0,0.0,0.0,0.0,0.0,0.0,0.0,0.013090610654766929,0.0,0.0,0.0,0.0,0.0,0.05352798435287034,1.794138160771632e-09,0.014228326047279128,0.0016099383536291472,0.0,0.0,0.002984627219418998,0.032542624871112036,0.012564054095091924,0.0,0.0,0.0,0.0,0.0,0.0,0.0,0.0,0.011735645604825701,0.0,0.0,0.0,0.0,0.0,0.024182736345261167,0.15
2021-06-30,0.0,0.0,0.0,0.022137255919158026,0.005093905883439894,0.02764316022659423,0.03139045903043253,0.0011407872963395136,0.15,0.14223698275179056,0.12558392282833297,0.05238962565719322,0.0,0.0,0.0,0.03758522130089008,0.0,0.0,0.0,0.0,0.0,0.0,0.0,0.0,0.0,0.0,0.0,0.0,0.0,0.02671045921929314,0.0,0.0,0.0,1.3119409244718344e-09,0.008471235410686511,0.0,0.0,0.0,0.0,0.0,0.0,0.0,0.0,0.0,0.01758931071565165,0.0,0.01277068049358979,0.019203449015104596,0.0,0.08099454334887468,0.0,0.0,0.0,0.0,0.0,0.0,0.0,0.0,0.0,0.0,0.0,0.0,0.0,0.0,0.0,0.0,0.02415086702892899,0.0,0.0,0.0,0.0,0.0,0.034065025103274145,0.0,0.0,0.06249878013842996,0.03158621718166607,0.0,0.026712712153540714,0.0,0.0,0.0,0.0,0.0,0.0,0.0,0.0,0.0,0.0,0.01466121920335066,0.0,0.0,0.0,0.0,0.0,0.003792879819052408,0.04159129896244466
2021-07-31,0.0,0.0,0.011730007445674479,0.024185969597398393,0.013311613336002746,0.02762892248890424,0.04548430352314427,0.007922425854085,0.15,0.11387496585653538,0.15,0.06974435740481331,0.023771907170614642,8.621200642858249e-05,0.02160260865316537,0.021052520003400063,0.0,0.0,0.0,0.0,0.0,0.0,0.0,0.0,0.0,0.0,0.0,0.0,0.0,0.03868704586579348,0.0,0.0,0.0,0.0,0.0,0.0,0.0,0.0,1.2548976246220105e-09,0.0,0.0,0.0,0.0,0.0,0.021379294281105826,0.0,0.0,0.018289767462782606,0.0,0.0217357033108163,0.0,0.0,0.0,0.0,0.0,0.0,0.0,0.0,0.0,0.0,0.0,0.0,0.0,0.0,0.0,0.0,0.0,0.0,0.0,0.0,0.0,0.006540115458651461,0.07439806974323682,0.0,0.0,0.06694075965560403,0.03792993749259991,0.0,0.0,0.0,0.0,0.0,0.0,0.0,0.0,0.0,0.0,0.0,0.0,0.0,0.0,0.0,0.0,0.0,0.0,0.011354138311281958,0.022349353823063453
2021-08-31,0.0,0.0,0.0,0.0,0.0,0.0,0.0019449931252554292,0.0,0.020085380289499077,0.05476817495366512,0.09986509552725756,0.0,0.0037856882699130894,0.0,0.0,0.00951594556181359,0.036088288789144544,0.0,0.0,0.0,0.0,0.0,0.0,0.0,2.0844222020952377e-09,0.0,0.0,0.0,0.008541759764894978,0.01910644152951556,0.0,0.00041215334929014337,0.0023986357613730463,0.0,0.0,0.0,0.0,0.010829678926046067,0.0,0.0,0.0,0.0,0.0,0.0,0.0,0.0,0.0,0.0,0.0,0.11919601248706319,0.0,0.016734021580895216,0.05864882083760496,0.0,0.0,0.0,0.0,0.0017600545374333012,0.0,0.0323360558956745,0.0,0.0,0.0,0.0,0.0,0.0,0.0,0.0,0.0,0.0,0.0,0.022274657670423983,0.08674141652426978,0.0,0.1364808983082612,0.11173547014938297,0.07208257849991154,0.0,0.0,0.0,0.06446134123822768,0.0,0.01020643433876118,0.0,0.0,0.0,0.0,0.0,0.0,0.0,0.0,0.0,0.0,0.0,0.0,0.0,0.0
2021-09-30,0.0,0.0,0.0,0.0,0.0,0.0,0.08202311594349183,0.0,0.0314342724228449,0.03598389465623718,0.13579674437214892,0.009602907334792165,0.0,0.0,0.0,0.0,0.09275458923568418,0.048967225580773814,0.0,0.0,0.0,0.0,0.0,0.0,0.0,0.0,0.0,0.0,0.031522210074568964,0.043402463829084165,0.0,0.011057939005511698,0.0,0.0,0.003680113243343919,0.0,0.0,0.029588323233975033,0.0,0.0,0.0,0.0,0.0,0.0,0.0,0.0,0.0,0.0,0.0,0.07521053877543415,0.0,0.02225210106744606,0.015700884208825924,0.0,0.0,0.0,0.0,0.0,0.0,0.0,0.0,0.0,0.0,0.0,0.0,0.0,0.0,0.0,0.019426235271698226,0.0,0.0,3.2861595218839118e-09,0.08117513335066774,0.0,0.015921971460035173,0.1157355365962919,0.07127126748134342,0.0,0.0,0.0,0.012754811844115635,0.0,0.002726359100585184,0.0,0.0,0.0,0.0,0.0,0.0,0.0,0.005368629802889613,0.0,0.0,0.0,0.006642728822050567,0.0,0.0
2021-10-31,0.0,0.0,0.05134684380329924,0.0,2.8775997978072964e-09,0.0010458448146067776,0.11402556796513205,0.0,0.11882078973398189,0.08087886974300074,0.05136134325206146,0.06254440935323798,0.017553067784050722,0.0,0.0377908264300148,0.0,0.035677743204049005,0.018857504674737412,0.013163761108741106,0.0085512330325935,0.0,0.0,0.03084717917520382,0.0,0.0,0.0,0.0,0.0,0.02666407593724011,0.0,0.0,0.0,0.0,0.0,0.0,0.0,0.0,0.0,0.0,0.0,0.02407663482858161,0.0,0.0,0.0,0.04907137309990804,0.0,0.0,0.007495827617364825,0.0,0.14320246659494612,0.0,0.0,0.0,0.0,0.0,0.0,0.0,0.0,0.0,0.0,0.0,0.0,0.0,0.0,0.0,0.0,0.0,0.0,0.0038420920477885926,0.0,0.0,0.0,0.04846640833734595,0.0,0.0,0.01148145877786485,0.0,0.0,0.0,0.0,0.0,0.0,0.0,0.0,0.0,0.0,0.0,0.0,0.0,0.0,0.007146452681820836,0.0,0.0,0.0,0.0,0.03608822312482867,0.0
2021-11-30,0.0,0.0,0.06114214047293333,0.006212760354746554,0.04193510195139184,0.058597469024264284,0.12259189324100456,0.03335023050769244,0.06311095704294813,0.06495582709003653,0.0821703287292727,0.08127792059494467,0.029994651643070216,3.091612058939091e-09,0.09925438069661938,0.0,0.0,0.0,0.034601850465406446,0.014284054042339437,0.0,0.0,0.0037917928227301765,0.0,0.0,0.027356364392656127,0.0,0.0,0.01885298154342081,0.0,0.0,0.0,0.0,0.0,0.0,0.0,0.0,0.007368918145089224,0.0,0.0,0.0,0.0,0.0,0.0,0.0,0.0,0.0,0.0,0.0,0.09184999598080296,0.0,0.0,0.0,0.0,0.0,0.0,0.0,0.0,0.0,0.0,0.0,0.0,0.0,0.0,0.0,0.0,0.0,0.0,0.0,0.0,0.0,0.0,0.0012098300940929228,0.0,0.012795461357177462,0.0,0.0,0.0,0.0,0.0,0.0,0.015013433283712019,0.0,0.0,0.0,0.0,0.0,0.0,0.0,0.0,0.0,0.0,0.0,0.0,0.0,0.018519604931093232,0.009762048500942424
2021-12-31,0.0,0.0,0.023460341855415033,0.0,0.0,0.016282690181329787,0.13616179113828403,0.03421252727961947,0.0,0.0,0.05516021272067727,0.001740109007234763,0.012057227525176314,0.0,0.05085230349525326,0.0,0.0,0.0,0.0,0.0,0.0,0.0,0.03533164632506139,0.0,0.0,0.0019708779764772318,0.0,0.0,0.040351444706030304,0.0,0.0,0.0,0.0,0.0,0.0,0.0,0.0,0.0,0.0,0.0,0.0,0.0,0.0,0.0,0.0,0.0,0.0,0.0,0.0,0.15,0.0,0.0,0.0,0.0,0.0,0.009822045230177242,0.016070171582952625,0.07139578271981158,0.0,0.0,0.0,0.0,0.0,0.0,0.0,0.0,0.0,0.0,0.01752913779154673,0.0,0.0,0.0,0.06059206292941634,0.0,0.0,0.0026127242191071867,0.0,0.0,0.0,0.0,0.0,0.032792180314260046,0.0,0.0,0.0,0.0,0.0,0.0,0.0,0.0,0.0,0.03219563706937982,0.00311106353936516,3.771530510777286e-09,0.017096757333520743,0.040200475433814296,0.1390007858545588
2022-01-31,0.0,0.0,0.02788992324165021,0.015287584289655999,0.0,0.05927418275667717,0.15,0.06616305304321544,0.0,0.0,0.051666417412911475,0.03515475658530884,0.030192634034154016,0.029477028815374305,0.07740064262598216,0.038655883221191074,0.007418999221581779,0.0,0.0,0.0,0.0,0.0,0.046202768822504785,0.0,0.0,0.0,0.0,0.0,2.7623239638929207e-09,0.0,0.0,0.0,0.0,0.0,0.0,0.0,0.0,0.0,0.0,0.0,0.0,0.0,0.0,0.0,0.0,0.0,0.0,0.0,0.0,0.011639107659809118,0.0,0.0,0.0,0.0,0.0,0.0,0.0,0.0,0.0,0.0,0.0,0.0,0.0,0.0,0.0,0.0,0.0,0.0,0.018726224044119777,0.0,0.0,0.0,0.07990388175627264,0.0,0.0,0.0,0.0,0.0,0.0,0.0,0.0,0.0026031662658723776,0.0,0.0,0.0,0.0,0.0,0.0,0.0,0.018198589921092093,0.023393911620543873,0.08740531064870916,0.014290340668694125,0.0,0.0050683642506244,0.008447826326118346,0.09553940000561274
2022-02-28,0.019544251483658476,0.012118130101121997,0.05709132556301229,0.07600936068139096,0.03005576445312786,0.06327998129090101,0.08830716564119435,0.07708842914930074,0.04219014665083272,0.04742096059344532,0.04955128495799631,0.024133868452376587,0.050101234829561095,0.049020967006303616,0.08631952706178168,0.05015573852270501,0.0142656692319572,0.0,0.0,0.0,0.0,0.0028660813020365875,1.8966761264300337e-09,0.0,0.0,0.0,0.0,0.0,0.0,0.0,0.0,0.0,0.0,0.0,0.0,0.0,0.0,0.0,0.017133838360891246,0.04411154115696536,0.0,0.0,0.0,0.0,0.0,0.0,0.044410898489124606,0.0,0.0,0.0019507800683761514,0.0,0.0,0.0,0.0,0.0,0.0,0.0,0.0,0.0,0.0,0.0,0.0,0.0,0.0,0.0,0.0,0.0,0.0,0.012184375364069008,0.0,0.0,0.0,0.0,0.0,0.0,0.0,0.0,0.0,0.0,0.0,0.0,0.0,0.0,0.0,0.0,0.0,0.0,0.0,0.0,0.0,0.0,0.040688677691193796,0.0,0.0,0.0,0.0,0.0
2022-03-31,0.0,0.010042485235691588,3.1635207455490008e-09,0.02003767163325494,0.018883316748851294,0.014529700036914813,0.09167979408918987,0.08027489511341707,0.0,0.0,0.0,0.0,0.03967067276902185,0.02323091979075991,0.04588005090632116,0.0034176519095955138,0.04242105585752368,0.0,0.0,0.0,0.0,0.0,0.0,0.0,0.0,0.0,0.0,0.0,0.0,0.0,0.0,0.0,0.0,0.0,0.0,0.0,0.0,0.0,0.0,0.04261686073870121,0.0,0.0,0.0,0.0,0.05970647772628407,0.0,0.12191361078952817,0.0,0.0,0.0,0.0,0.0,0.0,0.0,0.0,0.01083665032882191,0.0,0.09726160520304278,0.0,0.0,0.0,0.0,0.0,0.0,0.0,0.04121409874020403,0.010116567492435998,0.0,0.008267195952640777,0.0,0.0,0.0,0.03911519803866996,0.10660441301840735,0.0,0.0,0.0,0.0,0.0,0.04069920272993799,0.0,0.0,0.0,0.0,0.0,0.0,0.0,0.0,0.0,0.01641083822443676,0.0,0.015169063762826515,0.0,0.0,0.0,0.0,0.0
2022-04-30,0.0,2.3028579908116916e-09,0.0,0.0,0.05596952213872797,0.0,0.017247216108243743,0.029759304117720122,0.0,0.0,0.0,0.0,0.00808431183607265,0.0,0.0,0.0,0.05529288667318722,0.0,0.0,0.0,0.0,0.0,0.009234440304342909,0.0,0.0,0.0,0.0,0.0,0.0,0.0,0.0,0.0,0.0,0.0,0.0,0.0,0.0,0.0,0.0,0.016123893260816383,0.004269508100848839,0.0,0.0,0.0,0.08403679473139765,0.0,0.12109107676178352,0.008333790028438566,0.009817143815140003,0.0,0.0,0.0,0.0,0.0,0.0,0.0,0.0,0.05299011148170413,0.0,0.0,0.0,0.0,0.0,0.0,0.0,0.0,0.0,0.0,0.00303446649157391,0.0,0.00440858297353999,0.04056845265190882,0.11691714775739817,0.12387317203464004,0.0,0.0,0.0,0.0,0.0,0.04912419476877055,0.0,0.05531041643604353,0.0,0.0,0.0,0.0,0.0,0.0,0.0011181533280232648,0.03522518153703402,0.011490402345686705,0.08667982801409921,0.0,0.0,0.0,0.0,0.0
2022-05-31,0.0,0.0,0.0,0.0,0.06984883029908397,0.0,0.0,0.02576332536190805,0.0,0.0,0.0,0.006820118449260655,0.017218915723160706,0.011355800113769441,0.019986670334663493,0.014953822359754267,0.017187801379518346,0.0,0.0,0.0,0.0,0.0,0.0,0.0,0.0,0.0,0.0,0.0,0.0,0.0,0.0,0.0,0.0,0.040035301233797845,1.6692378703785687e-09,0.0,0.0,0.0,0.0,0.03578023511879581,0.0,0.01443934744904597,0.0,0.10375409162506254,0.14977063277062358,0.05170378379158212,0.15,0.07570104212959498,0.0,0.0,0.0,0.0,0.0,0.0,0.0,0.0,0.0,0.0,0.0,0.0,0.0,0.0,0.0,0.0,0.0,0.0,0.0,0.0,0.010823795819833127,0.0,0.0,0.0,0.002358696577690799,0.0,0.0,0.0038820214463680712,0.0001981943833967359,0.0,0.0,0.07747017625658531,0.0,0.0,0.0,0.0,0.0,0.0,0.0,0.0,0.0,0.06467869911767826,0.009596377070978945,0.02667231951860914,0.0,0.0,0.0,0.0,0.0
2022-06-30,0.014782506482181513,0.0005479390824336785,0.01043567518105507,0.010412003928174606,0.1459638135823397,0.0,0.03565886148490637,0.04079491381552976,0.0,0.023086930373051383,0.0,0.025713956045628067,0.012035320639723788,0.019415094857741982,0.06227280254091701,0.005315171824439735,0.0,0.0,0.0,0.0,0.0,0.0,0.0,0.0,0.0,0.0,0.0,0.0,0.0,0.0,0.0,0.0,0.0,0.040714384668559395,0.016372833353748065,0.0,0.0,0.0,0.005269251290620831,0.04450226646266721,1.6521472185249264e-09,0.0,0.0,0.10571873170170518,0.12413140746775325,0.027139637614347893,0.09064057209170968,0.08980297892056646,0.0,0.0,0.0,0.0,0.0,0.0,0.0,0.0,0.0,0.0,0.0,0.0,0.0,0.0,0.0,0.0,0.0,0.0,0.0,0.0,0.0,0.0,0.0,0.0,0.0,0.0,0.0,0.0,0.0,0.0,0.0,0.03523232855042646,0.0,0.0,0.0,0.0,0.0,0.0,0.0,0.0,0.0,0.014040616387625668,0.0,0.0,0.0,0.0,0.0,0.0,0.0
2022-07-31,0.017259989158509008,0.010220710632568283,0.0,0.0,0.12068417273785816,0.0,0.011035553292316291,0.0,0.0,0.0,0.0,0.016603404807061288,0.0,0.04209685931612642,0.0572899098115041,0.020280117878759114,0.0,0.0,0.0,0.0,0.0,0.0,0.05014430876185311,0.0,0.0,0.0,0.0,0.0,0.027975453237738746,0.0,0.0,0.0,0.0,0.05549728730002628,0.019637472891243984,0.0,0.052874341282880113,0.0,0.0,0.0,0.0,0.0,0.0,0.10849377254609385,0.12573297499814368,0.0,0.0216118883550272,0.05238012800759492,0.0,0.0,0.0,0.0,0.0,0.0,0.0,0.0,0.0,0.0,0.0,0.0,0.0,0.0,0.0,0.0,0.0,0.0,0.0,0.0,0.0,0.0,0.0,0.0,0.0,0.0,0.0,0.0,0.02981400343527836,0.009808397991290204,0.0,0.039534396470278226,0.0,0.0,0.0,0.0,0.0,0.0,0.0,0.0,0.0,0.026174919309858227,0.017768890185349866,0.04277998559456261,0.0,0.0,0.0,2.4735325089083715e-09,0.024301059524545355
2022-08-31,0.05999887378441139,0.02121612643981856,0.0,0.0,0.15,0.0,3.802986460505546e-09,0.0,0.0,0.029018313334067316,0.02326623937094754,0.012617517572869356,0.0,0.016338031623698988,0.049738888430870695,0.0,0.03741442050963683,0.0,0.0,0.0,0.0,0.0,0.05503774997182059,0.009890213449527663,0.0,0.0,0.0,0.0,0.01411135404236193,0.016563478515421892,0.016653171748730097,0.0,0.0,0.09367950850911796,0.03547432860489645,0.0,0.15,0.0,0.0,0.0,0.0,0.0,0.034261976627175436,0.07385927303182353,0.023445974611459353,0.017832434505273345,0.0,0.016766251251872335,0.0,0.0,0.0,0.0,0.0,0.0,0.0,0.0,0.0,0.0,0.0,0.0,0.0,0.0,0.0,0.0,0.0,0.0,0.0,0.0,0.0,0.0,0.0,0.0,0.0,0.0,0.0,0.0,0.008592913020372723,0.0,0.0,0.0,0.0,0.0,0.0,0.0,0.0,0.0,0.0,0.0,0.0,0.0,0.0,0.034222957240839694,0.0,0.0,0.0,0.0,0.0
2022-09-30,0.057796738208885826,0.0,0.03244516914802441,0.007186980253687785,0.08515923228392962,0.0,0.07034419689840224,0.0,0.0,0.038095475784407584,0.042317717495918734,0.0,0.0,0.0,0.038374628351621476,0.0,0.1351750224787762,0.04132790748310333,0.0,0.0,0.01750382115376177,0.0,0.011841172697196825,0.0014765590951798264,0.0,0.0,0.0,0.0,0.05025658831397472,0.022693828647943223,0.011552661311300788,3.745092040362664e-09,0.04154019058477023,0.05495472519962444,0.0623250659249148,0.011747824670464166,0.11852714766099857,0.0,0.0,0.0,0.0,0.0,0.010931925284709416,0.0,0.0,0.0,0.0,0.0,0.0,0.0,0.0,0.0,0.0,0.0,0.0,0.0,0.0,0.0,0.0,0.0,0.0,0.0,0.0,0.0,0.0,0.0,0.0,0.0,0.0,0.0,0.0,0.0,0.0,0.0,0.0,0.0,0.0,0.003156667653468622,0.0,0.03326874966984332,0.0,0.0,0.0,0.0,0.0,0.0,0.0,0.0,0.0,0.0,0.0,0.0,0.0,0.0,0.0,0.0,0.0
2022-10-31,0.02528427423486616,0.0,0.045469710871585106,0.006841901954599126,0.050383424436498715,0.010395075633659502,0.03541441565902559,0.0,0.0,0.0119380510011058,0.08186575601802472,0.0,0.0,0.0,0.0,0.0,0.0794338370542698,0.15,0.0,0.0,0.01598166710560515,0.0038057297323244805,0.008298234904580136,0.0,0.0,0.0,0.0,0.0,0.0862557714667903,0.021684733326108197,0.0,0.0,0.02236569825199229,0.0019028703850117767,0.06120503041849397,0.0,0.15,3.342220146978565e-09,0.0,0.0,0.0,0.0,0.08472078758112492,0.0,0.0,0.0,0.0,0.0,0.0,0.0,0.0,0.0,0.0,0.0,0.0,0.0,0.0,0.0,0.0,0.0,0.0,0.0,0.0,0.0,0.0,0.0,0.0,0.0,0.0,0.0,0.0,0.0,0.0,0.0,0.0,0.0,0.0,0.0,0.0,0.003332823427634137,0.0,0.0,0.0,0.013012455804777714,0.0,0.0,0.0,0.0,0.0,0.0,0.0,0.011001336605394336,0.0,0.0,0.0,0.019406410784307816,0.0
2022-11-30,0.05003831316061439,0.0,0.04388434883149285,0.0,0.0,0.0,0.007256591807268555,0.0,0.08042909517409293,0.016141833615309676,0.0241998117121434,0.0,0.0,0.0,0.0,0.0,0.026434570468063346,0.15,0.0,0.0,0.0,0.0,0.0,0.0,0.0,0.0,0.0,0.0,0.10954092993724401,0.027997382470227348,0.0,0.0,0.015602108850275185,0.0,0.030181037526530615,0.0,0.0922329411884526,0.01314452989565367,0.036858115496788475,0.0,0.0,0.03146997964348119,0.10601425710675227,0.0,0.0,0.0,0.06262625009004204,0.0,0.0,0.0,0.0,0.0,0.0,0.0,0.0,0.0,0.0,0.0,0.002349175060432501,0.0,0.0,0.0,0.0,4.676018051521774e-09,0.0,0.0,0.0,0.0,0.0,0.0,0.0,0.0,0.0,0.0,0.0,0.0,0.025187639746363656,0.0,0.006839772878765124,0.01108523135258752,0.0,0.0,0.0,0.0,0.0,0.0,0.0,0.0,0.0,0.0,0.0,0.010089753396329526,0.0,0.0,0.0,0.0,0.020396325915070995
2022-12-31,0.0029826729221970535,0.0,0.029768315274200773,0.0014965200908785793,0.0,0.0,0.0,0.013269756072314376,0.12623709207400602,0.03687310324918744,0.05244848510826652,0.0,0.0,0.0,0.0,0.0,0.015810473050589358,0.15,0.0,0.0,0.0,0.0,0.0,0.0,0.0,0.0,0.0,0.0,0.003278690410916648,0.0,0.0,0.0,3.213718413755218e-09,0.0,0.0597885315445157,0.011209128250507985,0.0276287390615429,0.0,0.04312814845477422,0.0,0.0,0.0057544979613240385,0.15,0.0,0.0,0.0,0.010393190531854175,0.0,0.0,0.0,0.0,0.0,0.0,0.0,0.0,0.0,0.0,0.0,0.023273608612886888,0.0,0.0,0.025496951557824808,0.0,0.0,0.0,0.0,0.019642235817631963,0.0,0.0,0.0,0.0,0.0,0.0,0.0,0.0,0.041425111487597296,0.08500371197335913,0.0,0.05562688365501763,0.00946414962488817,0.0,0.0,0.0,0.0,0.0,0.0,0.0,0.0,0.0,0.0,0.0,0.0,0.0,0.0,0.0,0.0,0.0
2023-01-31,0.0,0.0,0.019118753630670525,4.11359795790393e-09,0.0,0.0,0.0,0.026061239461359267,0.08962526058822018,0.0,0.0,0.0,0.0,0.0,0.0,0.0,0.0,0.15,0.0,0.0,0.0065441488972772,0.02831039252359131,0.0,0.0,0.0,0.0,0.0,0.0,0.0,0.0,0.0,0.0,0.0,0.0,0.03517221173732812,0.0,0.0,0.0,0.10501368167529286,0.06287473676293914,0.0,0.0,0.12619053989548562,0.0,0.0,0.0,0.0,0.0,0.0,0.0,0.012641201246116953,0.0,0.0,0.0,0.0077032067455063856,0.05999715030615814,0.0,0.0,0.03655920739676919,0.0,0.0,0.012351614550013528,0.0,0.0,0.04761725683658002,0.0,0.004401911991995988,0.01795956658128723,0.03850395956719835,0.00796602085949301,0.0016902563677866215,0.05361708871919648,0.0,0.0,0.0,0.0,0.026600415143833968,0.0,0.0,0.0,0.0,0.0,0.0,0.023480174402301903,0.0,0.0,0.0,0.0,0.0,0.0,0.0,0.0,0.0,0.0,0.0,0.0,0.0
2023-02-28,0.0,0.0,0.0,0.0,0.0,0.0,0.0,0.0,0.0,0.0,0.0,0.0,0.0,0.0,0.0,0.0,0.0,0.15,0.0,0.0,0.0,0.0,0.0,0.0,0.0,0.0,0.0,0.0,0.0,0.0,0.0,0.0,0.0,0.0,0.0,0.0,0.0,0.0,0.04363781302616921,0.007574794218310116,0.0,0.011050525798215796,0.09808181375356761,0.0,0.0,0.0,0.0,0.0,0.0,0.0,0.008561097081107038,0.04371024758193558,0.0,0.011390849299901324,0.020910758293316102,0.058842653790671766,2.829125251640742e-09,0.026981858900979056,0.054642112510100836,0.011711703274374296,0.0,0.0610650101728109,0.0164265157807118,0.0,0.09125480664912511,0.0,0.047808720263078294,0.07403273652034532,0.0,0.016495529220039933,0.003874088291922527,0.04466483163900647,0.0,0.029592755027856132,0.0,0.0,0.043949805405877874,0.0,0.023738970671451604,0.0,0.0,0.0,0.0,0.0,0.0,0.0,0.0,0.0,0.0,0.0,0.0,0.0,0.0,0.0,0.0,0.0,0.0
2023-03-31,0.0,0.0,0.0,0.0,0.0,0.0,0.0,0.0,0.04856735900784155,0.0,0.0,0.0,0.0,0.0,0.0,0.0,0.0,0.10011264490848495,0.0,0.0,0.017244610205185976,0.009312914024137715,0.0,0.0,0.0,0.0,0.0,0.0,0.0,0.0,0.0,0.0,0.0,0.0,0.0,0.0,0.0,0.0,0.03081275047025695,0.028837499125538745,0.028129433842343204,0.006854230312685338,0.08490650940964707,0.0,0.0,0.0,0.0,0.028625523274507673,0.0,0.0,0.0,0.0,0.0,0.0,0.0,0.0,0.0,0.0,0.010591967187924092,0.0,0.0,0.0,0.0,0.0,0.0,0.0,0.033862968441481234,0.06323208794254921,1.7279374572268023e-09,0.0,0.0,0.0,0.024482966431871214,0.15,0.04623360572480917,0.04406643812320912,0.08079257328042139,0.01921931102983534,0.04337953228005839,0.03657483681494445,0.03514337097844364,0.0,0.0,0.0,0.02543620691705117,0.003580658538834917,0.0,0.0,0.0,0.0,0.0,0.0,0.0,0.0,0.0,0.0,0.0
2023-04-30,0.0,0.0,0.0,0.0,0.0,0.0,0.0,0.0,0.0,0.0,0.0,0.0,0.0,0.0,0.0,0.0,0.0,0.046526145727118155,0.0,0.0,0.0,0.0,0.0,0.0,0.0,0.0,0.0,0.0,0.0,0.0,0.0,0.0,0.0,0.0,0.0,0.0,0.0,0.0,0.0,0.0,0.0,0.0,0.015144786163949642,0.0,0.0,0.0,0.0,0.0,0.0,0.0,0.0,0.05647417920987245,0.0,0.03235802724431569,0.021305672547103686,0.13825867544977805,0.05226651594114109,0.1082522433001326,0.07201640839457459,0.05597483372762866,0.0,0.03607499623960074,0.0,0.0,0.03317253586078892,0.0,0.01647410844120592,0.09399995636748712,2.117199931126313e-09,0.02332288138589766,0.031213915800471444,0.007164733638785362,0.0,0.03589564350388085,0.04100294894746275,0.0,0.0,0.0142540299897931,0.0,0.02297612421839914,0.026301677319518327,0.0,0.0,0.0,0.010491799259249139,0.0,0.009077159204645038,0.0,0.0,0.0,0.0,0.0,0.0,0.0,0.0,0.0,0.0
2023-05-31,0.0,0.0,0.0,0.0,0.0,0.0,0.0,0.0,0.0,0.0,0.0,0.0,0.0,0.0,0.0,0.0,0.0,0.07341460847835395,0.0,0.0,0.01576947228246232,0.0,0.0,0.0,0.0,0.0,0.0,0.0,0.0,0.0,0.006078598131280626,0.0,0.0006728117198398002,0.0,0.0,0.0,0.0,0.0,0.0,0.0,0.0,0.0,0.007086935171868671,0.0,0.0,0.0,0.0,0.0,0.0,0.0,0.016713291425713924,0.05661649649133115,0.0,0.03165275924510298,0.04568284016055242,0.11471795072363461,0.06981980894494799,0.10391847135471227,0.07762664763737795,0.06495615279053571,0.005730707943515605,0.0092906668632773,0.0,0.0,0.0,0.0,0.0,0.05874803662038665,0.058501962173601915,0.0,0.0,0.0,0.0,0.0,0.0,0.0,0.0,0.02905054494627088,0.06272444287309643,0.0555639810287153,0.0,0.0,0.007660053722064682,0.0,0.0,2.996436431255647e-09,0.013864773421710651,0.0,0.0,0.0,0.0,0.0,0.0,0.0,0.0,0.014137982853209738,0.0
2023-06-30,0.0,0.0,0.0,0.0,0.0,0.0,0.0,0.0,0.0,0.0,0.015196421096417743,0.0,0.0,0.0,0.0,0.0,0.04857070678506962,0.045541531223259664,0.0,0.0,0.0,0.0,0.0,0.0,0.0,0.0,0.0,0.0,0.0,0.011599055963159419,0.009562660231564624,3.3980111286292647e-09,0.028311554411395278,0.0,0.0,0.0,0.0,0.0,0.0,0.0,0.0,0.0,0.005467975607156422,0.0,0.0,0.0,0.0,0.0,0.0,0.0,0.0,0.03512994405365736,0.0020714130403109246,0.014721410104077464,0.036278141584149645,0.06646325933170572,0.10990974107939878,0.14685642815103775,0.05490699028516853,0.08686793884982899,0.0,0.0,0.0,0.0,0.0,0.0,0.0,0.024930717620575336,0.0,0.0,0.0,0.0,0.0,0.0,0.0,0.0,0.0,0.03631047898102297,0.062057565626940356,0.03269906594921777,0.0,0.0,0.008994434825415355,0.0,0.0,0.0,0.0,0.0,0.0,0.0,0.0,0.0,0.0,0.02029760586883753,0.04077537392300157,0.05647958200961994,0.0
2023-07-31,0.0,0.0,0.0,0.0,0.0,0.0,0.0,0.0,0.00449515011449103,0.0,0.03928271133811361,0.0,0.0,0.0,0.0,0.0,0.12178925506904555,0.07345076728605028,0.0,0.011554717941953702,0.0,0.0,0.0,0.010345779454740191,0.0,0.0,0.0,0.0,0.0,0.0,0.012316603627863772,0.0023995898226507706,0.04531038463951012,0.0,0.0,0.0,0.0,0.0,0.0,0.0,3.0964363189767625e-09,0.0,0.058129339578124536,0.0,0.0,0.0,0.0,0.0,0.0,0.0,0.0,0.0,0.0,0.0,0.010648966781785497,0.0011184816708045852,0.058140784207182473,0.07045580152031426,0.02341139295857428,0.045345467861967546,0.0,0.0,0.0,0.0,0.0,0.0,0.0,0.0,0.0,0.0,0.0,0.0,0.0,0.0,0.0,0.0,0.0,0.06037302260368741,0.04891208131882651,0.06398144942790336,0.0,0.0,0.04681513766206529,0.0,0.0,0.0,0.0,0.0,0.0,0.0,0.0,0.0,0.0010873821239290214,0.0701451562421388,0.0865181419680446,0.03397243168379644,0.0
2023-08-31,0.0,0.0,0.003694556318561622,0.01845916040948113,0.0,0.0,0.0,0.0,0.0,0.0,0.030622676967888618,0.0,0.0,0.0,0.0,0.0,0.14820601406424175,0.042254996363232565,0.0,0.0,0.0,0.0,0.0,0.010837048326116714,0.0,0.0,0.0,0.0,0.0,0.0,0.0,0.0,0.006763377389950235,0.0,0.0,0.0,0.0,0.0,0.0,0.0,0.010476998364912286,0.0,0.018424143764578196,0.0,0.00850866766156977,0.0,0.0,0.0,0.0,0.09363523284074042,0.0,0.0,3.632518702565551e-09,0.0,0.08427530217116097,0.07114570794329836,0.08703264268700889,0.15,0.02531905991698186,0.0,0.00022905815493524565,0.0,0.0,0.0,0.0,0.0,0.0,0.019255200721793257,0.0,0.0,0.0,0.0,0.0,0.0,0.0,0.0,0.0,0.015444508576419474,0.03433692106304125,0.008784605506199588,0.0,0.0,0.0,0.0,0.0,0.0,0.0,0.0,0.0,0.0,0.0,0.0,0.0,0.027493099973913925,0.03493698283319406,0.04986403434826116,0.0
2023-09-30,0.0,0.0,0.01774743796464796,0.0,0.0,0.0,0.0,0.021846615498683594,0.06647052604896853,0.05553588741697694,0.02383910350232245,0.04664394725162783,0.006814873091573968,0.0,0.0,0.0,0.14842408885315952,0.04765328093533998,0.009239460627840493,0.0,0.0,0.0,0.0,0.0036603028976340862,0.0,0.0,0.0,0.0,0.0,0.0,0.0,0.0,0.03407263699226727,0.0,0.0,0.0,3.0949375704103174e-09,0.0,0.014298104005509809,0.020352356442889873,0.033596895352503084,0.0,0.07352115045843355,0.0,0.017624053489092222,0.027455855262617398,0.0,0.0,0.0,0.0,0.0,0.0,0.0,0.0,0.0,0.0,0.0,0.0,0.0,0.0,0.0,0.0,0.0,0.0,0.0,0.0,0.0,0.0,0.0,0.0,0.0,0.0,0.0,0.0,0.0,0.0,0.0,0.0,0.0768414596602822,0.0,0.0,0.0,0.0,0.0,0.0,0.0,0.0,0.004250442025721972,0.0,0.0,0.0,0.0,0.0,0.03598734661317216,0.031046480183894568,0.0782047146420453,0.10487297768785764
2023-10-31,0.0,0.0,0.0,0.0,0.0,0.0,0.0,0.0,0.06191909077036442,0.0038460666188164733,0.0,0.05209242487178947,0.0,0.0,0.01744009280983369,0.006641442014649072,0.13835233229770677,0.0,0.02625470709460924,0.0,0.0,0.0,0.00021090822821687147,0.0,0.0,0.0,0.0,0.0,0.0,0.0,0.0,0.0,0.0,0.019047094332576005,0.018262020550885157,0.01132745627213968,0.04335628930595503,0.0,0.0,0.01526619663311274,0.00495980140006489,0.01809228367407173,0.11508096577194216,0.03961189162618409,0.017457177763543726,0.10097199954709701,0.004797819460835889,0.009722220877116708,0.0,0.0,0.0,0.0,0.0,0.0,0.0,0.0,0.0,0.0,0.0,0.0,0.0,0.0,0.0,0.0,0.0,0.0,0.0,0.0,0.0,0.0,0.0,0.0,0.0,0.0,0.0,0.0,0.0,0.0,0.02996352801124942,0.0,0.0,0.0,0.0,0.0,0.0,0.0,0.0,0.0,0.0,0.0,0.0,4.12809845137376e-09,0.0,0.0,0.0,0.09532618593914134,0.15
2023-11-30,0.0,0.0,0.0,0.0,0.0,0.0030996092215671437,0.0,0.0023815364888766233,0.08792427319875366,0.041476540451804746,0.0,0.059637991116628916,0.0,0.0,0.0,0.004471056533228977,0.04627085846299325,0.0,0.037329526635209456,0.0,0.0,0.0,0.02742876159164444,0.0,0.0,0.0,0.0,0.0,0.0,0.0,0.0,0.0,0.0,0.0,0.0532336816862588,2.769584770097349e-09,0.025023980345257914,0.0,0.015304655682976094,0.03571661895305671,0.0037254936359126674,0.04705561475922051,0.10674581104920308,0.01103955973233174,0.014998182585927286,0.11984133530473189,0.0001137042588432752,0.0,0.0,0.0,0.0,0.0,0.0,0.0,0.0,0.0,0.0,0.0,0.0,0.0,0.0,0.0,0.0,0.0,0.0,0.0,0.0,0.0,0.0,0.0,0.0,0.0,0.0,0.0,0.0,0.0,0.0,0.0,0.03534386023142986,0.0,0.0,0.0,0.0,0.0,0.0,0.0,0.0,0.0,0.0,0.0,0.0,0.012942637492782927,0.0,0.0,0.0,0.05889470781177511,0.15
2023-12-31,0.0,0.0,0.0,0.0,0.0,0.015094982378835844,0.0,0.0,0.01970689222183292,0.0,0.0,0.0016834188415078423,0.01210133575094525,0.0,0.0,0.0,0.006354148376369321,0.0,0.05589926379735474,0.0,0.0,0.010368833085640008,0.0,0.0,0.0,0.0,0.0,0.0,0.012779492688450408,0.0,0.0,0.0,3.758528868196652e-09,0.0,0.04718438920277643,0.07853562747992555,0.010592074650194065,0.04964811252322606,0.0,0.0,0.0,0.003253224972536438,0.032177578055574994,0.0,0.0,0.12088946978559945,0.0,0.0,0.0,0.0,0.0,0.0,0.0,0.0,0.030616084530649002,0.0,0.1245515633970522,0.0,0.029136922149260235,0.0,0.0,0.0,0.0,0.0,0.013593441863810082,0.0,0.0,0.0,0.0,0.0,0.0,0.007684723402071396,0.0,0.0,0.0,0.0,0.0,0.0,0.03853550868158569,0.0,0.0,0.0,0.0,0.0,0.0,0.0,0.0,0.016478126468887872,0.0,0.0,0.0,0.0,0.0,0.0,0.0,0.11313478193738527,0.15
2024-01-31,0.0,0.0,0.0,0.0,0.0,0.0,0.0,0.0,0.035512061077148445,0.0,0.0,0.0,0.0,0.0,0.0,0.0,0.028047793566835354,0.022477187372688803,0.026156301420554657,0.0,0.0,0.013479773653391883,0.0,0.0,0.0,0.0,0.010270224492168464,0.0,0.0,0.0,0.0,0.0,0.0,0.0,0.010351528542603542,0.049690956337406694,0.0,0.1110856498309498,0.0,0.0,0.0,0.0,4.439432136784585e-09,0.0,0.0,0.002136501969923505,0.0,0.0,0.0,0.0,0.0,0.0018402081381289884,0.0,0.0,0.05548767230801605,0.0,0.15,0.0,0.0,0.0,0.0,0.0,0.0,0.0,0.0,0.0,0.0,0.0,0.0,0.020865437737361794,0.00762145169279381,0.021473975988408743,0.0,0.08947277333473297,0.023575700604099675,0.0,0.005602213430241859,0.0,0.0385881024894984,0.0,0.0,0.0,0.0,0.0,0.0,0.0,0.0,0.06336951137333231,0.0,0.0,0.0,0.0,0.0,0.0,0.007677739640434322,0.05521723055984795,0.15
2024-02-29,0.0,0.0,0.0,0.0,0.0,0.0,0.0,0.0,0.0,0.0,0.0,0.0,0.0,0.0,0.0,0.0,0.05167961092162943,0.03309234121286408,0.027323731931555975,0.0,0.0,0.0,0.0,0.0,0.0,0.0,0.012702357698306278,0.0,0.0,3.0085948720937945e-09,0.0,0.013505887609088257,0.0,0.0,0.023951567767641378,0.05686780263185739,0.0,0.06885605675873947,0.0,0.0,0.0,0.0,0.0,0.0,0.0,0.0677976872331845,0.0,0.0,0.0,0.0,0.0,0.0,0.0,0.0,0.0017045080274585547,0.0,0.129098500267181,0.03058254072584736,0.0,0.003438214775071935,0.0,0.0,0.008875108824595022,0.0,0.0,0.0,0.0,0.0,0.0,0.006509599004598048,0.002449426072622543,0.0,0.0,0.1239458496203157,0.06758243822487939,0.0019180502876612391,0.016291218412121437,0.0,0.0,0.0,0.0,0.0,0.0,0.0,0.0,0.0,0.0,0.0234769934770836,0.0,0.0,0.0,0.0,0.0,0.0,0.01626122208983248,0.06208928341727007,0.15
2024-03-31,0.0,0.0,0.0,0.0,0.0,0.023283862254238626,0.0,0.0,0.0,0.0,0.0,0.0,0.0,0.0,0.0,0.0,0.0028317037633964425,0.09153478167471765,0.0,0.0,0.0,0.0,0.0,0.0,0.0,0.02818876478376806,0.011474952339994222,0.0,0.0,0.0,0.0,0.0,0.0,0.0,0.0,0.023834102290455666,0.0,0.05235068175882126,0.0,0.0,0.0,0.0,0.0,0.0,0.0,0.008393179374929536,0.0,0.0,0.0,0.0,0.0,0.0,0.0,0.0,0.0,0.01473013351534769,0.13081285537099802,0.02223008148890575,0.0,0.03689576190293341,0.0,0.0,0.011066340348957591,0.0,0.0,0.0,0.0,0.0,0.0,0.0,0.0,0.0,0.0,0.10593399799572434,0.06483931194887156,0.03302388623068446,0.039188312989415525,0.03164281020555249,0.0,0.020396069178845355,0.0,0.0,0.024969516809344394,0.0,0.0,0.0,0.0,0.029743735657305162,0.0,0.0,0.0,0.0,3.2766940723133085e-09,0.06087269747449498,0.09068628332144921,0.0,0.04107617404415444
2024-04-30,0.0,0.0,0.0,0.0,0.0,0.004442754539832803,0.0,0.0,0.0,0.0,0.0,0.0,0.0,0.0,0.0,0.0,0.0,0.15,0.0,0.0,0.0,0.0,0.0,0.0,0.0,0.0,0.0,0.0,0.0,0.0,0.0,0.0,0.0,0.02387748782325183,0.019291448567403023,0.045532990537995824,0.0,0.0,0.0,0.0,0.0,0.0,0.0,0.0,0.0,0.0,0.0,0.0,0.0,0.0,0.00630189528455155,0.0,0.0,0.0,0.0,2.3984843286662852e-09,0.13285996936720504,0.0,0.0,0.02061113918470555,0.0,0.0,0.056682360322667345,0.0,0.014807255239210127,0.0,0.03150544945012502,0.0653825744974085,0.008511929463946268,0.0,0.0,0.0,0.01366530310224861,0.15,0.021470845668111638,0.019480803849535842,0.032473929032509105,0.013764390582418564,0.0,0.021373511702614943,0.0,0.0,0.0,0.0,0.0,0.0,0.0,0.058067892259020405,0.0,0.0,0.0,0.0,0.0015007860082789158,0.030840489655713475,0.05755479146276112,0.0,0.0
2024-05-31,0.0,0.0,0.0,0.0,0.0,0.045606489767596736,0.0,0.0,0.03429309598566297,0.0,0.0,0.00013887628451708572,0.0,0.0,0.0,0.01807239692296109,0.0,0.044856200353814914,0.0,0.0,0.0,0.0,0.0,0.0,0.0,0.0023286105518680596,0.0,0.0,0.0,0.0,0.0,2.990642043818824e-09,0.0,0.03375558130331778,0.015514574590128954,0.0,0.0,0.0,0.0,0.0,0.0,0.0,0.020008489073946752,0.0,0.0,0.0,0.0,0.0,0.0,0.07272581994223085,0.005235018112732969,0.0,0.0,0.0,0.0,0.012738381969173486,0.0638469843115168,0.0,0.0,0.0,0.004480394835000328,0.0,0.09266822642636004,0.0,0.0,0.0,0.05230932646634991,0.1394349942338689,0.04192555131355974,0.0,0.0,0.0,0.04213874991547286,0.15,0.0,0.0,0.0,0.0,0.013494723188277182,0.055702286730488895,0.0,0.0,0.0,0.0,0.0,0.0,0.0,0.0,0.0,0.0,0.0,0.0,0.0,0.010869031011993505,0.027856193718518083,0.0,0.0
2024-06-30,0.0,0.0,0.0,0.0,0.0,0.02839102207670624,0.0,0.0,3.2259675136019795e-09,0.0,0.0,0.0,0.0,0.01855501113065245,0.010385815540396904,0.00321107781940978,0.0,0.03827434762450547,0.0,0.0,0.0,0.0,0.0,0.0,0.0,0.0,0.0,0.0,0.0,0.0,0.0,0.0,0.0,0.0,0.0,0.0,0.0,0.0,0.0,0.0,0.0,0.0,0.023858085917677074,0.0,0.0,0.04323032161890449,0.0,0.0,0.0,0.012277193377866197,0.009618665832493356,0.0,0.0,0.0,0.04029168301164669,0.027369194775379184,0.0842809571351611,0.0,0.0036302634546065207,0.0,0.0429776425786997,0.0,0.15,0.0,0.12420663277372382,0.0,0.0049383377511926126,0.05181928640392643,0.0007492816724866724,0.0,0.0,0.0,0.02529118698953237,0.08978695761669975,0.0,0.0,0.0,0.0,0.11077731113093643,0.0378929699853702,0.0,0.0,0.0,0.0,0.0,0.0,0.0,0.0,0.0,0.0,0.0,0.0,0.0,0.0,0.0,0.018186750556058968,0.0
2024-07-31,0.0,0.0,0.0,0.0,0.0,0.029242753247551958,0.0,0.0,0.003377378753878029,0.0,0.0,0.0,0.0,0.0,0.0062330249121734516,0.0,0.0,0.0,0.0,0.0,0.0,0.0,0.0,0.010805034930812632,0.0,2.289934637976368e-09,0.0,0.0,0.0,0.0,0.0,0.0,0.0,0.0,0.0,0.0,0.0,0.0,0.0,0.0,0.009541672818807134,0.0,0.033859469244888175,0.0,0.0,0.0,0.0,0.0,0.004718592737548675,0.0,0.03201670082428694,0.0,0.0,0.0,0.07204665066334826,0.05519220127117617,0.06526318843610104,0.0,0.020525555630975703,0.0,0.06412060835261396,0.015241187187896195,0.15,0.016873177613566527,0.09257797302052034,0.0,0.004245871978471846,0.026552203658155887,0.0,0.0,0.0,0.0,0.03106877912208858,0.06701791644557634,0.0,0.0,0.0,0.0,0.1314828117916516,0.033699078014947016,0.0,0.0,0.0,0.0,0.024298167053028827,0.0,0.0,0.0,0.0,0.0,0.0,0.0,0.0,0.0,0.0,0.0,0.0
2024-08-31,0.0,0.0,0.0,0.0,0.0,0.0,0.0,0.0,0.0,0.0,0.0,0.0,0.0,0.0,0.0,0.0,0.0,0.0,0.0,0.0,0.0,0.0,0.0,0.0,0.0013173414236836544,0.0,0.0,0.0,0.0,0.0,0.0,0.0,0.0,0.0,0.0,0.0,0.0,0.0,0.0,0.0,0.010019137783296184,1.3078071781927116e-09,0.01632450081514929,0.0,0.0,0.0,0.0,0.00935158522668475,0.045972822850410655,0.03548538646195573,0.04897954570915145,0.028626860312743696,0.0,0.01488122414116797,0.08184110926696739,0.03845678085322113,0.06235530354726632,0.012325325566244941,0.026981637819933166,0.0,0.08308208182032052,0.051819541968393425,0.15,0.018022355653433308,0.07084187569456078,0.0,0.0,0.010181080098946737,0.005241320380316605,0.0,0.0,0.0,0.0,0.026491927413094675,0.0,0.0,0.0,0.0,0.13359208636976136,0.017809167515489062,0.0,0.0,0.0,0.0,0.0,0.0,0.0,0.0,0.0,0.0,0.0,0.0,0.0,0.0,0.0,0.0,0.0
2024-09-30,0.0,0.0,0.0,0.0,0.0,0.0,0.0,0.0,0.0,0.0,0.0,0.0,0.0,2.303136744994155e-09,0.0,0.0,0.00430418077757611,0.020081827965368136,0.0,0.0,0.0,0.0,0.0,0.018043222522031218,0.023217953170421208,0.016231966281892156,0.014369306758878861,0.009266452923366785,0.010337371000821455,0.0,0.0,0.0,0.0,0.0,0.0,0.0,0.0,0.0,0.0,0.0,0.0,0.0,0.0,0.0,0.0,0.0,0.0,0.0,0.0895560034136584,0.039910501339013124,0.062360368269741416,0.04902290816017545,0.0,0.011122114824729898,0.0864356641316772,0.05444858767171047,0.01942343421844792,0.0,0.04592354580740492,0.0,0.056100026086383974,0.02927606214060849,0.11950302756629433,0.0,0.027818814117753655,0.0,0.0,0.0,0.0,0.0,0.0,0.0,0.0,0.0,0.0,0.0,0.0,0.0,0.15,0.03192409903858948,0.0,0.0,0.0,0.01132255951031851,0.0,0.0,0.0,0.0,0.0,0.0,0.0,0.0,0.0,0.0,0.0,0.0,0.0
2024-10-31,0.0,0.0,0.0,0.0,0.0,0.0,0.0,0.0,0.0,0.0,0.0,0.0,0.0,0.0,0.0,0.0,0.0,0.0,0.0,0.0,0.0,0.0,0.0,0.028031973226383913,0.030410103516341644,0.012862173679446363,0.07280993499136142,0.018096675426509494,0.006859212893885583,0.0,0.0,0.0,0.0,0.0,0.0,0.0,0.0,0.0,0.0,0.0,2.9732143814839045e-09,0.0,0.0,0.0,0.0,0.0,0.0,0.0,0.06159331166293025,0.0,0.0484650148627647,0.016414182363186855,0.0,0.014610224956641256,0.10078359567852711,0.013187568445848612,0.01912224977440852,0.0,0.07049024156174748,0.025883855058358052,0.006100877784826722,0.08693337530553591,0.11885164742618354,0.0,0.0,0.0,0.0,0.0,0.0,0.0,0.010566567449707239,0.0,0.0,0.0,0.0,0.0,0.0,0.0,0.15,0.0,0.0,0.0,0.0,0.04344265175085082,0.035115573319898334,0.0,0.0,0.0,0.0049125253583072225,0.0,0.0,0.0,0.004456460533134463,0.0,0.0,0.0,0.0
2024-11-30,0.0,0.0,0.0,0.0,0.0,0.0,0.0,0.0,0.0,0.0,0.0,0.0,0.0,0.0,0.0,0.0,0.0,0.0,0.0,0.0,0.0,0.0,0.0,0.0819023106539804,0.08173958978803127,0.05190149691723364,0.0643466116451225,0.019028093800068722,0.05393438842180812,0.0,0.0,0.015637350290315127,0.0,0.0,0.0,0.0,0.0,0.0,0.0,0.0,0.026942699331197237,0.0,0.0,0.0,0.0,0.0,0.0,0.0,0.008396076266527884,0.0,0.0748799929821688,0.048265449116466526,0.001878037609633414,0.027644597928672947,0.06453018984729192,0.03193580773263735,0.046988044141490756,0.0,0.05217678648298483,0.05391288129077341,0.0,0.011834669582925365,0.01774082245876635,0.0,0.0,0.0,0.0,0.0,0.0,0.0,0.0,0.0,0.0,0.0,0.0,0.0,0.0,0.0,0.10538650141817738,0.0,0.0,0.01363251957861642,0.0,0.04017773770828021,0.0,0.0,0.0,0.0,0.0051873412292356355,0.0,0.0,0.0,0.0,3.777593642840024e-09,0.0,0.0,0.0
2024-12-31,0.0,0.0,0.0,0.0,0.0,0.0,0.0,0.0,0.0,0.0,0.0,0.0,0.0,0.0,0.0,0.0,0.0,0.15,0.0,0.0,0.0,0.0,0.0,0.0542867072895887,0.07107496865754208,0.06246178595006166,0.033591408259860525,0.021125623561209346,0.028293473699577097,0.024553082145872707,0.014312345338870323,0.022311718232963896,0.0,0.0,0.0,0.0,0.0,0.0,0.0,0.0,0.02247634086679525,0.0,0.007394698278587723,0.0,0.0,0.0,0.0,0.0,0.0,0.0,0.03224150110653896,0.005152443758431755,0.0,0.00030066083435735123,2.49903585466341e-09,0.0,0.0,0.0,0.006865767289999316,0.018164070901115593,0.0,0.0,0.0,0.0,0.0,0.0,0.0,0.0,0.0,0.0,0.0,0.0,0.0,0.04713549913271091,0.0,0.0,0.0,0.0,0.15,0.0,0.0,0.12014740350313177,0.0,0.034481922062200875,0.0,0.0,0.0,0.0,0.0,0.0,0.0,0.012491497260570434,0.0,0.0,0.0,0.00907586696820758,0.0520612124027703
2025-01-31,0.0,0.0,0.0,0.0,0.0,0.0,0.0,0.0,0.0,0.0,0.0,0.0,0.0,0.0,0.0,0.0,2.5418613508387745e-09,0.15,0.0,0.0,0.0,0.0,0.0,0.07319468110881726,0.08008443464762835,0.059743903264326804,0.032832945708488576,0.04428821477760538,0.047114853556837706,0.0647101622451774,0.027857507136282277,0.0425835053701204,0.0,0.0,0.0,0.0,0.0,0.0,0.0,0.0,0.019051358192311765,0.0,0.0,0.0,0.0,0.0,0.0,0.0,0.0,0.0,0.006724572831365682,0.0,0.0,0.0,0.008311465345060604,0.0,0.0,0.0,0.022554631827605306,0.010229923021606758,0.0,0.0,0.0,0.0,0.0,0.0,0.0,0.0,0.0,0.0,0.0,0.0,0.03891852339001692,0.053109817278338245,0.0,0.0,0.0,0.0,0.04312174441787471,0.0,0.006331776956856141,0.03989778204916831,0.0,0.027693988798709844,0.0,0.0,0.0,0.0,0.0,0.0,0.0,0.03395559140741305,0.0,0.0,0.0,0.034319402654584885,0.03336921147194227
2025-02-28,0.0,0.0,0.0,0.0,0.0,0.0,0.0,0.0,0.0,0.0,0.0,0.0,0.0,0.0,0.0,0.0,0.0,0.15,0.0,0.0,0.0,0.0,0.0,0.03757471353357671,0.05328711717740555,0.0,0.0,0.0,0.030534731824960366,0.05535656932866216,0.013488102900306225,0.03859445060287276,0.01191107546579583,0.0,0.0,0.0,0.0,0.0,0.0,0.0,0.06237465770380326,0.0,0.004910574739939063,0.0,0.0,0.0,0.0,0.0,0.0,0.0,0.012053088555385286,0.0,0.00436117018409093,0.0,0.04248118028731959,0.0,0.019355362158110023,0.04122791537599398,0.0,0.0,0.014236651845566745,0.0,0.0,0.0,2.8903741831577734e-09,0.0,0.0,0.0,0.0,0.0,0.0,0.0,0.0,0.048675469436074384,0.0,0.0,0.0,0.0,0.06706046728616248,0.0,0.0,0.15,0.0,0.032469434973836225,0.0,0.0,0.0,0.0,0.0,0.0,0.0,0.0033803004917350612,0.0,0.004437096023999548,0.0,0.031320540583712045,0.0709093266303174
2025-03-31,0.0,0.0,0.0,0.0,0.0,0.0,0.0,0.0,0.0,0.0,0.0,0.01479251135405905,0.0,0.0,0.0,0.0,0.0,0.15,4.069772290452685e-09,0.0,0.0,0.0,0.0,0.0729143285402259,0.060213444595396445,0.00754026693236588,0.0,0.0,0.0694299529952659,0.05618749413120301,0.032950199815888016,0.06289614169467933,0.044472496040275686,0.0,0.0,0.0,0.0,0.01009482838490083,0.0,0.0,0.05698380013137192,0.0,0.007312505805750417,0.0,0.0,0.0,0.0,0.0,0.0,0.0,0.04052404636816566,0.010075978421607174,0.0193048004218047,0.0,0.017243477917088988,0.00010730372910042889,0.0,0.026169092707657802,0.016899149462463528,0.0,0.016606935623164284,0.0,0.0,0.0,0.0,0.0,0.0,0.0,0.0,0.0,0.0,0.0,0.0,0.024910251571549434,0.0,0.0,0.0,0.0,0.07901627374615865,0.0,0.0,0.10335471554008469,0.0,0.0,0.0,0.0,0.0,0.0,0.0,0.0,0.0,0.0,0.0,0.0,0.0,0.0,0.0
2025-04-30,0.0,0.0,0.0,0.0,0.0,0.0,0.0,0.0,0.0,0.0,0.0,0.0,0.0,0.0,0.0,0.0,0.0,0.12513031895067464,0.0900788687438933,0.0,0.009311175088228449,0.0,0.005405552726667754,0.0,0.0047971982936429,0.0,0.0,0.0,0.023111695908092728,0.0008297824731318469,0.020895995576459835,0.041185292878168654,0.04072008634936569,0.0,0.0,0.0,0.0,0.006569663652666542,0.0,0.0,4.751043473406849e-09,0.0,0.012012171513460497,0.0,0.0,0.0,0.0,0.0,0.0,0.0,0.04821133020361299,0.006029099698960282,0.013322463607052916,0.0,0.04366645483528852,0.09407315448645202,0.09326298859065073,0.09446816411786159,0.07690893567384818,0.0,0.0,0.0,0.0,0.0,0.029037438617331997,0.0,0.0,0.0,0.0,0.0,0.0,0.0,0.0,0.0,0.0,0.0,0.0,0.0,0.02227161130103858,0.0,0.008136760187682302,0.09056379177472365,0.0,0.0,0.0,0.0,0.0,0.0,0.0,0.0,0.0,0.0,0.0,0.0,0.0,0.0,0.0
2025-05-31,0.0,0.0,0.0,0.0,0.0,0.0,0.0,0.0,0.0,0.0,0.0,0.0,0.0,0.0,0.0,0.0,0.0,0.0,0.015262686106909574,0.0,0.0,0.0,0.0,0.0,0.0,0.0,0.004955912908436385,0.010875433263206375,0.0013629268289505278,0.0,0.0,0.0,0.0,0.0,0.0,0.0,0.0,0.0033033598307496475,0.0,0.0,0.0,0.0,0.0,0.0,0.0,0.0,0.0,0.0,0.03877592292695711,0.0,0.060809293698968606,0.0517016308172329,0.06244027369859495,0.037675392831747014,0.08127174081566615,0.1143648801201856,0.1171276203721325,0.09105304323994644,0.0804086844396934,0.035870804286881906,0.0204182567081664,0.0018415354566503719,0.0,1.6303574876322393e-09,0.045948517350288307,0.018132661052188748,0.0,0.0,0.0,0.0,0.0,0.0,0.0,0.0,0.0,0.0,0.0,0.0,0.0,0.0,0.02425087771117486,0.0220411041472688,0.0,0.0,0.0,0.0,0.0,0.0,0.0,0.023307543534480724,0.03679989622316523,0.0,0.0,0.0,0.0,0.0,0.0
2025-06-30,0.0,0.0,0.0,0.0,0.0,0.0,0.0,0.0,0.0,0.0,0.0,0.0,0.0,0.0,0.0,0.0036983491016386117,0.0,0.0,0.0060664000256956795,0.0,0.0,0.0,0.0,0.0,0.0,0.0,0.0,0.0,0.0,0.0,0.0,0.0,0.0,0.0,0.0034744153878138156,0.0,0.0,0.0,0.0,0.0,0.0,0.0,0.0,0.0,0.0,0.0,0.0,0.0,0.038334994784727676,0.0,0.04994698935607375,0.053696924088782114,0.03934259268296916,0.02884854748343718,0.060238506007550874,0.10560181868247816,0.08534655061551533,0.083271605908719,0.034918370497121064,0.03619620671899815,0.01017061784561051,0.0,0.035854068656106075,0.0,0.029440416186258207,0.09256906516633033,0.0,0.0,0.0,0.0,0.0,0.0,0.0,0.0,0.0,0.0,0.0,0.0,0.03260137809829833,0.040356000592304105,0.02554618165944493,0.03378490408472816,0.0,0.0,0.0,0.0,0.0,0.0,0.0,0.04518832546211184,0.02550676959707019,0.0,0.0,0.0,0.0,1.3102167744130085e-09,0.0
2025-07-31,0.0,0.0,0.0,0.0,0.0,0.0,0.0,0.0,0.0,0.0,0.0,0.0,0.0,0.0,0.0,0.007602360522955918,0.0,0.0,0.0,0.0,0.0,0.0,0.0,0.0,0.0,0.0,0.0,0.0,0.0,0.0,0.0,0.0,0.0,0.0,0.0,0.0,2.0229385348915713e-09,0.0,0.0,0.0,0.0,0.0,0.0,0.0,0.0,0.0,0.0,0.0,0.04153836479416675,0.0,0.023560492748086595,0.054698313283991676,0.007811412159268959,0.020716009693377245,0.044355185076970394,0.07538309604071082,0.015345083546518383,0.05075464969459643,0.01992830237525484,0.04477553507760793,0.01236920758295817,0.0,0.03428436800717005,0.05681310180818506,0.023667285184085254,0.1460697125317874,0.008426973642266909,0.0,0.0,0.0,0.0,0.0,0.0,0.0,0.0,0.0,0.0,0.0,0.05266516013143671,0.06865907220075725,0.02356854325655727,0.06920092677567433,0.0,0.0,0.0,0.0,0.0,0.0,0.0,0.03135941519332726,0.0,0.0,0.0,0.0,0.0,0.06644742664934979,0.0
2025-08-31,0.0,0.0,0.0,0.0,0.0,0.0,0.0,0.0,0.0,0.0,0.0,0.0,1.302500145422362e-09,0.0,0.0,0.012678731782773567,0.0,0.0,0.0,0.0,0.0,0.0,0.0,0.0,0.0,0.0,0.0,0.0,0.0,0.0,0.0,0.0,0.0,0.0,0.0,0.0,0.017186786778100406,0.0,0.0,0.0,0.0,0.0,0.011475291202920925,0.0,0.0,0.0,0.0,0.0,0.040839187958017574,0.0,0.01883005805712267,0.023666913391072464,0.0,0.0,0.045345885614809206,0.059468615606841434,0.02753046751214034,0.029836928757773353,0.0,0.04778308511396675,0.0,0.0,0.06980237860897454,0.04302004185957165,0.04449178800349914,0.15,0.0,0.0,0.0,0.0,0.0,0.0,0.0,0.0,0.0,0.0,0.0,0.0,0.007078600696038099,0.02232934838950192,0.0,0.15,0.0,0.0,0.0,0.0,0.0,0.0,0.0,0.049097862966382196,0.0006199815505227872,0.00013044857153736772,0.0,0.0,0.005481669841460357,0.07162969433868094,0.051676232095792016
2025-09-30,0.0,0.0,0.0,0.0,0.0,0.0,0.0,0.0,0.0,0.0,0.0,0.0,0.0,0.0,0.0,0.0028465921813098723,0.0,0.0,0.0,0.0,0.0,0.0,0.0,0.0,0.0,0.0,0.0,0.0,0.0,0.0,0.0,0.0,0.0,0.0,0.0004748817850150674,0.0,0.04782040051128384,0.0,0.0,0.0,0.0,0.0,0.0,0.0,0.0,0.0,0.0,0.0,0.04259588761338213,0.0,0.012652684828600477,0.007676076478376163,0.0,0.0,0.05872246754153185,0.04332184247415519,0.0,0.038030206899478544,0.0,0.03949520152506355,0.010484590265146778,0.04040709914658007,0.13683740801733735,0.017280431303800078,0.002559991358424947,0.05724381572784825,0.0,0.0,0.0,0.0,0.0,0.0,0.0,0.0,0.00892960185042192,0.0,0.0,0.0,0.012347760494453096,0.03448437806996501,0.0,0.15,0.0,0.0,0.0,0.0,0.0,0.0,0.0,1.4001982752701e-09,0.0,0.0,0.0,0.0011657378138447802,0.006586507064126329,0.08908223175380771,0.1389542038958487
2025-10-31,0.0,0.0,0.0,0.0,0.0,0.0,0.0,0.018309549540405663,0.0,0.0,0.0,0.0,0.0,0.0,0.0054907711072181105,0.0,0.0,0.0,0.0,0.0,0.0,0.0,0.0,0.0,0.0,0.0,0.0,0.0,0.0,0.0,0.0,0.0,0.0,0.008843869018754865,0.0014096480739981458,0.0,0.03873823958808026,0.0,0.0,0.0,0.0,0.0,1.0227296441095699e-09,0.0,0.0,0.0,0.0,0.012073074449071826,0.02133191326456643,0.0,0.003862695290449485,0.0,0.0,0.0,0.029148129349526212,0.029966637342811138,0.0,0.04672849544658592,0.0,0.02729753616104807,0.014329477765658512,0.07297114308127799,0.15,0.05730506809275212,0.00295776963699476,0.10355387403948631,0.0,0.0,0.0,0.0,0.0,0.0,0.0,0.039321229283739885,0.007762812884285168,0.0,0.0,0.0,0.0,0.009316120849543075,0.0,0.1367745681072147,0.0,0.0,0.0,0.0,0.0,0.0,0.0,0.0,0.0,0.0,0.0,0.0,0.0,0.04629739397100192,0.11620998263279968
2025-11-30,0.0,0.0,0.0,0.0,0.0,0.0,0.0,0.0,0.0,0.0,0.0,0.0,0.0,0.0,0.0,0.0,0.0,0.0,0.0,0.0,0.0,0.0,0.0,0.0,0.0,0.0,0.0,0.0,0.0,0.0,0.0,0.0,0.0,0.0,0.0,0.0,0.00788493638597236,0.0,0.0,0.002592781498510305,0.0,0.0,0.0,0.03883256092075963,0.0,0.02239413411034283,0.0,0.05257494073584811,0.017851903663238546,0.0,1.0244781598548193e-09,0.0,0.0,0.0,0.02165443984419502,0.021353719122592683,0.0,0.03107200361477376,0.0,0.0,0.007880310846922645,0.11663581128157387,0.07768576693641904,0.07201960107368732,0.004812103472322394,0.03762765941621291,0.0,0.01926929995488845,0.0,0.0,0.0,0.00032880451886239205,0.0012598288789147766,0.055885022617213224,0.07841063875374359,0.0017136592348222974,0.0,0.0,0.0,0.0,0.0,0.15,0.0,0.0,0.0,0.0,0.0,0.0,0.0,0.0,0.0,0.0,0.0,0.0,0.0,0.03888712921772087,0.1213729428759847
2025-12-31,0.0,0.0,0.0,0.0,0.0,0.0,0.0,0.003248623419379166,0.0,0.0,0.0,0.0,0.0,0.0,0.0,0.0,0.0,0.0,0.0,0.0,0.0,0.0,0.0,0.0,0.0,0.0,0.0,0.0,0.0,0.0,0.0,0.0,0.0,0.0,0.0,0.0,0.0,0.0,0.0,0.0,0.0,0.0,0.0,0.06706417733898494,0.0,0.024557834396689925,0.0,0.05346514366445032,0.02538599326432492,0.0,0.012675052283308768,0.0,0.0,0.0,0.05630233020874977,0.07299242657989528,0.004302095466814122,0.057714725058433405,0.004908748754724676,0.0,0.03080368240913659,0.15,0.07582418218493697,0.06162107322202302,0.022792651628781753,0.062236699687463155,0.0,0.00022893472429080116,0.0,0.0,0.0,0.0,0.0063872946421302925,0.038069721454412814,0.0450169137722049,0.0,0.0,0.0,0.0,0.0,1.3198176277031127e-09,0.06431903264461328,0.0,0.0,0.003369221886732354,0.0,0.0,0.0,0.0,0.0,0.0,0.0,0.0,0.0,0.0,0.0,0.05671343998770104
2026-01-31,0.0,0.0,0.0,0.0,0.0,0.0,0.0,0.0,0.0,0.0,0.0,0.0,0.0,0.0,0.0,0.0,0.0,0.0,0.0,0.0,0.0,0.0,0.0,0.0,0.0,0.0,0.0,0.0,0.0,0.0,0.0,0.0,0.0,0.0,0.0,0.0,0.0,0.0,0.0,0.0,0.0,0.0,0.0,0.05353468046978605,0.0,0.0174769258048855,0.0,0.023164029622326634,0.030081651632873203,0.0294417657528199,0.0,0.0,0.0,0.0121953666754186,0.04775814564604013,0.06335109289890005,0.013060863444090336,0.05135955749956063,0.026387326800630228,0.0,0.06663692253288131,0.15,0.08302837408037496,0.08837530181275866,0.018244490156974612,0.040652394584157606,0.0,0.02475343846971527,0.013070180550997264,1.2203725678272026e-09,0.0,0.014385989117345675,0.05034490224650267,0.058385961212804344,0.0,0.0,0.0,0.0,0.0,0.014659218173672437,0.00965141959411135,0.0,0.0,0.0,0.0,0.0,0.0,0.0,0.0,0.0,0.0,0.0,0.0,0.0,0.0,0.0,0.0
2026-02-28,0.0,0.0,0.0,0.0,0.0,0.0,0.0,0.0,0.0,0.0,0.0,0.0,0.0,0.0,0.0,0.0,0.0,0.0,0.0,0.0,0.0,0.0,0.0,0.0,0.0,0.0,0.0,0.0,0.0,0.0,0.0,0.0,0.0,0.0,0.0,0.0,0.0,0.0,0.0,1.4428130134650655e-09,0.0,0.0,0.0032134380340409522,0.020396508222170217,0.0,0.10434541604290762,0.0,0.04294339166378082,0.0034951064180607865,0.10633674067482093,0.0,0.0,0.0,0.0,0.002130464835365567,0.023192197400250372,0.016108413315167325,0.00024978485207865256,0.0,0.0,0.01650406351614198,0.15,0.008525701333310744,0.11323276571821647,0.0,0.10598508098443853,0.0,0.07419672486376463,0.011613671177009774,0.0,0.0,0.02174020398314861,0.039577659893966124,0.07715049017747179,0.0,0.0,0.0,0.0,0.0,0.008105072525845452,0.01926500041972144,0.0,0.0,0.0,0.0,0.0,0.0,0.0,0.0,0.0,0.0,0.0,0.0,0.0,0.0,0.014747653546426105,0.016944448959082075
2026-03-31,0.0,0.0,0.0,0.0,0.0,0.0,0.0,0.0,0.0,0.0,0.0,0.0,0.0,0.0,0.0,0.0,0.0,0.0,0.0,0.0,0.0,0.0,0.0,0.0,0.0,0.0,0.0,0.0,0.0,0.0,0.0,0.0,0.0,0.0,0.0,0.0,0.0,0.0,1.441865266249241e-09,0.0,0.0,0.0031289913203723582,0.024282035962545558,0.01540814303484829,0.021825577717349904,0.11140503632472648,0.0,0.057242467188018925,0.0046119772361395365,0.10557412246613945,0.0,0.0,0.0,0.0,0.0,0.04629598601592422,0.0,0.0,0.005778984950679775,0.0,0.03740125414164047,0.07856283743855944,0.0,0.15,0.0014605868102403566,0.008824086795900125,0.033450130851087535,0.048168070240335835,0.0,0.0,0.0,0.021808345927715737,0.05452669047278274,0.03485090650071448,0.0,0.0,0.0,0.0,0.01572393536917914,0.07162666817498209,0.04391272957936791,0.0,0.0,0.0,0.004130434038884295,0.0,0.0,0.0,0.0,0.0,0.0,0.0,0.0,0.0,0.0,0.0,0.0
2026-04-30,0.0,0.0,0.0,0.0,0.014809669323763085,0.0,0.007876534181162671,0.08980380971341889,0.04909500149118797,0.02350582053244672,0.017848382819643446,0.01701868572079563,2.523538982096424e-09,0.034777178030539,0.010626827534629407,0.0,0.062321835171043456,0.0,0.018342359545573544,0.0,0.0,0.0,0.0697925966702451,0.0,0.0,0.0,0.0,0.0,0.0,0.0,0.0,0.0,0.0,0.0,0.0,0.0,0.0,0.0,0.0,0.0,0.0,0.0,0.03518188245405502,0.0,0.059689098171346426,0.016978002225872,0.0,0.060064636122657035,0.0,0.0,0.0,0.0,0.0,0.0,0.0,0.0,0.0,0.0,0.0,0.0,0.005031909677479574,0.0,0.0,0.037049586116426746,0.0,0.0,0.0,0.0,0.0,0.0,0.0,0.0,0.06941548311438533,0.11248607692852189,0.0,0.0,0.0,0.0,0.0,0.0,0.0,0.0,0.0,0.0,0.0,0.06500175743042991,0.0684838534874395,0.04448375921625849,0.0,0.0,0.0,0.010315251797140084,0.0,0.0,0.0,0.0,0.0
2026-05-31,0.0,0.0,0.0,0.0,0.0,0.0,0.0,0.03753233139463726,0.006609628580958779,0.003613189238821571,0.01716443553713147,0.006921747802382118,0.0,0.011077317224454696,0.035215387850502766,0.0,0.06225673059096835,0.0,0.004958194626135682,0.0,0.0,0.0,0.0702470864254094,0.0,0.0,0.0,0.0,0.0,0.0,0.0,0.0,0.0,0.0,0.0,0.0,0.0,0.0,0.0,0.022518731226832164,0.03158881895154185,0.0,0.0,0.040539982469345585,0.0,0.15,0.09582640197983802,2.2602137586411038e-09,0.12790904878004028,0.0,0.019837019497685897,0.0,0.0,0.0,0.0,0.0,0.0,0.0,0.0,0.0,0.0,0.0,0.0,0.0,0.0,0.0,0.0,0.0,0.0,0.0,0.0,0.0,0.0,0.008846285130675324,0.11113079590709911,0.0,0.0,0.0,0.0,0.0,0.011443000147977929,0.0,0.0,0.0,0.0,0.0,0.05111883748639035,0.021235829306108782,0.030951682263921844,0.0,0.0,0.0,0.021457515320926948,0.0,0.0,0.0,0.0,0.0
2026-06-30,0.0,0.0,0.0,0.0,0.0,0.0,0.0,0.02490715178029831,0.0,0.0,3.92361882214221e-09,0.0,0.0,0.0,0.0743638155306341,0.0,0.056161729971803506,0.006225736746335841,0.03153931656557109,0.0,0.0,0.0,0.04279068731600074,0.0,0.0,0.0,0.0,0.0,0.0,0.0,0.0,0.0,0.0,0.02753215961377212,0.03652285295658404,0.0,0.03631686080171725,0.0,0.0,0.0,0.0,0.0,0.03436813455183516,0.0,0.15,0.05495978177054085,0.0,0.10035676048134345,0.0,0.0,0.0,0.0,0.0,0.0,0.0,0.0,0.0,0.0,0.0,0.0,0.0,0.0,0.0,0.0,0.0,0.0,0.0,0.0,0.0,0.0,0.0202601564133911,0.0,0.006145895417511541,0.09167539554359179,0.0,0.034456616049325435,0.035271512313198215,0.0,0.016093318536144197,0.029897446990531998,0.03150273411427404,0.0,0.0,0.0,0.0,0.009956038873806056,0.042309479628358175,0.0,0.0,0.0,0.0,0.006386414109812243,0.0,0.0,0.0,0.0,0.0
2026-07-31,0.0,0.0,0.0,0.007541816887403914,0.0,0.0,0.0,0.03240835583320272,0.005833864835737331,0.0,0.0063635566181115665,0.02672274439605811,0.0,0.0,0.04279841288398086,0.0,0.0,0.0,0.015169484472750338,0.0,0.0,0.0,0.017824812348419004,0.0,0.0,0.0,0.002846964114753712,0.0,0.0,0.0,0.0,0.0,0.011628723541844969,0.10139939354858195,0.10561732542649063,0.01738660611049105,0.07226970525781873,0.021696559981774114,0.0,0.0,0.0,0.0,0.01599340867703937,0.0,0.03346930587053799,0.0,0.0,0.037470986285111786,0.0,0.0,0.0,0.0,0.0,0.0,0.0,0.0,0.0,0.0,0.0,0.0,0.0,0.0,0.0,0.0,0.0,0.0,0.0,0.0,0.0,0.0,0.030599748093261776,0.0,0.0,0.0,0.0,0.038740504566218144,0.046623644204480834,0.0,0.15,0.15,0.0,0.0,3.291143230707271e-09,0.0,0.0,0.0,0.0,0.0,0.0,0.0,0.0,0.009594072754787986,0.0,0.0,0.0,0.0,0.0
