Date,XOM,CVX,COP,EOG,OXY,FANG,DVN,CTRA,APA,PR,MTDR,CHRD,OVV,CNQ,SU,CVE,IMO,PBR,YPF,EC,SHEL,BP,TTE,EQNR,WMB,KMI,OKE,TRP,ENB,LNG,ET,EPD,MPLX,PAA,VLO,MPC,PSX,DINO,SUN,SLB,HAL,BKR,NOV,FTI,HP,PTEN,LBRT,RES,NBR,NEM,GOLD,AEM,WPM,FNV,RGLD,KGC,AU,HMY,GFI,AGI,OR,PAAS,HL,CDE,AG,FSM,SBSW,FCX,SCCO,TECK,RIO,BHP,VALE,AA,CENX,CLF,NUE,STLD,RS,CRS,ATI,MT,MP,LIN,APD,DD,DOW,LYB,CE,FMC,MOS,NTR,CF,WY,VMC,MLM,CCJ,UEC
2000-01-31,,,,,,,,,,,,,,,,,,,,,,,,,,,,,,,,,,,,,,,,,,,,,,,,,,,,,,,,,,,,,,,,,,,,,,,,,,,,,,,,,,,,,,,,,,,,,,,,,,
2000-02-29,,,,,,,,,,,,,,,,,,,,,,,,,,,,,,,,,,,,,,,,,,,,,,,,,,,,,,,,,,,,,,,,,,,,,,,,,,,,,,,,,,,,,,,,,,,,,,,,,,
2000-03-31,,,,,,,,,,,,,,,,,,,,,,,,,,,,,,,,,,,,,,,,,,,,,,,,,,,,,,,,,,,,,,,,,,,,,,,,,,,,,,,,,,,,,,,,,,,,,,,,,,
2000-04-30,,,,,,,,,,,,,,,,,,,,,,,,,,,,,,,,,,,,,,,,,,,,,,,,,,,,,,,,,,,,,,,,,,,,,,,,,,,,,,,,,,,,,,,,,,,,,,,,,,
2000-05-31,,,,,,,,,,,,,,,,,,,,,,,,,,,,,,,,,,,,,,,,,,,,,,,,,,,,,,,,,,,,,,,,,,,,,,,,,,,,,,,,,,,,,,,,,,,,,,,,,,
2000-06-30,,,,,,,,,,,,,,,,,,,,,,,,,,,,,,,,,,,,,,,,,,,,,,,,,,,,,,,,,,,,,,,,,,,,,,,,,,,,,,,,,,,,,,,,,,,,,,,,,,
2000-07-31,,,,,,,,,,,,,,,,,,,,,,,,,,,,,,,,,,,,,,,,,,,,,,,,,,,,,,,,,,,,,,,,,,,,,,,,,,,,,,,,,,,,,,,,,,,,,,,,,,
2000-08-31,,,,,,,,,,,,,,,,,,,,,,,,,,,,,,,,,,,,,,,,,,,,,,,,,,,,,,,,,,,,,,,,,,,,,,,,,,,,,,,,,,,,,,,,,,,,,,,,,,
2000-09-30,,,,,,,,,,,,,,,,,,,,,,,,,,,,,,,,,,,,,,,,,,,,,,,,,,,,,,,,,,,,,,,,,,,,,,,,,,,,,,,,,,,,,,,,,,,,,,,,,,
2000-10-31,,,,,,,,,,,,,,,,,,,,,,,,,,,,,,,,,,,,,,,,,,,,,,,,,,,,,,,,,,,,,,,,,,,,,,,,,,,,,,,,,,,,,,,,,,,,,,,,,,
2000-11-30,,,,,,,,,,,,,,,,,,,,,,,,,,,,,,,,,,,,,,,,,,,,,,,,,,,,,,,,,,,,,,,,,,,,,,,,,,,,,,,,,,,,,,,,,,,,,,,,,,
2000-12-31,,,,,,,,,,,,,,,,,,,,,,,,,,,,,,,,,,,,,,,,,,,,,,,,,,,,,,,,,,,,,,,,,,,,,,,,,,,,,,,,,,,,,,,,,,,,,,,,,,
2001-01-31,0.07161288143911304,0.04150848915402294,0.4315278859961218,2.4520630133779124,0.27952756229746933,,0.7423048476391887,1.1331709137612687,0.927414339866983,,,,,,0.20569775747684438,,0.35998480158764945,,-0.12532018722366312,,0.12591628040986014,-0.0853333837747079,0.18493088893900822,,0.06395389927799444,,0.9012188538259445,0.5270493068913271,0.57707994482406,-0.5503731202282304,,0.6499591323532303,,0.45573106441516154,0.6530316794152673,,,0.4649443910573652,,0.32257388742954274,0.015596050937575656,0.7083798293861547,1.0633330258136158,,0.8852316438472048,1.2405999674518848,,0.7058311872456866,0.9966240654500365,-0.15747651554619813,,-0.06546848740015787,,,-0.2679400511755937,-0.6862744756525669,-0.339687752927903,-0.10497414938804894,-0.1205818433165794,,,-0.4473681231317923,-0.6363636427415376,-0.7169811489339135,,,,-0.508960576530562,-0.14717784700358094,,0.004592372748088547,-0.07406758860427065,,-0.023304356454590835,-0.14224007061913457,-0.17917238697229398,-0.18911923566100297,-0.2931726178607852,0.20498541127310776,0.5352262080623122,-0.20966732103885788,-0.8472644435068568,,0.10665895462909258,0.41515128666205214,-0.021572113835426454,,,,0.33372040380378576,-0.027460296038931076,,,-0.0934567679290409,0.15310751371647924,0.020539652868600156,0.2984196659021141,
2001-02-28,0.1350472276825032,0.14050805684575307,0.5680822898841338,1.879580870343705,0.48268385806220526,,0.4766529807748108,0.7829387340918974,0.5845718175914834,,,,,,0.23755612012351457,,0.29520263212991504,,-0.13956701961326345,,0.17115270939885208,0.11549025254579526,0.11115783956058989,,-0.05105129623468374,,1.0467931757412585,0.6952315477965467,0.3897024599747292,-0.5273107639018397,,0.7847746724383995,,0.5627352356645237,0.3654520673745749,,,0.43288159109159996,,0.047539141553895936,0.08777155113351531,0.6137056568080324,0.5047424951791417,,0.807918161968703,0.6246575860812933,,0.814436849504423,0.6448777789919471,-0.2974420681717266,,-0.12857139873451806,,,-0.29976853438904627,-0.7017475875964183,-0.4217036518999988,-0.25010536150747975,-0.16438327381649454,,,-0.21875007967695625,-0.39478250521530267,-0.5466666745875162,,,,-0.14909067508627838,-0.0742884064802648,,0.23032068272121808,0.08463993606099707,,0.09056798388079268,-0.17812777016343595,-0.3142284353286482,-0.15306623848350687,-0.2886180918792077,0.43910414784510965,0.2864985206216559,0.022278788441053132,-0.7406282130008747,,0.33483280421165107,0.4998484318907628,-0.016120276380616194,,,,0.45635177299030727,0.19917303826640675,,,0.056728156262529694,0.1529925528648124,0.2051116588184394,0.4680793501704148,
2001-03-31,0.06110153990904177,-0.04494044013573828,0.18248473823855238,1.065984338645113,0.19541383781778432,,0.17680648278108047,0.5117600425454494,0.18287973763548449,,,,,,0.21903419714019567,,0.20008025857806389,,-0.12155441093155983,,0.032821202003092464,-0.04374402440996272,-0.028152845829348072,,-0.04059940447152932,,0.8267085414196582,0.7094843933566348,0.3533168401753377,0.04166647854570105,,0.8702625543786646,,0.48184518773101037,0.2061892907169398,,,0.8855125872558784,,-0.15802078185867785,-0.020517512473729016,0.3121986724603101,0.17246978210838582,,0.6876788598838479,0.11023572719579544,,0.36781587941488314,0.4608696868482447,-0.24549976644470528,,0.17213504039171723,,,-0.14814896456160298,-0.6351999777338639,-0.2820264836966738,-0.12283808593532286,0.08020754513681072,,,-0.18852451574610452,-0.3018178965984374,-0.4553191579260756,,,,0.16476749727044582,0.14141571849378565,,0.05430142397115212,0.05403376281172201,,0.0350351140973284,0.009438122807865934,-0.19851119559561936,-0.10423028782225796,0.07567528582919691,0.15242560429759844,0.3981330623680164,-0.08181493827723396,-0.7638374691993643,,0.08372594039822223,0.448836659146959,-0.1081393462428053,,,,0.35858367506117594,-0.04792743367708374,,,-0.02624468619710285,-0.05812962541715083,-0.020318313535514387,0.9086604672406233,
2001-04-30,0.06471284491345641,0.06301172273260525,0.18233647238483064,0.6619360979225322,0.20577183033250424,,0.21345229227964202,0.46565168450516903,0.19237150662577207,,,,,,0.2303946703175177,,0.07207415851529353,,-0.08119521420215658,,-0.01085667099857679,-0.001153453987629116,-0.08820649681882198,,0.1590040689106511,,0.662682600008409,0.85393570424392,0.2930823125723292,0.11607129102456737,,0.7848140523474003,,0.41052826144911836,0.23632612838189804,,,1.3588224950313212,,-0.23973682012870656,-0.15868452104491815,0.15576037101558593,0.4466840136424479,,0.49084014049647084,0.11946917006624047,,0.5665657868491896,0.31448514354005463,-0.30775385008674416,,0.15135955870457218,,,-0.14444436102674652,-0.6000000592184336,-0.2116958509757454,-0.0031530054762261006,0.22622841365889612,,,-0.3278688305323344,-0.4479998448315584,-0.5840000128317759,,,,0.35584415094381683,0.1355810817654972,,0.11901145361300847,-0.049106463682050294,,0.12674508029545462,0.16236827611633098,-0.22695492769718162,-0.05184103475273927,-0.021977322907847374,0.029258534072339026,0.4446428196806398,-0.2517288967404444,-0.7551876194085532,,0.020210134408218172,0.2622420225241837,-0.1296759280113331,,,,0.26556425486095847,-0.18853338878210857,,,-0.017195318908971413,0.0895649921635353,-0.18408440830840012,0.640667192517834,
2001-05-31,0.08011779160937871,0.06905867597338866,0.06672015295242995,0.43254970030399775,0.32800514046429385,,-0.01007001283704767,0.16639636846113115,0.053872032395085645,,,,,,0.23331357119878193,,0.14921832623368414,,-0.1390046885109325,,-0.03673191717628865,0.011257470120579427,-0.037122393581273894,,0.12104895325352616,,0.5343312326816685,0.6354889611148626,0.1281770497800414,-0.23295438682834413,,0.9262537272626019,,0.49666456015562077,0.6583794550147826,,,2.646823206913107,,-0.0893753088567979,-0.14416894231051947,0.09372502467873023,0.5211543343332332,,0.38367685013437636,0.4288079320661784,,0.8173187936298771,0.3865115542563071,-0.20441434364740596,,0.40887531824189516,,,0.05925899980916993,-0.4133333589946603,-0.01888336879108321,0.030144468943081426,0.17085023219310802,,,-0.2670538137003039,-0.3035294386816524,-0.4871794650841331,,,,0.5412242556998008,0.15307295981468916,,0.36120637085926477,0.12850008065928864,,0.4349265437228993,1.2213352573677754,-0.21438171302562092,0.3192902868078442,0.5398667745448131,0.40925444006859646,0.30859618363336994,-0.16865401657842827,-0.6857143508147512,,0.14420845940352667,0.2677265632141075,-0.026707814407015418,,,,0.18008237055737752,-0.20510707108486492,,,0.16780138761077223,0.003563397722226247,-0.051199198778209554,0.7987125666243018,
2001-06-30,0.15393528919744925,0.16696839431599786,0.3087338995204614,0.3486232146099597,0.46992142111772517,,0.04210918206895076,0.4639657103814283,0.015097555269918184,,,,,,0.1697170300530091,,0.13376229179020305,,-0.23174932667633785,,0.014070510144817083,-0.03160776045964042,-0.020845618692768797,,0.04062829279848912,,0.6772285036350667,0.658281694396911,0.3429303254050151,-0.22916676072714948,,0.8130917841283745,,0.5136674226620586,0.4002974827523298,,,2.7305428636018956,,-0.14891451465470473,-0.000683433368475872,0.24647226744309436,0.048931211084514814,,0.06483391367514901,0.03333324511565672,,0.7580871772926159,0.22345906915107916,-0.047553682749609805,,0.2075041459574507,,,0.12963003313970622,-0.16800016739080958,-0.06659731041281247,-0.09697519169639524,0.06273110557002082,,,-0.11999998635917175,-0.06666610645064741,-0.5035897247082592,,,,0.6940531624043127,0.1790661953953132,,0.25946491728118204,-0.022195255499936173,,0.5123277438503071,0.8434504254034003,-0.17845297079580535,0.5636368507631828,0.5249656289864228,0.4431089314247547,0.4609621676610183,0.19419238493254132,-0.6431578752692482,,0.35875933272730665,0.5409963545907024,0.2207247576560687,,,,0.3147994902575335,-0.1369681139592921,,,0.37359367011460276,0.29107178124985933,0.2362347161598919,1.1653588511528157,
2001-07-31,0.11208164204311144,0.1806715435609838,0.14159993215898448,0.2055445626642205,0.36763767604547803,,0.151457449672191,0.328301880783578,0.022677422911441036,,,,,0.07039236690362816,0.2402569206110865,,0.08142974893855537,,-0.3630022189349703,,0.024118219462757384,-0.02127824906618203,-0.026669069406557777,,-0.13150609933861324,,0.5089027393117684,0.7211166876261927,0.3145122957186277,-0.5145631041444694,,0.8067793440954301,,0.3378535585949438,0.4306088701927626,,,2.1764648285510115,,-0.28015807988057706,-0.21894617890568835,-0.02008779672085481,-0.18787874494829648,,-0.03018112196006406,-0.28340794219459053,,0.7974861685903418,-0.10630647377398295,0.05915699803034613,,0.435883768182566,,,0.11636340339303364,0.14909092279435177,-0.04143245045098043,0.178609959264302,0.3032939731430302,,,0.1520002064948771,0.31428556729028245,-0.11333329132454162,,,,0.2277776391919435,0.08396312064903944,,0.13929933271187012,0.07619777415630491,,0.3439961323525804,0.2405786202041218,-0.22112506360028494,0.31676706429855717,0.10497246053803333,0.2133479269614187,-0.005497047289905521,-0.08931649420716636,-0.4749515535245603,,0.20571520267767363,0.39779842389689435,0.20215218134146418,,,,0.13792522098584237,-0.2507202140250786,,,0.2315766275522526,0.2794462800428228,0.1882927134619723,0.7864649105098769,
2001-08-31,0.038725978939606165,0.10557813815246897,-0.05495764299018424,-0.07238998221088022,0.3322122192813395,,-0.07141033663803487,0.2610323385173492,-0.17331333617051425,,,,,-0.08193273462823558,0.2152353618291183,,0.1555207414666464,-0.2228261901378884,-0.3754433382154796,,-0.03948928825431752,-0.08692729674990884,-0.029607509696569556,,-0.1990015016722334,,0.17413326451792144,0.36041973093347224,0.2119912143909799,-0.4946808517713225,,0.7885254470862175,,0.4706765962536552,0.17891522338098342,,,1.6343180886814337,,-0.36335403888356443,-0.3319512999245905,-0.017540905241436255,-0.4522521576858426,,-0.15238040357898708,-0.4352195537605543,,0.5712730628731479,-0.3839684999521802,0.014111581393500217,,0.430525959966094,,,0.22329127024570217,0.2319996873266703,-0.0756857074941476,-0.017362479150538013,0.18298991607804638,,,-0.1369292572755032,0.13142846853176926,-0.4276922906989711,,,,0.09481699776477814,-0.12138221279820693,,0.03340641167889702,-0.036398584197368855,,0.1938092903616524,0.3560893859972878,-0.3138408435373907,0.3243677499132964,0.047422676045168366,0.2150647959294416,-0.12577927996354243,-0.0963508541490311,-0.5123809380045965,,0.039551337053989055,0.1460703215750343,0.443954945024144,,,,-0.018912324857571106,-0.21936703565033977,,,0.31971628969065735,0.12254237670702928,0.11236812621714964,0.5713481802440095,
2001-09-30,-0.07989491609238253,0.09610212049348044,-0.06168054689054592,-0.18360785559158577,0.2994360483455365,,-0.22878246315880635,0.1045292867941765,-0.20425286040989654,,,,,-0.1637088195422267,0.2713150423340118,,0.06780361396744583,-0.2124313744737123,-0.3623930721154056,,-0.03224621953495699,-0.013098597721895588,0.025681657028936433,,-0.14633877636545778,,-0.1602186712680307,0.4304434092143521,0.22206270169358922,-0.39285716199409837,,0.7111263766896656,,0.5849842282933739,0.1893170809971103,,,2.494832866032992,,-0.3973585756342616,-0.42544130638405386,-0.10159283680188269,-0.5027199802029654,,-0.14784873531751563,-0.5912726617566126,,0.293319210067023,-0.5320612531854534,0.22614723422926564,,0.6393237868487645,,,0.5768533538149083,0.5644443333185014,0.025594136067505824,-0.05377084667798104,0.48071051311349366,,,-0.04561378061850252,0.37333305093887303,-0.3676190283596066,,,,0.4048224196544379,-0.197999423251348,,0.27464530223936845,0.05300663756692958,,0.5303604060944864,0.3574868296763756,-0.23953512095266127,0.6186668879337365,0.45306074260963825,0.293290065931078,0.042104552779567817,0.0643274399976872,-0.5840000294071066,,0.27369604518116075,0.19417539422896524,0.44423971517758254,,,,-0.06818253067191127,-0.17804826716817967,,,0.44175777000711625,0.2175613603977653,0.04524749737806277,0.7894160650720801,
2001-10-31,-0.09787402780913168,0.06258437503596981,-0.11037153422613877,-0.26315842381759236,0.2725500075203011,,-0.31333611464078337,0.02776953485451461,-0.22063531823798233,,,,,-0.16248169053812866,0.45165422855753334,,0.11190776586912232,-0.2849024515180334,-0.4513815056211864,,-0.13313234788884254,-0.007649495470971379,-0.038075863759297945,,-0.27653446518766966,,-0.145413560740126,0.44480331372002957,0.08262200604388381,-0.572490825540535,,0.8806352438335392,,0.44768176014777894,0.07055617335154696,,,1.9747990712674537,,-0.3922603808783728,-0.3831785397641704,-0.14724930252699187,-0.5042735729802328,,-0.16369700396631626,-0.5605333836587933,,0.28706274532430776,-0.5880156700439243,0.7513939770763214,,0.9559828015678362,,,1.081124708767247,1.3876926763183621,0.17216722512692195,0.4370667530108763,0.5698982107116068,,,0.40936145276111824,1.2400004298800473,-0.16000003055184853,,,,0.38456659047848807,-0.2976201673927279,,0.002277864764377746,-0.08083657437155822,,0.09846181820292044,-0.0742832680735036,-0.27706458103609777,0.16320447015742312,-0.1758338175962164,0.009311009482432242,-0.2562653592173424,-0.31358519421755016,-0.4838710727691522,,0.14432924034048367,0.054079312158400894,0.11046261118094258,,,,-0.35539482714470194,-0.2979689554370253,,,0.06942255664814456,0.04829781014562218,0.03169337667161187,0.5848895487057384,
2001-11-30,-0.08898198394087586,0.10502589727902634,-0.013099370977566416,-0.16315934200874305,0.2166590964708166,,-0.21763570101048524,0.21791716099830127,-0.010409124465999064,,,,,-0.019417662062173324,0.40477635902508946,,0.11482294609766996,-0.18269557737976216,-0.4591244561541473,,-0.13321643735624433,0.040426431618775904,0.00717140847633857,,-0.09570256323815429,,-0.12960542192191127,0.3863474000898699,0.10583896179508012,-0.4949999696806838,,0.8687937407002091,,0.4197433372527881,0.20334725924371377,,,1.8309296994404733,,-0.20939101351864664,-0.2525788679387543,0.09390594444615075,-0.41898054162231313,,0.022262574450076178,-0.22702422233439734,,0.4492738214385248,-0.30040961702294244,0.4944441231282739,,0.47309621564592175,,,1.2967089510383372,0.5288882718474679,0.4153563058433578,0.5859150764160075,0.672205255479535,,,0.33333309786674326,0.6800014117447075,-0.2355555106707421,,,,0.3767442193780086,-0.27360193787332376,,0.09457896208970684,-0.05381015509577691,,0.16356386784268429,0.37176700752103287,-0.163467581356862,0.20790711630840075,0.040000296097063126,-0.026846530435363114,-0.3208986060807154,-0.23120263808498542,-0.731199860879454,,0.3324101638014687,0.18529894685917014,0.12937744973462229,,,,-0.30077348436919504,-0.08643569035680443,,,0.1748385459638948,-0.016768808834259685,0.023257817335978537,0.39064963659401064,
2001-12-31,-0.1206426212212589,0.03670354811152987,0.0023762996054401686,-0.3570371592921794,0.059243510302328994,,-0.4330631777936309,-0.2873524396206042,-0.33966615495265184,,,,,-0.0873679149752723,0.19002363866488947,,0.04149573992681299,-0.15609295871809648,-0.39301757137693827,,-0.1824391460669159,-0.050988026966200084,-0.10068758596766825,,-0.26164129579515505,,-0.26271711846086454,0.157073326163216,0.038831419467380446,-0.6680497921005902,,0.6215669624043298,,0.49050023422523337,-0.05060954584754962,,,1.0375557683854457,,-0.3935075009132426,-0.39915620695466525,-0.1966914794593263,-0.5673018838927462,,-0.353244456488649,-0.4563756750949717,,0.35937759068683905,-0.46745557814041727,0.15821342914958314,,0.5880945711612329,,,0.866813828682063,0.3799999333792523,0.1937579457730645,0.21283700666613026,0.37959597973554704,,,0.33333309786674326,0.7200001620624739,-0.2213332765747874,,,,0.5591246402215748,-0.1535830094046885,,0.08478887749211816,0.06923546272717918,,0.17108950852560323,0.1050343051937177,-0.19790693053109365,0.2621077496445654,-0.06545442185185668,-0.0074953636428547465,-0.23882624417062492,0.016668465605507832,-0.4444444482903207,,0.20544947566018057,0.13168225210496565,0.05457787140605008,,,,-0.25300737574359566,-0.24257165934747038,,,0.07245140446628007,-0.0155081165514378,0.01744606477970745,0.3461514430708623,
2002-01-31,-0.04536103243568501,0.10798966221511974,0.05330126577069394,-0.10288691071369793,0.21162661451523546,,-0.29005755654685983,-0.13639861479432913,-0.0417423841291793,,,,,-0.15246974742680197,0.4493012989100502,,0.2208602279932086,-0.13302262814809152,-0.25464061794863513,,-0.16801297781804592,-0.0710504291173577,-0.025285762537792023,,-0.2744764985760624,,-0.18204747090298468,0.24703426474848666,0.16454527491370907,-0.5555556697787358,,0.5159104665846859,,0.32387681429520865,0.11295705956929347,,,1.1892402259336046,,-0.27485556930309407,-0.6767587989515087,-0.10684810532665656,-0.4351875543053635,,-0.296703523850516,-0.37106265398026794,,0.6543374986667103,-0.4182341199361772,0.24456717282344997,,0.6228992223844245,,,0.9111629582751195,0.5833328835405529,0.32317850038236107,0.4329525328233572,0.3325932880456186,,,0.34080011424467527,0.0804600462532925,-0.47712417872406965,,,,0.144444522830095,-0.10650724813386225,,0.13478075459846295,0.09229469622704234,,-0.020723753960790403,0.22568602468608345,0.1482694930998234,0.29923165692594966,0.061486411126484786,-0.04012166247894988,0.0005094788422328467,0.039107915203359545,-0.4531250745326263,,0.26389973095933517,0.2658230595933748,0.024396141967776286,,,,-0.15434913510075732,-0.1744349256435337,,,0.052674743925398504,0.0742038708556867,0.11375628726168463,0.40721610858092805,
2002-02-28,-0.020290660456544374,-0.00025173373126197163,0.11719154236045615,-0.2169215944196422,0.12190458530856763,,-0.3427114939727849,-0.2566547219524825,-0.08394305520504597,,,,,-0.061124129657541104,0.22409932033647273,,0.12666255994885534,-0.22729568092053343,-0.3526993720245142,,-0.122518200786504,-0.037954397369420634,0.017783075609631105,,-0.5283426530794642,,-0.18853647137845342,0.13352555593418658,0.08434021287464821,-0.5433333677855238,,0.5724439741556313,,0.29239261792377547,0.26170101607552754,,,1.0029014132085505,,-0.10613467404145682,-0.6501234650496157,-0.09319805511093127,-0.4737568988372113,,-0.41069099603364734,-0.38496411799305486,,0.41643067149327484,-0.44779547079285165,0.30418347787160993,,0.7675699348082368,,,1.0147501986503147,0.684210833890806,0.3004840081372726,0.5649197654325258,0.6099726452347631,,,0.42868596523317115,0.08333358454613848,-0.4499999612134741,,,,0.10676089431829494,-0.15981261108640754,,0.12013337599750495,0.11560386758259877,,0.014604324914443856,-0.0503638883581391,-0.013936081237600484,0.3740992712073892,0.1007041895546541,0.02501328783587109,-0.14852167513747017,-0.058862367824679906,-0.507246357836667,,0.3199126750593817,0.16245281045157833,-0.06697893987518444,,,,-0.10617694626852847,-0.009963662996735012,,,0.1167636365534801,0.1112650878447281,-0.10417705782114395,0.39512292143917005,
2002-03-31,0.04296181962642631,-0.008747399145174972,0.1005347469486324,-0.14267327479547676,0.11352038845347057,,-0.2451262958285666,-0.25051603713235837,0.01539054770553494,,,,,0.0299168253982538,0.31469409663992653,,0.18234036833241007,0.032675347968462054,-0.33614852018585084,,-0.050910516191550625,0.02802734425444453,0.10401097158509476,,-0.600246909172004,,-0.07775440565492986,0.19009801467004728,0.10897690968399698,-0.5280001472331127,,0.5147845491397338,,0.20859032209034511,0.21705945496819345,,,0.6354253405046286,,0.024502701142396388,-0.54159787813625,-0.014660375823639438,-0.39618837620477665,,-0.2651092063528715,-0.2262449098680388,,0.22866084842503187,-0.3157794537858063,0.5028834030703193,,0.964342790654152,,,1.7505726647096598,1.1999997409193144,0.6985705561014617,1.245158346144592,1.2996846354316918,,,0.9434140133549369,1.1449279279573163,0.2019231139971347,,,,0.12260510420290305,-0.1688124663513645,,0.15501912529522666,0.33972129664692097,,0.06242733039494186,-0.299453278172246,-0.054539000032057805,0.42620561757716224,0.22157184867650614,0.11648594280891578,-0.10950979071799749,-0.06173556888945808,-0.4982205340493102,,0.30995470604709285,0.28096446732519276,0.021387874055001532,,,,-0.023016746047719527,0.08476014693474387,,,0.2525414491716629,0.05164301615424627,-0.009488230024353728,0.4280919198485016,
2002-04-30,0.011907793596958705,-0.03644488343890995,0.07383880025328438,-0.12257595846941005,0.002712970422690475,,-0.17636744590398434,-0.13805391842436476,-0.013812120420393037,,,,,0.06566322215388909,0.3264629634107856,,0.11871813172737267,0.017586723964114537,-0.281046811969377,,-0.06535996660424714,0.010824682026840282,0.043102401046017036,,-0.4263967132626706,,-0.009593500248024411,0.2273667711448002,0.1922129189251347,-0.5444444784026929,,0.2985393333451434,,0.09106789953737593,0.03725616454599434,,,0.0888630546749758,,-0.10045071059786748,-0.5966619867514924,-0.013574440495727647,-0.3595446318614317,,-0.2108301422176776,-0.1372208860441989,,-0.0008428071897976785,-0.2913451337680377,0.5275035386378595,,0.7711373077942953,,,2.301341282620747,1.3090915376751728,0.45298396343421654,1.3692588043179632,1.3955782811484831,,,1.0289850755761432,1.5540535384896157,0.16800002566355166,,,,0.24435031871192714,-0.05266929206998139,,0.0180474643077011,0.18500660611132358,,-0.0732584474165443,-0.2624541065303081,0.1637591908414433,0.28482170108870775,0.14435167799743298,-0.04961334368282122,0.14769099587895007,-0.05107525529192647,-0.38545473061345537,,0.2803466758018811,0.22334154765775627,0.018958040485651084,,,,0.11441440602138453,0.23474147102090037,,,0.14429248634214464,0.04787939243874284,-0.06958884953409383,0.23776912665119299,
2002-05-31,-0.07869891591013856,-0.07586963968654148,-0.05286581192705042,-0.0478177734102756,-0.006096692475370813,,-0.14705820868081687,-0.17896999423122528,0.08814115013589419,,,,,-0.002320665080510542,0.318477635318817,,0.12988970333524996,-0.09774415553757576,-0.4269800111733165,,-0.1337118478389958,-0.026935539321403357,0.026715867906721202,,-0.49726182745909,,0.07375264929898351,0.2904214613058196,0.1734482946966076,-0.581081034655988,,0.29774177715435934,,0.1037086967448746,-0.014131461428296355,,,-0.17124679601950643,,-0.11925531263420885,-0.6288713162932418,-0.0341096633282022,-0.22985524870897844,,0.05015550473514718,0.08658717462851828,,0.09401495062105125,-0.10422826630056958,0.3992682243382881,,0.7952224090035334,,,1.9748910038403675,1.1538465188514464,0.5476177716562451,1.7531034246675765,2.064826413010203,,,0.7648904461306454,1.9333327616846772,0.06611563400843545,,,,0.13337575343526442,0.06026349315289781,,-0.02033414868458261,0.08498102504035776,,-0.2011483038263988,-0.22678600929289827,0.34594732196032774,0.15783803646142158,0.2626629275950958,0.18766024241162116,-0.07817202682622049,-0.152592618010857,-0.20353959368388896,,0.15058134343104812,0.04609377240357504,-0.07495699439406711,,,,-0.03360044440301413,0.1413112819004616,,,0.06469248282131401,-0.13647648441712068,-0.20285087317204475,0.0668577827229091,
2002-06-30,-0.06435571115667138,-0.005343217249213383,0.03509677830495783,0.1585495217054429,0.15399535123762265,,0.0012280073183141837,-0.05276215215251734,0.21881573832725043,,,,,0.12032374550394165,0.38319866029650274,,0.1973742536781009,-0.0494673883905119,-0.46612318512531636,,-0.03061338673233771,0.05541011206533697,0.13053612823810634,0.19760866225390594,-0.5548265555953049,,0.09012525716042674,0.28515421765751614,0.20904490449087776,-0.38000005376208634,,0.19342704527993626,,0.21955630098924073,0.08417316106174155,,,-0.17188989509624808,,-0.008483953050896997,-0.46943915728887753,0.10826856883179437,-0.04701502270403746,0.08716726461024882,0.25109569554901756,0.710127980809327,,-0.008382802861394922,0.18010764127052648,0.6840979321842438,,0.9738492347318608,,,3.8818725667367,2.253164485797411,0.8696129568552844,1.911308840259366,2.125111079326006,,,1.4027774665816093,2.8173908141777493,0.39097735617122176,,,,0.7873311326623358,0.15178568016244443,,0.0927671696994099,0.19144627167007133,,-0.11026040381300373,0.01982013158889817,0.5638775469675741,0.3787276713257024,0.4255999439228504,0.23279110659966418,0.03746542302841571,0.017041120909466523,-0.16272176506071567,,0.2033448924431671,0.11124940734048128,0.03406576189326649,,,,-0.01317155859560859,0.37834285786599153,,,0.2257916615492479,-0.09245400787612768,-0.1807322511530397,0.33958968282008173,
2002-07-31,0.0028113096774895485,-0.0009182088621660922,0.05050312708028448,0.12680550412584535,0.12442990673898069,,-0.08450110026675062,-0.08318673439268587,0.22915262846910767,,,,,0.17455682857495747,0.33950720953460367,,0.14718162009887736,-0.1694550373553253,-0.46180361066685105,,-0.021319225515094242,0.05250184889776999,0.16625360301737113,0.3021648433622506,-0.811940030518042,,0.23655429603850475,0.3128511068943707,0.2487303819621174,-0.31578956373216027,,-0.20881272838703624,,0.07297567343850564,0.07014446068012758,,,0.04958263989971656,,-0.122250923103984,-0.5332230154145416,-0.05218459943868059,0.10789434147095522,0.14886564617542497,0.157108382703826,0.59311614020559,,-0.11760261013769613,0.20477812970440734,0.4152947008031109,,0.760446380061389,,,2.015452667752681,1.9610392357070903,0.5337279414345943,1.7251332488003435,1.7731194412553082,,,1.2984608078602515,3.737372843023963,0.8172042635433698,,,,0.6589213483490832,0.2877018355658003,,0.13210690545056836,0.22724772347896538,,-0.14025802177714797,-0.13755543827589256,0.667457314230711,0.3771216640820949,0.2968504306978774,0.23593648446799542,0.09075301107994016,-0.1314656873832376,-0.03749999878314081,,0.2735224675792942,0.2584545973681567,-0.015900834338482106,,,,-0.1357452171340524,0.11086300555357975,,,0.09968843673159844,-0.08928595562229225,-0.10317764304662635,0.32040520054299115,
2002-08-31,-0.06823601383125599,-0.15335766795298023,-0.08328818578073494,0.08929847381472689,0.02012671496887042,,-0.0928162190251588,-0.06023336169196558,0.22144985227144387,,,,,0.18262148304139925,0.21658703096626053,,0.03455738406261344,-0.39298697053910037,-0.43391414234049475,,-0.18008479051361892,-0.06712433266651352,0.0038181359160049944,0.23242270092651585,-0.9052223244152799,,0.18144442830374063,0.20162028215551597,0.13354623832939794,-0.45294107307363674,,-0.0778096925179469,,-0.026714521127328972,-0.17337850594990212,,,-0.1847455882379947,,-0.11471203729429758,-0.514257745359396,-0.1785720535028963,0.1119690108447533,0.13706165368287127,0.09282808066076198,0.7017787809845157,,0.15670359808694023,0.2446983616174001,0.1825471594218333,,0.21674602216830685,,,1.1298136990677508,0.8977262308223539,0.20009641845235326,1.3783480535815116,1.332647619852965,,,0.794116599069578,2.009708574193298,0.7951805843017574,,,,0.2334409777013744,0.23381358189509194,,-0.010770643996425466,0.3067553502250866,,-0.27664064834141344,-0.4880131613022921,0.4609194089751736,0.1648459666378932,0.27490674399035697,-0.07325742410619096,-0.18201302342679682,-0.46363662487763735,0.22115418169019896,,0.12615801542896166,0.06250472396639606,-0.1420360959588426,,,,-0.2485254963525656,-0.07740964006308249,,,0.0651565024482994,-0.14489532532646066,-0.019836844927385466,-0.1691743131322091,
2002-09-30,-0.078448462829391,-0.06526245286751875,0.00031308363263216066,0.20968127725050412,0.2533724489799898,,0.37120733584474475,0.11844266637578826,0.42523590539536427,,,,,0.3870590417486439,0.2985885067814267,,0.06867177733518104,-0.16439692356199698,-0.17537348695487975,,-0.07075107626967292,-0.01793937344287233,0.07883317407056678,0.3614787549053289,-0.8762142212054916,,0.20823869244049797,0.21277950557332925,0.15136113890105252,0.11304358698098382,,-0.001799650618776849,,0.011486177526919716,-0.06549756980554333,,,-0.03377630995651437,,-0.04016529656196177,-0.31204926895059015,-0.036814530769395004,0.30482751465909885,0.5896101639262479,0.40965045291451485,1.021036003925449,,-0.025219036967858766,0.5746306869897828,0.21298011440024522,,0.43866957017185526,,,1.584228836375023,1.0515461754029438,0.529789766786366,1.7838960744509231,1.7331798726538512,,,0.7125612193412472,2.095238440366251,1.357142938328682,,,,0.49135619621562276,0.4542727033298919,,0.1698941176650881,0.4782169815956694,,-0.17521893350411666,0.14699961921810933,0.8385232258182382,0.2722218337365445,0.22244777489139267,0.02763799204681705,-0.02265309732732146,-0.3099625437324618,0.30000039718286753,,0.3473731720847979,0.23119253264567408,-0.0488942960669253,,,,0.10132821520785074,0.47732022380047434,,,0.1514089520703672,-0.07753640078785229,-0.04992707061912671,-0.1060792350750962,
2002-10-31,-0.17178471687340047,-0.19153353034261889,-0.13332354031844218,0.020034512899599122,0.16128471002245126,,0.2656356013407213,-0.10131605128702681,0.2797618783939906,,,,,0.20585003516174405,0.12977448832003136,,0.08584928003982162,-0.4448933740351181,-0.28812302527516376,,-0.17841202202845785,-0.14835387784753618,-0.03518940434784468,0.16176786233583873,-0.9178439405561297,,0.12557391543577823,0.1607743337738352,0.09836686008154016,-0.05940604967651142,,-0.12843028543066315,,-0.0024792054223108373,-0.288833337014211,,,-0.05438339326504171,,-0.19366996736199815,-0.4619139296433301,-0.17846520200046068,0.04643636303159493,0.27938923964198437,0.13885901170216486,0.4156490984761687,,-0.3082234304657504,0.06538717905412161,0.1914502261940887,,0.6481484701975717,,,2.3829839878406562,1.5465125236701671,0.6890917266292313,1.7704442311138524,1.8815038371251043,,,0.7542855074114594,2.3999982238059614,0.8372091732361833,,,,0.21261264677822211,0.6002083179252027,,0.050484814157913505,0.35611036381488215,,-0.3930827105160576,-0.2736114457852311,0.48413476093659114,-0.069279456386798,0.2586534356560668,-0.04770380937788532,-0.3763151776000687,-0.5050884059830634,1.3452372243977337,,0.09799438501201907,0.0675862460379717,-0.14330149189304975,,,,0.03684229203836553,0.12731344779839127,,,-0.1047879929169071,-0.11162948348766422,-0.17259863099874184,-0.20891415987904138,
2002-11-30,-0.08355997645382995,-0.18395211404601208,-0.10360706131229991,0.0337093983664849,0.18236626865814487,,0.4752620681521831,-0.004866474526322828,0.30283442523477033,,,,,0.13371453790509014,-0.007428599873257835,,0.041274018044847205,-0.3240081801549576,-0.373826848748538,,-0.08575341466591857,-0.10847189943770463,0.08446223201659331,0.17176037791366916,-0.9261587391338103,,0.13857030703631135,0.21674215502075955,0.0570131146130064,0.2499998437148847,,-0.17268985183409324,,-0.03762370496753964,0.01363227055448002,,,-0.03483114360003192,,-0.15189540683892488,-0.22763808888852377,-0.10596683664982676,0.2455193598204204,0.4670898555277263,0.38231017362548037,0.42814800958142873,,-0.3547632712708074,0.11015865952111792,0.26275055860302965,,0.27473694540124005,,,2.3591533252445767,1.3913043828086278,0.5669530227114696,1.4625715898128329,1.465523823982957,,,0.5771430186056903,3.209302558615655,0.890410944571286,,,,-0.08614264790886439,0.3459670101434251,,-0.0010614911884123668,0.25182683593678856,,-0.42005140052980106,-0.4830743720091817,0.1945596470407771,-0.1362359179919499,0.2675095085517265,-0.13370551417904142,-0.5636980282875453,-0.5361921415835655,0.8880002860962755,,0.04382717790476631,-0.016304895543434506,-0.277109143050155,,,,0.08868934679094687,-0.05849929612809801,,,-0.11745530499307055,-0.2625598878630496,-0.33781876418099843,-0.017520104564152428,
2002-12-31,-0.09238315090816318,-0.22454870492884982,-0.1842543014757867,-0.004310880573517473,0.07745011228600007,,0.18848994526984497,-0.03235134303981846,0.08839171606528184,,,,,0.09252866193760934,-0.08970313469602476,,0.03901785513569189,-0.407906670372598,-0.36721244460856484,,-0.08220734963866572,-0.12756171914923609,-0.028965181698934805,0.15843849254014475,-0.8902560758072714,,0.09772522376489379,0.21446275216569632,0.06803549078368376,-0.029999931859681195,,-0.1949680538228612,,-0.03330141237544737,-0.15262000637551798,,,0.15760931654313137,,-0.18548322443466758,0.6799146511606233,-0.08910255213123286,0.05531296866640556,0.17142823868777257,0.1291060533882613,0.2445308492251823,,-0.28046457129071767,0.031168142188059633,0.22900876090153632,,0.11633200245871822,,,2.300498442507827,1.2500001065298991,0.5492790185915726,1.0460530164955588,1.2857516802708857,,,0.28878297430916633,3.010636953582405,0.8624999753854738,,,,0.15758024033527418,0.2375748515295597,,0.07653822244539188,0.36217071025533243,,-0.26595917442615014,-0.41864907810756813,0.13387960490002482,-0.041011704983422326,0.22308290411467624,-0.12965837924719337,-0.457835504313147,-0.5494917647264321,0.30285736714866207,,0.07885072011491845,-0.044907539477854086,-0.024671082114142595,,,,-0.09224849527420831,0.008095507259413992,,,0.0014574159226119487,-0.19492901886958014,-0.3129008378211292,-0.06302807936691501,
2003-01-31,-0.08289814212499547,-0.17758886028388776,-0.1490811742537813,0.17829177033870858,0.1355148804453803,,0.2383901723282973,0.2451105654779986,0.18168240440265038,,,,,0.1582787419446774,0.03377837620753499,,0.10237940731303774,-0.24899724398078982,-0.22656881239067606,,-0.08993969162714299,-0.09958679169438522,0.03836139557396967,0.3534279226945747,-0.8403080989072282,,0.1405794017601696,0.19621841468089385,0.04600027877135404,-0.06569342466165973,,-0.19099528343772965,,-0.01145750391723832,-0.18755464312857872,,,0.0978063576553092,,-0.24186900977706705,0.40128133105953223,-0.07209288356933452,0.14645630961792766,0.2889584570872368,0.2665617665839535,0.39160541850012787,,-0.17078795945367686,0.12647709823557673,0.33525990579597864,,0.29543715607078225,,,3.3910115393097913,1.5520829196846155,0.7453402641738938,1.1824969757048098,1.2419448729070028,,,0.7737563040627922,3.865381875530561,1.181818201544322,,,,0.07909996355495941,0.24369967850227914,,0.026127200076868196,0.2642096014705726,,-0.3510167840084275,-0.41666452700485934,0.1408039766364919,-0.29870258528848825,-0.12125653730383401,-0.19117098951768008,-0.4317441432797633,-0.5926236487072107,0.2941178734198926,,0.00869381931183888,-0.0588248936427751,0.050052462900104455,,,,-0.2411107664061346,-0.20785060780759423,,,-0.13723077100583436,-0.17349818926847183,-0.23607543637303208,-0.06697413847987421,
2003-02-28,-0.15747660503350158,-0.21607690801440183,-0.1669627515669656,0.10617731696378718,0.127190161471745,,0.04144639817788365,0.1759604899308127,0.19147962965883814,,,,,0.07921746853782974,0.03308049654030931,,0.07906384765097307,-0.3625441893805993,-0.1041390912138297,,-0.1575771876428087,-0.19169851191797482,-0.05654936540490374,0.12976969490949264,-0.7807103826314044,,-0.026925215470582797,0.15274666873034337,0.028237158281935626,0.18644114129940714,,-0.1801155877738161,,0.12691552625743974,-0.1904941534914809,,,0.1367174496283352,,-0.34438599454054264,0.16197382256086557,-0.13336073846914465,-0.022955516219471117,0.042987333115781956,0.019191662545291033,0.24683275732573096,,-0.28237823255055383,0.038906263946276276,0.20570992654339482,,0.20413414209325143,,,2.8576819535298075,1.1636367261046616,0.5492456237498184,0.5188226551800927,0.5357580455793003,,,0.5582333409623594,1.9594592703800187,0.43999991445482745,,,,0.28122883677387533,0.4274987382390598,,-0.04058460136796138,0.09893403477680485,,-0.4649648847959723,-0.41383922088385694,0.2247457182848127,-0.2827228127428568,-0.021338995808169336,-0.2664648100123014,-0.5260481482098891,-0.6949177608206403,0.8794325018950553,,-0.045236623460826686,-0.12978089172495533,-0.029728143807609353,,,,-0.4707284216617138,-0.2610324380146518,,,-0.19871250937749396,-0.2831916484237661,-0.29192159275396956,-0.10172122374306547,
2003-03-31,-0.20376537507668602,-0.26131092787168264,-0.16824180487518248,0.022614574499633333,0.052879415939483865,,0.0016676744135022403,-0.021003697910381036,0.15578010806670584,,,,,0.05881484538806436,0.0209682696104172,,0.09596472253480415,-0.4859021343137171,-0.030660534044415155,,-0.2455471255698426,-0.2552976119749172,-0.12292775937131295,0.024895318219767537,-0.8323636729217229,,-0.14476342898030237,0.15245513393825694,0.07571317555690493,0.12195119471978866,,-0.10443854913928075,,0.09024544791136324,-0.20370215986095808,,,0.2226522661666548,,-0.2804154274474777,0.2129795351932131,-0.1769006438483398,-0.1117261776222912,0.0010039065622304832,-0.0531455691165541,0.11432503186669818,,-0.2913976993607974,-0.06153851876298477,-0.009725312659865204,,0.03220967115729634,,,1.2026314629724468,0.8556421003426042,0.3643689282744589,0.3086331204911823,0.26111762923305504,,,0.15357124369331077,1.0105827199222124,0.05479446232084961,,,,-0.03405232197109809,0.22842854497593956,,0.036703192590692435,0.1659434089511429,0.09049217640309126,-0.4433868402160618,-0.5959060711938744,-0.04181795560280421,-0.34447044875501975,-0.26081682105985293,-0.40337042806523304,-0.5799527738158383,-0.8078378517045219,0.7041430621825682,,-0.10702549902762448,-0.23890138068751798,-0.13766955189667118,,,,-0.6295324838290891,-0.3999490572130041,,,-0.18244991283591805,-0.316403132381738,-0.33511514534346387,-0.1516585652385768,
2003-04-30,-0.10746813977015512,-0.22523077214745213,-0.08218498884349401,-0.06721314495624064,0.07898390012085832,,-0.01804509716672642,-0.03899560759266296,0.11725467989855343,,,,0.042669571056723754,0.04873190793663795,0.015290251125271048,,0.11843887477973936,-0.3555307678351629,0.40017308354077685,,-0.19445873156861115,-0.21177662019445098,-0.1460888139811113,-0.04858227724542774,-0.7532479674885246,,-0.13798947368587378,0.08430300832995163,0.07999738954512825,0.591397717914717,,-0.052339982558650466,,0.006107232461325607,-0.030853846392424056,,,0.6859906341250028,,-0.29380751632685864,0.2546142159471223,-0.19380911146097146,-0.1573203191290503,-0.15604392472360817,-0.14185033702142702,0.009688242994382756,,-0.4119143979078044,-0.12469821667200809,-0.07838494634167226,,-0.054029409730987576,,,0.6535661926325795,0.22222196519770554,0.18876941178951867,-0.024745069266829844,-0.10140110457656248,,,0.08348104239100818,0.06818147650863216,0.09302335047952259,,,,-0.039977022616270674,0.03365162452866777,,0.03837900283553286,0.22129371349124938,0.01711872490291122,-0.41642974542527955,-0.5795130954708134,-0.30925917833250416,-0.33553063723326126,-0.328939738604914,-0.5267406533926688,-0.5999961481241858,-0.8173759710560229,0.2222220683872036,,0.0012890610592286578,-0.12108759278160697,-0.09197368425610364,,,,-0.594832119312669,-0.23109890285300783,,,-0.1728101598803603,-0.32657116620074744,-0.27869711102858385,0.041292248878343374,
2003-05-31,-0.10087985085080953,-0.2577648028067674,-0.09770857113072329,-0.08433747330908037,0.035059848265144744,,-0.09100894298912154,0.07333186588485119,0.08714861473674018,,,,0.08596617100197412,0.03462982346553578,-0.045908592795562475,,0.03315827109698932,-0.1847151670446312,1.1726841529187557,,-0.2242667165758141,-0.2226773016310878,-0.15411385119815824,-0.073112858637427,-0.49635438563465417,,-0.05312379015037727,0.1251765208957396,0.0172978754608617,0.5000003529019481,,0.08867444260346735,,0.16353772393669375,-0.06177921085501126,,,0.9507076336229665,,-0.17406093641101394,0.18679682475353077,-0.22692184732617227,-0.17815189878597137,-0.16169281462855756,-0.07190903969960472,0.08246094751607602,,-0.21693015569434226,-0.10706161446527473,-0.13010501965578436,,-0.40044366272144516,,,0.0862034244697556,-0.20622558427093474,-0.07011234159417878,-0.3250916666697373,-0.24546981545829816,,,-0.2739886060936234,-0.148063611802852,-0.27027027445469076,,,,-0.11927870933585383,0.14392235647714124,,0.030838779969850627,0.14454640420744447,-0.021645754559710073,-0.3267981708618046,-0.5869483207279962,-0.37040933840437595,-0.3765540363816038,-0.32042627995933826,-0.44400640419301196,-0.5394036070873929,-0.7515535200118886,0.38515942406754644,,0.05230141258679022,-0.12455714144800012,0.023867775816598602,,,,-0.4895772512040363,-0.3492019809983453,,,-0.21848096816230622,-0.2542161380117256,-0.2501717033295615,-0.03430668444999674,
2003-06-30,-0.0862581167496752,-0.16491290858173668,-0.0537436681978789,0.09035236341768793,0.15509713812866344,,0.05953635018471526,0.19389969510096927,0.21258797955977315,,,,0.20944163701006446,0.14650559324207602,0.040996153707371974,,0.10306909189836255,0.06255579132879618,1.8582979983340384,,-0.13987220472225803,-0.1375079274740303,-0.062398546342653516,0.037636096545527575,0.3346275366781246,,-0.0379031813897277,0.2108689855866408,0.14712153686876284,1.0769236539759905,,0.4775052908849857,,0.23106692813384333,0.013202400639602319,,,0.767959483636024,,0.05971076928727026,0.5293122582301175,0.00875122507048598,0.1553446422279472,0.07562612361093901,0.19450969388627137,0.2964928105163731,,0.00046920796526039865,0.2770542324306695,0.1307786365849526,,-0.2336931476801546,,,0.4963378954595845,0.019005743766925987,0.17956238113198375,0.007571638370868827,0.050294597693482546,,,-0.11512695914739601,-0.11727035549977527,-0.21893490422266337,,,,0.23567741713527246,0.08896298021205307,,0.1211290843737387,0.22540702977737892,0.13813105375618506,-0.2375890547752083,-0.5267007939269399,-0.4528985711052851,-0.25687783058042557,-0.18700672403164154,-0.36239012431957485,-0.4454406243948288,-0.5576294949457767,0.45129882936753973,,0.06461359856695315,-0.12335168868938828,-0.04254065648978811,,,,-0.3109046881903065,-0.29685059806106273,,,-0.18551350410897316,-0.1407348651303092,-0.10546643817001877,0.1715302552797653,
2003-07-31,0.0034541563180547907,0.00290478571776287,0.09318615483502013,0.2240827701938204,0.2812627034817563,,0.28646075581949293,0.3303544875457458,0.3331384972657667,,,,0.3717298956079138,0.25259667463489666,0.14407252813099536,,0.31514734064818684,0.5665253783166118,2.228657166548141,,0.06468323433166301,-0.05857031489465914,0.07749632013048968,0.10087632499361354,1.7097687611234935,,0.09019589412080786,0.30951979206158486,0.3008368672196733,3.849462617844856,,0.17984986804735237,,0.32257620839236134,0.07842333261887591,,,0.6742180858262741,,0.1276683944845245,0.7889791912182418,0.272750081741691,0.27314831319050326,0.13783793170415248,0.2163591053426135,0.3538260957243351,,-0.18388065730566705,0.2952164704767708,0.33721851097569666,,0.007463707822144672,,,0.8599169188802354,0.3473062246321341,0.6047539201166956,0.26283658015951805,0.26380125093349105,,,0.15573813265462566,0.36451653858505284,-0.06711410686111341,,,,0.6122633931708477,0.07869357221371942,0.12231169179488233,0.11316439745813645,0.15398885127829143,0.27082346408504177,-0.03742710460030896,-0.17089113113790633,-0.26844259125731695,-0.10867490870326013,-0.18977694994055283,-0.15700966423341378,-0.2983157616078409,-0.2674289963098766,0.5944877384767633,,0.16593307436343863,-0.04046735401753132,0.12202220183951873,,,,-0.08157439763575203,-0.376333836243226,,,-0.05771140779897688,-0.05841954889074985,-0.10579338531976523,0.759670051744959,
2003-08-31,0.02438667265697192,-0.028517833119023672,0.027765345093085703,0.11809855896903554,0.13870953967937605,,0.012018547498374499,0.13157926328611325,0.18942213831689436,,,,0.1894470479881103,0.1543038570212878,0.02563534223257724,,0.2270680499745703,0.33120788835418824,1.6821147154039697,,0.008467510040117476,-0.0849699487785488,0.06426659758189368,0.12041839865479997,0.9883927114569164,,0.11716487587470925,0.2864555941267284,0.26615888198906057,2.609375428868426,,0.07731958657317195,,0.40343226293059997,0.13003693349095302,,,0.6650043912194279,,0.05658337963822668,0.49752206546526834,0.15984808908699355,-0.02748406186773744,0.2233113592945961,0.01147625570102373,0.1048835064471616,,-0.07563903161957308,0.0841912157604554,0.27231256659427117,,-0.19105847276122723,,,0.5089262261352328,0.09045217018197116,0.4578604344013826,-0.11312515062217887,0.032214459974350795,,,0.25528845818541956,0.45128242708195976,0.005050506024635526,,,,0.6484453357049547,0.24946949932453033,0.32238781859079646,0.20937771403622074,0.33450471059653664,0.42821516276402627,0.13014931022549758,-0.005408235025953223,-0.2515195747913024,0.004026696817407638,0.24896550259155403,-0.06260080289135062,-0.10123620706824032,-0.09597408980363986,0.6384612601248651,,0.17089032760140177,0.011300916821409324,0.22215784419057205,,,,-0.15577524170296153,-0.4432135894161704,,,0.06619642104675272,0.0524338667751334,0.06174194872511962,0.5872869231548405,
2003-09-30,0.2145292333147335,0.09713201502589319,0.2468337959092448,0.18439541754725508,0.24070924499384816,,0.07584522867658916,0.2638312756947998,0.22640002519532954,,,,0.2554525494737554,0.2393172167447286,0.10899136177154256,,0.2762545980177229,1.1553458885656736,1.964520267996888,,0.16833530802558094,0.08869876599084736,0.20607833388223562,0.24459721324306827,3.0782295543572022,,0.15029659768678894,0.3276187789139342,0.3274462648990404,5.231579706541905,,0.21696382414453041,,0.4182391393493532,0.5043648648047725,,,0.46829059909634885,,0.3089928858721023,0.9071948470486304,0.17042885999055546,0.01031967163681391,0.4122913632998826,0.1813327015841555,0.16973764843321892,,0.22866453914811324,0.22595387293047953,0.43445892347132475,,-0.09791044337278776,,,0.2887784188153075,0.14155250485607218,0.46430733122361834,-0.07691486761150079,0.0739897943801111,,,0.7149842334171024,0.8767513804781835,0.9936708849286029,,,,1.2477957779087765,0.27769419955125385,0.47727311127574357,0.3986642869580548,0.5024370865837164,0.759245059299531,0.5194888881955972,0.3290229812215224,0.07692286301738416,0.375162059074428,0.2345305943165159,0.069272207460082,0.6430828092128218,0.12883780284094715,1.2690356004208785,,0.262456890356775,0.1440629051879243,0.30768166488689586,,,,-0.03601894627094282,-0.34566987186777254,,,0.4035332426629481,0.17628578000819162,0.1979022029405051,1.0300534386579714,
2003-10-31,0.11743988526371107,0.10152094210773988,0.15604695792008139,0.16336156573553473,0.27608601442653047,,-0.04184749945622113,0.19741924153977486,0.35339770428149264,,,,0.26492116379378117,0.5099821502020516,0.2752972898888335,,0.4130694023663104,0.8137137595852695,2.3742509338134523,,0.08067445319728095,0.1400451181012483,0.14925564256185742,0.30296424750863626,4.0582724700737725,,0.09401135384118686,0.36424246611843825,0.30992402093581073,4.999999874971892,,0.2773506829236325,,0.3664299246619429,0.09850861667197908,,,0.42873479793280667,,0.22700429620260842,0.5340850620191175,0.030310272764032753,-0.12997621282507865,0.15783786160582203,-0.06584343050787411,-0.06396934811125554,,0.024815121465037615,0.06548478390838386,0.5894451409412167,,0.0246349213260455,,,0.036717081280339015,0.5070707159072518,0.5557738823232465,0.1349949380052864,0.31957765974000196,,,0.7445652003516898,0.4475141435124601,1.2536230851304797,,,,1.7362069239639948,0.6208625037425222,0.4805017400032834,0.25272618864505114,0.3758385431010838,0.6555730967637718,0.2176671833901458,0.6881890437837892,0.2673263065342468,0.10861189366769741,0.16730679131928605,0.07266742437610274,1.0461561635031567,0.002610580795405548,1.3644069815736346,,0.15308947017426666,0.041673949889186934,0.3083349768107957,,,,-0.17620144605870303,-0.4116987084434911,,,0.3207539395713954,0.22150605560785075,0.3361744736636232,0.6018471963200303,
2003-11-30,0.07316796509669321,0.1435471243008184,0.2333796046848764,0.09188230938863806,0.3083573293588422,,0.06350715236511317,0.1114969188616417,0.367694552209487,,,,0.2780407618500471,0.640028922043322,0.4276262788769223,,0.4413624240979088,0.8443898436118973,2.3421742358610027,,0.06588932767810296,0.11373608651607459,0.2061935526553038,0.3564205857968703,2.8278695543997445,,0.08847102997608025,0.493009871646489,0.4793887729627171,5.701030747116362,,0.30369978566268907,,0.39992287258544823,0.34614068760554395,,,0.16140689364177052,,0.07934665076063419,0.13620432316056474,-0.12318217925481789,-0.12321847980694589,0.04203436109077319,-0.02119655841561907,-0.014478265893727249,,-0.1663946416507215,0.06779663889869347,0.8797618517946879,,-0.009592700216039418,,,0.21845817167404902,0.6023390420550532,0.5082748490612525,0.20647954932498602,0.3671022082896671,,,0.9500005208064464,0.5649867012021459,1.3422820731454057,,,,1.527599434978487,1.011856393662716,0.9068763318461297,0.26435789558265776,0.4543789551241222,0.7791061743143131,0.26061510699226575,1.148824988558398,0.44578308399069466,0.11126969388850139,0.3119719001376544,0.2804072413848566,0.9174527300460207,0.11127169143352966,1.491227717814374,,0.19632921085920985,0.04835956703326616,0.23464846208093837,,,,-0.011644237370785793,-0.4592441426603815,,,0.1800458601803776,0.19845463707083977,0.3200554422239472,0.9369659982917637,
2003-12-31,0.06517724584828888,0.17676156146109245,0.20985260757687763,0.05539495796417282,0.32031397877386847,,0.07866017834817263,0.07957257226073544,0.33163423004017334,,,,0.19091199132025927,0.5211133159041716,0.4380895674988601,,0.4205509143794206,0.7282557844247199,2.1409982699264547,,0.0668647082210565,0.09325323080031911,0.16500516784092056,0.28218082208746287,2.49185260288146,,0.06941272251816244,0.5569350572830678,0.5857856706644089,3.6484384134439614,,0.2663246024793988,,0.37689108821010486,0.17920973349918112,,,0.23168876258777926,,0.12880790587631719,0.2757473751407866,-0.0892662428603822,-0.1190474481571332,0.04160519512407479,-0.12625666481650377,-0.04772994869185143,,-0.12540521930284287,0.05245261292124992,0.6646795551640665,,-0.20076074295231727,,,-0.14044987383622087,0.2000002417079263,0.4543562244963417,-0.03517967800606603,0.005293518891814841,,,0.6862248534220035,0.46640302581662385,1.6979163382658187,,,,1.6227975127396048,1.702509799932037,0.7514048247309959,0.28410782768470444,0.4632688689472213,0.5892034116824147,0.47635221175599973,1.2402160220377278,0.9445844547039086,0.37720636143187414,0.6641732177910125,0.4288357104217151,1.1990065252359026,0.37793409906306885,2.1136359002242915,,0.25632396010687164,0.13916162332526683,0.3065222037583839,,,,0.09590030303679264,-0.31331565745215517,,,0.1936944316253273,0.21739819184354303,0.416146452359901,1.1490819025203973,
2004-01-31,0.23432529579907335,0.3973902736914876,0.4039361434972799,0.1953815866327111,0.4908589142941102,,0.2690580913339342,0.2564653641520116,0.37127783985781626,,,,0.2694497545377197,0.6418962445246772,0.48460828598257244,,0.5404855355836735,1.1150405566426578,2.0577946104160385,,0.3081311093738739,0.31694093085313146,0.40487984838701774,0.533808609708031,2.0495216503971303,,0.3213067220079362,0.5148301807305766,0.5628135569529493,7.357144579468848,,0.3578792466712888,,0.3282102724665876,0.36186613493134456,,,0.3417861474461841,,0.475202717622744,0.41674637945225945,0.07960105808405138,0.09446851528476863,0.2004121232035947,0.13091903282730155,0.07931806004057296,,0.03684248208896257,0.12618705947476871,0.6872787575531696,,-0.16971968074582733,,,-0.22989103423822088,0.11904749130676273,0.3733602411997361,0.06798022821302507,0.08756622884808873,,,0.8427837434949168,0.8926948437894966,2.2111111559016305,,,,1.269317811633043,2.0763734837641823,1.140702458294176,0.5614062469440801,0.7705334776893555,1.2197971536009158,0.9702179373621906,1.9518633633501334,1.4865796530061304,0.4274365753775988,0.7293235508161242,0.7783038201428474,1.7469075777510885,2.0284320389532664,2.3471699714592593,,0.42159926149009985,0.3003673932486399,0.4902398064736415,,,,0.7082084554976078,0.024334134473686264,,,0.3614237352205112,0.434210528332982,0.6406453938510313,1.4213052711424892,
2004-02-29,0.22438829928237536,0.3865436853794988,0.3297329339215458,0.10193480996227655,0.518864912579516,,0.1760403095916827,0.273216002831006,0.24586916909185574,,,,0.20407282351797362,0.42358876285940394,0.39209030435982783,,0.406148038914643,1.3588402249145255,1.7047502372917807,,0.249767683449847,0.28654700532502675,0.3849973345832034,0.4940114485492555,1.677799960765673,,0.36270435288460523,0.44544385588043434,0.39056937503353106,10.202899782360491,,0.225912929023538,,0.34642856165347413,0.36744500594954443,,,0.2756476078146002,,0.4871474344020159,0.5212459511934495,0.1446132214389808,0.1426671517397209,0.233583453786687,0.06448495516642616,0.038925300876573976,,0.09748509780449677,0.10970980895415638,0.5317537991339094,,-0.07266189699533843,,,-0.11461705845432224,-0.011315008747313504,0.25688728676760686,0.08982873056423557,0.024436832496232075,,,1.2306512191402055,0.9736833358324164,2.5389609532127086,,,,1.1998509622999411,1.87808747940284,0.8869345209742989,0.38080741271854834,0.5576591481900794,0.9417177069320517,0.6957851919535811,2.8753846975473256,1.1057877399264622,0.3770279396337861,0.8582027927005473,0.7950616469461513,1.6416776973598242,2.2264920338096204,1.6006932309657587,,0.3599089271015752,0.3137524255506725,0.6008131109653643,,,,1.2015459916221176,0.29381996956175405,,,0.2683017982813183,0.5330581564817893,0.6920959043659782,0.9127311153274054,
2004-03-31,0.2397801584868171,0.4199819435726688,0.3230747223582018,0.12983241820004698,0.5146786869740532,,0.1810031282155904,0.2731720096003951,0.34227765342939387,,,,0.35339756780040643,0.6299271827638273,0.4985202568286251,,0.45191630298959873,1.1486642738284587,1.3108175361034928,,0.2728573200996247,0.32549508515677195,0.4994322117088137,0.6438410883535677,1.074791477835702,,0.253145796135968,0.4591425443618249,0.36156753501942207,10.324326185133332,,0.16304752591473948,,0.3825619166932581,0.46492435020262235,,,0.03393906603517616,,0.7212040689652459,0.5663993545857111,0.2763334966764843,0.3269320845680177,0.3697912717084393,0.1733119036633335,0.1228717920873037,,0.24053062690846683,0.18760948777993836,0.6672151305914666,,0.04042724123192998,,,0.16327845724540713,0.09902620299741183,0.4577906754872032,0.24802554466674653,0.20668096405511927,,,1.8967214448627825,1.3282680371229176,4.021276734050914,,,,1.5409270978928222,1.6564190843512954,1.5182186299329672,0.48349706005584436,0.7611388013496476,1.2540977914695235,0.9751357264677023,3.310618226560223,2.171581194843509,0.6678074638322569,1.0708795124790367,1.0988978812744272,2.4199174717527834,3.4944816305544144,1.5696960302861473,,0.3027904664010721,0.18196819951006193,0.6209130141148014,,,,1.3883927703818872,0.18094225535453523,,,0.4033797411990441,0.603090128549423,0.810713682434741,0.7551158762531371,
2004-04-30,0.2140439063355566,0.452149970478944,0.4177799359321186,0.23206154009906865,0.5862170427607174,,0.23526981804545777,0.254991555567047,0.5153038833380892,,,,0.3242034903236244,0.6906722903602232,0.678413507687756,,0.5163657241288344,0.9293035204769451,1.1047408746581584,,0.1860212878921952,0.3811659942039247,0.44413194500284736,0.6515320997148688,0.38313801481744814,,0.21908062292676656,0.41849411924202595,0.3971876947993007,8.322581545033941,,0.08888850869625209,,0.3179283045598784,0.648386008160907,,,0.13689545673847725,,0.5448058414991046,0.4477129461697271,0.32296603074728125,0.34730784640552237,0.4362382537042493,0.12623487747534257,0.07043503360463288,,0.03304604815746459,0.16709221615810055,0.7336184673159403,,0.4933429130149327,,,0.11733843883546946,0.19771239740073865,0.5343568209688441,0.49594063199543936,0.3142542025438242,,,1.837580295201899,1.2486637515322752,4.185185153753242,,,,1.2827454125284121,1.653624397401463,1.6216584656938426,0.3575723162059843,0.7229662394253613,1.0212691984345486,0.5352857285235599,3.2515060406436183,2.63500104098205,0.5283863451472348,1.046241850133078,1.0882812949561211,1.5583056082992424,2.008048406208002,1.7933658883299883,,0.2971787802718482,0.18674097398513245,0.2813031281588898,,,,1.363134393230908,0.5868394486774222,,,0.34789268304542853,0.38990104775794343,0.5897826177575762,0.9503278549737217,
2004-05-31,0.19262267134517064,0.32638261933565293,0.34957312607947433,0.14823935492057938,0.43838168177812387,,0.18130473589108287,0.32378102866543124,0.2780798205703321,,,,0.0811988528700538,0.44086562764458415,0.30770266923816614,,0.33392010462930033,0.6122354258100184,0.7899328322611421,,0.11632915159102208,0.30088357739212057,0.25248120977493516,0.4482754130576472,0.30797454777064015,,0.06488317448229486,0.17122689041867778,0.10146064999633952,4.644443246644408,,0.0008081956761625264,,0.19561917794119954,0.7133565998916986,,,0.17269625189918436,,0.22124159050436765,0.27330407316794014,0.12233563682818116,0.14802652558046758,0.22033141269427392,-0.11842350800215151,-0.011202483612828051,,0.10915707445053546,-0.01597173100082394,0.266701619652582,,0.09039768803658221,,,-0.39016746538555636,-0.20803422095692703,0.10526385580682218,-0.14210238190364122,-0.09343677280876173,0.9480528349844008,,0.9984866372141932,0.38405788366425386,2.5075759400425746,,,,0.4120705147693118,0.8617611431114187,0.9880474603096339,0.1602092698184172,0.47275748943820695,0.5827887723792915,0.26800970225966814,1.8285713195800781,2.137749397144414,0.26620959587742576,0.7976105684391186,0.7302579443505364,0.7971858043313065,0.5858586724909731,1.4071584269658222,,0.2365938593591128,0.16533204831404613,0.29588686728869584,,,,1.0630111116583296,0.44593542146283327,,,0.20661144297155398,0.2840123507103569,0.2806146394186939,0.4973592348934526,
2004-06-30,0.23672461341347906,0.2977892774525792,0.37506306220459695,0.28320798224151145,0.34431814199369537,,0.11574892996123931,0.3403245798372625,0.24827228689329095,,,,0.03344447002777473,0.31598852353624474,0.26986828107133953,,0.2789310686282436,0.41108521737660486,0.6326808367477819,,0.12276060237391517,0.3093835888448464,0.2825726658413168,0.5128065330695555,0.5125379007143831,,0.1271800221256736,0.18098701550394392,0.0711890860085247,2.3458974266281984,,-0.006238981260133336,,0.0851738076541575,0.8378998537507896,,,0.27503469880969766,,0.21850546682987781,0.28090765951485963,0.02828438671495448,0.2581820254603362,0.28123533561562475,-0.13541581878464992,-0.051610284688636154,,0.2577163326514511,0.04730589255837114,0.2295613981652791,,0.2018126047736628,,,-0.34463750703225393,-0.08888908445592703,0.12454425698434735,-0.09462853864673137,-0.03138396538089894,0.9625006513673948,,0.9134747797262879,0.5342787916027971,2.374100865198415,,,,0.39492676341871613,1.117444090835992,1.0299400736600162,0.31966138977131986,0.5162252446089886,0.783895914756918,0.25167486622179136,2.310000010899135,1.6268905840377919,0.3633641523661524,0.8564191047104475,0.7823641011029805,0.974897625234898,0.8579697069840073,2.11358057395551,,0.24476317797255098,0.2182266125247756,0.3238444929291102,,,,0.7927527185368166,0.8601965914324283,,,0.15006365352635154,0.2356991863555089,0.29620416827278606,0.6255000585941428,
2004-07-31,0.28167296165446865,0.3527371523234526,0.4864908243167858,0.5451799146067604,0.5203785532550553,,0.40078672948871663,0.7001304325657056,0.4120714452561387,,,,0.26232386565956745,0.601086281161725,0.4168035676326791,,0.40979460923362754,0.47795174037957633,0.6244328831571075,,0.21585203789354557,0.33843615659583737,0.3489907769299485,0.4636309537326275,0.8817508846744133,,0.08272124775545286,0.15891634335611515,0.06696922152236584,3.235930955475598,,0.019862817798573573,,0.1364454597826381,1.0466302213142202,,,0.3591176610509399,,0.4287204524519994,0.3906754229104308,0.2114148360594914,0.7114134419454528,0.2822796272392667,-0.010837229917507574,0.21206139962438764,,0.4417243740936765,0.26312867037570875,0.07913490628000752,,0.10237000225810622,,,-0.360578120100439,-0.14592937995626154,-0.0026246201622983634,-0.13825999938962585,-0.11005087326129892,0.5638295783197704,,0.47752831072128665,0.007066789633751069,1.0502512659250551,,,,0.25293808624708136,1.610518315580351,1.039503745158909,0.1991334936234319,0.37293177421199264,0.4247212739078883,0.21288663284004006,1.7605793072628355,1.86243708627739,0.5784702751448831,0.8960264706532655,0.8100430455604277,0.8813277305249347,1.4509670564886883,2.4507043952923655,,0.25333327806704475,0.15088231580712907,0.19428575476944765,,,,0.8037648074047639,0.837805562250524,,,0.1432871331270129,0.2099113636087464,0.17731478221150376,0.9088741079260769,
2004-08-31,0.25244646676609306,0.34715432151141523,0.44670158090822554,0.5056077400099583,0.4734674608202032,,0.3500301083405024,0.6355755619796117,0.35689633431861445,,,,0.19552863859345604,0.7288014461217094,0.5671353414580533,,0.3947161811679776,0.3670579568538468,0.7680438181779083,,0.17026271999493647,0.3881845217906654,0.3062988907486659,0.4415201804673039,0.3346554032116016,,0.038968562042898114,0.17309135344276094,0.061489105903693275,2.1064187652309356,,0.0023391840357436244,,0.10462968509646631,0.9155084398423243,,,0.6296797446806939,,0.3121775320348745,0.3378580952419601,0.2172353621720926,0.7083761569937688,0.26742681346299446,-0.12652012781413668,0.22341868045122348,,0.29010728790111195,0.15815723541901439,0.03498178470433588,,-0.0798396220967954,,,-0.4219576827473367,-0.29200017439828707,-0.11786986512990438,-0.21978869197900874,-0.23220339764645181,0.35087668771437386,,0.30199369761266737,-0.19402983699307985,0.09841265569091528,,,,0.1830027600907873,1.3587848220452754,0.8512823152215707,0.199864933476658,0.31927703992642176,0.47534681964758096,0.1372352625481652,1.545945863466005,1.5305020820411066,0.6502234643443074,1.0314576860356457,0.7356810472013944,1.0833208750487593,1.7380239501803492,2.9261742094638676,,0.25519504528643977,0.11536593659987582,0.1966194505022738,,,,0.7657688265564977,0.7477658132805918,,,0.06927763505889817,0.16985882923199713,0.15853285266092176,0.7443553157652707,
2004-09-30,0.29221887532027857,0.4121895032632479,0.39420821715989085,0.3903117914332883,0.4939250368424428,,0.3507800442478748,0.5618331534363619,0.2964726371936752,,,,0.13818330457651595,0.5950588682756301,0.517158700640707,,0.2869258872651357,0.4326522063893601,0.577100344186976,,0.19721237222088717,0.32087661801912826,0.3358767038438035,0.4761168502778568,0.2669733302766315,,0.2130127078037527,0.1673202897873678,0.1651228170308896,1.8816665613652135,,0.05481456618939906,,0.18858512978704356,0.7419223710681977,,,0.6726972804922957,,0.2935879925450027,0.22453570864674854,0.34715830393233404,0.6482914803087485,0.43417351105842084,0.0016170896824565517,0.2828357057608528,,0.5293743452205266,0.18357450987414192,0.14016931109676323,,0.1035886005673361,,,-0.1514074549764628,-0.17694380288235956,-0.040475662710671045,-0.13548878663611874,-0.13496745291583645,0.463768297644213,,0.5389405152385363,0.14122090748470906,0.15755623771916705,,,,0.15773848850135885,1.115252782389244,0.8316073932856372,0.18756101384510382,0.344174410110468,0.4507300493728783,0.26115294658213073,1.311567170652097,1.6074223713865279,0.7230675646049287,1.0667341531564567,0.721954494145328,1.0881088284554492,1.9216390901147733,3.5161280381733153,,0.3256812719576163,0.17847736559732064,0.3487637900486429,,,,0.83452371400705,1.4867397764148236,,,0.09743960375122485,0.22176994125942806,0.25505022815327605,0.8873230483209391,
2004-10-31,0.3554667439073367,0.4942402800043404,0.4756183818678148,0.5678737460843641,0.6247815151149039,,0.4726817826630718,0.7659256416196734,0.4433187935192222,,,,0.36044292551654067,0.8973920337595425,0.5350141163310087,,0.32644479318109054,0.650359593222881,0.35380779831987685,,0.21376229830723892,0.4057352680372972,0.3523621409700932,0.5908400862670917,0.19075324329237797,,0.3464867489229655,0.1255675355853454,0.10767062905407054,2.039999913826785,,0.12680548659008473,,0.2628973494826472,0.8964727727697381,,,1.0785968701826012,,0.45181635289971234,0.4361962503290211,0.5613529602595413,0.7231252266343868,0.6633467772830031,0.0957194117454776,0.33735968315799236,,0.7305499265694999,0.2526450658998758,0.04593810056518133,,0.3166377682626762,,,-0.1658060888029168,-0.17518240336680668,0.025844619645071454,-0.09248572459938709,-0.03756112375354903,0.16591969234387727,,0.6163343641649102,0.26101719597481643,0.3581661188781957,,,,0.06169559960263915,0.9085639031560457,0.6303542293043265,0.12530483360384737,0.29584110520524565,0.4937472279011108,0.08408692364940884,0.6846902238527517,1.6956672456092652,0.6877624686093793,1.082274492224966,0.39349236140334654,0.8663632767136962,1.4345327503884056,4.105633865385824,,0.24771398979989545,0.22163707021352264,0.23859804817704378,,,,0.734024074396024,1.4878393451645402,,,0.1250140755164253,0.17616567394195437,0.12353665833313676,0.8489692400685047,
2004-11-30,0.38521127745606876,0.4482467173270126,0.5212737628617454,0.5937390192403518,0.5590891895362744,,0.507341499826429,0.5971148897100009,0.42022937271281524,,,,0.35826683499006373,0.9047641191787261,0.5372413355036614,,0.4816501928616399,0.5557344349467981,0.3316202356664597,,0.26108558788058245,0.3986296640787179,0.33415077506811386,0.497904523419751,0.3387229218494061,,0.40660175250381303,0.0989181528791474,0.09474349227960266,3.1747891921260294,,0.07418521942186285,,0.21721499880175288,1.0075132023074485,,,0.8775932331285814,,0.35900536107180114,0.6062230282308367,0.4977679687644858,0.7520786916551097,0.42058300502075685,0.1956591919342423,0.3420078900327177,,1.0792204864306445,0.32327619684535036,-0.007216830193124912,,0.30670547617687904,,,-0.2440442140816116,-0.15646273361790242,-0.21233965813998734,-0.24901850008173365,0.06274277018004826,0.19090956716429552,,0.27609716230451187,-0.09164409963073639,-0.04440148049661796,,,,-0.14946154369551923,0.19170850042331367,0.8716924161366852,0.10993012705493843,0.28077186694792444,0.5020567022366265,0.0045399176604601355,0.3939758348125817,0.8886018373157021,0.5245330371686097,0.6657600712941187,0.17277790851296038,0.7841900156368469,1.075536695389415,3.913867161599553,,0.19419141463506184,0.13163072895885808,0.23661239028938041,,,,0.46459548471056245,1.0687763794936505,,,0.12737354501606002,0.13851534533902043,0.08286098478454629,0.6151836674781439,
2004-12-31,0.2803733291946098,0.3053780352764661,0.42071168006589343,0.6328223087347054,0.450318064316531,,0.4538302994953556,0.6555206048504942,0.34069486474789334,,,,0.4565246058176846,0.7376109871229157,0.39543900052702385,,0.40092792287996315,0.37623293625740883,0.29152887275152395,,0.14096962061613705,0.2834503119546081,0.2420214674804877,0.44524164198563576,0.702205977389323,,0.31375094335591847,0.19395323721885394,0.227260663594119,3.8598276604351813,,0.06644761549475131,,0.21818531355433324,1.036960956266443,,,1.0725289990649984,,0.21060532991060343,0.6153077697597831,0.39492174003363867,0.6189632648101426,0.4098713471064088,0.18266769370999314,0.21965368671944874,,1.5005972309933853,0.25301229207537035,-0.019319439142506556,,0.3053073985250294,,,-0.1472289282511341,-0.007509565094616977,-0.12916865235434116,-0.34946475967383717,0.02271670914187185,0.5410631112870814,,0.26643317766150965,-0.18094116154679774,-0.205882327678224,,,,-0.050592361178126155,0.0746242901500207,0.7805168607095643,0.08375492211856939,0.3263033163064426,0.3188382385800428,-0.08890214184017575,0.3477117585884617,0.9063231547105164,0.9066978099989105,0.7700572581281859,0.20826537357136754,0.9953585011365753,0.6848752454533398,3.7294238443934606,,0.18937645775906464,0.10068506848676928,0.24438643680442018,,,,0.4518015899291392,0.7502512895886959,,,0.05792463220209787,0.11415306350195875,0.0875109539143748,0.7253564252555991,
2005-01-31,0.2872152588641086,0.2559912588280049,0.3493787732181848,0.5801992068838628,0.3547353122013308,,0.3872579650303136,0.45710206281814303,0.31969626966225717,,,,0.4727590237763275,0.7904064551769452,0.4130300686546926,,0.37779524799561903,0.4268494348401106,0.31455615399981895,,0.263726992374107,0.26665250965107457,0.3040889828743607,0.5018385664361646,0.6161472534335228,,0.2906320543376759,0.27298961414910483,0.35561485707549756,3.1203100877907497,,0.17381090047220393,,0.2582612686289969,0.7307019431769914,,,1.0268598130279205,,0.10773078014397108,0.32188915571424337,0.2309250966007692,0.37261768292050257,0.3084116425109866,0.1874329205187375,0.1338718151041296,,1.2202884126052727,0.16568186360974457,0.07323525867435787,,0.08083660287604899,,,0.07126848619605042,0.007153072754728873,-0.0815718098297159,-0.38839815944438927,-0.02091706034127916,0.4492756808937879,,0.1089516461528457,-0.22266653834289052,-0.2788990711256857,,,,0.06227581787538328,0.14689487275510582,1.068574852527504,0.13235820712760415,0.4317725374170418,0.6802028578116228,-0.06368679852179204,0.04247716046601702,1.345201295195468,0.8805668022537867,0.6924026793926401,0.3532231067656906,0.9450533799075744,1.3403453705751995,4.1602133913787345,,0.265808368323071,0.18559609343124306,0.21778504494118645,,,,0.41269318945289557,0.4429704800158869,,,0.11482907181323587,0.17026114029560335,0.18579742899285878,1.3338140483947893,
2005-02-28,0.24561510494572647,0.26112413175180715,0.37084457992101116,0.6756313015135182,0.3445160839793455,,0.4414645888147759,0.5548669571799392,0.32940344186414006,,,,0.37246455055414973,0.6209908909200408,0.24093330130617852,,0.37100348736014177,0.37393635061081265,0.3725208244368077,,0.23086365644481543,0.23950479700292115,0.22568028853653543,0.32541399155902284,0.7857280192159677,,0.2968162773821603,0.21227730072194095,0.3486521641799325,3.46897262607187,,0.289065909115098,,0.31857758098445,0.7454214410678912,,,1.0991045662985388,,0.06480350451735517,0.3070886562006174,0.16098450693075939,0.24133260701440795,0.16463923779477518,0.2874732533944544,0.07605288821180234,,1.3075837099535979,0.0644143098711627,-0.03632074374232752,,-0.0638993711623278,,,-0.039575426471175734,-0.028064936046863442,-0.23078121659367767,-0.45577039664798724,-0.08879512918741328,0.5329944871686529,,-0.14940560596862928,-0.2780680201489639,-0.5014124834713112,,,,-0.10977682929310717,0.3200893677939418,0.6146837973745698,0.17242963284336166,0.36118555492970095,0.6240227027870566,-0.20109269249134154,-0.08382355230489758,1.219222891994392,0.8064130758988075,0.5697399971953954,0.22930065033522506,0.8055133862179684,0.918474989784055,3.290096103440967,,0.2061406383770623,0.24653068380943743,0.1797128760145228,,,,0.26008051605133664,0.4601779152234171,,,-0.025220160972723615,0.213743616101695,0.11433956814695057,1.180125763418443,
2005-03-31,0.5571950818783435,0.458541175768272,0.6243534824147956,0.9936087532792155,0.5510567034399874,,0.6164150953010654,0.8391053949810303,0.464904956219486,,,,0.5618211619163378,1.0612662721991386,0.43585393431446806,,0.6412419042093827,0.5002458840710882,0.7320823425761118,,0.41578372768442406,0.3076479328430768,0.35829957404402624,0.5273661954375386,0.9773686206059711,,0.3510410407136755,0.1642119962663906,0.27222147233201266,3.2906562754057918,,0.2164598214166893,,0.1982013654256971,1.3945599611099926,,,1.3909021394555743,,0.19592566589578153,0.4638820237821797,0.31072205121161534,0.6032530656850406,0.277839184730833,0.41393861826592415,0.41714509316338977,,1.361485632915219,0.2546443540149057,-0.029533626935192347,,-0.03081062107592858,,,0.002377698278542395,-0.09413376894839953,-0.1346355482056243,-0.44448520239454803,-0.07247442224781231,0.4562211570745196,,-0.051627170929013366,-0.32936995177982975,-0.4271428412434254,,,,0.10349543045579535,0.6903316126214241,1.0236053953459958,0.44454659687126385,0.6695054751505813,0.9817155926224388,-0.055958124101776474,0.15161171975555132,1.4654427748284617,1.0445596003132778,0.810074852775398,0.3071112942646588,1.0738510807580788,1.054004256312135,2.817352722621582,,0.22103455592561483,0.2694536449129086,0.4008415139070509,,,,0.1527329333905887,0.1510488384944022,,,0.048231505615230263,0.24623324304770078,0.26981133246659517,1.7680368316911093,
2005-04-30,0.43286902438688246,0.3142700148253488,0.5466651961849962,0.9847391909814853,0.5391945503758846,,0.5699249371969948,0.5506964155063954,0.4687948584158619,,,,0.8104295443745044,1.0830090334395748,0.6945337286135997,,0.7631407216170694,0.5744018625220284,0.38175972505082356,,0.28469410546241947,0.216497325405828,0.33411227329485693,0.40872843363838474,0.8401467535580673,,0.5150961275650214,0.31359347776577207,0.473150899753773,3.2329403227970177,,0.28951250101960113,,0.2507420951072752,1.316015315332923,,,1.2467946087968116,,0.21868969365494872,0.47260588116864577,0.22665059181284075,0.6726360667441258,0.21761478308835458,0.4877812165093651,0.3899346411585707,,0.7830495277009124,0.33318256589011774,0.13855637809563492,,0.20303087092091188,,,0.503492916561902,0.08695635557209447,0.11499715980757386,-0.29086445199392674,0.14073294466061959,1.039999117205742,,0.20060587837906763,-0.04363039258625956,-0.20734344673177296,,,,0.34894560779363926,1.0763644154596248,1.463593117681222,0.4861787176294059,0.7381782440983202,1.1301731627475546,0.007640873241503421,0.5282828987307655,2.0877331445397846,0.9620269789048115,0.4453634858814641,0.22064846947881156,1.187138990851213,1.3889962214094358,2.0065058201955233,,0.3291187889251319,0.29768045808299504,0.2935208524851882,,,,0.2462105285145908,0.35720011694273746,,,0.17964367394023295,0.25581401197909925,0.3138957498933155,2.073557307135539,
2005-05-31,0.3402303071359565,0.1769649563830913,0.4535509025004443,0.786308573117624,0.5935488016917685,,0.531132384577109,0.20325918170187385,0.4027265902646744,,,,0.6363536309738282,0.92515685737526,0.5697786161357092,,0.6342913801184011,0.6545202716985326,0.45120832786967147,,0.22320195877102922,0.17589888092781392,0.19598774856179357,0.4003198711898863,0.4399547192699689,,0.404307588617999,0.23197454736367695,0.42266062683173344,2.6713047757322257,,0.3150137890533862,,0.366906887596973,1.0844324798527554,,,0.9969753154884997,,0.207035447081388,0.4531446375623036,0.30714409247589836,0.4356930704135795,0.12458260023823309,0.553776199109403,0.5697635543700827,,0.600933305667398,0.3012079857669343,-0.03810229719066238,,-0.05263973929001742,,,0.36521592529137425,-0.1300812538422027,-0.07715533901018612,-0.4746914187264605,-0.1361699400410411,0.8980887198704512,,0.017049572539606705,-0.2819724376166507,-0.3411514007720856,,,,0.07750985614565109,0.8211559677012024,0.8837754488209308,0.2684054505624136,0.4939746181500724,0.6557680780434454,-0.059248343035423146,0.005610667256734647,1.4837554894696217,0.5712155006162221,0.07416668741910248,0.03700465073605419,0.8276973075400467,0.8887481268354662,0.8992862257972363,,0.28504581112585514,0.20032834419115142,0.18553143765782587,,,,0.20778866286220765,0.032128719532528605,,,0.15653144377750827,0.2037609337599151,0.29929253014661006,1.248223595757795,
2005-06-30,0.2927787776090165,0.17977719335064468,0.4454531774889461,0.6770939098094784,0.5322196541526183,,0.39703690917708445,0.11482351402354518,0.3570208265309085,,,,0.6159132891095314,0.9632959608424805,0.5464392687824462,,0.5321110012956853,0.731757584494652,0.4371293626961299,,0.19251515653347062,0.15963766261105228,0.19519138131699232,0.4535324141904846,0.5575445518660347,,0.4588148373173562,0.2680276111077833,0.5233153197090101,1.9943788082779155,,0.2899242429255542,,0.34963568095716013,0.8737290628515819,,,1.0622638789879542,,0.0859054010967506,0.4310905916882193,0.24008469630074258,0.4290243934176661,0.09548639982332485,0.6025063947409601,0.5919803944934294,,0.4147521520867581,0.21870836161749851,-0.0308178654901623,,-0.10105710563808745,,,0.2485228732608451,-0.04136707546767582,0.08586313825135683,-0.2749477040679317,0.055796351297289215,1.0,,0.08669193528478703,-0.21403508708589225,-0.18382356382443998,,,,0.11329615849612207,0.24817770166114017,0.790259797870615,0.2457873954444234,0.4604771591299226,0.9017139427110996,-0.1632195831923684,-0.09600649375629944,1.0912456560185984,0.39309088835404316,-0.05150793436378187,-0.0376737250786211,0.5980326563722169,0.1879207812989392,0.7006799099782575,,0.1872664768741199,0.1662113372910654,0.1365120563536133,,,,0.28624465154371226,-0.023880729474114792,,,0.04382519492916348,0.2865395350017339,0.3981950432439636,1.1277545406679494,
2005-07-31,0.26802710167345123,0.20697263030013002,0.4842872580320772,0.7922602880910594,0.5907924019618234,,0.4673665624413239,0.1884943397829839,0.394553790149371,,,,0.8003588857452102,1.2096642692276776,0.643736712907764,,0.708120257827316,0.8984356422570798,0.5067849555970401,,0.3331764889755855,0.14214675590891068,0.23964557825096655,0.7040878981355729,0.5786139862274824,,0.5989848915822928,0.37127226172625427,0.5670153116881724,2.382273317993289,,0.3533098719504526,,0.40355603307631793,1.1267218127055139,,,1.3945545929669585,,0.19447560160889088,0.5260440790351204,0.28319914931490575,0.4212260264365886,0.06566679939414954,0.87254117149965,0.5349167284323495,,0.6585038126576774,0.30365587544475936,-0.027152688549667348,,-0.04560733798892791,,,0.4435800829285699,0.1487758959168859,0.10810859281144558,-0.21608887932520982,0.11694909662371655,1.2012989799011882,,0.07877498424994434,-0.1555551490497864,0.04913295882299451,,,,0.1167790119488028,0.21563263014715095,0.8686979628092377,0.1932645471992429,0.5059687198948171,0.6921189118369522,-0.16798077532217925,-0.1337579499184497,0.7725892557462708,0.10711695007501376,-0.18931895776715724,-0.061538792089135375,0.21386446671582227,0.11261441978435638,0.35873197139151114,,0.19869404986589134,0.1896493222271316,0.14890260628233842,,,,0.27736107131022947,0.13992683673158535,,,0.04763212292466501,0.3931136945776199,0.6040049211966456,1.2713507687710317,
2005-08-31,0.2941313845165707,0.2181584391547624,0.7188176572563894,1.1222212803810847,0.6230217468090669,,0.7412767607181505,0.508704609918625,0.5392275465270169,,,,1.0277158778967923,1.5791399966034896,0.7593040211131845,,0.8342253620952711,0.7893758567465281,0.5672505384854098,,0.2491297540967985,0.2562540572584091,0.31744684251260336,0.7797367003559876,0.8017659398925656,,0.5379976453820561,0.36314178449945134,0.49210462039398273,2.9317528429759103,,0.2765932420629771,,0.501993760676964,1.519404483602976,,,1.3113464084078315,,0.36673469460821395,0.9384980427584253,0.44895967220163446,0.750835508254645,0.18001320344033944,1.2245048505891756,0.9035194979206593,,0.9419000695200759,0.4841275898803772,-0.14669526030108104,,-0.10023379023227408,,,0.2593965218797518,-0.09446250213388963,-0.023141140813886407,-0.3405178754337438,-0.10740310969641675,0.7970295927920772,,0.06950054519587012,-0.3060198506533647,-0.013888891835633577,,,,0.11987117978242234,0.2524482749165662,0.9789426005853912,0.32354181129292603,0.6138618776243954,0.755620299497044,-0.1207144086951385,-0.012510143853954103,1.1909384807553498,0.4378024753924854,0.03722260785952969,0.2394681289596352,0.4221682795873758,0.5628227027307726,0.16070298178145803,,0.23508437792707615,0.16481538648630956,0.15275684413725377,,,,0.3082414434358036,0.09159383724970249,,,0.1260971633123691,0.49586386643301195,0.6331670491446151,1.1716882794187886,
2005-09-30,0.26475153538045326,0.18052234394842825,0.6267815296047394,0.9450051812792581,0.5046279149449822,,0.7193422231883355,0.4486750764715579,0.4373630432052782,,,,1.136109294741384,1.4875766337748515,0.861255100056735,,0.9867820590029843,0.803676360083222,0.6610481634694583,,0.31223181195351657,0.22648484279958736,0.33268811010637545,0.7781677308077863,0.8771117870325809,,0.35473898261633163,0.31317797351435006,0.47344458018744273,2.9524293872134617,,0.11506202405053623,,0.3843286122898766,1.6713251852169009,,,1.2256184735885634,,0.2921664533708366,0.8604791237275609,0.3571010538114532,0.9540477686547453,0.2038919570486073,1.0887093537499775,0.7926006760346702,,0.9623853795261363,0.4149950257798929,-0.12456608057462426,,-0.08209875192712202,,,0.40981655616535195,-0.06784655380497762,-0.07319035556902642,-0.4441996898609647,-0.15213164353464648,0.2961539340205519,,-0.0828440346182352,-0.5215056358464745,-0.22995784296221433,,,,0.08933466895373132,0.05246346920742573,0.789399900256746,0.3495849462923579,0.5226053499989856,0.589118464372526,-0.18621911320259787,-0.12729891228163337,0.7725896670201795,0.2510899791269925,-0.17596999908562294,0.21914955283545678,0.17651276634849333,0.5257355827294927,-0.024986503838478447,,0.14257709294121712,0.03457127569635943,-0.02359551048329489,,,,0.17273993724913073,-0.07130544323441035,,,0.005413542435343421,0.43782486605002036,0.6204388146685011,0.9150962337670474,
2005-10-31,0.31734824185382027,0.2581517566490119,0.6850523130927171,1.255992769769887,0.5566297785684486,,0.8665062278514397,0.7979115071440139,0.48971196464702915,,,,1.376850485693927,1.1681930957945896,0.7846220010962601,,1.0057875233082352,1.0460476837782728,0.8087495673076439,,0.2614299506346014,0.2550808624658041,0.34513998455396644,0.7769253745931444,1.026763833214344,,0.3028436621226678,0.4017724887804621,0.5251738806079178,2.330112802339528,,0.14327172781310504,,0.25906578317191475,1.646790884073094,,,1.6296124292552996,,0.35551199625733343,0.8701679362699108,0.4072317730441115,0.9519433935973691,0.3929870254716168,1.1332164155423938,0.8864389416291598,,0.8775504234610876,0.4623368978140192,0.0020670542864476005,,-0.03939903992960381,,,0.6929880252671421,0.03225785750577681,0.1627057823072089,-0.0728813449721496,0.017600097446432983,0.5877861388758057,,0.04682806774929493,-0.3501484103093736,-0.1454545678985104,,,,0.41066762888238295,0.43859305992290065,0.9263055119774397,0.5832259502712673,0.6686065467974542,1.105715161866836,-0.23333230612536715,-0.02852203391618746,1.409842684949079,0.42335681802787195,0.035570091525694236,0.5551099547926677,0.2452814988576355,0.8618201317444172,-0.13766039651344886,,0.15266418083042788,0.05915125076182148,-0.04546762137409355,,,,0.304903508258038,0.06515953945818831,,,0.12098197787150511,0.519955435978086,0.7479758821739177,0.9909964606194772,
2005-11-30,0.11180776733759701,0.06983781072900075,0.46741694435557357,0.8111684328118751,0.3327254567729945,,0.46609104695784964,0.4240111373051543,0.18743159537412524,,,,0.6192604231481136,0.9107509840148063,0.5507185262000056,,0.4498072855798134,0.7018194195563532,0.49446936394139773,,0.12936628143569928,0.10882394456945921,0.17052301842118434,0.4778233613693512,0.354010885304048,,0.06776481886067298,0.25166734638728094,0.2985826445341224,0.30953222472898045,,0.12416539700310159,,0.1995421373255546,1.2583355164740864,,,1.063167109061025,,0.3983982244650679,0.4405055213853981,0.2487005096389694,0.725690632015497,0.10989362476205011,0.7071444006236611,0.7130699086454584,,0.5218495438742601,0.31980782073936354,-0.09362153655067529,,-0.12920742199886803,,,0.31247177282037497,-0.11979807943734999,-0.004757203493599982,-0.002862466790235052,-0.0559045356859007,0.20376168961883945,,-0.12258407712959685,-0.503681894331508,-0.178649267200786,,,,0.3350592139885731,0.264965565103618,0.3793667222516357,0.3294736786695309,0.3186746184817484,0.7216535833009314,-0.27403794093217837,-0.2903981377964794,0.693082705065863,0.15282899716892384,-0.22640363019190046,0.4406283588641542,0.038285462013118554,0.318362152657109,-0.3921608278784735,,0.11680207391413466,0.021323866140233072,-0.06459204423062548,,,,0.09868886995783321,-0.2405062471302457,,,-0.019806028586330737,0.271773133093443,0.5865016368359941,0.46278765937329447,
2005-12-31,0.15488026979503844,0.12603564496856756,0.42317884255687277,1.0169301804404318,0.37541488185402305,,0.553571964224719,0.43653072521923475,0.29821667529710405,,,,0.5610919681740445,1.1330557317624992,0.6129177523813643,,0.5639506325104022,0.7270429932277678,0.4404950637611196,,0.12960654232419122,0.16439798564796182,0.17216897465279835,0.4451209851213389,0.3315593694997869,,0.0011664072924750801,0.2816022419510946,0.291974854183334,0.12496071330321046,,0.03043912064828369,,0.11851409727072792,1.1295698765578281,,,1.1956542343518994,,0.4415891698117409,0.6380755518021577,0.35676483516318447,0.7177672897161302,0.2760867631116184,0.7163977025479173,0.6150418809972154,,0.9988560949388485,0.3649836248373013,0.048432740363357096,,0.06624817816777084,,,0.44122278161404926,0.07102261816842637,0.1768336537132249,0.3020495747760883,0.20977116623827086,0.3299997556875973,,0.18836076619650322,-0.3927956877941351,0.09669213075141703,,,,0.43133431358054675,0.514060616576165,0.48181520379573417,0.39965280827065386,0.3514516572215247,0.5453392799968433,-0.10832469123551425,-0.11843109608700819,0.8502006352930898,0.30283556279334656,-0.07549423854026593,0.6665395982507902,0.1312231609403498,0.5333581668000766,-0.2805472855372161,,0.19138933942739778,0.037492346677493016,-0.0654153233325836,,,,0.1008284303810214,-0.17034326712769288,,,0.015595632456542052,0.24443038794511063,0.41855944758847263,0.6360239718882252,
2006-01-31,0.11049691999221523,0.07667259610201649,0.2804858799172385,0.9804157825318307,0.390952141833383,,0.5462595229935823,0.44262125773911176,0.26431599869027766,,,,0.538283014570496,1.271007444632167,0.9816390494886473,,0.6317964494634039,0.7818341444575367,0.19745989946021214,,0.10620993741531937,0.11250719541088006,0.21354555227452665,0.5726031156534162,0.3951490236277435,,-0.011762211109350273,0.3648642931823265,0.27713432940986094,-0.006141514327119735,,-0.08130973230912242,,0.05264868008855306,0.9934195103167791,,,0.9607205305356534,,0.4425963407072764,0.5213087031335821,0.4169893389323944,0.7001089889647927,0.40124039356043806,0.6449440033170499,0.7034442562871586,,1.3169622923907225,0.502975925909128,0.29623661282059266,,0.5542973405166294,,,1.1607941457444717,0.4012158793293681,0.5292162036571133,0.6051660124440321,0.5728337382443833,0.8278148145073951,,0.2528278999890363,-0.26582259344048675,0.13314450472953232,,,,0.5380559587408407,0.5983372885348597,0.799867648299784,0.49073774193254627,0.32144193760655515,0.40611642211867927,0.023877348419939937,0.051765610121561334,0.3638537583870929,0.21948921653537878,-0.04864777941575549,0.6056660398228606,0.16054416746410127,0.5190676498175952,-0.2679629611489105,,0.24572525206580842,0.02673915592462439,-0.09152490761679377,,,0.1907223673623224,0.12672145604003893,-0.11333360140301574,,,0.09453784963308265,0.22216967023303846,0.4393107965579022,0.8545198078763128,
2006-02-28,0.0061957202994424865,-0.019934716596286206,0.18556568640041093,0.8603925767488692,0.4135356160420518,,0.4658629964250023,0.385961236394617,0.2078326285349672,,,,0.5003336471686064,1.1912979032406539,1.0580780875067406,,0.4605237361305212,0.9915938178062436,-0.05856674100292425,,0.11026520869168399,0.14099412624835228,0.19828328408765183,0.5964574958799118,0.28149842484813914,,0.0013693140569401852,0.34200444105342465,0.31315650322337185,0.04516133681239509,,0.009198386956182691,,0.14162628202137073,0.7591641313063999,,,0.9675533535411278,,0.7019165742807989,0.8286485165308799,0.6491166661230003,0.6777682711860624,0.5002899531159977,0.9666030294441934,0.5130468310210423,,1.869810377167183,0.41550555889131413,0.3864615307424335,,0.6981210002074631,,,1.235849991405685,0.7379520154993584,0.7129673147526709,1.1814988672737,0.962912092095024,1.5443026263521946,,0.43136095579166556,-0.06382976782541117,0.2917705339040282,,,,0.6251902057077461,0.5168621175230836,0.7224285732968014,0.46353648967515926,0.2941457278428292,0.5145280003153103,-0.00300844573592729,0.048292943419858014,0.35140339640918805,0.38691220290809847,0.05544943163263216,0.7535348175905623,0.34897254457786,1.1289179095826363,-0.12405434793366266,,0.19270222160187256,0.0067055700663918305,-0.20969981748130817,,,0.23381356439925471,0.14303012897034617,-0.06075296985269252,,,0.06622903276406822,0.259141371788419,0.484379286533688,0.7423829249270126,
2006-03-31,0.016629930430244633,0.0004229465195682014,0.15571765127636827,0.3864383701230536,0.3019687192039622,,0.23264438254800335,0.23594655479829862,0.09898428374608081,,,,0.17899392845866924,0.9272647347242418,0.8644382586756305,,0.2757320763824076,1.0378370916994593,0.1137834487690812,,0.045174634151986526,0.09932453916508854,0.11096106900847769,0.5660136256815256,0.15763558971347846,,0.030473405023734967,0.2750379416739577,0.266936290311379,0.2292666620151793,,0.00814617037678178,,0.2302066054272065,0.47545801802855037,,,0.6108587655643829,,0.647433785527127,0.586704154751126,0.5404525925553392,0.30364004168339087,0.4141051534411866,0.6671189497142163,0.10538227987855375,,1.1087153736550115,0.11515069468178996,0.26170755384570454,,0.7642399607336166,,,0.7297582389320643,0.5333334135249741,0.4886041666098775,0.7935894951528186,0.945553957370566,1.6143794446257926,,0.3965951661005038,-0.09124019405440353,0.5095368907853604,,,,0.33560769460535056,0.6273181922383335,0.682484446030529,0.5144201769204111,0.28984980563381213,0.518645403248446,-0.014486531435992767,0.17614011511535965,0.19137691724667483,0.5281840714220527,0.3484493951847005,1.071534453364928,0.4196334054044968,1.1110949060364694,0.0355257996455709,,0.1402594497556866,0.030612743862177272,-0.11641814472321677,,,0.1973777324061965,0.13769877300900313,-0.06799520210123866,,,0.027201017269006922,0.41571895937337455,0.7649342547486353,0.6839810899223024,
2006-04-30,0.08910814494273067,0.15141509916737905,0.23137869501423292,0.5168454815073191,0.3645951946739998,,0.3622100289712642,0.6345907679313556,0.16864689234453434,,,,0.4732613255848792,1.24666546493677,1.097109580676959,,0.5390707063452216,1.1258500945692167,0.04726220118417035,,0.0977642757888848,0.16913765769865852,0.22640430925694277,0.7086618851847624,0.27360942024396073,,0.14906449817400946,0.2729890901621692,0.1838768711455716,0.4646210656491381,,0.00432942602089792,,0.15476289345983818,0.7531820004339642,,,1.1783211047579014,,0.8680432411364649,0.7718464175943622,0.5636594450167862,0.6134874760752256,0.6887571887598125,0.8273257119910593,0.3405527302845759,,1.375564219161689,0.3287541536486125,0.37919223167585514,,1.3182692631250497,,,0.932445486010125,1.0429911344599643,0.718452984336251,1.532695272330554,1.2214082718158181,1.7147645959541884,,0.8513125076248864,0.41845489416147896,1.1229772454851519,,,,0.8082383427132083,0.7958432566583606,1.022549664928651,0.7878990739991534,0.5917821821630893,0.832680272393999,0.07568493093241524,0.8218885044175996,0.5151725108760636,1.1064037269390683,1.1117402026170304,1.5071864685145693,0.7245671709963226,1.7570846823214086,0.6000214146086755,,0.19606466773156517,0.16903299948396322,-0.08694880890955636,,,0.4507201571210595,0.2686320992770814,0.11673113294660431,,,0.08772751964823189,0.663767682710535,0.970211944731687,0.8601749213913823,
2006-05-31,0.13970148909839364,0.16144050331765092,0.2609117372598382,0.411306305771481,0.4281383269733505,,0.31731504955546463,0.5755617505595636,0.21575699312602548,,,,0.45322609363469435,1.0734479615296966,1.1845928536830694,,0.5493117986978664,1.1801570430153037,0.021477741530794514,,0.19449599836217835,0.25424222683075715,0.259054178129841,0.8603858086471177,0.20717388756909427,,0.11043175494869573,0.2605325230797668,0.1411683016109564,0.46245742899461484,,0.029762253987457354,,0.08293666300113212,0.8930882773386837,,,1.0330350629925489,,1.0420663967870492,0.8399640062305842,0.7604648114919379,0.5326673540232514,0.7299522749726848,0.7611524312869418,0.22822549552900062,,1.8264064603053338,0.3547452801770288,0.5772327493808329,,2.1141494324974217,,,0.9674582901662216,1.2983120864195086,0.606800406018019,1.1960783882308377,1.3250415585292892,2.204081895550264,,0.735478779270974,0.4441964024247813,1.0960963475057293,,,,0.9281283265425981,1.3176629842394645,1.1233385675538887,0.9490375449067998,0.8329149203455215,0.8264695552572117,0.2667492206673501,1.1244980336690866,0.4701065566306315,1.110589450382665,1.3536801759922596,1.3220664958614825,1.21759302946271,2.292372580469312,0.5222635738230079,,0.2162787431937101,0.16248263256498352,-0.07381838509744709,,,0.4301433133507959,0.14964221289871293,0.14678921746800477,,,0.12351969223805837,0.43679723922261604,0.754518359892467,0.9749789633514234,
2006-06-30,0.08158881059156986,0.10388405827970137,0.12517518085792467,0.15895027810206241,0.3035283408571954,,0.13669264493815048,0.26871618332404656,0.009959863912251343,,,,0.28263960594892334,0.4820021892051438,0.7201610694224536,,0.3152986003788143,0.7346942496200108,-0.22552132012394943,,0.059026973145247075,0.16945704980662768,0.1872470376540578,0.49775806164390124,0.2021962725801154,,0.06764902715054144,0.19091795216606666,0.1461794494569968,0.2517683394583967,,0.006231654378259677,,0.17748341045364602,0.5580761968076375,,,0.7964013459444146,,0.738425311116826,0.5727920190953348,0.6995752626419247,0.389566484003103,1.0875827647742167,0.40868273147234957,0.07858212294691636,,1.0873990274685226,0.18475725518525143,0.3447647626192263,,1.6506842351694173,,,0.41618388304186715,0.8016394348266545,0.30564369919867374,0.6752337911090525,0.9412004143810007,1.442478142122399,,0.30087881347559686,0.19736742343897107,0.31680447437300585,,,,0.5761126974992683,1.2185542995507839,0.8959382692981177,0.8966972837518628,0.6008730399173468,0.6375911978859305,0.23907776268173997,1.0416667796427928,0.287480728743188,1.3575150519190369,1.2343015091590495,1.1876485021519936,1.1752554945973972,1.9086531171811112,0.4039582673393929,,0.14425543262759066,0.09313143050759587,-0.08223701828765362,,,0.2510616079860699,0.15355631951536375,0.0,,,0.035198103720299745,0.2229532743140199,0.3391275452439122,0.8596566706328133,
2006-07-31,0.06566715101567344,0.10451429486989117,0.06469707271723268,0.1370287487139965,0.26597040241612113,,0.08402708379183355,0.21353663767910813,0.0021923184117966787,,,,0.28182994371131875,0.33817692866079674,0.6621195055298881,,0.2973750881187418,0.740531651451287,-0.23358566128666047,,0.1329198282439017,0.09025556510087673,0.11511463158879343,0.36320032580899375,0.11608926205307601,,0.002630066885995541,0.08668760837598088,0.09574800286907181,0.08737862820592812,,-0.018818087466198063,,-0.025623324153343563,0.614477332582265,,,1.0732124853479243,,0.5684012967263741,0.3350178502770036,0.4585563082306865,0.2095516107365134,0.8609653894855702,0.0603522657680029,-0.13166766910124728,,0.8811031678776842,0.032543809612536334,0.42137594132126366,,1.7101711524743934,1.9164090709133799,,0.45690673890671274,0.9586328246810727,0.41238601757618154,0.9865853771182078,1.1342138790789185,1.2231406050457965,,0.1350157457573964,0.2650602454447719,0.3549295462523263,,,,0.4636946437891789,0.9430718753462286,0.5509997976767351,0.6467656861469477,0.46832509148433554,0.5197210270328001,0.17755284288962514,0.4585206223210305,0.10153002112390119,1.0224362146236792,1.071016715806091,0.786177509889989,0.8583544729256458,1.401858886421182,0.06273696745053448,,0.11126770690854237,0.09319118628324707,-0.1573469598594186,,,0.0943397730375457,0.07087565390472528,-0.10057477519303148,,,-0.07032766209047991,0.13082087481838323,0.26834941049303396,0.7096445758852499,
2006-08-31,0.14844409148641424,0.0979153192351161,0.06415402177940699,0.16489405028909299,0.3181484722827346,,0.07060405169317141,0.22449541868688416,-0.010219479740119164,,,,0.10659645394372164,0.08567695907139194,0.3710121094991401,,0.0795249855470459,0.5046801429963532,-0.24769425707373127,,0.11984254829905616,0.0859496583403172,0.10099086024009796,0.2675410794979898,0.09280507975383268,,0.13626047869835034,0.14259893601886597,0.11019579723711015,-0.10396928129097593,,0.17670855568944743,,0.03432728515132899,0.2706230026343108,,,0.8086809049693529,,0.5638160107097698,0.08282051088089082,0.36839252607880457,0.044074122296821505,0.5672723703776297,-0.06487335538171013,-0.1622580160273267,,0.49409946311975483,0.054328488618550885,0.3051646339471972,,1.7394062866983804,1.7521134935128946,,0.24931092287796153,0.8322784023424079,0.3718118375740762,0.8890359185334877,0.819372060856334,1.3827890197747448,,0.21460645087308894,0.4775288542906284,0.3095891058802578,,,,0.38453772090263505,1.2015596315201216,0.702807296965184,0.5039952368436895,0.361011584161566,0.38857590375097995,0.13516178474216511,0.27561982917407857,0.024712007381398005,0.9460244249134926,0.8643338758977668,0.49967869009525256,0.7758950870032568,1.3326236259185809,0.23267805599617053,,0.15402336263126415,0.17941066872302325,-0.1713333000876185,,,0.05109492115945402,0.0893745251263467,-0.028482395497159696,,-0.030916665851027036,-0.07738193407159932,-0.054924821743650765,0.12224969060511204,0.5914062989734943,
2006-09-30,0.0865523017279799,0.027577708012833213,-0.07246274101421268,-0.1321847320657339,0.20804566593876195,,-0.08476014442336899,0.014240610887218619,-0.126997142776206,,,,-0.09065444179506554,0.16793601889022702,0.2859550180120951,,-0.00806167423164339,0.28491139622572037,-0.2953284091667121,,0.08879171538392683,-0.008169383118239892,0.05619734254425657,0.13604423720380332,-0.002134342642265308,,0.16794232081049,0.09333502082276213,0.06727846620151312,-0.2045453160405991,,0.13890439180568825,,0.15073093702245033,0.02012219548550731,,,0.4398394779675956,,0.4618827706412616,-0.03980700640043444,0.20126793044736524,-0.007598906021005436,0.396818102219453,-0.18314120881299956,-0.23619924205150777,,0.19858950903158035,-0.08450520233540826,0.09290572966158761,,1.551903823638984,1.5102970025449727,,0.11587294354201338,0.8255211288864459,0.09594442332189024,0.256855652280229,0.3789964752205175,0.927884683400708,,0.2831260154813413,0.4863016868497885,0.28368790420370504,,,,0.26751764876242956,0.843487073229694,0.48621038648501735,0.26371650509283784,0.24377638101336885,0.0061668295427383946,0.1949015591401384,0.5440391366226727,-0.15497559272480466,0.7007929004892142,0.5701290895490396,0.2454528118263113,0.6476372626646436,0.8628671242055372,0.20219075566053824,,0.21285685319761027,0.2215237104682859,-0.0603333177279608,,,0.08090516830557748,0.0744044087651261,0.013732842213754815,,0.07635381888910042,-0.06806959672696011,0.07926947036885879,0.0616012787502791,0.5353706575320141,
2006-10-31,0.2194166313093946,0.17382454014746296,-0.07377213401846394,-0.0381858340366219,0.2398013162153414,,0.05325930899949993,0.05020556452990599,-0.005560908953208488,,,,0.025766004543454013,0.11168219849728755,0.34794797224418383,,0.15676514987106782,0.3440595233352495,-0.2333675842654107,,0.10451511828993332,0.01988848796386611,0.11317986807914315,0.1129187960719209,0.0863317992778263,,0.35176030222387866,0.09216307260016587,0.08716490379788011,-0.2019875648641698,,0.08981531901039808,,0.16156786964332537,-0.017295768814883594,,,0.5154203243749245,,0.37796263783735884,-0.02907253260374698,0.24982273386284737,-0.0627502616028629,0.47284694377255443,-0.16401403057987174,-0.2975257455525647,,0.007767449343389021,-0.1330323268595902,0.01141683458494347,,1.2815552412914015,1.1024501558282012,,0.18436452629281685,0.7936966237611311,-0.02679170188851887,0.2373203312486316,0.3621767253799608,1.1510417265349884,,0.2297042090464465,0.7032644161427364,0.24933681924255935,,,,0.15027022240627685,0.8745494651891486,0.49319050955423993,0.28060638701048335,0.2424535639711145,0.055022338421576444,0.17818636930084653,0.8509351463706449,-0.056656293399469426,0.718463697501138,0.6553413128476935,0.13389137359823078,0.7964616743491051,1.183241413998196,0.39311250324724245,,0.21764844922379956,0.18408337576489942,-0.11882915024103335,,,0.02085053730931663,0.1871456103514888,0.28030264192171495,,0.24145798527097728,0.0038599373770076273,0.22655074572549894,0.08451297546167313,0.5361484919997355,
2006-11-30,0.24927365792163103,0.201467001707633,0.01860446702290086,-0.06985556309235619,0.20324361133978774,,0.11813685173310784,0.2564799142569114,0.007288467269938259,,,,0.07959509087668803,0.15428136939991943,0.3518332622210125,,0.126792127207068,0.34521126035320604,-0.17218834380024883,,0.16065379149903158,0.04391904492296117,0.1461933609947199,0.2032913028763148,0.15318796391864686,,0.572253498746415,0.08201742919295762,0.11736451362104972,-0.2654199336585418,,0.17590338508533665,,0.25093890124199336,0.09197508313457203,,,0.5752955122549628,,0.3286835899926499,0.023072260356543195,0.20991918464598913,-0.00362944790419395,0.4711609900169982,-0.17112238305659122,-0.2515020325878665,,-0.013194184736032621,-0.11784037363242472,-0.012782499638593237,,1.5299237217909312,1.0676686166751965,,0.13953531054224588,0.7506630045870242,0.019292717294943085,0.28748978985841256,0.12991416088477759,1.0601504252301273,,0.16692921535817073,0.838982967095413,0.13689097553521767,,,,0.24605668866355468,0.7512851143239236,0.6005646219485841,0.4008246530403021,0.34767295412003696,0.19971183644597934,0.06990809027569278,0.6812094518477676,-0.10627591453070817,0.8095939148570728,0.7613081070541068,0.07115491156225318,0.6441203175575472,1.406046865859818,0.572032014706747,,0.17831733323625798,0.20241424077207792,-0.06548273505926172,,,0.20118391936742142,0.3004943460325942,0.3825698265884987,,0.28747582770513613,-0.016868176750345687,0.2392758030447566,0.18120089632826875,0.23835278541064064,
2006-12-31,0.39406442030973166,0.3150229941152243,0.18355718189174453,-0.03570408954476567,0.27554717362860126,,0.18011628093830812,0.3818987173868291,0.027386457149574772,,,,0.16311373793532669,0.09819739375545056,0.25599289781300927,,0.13995050739232084,0.3825505712203823,-0.03113359061470944,,0.19749013737291898,0.09537156754240139,0.2045562737223927,0.260963038948101,0.2119631576849086,,0.6821186451898322,0.10850798992403665,0.16482221739055647,-0.17356250325167144,,0.26154572041625634,,0.36047744649934854,0.0728584521555431,,,0.8450609543561469,,0.4183272484450822,0.09865443294250742,0.21638667724720295,0.060764935305657186,0.39818238776817183,-0.13665124857539734,-0.15269789543001366,,-0.139063301054286,-0.10864699278166201,-0.11648124214331845,,1.2257515100435454,1.0258617485493162,,-0.07607144242010233,0.3590020713006985,-0.014409696384130699,0.29961676941839044,0.0936416174067638,0.6304350465776165,,0.37758910978254834,0.716748104440484,0.36249997374450516,,,,0.24312032358053637,0.8176526632700429,0.3820758455336217,0.20997746304407094,0.2625264251769326,0.3797625045019437,0.0748603079819452,0.6280045654112174,0.0953203083491776,0.846189394372383,0.8553342652012412,0.2649135955373134,0.5267602640013702,1.4970565935237201,0.587152803966666,,0.1941847899435758,0.18652494300611777,-0.06061327383880266,,,0.16014527015152735,0.34469777858932726,0.4559122788739005,,0.4986119432405436,0.009135986184452882,0.3340274657953113,0.3088449464749474,0.20309128428129997,
2007-01-31,0.24495715434250775,0.2782578214782969,0.13782172167089213,-0.25936674537242665,0.015926734413080013,,-0.009166084106950412,0.1797364854262391,-0.11477784653562784,,,,-0.0710613873536925,-0.13686937934995314,-0.010367295944933352,,0.0630383113086459,0.12710139530284903,-0.07383067512935315,,0.07744666011844914,-0.041181790000016094,0.10775704821178866,-0.013645285264396456,0.11190657511648672,,0.5650534703635972,0.1562743070890995,0.11859733901700764,-0.25745885263302504,,0.20722170119109817,,0.27852740562075984,-0.1762146254328052,,,0.4065431500446526,,-0.00102829415788519,-0.2131959496971917,-0.029307295795564237,-0.19574079644149311,0.18930887785772144,-0.37180464275345104,-0.37570209366282126,,-0.22879218835560378,-0.2669540097705376,-0.26365674021480967,,0.6838388910313311,0.3470434199295316,,-0.0729311339905917,0.029462553204468334,-0.22393230664631036,-0.15458923202204966,-0.19300538257415678,0.036069742449127196,,0.04051239894615888,0.4507577433251062,-0.04440148049661796,,,,-0.07071119107261647,0.3768276206809673,0.1597663662066664,0.06827588787700889,0.026176075504117824,0.18611500405282655,-0.023670879381700205,0.31015255654101903,-0.0929966935494545,0.3501696329568913,0.4231129949766068,-0.003508514802802676,0.1403419921574489,0.760147216993218,0.18158501347358857,,0.14602188836174523,0.1627081642683248,-0.020408751932343705,,,0.27213272220089113,0.37185422755326747,0.3816296093505267,,0.5142292849105079,0.048239290947942326,0.2736763155402975,0.2392759725733078,0.026926349125246718,
2007-02-28,0.2656667260131711,0.3214230952718,0.10780454513109472,0.029376976096357144,0.029549113842797015,,0.2044585633276843,0.43630794213079493,0.09865492768136974,,,,0.1719553014823063,-0.07831830554991703,-0.0019412411148224118,,0.10397644774529735,0.17134016372251493,-0.07741589621162137,,0.1595359776244527,-0.020042194441315164,0.14953166734889511,0.08962154210017537,0.2698546196576559,,0.45029420242661655,0.11844760877952742,0.04625701055617348,-0.3018914417173859,0.5038003879842723,0.302886013767546,,0.2791886383797231,0.01321323864160684,,,0.7775478311635082,,0.11055498420164622,-0.12545164780303864,0.021055941749250406,-0.003941988186593304,0.3199058793850815,-0.18031905524572345,-0.11374831088006265,,0.2677843389997514,-0.08172858836888997,-0.14105022120734134,,0.5748860836162859,0.32190903491458456,,0.03247845054995646,0.44565192531838704,-0.06934210930846207,-0.04288769654578317,-0.2342219807390582,-0.05249970828954276,,0.2812637433044296,0.4317264566347019,-0.20938631045639722,,,,0.2241456103035706,0.6883592686424973,0.19000834225293595,0.14615151251027858,0.1567055893448308,0.4942875431826359,0.12952838467751504,0.28069687090856577,0.28010985345016515,0.5604986217943704,0.7352766487212696,0.016719724675336778,0.40872496531884983,1.0620882658534616,0.45649794614385675,,0.1887360082413465,0.18761876039665304,0.0025532326739718947,,,0.23622940699462824,0.29443299436097314,0.25283018490766285,,0.7388881893261745,0.137708583464758,0.306955438411862,0.19416945286814968,0.031136836622167374,
2007-03-31,0.19944302468428643,0.21914270324564789,0.05826672931117405,-0.05576392945744968,0.007947040524324267,,0.07998695596957384,0.4163416908674338,0.05293584905037574,,,,0.04584128926569453,-0.08808704636392117,-0.07395222848430305,,0.00453966406396189,0.09016441024707444,-0.1379259430449632,,0.08321663173041105,-0.07594588805146629,0.08885636319673917,-0.06869720146036573,0.27466707641944055,,0.33557037773604725,0.13059870598871282,0.13473185224173778,-0.31599702136610663,0.4510420699807307,0.32198026667991364,,0.3134010887884835,-0.03146705504856506,,,0.5049856240625239,,0.0008168900628646725,-0.14551948920896296,-0.04145802056447179,0.08608867225283001,0.28426384196954824,-0.2176497559831967,-0.2959594582825631,,-0.009656138368555167,-0.16289456967006166,-0.1256450836586156,,0.29645855636991647,-0.060918621772677595,,-0.07854495270554762,0.2881973322654512,-0.17926818220609986,-0.12846355260642883,-0.18577365317278727,-0.01606938145716663,,0.18188976991109085,0.1633890688415407,-0.3125000145540443,,,,0.02481821711156207,0.8450602949940562,0.09089516598633507,0.04666704267645416,0.09659847661602194,0.4367899729135034,0.12093909082102416,0.07255590014138202,0.3058748801168074,0.2027390504151827,0.34930345577467325,-0.02318271160228491,0.26480369430371975,0.6802584040937298,0.37037509856681816,,0.13303666754666477,0.1305573040430721,0.10978035379807616,,,0.3735595641734717,0.1972946784879135,0.7728227840379656,,1.2845977534792006,0.22871836420910796,0.37052648012427536,0.18361254034557328,0.030957754432786144,
2007-04-30,0.2180948161734555,0.250158404826621,0.04528542287998549,0.018651075465270894,-0.023482433899689403,,0.1604392210511043,0.3705682440704017,0.0013142955015925661,,,,0.02219537830244489,-0.07806351846422088,-0.10621915945397775,,0.03334942572363042,0.03764768722441536,-0.10192583964690294,,0.009531022549253754,-0.09078662033007012,0.077209575063375,-0.14274542594901596,0.31647467406146523,,0.39654137011881674,0.16318945261437978,0.13005610251811173,-0.2730455536703139,0.5199261104851576,0.3506427350652839,,0.40487473246075645,0.002352299197158292,,,0.5479484225947506,,0.007961801750540065,-0.18043671171889553,-0.1761545233138514,0.12788149014378303,0.2781238093016385,-0.16051397226502306,-0.2974330738940333,,-0.08928326153335608,-0.2051969322758962,-0.2745057769278667,,-0.03596142155233961,-0.1565837878106029,,-0.11647633831578985,0.12571416762269716,-0.1728758078311916,-0.1726191688794504,-0.2617257382897704,-0.3216561482296677,,0.19314586618029495,0.4003091834121135,-0.41117483009365585,,,,0.08799062139015112,0.5986425655629828,0.013248075854688457,0.03553196240902978,0.08249348754458974,0.45180785250692,0.02896076224287958,-0.015332903442089152,0.5107121891905535,0.25086774538377354,0.40835524240790066,0.09529903252348237,0.02282401360013253,0.5478247112336663,0.4349543810013947,,0.1418293829848991,0.10167485958339917,0.1716266520291354,,,0.4131738149969364,0.19922654896953662,0.7773327355751853,,1.2372771851907398,0.09869109690048106,0.3957507451878066,0.2873908383123607,0.011068627740282722,
2007-05-31,0.3205573141467779,0.33051250292353007,0.1147178468131711,0.1229660951122955,0.0410283006383898,,0.2801975091319844,0.6638168521805323,0.1265564381366906,,,,0.04867353299952182,0.11547116185342565,-0.004981845228767989,,0.05819579494690186,0.2092240108866501,0.09578992682846943,,0.07506559849499483,-0.021595525070046917,0.1479375611414424,-0.04197971587546623,0.32412705122534224,,0.4871500918979266,0.20351215088328045,0.06894558573718745,-0.14333435556845453,0.4785828580570515,0.3727620888344212,,0.27385101719472194,0.15040844684779597,,,0.5356243282264335,,0.13559563477029668,-0.1422596395503377,-0.06340094620807724,0.28443824324103795,0.06203148884281795,-0.012752092658646852,-0.1735549337605945,,0.06546245463516565,-0.10554150719702093,-0.19372217970442895,,0.06097166957416955,0.24943880201568902,,0.045515501402522585,0.21292058642830036,-0.022131393474823624,0.10739189578751107,-0.1674195439053675,-0.2693235180124989,,0.4682951351422202,0.6135523766430273,-0.14435148750106663,,,,0.27902565116288325,1.029550038784531,0.1888977386063353,0.11262278976133078,0.14869225950661868,0.7769240929276198,0.14216022111395454,0.13589434910093123,0.8954201983941952,0.2598957686380181,0.5527140763685217,0.4814809203714161,0.0925088711192037,0.7296260524524245,0.6475292129666677,,0.24685868446916048,0.2039968462921049,0.16084430293365326,,,0.6948057853137057,0.20394245115626775,0.8958862888835517,,1.3304421902937458,0.27383355734736425,0.6054769410056904,0.606825519543096,0.12830637784549115,
2007-06-30,0.37961492420615794,0.3525316246861996,0.20894933054410214,0.11346714162586968,0.08662300403596257,,0.2779980685753505,0.59644114614795,0.1927941704660474,,,,0.176109508865532,0.20706652779194412,0.08033656281921808,,0.28355391471039026,0.2564173223391266,0.09913908556676332,,0.1517991520272357,-0.0017995675249286025,0.1906204400894751,0.012921433945759508,0.37800369208974516,,0.6399755877643436,0.31172079803861186,0.20052512220042962,0.03003261663904322,0.5850594180663511,0.34092193579425767,,0.5068093678714594,0.12915524581723714,,,0.4616724384138773,,0.2039189504565322,-0.021977282916824326,0.01479552900187353,0.49162916147769975,0.12066389323602733,0.13235228016201606,-0.05736284252258983,,0.06000798673681906,0.03403378796842271,-0.22650840312360032,,0.1011895670108478,0.21762243180242935,,-0.02380203242407719,0.22497742347304217,-0.12061180028507901,-0.08348687516945397,-0.23222679061223084,-0.24783155450722194,,0.5580879371881153,0.5238090898231067,-0.24948022950727522,,,,0.49055471929438155,1.1774553848974336,0.4136544065223673,0.41411738535603426,0.24410299360888565,0.9270727734110882,0.3086230918444388,0.5785935085585927,1.2462178829633692,0.28596487260113546,0.4472193516217331,0.4894268794547574,0.15787557592796486,0.6786291472226511,1.0037273580157358,,0.27777735991710295,0.23847049296699963,0.19440757668300845,,,0.7946809242173798,0.3091472726116131,1.2447280084870074,,2.1473159835718176,0.36446944022683714,0.5609169960474307,0.7226996057630806,0.30404145390878434,
2007-07-31,0.2601401408321147,0.3191056457353141,0.16398113354974808,-0.011600741963198158,0.09305425552000357,,0.22004031465859342,0.4023382881711004,0.16545149561073713,,,,0.1498376294063799,0.2529724521168115,0.11374167513583466,,0.29187403669883194,0.36930325134531783,0.06247101544896694,,0.19084651299830058,0.03149757535661579,0.2271307834922074,0.09783792892476928,0.32157751781470756,,0.3860786670018699,0.15570908983438092,0.0881085118831082,0.10860240209460059,0.6868818470587903,0.2501907563653878,,0.4649632429101842,0.10257190224608692,,,0.47638453455234187,,0.2819132177668422,0.04394042541901744,0.05969626158976826,0.5548931961937691,0.25706090635328405,0.2882245191822612,-0.06091043724652234,,0.12295401192531696,-0.05492639679837297,-0.23080906900690512,,0.023134018208273766,0.19652045725048684,,-0.19281879149423176,0.008635383998919277,-0.2105285837967712,-0.0020980427945173075,-0.2356117919219708,-0.34993767180631374,,0.38871250732689466,0.6235740065104716,-0.24895393478075378,,,,0.5839438822988394,1.0939580798425173,0.298673922281093,0.4834916102263713,0.4412545907896217,0.9573048448059873,0.38823571499857157,0.7696792867813824,1.1670742117001978,0.15145090011354778,0.4707841322267794,0.5796463115588402,0.33592228196159035,0.6506361230206006,0.85880328369711,,0.33605025393390076,0.28204161487848123,0.3260147964596667,,,1.0290520671736223,0.46349283428769095,1.4869339455426323,,2.707080901425412,0.39444425322193144,0.7397762112909954,1.0326771152742493,0.27664525682219043,
2007-08-31,0.2743298788797055,0.3530796077948426,0.3036694103881381,0.08616820120579693,0.13175211384674745,,0.20269540073698655,0.34248685667475054,0.24868229443136713,,,,0.1696008054553455,0.307840946227143,0.16960437477774382,,0.25136504971292406,0.5019081305260256,0.007788799384055967,,0.1582306471206374,0.048607296478046846,0.20534818652814169,0.158798852784106,0.3223501296269966,,0.3662475487547021,0.14928023175021843,0.0991907765098421,0.14346481738389372,0.4809852139005917,0.23639982255135594,,0.4287049466844606,0.1736599688035203,,,0.48096621253187855,,0.5589389931209194,0.1121735231530161,0.11655976105099741,0.8393569013424673,0.5559333094889038,0.32610130654845926,-0.15195724508796726,,-0.10478186852867966,-0.11070552199753425,-0.17815766210606676,,0.13052977336672145,0.24977226999269253,,-0.1642172376674862,-0.07417965284191108,-0.07880326232217927,0.00654540469011855,-0.16304617439855396,-0.21695731216938696,,0.22550761386704132,0.20583695032906824,-0.279926323906428,,,,0.6904925956355963,1.617184156583514,0.3425195706373605,0.4528539591093401,0.5421180435105803,1.3300145421748928,0.3636490586986536,0.4848747414281409,0.9123961958454205,0.07227292398876228,0.6172686005981951,0.6108709135103463,0.24639832169828502,0.8397452961391398,0.8155729114331041,,0.35832197014850165,0.3287019946147507,0.18243476679518045,,,1.0404838340079934,0.4728448285690239,1.3128067329076014,,2.6315855449519425,0.17840833843462867,0.23265034992007338,0.6747818634095188,-0.00026291411731516057,
2007-09-30,0.2993861170421175,0.39267443055833673,0.40711941571193533,0.04002361904807561,0.19370373711907174,,0.1992093266128454,0.3954703045005308,0.23457529148677714,,,,0.2647241818181103,0.5045190786969627,0.24571339091161581,,0.3145630626118501,0.5464039413038824,-0.043872195782746926,,0.21553712401909397,0.06630676968915239,0.17739186324584755,0.27853133002122954,0.31581698471659325,,0.2772753663690535,0.13445143524791137,0.0765883108909935,0.2144061192886102,0.307415460245958,0.1740656615427454,,0.32163818769343244,0.3407777155695806,,,0.5457970931437162,,0.5692335583562527,0.22791680097565714,0.2382908283975016,1.1861654258519088,0.763501011637342,0.37603620095574297,-0.08610928111369065,,0.14287742463669373,-0.0053779174606748414,-0.004662122102314203,,0.4324974772171064,0.20550842009754167,,0.03225867474567656,-0.023961738127283194,0.046068260394516614,-0.30781117830790605,-0.13632560382166858,-0.35714297966364195,,0.27584401005510006,0.306619579141425,-0.2738852547755104,,,,0.6947481429515305,1.478647877138851,0.3783161875611407,0.47842824934985817,0.6825934280988368,1.3321750928431975,0.3355567340684551,0.46151554457890165,1.0187855980653584,0.10225674329867807,0.7402877859615382,0.6586018100160966,0.09660586545619365,0.6044597793048716,0.9447055876986024,,0.2960071526988459,0.37607507357896997,0.12332704059058996,,,1.0189343114078993,0.4147146467201699,1.4863904966560715,,2.718995750480751,0.14589127404424174,0.17062825348111765,0.6105688721920755,0.1074163064960747,
2007-10-31,0.3180491331472479,0.4333219531175667,0.4817536844365198,0.09088744591640863,0.38889327694643705,,0.25394224124069154,0.33313286428422884,0.387042106957344,,,,0.31899018432159787,0.45986198982187454,0.24195252500091313,,0.45898879500059575,0.7831282165691764,-0.13124883597766002,,0.22614394568365892,0.07294003021917472,0.22950901928235767,0.4153660019871861,0.4125613847622791,,0.1641027484295745,0.1684512466256416,0.11684106966078267,0.4882216315626544,0.2180429433301867,0.15238531452625548,,0.21939356122147768,0.2931419929033299,,,0.2665278603574168,,0.6790343182499807,0.19882973160148687,0.3179923994383935,1.3923846895722618,0.9076923136930779,0.37948306681741917,-0.010689018890914448,,-0.006666643367986058,-0.003562032816300631,-0.0027717653029312173,,0.35139187299146224,0.274545863601825,,0.11978836116887104,0.1348487368174811,0.11414111017254958,-0.2335908399515194,0.09700932123182593,-0.23479305371194414,,0.30415208301466023,0.37480816507299153,-0.2265305696173724,,,,0.7802129572993499,1.6250427692424667,0.30811209607583967,0.582460396598218,0.8789306189569754,1.6892101413844585,0.38720761408521964,0.3527750257678304,1.0983240692270497,0.0607688327843825,0.5775602819133976,0.656483475690687,0.22352917649082182,0.40382729725752187,0.8706138445515792,,0.41441041181051186,0.4293576656237612,0.09475443322921118,,,0.8985952031225124,0.5317279091706117,1.85897500381832,,2.839237717924355,0.17594313358835145,0.1134822644497977,0.5320721142660698,0.3215559654536131,
2007-11-30,0.21275181409253574,0.2927646976110059,0.2900866529755195,0.261884623145896,0.3955330365718883,,0.282386038496911,0.28063101197460516,0.49576109502981613,,,,0.35202001703723784,0.5408021966847898,0.3866595201421701,,0.451933960123756,1.1004995273980813,-0.04171534333131999,,0.27880005229804605,0.17894281985518679,0.1481271030253919,0.2925813120286387,0.33180491276172663,,0.18943152987265943,0.28706017203022904,0.24352240318875862,0.31664488457224205,0.2768050469831729,0.2025538154660842,,0.1567825127474345,0.28626263421306897,,,0.17063840726316704,,0.422461273747186,0.17726696515432638,0.18703977748184553,1.2023768017952459,1.0206637292056038,0.19544226662126252,-0.26796040010010835,,-0.24727871353100916,-0.16824601028196962,0.09511179555342753,,0.2991998293261917,0.43574414527359306,,0.11884103265874235,0.5706305807507674,-0.025634125619620862,-0.33962254288984606,-0.03996098187283559,-0.15444462730033615,,0.27717778199481446,0.3802012348799251,-0.27522934558359713,0.1827414746188356,,,0.9264980556524163,1.709773930679149,0.3478530828981805,0.7828405045649833,1.1433450750984462,1.750090342261621,0.30094617058488304,0.36372161058724695,1.0028375235201663,0.07963634734208158,0.6620471494560249,0.5256359226911806,0.36905259246386857,0.14559665929857601,0.9738154953109885,,0.3937199238488098,0.4416400402133618,0.16741787777718553,,,0.9164924210577245,0.6374306422899867,2.2769962906007373,,2.869400437907531,0.20230037908839704,-0.023216092324593318,0.311071149362405,0.29530732068469456,
2007-12-31,0.1827849022705752,0.22772545732186833,0.13683106313383542,0.33153583484562743,0.4473669761685126,,0.24161961536088605,0.1385642396620086,0.4663241508876228,,,,0.43538219786317467,0.23462438878595848,0.2186046347486077,,0.341901682614526,0.9336597629934613,-0.14349060881115183,,0.19398643580960084,0.1248139126861012,0.16512405091677218,0.2994145087202651,0.34203027110229645,,0.110581301355136,0.1687517478070628,0.11941746043968382,0.20540350082162573,0.1450073927529134,0.14672743064004012,,0.0816014934459488,0.2819948399589698,,,-0.052386473246206156,,0.4897178305514791,0.1910597113700967,0.08227065986516235,1.227852594049458,0.8036671440971184,0.4204128775644005,-0.17737154901444696,,-0.33291300867501883,-0.09670884691386339,0.10840361090581974,,0.17059923068379113,0.4284348819136121,,-0.19486087705686328,0.46043766323394064,0.04758104551539177,-0.3371429703213519,-0.11445681433346688,-0.39975988849049837,,0.2634088415661049,0.5313313326221902,-0.15757578189005306,0.019139123466454855,,,0.8047027382963647,1.2123100688141282,0.024561148877559003,1.2444773376845664,0.9413145586829255,1.3558066141584786,0.23513315904400045,0.28421048584632014,0.8762644086927613,0.11639535597495665,0.5669363884783396,0.316374173759812,0.4853002083788347,0.0819876784069673,0.7885654891163782,,0.45830348359990625,0.42871799156788803,0.07991015459143358,,,0.5406421542237161,0.43943375549905883,2.2373592578084844,,2.5544525547445254,0.06986059628205421,0.0070422775569933815,0.30713393797118305,0.025965337774344066,
2008-01-31,0.28531513191629676,0.3171432208086715,0.3587727429995431,0.2955875121289786,0.6882411605594778,,0.27788936008621556,0.2487037315902172,0.4815760546282468,,,,0.4346383574530919,0.4696590044910356,0.4685172687601469,,0.5718262170019626,1.4036007938048374,-0.062118564124041487,,0.28054936187358126,0.19542110510750454,0.2569498498436926,0.20237805810656462,0.34263218937757434,,0.06598332223911063,0.27410011331641293,0.29729594868122833,0.17919041056191087,0.13491492275004102,0.1277859058466453,,0.007679506433964534,0.299809463439739,,,-0.026747706519573367,,0.5629253361717284,0.29639856099160555,0.18264321303675768,1.4228228430877157,0.8310996139506228,0.5024463418435989,-0.17564827453513432,,-0.3326267764521047,-0.09544238758365908,0.09262862910281644,,0.35726718190463336,0.5712968503651319,,-0.045983035305141806,0.3834588845164264,-0.07867960535254492,-0.2300223115892549,-0.14551521684601398,-0.27044872929922037,,0.23079673315605453,0.3113601800130865,0.12785390357404314,0.006493314855757548,0.3433477325880756,,0.8002389736629105,0.8123797596134257,-0.008087440470817997,0.9813479754477106,0.7388415263084964,0.9508362564953019,0.14717748680320297,0.1834137003030667,0.858157371898931,-0.04491268552686689,0.5392964124639816,0.3099745185539964,0.2955411678151796,-0.16040355366568038,0.6617458765044468,,0.43059977263786275,0.3444000252693993,-0.014939110537676492,,,0.6173834881611235,0.4136763671431154,3.7359431733025996,,2.6147191598011217,0.007378883740019937,-0.20849707941896534,0.15972880522590693,0.04863637229381079,
2008-02-29,0.21023989348465988,0.2407225978525276,0.2456968217196811,0.29497980854322425,0.49445939997535904,,0.30409006711995445,0.1457069924270995,0.40243248608529525,,,,0.37902476938147966,0.275046557186319,0.3261985740684321,,0.38669177652228504,1.5199143488342504,-0.09088943829261209,,0.1293141138122078,0.06749501193089302,0.11952508718992672,0.08799536325292956,0.20055325705501814,,0.1623881246485146,0.2701671897038542,0.2859153853191754,0.059819937888736074,0.027477185706579865,0.08639446220194213,,-0.04742230746091525,0.03186012720645093,,,-0.1203947276991787,,0.20781298090736722,0.08113309792870216,0.0031256789766005433,0.728891318308369,0.46427514975170947,0.45544321071730876,-0.10411449897301983,,-0.27200475352314946,-0.09412556624328805,0.21390759901798373,,0.6030500980668565,0.5359281955208144,,-0.08352501981330274,0.5703126041195561,-0.04785710583858305,-0.26950876612636454,-0.14142767710826987,-0.12814063265031173,,0.20686169139478094,0.20936296457259895,0.008869266532039788,-0.0215518157639496,-0.03846150319251662,,0.5707150238171792,0.39839272015118543,-0.04828000467491844,0.9162530742205042,0.5869717641880972,0.7830645857005982,0.004074161918984132,0.14188453925694766,0.8205425548278391,-0.010926205363281705,0.4000502061653326,0.08465563742124371,0.044544910529891624,-0.3091425169428553,0.32519918617082677,,0.3303258079008946,0.21981739506476505,-0.08383387029363265,,,0.3082037373729225,0.4570092453869692,2.574291485625654,,1.7690415405646167,-0.18596324171342982,-0.31915632199992394,-0.009028729740877317,-0.0824590195261885,
2008-03-31,0.17238217672500866,0.205163795167846,0.23623269010485504,0.6754141391869186,0.5874151166124444,,0.4916812256753216,0.4828155258494904,0.6350612626447596,,,,0.5197386419196273,0.36100027395687473,0.3572544793143353,,0.5357782502434765,1.425131422338064,0.026070796465398782,,0.11967019950091484,0.04179762987823987,0.11878997747081432,0.19339129343172146,0.2774359077327111,,0.06626823050177033,0.2347546331317092,0.30388594873757513,-0.05842706976554213,-0.04994352096849386,0.03596799990690647,,-0.1202638643929902,-0.09761212503573069,,,-0.09429706263887283,,0.2617128394294901,0.2190089632734875,0.024340380796441297,0.6017493306695398,0.6244264225531868,0.48558795326582094,0.06644575344873971,,-0.19589547911154415,0.0626896276030473,0.22694054442437395,,0.9424059411881232,0.8270043215327678,,0.056431856020318305,0.7984044997432678,-0.18549878427708344,-0.12661861211191128,-0.2251488376974191,0.19092326123137204,,0.35180801010684215,0.26931543761972687,0.17274942383098058,0.1945080810568538,0.007968119921316186,,0.5470376104607406,0.6964282392024106,0.1775830669377596,1.0253330979610933,0.5349734952158707,0.9083125821366791,0.11648668104906434,0.41062277616702847,0.8788777811443997,0.022356111468263995,0.3614670976389278,0.15109555451262646,0.05062711578906409,-0.2718259068978308,0.45918118680288433,,0.2902838866546318,0.25022243330463456,-0.15373960474897674,,,0.26671858776350366,0.5105586597879626,3.1747953151072412,,2.172888102278706,-0.15339157486055643,-0.3847932049247643,-0.19585735307284702,-0.03811688588445017,
2008-04-30,0.08321722658009878,0.12863865521845552,0.1226547370875326,0.6393568408065411,0.46475288469034415,,0.44365586121568623,0.40046975423217446,0.6760262286645422,,,,0.46576261227494054,0.15087830948782432,0.2018394511572268,,0.3843297301297848,1.0607244138997092,0.12838096035494329,,0.03342340737293337,-0.06315926693378127,0.04003423914883131,0.12604374407459606,0.13166329054742398,,-0.056978886070164436,0.11405940838675055,0.28880393930907267,-0.4062967571473953,-0.14453258905631383,-0.04036498555332424,,-0.1446226399068864,-0.29558159763884106,,,-0.3110427863687877,,0.188392054345357,0.2506098333624198,-0.1422104992720733,0.37607564168366836,0.6052482847519647,0.45939257543138545,0.09658110002114095,,-0.0630013348276891,0.05136974541880712,0.09592839689756705,,0.9239846598236934,0.3965824336532615,,0.03583611317402946,0.6613945913401669,-0.23386323600839054,-0.25440799726678553,-0.22337406473879773,-0.06611598534963237,,0.35823009422688057,0.2667431054434657,-0.012224847784659487,0.03456814162028321,-0.2613636476523944,,0.44804001836598006,0.3775152327283964,0.10496973112091346,0.7136476071860993,0.3701950029486949,0.7142432776794845,0.03545435685756715,0.4001267372857338,0.7409351512580149,0.10868179450186921,0.5077195567821058,0.014109961447094754,-0.06878798625463167,-0.3443049724277206,0.5622553244631889,,0.32665489696807204,0.22338937957838234,-0.13986083548159522,,,0.18079730480014922,0.4544632355349454,2.477966975175492,,1.6157555131851655,-0.1511519681905339,-0.4511442741293209,-0.264332002290798,-0.28986151310389685,-0.52129471932487
2008-05-31,0.13274291665517768,0.20486364584163708,0.13016336938569517,0.7039427931462492,0.5363448081924378,,0.4892520527606592,0.46432965152366346,0.6792284964655535,,,,0.3357433469468438,0.28328328808392045,0.29656653778408115,,0.2665903120776909,1.2982147950637577,0.12261562050855157,,0.11177452782207609,0.11932208320252724,0.1327177326141471,0.32490775991589715,0.1278459652256494,,-0.08307261403651589,0.033397077107242046,0.18679053293923764,-0.7441555034900407,-0.12414498650145678,0.06314967266620064,,-0.18421635021499838,-0.34160551234932746,,,-0.4026315044784702,,0.3022232254203745,0.286857091563649,-0.014404663193386846,0.4494443998634541,0.7777782456058275,0.5923291595585429,0.08037960788913945,,-0.23724914914048956,0.07441318333824953,0.09637610255731488,,0.7241834549589168,0.1569310081697297,,0.0599796919394846,0.4198736569727548,-0.1776704936620308,-0.21701273763325502,-0.21345492257497634,-0.01976946472314345,,0.1951481331924163,0.2824999088398583,-0.14958441339444695,-0.10047837398419124,-0.3711340244194692,,0.466698126256921,0.35573691045448697,0.06024107911069487,0.6288730705455896,0.5572005737565677,0.7404156219196842,-0.1413661227491183,0.22985446801324882,0.8259489814044825,0.1610414152091837,0.5024912070679839,-0.0046898770259929945,-0.2207728103387,-0.40113742574921174,0.506745769829833,,0.3633980419296221,0.28388734774730073,-0.07873609010891347,,,0.23459396812868438,0.5131669034040369,2.4873332292392414,,1.9933069743478775,-0.19280781489271015,-0.41452662176612,-0.2902764509734337,-0.3233201567324244,-0.49052629972759043
2008-06-30,0.0759273434083152,0.20994467058093513,0.21082104011800018,0.7680722191193736,0.6059284378417547,,0.490569276869119,0.6384471845093149,0.6542890504265411,,,,0.4877611287096626,0.4818792786313477,0.524889580067095,,0.2568498354302975,1.3803069743176826,0.19974221214802879,,0.09384910825359682,0.04746625793710901,0.11567445818482525,0.3138174466749202,0.213894128562796,,0.02371895558220527,0.17293030043503466,0.36386986965305446,-0.8736787697569549,-0.2033762971748755,0.014595231165213551,,-0.1819798045401827,-0.3056429658050701,,,-0.42346160702752966,,0.19803120831828558,0.4215428697489816,0.06043724353708324,0.5986181239271038,0.8139363190691213,0.7772223148849631,0.2214306800050274,,-0.10496352183734048,0.25943683147555885,0.22463303172939364,,0.9415229768489901,0.24037589305649143,,0.305379391109311,0.7125734237720338,-0.07505842193581291,-0.16608268666187787,-0.1635430349226752,0.2777774761961631,,0.2590201990296135,0.056205869744220704,-0.1281337715551677,0.10386507647969978,-0.24429967957940169,,0.4177510439300547,0.2440725449699339,0.1835485353469919,0.6019106530249896,0.4344915734683952,0.807379490630737,0.02061212669232315,0.3362621009100877,1.7626965485489547,0.3107482142338358,0.7352171339181792,0.2159374316631848,-0.14371114160594112,-0.2790749403593312,0.6150488770002873,,0.33669005987038125,0.2840270839507695,-0.05755089981786443,,,0.2607649861234069,0.664874934086026,2.2116846547474984,,1.290759524958947,-0.1821583407625218,-0.31178139605503385,-0.2714534425611479,-0.1896452749302504,-0.36500000953674316
2008-07-31,0.05260481443825826,0.19522932074803911,0.18608909640612947,0.8772806169009737,0.6074851531825052,,0.6232448808939919,0.986191601741949,0.7281981516974954,,,,0.515176672625099,0.4724250626034123,0.2897376057308354,,0.18324194961885532,1.2342904559065175,0.24163511527365422,,0.0941268152038639,0.04467463604422428,0.1231012692915936,0.31417320152115513,0.2647830215574434,,-0.01500038394957337,0.10697228070840636,0.25945351334448175,-0.8838383910895433,-0.21646908772254825,-0.0025686404336553448,,-0.23502736643012978,-0.38008317241777756,,,-0.44591552705539883,,0.143634176837788,0.4873975657246916,0.11228358500552216,0.4773128582816548,0.6811627676455565,1.2355258816514922,0.6122201605598319,,0.41453194098420143,0.6836527318671533,0.2600175120222372,,0.7525786638858072,0.06856315886431363,,0.27922669280951684,0.8219455463546659,-0.19054576358739383,-0.11488425340364394,-0.2222767889987033,-0.04299412772191813,,0.24522854514652948,0.17961809688631658,-0.2583120220840639,0.08372117185083394,-0.39825584336897646,,0.26102272615858957,0.006445694791646472,0.10789692838211051,0.7382409564846584,0.3573957564000805,0.47935736113717486,-0.04972637955353054,0.29006590381604425,2.460321804180723,0.5390904010024422,0.8817998274564713,0.47673072632284397,-0.25658873826824413,-0.4304521910166519,0.6534928887875942,,0.24999373917421175,0.1641558729192083,-0.16219128161255425,,,0.22121355661338482,0.7505969671457391,2.852503726085078,,1.6640161399224929,-0.2565511102253296,-0.3600576603159129,-0.2351267211348569,0.05716679910692557,-0.13043479462727536
2008-08-31,-0.04988353888313046,-0.016455950793900165,0.01829155996415399,0.4984579632932289,0.4109174162865934,,0.2699572694815209,0.32267893964511996,0.4589464948153146,,,,0.2539049065258827,0.14803979321006921,0.2226686580652384,,0.12423507534841072,0.832025536446424,0.3633895426547311,,-0.057978017101220636,-0.058549429235026706,0.05482343534780343,0.170822732534627,0.04278387954012408,,0.002672612993730894,0.14962280098194558,0.3342520003152223,-0.9160199813173114,-0.1569584074747481,0.07737120649567242,,-0.14193944584752927,-0.5090167219364583,,,-0.5663173840539051,,0.05966572067269538,0.30453346647847646,-0.0045961631118865975,0.22859382696994057,0.30475169534453594,0.8840162959884914,0.35264448037635665,,0.2649220115111115,0.23217289022245713,0.14457766305850694,,0.23252472252798095,0.13884019579263218,,0.29685876329733984,0.48771409705675683,-0.15360448136255678,0.20782108581335068,-0.21592520644260016,0.355932052062522,,0.2414762680300273,0.22400056140508773,-0.15497083337195117,0.3183277933165649,-0.38842976346513214,,0.12383703213782438,-0.17103168675879588,0.10624923916896467,0.5309016882132402,0.201480487854786,0.23218628981149458,-0.06264273640478246,0.20821467670246951,1.853187682570891,0.11921607736930051,0.47485965055187007,0.19810446114274716,-0.332179209919393,-0.5203236021550308,0.3381039281143805,,0.2590033901440161,0.07583424502661273,-0.18465013813175468,,,0.07681858112638174,0.6649460927195492,2.027368638678048,,1.5856250037673774,-0.1850394702941085,-0.273113498102575,-0.21556107166174954,-0.10519620208913716,-0.37714283806937077
2008-09-30,-0.12011702535557356,-0.05130483795527996,-0.039566941149866475,0.44949427695614785,0.2512138484706541,,0.2340599033003794,0.26739599144824666,0.2782321836310617,,,,0.22643666256021944,0.12684520901948626,0.20226800179007243,,0.039696392781289225,0.41548312308974245,0.41554884012605564,,-0.11911759067665784,-0.13028788066283425,-0.0815349326421464,-0.06028454473961242,-0.08178149085799213,,-0.04753083684117987,0.06288424426886241,0.17999787807714696,-0.9040081696185346,-0.10845068260318946,0.04041755136555092,,-0.06267241719338179,-0.4766819471658629,,,-0.4600613444810777,,-0.09489086995528806,0.15429692447405086,-0.10861100983944072,0.02048417032981975,-0.021500274694324584,0.7473134278434019,0.27968595160199605,,0.3065266979832937,0.15697101705517125,0.014481742549123044,,0.15225190248025644,-0.17831664445550333,,0.06937603908505996,0.09993770797671453,-0.42327213673284036,-0.2686817273316039,-0.484431323577747,-0.0953894797450191,,-0.08027644001058765,-0.21564271160921578,-0.5277045386620911,-0.15499976640997148,-0.5666666902141803,,-0.1352754743121901,-0.3365855335748468,-0.10851625558609523,0.11395234397891585,-0.09582155881795196,-0.20807730177934036,-0.1622419420094403,-0.07388419927079515,1.3119952119492209,-0.09589784883359576,0.07026590228152507,0.014948139854483733,-0.3953161990215378,-0.549608462151286,0.016659737198734925,,0.08572846291346936,-0.04814876080473762,-0.1808126517684837,,,-0.0069404253585581,0.4212174465455274,0.99530735665772,,1.0127636128501822,-0.20241413985516654,-0.13869517719867552,-0.1439759423999053,-0.3465375101025616,-0.5477272803625783
2008-10-31,-0.14066818500840306,-0.07300327470621915,-0.12341277507115811,0.012663918325969359,0.035310383098782205,,-0.01588269205364823,-0.0869500839892634,0.009417727933035414,,,,-0.038966910557524104,-0.1730671125982154,-0.22567956872832107,,-0.20737817984264462,-0.07587067798720415,0.24574258274437222,,-0.3036607468464365,-0.3267465493426265,-0.22060595173409692,-0.27325461672579465,-0.3438094283495543,,-0.2936810377393687,-0.1179754402240718,-0.08202741512639089,-0.9444444314099644,-0.3596785234401739,-0.1522512879545359,,-0.24173161834431278,-0.5648783565433307,,,-0.5328239304490563,,-0.18435691074340743,-0.17113665498484631,-0.2971374108105923,-0.3141730398927065,-0.1912268864425417,0.3717489984728144,0.028115012512402338,,0.2807639104211721,-0.1125359175153332,-0.23202804528390863,,-0.029587283383595286,-0.5168938106365798,,0.02460134180551421,-0.17738186101178677,-0.5004229725804373,-0.13571411610874629,-0.4560683663330627,-0.21024970263096143,,-0.3290067952563356,-0.5135136002389088,-0.6126582254616205,-0.4849786218171491,-0.6916167671082288,,-0.5107497697975287,-0.5605170771955791,-0.4025313945157569,-0.32433570193764916,-0.39177284825046843,-0.4881266843253961,-0.4207502308966161,-0.5241450216953947,0.11212684987783428,-0.3402829267385109,-0.35047121054590424,-0.3449897640659306,-0.6422350632676816,-0.7077034169124877,-0.37115154471109524,,-0.1468586031751734,-0.28648844687842157,-0.2619260423065066,,,-0.33291894822593593,-0.09965700535049993,-0.02505546298128214,,0.043155125340335054,-0.17066242032442036,-0.10611072391625043,-0.12338305969137453,-0.5420499580653695,-0.7582697272412635
2008-11-30,-0.15708474252079374,-0.1316791235548237,-0.33308525369846675,-0.0177364624122317,-0.19222523163355798,,-0.015875477721196685,-0.1828803039453767,-0.1435158146129123,,,,-0.20488510033820873,-0.22450741005371244,-0.4991597392516194,,-0.2733557445662713,-0.4385222435459455,0.3356638744669638,,-0.2922492066793685,-0.29074888680636646,-0.30278612749054834,-0.352812640970258,-0.388330741355851,,-0.2869471110458135,-0.21376145577739603,-0.049993934988440736,-0.892528739794832,-0.37759097063590175,-0.1604762606744189,,-0.17414087078444596,-0.680815795893611,,,-0.5889749272824785,,-0.4425089330616412,-0.45606991675951947,-0.5602861749487316,-0.5614087964694419,-0.3368373232220282,-0.004172548033602674,-0.27912113167987074,,-0.0327243330532031,-0.46579921212210695,-0.46540344139630874,,-0.42396776389123847,-0.7595190280954949,,0.012764491650866905,-0.39626923746428977,-0.6240878242213188,-0.2998082514227981,-0.5856766509348552,-0.14199993700553293,,-0.6349057331381537,-0.78772367444925,-0.8273381322142224,-0.7253521590340573,-0.8852941250718587,,-0.6985870737763791,-0.5829669856418118,-0.7366183047594783,-0.5962262534355839,-0.4765847983797292,-0.6092956093251537,-0.6788690834770919,-0.7807813104050558,-0.39976149902186064,-0.29130422026333325,-0.5207601952214456,-0.5114405296967928,-0.7553562074494902,-0.725606536194241,-0.6395690401091989,,-0.2243202533002584,-0.401692679991971,-0.3345705152399594,,,-0.6489270587853077,-0.19843342065119363,-0.42981854124559826,,-0.2928372702895603,-0.46168469127207135,-0.37637266267910197,-0.41181184348766187,-0.6052492807148073,-0.8739726037463723
2008-12-31,-0.12759299990136386,-0.12764533841892356,-0.3895436257604241,-0.04278277540515285,-0.288966317937706,,-0.1812957410402155,-0.2553150953534504,-0.2762289611483234,,,,-0.30021656371060346,-0.4325586608594989,-0.6046352799683642,,-0.3810088360319698,-0.6346227205988444,0.31520268021485975,,-0.3355648838303168,-0.29669441409091324,-0.3303958756725561,-0.4196632961870994,-0.5423382263442786,,-0.3188282483574061,-0.3390322932288704,-0.24452315459437834,-0.9037989889636933,-0.49774335233119205,-0.279027720782552,,-0.29016024231965953,-0.7332931281559361,,,-0.6382390914619291,,-0.48069720278119177,-0.53285044492894,-0.5662806747688756,-0.6148924650956211,-0.48964748748846154,-0.3641613825962202,-0.3487061546460968,,-0.2509256683285017,-0.47060972214267827,-0.3064111925747298,,-0.30892297701933336,-0.7967001372371494,-0.12385312129554116,0.3222809863230094,-0.1949319958494794,-0.4990100771604782,-0.1619786854569749,-0.4067096748676484,-0.13924011839966133,,-0.5946179410270799,-0.7518716763507048,-0.8623481761814953,-0.7204300907562242,-0.8306709418493299,,-0.7596995807569613,-0.5756444637679372,-0.8607684652604891,-0.7581501122337461,-0.4166997838445834,-0.6236475953652054,-0.6968806008823335,-0.8489061952905814,-0.5254245388893524,-0.38207176910499296,-0.7202282622303076,-0.6176570840886366,-0.7739808530585779,-0.7320706450405621,-0.6896954971555116,,-0.32572348439022025,-0.5082433550034932,-0.5128180313166117,,,-0.7256897290672675,-0.19450887544926587,-0.6777119650199153,,-0.5198915899458265,-0.4657886108421755,-0.21681942476542237,-0.3292814679387748,-0.5647721409952233,-0.9117647007262417
2009-01-31,-0.05006364681879749,-0.08440461302846713,-0.3363584536666784,-0.23465303479039357,-0.0991042858791954,,-0.2208607265491439,-0.32573361739678397,-0.21421687476829632,,,,-0.27902527687011647,-0.3695723957632311,-0.583017930144601,,-0.30943787618874996,-0.5414083327481506,0.43668540739060635,,-0.2240358190681503,-0.22752339166426683,-0.2033106081838194,-0.34028787795942916,-0.539104013364097,,-0.36140365809354336,-0.2831372656692208,-0.1583660650898504,-0.9030941925403839,-0.4823176048311315,-0.2963421326096546,,-0.26076895720737503,-0.6270536074204143,,,-0.6160489801396473,,-0.432441246328906,-0.4456658227686602,-0.5017763421331982,-0.5940197228999707,-0.4787666292152778,-0.418868461799215,-0.39263287138036806,,-0.07483172785702119,-0.5589535327859567,-0.24256262937728934,,-0.1842503470666873,-0.5782976216093203,-0.10469330432403978,0.6505815081031685,-0.16332054720003564,-0.3300510156398473,0.08506428915658382,-0.3215128353103841,-0.017290847464866976,,-0.5288433526514499,-0.6989248117846669,-0.8065933951101768,-0.601321632114489,-0.772000002861023,,-0.7189301284195835,-0.4461871968333587,-0.8479058080180755,-0.7781285605845755,-0.3518662585747673,-0.5844554521786864,-0.6496271875211785,-0.8076553245401837,-0.4942783929398593,-0.17441532850612962,-0.5634048243342992,-0.5904614456982014,-0.6595695153769985,-0.6309600574537999,-0.6173428135494237,,-0.24980686839847943,-0.42540469538442227,-0.5867133700695654,,,-0.6647754266275666,-0.15146244916228346,-0.6188023099539721,,-0.5384188838416613,-0.5304046225598085,-0.08171619698858912,-0.20086780154213768,-0.4853313020586645,-0.8976897672239917
2009-02-28,-0.10748100271391603,-0.16745144558971603,-0.4136033937778838,-0.42709857404807494,-0.28212731545841874,,-0.3952390862622617,-0.44614031266813403,-0.3419276001894779,,,,-0.403821714684818,-0.5220450649374289,-0.6256455821447984,,-0.4362502310091805,-0.5360630198800952,0.1922726074226191,,-0.2863603100621842,-0.31643599657039045,-0.30766337567388713,-0.41288754783105797,-0.6002487341447147,,-0.3448629298711604,-0.30601090552748644,-0.1851568465971296,-0.8799863586769366,-0.4139035961466492,-0.2323436771630737,,-0.14022947051283274,-0.5758967151178287,,,-0.5536117925846618,,-0.5239529356448459,-0.5455649257536446,-0.4987794357958373,-0.5756021407683845,-0.44987278579345646,-0.49720159779470996,-0.5805736039555922,,-0.42703815011473145,-0.6527116536251956,-0.2151231952045588,,-0.2271553733395758,-0.6229792451826599,-0.09647946205737568,0.5384694615391714,-0.2840394477282231,-0.20364616199142838,-0.028006683892163764,-0.24089095108076142,-0.16294333872945388,,-0.5452500442868592,-0.7695651580651641,-0.8526971018054748,-0.5938697167182891,-0.6956521780102867,,-0.7453931843963651,-0.6099387275801014,-0.9033948602766902,-0.8075704546092112,-0.48043854397850716,-0.5829498961818376,-0.7851582673968989,-0.9463178572545184,-0.6099276776266612,-0.3470636919503425,-0.628767971112694,-0.5967036542506201,-0.7300744377590974,-0.7098305065584913,-0.6932689153759182,,-0.20904042511848742,-0.4355113662963086,-0.6745706353688063,,,-0.7243011787500983,-0.20513421901037254,-0.6789378088359934,,-0.613770025321448,-0.5323623034400653,-0.27655293162369876,-0.24288086356304184,-0.5754252565434133,-0.8700564934176267
2009-03-31,-0.18073592576369513,-0.26565303838845444,-0.49427288485185283,-0.5805415001809919,-0.2805138935587148,,-0.5791945325495333,-0.5979352920989358,-0.5077463525087679,,,,-0.47019772011471117,-0.5249748677172401,-0.566953214305484,,-0.39777598659622704,-0.4357322798803689,-0.2802910446454566,,-0.3292839200868437,-0.32615732651288276,-0.3313059535132564,-0.41957683625132736,-0.6523466241827467,,-0.47734557863460536,-0.35837159350162473,-0.25267987741973275,-0.7909091225966566,-0.31857153093966073,-0.2133696798920396,,-0.11952561741069834,-0.5966024448167668,,,-0.4542575590107867,,-0.5566196431684061,-0.5793139030168513,-0.5668887346784254,-0.5421377001931743,-0.5094981387717987,-0.49225895251591323,-0.6627903851360022,,-0.6068497229279151,-0.7124666462132876,-0.07403568008191841,,-0.26362435622422054,-0.5692209661763763,0.0991512519546609,0.3521446625285629,-0.28441275228016527,-0.11933842557641272,0.011824106441788551,-0.24367338387623227,0.17699167194803422,,-0.6247068012068044,-0.8637992783209825,-0.8118812057845458,-0.62529843593606,-0.584615393550203,,-0.6770629438064545,-0.5783926949577035,-0.9148819973683495,-0.7437231523185237,-0.4280165032181811,-0.6168097626419892,-0.8192131786295456,-0.9664855057336215,-0.7401378098833125,-0.4902253237868396,-0.74303370670433,-0.5990199726795702,-0.7484108001721752,-0.7206259204169,-0.7550418470208132,,-0.3160780353221122,-0.48718943677218884,-0.796659696452674,,,-0.7797724338733529,-0.2665823712197781,-0.5790617495006911,,-0.37598451580059744,-0.611153140774743,-0.3529875028117918,-0.2664951729470687,-0.5528173106441523,-0.8327402105414274
2009-04-30,-0.25327781893058254,-0.2779390704717257,-0.5309436125574427,-0.5782454989708665,-0.3168514678336256,,-0.6023045309273172,-0.5848321811162882,-0.5215551116505786,,,,-0.48231524314792495,-0.5431340305251329,-0.6036931576891063,,-0.37860976959831294,-0.4796691866802907,-0.3809148525710768,,-0.4195832179695207,-0.4130739959250159,-0.3876155957818874,-0.49823185939096626,-0.6714408443013012,,-0.5127628894181763,-0.3312179731520406,-0.27786634863207704,-0.562628391264896,-0.3325221326642239,-0.24150294589319277,,-0.17323469347491804,-0.6254257236212366,,,-0.4771849394574572,,-0.5905653833192555,-0.6581692026933175,-0.6426949464276551,-0.5805696697617255,-0.5082550284411602,-0.5739041677784709,-0.6683649140521073,,-0.4681731462913059,-0.7338838592667896,0.02277323580302748,,-0.0849721611912011,-0.3798039475639523,0.21292174021033827,0.6625703956562321,-0.05046763673360899,0.08209533727895946,-0.06415739497055861,-0.13689628693155564,0.20000027475710325,,-0.4799998715828112,-0.8050682122651,-0.6938110990280383,-0.5531914442184334,-0.5519125827226137,,-0.659142372232273,-0.511427567248262,-0.8715682865454076,-0.7048524004342924,-0.4281581201461099,-0.6520380831262114,-0.7802470064088073,-0.9695482772807557,-0.771535866147407,-0.4767263346035647,-0.7402922652381176,-0.5609371837930968,-0.7169823758133294,-0.6737641907193608,-0.7668249567394522,,-0.2464803709732346,-0.4125561923287955,-0.7766947241343498,,,-0.6994201245256018,-0.3064036132788377,-0.6562336449180036,,-0.4652550520870067,-0.5524005701903565,-0.33232256875274047,-0.26254057563670086,-0.502592724824726,-0.7520661136669406
2009-05-31,-0.23686939247880712,-0.31623647724183135,-0.5478655068466777,-0.5028903535203373,-0.3745401938345746,,-0.5486965988708344,-0.4974176086299874,-0.4523807729156212,,,,-0.47871573446747107,-0.5259093724344063,-0.6269653780598459,,-0.38083856828740426,-0.5021728742256003,-0.3759832350935093,,-0.44338586258663915,-0.3831247937746133,-0.4129254227217505,-0.524904260769699,-0.6200923773386999,,-0.44987440448665317,-0.34122788743687094,-0.29142913105123336,-0.19591830735844928,-0.15463429547721974,-0.1515890631872603,,-0.07570299591667073,-0.6022814630438132,,,-0.4949147875818204,,-0.5090307280418288,-0.5785444477673107,-0.5926036235771754,-0.6365818913475573,-0.4981489955991677,-0.5055857918261322,-0.5824681106424088,,-0.271129502620966,-0.6382017181191194,-0.14473631551076016,,-0.3735581610869477,-0.4744827848450005,-0.03595777502692854,0.18524183527728866,-0.22263060467024764,-0.11080851539634096,-0.2168066294237302,-0.17887055669780083,0.007496163805309042,,-0.5028656345733246,-0.7261640145638926,-0.559105411624234,-0.6739607492799902,-0.6982758585252886,,-0.6249977970384322,-0.46602556004127704,-0.7850391478810367,-0.650903952852639,-0.4097014423338222,-0.5693037642928377,-0.7673213312400714,-0.9446575347691366,-0.7820407804629783,-0.4369595813895394,-0.6456979403688781,-0.4754438881740718,-0.616442554020209,-0.554237384716828,-0.7539197119971282,,-0.19746968910239293,-0.3353434811312318,-0.5787930486301889,,,-0.568501741582284,-0.3351404179046332,-0.676189483666886,,-0.471379158409172,-0.40904456512957477,-0.36277445868177816,-0.2696596621369708,-0.4358736371048265,-0.4803149321746065
2009-06-30,-0.1957479381202939,-0.30352928024714365,-0.4962744937791572,-0.43807889692489277,-0.239801597920687,,-0.4696175845031949,-0.47928575311477584,-0.3892053145948573,,,,-0.37479411069575275,-0.4002396778291746,-0.3879108455183825,,-0.25633465895338836,-0.3500979125766761,-0.20506771750802133,,-0.30047495126103796,-0.23708650984346624,-0.28341511534353037,-0.4058633038690119,-0.5745509042114281,,-0.36856325998152173,-0.20974172406768077,-0.14883029961368766,-0.05034318932611159,-0.009875610767328236,-0.04180555736503799,,0.0698737844377273,-0.44234105209126584,,,-0.3322542241469544,,-0.461206588208363,-0.560702574062296,-0.5462028347885612,-0.5646979999330459,-0.4300970150700425,-0.5112572415054167,-0.5915210167068088,,-0.367918082820091,-0.6368068347800266,-0.055526389931836784,,-0.16494705106012708,-0.2819110400438313,0.15212020462360454,0.4962787978761054,-0.1394782014250675,0.2526668703311463,-0.01224507817071474,0.0959388066568847,0.4941768127926418,,-0.3227302327430366,-0.5993521725554515,-0.490689620411058,-0.4742490659722557,-0.5507246197367514,,-0.5274656760616974,-0.3764720628493141,-0.6698644883050646,-0.6207151854164557,-0.31725898702801536,-0.44520566236711523,-0.7296704154246749,-0.9096104613930708,-0.7690403599013124,-0.3954460655254395,-0.6081424703449818,-0.4999366280571047,-0.46784295865171,-0.38663582459760126,-0.6519776833803417,,-0.20890523201316746,-0.32942510082045273,-0.4675240714539317,,,-0.5470605552357365,-0.292716614133247,-0.6203336328117879,,-0.48896768655738476,-0.3140547754975507,-0.2272458202933969,-0.20236472576221265,-0.3484072784073322,-0.21666669845581055
2009-07-31,-0.1116361579074232,-0.18866807136247365,-0.4685540803419789,-0.3201365590824865,-0.14610938036695453,,-0.4197378423742949,-0.3010607282981306,-0.3527653886123804,,,,-0.2921286314338212,-0.3222484696103125,-0.4400106078035936,,-0.206239901097376,-0.23369986765988893,-0.2933116370287412,,-0.2482830383885416,-0.16789687719699975,-0.24864914925189463,-0.35490618527552353,-0.4989634650637337,,-0.32369852750538997,-0.27644277757665126,-0.18080676647350657,-0.029702967845738226,-0.0676385945253476,-0.1032209932795719,,-0.01242882900904152,-0.48103020900502313,,,-0.3539388118296043,,-0.4593648358060577,-0.5304280575024007,-0.554798074651958,-0.5846369065614472,-0.3592279711264167,-0.47450747126953174,-0.5327004247029437,,-0.5016288387191297,-0.5726824657534462,-0.13919229760147245,,-0.035936920156514396,-0.3641975963803804,0.1478303304903994,0.17686902776053204,0.004793210937071413,0.11587830074932248,-0.04532850909900199,0.041631281013229327,0.15000014758654,,-0.40775434966688506,-0.7080611276366179,-0.5743944453778997,-0.49756098797764303,-0.4932432497740662,,-0.47523641600284394,-0.220899385226084,-0.6532522729726098,-0.5939527739069563,-0.2418819432572723,-0.3907636496000677,-0.6803438219531315,-0.8948165568395046,-0.7719794164489632,-0.1954878644095963,-0.5188884567626709,-0.3832206490104688,-0.4443657812007882,-0.24154474994781772,-0.6067872817399508,,-0.2237008399198428,-0.3009347533913299,-0.48569775185119013,,,-0.379013581295751,-0.35735278044132335,-0.650243609812551,,-0.5438297121282007,-0.41239886685933413,-0.29967213470233,-0.2342280830097604,-0.27742756088686105,0.33027523236788037
2009-08-31,-0.10541058077722265,-0.17283779284518552,-0.4478839344581169,-0.284979610721383,-0.08053943188834423,,-0.42490901980895746,-0.20697286012273042,-0.25999235134837206,,,,-0.2600919577599041,-0.2844208589935431,-0.4251918096281415,,-0.21213586591342937,-0.1752537905896121,-0.18664269197637307,,-0.20642068847664696,-0.08180348843355933,-0.17941871531789333,-0.2600995800077811,-0.44628250414496506,,-0.2000852774539722,-0.21952271653241318,-0.04856653535110611,-0.210106222024128,0.08795472124711723,0.04007639344663261,,0.1056553288007136,-0.47082420218019017,,,-0.3174040808515798,,-0.4248427559035074,-0.4898658034145973,-0.4852779505336957,-0.5125456571416934,-0.1878270330652415,-0.3950790398206262,-0.49817998479837267,,-0.5390498278488263,-0.5219100604147551,-0.07385392539898605,,0.0269027384077678,-0.2031252649573404,0.27104261618214864,0.19205654570283137,0.19964408703398195,0.45876963216866473,0.06314595754768026,0.3286356419235543,0.5729347693049105,,-0.2584650140163084,-0.5512818896719094,-0.20670390137726546,-0.3491125094088994,-0.2136751705686314,,-0.315995286284219,0.0428157754134153,-0.36589448095289623,-0.4595608491303954,-0.07654989222855235,-0.22882732785509652,-0.6197865952066548,-0.8281378096204697,-0.7269171371432918,-0.122369114131885,-0.3214593723286886,-0.40104321059087644,-0.5046952549350807,-0.4346289365179381,-0.52365184997725,,-0.10906244474705029,-0.16305844915231327,-0.3416240621527,,,-0.32725727868071275,-0.3316883684773103,-0.5095306261017118,,-0.4794590897573099,-0.34719641062270323,-0.3426244236988981,-0.22598854583239147,-0.06778579302608934,0.34673369543404453
2009-09-30,-0.0890455409339499,-0.11974909606185247,-0.3593064149464765,-0.18829520906342256,0.05666501996851747,,-0.321221381330698,-0.02071632421665226,-0.17865057634245618,,,,-0.1880270093956775,-0.15866395158256563,-0.26921719868062344,,-0.15172669845018338,-0.04870182460831374,-0.10959952776799542,0.1536413647547532,0.0008522971735176466,0.10266908904395966,0.0003364655443429676,-0.03045311104618753,-0.2830599683910394,,0.04035569444600373,-0.15220979200643414,0.012545714172701672,0.22222179002640474,0.35209519074574414,0.14207218141332634,,0.30444832318034964,-0.3628141806208204,,,-0.19292163660090955,,-0.26833883101774947,-0.2544232434202114,-0.42135978706901833,-0.2763286196380452,0.02470494032690773,-0.2197552219513682,-0.3196264307355803,,-0.3323521906270971,-0.29052966566893446,0.044966611896085196,,0.046402779151899054,0.2711655065196177,0.35562615368287687,0.11140760056647458,0.17808515694684357,0.6697295846880158,-0.02892560546433276,0.2727423086641376,0.46921834027875997,,-0.12550635249807984,-0.3632478872075081,-0.010457455895917067,-0.15833336019433397,0.029126186624347072,,0.12243899806642267,0.5364045760781397,-0.17376380105423894,-0.24454425691297466,0.22358033730026672,0.040992024403864846,-0.4443392091473717,-0.6305525697027767,-0.5167946834473074,0.15510468359621377,-0.007509911717195061,-0.011680424129576816,-0.1382866916398927,0.051400085566726705,-0.24980336940151426,,0.0888452001789859,0.12191387859769853,-0.29743304812851634,,,-0.07886743503529225,-0.06403673257691789,-0.28399694052677993,,-0.10163288759251743,-0.36194351039846684,-0.30050031652602416,-0.20233299664209725,0.2054713001205033,1.8105264313663487
2009-10-31,-0.05299176920298854,-0.019950011342234064,-0.10353238021117783,0.038842697158090855,0.4440623353186315,,-0.15815092422571386,0.27870797454851903,0.12230119304324849,,,,0.1701684981479834,0.3406778817337963,0.45653609615487345,,0.08415065583835801,0.8003775390879928,-0.08453771496275031,0.7795077720207253,0.09105274450914758,0.15160718106860083,0.1329296822453956,0.18481538751233617,-0.1211030250441324,,0.1962765677740519,0.06811490550848598,0.16230949648160986,-0.21657751114622303,0.493756342187855,0.23789174397796864,,0.2327981620663817,-0.029329643964416396,,,0.34233686887116677,,0.17312691411000825,0.3957753451849182,0.23553536887087656,0.4429576890071316,0.4929983360538015,0.16036355340219188,0.17024348978572057,,0.016369921854389347,0.4544186762796292,0.6880785144849388,,1.4635234015499439,2.497223181461997,0.8247560113039765,0.5928106153822905,1.0897195516693676,1.2421877173578109,0.5050436113156556,1.0954610585961144,1.0419585820339314,,0.9638247973046787,0.7630508927739414,1.8472222581356728,1.1623931500310967,2.6153846624099777,,1.3609771220338578,1.1864884132158977,1.8103969377003035,0.11296004104660629,0.7570496096037591,0.789352378832878,0.18790741308016679,-0.2561654249427189,0.21179475593173125,0.19771212043720277,0.32490486847312794,0.7266645504693048,0.3282574893109329,0.3555672735327473,0.47103463805360657,,0.28513254196764937,0.3746626319616575,0.030869007366143064,,,0.8166795673408016,0.3056702464794019,0.22559338865315182,,0.3516575689190513,-0.008674443841025448,0.037392154183693016,0.1980366434270866,0.7376170283475727,5.413043465585024
2009-11-30,-0.09041061878626144,-0.0030096483390577022,-0.0038636489636656446,-0.03159131971006057,0.4337877583284817,,-0.09561714176892244,0.28730848088130223,0.2269086268353131,,,,0.22361962971228877,0.5765593255201862,0.5526040924426867,,0.127731424985277,1.3394820127041585,-0.160507816445434,0.5277943815848065,0.1675767799289405,0.2280441011110086,0.17144687537100434,0.4687511544444172,0.19859477780999324,,0.30057060861181806,0.20830831525217075,0.34874595131482433,-0.2579617809033208,0.8475902111898788,0.4263454796279116,,0.5184910017857427,0.008037716193645572,,,0.6402786510702434,,0.24626084407205884,0.6904037777948258,0.22701560136658339,0.44892186086806385,0.9148163475123092,0.5071112728311,0.2828481793076738,,0.10992549830922238,0.4365516823482871,0.3045567975393193,,0.42698292541441285,2.6173914296253833,0.851159632540073,0.1120163646881136,0.2652205407703523,0.7652127763281042,0.15929760736045728,0.5685208314768564,0.6932769150473275,,0.4774014584367865,0.7715518923699354,1.9529410294596463,1.2615385874196043,1.7924530169173734,,2.0579422302050046,1.321273556008717,4.878047272774288,1.1626838287307106,0.6958794278898397,1.186302452922427,0.18548065626591614,0.06380374013532109,0.5075404755432631,0.15273095783159918,0.668922008139017,0.7972429512438906,0.30774210743524133,0.38258266358257687,0.4936983754729338,,0.3788362121866746,0.6634343075721023,0.3353729110502983,,,1.397436154033056,0.18178629788548828,0.5450167707009965,,0.5888721726904622,-0.01703094312356368,-0.21044536623517895,-0.03524479823048998,0.6010448588733392,8.999999779242065
2009-12-31,-0.03787285241333449,0.09534793008416798,0.04198506043102057,0.30976200474089666,0.3681549226943919,,0.03396710316824292,0.4784054593099809,0.2881901606196642,,,,0.18850519506696473,0.6886542070613979,0.8733335092516403,,0.15103592125050214,1.1407124724605868,-0.10355000403664816,0.44479373195345273,0.2025832711460953,0.3102965388312924,0.18760190080147265,0.5651765234510631,0.4055144373803523,,0.4482756186406378,0.22821759527283958,0.36530915228025784,-0.3333333625796747,0.9801393974406398,0.5621500241849282,,0.583278013478518,-0.24318016186696623,,,0.42498690213829216,,0.5332021648897209,0.6364681770262033,0.29048557330409785,0.8061110657265997,1.2857742993923051,0.6613621275250605,0.3546879557446285,,0.014622158641616645,0.7251458142467095,0.3271026466715705,,0.22552168144481533,1.4761175801959623,0.5627879370246536,0.09954396635461582,0.09165933298048401,0.5955544434605573,0.017573444654353843,0.5051409375763574,0.6598240595739968,,0.47861682055918386,1.3607140780176343,1.5920453017911562,0.9226519359154086,2.421052758163144,,2.38788847499639,1.2120913738480361,6.077235260634631,1.788637616957192,0.8165112932906196,1.4245336383182932,0.14467327882069614,-0.025000000000000022,0.7352121733123607,-0.059877100212860856,0.5436684075289482,1.0709388935598136,0.1691508912081734,0.3605807548833784,0.6371159275191667,,0.406728780889404,0.6836202698798375,0.9000111454716575,,,1.4151736162597572,0.261326895191045,0.6226931981198525,,0.7463264616091883,0.29627639217366064,-0.27953460952432563,-0.10432364237939495,0.6873425790180678,9.225806619076524
2010-01-31,-0.08776937487148118,0.13347613648381973,0.12023978372478861,0.44467698637669373,0.5214408328499383,,0.20668431724430025,0.591404083416609,0.38333052626946285,,,,0.40869494791393235,1.0383736776950934,0.8504966158277489,,0.2319876639855165,0.8695627109563511,0.11279029687603725,0.5438730661049778,0.3007843307857234,0.4619589789254017,0.35853767960858574,0.5275006296652471,0.5330185415521238,,0.586727287593183,0.3351345061232007,0.46093887120113486,-0.3124999067616985,0.8004958057024947,0.5190468273904845,,0.4831744712329775,-0.28424671477500896,,,0.1264076769193312,,0.6201772345187824,0.773011269493209,0.2289332326059954,0.71101630533594,0.9547146960989119,0.7872338049840448,0.6321505339153659,,0.43297131922314214,0.9990867000234263,0.199760758145771,,0.022097671568985122,1.3001541353000814,0.29629596071055997,-0.01346665345733078,0.045316967384227747,0.405983469650393,-0.13326117556305028,0.2613971942794584,0.8791209731286409,,0.3089606895209389,1.332075501003001,1.5436619470201087,0.8584904939605504,1.5844156608189088,,2.1937160740454402,1.4073298410918849,8.15445063069149,2.0161701280407534,1.1111624766659478,1.1070014204074519,1.130311742238594,3.5605635919780942,1.006311523592557,0.18031827603224704,0.7090043234959444,0.9776411367227782,0.674789664105649,1.0785164734376371,1.0779567527080665,,0.31946342709297215,0.6536750565847191,1.473439837765382,,,2.031550380146511,0.2620295986736436,0.7266485286996749,,0.9425640858230835,0.5938534511240103,0.10114375292484179,0.13204910066004705,0.971517254825502,7.21739109308373
2010-02-28,-0.0340218204195889,0.22209883918573037,0.32497554814314555,0.8209715537952496,0.5408472434000291,,0.549511783958126,0.88340449738514,0.6832417297382267,,,,0.4983575330605443,0.9915088544205124,0.5358207550793248,,0.16613907045936838,0.5030039709901855,0.5924986249010391,0.6441303927648949,0.3210194117921066,0.5356184985016739,0.28848839823282924,0.4180444911736054,0.8978100305600476,,0.9838206414021005,0.383314542374374,0.4996193194859424,-0.3115940820984239,0.7269166159236826,0.5358654562790872,,0.4864464779956894,-0.026560882998676982,,,0.15001538585314345,,0.6852627437547198,0.8105450567221728,0.567669077113736,0.5700002098824164,1.0071722967213774,0.7755759266260138,0.8176408020258235,,1.1501383611497782,1.2966007037227683,0.0386098520993543,,0.02023588551117217,1.0568012002051947,0.2320311166538409,0.06104858006866176,0.03496618097135418,0.20114073786578013,-0.2302285810467095,0.13154071526779876,0.6150373448226865,,0.47152761091224593,2.000001946238627,0.8447369384723837,1.0063695483665924,1.6666667647813078,,1.196193736335604,0.9806329898547324,8.513043186310803,1.2511109218074843,0.9304914335562045,1.04900656405085,1.0590869640940364,4.099098895917941,1.6025765098767404,0.25134282077418346,0.8620404977713809,0.7340858105014507,1.019110847912326,1.129854403224586,1.0343454223990602,,0.35763002347001493,0.685329817301767,2.925546370599376,,,2.431389312835318,0.2724232862266396,0.279867539255521,,0.44899041109286775,0.6701903935870641,0.09055744470105997,0.048736726162095234,0.8735334165719064,5.4042553151015404
2010-03-31,-0.021999083428668853,0.1167562260914703,0.2766817752323474,0.7308173965106923,0.45450716643420486,,0.5523786328938469,0.7085771976289859,0.6284429539651368,,,,0.5403193942541324,0.7676259103467242,0.31064310315145405,,0.0328396419532313,0.4379758727684113,0.8240568538295516,0.7446891774339701,0.31579952507873355,0.41404463458113927,0.1980948805058651,0.3612868418321715,0.9282165792830679,,1.0577334331826012,0.43935147830698473,0.5944680361689938,-0.3004696478140333,0.6458554111869395,0.5911270325351983,,0.6265263625931905,0.005222243461955101,,,0.2360861623594337,,0.5252756291296374,0.9762125233730403,0.7032336783465598,0.5535732844660708,0.7905641150964793,0.7893960431883502,0.7407915638459475,,0.8987723447276923,1.206206172135936,0.10780522592865305,,0.011419411548894365,0.8432555413498173,0.20889331052760096,-0.03193163152265266,0.01628112243861657,-0.008227062716573585,-0.16072805024536285,0.028006460575389136,0.7058817468594698,,0.23569806781711766,1.6000011961754028,0.558510650183565,0.9226190167837134,1.682926910821347,,0.9756821490932912,0.7285935730108866,5.655853706853283,0.8503803985904588,0.6664147792873518,1.1452315856616786,0.8299705748062598,4.772512279969867,2.128261402590932,0.1098494690628058,0.879022759662907,0.6975301544336772,1.1834660771945957,1.0210320802195163,0.9481987842897206,,0.13397253717454238,0.2415045678884593,2.428526478028629,,,1.3491937706054862,0.3346850613078609,0.4334594777553009,,0.5007247697266881,0.4819519515598114,0.007217815698528085,0.017985443347654728,0.6096905928106027,5.099999900658929
2010-04-30,0.029408630116364076,0.19148127520186753,0.29991645119919563,0.4719883139576051,0.5285854259940506,,0.25472513125966745,0.22292906035499427,0.39980744600084606,,,,0.3024456590567284,0.6167511073051544,0.2960016862847299,,0.10230893543155051,0.3504068168307801,0.6875799759195178,0.6553257474304102,0.348780692731256,0.4323262831370398,0.2323156081956015,0.3252409355735171,0.6770489725164663,,0.8040369658221882,0.5336618965694842,0.6051634245094222,-0.21573614885577086,0.4159471589190793,0.5491485235937652,,0.4501398596315973,0.019778539344462054,,,0.3659392736334002,,0.31352881756228035,0.5109657277631059,0.3304761140059258,0.3782639677648869,0.8881098875266038,0.2424083200277367,0.11386223453767985,,0.059448324194382396,0.29059823841543797,0.2759924559984104,,0.2659262528034203,1.057742860985035,0.2662888550060687,0.2875306844880161,0.1117463925878146,0.23781337341950537,0.022919999578604466,0.23116157666379245,0.9955365610403781,,0.40642223719130643,1.2145748102397724,0.08550718902391696,1.1006714458345828,2.6857142394902747,,0.9622062758600389,0.7491267451226389,3.132825894604574,0.7342580162060255,0.7100221735819203,0.9672725319423146,0.585591008548114,2.4059406828733074,2.099081435865291,0.15027059377014984,0.42866176192392635,0.41166494118163466,0.8276235324570596,0.6806617898292135,0.9022164950249651,,0.1363435260165855,0.15026973746295247,0.8962647642201338,,,0.535528215343386,0.25382834120857245,0.5483172551793394,,0.2715430262147456,0.28903803998359434,0.020936288121152558,0.013192779634052743,0.21273225474924673,1.4393938641355524
2010-05-31,-0.00463977292773754,0.2565345486942401,0.3312082104004932,0.5424010238852826,0.3446189627383913,,0.07504328145323091,0.030873817630669764,0.21525366193788975,,,,0.14516596815083216,0.29632455677257075,-0.025333380617287293,,0.04368932881877119,-0.012742343813942791,0.402869489716531,0.360466545438213,0.21777662655693297,0.10302681842469341,-0.031659789243696945,0.14985750627035688,0.4403138171951262,,0.7503733449947769,0.23303240439902906,0.39700262783313267,0.0,0.3733174408119777,0.46436992666743704,,0.40530461002047646,-0.05241015645086644,,,0.1449623828730522,,0.26544368426070264,0.34985599023740344,0.2874924731106585,0.17249968543590688,0.6263820509057645,0.16623470768606574,0.08194811442605232,,0.3350781664446336,0.20637568461723155,0.15690573859746504,,0.024133610818043882,0.8555124740910554,0.03751774227249127,0.107246378256727,-0.057072086208905914,-0.0065522617027951036,-0.18799543512045314,0.004126102937712206,0.6583216604222686,,0.13030787619077988,0.6091643614268432,0.21327004047033715,0.5142857396587905,1.408602142267826,,0.3925887548320688,0.4951874986271909,1.477573282888684,0.3384997869090558,0.3265105503397674,0.6246298021270988,0.4667139145371251,1.2429282909934747,1.3074525630001927,0.06450909737703125,0.07129093818163335,0.29448439776819146,0.7954637049778237,0.5304369015386237,0.18803466945270575,,0.16897715286482606,0.21493768857379614,0.7892011771821348,,,0.5689611052628056,0.18174192663161826,-0.037563385211419,,0.08137761933349874,0.4820780559474711,0.31366226626617855,0.1992516436254046,-0.10091105965119962,0.217021281344689
2010-06-30,-0.1131351810839385,0.15767172420677222,0.2842785288172871,0.554157772505947,0.26992423107802765,,0.18000102522236028,0.13587026002060054,0.24879793606247413,,,,0.18846880647016806,0.3301938037219716,0.012756642527639528,,0.0006913262530889863,-0.10312947185663568,0.2634445602518536,0.19443435404844056,0.10777431937816706,-0.056886620327535886,-0.0876873100268587,0.07061832809789981,0.2867412008732546,,0.5738210617320774,0.2700177002467572,0.3372843096692546,-0.03741479269784742,0.2988620660037542,0.4465329441850272,,0.451597747481159,0.13047062141181098,,,0.46643876399467166,,0.052070359180650616,0.2155710686826624,0.06115237456209277,0.20067918319505762,0.547366055052497,0.22718284976790093,0.10181102641106032,,0.3731051519265609,0.22143782315120952,0.32487690136950254,,0.1196441591206121,1.2924755012224662,0.18570847607724694,0.20946478101564914,-0.0469920381180281,0.14968435451423323,-0.056710363961453125,0.15772238816614714,0.7452642825416103,,0.3644328766047922,1.0074636671986523,0.22764231176266314,0.8349514677042631,1.7866665522257485,,0.40289621986956226,0.5005838299969043,1.1342533478042576,0.343309880658085,0.21423257980080246,0.5670214366698056,0.13733877219645607,0.6816000366210937,1.3011752931011378,-0.008407250543368439,0.004212845471022186,0.2074621436782622,0.9217696183566879,0.5924415764218165,-0.06349100239197103,,0.10951993538764637,0.0884288853802997,0.6945567224179141,,,0.2143049607952765,0.28853111261405173,0.07394284575411358,,-0.07037804409148496,0.40628953963730874,0.19573256314041054,0.19865884432782055,-0.03930943702271028,-0.11379315561119752
2010-07-31,-0.16857037801601482,0.014191457627588111,0.15754600035722066,0.3348913600012071,0.10069589322968753,,0.058771692900378314,-0.10554864504800399,0.007134487857032745,,,,0.08422497072185142,0.10852365371605388,-0.08264864295435737,,-0.07980194708815835,-0.14884046572573617,0.18172715577520915,0.107258334556537,0.012273807866385322,-0.39574962283316906,-0.14890658251226507,-0.05987269074221013,0.1211894553481141,,0.34651330218365595,0.2226890531059611,0.24270927272917198,-0.05050528607816018,0.23774784795434756,0.3263120928462442,,0.27840176968387986,0.021008664741168692,,,0.2791103965836521,,0.048715724238837854,0.12623711147363292,0.036630537209419334,-0.051011552311985064,0.2105749007228228,0.06859380507934909,-0.05561006798312085,,0.6863861968586471,0.03525244677268424,0.5048821340816532,,0.041256918045801116,1.1895437382886787,0.208513559222113,0.1772171294020375,-0.1254336959585598,0.10659994077980972,0.14792439143840053,0.12479388468231134,0.7187459510433034,,0.28414019870889584,0.6571424278230238,0.11126762807722979,0.831818281214991,1.13043478542555,,-0.01591582496225985,0.07193655733448523,0.1316354321154105,0.04975665883378144,0.009115864525289119,0.25397754899960034,-0.13656875761576637,0.05369926051548268,0.7356595106481472,-0.1112970946285794,-0.17881998238363972,0.08276477343168387,0.805401563174168,0.6600032303421375,-0.24133590231007784,,-0.006582491491981202,-0.10917504767452801,0.14556393280615532,,,-0.026874522246507326,0.1909358091988067,-0.22978452380169778,,-0.19233233233058522,0.008151416847824056,-0.05756164605591252,0.0035406507780484375,-0.2232499298246734,-0.1194030461531208
2010-08-31,-0.12032840419761492,0.1201211951258121,0.2768221905186157,0.36236569877326885,0.08505402860851818,,0.027843618097556977,-0.13349210891208163,0.13191363336856732,,,,0.12584968001955943,0.2116210893578092,0.08838019923904783,,0.09801914911028464,-0.06081714909423719,0.12207400007056424,0.36999732350928816,0.04349858466873924,-0.23009507721756262,-0.06200858099183526,-0.019765591148520056,0.20093830599169737,,0.42899910309459144,0.23933138658721576,0.3420182674854946,0.04000008729236004,0.39190717527364227,0.4977374776554695,,0.3848305491271484,-0.08081260492002251,,,0.19790712569815483,,0.07232529804126009,0.2723312183078026,0.4194561719635719,0.1110745274746725,0.32662467277199014,0.21599386741433801,0.2527920114604436,,0.8447116533013532,0.041289551945489666,0.4018603853149987,,-0.025780002052180895,0.8194990985398232,0.19694571328968302,0.12049019311235964,-0.1307155205206656,0.05725866367949961,0.06984615375432779,0.12752811791667162,0.7023813094406279,,0.18249034536657094,0.6577184133760332,0.0059444555221794815,0.9306929514065934,0.8867925546822037,,0.14539057217739715,0.15215407755770682,0.4735425435159446,0.3501410026891252,0.18826614141679476,0.4703996742365204,-0.06655751621460593,0.019550417584450086,1.2496867490124446,-0.09275996004525633,-0.1187042240516396,0.07054696889040168,0.671535919599898,0.5947300048118056,-0.12429691544445787,,0.1581072529939318,-0.008092394450838647,0.31246994786200233,,,0.10936202626188618,0.3214033134262857,0.012093611335640686,,-0.0021660348678783636,0.18175668217337337,-0.08165122367424493,-0.011389766539435131,-0.032123802921724676,0.03745314673225475
2010-09-30,-0.11558911057651522,0.09135114646232334,0.20882061540306807,0.04653349076686686,-0.055565816068772644,,-0.09833597620152634,-0.21860819401784126,-0.015664928846988224,,,,-0.09179853773723179,-0.03939605211467412,-0.11652474743164054,,-0.022439771132149344,-0.252204964773005,0.12655333619914533,0.4202934921536152,-0.01706807274377098,-0.3262527824269744,-0.16476609685278643,-0.1244902874021161,0.03915837408845646,,0.2192217548873303,0.18323735230869143,0.32728202199335055,-0.174061403737103,0.3261169504878261,0.3969429980179868,,0.3871208106085706,-0.17296358075918972,,,0.03251643927848824,,-0.09271492993509112,0.05342306002954755,-0.10757897322639864,-0.10017117686614097,0.18395827403956422,-0.05795026300262618,-0.013498952460295865,,0.5784750000620413,-0.24976076744722886,0.4007894897327571,,-0.039522575064666166,0.7918982261239556,0.13224162111739202,0.082250845058218,-0.21565082822796666,0.04009388187506224,-0.06946960985050343,0.03495616428827808,0.8269512735110376,,0.08840890111690669,0.30296130739442617,-0.16487798635003026,0.833992569227413,0.780141879348867,,0.058015854948125334,0.033397727539647315,0.21772335564257217,0.20489212360416276,0.018731776742906048,0.17507687137451855,-0.21355750047051802,0.06951867294235337,0.9076299004314081,-0.1982913171326276,-0.09644485445486506,-0.11661569060182686,0.3591351437366048,0.17787792181632267,-0.20175921349892578,,0.07064178276615873,-0.02713586942401236,-0.049925924904216434,,,0.07429053350009074,0.11426538320935342,0.25762224849959026,,0.07791095145767102,0.1669659980707372,-0.3048719914109774,-0.1896313275346425,-0.11700726269512607,-0.13898307769608775
2010-10-31,-0.11496321410892096,0.09871717914532718,0.1800453280363754,0.1435413025068788,0.05072149479341359,,0.010169159956872731,-0.21464817521220725,0.04342691243293917,,,,0.045935869717479205,0.07841687918182805,-0.002243795072319643,,0.015513230724919058,-0.19630326244602836,0.11034260184164846,0.697266187382096,0.07551384997555677,-0.25129497896883624,-0.08859806588860042,-0.06623887659338745,0.03838351278144647,,0.2798252177021092,0.26378946664050895,0.3938775386943678,0.08154471616262282,0.390244393240488,0.48536987254763964,,0.3804926474785786,-0.016264708677929174,,,0.013429532513744125,,0.0043362709856622494,0.1465481565662159,0.022166050696077466,0.12174375157497108,0.2982891008223376,0.06990036967105917,0.11056454169090979,,1.2953505610510443,-0.13298143294618625,0.456867171920174,,0.3309715874950261,1.135416739026438,0.27515130696517764,0.1368366957116176,0.0173022184248377,0.2374217203842146,0.14041243791232838,0.21310232139580032,1.1236310881075635,,0.4176188025288914,0.5377125853240745,-0.007968129005484492,1.3197276886641265,1.0878377529371397,,0.1736948003473755,0.16968812694004565,0.43145022805290134,0.3421937686124319,0.19222350203552496,0.2353367038519072,-0.01559801316147813,0.5190311373011611,0.8129052336505553,-0.008223296627024257,0.07407270464862248,0.14903264401426486,0.6303594218088011,0.5292132999965635,-0.008611357580628698,,0.161097887827079,0.10115369333083168,0.19504702712406918,,,0.17443279409132417,0.3497832423238394,0.295890615788555,,0.15270621038309762,0.18141964110617637,-0.1799003093374011,-0.05840969597193535,0.029077860192907368,0.21481478276403254
2010-11-30,-0.09603877685091422,0.08862486254863078,0.19353590193709214,0.11336167125961727,-0.00897666519235385,,-0.025229994146754087,-0.2413269984419404,0.06665968113051735,,,,0.0037551269881070937,0.09488354564983847,-0.10754983840198284,0.10161621491685757,0.017772794585731777,-0.3185474884548962,0.10473036852953199,0.9628971411800666,0.1352155735089935,-0.2755879337087519,-0.0945872762501444,-0.06856258052314934,0.1076792707590104,,0.2932726962540517,0.19055981086086748,0.3296607343753961,0.7263158254928641,0.39033256135039496,0.5311256483707156,,0.32870831925682675,0.1389885347274431,,,0.3151084790897447,,0.10548715380321805,0.09895335847870879,0.15391055603983506,0.25926692466168366,0.3236643257187548,0.14395030316634805,0.27764542234151257,,1.3013959324651472,0.012106755470203234,0.1437313202846373,,0.24205122407759339,0.7890476280559071,0.27607814215458104,-0.07317717727218176,-0.09807744350592029,0.07463255763461385,0.04504164265842325,0.08075142245419253,0.375892836167957,,0.2675058266472885,0.042360402819964005,-0.09644894205772081,1.1982755931794822,0.9282050761637302,,0.15799581646258676,0.28160971658561196,0.29230892505450856,0.29813485601326595,0.12335766433239259,0.14039692608831,0.057086930093985355,0.38666671361678695,0.4898974857512408,-0.06760241251608778,-0.12410618409530372,0.033260185609753856,0.5723205900235475,0.5730573894362536,-0.16094659957190394,,0.1378924699615356,0.05072774963152171,0.13439584284524098,,,0.20483290505459983,0.31635302750543826,0.34753384302712154,,0.4405967882131381,0.13317337609707547,-0.2338605618674109,-0.04265840703764523,0.08551434613557429,0.22082012379113514
2010-12-31,0.04767092873992773,0.09095284438573525,0.22578536712731911,-0.08032826750726141,0.09895767019958446,,-0.03297172750195798,-0.19486615389989237,0.04964072330723601,,,,-0.1286252411181844,0.07572619204106545,-0.03905728680395304,0.16618897666763122,-0.05267422535890098,-0.30331049791779374,-0.04207938199571648,0.703018708694048,0.0678770122642609,-0.29947062195964913,-0.19025704435329105,-0.15494639743749494,0.10204347162951688,,0.1913150661876588,0.058513519587165996,0.24601681279968135,1.3016527268939795,0.37525588313546376,0.42606206346708086,,0.23988404568909494,0.17555153703235638,,,0.4250730251374222,,0.2041019958542365,0.2696531132978699,0.30492386564994556,0.4008072736941588,0.45643148549160917,0.1436335429004203,0.29582768930705283,,1.853630345753753,0.009136519600180915,0.2512103554557088,,0.4991939072821572,1.4560575390658097,0.23265317224965676,0.10019338171455705,-0.047097241277569646,0.17086914964601396,0.12082132498443143,0.28950227691963626,0.6149380777469402,,0.5775368557442087,0.5517791029115211,0.34828357309458013,2.015228778345765,1.110552657857959,,0.27646339340406834,0.34153432525882854,0.42366787726774113,0.21139055781964688,0.10230684933147982,0.11013493169612176,-0.17774927484079028,-0.14391604697473193,0.4960406409122593,-0.16941116839125225,-0.08521265801062827,0.035498775081451495,0.3830893165886644,0.1677035563263578,-0.29145762448393897,,0.16563296549580353,0.08484368993121039,0.14706180038032524,,,0.15930240252324124,0.40402104719540843,0.13634775740431104,,0.33619681166340687,0.055706092587088696,-0.21969229513794475,-0.03617439607201578,0.13648608420714825,0.8518518658682293
2011-01-31,0.16555850998283028,0.3124813938540787,0.4760667310679594,0.015472931455767336,0.2749305132702582,,0.18437543034425374,-0.007417872182093221,0.2127729028770653,,,,-0.023252951171378378,0.4033801838481059,0.22491738630095903,0.4761199629409767,0.13519665641324985,-0.038160302871036444,0.2911403978630771,0.8416914647787643,0.27558365682272545,-0.2009398435948896,-0.012607017998678582,0.11944471145892921,0.21450193671825368,,0.35262141984689666,0.23934019068586965,0.3417328508404518,0.9368421163459819,0.2967348662022773,0.4192506881014477,,0.23885205346300498,0.26871977651293766,,,0.5939439726595983,,0.33339788009320026,0.41461462462735743,0.2746152374465838,0.659885550271216,0.6721837434305669,0.1653167481891702,0.41984159363958096,,1.2291837512495314,0.052018373497758175,0.4456349164665028,,0.5183387916255116,1.8372091265018669,0.3061861422401899,0.288960840897992,0.17296900302651053,0.3857266987221286,0.3758007076300356,0.6080530786427418,0.78492876931715,,0.9505559633440712,1.4692963849853822,0.9486446499605776,3.6095240521864778,1.217592486812749,,0.8346155923838927,0.9271677240848353,0.9046535594226597,0.5027221737554117,0.3722338888571721,0.3635957292257481,0.22043522997147047,0.37190814060462274,0.9701921672266565,0.1117331163242461,0.228741247340555,0.26572874841317295,0.5245306263303056,0.37047213656243905,0.00867661711407619,,0.2952065332292879,0.2277839952420262,0.2866048628271176,,,0.4212238952877616,0.5802350287436651,0.432172321301165,,0.4618028914464336,0.29306862425046987,0.028337903496802985,0.18747978527747589,0.5063367675083781,1.0066445119567708
2011-02-28,0.266526821900398,0.34910083097376443,0.5331873707305368,0.13809294023320562,0.23271566812254152,,0.30005994324438756,0.04082354968976998,0.15840743111232936,,,,0.010090666393872239,0.32317968218147697,0.4537835475481613,0.45226984573507556,0.22084839983261806,-0.11190693173684085,0.3123219026919155,0.6335385863044851,0.3512373312221144,-0.10787473265874437,0.12268542665283078,0.14442632672752143,0.28293505252871354,,0.37881918055913855,0.151149516476639,0.3409375936722303,1.4530207216086706,0.2581903481175303,0.4099627048705716,,0.2370771385820254,0.45906557989158214,,,0.9498167471663597,,0.4711696116361881,0.5059498058178609,0.44329328055772454,0.7161842455813614,0.6734911095350826,0.4555451999697262,0.5298101523961225,,1.1535508780231432,0.10707811451312232,0.1271313713291673,,0.19244452140444168,1.0303230908190124,0.06858214312795097,0.040452910814968934,-0.07622984410102618,0.18851292075422,0.2022130592272784,0.39087713316638983,0.24988875362451113,,0.5287361140559212,0.7307682489880005,0.5959043578549501,2.7956659414694927,0.7999999783255842,,0.4802259623002514,0.585361967425043,0.6585593302701902,0.34864713968415373,0.24378514116799566,0.27848777882601494,0.2549361098374472,0.22085381880000532,0.5257089083395068,0.14787726708438287,0.13596905058922837,0.19004623260491527,0.40477580648740896,0.5148785754399945,0.025458397172133607,,0.26526286106759933,0.3045844871310117,0.27948279202986703,,,0.337831846204359,0.3405295881704995,0.39167954771040314,,0.2754414919740482,0.5637813165525458,-0.0012183758969595004,0.06917048827224037,0.5239163742143023,0.4289617203346223
2011-03-31,0.30983922390654595,0.41638262871786713,0.5811357861822746,0.21576961913617865,0.2230907497834076,,0.42933981425709833,0.24519219256399238,0.23495657727154873,,,,0.06969964247467497,0.36684897733776145,0.4585039322063613,0.5146989669973512,0.34794408054643045,-0.07698923145861236,0.2703842613551777,0.5197113679583174,0.3168385231698745,-0.14299954869237985,0.12338430049380644,0.19115895927737592,0.3391739514680261,,0.4680931328688358,0.1260223993702545,0.2965726140270568,2.3592232946854885,0.26277471737766245,0.3369800546877688,,0.22317666865047037,0.4444782188947678,,,1.078164897653346,,0.49109675050303947,0.5749302605475082,0.5346810719593722,0.9749014135664316,0.4552067838756544,0.7156268822002212,0.9742997865140501,,1.6742670558578716,0.450330844831347,0.09243675862207512,,0.26663711447823535,1.7136482611092458,0.2710664290246416,0.07997044053536584,-0.06906819994835967,0.28970136784910583,0.2501561597932229,0.42911731182978774,0.2917529310661231,,0.6930701507920203,0.8555765362191088,1.1034713148442048,3.8881784883225183,0.9806202653580383,,0.296841620884817,0.4059447457439245,0.2862756690691539,0.21109519992244108,0.19319177893758144,0.08745249573288705,0.19397020699586243,0.23183143030491382,0.37977509122661246,0.08534036694627356,0.07234923178247699,0.1316962098024672,0.15844608401694638,0.2559588945908038,-0.09828073910644108,,0.2163441918558744,0.2673024533383803,0.2765633309042208,,,0.3088463042894014,0.2862041855473305,0.4174158228875817,,0.5557984391283628,0.47886998919558255,-0.00562236017313178,0.08381583075104326,0.4971031676468156,0.7701862604409011
2011-04-30,0.2733799707925282,0.3663559503800027,0.4018301572280536,0.061891488744999945,0.20040979143276227,,0.3752684571585134,0.4713302670675943,0.29222749564664996,,,,0.07208546902846691,0.2951025225808137,0.32739327937144647,0.37919044155476866,0.22919881362694627,-0.018236754177530456,0.033192107381060376,0.48725208704670897,0.22447134754468911,-0.14592927574952141,0.19212725156436772,0.20422206041824142,0.3512599121983804,,0.3998129303676716,0.19701062197479668,0.3147040850412235,1.2433741274468528,0.39407296761311783,0.2673876010767371,,0.14971401680385155,0.44840343370856783,,,1.290361719191921,,0.32264000641194146,0.6438605994265809,0.49301335398308166,0.8157969373663965,0.3957743428307836,0.6999133192713711,0.9403036670851785,,1.8197990045180696,0.40843761232832954,-0.01740810493208078,,0.052950563748926927,1.223045461855989,0.2746866102677865,0.0319047661502585,-0.16442058265483084,0.15056132505345476,0.5312419840735605,0.3153761082964268,0.07084024821257273,,0.4077091228340537,0.5209376054067536,0.9408482016797124,4.725067888470162,1.4508927445288524,,0.5021296257875945,0.38552646781568556,0.3667450939988599,0.4229574632408277,0.34758146008226243,0.10608311778845714,0.32683861170605666,0.38575674625555467,0.5850837933122144,0.05106808493972914,0.21823699377847183,0.1946508537600682,0.10401890536061686,0.2838849543460642,0.0052289090465109656,,0.23840504878561686,0.20418097706027516,0.24888871024481318,,0.7735430900487177,0.3932563479016733,0.3443311648457523,0.5450274386627469,,0.6415602339325239,0.3611104282486659,-0.18438844231225315,-0.04695153222952497,0.23369049797144892,0.3951049496115653
2011-05-31,0.48258962176943787,0.5195162207724064,0.5644086041227034,0.08489722195648475,0.4108608945982781,,0.43805686626332885,0.6266741731791936,0.497925230016111,,,,0.11595249016104447,0.3628852408740202,0.5289183702904341,0.4626805797367024,0.399210007484589,0.07210787007795849,0.27270032918819265,0.6502830271482223,0.5375087631202251,0.08400242211777287,0.41706002547355325,0.45820855862610377,0.7184503165082197,,0.6299636148414529,0.3458003950420867,0.4826415312385828,2.208480068312172,0.5597693151938319,0.36266972001384,,0.18511758673371892,0.5260398889148488,,,1.2752493047764673,,0.6133494782805631,1.0480803689085731,1.0469546217354329,1.0285190677636256,0.5986241558069885,0.7674389657794451,1.2419580404339223,,2.6306017331892724,0.6100892842664258,0.09945051982639064,,0.19054088192157947,1.15202186194273,0.384372156078997,0.2257777683811093,-0.07370564176184236,0.22151544458753092,0.6182313378091577,0.3137029332530086,0.17152579995654338,,0.44945411587927686,0.7490701516924128,1.0999998861893134,4.550265543424685,1.626794256735753,,0.6116919861239107,0.31499634805522314,0.6122064841625956,0.6160176262358603,0.5973784054031384,0.26241000742969134,0.47015253371667365,0.9010465373093537,0.6902699611059928,0.12909117651027713,0.26509369687625983,0.24174049568996758,0.3420615836943892,0.32990564113192544,0.3116172868573919,,0.40029338467920583,0.4180692855393007,0.553619339132484,,1.5042189569436517,0.7510141217813835,0.4686675706038994,0.6262711692478895,,1.0692662942003848,0.48064124604280645,-0.08728540115907413,-0.003247319744803634,0.21911336924502822,0.3540856457075703
2011-06-30,0.4985942841850519,0.597885351853837,0.5479338636776654,0.11626205191704142,0.41698635187572464,,0.3891550308717364,0.8818354965157502,0.48835581578072973,,,1.0862071498748813,0.1471152346853739,0.32007583620769875,0.43493384527098167,0.4658897466160943,0.37542483519321346,0.044226248363045784,0.2793515709027452,0.632315445369148,0.49605595323961293,0.6308381393553129,0.3642558842469621,0.4358206968861278,0.7455873858509312,,0.7034974554829012,0.3804246928236614,0.4915297215379977,3.152482167310148,0.3193810446385741,0.24571492402083472,,0.12592201487211074,0.54352510840703,,,1.372936507719631,,0.5680619585015041,1.0615608632819904,0.7973610987822175,1.207300071681582,0.695024160965138,0.7246716389559074,1.4521746491429632,,1.8037556004809887,0.5828609166385246,-0.07659434942182763,,0.06962478424363727,0.8297845177242571,0.2557076243116989,0.29985327174113796,-0.07426833200378691,0.06909874806922778,0.32397404490963666,0.24501703901889904,-0.012128030466629358,,0.34482278962874835,0.6264370438698104,0.7471482430781422,4.2456569460369415,1.739795806655187,,0.8095715246562043,0.3680389310839618,0.7864710081360426,0.6365605986397189,0.574767754884197,0.36153375756768313,0.6850046749140466,0.8278595163197113,0.9375733994998889,0.1348482287482904,0.3156841252984539,0.43492121589067856,0.6312559137467497,0.5356489905666832,0.3485503712529112,,0.41396775512490347,0.49338577803206585,0.5443798487979143,,1.7186541313251733,1.1029233134128722,0.47645598009711954,0.8230606493150681,,1.4319337884201695,0.687861783048721,-0.05238127759713129,0.0298794709966832,0.3287750391872579,0.3347458624524766
2011-07-31,0.39717346090117234,0.39473813425207416,0.39884365430403945,0.07729329171163846,0.359410732654619,,0.27224303139319117,1.1832446501350118,0.29598551798385997,,,0.7255814971138967,0.035689384579522754,0.22607151509670786,0.19972246674468463,0.369454783982363,0.20821462587217487,-0.037335315551137116,0.19469470469666583,0.3275446678479472,0.34998879325042287,0.17266382301083616,0.2080739036564101,0.3067829368635171,0.5949518617745384,,0.6326251124851388,0.2882504746431378,0.3786435848654739,2.20279769192864,0.3360234875162311,0.19136566816119083,,0.08950878037010246,0.5188267366030814,,,1.634431212739671,,0.46605658593949095,0.7225285394440051,0.5145374216083332,1.0117291521460072,0.415613158506527,0.6393222397508487,0.9412861498568859,,1.2361218831945768,0.33840300228617015,-0.0232344444950372,,0.13783366410264852,0.7537209360794574,0.22244055072831537,0.33773888252040263,-0.029818886368491837,0.04334943914697065,0.3300222179176928,0.0918486033228314,0.11348942443433563,,0.3496362699083031,0.5566804077629175,0.592908781581428,3.728204852919581,1.619999885559082,,0.5248908198841604,0.0994039408048284,0.4565629831299389,0.4174257641701853,0.3403244734401736,0.18110643248821723,0.43179680467775783,0.5004793059079893,0.6464382045406107,0.09058007284087544,0.15900696084059263,0.2758684655784509,0.6812532626548418,0.35024148558057977,0.22151449616455565,,0.2735784304785851,0.34863149049400666,0.3451390213679957,,1.1447015464395833,0.9049240017933824,0.38626990674367145,0.42567725282333013,,0.7508910896774277,0.3694559223158609,-0.12635758818658815,-0.04517238161914383,0.04595578278701251,0.1046931277436427
2011-08-31,0.3732594498206705,0.4378582008074441,0.4230853692957477,0.18153855292011079,0.3679797376130878,,0.3170449365095771,1.6669264001335224,0.38397337170587575,,,0.7935643273622497,0.09418640766338449,0.2657699146755945,0.27697234934377235,0.4613974466878723,0.20622462382231022,0.04754419827559664,0.15218040094681506,0.12801707334692658,0.4375585009348244,0.3288468303126151,0.22568107213737076,0.3686383257160677,0.7770433930498089,,0.7544800132996852,0.2226814212110284,0.3545356077042112,3.2561985008200187,0.23798312402967414,0.18891682082590378,,0.10013031005897033,0.6027597356395649,,,1.9410292538790817,,0.7089691165822172,0.951914700062213,1.074588516025789,1.1566953109333138,0.4745350013788192,0.8704740137062907,1.2253319636437108,,1.19369697012961,0.6843108568392144,-0.08251177889881944,,-0.13777645875402023,0.6020851560849212,0.41029932423962356,0.31665566614414176,-0.031120683756615475,-0.0038810789858773065,0.34208279648444595,0.11331133415337002,0.11763798557858784,,0.2214759463865008,0.35839197807722,0.5940420107959821,3.8211199395794315,1.3147410218544349,,0.5241225401643328,0.1729892404343607,0.49875341509964977,0.42036416331329285,0.40843036971690205,0.24629221635519416,0.4496216395067001,0.3020000457763672,0.47544497940703767,0.0949563489803118,0.16704624231087428,0.2706567529093904,0.8759824914886529,0.4473771889700193,0.15205630332789344,,0.22894910491311382,0.22745631616715856,0.46117023487977526,,0.9291057671719063,1.0748249278709352,0.4160086304628545,0.2079571607098356,,0.6828095329605008,0.293783704759917,-0.04938190410605314,0.04776433911346967,0.10274470257814228,0.32283462423541787
2011-09-30,0.22674512556452675,0.25876673772991143,0.22844510290456532,0.0021641810530708128,0.12240267374931713,,0.05423065110352088,1.5262695710328646,0.05968546566870958,,,0.3732576997514214,-0.14272534941568848,0.09524888926520991,-0.012247433651334738,0.27706596171295894,0.09462003456993329,-0.16978426944125014,0.08963891363841658,0.0828294989850864,0.16649339278407949,-0.01599281721513357,0.005018244733771882,0.19862812562191312,0.4467662185331316,,0.628108302876283,0.19600278458514309,0.30632823790870267,2.075397519997555,0.08881156343312724,0.1229160111661931,,0.023768617865940644,0.3087083350271229,,,1.5569085687211586,,0.28292210490995684,0.35271894215261757,0.44833389380384103,0.4938805766706216,0.30209413427061493,0.41584754763553344,0.43937967030625535,,0.8617327070247482,0.02104112950090009,0.006176150800421665,,-0.020487357689348396,0.4892768118739306,0.3602667680158842,0.5479740018542725,-0.0768207517733156,-0.02478621882412424,0.18423372274746952,0.10038287849045502,0.13037128604594406,,0.10970415240072562,0.2136082675643003,0.4312248864131121,2.5205278947885574,0.990291348283336,,0.1430098018954451,0.0185822568464189,0.08983410576056672,0.06046798993053448,0.12694880002837095,-0.051663013550148795,0.06534387717691348,-0.07593014382741003,0.30796922489566025,-0.031298543619211916,-0.08335495285853711,0.0076241064648114865,0.5225055226660518,0.08874146943905226,-0.2791212623824697,,0.10739770852222263,0.006447647106971877,0.052316348085507336,,0.46159877945997496,0.47160098973242803,0.11570654753283027,0.2137429336804728,,0.9229409077634774,0.1725422404729462,-0.025437820296439928,-0.06133708579960584,-0.15412091500508818,0.07012195764624751
2011-10-31,0.11862163755030042,0.15704369464897083,0.09510719430483783,-0.25466197561325943,-0.07353147136771587,,-0.13975550436548045,1.1421003576776334,-0.2028280944747044,,,0.049835386911857515,-0.29958247735202714,-0.1904684912381963,-0.19616408099628513,0.13121942562094757,-0.05933998418019837,-0.317975835035331,-0.07478487369684705,-0.12732757621620028,-0.00603420169882829,-0.09075894265262752,-0.13255933833280198,0.03049714221901878,0.15914088059469478,,0.3578630834697967,0.13776172581097357,0.19071912561632032,0.570122093001094,-0.06009349435197109,-0.02328858396591882,,-0.02291730183248919,-0.000948191881688154,,,0.6457110033333144,,-0.13529760787207967,-0.03419156315057659,0.0005273829982632705,-0.04108173393036507,0.04299590466778769,-0.04654474218011573,-0.09937792966043246,,0.12780329194829698,-0.41339740575461015,0.04876702383680387,,-0.2273962496856884,0.02693678447532899,0.042816278602028524,0.30390621652070826,-0.17109108289701835,-0.11747753190054755,0.023787892414855794,-0.014883976402206067,-0.024326841347359185,,-0.1588777015156897,-0.2220613806849624,0.040271720223042484,0.9882356383846411,0.3377660166399683,,-0.3365603916303197,-0.3814962180752143,-0.3397990029594332,-0.31068567828220905,-0.17617635881359317,-0.26259793404666176,-0.26592461942517387,-0.33875744987496426,-0.20802847033803296,-0.14163617990732347,-0.3004177213122785,-0.17936169703766602,0.2739242342291619,-0.2889699632745283,-0.46828843941450027,,0.043954315041403236,-0.07815297075665228,-0.25299432627762486,,-0.08306143155098555,-0.08442316397603045,-0.04705766526266564,-0.3288614310166621,,0.011928497638766133,-0.017418082654343414,-0.22464882957022492,-0.1987271869136954,-0.399774535910296,-0.29198964068162825
2011-11-30,0.1424403611449594,0.32781305639337144,0.20064686601953619,0.012121827886283132,0.07397631011747463,,-0.07145129071161893,1.2264352732244133,-0.06952230428937278,,,0.15602849003372699,-0.1939413790540051,-0.07289946447978646,-0.03972770953386018,0.2181771780839592,0.1465033722033735,-0.14096651609116773,-0.10696962440084035,0.10074738534154482,0.21083137285377762,0.13594862599954793,0.1229039952255786,0.3279650662419238,0.3522022583238196,,0.5242146404508516,0.2648718477414431,0.2778781894797784,1.0574504410551926,0.00810561295366874,0.12572835585578668,,0.1224555665454854,0.2705102740233316,,,0.7542263594292584,,-0.04149778445774022,-0.004575934794588177,0.11886503405471505,0.17134219331616474,0.0641024355070079,0.17624507689083257,0.039864639271523616,,-0.038691399453988695,-0.17021278659828143,0.15182845804694645,,-0.45854594195826015,-0.05970594100245363,0.19917819949526994,0.40013010540712934,-0.17119728649982435,-0.029559945144005062,0.1662079127681395,0.059013513602401035,-0.03768253705147662,,-0.25174754380214026,-0.3461935250311856,0.05010259884397006,0.43181819106783803,0.5214286087321602,,-0.17352665040693538,-0.23204576404195643,-0.18025799548512988,-0.14157032589279195,-0.02984840045345516,-0.14681829239499722,-0.17588778806678562,-0.19480518586913342,0.005209738385446139,0.03797200835518,-0.19804685246605547,0.0039053353384210787,0.5799424026016418,-0.09100944626311291,-0.29579550350197537,,0.12665991749206262,0.024704820190375232,-0.08284029375428936,,0.13412015622586781,0.18280857313408316,0.021079503443165226,-0.13240512203040167,,0.3491003554027001,0.10077159118910761,-0.20445276976414561,-0.13331162058199553,-0.40067214861312783,-0.5200000149863107
2011-12-31,0.12619493182847008,0.16233019885056055,0.08627169696952253,0.14247832119938786,0.022955207234193642,,-0.16064156791186435,1.3455719655497154,-0.1615734177539363,,,0.12352507615663888,-0.29648092083616595,-0.1535910670112084,-0.2063546575977755,0.022816148192179364,0.06518789691039584,-0.26297050397735755,-0.24110495618179228,0.006061800505338777,0.09920211774100562,0.024105416533963808,0.013044690827079375,0.13830569111542834,0.3305701746017393,,0.5471617585834736,0.1300801778935199,0.2911755794549611,0.8297102663841636,-0.04209166579084089,0.15520449832082073,,0.0976166628953421,-0.02500486368519994,,,0.19340486283833402,,-0.08643310896107181,-0.09102816126237878,-0.036061187175059906,0.07304704827655262,0.17782019644518599,0.18036484333307734,-0.018906819120848906,,0.0945729502257695,-0.2352941749626194,0.1341798832297274,,-0.4083583271164086,-0.13527443132708938,0.2734352703350209,0.502492474659981,-0.2582546404830419,-0.018337312309110954,0.13553418535821904,-0.05250706287566964,-0.11303390578841122,,-0.37021973178719847,-0.44858796986531024,0.07137629607895346,0.12121222413556909,0.40501045358463084,,-0.3202563233596356,-0.3148991678891475,-0.4059042494463131,-0.245842102572168,-0.1717481554285748,-0.28460591161762694,-0.34336685657655086,-0.37990983386845745,-0.12133733929780721,-0.07460383576487573,-0.26454943361944927,-0.028933560222226706,0.36678831092751296,-0.08129618973050878,-0.46116789749107445,,0.08463188930390797,-0.06061079160059235,-0.1710997474190289,,0.11026217791444504,0.13476686537690674,0.05637658678321689,-0.3071087322615931,,0.04097870511050217,-0.08575765102846411,-0.25381623223073757,-0.13385508928769685,-0.5250725702128655,-0.495033117288205
2012-01-31,0.07548144941294477,0.15617294163563944,0.05769334540551152,-0.06936663099167273,-0.011917648543608439,,-0.2943906460921649,0.8257263544324329,-0.2380050238776824,,,-0.09008448360112631,-0.40687362055624987,-0.15271664951425834,-0.29693880767697856,-0.017489874057616484,0.00691681200837535,-0.3009012254393282,-0.24795984881439304,0.08271138090146812,0.07965882591622364,-0.06481127674931175,-0.07436882954532897,0.09475538713509213,0.2563729162137496,,0.5058123869652109,0.23971301140554035,0.3331168880228921,0.18878251295058512,0.10659707809783492,0.10992816043231346,,0.1926487746056158,-0.1598193183552351,,,0.0022395860863553274,,-0.22267691617838203,-0.22658183181503155,-0.28355136022707583,-0.07403873029696195,0.1112766170994024,-0.0016926812513148315,-0.13678935622235844,,0.05479275134197037,-0.2893443927406626,0.10809108686107316,,-0.4634169387985503,-0.05473145684068148,0.3702732167332361,0.4614103706992949,-0.3103188884686062,-0.006155912257973406,0.07366659608298165,-0.025564498018027515,0.13152475893116078,,-0.33312509217770336,-0.41711438216290486,0.0325064237045376,0.37357240903237376,0.38636356521025017,,-0.3055019926915987,-0.2777152409116368,-0.4090402566542398,-0.2830040313537957,-0.18776876572218348,-0.3483577245144429,-0.47351402829683564,-0.42770677240244803,-0.26251642092173155,-0.10553469362684997,-0.25663159290451387,-0.05914896258477009,0.2654642781713439,-0.25680030863124714,-0.48594018242881654,,0.17226114407865412,0.0029075313059256924,-0.16494367436931323,,0.05683321285036169,0.071014175278862,0.1395482973856763,-0.37595498828403107,,0.08042984005534315,-0.16978189703175028,-0.05659212918720935,-0.07803919569182438,-0.5568352304000377,-0.4149139710095773
2012-02-29,-0.0029672836359677657,0.017619555463291192,-0.09944330471468477,-0.04866411466962217,-0.002488696384820188,,-0.295631525968042,0.39961969918474405,-0.20203742586386142,,,-0.022595563452041945,-0.3927489477072865,-0.20512722850930698,-0.2572582306264104,-0.04078138620088689,-0.07374417513901954,-0.2005198040674141,-0.2601237989465577,0.26811529341555995,0.023314130803117505,-0.02500494215975224,-0.08027626821947709,-0.000811730232466723,0.1958372063707141,0.10274905337348139,0.3266225877004527,0.05897457786652205,0.2836653360499197,0.232177135766642,0.11265398580051178,0.16942546691386373,,0.24738039135507606,-0.1398336237022294,,,0.07917441722915819,,-0.18743150495295924,-0.21128760039790517,-0.30373421526150823,-0.06425580547683651,0.08686805582825508,-0.0470287051795073,-0.30402201305479915,,-0.21177982584731925,-0.3459781921975057,0.13112702599508896,,-0.463710236382622,-0.15864394318397668,0.332944175359696,0.5460268587868466,-0.28338232641882966,-0.055063485569622594,0.03025168484402041,-0.06974454967330457,0.1995092493906514,,-0.4133353049503232,-0.4801912075274608,-0.12218345604329806,0.3509806131172841,0.3131115191443583,,-0.09865162309575581,-0.1321158380388482,-0.22287581563490355,-0.1338149803627915,-0.14024452522075248,-0.21792416451499863,-0.3929361932725358,-0.4082596294094917,-0.24882042636045654,-0.03730622837144648,-0.11104746443296587,-0.028482422616853076,0.280863689563996,-0.3141554439203481,-0.4259730505978411,,0.09028926057912345,-0.017164812250018202,-0.07101328045801503,,0.323168832394479,0.18106822122100819,0.20561711618058354,-0.3460277102108702,,0.26266780016785707,-0.1599041955420959,-0.029439653874441696,-0.05643918293411132,-0.4184363713914333,-0.3684210482286503
2012-03-31,0.05276314459534248,0.04732858827407549,-0.005582228506257336,-0.032860428745664416,0.01381190946956301,,-0.19517408772821743,0.3191725516243229,-0.17091687270954148,,,0.014231211623629836,-0.39373402883156783,-0.24366509517555346,-0.19038699600460718,0.0033962344670452893,-0.05778994973352625,-0.23434679573457307,-0.35700216046149535,0.45149953294268896,0.051447374993896844,0.1112677223108074,-0.021181466919381386,0.07561080743371473,0.20218948772117806,0.23154959874167713,0.27279280771520464,0.11457525618667397,0.29564047220112455,0.615466803553838,0.025824625557834047,0.2718548957373599,,0.3767437476435842,-0.16515145927181296,,,0.12569408313075714,,-0.15664539078368467,-0.2610171227460607,-0.3084394012842149,0.04639605029893934,0.06752745305404573,-0.1032917738797835,-0.3336063427861856,,-0.35504259601184496,-0.2830810350663726,0.1040075059991501,,-0.4450552285896048,-0.11106309255151159,0.21128149061186186,0.3329018334019871,-0.29410817202402284,-0.10996559532616645,-0.13917002372690523,-0.11219669484275652,0.17542267937522293,,-0.323616084567678,-0.4388200656092014,-0.18228860187845997,-0.03672326749960053,0.2750455904981377,,-0.2087011385911749,-0.14970872333960494,-0.23280495153537673,-0.17967267608119109,-0.17620032354141468,-0.20236405000637703,-0.4184926873401753,-0.47430409344782876,-0.34563614826707645,-0.026077651981747163,-0.19254550093035705,-0.060101625179858176,0.21893725437370604,-0.3452348253360289,-0.395872448613383,,0.08899807427598949,0.021239217778370456,-0.0892360674315833,,0.27635387363799735,0.07751998695737838,0.1717715474267043,-0.26439371622423846,,0.3704393639834478,-0.12400604334036947,-0.00832862054972383,-0.02242996073098824,-0.17039315990354442,-0.06015037818624169
2012-04-30,0.009371004544214356,0.010662158548513823,-0.00045611215990737364,-0.012175170557532033,-0.14974485903215673,,-0.21038932376725428,0.10952711879180455,-0.24356560278750872,,,0.0032543655864527565,-0.39241621145922245,-0.2859943762176175,-0.280350715009137,-0.04109000637101512,-0.13248859690100767,-0.2582929834764812,-0.29517505627538787,0.4295149790395596,-0.05129093130882212,0.014406789955749177,-0.141388665378549,-0.0344673938233645,0.17548227955298468,0.39402222450086666,0.19353955668311018,0.03812544834225706,0.23477211000358977,0.6497798293404751,-0.0694779537046919,0.21447599936764594,,0.27644248448673925,-0.07433323278699044,,,0.18533058712631578,,-0.21038160450686338,-0.3365267738490937,-0.4528082930690822,0.043024945734293274,0.08476783312582858,-0.18285323961302957,-0.43930998820959344,,-0.39987355095769506,-0.42917751102573953,-0.10746241127575273,,-0.5133843122500366,-0.17895553176928558,0.09513714334097667,0.07560006800304508,-0.3749289142112705,-0.26717717928740714,-0.29035481867292745,-0.19803068012486102,0.09164217012000275,,-0.3867640851403158,-0.5061880780769124,-0.25134025639561897,-0.2097236474684615,-0.1766848507525689,,-0.28925133933394087,-0.09871550286145969,-0.3310510187463509,-0.22184861333919825,-0.2647048231814195,-0.26963928839184337,-0.4048264145528099,-0.5555555396450728,-0.2523872755536618,-0.05031584219781482,-0.1763598175962613,0.00861166102271782,0.030356986754337623,-0.41952927438362564,-0.4658699448273922,,0.09898107146755541,-0.01224825963379117,-0.12673285977070592,,0.15382981360242853,-0.0713032313917823,0.2078425521741767,-0.25961453119714806,,0.3005019632104895,-0.017298301469309885,-0.040639336468822784,-0.04141114970842441,-0.256979843761304,0.12068967643447492
2012-05-31,0.053151498125053376,0.03986866885672047,0.005688608174320597,0.01300669123471776,-0.13691462992297676,,-0.160563163296233,0.19757917318520168,-0.2251726404479848,,,0.09322304614433352,-0.3633520224964566,-0.19476648119890472,-0.201022709541668,0.0013411382673091943,-0.05284224304470175,-0.2992135426257385,-0.6689256285624714,0.5434291100125204,0.037773344469036685,-0.03266922831624752,-0.12325252146812582,0.021639983618847003,0.37195611675005535,0.27480477480719556,0.24405396407591384,0.017020434130810003,0.27347437353298365,0.5636212278662851,0.04356246607913583,0.30462369070669215,,0.37590080490641653,-0.088668684779586,,,0.055874201490452746,,-0.12605852500951242,-0.31265883362568525,-0.3986578956050789,0.05063822621222425,0.05310341783829875,-0.17698964612373413,-0.4788223522056001,,-0.37360617045051925,-0.40301194092910864,-0.14056812749706415,,-0.3757021117666731,-0.1632093066992787,0.17418969268486273,0.006940658366387353,-0.4241989478884224,-0.24305716009894196,-0.2950564332879896,-0.19422374566970346,0.21831990750439512,,-0.4223906652893832,-0.49295632795468425,-0.21835325866304078,-0.25402078739834766,-0.22160150513607801,,-0.23843333441226855,-0.002185134512554865,-0.27734426842068605,-0.1805424370509936,-0.1993831111364457,-0.26223540997982075,-0.41654780947914205,-0.42998759868816006,-0.29897377043494966,-0.03840948472995409,-0.2299110460314251,0.09689529947520814,0.0740825087752377,-0.3512240569376269,-0.466771121386538,,0.1152204788775979,-0.07598350668131948,-0.03100222662396046,,0.11933305773735703,-0.06485791770812299,0.31892895945770605,-0.25265739335817683,,0.2643797855940142,-0.03142056342569921,0.0662119543318227,-0.017046346065669682,-0.1972206434955157,-0.06349207670750456
2012-06-30,-0.009484528642972445,-0.012520473472174887,-0.05255471608637907,-0.04373266887957794,-0.22603935591504554,,-0.23859673786848168,-0.016919524508719364,-0.33631639542258596,,,-0.13443415380091717,-0.334383826918326,-0.3116141400846456,-0.2992654499107571,-0.15008756398661438,-0.1289166884528532,-0.3986961698311037,-0.7021579833419427,0.4679482594232327,-0.08262678479345242,-0.14157484036427048,-0.218493179205829,-0.06613008427540146,0.26867323938160403,0.23774838377625884,0.15462348536819825,-0.04110865603580727,0.2511880725800357,0.5327508079872094,-0.14057131632170228,0.18940858388682114,,0.2990241665362501,-0.15683413047882355,-0.10712659429605087,,-0.08031113132894652,,-0.25725756522939214,-0.4062794450741889,-0.41839852478828177,-0.14227531239805524,-0.10158533219001997,-0.3112252412737204,-0.5180944694096639,,-0.3497815116073729,-0.45008106383395696,-0.11186386057940556,,-0.39840905148127304,-0.22016365489069145,0.13207962212782798,0.16178628436881937,-0.4898438307337797,-0.13013322633435742,-0.24602830239332074,-0.06524353745827338,0.09393556526701352,,-0.46020668126017605,-0.44127624653961073,-0.3033800972218724,-0.2516267717818771,-0.2595419305499389,,-0.37808358668343967,-0.07668789726384984,-0.4060622706456203,-0.3875589580974941,-0.3314506328420618,-0.3856062820985169,-0.45480825516671364,-0.5476038277136422,-0.47219718205203165,-0.10747150331354927,-0.33592344166376376,-0.03807503553210745,-0.2075014382776843,-0.4850464410284653,-0.5834538311742969,,-0.004901787124805268,-0.1552751009208332,-0.11479710484237582,,0.2147506102378336,-0.24935957667408315,0.19151971653158584,-0.2926317861058364,,0.21818080452306465,-0.05959527506849416,-0.09311901188990013,-0.13792120263539054,-0.26147373541317787,-0.24836601459963203
2012-07-31,0.09942091018617605,0.04767876549644545,0.05081809931284842,-0.11197821131020091,-0.10665101854706671,,-0.2545413208653182,0.06548095515153718,-0.28598972220303953,,,-0.1814487914139018,-0.2600268729307712,-0.32552688663022533,-0.23107314220264008,-0.1497963530372396,-0.042227560485674664,-0.4248505799470734,-0.6956499497851493,0.41407715701921455,-0.038034595293846674,-0.06967048682396326,-0.11188805193986573,0.016748842024750576,0.15465555794186248,0.17445208367988285,0.1879555224169862,0.036016068432798365,0.25017556118627127,0.4310678565133814,0.05560398767103769,0.28025777709404376,,0.3544820629307701,-0.017667291330933033,0.05125756308824703,,0.02247892843922772,,-0.27124954608919905,-0.47590580133854055,-0.46285986718863203,-0.19476868179841733,-0.13969292194639804,-0.36695030649909643,-0.5474736429685879,,-0.2261827079808354,-0.4547519715379711,-0.10721797884220563,,-0.26185147123970975,-0.24866463414439133,0.08911188092329358,0.2304259715772099,-0.49556242245369786,-0.16866178779152863,-0.3002581908250215,-0.15425213907269553,-0.12313150368087467,,-0.43751082273150854,-0.38197330232038895,-0.35654090735151023,-0.3540457219223828,-0.40619619936980345,,-0.3424827930865709,-0.01599684553730807,-0.35929362721152847,-0.3097276009312534,-0.26661811433551974,-0.3439922372476658,-0.39925304775139614,-0.4370199949313164,-0.4395739758799474,0.012741421908080586,-0.22497175090043608,0.086745240585137,-0.15509256962702078,-0.44234289618441736,-0.4889990576839316,,0.07076002185669283,-0.06283679988952828,-0.06359779876841232,,0.21015557232872206,-0.369473468823742,0.23026731408323164,-0.2219429178555804,,0.2591773348797628,0.15492307165629082,0.16817761405439047,0.0650337395498668,-0.1571216834447735,-0.3184523710267205
2012-08-31,0.19495903741249054,0.1361239730780448,0.0954289831467936,0.06602860929727394,0.026025845115986712,,-0.11822489230989486,0.11416872975906545,-0.15852899010314958,,,-0.015789236146593888,-0.08888818144234323,-0.26786914723638133,-0.028135726195857913,-0.13296412003815394,0.05452255703764619,-0.3021428261429695,-0.6964228835168746,0.40180327529522875,0.05487719802295765,0.046105451984959966,0.0009891115259847982,0.03396544673890811,0.48417727300351254,0.43959574339302465,0.2830397699009284,0.09254019799456503,0.2621415648748977,0.7587095060592974,0.17618701224634514,0.3222163177509201,,0.5127046050797892,0.23380114883081826,0.3009840712563383,,0.1167542389895928,,-0.0774978017111625,-0.24718649946578897,-0.23506462469146094,0.10089028636274167,0.014844593615342072,-0.18119291927355186,-0.3596224104073785,,-0.20498278628791522,-0.2494576855252414,-0.27318934541617823,,-0.35617130068630876,-0.29795134542960267,0.15002927231777652,-0.005224225128233617,-0.5139197412527003,-0.23247909833734615,-0.2575115598511699,-0.20545618962091994,-0.17041568676049357,,-0.541461632132116,-0.40686749378494147,-0.4279200470654928,-0.32653053005158794,-0.391869926578709,,-0.262536321266436,-0.0007752240574673275,-0.35264472997359886,-0.23269384679611038,-0.1991259701191389,-0.32937633234683306,-0.3322119335364505,-0.4979457604592682,-0.4979513420926174,0.12905972255062825,0.04591240505309302,0.25305153202400366,-0.04191602320545229,-0.39031501251691214,-0.2525385389043132,,0.0752463531304739,0.011914866154686843,0.04860623302911815,,0.5149417190564591,-0.18559472086385864,0.4512341990965225,-0.17614876653528677,,0.07844766905234746,0.32569802711894535,0.10682420415123661,0.07780858065776752,-0.08279076822209497,-0.43019942865127014
2012-09-30,0.23209325905488254,0.2513069017739289,0.22843694979600992,0.5359305333322975,0.2090684778632823,,0.05248545953852668,0.33998047168394163,0.07624385875508399,,,0.3134797235914888,0.19189627427602818,0.048370986182884934,0.24899909755801897,0.08490514067432486,0.2785382271217016,-0.02751954747817431,-0.6163683657774803,0.5376221464252879,0.19397450496171764,0.21799227362417595,0.1919068313273753,0.24231526358856215,0.68697359826028,0.43576624300668265,0.3883338485023977,0.14410451002293723,0.27013236000143803,1.8660194985572,0.34321965635904417,0.39855629634139333,,0.5493547651936406,0.8030077254977794,0.9632549127590628,,0.6632078030038502,,0.23003823114236965,0.08519499504017425,0.0003455880921006127,0.5462307546415563,0.24574449664129383,0.13027711041575984,-0.11627341312961514,,0.15581791619027285,0.204731227854124,-0.17987074428833727,,-0.17263341936902543,0.18920873494183454,0.45162435884790364,0.3826990747729331,-0.39307024443446703,-0.216111922069964,-0.26864486681583655,-0.17926567433235208,0.2631949927523545,,-0.337449521195585,0.020960716545838087,0.07229478899684594,0.2971726842512017,-0.06560643872334682,,0.22363194329740144,0.37090853976523785,-0.028455009825928634,0.024705271226770797,0.00438579649386428,-0.24667862996752576,-0.09412631152715645,-0.3031319562090655,-0.277462534094704,0.22317005861620065,0.26077769727210254,0.5326360715611083,0.067552354241603,-0.18768873487438598,-0.03436045942848398,,0.1460062374466693,0.10561184278247904,0.33951068333697165,,1.37677328694764,0.18327487091117378,0.5790483738320511,0.19254296691379458,,0.6922334281279918,0.6498824266399565,0.4137115597036214,0.23390244447942132,0.21091914060471106,-0.06934308633545683
2012-10-31,0.20042083232415608,0.14615498362699975,0.11352463797588519,0.2593082833121658,-0.05216537330024684,,-0.057030816921571525,0.15735783364721234,-0.12738651872714546,,,0.004430733717970536,0.050973675286923426,-0.11792301930888782,0.04573304218120122,0.04500953013189446,0.12862101674869741,-0.12287554160562997,-0.5942252853517171,0.46372723090793544,0.02757552905827554,0.0015014688690448974,0.01772602868021056,0.061826208756466494,0.47779702151121506,0.2775818675811925,0.3079354240197003,0.0963948283710736,0.15684590588755798,0.35514839202047366,0.2561019842233343,0.24025518019350134,,0.4104874309630835,0.32065787780627986,0.5610351902943296,,0.47875633420139696,,-0.0006878708771106412,-0.08831945144472053,-0.21035763697740006,0.13039313399081043,0.03302113849518862,-0.09984934098455067,-0.21216501801895327,,-0.014076417642788885,-0.23458790614382463,-0.14014956752770769,,0.21855366645884056,0.16169252541210066,0.4980627859488713,0.40346856093021577,-0.277213860931652,-0.21205247991411857,-0.35201327888598377,-0.23639219167665992,0.059803583713147423,,-0.2272434974320845,0.056696614769986775,0.12749318460465187,0.36213984797980836,-0.16744909502051408,,0.007253943206646962,0.1791112101673411,-0.24810319384803325,-0.10860991744819048,-0.09293180520239008,-0.2777158100245708,-0.16607399745280094,-0.35842294396872765,-0.4082943599149709,0.05096768184863354,-0.07072719816504103,0.2006648910093216,-0.06822489058061687,-0.29962007093824117,-0.27199271529873803,,0.043013617028830886,-0.010751455055919013,0.07779544918850423,,0.8690564635422513,-0.1255545782473435,0.41356929035639056,-0.00791819927497206,,0.381443691189266,0.49735747385000173,0.5132917419231449,0.17272616245781225,-0.07436592942285569,-0.22321429268336646
2012-11-30,0.15490227395469724,0.09883349734937563,0.11302596036245927,0.13038157379024184,-0.1827691898766649,,-0.09979189472801486,0.06200237799535957,-0.1620296153552051,,,-0.03610092826583866,0.17015415303982784,-0.18093426112377564,0.13335492400155546,0.08448852060690393,0.03538962197073636,-0.19536014000163293,-0.6809483352090469,0.48182878612974434,0.014587149062429416,0.018587480483716057,0.03490193430983868,-0.008335254030884864,0.3792414667207742,0.22304857311283133,0.16243343963077206,0.1222205316228051,0.151953147274978,0.593069135340319,0.3032653262587217,0.21677399394208496,,0.4714106764003023,0.33191107765154504,0.6776570405868583,,0.7863103286495696,,-0.06647658884775565,-0.11528188351262159,-0.22403788696415605,0.0327435386503645,-0.21886920194677362,-0.1573708464455731,-0.22107032777270752,,-0.10033226129091843,-0.24804910775114486,-0.18718519596871763,,0.27776531301532126,0.21739263226432404,0.37255940701331647,0.09100582196007667,-0.27355125435356253,-0.2816542839963905,-0.4065877996049274,-0.23509297437345,0.1852695329823899,,-0.14501895551565902,0.07198268972350252,0.05603007587860054,0.4250611381423841,-0.1812778286380461,,0.013820887683820837,0.26080221439245777,-0.10553870579277935,-0.029453446283500107,-0.02856691434541514,-0.16591748349529145,-0.13329092047819302,-0.26064384206163194,-0.45032911707502277,0.05620609112716557,-0.009689782007513026,0.11825628781783237,-0.09001747274302074,-0.4654788413030382,-0.19143896741814492,,0.06295786166186756,-0.046128484601180686,0.09713951202996918,,0.6754608932675599,-0.177517221632552,0.28421171017324665,0.004316604150363945,,0.4771087988823284,0.6837761483463352,0.41816158173893614,0.06823533731669373,0.04194013781338857,-0.2262295304944012
2012-12-31,0.06624691966739649,0.02681317448344278,0.07221570172738612,0.20194198592419133,-0.18227200123014597,,-0.1585717114172701,0.24324517937718126,-0.14267595366347008,,,0.03884470351010938,0.2102490199698599,-0.22984276797283565,0.14925024702673273,0.02410165181015489,-0.030051552298511863,-0.2595675497968899,-0.6667902192245596,0.37987913045727306,-0.03754202485710356,0.02336853706503006,0.025775644889157512,-0.0028728126149425437,0.2556377177015907,0.09245910013553105,0.065243696989846,0.08286634520052538,0.1082256794852996,0.9332565765355552,0.18770413472590786,0.17350075920168906,,0.33368797787374826,0.5714877839424715,0.8357406558589298,,1.0991312169601932,,0.06454263952686334,-0.025603876164337347,-0.10109062425235815,0.009298391158803376,-0.21769085416436995,-0.10053296407888535,-0.1017621755668725,,-0.02247446063689662,-0.15224887466048664,-0.1993201628471728,,0.5652240025798771,0.28373595322050527,0.49383336162111946,0.20709209236742665,-0.1017615659228257,-0.2589078566126689,-0.32121400538152867,-0.16594754902249964,0.116499758438396,,-0.11827487984212759,0.12266258293846999,-0.03645394777693445,0.36579592223926904,-0.15664839572517641,,0.0949042751900353,0.3343600640394899,-0.031027083936750244,0.04908823991726741,0.05287536505858448,-0.13984564020253887,-0.014763845184556756,-0.08695654853731472,-0.5175962481092741,0.07027421782090482,0.00696822319246948,0.17586131121305715,-0.04595050082284613,-0.4443201298886059,-0.12477498781582519,,0.018688260230808496,-0.0036635636067339217,0.07975125933989591,,0.6765709762650503,-0.06692839235415005,0.2957538307080232,0.08524717997463216,,0.48871414702844995,0.5165254763427714,0.3441269933040829,0.2178584224935043,0.021527385794214426,-0.2614378978025754
2013-01-31,0.0597665343574989,0.08403236704846284,0.16659031208857278,0.14382744342731701,-0.21201457668784984,,-0.1734336038129397,0.5614861137700924,-0.2015324184343954,,,-0.057498457373074574,0.07327456579026737,-0.2610010782233426,-0.02872987421939588,-0.0555770046133921,-0.08759907529722588,-0.35308859363039,-0.5774954107335498,0.23455729172185635,0.014935986249144939,-0.05003119943152934,0.042014652545760756,0.03788504358336975,0.1811022860389533,0.1203492691471193,0.05066314045510789,0.19547707338901898,0.18681103226672446,0.4683343963818605,0.1276649483383827,0.0752030969354831,,0.2197596363843497,0.4584026927863911,0.6918666913727702,,0.727193780542428,,-0.06394400684218826,-0.046412527597767594,-0.1574924394711107,-0.069985756867184,-0.16200315383674657,-0.08727414304087366,-0.0006950659609100684,,0.2386385585616444,-0.22395265311509016,-0.2233016398494011,,0.4290412617428083,0.024691924859945535,0.27739643102594025,0.07490837440495346,-0.12540249083143118,-0.3042427097160083,-0.24838475615189015,-0.21261030134417247,-0.13396127904166288,,-0.1736278862321834,0.1220336821239556,-0.11062902112237594,-0.02322221970635885,-0.37853948545646676,,-0.24048262754877947,0.2107706401102032,-0.11906654705583142,-0.009846757247917726,0.019013911888862367,-0.12304508224996547,-0.13426236806559033,-0.1266200935095282,-0.4415027660632026,0.006127061129191036,-0.11119108866689487,0.18494133671404778,-0.006147535905598467,-0.3169989176486936,-0.10828870605348706,,0.05230272379565193,-0.015824541084894728,0.0022758389515011856,,0.45089446827052204,-0.0810343226266722,0.27226775744977894,0.023403420292095856,,0.15499005759999518,0.4276052298536994,0.1878849657888768,0.16599389493633088,-0.140503957494289,-0.2888888859454496
2013-02-28,0.06068649661643244,0.08253564717170203,0.030329714230223903,0.10476718770917581,-0.13209933401113716,,-0.20934691066288424,0.5159347454025045,-0.21782351471753136,,-0.3338953300121985,0.11880290431301277,-0.013915746350207425,-0.17433202030198514,-0.03824431920265525,-0.12095446938563648,-0.06958949513491008,-0.3781760627160451,-0.3428508083135161,0.14941439711794757,0.0018129708978757986,-0.021460842349148912,0.02755759814626435,-0.024683437064641378,0.21957943282407077,0.10541825086811207,0.17153384131484217,0.11701230044389455,0.15729568328765242,0.4115692770807904,0.21439218993221476,0.14612155332615595,,0.3368362748871898,0.8199351686781187,0.8226494016144705,,0.7422136510349142,,0.017502823572177695,0.12405241945376311,-0.09848896109642236,-0.09571300214508116,-0.061074322373497525,0.05423521007651799,0.05795045148255262,,0.43169565117693787,-0.23461885409459404,-0.25671953111317725,,0.27920206998153874,-0.0814350135156775,0.2229446911583295,0.08393213945969724,-0.24543620377857078,-0.32949939680676776,-0.48621642188761327,-0.21693633887915742,-0.1660447114658924,,-0.29437782759491327,0.046209552569077106,-0.236990186535192,-0.108504433199898,-0.40571430751255577,,-0.14248803746218586,0.3512172418248989,-0.06368014639654751,0.006573805717478454,0.04303454401593321,-0.15072742753977975,-0.12177212024646777,-0.12423618648354051,-0.38745040275985154,0.09621945771116103,0.06040733260766906,0.2196169929569829,0.030496961580199988,-0.2633081425455306,-0.15578144784050307,,0.03388880416911588,-0.0009618493836589526,-0.0017543501915123771,,0.6087799219019294,-0.00935247335498679,0.2514686957229717,0.0727777408528345,,0.23980536312775813,0.47084445591419377,0.27025927443615605,0.1679030215674191,-0.11007723924447776,-0.4
2013-03-31,0.05966246352899618,0.1296858136207064,0.048562012642428654,0.1388250980763528,-0.11755124239618553,,-0.22892990860357298,0.9917375859909452,-0.25472428459356133,,-0.286757948928115,0.19039913226720917,-0.05893763141894637,-0.07115465587142433,-0.058928472807277976,-0.08309039495051729,-0.07463381197261165,-0.4420864850123962,-0.5492499758056711,-0.0046029240994400755,-0.015512044792504676,-0.05765288913105526,0.024504580659587827,-0.03718891930913937,0.1610855697199669,-0.00260343521363382,0.134649852817057,0.11141198076199665,0.18013381507156745,0.42189565718113387,0.3962671918362348,0.17814145424576,,0.4640786932136307,0.8109530998211294,0.9588625637755523,,0.8686187414708697,,0.13069455344585346,0.26132718538536315,0.08319844563923096,-0.13828515917951523,0.029551173230387917,0.23644234773534523,0.36264612066788904,,0.566956244262856,-0.04173817806425806,-0.197041699857342,,0.22176779590490248,-0.036481805469389395,0.1344427020805279,0.013103646909693678,-0.21551414081250087,-0.33738675247756456,-0.43057748499123216,-0.2972739325612028,-0.2277927162133122,,-0.24142092667515924,0.01394390374388399,-0.19924181806657892,-0.026537862156972958,-0.15486726784017135,,-0.13122898868169142,0.3224959424350853,-0.11157439399328128,-0.020823465455949153,0.052444647996434,-0.13837790857247412,-0.13799934974630945,-0.08783780663501717,-0.6148823415659642,0.07870732328142949,0.07694691778963292,0.1935349452293118,-0.08326811102832865,-0.24755564093574356,-0.18713789925134494,,0.0018461058328942404,-0.03699333387638282,-0.05547784411609091,,0.4717176203582947,0.021334183697411246,0.145031298695536,0.07533982531227279,,0.10844856147440507,0.3766619175598225,0.19303209507748242,0.15704694473190806,0.0016967293342464718,-0.40769233684803063
2013-04-30,0.0711051645978229,0.1527796580597789,0.15396079179348643,0.17189545878644852,-0.11621015140480806,,-0.18072338531361554,0.92750982770885,-0.19089977780169332,,-0.23488796371181675,0.15119459288496806,-0.034280399189688615,-0.06177025025625926,-0.0760021039823221,-0.12147656512874971,-0.113226279897643,-0.28928336528906007,-0.0038810551983273767,-0.1573414619623138,-0.04211857165991695,0.024012877331457183,0.06088165977529658,-0.042094597681009094,0.14603252056230454,0.11045358587028575,0.1347642903090165,0.12851749018802683,0.14312396902682778,0.5292188534332618,0.4744000916327815,0.21246587571327225,,0.4461889233610259,0.8852592698322228,1.2067548782187103,1.0877446379252036,0.8104111171653103,,0.025938407978091993,0.19461886847911214,0.06644680471584219,-0.059518069340081636,0.15723419451876075,0.1891155593549907,0.4903363075669609,,0.5075054263258283,-0.023423623636335544,-0.09189775415432477,,0.047123535667923155,0.040271773627141405,0.027494720721630728,0.15316590711179434,-0.09793294340162151,-0.30715676661688873,-0.32819124739039784,-0.28292873789626627,-0.2424279528793888,,-0.14747754403056368,-0.06538179577403347,-0.12482591959246248,0.025364792695224292,0.02870822184792665,,-0.11287444889266163,0.2680113105543389,-0.22632425068048045,-0.1322237763102273,-0.04792978232748535,-0.19593973819564248,-0.11230774881279126,-0.15869565961040955,-0.6831274302962635,0.2202085790159689,0.28312732573110155,0.29497357784446065,-0.10510078765682551,-0.2450733721837106,-0.2195126227856138,,-0.015358562221259198,0.05192292279528643,-0.020933294745668407,,0.6600832500463354,-0.08605410695858462,0.04110370009370823,0.14619954675712754,,-0.005939863294170733,0.5814225855893793,0.20880552637428051,0.25562227969695184,-0.04624089482862459,-0.254237284026109
2013-05-31,0.1535658482660458,0.27162027246928244,0.1997535918175377,0.22780796802031977,0.15834329971167804,,-0.061709816290747344,1.0939083733278947,-0.08412470698474983,,-0.01791052198215992,0.33242490697568416,-0.036068244893920576,0.04172056599529528,0.16863081963848048,-0.021079948438112006,0.0012378914376889316,-0.007026638322717438,0.05288693561329705,-0.15128223061233148,0.13509573830368593,0.24029025776812984,0.2408423997922593,0.07929541940792695,0.3002623138243785,0.18996337598455293,0.2742406234329158,0.2539377146882016,0.233427603993974,1.0284898819485266,0.6837402190176685,0.3034483951583027,,0.5144430938902045,0.9424097542501855,1.2113850447634742,1.0620576927748586,0.7893073763227054,,0.19030410918107532,0.43936419578680064,0.09877094632278038,-0.01600352759353818,0.3494036386594004,0.3007852993503486,0.41085137091335877,,0.3005606692017302,0.09420450301642758,-0.2903265762979773,,-0.12377062298442076,-0.028272602500794775,0.052217075828732584,-0.17100973997771018,-0.3050887455305189,-0.4548824025340512,-0.4710679228798399,-0.3295565944232649,-0.21592424202021276,,-0.19345954593991932,-0.19398032918170138,-0.09822481777358372,-0.10579721112746132,-0.1855670122097346,,-0.015945756655507015,0.2781824573566116,-0.08585697325663422,0.10138998810287259,0.12933527587085547,-0.010339223968263034,0.004528618865367262,0.15254236374916852,-0.5364892845019494,0.26458284500923535,0.4735243074891311,0.3974235131560411,0.00830815396105078,-0.1457531155628039,-0.07838250652954859,,0.09885084300666458,0.13567462471908254,0.13738861015379822,,0.6685635519410302,0.2479023838038703,0.20060554036716893,0.31414621717950775,,0.09724564847139261,0.5604613275046233,0.4409021057607325,0.5180595566418991,0.03233521331749123,-0.32608696328219045
2013-06-30,0.08509150951473488,0.2017575932436244,0.14815630044921746,0.4416969398171322,0.09691692173419231,,-0.009101320769146048,0.788575509509414,-0.05726541938214191,,-0.0707634056832277,0.5368070110675003,-0.05987192044182987,0.1208287894769744,0.06673416000539167,-0.03934295338050797,-0.056147564643400316,-0.03980148788307103,0.18503722964577007,-0.17430917631564236,0.03543973986233273,0.11143195372861059,0.15896260550090946,-0.006417832973685145,0.25783396907498957,0.2265504999428758,0.09834959632792906,0.1232175354511642,0.11332818658339128,0.9911805137192988,0.4687078547307948,0.2145933080862119,,0.4544975772697133,0.8800236264312402,0.8781183641676089,1.0445512435109698,0.4983539355298956,,0.1380465488383844,0.48677279445991317,0.12160685280239614,0.09669144166255172,0.4188122101093241,0.43080096305052584,0.45441829797503286,,0.08793799962212479,0.11454707730393143,-0.2750835466402798,,-0.19257500393086335,-0.10332997458978266,-0.06567132170920498,-0.2953358406322708,-0.19926428779461935,-0.465768815804665,-0.5479279385794089,-0.4357406149315528,-0.05177213354167587,,-0.25975305530563786,-0.18689294930068334,-0.19191342700276315,-0.2512109535974333,-0.08115941087530099,,-0.05572350606204679,0.08489985585764814,-0.12637507796499847,-0.07654766925720313,0.03405634299113025,-0.23080825312350484,-0.015100851761735923,0.3519781651514131,-0.617596497741282,0.20534805820465718,0.34057406995584083,0.32633325767955856,0.02123704060394993,-0.11542824940229668,-0.1367306802757713,,0.06828799094432747,0.1971509825707456,0.1280469459810809,,0.8089142551290993,0.4359477292213063,0.1800329091534385,0.12993358405438582,,-0.00660620031201109,0.3667673393276789,0.35040599274193807,0.40806026579983845,-0.003273499324454754,-0.06550212202950223
2013-07-31,0.06768189780569434,0.11544472510877557,0.14887376509037287,0.34945519676178116,0.054920708931059936,,-0.10946740676141298,0.6851805771574382,-0.019923699231556236,,0.1442214143296534,0.4847205065753726,-0.2078228458654645,0.052786689481007176,-0.016159471643259038,-0.038155048714117346,-0.0986868090679478,-0.30713901059919035,0.31473168139638297,-0.21903702451562868,-0.01589255677445167,0.09846846184627256,0.12443065874591763,-0.0844708686020833,0.06333976093928118,0.09766540685184144,-0.044524159265139085,-0.017270236500691927,0.05901863498382154,1.036683817747718,0.46832828038815566,0.21435336376028635,,0.32686154901907805,0.4128808144546099,0.5362890168493584,0.59086780974855,0.23489885700541646,,0.021566872169919593,0.2739025354128657,0.009431493973575567,-0.03838552759889213,0.23404231834446243,0.35326120606623657,0.2636614530684498,,0.05494927243369996,0.11166151770178612,-0.30194907545962946,,-0.35873903371472937,-0.2753286890479021,-0.25867022461543643,-0.44011259901989264,-0.37517578289248965,-0.5747722392280763,-0.6055672969519243,-0.5153715432891177,-0.2237791786741804,,-0.2026740000557049,-0.33220034003935084,-0.18454928236050971,-0.3450836598016134,-0.11497327958843084,,-0.12030560010271185,-0.060989861392441336,-0.2137042140045865,-0.08125189847942471,-0.10151572967978983,-0.22753067150542183,-0.06393906056199317,0.5188215270354566,-0.5847781116224483,0.1438286609720849,0.19304859952469133,0.2969304239775066,-0.044685921883578894,-0.10357005575728218,-0.26654656041453106,,0.13341402980370187,0.17414134625179756,0.16407273845232573,,0.6262908808860903,0.1835590187085132,0.1258202409125473,-0.0619691286510996,,-0.11704541839942362,0.250444237520983,0.25065364258321376,0.3332879046389774,0.002601726425681683,-0.10500001907348633
2013-08-31,0.09503345853717504,0.15010678148794687,0.1932598437492168,0.3510712308348163,0.07780864844467561,,-0.034677039765443785,0.8329648369895422,-0.05544005426948395,,0.2868367448577611,0.43334471138506103,-0.17885415180677944,0.03586467266695359,0.02597952351126742,-0.0685879947411302,-0.05191515153254167,-0.3455940661941157,0.33480134232640224,-0.1625652358761266,0.015196144479095786,0.02288212331322148,0.12881393586202816,-0.11115171259352519,0.09167859763386987,0.09901568570715691,0.21511078146065965,0.05101383068736132,0.15158881527216272,0.9356366196929216,0.577176661741712,0.21600732505122955,,0.28573535781049,0.2709957754036443,0.438805082937646,0.4868210694777808,0.20487980369632486,,0.13725875114237263,0.39161500824891693,0.0509003803400323,-0.10144387754318918,0.13791617329603678,0.3933626928256484,0.31505938764675645,,0.1941191259329027,0.0471083274281312,-0.38646086694495585,,-0.4025469428127011,-0.3284199248384665,-0.17481290662775306,-0.4059649769429723,-0.4017254422207571,-0.584102524082365,-0.5416869591916306,-0.4171647322796904,-0.2091097805723936,,-0.26018967276753413,-0.39826420645139937,-0.41670294200240354,-0.3380637727358051,-0.2574467763473339,,-0.15020602441200093,-0.12701460783573215,-0.12763745401591087,0.04538828126877048,-0.014490259722290566,-0.11133497123776515,-0.06171793959294258,0.34670952128993715,-0.43914979542159316,0.2860388090390873,0.3133241734844485,0.38343187211427154,0.11812941373440067,-0.0482794897067077,-0.09212045215170139,,0.16321603878583302,0.3567514893817956,0.24499594608421593,,0.5245964140570532,0.26286403064904285,0.2283877264618872,-0.2778409118693489,,-0.0474926356306572,0.1613073716724811,0.21293854942940116,0.3204550025811095,-0.05720373020395997,-0.09411765255867555
2013-09-30,-0.021422065811163238,0.06743945051952305,0.211433150143862,0.4096123765848354,0.04772516127698023,,-0.04554897923648615,0.7453440665267335,7.47798719864523e-05,,0.6304140571916166,0.3301662717865643,-0.1953692218496289,0.006255482158243231,0.051958608073285895,-0.15693339023583874,-0.0818365555700854,-0.40224823283774325,0.3311219680615025,-0.19468259829672574,-0.019274628955709083,0.025441427870103617,0.15616012873324303,-0.10403907578303895,0.06841782997847612,0.11173355695493847,0.09595967438992337,-0.01562130337555323,0.07919460284743907,0.8023179328100003,0.4928341322796521,0.1604956595277649,,0.1978944037835837,0.2533253420043746,0.3568426049428388,0.2570095319720338,0.14305128952966917,0.3470978782156837,0.1369486044988748,0.44105427841408207,0.04179464669416344,-0.06546683176332013,0.15831513087820048,0.34229868276814535,0.2473285623234538,,0.23530451149824616,0.10305336515559782,-0.4162565409470037,,-0.4071769632222566,-0.32624119822546316,-0.2199956295518054,-0.41199853535776454,-0.4558572703684223,-0.6157316362281078,-0.5654841839006193,-0.5297493717682654,-0.14675373079046738,,-0.4128043357889052,-0.47332086963348385,-0.4991328475557594,-0.3867069129578311,-0.21992481927468943,,-0.1715231713183546,-0.12396561360172742,-0.11608905060405983,-0.0007420704974073766,-0.06329597351157146,-0.14642105435223007,-0.11865197924584947,0.09078213815917402,-0.4471074880627801,0.21893823703711646,0.3879100805873785,0.2971924756587583,0.04214527087262332,-0.14180431311162822,-0.09073803371614086,,0.1480355764522019,0.26392532711198524,0.3304623753870324,,0.4715797258623309,0.31072544127917423,0.21113041271297095,-0.2641871299261944,,-0.13661551974939679,0.07557456214358083,0.011371265319941593,0.17856010139160516,-0.012038262619796014,-0.09961685858754066
2013-10-31,-0.0310301866176802,0.13866237161154182,0.24090226752976207,0.4591875507245642,0.2196336949900879,1.5038162056466584,0.007417830285900262,0.5909123565253553,0.036832952428412336,,0.8493776007364386,0.67279492821258,-0.19812783126828337,0.05747376591909048,0.08582831696687565,-0.12905775331952984,0.012702077593707894,-0.25928936694998417,0.8474781959311182,-0.1744419805149341,0.010819020073548513,0.030671137480848376,0.22047146153910235,-0.027482006782662438,0.082288425255447,0.055822041935252864,0.16027101496296203,0.006822022489187951,0.07954649689822801,1.1218140909497238,0.5677577608411097,0.1975106654771781,0.364664374401519,0.19792818427329184,0.3114492672414446,0.19613646564035614,0.24460706098355933,0.16392364928443603,0.282523794774721,0.2911584067967681,0.5082324451364837,0.18574592461832817,0.07144575293269861,0.35501237403213404,0.4623043703425711,0.33421377774072836,,0.3884605155731089,0.19948572396848263,-0.46586413706423735,,-0.5204179694963795,-0.3789957736098516,-0.20220534715764193,-0.4425909061678235,-0.4893755144512262,-0.6062996235707416,-0.5889150460177193,-0.5713685272459378,-0.2052394669280897,,-0.5052804380057336,-0.5186451029376491,-0.610158514276762,-0.4887930979147811,-0.3375680682851552,,-0.08397417400723972,-0.2174294855676271,-0.13170197246521187,0.010524217792378998,-0.02776982525070426,-0.12488811582462622,-0.04246098559510458,0.12780896938745578,-0.4140855266684229,0.2615489908203541,0.3612165870325712,0.3729884017021301,0.20818965466507589,0.18715412729307968,-0.047656302309816656,,0.15562852629975588,0.4158397149526851,0.3611103559432638,,0.4966131989312377,0.39952219965918045,0.35191612021050545,-0.16742196837050516,,0.035792220407477426,0.06172183987386348,0.12793184118866563,0.2127689452999324,-0.05256228143219721,-0.04661012711246704
2013-11-30,0.03748813114387839,0.162603680267408,0.3433029599941535,0.5246112396262255,0.31521444794925624,1.869444875860606,0.2422124502544276,0.5011943916974326,0.1629489474393082,,1.0708665615196549,0.7620781765628803,-0.1419078815493262,0.13199714354390935,0.13277251387532685,-0.08188807333901382,0.03141467512510854,-0.01624467060029333,0.8496859245414681,-0.13439161393713717,0.036057062835153086,0.15646794055151347,0.29533369418123545,0.01990034282096187,0.13253028151164625,0.08836495736008576,0.29567541097992067,0.01655016496046291,0.09977218259285081,1.3690477097709581,0.5525473183450837,0.27634231712203405,0.31316397165956555,0.14842942898308675,0.41766627160883796,0.22153527733905376,0.24891729205436808,0.07181871550142804,0.3007807011717891,0.3243490542185037,0.6082962729787484,0.3631137450202435,0.2015980250148386,0.23715149265428348,0.5038035119838506,0.3788377973890169,,0.6203667318815655,0.1980792367095794,-0.3994127470423817,,-0.4602977958654034,-0.37503262043116803,-0.19027564627628746,-0.3967269245459496,-0.49193038090576535,-0.5097613661050724,-0.560538406199643,-0.5604740499897323,-0.13788823691147212,,-0.42721035360687243,-0.4594727211704557,-0.47506448429801185,-0.5082609207483708,-0.15118791152951028,,0.024288281578760396,-0.2174143928630945,-0.18092636519404948,0.05452754881735511,0.014838508828896702,-0.030617549756659534,0.11394870665887136,0.11711715913553422,-0.09045380996630781,0.2983495515987131,0.4328692856021428,0.3173491305645564,0.24102385488813427,0.29586988500016087,0.053352403412114,,0.18770615047045447,0.35378995256267753,0.3577943862517281,,0.5320434079653515,0.3789581810592797,0.3235440513025034,-0.1408840733133241,,0.013419190617522059,0.13445713831942663,0.014029040383623848,0.10307491284794401,0.06031081212939737,-0.2212389389866809
2013-12-31,0.10955202632068395,0.1694935737910317,0.30944747186808774,0.3730883540141592,0.26687735335336704,1.6014642616624917,0.17814747525302455,0.3872912324614619,0.17665679896801878,,1.6573169829508445,0.45062888932813405,0.003679503420719321,0.1540251754109514,0.07449012774075103,-0.10851366717514921,0.012633229492484466,-0.16965211282914627,1.0603363887769048,-0.27287635133865695,0.020461135393746055,0.1869184548675793,0.2130758100273571,-0.052399158603662954,0.10910765943056377,0.04832471066087107,0.3977168010508825,-0.036071432762020184,-0.018726836900800792,1.1080937595435478,0.717093492841369,0.31447191571586397,0.255303844075238,0.19052666789420125,0.49615071156775614,0.34008662446628324,0.3387490436550078,0.0937112229959629,0.418445363423134,0.29128292530259237,0.5317877942465679,0.41185294963623753,0.20317491769319806,0.12304429642228287,0.40069767559478753,0.2598634247014624,,0.4825414780029873,0.153962332949094,-0.44954331914231915,,-0.4601417361768546,-0.4092788750764276,-0.2834999966373827,-0.43794797324859314,-0.5105250730124272,-0.5644111728515082,-0.6789077889418367,-0.6232901702009495,-0.2603289469978558,,-0.4010958631374495,-0.4910421190914782,-0.5520325284028944,-0.5101536034376977,-0.1894484286329159,,0.1025566167966272,-0.32331156920640713,-0.32173681163858914,-0.054060555877428196,-0.10030089927606245,-0.22910102447514658,0.12232670762907816,0.0273972334300725,-0.33610254124833017,0.21154684137188795,0.3554900807344379,0.20565344487571546,0.18367464541135692,0.11430488234475167,-0.0015220453502711173,,0.1717298509738605,0.324112592197606,0.2423674155266744,,0.391459232461846,0.27360680436715534,0.2531210016226366,-0.14320402759050221,,0.08141066105564287,0.11313971341711992,0.0838239337305362,0.04081450892747385,0.05519393357181923,-0.242187460709828
2014-01-31,0.155523569179016,0.12045440753209058,0.2705565434176127,0.3480552139295101,0.10874605927315306,1.3586080480505611,0.09813316777391345,0.4703952908294393,0.03368967158326153,,1.359493629854366,0.30908563726276284,-0.03291705168985293,0.13980452341391691,0.05275625569411746,-0.11082483190757941,0.017901054235851088,-0.23544124293123836,0.9602599027107062,-0.35452792656420684,0.06610373050916785,0.14792118064620596,0.1969475790916,-0.042528099591709445,0.14683565367528306,-0.008359792013585388,0.35067519540886827,-0.0009726482034986272,0.026860563638725576,1.0310880995012162,0.6885537983702348,0.2087543433233361,0.3242948731783686,0.014986652542053225,0.2868544519538523,0.2612664042972679,0.30043293492881995,0.016021251075483356,0.21050962546883056,0.1725855816118822,0.2620200424782524,0.24700692329440588,0.08581738326310284,0.10263978588722433,0.33146905682936323,0.2561116563702821,,0.22452592225858337,0.029432159404785052,-0.4434187073305862,,-0.4080717696056325,-0.4103338820600171,-0.22553147242548754,-0.37289901670964787,-0.46241136706574515,-0.5794367764775317,-0.6046506421733986,-0.6768762204906362,-0.19433594975576496,,-0.30533810955747365,-0.4099078093293955,-0.5,-0.4627192759234495,-0.3100961560504677,,0.1535340220571575,-0.2560514018418656,-0.26062347812747866,0.035074115458866295,-0.10399216256107524,-0.20256780201625757,0.2189804278156966,0.21627902025271473,-0.2807520428253726,0.19638895793068256,0.31974780569715944,0.1931889482881155,0.20483921652879933,0.15276005331891307,0.05618167308034816,,0.2024654324719184,0.315193066866551,0.42810286946699416,,0.3028870490306259,0.19208969489018002,0.23777015528010303,-0.2141109219110121,,0.027736405302847045,0.07727713206274478,0.05136819808717119,0.028693370909963045,-0.01772188286614218,-0.11111111111111116
2014-02-28,0.05052689522437248,-0.023366447934613732,0.15589227023544328,0.3209395602274956,0.09461632615200966,1.288859629318968,0.10785628676005254,0.29239859852269245,0.09126348994227196,,1.4891164346741488,0.13923673893043653,0.036693325139980804,0.09332246435174718,0.10417933327153417,-0.16505401933872765,-0.008620068043609597,-0.22497924244797418,0.7763932392845054,-0.3674034154378868,0.09622868573932775,0.2050225076189447,0.2121922555271749,0.0011870922445909038,0.2157178092625709,-0.04238063990452379,0.5545393796338043,-0.031971005683963605,-0.03795233334714798,1.062911242754708,0.6178165264473714,0.223497470988403,0.45011485521727135,-0.03543826482867507,0.2460708686468509,0.06719866614070646,0.17975485887143927,-0.12033848349377352,0.24087145933939813,0.1380758827905102,0.1943822818961849,0.27873359973813017,0.11444624690867378,-0.04758207800658043,0.3506757186249865,0.11065441577056534,,0.07379870308635605,0.02932798397579517,-0.44338439912728556,,-0.20595363112054144,-0.3013922590611857,0.020385986690522273,-0.13247649260079186,-0.39286351694869437,-0.3927321063210698,-0.5295677546359849,-0.5757541088191419,-0.332868169883099,,-0.21100815407688822,-0.3431698006648727,-0.4660704823999916,-0.3531599470728449,-0.052356034340015234,0.050585940763857584,0.10351453620831808,-0.2487092466519496,-0.19340726428925115,0.026346187314820302,-0.11650699126466091,-0.24465767307473363,0.364871067671505,0.44074068230802355,-0.22710417737367794,0.10674530725982523,0.11004548033307326,0.06961724823032922,0.24277162185951773,0.0565909201432242,0.11765152442836135,,0.12601816981002756,0.2526842168558514,0.48595638372764327,,0.3737038756297377,0.09050965746162554,0.18180678216948842,-0.22631558488438763,,0.1596614090095687,0.038175320009335545,0.21274930914147627,0.13575363028258058,0.01438673872385765,-0.251082224274067
2014-03-31,0.09828071498382585,0.0036591253447553207,0.15334125551783373,0.48633181307085627,0.257615739527828,1.396795884060924,0.15484704972571484,0.0370324299793674,0.037695690771605284,,1.738149233859788,0.14447039270467021,0.0012713067918861398,0.15560987008773708,0.12718678554452678,-0.12412997726070152,0.11007413942668309,-0.31445928791633926,0.8994757968181761,-0.33088187633609445,0.17974855441839344,0.2554570296617418,0.4120520003725996,0.12624746126211295,0.1374499290526887,-0.14052707032433398,0.4568166324664087,-0.055227161469533104,-0.06529593758309671,0.7653573985523745,0.5527868368280884,0.16268224726757974,0.3428335572205141,0.0031658129514433586,0.1785972275511314,-0.04273081748833418,0.09305654894698012,-0.06780784091724978,0.15357529714390816,0.26200949209409474,0.42252168177570226,0.37969588427091727,0.10010122923538178,-0.07630058826349617,0.6655711935270519,0.22962326634828623,,0.24612555438147132,0.4299626359964064,-0.429743618955128,,-0.197432619896023,-0.17477996081934222,0.13974254198187497,-0.01679606474888895,-0.3417400998085619,-0.2510738057646187,-0.4945397683274827,-0.5238709203762213,-0.2938002368475038,,-0.10457441766574804,-0.14196522627803687,-0.41675507931016575,-0.31910962217787586,0.0,0.46101988761092727,0.07107009882481585,-0.17281294158929084,-0.1811466646581671,0.2378396972211636,0.025325892717735554,-0.1356198248262691,0.39580213816060006,0.5297158272237801,0.08025812451695025,0.11361965773051574,0.12036959633623412,-0.01330434304535999,0.21602950281237354,0.02062640661217796,0.22097953786833435,,0.18662262060419854,0.42095071332062317,0.5687431601947746,,0.432736318571157,0.22710603242094063,0.36129297484097966,-0.16874910923332476,,0.33535627348406916,-0.03193039387963459,0.3156919702886418,0.21396600093659668,0.18437880000650453,-0.17272726681606843
2014-04-30,0.12839184547050375,0.007758347023289813,0.2130495926041993,0.6247021863106375,0.09827633639326838,1.5632137670329769,0.23375114983733192,-0.002643776708625034,0.13061831976980942,,1.4812560730549276,0.2191058906906962,0.19377742430982536,0.33343775976777357,0.14904020922144512,-0.0005664256015174285,0.18067894611701818,-0.31331592217448245,1.37210488836332,-0.1425265970860059,0.13392404122183832,0.15898414625644297,0.3799996159664929,0.21254213261592092,0.10872298533709679,-0.1409183540776605,0.345188440474407,-0.046904323438407114,-0.01652608093981167,0.9434691665548087,0.6573965502524881,0.18151457275576832,0.3189068333469869,0.0040487725916456,0.471618315780469,0.1341935603545974,0.2916945923861338,0.030236017973603202,0.2040084448359165,0.33125132823846415,0.3922579947208189,0.4494909827942919,0.21026542108307256,-0.03701646071451026,0.8785363362403549,0.5178637824448316,,0.5836575865192277,0.6821955100424741,-0.25239652634897225,,-0.03933792811732084,-0.06225528286320203,0.06756282463106089,0.14179120841686754,-0.238970635125632,-0.12125216904475611,-0.4054581446179025,-0.5025985489700533,-0.34769165670170643,,0.014932145746616499,-0.09382962365970782,-0.390419958235533,-0.21880058314411344,0.16139239766165714,1.2993294576555865,0.17014707528955553,-0.11036966077068622,-0.15361706757978866,0.25722344322196156,0.04463766440978523,-0.16895596014511716,0.5337510542180395,0.6188725839665841,-0.017030489326707476,0.1939575296543976,0.2145306704355341,0.10634050391334937,0.48843180190065083,0.4298334446310701,0.31362413840051917,,0.1691000216244678,0.4059523388155122,0.4804343005156855,,0.5084557070755005,0.1374289810969349,0.2712043509112727,-0.17582276320309187,,0.41590406036933736,-0.00972397049314877,0.33398699774752383,0.29038920455411277,0.19547676568279204,-0.148387036735382
2014-05-31,0.15568490061109408,0.04890615859924985,0.24978190331991246,0.5253899996429527,0.06989600676402041,1.1302928554246137,0.24971394056985474,0.1180216272284742,0.06742262703923951,,1.8777556880936603,0.2516143697952613,0.2564588431025121,0.3963778356430889,0.2957663548941589,0.027730559876941285,0.2635915259014936,-0.19276599435562347,0.9935389690245966,-0.07393496976063108,0.2353928668344516,0.22413152074614473,0.5103700450262316,0.353019453301991,0.2487785078177922,-0.09949639738991412,0.6478204129730838,0.054273718983420816,0.14193080583172946,0.9233390865858022,0.6770526672865678,0.2848953398994061,0.49127782058899827,0.03995297990426061,0.4302497809209449,0.1451580470770204,0.2710306482315614,0.1259482399965166,0.5095824594640501,0.4131297342080096,0.5238583805332164,0.5499527410436187,0.13232609056225764,0.0186849994907885,0.7973546638390343,0.5645234420010155,,0.799231103168071,0.6088561792193801,-0.2514955120353739,,-0.0598141855283838,-0.05360119133801933,0.17072569361235423,0.2292308038501445,-0.3666147989681875,-0.0022050098179222655,-0.212918520235867,-0.29923715859170374,-0.34250337901513617,,0.09376807713275648,-0.1962831560364522,-0.3897110755094515,-0.12199638028897453,0.3091482635606768,2.0325537512947984,0.20320964137192554,-0.020177247786105967,-0.11506045113365937,0.3181274921248527,0.11896404304312402,-0.03062898375808698,0.5998254661447999,0.38748740784195523,0.0002842087691259376,0.19809803005630977,0.22211088992766115,0.09216634644657562,0.3162805342813779,0.5206985323278788,0.283570354268754,,0.16504433678786157,0.27847098363984535,0.4960828817868048,,0.42883935468905476,0.25788505748026047,0.2375310508053472,-0.16472075781117268,,0.29812905856772676,0.02388202283860852,0.20576139895211454,0.1535661618069475,0.0006443343624473741,-0.5
2014-06-30,0.14368785106055437,0.07341597226235574,0.3752179893525027,0.6145324897114446,0.14149683891162246,1.2653066114485867,0.43997500266440137,0.022458822409762158,0.12312516532474249,,1.0767950690080812,0.27347594171653666,0.40197144768409343,0.46121077347206874,0.3293804422733835,0.07057976955086676,0.29907928190686395,0.08664551152830002,1.041956639183697,-0.07048224621062249,0.2981690213608408,0.26873733130177757,0.5023402601895441,0.5298204445516923,0.49129866612267215,-0.08347133283380659,0.8367663808274541,0.11134642271138473,0.16119374332960335,1.453530076899856,0.7663977666259829,0.2562094092451752,0.5981274999122514,0.05941756036893153,0.646025243282947,0.2846557071753826,0.47220686718806615,0.22498033846705012,0.7011705878862269,0.4691351387150775,0.5619802707306674,0.5449830523808805,0.19994507138601936,0.04274464685665458,0.8086539066119212,0.722835393384827,,0.6377491398324369,0.7249918563236344,-0.2183212424012746,,0.12094038955547814,0.05927283193818589,0.3176792208955097,0.515546020547055,-0.25882355140369384,0.10419574286884581,-0.3044618734896235,-0.32194745150417914,-0.3035637743417625,,0.10563857236880914,-0.06701761085584346,-0.4857142836632756,-0.20774320160117776,0.1722054929048502,2.549613924092788,0.28247090992448687,0.09330920654365071,0.06337454956779998,0.2972759999759631,0.2198147788326521,0.023777605768197096,0.7609803326249778,0.4709051736319321,-0.008108006666357359,0.1942479471432721,0.18024401582832628,0.11850830358104547,0.4035051481002938,0.588496842535889,0.3700988128946079,,0.16559535653749125,0.3356639536722079,0.6573951626280863,,0.5471022447800804,0.42006422227165263,0.26094584672082455,-0.056849187286285185,,0.4402457912724238,0.13630822216073835,0.26197508758697974,0.266295490816691,-0.018546207442851403,-0.02234634788015244
2014-07-31,0.10385520076378407,0.072808753692444,0.361205417837245,0.6119408244562725,0.1860000396299819,1.3258259561267498,0.46380243839712154,-0.09776814395650335,0.263291639020226,,1.2351144484604566,0.32944802300676623,0.38292932881202457,0.5100284532931958,0.37891515733505554,0.13004769505244473,0.23883616567350852,0.10847882143391319,1.0063042217141795,-0.1532585999429591,0.26987172180057706,0.33618233009501286,0.43376133586975674,0.48191157021431197,0.7724052391904375,-0.004802590227903192,0.5127612684625209,0.08127259764842343,0.09855552808856616,1.5096258255618973,0.8311745646885693,0.30284937190306005,0.8421477508342463,0.16805791961094396,0.43015849965085784,0.0872411009265659,0.3376919821756259,0.027385500270167062,0.676562596137958,0.4731876303174394,0.5878312591510011,0.5863775046141895,0.32206611362170734,0.14577906169688348,0.8873183928443382,0.7867184283277455,,0.6795208709483591,0.9243471166419901,-0.13173089737912913,,0.37623332371279394,0.1601411223511371,0.3799415718501138,0.4907587929022639,-0.20841301546626656,0.30675770142491476,-0.2285713945343547,-0.3796381343606008,-0.2992340998126115,,0.251567441014769,0.07207875872297831,-0.3154361665915899,-0.17228182114823298,0.5787966228725667,2.769050083302683,0.32695725561549893,0.18364475683382464,0.011673517974237324,0.25138985859780494,0.13064159642700468,0.018185414431086233,0.8950941880968593,0.8688914974425275,-0.20704081579486677,0.08374352447424127,0.18311520200385067,0.07013060491987,0.22466153044340742,0.6720447161214411,0.16594222656243995,,0.1275511086739003,0.21422645092178128,0.5130166777745249,,0.46316870587945513,0.35709648778600145,0.08442123600753115,0.22216501433549296,,0.24575316575523787,0.2004957468672317,0.35391700433561035,0.34554736989211143,-0.01682022863350041,-0.32467533271777993
2014-08-31,0.15878642479018956,0.10109744319109337,0.292352170433527,0.3999868060779095,0.1398963147132215,1.04348814335117,0.34119107871135856,-0.15658413105410007,0.21027795813334205,,0.5962220629131563,0.36352028146155124,0.2878155800264717,0.45278359281076574,0.23372489697094223,0.10381820722789104,0.23836545476320103,0.21845366010469736,1.1048905350938836,-0.19101281702618322,0.3164247591155216,0.22857475131727711,0.22851709378351326,0.34461001007843817,0.6258073590590374,-0.005599277056809848,0.47594735688532075,0.19151448131253468,0.22162331389219214,1.5280460748188358,0.7476251074522586,0.30784865196443345,0.6327369020786824,0.1875235774478552,0.4510894227673423,0.168674927656832,0.44525683281441375,0.11970981949025261,0.7212987391840833,0.3550894812621237,0.4486128998321044,0.4938354134194758,0.22871645841643606,0.1336942899591682,0.7187296544082147,0.7726882116113005,,0.6021853303303146,0.7783898509665585,-0.19718570156720272,,0.2543683468210054,0.0014454184450209961,0.26434828431410784,0.32176589397227096,-0.2745455361361052,0.2857145445855225,-0.16298343406133953,-0.23067751254536129,-0.4430189978463237,,0.2379328043643576,-0.07336192391122054,-0.45983378704671174,-0.2540464633089652,0.31566262956038726,1.4547945347634599,0.2765504135255612,0.20863371017855248,-0.014391957037139802,0.29517517290697204,0.16404235831313319,0.05149943594032047,1.1455615275864095,1.407170214443013,-0.14577110107763858,0.13642752680626158,0.4254702505922283,0.03816494249651403,0.015929250746680834,0.43124667803044536,0.20735720590604645,,0.11331984045424104,0.3249349427430035,0.4067985652790318,,0.5593486816474167,0.195001455507386,-0.013229870718604708,0.12429376475464493,,0.33237334023589504,0.16912349544634075,0.3230843436855495,0.30719723723086134,0.07870461834801845,-0.24680848818874312
2014-09-30,0.18826052535209414,0.1024658848883675,0.21354532001930338,0.30406453403213907,0.1330339411907966,1.0250944817066214,0.3192650884001207,-0.09929767513817567,0.208107820943358,,0.6754438813436416,0.0012213942645367126,0.3424123505943708,0.4078101275085524,0.1684360300594374,0.09544708455577755,0.2210326811823129,0.305680142551209,0.6483155644910794,-0.19502490000590234,0.2962142950717108,0.19375705955690314,0.18304049963408153,0.3124767826626216,0.6836467435903513,0.1865146991527067,0.5514249154065978,0.25623304171767813,0.2278085957234246,1.3509092498627107,0.9058107708945187,0.3867991602645011,0.7193730634487745,0.19145912058148662,0.617463305361343,0.4444321654014045,0.5405860223345873,0.27060798691203014,0.9904104947389909,0.2601879942109522,0.4183723962793988,0.42203753267516,0.24239732635871714,0.11584258746739406,0.5641474847531172,0.6293390199251048,,0.5040290771658154,0.7040131647257679,-0.020667315426045496,,0.46891740180713914,0.02290809975210628,0.2593618273794476,0.6217580566441065,-0.219801654865328,0.293674997363337,-0.1005916149016266,0.06499756175151683,-0.39670313930515655,,0.41493210210743614,0.04537448304783931,-0.34273860390734046,-0.13659350734643938,0.4082191047088648,0.9537935947199325,0.13955099458415265,0.22283918034574168,-0.12034041236872683,0.1424690615005637,0.05009821770695022,-0.11659198339802468,1.0656649334926027,2.1108344175490332,-0.24254141689387287,0.13234294689785853,0.4161423480462787,-0.026945231231612188,-0.04654766215231043,0.40908609414486863,0.07882255919112668,,0.11052857931474702,0.2736937938217594,0.4251663409866995,,0.6067116392746139,0.20271939293430186,-0.07236418749038243,0.12744032552610873,,0.24569387666101683,0.22230809848520772,0.22668870621292414,0.3524127363736429,0.09756700189474632,-0.4222222434149848
2014-10-31,0.07874222511857187,0.029238727737003867,0.07304354333468166,0.11394236117507317,0.02979291575146026,0.4478213383969514,0.09332973847989212,-0.0724143419938067,0.06541060894500283,,0.40412785906081905,-0.21483570268786434,0.19929722365383284,0.24956199082913466,0.018235850167130696,-0.06516457695141542,0.09291606135628894,-0.15863889619059923,0.7816499941522155,-0.2929804717791643,0.20045533674246552,-0.00873436240367631,0.10825142807511146,0.20513447962903886,0.6120454020866402,0.12532286490125344,0.35798300244687553,0.18137317751877702,0.13444249411267228,1.0108032317614288,0.8679362121156406,0.3124897230346604,0.6301509085903614,0.18917729178240372,0.1466361040926356,0.2061650736910896,0.29181558731355084,0.014203520303247341,0.8592380478200561,0.10196482695848696,0.22879905338015494,0.12812857560001145,0.05849553014335518,0.07438147079664104,0.29563854973969583,0.35527013459810974,,0.22353555343336629,0.31261072339922924,-0.14019055815559012,,-0.0014656106639161504,-0.10935566487134563,0.10457626469574532,0.3664155823955415,-0.34911239512861714,-0.20529789484388838,-0.3647058580808328,-0.14382224382390074,-0.49630763074309214,,0.07476034668238607,-0.20209535910571808,-0.5937756084409175,-0.31034483200858,0.033078848298750074,0.587224570598796,-0.08817919763791515,0.07699389722686423,-0.26653861382928357,0.005520703836220386,-0.13679054628143184,-0.2933536395280487,0.7527590884425035,1.991935299572385,-0.5835126462421661,0.07862752455033473,0.28686976343661486,-0.04835828073404169,-0.2318811268923252,0.14304795368833978,-0.12015850878095102,,0.05489250127859879,0.2238539645122377,0.3673129638968107,,0.4987243964505881,0.0573077001435891,-0.20731384275837428,-0.011173416222514332,,0.32001132898773665,0.071890243526197,0.12784376734052372,0.3326387344214681,-0.05323061109621163,-0.28977272342428684
2014-11-30,0.05626125776987645,0.005274585064428461,0.02920892088688465,0.1584407276952422,-0.03630159422320889,0.37595498800785054,0.0034229012822164506,-0.0957600134432598,-0.14662513897374352,,0.1138136902644693,-0.35053116820327557,-0.016301157684865175,0.08227847724292392,0.04351312262330942,-0.12385940169879006,0.12034603116400189,-0.24143102969136032,0.18841379284623816,-0.2971372090683748,0.11631619306388763,-0.04218107545567562,0.04452271657532059,0.06757481401127463,0.6391971530046556,0.1413594498097266,0.19995762521276172,0.1483487897135798,0.16966571991863466,0.8944176679107287,0.6089398818581884,0.21920355263819857,0.7950348263424241,0.14421747195337353,0.11206697094844587,0.1155334374218846,0.14749006446444501,0.0008749486097552328,0.4173920414584307,0.13321561179633812,0.057295194888058454,-0.0604326865225171,0.006402380459814561,0.16507291115884803,0.15002031714472874,-0.0005933101773308858,,-0.056783918458842564,0.08728992895310639,-0.23173123596907275,,-0.14046380000022096,-0.16327922285053942,0.17424937709805466,0.2853343113036553,-0.5435242687692099,-0.39146433148401316,-0.43157890651321174,-0.19665262180890264,-0.40425088708558155,,-0.12116800731009525,-0.25894407967307864,-0.6642468307569362,-0.481294048318722,0.03254434655959182,0.5619270983732403,-0.14801916763047762,0.15917393379685962,-0.3232644023618795,-0.06266522226270899,-0.09702942775280876,-0.3141924888644112,0.7557491906743525,2.253333409627279,-0.5398533775370229,0.08919335375325699,0.29310463249795426,-0.06833804632587548,-0.15904895664879326,0.008449555683810894,-0.2236763761105528,,0.017630038160598716,0.2680655527929816,0.30156793970689266,,0.21212895677415067,0.06344264915071518,-0.2061867696517018,-0.055623589178249055,,0.21349936803492797,0.15999903591906173,0.09755237729934896,0.22255441135502374,-0.13683992048437865,-0.40721652461917546
2014-12-31,-0.07996742726389894,-0.09733224995857759,-0.028839739117427987,0.03903364193777392,-0.1427504918232808,0.06656574314059882,-0.03722269604738071,-0.1456204817336434,-0.24579209912206124,,-0.05633046782350659,-0.6086863431363415,-0.1173891931038551,-0.0011894739429544332,-0.08225701328608448,-0.20887616345575477,-0.007475043389974845,-0.2710219858194258,0.01888049925069768,-0.43493180352920513,-0.02061316338917263,-0.14969755793839168,-0.05799656156300925,-0.15900087727770906,0.38049009404780065,0.2039309791154431,0.029758967076080722,0.08145905580750634,0.08200616503029567,0.5303801587314105,0.4977200126357455,0.17177583597613988,0.5276691506700564,0.04068504993835531,-0.015535838893203313,0.002666907233351612,-0.03009784791249881,-0.12625009376349083,0.48662803923360376,-0.034717308958063464,-0.16247527509990167,0.04235040680401503,-0.051171579147553325,-0.08504110890454097,-0.14951156600032878,-0.29476586050043785,,-0.23820365441903857,-0.22345394011944542,-0.1943979715931402,,-0.1030493154807961,-0.001990083440549517,0.24238226578783317,0.3952050409132071,-0.360730401180974,-0.2696246834085455,-0.3241107387434923,0.29387079491234447,-0.4217786356717145,,-0.16836408993725138,-0.2306940049316295,-0.6211981340142031,-0.584693813010775,0.34843206964281737,0.502416984564765,-0.26221231383288623,0.05899799474169276,-0.3921636422782274,-0.14397534506160692,-0.21544359973073224,-0.3847880877964769,0.6404429544865853,1.6434033955728906,-0.6383779713972106,0.02643968728217372,0.17440357635896042,-0.1395709352253024,-0.17884649938201436,-0.0410122373099,-0.3044978104828414,,0.002007434391352758,0.31041834187961137,0.1200606151921646,,0.01083747357771303,0.10383177303555446,-0.2742651883348316,-0.016711434166681527,,0.17403679194568622,0.1544971782283069,0.11626298131359003,0.2165486363057294,-0.09243376684470272,-0.12999999523162842
2015-01-31,0.031590621381076156,0.040761242313034796,0.10419601031028525,0.11924252855636697,-0.010982234431137883,0.15005791440188054,0.0484676442772185,-0.25804976267039226,-0.21214818301259875,,0.040637932433816415,-0.6044007518497205,-0.21646089235424304,-0.03633166240459951,-0.006600645962706375,-0.1810622273914344,0.06438990246351883,-0.32700061133811964,0.19795577573010847,-0.46490410590823716,0.018356799882845998,-0.14540919858488977,-0.05747492383216535,-0.21128552514947385,0.1559293138872715,0.28906725179249637,-0.14054621009617374,0.16789651969381225,0.25847632781844165,0.6021849608255145,0.41755006288442176,0.11983173704649297,0.6255563062285585,0.051422175104180345,-0.011243763111640326,0.0585660895222091,0.005011074388288739,-0.1321730212768456,0.5059737093268528,-0.008344124806212494,-0.18809970663781983,-0.0023271352662995737,-0.009816972896846354,-0.05258912020347695,-0.21264054939620947,-0.34402628676695224,,-0.21654313572123018,-0.2320148050894275,-0.1165718679438501,,-0.19331474275578275,-0.05276169802219011,0.029844936757328355,0.13533652309158306,-0.3842793787728104,-0.405737724296269,-0.3437500761137099,0.31454641060418265,-0.20502953475984986,,-0.2409668129121837,-0.07551625699681397,-0.4965517234892167,-0.5191569442180298,0.2569061697724748,0.3800628137885629,-0.25901656935005135,0.02313548054744663,-0.40319395711660533,-0.10168003965583927,-0.23314939361533726,-0.373697500963715,0.38358569017331523,1.0908311447311498,-0.6159231358909557,0.044363992404412134,0.22528133688013785,-0.1060753223212586,-0.14144677038731002,0.1279560916182676,-0.32208445595694,,0.0596324644880275,0.404340488332412,0.03337715637361938,,0.03727013583689076,0.20341949093929212,-0.185027031107587,0.043859853953206906,,0.20452500998901635,0.2398311801243771,0.06847682529798083,0.02501631033486995,-0.21170972174358926,0.011560682489023755
2015-02-28,-0.0727483034190326,-0.08739114991692787,-0.02689290077603923,-0.05400140395795505,-0.10948090608535133,0.07243879609786164,-0.05096677194488142,-0.24096431063447632,-0.20057236988156868,,-0.1112944437691129,-0.6915308813575728,-0.3453376407234734,-0.19231546292284596,-0.07990004582610188,-0.2599582515749833,-0.16655568244904606,-0.44543311317112333,-0.12486845884555653,-0.49157255455733473,-0.12494272209429158,-0.20293404959892458,-0.16470890260553372,-0.32269295962431166,0.1060240823604286,0.35018594017086935,-0.22408110833321826,0.04382734932285626,0.16829669796782354,0.4440620446073906,0.3910751007649913,0.06746189267073799,0.6663072488931583,-0.040484074037164586,0.1191967991619296,0.11979747277676811,-0.04273410476814943,-0.15497057921698443,0.46325929701922197,-0.10325271847987672,-0.2901933573350638,-0.07643484167204961,-0.19921379662714078,-0.25398099033121235,-0.3842710078889806,-0.40120379332355105,,-0.31141422117183637,-0.49471538755811284,0.09167024567757887,,0.054915796399219285,-0.08989420906179446,0.1409180746115999,0.06821287194321246,-0.35057476978972324,-0.29579085562671226,-0.04320989710362999,0.6146659942369725,-0.43198687120197554,,-0.14717920337126156,-0.022724551199391096,-0.42727271464799677,-0.4377838520244649,0.12325574638651715,0.46295642991858754,-0.4629299447219074,-0.09579221216589284,-0.3910690034490695,-0.20165657919018698,-0.303133450316606,-0.4833989329810233,0.340930008660731,0.9518581345035175,-0.6690788248958712,-0.10557531520996066,0.0006816815512067365,-0.22853676373459808,-0.35231403920337645,-0.08437433390980942,-0.37649128012210176,,-0.05647342126367938,0.2286937122981949,-0.044036953142643,,-0.08233316003955615,0.01982569028023584,-0.24804456867558566,0.017668733103525458,,0.2364891465689163,0.2447565867157755,0.04076364005305555,-0.10833988518491344,-0.41091205375419104,-0.3021978327882784
2015-03-31,-0.06745804014896972,-0.06999216620853854,-0.037370671685386214,-0.07947302241058651,-0.12841703270086913,0.057940800574083795,-0.06978304798436874,-0.14189783211873974,-0.1959097433989736,,-0.11555731254227386,-0.6566018661754434,-0.3825218982376264,-0.22790497062899706,-0.12197248988818743,-0.3855666908072948,-0.16382931435287884,-0.4789429434510557,-0.17203730681429696,-0.5610675021624684,-0.058143886645314,-0.09175860479075426,-0.15016100620423412,-0.2921782697840747,0.24639806499885752,0.3223005376495547,-0.22147614310371544,-0.013769719018834281,0.04964345094074818,0.4567301423091503,0.4067818846739779,-0.0001539424716920923,0.7157047771184759,-0.051316892434393746,0.18842954308013393,0.2316063792426586,0.04462337637652958,-0.025734973169466158,0.5346994067752167,-0.12116521370915889,-0.2642342019625158,-0.031089964412652438,-0.2115477410133505,-0.2363741160186732,-0.35685099699077405,-0.40309121061871667,,-0.325570641645188,-0.47574719285711997,0.12711564115172114,-0.21646344966309106,0.07064208972784725,-0.037925546158431356,0.1639680618452639,0.1662768425029355,-0.31400961486550627,-0.34016406758238316,-0.19344280653534462,0.2655059253462333,-0.31422818068688896,,-0.21497154879826108,0.08485663678860633,-0.37136703491675116,-0.3589212456955385,0.226158012657103,0.29683563338793295,-0.31833737108518534,0.03774087884879829,-0.22049568304451383,-0.10188632199384529,-0.21067453426932192,-0.4413350585243243,0.1580698088750121,0.4360332519738206,-0.6548396180704525,-0.04902593551270429,0.04214992286271002,-0.18079166653107404,-0.3494069286837671,-0.09371264501513621,-0.313876773497306,,-0.008805161089853741,0.33405335003883363,0.03708278622465966,,-0.005066350854817658,0.04653122008223742,-0.16567941641645112,0.08225326537965882,,0.19961810453208573,0.23590804093378592,0.2539625640906289,0.12261907667372873,-0.31498785374649474,0.09848484095900978
2015-04-30,-0.14609215645906604,-0.13300679393220705,-0.129763787567708,-0.05963830989415708,-0.17933050389557836,0.06811211608356693,-0.1253811381381883,-0.24633840186560063,-0.29797433998320844,,-0.23676858851210003,-0.6942592282511995,-0.5109273353678543,-0.2296567875535649,-0.22143368755441628,-0.40921146672338804,-0.17454492723000636,-0.567002829190562,-0.03138395945488903,-0.5940249898151303,-0.20255491285081662,-0.18549766262121714,-0.2648250349294372,-0.38696451081830907,0.2525457953856953,0.3319265642262923,-0.21185771215174742,-0.05347909589903943,0.03309707141312379,0.37112497491021545,0.40034166815433014,-0.07264037386073485,0.3839076879454928,-0.09403381457996984,0.13835773092665837,0.12463006872554683,-0.030975024262499873,-0.18678251216139452,0.2878695043183006,-0.16343325551949373,-0.2950033086264382,-0.08080621432378954,-0.2743063888691011,-0.34726621113388034,-0.35371409898897344,-0.4127082317888453,,-0.4095235269745625,-0.45793703136480735,-0.12169977160472834,-0.08008836525669838,-0.047838318810373925,-0.13381958301105623,0.023990445979188868,-0.03421930634851045,-0.4482758328295132,-0.4839778410026735,-0.47112459351535263,-0.044148370415466154,-0.36385621973495663,,-0.29370972756680624,-0.025163606889670675,-0.45612008270343296,-0.4305262657521123,-0.07469883712633352,-0.13617515143780423,-0.4308041887680337,-0.017586365108737456,-0.36627737002349814,-0.2051457258367293,-0.3110204873200505,-0.5671778678746422,-0.03341531554433119,0.003636377507989952,-0.7197459700706752,-0.053917038601319356,0.12725080441600123,-0.11793959836465406,-0.37204725114902537,-0.25679398333969905,-0.41284241421708734,,-0.056052977743297205,0.31622751136143235,-0.007085566005652799,,-0.029726684650572932,-0.0750215401683112,-0.24890357751398307,-0.060411827762679504,,0.18140177249303635,0.14736857400487824,0.3114973985545013,0.13831674918161774,-0.3320716198964392,0.40186909015798133
2015-05-31,-0.11189838768142446,-0.07033737805610873,-0.12526449866784994,-0.05832602825974387,-0.135101672098219,0.09393218069555043,-0.06301778641376865,-0.06494674424826086,-0.25624141625186736,,0.11414797896034679,-0.6375756895657788,-0.37938028451061034,-0.16389150972626387,-0.13068799648781315,-0.3417553420615944,-0.09455470220335382,-0.3262410402637407,0.026437746997280742,-0.5310874673890322,-0.1605207416806982,-0.10844491590666694,-0.1881473973351635,-0.28773575576486266,0.13812395777169928,0.3450114718649415,-0.21990328634863654,0.028057992302892965,0.1258926526320272,0.12303645453653655,0.33655940743646595,-0.046657649478338725,0.3824416821261276,-0.06782075318442926,0.03374832874154987,0.12048027442162579,-0.04606892301940224,-0.17239886327757992,0.14372501411372673,-0.07414510372079464,-0.23264803046538063,-0.021061658137495276,-0.24236532389944698,-0.24044095571889745,-0.272707701608742,-0.3125285997622863,,-0.2654941753685638,-0.35476811790491647,0.16250817076583335,-0.050671553129254976,0.0066527415537704915,-0.031451259885668326,0.13169063577116713,0.04230309832520951,-0.357142847134562,-0.28245722787188354,-0.26792461858533345,0.30166573987030376,-0.153407540810805,,-0.20439885801826974,0.0937914414255796,-0.2368421383222028,-0.419546832585861,-0.023195914931270267,0.006693219000961648,-0.2925437385493702,0.10866190287392774,-0.28490457156761784,-0.09135532156153747,-0.20975796762159304,-0.3700442839627791,-0.008574067967277776,-0.05567760413529965,-0.6125322594758966,-0.005929036359600848,0.31296283052912877,-0.08446261258505627,-0.299964108305377,-0.15556334594332621,-0.29438940237262656,,-0.05893242837401591,0.22244287576378574,0.010457468699607952,,0.0627640520463788,0.07708383136737962,-0.2174053308323769,-0.10153627637531826,,0.20149241476362856,0.028576959816497327,0.40697276098233415,0.1721893531568428,-0.10268849748788555,0.48571423121861046
2015-06-30,-0.1280941116718377,-0.18097519712166354,-0.22659042877052926,-0.23584912878618125,-0.185762906337254,-0.12376163516753835,-0.1688200546254146,-0.002741124888125057,-0.397173553040471,,-0.05942624309411748,-0.6961889708973248,-0.4580197854574174,-0.3163348850838923,-0.2993932639601936,-0.4735359825177271,-0.24930782657261918,-0.4292548683771258,-0.14662874215084387,-0.5977807998376355,-0.23448947607859083,-0.16934031342373612,-0.2711796245376883,-0.37612387961219285,-0.0916273304701547,0.19644979409545726,-0.35598301376932084,-0.06913158327890423,0.03923314518094001,0.05760100512405253,0.19923839362613616,-0.13759238907864402,0.15637341931974902,-0.17867437549187115,0.21228743547408002,0.353133529136588,0.010238135835205275,-0.0046488645146919305,0.03163621663024263,-0.2194908900554221,-0.35364561227629676,-0.1269155472793434,-0.3895730349551164,-0.3157032602318458,-0.3493968922742713,-0.4133016615481446,,-0.37020475032943434,-0.4918035722189169,0.07441144920008047,-0.02746203481534626,-0.1539805971763748,-0.2648309036262433,-0.09160665450779937,-0.138100582430144,-0.4323672838708571,-0.4433469297296515,-0.5016835318104667,-0.07573205390985649,-0.3467580630075827,,-0.3610637731771056,-0.09476580436862825,-0.40631812504686626,-0.5411655872121789,-0.30852998466159454,-0.3266208711577685,-0.44269871738225364,0.0027743859664290937,-0.4743176758996305,-0.15948838034679647,-0.28059245334291694,-0.5019880129723868,-0.1540725003707999,-0.2869897903327594,-0.6391280543879616,-0.017978244580745928,0.2369135190179832,-0.11354995981833638,-0.34421730076907797,-0.264132524464215,-0.2684477704852971,,-0.060627495477365456,0.15972968417144706,0.03754042657264223,,0.058327003784407916,0.09003071762701453,-0.19046297205870666,-0.05828395092875527,,0.3421286460104376,0.009211599671353987,0.41654800911532375,0.14166615869442634,-0.22344960397919067,0.9166667430828808
2015-07-31,-0.13358803647357098,-0.2251240083407281,-0.2314861439482342,-0.1953982896901546,-0.14121348552262825,-0.08330291652444344,-0.1996718065076899,-0.04035613767548796,-0.4324117656071834,,-0.0754437481173813,-0.7034611205381961,-0.4779952852058472,-0.362057347632716,-0.309974476320072,-0.4539951819985497,-0.2400228844810507,-0.43224584422499657,-0.22470318688945123,-0.575459034803514,-0.2644048565433703,-0.13759423656792236,-0.1949697142925928,-0.34844744299585617,0.06165314577172354,0.10297635657604398,-0.3646844565070375,-0.16332911974147135,-0.01655619067747971,-0.021198096440228298,0.20626041903517778,-0.17314104470959812,0.2775202309002762,-0.21055757882404835,0.2633947572898021,0.2796313852096233,0.020000458885488737,-0.044142903871482564,-0.07100671552088611,-0.1890392447983611,-0.3663513224245396,-0.09506054872936265,-0.3852771214600945,-0.3175989158145657,-0.3141191117817378,-0.44132381351634,,-0.3711402242351669,-0.46016306282025676,-0.05811038629893739,-0.10681661424983468,-0.2316462182447585,-0.32742814182390767,-0.14381877355115968,-0.17368642227794195,-0.4185463096909059,-0.4793485560328309,-0.5577557852750789,-0.17340511461843977,-0.3560839015231928,,-0.39205955266982384,-0.1642266475151184,-0.26794870594378495,-0.5443395973391918,-0.3296703186337655,-0.2927251400917762,-0.4862978833518745,-0.09204393985470638,-0.569111179826279,-0.25022517623552987,-0.3681497006044546,-0.5707379763494091,-0.314489901538206,-0.44521272721037874,-0.7462024297979466,-0.09557913268371099,0.0007177518187539977,-0.09245288483791092,-0.27439018071163346,-0.1809040055047786,-0.3489003714319535,,-0.0468469474871015,0.06001664237055748,0.035566365439131165,,-0.004052787547718428,0.2566695925826803,-0.18524281779148677,0.03825080660700486,,0.3120703607415998,0.040844505756598704,0.33502129641657374,0.1524523320007487,-0.2764610564769715,-0.10169488671615179
2015-08-31,-0.18512759091085373,-0.29643509433819215,-0.3514975252015963,-0.2920534156565687,-0.26979501627517,-0.22061375147717,-0.33443981295904934,-0.21852538829659574,-0.5423921981289996,,-0.19480971874748787,-0.8042285199255563,-0.6635755236126699,-0.4266975027211106,-0.29427136037291934,-0.5213186264441552,-0.2976382293434453,-0.6525294220657898,-0.3020041930121833,-0.6473125726865003,-0.25927677910849734,-0.1931141735687566,-0.2108679177435978,-0.3897098576494977,-0.07507197020299017,-0.09814326142919705,-0.4332920322338184,-0.252348617507859,-0.10629823085740442,-0.14066813515839993,0.014156955313400443,-0.2709914880341795,-0.06539020070274182,-0.2639812208422774,0.24349964862965567,0.21982622500582294,-0.06746501212055744,-0.0009229074869635534,-0.2779261902996022,-0.23242904449620982,-0.3740302726476169,-0.15169143093208703,-0.49703418380160147,-0.47024581421428413,-0.43500947763815356,-0.5131831005193908,,-0.4500399272654111,-0.5664594215846117,-0.3634065384349704,-0.09236991061091626,-0.41896621158375,-0.47162438805643425,-0.2682075099860076,-0.3425140447286955,-0.5380711572563118,-0.6437718354852215,-0.671052658436889,-0.425023322969574,-0.6415007903526784,,-0.5524593282087129,-0.3557022659289587,-0.5542929391103377,-0.7001953350938832,-0.4591439603887466,-0.4157064810992288,-0.6650347079300419,-0.14177338117013516,-0.663733106761307,-0.263057214984747,-0.3831217930491616,-0.5787869876448022,-0.402315206471058,-0.6269015265966715,-0.8304162688304618,-0.16251501846818595,-0.11710821288374929,-0.11693310075210639,-0.3056726801538574,-0.48597852564507693,-0.3688167388584729,,-0.11356935171954974,0.09357677425540345,-0.09171796879024297,,-0.16645699594876795,0.07298047488790238,-0.25788403170938057,-0.08127483183371298,,0.1668503349764987,-0.07239287405145789,0.4407066183686439,0.20777956576508028,-0.28335538160266827,0.03076929425347008
2015-09-30,-0.1737858327214038,-0.2925148903108902,-0.3279372263030381,-0.20301116332620928,-0.18651899549078277,-0.08678798864139547,-0.36662758005862905,-0.2739680868516927,-0.5102987817528113,,-0.11373287421166689,-0.7330782113546328,-0.6430243753018866,-0.41050735483207745,-0.20060347824968439,-0.44087450623591695,-0.24751558204579682,-0.5870330487019142,-0.4143338059530908,-0.637961715127365,-0.2629592368978333,-0.18988224160681644,-0.24926001757764393,-0.4079259860896207,-0.09662307837911455,-0.11394622432161128,-0.42167777197534817,-0.3109747350353228,-0.11193488569106114,-0.22341593229334245,-0.06184390744777246,-0.2707296274633497,-0.13815404329197534,-0.3527347598074141,0.31615801053642634,0.14120970662617904,-0.0007392423587522234,0.11900574414895004,-0.2436922990773316,-0.22176443214336172,-0.3793596996714046,-0.12911906843758203,-0.4292782525266251,-0.359602192448259,-0.3732374656107006,-0.4912038916778779,,-0.4612802564102564,-0.48602215899775214,-0.2569228621321208,-0.0631836616416509,-0.14957242311180552,-0.3777411413762706,-0.10199570062694896,-0.2487276808864528,-0.45757588281177275,-0.32333342370670415,-0.574074138839392,-0.16845323358843511,-0.4767186053713306,,-0.34555429256016845,-0.16546309188110098,-0.32258065913226364,-0.5564102141319911,-0.401477807634257,-0.4243560167002397,-0.6621190897074,-0.08803139368376467,-0.6045737346460294,-0.21335825849645929,-0.3223794597863109,-0.5298061482932953,-0.40742736407030544,-0.7843665747902853,-0.6121265549315762,-0.18354153102127235,-0.12180125728303537,-0.12857987815362548,-0.12561643138569967,-0.4660517949715669,-0.413547167381499,,-0.1666101157996005,0.08937010058164074,-0.14353904814492202,,-0.19431581987332047,0.05484202887720535,-0.25382818123746176,-0.06543977477149199,,0.049185727517909505,-0.10011349799460456,0.5610325687423234,0.3157797359120984,-0.19088536001079104,-0.007999992370605447
2015-10-31,-0.20601483339999083,-0.3145660933257851,-0.3113007360355574,-0.22968896950004514,-0.19443984680314041,-0.05610749896943501,-0.3704717450025782,-0.29520605927457777,-0.4863493892946168,,-0.14544706211003444,-0.7102804121540965,-0.6447645488664531,-0.4270713405698998,-0.22442921493035828,-0.3583938929363295,-0.33242388920840493,-0.6282051362598264,-0.5644717559827195,-0.6533550142222226,-0.30007701553785837,-0.2535380025696381,-0.20929430352620448,-0.34138287767694886,-0.3017004627402522,-0.258720254968574,-0.4305866412514182,-0.335792452489441,-0.19146502889366912,-0.3559999103798295,-0.2695479329676761,-0.30115720726856565,-0.4166144583075635,-0.43710880050089185,0.23135592797781968,0.04097546319837431,0.005839674867454958,0.12259737129682358,-0.22388521133789552,-0.28495107653869345,-0.34770350562796015,-0.00900825104540015,-0.4621068376853207,-0.4468238955339263,-0.43415034934564034,-0.41592017514254176,,-0.4506004183522918,-0.4603186235515526,-0.13911204296064072,0.10787638471206629,0.08659749204075173,-0.2988756009472865,-0.04205209978871427,-0.1652843359900904,-0.20000013548901274,-0.009673525827317841,-0.6296296080411885,-0.16190043138513033,-0.5039827951331908,,-0.28663003770405804,-0.09209666327524368,-0.2378378193566475,-0.3762185350501627,-0.37535814876786444,-0.3482627434472585,-0.6510229335521686,-0.0583490865737355,-0.6831069750439905,-0.2572086263326685,-0.4026251893236429,-0.5701423579857228,-0.4184743969551866,-0.8428961818047153,-0.7796530854708481,-0.2819624482376454,-0.23281675788921796,-0.17916253643095803,-0.39724241568757257,-0.5571754187122402,-0.6012857491589907,,-0.17234000687934736,-0.030798847226573334,-0.11025853241922501,,-0.06717897795100292,0.021145670477846545,-0.40076841330665314,-0.2814751312825323,,-0.11831946713331276,-0.16917528593223696,0.45166210192793077,0.3139864442907814,-0.28403644267769346,-0.13043476458082537
2015-11-30,-0.06296996842477443,-0.1379151100314827,-0.15208865489005396,-0.00238205557697313,0.011966740953354815,0.3092198270336324,-0.2758921179378987,-0.3415692623015263,-0.2512248186787067,,0.46162567532774457,-0.36724709682686807,-0.5031092920351198,-0.28313675821693285,-0.029159808832944334,-0.29302268856781855,-0.2285018553794682,-0.4979423792238574,-0.3575730395726746,-0.5038021523891414,-0.1734979256366499,-0.05005832703664659,-0.0817254646672887,-0.13321321274575426,-0.1983174982886753,-0.3016585893301925,-0.3350755039602822,-0.27694011789177053,-0.048913727960922415,-0.24958320677054824,-0.2566920455157887,-0.2221523197979961,-0.3976773815338355,-0.3409294266256542,0.38398914997008227,0.1679873808701111,0.2446421578455198,0.237239660693626,-0.2335122558277467,-0.06984497630173436,-0.07463102001441269,-0.06792314137593336,-0.41733043931614566,-0.2918149908074077,-0.16570591523096057,-0.13833655098680508,,-0.16075032878518736,-0.21991178458989868,0.06289025161748096,0.5476170979016521,0.21457072302393776,-0.31014550613282343,0.030984489599343634,-0.23716598377462883,-0.28214309460210074,-0.01401856720221073,-0.6023391995090067,-0.379786241230914,-0.4366191523238495,,-0.17120880215614276,-0.11982951630169447,-0.3430657332774114,-0.1867321499551784,-0.32558140251242673,-0.018707762598306088,-0.5483193827457866,-0.06380378164945633,-0.60571994873498,-0.17455394387561618,-0.2846384663273016,-0.49039179539568745,-0.47984271946885826,-0.8690777600180125,-0.697368438488971,-0.18464647548716961,-0.15801206996292383,-0.043347090821729606,-0.32686051403254857,-0.5523824334389346,-0.5334082643168481,,-0.11414654032344695,-0.0115084184232086,0.10053058027761308,,0.19858316757033156,0.20396739809903397,-0.24159277727446204,-0.24447141645855486,,-0.03878856891630533,-0.13607789489076283,0.4660945491584938,0.30268224686121536,-0.22063573348559928,-0.3563218398679435
2015-12-31,-0.08641158637475421,-0.14903361727885922,-0.17815564799545125,-0.08683967183748942,-0.03401682204855294,0.305118600872468,-0.23772194509729794,-0.36217352643948075,-0.20095193363688468,,0.2703906241466445,-0.3053205242112528,-0.3854740885924296,-0.1998633279213593,-0.10395025449448603,-0.25726097217643396,-0.23990396656842594,-0.34657534399839784,-0.3046782146996545,-0.47060549816860386,-0.20802049770434095,-0.034790620854785015,0.008465388698294385,-0.10536457683670186,-0.15457412717586105,-0.4118306266284133,-0.3713911264802965,-0.3381406602489019,-0.28700001655891083,-0.3245740548757374,-0.3148383967139474,-0.261070347252952,-0.3974725480008443,-0.4838227389077544,0.4921314227831237,0.32243256752114746,0.3108351767322972,0.3125925805648715,-0.20231798251173305,-0.07437455130025128,0.02632395876371385,-0.027461407249686154,-0.41273899950286974,-0.27369760457670333,-0.09845981402177517,-0.005419018675089982,,0.027493393011388534,-0.20990182190262163,-0.022337328579857707,0.5817224572281361,0.074923442617441,-0.34479272876116973,-0.012891286851262285,-0.41984107918916036,-0.31914912198738543,-0.2643677924661224,-0.6772486408063781,-0.4386586307122593,-0.5765259933113258,,-0.21896490541514668,-0.3047778446933207,-0.49902152623597007,-0.33466147583796113,-0.45934067362101316,-0.2812851148288389,-0.6391890565868593,-0.07707946887561512,-0.6851698312220118,-0.24333375568411086,-0.3668523734795375,-0.5661382983087732,-0.4010877276616961,-0.8471311443693309,-0.6862745789478584,-0.13305044074700112,-0.1001698657945701,-0.013864149220973787,-0.2564587625653636,-0.6282760421394703,-0.5510778244884358,,-0.11321312517381454,-0.0341136172971912,0.17411374062915064,,0.23802935987483775,0.2010822770349754,-0.23839598315155452,-0.2946499479616631,,-0.1350674765011053,-0.06773792685164415,0.5688118416033663,0.44161312674074704,-0.2426003628147485,-0.382857118334089
2016-01-31,-0.07773982113973976,-0.08280708409743964,-0.22153065522338167,-0.20031278426890453,-0.11988473588322901,-0.03029386662809197,-0.4579021992309128,-0.33093638185619534,-0.279228486049764,,-0.08302403134894432,-0.4516367533298954,-0.5703894069044226,-0.22366250817603595,-0.10703487182828664,-0.30259968838088747,-0.11333222382312902,-0.28452579080165685,-0.3257848297417889,-0.5354295355674865,-0.2059772155988584,-0.14390947111779573,-0.0755188034583325,-0.14825819960857256,-0.37641986050827925,-0.620430944644873,-0.41342970486147146,-0.23845917291302832,-0.29137962703576725,-0.4781450444336379,-0.520014744133553,-0.2275127115717943,-0.4925080773303525,-0.5085477739500592,0.3744043790864804,0.14414877133313198,0.19447757354901607,0.14381092672947982,-0.1569075103959363,-0.13248329503867673,-0.13386736665006094,-0.19486770833986833,-0.35804785937757566,-0.22598719237299425,-0.06182714373859699,-0.09981510874154131,,-0.030959011132872805,-0.24503201532698438,-0.28112945028868275,0.8352229877178743,-0.21165831974339555,-0.45103741792394114,-0.19147733916744303,-0.49072431101636194,-0.46312693663878013,-0.4264942573456538,-0.7,-0.528119041326804,-0.37523758188784073,,-0.42447531469624944,-0.4226538628787112,-0.6063492224660948,-0.4717284830844398,-0.5341614833249155,-0.43561686667737465,-0.590656624252489,-0.03149333282110367,-0.6941122341154474,-0.30478304343856466,-0.37562223792155947,-0.5071495055222486,-0.36280498255433524,-0.8087408065963393,-0.7538940718337569,-0.04400171350790705,0.07946644561989835,0.13606883566597117,-0.18707895441849032,-0.5946850663040547,-0.553988860746518,,-0.12945214664474658,-0.08509006651135398,0.18143377216324752,,0.12703867295897475,0.2748449123457284,-0.30927164324041734,-0.41828244013036986,,-0.3172509221300245,-0.13023292517613205,0.3527785356656068,0.2808789947930317,-0.10021271291571165,-0.16535436322902108
2016-02-29,-0.09736828139019027,-0.16092929607597994,-0.37736796504266723,-0.20175335568885344,-0.07961372506978026,0.060946252731607364,-0.5374882060290467,-0.2821183225908278,-0.33996876439284596,,-0.25992605685805625,-0.6266572414664245,-0.6540530642622541,-0.2493799129533245,-0.19276231882165562,-0.2579868797735563,-0.19845566011939475,-0.4766214370288271,-0.3407246647777694,-0.5839259562519745,-0.29409773399682426,-0.18142639160324237,-0.12450866857950027,-0.2588913809830873,-0.5811731292430709,-0.5773843944786416,-0.3944617961595095,-0.1804496328585149,-0.2359452560928118,-0.6273099696967742,-0.7200455857185988,-0.2407906134931037,-0.6158096652319806,-0.5378668348490039,0.12256165171439481,-0.19068443998985463,0.041890112318513806,-0.18121794252248757,-0.30469478633520186,-0.12515164160179204,-0.246688417134294,-0.2958131526012544,-0.37533980030866443,-0.3701479263737102,-0.21773967724858612,-0.21144964650917386,,-0.06919120219969777,-0.4133176176219925,-0.2381539555300456,0.675550843699072,-0.07604553361927158,-0.4469853591553279,-0.14878766008446476,-0.5792765275402454,-0.4225352769340025,-0.24755979574034914,-0.2723576072175793,-0.26509595104337946,-0.46100496872295893,,-0.3028704335056671,-0.43695204548152367,-0.6215753214704058,-0.5161813039583472,-0.4333333439297147,-0.13626695770675656,-0.783843646397596,-0.12230471293861678,-0.7632372375623534,-0.47353604380176795,-0.5315302654135758,-0.6522742311312186,-0.5029001268805511,-0.7511860853432468,-0.7646198843325164,-0.1397895291225122,0.03667326103590329,0.02612427355801894,-0.33524988506146003,-0.7135619887168277,-0.6442405772330344,,-0.19844523042876183,-0.16908665362578224,-0.11599276262810232,,-0.07632844343738199,0.12991580420663973,-0.42823301517804424,-0.5354673759514863,,-0.5020074944988482,-0.24761510840163736,0.06596570564438453,-0.1110010531126433,-0.19607613558229275,-0.3379310710535026
2016-03-31,-0.023212794221960542,-0.1667839876082744,-0.43116286046845975,-0.28797295461696293,-0.025694804173125974,-0.07274852060362147,-0.668234078387286,-0.31606794636049695,-0.35181986030556,,-0.26368646018727127,-0.6209564321986782,-0.6050283078479232,-0.30528174628894056,-0.1429257750763815,-0.30242930499102083,-0.19385902035915337,-0.40099836018822677,-0.33609702376439177,-0.5045932423137708,-0.1821788033798344,-0.2040493781356496,-0.05988096255345898,-0.137628869115475,-0.6677252760152872,-0.5468533103356477,-0.46471729290555674,-0.114776553743692,-0.24405081127229178,-0.5381137839138221,-0.7638616723930935,-0.2486977404332149,-0.6304890065733059,-0.5203116641991028,-0.026982047309310975,-0.3126639180307451,0.03789261866078575,-0.1417022387947796,-0.3674063638425096,-0.11790985339198701,-0.25048905207285366,-0.31707901501051405,-0.39465154080902665,-0.3372064682630941,-0.18474623320722627,-0.15651616714954752,,0.06273252830361287,-0.4668302896485047,0.1943663469482413,1.0839917334268967,0.2740491124158737,-0.162475465297939,0.24444883534749984,-0.25441907705870903,0.312500081278293,0.39400421719082424,0.8735631248237714,0.06595628125689235,-0.2151012241827941,,0.1162188720788635,-0.12748520397592278,-0.1804670772003787,-0.14232885711882903,-0.10156246750072195,0.6959248699273213,-0.5907562939986135,-0.17197014009343603,-0.5695737151556163,-0.32646519593804846,-0.4679021851538039,-0.4520089103368916,-0.29992157647455264,-0.48188405822140157,-0.5509355564856728,-0.14972409418861798,-0.07490656144319041,0.016816024262705564,-0.21989153435819342,-0.5433043363095771,-0.5889987650111936,,-0.14050189418755332,-0.10816248399318806,0.04059042077306296,,-0.060885439442230016,0.10058082230298449,-0.3345650146977882,-0.408791912940642,,-0.3397052814254653,-0.19161726899629017,0.17492420870270609,0.030772621294271163,-0.11535603192542776,-0.42666665712992347
2016-04-30,-0.008923094381243835,-0.09950627161874925,-0.3793040444323361,-0.2616273087919061,-0.10757399094811348,-0.06527789822218022,-0.5865780872177921,-0.3262848101583069,-0.27361944060069177,,-0.3160174685658419,-0.5942028526973202,-0.5588025583493608,-0.164059349531386,-0.11879733894709965,-0.2856536634482991,-0.23380360416287382,-0.38526314703495335,-0.4111735958030285,-0.4567239862690018,-0.18069193780807036,-0.25171289145761633,-0.1103882498489327,-0.23641336944541747,-0.6577820274153588,-0.5666528602211152,-0.3404004453457281,-0.11835043521839117,-0.22816557030715512,-0.5577199675994635,-0.7713833733166984,-0.2474745793809272,-0.6014946889919016,-0.549009930867109,0.16145258474559654,-0.224947971492099,0.12188650308418292,-0.060221251171010626,-0.3140559110675204,-0.20003385140184105,-0.25651882545776294,-0.35155666409692343,-0.400296856137093,-0.37959202706792294,-0.210999975221284,-0.19242792746426862,,-0.1058723921043575,-0.4361064196094646,0.00822048541004694,0.9120955823039494,0.2068572534571238,-0.14694100306638447,0.20472916638077754,-0.18987692555833813,0.39917701079177537,0.20829651853617603,0.8762888045976212,-0.1339933763290918,-0.23061362789153617,,0.16552816573630214,-0.07480668578878658,0.07662836650585358,0.3305950340493735,0.029023782222051153,0.643631911706616,-0.5495956748547048,-0.14159471710080618,-0.48831387512525726,-0.32568226733040684,-0.4410346196734658,-0.4409778116222166,-0.27694611758138343,-0.4530643907711851,-0.4949495497533142,0.002513564752909536,0.04634335690171221,0.09722728228576161,-0.19229475960456288,-0.5074796858294124,-0.4272936845929278,,-0.03609260661936231,0.028977842217974503,0.03350552284136632,,-0.15016874615587972,0.0011103729293067133,-0.3082962343545185,-0.3664473079196865,,-0.4399118168929702,0.025797084750966093,0.2409146910639106,0.12981130922469197,-0.252280328661189,-0.7115384509577549
2016-05-31,0.06598384995645135,0.029704420227164574,-0.2231576979355987,-0.06021721706401029,0.024044783273808656,0.11271061552254191,-0.45354322894666155,-0.30907976623183064,-0.07039863722714101,,-0.21750179988462437,-0.4293284628522481,-0.377119174223412,0.0020741865653317593,0.03792880544340216,-0.006610656721620756,-0.1485068227906875,-0.07664707617111366,-0.27022672510158097,-0.25947534259178384,-0.06407903263025905,-0.14533952223122337,0.06507759673364011,-0.025047038526912924,-0.5863538555947044,-0.5508458085067622,-0.0682740014161225,-0.004017313521717081,-0.10690723394700463,-0.48727415336630076,-0.6159469750247594,-0.12547810455060582,-0.5349498397984521,-0.4579102063311685,0.01698339288723294,-0.22759660944241877,0.059003232033379094,-0.11804184114573091,-0.17143398418583145,-0.0916859895270461,-0.0729341807590923,-0.24014011016170933,-0.23128934514675126,-0.27039995147364004,-0.059535756678332774,0.001540341504779441,,0.045643272239059396,-0.31992027676431345,0.2899446196851927,0.9277476106809897,0.48027986370052167,0.11033315481299688,0.3864199050465975,-0.014585299181571254,1.4255322985162895,0.7171189440464392,1.4729732624249419,0.3844739671354709,0.10861886079240635,,0.6860151093610858,0.3915509877793284,0.4862386172906292,1.1451613201953137,0.6850394154101507,1.2208191296580044,-0.2778223684870138,-0.005571827566888232,0.07417210366391203,-0.17840552064631954,-0.26322054948298435,-0.08219477793005636,-0.09687300124347031,-0.21109128317814085,-0.007533033301725611,0.08987459029413247,0.18904219924028753,0.1825926310654855,-0.11434113879310837,-0.4863364827121752,-0.31095527959155045,,-0.018230250410117943,0.018475957488923944,0.047097369983021053,,-0.1594154525827235,0.046778663432997414,-0.2310332803534727,-0.369717318805171,,-0.4648087518677112,0.029247055595311044,0.20178046454931198,0.1444950818562274,-0.14562530192821688,-0.7290969900332263
2016-06-30,0.1085038116403867,0.0981956581938388,-0.2576275752773376,-0.06249912454204487,0.003713151737566589,0.20655329675548995,-0.3788965767580992,-0.23732258365320869,0.0138670496840132,,-0.09119993946625227,-0.36656155628768716,-0.2605946820326863,0.12024407068394649,0.029813467710782637,-0.03851574626658627,-0.16784149732431897,-0.37790045421034646,-0.23331481673489496,-0.3393665537525392,-0.08421584857407194,-0.1552588199288899,0.03193351581433612,-0.08105590444730049,-0.5842299971408216,-0.5058304057491044,0.18361412606603356,0.0532409439669983,-0.11248476108626504,-0.5360959769655467,-0.5719297887823076,-0.01342844566741308,-0.5286799476957179,-0.41101859679173336,-0.09611061373046292,-0.31303526353919675,0.026158973081327197,-0.3507173471601679,-0.20029366598745468,-0.09068821343575917,-0.0019447019378929786,-0.23781671749724265,-0.29082736488601,-0.3436972928356189,-0.08797384150135823,0.008088513827809285,,0.06652206114062409,-0.3359438644617495,0.3927341159662223,0.5496141150556562,0.6028735523519981,0.08809435932159415,0.3469570214118698,-0.07440839954545742,0.8362068906476046,0.5005585790661207,1.2835819362944214,0.09466553920454546,0.13517032760328296,,0.6734199650963053,0.5511710897045385,0.31873910758574353,1.1573498703664775,0.521857934710181,0.8588656859397947,-0.39683172224815644,-0.10721099282765123,-0.01838481633591449,-0.27306563004876083,-0.30490336973463406,-0.3195668968954415,-0.15730347367033093,-0.380632804493662,-0.011547143480156952,0.13092232703832885,0.21814001599848543,0.2607882097355396,-0.15387957049191525,-0.5782801645183402,-0.3439999349893228,,-0.06183620751815433,0.061963789980095996,0.031988871945766606,,-0.1834881248177146,-0.00046665935519307755,-0.08447559732498744,-0.4413849945299849,,-0.5556798264570086,0.03401362632337723,0.399186613145021,0.3490418255533665,-0.1707880353374298,-0.5094339905563752
2016-07-31,0.22607718216526296,0.2427709965799334,-0.1102576320304276,0.08809996543804854,0.12469053855866874,0.3552746365140942,-0.24773862178175343,-0.012572484230635173,0.2351712702201043,,-0.10122573293917647,-0.030114128195536605,0.05258471119818564,0.3187093018650995,0.017452948825793735,-0.029860946035164204,-0.13611835692453833,0.05294132307515831,-0.16266883492810735,-0.15323296926215768,0.03435996616302739,0.03257275769924961,0.03508105778184323,0.06841303179891,-0.542762896961432,-0.4407583265796057,0.33610829781229223,0.21012721698657622,0.012355279702316535,-0.45556030587135166,-0.4809028708254648,0.08279053644262668,-0.36813318946337836,-0.2815088840648351,-0.20079971656867557,-0.28362113172227155,0.026642878134370163,-0.48982887109812523,-0.17607159413569418,-0.0192092432151465,0.10446700339241666,-0.21308231651283305,-0.16889310377560485,-0.18589756564877302,0.2210875308388618,0.31937576913249455,,0.26260138569176084,-0.11266946453595794,1.2887440465343492,0.5645255506516764,1.4473237649604647,0.8228471700410513,0.9064865734789946,0.4555836777278435,1.686813319926482,1.9509794172462906,2.610000530819466,0.7833158164152259,1.6565166818084824,,1.6799698577552005,1.4402836167887902,2.0198300999676455,3.4234526486874683,1.510791399607124,1.6065980665337798,-0.04823719199763543,-0.02389425993419325,0.8187237285994198,-0.13413147080186072,-0.21903466982540132,-0.018991356469127973,-0.04801778986433913,-0.3208154365904792,1.2500003247172686,0.15946624380159613,0.25799749563952745,0.3014479957993679,-0.10396725465904011,-0.3847758569111078,-0.3221817918923584,,0.012126044525899049,0.021775324487418368,0.09615950979829302,,-0.1760068909946031,0.007490323871586657,-0.0296763300128714,-0.36756985575207135,,-0.5796461999961862,0.013086150594843193,0.3300906860112516,0.23639891761208087,-0.18069443241279548,-0.34328360200645247
2016-08-31,0.2134596692581736,0.3107511892957975,-0.14171462828955295,0.05250103880411694,0.06952517399888736,0.2855474902915178,-0.07973099472666045,0.045137036797386454,0.18618202546017648,,-0.07944129653702536,-0.3189962292303553,0.109645516090485,0.40295642536038323,-0.015431087724916304,0.011465121482885365,-0.11775056419679097,0.48122870414286867,-0.1357284295998089,-0.18416021008000583,0.03694066487134329,0.08448794014286798,0.09954994694155461,0.058055279568598905,-0.4483041875628181,-0.3468407571518042,0.3235499532963386,0.39406938741511155,0.02989837172192855,-0.32695097105653603,-0.36308064793636097,0.07662030043629708,-0.30506731181237057,-0.13564284619158307,-0.09431467460554532,-0.1459277447989178,-0.017019605240818914,-0.44207400987998713,-0.15499634538259588,0.06196896246503325,0.12546339927604433,-0.1366738711930685,-0.2047761368237685,-0.270270324625417,0.09067711342762785,0.21541747055449267,,0.24698794435239857,-0.2005553611019495,1.5893325104576377,0.6417989147891381,1.3960813851108975,1.3006129644736335,0.8052277017269527,0.7902903261268923,1.888268132869273,1.698275470119667,3.9673916007895578,0.9312140838139558,1.2869692587712511,,1.841250004162621,2.1612004347857217,3.559523928765488,4.011560283712719,2.5884773775605345,3.0116461737092672,0.22276995288787615,-0.020815163167312134,1.2520268384934585,-0.07057981100135113,-0.1541877947668583,0.184597516540153,0.1355804888460339,0.355357193186576,0.9924431528860258,0.2834431164280038,0.4160041015899296,0.37514768278817945,0.02802039950526347,-0.05962966424817884,0.08556338840780864,,0.13276421672760574,0.09782057074308015,0.2727303466738935,,-0.09274778038397347,0.06711810830469989,0.14276729676380362,-0.3140551747105357,,-0.5582025672480837,0.22307025508311096,0.33061874441450634,0.21663279293185167,-0.30276006144605583,-0.22580647487173944
2016-09-30,0.21325634196095367,0.33477985409815236,-0.11546256509243424,0.22625413337783717,0.20085477248495387,0.47445818161594655,0.19091592638161137,0.13075980290575995,0.2972643900926195,,0.10655718769647082,0.09216602287065845,0.5044803313797566,0.6510047064647211,0.039904542002487275,-0.03305408498720053,-0.02296730345569664,1.101149819362917,0.12440442574926647,0.030232228730310506,0.11418183975350016,0.19295411332323553,0.11528687477595079,0.12264907803204439,-0.17047034449751663,-0.17804857482479242,0.570621371054731,0.48252113854056145,0.10884172761661604,-0.11180137909280463,-0.05773403383162412,0.12704320509450628,-0.0786401277783233,0.03332722136939559,-0.04265656441099097,-0.050586963600228185,0.05172287905822359,-0.44833490125053377,-0.02988845579825683,0.1688200146068648,0.23416260947352407,-0.04227360636505895,-0.08353651092131775,-0.09032225398089255,0.34357192940573666,0.5032155792847477,,0.7322033743659948,0.07219359908608425,1.3865940354980082,0.4753461397093228,1.0219449344514957,1.1328875506517844,0.6037546555761446,0.582821626782617,1.3197675192904441,0.9645910440545427,4.88333305979238,0.8974565797615184,0.9098884538749572,,1.7701065202669901,1.8433199278612005,3.5177302455337305,2.7562510642624924,2.4220182613314716,2.3822037947147203,0.06603845956442522,-0.027532429922791257,2.433651798890226,-0.05948764860644751,-0.031069855283680115,0.2795859739783897,0.05748187447751363,0.36521746521861576,1.3360656016822254,0.3251650305261913,0.46207985979309285,0.3675034160696289,0.24495750398640626,0.23212733390166362,0.4903296815593783,,0.22297200537824713,0.24238225537550928,0.29978928622981793,,-0.01501770814644543,0.11104578836768342,0.40111097422590447,-0.004128409162998503,,-0.396818145418776,0.20303668069434844,0.2848725481280421,0.21615612424868513,-0.22782570031278382,0.009999990463256836
2016-10-31,0.09198117944932127,0.18548548095157313,-0.16918638857816837,0.1342069604867211,0.021141221327666937,0.30742157927212843,0.07390353768600377,0.19265844893985595,0.37756543051689007,,-0.0532865649721489,-0.013757300428219543,0.3956651646757523,0.435568587559666,-0.03441048021856219,-0.019704395984554646,-0.04493315759246552,0.9118849632999761,-0.1402420949500508,-0.06008557255300229,0.03058371059050602,0.06040242763958825,0.048058975520815395,0.08582287027900515,-0.14166398220184429,-0.13558892693194946,0.6041933270894577,0.470708001944248,0.08018593726727485,-0.11954755257179384,-0.14651474188829794,0.04726024491018288,-0.08423628288216978,0.08197916739345046,-0.1642365521096275,-0.18919660198152866,-0.0681898327237277,-0.4791378488224326,-0.07250760270453549,0.033234110119348514,0.19111348970946462,-0.028105041469572267,0.0056886009998418086,-0.12296784327269594,0.2561013742847229,0.5241101617274799,,0.5231188558275848,0.24139886822656575,1.0262123367467741,0.1236158098581106,0.9357959092781705,1.011418161977736,0.3979382400555169,0.6463474311516682,1.0945275182045289,0.8862557175090713,4.186718087526487,0.9362440224992212,1.1388285446619522,,1.351697766663611,1.764154675221827,3.381481548929191,2.1117821004670794,1.7739463839527665,1.2397165069657392,-0.07731519694744093,-0.04656406942656088,2.1133972131205176,-0.035510155562229806,0.07590178093730304,0.261468141607468,0.15073695524300157,0.9198895107676948,1.1195653899253761,0.20838715099639638,0.3880524566927266,0.23094690095531556,0.25850613059788197,0.25890701906395774,0.41256333784843635,,0.1170293101443236,0.10177924435904284,0.03970411014832931,,-0.09643408580135049,-0.048228351400100844,0.2059997984621884,-0.2471525622840386,,-0.500410563552123,0.12339722713906398,0.18523173775528612,0.16556375820166824,-0.37877043967000146,-0.11607142381978275
2016-11-30,0.04709548437867639,0.18626290316925198,-0.17558240004799364,0.09310497985387345,0.006819421074356624,0.17008445050125132,-0.1593304454487252,0.11182411050454344,0.2343173202574449,,-0.15136200005737432,-0.08703195096206673,0.16343221581184952,0.3632470106641985,0.11506722473832776,-0.0076080101655152665,0.015482797147010174,1.4465398084584602,-0.021814921730291648,0.03575652521304673,0.061292513862029496,0.08842245459718479,0.023059035113727422,0.10357903103969912,-0.1201502929931203,-0.10873386393677753,0.7614910272078175,0.4888513583715437,0.2578105788739464,-0.20715019302764714,-0.1478158344480871,0.05700470941186597,-0.16883250930092386,0.36207889535131743,-0.14911967538818072,-0.23240999298620257,-0.09224354751227648,-0.45975229910855675,-0.17416960491643052,0.034569636318933616,0.17580400881846314,0.03940584468858166,-0.11426352392874295,-0.05144021465360382,0.12447496356524645,0.406016833718829,,0.3033967738049532,0.20644437816082606,1.019123783055072,-0.004653236538912364,0.93547598675945,0.8509050867749421,0.38570042565770923,0.9472369864392949,1.0104170617695654,1.1468748222689493,4.251767730070833,0.6567858604242116,1.6244969561490277,,1.3097843045586344,2.1107523197193427,3.367187568470806,1.4101794573849329,1.7804878237889015,1.1997404315291376,0.36674798313338686,0.10879523831082238,4.146826671996761,0.11070874193582947,0.3404897535839091,1.0534126577821845,0.033203056195429514,0.9597854974261659,1.4642860193772291,0.21820439248603085,0.6199726647611039,0.18995445814103684,-0.10225992053227351,0.10253050684139531,0.8168231568787958,,0.06577163302046607,0.07989745636025236,0.06989851725339924,,-0.14302117357556698,0.052461620442197265,0.10829741998244957,-0.22656431480075168,,-0.4613695607725855,-0.030584682346591285,0.10867356407483975,0.1861526921218224,-0.3520109607222742,-0.1666667218561504
2016-12-31,0.15950717202286602,0.29532225548515223,0.0657375916957108,0.4606836992751375,0.08980296332604887,0.6121076228166791,0.5313504793149477,0.25497630048541886,0.5135329961879906,,0.34749604675246637,1.031207555999969,1.4907128641108804,0.5966198292820775,0.2659767681649372,0.2351973925201316,0.06657641168237705,1.5279062253729632,0.0893560053773843,0.22111255459536383,0.2052343290210472,0.20771652590004397,0.10742287655479466,0.3197093865630265,0.28502525343429697,0.5299688005621335,1.3884159558854225,0.4141744216423462,0.3205544465956598,0.09691261650402438,0.36662361853249603,0.07783502816374854,-0.1104724932993687,0.5857881103061147,-0.09300189623937616,-0.05937067765427262,0.04780958686700143,-0.24557338273367935,-0.3239238515809222,0.22946427869241526,0.5814752760058548,0.4140472317603918,0.13701161718147858,0.1809719558169285,0.48283102381907894,0.7817840476561329,,0.6852657430534626,0.9263627588878469,0.8073186889714596,-0.11833760248256542,0.5778608666979386,0.4831341952249939,0.2783481965466905,0.9423447556666666,0.8076921481961972,0.5408449784192582,1.4775818001138066,0.11943167331524007,0.9480609802106319,,1.601672504004298,2.2258986177671356,2.891129011301605,1.7125376651600357,1.697777854071723,0.41236808493130095,1.2673561861284384,0.26537304729563327,5.587302501705005,0.37254079186275213,0.4882692968031095,1.5805467950243242,0.23873545739686297,1.0859728750863593,4.575949265222497,0.5804022960101223,1.0212474596571672,0.4325770567533411,0.2061760574814715,0.5846620901193536,1.3535169261982976,,0.19869215003931973,0.22270347376044497,0.11198229531570525,,0.08350810327173908,0.20298498668736742,0.4506118385719098,0.07202029719773839,,-0.25756879059647997,0.07150954167073387,0.33246239721366067,0.6213438183299056,-0.23802927114024441,-0.1698112804382943
2017-01-31,0.200360999161455,0.4217720639117226,0.3157793254177541,0.43195354735406233,0.08019631376058345,0.3376578035567803,0.6617910545231407,0.12871883859120392,0.5116636995694397,,0.6069870688994361,1.829905783060949,1.70623172275744,0.5563295977342593,0.4230607022837056,0.2442505681609508,0.14765558848349447,1.9135444555985375,-0.012423214593471843,0.4052798131493822,0.33690057440944887,0.24525550121082595,0.21723864744668164,0.4200402699121144,0.7468014990953735,0.28315208666024994,1.4054909614682147,0.354217377141957,0.26915067898211764,0.378702113526755,1.452920744172503,0.18136400299486755,0.19825031961981643,0.6426783495346668,0.04871778417534767,0.24947606112570764,0.11224294421104308,-0.02008318196314529,-0.12144758810654799,0.19219405658025734,0.7310572030633915,0.5147678071549966,0.17271165824465884,0.41272433536258,0.5992618995094883,0.8873457326384266,,0.5932740874729476,1.277080575244935,0.7133489798198482,0.17005927833782808,0.4410941356095519,0.6600270981405867,0.3732376477116497,1.1494805688663097,0.8963417450117861,0.23938670092401648,0.2477150795929579,-0.10581677796991062,1.117427895400513,,1.2846582258457846,1.8250567236906248,3.113121752151822,1.5518398964570097,1.2156863533410158,-0.17522557634868874,1.8673919802770054,0.24056905506214088,4.39734698696906,0.6449597565079053,0.6677507049372788,2.128877785335205,0.6256116032389978,0.8135594915501321,4.2236018642721955,0.5697598185535981,0.9814067479966766,0.42895622529545796,0.3299433087042032,0.7261259753096372,1.5072248848147312,,0.2032751223030369,0.2574016882987278,0.4107096416149205,,0.14690230973536633,0.2628355365123134,0.6061766221338212,0.26745194932953087,,0.09859544482102223,0.22424081668969387,0.4290292483101954,0.7800761657660842,-0.11207422632053443,0.16666669771075315
2017-02-28,0.07388499908402313,0.3764521569302959,0.46671116361607035,0.580846929791299,0.026127443159511987,0.476070385725305,1.3491884479850107,0.07081272054219268,0.5895798786225723,,0.6313508889242039,1.623377309057295,1.9962054919695822,0.5040787969640665,0.2998999911256077,0.20628687487145814,0.04299284151056759,1.8499998922348642,0.2053960893260831,0.34670494684119757,0.2648330896895692,0.3061218363428959,0.19691492157654156,0.3357665084574708,0.9526713435038046,0.265729988505895,1.4235052728510325,0.3337184936963271,0.24227182777354406,0.3328673637371873,1.7250114952840403,0.28395220383386977,0.5283065265753308,0.6009495037605439,0.12923095364357984,0.43980072312468876,0.052755826613913204,-0.10398344918756453,0.02083367095329125,0.18919998688626394,0.7731617699444167,0.4869234280270016,0.31660972781170416,0.37056725960162606,0.3898913617367068,0.8191235050696526,,0.5905046696976057,1.3192776602698695,0.4098633744961757,-0.11683769232163654,0.36577852799751187,0.421569419887992,0.10631621696203242,0.5790379846619853,0.3265303861391704,-0.023809694700313355,-0.2095057814922895,-0.16973248854966694,0.6460483078717763,,1.0410321323714493,1.4934178247485779,2.0181345328825335,1.0689651435509506,0.8086955608327069,-0.3474172217076147,1.1821754549765813,0.6112237469836654,3.2599462517008737,0.7399116877976157,0.8649945646796207,2.4833755912992377,0.715220657350464,1.1538460717655252,3.060185387555247,0.5215307077377163,0.8993988286750503,0.33810631159376814,0.36613950616004476,0.646988412235658,1.6896000061875518,,0.19472408349289339,0.16877515388079978,0.27021818979616885,,0.20013642764946127,0.42078699632920236,0.6212634899886158,0.22589635186522217,,0.0026720767115433475,0.25653740374067735,0.30894717494136104,0.6199650962519858,0.08396367194846222,0.8720930087495458
2017-03-31,0.007273719104770926,0.2279659222352335,0.20851212355801296,0.3463694959669106,-0.01247104266329535,0.30681498446273325,0.5870604917205413,-0.03227978471695947,0.09597930000239385,,0.26951495814307913,0.9450543030553407,0.8308712594975209,0.09644551998663276,0.14498421149637664,-0.01865701156966204,-0.05657300331622461,0.7260275198718267,0.16971389747464016,0.0476189740057833,0.1526237852433523,0.20782621137405255,0.1475118269446436,0.19322628097891892,0.8412293909783977,0.22292061847357503,0.910427440428508,0.20028673880696468,0.11936900894627711,0.4203368679143844,1.8518851748516307,0.20585785809823776,0.3310054844577852,0.6712519865166298,0.1044363074442951,0.3789941452487926,-0.06801145097258798,-0.1313853528811536,-0.13801261743142612,0.1169838460645598,0.5194771951840025,0.3935852617406803,0.30532924084691393,0.18128690074871412,0.2168942872851527,0.5717736478946407,,0.4145753634784284,0.6148233423307887,0.2918242062674259,-0.04729474180169768,0.18468775678651728,0.18799680415368458,0.06317453056797273,0.3007356517509727,0.041176468297409397,-0.19503275707180268,-0.30591167972387345,-0.21056620091061573,0.37081967636726665,,0.6571847254892549,1.0104485562901555,0.5284698406679682,0.4012349197840852,0.44615377655631394,-0.45593894981584693,0.29593828110322584,0.3331740690450251,1.6428357603567552,0.5308088114938978,0.47333227402157263,1.4731931240777372,0.5172564875493324,0.9985815278565555,2.5533332080024653,0.35216402187533435,0.651116713464708,0.24376473057749748,0.20712751846237243,0.19199835915731422,0.9170304031557854,,0.05732121551341862,0.07387324666874018,0.25626089787027917,,0.1003483757275776,0.3884456733985122,0.4419563224133658,0.2011209786353787,,0.04720854389517459,0.12122614052244907,0.15053865999185523,0.3623208750845899,-0.11610999319988213,0.9866666793823242
2017-04-30,-0.03945193253618118,0.09420691559578342,0.0675835881825173,0.1870091426511571,-0.1376996880151562,0.19796691191853544,0.21004383648387748,0.025384089628547768,-0.04344527707890378,0.8229997406943428,0.10394434533948749,0.4716197949456824,0.5378335943121795,0.13368328742430746,0.07234545276322035,-0.27891602363292234,-0.06500534226550425,0.25680955739545386,0.2145144633172873,-0.06237448725127559,0.07295630328575431,0.10473444073635574,0.05000897065136978,0.03033199795114916,0.6096901267917856,0.2460476609253417,0.5917470912811762,0.15170448852857166,0.04824818641805084,0.2157920273230145,0.713155494522387,0.07978589643222889,0.17166184661149986,0.4622331281441925,0.17390862939249652,0.3368138388360862,-0.004214803589347671,-0.1658842706357112,-0.24904125870080218,-0.0034747664817178503,0.2094132328516185,0.2534060009452108,0.11869281544968957,0.0659233375554178,0.05225033720548411,0.23306912697952975,,0.2145321285031856,0.35955086767608146,-0.05338252251892861,-0.15265965039490892,-0.09195913941344158,0.002228259356013007,-0.053590868288435844,0.12991043789482637,-0.3842105610381964,-0.3395020548534138,-0.31178304683340907,-0.2328175699880526,0.11683134927469174,,0.12202114809673792,0.23002740988819936,-0.0024692539632829025,-0.23684205982161288,-0.19003119198295626,-0.41780619692452026,-0.0457144120423022,0.21895293531352045,0.7968668535075618,0.2596683150162744,0.19433797413196796,0.6855451080554393,0.2941338461795864,0.43877551241074175,0.5578746034333533,0.23402598917307715,0.4064514647588635,0.10584679807698616,0.06772884736737739,0.11170651608750459,0.48312604265240644,,0.03614567654307921,0.028370937961661902,0.248275689486118,,0.14885737991027814,0.2896078711359438,0.6295170005239883,0.08397037098773796,,-0.07295704663059277,0.09988187323118614,0.12730089679231527,0.30020684394665254,-0.0883253672320976,0.7530863616110768
2017-05-31,-0.05824447547933309,0.08857544862819888,0.11291960759338449,0.14494214882632872,-0.14903600291385322,0.09774612397316673,0.10061678999674895,-0.027843508405095307,-0.13375472695733914,0.6424299888987715,-0.04577466389010332,0.1892427174962239,0.35223436705353905,0.11224955435395723,0.1616481131865386,-0.3310528340473562,-0.07664591029522061,0.6003555385597512,0.24508610193077063,0.061270584343122936,0.13691061766899715,0.15294369767578586,0.11460418851551646,0.08512295333025088,0.4579831842924009,0.16848120275985523,0.2769387651212569,0.15977998772743862,0.07024081042262642,0.41145351750088355,0.555581198567014,0.04274430818901376,0.15445918643689716,0.36674032195642403,0.21821854200429347,0.4981733836411184,0.013620099890367499,0.08877881383063868,-0.0022762763653877416,-0.030999391140904664,0.09965515051532181,0.2922449126366644,0.06733297733677746,0.10650017780991816,0.02447616041714218,0.1673364874367036,,0.23547901775697455,0.12134324353402559,0.04772969993817311,0.11207893575295702,0.07168368208189113,0.08142557998842559,0.08973336184079361,0.27617929029633426,-0.18075139347246172,-0.1413980971548382,-0.26755414745487394,-0.05688964917828021,0.12170175222782165,,0.18914677536880808,0.34431043527720906,0.20318727675857273,-0.21976961180678012,-0.17235188663569312,-0.29042012436918696,0.15072223935098084,0.36580501442932745,1.164664379788897,0.4801740599580122,0.360346455785852,1.2700193071793429,0.5245786745770447,1.1114551490367077,0.5700933435881037,0.30047215101049796,0.49308617478871675,0.07779154629604523,0.290237719767247,0.48885020354940134,0.6049381133353922,,0.16741958809114488,0.09230680929578128,0.2637647540849204,,0.07363257476803198,0.25971663012260104,0.5620156366198286,0.09794397874917227,,-0.00013298941623629545,0.11789960907600006,0.04091788208185476,0.17185114854629413,-0.1504507732811512,0.5897436602816335
2017-06-30,-0.10993322709095277,0.02750012116598577,0.04848070546323768,0.09023149601818359,-0.1943587392414171,0.016993471203598398,-0.05874180813037855,-0.13381659434114634,-0.14524616232695575,0.5908162720041528,0.15101020373041618,0.04496794996399944,0.25285241187107577,-0.04681714711009788,0.14720695995350153,-0.34931904650892387,-0.09389194334789952,0.18435755145843968,0.2945558838689264,-0.028602667099599244,0.05853263504466111,0.09240194303524274,0.1480739518184906,0.04688531009848673,0.3537101567699139,0.026237628202275376,0.09908995712203073,0.054009903588878805,-0.05341441395621893,0.29746992905674974,0.26989201149235487,-0.029179663393868016,0.0433425475260667,0.0410681563737747,0.2563400237954323,0.41398953238588443,-0.009211694790048353,0.054270364029554985,0.11521964283598174,-0.09726281790012659,0.008741059084864666,0.23720272762313876,-0.024955861480755903,0.08548961451726744,-0.1797335714096343,0.002430945441147969,,0.21346671452089172,-0.11232447827101522,-0.12387056564373933,0.021114767678154678,-0.0874175962568785,-0.11820541607452884,-0.008711632114813295,0.1278956742227273,-0.1186094561246629,-0.36374999752458503,-0.4304088452920638,-0.25370809098255875,-0.2165434395990382,,0.06445299513477787,0.1276966598086089,-0.1294559331327234,-0.38365223912661595,-0.32521489609219656,-0.6146111082460051,0.031417931223866935,0.3079757672143546,0.3583612175877411,0.3423258550039463,0.26620957293606784,0.7199264045216964,0.48887096014748654,1.2780411137590346,0.038800610703727534,0.1997465656118893,0.40661114747006843,-0.02967121917238935,0.1276653896332074,0.21560174943568278,0.5622319137503073,,0.1996905049302986,0.11764016007405598,0.27638858434216207,,0.1150385462296104,0.3488928988983546,0.6421819044609149,-0.10505212439332046,,0.16710894567516688,0.13964194252892526,0.04325784767256469,0.1764426806033541,-0.14023811775214035,0.5795454468485737
2017-07-31,-0.059322995943350554,0.05969576288349021,0.09504095570801496,0.11357018487175297,-0.16208794282041372,0.011618406976068751,-0.15984187142461692,0.02145547214837973,-0.07517154361381861,0.40747306195222444,0.013276216711537225,0.05921035333567337,0.09938038999768195,-0.021716528100435006,0.11090653215636825,-0.4781066873209713,-0.03821162159816116,-0.07949321460778869,0.1857065907741351,0.08138858124735915,0.10333108092563292,0.08086014463209623,0.08858490763298676,0.081433952778867,0.3067164853109656,-0.04084218115888949,0.2224873847741229,0.064978565387801,0.007803570306715635,0.16447503521948859,0.15934758781303282,-0.006064009481037136,0.07598204798653763,-0.006014895788909458,0.34500828621674007,0.37025029376647756,0.12286638127700011,0.13309571989320768,0.1059906342768615,-0.16118313609855783,-0.007079630263840508,0.1538152962319035,0.02409253185920468,0.07170999128770927,-0.08308549844153945,0.04476517508599698,,0.3988475419041666,-0.08310529657913279,-0.2600935304072973,-0.02218881344549506,-0.21731885159052522,-0.27802604396384045,-0.05045560649777214,-0.06602403661545031,-0.2127658375647259,-0.552445776488935,-0.6287998129744268,-0.4275870267218552,-0.22923507016331346,-0.0696608274289523,-0.13396107398492363,-0.21263520799020452,-0.43994780061154803,-0.5207612501129277,-0.43922021597004146,-0.7424699316258416,-0.0733024504571913,0.34498174121159675,0.09431021286250818,0.34367396978570075,0.235373070893228,0.5822496938498778,0.28816621335330583,1.0527008709471355,-0.12515789614409367,0.10812767438318183,0.36008761757683816,-0.0505470732890988,-0.029006350360060384,-0.04065244513635147,0.1620656311375117,,0.16596850795279705,0.06202936747647514,0.21222842483155158,,0.16864846515210852,0.51860810058313,0.5539169707813447,-0.12456215059660347,,0.18459033159126403,0.06375095966319311,0.029290766981507455,0.1070562628939431,-0.018419746573457574,0.6562500717894502
2017-08-31,-0.05604072760912415,0.11822714995220784,0.1306942446149475,0.08260550295199898,-0.15716711927362526,0.006614083963986994,-0.22664939135023743,0.013721566344482738,0.01383439267549913,0.338118202408735,0.05708073415778081,-0.17932473653393144,0.06050041886593305,0.010572427674917284,0.23186399108607114,-0.4106430498169553,-0.05241545847924167,-0.036105099695766474,0.19510123836546978,0.0722529103982188,0.21867002030373528,0.09365081322632562,0.12044547225810387,0.23059311692327156,0.17657839406379416,-0.04252794010972383,0.24947936650142388,0.1646691464477592,0.08249590920894856,0.053613372744224286,0.039239246256099536,0.09325550192258114,0.146981188476365,0.011461682111474136,0.28446198833471836,0.3467584660131129,0.09377479108558773,0.15433213365339338,0.18335014775655067,-0.10920442020070642,0.001554527092249014,0.08734755120945015,-0.019138945604131763,0.012056860447949624,-0.13423838910306896,-0.004354691026020041,,0.35491004073150756,-0.21366849195845494,-0.02300299900288172,-0.090646634733626,-0.07166285221766888,-0.1902410393169669,0.05195525690255276,0.19758939307800905,0.032581423027002065,-0.37174883840991224,-0.4728377992619266,-0.1897355036608097,0.012636063102115402,0.15073989925162312,-0.028855643315832902,-0.028975030165493854,-0.35007849670032076,-0.31530802925251367,-0.3310992298121147,-0.6530957654825087,0.42079712712062145,0.5350112642641951,0.34182698400930067,0.6144424405530089,0.41840295841210673,0.9789059135817695,0.5086547630859748,1.6719745423635253,0.35438600303974455,0.22107872960783048,0.46507357219949697,0.021064763166580125,0.12925920264085633,0.11019936265932251,0.49059839512755987,,0.09334572189050205,0.013231269410231672,0.2440229030773955,,0.1769759203739676,0.5214396604407723,0.6455201930609307,-0.16883595318798694,,0.16393376052525976,0.0771496146734072,0.08731679376682244,0.2441673096328849,0.14639752194691402,0.5841584544055152
2017-09-30,-0.09252744117035416,0.08791194878072783,0.02750436888793617,-0.11509239443644592,-0.1520703079024308,-0.05956081257096635,-0.2848795171632128,-0.003745024112589812,-0.38073575969034523,0.09777769395671054,-0.031224360587521538,-0.36355722966337933,-0.10512745400181567,-0.01947151598125485,0.15460374804014165,-0.45038841015795605,-0.04497215434012458,-0.037513344348758526,0.10669824864910082,0.06939829334824377,0.1811629466991289,0.05830413589550032,0.1351824912001689,0.16541371581816167,-0.0061131993151264385,-0.14421388636783106,0.10638773367920518,0.09686200166645675,-0.05645255635953339,-0.018578302592940354,0.1068557910259591,0.0011908065008923163,0.07621197979297678,-0.25780587201290495,0.33816285396840495,0.3314971177264483,0.07501450139429644,0.33976708598386596,0.20792897223716422,-0.17677097251075136,-0.12232565707249543,-0.022557379674884248,-0.16168390819134015,-0.12942360553231413,-0.3393041952520802,-0.28441926843356835,,0.1621490098860292,-0.456934143337531,-0.019788753738059217,0.0826702818790197,-0.04573977740715529,-0.21948135406310576,0.18341229333762654,0.2170546095944863,0.0831350751703619,-0.3574357448426877,-0.39950956281373284,-0.0668280644385767,0.018533423208614508,0.2894007214112053,0.06413934149205258,-0.07168784972626574,-0.2603550716099281,-0.3135923124001847,-0.3328729176244025,-0.538309223108075,0.3609577281706402,0.564752227185674,0.390862263543555,0.5466150250814963,0.2822934067198488,1.092761727468785,0.8079132978149139,1.8086332364702082,0.42905976637674437,0.13594534760458354,0.3965100196478166,0.029224561312569897,0.00020013316845801654,0.15273936222989426,0.4729579855639159,,0.10922199191769977,0.072574104780736,0.32407820853825875,,0.1575372278692575,0.48576888067351565,0.7975602463224427,-0.16217526338749122,,0.23965004825407976,0.05055599538226896,0.07456609444606577,0.19277148905754737,0.19755726862447598,0.3333333734711408
2017-10-31,0.020967199018369742,0.1670365570602168,0.17165333178659825,0.07543610828955893,-0.07639300419966899,0.07306368957027298,-0.02495450408805311,0.2888211210595144,-0.21898974905464563,0.21010082646183248,0.24484178194734696,-0.1306008955221447,0.24183291589263844,0.08397870392664641,0.19463216974046227,-0.2959763609351185,-0.004596349575936687,-0.13967416081214978,0.2610109963541809,0.11078618728411671,0.303522310897105,0.15820495435298354,0.18254702695544878,0.28490786954604386,0.06643997126371981,-0.04436373083352785,0.18610018230290226,0.13140003847080917,0.011437548991800828,0.19469499883369012,0.24546596994780345,0.07947540608184589,0.0926856575398054,-0.26169015233979387,0.3524408536313981,0.32566826329482645,0.16637593005148754,0.5114101138424778,0.22172684722383362,-0.08380497696243239,0.01613022603088421,-0.03809257195005855,0.11944688908785572,-0.13480026326428818,-0.13286076400830504,-0.06521549307545327,,0.4438744246828057,-0.3162910484451009,0.019237974794417356,0.10277613191942914,-0.1023684045904617,-0.19611747766560295,0.19944821442024274,0.263038947202207,0.09844553720205762,-0.31789603744244077,-0.412705197465558,0.06087544970986847,-0.13778263553212367,0.24003493173246593,0.06876797285682601,-0.16013040673193824,-0.17799645258340568,-0.15031053789129256,-0.3596491203609462,-0.5940895521095944,0.2558142127689085,0.4160799326767821,-0.015094681944405552,0.42518522474910103,0.20539550776444004,0.5130671665496436,1.0345018565192277,1.268125862310432,0.29528983887673665,0.17730519546944157,0.2774391012423256,0.1336707641881334,0.5400124180755881,0.7521993414193819,0.2758791496387205,,0.2236371653815621,0.1557245706534136,0.32472527296133746,,0.29617488643064593,0.45015254097831114,0.9232007797238992,-0.05156956140973934,,0.5247781597521659,0.16919052944411606,0.06481774228317438,0.12111623630839352,0.2939937908659871,0.5333333686546053
2017-11-30,-0.017990691050650987,0.07006945735088599,0.07801864548122595,-0.01909868668077941,-0.05104022319344215,-0.006398325512705361,-0.23162261647655003,0.25855354208911496,-0.35994606390062767,0.06758224251605349,-0.003378121983715787,-0.3687374494485003,-0.06614050627165069,0.06070897941805309,0.0912561217897685,-0.3621134255137006,-0.04498556241786311,-0.02023900842916959,0.4530537441344573,0.3177767246467147,0.29780616710198915,0.22266874413271598,0.23322384727706824,0.19595584001211042,-0.03670384605952037,-0.16382090664821702,0.024231073667298597,0.09767563704116733,-0.054145172594505464,0.14390606053010058,0.09334717382280355,0.0046062972756812925,0.12267100715514556,-0.34897170698470614,0.32224806947737394,0.29844980526295184,0.12412903997309122,0.3312856389181076,0.3956867353222684,-0.2176571683277322,-0.18249940404592724,-0.2912424576423859,-0.08094958563932975,-0.20052539411704606,-0.25450954923333025,-0.2557236305604642,,0.2142110864960327,-0.6474446774966982,0.12188229004848083,-0.03704910075465717,0.09398182030724977,0.15136117502643698,0.389883897124476,0.22355952684378555,0.20060811901263365,-0.14239514196187064,-0.21694662577247426,0.320952167964639,-0.008346827299175574,0.3004114011432224,-0.026894502794306496,-0.22239264092519995,-0.21347149536260923,-0.2390077223423548,-0.30477764895406523,-0.3581553995688552,-0.08925089336982239,0.32039470037239925,-0.18708819549946554,0.3306927011707217,0.13696407044875625,0.19897434984773366,0.6492924954954606,0.5184381338973183,-0.323495974365804,-0.045692712485300935,0.06727329990659503,-0.03528227766865677,0.4158678147874777,0.4355757691486266,0.2593570106615577,,0.2450433316216234,0.13236972240391087,0.3362316926197766,,0.18154334091122015,0.3394667630658086,0.6707669794881936,-0.1950836218620633,,0.35100855492720084,0.1977656835380388,-0.024967855525799165,-0.006102753366971414,-0.08734765789514909,0.20454539604916033
2017-12-31,-0.042094349742848425,0.05112678679517613,0.03768184425814991,0.01908005628565479,0.0267972448002729,0.08163463210576682,-0.15200916649508744,0.2476931352484426,-0.32754203746331967,0.02890486278120541,0.11024842193432116,-0.32430659388166816,0.013077080151348008,0.08596821772667473,0.0965218936966068,-0.36379982962830215,-0.09565394667662586,-0.03857547468033584,0.3822839562689544,0.30374739994358824,0.2593603736936114,0.14484553120273613,0.15486457640778206,0.1403109928159123,-0.03815525583796597,-0.14721595185201886,-0.04953771285497377,0.09345558711354895,-0.061945975471927484,0.16630454485010437,-0.10511081994222049,-0.03152131111174661,0.10199884678157578,-0.35130037405962855,0.30406900159661254,0.27937399243618133,0.16652420419551928,0.41793649290870105,0.21852703140551544,-0.23532380178411005,-0.21824245231835704,-0.33234041932519665,-0.10007982652732916,-0.1899648455470423,-0.20472596667588594,-0.195721464138487,,0.22376269462625387,-0.6300294807197565,0.09109542812864624,-0.22282616716727421,0.04984499282307997,0.09836891222447264,0.37083524341521934,0.3228179189197906,0.3376205130667955,0.003078992192912189,-0.14077749184636434,0.43551888822987994,-0.07212140853324023,0.227114778607292,0.010466983733908197,-0.2845187795579346,-0.16171615307182208,-0.12581925359049606,-0.25663721444733856,-0.17971640683200496,0.055344690723036605,0.3362613587388621,0.15429904619158363,0.31084237174555107,0.20948299161716522,0.4513226603043845,0.4782762797478952,0.5478971203827709,-0.20808552187507878,-0.014630979460310556,0.09701115278716954,0.012420500679710011,0.39008577460371097,0.42937853242636304,0.38127824411507816,,0.33786516824866997,0.15626986663459186,0.291732902236707,,0.25813760290008303,0.3872349799746828,0.6804111145372806,-0.15257512738297352,,0.23523942973351342,0.2201487597986893,0.012328495086076918,-0.05184473118597244,-0.08337897122256743,0.18750003326152043
2018-01-31,0.03497272230166981,0.168962506607087,0.15114752455507374,0.06796380517678746,0.14024341331274193,0.20043718443808634,-0.08480324874189415,0.3392818310859591,-0.2827118639124041,0.08374405356648107,0.182301681228751,-0.405233495435361,0.0507395506140782,0.21346687648305562,0.2199255017657331,-0.3191457893163303,-0.03590893991887356,0.0029241269730075903,0.06270526562948175,0.5830713142701369,0.30998888824225923,0.24757031355048653,0.15323410766266932,0.18839201510718295,0.10155114019630873,-0.17552723202109344,0.008410804457991583,0.06871273366320296,-0.03808221149824431,0.12990537306893635,0.0256822954425846,-0.018724329057594136,-0.003004647463000998,-0.30567540827904405,0.45436775338707136,0.41232112457258885,0.28042846672200916,0.8464046181035683,0.11995814996431275,-0.1713228022048513,-0.12204482625334079,-0.2681569592227486,-0.041816322996801825,-0.06413903208029315,-0.04550482652078225,-0.1762859853653448,,0.19634288141486111,-0.5735692754799375,0.041492844115023964,-0.2124028773778155,-0.023371599429231615,0.016306916691853468,0.24456350841193508,0.14845157672215348,0.10769244245251897,-0.19118300478518935,-0.24319917192380314,0.25140088368226454,-0.12971146240288833,0.06328304820013986,-0.1986599182676918,-0.38203686058705644,-0.35622314061710314,-0.29791666750607293,-0.16346154140062363,-0.4204687966893559,0.13873905583957247,0.2555040752472262,0.08893335348693965,0.24378390296666463,0.16007909849458146,0.2549180164299101,0.4779148550648966,0.27532466728222005,-0.17787926330510406,0.12298759471824816,0.2979322217553084,0.10336642266893681,0.2960073398482965,0.11090657607828391,0.3825417398805351,,0.33716465750623814,0.20439990155502663,0.2267793851270583,,0.2298462890338222,0.2922746210151568,0.5869673018382318,-0.16211644073364362,,0.25097252423768635,0.16788188057586417,0.008614628330006813,-0.029637242219047177,-0.25298373609191993,0.09937886037252985
2018-02-28,0.10430431236537485,0.14750802311057942,0.2574852767260707,0.19372684704792698,0.19982591505599956,0.2442990963806544,-0.03948660579078078,0.21284313892728335,-0.12822222062475563,0.08506120317643795,0.34648933525085646,-0.3884180234097555,0.12179396199881398,0.2215521429233427,0.1931633138644515,-0.2332588564428315,0.021528289713523163,0.3253963649610716,0.16989184563479487,1.1278917573563563,0.42080230305777944,0.3238893160355292,0.225530769698717,0.3622511969533835,0.1540746763987011,-0.13419744343333206,0.1468334082543341,0.0386403454522144,-0.09240952008208025,0.17710721053699574,0.02015859321335345,0.04866209575063429,0.048975344930518805,-0.3002485187013254,0.4544208466632522,0.42612395283620597,0.3424694962587491,0.6913813086416525,0.3517212171303101,-0.06322287810467286,0.017373615770576833,-0.2239322760613366,-0.08726459988982682,0.009260420721866502,0.0958669788581934,-0.1415913090512939,,0.018517585138110082,-0.45667930764073905,0.19148663538870858,-0.26587967492917197,0.12213044536774209,0.12235700196478505,0.19705981317416787,0.36407862860923235,0.22316389400428505,0.03264046958841704,-0.2693432604811645,0.4148824493934342,-0.1707104021157323,0.035732935930745446,-0.08114191317478947,-0.3101495419671143,-0.06402805772707287,-0.32599137051972304,-0.14893611624749103,-0.39617161809104673,0.45522405472969396,0.34130537705422914,0.4824204159000949,0.3835800516579839,0.34995986818374325,0.3211004181823509,0.5039028035296027,0.5791341205850429,-0.3574108339423153,0.0980072023872609,0.2620964609352474,0.059976957312316115,0.28371762984429405,0.4034357297947133,0.38154913903896936,,0.39286016063913753,0.22964249553259908,0.2468869408180896,,0.3656991431109642,0.2304876315401556,0.5986361127903057,-0.11123823324042192,,0.39017373265364474,0.15527061018242772,0.1296119782508094,0.06497744519047943,-0.14395851122869585,0.05369130362637864
2018-03-31,-0.04027071269650495,0.08420228417157061,0.11366941488983229,0.04671951174684974,0.0733966519580822,0.20169715387604814,-0.2610263544499474,0.018557249140004117,-0.3210073501402019,0.04662638531274288,0.2131146985984309,-0.44740527177926015,-0.0994273632464463,-0.02112286707855282,0.09550308104026084,-0.3453768159313213,-0.10122456108934907,0.44891656367431,-0.04325109725072729,0.9109722819339188,0.2777497517630201,0.19922425919366482,0.17038588249294095,0.3605790420374275,-0.03246707488804035,-0.23534069877322428,0.0700209562118117,-0.037239636996147185,-0.19921524461309648,0.11106403284952937,-0.1602562649445206,-0.02018476030601335,0.020530753864880458,-0.28544139900167476,0.4174787121462702,0.30315593240796135,0.17824260856404406,0.572077755769278,0.33307324152392104,-0.13405967608963654,-0.044595939212801694,-0.3542487602292207,-0.12080808152152223,-0.10887891363685742,0.01962275159982152,-0.2531834457164772,,0.08719651047468968,-0.5000394854126174,0.16540979298330072,-0.33289478728682087,-0.0940395338275124,-0.06952252704162287,0.07897756138203449,0.1672503075806282,0.019942945355665875,-0.1327761147689519,-0.13878202395554895,0.11783585342838387,-0.3657045362372331,-0.11819655167298249,-0.13197635646264372,-0.3068128248490857,-0.05321777527800453,-0.34605911608703865,-0.13269223186391066,-0.5409212103624037,0.39221579043746146,0.49770444503503786,0.3325711702923535,0.3769149519754582,0.30549328592651315,0.5096755068669185,0.3072674167715208,0.5011820226147827,-0.14372696290112807,0.11655108751589971,0.347734282093874,0.1479813601068405,0.3886267087436992,0.4426503991201558,0.3576847696657093,,0.28422326439209833,0.21077698635986297,0.13419330416496944,,0.22278218587018106,0.1438577674569761,0.13438558216369567,-0.0832650116874033,,0.45716306665839523,0.05994352181665752,-0.01448355648641253,-0.059972358347756494,-0.18333969336317624,-0.08450704816550747
2018-04-30,-0.05042049148735095,0.1116765612491668,0.26552609982812214,0.14381619832732273,0.10744035710203081,0.26722743439020635,-0.18930349972647365,0.04011459242135529,-0.19566513050347345,0.11279568991444577,0.3796124314930014,-0.3216078242242908,0.0339272589012003,0.016252199352543295,0.13675024484713405,-0.12868458859154475,-0.0725860952129912,0.5693675011861403,-0.15864754651173996,1.1148793541819404,0.30198858499605796,0.2583598628148023,0.18918225512685694,0.4868117152811129,-0.15246798318061217,-0.2553783504175354,0.12653218103810593,-0.0744531383888688,-0.2005718389857578,0.17861072547991386,-0.1859995332796779,-0.060560088726396955,5.430442784404299e-05,-0.20837715581581506,0.4921338529047241,0.4755788419354685,0.24525892489535583,0.8061553887770179,-0.06478341338483629,-0.08053645097633011,0.0402745968490803,-0.31558946883489347,0.05873560066666794,-0.013471145100264259,0.15418666545033965,-0.1879136054356434,,0.00576348759710843,-0.3114931785337628,0.16618780657466292,-0.2860694973574761,-0.11213717600175277,0.03318208325866445,0.016275660300970163,0.2257608860809679,0.13180530195988438,-0.1642963162325991,0.11213455000033101,0.25867942588703463,-0.2713343620035916,-0.08178687594244805,-0.030449238141205814,-0.3247773984952659,-0.11699785751387093,-0.24846258944861133,0.13015181936126363,-0.4919100375676829,0.3780389365984722,0.5615137981727103,0.27009737035999204,0.36983465373277613,0.3038528497319828,0.5152190351801458,0.3329380139715936,0.21261000727351442,0.03422622080692128,0.02203687705841295,0.2448139132971936,0.11431190121610224,0.09998486784108795,0.29046320506284107,0.3594015870119658,,0.18069142110235847,0.1611929322894481,0.03998499842987724,,0.29665910064012135,0.16708490234135853,0.05407393370470892,-0.08366228496785522,,0.4632651965830501,0.07227037142660331,-0.04744705076014544,-0.05081065838305332,-0.02844862744570953,0.05645155863260798
2018-05-31,-0.005710061676993172,0.24487497069503106,0.4904690110649652,0.3173330739996343,0.37546751675780254,0.3847566957172499,0.07670543047914391,0.0839206014110998,-0.10429343891689724,0.18665817501159965,0.4365951139893358,0.13012297171554943,0.2913073155293997,0.28663982162686197,0.26020096595007214,0.14494370171086013,0.11563676240240639,0.6615563197141849,-0.10772362402861801,1.4942399320013608,0.34515838488563233,0.29170400961964904,0.24612413105327735,0.5188109658961157,-0.06054522147706409,-0.12909303155603769,0.27904699629551843,-0.0491162049880014,-0.18130013219007024,0.19376041901051622,-0.024777136989580395,0.06651937211361014,0.1223875152541094,-0.055079463650738236,0.8556008159539621,0.46983539605856817,0.4973617598720428,1.6083339369507215,-0.00034824481355377745,0.007825137169401586,0.19228430407457453,-0.04470478596026517,0.19053601375778517,0.14911136041454132,0.37210288582969,0.008802724296877784,,-0.028502009520039562,-0.11924813245080346,0.1610785177136751,-0.15811025339117968,-0.1241437601594716,0.02789597453080961,-0.0373873505930673,0.11729212713599257,-0.09976795420969631,-0.2064305379012874,0.029631511741051275,0.0858072197409081,-0.1938477436035303,-0.06358641319696079,-0.07070043088378564,-0.33128233039263544,-0.18426717641285328,-0.22580670503610756,0.20806794291641695,-0.2884189997339103,0.3274514294287829,0.5345384729499332,0.43883499308984497,0.44299270437991556,0.3918757334371694,0.6899983728975934,0.554341222115089,0.2115117351541944,0.2597624249744628,0.08821588396064839,0.3412127826996003,0.22710384933434646,0.4830939940373473,0.7219701341102163,0.5494504564600562,,0.1789907053343398,0.1557128096434517,0.046307411711153046,,0.36558384530758836,0.27900001600187196,0.06641084802806296,0.20252914190770932,,0.4795648622340396,0.1579134598091081,-0.09811573395158468,-0.12535868475370848,0.17062553653459278,0.08633093957075211
2018-06-30,0.04646196965256344,0.2374364473322339,0.5653741961086136,0.3102729907355357,0.4572957663470887,0.3610057374844111,0.3070591171357062,-0.08112780307527656,-0.1464304760371492,0.11251587900474802,0.3135236192299058,0.6186334439043764,0.44914634367933703,0.22464734271580822,0.3954060081216064,0.4497138789155526,0.13939802763897635,0.48697412242956184,-0.1664754217339176,1.4382737414873334,0.38790663119869495,0.40278773258976375,0.273081206965069,0.654210047179334,-0.0831993858942004,-0.10091937673861417,0.3788571158320131,-0.09526351575706671,-0.17428773524133867,0.3676865909471727,0.031246550707282994,0.13692583745543252,0.14903771177220437,-0.047931023659666394,0.8602150684163945,0.5511900741285383,0.451878377669684,1.8986888008212377,-0.02940183933073892,0.06693627167656024,0.1794393283363236,-0.06950304068719915,0.2629150722815381,0.16029141762024102,0.28140857102198913,0.027501544221973928,,-0.17211598994478183,-0.06535273504145922,0.21116036260297322,-0.1432042965287399,0.00601440646847573,0.11906461678463653,-0.01345672116484542,0.16058390529759725,-0.11547905648788204,-0.10736632792961198,0.0451551662386358,0.043906056294867435,-0.22593440644355645,-0.15553962418571654,0.05951187258149182,-0.260556225566121,-0.06060596281834585,-0.14681107141888816,0.13087941938589798,-0.4316200381928692,0.4110849360293667,0.4424792176937191,0.5964417881687225,0.41856514835681136,0.46126566397820734,0.5885709613656898,0.472281945267232,0.13735554557945018,0.2225434569174063,0.13054156098651348,0.3977441617217312,0.31546988723323865,0.6262987297104894,0.6766607921226615,0.4205530106263051,,0.19857820789965852,0.14988917613061092,0.040621135214762294,,0.3662635432502852,0.21157338437409634,0.19916864065900075,0.21587780135944845,,0.5208722345456747,0.14555550450692256,0.017178546460755006,0.009674602073134198,0.15422674600049557,-0.05660379338946264
2018-07-31,0.07484125549997023,0.20261930381904492,0.5574055464505641,0.3142565901059762,0.41269884094085363,0.37349633727218357,0.32909928333832417,-0.034844357233176027,-0.038703117411501564,0.07628106648847455,0.23866447450634687,0.6670949774604651,0.30410655078495075,0.21413225706659866,0.28635709397849163,0.2561624054927285,0.1814911625757265,0.14048713494753673,-0.32772280650215246,1.2692112953757224,0.29933400202143634,0.37839664045350974,0.25899259146918663,0.4664577231621141,-0.10674520119737407,-0.11225356225528149,0.3025158771661287,-0.11897164374964342,-0.08925497873405941,0.44225648951180174,0.04635152703111722,0.06724396537213839,0.003747485858197175,-0.06551573761500407,0.663811093408937,0.28707227484978404,0.38206337861907147,1.4479732793764573,-0.13742953503400235,0.006842694973298036,0.07931559621400952,-0.08541302030674136,0.33416788076816073,0.1267586247868122,0.321284020562423,-0.06439809216227244,,-0.2831271834998902,-0.14617417798526788,0.02605880127674509,-0.1034336727698364,-0.009205886143143882,0.10594986396219586,0.020335867677337083,0.08063840953040224,-0.08737866511443027,-0.17527752725967893,-0.12569720770412207,-0.0895255656441799,-0.19488366855219064,-0.25216675539083366,0.07018096424717113,-0.35483704911989933,-0.0821255651504127,-0.07290388280145987,0.13827657091572232,-0.521628048944289,0.1838665890293365,0.21731387014935422,0.19638081211107772,0.23951169908698766,0.254121903543326,0.3063592935963315,0.287911903086703,-0.061382636740011653,0.0919689182540322,0.11129831107354882,0.3194402670663228,0.23834982756293654,0.32049756774412574,0.3262935655182797,0.10319965145244603,,0.24177258686080605,0.12445346429184934,0.04323713780860272,,0.2645765214016065,0.1707538414460723,0.1769970875598339,0.1743744385774142,,0.563653747745011,0.14467371194854328,0.05740473459493556,-0.005444341927480223,0.11599138751439075,0.006249993946403354
2018-08-31,0.0998031146813676,0.2064977503422094,0.6845700688089167,0.5267787046243582,0.4698458978618141,0.45468866190158197,0.44362310575617037,-0.07427687430326946,0.21179312190379096,0.03875085136080281,0.4206957725326286,0.6739729100187812,0.4481649364683511,0.22451531820358706,0.3760918492326728,0.3066862484886188,0.17129627655719037,0.30854038337599277,-0.17248248562609791,1.3930670581667606,0.29300329083901877,0.3546437646285103,0.3207829007338281,0.4452082900657668,0.04783241866741572,-0.045225706262493115,0.35389137295721307,-0.07750740786884758,-0.07390825736960327,0.4839918643063692,0.1056688915288233,0.1843594122590817,0.11689645781600522,0.20741632012870315,0.7810211829897884,0.5707518775875182,0.5040223053348916,1.4281874752575732,-0.07242869638902594,0.09548622605108092,0.10655426416474922,0.03688887667678098,0.594051871382572,0.27674595417707404,0.4966223198484985,0.08267632639692435,,-0.22531389374641875,-0.06238280882105318,-0.032423659316088815,-0.20755683750778853,-0.17658337192170814,0.02111702130926596,-0.0935416577747159,-0.08265617480857368,-0.21052603153025284,-0.11753760527361978,-0.16286102851846473,-0.14668564555240837,-0.3460455607351983,-0.31020417468393735,-0.11207595459523678,-0.39251452692106836,-0.19999998908862526,-0.06082036562302662,0.13250515043373423,-0.5983750011856024,0.1227108879087655,0.23466590496260298,0.06461625444166907,0.16916631512132096,0.25511216992531316,0.3535114494695375,-0.013901550430066245,-0.3437499938929669,0.29066978858729686,0.2453487694142007,0.38985557158251494,0.26674182206301866,0.36579968341594293,0.33461350642743537,0.19663563971151254,,0.301389810874217,0.15913853071387796,0.048987341540416285,,0.2683583628038806,0.24003893768964102,0.050501275775335364,0.523092224645042,,0.5683377546452446,0.08658422529356757,-0.07033809869698737,-0.05338222864842079,0.0948509180102588,0.24999993226745176
2018-09-30,0.01755877270527706,0.04663933741178039,0.4951530079057589,0.2299233924750883,0.28431136078470787,0.23843521690061764,0.17563482805202502,-0.1011201289113497,-0.020835485048885216,0.07234295046551042,0.2058935120586658,0.4758775091405203,0.13080114395401665,0.043732644083062544,0.2027064050148799,-0.05866186661019546,-0.009931333297757416,0.08713146150903817,-0.320915630338828,1.4561350919683913,0.1395905401827997,0.18048403398735502,0.21808785928185448,0.3326560943993615,0.022186333802699743,-0.042088584515141414,0.25333902506999784,-0.10974567095264531,-0.14633505405741865,0.4860126653679735,0.07932008227151699,0.1680232698665034,0.08426286463248678,0.3009373023575044,0.581299254932129,0.5042515156474021,0.33130733748596275,1.1217352416971647,-0.023113157355601377,-0.07440801426548005,-0.12310994362812955,-0.08005259046005087,0.32272688008755157,0.11667939516883452,0.31474417483539585,-0.17861958904798958,,-0.4355876393110436,-0.21480530155822286,-0.1649878195383263,-0.18119189887031772,-0.22808281491357152,-0.08396000098503276,-0.16608527857336175,-0.1036134239304276,-0.2924527636067088,-0.14297562621841675,-0.0798199419399297,-0.4159799562730081,-0.34850605667725154,-0.3778381747909678,-0.0780516401746365,-0.43233748342298983,-0.3819368633905986,-0.1871344562127838,0.0456620557167875,-0.46026908245144527,0.006393106252277736,0.12707665547255265,0.09734527679392535,0.07870794638072454,0.2143980547950799,0.37882529831822853,-0.04182726845904694,-0.23884198168692217,0.4055945755085566,0.13584854061569596,0.3428011429778701,0.18040131402766502,0.25995573263155136,0.13096238987754893,0.17599599276101152,,0.155832883891049,0.128686703103702,0.035373926351534024,,0.16913046004092402,0.14131296236925328,-0.03765473031570232,0.45253162157826043,,0.5217479164406909,0.04752445656851911,-0.06515512013897984,-0.028070249337773134,0.08574826669410052,0.2391304667069618
2018-10-31,0.061380915341968434,0.09539963180374755,0.5338916687356052,0.2832584366251756,0.3272744799756271,0.26404233514972986,0.09020131976635515,-0.17966760814312666,0.17199513205011496,0.12455007309242028,0.24482097889935384,0.5005290944343677,0.12618259390378195,-0.03489917386059593,0.16558589713087635,0.049807667940718,0.012913293635775647,0.1380045191764374,-0.37092836175388333,1.5044639490442986,0.14415676027853652,0.1992301461444559,0.21488025817401413,0.44252421401822106,0.0005871585276893132,0.009182182016804541,0.3161672910563851,-0.1091193111010278,-0.1224073633367857,0.4867346311631522,0.052594319138124845,0.22722612562545974,0.05259782429333204,0.30161288084661875,0.48798710598900374,0.37228186731367985,0.2736324679632085,0.937409624840928,0.07006978191730462,-0.01912074160891919,-0.036108062204766256,0.09981588350055048,0.2665471762170506,0.1613279303955497,0.32305024901024804,-0.12944552945377996,,-0.3487122165833808,0.13537272528591382,-0.15298059561048805,-0.1510394149921166,-0.2253004178431821,-0.14113199214317707,-0.20189560125966766,-0.07599347719315497,-0.31645566140811154,-0.0713828495751021,-0.04046234822656858,-0.38004608519529326,-0.26924321768812143,-0.387532214545391,-0.08865039544133835,-0.40688633829572673,-0.2977602040915803,-0.15851872258252975,0.035545048062815,-0.5146198473717009,0.0013606056935684396,0.031412036004666355,0.2019491586777442,0.12816925705156246,0.28051113618211354,0.5944684921068988,-0.1544580070595143,-0.14499998092651367,1.1241608540943306,0.12417063185078869,0.23432454401099712,0.13549438426245675,0.19643797100935667,0.1735503923320647,0.08200924858309744,,0.12311416831590116,0.07581425704134515,-0.0909918701061897,,0.02577799850686735,0.10841138869253664,-0.05395202005411803,0.4592698951502252,,0.4762816580577436,-0.06791020949736692,-0.07834868337922696,-0.1536738316635946,0.4124899324361706,0.6226416240174792
2018-11-30,-0.013695270771390433,-0.03491686618634293,0.39846970686481287,0.03612808506658194,-0.0077580747628793745,0.029914677785502608,-0.15302402609646026,-0.15695446266596313,-0.07468999236702578,-0.05569248857474718,0.008391594454936202,-0.016617754628883596,-0.13075893911926495,-0.1693718017681033,-0.02666896427339227,-0.09496602084731542,0.019255957641286958,0.6787010978430925,-0.3389158322796939,1.0680525002270858,0.02748022159587915,0.12851074150436226,0.08940940686517318,0.31529506526270246,-0.1216116383890179,0.030772793736679516,0.31321096748828015,-0.17896143390037467,-0.1490658479840966,0.2502069381002332,0.011197329342908846,0.15853671153972715,-0.013875954069395346,0.17640775803207287,0.08863360360525663,0.14579801169491824,0.07640469318350807,0.5412477375151654,0.016323813155438183,-0.15873586003108608,-0.15628267558035958,-0.08796868071940167,0.10255424067831731,-0.0698489056858953,0.09796577368913129,-0.22433721638277637,,-0.37037619023788837,-0.14614193738933468,-0.15224573132506647,-0.1303632074527289,-0.18422903473614616,-0.20242978332682893,-0.22021181353845387,-0.06264272978174235,-0.37740380942777607,-0.09362953947143793,0.0,-0.36044820792030274,-0.3685224058213855,-0.3425104000373934,-0.02400129274131324,-0.356602544695497,-0.3727033568254544,-0.16791571561784535,-0.097619015721776,-0.4937163652080947,-0.1551304347034238,-0.06899431365097719,-0.08306103768188289,0.09059742643288282,0.17020000869075846,0.4844234328735417,-0.15707024191040364,-0.40075471266260687,0.6156159407606032,0.05346602468390538,0.04539667706641559,0.02081831449618643,-0.10505648857130934,0.13702234822841075,-0.1749114101799789,,0.09764288127168852,-0.027984082347225492,-0.23827562758562437,,-0.11669178605474895,-0.07804914814703712,-0.16652480232999356,0.278484967499647,,0.3095873111350955,-0.2263575130942872,-0.18938593244758484,-0.172710587513493,0.15264850555613352,0.0
2018-12-31,-0.01010642226000269,-0.013269693631234758,0.2273162759474472,-0.03647854641191084,-0.01605281267994607,-0.12301444514181914,-0.34342146808394713,-0.11149007096725694,-0.1486688084050789,-0.21616167868424563,-0.26758769500863344,-0.15101072694031425,-0.4939722786826588,-0.278338730645882,-0.09939547231769508,-0.18109533518236198,-0.029998096961446397,0.4260574422604486,-0.34657353433338045,0.3542314955800385,-0.04132509685134922,0.015453640348227271,0.04368022545685424,0.13239680511456475,-0.13814973035781863,-0.014256273487695426,0.21003592681295546,-0.1286363945660719,-0.13545021339677843,0.13521554958904947,-0.09274304364920083,0.05350130974149825,0.001243939077051115,0.1757585975346163,-0.10189203465789154,0.013305274840299086,-0.04778719350536398,0.24639873981193983,0.1077161827408104,-0.31570652360196083,-0.34898225468280997,-0.26154291907685845,-0.10530135574243771,-0.24899085915316732,-0.021390725165406743,-0.39349249827412724,,-0.47271457917296256,-0.5141067517620314,-0.1276678336833268,-0.1673995582864779,-0.23071807549830015,-0.2795571076115405,-0.1289087506924197,-0.09867287082399234,-0.37268532013208355,-0.020126491289204518,-0.19786088785078726,-0.3069993417546939,-0.504476939583189,-0.3417710611821435,-0.16322403399688168,-0.3982288303768181,-0.47333332824135854,-0.2878338270417138,-0.38505743924002755,-0.51683169658049,-0.36427568507708674,-0.2721809760647803,-0.2208531479142155,-0.0637024819609634,0.015559375699619515,0.1658890841156262,-0.40950439697389895,-0.5427698665322069,0.28710130987458315,-0.03221198766133726,-0.17348917256224983,-0.040553714031902444,-0.14298020157724212,0.08782108089623586,-0.2871057672495211,,0.044467769570821325,0.0008444342483795442,-0.16874483741065183,,-0.1313271303128406,-0.03866846782188271,-0.12073964350767774,0.4066719629688247,,0.01942588080402241,-0.22030068761009503,-0.16846967485668718,-0.129547520231438,0.29348974016565865,-0.2542372504653203
2019-01-31,-0.18652956476800997,-0.09862631512046782,0.0792159284672651,-0.2378889896337254,-0.1456829408456598,-0.2590832198783203,-0.4504784622518636,-0.1451566526735979,-0.4046385559427256,-0.46006837649959675,-0.5208269454425059,-0.36143196926705057,-0.530241571151852,-0.275774890796174,-0.20977053946610114,-0.2542387008754967,-0.18347352435700115,-0.01656650315028152,-0.4420142740551307,-0.13206242506091004,-0.12161269710880018,-0.06265000363688356,-0.0552416535709811,-0.06300574740098996,-0.26058157636484436,-0.1133668179651175,-0.0472451671968096,-0.18646375246827585,-0.12345159115591642,0.046499350879522394,-0.2241754297056463,-0.06665322361208148,-0.12686914058203236,-0.006661252170509946,-0.19295742838527197,-0.1259184989052614,-0.1335352766303609,0.08927286238148135,-0.041279027876351626,-0.49314537589618823,-0.4960761113162202,-0.3152949565251224,-0.2956800512915818,-0.385717192238898,-0.30525944114713366,-0.5581233112417299,-0.4117053098874144,-0.497131371832641,-0.7323197293795907,-0.13074156897727973,-0.11969754092983897,-0.1356509999832154,-0.07786649378263033,-0.06849045190193881,-0.02914911338678261,-0.2517321822677133,0.11986833246296413,0.011299391265446213,-0.16356278425876425,-0.39689866015665987,-0.2051665320871886,-0.10255290458172384,-0.3830844085385994,-0.4440298374534235,-0.03758162783065622,-0.2416666749450892,-0.39915068156433464,-0.46626337390421035,-0.34624860739862184,-0.25522216093263483,-0.0842781154912845,0.03719657571861612,0.04874131765661849,-0.4890426045581354,-0.6714606767290094,0.1226277382994545,-0.20582849732850528,-0.3256843029462094,-0.1686696487762236,-0.29723693398268225,-0.19250737399683793,-0.4304139489980927,,-0.013323010033509775,-0.02293946573881156,-0.2758684871575323,,-0.27914914385805834,-0.15161615343527401,-0.18092480442892966,0.07355399385804984,-0.07273798294452372,0.05379761273724837,-0.3938264302156529,-0.2631759932699399,-0.23997198564079114,0.2398132042123986,-0.2038216826504552
2019-02-28,-0.002582213241329012,0.05342764009084444,0.2619342157528495,-0.01483700154507439,0.06223954583065083,-0.1701131248801474,-0.12360506639760338,0.04368854428268465,-0.0141858743536446,-0.30974851851454643,-0.32432432625831364,-0.23604052223554517,-0.34072530767817166,-0.1249065989526923,0.005495679988476887,0.08109149108560776,0.0670708177854713,0.17245061448519228,-0.2880042022415805,0.11028660093560938,0.018241771233761472,0.10261276154818222,0.014874814082783017,0.03417189930486697,0.021150248055859633,0.17106226135934888,0.20136722253124617,0.03217300877791973,0.17082261819016487,0.25000019044650257,0.0021855107790202943,0.15920145089970905,0.07281180662438502,0.13634216019709222,-0.005700612566334251,0.054108146829284776,0.07913478299096899,0.3344476026629637,0.16036871430925803,-0.3086872993605231,-0.3122111766637655,-0.09095370501086708,-0.1554793513847753,-0.18869851579575425,-0.10434568322347793,-0.323070942256923,-0.17708965349865968,-0.43745018503216804,-0.5199462036451643,-0.09254293066458696,0.16427329379150857,0.15404352462978443,0.12625391196998992,0.12379709791777316,0.09468586566379411,-0.06145233089627866,0.5399889374943945,-0.048076740708773325,0.06373199648004002,-0.1204509032572213,0.02592358365522962,-0.006012760253229388,-0.2594955215621879,-0.3267973843973533,0.15254216608020155,-0.10643015403848277,-0.11825180010090941,-0.3655185193893252,-0.3465635652778176,-0.14386516279381256,0.09006258779424381,0.20878532909477387,-0.0569970857909029,-0.34000435144842023,-0.5170603581249951,0.533224025397262,-0.03888886881179032,-0.19375005189972538,-0.07093304780447574,-0.062430435555189345,0.05712078544779109,-0.30711322200387103,,0.11155810617997619,0.050864601355770755,-0.22069671939049662,,-0.16517648334932455,-0.03598274142894442,0.028452645855593595,0.22941247416326904,0.08649931224349205,0.07972089179029807,-0.22023315804771504,-0.13014257607884894,-0.12583301983231587,0.38096387509569585,0.0
2019-03-31,0.10409558409130915,0.0891398062186417,0.1639322976202715,-0.1006202114580772,0.05003423249151662,-0.18297623049780265,-0.06545591229390557,0.03761493800952431,-0.11551869280249716,-0.5057221067679342,-0.37813446096689185,-0.30987642944152793,-0.3377562137918386,-0.08303521272641834,0.013075233955838872,0.08139504055785984,0.0312926534885285,0.1227346556842992,-0.3418068908679306,0.07991252977738506,0.03287439498817246,0.11228840742166324,0.0233961845153714,-0.014519817940848556,0.11611665975146201,0.33348130806304876,0.1898407716119943,0.12217423613882561,0.21464642435657333,0.20579967986816272,0.12195325102770704,0.20284312610242683,0.0782015804761178,0.11561644859776954,-0.09014220113691074,-0.1285286133819291,0.0354789431055369,0.06948910941300279,0.32269294129329995,-0.2938044036874953,-0.3369521539812269,-0.025328196064317576,-0.23256186920159105,-0.23258287792975096,-0.14858084742126376,-0.23713173225482687,-0.02459057472396531,-0.3837020817336513,-0.5176905031741738,-0.11568799741476588,0.040816223041990174,0.021014822431242974,0.08896020065272459,0.11416623721254293,0.04192646484609397,-0.15696206062006246,0.49315100637675036,-0.12970734416422836,0.033600373710101605,-0.06932844138585237,0.17481227646080355,-0.16694915565400226,-0.34409968843308414,-0.40249995271027417,0.10310971535892843,-0.2821497155176722,0.09523804764343446,-0.2556163258886669,-0.308702071125325,-0.12627166425612235,0.1577535229229372,0.27603250734253826,0.009756252399905074,-0.3438611497081635,-0.4782346047913887,0.6058991611969866,0.011241343741692056,-0.143671522029708,0.05917505157614844,0.07968923739629319,0.20903711114010792,-0.27968311461574513,,0.21931053756145236,0.16286909205776512,-0.1435324717779618,,-0.1671389505884534,0.042087521519704074,0.17964613077491487,0.29100849817662433,0.17941695426806215,0.1490473765422442,-0.25670300176567384,-0.013777887779344633,-0.0878907240479655,0.28134985156418546,-0.03816790419867877
2019-04-30,0.08323493392506642,0.022658141481766148,0.03634450181774729,-0.19010766859966444,-0.1058582268574535,-0.20619821184988008,-0.12304170546867954,0.1032099754564999,-0.13695988129660386,-0.5248648508497867,-0.4095909346257628,-0.4524024862528466,-0.41557355456837486,-0.21777569143836384,-0.13057803692105496,-0.12373736505373223,-0.10794741894359439,0.14105402374859843,-0.35590191042527786,-0.02898534792970653,-0.05135494576842492,0.03663295659510335,-0.06632082404964712,-0.10944809779211528,0.1767471069317863,0.30938919295949696,0.20613545415137846,0.10990052382641502,0.23787705703062278,0.1753785634473115,0.04861863286887558,0.1362953838473564,0.0001046340853918526,0.08414695881088585,-0.2085853222931804,-0.17909603912266436,-0.11870886003519843,-0.17143722432496988,0.27434484703708084,-0.34016062072306175,-0.4359788607847479,-0.21236421215374712,-0.3071375727610992,-0.2723402984798462,-0.16473860663891238,-0.3386775066549611,-0.2212780303765719,-0.34513777090138686,-0.5296385289980472,-0.0743584142161442,-0.11392418923937198,0.04552612553485491,0.16281153924220582,0.07226826765399075,0.033271453505508086,-0.11340198938142054,0.46602100329094487,-0.06403929147855258,-0.014181797423104658,-0.05749111998201406,0.17074926715184757,-0.17009657343291562,-0.39689795029957464,-0.4610304412373245,0.015432095080794905,-0.41124782584465747,0.16997170019148977,-0.14317267477012086,-0.20970783601380327,-0.07325404225623844,0.18231619908519914,0.2797307893862857,-0.028828053533128672,-0.4499998552285538,-0.49170003071191704,0.3549805046378216,-0.027445211604145592,-0.1957937950003127,0.05112665948177231,-0.1292306048077052,-0.03763643249852189,-0.3960863267633161,,0.17760147411206528,0.20839134356139533,-0.1358698687139812,,-0.17186679625563583,-0.0781178062927459,0.12715066070530945,0.016661154040787496,0.19639282235765698,0.08240912650750865,-0.2514695518959348,0.07089086690613722,0.04261662799151633,0.12521010943604094,-0.07284769205287711
2019-05-31,0.01969268446194561,-0.005422319143153942,-0.05127091617446167,-0.17849071780430015,-0.2702753177396916,-0.11604368366907147,-0.21949963271143658,0.14214609356451735,-0.15534119294638826,-0.40170449718795653,-0.2985393477074929,-0.5318495449924344,-0.45028786574545276,-0.10972750974865897,-0.14976854444453624,-0.04797481191217445,-0.10092082422615689,0.29456500293882093,-0.2502066835308214,-0.0754451120840487,-0.045359579753292745,-0.0039061329820496704,-0.03580142702914313,-0.13018756322321934,0.11193392309216676,0.24861996464760683,0.04950260309794441,0.19703095827668493,0.20955050300780953,-0.0340740662446124,-0.07444895628017245,0.05397879634736258,-0.051844480769274726,0.04018005116615586,-0.23120825145146584,-0.21327723818617728,-0.17133662085775236,-0.37160160565693223,0.2691787750398327,-0.35467472885884943,-0.419018111310686,-0.291079979871557,-0.3652794715332033,-0.1980924065859997,-0.08709662549769626,-0.33602188374611475,-0.29240737228251,-0.35566363672738077,-0.5124654089650836,-0.16858123779834466,-0.18405794838111078,-0.07029445423584857,0.006283402795038251,0.03007095911828017,-0.017356878843980406,-0.1166667291934842,0.37568837760462825,0.023529396547782078,0.06050928374654041,-0.15907183021235338,0.12512330465467514,-0.27601836294069815,-0.43951776332954406,-0.5521092169277034,-0.1339915635386002,-0.444846326081931,0.46124059488818503,-0.260798107141477,-0.17821012245120949,-0.1254567100138695,0.1467987663772039,0.1640245484654541,-0.03287884435498256,-0.4449760338828811,-0.5253950240802774,0.19406983218309826,-0.08686411639165381,-0.34516527153946885,0.0009067711159993497,-0.15843857150699858,-0.12622722032564837,-0.3217392299771209,,0.17770602645349087,0.30933494822856145,-0.0912280313107473,,-0.18051859296437378,-0.023754982964860893,0.061983385222116105,-0.04710399683416533,0.10439986453553729,0.10973931964416717,-0.2496180772992408,-0.004867732445673845,0.0030011669552623133,0.07403128720701946,-0.06000002225240075
2019-06-30,-0.1071716542943073,-0.06363206912988217,-0.13791127666469982,-0.3369448154588386,-0.384872841356488,-0.2508414983638363,-0.4233085709002927,0.06341249623060308,-0.42750362497760863,-0.5625691668472332,-0.45291170362854527,-0.5990748465806031,-0.5936532988351453,-0.2380735912380989,-0.2294303560490344,-0.2042682480916067,-0.18309403390442358,0.4556194326560288,0.09900835115813433,-0.14296374362190112,-0.0527815652719158,-0.0554795719933413,-0.11726810858299441,-0.24476098707645555,0.01253202030892897,0.18340893823327442,-0.04059234852135607,0.1683634481611711,0.0666696431129119,-0.030832827262581186,-0.14039238662875397,0.07237749172590258,-0.03489595802829215,0.00989999832433397,-0.3398557235250991,-0.32345978061648306,-0.2557212411898129,-0.4318335378802669,0.3455131386623487,-0.46654077903552016,-0.5198544910485308,-0.33302654813689603,-0.5173973224014748,-0.33042212670169857,-0.19588910835082762,-0.40455861146516703,-0.31281570949427906,-0.47232946817053667,-0.6200750442404641,-0.08890658612798108,-0.05120469276115169,-0.03722519034251914,0.021118941650884793,0.06807401176322325,-0.040877064308349254,-0.13031921805567426,0.6267735737511084,0.14102558893944273,0.26129879580488313,-0.14250356196176295,0.11518914249673817,-0.3861096203387516,-0.6214173052208034,-0.6263157818701035,-0.20314548767656548,-0.5440140858372392,0.5991735573857002,-0.4290865446232859,-0.23914106456358886,-0.1992761408183047,0.15271528409796487,0.1359137312760368,0.0010769942469071037,-0.547994941436971,-0.6450793553912451,0.04358130540819061,-0.2159781408628918,-0.44306969716971856,-0.0250833057105897,-0.21644687500984527,-0.14769111735167084,-0.48249865646611834,,0.16503316794581036,0.33311806433645463,-0.29581897120357104,,-0.30205222457157554,-0.12663805272119322,-0.038613355477297384,-0.23277488525553813,-0.08152439359359165,-0.06914993565518113,-0.35183630716545855,-0.022048564674126525,-0.04833844380937491,-0.0986637522437811,-0.16149067587149946
2019-07-31,-0.018773003141657085,0.024762926674366303,-0.1431159460064726,-0.2730567810200837,-0.3704066127217567,-0.16988895430160111,-0.35928081756895724,-0.011685009211889419,-0.3570754806411307,-0.5773942153227942,-0.40656720893250486,-0.5351882539453883,-0.6143900933787677,-0.24255250584617172,-0.23975662792971164,-0.11005156237893332,-0.1768931197188791,0.342990574955516,0.1039805747411977,-0.08031018291978398,0.009719708958846995,-0.020520909944086174,-0.10044785716512938,-0.22138903660279818,-0.005691755724830161,0.21715880887720007,0.02868764898746967,0.15439618091902196,0.05147445142379259,0.0779527063438703,-0.16555922759190844,0.043647776416209094,-0.04794529642020151,0.02481057062642722,-0.24823894047202655,-0.28648409271774566,-0.21542210866360745,-0.36475964177893594,0.31373837171111263,-0.3846481171461853,-0.4506583627297801,-0.2671082227739513,-0.5395775433571295,-0.18573886036175302,-0.13508395663414996,-0.3227925915591314,-0.16397152840710605,-0.4965885769874956,-0.49957304496719757,0.09342419943707947,-0.022471871700979307,0.23848314233708123,0.17641865887926822,0.17460040799497545,0.22264585801610615,0.07777762329975801,1.0132946169549597,0.3352940339539785,0.4604174060741266,0.118442212554567,0.11550272118641236,-0.20759526204059742,-0.4342935154990317,-0.3799999413513615,0.1912649955400214,-0.47897623145380164,0.8849206593154433,-0.28798183443785974,-0.1678556275245069,-0.10961993151128724,0.2400202383838217,0.2168376101540741,-0.05647294485768739,-0.4589783484557185,-0.46057770327388714,-5.142954534975708e-05,-0.15343403421239965,-0.3422602647454155,0.07513237267734874,-0.11033590939601723,-0.09352512753507569,-0.42722939246939495,,0.2233732744761674,0.413413757816381,-0.21551188097551033,,-0.1866221397814024,-0.07185015902169023,0.08283362927637183,-0.1649153072993662,0.01869418176429183,0.08003036017610654,-0.18944394187371327,0.23878480161890092,0.16504919772102733,-0.001555073291300113,-0.16969695480949165
2019-08-31,-0.041807514688211755,0.07038812594846822,-0.18018252580070493,-0.26703564269693014,-0.32419178449016417,-0.1422477131048362,-0.3640393299528243,-0.18872958433715903,-0.42511813287001976,-0.6912298812750017,-0.4615150016204569,-0.6381872712234562,-0.6520832043403214,-0.2386941108415369,-0.2834521336678246,0.009783196593307064,-0.10820895999232627,0.39755384657173876,0.10256697734087505,-0.14748112337577068,0.00856695871825175,-0.03197552122603331,-0.1323740303792903,-0.28665134285804283,-0.12153238185440418,0.22206036447193478,0.10619583865718973,0.20430271493676222,0.008961931066036044,-0.0265950047771073,-0.12747734422457802,0.12029422956537461,-0.12343779488498086,-0.03611266553016412,-0.2536267663048619,-0.29680808675287096,-0.11091029718720613,-0.3194719352373704,0.3566130637444769,-0.338362450116379,-0.4091374588875272,-0.21170486154176738,-0.490399886822691,-0.08558633382663638,-0.2148831681961535,-0.31293601102915514,-0.27035184783456456,-0.5362813004156923,-0.5049484613637235,0.22700086482244863,-0.050187135816835315,0.5268414172223217,0.5419832554762976,0.3754670793741801,0.518702843003455,0.33999975106971614,1.1674432948213962,0.46987955750066535,1.0475922119931043,0.497734724048045,0.5101232045617521,-0.01726754783095874,-0.3455651898805375,-0.1901408770309978,0.6942445473858496,-0.1790392897166838,1.0677970948614557,-0.19983005790605657,-0.14036636926832524,-0.09438871664267012,0.2798910043796754,0.25128917939509443,-0.015909124911249073,-0.49653021914570616,-0.43026940392860924,0.07848523903536253,-0.10527556894070078,-0.2933198437285388,0.15876270671877912,-0.23656751249703,-0.19459859767893384,-0.4735025062161453,,0.22774778340885016,0.4071062385315012,-0.26144701138273296,,-0.22360981932374524,-0.01822114726170987,0.18661700439290918,-0.19075366907901692,-0.00021345042879727938,-0.02623637924136779,-0.2300021882021983,0.2584754136675107,0.2558152671366656,-0.11281758091837557,-0.4210526389171614
2019-09-30,-0.15756881193423866,0.0017429880593573532,-0.3130683702914435,-0.4129609187769382,-0.44948470562438325,-0.27008538960873907,-0.44433176185152523,-0.22892583700252844,-0.5331154980891055,-0.7794050533243548,-0.5264750063422992,-0.7799717751301358,-0.6582732902491579,-0.2530586600413267,-0.22325268766299244,-0.12192479355592123,-0.22994877673497038,0.13316571265295774,-0.43814624166943184,-0.3699459182733702,-0.13194919433088903,-0.1488645763053913,-0.19382229141905405,-0.3674654851103595,-0.09490715308349873,0.19928530936809685,0.10782303131715687,0.3112267367033643,0.0876017596341836,-0.14073957644230184,-0.1526031034914923,0.055963954385728654,-0.12763554982560887,-0.0928141718864538,-0.30941215607942585,-0.36146260175927447,-0.09279896548564881,-0.3486623622348274,0.1838932912911797,-0.4478419058254025,-0.5257985270161571,-0.33867266637340054,-0.5229773639893782,-0.18715059548464497,-0.42429148967661845,-0.4895744060360241,-0.4956622319447057,-0.6478920806525907,-0.7214700180292265,0.3705540872747448,0.08909346403535956,0.8504354840660258,0.710130111074682,0.5765558335412819,0.7515211835794888,0.840740906025869,1.66464576496199,1.234939700832351,1.4631662981320956,0.5351334705957032,0.695642746961266,0.2633665255972417,-0.3578542987266409,0.02626642121533518,0.9154933821621032,-0.05263158469031881,1.2650597719164822,-0.3289116196017764,-0.22259892809943282,-0.29096522845307227,0.11345960533407284,0.05037012464136592,-0.25876009108833375,-0.5561881232059963,-0.539682530830091,-0.3623095336208858,-0.2109549719450231,-0.38975790157936807,0.16826864323367374,-0.16120009109997324,-0.32927241263794393,-0.5288542945165202,,0.1989649597274541,0.3772358602210464,-0.24182054764842653,,-0.21723199435239238,0.016914588312152867,0.15970386006393755,-0.4316790048001885,-0.10468989768109382,-0.0908691021352096,-0.1509001657851008,0.28302714061633494,0.40794629360969514,-0.22688702598938704,-0.4534883825697724
2019-10-31,-0.07315126417662265,0.10531845352843616,-0.1728733197721518,-0.29006626376819444,-0.29798663986509755,-0.19493174536732438,-0.24782803143522159,-0.2645058878939841,-0.3058786384365523,-0.7643528549328753,-0.42683779217178397,-0.6560636228231609,-0.5449062031974128,0.006177473985906179,-0.014645018763445483,0.12309279190995559,-0.1475692449575342,-0.10117157744645588,-0.3746423770394035,-0.21324928464508697,-0.009235267983115025,-0.06982457767751349,-0.06408551564315323,-0.22677618245941833,0.047144249498755286,0.2548347647515785,0.18351329687022622,0.43571829012426644,0.18350890258011354,0.04386697673365103,-0.08655414828176033,0.1153995614899519,-0.09663791383359166,-0.004686944103346358,-0.023520048393183668,-0.10520135664195152,0.032566088321061226,-0.1836751899166036,0.2828553047497242,-0.29843592571315414,-0.4401652133522084,-0.1034008251107773,-0.4193174280327281,-0.06137966922829863,-0.3224668365553587,-0.47875427431858875,-0.42083875686273264,-0.6129988891376098,-0.6139982494145999,0.2772149930331995,-0.06079489301120922,0.5329524370732424,0.6251687319188546,0.4783809430053223,0.6217266789745679,0.7760619387093315,0.9511659567470316,0.5434783388059607,0.868862169308098,0.4614967109384889,0.23372299755329973,0.0795412346081319,-0.2618930571373821,0.006276051385663894,0.6378375567097363,-0.1846965843613012,0.9148937697793331,-0.16814994133906447,-0.05523817704167977,-0.21054454398539568,0.18694748327837574,0.17505405554618592,-0.23841052844562916,-0.4264077938941875,-0.1637279825398329,-0.31774311648900533,-0.11293026037622689,-0.22500785571930726,0.2941194580525237,0.19967973310231946,-0.21784470925493615,-0.42113200167884457,,0.19427339821720468,0.47149024308876086,-0.05073070686549974,,0.05360039035246489,0.28274318990393965,0.3211570048900245,-0.3330781060894419,-0.024322049380218203,0.05205881669573542,0.09730757970580362,0.5104131867550166,0.6154752132145467,-0.10941178130987306,-0.27067669375107617
2019-11-30,-0.11996839481833921,0.0062167108751194355,-0.14727011569189297,-0.3211819155030987,-0.3897729067261698,-0.21918721056935786,-0.24004417214077822,-0.25058119434498705,-0.360445338843734,-0.7809278295706666,-0.3899122264748067,-0.6344537687010113,-0.40752996267163677,0.03512123912818854,-0.05224866607365264,0.16529199658349913,-0.15133555748866612,0.1217119079018627,-0.36593759428077854,0.020863468759300563,0.0053841410541015655,-0.016543626986956217,-0.0018152332340145572,-0.17762268445407547,-0.06698450214774454,0.22813691047883466,0.1818500634952458,0.2861349156644526,0.1657549566650922,0.007035416665984728,-0.08022728463067097,0.055364464757434284,-0.15316365316616054,-0.1617054662669315,0.25449149651313263,0.011014982844099963,0.28434747032816565,-0.10215065910534393,0.30036953902416386,-0.2364055563827845,-0.3691673677997057,-0.040230090374262395,-0.2899269503191264,-0.13088310012467086,-0.35528168924765935,-0.39191608291703695,-0.46026717686264296,-0.6788789263608022,-0.4124114532571398,0.2794221607318188,-0.0850535526749957,0.7642321268581558,0.815914402211821,0.4247234820173915,0.5950850489503756,0.7896678371819295,1.236827692271747,1.3199997654565028,1.131153809041347,0.6985780360108029,0.32969282592020477,0.3322137020395295,-0.02845373352874836,0.3974683660568241,1.222916153789436,-0.006230523579077274,2.1352458467640316,-0.16247762938673693,0.11647933933785981,-0.2159663930486284,0.24924714694369454,0.21162111446314813,-0.1430656930531915,-0.34643187618866667,-0.35077948542365023,-0.1960157649479085,-0.08173880966181657,-0.11174968743313907,0.469027500467621,0.15686591394705518,-0.19992383679516623,-0.34719784996080283,,0.27217550562749815,0.35712409911572784,-0.18765021483513367,,0.010574491295941124,0.2267057570403881,0.301065871258658,-0.4441527754567097,-0.040365190845502386,0.09727965267021066,0.15204374947932897,0.3614606649003542,0.3831256253450235,-0.24831649402196354,-0.2803030679322237
2019-12-31,0.046972346771053,0.1204051482651658,-0.017167625678411347,-0.17741677113639598,-0.34236785723043595,-0.15949844677299707,-0.019194530818388622,-0.274691854388888,-0.11959322864552491,-0.7196007609212718,-0.09336757524077377,-0.5768534702208722,-0.31106299087401046,0.19651771988273814,0.15714969608381812,0.2809432680981241,0.012228221147004614,0.14339079027150436,-0.27679548129903897,0.2389960270026259,0.04987445552953229,0.049331700075265994,0.04810647940862034,-0.07854239370800431,0.07573502307010505,0.33784532254930255,0.38740079529105964,0.47269845336947025,0.2999491563454706,0.02280796481101266,-0.02535856551022353,0.13916093802104856,-0.14766272418196902,-0.07542040671096606,0.3282738847554414,0.06736452915312774,0.37955369456205457,0.03629350632517725,0.27030163734465074,0.04556506564014229,-0.19129211726729167,0.07607374016974577,-0.11696488082607126,-0.015003179101139907,-0.12557751822222873,-0.12632590222944273,-0.3092996682775351,-0.6032229619552782,0.03466059076844186,0.14937078655846436,-0.19762504400515868,0.49149113409250633,0.4319419243542393,0.4138176731081531,0.38388953703042916,0.3364198971307053,0.5246442864944023,0.7430168768444145,0.5356952039660203,0.583518183317838,0.010515853011959564,0.3315128114479484,0.05347805852597065,0.4675615143242764,0.82682527701607,-0.0961538826824736,1.812721226491484,0.12401725504413075,0.3122854883963284,-0.26716917386177963,0.26400237113917635,0.1726372470221833,-0.10841579229251808,-0.234386814182023,-0.03556768181667258,0.07220456410072718,0.11204544998053412,0.14910238707897294,0.6964665071333613,0.5008989767407046,0.05925580987843615,-0.1624630246687292,,0.3410130078661493,0.5012919322380747,-0.1319340939320014,,0.16954944767587743,0.426347893899091,0.5497932689460403,-0.3440101868608946,0.03509079712094909,0.09115654040948318,0.4061276420464739,0.44968240432730533,0.5757934309972763,-0.17977540380545676,-0.29600000381469727
2020-01-31,-0.0021551508463152347,0.09381785968451273,-0.017826244399135827,-0.14757799933204196,-0.3408235982518524,-0.09280691331019453,-0.012043128948754367,-0.2923271748693267,-0.1976027524167694,-0.6492027409062693,-0.07846170921339723,-0.45847175650635463,-0.3077739754688831,0.25522915032538007,0.056689555083537346,0.3264373873347428,-0.04765528774667194,-0.012425242931941693,-0.2863107790288333,0.16802857179647157,0.016713621676247126,-0.024053475312153294,0.05176612154557758,-0.07989331727562388,-0.06511219866007445,0.21363499214507886,0.22446764441417355,0.3069609515267524,0.15467877898739713,-0.06976392559850475,-0.049150525882150964,0.06626235455646445,-0.2083611957637167,-0.15105209810783493,0.112068935260764,-0.05553763424044933,0.20972067749555978,-0.07504251423302588,0.10772621030401575,-0.03921064955172027,-0.19393755080414898,0.12210629204675616,-0.14296121530177697,-0.04408469411133176,-0.13955158250434596,-0.12051959877418883,-0.2560699758481333,-0.5072960627763852,-0.018568937403581676,0.3258275235411705,-0.36237476837194826,0.42928782029737,0.43254177289455864,0.34591035294766526,0.40982909866290473,0.4107145798643099,0.5710724916994236,0.8333331482453497,0.6264995689119852,0.359469334667061,0.007257914838123325,0.6045562728636726,0.26379447361675057,0.5689319589203703,1.0032683523475017,0.012406876251771504,1.895043584456539,0.14286283306598513,0.3415790519999038,-0.28138767408736476,0.18482191274598359,0.12616615651612317,0.0891080235057673,-0.27526983271374084,-0.1826086807791809,-0.19577880822807514,-0.05380000079540659,-0.041264749614163265,0.4968138982569479,0.07089451832132232,-0.24571010194252918,-0.2448100493063029,,0.330967056767828,0.46056890011665286,-0.14537791768352226,,0.1417579730800571,0.31395883992645746,0.4700431117551054,-0.323859150438515,-0.04252882476208031,0.1236687516380719,0.2127359642749318,0.4300929872828205,0.5970872522163775,-0.26094926366086946,-0.29230765351176824
2020-02-29,-0.18536671208213285,-0.07690742104554094,-0.10856892581807431,-0.21434211855854768,-0.35860603052362794,-0.27267813616985037,-0.25380282582635416,-0.41581440183601037,-0.14236672181161614,-0.6405732929895904,-0.21129021190909159,-0.5974956404464751,-0.5621610411965912,0.032300632786622874,-0.07570823274557781,-0.031988132326225105,-0.10367462419890039,-0.09355030822963661,-0.33083292674796194,0.008243766126785124,-0.12125947004999604,-0.112196477334226,-0.09929865165597596,-0.15635628942004287,-0.1772022241263106,0.1435924316052941,0.22560025500398595,0.27786350730705234,0.15086512140646402,-0.0808378560987123,-0.09087899123110776,-0.007335101598248572,-0.22238678043553928,-0.23444414595537688,0.06635950925260414,-0.09454590053899692,-0.025876714533521694,-0.10383547317958308,0.1200459414406152,-0.20557386397809352,-0.2658758594880123,-0.1523605550391688,-0.2612897283471165,-0.24176537472264237,-0.21647516975635916,-0.3916202594992476,-0.4732088414125871,-0.5764848576720172,-0.35555723959357666,0.37455197893974557,-0.3756861309013223,0.46766172591238364,0.37378051092086406,0.5248214803513211,0.3172830762825687,0.5225226593634804,0.44395362249768944,0.615384830638825,0.5657552541544739,0.3110007992703743,-0.09679719977243229,0.737045215808624,0.27078425022587926,0.261506202398188,0.49406509777061514,0.04812835997278464,1.3340964340042638,-0.12430149368973831,0.0947107139372938,-0.42020379480626924,0.031094030854735832,0.018054665315717866,-0.03528082641745134,-0.5271186843529571,-0.38702202877134817,-0.34626087636037406,-0.1927486582020913,-0.17489255115596158,0.31633773563598777,-0.13879478221564712,-0.3974851377698011,-0.35085421456667387,,0.19490120049588788,0.3461966505961174,-0.3159583411007687,,-0.04313588756702824,0.028447114314501976,0.2551767668210474,-0.3600778276376144,-0.1879084491894608,-0.026242645547359778,0.20947450775139909,0.2793688011626656,0.4174118232027255,-0.29922756784117366,-0.34126984952949224
2020-03-31,-0.33072761175327225,-0.21018346221807183,-0.2564102639537541,-0.3267791021612476,-0.47798543555441353,-0.38554098060932507,-0.47973329884462246,-0.45519802913299845,-0.2543874647276688,-0.7303754695512746,-0.5012932579009457,-0.72847681309308,-0.676850592907639,-0.031927565684853,-0.12205366645148907,-0.13932929193191335,-0.18307725574808242,-0.23244113006859324,-0.4253188034897416,-0.09191998075019492,-0.24918279052652093,-0.23701307624074597,-0.19236147153203265,-0.25114969003906606,-0.30575118095483356,0.005817727309468168,0.00492472780123876,0.20064809791451577,0.09605744832008223,-0.24970757037185998,-0.2116109171242555,-0.14573802748904607,-0.3190950216626577,-0.40146602103719287,-0.18489717258684046,-0.17554074020708454,-0.183783656084757,-0.29597288887926576,-0.0387612055631108,-0.3409580230733613,-0.40551846137976777,-0.40077457563738295,-0.29293735591775116,-0.35776829177517955,-0.2931856279735249,-0.5859890428473485,-0.5590616662359746,-0.6969935093565884,-0.4839245132504886,0.29336441245961553,-0.22605055857065914,0.10574915926827866,0.21449043245537247,0.44451502954170863,0.07142271844536441,0.4593020574856883,0.33206111942971317,0.7894735623908407,0.6007264268857886,0.15371112170177748,-0.2612814104744099,0.5086803444237138,0.15384510452179478,0.01960784772561186,0.14589657814144807,-0.11940294577194177,1.048426231412622,-0.21362880687601116,-0.12264758123084862,-0.5607629666376631,-0.1683539640875571,-0.18249339654730756,-0.22823381317672609,-0.5074575416050617,-0.346846833785201,-0.3993664433235886,-0.275445298853248,-0.22728808756375907,0.15256920262816975,-0.184657570962665,-0.33163862508581954,-0.2900523802863667,,0.10070149036080056,0.16788620731312576,-0.42382727365537154,-0.16875771499429626,-0.10392241112524714,-0.028321671912514113,0.22870845055105904,-0.37159007401297306,-0.21300434997429107,-0.07346715000569459,0.02564388290607833,0.025331591409782916,0.1410234361838445,-0.25904321749774095,-0.5714285471001446
2020-04-30,-0.5027823065312241,-0.37093057583651023,-0.4998749892000779,-0.6219887780475388,-0.7861212755942291,-0.7506950215404371,-0.7802737938903325,-0.3222461866732206,-0.8691766990925389,-0.9750237409509153,-0.8740477249548058,-0.9426229521256646,-0.918435548305619,-0.5154297717607905,-0.4997863321625168,-0.7902467201041725,-0.601931195576345,-0.6353032225010917,-0.6894320462092993,-0.4720221923823271,-0.41384494475048705,-0.40540091299156245,-0.2880886004842247,-0.41925622095334103,-0.4638379046918928,-0.27358417775846167,-0.6664530676184107,-0.03171160381115945,-0.16384243471046012,-0.4794094148924265,-0.667278592913509,-0.4759528520745049,-0.6024331775054256,-0.7589435283478294,-0.47780438605321796,-0.59621660875154,-0.4094567249908494,-0.47112654767962614,-0.4396754898659909,-0.6649733598377549,-0.7490498035402775,-0.5487224945401601,-0.6195976041045144,-0.7151265984486499,-0.7153121028266927,-0.8235277278292636,-0.8154715987578728,-0.7987986116275985,-0.8849888836410971,0.47858236596819514,0.09058590327514882,-0.02759604393953219,0.28863142250648366,0.4034034060201779,0.014496315521385306,0.2515724281281593,0.4183192921604775,0.25287362644632827,0.2897161418011456,0.08514326693182062,-0.33083261627032057,0.13827884828411352,-0.1278516404645491,-0.11080327995994299,0.00814324142145284,-0.24755700553402926,0.2519892386192084,-0.44403848741870977,-0.23300823738682497,-0.6769771912736129,-0.1536355853939172,-0.26405573585364717,-0.3342040392754533,-0.7691154629081076,-0.5695600533604036,-0.5935872009312503,-0.3467933663731467,-0.2627664083944269,-0.02492789134504214,-0.6022421021353506,-0.6589085082673842,-0.5677614751884914,,-0.022448607300967427,-0.008538672329840735,-0.5729769709581499,-0.45259930067328424,-0.4069338424870068,-0.3086628887710905,0.05362695019791475,-0.5811593046299239,-0.34716601665695646,-0.37583250306200133,-0.3343468371638534,-0.1349314755918143,-0.13965344437052674,-0.3035158223695221,-0.602836868339762
2020-05-31,-0.31752466961238623,-0.16593202925632944,-0.2717818397567706,-0.40823835325392155,-0.6372835307514211,-0.5513151201158111,-0.49346957489731313,-0.12101573766586704,-0.4816948099647985,-0.8506329525974017,-0.5717762224234196,-0.8653846125091136,-0.748543152865055,-0.3342360322227045,-0.39451957483908273,-0.5426501886987118,-0.38160741278190946,-0.5181551858836433,-0.7390793601380817,-0.28465142338741534,-0.43621577146996693,-0.3859587954885194,-0.27363406720709815,-0.25879375150922057,-0.21179148059086228,-0.20840896996903868,-0.4950946439298456,-0.005835508304799286,-0.12946013055734262,-0.26100022480519525,-0.3446746869645002,-0.3219074418352338,-0.36005918869463094,-0.5787602499343463,-0.07120052927154918,-0.28165449927431807,-0.06990373531605554,-0.11066321222876618,-0.10612528336466531,-0.48605881511684645,-0.48813289663636394,-0.3326412413294476,-0.3867517820863001,-0.5573667806508587,-0.5749312358299489,-0.6457407748010289,-0.6213653712544294,-0.5416665757441224,-0.8711560681606239,0.8231174277056148,0.1738097873222404,0.35819924231974287,0.7260085354161592,0.7313032518020357,0.40657389681234735,1.02140681029926,0.8469304969396971,1.0337080260114853,0.6756877190350417,0.6723015729805903,-0.10838555968694841,0.9663846554788509,1.0159726841715537,0.48239444728234626,0.32730283457113085,0.1583011966864052,1.059431577802576,-0.07798012045063052,-0.004547142326697284,-0.5616623129180082,-0.12756438252792568,-0.16767472651222248,-0.3209449257972432,-0.6153846244750965,-0.22182472524285424,-0.4742216808602465,-0.11189276371270329,-7.361514892978427e-05,0.09433287277010982,-0.4462088414163162,-0.6492293188974687,-0.25407616519541976,,0.03303004120360842,0.13256200801388318,-0.2609753840488913,-0.17865129635308796,-0.17712810897807352,-0.10352143090869459,0.27584681798869215,-0.45815908457836263,-0.23645553762435245,-0.302912324006557,0.009547758355501035,-0.08923293307500846,-0.09032601869814016,-0.006529321391799292,-0.18518518191469724
2020-06-30,-0.3713199796730753,-0.2282343901670837,-0.28774575823331117,-0.4420119453432607,-0.7243624890783071,-0.6014830837101288,-0.6139982711808744,-0.11636192108969556,-0.6152383503412955,-0.8669301661098268,-0.6056338200084601,-0.9190140746258931,-0.6874308897128298,-0.2880065371863332,-0.4317870655309519,-0.49707817167433554,-0.42364751886133656,-0.5069042474865533,-0.7211061285563853,-0.3614169894668817,-0.47815591005814595,-0.40134191651535345,-0.29271470187844306,-0.21323715165678758,-0.22854586271054922,-0.2015720560354095,-0.4277404861697882,-0.061140106665637295,-0.041464059871781034,-0.3520817420332122,-0.35483225109748195,-0.2874761197980772,-0.33549996566685314,-0.5703232503080835,-0.1839245904060548,-0.3414703537970566,-0.12977656958571293,-0.29734641329337397,-0.07962053374214662,-0.5142992971360187,-0.4681897952826324,-0.3053216469063921,-0.43393846345043974,-0.7052245123654397,-0.5628030037231235,-0.6740263133580429,-0.6756695975327088,-0.5589458097807375,-0.7361964624519752,0.5352474655304307,0.2980844564450267,0.2641517869264671,0.8003480563332466,0.6686988422215301,0.3127328826847158,0.6881445974535421,0.38780436959665887,0.4669603930868158,0.4529541445251388,0.34851992047465785,-0.04157007539593793,1.2891508433326484,0.8536802684190772,0.32488471836831856,0.2654867927388487,0.5754385688995418,0.545263246814365,-0.20791099995413498,-0.027154685801902168,-0.5848358073059445,-0.05360590674867316,-0.13913882654870735,-0.2546368304053701,-0.6065784559847416,-0.13748188570813424,-0.4890789204093853,-0.2119937550930021,-0.0958718180707041,0.04947752097964897,-0.5018605850167315,-0.6555555538735903,-0.4664448989169808,,0.021490132071914303,0.08549003052269843,-0.30976120139004115,-0.16591759648023996,-0.2297046368602944,-0.1455463240204693,0.20395184896648488,-0.5128786765079959,-0.3424827109903853,-0.3507111718379067,-0.20501173924206795,-0.20291353504287168,-0.15736483349229113,0.019569411539186232,-0.23357667980898322
2020-07-31,-0.36281414307415893,-0.24090939134922995,-0.2710922472346805,-0.4001359045992827,-0.6184606278691429,-0.5876313965535447,-0.5683856202059238,-0.08307828582825916,-0.43496922919894687,-0.8504202046392364,-0.5178673736523359,-0.845995885048301,-0.5593965371029346,-0.25695157789723133,-0.38725649064958245,-0.484474516286605,-0.3959005020584735,-0.4470770596528163,-0.6504559432632797,-0.30354140843431576,-0.4475613952669878,-0.36692916558252797,-0.20382184157040495,-0.13279936168697215,-0.16612347703552188,-0.23303169418959824,-0.4912524670878953,-0.08392807227802712,-0.029036188750766634,-0.2583271810178458,-0.4488038680133769,-0.3597127200023812,-0.3368274579253602,-0.6050265737043137,-0.2766463384871788,-0.3058277119496893,-0.2708125429236572,-0.39336261683477813,-0.24606876636713693,-0.5159023639851147,-0.41698129772255754,-0.3718302076737713,-0.48104327442004535,-0.7433615262944622,-0.5682512101512553,-0.6951689390471982,-0.6053764350785815,-0.5016180047754573,-0.7418227761272269,0.7150001930038892,0.5023656562875327,0.24135331865235177,0.7073277863821357,0.623575867741017,0.09437454869562112,0.79602021086615,0.7396410350071585,0.7090162096464427,0.8952574397864403,0.4452013778955668,-0.13844108468923877,1.0179293000956826,0.7764182735437735,0.10434784774469441,0.056263157613790415,0.35372344827074564,0.7725406444359051,0.055884663931692335,0.15696985589731272,-0.4850617858832068,0.07692804720298918,-0.03844969130828768,-0.1853578776273086,-0.5002223341811012,-0.008344915480116954,-0.46217473529144215,-0.2097761003397246,-0.1403397842026921,-0.027689103330694964,-0.44831398525846133,-0.531924696090242,-0.3174301838400807,,0.12940711685775552,0.08168328466862951,-0.25104115457259535,-0.10342441873386399,-0.17110820702961083,-0.21579552268064617,0.1751740099617103,-0.49716882504518023,-0.38615325820797497,-0.4136774059694178,-0.08326218202773084,-0.15391146418936996,-0.15836477426509654,0.1225233773604073,-0.1111111244903803
2020-08-31,-0.356944067713056,-0.2608153219963283,-0.25814967806971845,-0.3529505318700662,-0.6123600961097522,-0.5863277502688979,-0.5097735379982287,0.11115814790601353,-0.271312962731612,-0.8367219953001627,-0.44536748035433005,-0.7948718200324297,-0.5398476188397954,-0.20367652308810735,-0.43761899421642236,-0.47663819248830264,-0.34311859001268397,-0.35008379961027913,-0.27219629513143717,-0.17291283297071713,-0.43968005963007684,-0.3670387970141744,-0.19195938621670228,-0.07973845773188903,-0.1243411846960063,-0.26125260448823395,-0.5712314407551442,-0.06873259327234083,0.0027107551595444423,-0.171327906153667,-0.4757985978375341,-0.32883104626714876,-0.2794102415706572,-0.6126119334540842,-0.22550363664214068,-0.19610607471548758,-0.35190613233981793,-0.3636228417108147,-0.1389617148629435,-0.41146051875264367,-0.2142203307661268,-0.26552133246901,-0.4314826009055531,-0.6677914481868448,-0.48694607759921604,-0.541726182092402,-0.4654459105251222,-0.4406777705176729,-0.4788866035629211,0.7598283263386105,0.698871473864306,0.2828793132380085,0.864001706078295,0.6524511793465368,0.05935166528386859,0.8853117601573444,0.42397818506082974,0.7385445448724506,1.243804422085646,0.5173422934252694,-0.06322222842537173,1.0382047968894899,2.110880936737512,0.44972576819029686,0.22518377590436134,0.6231884074663487,0.9929076147141485,0.41900887544856524,0.4223944042009309,-0.39768439585200943,0.2661646143091323,0.14160037701640937,0.08611985421082502,-0.2749581961192502,0.5807621917131072,-0.3224075411088674,-0.11121351120288692,0.054014195013252886,0.02865936135831726,-0.5319420638115704,-0.5615540002933198,-0.23660395554343983,,0.315331599943804,0.2973903040296877,-0.19481144630249536,0.009371945804380166,-0.1471664861296169,-0.12071130363575366,0.25232977612112406,-0.2583840929275144,-0.3217132770255936,-0.33278243757490455,0.09627676131046248,-0.16188057468341077,-0.1776935809184359,0.1659528689518226,0.031914926670751464
2020-09-30,-0.3963808195745021,-0.2558110100580073,-0.3115583379516127,-0.37405870594539936,-0.6985592368398782,-0.555174242563548,-0.5275741246228678,0.10392686926412265,-0.40802318800961745,-0.8392026557632679,-0.4113733807589629,-0.8381502858511088,-0.4941771782178418,-0.21286245711081053,-0.4762561352497029,-0.4866003752903064,-0.353664849854169,-0.42650355458379197,-0.3967567650047509,-0.24960581381293034,-0.4677507929604209,-0.407680766943916,-0.19641014601984041,-0.10595255279897808,-0.08208790560787027,-0.287867706968321,-0.5916441445763629,-0.06649428436179294,-0.02547364283315723,-0.17459555605748323,-0.4415621529485563,-0.33199620980914823,-0.2553551631715988,-0.6292422762485013,-0.3489317555277559,-0.3863116710570962,-0.4030578865192995,-0.5368363621654235,-0.053499151994696015,-0.4236655759058764,-0.12171882344164486,-0.3600968513754583,-0.42999598412009765,-0.6722064482882142,-0.5490477751634482,-0.5421314113703147,-0.3960807038336087,-0.4420676819371101,-0.5606468954107808,0.7932867089768252,0.9850619722787795,0.5584099145861767,1.05627564715695,0.6620788125792441,0.11720661424224499,0.9304349347922503,0.6255281683386247,1.2816904949305865,1.6781815303725196,0.8171301318573987,0.3394937103583362,1.3246341570149278,2.432833147917665,0.7588357109666488,0.36963696158983095,1.3527508682410163,1.2796296403601248,0.6463766040939252,0.4619774152487146,-0.28272837421636887,0.2636064459985419,0.14761484142151038,-0.018224180460169492,-0.27154950665528754,0.4864457957862962,-0.05344027745290436,-0.08053336650594001,0.020013456232426563,0.07735593528888107,-0.5814537916215743,-0.5886419790762443,-0.11797741049538935,,0.30690122056236535,0.34001339047159007,-0.20027598470485553,0.007604601902730268,-0.2261814953991086,-0.15172183757111612,0.23678149781699465,-0.10213197423082176,-0.23238591969294053,-0.31347089238163217,0.12037499981245237,-0.19794554725214608,-0.25246656735309914,0.2257354110956824,0.18556695076164909
2020-10-31,-0.457823029060326,-0.34806932695696224,-0.38869707891181093,-0.47089050038655134,-0.7396820520366636,-0.6394636322939218,-0.5060962963416105,-0.04775537756242809,-0.5573004875438818,-0.8229412304788853,-0.4061824227596156,-0.8927203173924138,-0.5591423312792182,-0.3115052834140216,-0.5706336068646645,-0.5325250420524779,-0.5023072677805498,-0.5546807672383508,-0.6185897367318782,-0.3950595405465648,-0.541776394036207,-0.5048392468870739,-0.2959831018607666,-0.19818597171085228,-0.044839620916820144,-0.3527357705071139,-0.5925936705914392,-0.12399699564841737,-0.1437629961180964,-0.24825374241697984,-0.5101973792501258,-0.3513747002746873,-0.3185744477296537,-0.6485320978637392,-0.5286179046292959,-0.5176360412359187,-0.5360760258719242,-0.6266047372865243,-0.18576915473411892,-0.5036396511436256,-0.357708449294049,-0.3543678510100945,-0.5966629296416142,-0.6713382580329044,-0.571649686585074,-0.6498883207798278,-0.12029936066895608,-0.36231889099674575,-0.7285173924650308,0.6203133868597497,2.1871451155624495,0.3115291492192691,0.7673456525968281,0.45191549653623464,0.04893458389606886,0.8185571322175604,0.20237381321627912,0.5143679463927708,1.0251101224349806,0.6341839635382311,0.22142710217651596,0.9007666406320718,1.2166882963983956,0.33695649353895174,-0.10777857399138979,0.9937304136151206,0.4701775440636109,0.5985757347739222,0.3198857555118033,-0.10879155785033601,0.24818834044642002,0.10980044423125124,-0.03540785611524688,-0.44059644312247137,0.22126929309340215,-0.09129701459395356,-0.13466877155584156,-0.02082140179282943,-0.09969105919400012,-0.6205868303005919,-0.58495953488655,-0.10593794528863154,,0.22163596685571174,0.42727121388606903,-0.1390995286326414,-0.008395913845874237,-0.1691115195192161,-0.09497406865578317,0.17949302623791863,-0.0696109841933833,-0.1378065623003094,-0.2990138212740039,-0.000287242010516664,-0.04100648434021881,-0.09238337268749686,0.13830048221632318,0.052631592156154205
2020-11-30,-0.49515200627165135,-0.3821128891761828,-0.5033471639108509,-0.5022611194023849,-0.7506862913983956,-0.6562696607663459,-0.5680585325056132,0.13503700066199276,-0.6218085917425753,-0.7993527799026205,-0.49786924812682387,-0.95299144802145,-0.5042162980815708,-0.38152427844155556,-0.6252202468970867,-0.6235663090178852,-0.45190856727801243,-0.5456477337251868,-0.6649323471751739,-0.4331948440071721,-0.5382875544474643,-0.5621850784580935,-0.37640189976393534,-0.2788353838383556,-0.08403269537077074,-0.34933225265193524,-0.5449036213873122,-0.18705734222526182,-0.23680359621298408,-0.20928323569769458,-0.5155805863990699,-0.3086838669147087,-0.19060343895383658,-0.6055151257621076,-0.5771135375292513,-0.492732271420559,-0.577992926840811,-0.6287298361917519,-0.11548155425005036,-0.5696276999139074,-0.41046342127357005,-0.3207293208955072,-0.6248842108810645,-0.7002911470005289,-0.5947755095358926,-0.7073238186815538,-0.23374763101318496,-0.38341969860954006,-0.7164893519860995,0.660316538026217,2.440677480031155,0.3431873031504218,0.6865722310900928,0.4008939970038645,0.023264138691219127,0.847052755094839,0.22309504350409814,0.5737179930975158,1.0804230226058724,0.6284036989132107,0.29367485223394474,0.6620354138943971,0.858700904952659,0.07774399218156747,-0.04739781453501102,1.0121580432573922,0.5055101478627126,0.5293768789817257,0.4126674423157686,-0.15176407747847265,0.11852671274873838,-0.019961448539696725,-0.037958379636208295,-0.3651105583622323,-0.06666670273945308,0.06049533174034849,-0.11975790909331963,-0.03091728642673275,-0.0587141034830676,-0.6557401927646466,-0.6006071009780662,-0.20514311482485037,,0.08728535204615984,0.19445960006090446,-0.10653319891334379,-0.10447588208971759,-0.22660413864127704,-0.07280175991295756,0.06873515524248064,-0.01685146229047585,-0.09896255514615548,-0.3854647838264267,-0.05312727614949897,0.029741368973573934,0.0002595981824087268,0.028108000601074545,-0.02272725117600638
2020-12-31,-0.40992884661742346,-0.23558361481067547,-0.3672345284657007,-0.42314719162124026,-0.6053670418706425,-0.5541691047738404,-0.43181127165160327,0.029612716117944027,-0.4886346365697509,-0.7445887480678883,-0.43350006636760063,9.490797354328064,-0.4250550506931081,-0.24158745031103668,-0.49382419518914444,-0.5039135269043227,-0.326127220563295,-0.3939542377760662,-0.5656303762566388,-0.369187599329973,-0.39753673713031346,-0.4405574613517014,-0.1768257429691349,-0.1925640643412212,-0.056528562869941124,-0.27167073155230903,-0.4714607334477139,-0.1437703317177793,-0.1570401168507708,-0.07172105573173915,-0.4491582129045737,-0.24349979371295694,-0.04547877789349675,-0.5258254077938045,-0.38873825736917944,-0.3173903309703431,-0.4270424744092417,-0.515667445654985,0.026277536312173888,-0.46811571665738827,-0.3103771102162407,-0.23817821502139636,-0.5082325930685831,-0.604240257155451,-0.4521508848956477,-0.5823353228590497,-0.15671116233502602,-0.4083969019327839,-0.6277196609280381,0.36859302497392177,3.071021391617893,0.08531172283263344,0.3298369977698923,0.2958026168186878,-0.08732284575402782,0.5179224079124018,-0.023798195046879855,0.15977977766255202,0.3438769474382348,0.3837824180006497,0.1338887381258227,0.2568211870976935,0.41569279135445925,-0.12252466326912825,-0.15416006655077963,0.5514705985475166,0.35934032664853466,0.7893874498782008,0.44767748139103314,-0.08027964135113108,0.17657836696537244,0.0704286340014244,0.15026007253676243,-0.07484878443125764,0.3497339952492562,0.341322681901322,-0.01592066506574552,0.09686239441506928,0.007558727422311007,-0.4916892172241316,-0.3470474409123515,0.035347551925412946,,0.22036429648541045,0.21222550007146324,0.010651449726635676,0.030414313741876642,-0.04702283541433083,0.07744479386833647,0.17913543061909332,0.024560635623652072,0.07003423696689515,-0.18831567259482118,-0.02673846216632436,-0.019358904743438377,-0.040522466189845896,0.13264986055295558,0.15217382994626716
2021-01-31,-0.2834520523433738,-0.16711678430986532,-0.3000844519606636,-0.29737795248026466,-0.550059899536173,-0.3260221264243659,-0.2268374702091469,0.17451425712982171,-0.4790323690679412,-0.5398772858621337,-0.17791428618085048,15.471113341198539,-0.023265959767000632,-0.06914464832541656,-0.42817212205661237,-0.29601955840021665,-0.1657799459337823,-0.19659475899871248,-0.499467557250164,-0.2372843171866662,-0.292457891704651,-0.3869472210419682,-0.06315638076165164,-0.053472418548028866,0.05248753483915958,-0.3058757581769881,-0.43543854645699354,-0.21721358915639477,-0.15509327376977,0.013335612486508719,-0.43865756070179185,-0.17886002561036396,0.039779442652664754,-0.46763292315383853,-0.2856645466594403,-0.19723711100765873,-0.19343475742599636,-0.3957344454567826,0.045414577298470205,-0.32595758757804494,-0.11620577619710726,-0.004062950235506624,-0.33062483813926435,-0.4186519433468602,-0.3757068970425962,-0.32292750035968154,0.22591692786614503,-0.3046357680972568,-0.42430738966640735,0.3527209324336622,2.546530390413945,0.15781670605392195,0.43262148884966356,0.11183262368088709,-0.07060662923657446,0.4588744765114532,0.11809469782828708,0.392857063117102,0.47497608112234,0.40225148919339926,0.2898932425264471,0.5141541153514129,1.1472038898058137,0.7164178655474878,0.33465748746938173,1.1020407170268327,0.5727863068379255,1.344143833219075,0.790164121026113,0.42458965106233015,0.5133871951172415,0.3419651970319688,0.4899943355211809,0.6523295710101404,1.0850661271285733,1.107347948228914,0.16420138372222248,0.28115410382534356,0.06849010153337032,-0.24492937407172832,-0.02782606041949731,0.5620736517430216,,0.319333457144378,0.1696377218879217,0.4210318400032995,0.28160573254384946,0.24554157046505964,0.287735941403505,0.22507089807735414,0.1736450529283251,0.18512900415468114,-0.0016231132208690546,0.17920156001656173,0.05880696117109574,0.08731310217227306,0.6705105339037949,1.1204819588585755
2021-02-28,-0.0720115041720637,-0.04663014695573853,-0.14611785249086728,-0.1673325167255273,-0.367414901153877,-0.05269892383283814,0.07656996373527569,0.34482601118445055,-0.4218843818419924,-0.012657894388692803,0.5850624344464019,21.847555871732247,0.45062512724375026,-0.04711375587152655,-0.3681128659079699,-0.18592991543064408,-0.0996832165436301,-0.16157824573971658,-0.5431789486951849,-0.2952975210592379,-0.13594588633995064,-0.24646567292948784,0.05947800696616712,0.1770979879650767,0.21037042442511344,-0.20746671251681825,-0.3276118388827808,-0.1357909256621509,-0.04943560580087569,0.2347436561682259,-0.36805043096033263,-0.042974125629220095,0.2779423565143091,-0.3272689295087162,-0.10371691270389316,-0.04680212749096768,-0.05518014433389029,-0.1199895181744659,0.27380511892059634,-0.16405190232732314,0.06016012057329312,0.2918387348405549,-0.3351498398332564,-0.2644720531099972,-0.2922448324217293,0.09695853770495177,0.8116592757443752,0.2965117389908021,-0.16953490501226376,0.3591413609908547,2.415325507324856,0.48598862606115545,0.4566131111191718,0.11906860558747967,0.11945045303421398,0.4011400744427738,0.35299562183928357,0.3088237386444659,0.6021832147426174,0.38541475184417884,0.38496832778216716,0.6490691600886529,1.163959352918238,1.1754810390107555,1.4031842134912265,1.637288164085644,0.7745434482054412,1.7018069769014743,1.0442667632445506,0.8303537369204708,0.7504850679961055,0.6185504786688398,0.7150219698054656,0.29776492171184965,0.6810344274772635,1.682632777151762,0.22495811613026429,0.33614048624198634,0.16241491588307322,-0.12405341745991583,-0.004681095552473757,0.509790271081183,,0.30662190685591106,0.241304366286887,0.8821075302489738,0.34412055331056535,0.25093537932896326,0.3290739506789899,0.18516518646324265,0.5425940545504373,0.27761984430907427,0.15785302918728572,0.22230407970239607,0.2506598670136031,0.2728722116901492,0.43952698971265747,1.716666550768751
2021-03-31,0.5502796648822528,0.46179743333104883,0.7601250930640897,0.8577984311408213,1.302703416602605,1.7229833260883676,2.2756195564078854,0.1004883941361503,3.761955282455024,14.057034337833658,7.423384562090359,161.45712821090987,7.789299869812297,1.1104403954842272,0.2938036246273408,2.668316558217155,1.0078006879678663,0.45543388016397635,0.03836926726253398,0.4078742600462022,0.22281807608899418,0.07636918979533092,0.3248576507408072,0.6168885926198706,0.7093120216646933,0.1395018300876809,1.2872611425383567,-0.015167217115904297,0.2535590361403406,1.0116419017936749,0.8977863341470576,0.6461888650320862,1.366629235692721,0.7562775617047541,0.8132835685040669,1.4499414725728235,0.6332379141909066,0.6243038056757664,1.2088989602532707,1.119436456339209,2.2162125240300568,1.4319880050412035,0.5361140350952021,0.6391217468818848,0.9917354645713572,2.194557315583143,3.3457238333981794,2.08252393924768,4.692820622370793,0.2188590032053297,1.5489465816554069,0.42829540272054967,0.30753547887863775,0.08159433575431185,0.1947369768904248,0.5773743576381485,0.2002405934259548,0.738532125333001,0.7362605595933698,0.4281331615764685,0.3564985735559325,1.3224441606246713,2.5984501853031983,1.80685370254511,1.9095328955241042,2.259740431312638,2.925004304147261,4.023703672134276,1.6160600031603227,1.7796881369904538,0.9655094275966818,1.1101256105701167,1.1258901217663682,2.98539037287591,2.79281767300825,2.4313950850578157,0.7053946592969689,0.8917126332339225,0.535895300448721,1.16245015740225,1.3129411585190716,1.4941051526031242,,0.4292755624084694,0.30015530459608963,1.1047679042640266,1.1463969257537734,1.165137475119138,0.9408993537816239,0.26109642604832417,1.7415952473577345,0.6459196059172356,0.7289608785921566,1.0100576704193291,0.5617356694367182,0.7969272891169878,1.0621313063390359,2.785714065237922
2021-04-30,0.30072739910416435,0.20647291068006357,0.31146110787402836,0.5639766384205549,0.6074880100681448,0.7479601910637759,0.8639358074628716,-0.11224173138484317,0.37656777862425783,2.559322824010111,2.334513706826231,84.38677150809428,2.8839383040105253,0.9534763720216968,0.21494303159674066,1.0693663518124286,0.5511593879108432,0.2387959080148212,0.07031255869272601,0.22679423004896337,0.2306560619376805,0.10034081879353018,0.4314552410860317,0.48844276326019664,0.31727585689063087,0.17964488370719045,0.8453986732127425,0.04053648867154225,0.27964461791784845,0.542300099452625,0.044705064452200904,0.3488511548664597,0.6354872160156833,0.10951213046478325,0.2076116060071651,0.7665347640280267,0.17575583479665302,0.13815338403728195,0.44831276349141236,0.6559819872596526,1.0666744401993666,0.6159203264869473,0.08544302327934106,0.16449828463531424,0.4795294304951252,0.9654217039967423,1.3919492310493142,0.5835776882891077,5.344195509326845,0.03842908618790375,1.6789447572496639,0.00213501462148602,0.02268225323195283,-0.044623655913978544,-0.11273498335597087,0.021795886427772526,-0.0795703423702967,0.20441987213110346,0.3331341134271757,-0.02363511353311676,0.22109538789917993,0.425001078098018,1.1732709638835486,1.1448929012880784,0.9306067121146806,1.1566665967305503,1.3678813852825185,2.7293322836800167,1.160751939482163,1.2002047855457199,0.8021622601036147,0.7841889476787647,1.297569880384339,2.9865037419448406,3.0597701688694166,3.5913242203005034,1.0115127025121136,1.1560232567463489,0.7380349162893065,0.924942145463272,1.8042608287747024,1.656648647201648,,0.5478771621228633,0.27298924708304195,0.6775063014041296,0.844099767307529,0.8902452805849648,0.8345855791077441,0.22453599906781263,1.775417679515376,0.5754515364201918,0.7138758724209879,0.6457801761027109,0.5097418534120972,0.781910590961366,0.6777538995909458,1.5999998482790891
2021-05-31,0.3369833652803478,0.17332692348375178,0.2512386355358218,0.4884126801512152,0.9630310799158537,0.969538531328654,1.3007251576233978,-0.14580533155364994,0.86723916220557,3.1980201767499468,2.359440522783881,168.82086131915233,2.2118148925414123,0.780142389820861,0.29826659650805576,0.7974391051985084,0.9249278295590437,0.16100871432208996,-0.25,0.144672409747866,0.22397810830376752,0.13875205908132382,0.27387669150181426,0.414102104572456,0.2842515737685163,0.16229212244358537,0.5843364574553382,0.15889113280193023,0.25841644019916754,0.7479139392592229,0.16092465843400694,0.3209953153953373,0.5756612523844036,0.027305807335999743,0.1674837387619319,0.6499842608301527,0.07710943772442658,0.1564191728987916,0.4851872324534847,0.500281500364943,0.683304464703238,0.2538818179556759,0.19887738877862837,0.34400000282773013,0.3213261833506855,0.8634291995943457,1.271844224388135,0.5283014160280612,1.1815972875918277,0.09387480379492308,1.4214492744946456,-0.010699678107397137,-0.03094949408506853,-0.001466361071576494,-0.151653468191991,0.08835630483784307,-0.14377216535691306,0.38663325633295487,0.2528216802051464,-0.0035868911285845684,0.23965001037487998,0.09208740292197848,0.786642713539772,0.4052172925450668,0.507492626292017,0.34298452498733045,1.684847269031188,3.1669281185330735,0.9631401475923522,1.2544728865817758,0.6911257321131841,0.615833886615843,1.248283524371094,2.9782840610389374,1.6275167361040772,2.4214561931420766,1.0091883928195284,1.1044227483879876,0.6789181155713817,0.6648531205404098,1.6797234344579657,2.044698857722276,,0.4361398738927249,0.21849214572364573,0.5419965598203753,0.6832548353860726,0.7128811393974646,0.7802653207543666,0.2224129949153124,1.9406859363546052,0.6946038776417025,0.698701157090829,0.9414672306889957,0.6575285648607341,0.8503950122422292,0.5558082841461283,1.7619049781574514
2021-06-30,0.40643655092390074,0.22909257775986758,0.3796320997317393,0.6337701144062307,0.4211884915179549,0.9744984466197568,1.4690356601259134,-0.023356043099851287,0.5521042686416013,4.943821038096534,2.611700766183781,118.51235507303424,1.8462839627551904,1.0737524079081142,0.40962734575111304,0.7437919560148798,1.1148363454609616,0.2896865253424519,-0.18260872882345447,0.08057841964406842,0.22621899772772003,0.19203866933309777,0.2866425745437722,0.5488838872195683,0.46195548019165544,0.3021519252764522,0.7632016317198487,0.23991547216534115,0.362801663510409,0.7570367441087535,0.5540036539427549,0.4248167741401585,0.8820132694563165,0.30725871062335863,0.45604876782231263,0.7389190757725492,0.23339231253298776,0.15549290740133226,0.7147756768742426,0.7333869330572949,0.7423967808101568,0.646124883185474,0.3159183461830102,0.6878595862205312,0.5159870826611925,1.44180352927595,1.7299275177967632,0.594155660317204,1.528903338437114,0.2144734239037922,2.0805241730903044,0.1357435155395581,0.10261963840283195,0.07795371049132016,0.005719970401909302,0.1360241092804988,-0.17638034589616103,0.2585302740935973,0.32837299835158373,-0.019916133621867282,0.4443148753312789,0.11545012428206447,1.765823149417769,1.0472441033673379,0.7875148839662898,0.36542231845151774,1.2489228614530834,2.700536265951669,0.8169173280499793,1.3876964269343963,0.6683190739998495,0.5587743856432652,1.2764417697690753,2.529359029108079,0.9088358258384743,2.6449277008613907,1.5305617234892606,1.4424665990649288,0.8060355694920112,1.0384838404545071,1.4033366810204484,2.0372791891451065,1.816449264958171,0.43397163247520587,0.2595968286957975,0.6209848105414519,0.7627789316256586,0.7784308105246351,0.9580201052110453,0.1863044563805316,1.9079614701149339,0.9937260998381123,0.949386869096595,0.7087838128029507,0.5971766922151227,0.7747264092346093,0.9600720401082024,2.55681833113767
2021-07-31,0.6152822719770503,0.31851041313543704,0.676896543455781,0.8203031057869166,0.9909949126521478,1.429142711577061,1.9677307420443353,-0.0447474760116644,0.41690470394426815,7.614993685837247,3.1566680045747413,157.92539963545426,2.324948778767022,1.1673247083788767,0.5757922975865675,1.15456720394018,1.0136761821491622,0.45978689498888903,-0.24879617752639693,0.26514869741615343,0.4070272899819385,0.270403183435437,0.2954108065380294,0.4554709868900235,0.4868081523568606,0.36698980816935944,1.1427708107889392,0.14484615923455268,0.3480342720621976,0.7530314816102568,0.8137967068085667,0.46715806066953713,0.8409626161460249,0.5955954100651917,0.47916532755325103,0.6635948553556617,0.4570409375051092,0.2431713979020309,0.6970269460541612,0.8026086162812365,0.6286156178287059,0.5329440769553822,0.33101628047449494,0.5147197536271999,0.9160199545181689,1.5992273571929028,1.5061945911684678,0.6666661376629817,1.6937042743408672,-0.05838366714968868,1.124445661601793,-0.2250874480202535,-0.17954875394627134,-0.0850976507402822,-0.1781390730329222,-0.3112218786886073,-0.41021039759449884,-0.41183506232969724,-0.29894176236011716,-0.2712247867285619,0.18320419244575903,-0.22940136349564666,0.35445164467892964,0.11979819598897423,0.18643168880166328,-0.1741070886883792,0.5727747703430877,1.8786926174473244,0.5246640283666257,1.2940375867940181,0.47331633278251073,0.4416918335782527,1.1788656948834841,1.8338467107464687,0.47990818448550376,3.1621621969932194,1.3469543622658855,1.2293421576038224,0.5665782050944006,0.8578438819662138,1.3993097109620423,1.8578194169455657,2.1237288147921674,0.1976378548233546,0.02400418435041196,0.4657242118577223,0.6184392070249993,0.72413970982722,0.5831644680562753,0.03782329514554372,1.38937987280825,0.9300261252255992,0.6942617140763299,0.2570142536664446,0.49630759782584444,0.7118874490725198,0.8992095162076281,1.7422680488389384
2021-08-31,0.5231276457017147,0.26356279506544733,0.5349022228350342,0.6720893759385373,1.0531380140930646,1.0243977408765752,1.4826048860155812,-0.14145788919615532,0.27570599538623264,6.176308556121269,2.181908241626288,171.44819343143763,1.3709860793859425,0.7710062246086358,0.2687435896688173,0.7723673015175656,0.725324996052114,0.3515263732805318,-0.21863795822086074,0.19475490711615495,0.40705299303601006,0.20845800275683413,0.18848163880610969,0.24074426585377373,0.2926645636018863,0.3500196843558474,1.0687043179177977,0.10098921592032117,0.30016970386064523,0.6317000363194032,0.6432589743892225,0.40259064657793564,0.7013929293620711,0.5445495574386106,0.3328654097990962,0.6133229160143816,0.30368190425659924,0.26230802145257703,0.5525323326195539,0.5492285684122467,0.2901754636243288,0.5277459823533655,0.15083328383708872,0.2602182335629728,0.796784524564865,1.113505234423636,0.5798450355735947,0.34185266174598805,1.1888445007054518,-0.0400694715680876,1.3438357887939585,-0.20312635803357215,-0.1270737801295595,0.07128891905119583,-0.0991443948405043,-0.2491796563360067,-0.30574751201887207,-0.3564848004635939,-0.22291096976729885,-0.21609697537478856,0.1234311811059059,-0.2189044464731652,0.11623255535882326,-0.10874701303532042,0.10156247148041198,-0.34662998453066796,0.4901450636503162,1.4513276443082872,0.40160899762302105,0.9997285434506507,0.47485653333292177,0.4924170026044996,1.1247030394453974,1.7462386295621517,0.47517736458331816,2.799392141317723,1.3483872711068208,1.2384427946421326,0.5197389496348681,0.8554839678576616,1.4645859393371539,1.8319546198780294,1.7866665875470198,0.24979897218221137,0.01597237273512686,0.368462381658605,0.42480191837179615,0.5653342093222267,0.5703596044631711,0.01805808759581229,0.7278712778014085,0.671924650768752,0.48114405410945293,0.13021417459072193,0.5099725506817234,0.8003907677874353,0.5477633411003993,0.8869566272021714
2021-09-30,0.7035474413928138,0.41888770526247887,0.7541910101519034,0.9548164389198344,1.569519537534008,1.6340570374342431,2.221747720323249,-0.06198560618576754,1.0713337413514834,7.4717613255549065,2.4903547273668023,326.0031805200933,2.3827002837603755,1.1411802400575688,0.563958610368712,1.1350603416684852,1.2603290051824052,0.6684726030320254,0.45938379147656905,0.42901735959729126,0.6428820483268178,0.4840740601671387,0.3606120899919274,0.5456606093475036,0.32044411059315125,0.41652064857368365,1.2113024749856414,0.17632583485152686,0.448303412503976,0.890210167043439,0.8667044504441097,0.5383924355615102,1.0057282620885264,0.7044392859230137,0.6252162684073459,1.1138522283978713,0.4416140782286404,0.6810843817816858,0.6706803224401212,0.8368777889365897,0.6728084158401961,0.7756548094346125,0.4536425323583402,0.41215840063140385,0.915221452283199,1.7483223377149222,0.279098737164307,0.4507578526580611,2.4508999384169896,-0.06395799117545897,0.511886180551103,-0.261096159899017,-0.07022000958759278,0.05151315173349591,-0.06376907673715271,-0.30278826063158537,-0.3359758996453355,-0.2704901262788596,-0.21016671226737238,-0.09583517470349923,0.04319194657183356,-0.1847638910211189,0.2184406948232842,-0.04471539114704037,0.357180077201221,-0.3097484631561206,0.541750743999156,1.336816647011879,0.43950443520228233,0.6291588661563301,0.3912830650714758,0.3117697771161738,0.9218281131573209,2.815132672822193,0.8005617838317642,2.655763089476932,1.6661421215464127,1.3967398179059356,0.49766304095341574,0.8894262288892198,1.0481651448890439,1.5481219146410048,1.4720176644642269,0.3364061788570063,-0.0810510553091266,0.35649311253971194,0.3975858227393001,0.4856019395910034,0.5051440166365195,-0.10446249964931487,0.7717839961184461,0.5873584032102781,0.5221079437358143,0.2819859316460607,0.3836954237175787,0.6311321842742192,0.8447496304588464,1.5099999904632568
2021-10-31,0.9342528096512341,0.5410153731533225,1.4266801746095497,1.4150190683177395,2.2450656090290275,2.7506639266621895,3.173202083464572,0.2534821481915124,1.593128110447691,9.806453630610829,4.395514764012547,954.703988669186,2.6359009783625447,1.4000004117117095,0.9011251173212327,2.0813682194608636,1.4451772484149217,0.7091363754772484,0.4472049086979022,0.5626344101446232,0.8142408380842308,0.8703034226356527,0.6939312398009061,1.0383660038808435,0.44447818905628966,0.47628983764018606,1.1200712043004306,0.28473532040242455,0.5536138550620613,1.0403175679611767,1.0237187991130008,0.38772899281896667,0.8572408675266592,0.7247442113195981,0.9406222327620479,1.1924842248547987,0.5777748847946345,0.8343637150003242,0.6417829329995957,1.0222712431825585,0.8086153256191748,0.7344965900544869,0.5607143681585212,0.8300762452690367,0.9212314818428273,2.5577399179845894,0.8158682137114823,1.0420161438056272,2.394792508723838,-0.10658037352009342,1.0981977554456006,-0.3312448229675191,-0.17441923166184625,-0.040589554040591724,-0.18715881501990728,-0.3154039373895722,-0.29131075230574244,-0.3475021833030425,-0.22719209897958592,-0.20401037230320607,0.01837685801193567,-0.26062665047584666,0.20862100492992242,-0.12729846132073264,0.10332329670006213,-0.40634439052935123,0.1533839202620524,0.8841448647344017,0.11675324881420313,0.9095897171089573,0.3173516359412365,0.21537469623200245,0.5547977244925149,2.787926486395967,1.0440729430418734,1.3925120899531445,1.1063144505991485,0.8967286732884672,0.33095033690302955,0.9062253108387086,0.8056459383155998,1.2383726195301303,1.9009901474538484,0.3514935962920618,-0.05293597743226075,0.21531923926884056,0.32279418533327386,0.43078132451247564,0.3462976958760873,-0.09260200390566087,0.946777708197903,0.6466333164221116,1.0806621101012697,0.3299892191580165,0.1780605481182036,0.29175111316149027,1.2987786879234795,2.5465115134686394
2021-11-30,0.7709630618979673,0.3663017043706138,0.9412769426947494,1.0410592150897258,1.130951327076358,1.726926249134523,2.006633214812739,0.2691571177168861,1.0468767880660783,5.101696203136481,3.122488674628795,2.728751227005637,1.9914384549799244,0.9498375771751699,0.6915915727025812,1.4265786076474902,1.0167288710706894,0.12452571324355355,-0.16501001310591146,0.32466879228916645,0.39631262506195153,0.5288010303536084,0.27464938204818234,0.6897357151370718,0.43074525780749306,0.2424823657696593,0.9076629988475085,0.2982310186035366,0.4135679413598041,0.8239553197784055,0.6262339979217253,0.26612550556409365,0.5476903977069765,0.37457324861378205,0.5000833423617306,0.7491531340161963,0.2777869515704601,0.4583512131547849,0.5627898246123071,0.5816912260665852,0.5196998501159931,0.37199698509150125,0.14355639787995522,0.19197111767909014,0.40026780931976425,1.0098711930477875,0.389247321675237,0.7387097229241442,0.9564802671147317,-0.05079362714804714,1.5344278112545222,-0.1808167701935025,0.04267286225887168,0.08265661588972306,-0.09347565923525858,-0.14673639836877517,-0.12539145007915053,-0.12114054593051737,0.10832110651541083,-0.08995404263905626,0.1769147956526047,-0.12560150985275487,0.215046912593009,-0.10719331166640744,0.22277392709575694,-0.23222745780556076,0.17832846444072104,0.6230467486508828,0.04249409338837973,0.778725292753784,0.08993117329040046,0.07391631898982531,0.030010745643070713,1.3140877347059825,0.3014778851843729,1.189827439522238,1.1236351013488721,0.8632636588795897,0.25709233550665966,0.2939968657916652,0.19347669789732125,0.8991929688222187,0.572955285970228,0.26353658987509787,0.0932270701710598,0.11029574440239975,0.09009412356290758,0.12483669225127869,0.27210622737182,-0.20122384953556727,0.9086413700879508,0.4660826805703131,0.5515768806299279,0.2729056157612786,0.369853161837151,0.486059269468021,1.4251493394030739,2.5094341786996828
2021-12-31,0.5409901986346393,0.4065834120006089,0.8079996354452079,0.805383047793339,0.7147338801342256,1.2514715771791822,1.7724007576694567,0.3051665168773272,0.8281416714561665,3.1533336102047853,2.268953363934469,2.4344650412802977,1.447546553757288,0.7543176642499732,0.48651450133092644,0.9727270895106013,0.778567281804001,0.04124855936924643,-0.2382978576618705,0.0025918012912649058,0.2440103109047438,0.32949405294337764,0.15432911223992973,0.5661422375955161,0.402326277187224,0.20635534991388282,0.6769723450956857,0.1973931382443086,0.2567399192777011,0.7514471520331909,0.4629645568333369,0.18252890030629376,0.5246988883340076,0.21720473452464284,0.24997764986511806,0.5310075846317743,0.035827558121642955,0.26178798325269503,0.4598572615759511,0.33675891186279006,0.14943118716430703,0.15466108282513313,-0.1318279943550743,-0.18931072892321754,0.0058932067177688285,0.35226018773317325,-0.1076626640339543,0.27936493976086907,0.39893525201535973,-0.058192656513434304,1.791184117155673,-0.2766117195494274,0.014060389398667938,0.10410639068135241,-0.04884187734677714,-0.17418408751720893,-0.050587942570995414,-0.06962778597815344,0.2725330862537354,-0.11878554704756794,-0.026888341854487074,-0.2510953663570169,-0.14011110011475658,-0.4589371904918811,-0.11206225440170281,-0.5776698888668474,-0.13142788827544127,0.43424040581482837,-0.05791919875381413,0.4669870663465905,-0.06722041446125371,-0.06047324623869643,-0.13049831454495087,1.0230642111797117,0.19945601654810874,0.39766482108421886,1.024625655128807,0.6446185325836107,0.26297598184568627,-0.033542718577831976,-0.1508646760635146,0.1803617160919071,0.36586885693781657,0.2208989603840812,0.06935612595927543,0.05670787747727246,0.034411427285604645,-0.0074355025957840715,0.18656517942127482,-0.11617134714382038,0.4960323413921135,0.405025167475598,0.6023537072803293,0.153952476554005,0.3025602956331148,0.4299245751040477,0.7343886494031333,1.2272727826902692
2022-01-31,0.4485422797885592,0.449539774811921,0.8641487250147546,0.8344202511481924,0.4471965317771891,0.9424019846877454,1.8420696759969006,0.09095703825945045,0.8928595223328302,1.5555554641374787,1.425680331181232,2.5694207988111235,1.1713992521335648,0.9550472519446718,0.5539929097585272,1.0922605940488874,0.9539040243141172,0.3456596194771866,0.04657529683112327,0.14092714824924935,0.22333120061207112,0.25946541869102235,0.2548239664032781,0.5239321949699531,0.3066886013885952,0.18001912257457842,0.5515266487333828,0.1417859501636911,0.24560610559501939,0.6064851333715167,0.40942576848564394,0.15011288639259912,0.4420193411014113,0.17826476796852053,0.40601675027591866,0.5428652125500188,0.11934493612895936,0.16238400156771027,0.42855136795619053,0.37206868477279254,0.3078021103232158,0.23530837026422913,0.09919271675576269,-0.2557081555565751,0.012917119272213284,0.3882098854287903,-0.1930115400243323,0.0179370775576575,0.1353962253831309,0.07926479735488923,1.210218010831019,-0.2208015587806581,0.059224399602907596,0.1689678021012111,-0.007143251330905209,-0.15202474055399684,-0.08283364153952222,-0.055994019838844,0.22532648302479696,-0.026539000850188565,0.1093361624981053,-0.22156816480303387,-0.07728857324197513,-0.4430939693968827,-0.38615140378754953,-0.4987146542167634,-0.06438753555080323,0.5607176650942893,-0.02552939602091886,0.5869648206465319,-0.019623621924070855,-0.012674854937966828,0.022704593860501276,2.3172295765852384,0.6984614836863983,0.41916559590718294,1.3843968789953918,0.8442457105174512,0.4220375245796113,-0.043069652606427145,-0.06349205815249126,0.48807190642217213,0.5570791241052315,0.4323468020137906,0.16509301410850208,0.032996024415818725,0.14220897017846368,0.12294396413721165,0.4015041505668202,0.03384638617283309,0.5258357642008249,0.5746726897035443,0.7510590962309645,0.36444167568222463,0.4030507178772966,0.5423927909347572,0.7606446806214899,1.0552146714310404
2022-02-28,0.4582386144898871,0.3628707497402335,0.7455156855594474,0.8305554945138085,0.41762379210014,0.8592561909728951,1.4932507788992502,0.24524313885969073,0.6985459295200402,0.9722220119309468,1.1515126381139074,1.5284444614130597,0.7078518077829483,0.949571239479132,0.49422158345466927,0.977196493754668,0.9182698890148331,1.0735145420685286,-0.002309411598353739,0.2120167546879681,0.2919459167763747,0.3133790352143866,0.3068772724750479,0.4820128733157367,0.39648678193843234,0.2565548444521819,0.4636230985889438,0.2973722135969703,0.3145325357709772,0.6657019545335374,0.31453280739632095,0.19772071377180223,0.5080707812212204,0.3703831672653919,0.12125917263218766,0.3512846883314473,0.05727980101165131,-0.07180567706444863,0.5667125991273014,0.4176809435194293,0.41963958799195233,0.14677303254998741,0.09207215893374099,-0.21046235939999303,0.027432129423162088,0.35988192587784407,0.03507298824375127,-0.0692913772872994,-0.06756147964753723,0.16665356246139384,1.2501798665755333,-0.12930894986832997,0.14318795293725128,0.24687621958323835,-0.008977194808506894,-0.11698516121804092,-0.045324426353125835,-0.031837561056950126,0.34634908386350016,-0.02580809069622103,0.1218683864542438,-0.33721375605724135,-0.2360303486569001,-0.47946730940833027,-0.43521203623533355,-0.5458167355906369,-0.09369363020393773,0.10836640651119489,-0.06860575125693713,0.49175282162825495,-0.08567434133945351,-0.08464949324998061,0.05818069412721605,1.3150235853560095,0.11726151959429187,0.2848575107642235,0.7254034074626516,0.359615858545826,0.17674787882797727,-0.27620825364833246,-0.06968458507211539,0.2865146166276922,-0.049726390989508706,0.32370709128702657,0.12739331665681886,0.10196199996676625,0.040978484955428884,-0.02024999387896098,0.13574449196646188,0.10575526419662129,0.36993492467666367,0.33185284150722794,0.5462332379484258,0.23359552057109378,0.1462969970073269,0.16042171426743046,0.24399527780271346,0.23113209244703392
2022-03-31,0.4823483795200878,0.44101726583229084,0.8437880880341411,0.6796836457892479,0.6445069333245355,0.9078204766155833,1.859096929146435,0.30748161995494083,1.0086227459742,1.0904763230057708,1.1211511589321828,1.3641314296602882,0.9480489719666929,0.8670174577250678,0.5050911524482851,1.09877520822821,0.8940041013067614,1.075560285686433,0.02189773061485889,0.2704839442835345,0.37795231015242003,0.256489655873372,0.1400176775063131,0.658703743009954,0.3830031102585101,0.11194714920715754,0.37701081478204856,0.22015462340483327,0.2668981260104206,0.8567096929547393,0.40966412320369594,0.19790842634418682,0.42908174460703163,0.24738978938372314,0.22725227749459642,0.5085782851406351,0.08130313549688761,-0.14896576896613245,0.4724171014910352,0.4661043591876566,0.5721056604838124,0.40048191675068967,0.25535099964804275,-0.11269424974005915,0.39282534377614287,1.0394099176712701,0.10540304373050069,0.6240740934708799,0.343392242003586,0.12816757105508847,1.0590770399561218,-0.11080096322427402,0.15733485174370698,0.18169198173764456,0.13713854218231014,-0.23850984017209242,0.06170681429247282,-0.003687842271705155,0.5008541488043978,-0.04861844234197521,0.1334952421569986,-0.2053056307941009,0.016562339740698873,-0.5238094759791161,-0.27772169723607887,-0.4281298040700374,0.1348150631441194,0.4397220994553461,0.0792106467404845,0.8833791960142163,0.08250948980938233,0.08818873759106394,0.19838849845118656,1.3239313187424702,0.33748590279261337,0.1118846311144226,0.6604604817129394,0.40842685985958616,0.269454093461692,-0.04402909320320525,0.22222224234830312,0.07059158464021098,0.2689846443317472,0.05752705952516468,-0.14659042412805356,0.017238868238871996,-0.03534897278935423,-0.03392122606388259,-0.05380427654243913,0.07535296746422504,0.6695135050704581,0.629199559001977,0.825956932122512,0.16322373190755224,0.08389516272905184,0.13676993689364947,0.48371326927742775,0.3951049496115653
2022-04-30,0.522715748415407,0.6566418594605017,1.0192645030937704,0.7216019887305269,1.2451205132258867,0.7103120826715514,1.6976894354255556,0.7410124096797299,1.0822455381225122,0.9033014983529191,1.0213719417912386,1.0376534634717482,1.2967375797746463,1.1275162498559501,0.584454104048959,1.161656149982658,0.7149312156601955,1.077221727515583,0.27777776726549464,0.5722738939882284,0.49076282674597826,0.22394855860670893,0.21613524747220292,0.898655810258189,0.45558436933365765,0.16182364371109492,0.4151916462782539,0.19887361145095284,0.27619633243147224,0.7993598146951533,0.38760477113694636,0.18855675330245703,0.37363129684722485,0.24842063596800945,0.4446033227667747,0.5921032424434785,0.11753480613670497,0.13857126940950093,0.26415846753766803,0.55143320595972,0.955066025703577,0.8678303768864619,0.3204444040918044,0.04729735060724405,0.7299767206310888,1.3140914041817529,0.2666668226540878,1.1954739481432726,0.8889301682496207,0.31687693912349135,1.1453631519800194,0.006171644413381694,0.16649172085428,0.15531366127246748,0.27780176929374134,-0.14860258591425857,0.16207526184373466,0.11341031405409097,0.6924271708559928,0.06580121167256192,0.10722093155920165,-0.12945456008532386,0.11731773855024485,-0.449257413750932,-0.1263824151025179,-0.3681592354537192,-0.05182317533028413,0.3289765220857608,0.1542686332624692,0.9397886882519098,0.07750283029617777,0.18260926933700516,0.161660681031091,1.4652360471843955,0.6800766106195228,0.8034713316753141,0.836035663106508,0.5649306610631024,0.16382102968190515,0.1359090294319969,0.1539122909921895,0.10307813077285566,0.9087882291957414,0.13353607677116264,-0.11410701211631935,-0.030458415111060955,0.06654973016647459,0.036406581550288086,-0.07589204699580088,0.13341658170817428,0.9068107429845214,0.9329817618973943,1.162908730576309,0.045958402284083766,0.03891008517855332,0.09672131045120946,0.7356533296267918,0.5827586212566433
2022-05-31,0.5191988532605494,0.5637709202693946,0.7559605400250979,0.5546975870730155,1.1294510501611805,0.5995330260456413,1.3361433468918884,0.8771611186240893,0.9883888312443372,0.46313785645997885,0.5980282084665223,0.6102779779089429,0.9539419368398672,0.8636405949993256,0.6202458013690284,1.2888802274980948,0.5611285167176958,0.7126830322781341,-0.0978723525137537,0.47284413041951523,0.4146394443113499,0.13337529791022762,0.11159989376290991,0.5868916537601823,0.38162440000813236,0.0522448334362986,0.27714385553804455,0.0890732932403655,0.19026254281101362,0.6092962234622339,0.1763533933179524,0.18386749827724813,0.23260473942095583,0.05800722227046062,0.4407653587740987,0.4493830656166644,0.06680909785604805,0.17092715642531475,0.2673352235223869,0.26491290033765424,0.6021838185888999,0.300351716512262,0.1321821348865979,-0.19441187928634296,0.6739464120913503,0.984872226557199,0.07887686073618583,1.1059062441302183,0.6515700767038539,0.025571439783607985,0.527889975276945,-0.16742281678726678,-0.05646108131461425,0.01888483105568728,0.06656207024824101,-0.3606974596737741,-0.13275620857450598,-0.19903127496021644,0.13876788140118212,-0.13931324102614284,-0.12778107535442096,-0.25441181350733644,-0.41889769605090144,-0.6509615202775958,-0.4198781306125884,-0.499280559053505,-0.18682770510200275,-0.040628246532457,-0.06607674128415308,0.6236245095631463,-0.07270262264098803,0.00670863911465247,-0.08234005035912884,0.7147242538540124,0.23952985046232178,0.26689854412995007,0.5336514768091039,0.39692484923537186,0.19533581226292407,-0.1878881229255316,0.1098407741608074,-0.09440715849567372,0.35470089098585533,0.05267113121682576,-0.20121436416824923,-0.21092323098133925,0.006542379904944884,-0.015508744894827453,-0.09570213753139944,0.15693934890588568,0.7422772132519857,0.6217650106286019,0.8482334831208147,0.16185752063855485,-0.05452590269269364,-0.02140446735713375,0.29582907633168976,0.3578274263926462
2022-06-30,0.5992466659524727,0.7417341717430734,0.8990109987598649,0.7559140830490274,1.223405811953445,0.6823075171407991,1.7053461278746624,1.1460172905035781,1.1961217131846222,0.17109146289865373,0.697889232802337,0.7368591065493848,0.80305844376426,0.8868253302315816,0.7421106651233902,1.4319997706469678,0.8619114828509897,0.6076055667226243,-0.03846150319251662,0.25251212001901013,0.5114035180667598,0.2821449629858137,0.3610907049201062,0.8341927575468207,0.4598315085879159,0.14841396491839332,0.2587489890895305,0.212165723276311,0.22853715683194076,0.5898547822092917,0.17265998302520735,0.22586242614770335,0.23913451264871988,0.07820848444359019,0.7388025887319134,0.7398025104236059,0.22896403129685305,0.5053899402964352,0.18367491700861405,0.45808387513889937,0.7704858532977124,0.6170224205905692,0.3141804021635255,-0.0895026882934401,0.5941912464560533,0.9354114345596747,0.14901117200348524,0.8909090370468804,0.4598214932683482,0.09916004416140001,0.6903947948066176,-0.09945151232649163,-0.04962440112803401,-0.01444131243657687,0.002669261194787609,-0.28028401906908273,-0.06654814609686854,-0.0870164365115007,0.077606285339614,-0.014014224674501419,-0.16833476373830292,-0.21718172206640696,-0.3623549749032816,-0.5619368964972244,-0.49480840953521543,-0.41081083449592815,-0.15401460066810402,0.06436605114892235,0.027991054093668533,0.8299194406067711,-0.002046572132987201,0.0806840699158764,-0.09246978612851153,0.683752231307508,-0.084561685303021,0.07513918735445513,0.3969538842231939,0.45048069256524603,0.31163198851392293,-0.10247127622853913,0.3189448199934044,0.056450721023778794,0.0697232678314843,0.13517897960417025,-0.1295266219269332,-0.10825519838133602,0.12412009166916116,0.1502235732617614,0.05125677915243809,0.1489256797281293,0.9765500028262992,0.6322996181165137,0.9562217373117967,0.22297441008531882,-0.04478786457853434,-0.02915299888308276,0.2791546646104226,0.43609015412864327
2022-07-31,0.5632062203413437,0.4853161399775423,0.6491252680015871,0.6146493053089881,1.2672359445156705,0.6320148374122543,1.2858944644683579,0.7592794724580589,0.8781413912534537,0.14779289236685966,0.5137330813701797,0.4019882552010703,0.7529897116328996,0.6942055066267181,0.8644318736469443,1.3002977700718774,0.7649108971342076,0.5505827709480942,-0.25229360306566917,-0.06025823980032541,0.32730911520892225,0.22694189477972992,0.2798726643075222,0.8348957478620791,0.3179506811873254,0.009864210187402911,0.1160836450256173,0.1166788341830729,0.14470991212094675,0.5793364375756911,0.08208256836343408,0.14225694614643913,0.14374071927826382,0.036266638997931144,0.6624791413261581,0.537459114139097,0.1681842299581502,0.5494229001716449,0.060433587064380845,0.2596240964766281,0.5326785040050785,0.39705459192064874,0.2355376887534324,-0.06786709583902062,0.5516879563154422,0.9855211460100837,0.2522080082418907,0.6452385582380169,0.5301107373764735,-0.0167675417693266,0.30905221860157717,-0.27235824876229686,-0.20845478469001744,-0.16994469328027495,-0.11050520554523335,-0.4420357469859859,-0.25532225459944236,-0.22855966127995964,-0.04635508302161606,-0.12398929800670289,-0.24834986062347775,-0.28664926886321707,-0.41106164320587635,-0.5968169628603459,-0.4751724515763476,-0.4021052812275133,-0.3742582990601604,-0.22542365444565615,-0.1878514592147449,0.3618203605571746,-0.19433128687177326,-0.10706190454180087,-0.20178338934050832,0.1409342661485069,-0.49381870376669246,-0.3852000045776367,0.020217588195220904,0.04449594091241926,0.10047862406268848,-0.25037694797276644,0.10618598757501307,-0.3494976399406654,-0.14726202174701986,-0.05105058046623856,-0.1537621987317609,-0.24959238955490737,-0.13119787432237373,-0.03457954830219234,-0.2347375099522555,0.019724561232481008,0.5261612363942014,0.37344253167242836,0.848883394754931,0.05077439741655421,-0.2037895696006512,-0.17105281735066036,0.18399649469115809,0.41935475364879293
2022-08-31,0.8404082314278956,0.744234150515781,0.8061222801963543,0.7679954906922379,1.5721782578273595,0.7144040398723885,1.279639445447216,1.08704966619332,0.9322412147956929,0.3058826079936372,1.01597405115659,0.7780489784965412,0.907752581266158,0.7395443624411775,0.8991702174763543,1.3254987715085642,0.864935757310276,0.7620889735632006,-0.2879078673737402,-0.10059973649470277,0.3684116261355044,0.2411484649538076,0.22295671834728026,0.8579491620017294,0.4605586840106233,0.17605273628781326,0.20746862014018252,0.17947972468017603,0.19806781750645186,0.7244482683598106,0.2786704783035372,0.29349762435471893,0.25594986400060327,0.27518982707023354,0.7251095956695988,0.5811902452632083,0.2933952511273261,0.49199472414107737,0.190174303993645,0.33518040919625225,0.4788601086642461,0.1492820660851959,0.4258266681533447,0.22021116515096195,0.7607914639462376,1.1549095614513551,0.38943261054784517,1.1305484431821835,0.6894713265377383,-0.19173925184689922,0.2915089459848257,-0.23601143148403292,-0.23054331773372805,-0.11482648644585547,-0.04736605333188182,-0.42377300986015665,-0.13375452849464464,-0.1258260205350481,-0.0034874290731373714,0.011994729400656379,-0.1319316053033237,-0.20548081237245375,-0.26113491627790175,-0.5446808571147275,-0.4056736259528616,-0.3507972684941949,-0.3400250382540676,-0.12056649143783216,-0.15996640092683645,0.32609131108490397,-0.13362974250039417,0.03909504825038734,-0.1905248263151217,0.15269681179365002,-0.3845553779793768,-0.2454197016360533,0.17410761978852718,0.17431928778648387,0.28543757846901396,-0.01829767255571968,0.3936169394766047,-0.254343347124812,0.0,-0.026105786573861423,-0.05674197953756044,-0.15712554087297592,-0.1242794393080221,-0.03712911709189626,-0.24457218992579388,0.20931219402445245,0.6513887998118693,0.4449543367042703,1.1292357839997336,0.07963964792329192,-0.1049902153142308,-0.07207832170229489,0.3951186548972925,0.6733067032761089
2022-09-30,0.6986290178802457,0.6202531022858353,0.6699714278751641,0.6219522022566322,1.4113224616682176,0.48844560901843814,1.0948373897901846,0.574890186629677,0.8480912172497137,0.22835807428533483,0.5743153016189662,0.7250318684195205,0.6374252129103328,0.6134345730494222,0.6116489150997162,0.8789395035600063,0.5809438200047223,1.231618173177444,0.17811157744285944,-0.16007433400782123,0.22309544106461932,0.17980214302305697,0.09892450599491198,0.5760358391252824,0.36474169717201055,0.164696815879126,0.12084740017937756,0.0395861509748614,0.10238770743970638,0.6573365323052056,0.31236753615319257,0.31014824538508345,0.27252476985212937,0.24510030127664173,0.7288910568819496,0.6767299924526433,0.3342409575259815,0.6151463797228183,0.14901880232588183,0.3013098831961536,0.4053947425618927,0.04878551842849976,0.36000323641103127,0.0863211571818423,0.6062964084747349,0.6729849426007486,0.23660361650321104,0.640346487388409,0.37344516890828894,-0.21898237540026566,0.029990016099281203,-0.17980233009747115,-0.1762016090361994,-0.06860777591853329,-0.028792823704459014,-0.3721715879832229,-0.13557198082564592,-0.16271789016752958,0.007022446495686063,0.008614415689681465,-0.1284110410612339,-0.34747886870853284,-0.28040335937045335,-0.5526742382966726,-0.35421656314990124,-0.4147582917946093,-0.2520162179874209,-0.07701755544823541,-0.10069300779786339,0.38038319021953204,-0.061659219740755944,0.202144538897729,-0.02822099813110579,0.018158769954638387,-0.4260223122922523,-0.12821802507089974,0.36652862642902484,0.3987616406270198,0.3440924435782371,0.062499552785939994,0.7997595800116735,-0.2066349782803888,0.08563456951383386,-0.02518647568172505,0.0036661888087237138,-0.16614642558847037,-0.07063841852237862,-0.02839770713885137,-0.24966389711782777,0.1968869721578319,0.5223489398149113,0.439104077634219,0.8844991379743841,0.02289720446937027,-0.007127115164028752,0.024492283111560154,0.34498213491021956,0.48196723003023534
2022-10-31,0.41552470407979425,0.30500352200392733,0.4324433088581987,0.30704596435821685,0.8448375413555829,0.1881435006575738,0.6166527237007358,0.32663922224386144,0.3179295032499878,-0.055555508867029646,0.17456479780945022,0.3740565430316274,0.24816977399134488,0.19044564623996152,0.11935529909967268,0.2983157965151235,0.3063099126765625,1.0291385504665138,0.4785715048005015,-0.3109147649042683,0.11498657069374096,0.036809533137984296,-0.018472487635308066,0.3489607574431399,0.07400976548181082,0.04018426783418039,-0.15723443151953442,-0.21639688173389204,-0.05662575044075213,0.62149515063191,0.24525745326885762,0.10814146704773964,0.10657466212910482,0.10102875197286387,0.4394057393036288,0.5497942462745575,0.12741909046737288,0.6195270942060269,0.04011114329773702,0.1303040180100432,-0.0024911055278570293,-0.14189339871320772,0.16774506340706674,0.1478969233109264,0.22666588431290347,0.37885034807309714,-0.01857581227635141,0.28928560289416483,-0.010243932212271378,-0.19125685889269006,-0.21648675073757573,-0.1785137047783526,-0.18717415618429967,-0.15571912073714822,-0.04384867595071851,-0.35813268390249975,-0.23317990274220235,-0.3250110676422412,-0.0985178239579717,0.009340804084667198,-0.1815043544776781,-0.36725454774532973,-0.3152627235370886,-0.4597155929892133,-0.39714592652053216,-0.48148149965085907,-0.3017421273229477,-0.2665957823432019,-0.1982795439257613,0.11032586351124363,-0.030664320916387267,0.1423893126453486,0.14207825971532317,-0.26390974853060245,-0.6003027861800825,-0.44131066254533813,-0.025290272866770436,0.09317539002802411,0.21515441818722247,0.026202223148427572,0.6527950298049872,-0.4089792377647824,-0.19350072473616609,-0.14252479770294957,-0.20403657290478716,-0.26214843849118863,-0.17673205031899097,-0.1089895869124059,-0.43204542329471385,0.1833918217978574,0.17358768991996887,0.21943902443439778,0.7229218590340385,-0.15583816216209234,-0.1631749952108933,-0.1745846619432535,0.09380835219171813,-0.05913979218231891
2022-11-30,0.9098563778893323,0.6477163926596889,0.87459255467808,0.7073294349844752,1.464800312945763,0.5495908853214002,0.9817299736597149,0.6545802885766399,0.7929708162163527,0.5682183039409259,0.6983874411547715,0.5409394020963048,0.4834682948970823,0.5956518488182807,0.4769937958501833,0.7235742645994634,0.684003968050952,0.9401336929924415,1.1340782204756543,-0.10296817894805388,0.34736654271780165,0.3247447421742946,0.2591182491207016,0.4898660671508315,0.28739528489008226,0.2464763217415611,0.05379016635527423,-0.014871102506623157,0.08684706207685933,0.6955924997256357,0.6025947557902034,0.2716213501390614,0.22001626134902685,0.3882588595711973,0.9292671877696175,0.9039021885287595,0.5564007055451554,0.9242747818224109,0.21143639412599824,0.8348687155499166,0.7079778076342342,0.20809380889508589,0.9014687984205914,0.8677249085867214,1.2482952504882148,1.5263195749534897,0.8380440677566363,1.7694579484481112,1.1363859653230621,-0.19931787101114062,-0.0849700513599243,-0.09534409344256078,-0.20830713719617988,-0.09283072416405858,-0.03855016201216421,-0.37717487901526214,-0.3609699355406626,-0.3358728144007713,-0.28142891348134813,0.04658917537742013,-0.10677580648452245,-0.36385428409202425,-0.1721580376204742,-0.3250000127867667,-0.29135615841291174,-0.20114943788709616,-0.1969667735599241,-0.13039365501149536,-0.15274145558365304,0.17057955654692503,-0.05207941725169729,0.06547879797713074,0.1417856672435016,-0.1549762363315409,-0.45502643328676695,-0.361670784883789,0.25762272225886074,0.6012716506810594,0.3744651601385154,0.3926648443962848,1.0898876901137058,-0.14968044779120804,-0.31634042206666135,-0.05107872872602004,-0.10674838604058057,-0.21503448314240758,-0.11833378935139427,-0.047946729809570154,-0.3504400369567251,0.2092055287047434,0.5855395636602088,0.3066562734412719,0.7747417783104373,-0.13172811805537454,-0.1398571409703121,-0.16297873432208265,0.023295836602447162,0.0739795806655188
2022-12-31,0.8917614664854605,0.6183482767104431,0.7859468149539421,0.6989243551219242,1.4121419484624802,0.46459025456033776,0.6448448307530004,0.606594127411259,0.7708311019313163,0.7068185096224604,0.8065440292193871,0.49538457989533624,0.677301114403208,0.5194392305592455,0.3544483072653155,0.6420712648180522,0.6060420774120352,0.7258481776845018,1.196335206791609,-0.10484476595515546,0.3840861718893469,0.40811132116270277,0.3147289792171102,0.534612930046422,0.38336501997003314,0.2820945092948024,0.21064993495405027,-0.0075824002849341765,0.12418616955609241,0.7458533892066368,0.6453387106522563,0.21703096332059513,0.25331270868970734,0.43428018720911643,0.84276623779702,0.9531342747354881,0.5584606048126626,0.9455000060062844,0.13531848616402398,0.740853611279501,0.6742386526630875,0.2378773931168443,0.6700628762331597,1.0945943113854888,1.2178519472305922,1.1503897637656801,0.7041233743733177,1.0491831852803664,0.9525220000173118,-0.21245427734827138,0.17656668797225028,-0.02073222329278479,-0.07651069474901084,0.06405366316375805,0.0813218383554477,-0.26885510888709274,-0.10413100062683478,-0.13708481025699193,0.049140664784907084,0.27394942016461443,0.04153084442534749,-0.3279813866174367,0.04858396311301538,-0.3055555660796435,-0.16157276156545886,-0.04358976208638499,-0.04896526974063076,-0.029546178951793012,0.053371471009376226,0.30909851652634157,0.1421609884217221,0.3027966744890358,0.2845646879053485,-0.15238091723247327,-0.45591784302819705,-0.2889297557770233,0.33035458326831235,0.6976670391840858,0.3263609885493315,0.4393840522738488,0.9152542149650116,-0.13800032175581511,-0.26794360765223935,-0.01717598530726261,0.040108479101566896,-0.10983627196371248,-0.055717336707713616,0.013808992619288363,-0.3469418906641192,0.20545648953944884,0.3190073349457454,0.08652780253305625,0.5528715627768059,-0.16515216434152702,-0.10869177540683539,-0.16215356424717864,0.12216513057290057,0.15820902235711576
2023-01-31,0.5096843579722343,0.41594114606062926,0.3984105303050547,0.2409655860173443,0.686132832218115,0.15695629557824375,0.3141313309468894,0.22704636386042787,0.4231170158486597,0.2091263268992316,0.2850398427316698,0.2477760673154885,0.3314290199370853,0.185575364591837,0.15911612084282134,0.3581981349285219,0.2174817328794001,0.2931790083785999,1.1273146331494308,-0.1696077382364123,0.13828352960593526,0.179974773000666,0.1719844205113521,0.3648889730580045,0.15528588678040856,0.09049445130339295,0.133085681702666,-0.18637374150845276,-0.015780012494088558,0.35315065216018304,0.3393566546954836,0.078067344619559,0.0917360155532918,0.15798643683189906,0.5837999683448774,0.6643893302877983,0.2782840247669809,0.5097607513729701,0.035561588847751846,0.3886654689485529,0.29790213649283737,0.10447324825148474,0.2849822693795776,0.8782745072167917,0.7773254721530807,0.7115601229128272,0.32726233823083706,0.5112628158133927,0.49618386552984184,-0.1966759363214039,0.16910284221280336,0.1241510859354864,-0.015471701667103654,0.04127823227448335,0.12031167151520417,-0.22096088818841786,0.07174379934832076,-0.04305427157664432,0.00969713696010599,0.4987220074499239,0.10885881354716576,-0.22800584569759685,0.12582331809557012,-0.2835820963885589,-0.17693150196838991,0.09649120360946206,-0.2434391067517906,0.035385611567698705,0.006924605149941865,0.2492832362344608,0.11075314768672961,0.22145917824631556,0.2244221182342041,-0.19226496536313853,-0.46675357080776836,-0.060093279811837985,0.3214808051277944,0.7902724051121301,0.3484436586334687,0.3070004266352524,0.632586064279627,-0.10331895128944024,-0.39208809410401935,0.03931484817947695,0.12069249703409146,-0.0862902814855181,-0.1135066632548476,-0.05586919473401997,-0.32838426827721223,0.1519203721304052,0.10933480332204581,0.07030704583060565,0.2568072733057969,-0.189659599667503,-0.07139880052841385,-0.1252693626690592,0.17127118481943815,0.4865901419120422
2023-02-28,0.5211638929958173,0.23899518879845538,0.34251471708339,0.2370154347967819,0.4939784634997275,0.1290990192519219,0.1473505668087316,0.17340024825945677,0.2666932450566899,0.24374079030463425,0.3406579360143307,0.3300129339568796,0.09382172312846926,0.19639206630843242,0.1869162817401,0.2956757619491124,0.2482754548343462,0.3158797127962216,1.8452381790360124,-0.176529978620651,0.15324794223191263,0.28245604730393103,0.3165606346551266,0.039007203640487154,0.0836117732673145,0.11788059517419391,0.1127540221892831,-0.15319578051282245,-0.006071801478252259,0.15750143994668253,0.3900536881354122,0.12851309806302846,0.13805723223274846,0.27652708479165544,0.717251083633974,0.6810012106478982,0.2264289780382629,0.9116060451752832,0.17272697085001187,0.46911384935123746,0.24645214287031614,0.10117221421443778,0.4393579547951043,1.027737161574453,0.36528859042279893,0.1785617243916613,0.2723810870129506,0.1364168030541888,0.4142105463707535,-0.16760181962925347,0.12478238355527327,0.1556873614190688,0.061000177264536104,0.006429168661944429,0.060656456652436797,-0.04740148663014265,-0.07256425812674372,-0.16551025288968457,-0.15620969600054013,0.5187344365093747,0.09892744744105308,-0.21015163435802486,0.0758204871905308,-0.09534884779463293,-0.2961595632476154,0.04054050135560283,-0.4012952202363709,-0.03299495674171726,0.13744205353752403,0.22818873848764865,0.12478815363451679,0.23903130715233134,0.1065245571472675,-0.30147627867526006,-0.5241321180459804,-0.04516995533596968,0.3054693884005335,0.7389363091272179,0.21348811046735228,0.28343378281999687,0.4137529026119191,0.014323427675071665,-0.28737397889741534,0.1459633272513714,0.3911722847803836,-0.029517248236956672,0.045149882173238565,0.0938040336475996,-0.0992521757826752,0.15670332929840236,-0.04547348566487319,-0.01509917541807193,0.05569617360731782,-0.09653756614867004,0.017439550049917596,-0.046845961466651875,0.1439575394899808,0.010025112826065108
2023-03-31,0.3789430766751305,0.021235866623325217,0.0815563075738015,0.010198393045365739,0.03822684743390026,0.08956890975001452,-0.031057365432765605,-0.009629665199340276,-0.05457072592495249,0.345696655634705,0.02229750466802205,0.10894319185942103,-0.1976874168436219,-0.018767374076820387,0.06460728172872843,0.12366749364564944,0.03792017835874062,0.21467499303225113,1.4368531353376421,-0.3029681419798711,0.14713919397014208,0.40634435643341327,0.2944297850785811,-0.1262839508716751,-0.06520004846622585,-0.04108307246898535,-0.016738720567056276,-0.26449489299556617,-0.13312209699490118,0.14559972152162182,0.22903926020720133,0.06481715741880412,0.14034503123839537,0.33349192764833324,0.33831365127219937,0.4810142131452042,0.23558441213312564,0.2763687342187704,0.20128342742745553,0.30933224644400714,-0.02928901986069865,-0.13813808145340922,0.12427633671362326,0.9729033096476274,0.015206545071477562,-0.10663168015048197,0.03222056618637836,-0.17068257421347477,-0.015780537210882795,-0.43259798290227536,-0.20614990524405363,-0.22258732679246696,-0.11360289548535962,-0.19451325516047235,-0.15078741935713924,-0.3632657176880134,-0.2830626959950896,-0.37928358659555195,-0.39846033914263634,0.22039444693780008,0.0055775781478972775,-0.4453235832596628,-0.2134179979776356,-0.2988764149807903,-0.535497042212671,-0.15223095339023085,-0.48343634212789144,-0.16190191844946922,0.03290269181571137,-0.003954852444121748,-0.09348954548030186,-0.05498665341511799,-0.13746555222485457,-0.4529827718101651,-0.5412390748829727,-0.3377832806586908,0.14129936002412458,0.5315923469350081,0.37013223814210994,0.17465101131234184,0.5145305996564782,-0.041446908999119736,-0.3896058614080704,0.10298764100971702,0.16618375187451928,0.012775530625792175,-0.05652974932021759,0.01522495853489847,-0.16675396404807596,-0.00406321281586719,-0.19374389174860296,-0.23848782453797446,-0.15274268186113193,-0.13998143192234813,-0.00828820409326636,-0.05984088156580014,-0.056842496095982464,-0.19389979854409878
2023-04-30,0.3328778837414421,0.07716729269784439,0.09365697390217509,0.049576091304109005,0.14330139133569153,0.16137740744572637,-0.058768266616294085,-0.06684368176816102,-0.10556865704627505,0.3686047029772104,-0.01722780564648918,0.26495623876060503,-0.28032133625835354,-0.02462401004110293,-0.0978671098268955,-0.03543457430859598,0.03627096953067821,0.1507706706314993,1.5896226733381886,-0.2980003539836541,0.11666031653890996,0.37929385706076224,0.29786863889006354,-0.10390819251305361,-0.08270382387781572,0.010267909116157048,0.049724853328747765,-0.22102109292910876,-0.06908151779226102,0.17148809433869228,0.22261223410640452,0.056967407852474006,0.1631636299937893,0.276941161839807,0.2918107610631515,0.5829900650974871,0.21615976979640372,0.3127783213377937,0.1318487575352012,0.27943230530683927,-0.09872017006737521,-0.04590543962259919,0.03161436582034027,0.9725429997326127,-0.19840605500335295,-0.2773825643162171,-0.20141679676732227,-0.24960227630150233,-0.2115508503947825,-0.29781861279513366,-0.07890600530787328,-0.0946559893706932,0.09065142773089674,-0.02607474676824395,0.004030428648481799,-0.04373979267637251,0.21862742964757764,0.007312972476657631,0.03773021783858255,0.5945687137259317,0.3046937814463566,-0.24636999197260956,0.22060294481129716,0.0991735010072825,-0.2979334529139409,0.09770112422580768,-0.35294489526845396,0.023325918025657977,0.3027274173894159,-0.05588751168602002,0.040907378692288,0.1667274852957017,0.008064693815727386,-0.36718157766115067,-0.4072318018654931,-0.28089446495503134,0.014645736945702703,0.34111183835395575,0.3177370157773731,0.19615796795435614,0.45180274618902194,0.04485031006849427,-0.2589379638381951,0.15663743677584874,0.25832956556281816,0.11078898905983547,-0.13358618795284172,-0.025173782527597832,-0.24470285087368437,-0.060586382846525955,-0.2523670966062247,-0.22910425102326426,-0.23891889288782386,-0.23299067243119176,0.005118430472591307,0.009741894488055625,0.017874909140511264,-0.32235291424919577
2023-05-31,0.26436010074077676,-0.00983010927546546,-0.04007809230967685,-0.06111144207911168,-0.1043647713885556,-0.009325323196368251,-0.2282749137253296,-0.20018837984666504,-0.19902587248633308,0.32777816958929584,-0.19017249824616056,0.09285858196124397,-0.3420190734938371,0.0021685011223713246,-0.19007946529780395,-0.2597596339378231,-0.06075130668312756,0.15871633209578384,1.4711110856797962,-0.3318037899164642,0.07593616427822969,0.2851419647802136,0.1640089881137512,-0.19002583152406138,-0.1398964096125226,-0.07274284828933053,0.05468938922215871,-0.23939635255750913,-0.09664411029891151,0.12678217624728982,0.17979291211251658,0.033589819172588964,0.13627586347737197,0.22649480275186828,-0.0946376152341567,0.22051344033364306,0.011690678439241431,-0.08118144651499282,0.16611887755597188,0.08752635698692957,-0.1818906351891193,-0.17064424101598585,-0.15376023323311594,0.6614078782038564,-0.3240798147065951,-0.40450776610692274,-0.2077975364091389,-0.20337441801181666,-0.401930831033505,-0.2709892258866876,-0.008144496137480917,0.10035099471653264,0.2097464844004111,0.07881695324140137,0.18617690440694679,0.1574380970060245,0.5915593658589617,0.37459551487851717,0.7430869346545024,0.7512833855934713,0.46353773039750634,-0.16858495564729326,0.2860839193436342,-0.1259640257408141,-0.11220923649752279,0.14067279536088484,-0.26376140578886087,-0.012444013010063704,0.2930111468263503,0.14500501790518316,-0.05971585781846145,0.02974477971812961,-0.1386139370999473,-0.3944110026643186,-0.2720338971407309,-0.3364969839535864,0.13733896967754977,0.23839316001401678,0.2909676978710942,0.5194307199669734,0.4043635975230824,-0.11993814231193112,-0.4504184654178298,0.1551280133797408,0.2263143963884,0.043390020566687504,-0.16762100089951604,-0.08837245470804833,-0.30347295897766413,0.027803525689058972,-0.3043059030452596,-0.2676552218636761,-0.26622212664638,-0.20583813356655933,0.06948009690295254,0.07617418982505164,0.12776715458160592,-0.3167539422231884
2023-06-30,0.2343891686707853,0.07771384561391037,0.15604682715476947,0.0314588897170307,-0.013883452669467444,0.11852512673617444,-0.10980234304337544,-0.0254333300272771,-0.06953582087478827,0.5907823510711574,-0.04744343880236701,0.46616128764603104,-0.2392334886980403,0.08369718262011205,-0.1738559123080048,-0.1448955783478958,-0.018645179173065074,0.49625302239512425,2.3711655838245718,-0.0996964404003543,0.11147653679133307,0.24144416767172716,0.1308621428306338,-0.20196615239187155,-0.04364700693928292,0.023300838949293246,0.08397614222687033,-0.21348726367330795,-0.11182911659779504,0.06108951939522966,0.360250766745144,0.11962978198528762,0.2515788332014548,0.42478968951952356,0.04009205582036013,0.30838178544593053,0.1637522441497412,-0.050641793871391894,0.2451435723610622,0.21306282945914545,-0.07571989637519005,-0.030157050523673234,-0.1612420014332704,0.952451893961,-0.25228834052950433,-0.36885099151291467,-0.0742536934512169,-0.023356724871402168,-0.3749066410492212,-0.2895607822709023,0.10612906089884322,0.14841074783541885,0.27490377683099454,0.11312826754064176,0.17084660652852346,0.35661551147973425,0.6832091331533336,0.5120997923672863,0.7346553610405309,0.7723098031412243,0.586446469806206,-0.2058921821099161,0.365811716633863,-0.013157896803032476,-0.19381992073900267,0.165492972822044,-0.23474234665270388,0.1947814452491936,0.41156825675023456,0.3012579670436757,0.04464772863525068,0.07434030898156485,-0.06483997408595077,-0.2976550166052516,0.06377208606878493,-0.09694208082057931,0.27996626983146045,0.4059766289768232,0.40521253828949844,0.6649599552655978,0.5226773767110287,0.1131097503426548,-0.35411477148680437,0.24405572852122903,0.14008313503944647,0.23408263588894251,-0.0030055481689873487,0.03153204107851293,-0.09240448124075118,-0.013301306854111572,-0.309205743230778,-0.3256056217366001,-0.26919018116518545,-0.09620221829290032,0.3883355796036805,0.3398322878316309,0.3295822532703334,-0.15909091612805737
2023-07-31,0.1447270702320942,-0.0047429083062550115,0.11856569315272769,0.084237693548457,-0.09675213212530664,0.09354879650138836,-0.169637861975366,-0.10591067624816342,-0.06401297299423891,0.6779020871822115,-0.08606112908902874,0.311046082452074,-0.23649260514031878,0.11398568889232252,-0.0938667386453591,-0.08907854637144619,0.09395404598144519,0.5513515426932951,3.0134771402212266,0.027667005207195228,0.17393854398423292,0.2540689263283693,0.20994154311430968,-0.16717645529689074,0.011131151939828277,0.003319553792950236,0.07998529051276249,-0.19414294542421662,-0.11833068813826031,0.02869140609663723,0.22933127828948985,0.04285616733006048,0.14242050747282242,0.35567732848763,0.09358630652531663,0.30425001476994695,0.1162097409249303,-0.034867573101038385,0.13628052265366786,0.35080512374837425,0.14499994013995643,0.264276401522078,-0.12832668951776038,1.0543884324942057,-0.2017000453306511,-0.26137266818929006,-0.04902951251599863,-0.11078201436092383,-0.3471121117771311,-0.015067491432317781,0.3012345724408132,0.20314894463014022,0.27912737283368205,0.12511738834502695,0.10600785886424435,0.44239077299947405,0.47487378126132485,0.29064094920132466,0.5728621673584346,0.5262933703570334,0.4904349013398135,-0.26446370443161304,0.14327243829503034,-0.11526481464930138,-0.2600534668716452,0.13684214665068728,-0.32918486937316427,0.2833709417817143,0.5169425339527416,0.4616625686265021,0.12883174393139107,0.19186994091058307,0.0757678382076803,-0.3271117738917926,0.1051965037501219,-0.053641948317418975,0.22584956729625905,0.4211600846094372,0.45193167003314194,0.7793142858693798,0.7770189082700922,0.12102626826176399,-0.3184391013177694,0.28089879376600746,0.2365438017379884,0.1844507308488066,0.05582722401791207,0.08675697806128047,0.005268693709463923,-0.04190493460535172,-0.321504252116106,-0.290667429584223,-0.2595116810056448,-0.029930691366083728,0.37600842675093427,0.3208471705181064,0.22046315895834945,-0.1904761310067009
2023-08-31,0.14949710492704815,0.06297154638257085,0.12625920334678797,0.15908678410501498,-0.10194505063980619,0.15102372612834003,-0.17447131664606963,-0.058171253399224465,0.061064302020917394,0.44825481966239256,-0.059521174741150484,0.2002147743308864,-0.1113076067094102,0.1623586711159093,0.015486412568693764,0.037765917727668574,0.12804933428100207,0.3631097416163851,1.7122041828956331,0.22405777494899293,0.19592695697204432,0.2479864016226645,0.2912325315240154,-0.14308994121244223,0.06941105697150429,0.029652197608617037,0.16102407561416787,-0.20869530548310955,-0.06252060612420973,0.018219370978698413,0.2167762299274758,0.08568960941324355,0.16519482699037846,0.36886077907447423,0.1268070659356777,0.3454776697271513,0.28463352949546117,0.015894581883004077,0.22132691731552656,0.5572553465676393,0.3190044103319194,0.44493671416617486,0.1492724958860674,1.2420543737643137,0.08538862389148894,0.08273448015976581,0.10898652469110148,0.059117098093233844,-0.07561691237221724,0.0848539048259449,0.39688707369846465,0.30369446395702226,0.48526014951116125,0.2251594544773894,0.3241152678991863,0.5523089684194114,0.6618153505391768,0.6516603402430077,1.0007742099780752,0.7353091863634023,0.5514161016938757,0.155852000795891,0.46809235998233056,0.11594196255841971,-0.08015592785774506,0.5434782721369842,-0.08016947597537527,0.5325837600297132,0.9254808095451041,0.3393137100235384,0.22063919518679587,0.2548133224972162,0.20864191557105016,-0.26333091250373497,0.20466326988125338,0.022003425054674786,0.31415384318563233,0.341578187401661,0.5774310197092447,0.7859222513548287,0.5930504450055252,0.2335142153743306,-0.31837670084630887,0.40198784296641454,0.239417053197581,0.4229718554480295,0.15271053102257603,0.23974141910933033,0.1602686339232544,-0.09168383896980548,-0.22961188362251628,-0.22756211546926253,-0.19507389588875912,0.04833695527255033,0.33347450014116675,0.2908551182300956,0.21084628377083758,-0.20353984074693798
2023-09-30,0.3155605721281378,0.16220944643216906,0.2058699307235985,0.20633673662116392,0.029957595497564382,0.3195049537389658,-0.1033339568482241,0.1491631648076328,0.31417475352451296,1.1433982624888417,0.31122974811394655,0.29014255262229693,0.04094949338369602,0.44076436337512037,0.26260811155939146,0.32150854841230303,0.35219632633261666,0.5646402134128996,1.3252817216877362,0.40839438100360104,0.29654859707243486,0.3595918706500847,0.42959120111439786,0.029505085351465565,0.2578020962910852,0.10224281315170436,0.3493044082538881,-0.06031579480272098,0.011078080747791041,-0.006386830483828709,0.34109506516666244,0.20618762616988184,0.2723216181798054,0.5669252998782621,0.25453378541131855,0.4721751120274651,0.4706726323233421,0.05873113352192627,0.27015932149127764,0.6647542103039485,0.5888205146721404,0.7708016936142819,0.3170593482091617,1.2567674786513834,0.13443675639830333,0.23299022545646086,0.27047264975902263,0.17250470903463921,0.09107940631953038,-0.03242550676763811,0.22940773575202633,0.18720032028545064,0.36564967795767966,0.2134631184085778,0.2101107776593898,0.3873586411404475,0.2439309391297908,0.7037063239039616,0.5966185187623951,0.74470434939985,0.32322310026994416,0.06881869614383529,0.12055841070487427,-0.2953216088573556,-0.19289876695571095,0.23015870162539032,-0.32982713243310047,0.4836669252331143,0.8869622646501527,0.3825633798388195,0.20545951296609366,0.18252861104077667,0.04640548898042818,-0.09726871911362356,0.409090863935877,0.1351150451926213,0.6253549578395063,0.5193150489030971,0.6602059320320959,1.0454345007659729,0.7034949564571169,0.3475641885795646,-0.23296699196859483,0.45130130346766917,0.2920143423683337,0.5559409643275264,0.309557071838962,0.383409137302855,0.4348287820162575,-0.1718171144245928,-0.18154189971249735,-0.22300668167865323,-0.18350090104647487,0.20623764493705932,0.3960248765481722,0.39569309159699206,0.40110503402775977,0.23428576333182205
2023-10-31,0.09613390719695891,-0.03389293275286143,-0.009989209620064998,-0.03272430210257582,-0.09672782801171353,0.03235927893841839,-0.34284766987198134,-0.07477365979265038,-0.07892355693930841,0.4686771023025933,-0.09579348135189436,0.15667616584386135,-0.03631820571111544,0.13072314094248294,0.04876243413826886,0.05573394803085585,0.16126093497928107,0.6068189621269562,0.6034031693818611,0.3530571106010121,0.20251198733942344,0.2146673341047547,0.28487173796671117,0.007781431149302076,0.08772840216989031,-0.040466197251702085,0.11612234026082913,-0.16423789479890216,-0.08883152441326458,-0.04972337402004923,0.20651936263416437,0.14634280676434752,0.16060055590646138,0.35851061587588795,0.16474703120780432,0.3642749299454495,0.19802056624206066,-0.037012624931276106,0.20059880306372468,0.14054286149872564,0.13087573016112497,0.30960730752208576,-0.05670864220436178,0.9259505925016651,-0.10692864548175163,-0.19704074986303488,0.10952862885366055,-0.18314786033080044,-0.29242084552437786,-0.08989403515485339,0.007710269741987741,0.06853787756280738,0.25787205835612736,0.09049727712640632,0.1300738970312718,0.29248891731471716,0.22433984840024923,0.34285721186803886,0.42932175026707986,0.4437866420080212,0.10809010993708834,-0.07071625496574974,-0.1395474487879116,-0.41269842773282417,-0.3894626945098335,-0.021582713452168112,-0.3105251995416989,0.1893229993273735,0.6814635812060925,0.443509755981514,0.26678989695189315,0.2587235167672326,0.09594542840466569,-0.24977635684641908,-0.0027739224439247145,0.2032332863617523,0.20643487464778687,0.15754660190967895,0.3225132644844573,0.8175395186235408,0.38272853526201134,0.12413955331835802,-0.36418109855658665,0.27005364341730465,0.1587774942162392,0.3299593276077155,0.16314882543859555,0.3061037078237778,0.3297993393652927,-0.42313514248955597,-0.3221995724756006,-0.24580168966912785,-0.1772180272268864,0.042730063161547926,0.24492675246801654,0.23030195337996684,0.6776356168034006,0.2232779213071454
2023-11-30,-0.02575855172860897,-0.182343129769707,-0.0015613194161554489,-0.06759018250549809,-0.10095612733301562,0.11889798042833255,-0.2757361304972,0.02377684954316517,-0.1312442430356603,0.46725816239311624,-0.06222499857662833,0.1570453293776033,-0.11671983441144373,0.1148826141955186,0.034067286903859406,-0.021432520858617687,0.026123920196345463,0.562854245115407,0.18355183537967878,0.3785329720171553,0.14731270974836574,0.0524329777956869,0.1418028477452995,-0.05232455631873312,0.04759739569782173,-0.0958622618782986,0.03199559579284039,-0.17380088788773085,-0.18312828288279515,-0.04358819040853845,0.15350050850802233,0.1308603107719104,0.13386329855671208,0.318076908928552,-0.026031852406545375,0.2638760220768188,0.08431902333385466,-0.08645351682421154,0.2556619507545421,0.09903468354493916,0.05586775430994684,0.20825747184717014,-0.10154088367069913,0.7402468887784142,-0.1951028436524319,-0.2788125656363387,0.2073538692754644,-0.0880050839683415,-0.38331334389906246,-0.17721284460432052,-0.17411349773234408,-0.04520249827405132,0.09320287116516424,-0.1602123738125495,-0.05921800997461946,0.288259063533318,-0.01579004358900571,0.2905729817556315,0.21105150514684912,0.287760214625314,-0.018483635838573043,-0.09216345082109334,-0.2495390236406888,-0.2828571325303062,-0.44418937112430146,-0.24664881275857709,-0.5244930118910378,-0.13868232958438742,0.20734453019485222,-0.028377335109433743,-0.004565687493227166,-0.03849327474638908,-0.12062945966639282,-0.482434704035856,-0.26637070304106725,0.08397940457699615,-0.0008425670573734001,0.04056880389710882,0.2180770399874541,0.5500107140670112,0.23795477464497905,-0.179221853190915,-0.5067669287660068,0.1519257097615978,-0.06765870690313336,0.0491557408248362,-0.013936830794393451,0.10414830529478558,0.0933159616406185,-0.5829278852196641,-0.3539844991230189,-0.3107874159714188,-0.2509940635933545,-0.0773654081834988,0.07878102140912979,0.12160570840571716,0.6780147815658513,0.5335050602498479
2023-12-31,-0.036738582467624514,-0.16852099099462947,0.015438036310850833,-0.015708406306311318,-0.052802317280566835,0.19143469843778438,-0.23747775280261507,0.11830569405318081,-0.2097405185181066,0.44366714956344144,0.02373764671371159,0.2849861356454275,-0.10722066197267066,0.2465778134414114,0.0911516512115822,-0.07056366361171085,0.1881623017090539,0.8088908077737522,0.8073994960572985,0.3875632428182789,0.2019341378477839,0.08665919402915478,0.1396335652439049,-0.0005658200554859993,0.16681560943504126,0.0370051338855657,0.11000426260966245,-0.011028278541036274,-0.04298109628657887,0.22727930273960006,0.28718545646123883,0.19626663688699675,0.21590689364887505,0.4591265753706546,0.020838825041737064,0.31189995169893114,0.28823021396005255,0.04865286276940761,0.3624168735493707,-0.012531236107832244,-0.0461793056531391,0.17087180971079796,-0.09142805359780237,0.7085589893335931,-0.23187839878309302,-0.2863700415172412,0.252158980568733,-0.1676939551017158,-0.43940077205317274,-0.11406213026919221,-0.13171492390608397,0.06693268724576007,0.26765690066485504,-0.17266650295437624,0.09451537425595569,0.4781723389441883,0.0023906347844953046,0.8516076981974658,0.5321226648896897,0.4743689802911313,0.22611178341777705,-0.017096093866217466,-0.09875703748499365,-0.09226185338650073,-0.28151102004421413,0.04000002543131509,-0.5609879707077605,-0.003344880005876072,0.25456347489628506,0.012662987273379667,0.03049043282596786,0.039640978906893665,-0.039373112286473555,-0.4022413533827368,-0.03911982392701152,0.06517685892487579,0.30228356990956606,0.2338636967516179,0.380742820944165,0.9451154549488741,0.4718687161614896,-0.021510572499241598,-0.3463756409904921,0.2821167536847231,-0.1060781775337104,0.06344727283212248,0.0824307505542019,0.2072538436742577,0.3894161227619337,-0.561684993515353,-0.16526234487565084,-0.2494426289588615,-0.09957253500062324,0.0643144538249667,0.2300673196110048,0.3839410735445168,1.0295330019071787,0.6804123166542746
2024-01-31,-0.10875332290222472,-0.10917916867137611,-0.012553663093542555,-0.04655242909034618,-0.06742714830378771,0.12011736999107803,-0.23965493828050266,0.06722549374552056,-0.17521289424073094,0.2921378685580327,-0.12989631095835563,0.2574724053539452,-0.08251957576663671,0.11823017150866533,-0.03153135330914392,-0.14804569893622221,0.07349760099258651,0.73687962629428,0.43849379150029577,0.2883220966944535,0.1639202990974935,0.021974101156214676,0.14250497917698857,0.13466098294666762,0.14153621606100542,0.013295825657550608,0.07121740160713363,-0.03262953445393124,-0.05654115686875372,0.12889555441713507,0.1430639685274424,0.08852684261838517,0.15163602926800812,0.2866765680653749,-0.040941401403373545,0.18146990907008465,0.3812717925414224,0.012627336023919966,0.34887118899128766,-0.06905995476194626,-0.10715761047345362,0.10322502645841913,-0.16087245167301756,0.45747562332910974,-0.21417685564928834,-0.34026000722846395,0.16139336243174118,-0.2510263162817661,-0.5402162873699181,-0.18638148005130528,-0.17762978006944707,0.0031467849450832475,0.09282430711571177,-0.23674574187575093,-0.03851414971302425,0.3383525833408465,-0.10085029014514779,0.7677114298910317,0.31089747287340397,0.2301235594379094,0.08068641134008869,-0.08130611864961057,-0.2155823994978071,-0.16195374738104673,-0.21763399452159693,0.002597400184666032,-0.47047517724320087,-0.03501390164333884,0.20537965931260338,-0.004593487084942227,-0.003482486098744464,0.030473477638781388,-0.07727629660457369,-0.34140172359266885,0.08007122691560853,-0.04355973248520195,0.043068683950187925,-0.005903486947157366,0.2486518686017274,0.48167363871862023,0.24951915315606188,-0.06544324062941087,-0.3894185971605556,0.25820767207769757,-0.1243281247864968,0.061300961303927703,-0.026107771491157172,0.03647937568398696,0.29198770531056684,-0.5127675046465278,-0.25988456785730907,-0.29602187810826786,-0.04182905060919084,0.06282487342134901,0.24891036508188535,0.3966259881663856,0.5417356601680638,0.5880892710106806
2024-02-29,-0.04004856153669323,-0.055296382516134446,0.11728563682604354,0.05792365698296731,-0.0051929672291897155,0.15419952357943245,-0.1728001673423697,0.04296136379529569,-0.16132070088923245,0.2878449949144781,0.03025717299352304,0.23839715112236437,0.019989631609983682,0.18739551542823496,0.034484095040454354,-0.10295322910127502,0.20135120231992043,0.941890957709622,0.4681393385373538,0.3353834394229598,0.06699501257040352,-0.08192400235544117,0.10752235124179932,0.025456428838102285,0.21672735268030174,0.05984902292070937,0.10489424619743115,0.057406418996491126,-0.001195379816250175,0.05028194862781321,0.21395099583025123,0.12967394589459302,0.19205832079463625,0.25781307256700936,0.08960384595307391,0.3632611443819562,0.449078257726369,0.1780455221461994,0.3806094065933334,-0.07147693633847751,-0.002545842781099039,-0.05161277964267441,-0.09828134823242096,0.2714314780435243,-0.005172227694403064,-0.1692521748516862,0.3816804472624027,-0.15295864428431194,-0.4372962330860011,-0.17664713819002287,-0.02987539885801338,0.093592325559954,0.14005903279077758,-0.14256792709689714,-0.02437141108044083,0.5452671554074358,0.06951381049251948,1.0210427623989977,0.6885903363733046,0.19935136147884314,0.12456969297743292,-0.06689766022719523,-0.2556022504516232,-0.1378204679491314,-0.23980692896694,-0.06191951904108195,-0.3730121686725315,-0.01657258091974123,0.157550995514931,0.02196047560285419,0.05495606102401518,0.06256941142164107,-0.08946503190633215,-0.3848687278067403,-0.07622204635916052,-0.06000940887125472,0.13089396039214285,-0.028166645521441214,0.16944287297965666,0.2919384929263471,0.005411990104497333,-0.0751019872381361,-0.5482857022966657,0.1781433755579236,-0.08343854015242136,-0.14094911366773877,-0.02431363849950796,0.03349685239086897,0.2819865568705253,-0.5523186096769598,-0.4075221193116507,-0.33661034697554193,-0.10666079803781836,0.07457971869471058,0.2600416132017116,0.4223383035138659,0.7499299852911219,1.0648648021689646
2024-03-31,-0.012766574437123368,-0.029743890213068336,0.17197495635557702,0.03959801719464018,-0.020431210437259928,0.39603745005789226,-0.09236911281934601,0.07444299208723137,-0.1512390847082713,0.5240002932906442,0.3424595372776189,0.2649531894852326,0.3989949192258284,0.3032417246048136,0.148449400969614,0.01609471169516352,0.2562692735466099,0.998244500138558,0.5755919816310855,0.3639354203209555,0.13779900247415444,-0.032967575579938124,0.12656877645385523,-0.0205558036315161,0.2527395234556291,0.061295094355975355,0.2526682876737505,0.06806810398177898,-0.02839155288665829,-0.0049787666276757125,0.2901499570179291,0.14224791063583164,0.22159425729003246,0.4213182758255969,0.04712694966448994,0.28333680988883847,0.45811956974854207,0.18965205709185007,0.49718737782621947,0.004290358936231753,0.1235722601238145,0.051624481874704475,-0.07926190819758572,0.5972427997650056,0.12904489762249094,0.015933130100343362,0.6863893446627107,-0.01785407055570032,-0.35714871304740947,-0.3429519968885939,-0.21833025930912342,-0.026386715541243833,-0.13636210008039096,-0.2750756560574066,-0.1983641101617737,0.05911658063569569,-0.22901432046291825,0.4050624157213034,-0.007218911212798829,-0.028686106406273004,-0.0686199058058492,-0.30522774362106997,-0.43794271802571116,-0.3508771961309367,-0.3754644929578753,-0.2905758938465599,-0.49670187669887245,-0.06178044390537363,0.11289843667680932,0.0597295802468496,-0.032444670716690105,-0.07029844218367776,-0.09678060062709382,-0.35421372906985427,0.04700002670288095,0.13475173615031277,0.2567741309663427,0.19731357126096682,0.26560660114852586,0.4642890651995313,0.24632542945313718,-0.11811247459493868,-0.4604469758781635,0.2754038702199797,-0.16993041407739384,-0.015966973484223268,0.07472023206146883,0.11205257885803288,0.4281056390717397,-0.5272629037956383,-0.30932722612347785,-0.2734379292757604,0.13890155462976272,0.16721552175021515,0.5592339119131784,0.6351016358327011,0.5517388656268594,1.2499999172157743
2024-04-30,0.017402465671000122,-0.025540385888804806,0.2780675652510536,0.1065694125903569,0.06957311687445555,0.465176128037011,-0.011683768785732296,0.1227467609663242,-0.04764079188249226,0.7543732923878614,0.3794636735601198,0.33902616824634024,0.4780687948821658,0.30948725286978873,0.23748748661436303,0.21798979173368926,0.3961336746984472,0.6250854564697967,0.7805754892833849,0.3925936100860552,0.12706990785711603,-0.019120083179014813,0.13133855702594222,0.06372093973771209,0.35805791632530504,0.12409523718854043,0.27966710739833034,0.033369236575509165,-0.020065446513647278,0.06508909318482536,0.3420800071772583,0.17332045197451373,0.3003627837388272,0.43940757227870786,0.5381879784860089,0.6887486263122806,0.71142402187654,0.4193092398263887,0.4204367058986058,0.13317390048152755,0.22605692375242148,0.17511252933879473,0.17851844856760635,0.8474499613289643,0.3335943525620293,0.09620548976115972,0.6397167068301779,0.07042062497155421,-0.13645479147634298,-0.2145423231295075,-0.10122146443353419,0.08571292501178784,-0.03623155540449852,-0.2061520450000046,-0.07073152904977453,0.24271221051142455,-0.14867600462556596,0.7879873095357244,0.050476655861771524,0.1495460243693909,0.022710420603278214,-0.1348132381459891,-0.19977318540724776,0.10882347448913765,-0.16397007600286284,0.0,-0.46512869719202576,0.2544949124732552,0.4549968349560132,-0.008927389824253784,0.06701238408409083,0.029936967979278917,-0.0610829303353293,-0.0776834871632528,0.7916181687943558,0.47854353718545406,0.35203697713413007,0.44706809070276354,0.36884314100949767,0.372866007654606,0.3249611492531461,-0.013340253989698292,-0.3401015163641622,0.27316850702769835,-0.15546328612583393,0.1224769057296311,0.12274904066211456,0.13980781960603172,0.6440966264471641,-0.4672982957160099,-0.22442221052417033,-0.18794972379628094,0.1889590446586351,0.23527595734670803,0.5708774617603245,0.7008784458317421,0.5789179538970606,1.586207000499583
2024-05-31,0.18857081824355837,0.10424846011353517,0.3002983129468091,0.2821655389497415,0.16155684382975588,0.6526900205807833,0.16828786940525697,0.20366022436930598,0.017705116570475576,0.844081947689352,0.4303535867355568,0.29311505648141356,0.5945795917831993,0.4720933593572285,0.4322210991965638,0.3170019256694825,0.5610814724341451,0.7123702890686157,0.9981801220946125,0.5585183451867615,0.3207773926394175,0.19292819524651894,0.3525999322290847,0.1506690917326341,0.4114295399495873,0.21142521400196612,0.47588367192692727,-0.016919238755264465,0.06917947501340738,0.13788017177141776,0.3599823598594525,0.1939322745367642,0.3421706356725791,0.43548909481020326,0.52922888530134,0.7590628858798345,0.6038669024901782,0.3420937013968568,0.3753107611116546,0.1310619651008309,0.33218467558032905,0.2194737298957019,0.32896680457233884,0.9638719181317792,0.318150877612154,0.13232142292784355,0.8996902330406473,0.02224660516763244,-0.13942650650467436,0.030800250763637127,0.2464761238943205,0.2779123898346796,0.16376408812703902,-0.16263768713266868,-0.01670097288984851,0.3929494057513996,-0.031676345163488606,0.8520110727756542,0.10009538518254724,0.20124164662841526,-0.01726703712614608,0.23718150981184394,-0.10779741381930152,0.5066665881653918,0.1592652199761444,0.37160122064552237,-0.3380789477801507,0.4752786531582849,0.8105968560981174,0.27013250663229105,0.23047090250322988,0.05903017463074067,0.06526809593268368,0.11988297885124921,1.2130102096672406,0.21757921319808293,0.2919277824812623,0.4368318459861398,0.22622397957842777,0.9025386003609384,0.7264313939198714,0.012576793125508301,-0.22779920220906325,0.2630992005589625,-0.09893406106893043,0.09552865173947889,0.21273843664742675,0.214840844933744,0.5077289393257491,-0.4140626690704161,-0.00046060354212873467,0.039056165562971534,0.30528686822406614,0.08308877348271793,0.3253458851744069,0.48161723274710466,0.642203691701476,1.6061776925444113
2024-06-30,0.13183273674195295,0.07451163693476537,0.155940791526906,0.13309823046749392,0.07312340945377871,0.6005538639930117,0.05316933704408355,0.1616910331311736,-0.08087353867352953,0.5550613849658028,0.22814479602825632,0.28063662474967366,0.3836440238958516,0.4111857703782944,0.4421856639247943,0.25349587195786305,0.405919302084943,0.28787404400227956,0.5587641738961349,0.46267187768549256,0.2559012844961126,0.11714787378383829,0.31500600977221205,0.12083497801435117,0.3225465241094112,0.20835494917881725,0.38707976200487826,0.0027860698011461515,0.06150314497888365,0.046552192585144425,0.34922784502822535,0.1648820514247884,0.3098878730387704,0.2985614039073168,0.3811329142229951,0.5455045243278602,0.5407886340767567,0.2804302634408993,0.24913472414748217,-0.05195672955688113,0.12733595089759286,0.08612971912339118,0.18270626431229298,0.5902096966951909,0.12340103889099652,-0.061598071441397506,0.8649556820320861,-0.02355659172079716,-0.19638822834352498,0.011158492840678047,0.06782325720189264,0.4061740631071318,0.29131208097622685,-0.12420461482972911,0.1320953036542909,0.7402295405892898,0.169111972600553,1.2053410339262647,0.17146820699634957,0.4097946000982815,0.09377650027280104,0.5493549733484195,0.14970045616640526,1.024647891466981,0.27154068659498587,0.9259258496145382,-0.17420014780605042,0.33728399547502996,0.7134725134814481,0.24452932523013127,0.17623627044038304,0.05156536930190603,-0.0033972401897691684,0.3221620943229546,1.1020641470635746,0.031026279872453433,0.039119968588441134,0.24217910147809074,0.1234308584617978,1.0000085976450497,0.3868415280902908,-0.01172225446091979,-0.29108392009175943,0.15357977843657356,-0.09177379875107095,0.17308916732170476,0.1388691793362815,0.12540292571087597,0.34050913641564184,-0.3996762472008377,-0.10065320693408686,0.02073592025497084,0.1756031082879439,-0.07787561244353192,0.14304865799590583,0.24474139029422304,0.775238136995106,1.0999999018276467
2024-07-31,0.11128032212099792,-0.004344487255398488,-0.000953543388815481,-0.017852459417490363,0.011737237291775449,0.4338175508799582,-0.08247173256120555,-0.002022871322129527,-0.2569483183280974,0.43660453930224685,0.08498294451308408,0.13572562072881356,0.043393290632510295,0.22388568418624732,0.27446333444277005,0.06426755303695364,0.2994920544978208,0.16183526201937704,0.35124246979994034,0.24220670637893282,0.22028462525425674,0.01559247662462182,0.15076106776324028,0.04589122663261369,0.29743103667003057,0.1787858540266234,0.26741245684430104,0.12908638031309638,0.04259766859701597,0.09151304110403591,0.3345838240460455,0.15549289881398431,0.3107564234643223,0.26872613689598945,0.2537051153346459,0.33071751449921005,0.3087255796295063,0.0590386258519362,0.3159464715966318,-0.17411425717159945,-0.11964075142579556,0.007699958799174622,-0.04169519653666054,0.4388723854864667,-0.15533722034672814,-0.32846245595764756,0.2848609803021396,-0.23212756646852262,-0.4190545766744821,0.009379726679813905,-0.16807814903296836,0.28573315509343455,0.1841695743710432,-0.17770193972305137,0.052563467925036855,0.7058010092802889,0.15381548009797208,1.1756832724114261,-0.009240977156054209,0.27884071550842404,0.06469350306216914,0.20928801745943537,-0.1535604617517986,0.8246754389057938,-0.11077642271039456,0.37746476962485476,-0.4280459192883437,0.10011442945301052,0.2767643683548553,0.08731172038839907,0.061217695893206914,-0.03950434954957749,-0.15258431668761407,0.11387203379849642,0.8010752318787271,-0.1280452874817518,-0.0697595547544182,0.23265915562354866,-0.01074259041482939,0.8535631193731217,0.1629614179536869,-0.18959261078116907,-0.46624740718549806,0.13740270944317867,-0.1379236611788286,0.05271401860326641,-0.011232908165603295,0.01958176640858489,0.09223302248248211,-0.3790838103830926,-0.27319143197486806,-0.23202923535216669,-0.07568145986561192,-0.14231177162036546,0.1362614136283633,0.22065050352955318,0.4020452632937912,0.6694445522479098
2024-08-31,0.09513185585280848,0.027788209706462563,-0.04358111076925075,0.02658484779252146,-0.018450663952379598,0.3985058588638801,-0.03778108565369076,-0.0636605366548939,-0.2672107022387672,0.11589448437626793,-0.02199619421248844,0.1194423101538924,0.014668054669989772,0.1464125459263812,0.21942197381877215,0.03995425644067696,0.28142554812640386,0.1543398522788446,0.3808865037050315,0.19410749753087764,0.21568600032983842,-0.012806167823361858,0.13144146675157065,-0.05152956868500991,0.30782630188513393,0.30652883374319373,0.3316246742840643,0.2547000274896458,0.1292850085066628,0.12815430995444044,0.2894812789509682,0.1671123567235937,0.311839522608655,0.2827359557048239,0.2733492603663268,0.25875324613644035,0.305630798683882,-0.04147299901958057,0.2514914645975359,-0.16357272225659225,-0.08541975420736159,0.09097616679629494,-0.002606849829933533,0.5592464966221296,0.04516102173020764,-0.2019797235277515,0.533796613088144,-0.04897279364943263,-0.07100912853003372,0.28798524818835536,0.18752231469846636,0.6257545221811385,0.38382786850067596,-0.09358407079646014,0.24883296851568848,0.8130453926963046,0.6800003330682458,1.4013351041499793,0.3976100124267883,0.33593999035945554,0.33061892336190213,0.41649159606941066,0.32160294883070395,1.6929457305608087,0.010742303365882,0.5580645394498929,-0.23898313774929403,0.15336084595870725,0.3532754344867264,0.19624243600760138,0.08575590649876896,0.01810313592322421,-0.11348075954521097,0.10978842594908222,1.0309139167294918,0.003924160874191784,-0.04121584527660316,0.26794951379038556,0.08032012773104968,1.3501521944750254,0.49371269246421856,-0.12375227556031265,-0.3543457443673783,0.18650398445138516,-0.08290364142265516,0.10523250024145536,0.03745869130776791,0.047415709394542205,0.13988278236152452,-0.29732412442045664,-0.21450339649317318,-0.15971452069317815,0.009473365403512624,-0.00784909658887556,0.26478312212489197,0.3347222917411079,0.23185610155331582,0.3726850909031505
2024-09-30,0.03823159282319177,-0.0845278709048185,-0.025452559248024698,0.05824244070825513,-0.11248832409504861,0.3376719686776599,-0.028196377765973724,-0.07165366837634246,-0.286021781341222,0.06727311954983661,-0.03325924697432192,-0.018977754911720823,-0.08197558248442838,0.15827609380876928,0.22035134940110757,-0.08774083839691482,0.24587332178481036,0.18603267610106666,0.9346939398317922,0.03330031304999426,0.15835591212707634,-0.07714976143282382,0.08850040433265982,-0.08165918438369335,0.4100553891574532,0.3852185830662196,0.5353514626433222,0.4140403064579885,0.30365283828177914,0.1280284746618361,0.2496860115427897,0.15357668053148799,0.31510980494776475,0.259325819974235,0.06609087958954096,0.19388312438380328,0.2064107823446386,-0.10497516172437171,0.1785158014604047,-0.23263121989587587,-0.22129747864740823,0.021576746554605508,-0.1414548279078086,0.33044967808163106,-0.1898825030112894,-0.32042070838957193,0.12281822956065702,-0.26491180844502904,-0.3879324092889521,0.4796566363575039,0.36189522285176356,0.8408689462955883,0.5421249282548652,-0.07633406495010098,0.33602269275609276,1.0178727865964978,0.9238111691789401,1.6177142803848392,0.2833613818922889,0.7164828988879239,0.48292074076576164,0.4308494732519401,0.5258043512554698,1.7657657153977406,0.09345730593143364,0.6875000383485761,-0.3695299804413663,0.20367862140819315,0.3985689958971381,0.11868323557538796,0.0654304162413546,-0.00633214293988571,-0.12385226819526673,0.11972355598594397,0.9972182951871347,-0.16442736250844536,-0.01929644305369882,0.1262632351250721,0.10922961533741993,1.1765228356387523,0.5523693487092975,-0.03746911754962767,-0.32460736330427076,0.29633839071935975,0.0044165740608343995,0.15204692641636508,0.09410519381085636,0.0990674079960514,0.06174222453210998,-0.0076084296600010815,-0.1815188570819345,-0.19217268809399157,-0.006853908206938764,0.024122580264840154,0.2228707696809733,0.3067523551575644,0.03228087116632583,0.015533965480508893
2024-10-31,0.1462447644068019,0.0543977549438035,-0.09074615518806284,0.007686003546672149,-0.15378045425969222,0.14186567669572892,-0.12075900379539617,-0.10110696991342072,-0.36938157386350656,-0.022651432502226454,-0.18785658853999143,-0.15618851924064858,-0.17986806370238906,0.09435062022617768,0.19135579564725735,-0.09431307876770745,0.26860761128417643,0.1214272571668431,1.1359515037897268,-0.08052175552027052,0.05361835234282575,-0.09708588678477625,0.019428423464483258,-0.1499714542149213,0.39199566461084645,0.4267890604647313,0.4523270769627499,0.4692139085230129,0.3648965056655473,0.09199991106950978,0.29851591218276363,0.1807792369516783,0.3457849134343891,0.21118462692672324,0.09471850644217161,0.09875393568012325,0.19047252507457357,-0.16549124151066807,0.12030414089981312,-0.22849131810441847,-0.24664773943965324,0.0774987665312743,-0.18827863825149316,0.2289177369707891,-0.19531735971389885,-0.37946950594497764,-0.017775000508037153,-0.21751546394743404,-0.3397173123340056,0.4678727570809662,0.6597969159983823,0.7636522025749501,0.4625945075829714,0.03490785099576965,0.35793581184421264,0.8286400136060297,0.529249275253503,1.2851510293213564,0.2104867020976826,0.6210831657701428,0.5321377492916275,0.4644291041014448,0.6487406297277929,1.7410359975100547,0.1690993308086497,0.6476869070186189,-0.19094484139054002,0.49194583930966074,0.6888430842978648,0.5025328548392021,0.1854229970180119,0.14758438256312423,-0.049238189563522106,0.5187783260665086,1.4553705316806345,-0.23897497406381074,0.030478016967786514,0.20048279112113843,0.1536716476950708,1.5625066795851539,0.7715118573252742,0.2163906892169365,0.07621951396801441,0.2630940878664223,0.07610358590090405,0.24709327239971346,0.18985410716920126,0.1206673311487747,0.20431891546761016,0.286860211736228,-0.15259838576433848,-0.06748248405889334,0.10215093759706773,0.2154108515523574,0.28405193420935526,0.32367407788233193,0.1697164597095575,0.04369751885991202
2024-11-30,0.16584881348219227,0.07008246260842599,-0.0323929133070775,0.03294737706234829,-0.14026039208026087,0.1898830269144074,-0.09971726207773546,-0.06639509649105024,-0.321929968790475,0.0752082633446427,-0.09057311597767503,-0.1862684324628302,-0.09154549735756223,0.06616454591510212,0.1824330629053954,-0.06538359525192139,0.34795684314279707,-0.007340142265170768,0.4756170576903467,-0.25746732006040385,0.05763126524617368,-0.1593634794758242,-0.03409920977488545,-0.19715334611340674,0.49316672733853784,0.4767780486688038,0.46211270000357385,0.3194936124976533,0.22391065074696392,0.05898428422137125,0.2622721709530964,0.15105529501863613,0.2977565603169494,0.1032514887902487,0.057176094301205405,-0.010770318584032657,-0.03247281548876724,-0.2433934252454587,-0.026503073253366427,-0.21180418440351534,-0.2357436622761655,0.1510377182507403,-0.16390677549290678,0.2956029562743834,-0.040274305891677575,-0.32981535774346715,-0.12834555644115164,-0.20239923090698841,-0.14293936968828014,0.15197089323299062,0.38627213062851173,0.6378736966265279,0.3613747314295055,0.1981046235265782,0.2143957799811762,0.7330767415050281,0.4795034026731009,0.7617515629718608,0.10665528420371828,0.3714087096115326,0.38890437939552336,0.5218465272840433,0.3094206929741623,1.1114754272837075,0.23911905599753847,0.27435888939982456,0.047085281963037184,0.22162334749853652,0.5553449972455202,0.2551103317282877,0.006514582050776374,-0.04084284721062714,-0.22744241480222793,0.5101855802203508,1.2455469871141736,-0.2435897635398968,-0.15465177572153876,0.11093716082653149,0.051708742705018684,1.1290563068736241,0.199317364492972,-0.013105764738173487,0.1335853749745881,0.11593458601087381,0.17866006411791147,0.1772238299004849,-0.008966332016680956,-0.04963232770782966,-0.07339968424672272,0.25744789713261507,-0.23368467918719538,-0.07087617710704952,0.11575327439702154,0.01745622851243933,0.28962348802463844,0.2801559167126424,0.13719518017629206,0.1380368248466679
2024-12-31,0.22008197907234495,0.1323821834441119,-0.040456756969304175,0.13389637726722303,-0.14307501039274362,0.19614541720116718,-0.13841140889398695,0.08159044673191507,-0.3470486777489856,0.2055136674106941,0.07062284046059553,-0.18173129513653286,0.055055932136114816,0.0678939288753806,0.2726135928095712,-0.027963254856561037,0.3179382308856642,0.007721685169060022,1.3443861538698814,-0.23335940358163687,0.02434707141239456,-0.12584390211776442,-0.1063324910353598,-0.14242286560917006,0.7403776078032138,0.6965668448735467,0.6983567947178584,0.31124659048596426,0.2918078493025944,0.3258880664342476,0.5600236846995688,0.40535803047146834,0.529705341714305,0.32699484648126576,0.1009600464304572,0.07395116300311999,0.039267118707945414,-0.2334757439528422,0.003288960087685755,-0.13983252781122846,-0.10482702927677479,0.3190750705778118,-0.20076563522520618,0.5693879630653278,-0.0032191567969511725,-0.2041861260919745,0.024516940867582715,-0.09354684266935032,-0.10045323072577761,0.03856005613057922,0.024356063706273856,0.5763297326682979,0.2771600747436591,0.11677638146162539,0.22450339037755462,0.6302110501880491,0.3670651908265439,0.5154455378234153,0.028875235084087958,0.40379901413072616,0.36855989879628726,0.37606319142742106,0.15595001995653024,0.9815950893294481,-0.003370171164558622,0.2383420569211403,-0.24677710574187228,0.05145868775352458,0.20521123592099566,0.11982762436341599,-0.09557917933367444,-0.18741465852385886,-0.3266946167297563,0.38171971321964415,0.8805600723284177,-0.39030363551669955,-0.1023602995011037,0.24307370970756614,0.1652982713149267,1.7637494433523218,0.3232900055773271,-0.09199935476242738,0.06146092140599557,0.13267658882703182,0.24593142734470463,0.10767470656055766,-0.1493814956661963,-0.08784908094040189,-0.5194045293117013,-0.03584664377188007,-0.24321362384160727,-0.14487390876393036,0.15674746075668633,-0.044328009380900424,0.2782805242444397,0.20750983975085702,0.382038150005509,0.298437546216882
2025-01-31,0.08198971559653367,0.02475650415806596,-0.08869787039126964,0.09995805419605408,-0.12784189066350693,0.11308347125271845,-0.19372187061612844,0.060419327248558696,-0.2439069850621307,0.1168330537665061,0.039743384346356825,-0.18890353889451295,-0.01883688341886136,0.010499083076067617,0.12425408891769396,-0.03090783318561441,0.09509730273814587,-0.08559257762417494,1.4600692495565801,-0.25077527092502094,0.036816171761340444,-0.11085248799714176,-0.11831903700963753,-0.07276303602662593,0.6314582061953198,0.6863975014127681,0.5226337746775973,0.25153077015956904,0.28202588674559625,0.32390525104369305,0.4850100015610421,0.23680515266457736,0.3499082742175017,0.16779908059622595,-0.09860399900323247,-0.14044587364431294,-0.18466229391176703,-0.3542849151660077,-0.07884546920711943,-0.19289841115382345,-0.22115170411515106,0.47649990420144284,-0.2392136147062761,0.5077085641090584,-0.17083071740311584,-0.23058529217984958,-0.02946714809895168,-0.1673551286475623,-0.32407192088810555,0.10542674249990713,0.03143927320287254,0.6294042540533655,0.21310320491613632,0.09952770163673108,0.16332049800570236,0.7088665434115855,0.34193603775987547,0.34509359163562126,-0.08425434984978997,0.5318816695800852,0.25672463880481766,0.5296740257633772,0.2980803788196069,1.1263938970128007,0.19206016061568199,0.41584158493748524,-0.3181818642633022,-0.03192446141017102,0.14740267560290543,0.029217173565031507,-0.09016331625361285,-0.15909235344741934,-0.29173188838776387,0.284917289595501,0.6340807118122704,-0.5311720710115911,-0.3664448035685054,-0.040974920269156945,-0.04290195208350511,1.7699113809521636,0.34670913515947843,-0.14139893834849504,-0.013282734508116123,0.04680093938284435,0.15734420680455208,0.25778086091630126,-0.21001971446772005,-0.16540971006200988,-0.5174630009766197,-0.09938965497947427,-0.17558587177152218,-0.06217911700560408,0.15891952511076624,-0.115187810576037,0.14624305177441488,0.021366012666574674,0.07832738085499469,-0.12434552694594969
2025-02-28,0.04723388515729976,0.012680536403697484,-0.10362339613688931,0.13013731504949444,-0.21786077104181456,-0.05939570216944434,-0.19886677853957546,0.11075277771690306,-0.23671760590365487,-0.014294435189287857,-0.07138114428047693,-0.26164237252510936,-0.12186706026056948,-0.08777973338440659,0.1407812437565965,-0.1407846415075591,0.09352199405092554,0.04403800305148797,1.2815030613498162,-0.09735987451262063,0.07932617606275394,-0.07422319619127149,-0.04494785670028778,0.05501506423987945,0.6114378512411125,0.645609624629649,0.3388776388330612,0.2080466107383867,0.3208913317133826,0.45213370046739865,0.4830408145304248,0.27535785030864046,0.43897118121442125,0.2964794866744527,-0.031915057373951394,-0.1257034697789713,-0.1519389754523185,-0.329247178632732,-0.03612487483167015,-0.1504073314712674,-0.24233929595172998,0.5894316826944115,-0.13074280835770502,0.3959189524822204,-0.15158582114907304,-0.28443468327153376,-0.13121841956901947,-0.15484619345738815,-0.2698736861636939,0.40113437720879164,0.12134802335153605,0.964104446148798,0.5332998314943627,0.3123965338558494,0.3796129492852074,1.3382605949155497,0.6630538067912577,1.0016484553340437,0.3330365296031028,0.782902749624679,0.28324220513575904,0.912924275009549,0.6161817291760603,1.5482624650011214,0.2734922005267977,0.8708487454960003,-0.0752427326109365,-0.039653078654368845,0.15957300811026087,0.08106675229721194,0.003239584334346679,-0.09630739149150391,-0.24270613316184697,0.31338587284810937,0.745940804243459,-0.5076923006385032,-0.3222920759853043,-0.027931741731452853,-0.08564485104386588,2.004889316246754,0.16083773481757468,-0.0338610964949303,0.4437869184350136,0.006107638644871516,0.47062670623802005,0.12536623930722457,-0.27181806090819827,-0.2015944000008678,-0.5254105388797188,0.029968460247649986,-0.07807748934860348,0.03291624780553892,0.16405945389019894,-0.08650980106007189,0.03856611486809203,-0.053068498397956354,0.22221403331831935,0.08950616080229334
2025-03-31,-0.00991203512207639,0.04908673174868339,-0.1984121337781405,0.021105298539489503,-0.23908016998501058,-0.17607696433274111,-0.2597756448478612,-0.007882190202167294,-0.37571667293843347,-0.1725217813573684,-0.20268173871226136,-0.3295173049941088,-0.14443453733052403,-0.23229928016967816,0.06969401591616098,-0.2874831535449036,-0.0006687991610224708,0.06533042538551959,0.7702020498796733,-0.05036279850433922,0.04740972344307259,-0.07042061813065059,-0.08826677991267329,-0.04886371698020153,0.5395926519374661,0.5550891986753288,0.3099989969742234,0.1615101434990054,0.26039441808993136,0.43134218224192744,0.3211520768760856,0.22767231537145172,0.4054258764078629,0.24537455895720806,-0.21138917119076917,-0.23884002274863236,-0.17855471120141353,-0.39720000206241857,0.04044903268670996,-0.21979132313001093,-0.3201812799098618,0.3621896984998807,-0.22510900180220206,0.17891096981350807,-0.3441359621959179,-0.2859875268779679,-0.15724052635694652,-0.2603721934004125,-0.5333797758235259,0.21553437041585277,-0.09432925100038603,0.6462739357169187,0.47841074380662496,0.21033593569986042,0.22207170263739728,0.7663685219560796,0.337112408105642,0.23509684022563127,0.14470839912321054,0.5563092710042106,0.12535688917735555,0.6032580630903586,0.07269199796910186,0.36604775157173663,-0.08367622703246813,0.15817698379917,-0.32271763678938103,-0.20492676180151004,-0.13944176581119516,-0.10676381522717848,-0.022312396127343037,-0.13582027908679606,-0.19021565119824457,-0.007953918871160814,0.2313190604418196,-0.5233069366009554,-0.2970775937449526,-0.07833928435010262,-0.10092903060017189,1.9174404135829826,0.13660351629070355,0.025620453638402818,0.6790209726317482,0.015146236409117053,0.3299357160951142,0.0812957245308279,-0.3017767496133077,-0.21542478325991377,-0.6989051020611228,-0.40243995126365817,-0.24607744902517348,-0.002659503748521419,-0.0016819652354572723,-0.1452581048815451,-0.08896105719647873,-0.20982332775840618,0.018601359321263944,-0.17037038449887876
2025-04-30,0.03952290071829889,0.08221068941951803,-0.1397358245039546,-0.008643712186186314,-0.24049125859032905,-0.17774205357053108,-0.2452338093803732,0.0913346198413505,-0.312129715916022,-0.13288402118734122,-0.16588270489934331,-0.32565202948663774,-0.14124985407697077,-0.14672404823205343,0.05720545571450275,-0.29700951392874486,0.0762999133679394,-0.0005766935091018333,0.5956285235140659,-0.04017022670714765,0.06441993341941354,-0.07827886464525069,-0.057496670615875156,0.09336703955890746,0.6209779410054954,0.6171969056533417,0.2959621413689695,0.3915545062013719,0.3305348146883482,0.48089795751386144,0.2732095296657493,0.280536783586012,0.3872476642577616,0.2259991850330727,-0.14938545446302898,-0.1812224054349374,-0.10795248196997165,-0.3644350042823441,0.09997689550572875,-0.09631543301964407,-0.30704624048959217,0.37885892859899384,-0.1609962074840935,0.2459535141894169,-0.3089290853721176,-0.21303594219901867,-0.2687369962609958,-0.15655535865884107,-0.4209357241241396,0.2152626124842436,-0.3557152345751794,0.7454165812151783,0.5003585018247356,0.3238082499329602,0.373844443587126,0.9800427304900685,0.6616558771995766,0.732444670798704,0.40824056319917035,0.8272728086772039,0.38640931051806904,0.42715291789919085,0.183141082195178,0.30973457869857657,0.006357516371767291,0.3436123250853107,-0.015053822896064717,-0.23441751347419448,-0.17428599145220214,-0.24745857733375842,-0.0553034669787682,-0.07685305426213906,-0.1079682451253482,-0.12216099081673482,0.06974057970424985,-0.5136094406762082,-0.2741596542477105,-0.023781111227589302,0.02974889135445813,1.1218746840901073,-0.12847574347777835,0.17626865355341104,0.5256249904632568,0.06925202072219916,0.27175678448951124,0.049603671807118443,-0.34864031144200014,-0.2515337321674279,-0.6262865525177774,-0.25219660422822476,-0.11156609103888349,-0.015578872988356363,0.014656405795107297,-0.0034292103234768723,-0.08754122437259826,-0.18088688732084035,-0.09620425862192972,-0.2918518207691334
2025-05-31,-0.07627809311958278,-0.1341478625137168,-0.2176729607718254,-0.08690627843910592,-0.3582760103524044,-0.32142930637996137,-0.36003977275979004,-0.1169116799538098,-0.4677173445555658,-0.25421579640699765,-0.3681551221381266,-0.4930718045996023,-0.33080613001754455,-0.21562766258514077,-0.0985279172846375,-0.41547334762643484,-0.019266676101141522,-0.15552007536732537,0.28392935857531154,-0.22001003968892752,-0.08647238166894855,-0.2359486014790102,-0.17908495946167746,-0.17971846191745422,0.46814017279410547,0.4134588879861898,0.048225801536990076,0.3814495055756961,0.3380168246993993,0.4752278766469804,0.11486440317122026,0.12451305368783405,0.3287369035562082,0.0841397845749714,-0.24454521693272213,-0.20916841277802345,-0.248401387577859,-0.4340527397798567,0.19709175855088668,-0.25625364971924014,-0.4472801667326701,0.07497153476529483,-0.3712199629293421,0.08140784740097051,-0.48917437292790567,-0.46983896955179716,-0.5266393968979296,-0.2937161521575322,-0.640984491898769,0.28491383875206555,-0.34083897012504805,0.7479205956429515,0.526326944315586,0.40364587808746255,0.44252336618960064,0.8317960550495209,0.7936467440479926,0.7705549526769111,0.4752461834254169,0.7156464117821772,0.45806112328161785,0.16045069539989854,-0.02351522924830063,-0.03478261447104869,-0.12324053752293063,0.0016026008411285098,-0.08284018171065022,-0.30689200921572435,-0.22216290017847706,-0.3364426232374693,-0.09624093425191516,-0.1620657664977988,-0.15956724640032338,-0.44095099540190874,-0.1047463221104995,-0.5231481803420137,-0.2813748283322658,-0.016003322080620164,-0.030530338300208903,0.7729062466892276,-0.1134659124088544,0.1318578936251975,0.5080148039423087,0.053754668014771356,0.04224910248796232,-0.18538002425640943,-0.44350670526467295,-0.37770954495691145,-0.703763527265832,-0.2806321351351573,0.014811667357938374,0.018023599301893345,0.0010278729178214707,-0.1199809610916146,0.031636839003402084,-0.07881743916190798,-0.1850480966280239,-0.26470586860331125
2025-06-30,-0.08037571506540331,-0.08637913077922332,-0.23051803779254965,-0.11089508073865562,-0.3439870806664743,-0.30679932902721774,-0.3456693739471427,-0.05696212757155483,-0.395794552760504,-0.19117865885391572,-0.262900763605744,-0.4331116696431294,-0.21810336816454645,-0.11411772971179224,-0.03707483916271326,-0.3117558695752446,0.06605944202171021,-0.09858208196544516,0.7584492839148045,-0.1611181630357159,-0.0438631390946459,-0.14369550367376605,-0.08280057432463594,-0.10393660346385714,0.4644482313874696,0.4781530116444668,0.037335843792114964,0.38851476837589005,0.39011754773624885,0.3682010783785483,0.16017988175235964,0.1399149196663938,0.29581927353840864,-0.00010153454971428832,-0.1515570817769447,-0.052870859297446504,-0.16695458084765746,-0.2863129378134833,0.017796628018650784,-0.28549574037360315,-0.40944951118615147,0.07775892767139303,-0.35928971476135174,0.19955810807302732,-0.5598359796192802,-0.4520697202904098,-0.4378814810808913,-0.26935455729208735,-0.6372962600100953,0.28634630628844215,-0.37425696361943506,0.8355926138067438,0.6699315222974966,0.43639449594916724,0.4403293492325624,0.7923872867437249,0.7992315626364401,0.6112637157676757,0.5912291405037071,0.6571390613980095,0.6523894126454381,0.24930006068482946,0.06647903938211575,0.43772232440714487,0.04608363747382049,0.19631903156613317,0.4000001804784168,-0.1968564371208893,-0.11553149318160882,-0.21553716419861424,-0.03859400669030533,-0.09979228153018205,-0.11088496684433247,-0.318721459621121,-0.07522389426160214,-0.6211825995029616,-0.2992366683471219,-0.03842014099824953,0.0414821531194951,1.154990556166188,0.4362488420897661,0.35882363532077655,0.7117047681919564,0.07551427217281881,0.10825904502721784,-0.15323881202191048,-0.4381245974715787,-0.38081972274355214,-0.6036858406810606,-0.2703397399646671,0.2818613685038873,0.20007226084746588,0.2536351105703025,-0.06157724927730612,0.07406917022017323,0.015104014472767657,0.19195216957719352,-0.013311214225710133
2025-07-31,-0.0592889136330117,-0.06715669190500329,-0.167802610085932,-0.03439780808887871,-0.2957351329511386,-0.29953418596253933,-0.301860581136122,0.017745284052978816,-0.39156911138515693,-0.07093269150834391,-0.20718955837022424,-0.4041092550264517,-0.1554843584606317,-0.06883334008262754,-0.020851604067606777,-0.29926188591013947,0.14080244816211018,0.020422956437109008,0.5772316911036537,-0.08505295285941716,0.002195246710682053,-0.10160242851185586,-0.04103152620421335,0.031219428409577477,0.5171622810461605,0.43810300863138885,0.025098130789160678,0.21090887982274387,0.28913857660979025,0.3457816101536084,0.19962346445201606,0.13125630632795593,0.30174731883661976,0.06883188786910832,-0.14282523778792489,-0.04080272648225347,-0.1501761465319701,-0.15905204978651277,0.041020184288925066,-0.28006275438145445,-0.39655710621252216,0.013030494922161129,-0.37975721023662357,0.1756447773837655,-0.6087668074505133,-0.4369548943004179,-0.5151222873031467,-0.34875524474390185,-0.7275114270269163,0.21294130942611633,-0.41086350019794327,0.5680204272822278,0.5163238658394038,0.2849053588693562,0.2991021041678801,0.7441907313961429,0.6748975233158452,0.4554952952503464,0.42191006711425216,0.5667024719634155,0.4796084577626385,0.2584606027433689,0.04286911594807519,0.3651772027125064,0.3431359930827742,0.3540372805709884,0.5938189166401651,-0.034483514398020554,-0.00527854235749492,-0.16239801758296546,-0.045238079585139035,-0.09150527895710514,-0.026513848893702785,-0.09578812234715806,0.19258774766420794,-0.5048860120025036,-0.1913006700636899,-0.024032111333698647,0.04695439558143444,0.9039232446686853,0.275143959611871,0.4075558725266102,1.4607987671079434,0.04756722296096472,0.08861985003608641,-0.16389302049351362,-0.47762833063760957,-0.3748730301638329,-0.6053354946420887,-0.24920826670301177,0.26365743192799784,0.1884495887353328,0.2336804636448464,-0.16827433889155075,-0.04259610306961126,-0.06935826667996803,0.6349669165864595,0.14671170110977627
2025-08-31,-0.028233944545483225,0.05963159454692746,-0.14220052481421197,-0.03838915061732173,-0.21373787005388623,-0.22352382254247305,-0.23428166144067708,0.028040990270176147,-0.28791865125132665,0.025821483427660663,-0.10498841933380243,-0.2281134496400533,-0.008977577619012522,-0.07888862285250986,0.01592218191128958,-0.1479782854379995,0.13962563069456135,-0.05200942242817119,0.41518986649042877,-0.05391202385717264,0.04031632508640337,-0.008739018043973035,-0.08622134026282824,0.017037466284860026,0.35854344110046665,0.35877188239939106,-0.08073936509747504,0.08754459237579781,0.17952213812841777,0.282024262366801,0.18251814510317277,0.1316354379101492,0.2981659899830622,0.10199101960005774,-0.033492757619871916,-0.022519410041602073,-0.09478426169137877,-0.0678203322220311,0.07126973939711378,-0.20968931963038773,-0.2601589164750632,0.30249876164238465,-0.26453077403700054,0.3620361449187677,-0.48807602661040106,-0.33040226125857086,-0.38868327435705974,-0.25971530959384215,-0.5385432199566409,0.1882753025374757,-0.43749143534013624,0.5455054076979005,0.4901949250519775,0.31855528721244264,0.09267232186195762,0.783663934074442,0.5972011249548728,0.40961103010427546,0.8276022944674564,0.26611224892893715,0.6196402152321763,0.3547406668761184,-0.02813777157029762,0.4153094653745055,0.42614367700036526,0.40522866990070994,1.1491000579728863,-0.07784780179737394,-0.04029140331309122,-0.311079596093375,-0.02086333789588013,-0.0358198378401704,-0.0498431939547852,-0.05789497924128173,0.4749304186318213,-0.1944869739849192,-0.041983054156255806,0.08410471130700192,0.02414548707745645,0.728634327502677,0.20444585402190496,0.3644229223048949,3.767442001444558,-0.02553122747215264,0.05802917703281385,-0.13323259917851438,-0.5389962971759262,-0.3778957669954739,-0.5971437120531453,-0.36556072880933554,0.299769381528632,0.2799875007948802,0.13733080199909709,-0.16075509488043105,0.12657721293958568,0.08257645605447328,0.8382960240711692,0.6577437943929239
2025-09-30,0.010257745364447235,0.13997485109479868,-0.02962279970069137,0.04798576834826007,-0.062117162201310694,-0.11432169614869814,-0.057981724683932145,0.05608616073682415,-0.001620636270395992,0.08315993705194469,0.04394333435114017,-0.11250149799016074,0.12446994632898112,-0.009153910340957805,0.1557333777467682,0.021322633684786485,0.3154672369909646,-0.004868448633006728,0.43658654543087017,0.16660497319952539,0.1680430552403347,0.19233320901482198,0.015155362695766339,0.047749620412409266,0.30122874632164476,0.2757196792364638,-0.1223383330369443,0.13676141846425338,0.2635369892059385,0.35680259884430243,0.18739934241435519,0.182901937482983,0.23612143097133798,0.1225619155114317,0.1626894431839634,0.12843653098435936,0.054719140158733914,0.20299861748660986,0.04029436122431118,-0.10259297635255815,-0.20111544881518717,0.28378286925083507,-0.1395000545446784,0.4106700157043015,-0.28257544561641956,-0.2143809140664087,-0.4010689301243775,-0.22669335261469858,-0.42174657866571863,0.41514785398044496,-0.45391505103540597,0.8119366391707159,0.6548340872267326,0.5278241611118484,0.294678856836714,1.2537998354135884,1.212351605491568,0.32238458389028546,1.2212505907557807,0.5320067810039579,0.7493828504970657,0.6469125493391819,0.28167288249631284,0.911337058227385,0.5275766195400142,0.6630668723417359,0.841849152339923,-0.0974720762794622,-0.12293557371193775,-0.34126196102956474,-0.06444045236574147,-0.08400641744793491,-0.04499413519882578,-0.1551889250348507,0.37584723065427816,-0.15818327214981331,0.002709068599336728,0.0508290848187678,0.03872199460074133,0.5159486498327985,0.15887007430306954,0.29437750372634586,3.0305949533823453,0.012616153857738732,0.012346924120664404,-0.11863414652044169,-0.5149328353032951,-0.3623302645303954,-0.6471072202254782,-0.3831531531921817,0.27627161208524376,0.23871775856380828,0.03390880826620135,-0.21317776253391596,0.1712607861492863,0.1502402079038454,0.6235511009780323,0.7214169910976576
2025-10-31,0.00040008769955601764,0.09080254462486592,-0.10863552905022467,-0.05793578025446777,-0.03752931145417948,-0.1690819817458994,-0.06828190192407368,0.023230713787107282,0.07122552751298494,-0.020101914948789212,-0.1166978752220047,-0.16455386079795253,0.06114718410326958,-0.023271578898307665,0.14367464708015598,0.08759378217652491,0.25107690282043493,0.088514681703735,-0.008975900093842193,0.32561167756293896,0.10410318852203737,0.24691107373649168,0.013775621844798858,0.11973858218415234,0.25200348675260753,0.1924520815908295,-0.2112868859360475,0.2146414138720627,0.32580658533702644,0.2389250895003472,0.11987147756387717,0.14797821611573725,0.2148588690830744,0.11433225813937309,0.3551692976013736,0.35534867730710373,0.15888439923799846,0.42854703605424693,0.05113916646536776,-0.11646543759826755,-0.0877256005209226,0.30783911571734857,-0.11164006848880215,0.487807110348657,-0.31316327978483005,-0.2916412929738549,-0.25960701839791844,-0.13592976164713888,-0.45074590887708355,0.8926020948586326,-0.3172933127879727,0.9832987683842398,0.7053782270038851,0.6935328880596476,0.38507300234723285,1.488345667049971,1.6305378880005388,0.6868184611248553,1.592977653921999,0.7330247545537871,1.0047454939354585,0.6764214781469291,0.8728983076260601,1.9130433171169954,0.6699500151497746,0.8028169851897442,1.4068520594034832,-0.11870965466885719,0.16959949920139183,-0.04773699329291914,0.079926769672503,0.025459016347698205,0.10129033893888484,-0.17133565378372284,0.6634561611846872,-0.06009243146990162,-0.02831412719207116,0.0851366306997805,-0.0034903356017738085,0.6473853342322242,0.5431606478978637,0.4960633215886292,2.72818235398207,0.054662073913031684,-0.10529323895990095,-0.04158189845785687,-0.5004009058921268,-0.3872247511725825,-0.6653589246479377,-0.4522118737570555,0.3352252515595453,0.27220968089883235,0.11702606248818759,-0.1806937883344083,0.13131410374335717,0.07018190603664842,0.6090272300034292,0.7978436678468064
2025-11-30,-0.003652193579103513,0.007896166237870927,-0.15923218091185265,-0.17829667389474513,-0.16856479084317288,-0.17648548806250453,-0.11997091609051025,-0.09112102631516861,0.052881269370321116,-0.17141402474150869,-0.3292156287911705,-0.2601696985885342,-0.149263157301185,-0.01565084582883214,0.04180004133775128,0.10371732916123233,0.2254082318633579,-0.05735627289907419,-0.09602975198882513,0.28631626939855415,0.19400560656225063,0.25314537994889363,0.14039025134825311,0.037707029821774096,0.023506424377488733,-0.04356817759600262,-0.388713941711478,0.0643830377920489,0.12347954513226589,-0.04741700655922343,-0.10550069496982029,-0.0425523874307957,0.0399472906686793,-0.042239644452456426,0.249671212190546,0.26954741924002334,0.04536940865347616,0.31282907822935657,-0.011621948440880936,-0.15466453546584658,-0.13337031269681376,0.119705874264882,-0.05229061352325193,0.32448453780331765,-0.21364277285908106,-0.217098526652871,0.008048441548851981,-0.1728346499964164,-0.33923464175249773,0.9576581541381799,-0.1006244828748214,0.9247648937398385,0.5548300546486487,0.5339962628776347,0.2080651807668754,1.4085425438100576,1.8350526486303318,0.8098916029732328,1.6995814590411222,0.6413024165432906,0.6614984638609074,0.616366733948621,1.3363162915742568,1.6578945384878345,1.0942132157734985,0.7301255428386793,1.581907109823944,-0.042176355844961155,0.4426898112333335,-0.07257289840359815,0.2119578477532862,0.10537735157950712,0.330470226343067,-0.19964624192991487,0.29741572221718626,-0.0016063858952408694,-0.012849197414090296,0.09624793616204697,-0.10979716755533653,0.6343003268003555,0.6448396914158976,0.5201972345365891,1.9943047492347974,-0.08098249990872775,-0.25591124084798855,-0.0071724433929643006,-0.42868923721368646,-0.3955334946352159,-0.4736423548658897,-0.7282285370393762,0.06884348182008293,0.20569113458972788,-0.054295949806363986,-0.2703118305751242,0.010482847918903415,0.027720799438654575,0.7192598309290059,0.8206978761065806
2025-12-31,0.11717410378344839,0.09179741317867318,-0.07473952718766297,-0.0897399026452852,-0.13626812992336856,-0.04216433122796359,0.1564051276313767,0.08783084702866373,0.13860744932032754,0.04099630596839621,-0.22379888943352266,-0.15321542093052265,0.03427027031268781,0.12334401486104585,0.2832478285010711,0.2025201023089025,0.6375018226876596,0.04704273151625471,-0.1338508316013447,0.37414864309943474,0.22646520980568074,0.294558687126542,0.2613347739629053,0.028348464638566107,0.1552098007366356,0.04102348028980485,-0.23652770058746875,0.20605814678132717,0.2018528046528758,-0.02086734468244611,-0.08150769538001224,0.1177507213637603,0.22711234334660002,0.10801670212855319,0.4872912656585029,0.4195823308701947,0.2472599756445415,0.5861146841902694,0.1681380034611195,-0.032491723014244744,-0.013296998220200473,0.24995472834568044,0.08876870334962295,0.5732958009905824,-0.0881764572167194,-0.2692666028910614,-0.08843776749278642,-0.07577875435387227,-0.12768933830447282,1.478997865303945,0.08271684752346076,1.253558348037934,0.9647510511391215,0.7932555938274979,0.5628186538136746,2.0515359261960735,2.8999617211404742,1.4124666914005561,2.3090445596730618,1.0375744525125996,0.9365889130930234,1.2780002266170967,2.4337334402501183,2.019231191329377,1.7797049546878703,1.358974353274315,3.039394119623756,0.1458855159899768,0.5651417312970493,0.06532961938351023,0.29879891209940435,0.14338369588121358,0.5282984045700232,0.11894934838268334,0.6448957432938949,0.38723409479157844,0.38410365179675354,0.488256594669052,0.05510228589599553,0.8842135783152745,0.8313953738202267,0.8937039879604802,2.9711537979528524,-0.010392328332885836,-0.07701872388826914,0.2734838538833866,-0.361254267093698,-0.29567190619626305,-0.39672662782532275,-0.6925259480899679,0.01845475482759662,0.32662413226848375,-0.055357023013936635,-0.18480662656840519,0.1641146283335586,0.21201487329432833,0.7223196243830883,0.8340807702267157
2026-01-31,0.1678051100401048,0.06894053224760577,-0.02005185050279845,-0.14242649079330327,-0.0991308238572376,-0.05939361853972225,0.10412961731838011,-0.01713830565816843,0.16196144910694632,8.759470875419062e-05,-0.24637470621002022,-0.1304362067960514,-0.043625576282726564,0.1452975600792219,0.20758371403562914,0.1927663445112986,0.32967187740107873,-0.10456899955187626,-0.08386119257464897,0.19665013007665677,0.16227783114152738,0.1852838163622943,0.19763573082505892,0.047402970121191546,0.12193704951723583,0.04445197193893802,-0.203782790248475,0.2522816074249301,0.15637104228809706,-0.12279811035330224,-0.13298973550776005,0.03476734655898972,0.10924559099444875,-0.03187714194958613,0.2523058273164118,0.140904312727554,0.13585358895577282,0.3419328004743889,-0.005736505546865889,-0.017004159136491337,0.11835616029336804,0.007222136305777838,0.12458241274245241,0.4917468757989314,-0.04992591768648924,-0.20246067865854467,0.03294066835338749,-0.08422420605331038,-0.05103114158246602,1.376940683102211,0.23999182374138361,0.8473573769363989,0.888874183149839,0.5320413402174828,0.601750686172946,1.5122392778630291,1.9656037959949657,0.7788940706566356,1.6263175090360766,0.8468692417341723,0.9192437482601754,1.2513468855743577,2.386481652733517,1.7015151590768394,1.9286762280192855,0.9349112598554572,2.7401577348453015,0.4328756867698922,0.657144597078485,0.1793384904822557,0.4063916367918148,0.2529995683934856,0.5876037660627442,0.5237746474359994,1.1433259755727914,0.29687500291038305,0.29073054076782734,0.3409257026004966,0.014888355963805777,0.63544222886037,1.0101594294886054,0.8733342897540322,1.3005465648441237,-0.0313563238025617,-0.24903607230391067,0.2780344452669359,-0.35652408603558305,-0.3716653781317739,-0.4033769927115103,-0.7384274027467976,-0.1089795475734352,0.22001648888519254,-0.14104580616317086,-0.2006254874139416,0.048098048919536396,0.15095386945313494,0.8541290352157325,0.6543909914788659
2026-02-28,0.3050389897185437,0.15414202774167962,0.07884655040429078,-0.08392610036325443,-0.050172141614437615,0.06067405139192017,0.14109836695114542,0.10647792446455728,0.34178306056176555,0.19547713346487483,-0.1150871473547862,-0.07492711081495929,0.030554233158264887,0.3516124304945436,0.4148467368398421,0.4534306478801995,0.5322432983167691,0.23382044013692882,0.13523542886285989,0.4100215338763009,0.17671097426060367,0.19558482938891109,0.2770047209028128,0.20240924475360478,0.19605121355578126,0.1623661837828545,-0.1784609888336537,0.3448543912619213,0.1772681743569593,-0.06813848487270302,0.013474068013678897,0.06402752787969423,0.10025725841252808,0.031483890937051395,0.4199339917419056,0.1923806174215179,0.1382365767578917,0.5488138095009671,0.030245040271769774,0.18978793222057422,0.30890823851655846,0.27742350139074046,0.2786965511020463,0.9040033137012029,0.32514917016894684,-0.04549459456507232,0.46236769947715084,0.2213436890750875,0.6631002394080927,1.6670133683891337,0.9569866929813913,0.9954236579436717,0.9211600511078952,0.6476084069574359,0.8085204137449953,1.9626445429983193,2.3106405812590043,1.1606894756447965,1.8404256632758798,0.617309867844325,1.1610506947905934,1.3108540861258722,3.4002067760735546,2.968932033075342,2.8842512783963254,1.2638887371178087,4.291535560257394,0.6545085505608219,1.2485580498931794,0.3419478049923492,0.5957356509430343,0.4462289343057688,0.9289351327980362,0.7304261106814145,1.3920844330363642,0.26937269697333344,0.3138621628985161,0.3487332221574091,0.12779323987042912,0.5401557437940168,1.0684319698654656,0.9763092746217146,1.447730108185036,-0.008407938030915885,-0.11508708575504134,0.3114328889539344,-0.2372049257676958,-0.2994095768304842,-0.125948799756057,-0.5495724112806539,0.1859623191065316,0.3427602072584184,0.17120630699584383,-0.11507415295442225,0.22425179080131086,0.3571972833176231,1.8072263151723682,2.078571440127431
2026-03-31,0.3263246161494793,0.16662413495745798,0.11737018447775704,0.0034262245329839125,0.0934629597225265,0.11188273947797733,0.18784269257966169,0.08682174511203233,0.5194845144126998,0.3638791293537573,0.037847423201023966,0.001448175963081999,0.2084064839287889,0.43987923469660384,0.4763052475940457,0.6204007737920014,0.6524915770983952,0.24523385126242947,0.009988540667132284,0.26220175002436164,0.18535324974907796,0.21777324444486368,0.30193749937907266,0.1970774258675958,0.28206589251150826,0.2164645193185597,-0.1192958153422854,0.3810277750290354,0.2517850597009872,0.02848505582699401,0.0940140432876495,0.1338269884347767,0.191460174323006,0.14007222923806606,0.5950292388052147,0.38967285537461405,0.2957321353543507,0.5724286968407357,0.17487609040302732,0.2657739118333222,0.45087283308242987,0.5149477402842952,0.3765451816213021,1.101272350820707,0.40884427734567264,0.08004278966733214,0.8087914750905241,0.09021340779045639,0.8729322575234411,1.7221177324569243,1.3318056547700534,1.3405480719008662,1.116650850889473,0.7850832441482782,0.8511696922101066,1.9439772209789088,2.5392098840511053,0.5517504431850022,1.6636485882603105,1.0284197113001792,1.2487861912621727,1.6712218695693206,3.4874639030067573,3.5861484206304315,3.7902160903357798,1.2393442722905936,2.866812198068409,0.8232203726658727,1.485687578366837,0.6238757266702599,0.6935523583049263,0.680469643833232,0.8751113489887046,1.0548653397827836,1.7780173953077782,0.296836922277286,0.48705517635263496,0.5601195555497032,0.10711109371254168,1.2046322768983737,2.144147610531644,1.2996205688639746,1.4117164809456573,0.10215892408416871,-0.04035074684704665,0.6278247921503857,-0.06043411677269672,-0.11799631235538022,-0.11813853741012015,-0.6375289412179874,0.05357687769736996,0.5256817159563703,0.3033196095775881,-0.14041575253392635,0.3356501090134145,0.42088111523396265,1.88218021578662,2.2071128139805456
2026-04-30,0.661359479124052,0.5890850202161013,0.5318810475916849,0.3465859086441281,0.6850482206819704,0.5391820992767322,0.6975732262474474,0.4798012750071907,1.825834837481663,0.881680151693071,0.6483490299230028,0.6586528658740405,0.8171204279872222,0.7365723822573822,0.909301017969451,1.2915237513352755,0.98867161675396,0.9287261902044988,0.5510067920814563,0.8483354051511673,0.5002121444484813,0.8123797141579527,0.6957279140826218,1.0095417238231126,0.2833151091475925,0.31560148029124546,0.16149223917725597,0.2704978529175972,0.21033143342765936,0.23959256588273758,0.25963034196584656,0.3319551422995295,0.21232683865912705,0.39461019248376616,1.1909130494066846,0.8151330293943206,0.8150072105439008,1.1666633873320795,0.1947571382095763,0.5928081552326752,1.0211379834129892,0.7595102928341542,0.6835083738385743,1.4663017356275292,0.9928708865834157,1.0270577546505066,1.5610557188043086,0.5447924553024688,2.206408236562395,1.0815695504656864,0.6787543931956144,0.7441083428639623,0.574120040295768,0.4438875275032663,0.4025289226552593,1.077750778315925,1.4143560269952764,-0.03394088413833396,1.0728637686818705,0.5605531142592408,0.5881511643813733,1.1847034697971388,2.262902009043859,2.381981875666709,2.435227060309771,0.5888000488281251,1.7263533651748402,0.6467629127894023,1.0454007186175729,0.532147507807575,0.653602537477924,0.5598828293530664,0.8614652121000053,1.7343536147679584,2.5764777070345017,0.0254854422305979,0.4380881374064296,0.4064913564094963,0.07223381698586895,1.0194767716756226,1.6748805416841952,0.782571624001922,0.9730171761195576,0.10859153122683995,0.09345511673985873,0.6928608011321657,0.45369918559222366,0.5121235398657027,0.480271947568921,-0.5717779443779509,-0.13536060401179328,0.344882695761054,0.6952780598930854,-0.024192302239727792,0.04536362129498461,0.1295063941294381,1.4102207080081421,1.5714285714285716
2026-05-31,0.5461957498326402,0.45997365163498016,0.5113112243022642,0.3408843867333258,0.5177056242309541,0.5591433587361245,0.7415858836955755,0.5143234372806949,1.4941912095097254,0.7855878802148397,0.5104368731845568,0.6794972419416625,0.7663344893785253,0.6054971316457649,0.9627097946981109,1.2554100840291378,0.9239578497072212,1.0150898316236674,0.2764273172425282,0.7548127879612463,0.40906235043105466,0.6965818799967423,0.6740837350117954,0.8124568490610149,0.30241919536455186,0.20967371953495983,0.1924669339493521,0.3522078145879821,0.2256832507414812,0.16883768570908808,0.22331137216434183,0.34057120377998484,0.17072984822966975,0.48464185672865945,0.999050879680556,0.5689111617647187,0.6210409407701849,0.9164632685044134,0.3588408973949011,0.7736365502802631,1.218463141466112,0.9065160281728672,0.7716709832127899,1.4342271349522422,1.7297318935671298,1.3369472766425878,1.9814611023756012,0.8162531981100223,2.975590962167617,1.1246132768695198,1.3369639160407676,0.606122394235139,0.46005386404238613,0.36999183390755475,0.32170779240082426,1.0559059875202776,1.2304504946537698,0.10167112992409577,0.9007520308793686,0.5453531906976552,0.4494950035920027,1.149543543866704,2.509398676250108,1.2240099539288125,2.1953115660834106,0.6495726112556883,1.0310077994060003,0.5190198399394426,0.9763659166082994,0.5870444835855138,0.7801491716836835,0.6505738255513156,0.9518524144279141,1.4014148620640379,2.8373143644286984,0.749571173713006,1.091319820293243,0.8831114551472639,0.25375119309927907,0.8270480961469799,0.9520342529544745,0.8879448937696321,2.0307479642402346,0.0862303959391888,0.10465671902717788,0.6573119524887143,0.5205139206746927,0.4428880296905544,0.2854778362284345,-0.6047103326668004,-0.336292578196956,0.3090736676164372,0.3928855827693001,-0.028495719281643295,0.14434248594127697,0.13668485281208143,1.1062629036707023,1.5109613447483703
2026-06-30,0.3904482695236038,0.3276201005721411,0.31221184779116307,0.1548664177480612,0.36956332344783505,0.429558965677711,0.4248076363973259,0.3151673283405594,1.074746802360064,0.455651173994438,0.1580139964663514,0.42592265047518474,0.5027522143322452,0.45802820112365894,0.6780456961892425,1.0399121499298025,0.518983612655781,0.5400489546843126,0.6855324971565648,0.7328376097495095,0.2406268386566257,0.4743780420215049,0.4836032720864931,0.5109855821916136,0.16406069116870348,0.10097399978135746,0.08495407265638999,0.3792317668742724,0.2574447214665745,-0.06757677811764007,0.1391967590260077,0.2666001558776847,0.1477346769504908,0.33019178987101094,0.8679064018992322,0.5269320546985026,0.5248044745874012,0.7649304956488072,0.2940992239189735,0.649341897861268,0.9422458125317328,0.6949056148883397,0.6301945295369566,0.9947355391368002,1.6108165111113402,0.9666520894059609,1.5890015533620705,0.44076193638941574,2.305852810139852,0.9048671266329589,0.956197820323424,0.5505887604648545,0.48116330836909804,0.40972824835186294,0.2733057285649978,0.9390150036732561,1.2424641536004342,0.33296178058098325,0.7330370375038904,0.5373889739034974,0.4417672753665143,1.0185450508744163,1.970312175202737,1.183035663292587,1.5519357563735237,0.5382263728280396,0.700308350919276,0.5334279269426832,1.009042990380435,0.6448801335305585,0.9203982381045928,0.8852331375293758,0.8229240886214024,1.6556676150699898,2.6609322721898625,0.7894737568588477,0.9509764765869724,1.0519171744299718,0.2327285847848546,0.7014486553467321,1.0287237791466035,1.2233958953347632,0.9446948018644892,0.07165576964048781,0.014304981857692356,0.7184176799329944,0.34121576936939113,0.22807479323534685,-0.0376103302319899,-0.663534080440913,-0.3218875649580155,0.18554407189435462,0.24739421352722712,-0.02057575270722467,0.09261969970505102,0.06367906997072192,0.5212100878136068,1.0250000105184665
