Date,XOM,CVX,COP,EOG,OXY,FANG,DVN,CTRA,APA,PR,MTDR,CHRD,OVV,CNQ,SU,CVE,IMO,PBR,YPF,EC,SHEL,BP,TTE,EQNR,WMB,KMI,OKE,TRP,ENB,LNG,ET,EPD,MPLX,PAA,VLO,MPC,PSX,DINO,SUN,SLB,HAL,BKR,NOV,FTI,HP,PTEN,LBRT,RES,NBR,NEM,GOLD,AEM,WPM,FNV,RGLD,KGC,AU,HMY,GFI,AGI,OR,PAAS,HL,CDE,AG,FSM,SBSW,FCX,SCCO,TECK,RIO,BHP,VALE,AA,CENX,CLF,NUE,STLD,RS,CRS,ATI,MT,MP,LIN,APD,DD,DOW,LYB,CE,FMC,MOS,NTR,CF,WY,VMC,MLM,CCJ,UEC
2000-01-31,0.0,0.0,0.0,0.0,0.0,0.0,0.0,0.0,0.0,0.0,0.0,0.0,0.0,0.0,0.0,0.0,0.0,0.0,0.0,0.0,0.0,0.0,0.0,0.0,0.0,0.0,0.0,0.0,0.0,0.0,0.0,0.0,0.0,0.0,0.0,0.0,0.0,0.0,0.0,0.0,0.0,0.0,0.0,0.0,0.0,0.0,0.0,0.0,0.0,0.0,0.0,0.0,0.0,0.0,0.0,0.0,0.0,0.0,0.0,0.0,0.0,0.0,0.0,0.0,0.0,0.0,0.0,0.0,0.0,0.0,0.0,0.0,0.0,0.0,0.0,0.0,0.0,0.0,0.0,0.0,0.0,0.0,0.0,0.0,0.0,0.0,0.0,0.0,0.0,0.0,0.0,0.0,0.0,0.0,0.0,0.0,0.0,0.0
2000-02-29,0.0,0.0,0.0,0.0,0.0,0.0,0.0,0.0,0.0,0.0,0.0,0.0,0.0,0.0,0.0,0.0,0.0,0.0,0.0,0.0,0.0,0.0,0.0,0.0,0.0,0.0,0.0,0.0,0.0,0.0,0.0,0.0,0.0,0.0,0.0,0.0,0.0,0.0,0.0,0.0,0.0,0.0,0.0,0.0,0.0,0.0,0.0,0.0,0.0,0.0,0.0,0.0,0.0,0.0,0.0,0.0,0.0,0.0,0.0,0.0,0.0,0.0,0.0,0.0,0.0,0.0,0.0,0.0,0.0,0.0,0.0,0.0,0.0,0.0,0.0,0.0,0.0,0.0,0.0,0.0,0.0,0.0,0.0,0.0,0.0,0.0,0.0,0.0,0.0,0.0,0.0,0.0,0.0,0.0,0.0,0.0,0.0,0.0
2000-03-31,0.0,0.0,0.0,0.0,0.0,0.0,0.0,0.0,0.0,0.0,0.0,0.0,0.0,0.0,0.0,0.0,0.0,0.0,0.0,0.0,0.0,0.0,0.0,0.0,0.0,0.0,0.0,0.0,0.0,0.0,0.0,0.0,0.0,0.0,0.0,0.0,0.0,0.0,0.0,0.0,0.0,0.0,0.0,0.0,0.0,0.0,0.0,0.0,0.0,0.0,0.0,0.0,0.0,0.0,0.0,0.0,0.0,0.0,0.0,0.0,0.0,0.0,0.0,0.0,0.0,0.0,0.0,0.0,0.0,0.0,0.0,0.0,0.0,0.0,0.0,0.0,0.0,0.0,0.0,0.0,0.0,0.0,0.0,0.0,0.0,0.0,0.0,0.0,0.0,0.0,0.0,0.0,0.0,0.0,0.0,0.0,0.0,0.0
2000-04-30,0.0,0.0,0.0,0.0,0.0,0.0,0.0,0.0,0.0,0.0,0.0,0.0,0.0,0.0,0.0,0.0,0.0,0.0,0.0,0.0,0.0,0.0,0.0,0.0,0.0,0.0,0.0,0.0,0.0,0.0,0.0,0.0,0.0,0.0,0.0,0.0,0.0,0.0,0.0,0.0,0.0,0.0,0.0,0.0,0.0,0.0,0.0,0.0,0.0,0.0,0.0,0.0,0.0,0.0,0.0,0.0,0.0,0.0,0.0,0.0,0.0,0.0,0.0,0.0,0.0,0.0,0.0,0.0,0.0,0.0,0.0,0.0,0.0,0.0,0.0,0.0,0.0,0.0,0.0,0.0,0.0,0.0,0.0,0.0,0.0,0.0,0.0,0.0,0.0,0.0,0.0,0.0,0.0,0.0,0.0,0.0,0.0,0.0
2000-05-31,0.0,0.0,0.0,0.0,0.0,0.0,0.0,0.0,0.0,0.0,0.0,0.0,0.0,0.0,0.0,0.0,0.0,0.0,0.0,0.0,0.0,0.0,0.0,0.0,0.0,0.0,0.0,0.0,0.0,0.0,0.0,0.0,0.0,0.0,0.0,0.0,0.0,0.0,0.0,0.0,0.0,0.0,0.0,0.0,0.0,0.0,0.0,0.0,0.0,0.0,0.0,0.0,0.0,0.0,0.0,0.0,0.0,0.0,0.0,0.0,0.0,0.0,0.0,0.0,0.0,0.0,0.0,0.0,0.0,0.0,0.0,0.0,0.0,0.0,0.0,0.0,0.0,0.0,0.0,0.0,0.0,0.0,0.0,0.0,0.0,0.0,0.0,0.0,0.0,0.0,0.0,0.0,0.0,0.0,0.0,0.0,0.0,0.0
2000-06-30,0.0,0.0,0.0,0.0,0.0,0.0,0.0,0.0,0.0,0.0,0.0,0.0,0.0,0.0,0.0,0.0,0.0,0.0,0.0,0.0,0.0,0.0,0.0,0.0,0.0,0.0,0.0,0.0,0.0,0.0,0.0,0.0,0.0,0.0,0.0,0.0,0.0,0.0,0.0,0.0,0.0,0.0,0.0,0.0,0.0,0.0,0.0,0.0,0.0,0.0,0.0,0.0,0.0,0.0,0.0,0.0,0.0,0.0,0.0,0.0,0.0,0.0,0.0,0.0,0.0,0.0,0.0,0.0,0.0,0.0,0.0,0.0,0.0,0.0,0.0,0.0,0.0,0.0,0.0,0.0,0.0,0.0,0.0,0.0,0.0,0.0,0.0,0.0,0.0,0.0,0.0,0.0,0.0,0.0,0.0,0.0,0.0,0.0
2000-07-31,0.0,0.0,0.0,0.0,0.0,0.0,0.0,0.0,0.0,0.0,0.0,0.0,0.0,0.0,0.0,0.0,0.0,0.0,0.0,0.0,0.0,0.0,0.0,0.0,0.0,0.0,0.0,0.0,0.0,0.0,0.0,0.0,0.0,0.0,0.0,0.0,0.0,0.0,0.0,0.0,0.0,0.0,0.0,0.0,0.0,0.0,0.0,0.0,0.0,0.0,0.0,0.0,0.0,0.0,0.0,0.0,0.0,0.0,0.0,0.0,0.0,0.0,0.0,0.0,0.0,0.0,0.0,0.0,0.0,0.0,0.0,0.0,0.0,0.0,0.0,0.0,0.0,0.0,0.0,0.0,0.0,0.0,0.0,0.0,0.0,0.0,0.0,0.0,0.0,0.0,0.0,0.0,0.0,0.0,0.0,0.0,0.0,0.0
2000-08-31,0.0,0.0,0.0,0.0,0.0,0.0,0.0,0.0,0.0,0.0,0.0,0.0,0.0,0.0,0.0,0.0,0.0,0.0,0.0,0.0,0.0,0.0,0.0,0.0,0.0,0.0,0.0,0.0,0.0,0.0,0.0,0.0,0.0,0.0,0.0,0.0,0.0,0.0,0.0,0.0,0.0,0.0,0.0,0.0,0.0,0.0,0.0,0.0,0.0,0.0,0.0,0.0,0.0,0.0,0.0,0.0,0.0,0.0,0.0,0.0,0.0,0.0,0.0,0.0,0.0,0.0,0.0,0.0,0.0,0.0,0.0,0.0,0.0,0.0,0.0,0.0,0.0,0.0,0.0,0.0,0.0,0.0,0.0,0.0,0.0,0.0,0.0,0.0,0.0,0.0,0.0,0.0,0.0,0.0,0.0,0.0,0.0,0.0
2000-09-30,0.0,0.0,0.0,0.0,0.0,0.0,0.0,0.0,0.0,0.0,0.0,0.0,0.0,0.0,0.0,0.0,0.0,0.0,0.0,0.0,0.0,0.0,0.0,0.0,0.0,0.0,0.0,0.0,0.0,0.0,0.0,0.0,0.0,0.0,0.0,0.0,0.0,0.0,0.0,0.0,0.0,0.0,0.0,0.0,0.0,0.0,0.0,0.0,0.0,0.0,0.0,0.0,0.0,0.0,0.0,0.0,0.0,0.0,0.0,0.0,0.0,0.0,0.0,0.0,0.0,0.0,0.0,0.0,0.0,0.0,0.0,0.0,0.0,0.0,0.0,0.0,0.0,0.0,0.0,0.0,0.0,0.0,0.0,0.0,0.0,0.0,0.0,0.0,0.0,0.0,0.0,0.0,0.0,0.0,0.0,0.0,0.0,0.0
2000-10-31,0.0,0.0,0.0,0.0,0.0,0.0,0.0,0.0,0.0,0.0,0.0,0.0,0.0,0.0,0.0,0.0,0.0,0.0,0.0,0.0,0.0,0.0,0.0,0.0,0.0,0.0,0.0,0.0,0.0,0.0,0.0,0.0,0.0,0.0,0.0,0.0,0.0,0.0,0.0,0.0,0.0,0.0,0.0,0.0,0.0,0.0,0.0,0.0,0.0,0.0,0.0,0.0,0.0,0.0,0.0,0.0,0.0,0.0,0.0,0.0,0.0,0.0,0.0,0.0,0.0,0.0,0.0,0.0,0.0,0.0,0.0,0.0,0.0,0.0,0.0,0.0,0.0,0.0,0.0,0.0,0.0,0.0,0.0,0.0,0.0,0.0,0.0,0.0,0.0,0.0,0.0,0.0,0.0,0.0,0.0,0.0,0.0,0.0
2000-11-30,0.0,0.0,0.0,0.0,0.0,0.0,0.0,0.0,0.0,0.0,0.0,0.0,0.0,0.0,0.0,0.0,0.0,0.0,0.0,0.0,0.0,0.0,0.0,0.0,0.0,0.0,0.0,0.0,0.0,0.0,0.0,0.0,0.0,0.0,0.0,0.0,0.0,0.0,0.0,0.0,0.0,0.0,0.0,0.0,0.0,0.0,0.0,0.0,0.0,0.0,0.0,0.0,0.0,0.0,0.0,0.0,0.0,0.0,0.0,0.0,0.0,0.0,0.0,0.0,0.0,0.0,0.0,0.0,0.0,0.0,0.0,0.0,0.0,0.0,0.0,0.0,0.0,0.0,0.0,0.0,0.0,0.0,0.0,0.0,0.0,0.0,0.0,0.0,0.0,0.0,0.0,0.0,0.0,0.0,0.0,0.0,0.0,0.0
2000-12-31,0.0,0.0,0.0,0.0,0.0,0.0,0.0,0.0,0.0,0.0,0.0,0.0,0.0,0.0,0.0,0.0,0.0,0.0,0.0,0.0,0.0,0.0,0.0,0.0,0.0,0.0,0.0,0.0,0.0,0.0,0.0,0.0,0.0,0.0,0.0,0.0,0.0,0.0,0.0,0.0,0.0,0.0,0.0,0.0,0.0,0.0,0.0,0.0,0.0,0.0,0.0,0.0,0.0,0.0,0.0,0.0,0.0,0.0,0.0,0.0,0.0,0.0,0.0,0.0,0.0,0.0,0.0,0.0,0.0,0.0,0.0,0.0,0.0,0.0,0.0,0.0,0.0,0.0,0.0,0.0,0.0,0.0,0.0,0.0,0.0,0.0,0.0,0.0,0.0,0.0,0.0,0.0,0.0,0.0,0.0,0.0,0.0,0.0
2001-01-31,0.0048839953977436535,0.00339994388880403,0.022626668976555006,0.12223267252114663,0.015133532838543066,0.0,0.03794699215406321,0.05721545536463127,0.047072305784651367,0.0,0.0,0.0,0.0,0.0,0.011493956519873047,0.0,0.019099820755700096,0.0,0.0,0.0,0.007560981547136918,0.0,0.010470215455855938,0.0,0.004506431754355338,0.0,0.04578095101427575,0.02733557349364754,0.029801926011717047,0.0,0.0,0.03339463989873765,0.0,0.023819809270295478,0.033546106769768366,0.0,0.0,0.02427399718999276,0.0,0.017255580782962084,0.0021225424826819975,0.03627459584549682,0.05377266794649089,0.0,0.04499283202924532,0.06251136858964183,0.0,0.03614895583328564,0.050484126781140885,0.0,0.0,0.0,0.0,0.0,0.0,0.0,0.0,0.0,0.0,0.0,0.0,0.0,0.0,0.0,0.0,0.0,0.0,0.0,0.0,0.0,0.0015800958833170871,0.0,0.0,0.00020487519539704523,0.0,0.0,0.0,0.0,0.011458840100696357,0.027738668909304237,0.0,0.0,0.0,0.0066116561758606356,0.021819354325494512,0.00029026928834120487,0.0,0.0,0.0,0.017805068853937307,4.929684329401444e-10,0.0,0.0,0.0,0.008901423514424306,0.0023662464523836993,0.016064853909435524,0.0
2001-02-28,0.00502321367631766,0.005373459251719358,0.0327971304196971,0.11691376568140244,0.027319862774489598,0.0,0.026933055565812252,0.046577550330421144,0.03385473247010181,0.0,0.0,0.0,0.0,0.0,0.011597908643597301,0.0,0.015295229172036398,0.0,0.0,0.0,0.007338939885810047,0.0037688722924175398,0.0034910008495434696,0.0,0.0,0.0,0.06350059406152674,0.04095220424971764,0.021356240346238897,0.0,0.0,0.0466953033791523,0.0,0.03245418211901507,0.01980087348599759,0.0,0.0,0.024125654874924417,0.0,0.0,0.00199105573099371,0.03572331285872325,0.02873465525721227,0.0,0.048179675910323065,0.03642574552149294,0.0,0.04859777019574351,0.03772262423514796,0.0,0.0,0.0,0.0,0.0,0.0,0.0,0.0,0.0,0.0,0.0,0.0,0.0,0.0,0.0,0.0,0.0,0.0,0.0,0.0,0.0,0.0111338435977056,0.0017902008259561696,0.0,0.0021704127786804804,0.0,0.0,0.0,0.0,0.024524755983098563,0.014736966598270682,0.0,0.0,0.0,0.017837021271567204,0.028420760798834727,0.0,0.0,0.0,0.0,0.025630980736281915,0.009136102169004593,0.0,0.0,6.413780122600625e-10,0.006174187375796651,0.00951699223352754,0.0263831617503223,0.0
2001-03-31,0.0061474887111630325,0.0,0.015312351066448916,0.08201970711003766,0.016288543979901232,0.0,0.014883622622957005,0.04017380539042769,0.015342174923070953,0.0,0.0,0.0,0.0,0.0,0.01807196495538614,0.0,0.016640875311983237,0.0,0.0,0.0,0.004012222810808303,0.0,0.0,0.0,0.0,0.0,0.06395353504749572,0.05510269575096627,0.02821078117589977,0.004680072588397645,0.0,0.0672420176322604,0.0,0.03791512766133674,0.017102128924075644,0.0,0.0,0.06839344924847009,0.0,0.0,0.0,0.02510621355372524,0.014556186327915343,0.0,0.053456300569326994,0.009857294265960779,0.0,0.02930551010661717,0.036331402886661826,0.0,0.0,0.014530912140053597,0.0,0.0,0.0,0.0,0.0,0.0,0.00759005992762194,0.0,0.0,0.0,0.0,0.0,0.0,0.0,0.0,0.013974636481376462,0.012211494290492658,0.0,0.005634055819062407,0.005613846451392146,0.0,0.004179381032783099,0.002246717327213717,0.0,0.0,0.007247858261457363,0.013042779751149602,0.031594565038348475,0.0,0.0,0.0,0.007855711259322655,0.03542286658083593,0.0,0.0,0.0,0.0,0.028608445905788423,0.0,0.0,0.0,0.0,0.0,7.550354976153012e-10,0.0701411963567722,0.0
2001-04-30,0.005313917004709368,0.005176675033286792,0.014803475545395019,0.053496285999132705,0.016694177319751487,0.0,0.01731381637385743,0.037660586388512204,0.015613075172054841,0.0,0.0,0.0,0.0,0.0,0.018680681957457767,0.0,0.005907808026970006,0.0,0.0,0.0,0.0,8.067731581390909e-10,0.0,0.0,0.012921079861611087,0.0,0.05355651178367073,0.06898629887446953,0.023738152669278544,0.009457378581327096,0.0,0.06340974953483491,0.0,0.033213376577875486,0.019159216072954736,0.0,0.0,0.10971920994509574,0.0,0.0,0.0,0.012659387022126002,0.03613032561606617,0.0,0.039692723407387207,0.009731510341869622,0.0,0.04580206529339789,0.025464875622573442,0.0,0.0,0.012304341297472607,0.0,0.0,0.0,0.0,0.0,0.0,0.01834455955324835,0.0,0.0,0.0,0.0,0.0,0.0,0.0,0.0,0.02880160932463657,0.011031376130396373,0.0,0.009694583007019,0.0,0.0,0.010318511249265583,0.013192495068807151,0.0,0.0,0.0,0.00245355837201604,0.03596564756617193,0.0,0.0,0.0,0.0017235577747032934,0.021250040849271755,0.0,0.0,0.0,0.0,0.021518069636712912,0.0,0.0,0.0,0.0,0.007318921537057755,0.0,0.05178036780078171,0.0
2001-05-31,0.001433774874995878,0.0006736026325807894,0.0005128591927530757,0.02565894469410449,0.018472848165100114,0.0,0.0,0.007364319540279836,0.0,0.0,0.0,0.0,0.0,0.0,0.01196401826263352,0.0,0.006183549638765875,0.0,0.0,0.0,0.0,0.0,0.0,0.0,0.00424726683545864,0.0,0.032655118552001886,0.039608413896019115,0.004737231973636454,0.0,0.0,0.059594759239811,0.0,0.030066018314614126,0.041181841523564966,0.0,0.0,0.17786182530795563,0.0,0.0,0.0,0.002369097482685356,0.03174937593249188,0.0,0.02229956358900478,0.025401746158022265,0.0,0.05210688086846654,0.022494413110420285,0.0,0.0,0.02403163481759202,0.0,0.0,6.873716375125283e-10,0.0,0.0,0.0,0.007670465500950496,0.0,0.0,0.0,0.0,0.0,0.0,0.0,0.0,0.0331289254039404,0.006448506218424495,0.0,0.0207550065755023,0.004759436200079983,0.0,0.025822322169400613,0.07987782669462054,0.0,0.01787381384224853,0.03303561599950077,0.024057694576675663,0.017138731521171898,0.0,0.0,0.0,0.005839185602089371,0.014329469729961509,0.0,0.0,0.0,0.0,0.008305056507469512,0.0,0.0,0.0,0.007460896571642361,0.0,0.0,0.05082794159599133,0.0
2001-06-30,0.005804781333140263,0.006634286230843276,0.01565709237126824,0.01819588738072968,0.025916032002105054,0.0,0.0,0.025536974887156318,0.0,0.0,0.0,0.0,0.0,0.0,0.006809225877620732,0.0,0.0045208509114600315,0.0,0.0,0.0,0.0,0.0,0.0,0.0,0.0,0.0,0.03911029681563151,0.03790440835574889,0.01783355780273361,0.0,0.0,0.047757450012209685,0.0,0.028700289644921422,0.02148474741212089,0.0,0.0,0.16979552513412197,0.0,0.0,0.0,0.011694389064774048,0.0,0.0,0.00013383594326266395,0.0,0.0,0.044256627272619024,0.010229691241699706,0.0,0.0,0.009214224335601122,0.0,0.0,0.004257849212480067,0.0,0.0,0.0,6.364599150838337e-10,0.0,0.0,0.0,0.0,0.0,0.0,0.0,0.0,0.04018111890479039,0.007404262775607492,0.0,0.012521319146040375,0.0,0.0,0.02861502445864473,0.04968965583700604,0.0,0.03188064344152435,0.029419375188701875,0.02420952451078764,0.02534581143267803,0.00836698410644811,0.0,0.0,0.018841010668354315,0.030439666614385075,0.010055663275506995,0.0,0.0,0.0,0.016043142907813262,0.0,0.0,0.0,0.019785156779738657,0.014532969341797439,0.011042809962736705,0.07017783676873038,0.0
2001-07-31,0.0029543708053791726,0.00956537965194291,0.005799478799019065,0.011962755150279204,0.027586031796205397,0.0,0.006749591483872307,0.023794667692915637,0.0,0.0,0.0,0.0,0.0,0.0,0.015308491190037507,0.0,9.638457994929646e-10,0.0,0.0,0.0,0.0,0.0,0.0,0.0,0.0,0.0,0.04120180558063758,0.061655957848305076,0.022465564328755308,0.0,0.0,0.06991251700943339,0.0,0.024715302146575146,0.03365548389299702,0.0,0.0,0.2,0.0,0.0,0.0,0.0,0.0,0.0,0.0,0.0,0.0,0.06901679819198038,0.0,0.0,0.0,0.0341639027200196,0.0,0.0,0.003367066574534556,0.006521494784813054,0.0,0.009366674715477169,0.021384291019570636,0.0,0.0,0.006801904872241523,0.02244371120442669,0.0,0.0,0.0,0.0,0.01410568089238435,0.0002441789320162369,0.0,0.005577736487677364,0.0,0.0,0.02530735153801252,0.015339498070182074,0.0,0.022682889251214682,0.002269155332228912,0.01271487914025599,0.0,0.0,0.0,0.0,0.011979202216298427,0.030493062808820803,0.011635781901457498,0.0,0.0,0.0,0.005445293306160776,0.0,0.0,0.0,0.014471844789725009,0.01908574113734741,0.010299942911571908,0.06795451886138197,0.0
2001-08-31,0.00701249981432147,0.013006223430551389,0.0,0.0,0.033325418207484137,0.0,0.0,0.026943686676911955,0.0,0.0,0.0,0.0,0.0,0.0,0.02283769482922656,0.0,0.01748389721797623,0.0,0.0,0.0,8.965639534761184e-10,0.0,0.0008859655416749587,0.0,0.0,0.0,0.019152628943077885,0.03585440202394012,0.022546836263946882,0.0,0.0,0.07423681736190316,0.0,0.045739635130874846,0.019581362137440585,0.0,0.0,0.1500675368188648,0.0,0.0,0.0,0.0019678138012076446,0.0,0.0,0.0,0.0,0.0,0.05475875171268492,0.0,0.004805661656684509,0.0,0.04213987381041908,0.0,0.0,0.02355995853910796,0.024340723823771136,0.0,0.001983810841353546,0.019946684396808488,0.0,0.0,0.0,0.015323870870904316,0.0,0.0,0.0,0.0,0.012041418373561426,0.0,0.0,0.006535566588917118,0.00027710228139621107,0.0,0.020916710494993253,0.03546615890635004,0.0,0.03262211136053064,0.007792214328236186,0.022822402505492327,0.0,0.0,0.0,0.0,0.007086498447727942,0.01663660663597292,0.043343868203900786,0.0,0.0,0.0,0.0018448572619159881,0.0,0.0,0.0,0.03220507820386602,0.014527175909170246,0.013614989284883965,0.05476548646538436,0.0
2001-09-30,0.0,0.00890800996337701,0.0,0.0,0.02168921879861796,0.0,0.0,0.00943772663937055,0.0,0.0,0.0,0.0,0.0,0.0,0.019921582407155174,0.0,0.007129216205466432,0.0,0.0,0.0,0.0008402617282986596,0.002043847158807905,0.004481504955960506,0.0,0.0,0.0,0.0,0.029924108351513466,0.016825667927955774,0.0,0.0,0.04756734016085192,0.0,0.0396382692054528,0.014767336487735906,0.0,0.0,0.15968795565232616,0.0,0.0,0.0,0.0,0.0,0.0,0.0,0.0,0.0,0.021304725230451804,0.0,0.01708241437398322,0.0,0.043053957149161735,0.0,0.0,0.03912717690609972,0.03834716796179428,0.004476003544084375,0.0,0.033083809043201,0.0,0.0,6.285822031894471e-10,0.026334252868539538,0.0,0.0,0.0,0.0,0.028313618544966997,0.0,0.0,0.020130916618005427,0.006199104602828556,0.0,0.036204712955012264,0.025338187601198724,0.0,0.04175550124605474,0.03134579367710139,0.021302893281933567,0.005513818955328755,0.006910710096208363,0.0,0.0,0.020071248008701293,0.015072721411242287,0.03079131959133778,0.0,0.0,0.0,0.0,0.0,0.0,0.0,0.030635308934993066,0.01654272162505211,0.005711378859351188,0.05248849064189526,0.0
2001-10-31,0.0018952645448661897,0.010520492147836968,0.0012234777427731095,0.0,0.021806914902071425,0.0,0.0,0.008649066811415139,0.0,0.0,0.0,0.0,0.0,0.0,0.0314344236127882,0.0,0.013171805289080855,0.0,0.0,0.0,5.375366730589449e-10,0.006745164039001577,0.005109635160704252,0.0,0.0,0.0,0.0,0.031066161815872004,0.011597588298634652,0.0,0.0,0.054493726388479456,0.0,0.031220888867507082,0.010949005542322192,0.0,0.0,0.11330904474650623,0.0,0.0,0.0,0.0,0.0,0.0,0.0,0.0,0.0,0.022587027781685677,0.0,0.04754653433301961,0.0,0.058543933939240525,0.0,0.0,0.06527077038486277,0.08174992291924968,0.01641097221405772,0.030650293305420323,0.03779047129042239,0.0,0.0,0.029161031813184912,0.07381092304054432,0.0,0.0,0.0,0.0,0.027828217035148938,0.0,0.0,0.0072787960583182995,0.0028110901486891817,0.0,0.01244903629161937,0.003163354395188433,0.0,0.015929191265283027,0.0,0.00765685337960681,0.0,0.0,0.0,0.0,0.014914578441380963,0.010063313827500414,0.013094122924766886,0.0,0.0,0.0,0.0,0.0,0.0,0.0,0.010888069487195095,0.00975253689177715,0.00885998769901234,0.03859631068542915,0.0
2001-11-30,0.0,0.008645243855829297,0.00026046508871416403,0.0,0.016569201973369627,0.0,0.0,0.016658502026553848,0.0004514244165651426,0.0,0.0,0.0,0.0,0.0,0.029922158983097788,0.0,0.0093406588853767,0.0,0.0,0.0,0.0,0.004059838582010412,0.0016993274393906897,0.0,0.0,0.0,0.0,0.02861403290761316,0.008702956876854517,0.0,0.0,0.06285908388379326,0.0,0.03098454642232782,0.015624299906432944,0.0,0.0,0.1311535079049051,0.0,0.0,0.0,0.007855926330624749,0.0,0.0,0.0027705299847490855,0.0,0.0,0.03308068199465381,0.0,0.03628696454623866,0.0,0.03477164539376448,0.0,0.0,0.09323340110417756,0.038731882311036504,0.030673145751198293,0.042779764251622304,0.048904821759646604,0.0,0.0,0.024850966781335068,0.04945820924804862,0.0,0.0,0.0,0.0,0.027932379042034827,0.0,0.0,0.007903698531533745,0.0,0.0,0.012800391521492066,0.02757908612754043,0.0,0.015947968104282166,0.004029590590813393,0.0,0.0,0.0,0.0,0.0,0.024785454989758423,0.014343192919776543,0.010373768014880894,0.0,0.0,0.0,0.0,0.0,0.0,0.0,0.013600691771489655,7.098209291598511e-10,0.0028411744077501797,0.02891941465889662,0.0
2001-12-31,0.0,0.0108931707451259,0.008171506392642946,0.0,0.012680270331337382,0.0,0.0,0.0,0.0,0.0,0.0,0.0,0.0,0.0010560619484843868,0.02304928121534056,0.0,0.011273123645563082,0.0,0.0,0.0,0.0,0.003940471525443308,7.928582892392695e-10,0.0,0.0,0.0,0.0,0.020436788375342945,0.011061880789417994,0.0,0.0,0.05726455135460866,0.0,0.046872817166581975,0.003970479714667565,0.0,0.0,0.09024656865989605,0.0,0.0,0.0,0.0,0.0,0.0,0.0,0.0,0.0,0.036476649682943785,0.0,0.020527182385675708,0.0,0.05461066506883372,0.0,0.0,0.0767091524384342,0.03811170921766506,0.023345358849868728,0.024858058007865527,0.038079681418177046,0.0,0.0,0.03441169048079923,0.06506890918313901,0.0,0.0,0.0,0.0,0.05231376008041401,0.0,0.0,0.014705655944145902,0.01347249056191007,0.0,0.02154807301229374,0.016310831461386656,0.0,0.02876452970660851,0.0027934914153931673,0.007388823389144018,0.0,0.009304672621076676,0.0,0.0,0.02427233148835759,0.018423636021365746,0.012310351283986193,0.0,0.0,0.0,0.0,0.0,0.0,0.0,0.01372746916846574,0.006753525632824404,0.009366325216173654,0.03542800360574085,0.0
2002-01-31,0.0,0.012353478157417946,0.007792099297819579,0.0,0.020997494695283277,0.0,0.0,0.0,0.0,0.0,0.0,0.0,0.0,0.0,0.0408211565933224,0.0,0.02176763995560243,0.0,0.0,0.0,0.0,0.0,0.0012374143395714853,0.0,0.0,0.0,0.0,0.023950730075043024,0.01707059536924054,0.0,0.0,0.046376807682768355,0.0,0.03035991381068689,0.012767792395020032,0.0,0.0,0.10253702318577132,0.0,0.0,0.0,0.0,0.0,0.0,0.0,0.0,0.0,0.057922550084953006,0.0,0.02374495807068404,0.0,0.05530038710085535,0.0,0.0,0.07934351501038989,0.052000289213773546,0.030301669749304268,0.03945755990999048,0.031086926151152335,0.0,0.0,0.03177143046948275,0.010057323645212647,0.0,0.0,0.0,0.0,0.015394057902844038,0.0,0.0,0.014588034852586586,0.01104441278496948,0.0,0.0016179164356895847,0.022170143748851658,0.015713086063500768,0.02830434248067268,0.008474795288487076,8.34067033622686e-10,0.003388910385513336,0.006608278717333232,0.0,0.0,0.02535742301235763,0.02551784151320513,0.005381218211139976,0.0,0.0,0.0,0.0,0.0,0.0,0.0,0.007739843176119041,0.009535516679642217,0.012834453342078212,0.037310969607596695,0.0
2002-02-28,0.0031474794484824447,0.004782670058107114,0.014366124544541364,0.0,0.01475071218624307,0.0,0.0,0.0,0.0,0.0,0.0,0.0,0.0,0.0,0.02308987492492795,0.0,0.015138966285840869,0.0,0.0,0.0,0.0,0.001706106009336399,0.00625432327012234,0.0,0.0,0.0,0.0,0.015698991617683948,0.011685432797657295,0.0,0.0,0.05151504532686309,0.0,0.02866265636407395,0.026158199921640063,0.0,0.0,0.0866406771449762,0.0,0.0,0.0,0.0,0.0,0.0,0.0,0.0,0.0,0.038784249362219345,0.0,0.02962479888450012,0.0,0.06743746187777427,0.0,0.0,0.08760754642672199,0.0606353002193376,0.029322919534717037,0.05090106456743672,0.05457741145961935,0.0,0.0,0.03978429000892659,0.011603291213293671,0.0,0.0,0.0,0.0,0.01351497627873515,0.0,0.0,0.014606180252330894,0.014236569158492926,0.0,0.005994934962636285,0.0006934827579437567,0.0036660176121967327,0.03532997712555255,0.013020744881487753,0.006844313707236156,0.0,8.160070806395071e-10,0.0,0.0,0.0309083125122998,0.018059476068649234,0.0,0.0,0.0,0.0,0.0,0.003990169753377509,0.0,0.0,0.014331207127707442,0.013882521659749158,0.0,0.03704552187055471,0.0
2002-03-31,0.0012388559129007286,0.0,0.0051027740549639345,0.0,0.005974285338662727,0.0,0.0,0.0,0.0,0.0,0.0,0.0,0.0,0.00036336126279798344,0.019475748212306847,0.0,0.010593032051027566,0.000548495246773945,0.0,0.0,0.0,0.00023655165261797398,0.005336075505201871,0.0,0.0,0.0,0.0,0.011113674509521164,0.005669356774804959,0.0,0.0,0.03290451005276031,0.0,0.012354757175511284,0.01292314995483137,0.0,0.0,0.04100113053236349,0.0,6.711345630280084e-10,0.0,0.0,0.0,0.0,0.0,0.0,0.0,0.013701759567648495,0.0,0.03210578300607741,0.0,0.06307591745020219,0.0,0.0,0.11584252174658312,0.07889166988427447,0.045239024200052484,0.08192241996275658,0.08558186769618023,0.0,0.0,0.06167131486946028,0.0751956101715334,0.011907297796485925,0.0,0.0,0.0,0.006583992012135631,0.0,0.0,0.008759409000313356,0.021155410106357724,0.0,0.0025452536192751957,0.0,0.0,0.026959671799986876,0.013225992292795249,0.006173313941310481,0.0,0.0,0.0,0.0,0.019157671328852797,0.017212036209182793,0.0,0.0,0.0,0.0,0.0,0.004044086126237666,0.0,0.0,0.01530446922234215,0.0018214810167265995,0.0,0.027086268065048283,0.0
2002-04-30,0.0006185429872850441,0.0,0.004784685987027102,0.0,6.727071340631157e-10,0.0,0.0,0.0,0.0,0.0,0.0,0.0,0.0,0.004234709015771765,0.02177889366630466,0.0,0.007803750632487354,0.001000568684468384,0.0,0.0,0.0,0.0005456812992645476,0.002717026484813039,0.0,0.0,0.0,0.0,0.015112622116722808,0.012747797398925861,0.0,0.0,0.019900451150894977,0.0,0.005943699787216113,0.0023237459847144947,0.0,0.0,0.005795378300372215,0.0,0.0,0.0,0.0,0.0,0.0,0.0,0.0,0.0,0.0,0.0,0.035303036585445174,0.0,0.05169245404646724,0.0,0.0,0.15463036709021627,0.08788101887049679,0.030290051598760824,0.09192851382126507,0.09369904380413505,0.0,0.0,0.0690380573353771,0.10435978742272184,0.011118978795588295,0.0,0.0,0.0,0.016255117477733463,0.0,0.0,0.001031563016076521,0.012263023594911741,0.0,0.0,0.0,0.010833694811666737,0.01897765624275912,0.009528137577208008,0.0,0.009752775873388115,0.0,0.0,0.0,0.01867661809920301,0.014841842461129521,0.0010928181251780092,0.0,0.0,0.0,0.00751423593394045,0.015608723438545503,0.0,0.0,0.009524155712329061,0.0030383781037375142,0.0,0.015812395992743925,0.0
2002-05-31,0.0,0.0,0.0,0.0,0.001705233038312582,0.0,0.0,0.0,0.007547978590822527,0.0,0.0,0.0,0.0,0.0019393467091707293,0.02182883898715784,0.0,0.010136388583774789,0.0,0.0,0.0,0.0,0.0004132246863032794,0.0037396115419649446,0.0,0.0,0.0,0.0066558916441918515,0.020089356403594428,0.012837020929529994,0.0,0.0,0.020543215932652778,0.0,0.00851316636669632,0.0012070774220088302,0.0,0.0,0.0,0.0,0.0,0.0,0.0,0.0,0.0,0.005192868853856794,0.007451632120733189,0.0,0.007912154177933005,0.0,0.026837854915348743,0.0,0.05138701146802663,0.0,0.0,0.12452645571815055,0.07362170365511472,0.036035525763824273,0.11077562743190465,0.13010245042876592,0.0,0.0,0.04950642999179833,0.12194984500851333,0.006182396752045773,0.0,0.0,0.0,0.010352523664473798,0.00581956406181325,0.0,0.0008225108574942846,0.0073520508580168795,0.0,0.0,0.0,0.023531959357979478,0.011869185033143903,0.018368327516594615,0.013718161583894604,0.0,0.0,0.0,0.0,0.011419270118346437,0.00494104147901256,0.0,0.0,0.0,0.0,6.199999268458969e-10,0.010844526371264375,0.0,0.0,0.006094161388855178,0.0,0.0,0.006228409966914017,0.0
2002-06-30,0.0,0.0,0.0,0.0031685081634042728,0.002957619171145689,0.0,0.0,0.0,0.005959242893343709,0.0,0.0,0.0,0.0,0.0013983953671445508,0.013571287502470818,0.0,0.004966356675724525,0.0,0.0,0.0,0.0,0.0,0.0018712979777483567,0.00497721138322342,0.0,0.0,4.6306784901602717e-10,0.00903116458638974,0.005506786992573498,0.0,0.0,0.004783574145468915,0.0,0.0059935359692386515,0.0,0.0,0.0,0.0,0.0,0.0,0.0,0.0008401588940366077,0.0,0.0,0.007454023929045016,0.02871033322548531,0.0,0.0,0.004166795368987631,0.027504965362825318,0.0,0.04092241660485703,0.0,0.0,0.17558362752884712,0.10016339275728935,0.03609556970628272,0.08433315691196054,0.09423365120790049,0.0,0.0,0.06078470397534811,0.1262908999814187,0.013931493899156417,0.0,0.0,0.0,0.032285362972068354,0.0028552964079641184,0.0,0.0001223389387393893,0.0046918508879781285,0.0,0.0,0.0,0.021937945843809172,0.01336425037790253,0.015534754622907949,0.006606397265855055,0.0,0.0,0.0,0.0,0.005242837760743617,0.0009781919416847868,0.0,0.0,0.0,0.0,0.0,0.013346430903796457,0.0,0.0,0.006282275469474841,0.0,0.0,0.011551895962691353,0.0
2002-07-31,0.0,0.0,0.0,0.0018911188801088153,0.0017665079185864869,0.0,0.0,0.0,0.007259694230451132,0.0,0.0,0.0,0.0,0.004395894515268887,0.013048297354448691,0.0,0.0029599394713122396,0.0,0.0,0.0,0.0,0.0,0.003960352311784154,0.011089519246683036,0.0,0.0,0.0076479455889477445,0.011650062704586048,0.008286637053633339,0.0,0.0,0.0,0.0,0.0,0.0,0.0,0.0,0.0,0.0,0.0,0.0,0.0,0.0008991417989076968,0.003048274350693561,0.0034806436275999037,0.026351247120389644,0.0,0.0,0.005981140152016647,0.017023698325401095,0.0,0.03512848445676868,0.0,0.0,0.10095931130078284,0.09810507761437526,0.023236064138268207,0.08573072831601988,0.08824782385361879,0.0,0.0,0.06334980492613705,0.1912819096887374,0.03810569535696945,0.0,0.0,0.0,0.029803031629531646,0.010330868257257916,0.0,0.002169201656315841,0.007159773240580202,0.0,0.0,0.0,0.030250782128800915,0.015021347743465573,0.010810753966128487,0.007615538542927882,5.245457930343638e-10,0.0,0.0,0.0,0.009587095474737125,0.008796716681813125,0.0,0.0,0.0,0.0,0.0,0.0010548618244549885,0.0,0.0,0.0004687045180006619,0.0,0.0,0.012046309508943196,0.0
2002-08-31,0.0,0.0,0.0,0.007703193507084873,0.0031102304691808256,0.0,0.0,0.0,0.016477965275030586,0.0,0.0,0.0,0.0,0.013899784993492629,0.016155076875381667,0.0,0.0040684181871985855,0.0,0.0,0.0,0.0,0.0,0.0020273506633128554,0.01720655580293039,0.0,0.0,0.013821629269337875,0.015161293787712473,0.010641218364579735,0.0,0.0,0.0,0.0,6.63993964377729e-10,0.0,0.0,0.0,0.0,0.0,0.0,0.0,0.0,0.009208503482798808,0.010874639822278445,0.007937557271324234,0.0483715162331806,0.0,0.012178853075572914,0.01802165226368,0.013894849950012379,0.0,0.01616563379523646,0.0,0.0,0.07679277644819896,0.06138230863593384,0.015060110157569041,0.09329530758196417,0.09026082636544423,0.0,0.0,0.05450269162240961,0.13521726508522486,0.05457333959964503,0.0,0.0,0.0,0.017274168766187602,0.01729890945976063,0.0,0.0010586644823639675,0.022142198851976134,0.0,0.0,0.0,0.03237859930537927,0.012719501432930096,0.020027470620605795,0.0,0.0,0.0,0.016458332926891518,0.0,0.010150644823243035,0.0059241046888510365,0.0,0.0,0.0,0.0,0.0,0.0,0.0,0.0,0.006100181179536092,0.0,0.00045667421256464857,0.0,0.0
2002-09-30,0.0,0.0,0.0,0.005500478849232218,0.007987317477696628,0.0,0.014694309687709755,0.0003073083997074636,0.017769538125872272,0.0,0.0,0.0,0.0,0.01559656597904813,0.010560950427247567,0.0,0.0,0.0,0.0,0.0,0.0,0.0,0.0,0.014140572858904254,0.0,0.0,0.005418368997553917,0.005676825547386902,0.0021809804900951206,5.691856111943383e-10,0.0,0.0,0.0,0.0,0.0,0.0,0.0,0.0,0.0,0.0,0.0,0.0,0.01091606577845748,0.027125484406523993,0.016882436596267016,0.0516816224490216,0.0,0.0,0.026272874132978654,0.005688243913162816,0.0,0.01853416299551096,0.0,0.0,0.08373774810482974,0.0534182175090278,0.023720593475728823,0.09510251999880141,0.09221582676706923,0.0,0.0,0.03412368156886153,0.11282367948222215,0.07081234553751756,0.0,0.0,0.0,0.021533009940159897,0.019422270883821334,0.0,0.00323585097460105,0.020785144749752724,0.0,0.0,0.0019327290654479053,0.04129325773324866,0.009060197336026313,0.006227129525486241,0.0,0.0,0.0,0.010641313197355921,0.0,0.013337703381008625,0.006724868554197951,0.0,0.0,0.0,0.0,0.0,0.020734102586377586,0.0,0.0,0.002183701946895072,0.0,0.0,0.0,0.0
2002-10-31,0.0,0.0,0.0,0.003194905875041608,0.009857028626897236,0.0,0.014778780676724201,0.0,0.015445052254906486,0.0,0.0,0.0,0.0,0.011958970235489101,0.008370836259058451,0.0,0.006299086021364527,0.0,0.0,0.0,0.0,0.0,0.0005902474530728238,0.009879816701428776,0.0,0.0,0.008172714537793377,0.009832956524435287,0.006889482753494929,0.0,0.0,0.0,0.0,0.0021330372326154854,0.0,0.0,0.0,0.0,0.0,0.0,0.0,0.0,0.0044401598289349935,0.015427476597254098,0.008799311483494682,0.02185422802270036,0.0,0.0,0.005333982741480009,0.011279797413787807,0.0,0.032820155049266636,0.0,0.0,0.11464437482550488,0.07519185945746346,0.03475126032037063,0.08575368912857471,0.09099186042384139,0.0,0.0,0.03782615139362707,0.11544685815536043,0.04173727967529364,0.0,0.0,0.0,0.012277931551153084,0.03055903835218061,0.0,0.004631106665879683,0.019046059489960805,0.0,0.0,0.0,0.025084382028479582,0.0,0.014449464004518037,4.716540498744407e-10,0.0,0.0,0.06569862845331012,0.0,0.006871914815993241,0.005437702626367814,0.0,0.0,0.0,0.0,0.00398765158506104,0.008254760286164786,0.0,0.0,0.0,0.0,0.0,0.0,0.0
2002-11-30,0.0,0.0,0.0,0.0027064864752393953,0.010560119779162151,0.0,0.0260339838593917,0.0006684995360253071,0.016924526110979336,0.0,0.0,0.0,0.0,0.007989819111685299,0.0005331408881939978,0.0,0.0031061299556983586,0.0,0.0,0.0,0.0,0.0,0.0053877896927826815,0.009999804089714641,0.0,0.0,0.008246352362320122,0.012376218863312189,0.003937636045789145,0.014133242881288775,0.0,0.0,0.0,0.0,0.0016457995435011218,0.0,0.0,0.0,0.0,0.0,0.0,0.0,0.013896536179054182,0.02560224087228152,0.02112327846726706,0.023544919353000012,0.0,0.0,0.006745347661314011,0.01480687094098012,0.0,0.015440119080588012,0.0,0.0,0.12556111024542183,0.07442905914971253,0.030878073022458662,0.07819414924819003,0.0783501175835517,0.0,0.0,0.0314164167328077,0.1704750137831992,0.04796655270423773,0.0,0.0,0.0,0.0,0.019203246930664802,0.0,0.000869519131048769,0.014229763996873953,0.0,0.0,0.0,0.01120430341067067,0.0,0.015058289175034547,0.0,0.0,0.0,0.04783919614381384,0.0,0.0032410149513716763,6.420076350286319e-05,0.0,0.0,0.0,0.0,0.005611110749564203,0.0,0.0,0.0,0.0,0.0,0.0,5.283061111480541e-10,0.0
2002-12-31,0.0,0.0,0.0,0.0015929628537842805,0.0066629116176919155,0.0,0.01354842320814249,0.0,0.007341393722859737,0.0,0.0,0.0,0.0,0.0075979231860940875,0.0,0.0,0.004279751044187413,0.0,0.0,0.0,0.0,0.0,6.416483966787263e-05,0.011684951150233928,0.0,0.0,0.007920158781472422,0.015158980952262455,0.006079116742177869,6.200938352863285e-10,0.0,0.0,0.0,0.0,0.0,0.0,0.0,0.011633534457822389,0.0,0.0,0.044021366271169364,0.0,0.005290200988756051,0.012490437301041763,0.009866064681034502,0.01702348511480028,0.0,0.0,0.0037929951834280097,0.016060969986774,0.0,0.009073953657730175,0.0,0.0,0.14451276812910402,0.07937201391725808,0.03592073122868954,0.06672538059177005,0.08158894696511511,0.0,0.0,0.01976753211109008,0.1885480194207798,0.0553433696677279,0.0,0.0,0.0,0.011631731460097813,0.01659214798586813,0.0,0.0066063658908297775,0.024318260375673927,0.0,0.0,0.0,0.01016206966752113,0.0,0.015693511260541842,0.0,0.0,0.0,0.020640276534607014,0.0,0.00674976244572852,0.0,0.00033043930773139584,0.0,0.0,0.0,0.0,0.002362275315121492,0.0,0.0,0.001950651363519639,0.0,0.0,0.0,0.0
2003-01-31,0.0,0.0,0.0,0.010916366398444413,0.00894700593289592,0.0,0.013683173831525152,0.013992566978501667,0.011072464251638516,0.0,0.0,0.0,0.0,0.009995007528891545,0.004263265486857367,0.0,0.007421516563360024,0.0,0.0,0.0,0.0,0.0,0.004474258319099415,0.0189792764276215,0.0,0.0,0.009180166129421317,0.011741672416144277,0.004825936868133382,0.0,0.0,0.0,0.0,0.0021806981435051396,0.0,0.0,0.0,0.007210982716103278,0.0,0.0,0.021182349414243497,0.0,0.009450726939793487,0.01601123417118968,0.0149801363764159,0.020736890202269157,0.0,0.0,0.008530924936250097,0.018142858111406035,0.0,0.016309500213396118,0.0,0.0,0.15882340956299523,0.07416289937895966,0.03702211856024436,0.057147918895075325,0.0598847784190364,0.0,0.0,0.03833033488181882,0.18066244901891967,0.05711666952187325,0.0,0.0,0.0,0.0063497786153361435,0.01392761262959346,0.0,0.003911020996333208,0.014871847508424654,0.0,0.0,0.0,0.009190505097122978,0.0,0.0,0.0,0.0,0.0,0.01624876314013004,0.0,0.0031084238242359208,4.6037953447748124e-10,0.005012491132414498,0.0,0.0,0.0,0.0,0.0,0.0,0.0,0.0,0.0,0.0,0.0,0.0
2003-02-28,0.0,0.0,0.0,0.010348453841866978,0.011784586053378057,0.0,0.005924390383255377,0.015117815861437473,0.016178478374307543,0.0,0.0,0.0,0.0,0.008505871000343033,0.005352619111854985,0.0,0.008495371712448328,0.0,0.0,0.0,0.0,0.0,0.0,0.011960885414429167,0.0,0.0,0.0012515020136504356,0.013531256918138423,0.0050215990026327316,0.015834120644559812,0.0,0.0,0.0,0.011765815987405805,0.0,0.0,0.0,0.012435732803397813,0.0,0.0,0.01416189085404188,0.0,0.001522812876031483,0.0060297062675146685,0.004403380570018253,0.019961612524479568,0.0,0.0,0.0057507837784860055,0.01715105434932787,0.0,0.017043356659641348,0.0,0.0,0.19840126302712768,0.08262098787492236,0.04063015449567974,0.03855088316636372,0.03970833996178267,0.0,0.0,0.041244424029344945,0.13701183391424412,0.033163707864501596,0.0,0.0,0.0,0.02231242788536357,0.032309309411286895,0.0,0.0003179452041829468,0.009853408496537827,0.0,0.0,0.0,0.018452064009448547,0.0,0.0016332946831164987,0.0,0.0,0.0,0.06319692366122874,0.0,6.834544513795826e-10,0.0,0.0010599346287665586,0.0,0.0,0.0,0.0,0.0,0.0,0.0,0.0,0.0,0.0,0.0,0.0
2003-03-31,0.0,0.0,0.0,0.012452696956086208,0.015258091930192518,0.0,0.010511027169329532,0.008409507685081767,0.024796456276144796,0.0,0.0,0.0,0.0,0.015808275679785377,0.012300092969337009,0.0,0.01925187801430484,0.0,0.007514368696495633,0.0,0.0,0.0,0.0,0.012664110155868054,0.0,0.0,0.0,0.024488248294037153,0.01737466388045287,0.021660690186917665,0.0,0.0006755265648417102,0.0,0.018721730704066228,0.0,0.0,0.0,0.030995161021189904,0.0,0.0,0.03009854866282991,0.0,9.269485120818678e-10,0.010449499307119118,0.005430121716072853,0.02095378415596104,0.0,0.0,0.004652138497399158,0.009454955927746941,0.0,0.01334211301309645,0.0,0.0,0.12183418685622116,0.08967005951642436,0.044131565928993685,0.03896514351955477,0.03456070212729876,0.0,0.0,0.024591705921713874,0.1040322571944604,0.015435606869569993,0.0,0.0,0.0,0.007199967419302035,0.03153059232595356,0.0,0.0137586393137659,0.025738541939411722,0.018744601164895777,0.0,0.0,0.006480133165273744,0.0,0.0,0.0,0.0,0.0,0.07562687871599641,0.0,0.00043572962985865204,0.0,0.0,0.0,0.0,0.0,0.0,0.0,0.0,0.0,0.0,0.0,0.0,0.0,0.0
2003-04-30,0.0,0.0,0.0024809569783520017,0.004413942903134806,0.02328916178111582,0.0,0.010761934843332283,0.008057054798141,0.028230228439159788,0.0,0.0,0.0,0.018600688706088272,0.01938338534308317,0.015065797449128176,0.0,0.028383117559215406,0.0,0.0647572785620932,0.0,0.0,0.0,0.0,0.0068193383455861165,0.0,0.0,0.0,0.023975901596064577,0.023420011448450243,0.08944592275983702,0.0,0.006334188250872324,0.0,0.013880195598207412,0.009108221903643843,0.0,0.0,0.10165863196222943,0.0,0.0,0.0459644535497109,0.0,0.0,0.0,0.0,0.014342532970212185,0.0,0.0,0.0,0.0029715731459338444,0.0,0.006116069562909412,0.0,0.0,0.09747237477869318,0.04178235245099683,0.03746335771841597,0.009896914351303009,1.2910807375092238e-09,0.0,0.0,0.02386977915699872,0.02189448167669982,0.02510176817344466,0.0,0.0,0.0,0.007930346194892792,0.017436399000662146,0.0,0.018046741707753392,0.04166250766122027,0.015301868176463371,0.0,0.0,0.0,0.0,0.0,0.0,0.0,0.0,0.041782365773594156,0.0,0.013258130769480894,0.0,0.0012171573690954824,0.0,0.0,0.0,0.0,0.0,0.0,0.0,0.0,0.0,0.0,0.018422865292703157,0.0
2003-05-31,0.005863414448431996,0.0,0.006212712335430267,0.007685460446032146,0.020836376107926474,0.0,0.0069506371355396715,0.02505181468972415,0.026573648651131813,0.0,0.0,0.0,0.026443409399314288,0.020789011394902614,0.011918176556837985,0.0,0.020626928520381976,0.0,0.14613903020574234,0.0,0.0,0.0,1.1014414300507457e-09,0.008921786009603591,0.0,0.0,0.011123464827579428,0.030762199785292203,0.018879998835319274,0.07204684953949408,0.0,0.02674170965388574,0.0,0.034987461618881756,0.010170120931719139,0.0,0.0,0.12168961672065823,0.0,0.0,0.0375493153454209,0.0,0.0,0.0,0.009054379614843308,0.02605732956241878,0.0,0.0,0.005182529392856774,0.002644433276229404,0.0,0.0,0.0,0.0,0.02646954147919806,0.0,0.009252275387904288,0.0,0.0,0.0,0.0,0.0,0.0006663995346129771,0.0,0.0,0.0,0.0,0.003836887948325147,0.03282694378031972,0.0,0.02037145015797541,0.03289567898276823,0.014590586081196703,0.0,0.0,0.0,0.0,0.0,0.0,0.0,0.0,0.059397793851122156,0.0,0.022735433434200984,0.003255499566922328,0.01960363487963065,0.0,0.0,0.0,0.0,0.0,0.0,0.0,0.0,0.0,0.0,0.013196058808783745,0.0
2003-06-30,0.0,0.0,0.0,0.00782300472213812,0.014388122765077994,0.0,0.004698261985903574,0.018322700775863836,0.020217692210150004,0.0,0.0,0.0,0.01989865317828107,0.013516940393937528,0.0028182866681051005,0.0,0.009112480575105938,0.005004433219382903,0.1870926344110117,0.0,0.0,0.0,0.0,0.002477576981539544,0.03259249931955309,0.0,0.0,0.020043386277368635,0.013579397057584085,0.10786130139093199,0.0,0.0470802989337385,0.0,0.022091456992555228,1.0139996736797603e-09,0.0,0.0,0.0765323446005856,0.0,0.0047159480772110025,0.05233352373196867,0.0,0.014413219672668807,0.00632976448628079,0.018384554632787976,0.028725639331164784,0.0,0.0,0.026754568147594585,0.01192222750210764,0.0,0.0,0.0,0.0,0.048989924423056816,0.0005884598177354615,0.016868897607264278,0.0,0.003761148584869665,0.0,0.0,0.0,0.0,0.0,0.0,0.0,0.0,0.022558960426850554,0.00768212131042513,0.0,0.01094376322277497,0.021517543483903674,0.012667762363346359,0.0,0.0,0.0,0.0,0.0,0.0,0.0,0.0,0.04442296459103936,0.0,0.005213094806181604,0.0,0.0,0.0,0.0,0.0,0.0,0.0,0.0,0.0,0.0,0.0,0.0,0.01605444030795385,0.0
2003-07-31,0.0,0.0,0.0,0.006389940496777768,0.010179586291143959,0.0,0.010524091365702258,0.013433183529168065,0.01361769599919534,0.0,0.0,0.0,0.01617537177838139,0.008279722310652018,0.0010871977353835635,0.0,0.012425317710324898,0.029085598135086484,0.13924471128471547,0.0,0.0,0.0,0.0,0.0,0.10485496736072641,0.0,0.0,0.012052347428488156,0.011476879642538667,0.2,0.0,0.003458369542543366,0.0,0.012917671859495501,0.0,0.0,0.0,0.03622301842627117,0.0,6.627579950614855e-10,0.043828902438333206,0.00961540547942771,0.009641798587086234,0.000673994872596375,0.005878048433646493,0.014988783126899125,0.0,0.0,0.011104383354861053,0.013888102169816993,0.0,0.0,0.0,0.0,0.048530357054281256,0.014556673457586478,0.03161922530684126,0.008958380236163728,0.009022314562969003,0.0,0.0,0.0018603450019097053,0.01569730077456799,0.0,0.0,0.0,0.0,0.03211692163737507,0.0,0.0,0.0,0.0017444099801319378,0.009487717353890618,0.0,0.0,0.0,0.0,0.0,0.0,0.0,0.0,0.0309388259107794,0.0,0.0025360229145798647,0.0,0.0,0.0,0.0,0.0,0.0,0.0,0.0,0.0,0.0,0.0,0.0,0.04188641578690417,0.0
2003-08-31,0.0,0.0,0.0,0.002251477596314813,0.00393000222676763,0.0,0.0,0.0033493241544222717,0.00805995349321254,0.0,0.0,0.0,0.008061982096181999,0.005199977980049673,0.0,0.0,0.011125775097788481,0.019606753571746616,0.12962240078994536,0.0,0.0,0.0,0.0,0.0024404015541788834,0.07312681299251361,0.0,0.0021754399689505894,0.015962199768813006,0.014309268658009825,0.2,0.0,0.0,0.0,0.025488588761895338,0.0032237193330971583,0.0,0.0,0.04679059598528224,0.0,0.0,0.03315110871901938,0.005651491190896769,0.0,0.010819836339999743,0.0,0.0011752652868459858,0.0,0.0,0.0,0.014810414689003985,0.0,0.0,0.0,0.0,0.03407984495157394,8.14383679283491e-10,0.0299211302158002,0.0,0.0,0.0,0.0,0.013423999084751826,0.029385428035485675,0.0,0.0,0.0,0.0,0.045442053529748616,0.0129501125720788,0.018888461485201808,0.009685103010865073,0.01987524139451335,0.02750686767686133,0.0032328711109515847,0.0,0.0,0.0,0.012909067900703992,0.0,0.0,0.0,0.04462896670923283,0.0,0.006550753073785733,0.0,0.010725895952547323,0.0,0.0,0.0,0.0,0.0,0.0,0.0,0.0,0.0,0.0,0.04046141222657865,0.0
2003-09-30,0.0,0.0,0.000404070513262229,0.0,7.483202786414283e-05,0.0,0.0,0.0013178068145006158,0.0,0.0,0.0,0.0,0.0008673902584643219,5.375716357756221e-10,0.0,0.0,0.0019856493847907725,0.04924310369038722,0.0927420231682434,0.0,0.0,0.0,0.0,0.00028383817302183635,0.15261187545296487,0.0,0.0,0.004746842059255899,0.0047375681951378305,0.2,0.0,0.0,0.0,0.009618335598640365,0.014248210310183551,0.0,0.0,0.012308960107555379,0.0,0.0037455668802279622,0.0359032075596131,0.0,0.0,0.009298600028626265,0.0,0.0,0.0,0.0,0.0,0.010490265186877935,0.0,0.0,0.0,0.0,0.0026588944680226052,0.0,0.012094830924947758,0.0,0.0,0.0,0.0,0.02557051016127944,0.03426665314731754,0.040551914073466255,0.0,0.0,0.0,0.05421294751453192,0.0020630382799153055,0.012791834484120546,0.0085660470566347,0.01414457842101298,0.02794984661831916,0.015061234909554994,0.004822327992400908,0.0,0.007302633947857432,0.0,0.0,0.02170529353887024,0.0,0.05535474012767338,0.0,0.0012439237570658131,0.0,0.0036750793592398886,0.0,0.0,0.0,0.0,0.0,0.0,0.0,0.008827788304914555,0.0,0.0,0.04250773696566536,0.0
2003-10-31,0.0,0.0,0.0,0.0,0.0025378706755543544,0.0,0.0,0.0,0.006132725616059756,0.0,0.0,0.0,0.0020187251422923154,0.01341362155921955,0.002501196398917058,0.0,0.008907352571840695,0.027536596734478083,0.10009877693181674,0.0,0.0,0.0,0.0,0.003787660314980559,0.17840275852761353,0.0,0.0,0.006636987594310204,0.0041112772988598795,0.2,0.0,0.002596675492826332,0.0,0.006738700493963811,0.0,0.0,0.0,0.009635765374003447,0.0,0.00025565879302058445,0.014534363736614656,0.0,0.0,0.0,0.0,0.0,0.0,0.0,0.0,0.01710850813306008,0.0,0.0,0.0,0.0,0.0,0.013278245085386775,0.015542854987682915,0.0,0.0045601541920464814,0.0,0.0,0.024321312729484762,0.010508971267745044,0.04799159151311177,0.0,0.0,0.0,0.07043087463437414,0.018569359164719097,0.012042835350174273,0.0014516806662888079,0.007176184379553784,0.02018333949608166,0.0,0.02169992254457192,0.0021305599667464695,0.0,0.0,0.0,0.038344751693640926,0.0,0.05314284403655603,0.0,0.0,0.0,0.0040373895965705115,0.0,0.0,0.0,0.0,0.0,0.0,0.0,0.00461484909486434,4.6498206768593484e-10,0.005331876277566892,0.017685181468419697,0.0
2003-11-30,0.0,0.0,4.32559230883013e-10,0.0,0.003243231124392126,0.0,0.0,0.0,0.0058099174722930115,0.0,0.0,0.0,0.001931860011930392,0.01758999202812638,0.008402319631568688,0.0,0.00899648927277742,0.026429812333751048,0.09121785880773645,0.0,0.0,0.0,0.0,0.005322251648248772,0.11222705815079626,0.0,0.0,0.01123054729164588,0.010641354094602479,0.2,0.0,0.003041764772490924,0.0,0.0072039832197407245,0.0048775851627291915,0.0,0.0,0.0,0.0,0.0,0.0,0.0,0.0,0.0,0.0,0.0,0.0,0.0,0.0,0.027959861199184605,0.0,0.0,0.0,0.0,0.0,0.01595968147814652,0.011890847980643547,0.0,0.005784295089255459,0.0,0.0,0.030998099663781878,0.014343971495045144,0.04796660032071534,0.0,0.0,0.0,0.055982673871094006,0.033673732542612425,0.02913272306286905,0.001339995001040686,0.009559531337723793,0.023605906955692646,0.0011780972256389176,0.03959843554893275,0.009187708997099302,0.0,0.0033995827199976483,0.002034224268678151,0.029590214929954783,0.0,0.054409381670853685,0.0,0.0,0.0,5.488603049330985e-05,0.0,0.0,0.0,0.0,0.0,0.0,0.0,0.0,0.0,0.003749243794763377,0.030434279360394036,0.0
2003-12-31,0.0,0.0,0.0,0.0,0.003742280897615793,0.0,0.0,0.0,0.004220288818082496,0.0,0.0,0.0,0.0,0.012221215800628724,0.008715462404261933,0.0,0.007974876801682223,0.0209679952040657,0.08062233341294509,0.0,0.0,0.0,0.0,0.0021320736239702127,0.09543747718822086,0.0,0.0,0.013733821457624133,0.01495206488545798,0.14427536648436012,0.0,0.0014625303088077295,0.0,0.006131300875302224,0.0,0.0,0.0,4.2225910823155554e-10,0.0,0.0,0.001860415466914359,0.0,0.0,0.0,0.0,0.0,0.0,0.0,0.0,0.018283431016832857,0.0,0.0,0.0,0.0,0.0,0.0,0.009402336812028452,0.0,0.0,0.0,0.0,0.01919320085973079,0.009911023970282958,0.06191279527929156,0.0,0.0,0.0,0.05874083445148147,0.062106758381978884,0.021945484515680146,0.0022134431904750566,0.009778681341809786,0.015096382112900937,0.010331137408522038,0.0425859825425141,0.030102670343766548,0.006144613574249582,0.018262050460071847,0.008324709860552183,0.04084587400549312,0.006175342958567065,0.07946693242999132,0.0,0.001040244075811126,0.0,0.003159910635718917,0.0,0.0,0.0,0.0,0.0,0.0,0.0,0.0,0.0,0.0077888943812220125,0.0387377613388285,0.0
2004-01-31,0.0,0.0,3.449263605465298e-10,0.0,0.0029981958428834466,0.0,0.0,0.0,0.0,0.0,0.0,0.0,0.0,0.008207871505192829,0.002782595195420664,0.0,0.004709948829646447,0.02452786606440747,0.057045938530261436,0.0,0.0,0.0,3.255121423108389e-05,0.004479644055454014,0.05676058233123454,0.0,0.0,0.0038250280118456007,0.0054801011445573915,0.2,0.0,0.0,0.0,0.0,0.0,0.0,0.0,0.0,0.0,0.002458172349097943,0.00044185915149569984,0.0,0.0,0.0,0.0,0.0,0.0,0.0,0.0,0.009773234010330166,0.0,0.0,0.0,0.0,0.0,0.0,0.0,0.0,0.0,0.0,0.0,0.01513701089510278,0.016858576312651002,0.06233423033485261,0.0,0.0,0.0,0.029849295272301724,0.05768677284696444,0.025413012698543586,0.005431559312605396,0.012644908771819617,0.02814119723761263,0.019532552165084746,0.05339209057840164,0.03734322889534737,0.0008105921889013652,0.011223469762342383,0.012912928366087928,0.046322625258438305,0.05603314603916729,0.06702725754190905,0.0,0.0006092478454430916,0.0,0.0029768411821534304,0.0,0.0,0.0,0.01049515446426149,0.0,0.0,0.0,0.0,0.0010442436828427383,0.008164726368148042,0.03509174339803235,0.0
2004-02-29,0.0,0.0006682070256433697,0.0,0.0,0.0052977379670769405,0.0,0.0,0.0,0.0,0.0,0.0,0.0,0.0,0.0019643054374407676,0.000862266926183445,0.0,0.0013541057525389517,0.03468600605362587,0.04678838100236701,0.0,0.0,0.0,0.0006141047549099024,0.004428188287372322,0.04584547001447837,0.0,0.0,0.002728950925619523,0.0008090540779895482,0.2,0.0,0.0,0.0,0.0,3.498706170881834e-10,0.0,0.0,0.0,0.0,0.004188036600832648,0.005381043511993714,0.0,0.0,0.0,0.0,0.0,0.0,0.0,0.0,0.005748682236313463,0.0,0.0,0.0,0.0,0.0,0.0,0.0,0.0,0.0,0.0,0.0,0.03020104939820767,0.021210498207733627,0.07597496279845005,0.0,0.0,0.0,0.029123438911489892,0.05285294178854303,0.018175412069125815,0.00046751170007608867,0.006655034282330163,0.020092114776835382,0.011487658699078739,0.08774544110179701,0.025832443145778677,0.00033527904203269456,0.017170173319011064,0.014961050156136519,0.044581658155635744,0.06504259343320641,0.04314773210080358,0.0,0.0,0.0,0.008164864640929102,0.0,0.0,0.0,0.029182743006983137,0.0,0.0,0.0,0.0,0.00579431786733409,0.011358581366589699,0.019077959107635305,0.0
2004-03-31,0.0,2.7056499446379983e-10,0.0,0.0,0.002562162655978537,0.0,0.0,0.0,0.0,0.0,0.0,0.0,0.0,0.005680383518510686,0.002124972099694393,0.0,0.0008640322484496578,0.01971559333571765,0.02410289298669082,0.0,0.0,0.0,0.0021496464064053394,0.006056845097396481,0.017716854071837086,0.0,0.0,0.001059549044136703,0.0,0.2,0.0,0.0,0.0,0.0,0.0012159844706673161,0.0,0.0,0.0,0.0,0.008150016539486658,0.003961542870579763,0.0,0.0,0.0,0.0,0.0,0.0,0.0,0.0,0.006689264858265856,0.0,0.0,0.0,0.0,0.0,0.0,0.0010229722046789231,0.0,0.0,0.0,0.0,0.03995540176966841,0.02457504245786194,0.09743843077539074,0.0,0.0,0.0,0.030328852217850547,0.03345366108552555,0.029714440567066593,0.0017184969845287935,0.009230510604136556,0.022568255247403014,0.015020518290120223,0.07821049926090363,0.04739214444285408,0.006705291322267369,0.017611009983330216,0.01836908896313117,0.05411125478156592,0.08318519934928204,0.031107238821223494,0.0,0.0,0.0,0.005436491669448741,0.0,0.0,0.0,0.026201807269996998,0.0,0.0,0.0,0.0,0.004954266776016188,0.010571833346769737,0.009067551334597232,0.0
2004-04-30,0.0,0.0005011934371790775,0.0,0.0,0.004724087515293802,0.0,0.0,0.0,0.00249043867155058,0.0,0.0,0.0,0.0,0.008014257420614608,0.007628125763740239,0.0,0.002523884924316617,0.015530751898805262,0.02105674237090929,0.0,0.0,0.0,0.00024863871419670094,0.006781405263261882,0.0,0.0,0.0,0.0,0.0,0.2,0.0,0.0,0.0,0.0,0.0066823085114173335,0.0,0.0,0.0,0.0,0.0034197022281463314,0.00036143440939585944,0.0,0.0,3.149836873620483e-10,0.0,0.0,0.0,0.0,0.0,0.009366991938176089,0.0,0.0017987039305069463,0.0,0.0,0.0,0.0,0.00309057512655201,0.0018805278408279829,0.0,0.0,0.0,0.0441399886636227,0.025590078216265622,0.11808571214517889,0.0,0.0,0.0,0.026663594941464277,0.038345677963504965,0.03733880325958199,0.0,0.009031464136216546,0.018427520734188924,0.003119834199232297,0.08867634315915929,0.06925744135210536,0.0029025148775923665,0.019214118525710016,0.020538292460211566,0.03534329159687468,0.04950945608185724,0.04274730697251868,0.0,0.0,0.0,0.0,0.0,0.0,0.0,0.029195716697959145,0.004743692286361766,0.0,0.0,0.0,0.0,0.0048363973113014535,0.016192984139218047,0.0
2004-05-31,0.0,0.0030440160541744515,0.0042268424709442955,0.0,0.008756502252679155,0.0,0.0,0.002911322525552872,0.0005803430083596423,0.0,0.0,0.0,0.0,0.008883195335375946,0.002091249532798777,0.0,0.0034284637430424705,0.0176238721366967,0.026687287130760018,0.0,0.0,0.0017434433350738616,0.0,0.009261129721458386,0.0021051166342776428,0.0,0.0,0.0,0.0,0.2,0.0,0.0,0.0,0.0,0.0227815341627954,0.0,0.0,0.0,0.0,0.0,0.00033675711997131785,0.0,0.0,0.0,0.0,0.0,0.0,0.0,0.0,5.100476802150876e-10,0.0,0.0,0.0,0.0,0.0,0.0,0.0,0.0,0.0,0.034752161189220164,0.0,0.03732452557239337,0.00598572953183394,0.11429527538689532,0.0,0.0,0.0,0.00741450728301952,0.030350873463055195,0.036792077776040835,0.0,0.010509832347933696,0.016121952409452706,6.671895997507954e-05,0.0796628022346731,0.09543235835817811,0.0,0.027078888283448056,0.02364358331617003,0.027057223288665236,0.016278531952498232,0.058168735405609996,0.0,0.0,0.0,0.0014885872953779543,0.0,0.0,0.0,0.04061558142312632,0.009141778992992622,0.0,0.0,0.0,0.000882930331932217,0.0007096308556968848,0.011764638667802706,0.0
2004-06-30,0.0,0.000981390284518243,0.005002753187875886,0.00022257305002057205,0.0034027735570143092,0.0,0.0,0.0031949467660829546,0.0,0.0,0.0,0.0,0.0,0.0019284873279048543,0.0,0.0,5.204045480964538e-10,0.006877362526250797,0.01840929934215191,0.0,0.0,0.0015847635225764802,0.00018951089560641568,0.012170986058747465,0.012157006308807708,0.0,0.0,0.0,0.0,0.1075658698669585,0.0,0.0,0.0,0.0,0.029088990322576787,0.0,0.0,0.0,0.0,0.0,0.000102863209116648,0.0,0.0,0.00011991562243071589,0.0,0.0,0.0,0.0,0.0,0.0,0.0,0.0,0.0,0.0,0.0,0.0,0.0,0.0,0.0,0.035573272500189504,0.0,0.033021943842547,0.013288412158607649,0.10903358963734847,0.0,0.0,0.0,0.006036469233261553,0.04363659955990606,0.03908285070839725,0.0021196249572331535,0.012348897362122547,0.026278600775823367,0.0,0.10569775202592711,0.07014842676730663,0.004393936599106195,0.030052740565251344,0.026198884496588835,0.03621841665851765,0.03013343461279627,0.09547599519392641,0.0,0.0,0.0,0.0023373155480802274,0.0,0.0,0.0,0.026739512872689077,0.030249322692300625,0.0,0.0,0.0,0.0,0.0008989004818788633,0.01803560838114937,0.0
2004-07-31,0.0,0.0001963814620179831,0.007207603986499535,0.01028402249262407,0.00898396201013094,0.0,0.002715088221184231,0.01840636070961141,0.0033066207914067914,0.0,0.0,0.0,0.0,0.013214573636458293,0.0035546735177398453,0.0,0.003187271514727667,0.006759994461117787,0.01443837721015226,0.0,0.0,0.0,5.241891620613614e-10,0.006009314345865425,0.027926707970018325,0.0,0.0,0.0,0.0,0.15133027583550127,0.0,0.0,0.0,0.0,0.036569504101463673,0.0,0.0,0.0005308408143566601,0.0,0.0041793437045219714,0.002185064488922512,0.0,0.018997803832841425,0.0,0.0,0.0,0.0,0.004860995183408203,0.0,0.0,0.0,0.0,0.0,0.0,0.0,0.0,0.0,0.0,0.0,0.011261617652068961,0.0,0.006737798737340708,0.0,0.036759315335497714,0.0,0.0,0.0,0.0,0.06612790686443779,0.036195941945033394,0.0,0.0012549616546079663,0.003969711099524833,0.0,0.07399394141325162,0.07933321579635869,0.012029067112143988,0.02867501871523727,0.02416786076017922,0.02790452668811453,0.057764402783528394,0.11016955057442389,0.0,0.0,0.0,0.0,0.0,0.0,0.0,0.02383876232037531,0.025623141796228835,0.0,0.0,0.0,0.0,0.0,0.029348477936887604,0.0
2004-08-31,0.0,0.0031233902629661087,0.008573715486284123,0.0117988944284906,0.010039177732984883,0.0,0.0032808428496714924,0.018914779914370735,0.0036567765003241042,0.0,0.0,0.0,0.0,0.02401900268137218,0.015167600308841088,0.0,0.005727455959247642,0.0042131368456435475,0.026167567006866656,0.0,0.0,0.005369840209000009,0.000886509145946925,0.008290027942434261,0.002439060326748415,0.0,0.0,0.0,0.0,0.0994451115257242,0.0,0.0,0.0,0.0,0.03424142209714921,0.0,0.0,0.018591977238223967,0.0,0.001208371415940148,0.0026144113435554316,0.0,0.022900694962986665,0.0,0.0,0.0,0.0,5.475113284226341e-10,0.0,0.0,0.0,0.0,0.0,0.0,0.0,0.0,0.0,0.0,0.0,0.0033271940294318483,0.0,0.0006507949446462687,0.0,0.0,0.0,0.0,0.0,0.0,0.058511306184980905,0.030724969016094568,0.0,0.0015970775156249476,0.010142074757800924,0.0,0.06875858522670364,0.06791302069832214,0.019716769162600692,0.040589774678440056,0.02439566863398779,0.04342934302972045,0.07927507806848849,0.1443276507510901,0.0,0.0,0.0,0.0,0.0,0.0,0.0,0.026043008638387766,0.025057323266957608,0.0,0.0,0.0,0.0,0.0,0.024870594664438053,0.0
2004-09-30,0.0,0.00604737265383628,0.00510766928855644,0.004904041786785709,0.010318877791223159,0.0,0.002838109703174096,0.013867761076118324,5.226007527372591e-10,0.0,0.0,0.0,0.0,0.015604139434641838,0.011533070810204887,0.0,0.0,0.00711675505951081,0.01466562561396375,0.0,0.0,0.001275354397517492,0.0020592600118273705,0.009388220620869338,0.0,0.0,0.0,0.0,0.0,0.0828423543232583,0.0,0.0,0.0,0.0,0.023279237145544474,0.0,0.0,0.019661528701217342,0.0,0.0,0.0,0.0026488372816620485,0.01838607974650965,0.0071962585560301955,0.0,0.0,0.0,0.012171461315463341,0.0,0.0,0.0,0.0,0.0,0.0,0.0,0.0,0.0,0.0,0.0,0.008742884330713548,0.0,0.012671390080685786,0.0,0.0,0.0,0.0,0.0,0.0,0.04278951254315341,0.027966183157553642,0.0,0.002492898765922524,0.00806150449461607,0.0,0.05304891725108556,0.0685103323115902,0.0222938835405025,0.04025392532726995,0.022235714394498805,0.041370967467346746,0.08493132168459147,0.16825943413325492,0.0,0.0015264459740070816,0.0,0.0027327401069512703,0.0,0.0,0.0,0.028118590297977007,0.06220345081414037,0.0,0.0,0.0,0.0,0.0,0.03087788748362347,0.0
2004-10-31,9.028800616876465e-05,0.007642983194575053,0.006629493703636257,0.011650455660935883,0.014747638635645524,0.0,0.006469670445486832,0.02242935227576799,0.004871601295840314,0.0,0.0,0.0,0.00036111473548262776,0.029584359024733886,0.00986208321968382,0.0,0.0,0.016139715488971234,5.442460717529674e-10,0.0,0.0,0.002826132685223791,0.0,0.012900389703635063,0.0,0.0,0.0,0.0,0.0,0.09177034405279211,0.0,0.0,0.0,0.0,0.029534328606472218,0.0,0.0,0.03944636106532276,0.0,0.005334077627072248,0.004483959680624534,0.011295564453945655,0.02009995650325409,0.016846537879756655,0.0,0.0,0.0,0.02050404288061707,0.0,0.0,0.0,0.0,0.0,0.0,0.0,0.0,0.0,0.0,0.0,0.0,0.0,0.014287905763441683,0.0,0.00023720042857659578,0.0,0.0,0.0,0.0,0.0301923836280523,0.015050931416305053,0.0,0.0,0.007616149027539829,0.0,0.018008146575082158,0.07303017384743182,0.01817535228910798,0.03964651420031769,0.002159817300987192,0.027895631111375985,0.05881803152511714,0.2,0.0,0.0,0.0,0.0,0.0,0.0,0.0,0.020693122011344555,0.06171922200566099,0.0,0.0,0.0,0.0,0.0,0.026948967499768717,0.0
2004-11-30,0.003194847112742983,0.007138963292816338,0.011708252449300186,0.016242390558928413,0.014074356921780232,0.0,0.010836513247112767,0.016453618169435063,0.005385923059547759,0.0,0.0,0.0,0.001508938174678889,0.03570317534265339,0.01270734060895158,0.0,0.009229012772863462,0.013864450528113137,0.0,0.0,0.0,0.0040344331598495655,6.256982085233917e-10,0.010246043323959175,0.00028607903071426393,0.0,0.004533245304426773,0.0,0.0,0.17773823748728435,0.0,0.0,0.0,0.0,0.04213216706675965,0.0,0.0,0.03400309787009651,0.0,0.0015551476193079788,0.01702351276498205,0.01023749912364268,0.026149675495737885,0.0054080497697032645,0.0,0.000491618901449704,0.0,0.04661887898815581,0.0,0.0,0.0,0.0,0.0,0.0,0.0,0.0,0.0,0.0,0.0,0.0,0.0,0.0,0.0,0.0,0.0,0.0,0.0,0.0,0.0,0.03363388480803113,0.0,0.0,0.010505844408677953,0.0,0.0037432438963900493,0.03469190426191897,0.011912184658789314,0.02074873488352961,0.0,0.028158875284606606,0.04638838484264863,0.2,0.0,0.0,0.0,0.0,0.0,0.0,0.0,0.008161902739161618,0.04596539308814543,0.0,0.0,0.0,0.0,0.0,0.017584178357408498,0.0
2004-12-31,0.0,0.0011934732212413,0.0074708031460415,0.019015469051137168,0.009082206671534672,0.0,0.009273369094531234,0.020250882132114206,0.003115682398752515,0.0,0.0,0.0,0.009420013638147397,0.024718862088160803,0.006095272633337415,0.0,0.006394021334151638,0.005049933242586258,0.0004396969705213502,0.0,0.0,5.442756913007613e-10,0.0,0.00880590934418641,0.022791853473334667,0.0,0.0016491902545554655,0.0,0.0,0.19465352591394047,0.0,0.0,0.0,0.0,0.04101175322780629,0.0,0.0,0.042947635336046175,0.0,0.0,0.018062195270298172,0.006067119402075436,0.01826115497985627,0.006880790174496108,0.0,0.0,0.0,0.06624634862171791,0.0,0.0,0.0,0.0011896286345693548,0.0,0.0,0.0,0.0,0.0,0.0,0.0,0.01402123898873631,0.0,0.0,0.0,0.0,0.0,0.0,0.0,0.0,0.0,0.027054124488884425,0.0,0.002332385401066616,0.0019260793670515981,0.0,0.0034975948733384546,0.03390145525261993,0.03392184682922895,0.026484833746313333,0.0,0.03874743272524453,0.02184858386281412,0.18755596320150397,0.0,0.0,0.0,0.0,0.0,0.0,0.0,0.009162951364371145,0.025406843024442127,0.0,0.0,0.0,0.0,0.0,0.024051876074968632,0.0
2005-01-31,0.0007740340107745365,0.0,0.004156421345719306,0.01671562298657787,0.00444787670830601,0.0,0.006217471142767773,0.010017767735277065,0.002541362655099455,0.0,0.0,0.0,0.010869680742431805,0.028153237827500885,0.007619760537113569,0.0,0.005702593974305074,0.008371687928095397,0.0022616831309053365,0.0,0.0,0.0,0.0016921524759009824,0.01245193164669024,0.01867159697918407,0.0,0.000959945728539781,5.441113441043701e-10,0.004495733742674308,0.15492593754501605,0.0,0.0,0.0,0.0,0.024904647600161853,0.0,0.0,0.04101893326332946,0.0,0.0,0.0026606800728208486,0.0,0.005420876785084128,0.0019273532904000063,0.0,0.0,0.0,0.051543602793755375,0.0,0.0,0.0,0.0,0.0,0.0,0.0,0.0,0.0,0.0,0.0,0.009591925416443563,0.0,0.0,0.0,0.0,0.0,0.0,0.0,0.0,0.0,0.04328869588447799,0.0,0.008639559524125168,0.022156935078742647,0.0,0.0,0.058340254437965616,0.03305896459079056,0.022820741210570726,0.0043655958950911955,0.03656775243517989,0.05807603807076524,0.2,0.0,0.0,0.0,0.0,0.0,0.0,0.0,0.00760143055758451,0.009248852283991287,0.0,0.0,0.0,0.0,0.0,0.057720661421729075,0.0
2005-02-28,5.780671632893997e-10,0.0008965264911841952,0.007239105313985532,0.024857824869911192,0.005717141417718019,0.0,0.011321416135254609,0.017876834674369558,0.004843529201983545,0.0,0.0,0.0,0.0073327504968365865,0.021699242154637234,0.0,0.0,0.007248291231241913,0.007417830425205018,0.0073360035052081225,0.0,0.0,0.0,0.0,0.004612912179887232,0.031222154598884073,0.0,0.0029597722288092353,0.0,0.005956234632587096,0.18633171442856125,0.0,0.0025117488889503455,0.0,0.004217721733094733,0.028892163669687963,0.0,0.0,0.04933742376022896,0.0,0.0,0.003553584717191197,0.0,0.0,0.0,0.0024196826914974373,0.0,0.0,0.06138891847799728,0.0,0.0,0.0,0.0,0.0,0.0,0.0,0.0,0.0,0.0,0.0,0.016612459005013888,0.0,0.0,0.0,0.0,0.0,0.0,0.0,0.0,0.0043051131643408605,0.021334649787194106,0.0,0.006680748796298721,0.021874501243196533,0.0,0.0,0.05628106973963637,0.03241788980279704,0.018736596279492007,0.0,0.0323658816966327,0.03889582107003964,0.17599145002692945,0.0,0.0,5.2927185718476185e-05,0.0,0.0,0.0,0.0,0.0008361984944306684,0.012403172086529793,0.0,0.0,0.0,0.0,0.0,0.05402099311877039,0.0
2005-03-31,0.009462005462601763,0.004768768487306592,0.012656914828356541,0.030223401132608498,0.009169985959358732,0.0,0.012279263974017365,0.022873252491121567,0.005071510982702312,0.0,0.0,0.0,0.009682080781877673,0.03344205492921979,0.003689474167833397,0.0,0.013460343387305866,0.006752775880103523,0.01778187226543339,0.0,0.0027346793748847928,0.0,4.757274354711072e-10,0.008042963497657462,0.029450813465773187,0.0,0.0,0.0,0.0,0.13950025381826225,0.0,0.0,0.0,0.0,0.04929775011764634,0.0,0.0,0.04912373750613963,0.0,0.0,0.005022847280196317,0.0,0.011653110114534739,0.0,0.0026469024577021375,0.0027994432656895177,0.0,0.0477243135844434,0.0,0.0,0.0,0.0,0.0,0.0,0.0,0.0,0.0,0.0,0.0,0.004658398832964205,0.0,0.0,0.0,0.0,0.0,0.0,0.0,0.0,0.015795675496394355,0.03165042369292591,0.004103007974389414,0.014804918999417082,0.029657610850719072,0.0,0.0,0.0526698400365727,0.03264727271206801,0.02149218995173945,0.0,0.034040748799383735,0.033096580909792325,0.11698390528172266,0.0,0.0,0.0,0.0020238372708277154,0.0,0.0,0.0,0.0,0.0,0.0,0.0,0.0,0.0,0.0,0.06706506950257926,0.0
2005-04-30,0.0024238234326114205,0.0,0.007820527698993352,0.028595882083527903,0.007466237519687609,0.0,0.008923604731998361,0.008011705470325698,0.004127581113682517,0.0,0.0,0.0,0.020329368380551,0.03325626098442026,0.014833089960198586,0.0,0.018086728865576922,0.009135919800423912,4.742430418446982e-10,0.0,0.0,0.0,0.0,0.0012789727137618664,0.02173868634838581,0.0,0.006323386585939268,0.0,0.004334163343131739,0.13521525642661703,0.0,0.0,0.0,0.0,0.044306421773822734,0.0,0.0,0.041023677931190265,0.0,0.0,0.004308316215964476,0.0,0.013794608582771989,0.0,0.005027995935264085,0.00038769018241936336,0.0,0.019030890141246717,0.0,0.0,0.0,0.0,0.0,0.0,0.005773112377810744,0.0,0.0,0.0,0.0,0.031216545633998408,0.0,0.0,0.0,0.0,0.0,0.0,0.0,0.0,0.03294114460014952,0.05130519636326403,0.004951998540925627,0.016902900738529774,0.03549298699931757,0.0,0.0069487600329145105,0.08090460285070766,0.027518771229301534,0.0030163645751516066,0.0,0.03819455175942569,0.047767490463253494,0.07705245351291481,0.0,0.0,0.0,0.0,0.0,0.0,0.0,0.0,0.0,0.0,0.0,0.0,0.0,0.0,0.08023232362557912,0.0
2005-05-31,0.0025519917690443508,0.0,0.009962959194300595,0.031724725001444194,0.019118575321925946,0.0,0.015036651532608247,0.0,0.006639138655069831,0.0,0.0,0.0,0.021917935795039124,0.040805158336411705,0.017564047036210142,0.0,0.021783068219881057,0.023106002114352764,0.009809758937771326,0.0,0.0,0.0,0.0,0.0064817434648343,0.00907379274838864,0.0,0.006742533163880752,0.0,0.007942789550806626,0.15500015793908578,0.0,0.0009028758824993587,0.0,0.00429659316456239,0.051221503626705134,0.0,0.0,0.04550195905385784,0.0,0.0,0.009936390182613884,0.0003882115816736887,0.008795088416214972,0.0,0.01651751713645208,0.01756306202325583,0.0,0.019601508880817357,6.539823940581484e-10,0.0,0.0,0.0,0.0,0.0,0.004186007206874636,0.0,0.0,0.0,0.0,0.03903494979960271,0.0,0.0,0.0,0.0,0.0,0.0,0.0,0.0,0.03400368325508995,0.038098887072825854,0.0,0.012606599028027557,0.02318760645242947,0.0,0.0,0.07733652540987945,0.017658016751465222,0.0,0.0,0.034431475363905485,0.03842409146010847,0.03911326457889248,0.0,0.0,0.0,0.0,0.0,0.0,0.0,0.0,0.0,0.0,0.0,0.0,0.0,0.0,0.06193315423720848,0.0
2005-06-30,0.0031230770968113017,0.0,0.013897092921751989,0.03024365081020613,0.020020080098278905,0.0,0.010480425547347294,0.0,0.007656547359379315,0.0,0.0,0.0,0.025926221194505536,0.050440523562842426,0.02102353813162837,0.0,0.02001241262029346,0.03410118879018605,0.013309693119478614,0.0,0.0,0.0,0.0,0.014467233195067456,0.021807222205560382,0.0,0.01484000630180772,0.0013764223873135076,0.019391713847738887,0.12320257747516074,0.0,0.0029216366334680562,0.0,0.0071353881123566885,0.044119914625759926,0.0,0.0,0.05742454915651984,0.0,0.0,0.012883545615682366,0.0,0.012737736934712193,0.0,0.024980115677117592,0.0242373107711909,0.0,0.011730565109720533,0.0,0.0,0.0,0.0,0.0,0.0,7.056858146103006e-10,0.0,0.0,0.0,0.0,0.053030675540078676,0.0,0.0,0.0,0.0,0.0,0.0,0.0,0.0,0.0,0.03822960700045826,0.0,0.01495731399405226,0.04609476789980344,0.0,0.0,0.05946975204979226,0.010201960455449584,0.0,0.0,0.0246644103066076,0.0,0.031908081384456485,0.0,0.0,0.0,0.0,0.0,0.0,0.0,0.0026619730892952402,0.0,0.0,0.0,0.0,0.0026827825966241506,0.010562153425588649,0.06204613225022134,0.0
2005-07-31,0.0,0.0,0.012769762973240912,0.03177529566222391,0.019342374198691278,0.0,0.011725558443029933,0.0,0.007232160031795169,0.0,0.0,0.0,0.032275073718832974,0.05753399604739832,0.02260965650645064,0.0,0.02658287314612458,0.03832755500772628,0.014158133657569556,0.0,0.0034444637403487164,0.0,0.0,0.026334029460297666,0.01859082371943433,0.0,0.01984794648616128,0.00579541782936826,0.017875050042552586,0.12989766894253432,0.0,0.004686928602273045,0.0,0.00778770355516632,0.052415477817296705,0.0,0.0,0.06894388830656975,0.0,0.0,0.015346646495831704,0.00036027821135111923,0.008878148508604026,0.0,0.03672956374742016,0.015894192584931216,0.0,0.023520959022014103,0.0016226971221760219,0.0,0.0,0.0,0.0,0.0,0.010257654861184176,0.0,0.0,0.0,0.0,0.05701775999998551,0.0,0.0,0.0,0.0,0.0,0.0,0.0,0.0,0.0,0.03649239288741912,0.0,0.014107762382144748,0.025595403223094816,0.0,0.0,0.030561363233844313,0.0,0.0,0.0,0.0,0.0,0.005021535461030185,0.0,0.0,0.0,0.0,0.0,0.0,0.0,6.171167873155354e-10,0.0,0.0,0.0,0.0,0.007143289316528535,0.0201577409409451,0.061340773489291914,0.0
2005-08-31,0.0,0.0,0.019078417496844878,0.04071694604158827,0.01393993478658096,0.0,0.020283121479378132,0.007807975409030856,0.009445222565995342,0.0,0.0,0.0,0.035647686044742104,0.0652260186349939,0.021250101859028533,0.0,0.0252688748261474,0.022863152006433372,0.010948372950971843,0.0,0.0,0.0,0.0,0.022346108656429838,0.02352775478255768,0.0,0.009379250796018899,5.363989638252391e-10,0.006917553690978063,0.13778003156008128,0.0,0.0,0.0,0.007448006151069422,0.062021811907289455,0.0,0.0,0.050861598312274534,0.0,0.0001927238623447132,0.030862050612446998,0.00460326314051114,0.0207958517067824,0.0,0.04620342614918487,0.028985805091737767,0.0,0.031044534975432508,0.00648966660078803,0.0,0.0,0.0,0.0,0.0,0.0,0.0,0.0,0.0,0.0,0.023273697614855815,0.0,0.0,0.0,0.0,0.0,0.0,0.0,0.0,0.0,0.03303149250352244,0.0,0.013448600352637707,0.021052507413236693,0.0,0.0,0.04440292954936098,0.004004792259748958,0.0,0.0,0.0031661756167387888,0.010710864299894268,0.0,0.0,0.0,0.0,0.0,0.0,0.0,0.0,0.0,0.0,0.0,0.0,0.0,0.0071191992589880035,0.014484127752629144,0.04337035074432512,0.0
2005-09-30,0.0,0.0,0.01731457314204913,0.034831379573869926,0.010590556207158519,0.0,0.022409630483535725,0.007510599592706818,0.006887922126613225,0.0,0.0,0.0,0.04535081691369612,0.06469754149736527,0.030221307526413506,0.0,0.03713101216422448,0.02705185221598369,0.019200799980688663,0.0,5.504558300316753e-10,0.0,0.001126029408366566,0.02564771484590567,0.031094148105497675,0.0,0.0023398325414056248,5.2082565187096547e-05,0.008874051365446823,0.1453312153241888,0.0,0.0,0.0,0.003968610957633732,0.0748120876374804,0.0,0.0,0.050277901847473896,0.0,0.0,0.030178593456977456,0.002469854127436079,0.0353291340678107,0.0,0.042741659527508406,0.026442184730372277,0.0,0.03578808271907997,0.005656661566807881,0.0,0.0,0.0,0.0,0.0,0.005371609687811287,0.0,0.0,0.0,0.0,0.0,0.0,0.0,0.0,0.0,0.0,0.0,0.0,0.0,0.0,0.02626599616161402,0.0020561256071329895,0.011580134600607717,0.015241387758655613,0.0,0.0,0.025340667072687995,0.0,0.0,0.0,0.0,0.01175244008619408,0.0,0.0,0.0,0.0,0.0,0.0,0.0,0.0,0.0,0.0,0.0,0.0,0.0,0.006913343434346239,0.016965434700560996,0.03318502412104915,0.0
2005-10-31,0.0,0.0,0.014622138235037437,0.044671644220280096,0.007863055611454726,0.0,0.024172346901842497,0.02056209745052478,0.004341064436308322,0.0,0.0,0.0,0.051032578386967994,0.040050607476837585,0.019862649571411355,0.0,0.03150294341591623,0.03362189981296709,0.021132521826563645,0.0,0.0,0.0,0.0,0.019457563854561676,0.032606960030433944,0.0,0.0,0.0,0.006207481579203893,0.1012042930632415,0.0,0.0,0.0,0.0,0.06523997168321874,0.0,0.0,0.06433584223359311,0.0,0.0,0.02436506845056133,5.263159342416984e-10,0.028669041072695668,0.0,0.03820972906247683,0.02522143738923181,0.0,0.024753620514866487,0.002900271048793867,0.0,0.0,0.0,0.0,0.0,0.01503980741173301,0.0,0.0,0.0,0.0,0.009502864499728484,0.0,0.0,0.0,0.0,0.0,0.0,0.0,0.00018083509385989692,0.0016505950265791169,0.027319678511018547,0.00926285450715689,0.013756571349836247,0.03676229426036991,0.0,0.0,0.05276901040433435,0.0008486873378476631,0.0,0.007783064864411435,0.0,0.023925710196791104,0.0,0.0,0.0,0.0,0.0,0.0,0.0,0.0,0.0,0.0,0.0,0.0,0.0,0.005932826523140045,0.017933905939716853,0.030724466218170116,0.0
2005-11-30,0.0,0.0,0.022334921860191564,0.05145500274180173,0.01092485632103479,0.0,0.02222260164992622,0.018657903274131086,0.0,0.0,0.0,0.0,0.035197977097102685,0.059890899146058545,0.029391615088690256,0.0,0.020843161954945715,0.042191763985732024,0.024626602544746905,0.0,0.0,0.0,0.0,0.023216476457932577,0.012728000223647465,0.0,0.0,0.004058213383305301,0.008032530069921046,0.008960097430649657,0.0,0.0,0.0,0.0,0.08933568713480228,0.0,0.0,0.0728024647335679,0.0,0.016488166942613323,0.020055185364940425,0.003806884941175956,0.04421395635695353,0.0,0.04264285695428731,0.04314482211997794,0.0,0.026946048659085252,0.009830569841613904,0.0,0.0,0.0,0.0,0.0,0.009209114179816905,0.0,0.0,0.0,0.0,8.471259575451111e-10,0.0,0.0,0.0,0.0,0.0,0.0,0.0,0.011122554952627274,0.005184740009677437,0.014875958989005757,0.01064938975707271,0.009734573336856454,0.043871967481155266,0.0,0.0,0.04145165422287655,0.0,0.0,0.020065591246621793,0.0,0.009708103545766676,0.0,0.0,0.0,0.0,0.0,0.0,0.0,0.0,0.0,0.0,0.0,0.0,0.0,0.005761426764870828,0.032422895274835696,0.021942763112855326,0.0
2005-12-31,0.0,0.0,0.01202470566566649,0.06644137867222195,0.007647189919209916,0.0,0.023975095351347845,0.013248391384758102,0.0005720571239315311,0.0,0.0,0.0,0.024664295644145674,0.07708416084518299,0.029414073156345727,0.0,0.024926289163152426,0.03987352902059683,0.013611718758284522,0.0,0.0,0.0,0.0,0.0140356794872159,0.0036278792700380705,0.0,0.0,0.0,9.164892697425322e-10,0.0,0.0,0.0,0.0,0.0,0.07676468595608728,0.0,0.0,0.08282124643769653,0.0,0.013711992403820004,0.03171975847829493,0.005937933151974838,0.03902342074682393,0.0,0.038897899552459515,0.029608747264743787,0.0,0.06478490812996093,0.006691176406634717,0.0,0.0,0.0,0.0,0.0,0.013678413318645534,0.0,0.0,0.0009233382483806111,0.0,0.0034849423376566682,0.0,0.0,0.0,0.0,0.0,0.0,0.0,0.012772145833955825,0.020353922736051185,0.01739866525488283,0.009868569867375035,0.005450986094798451,0.023220578675745177,0.0,0.0,0.05116079476456274,0.000995373206776952,0.0,0.03432845779265741,0.0,0.02212252250730445,0.0,0.0,0.0,0.0,0.0,0.0,0.0,0.0,0.0,0.0,0.0,0.0,0.0,0.0,0.011601343073542353,0.031531733380581094,0.0
2006-01-31,0.0,0.0,0.0,0.054977254119314097,0.002416294192989701,0.0,0.016264654759811543,0.007023496644580658,0.0,0.0,0.0,0.0,0.01555340997619595,0.08088856679753473,0.05508632969422191,0.0,0.023891762954430826,0.03727023913097759,0.0,0.0,0.0,0.0,0.0,0.01861364530394128,0.0027905193708946965,0.0,0.0,9.010768573120792e-05,0.0,0.0,0.0,0.0,0.0,0.0,0.056136763150588104,0.0,0.0,0.05322107904856107,0.0,0.00702127485680384,0.014039854191558513,0.004737964231354381,0.029983016771109882,0.003333671193710116,0.025064096587107256,0.030280413997962986,0.0,0.08498624262465743,0.012405167499278351,0.0,0.0,0.01698136631851498,0.0,0.0,0.07106112980868123,0.003331485322643723,0.014744945717886144,0.021517195234974557,0.018634209328462905,0.04137021746554039,0.0,0.0,0.0,0.0,0.0,0.0,0.0,0.015533163990626066,0.020908295450566036,0.03887824038388009,0.011313920044555075,0.0,0.003768454145455293,0.0,0.0,8.916743340445156e-10,0.0,0.0,0.02156178139297665,0.0,0.013840025219249426,0.0,0.0,0.0,0.0,0.0,0.0,0.0,0.0,0.0,0.0,0.0,0.0,0.0,0.0,0.006728311317667129,0.04375143318332968,0.0
2006-02-28,0.0,0.0,0.0,0.03257313830518652,0.0018931809775984117,0.0,0.00548583352277538,6.865722149445764e-10,0.0,0.0,0.0,0.0,0.007852492625937098,0.055292178599828816,0.0461456762035347,0.0,0.005119254746120631,0.04158105097281041,0.0,0.0,0.0,0.0,0.0,0.014452088997808931,0.0,0.0,0.0,0.0,0.0,0.0,0.0,0.0,0.0,0.0,0.025623074504903295,0.0,0.0,0.03993049949293077,0.0,0.021692616302180008,0.030393679331666635,0.018067521312903012,0.02003466090788939,0.00784949271368915,0.039865252880916024,0.008725344505593554,0.0,0.10187695980895493,0.0020284317801316384,3.434950642267831e-05,0.0,0.021432022732328377,0.0,0.0,0.05835100118501597,0.02416670957157316,0.022451329438435096,0.0546194040170135,0.039611843377811935,0.07952850206308755,0.0,0.0031170192770016035,0.0,0.0,0.0,0.0,0.0,0.016424797020594527,0.00898729147602902,0.023100913161915794,0.0053261020335430564,0.0,0.008827037473900902,0.0,0.0,0.0,6.529140512212486e-05,0.0,0.025236581466253242,0.0,0.051009341558427436,0.0,0.0,0.0,0.0,0.0,0.0,0.0,0.0,0.0,0.0,0.0,0.0,0.0,0.0,0.006757110554023051,0.024470923501569496,0.0
2006-03-31,0.0,0.0,0.0,0.007914690730281134,0.0019133574103507242,0.0,0.0,0.0,0.0,0.0,0.0,0.0,0.0,0.04633889690211428,0.041875250847207675,0.0,4.93170472749328e-05,0.054194754751156635,0.0,0.0,0.0,0.0,0.0,0.02067301224448195,0.0,0.0,0.0,7.104721346224978e-10,0.0,0.0,0.0,0.0,0.0,0.0,0.014239288657357279,0.0,0.0,0.023859134470483764,0.0,0.026457687721162894,0.022143016679936737,0.018856972067650146,0.002032100215310951,0.00988033859049834,0.027856263783202453,0.0,0.0,0.05923045917909028,0.0,0.0,0.0,0.0347564409847673,0.0,0.0,0.0323066107353865,0.018351174235403826,0.015173285881821279,0.036841643621666004,0.04763829520752629,0.09515648236954158,0.0,0.008636302782183561,0.0,0.016660497604663208,0.0,0.0,0.0,0.0043033128763445335,0.02502853087085418,0.028947939479940944,0.0170074414770974,0.0010523423710017182,0.017307632033951616,0.0,0.0,0.0,0.01798532782782742,0.005215679918623907,0.05658885839851783,0.01027310548780874,0.059399518324136064,0.0,0.0,0.0,0.0,0.0,0.0,0.0,0.0,0.0,0.0,0.0,0.0,0.0,0.009994995005049143,0.0348057686398579,0.02905427185799674,0.0
2006-04-30,0.0,0.0,0.0,0.0,0.0,0.0,0.0,0.005669969624312103,0.0,0.0,0.0,0.0,0.0,0.04200207116279666,0.033124593300715995,0.0,5.935893399325272e-10,0.03483059956777868,0.0,0.0,0.0,0.0,0.0,0.010066752184163558,0.0,0.0,0.0,0.0,0.0,0.0,0.0,0.0,0.0,0.0,0.012709418766612935,0.0,0.0,0.037945222798128106,0.0,0.019527459571855785,0.013817318672859534,0.0014595619093720857,0.004417300715983734,0.008885230622919226,0.01711051044694531,0.0,0.0,0.04965336380664613,0.0,0.0,0.0,0.04625239629312094,0.0,0.0,0.023350308174328673,0.029912180023904004,0.010647941392418167,0.05898049561998707,0.04050283110347524,0.06978793658315854,0.0,0.018534341065683295,0.0,0.0346600703086251,0.0,0.0,0.0,0.01597750455387651,0.015241745458906122,0.028698796183269686,0.014770187244807897,0.003128897607349087,0.017428351444466292,0.0,0.016787763601484703,0.0,0.03367628391521217,0.033993051422736925,0.057466320218027195,0.011010872994795782,0.07230001179641912,0.003617969662241706,0.0,0.0,0.0,0.0,0.0,0.0,0.0,0.0,0.0,0.0,0.0,0.0,0.007401880182816172,0.025592084904740776,0.019060404499469618,0.0
2006-05-31,0.0,0.0,0.0,0.0,0.0,0.0,0.0,0.002453587463173695,0.0,0.0,0.0,0.0,0.0,0.025373829972765615,0.030490396420536876,0.0,0.0012451682515572766,0.030286193423965185,0.0,0.0,0.0,0.0,0.0,0.015565492031112106,0.0,0.0,0.0,0.0,0.0,0.0,0.0,0.0,0.0,0.0,0.01707095351318957,0.0,0.0,0.023513418066233575,0.0,0.023929176438717278,0.014625372273712366,0.010965618734491828,0.00047893954312143124,0.009560971003353893,0.010997273381896454,0.0,0.0,0.06003635127049069,0.0,0.002530512064363408,0.0,0.07328262834697924,0.0,0.0,0.020494584639922837,0.035725472899648815,0.003891662153746589,0.03101913417504146,0.03695596687479989,0.07742267845730398,0.0,0.009815384192464468,0.0,0.026416450731452684,0.0,0.0,0.0,0.01868402575260118,0.03661629345470598,0.0276705491102506,0.019646583752871375,0.014300866885941604,0.014004153846632747,0.0,0.027723925251136705,0.0,0.027083642200781723,0.03827434855103011,0.036819009561411965,0.03200956287878188,0.0814871491437676,4.603510200640373e-10,0.0,0.0,0.0,0.0,0.0,0.0,0.0,0.0,0.0,0.0,0.0,0.0,0.0,0.010691873228534042,0.020840799597160425,0.0
2006-06-30,0.0,0.0,0.0,0.0,0.0001402921751439036,0.0,0.0,0.0,0.0,0.0,0.0,0.0,0.0,0.00959042658914892,0.02220086476132704,0.0,0.000763523733137592,0.02297039210441495,0.0,0.0,0.0,0.0,0.0,0.010424695103748842,0.0,0.0,0.0,0.0,0.0,0.0,0.0,0.0,0.0,0.0,0.0136185214832201,0.0,0.0,0.026237763542647705,0.0,0.02316795064298068,0.014397719667820398,0.02111085273492939,0.00469598492781591,0.04165572854017308,0.005708184248601385,0.0,0.0,0.04164599970733988,0.0,0.002323747801898047,0.0,0.07147177516670217,0.0,0.0,0.0061053678766115034,0.026515118709625262,0.00025229973729264116,0.01982197943528575,0.03390482889936432,0.06044732770102519,0.0,5.294968703527509e-10,0.0,0.0008432592898445945,0.0,0.0,0.0,0.014573548550053472,0.04859063031712196,0.03150821248268045,0.0315484020604615,0.015884600931976973,0.017828815904925275,0.0,0.03922449149754784,0.0,0.055948558665207315,0.0494244401375585,0.0469541780172804,0.04629797214583872,0.08513114673406116,0.005458025351351947,0.0,0.0,0.0,0.0,0.0,0.0,0.0,0.0,0.0,0.0,0.0,0.0,0.0,0.0020252589061253512,0.029587113188213127,0.0
2006-07-31,0.0,0.0,0.0,0.0,0.002699744125697909,0.0,0.0,5.148864714086967e-10,0.0,0.0,0.0,0.0,0.00351633045126239,0.006417560476777957,0.02309692551109465,0.0,0.00431672890641006,0.027134260823999945,0.0,0.0,0.0,0.0,0.0,0.007705981342807317,0.0,0.0,0.0,0.0,0.0,0.0,0.0,0.0,0.0,0.0,0.0206438944791702,0.0,0.0,0.044263546891034185,0.0,0.018271501727336173,0.006254903804584482,0.012615731874488827,0.0,0.03333523106550309,0.0,0.0,0.0,0.034372098031335674,0.0,0.010701365082121486,0.0,0.0770596869460276,0.08767859835560005,0.0,0.012530797781632338,0.038363995173438074,0.010238486070587628,0.03980323428256038,0.047404426127950594,0.05198314294265199,0.0,0.0,0.0026528813745573063,0.007280130092634149,0.0,0.0,0.0,0.012880297820951426,0.03756278294395934,0.017375522083047133,0.02230637812262179,0.013118713308431599,0.01576502049836137,0.0,0.012613894455278649,0.0,0.041649145404584254,0.04415048968789206,0.029484504322592364,0.03320079850403489,0.06118510547001187,0.0,0.0,0.0,0.0,0.0,0.0,0.0,0.0,0.0,0.0,0.0,0.0,0.0,0.0,0.0028222360331153526,0.02554392708896688,0.0
2006-08-31,0.0,0.0,0.0,5.852139579237957e-10,0.008968663271636217,0.0,0.0,0.0034879558549885193,0.0,0.0,0.0,0.0,0.0,0.0,0.012062317108202252,0.0,0.0,0.019884757001281714,0.0,0.0,0.0,0.0,0.0,0.006007048008459753,0.0,0.0,0.0,0.0,0.0,0.0,0.0,0.0006914019318393064,0.0,0.0,0.006187406452122089,0.0,0.0,0.0376753059138886,0.0,0.023345470521264365,0.0,0.011909015430049642,0.0,0.02354774151338801,0.0,0.0,0.0,0.019265560846470832,0.0,0.008208830929497963,0.0,0.09214265435206657,0.09288629783147438,0.0,0.0049401937975420114,0.03905626439736679,0.012109118311401866,0.042377793466577364,0.03830096727902865,0.07127291412803183,0.0,0.0029092396555793066,0.018295825688660824,0.008467757202664877,0.0,0.0,0.0,0.012853854766480103,0.06066711736877219,0.031479434595909385,0.019844675337241043,0.011477072406790356,0.013090174863230093,0.0,0.006479827715761704,0.0,0.04571284040405818,0.040932195452612105,0.019592064996519457,0.035756634084317784,0.06833716525909465,0.003966815211590758,0.0,0.0,0.0008495333581529441,0.0,0.0,0.0,0.0,0.0,0.0,0.0,0.0,0.0,0.0,0.0,0.024960092700771628,0.0
2006-09-30,0.0,0.0,0.0,0.0,0.008518362792884022,0.0,0.0,0.0,0.0,0.0,0.0,0.0,0.0,0.005470506349908578,0.014438547540394144,0.0,0.0,0.014359244688843672,0.0,0.0,0.0,0.0,0.0,0.003047109999067759,0.0,0.0,0.005470985220945597,0.0,0.0,0.0,0.0,0.0032644477537658347,0.0,0.004163124623034505,0.0,0.0,0.0,0.0261319374668034,0.0,0.027806965709224207,0.0,0.008003335453918911,0.0,0.02286282425069911,0.0,0.0,0.0,0.007799807261331598,0.0,0.0,0.0,0.11063561003356605,0.10747398615815124,0.0,0.0015143314314617438,0.055439158825994136,7.598811426306912e-10,0.012227341612178264,0.0215085924219502,0.06321757230279779,0.0,0.014223576972836712,0.029662513104258055,0.014266273837274818,0.0,0.0,0.0,0.013037526619140162,0.05680435705759281,0.02965557536170757,0.012748684879644884,0.011233472452674418,0.0,0.007519566903584234,0.034049873034858194,0.0,0.04596129595471511,0.03603239935894506,0.011360861268842419,0.041922099273975326,0.05827701058556929,0.008073459201662341,0.0,0.008883955840050412,0.009542533980636222,0.0,0.0,0.0,0.0,0.0,0.0,0.0,0.0,0.0,0.0,0.0,0.0333911716552302,0.0
2006-10-31,0.005145752249888989,0.0014011389886931884,0.0,0.0,0.0068200066979464714,0.0,0.0,0.0,0.0,0.0,0.0,0.0,0.0,0.0,0.01570241134311271,0.0,8.213295696167734e-10,0.015383041536227523,0.0,0.0,0.0,0.0,0.0,0.0,0.0,0.0,0.0160155292772587,0.0,0.0,0.0,0.0,0.0,0.0,0.0003944623976833955,0.0,0.0,0.0,0.0294574108329377,0.0,0.01816760458049609,0.0,0.0076430953622840725,0.0,0.025960733196210135,0.0,0.0,0.0,0.0,0.0,0.0,0.0,0.09238233699087695,0.07767190671491038,0.0,0.0022668192171462153,0.05231306615387986,0.0,0.006616236066453128,0.01687106091203181,0.08166287610047124,0.0,0.0059907014294061835,0.044885601537608774,0.007603185757688907,0.0,0.0,0.0,0.0,0.058953749099116534,0.027631610409004363,0.010171447821382061,0.007037843648723089,0.0,0.0017593889148222305,0.057014235267917046,0.0,0.0461339634592668,0.04094953535720699,0.0,0.052540167934818784,0.08430753164506632,0.019411907824181264,0.0,0.005000526226752403,0.0022437274929370194,0.0,0.0,0.0,0.0,0.0024952378744439252,0.010146500339078926,0.0,0.006956073826192756,0.0,0.005731698162186568,0.0,0.03115987653236074,0.0
2006-11-30,0.005790959860389523,0.0018893148779891963,0.0,0.0,0.002034309332860756,0.0,0.0,0.006379084111259105,0.0,0.0,0.0,0.0,0.0,0.0,0.014161157594371143,0.0,0.0,0.013620716107618351,0.0,0.0,0.0,0.0,0.0,0.0020382015825793063,0.0,0.0,0.03215031596615069,0.0,0.0,0.0,0.0,0.0,0.0,0.005926865375644215,0.0,0.0,0.0,0.03239858383681897,0.0,0.012271843225892963,0.0,0.002579122945806141,0.0,0.023899852313624837,0.0,0.0,0.0,0.0,0.0,0.0,0.0,0.11030866286684388,0.07258263360032406,0.0,0.0,0.04671085226803319,0.0,0.008909893314978918,0.0,0.07196905138706333,0.0,0.0,0.05391891001263114,0.0,0.0,0.0,0.0,0.005528413324858461,0.04676162451452981,0.03446087187061316,0.018159492330757202,0.013821622338971752,0.0017460705626838066,0.0,0.04104253896157668,0.0,0.05152038107787484,0.04757963109334808,0.0,0.03801558317413888,0.10019870011990663,0.03213223998760528,0.0,8.161300729620794e-10,0.0019666219066669945,0.0,0.0,0.0,0.0018662116768920819,0.00997123425290635,0.016669661046355158,0.0,0.008908753821661699,0.0,0.004975004857376742,0.00023533707179742352,0.004899674612469108,0.0
2006-12-31,0.015957384745539486,0.009031049578071883,0.0,0.0,0.005571815896884395,0.0,0.0,0.014891314204447467,0.0,0.0,0.0,0.0,0.0,0.0,0.0038582907901561496,0.0,0.0,0.014948435619745279,0.0,0.0,0.0,0.0,0.0,0.004293820169984769,8.762917752044453e-10,0.0,0.04119933955307186,0.0,0.0,0.0,0.0,0.004344880067795625,0.0,0.013014185855134901,0.0,0.0,0.0,0.05547784008859801,0.0,0.01808351641936015,0.0,0.0003876302572812271,0.0,0.016318238846978552,0.0,0.0,0.0,0.0,0.0,0.0,0.0,0.08883744037328571,0.0713212649787886,0.0,0.0,0.012884899939943135,0.0,0.007681014779193174,0.0,0.03667034831538661,0.0,0.014513666834648489,0.04423389058518423,0.013191418254140667,0.0,0.0,0.0,0.0027302776975936817,0.05307607408348179,0.014906835798266623,0.0,0.004430818419364068,0.014704119626336382,0.0,0.036457367249796126,0.0,0.055576724359101944,0.05637808186836549,0.004640004194645424,0.027585412388619238,0.11261168169576896,0.03287756099414869,0.0,0.0,0.0,0.0,0.0,0.0,0.0,0.011631426534633985,0.02137706172291838,0.0,0.025118798191766347,0.0,0.010696395800608488,0.0084896723446723,0.0,0.0
2007-01-31,0.023924130386887846,0.027738096279643295,0.011653779031794603,0.0,0.0,0.0,0.0,0.016454327883081366,0.0,0.0,0.0,0.0,0.0,0.0,0.0,0.0,0.003088744124160395,0.010425967019494678,0.0,0.0,0.0047389498304735165,0.0,0.008210435429028873,0.0,0.008685685790262047,0.0,0.06058515062179592,0.013767176073698388,0.009451987114166784,0.0,0.0,0.019602243060118034,0.0,0.027768972079229792,0.0,0.0,0.0,0.04243077092480583,0.0,0.0,0.0,0.0,0.0,0.01755066562601226,0.0,0.0,0.0,0.0,0.0,0.0,0.0,0.07418978926570004,0.035616194497196135,0.0,0.0,0.0,0.0,0.0,0.0,1.1453121576223532e-09,0.0,0.0005088239951311898,0.04749472204764894,0.0,0.0,0.0,0.0,0.0,0.03902741521976455,0.014167125849946925,0.0036886101361828048,0.0,0.017184867376146492,0.0,0.031391039062791254,0.0,0.03597424347595138,0.04432853540985426,0.0,0.01194242867466963,0.08292947461089588,0.016666042047714894,0.0,0.012592954092350995,0.014504053558475647,0.0,0.0,0.0,0.02703658121273762,0.03845780645838554,0.03957739282016567,0.0,0.054764194871728275,0.0013937943301589404,0.027213370834542318,0.02327345773189513,0.0,0.0
2007-02-28,0.012631091434473805,0.019094531107182913,0.0,0.0,0.0,0.0,0.005535664091277806,0.032412315009810684,0.0,0.0,0.0,0.0,0.001767791919949941,0.0,0.0,0.0,0.0,0.0016964833707441168,0.0,0.0,0.00032810795920404313,0.0,0.0,0.0,0.013116564184704225,0.0,0.034033642776859635,0.0,0.0,0.0,0.04023623464335147,0.016945658976447908,0.0,0.01419859064582789,0.0,0.0,0.0,0.07196983042933477,0.0,0.0,0.0,0.0,0.0,0.01891865105106245,0.0,0.0,0.0,0.01287657125984441,0.0,0.0,0.0,0.04847669418939651,0.019150862636790708,0.0,0.0,0.03349549658061325,0.0,0.0,0.0,0.0,0.0,0.0144391428136559,0.031881215953162435,0.0,0.0,0.0,0.0,0.007817843547264149,0.06163083416728918,0.003860552648122074,0.0,1.1592289380838437e-09,0.039133478145595736,0.0,0.014373429325107273,0.01430538056261343,0.04680885798044242,0.06706963263592831,0.0,0.02921481651792044,0.10495458102408978,0.0347527987010077,0.0,0.003713060007607796,0.0035835454043497486,0.0,0.0,0.0,0.009218632227883728,0.015965760505419552,0.011143042443033012,0.0,0.06748829287395537,0.0,0.017417398457352178,0.004342920632094437,0.0,0.0
2007-03-31,0.01275678428919258,0.014973766014317448,0.0,0.0,0.0,0.0,0.0,0.03716633887325297,0.0,0.0,0.0,0.0,0.0,0.0,0.0,0.0,0.0,0.00045868052066478835,0.0,0.0,0.0,0.0,0.00031147424025955277,0.0,0.021222422318118807,0.0,0.02807641770683133,0.005009114907108468,0.005474254969251259,0.0,0.0410714841328296,0.026547000474970498,0.0,0.025581508548660536,0.0,0.0,0.0,0.0471422366689743,0.0,0.0,0.0,0.0,1.1253897967011552e-09,0.022302432521261243,0.0,0.0,0.0,0.0,0.0,0.0,0.0,0.02367481323724715,0.0,0.0,0.0,0.02274510350570446,0.0,0.0,0.0,0.0,0.0,0.010781358907127564,0.008699308885578575,0.0,0.0,0.0,0.0,0.0,0.08541389314725925,0.0005409190259492599,0.0,0.001182763784955945,0.03946756767072439,0.003922031672130815,0.0,0.024734516703965734,0.013127715661914093,0.02962192429702837,0.0,0.020112407358719123,0.06686725649763083,0.031993305476829506,0.0,0.005283480613315346,0.005004455574389702,0.002666238793161104,0.0,0.0,0.032351681986996866,0.012515011600274595,0.07728435737035201,0.0,0.13487899025197314,0.0160514011288122,0.032010341802846606,0.01097523773403006,0.0,0.0
2007-04-30,0.016552891064273663,0.019494168455517956,0.0007006305145629705,0.0,0.0,0.0,0.011263991551294025,0.03053967997583019,0.0,0.0,0.0,0.0,0.0,0.0,0.0,0.0,0.0,9.17326323968392e-10,0.0,0.0,0.0,0.0,0.003629117031382592,0.0,0.02557753440316774,0.0,0.03292226319982622,0.011516277532294159,0.008476868107837425,0.0,0.04424067023123121,0.028711860582943814,0.0,0.03368670446416904,0.0,0.0,0.0,0.04681123068689001,0.0,0.0,0.0,0.0,0.008277385190297514,0.022059508624053658,0.0,0.0,0.0,0.0,0.0,0.0,0.0,0.0,0.0,0.0,0.0,0.008078570990185352,0.0,0.0,0.0,0.0,0.0,0.014264258205863942,0.03326789463160014,0.0,0.0,0.0,0.0,0.004618090790930039,0.05146153786846766,0.0,0.0,0.004113824232638934,0.03799200311260049,0.0,0.0,0.04339545297617989,0.0195592381320914,0.03400598080370396,0.005288510582828882,0.0,0.04679988231808035,0.03644598980637353,0.0,0.009556862117002119,0.005873381982742049,0.012290244044666764,0.0,0.0,0.034448001151691464,0.014822055244891235,0.06785325754712573,0.0,0.1100451726666759,0.005599673577390515,0.03284973709366609,0.02290959758970508,0.0,0.0
2007-05-31,0.014503332935735132,0.0153397575417802,0.0,0.0,0.0,0.0,0.011112344099000313,0.043343642276886876,0.0,0.0,0.0,0.0,0.0,0.0,0.0,0.0,0.0,0.005149224600139223,0.0,0.0,0.0,0.0,8.401895984115591e-10,0.0,0.014803258531982515,0.0,0.028500284839435504,0.004669320063897804,0.0,0.0,0.027780474763409228,0.018889523803732825,0.0,0.01057911844779124,0.00020760208712380473,0.0,0.0,0.03257303975485103,0.0,0.0,0.0,0.0,0.011468646167805904,0.0,0.0,0.0,0.0,0.0,0.0,0.0,0.0,0.0,0.008528029521030416,0.0,0.0,0.005459807032122935,0.0,0.0,0.0,0.0,0.0,0.02691611098497108,0.03912047332526448,0.0,0.0,0.0,0.0,0.011013885811354866,0.07407216419474623,0.003441432345699053,0.0,6.340981182552998e-05,0.052846794994960374,0.0,0.0,0.06280271452148994,0.009406612979732191,0.0340089026176966,0.028023966944616997,0.0,0.04887286283170957,0.04197517177186994,0.0,0.008311250728503174,0.004710043667987019,0.0010844118605095306,0.0,0.0,0.04594730020532324,0.004705473445253562,0.06284187495959753,0.0,0.09935280978891793,0.010577651489577261,0.038441983622751225,0.03855528978872816,0.0,0.0
2007-06-30,0.010794957543044745,0.008723582532617463,0.0,0.0,0.0,0.0,0.0030231343485798796,0.027378181363488557,0.0,0.0,0.0,0.0,0.0,0.0,0.0,0.0,0.0034480545410926016,0.0013726036062992036,0.0,0.0,0.0,0.0,0.0,0.0,0.010671727877491039,0.0,0.030707766608102132,0.005602303812113061,0.0,0.0,0.026507688198269572,0.007835654552059475,0.0,0.02052299647269401,0.0,0.0,0.0,0.017070850338986948,0.0,0.0,0.0,0.0,0.019361989478181015,0.0,0.0,0.0,0.0,0.0,0.0,0.0,0.0,0.0,0.0,0.0,0.0,0.0,0.0,0.0,0.0,0.0,0.0,0.024444865260310172,0.0218231629907693,0.0,0.0,0.0,0.0,0.0192798143840041,0.07181509991402277,0.013398352782451153,0.013433762160311773,0.00043078361929168647,0.05266542857888344,0.0053653861796980245,0.026013164871664368,0.07707416814695246,0.00363244854088579,0.015965454639961348,0.019193555349803326,0.0,0.03366405400827657,0.05852809648859443,0.0,0.003006254189685578,7.648163433339558e-10,0.0,0.0,0.0,0.04253988358012818,0.005405476381457649,0.0769602201120487,0.0,0.14599162357620513,0.00963660617553603,0.024661236305495986,0.037034634703270765,0.0050149750224552855,0.0
2007-07-31,7.212937574294563e-10,0.004253145780329131,0.0,0.0,0.0,0.0,0.0,0.010256664320658204,0.0,0.0,0.0,0.0,0.0,0.0,0.0,0.0,0.0022889468200517167,0.007873867736769286,0.0,0.0,0.0,0.0,0.0,0.0,0.004431440370332199,0.0,0.009083867995904823,0.0,0.0,0.0,0.030780613594903364,0.0,0.0,0.014773763211918544,0.0,0.0,0.0,0.015597573848245498,0.0,0.001570479168598782,0.0,0.0,0.021260354602855785,0.0,0.002025709399818525,0.0,0.0,0.0,0.0,0.0,0.0,0.0,0.0,0.0,0.0,0.0,0.0,0.0,0.0,0.0,0.0,0.009273845254355456,0.026214258576519194,0.0,0.0,0.0,0.0,0.023355762456518773,0.060142768145383614,0.0027794183222236645,0.016110202779971116,0.013063672934755705,0.05028605560894468,0.009239454521354487,0.03675274123520811,0.06541658909301701,0.0,0.015193620324593336,0.023045781361831476,0.005466119253426643,0.028166232146677662,0.043181199496455755,0.0,0.005475349791901986,0.0015797403721085027,0.004751498508990605,0.0,0.0,0.0554611379696125,0.01466770355589106,0.08848787202037654,0.0,0.17649631026285686,0.00968727250768165,0.03459585106729231,0.05572261042614888,0.0011905044342228322,0.0
2007-08-31,0.002587561927505143,0.00795981196730691,0.004589083729361721,0.0,0.0,0.0,0.0,0.007237182081331694,0.0008379021068105699,0.0,0.0,0.0,0.0,0.004873662913136165,0.0,0.0,0.0010209177484726997,0.018112787071866917,0.0,0.0,0.0,0.0,0.0,0.0,0.005863469000993974,0.0,0.008858119457634218,0.0,0.0,0.0,0.016685440702270075,6.821928295894269e-10,0.0,0.013118918359883693,0.0,0.0,0.0,0.016684144442521226,0.0,0.02200339162462056,0.0,0.0,0.04113330025234116,0.021798346042443028,0.00611937160082829,0.0,0.0,0.0,0.0,0.0,0.0,0.0,0.0009122594580469594,0.0,0.0,0.0,0.0,0.0,0.0,0.0,0.0,0.0,0.0,0.0,0.0,0.0,0.0,0.030977884058837574,0.09419611787080787,0.0072394138044036905,0.014766346671675572,0.02085587850351472,0.07460561268825566,0.008680852329234646,0.016950781481248553,0.04611598855115967,0.0,0.02598259562199689,0.025546149996268155,0.0006820911246619312,0.041159796266875145,0.03951077351482167,0.0,0.008317442168084487,0.006296788675910571,0.0,0.0,0.0,0.0548540353825149,0.016130109451941026,0.07343170827874679,0.0,0.163397853217858,0.0,0.0,0.02990610917161462,0.0,0.0
2007-09-30,0.0015226815454612525,0.007947082564436514,0.008941852153917055,0.0,0.0,0.0,0.0,0.008139623459712052,0.0,0.0,0.0,0.0,0.0,0.015649385718880318,0.0,0.0,0.0025678583838888245,0.01853383226817666,0.0,0.0,0.0,0.0,0.0,8.64939895118064e-05,0.002654211091358738,0.0,6.886608597397687e-10,0.0,0.0,0.0,0.002075630984851501,0.0,0.0,0.003055094556033716,0.00437315892825386,0.0,0.0,0.018492041010605503,0.0,0.02010601863885816,0.0,0.0,0.06259170166590013,0.03348445777845919,0.006801272814169526,0.0,0.0,0.0,0.0,0.0,0.0,0.01068953991938504,0.0,0.0,0.0,0.0,0.0,0.0,0.0,0.0,0.0,0.0,0.0020208217682816682,0.0,0.0,0.0,0.0,0.02874971681258456,0.08273382330210617,0.006958286567756363,0.013852612421930264,0.027912669174549782,0.07264681594595393,0.00401361036732881,0.012687900641121082,0.0510649080552421,0.0,0.031885853783335964,0.026260460341008977,0.0,0.02253191059924406,0.04596330769237198,0.0,0.0012899854964945109,0.00680394981958271,0.0,0.0,0.0,0.051075149361075,0.00946490598552235,0.08326702720344287,0.0,0.1681517265853088,0.0,0.0,0.022952619915237248,0.0,0.0
2007-10-31,3.760106881436067e-06,0.007642283079095729,0.010851598964307783,0.0,0.00469822858606236,0.0,0.0,0.0010032795671167255,0.00457556129562215,0.0,0.0,0.0,6.611861442165415e-05,0.009400951602182656,0.0,0.0,0.00934308957795809,0.03082210274419606,0.0,0.0,0.0,0.0,0.0,0.006452436719540322,0.006266589499820738,0.0,0.0,0.0,0.0,0.011280195772460547,0.0,0.0,0.0,0.0,0.0,0.0,0.0,0.0,0.0,0.02392434806288221,0.0,6.62647359037552e-10,0.07119432202539887,0.03907630974320111,0.004074663497064149,0.0,0.0,0.0,0.0,0.0,0.0,0.0022132079569659137,0.0,0.0,0.0,0.0,0.0,0.0,0.0,0.0,0.0,0.0,0.0037648823675936463,0.0,0.0,0.0,0.0,0.03062892385859003,0.08661134823061983,0.0,0.01752490264943821,0.03717042363736885,0.09086338219924689,0.00458652858174102,0.002304862210406494,0.051708472678528974,0.0,0.01720019784395047,0.022430022436283448,0.0,0.005687827497957711,0.03661931477782416,0.0,0.006389114788850781,0.007379590615272148,0.0,0.0,0.0,0.03847349211375532,0.014163127768307297,0.10211280597416406,0.0,0.16706965584069877,0.0,0.0,0.014185936428054553,0.00023613942352148084,0.0
2007-11-30,0.0,0.00015776073492004356,5.89087066520552e-10,0.0,0.006211710667885642,0.0,0.0,0.0,0.012116015961888752,0.0,0.0,0.0,0.0036484149645737702,0.014769329006566993,0.005688983291555179,0.0,0.009534216128307606,0.04774037487549461,0.0,0.0,0.0,0.0,0.0,0.00014695772744415843,0.002457569316866974,0.0,0.0,0.0,0.0,0.0015645116634157388,0.0,0.0,0.0,0.0,0.0,0.0,0.0,0.0,0.0,0.007798018292302222,0.0,0.0,0.05374183334746811,0.043037351259441275,0.0,0.0,0.0,0.0,0.0,0.0,0.0,0.0005368460213972629,0.00858049507454827,0.0,0.0,0.01652648053341451,0.0,0.0,0.0,0.0,0.0,0.0,0.0053085340595662965,0.0,0.0,0.0,0.0,0.03749017321940336,0.083631941968985,0.0034029462637376077,0.029027492684041135,0.050264350676322046,0.08600692963216036,0.0006397207263198914,0.0043377407063728375,0.04198723253799864,0.0,0.021911712362409973,0.013875903420872778,0.004651781953910163,0.0,0.04027758239177651,0.0,0.0061049025423547025,0.008927814620006443,0.0,0.0,0.0,0.036900754226197006,0.02046158576296761,0.11704627757609232,0.0,0.1519440397092491,0.0,0.0,0.001236170130983216,0.0003075433716947174,0.0
2007-12-31,0.0,0.0005441796515508082,0.0,0.0067378571052793285,0.013648733893941422,0.0,0.0013731520090119814,0.0,0.014779782912786118,0.0,0.0,0.0,0.012933681575008113,0.0009557931846407337,5.966337471714687e-10,0.0,0.007356318564976027,0.04266260265652396,0.0,0.0,0.0,0.0,0.0,0.004821390388250156,0.007363990588106184,0.0,0.0,0.0,0.0,0.0,0.0,0.0,0.0,0.0,0.0037820741634964163,0.0,0.0,0.0,0.0,0.016175528788583676,0.0,0.0,0.060215139774916174,0.03490680432484819,0.012040561408761356,0.0,0.0,0.0,0.0,0.0,0.0,0.0,0.01251918126023095,0.0,0.0,0.01442857519413662,0.0,0.0,0.0,0.0,0.0,0.002673170776890629,0.01865833075592128,0.0,0.0,0.0,0.0,0.03496859136961273,0.05928782026774998,0.0,0.06120702808399414,0.04311931360012766,0.06784930842324602,0.000986148135191231,0.003914267074313906,0.03923820212585789,0.0,0.020782648545291663,0.00583326123858194,0.015911958541538415,0.0,0.034005788624883224,0.0,0.014301242834917523,0.012536072537620057,0.0,0.0,0.0,0.019213845794057622,0.013175411176425986,0.12044571413422778,0.0,0.1393645703296183,0.0,0.0,0.005281957588250178,0.0,0.0
2008-01-31,6.38015135499166e-10,0.0020306808827499343,0.00468670740688738,0.0006553940433444513,0.025707291114107134,0.0,0.0,0.0,0.012521744557740752,0.0,0.0,0.0,0.009527048435418222,0.011761418721936435,0.011688574254231714,0.0,0.01827984151530955,0.07134831844767431,0.0,0.0,0.0,0.0,0.0,0.0,0.0036569156562721856,0.0,0.0,0.0,0.000764394881181985,0.0,0.0,0.0,0.0,0.0,0.0009247609271050202,0.0,0.0,0.0,0.0,0.01771195184641317,0.0007071401883429891,0.0,0.07257471428545303,0.034821876663862404,0.013853300470301692,0.0,0.0,0.0,0.0,0.0,0.0,0.004590650330290269,0.018246067122656928,0.0,0.0,0.006261720599371971,0.0,0.0,0.0,0.0,0.0,0.0,0.001661714127070697,0.0,0.0,0.0037025683961125332,0.0,0.03285292110438683,0.03362752162371526,0.0,0.044407949535771624,0.028935671035073884,0.042461255685598276,0.0,0.0,0.03654820257423176,0.0,0.016204390750303423,0.0015733068287129605,0.0006524372059796416,0.0,0.02401685188946119,0.0,0.009269380611606894,0.0037697062618784836,0.0,0.0,0.0,0.021186464368467984,0.008189641726623037,0.2,0.0,0.1486195032863391,0.0,0.0,0.0,0.0,0.0
2008-02-29,0.00337966827303949,0.005532596154389359,0.005883914893121721,0.009364666309667584,0.023453481034624513,0.0,0.010008104288773675,0.0,0.016953817935265424,0.0,0.0,0.0,0.015300581223646558,0.007956823616501761,0.0115695806082622,0.0,0.015842085456366416,0.09587915966941501,0.0,0.0,0.0,0.0,0.0,0.0,0.0026955219652119522,0.0,7.062785031695888e-10,0.0076122043803088036,0.008724465582989895,0.0,0.0,0.0,0.0,0.0,0.0,0.0,0.0,0.0,0.0,0.003208260654798119,0.0,0.0,0.04001090347216587,0.021321632327898958,0.0206978514597688,0.0,0.0,0.0,0.0,0.003638710430453769,0.0,0.03112300860524487,0.026382332919233507,0.0,0.0,0.028810829782982588,0.0,0.0,0.0,0.0,0.0,0.003141073121495083,0.0033177326690998375,0.0,0.0,0.0,0.0,0.028839251821150907,0.016668497951555564,0.0,0.053243861523850744,0.029987430446709765,0.04383704489272483,0.0,0.0,0.0464840332864272,0.0,0.016785562625665204,0.0,0.0,0.0,0.011498995989421551,0.0,0.01186107826160445,0.004056106621049596,0.0,0.0,0.0,0.010298643975653629,0.020808457122008746,0.17034755026434195,0.0,0.11347447767683165,0.0,0.0,0.0,0.0,0.0
2008-03-31,0.0,0.0,0.0010464436535849995,0.027729308392159823,0.022382848469070633,0.0,0.01656644964778206,0.016027806064907828,0.025277633010976668,0.0,0.0,0.0,0.01827110325764073,0.008626810653695156,0.008399231524398459,0.0,0.01924560411658984,0.07327905759105151,0.0,0.0,0.0,0.0,0.0,0.0,0.003549782273775016,0.0,0.0,0.0009566429701253742,0.005156778352360905,0.0,0.0,0.0,0.0,0.0,0.0,0.0,0.0,0.0,0.0,0.0025945130890517184,6.075590122111232e-10,0.0,0.023253736562405803,0.024631503716870746,0.01619624739115711,0.0,0.0,0.0,0.0,0.0004818909684895048,0.0,0.043950635941391786,0.03693930653685464,0.0,0.0,0.035201698589270365,0.0,0.0,0.0,0.0,0.0,0.008068326379224175,0.003056415793721552,0.0,0.0,0.0,0.0,0.019929676693762863,0.02900603897695163,0.0,0.048988950086838054,0.01919671049962543,0.04187926318656634,0.0,0.011641670496319685,0.04009092532501631,0.0,0.008655172947209648,0.0,0.0,0.0,0.014591880496365953,0.0,0.004330372812046162,0.001896403109539532,0.0,0.0,0.0,0.002898641840370794,0.017713365170037732,0.1795814642302825,0.0,0.11870968857495204,0.0,0.0,0.0,0.0,0.0
2008-04-30,0.0,0.00017015947986321453,0.0,0.03366001755204364,0.02221052960706401,0.0,0.020827112407815103,0.01799522461846134,0.036064577698152606,0.0,0.0,0.0,0.022276741530692222,0.0016285036040261157,0.004970231879746993,0.0,0.01693685792676386,0.0612907944018244,0.00015326138488933538,0.0,0.0,0.0,0.0,6.557404654313861e-10,0.00036849705770101375,0.0,0.0,0.0,0.010672845273416361,0.0,0.0,0.0,0.0,0.0,0.0,0.0,0.0,0.0,0.0,0.00408843165532139,0.00816830319239698,0.0,0.01639560394682704,0.03142338150980159,0.021859032438231434,0.0,0.0,0.0,0.0,0.0,0.0,0.05232421540374642,0.0177403172778916,0.0,0.0,0.0351051220312417,0.0,0.0,0.0,0.0,0.0,0.015225399187307847,0.0092262271267326,0.0,0.0,0.0,0.0,0.021114599332840905,0.016490003756997117,0.0,0.03853156372434223,0.016009986668716506,0.038570624248999846,0.0,0.017972731609250354,0.04032091840936197,0.0,0.025028028162612962,0.0,0.0,0.0,0.028604159130798102,0.0,0.013154885732649954,0.006383347889037152,0.0,0.0,0.0,0.003590413195160454,0.021535795674435323,0.15422512407783956,0.0,0.0976864295392583,0.0,0.0,0.0,0.0,0.0
2008-05-31,6.277051910658684e-10,0.004527056237084815,0.0,0.03585451338866804,0.025334300871899366,0.0,0.022378264167287085,0.02081387210425822,0.034303184156666576,0.0,0.0,0.0,0.01274244301597357,0.009449497888785768,0.01028329436788727,0.0,0.008401671119440941,0.0731572754395406,0.0,0.0,0.0,0.0,0.0,0.012062287593216448,0.0,0.0,0.0,0.0,0.003392597558329251,0.0,0.0,0.0,0.0,0.0,0.0,0.0,0.0,0.0,0.0,0.010638367587241215,0.009673827388393256,0.0,0.019879517130514696,0.04048920306802549,0.028848467668995337,0.0,0.0,0.0,0.0,0.0,0.0,0.037125030237710056,0.0015182996882712506,0.0,0.0,0.01802334624889809,0.0,0.0,0.0,0.0,0.0,0.003917208464706617,0.009400324766978663,0.0,0.0,0.0,0.0,0.02096254249275563,0.013997449376138841,0.0,0.03114234793183716,0.02664342810272508,0.03814393178406222,0.0,0.006095743117697285,0.0435129051598533,0.0017763120718771457,0.023209292755690062,0.0,0.0,0.0,0.023476353868822884,0.0,0.014478342575776884,0.009487415027427499,0.0,0.0,0.0,0.006393244000248903,0.0238794117565284,0.1477988568319474,0.0,0.11678857236013354,0.0,0.0,0.0,0.0,0.0
2008-06-30,0.0,0.0,0.0,0.03592326702490315,0.025204985422769315,0.0,0.017579333899485974,0.027354590430035002,0.028401794206005616,0.0,0.0,0.0,0.017393705301729064,0.01700489405664671,0.019848028211706857,0.0,0.002129646162491676,0.07639416551464205,0.0,0.0,0.0,0.0,0.0,0.005895408220768241,0.0,0.0,0.0,0.0,0.009204051698313736,0.0,0.0,0.0,0.0,0.0,0.0,0.0,0.0,0.0,0.0,0.0,0.013016442472707028,0.0,0.024721747629004847,0.03895504742879128,0.03652812095349238,0.0,0.0,0.0,0.00230065581761525,6.610356263853393e-10,0.0,0.047388980053184024,0.0010406598808811887,0.0,0.0053376226861395655,0.03225459893029709,0.0,0.0,0.0,0.0035130377747348103,0.0,0.0022731149286274546,0.0,0.0,0.0,0.0,0.0,0.012765789277171183,0.0012850217421942903,0.0,0.024939395532466137,0.013872397920111102,0.03852161770940442,0.0,0.007379079827902872,0.10167147868716127,0.0056925210218468,0.03375142884231163,0.0,0.0,0.0,0.025807878943976317,0.0,0.00740736943984136,0.0039261591124077,0.0,0.0,0.0,0.002388451571572935,0.029101558829574613,0.13135119208921342,0.0,0.07047476008683592,0.0,0.0,0.0,0.0,0.0
2008-07-31,0.0,0.0,0.0,0.03567098592171053,0.021001951879468166,0.0,0.021858823151912926,0.0415925789766387,0.027565231558645105,0.0,0.0,0.0,0.015983052654767946,0.013658607261485883,0.0037257177791373748,0.0,0.0,0.055081947876402935,0.0011103399654861406,0.0,0.0,0.0,0.0,0.005054304188821094,0.00236891348115454,0.0,0.0,0.0,0.0020791430886992987,0.0,0.0,0.0,0.0,0.0,0.0,0.0,0.0,0.0,0.0,0.0,0.014472676389841621,0.0,0.01392436132646335,0.02500787332756746,0.05514911914036683,0.021259398700296677,0.0,0.01051090358945506,0.02514325503275685,0.002109808229208881,0.0,0.028890823020890175,0.0,0.0,0.003154229521578089,0.03266236590124683,0.0,0.0,0.0,0.0,0.0,0.0013057181397782883,0.0,0.0,0.0,0.0,0.0,0.002164462670698241,0.0,0.0,0.028111268335068506,0.007404355298550863,0.014035522876675258,0.0,0.003743567655934995,0.12174242962363366,0.017283264640578926,0.03591669966562964,0.013892710262345445,0.0,0.0,0.023503435894417293,0.0,0.001564806237282043,0.0,0.0,0.0,0.0,5.437094397387458e-10,0.02878307629846272,0.1430657309270618,0.0,0.07844653896617046,0.0,0.0,0.0,0.0,0.0
2008-08-31,0.0,0.0,0.0,0.029142344568953274,0.021862080788071246,0.0,0.010139203945012503,0.014523774054342128,0.02585639396977073,0.0,0.0,0.0,0.008804217580183796,8.316447668907288e-10,0.006206471323224453,0.0,0.0,0.05688331723068278,0.017909450049333035,0.0,0.0,0.0,0.0,0.0018947320580105136,0.0,0.0,0.0,0.0001316508445876001,0.015486241588662079,0.0,0.0,0.0,0.0,0.0,0.0,0.0,0.0,0.0,0.0,0.0,0.013014715274162607,0.0,0.006699234894478377,0.013032864163606894,0.06120710154066624,0.017015842567960526,0.0,0.009720449350908924,0.006996885816911008,0.0,0.0,0.007026145766482207,0.0,0.0,0.012376452600359418,0.028248836555779675,0.0,0.004971680746793013,0.0,0.01728925174681828,0.0,0.007770596363718316,0.006317238367483452,0.0,0.014161913246930266,0.0,0.0,0.0,0.0,0.0,0.03184050997377025,0.004444368235673178,0.006998000186721157,0.0,0.005004413527116168,0.14180773272781463,0.0,0.027179803239073087,0.004163602740878136,0.0,0.0,0.015806585148323164,0.0,0.009228230302193668,0.0,0.0,0.0,0.0,0.0,0.042988242727635836,0.1562934007916687,0.0,0.11955602256359393,0.0,0.0,0.0,0.0,0.0
2008-09-30,0.0,0.0007897558928797787,0.0018220905861369393,0.04483446928967084,0.027395930792291367,0.0,0.025887260796373657,0.02881913188904254,0.029772162684811913,0.0,0.0,0.0,0.025216805431023278,0.016457850198550027,0.023091199164738917,0.0,0.008793210785679111,0.041843226933731506,0.04184900667244014,0.0,0.0,0.0,0.0,8.794886429577832e-10,0.0,0.0,0.0011216750047158836,0.010832555989470348,0.02113256707646064,0.0,0.0,0.008856635864142079,0.0,0.0,0.0,0.0,0.0,0.0,0.0,0.0,0.018872197395749846,0.0,0.007103517640474518,0.003411033382512483,0.07102732537573787,0.029900019926805164,0.0,0.032260633087891316,0.019107380801281153,0.0065756109341448135,0.0,0.01869234003393574,0.0,0.0,0.011403501970796143,0.01409136604080078,0.0,0.0,0.0,0.0,0.0,0.0,0.0,0.0,0.0,0.0,0.0,0.0,0.0,0.0,0.015323937360713113,0.0,0.0,0.0,0.0,0.12069044697635851,0.0,0.011481764428303861,0.006616630047461897,0.0,0.0,0.00676716309002046,0.0,0.012841679074987972,0.0010673292938998334,0.0,0.0,0.0,0.004691555595910788,0.042347554169172436,0.09283810976720525,0.0,0.09437336767418843,0.0,0.0,0.0,0.0,0.0
2008-10-31,0.01499125060313222,0.025028328243629293,0.017550832644773414,0.037735775336480516,0.04109503974978408,0.0,0.03350131254810682,0.02295952763507218,0.03725425153242602,0.0,0.0,0.0,0.03007711391459259,0.01018535416086215,0.002381083015348302,0.0,0.005095820393320352,0.02460299184357596,0.07230950994520526,0.0,0.0,0.0,0.003133678229939602,0.0,0.0,0.0,0.0,0.018357379964113085,0.023689731951525905,0.0,0.0,0.01327307048482571,0.0,1.4833504686066392e-09,0.0,0.0,0.0,0.0,0.0,0.008510681423947654,0.010471708681403779,0.0,0.0,0.007491623256684949,0.09100067752702803,0.04002771411667358,0.0,0.07750440022726604,0.01916425182001347,0.0014393814479813937,0.0,0.03146844135097288,0.0,0.0,0.03950651360771439,0.009545325752743066,0.0,0.015726112645513764,0.0,0.004669872925953913,0.0,0.0,0.0,0.0,0.0,0.0,0.0,0.0,0.0,0.0,0.0,0.0,0.0,0.0,0.0,0.05248961394912541,0.0,0.0,0.0,0.0,0.0,0.0,0.0,0.014072994634277235,0.0,0.0,0.0,0.0,0.0,0.02107464585949839,0.032140669142714115,0.0,0.04225868995779465,0.010542054301981013,0.02011733321362225,0.017555240477026095,0.0,0.0
2008-11-30,0.03337533444640771,0.03670407721975756,0.010315064571727641,0.05163328679196656,0.028771091214122146,0.0,0.05187712022699899,0.02999549989911333,0.03515318802974161,0.0,0.0,0.0,0.027112346094839236,0.02454135493932335,0.0,0.0,0.01814105661489919,0.0,0.09793717015972649,0.0,0.015665561900254667,0.01586213963141163,0.014284973651231646,0.007730305747075182,0.0030765864206528156,0.0,0.016360263042842323,0.02594933156402002,0.047406787572702724,0.0,0.0044837528518014225,0.032930964578478626,0.0,0.03114057434176277,0.0,0.0,0.0,0.0,0.0,0.0,0.0,0.0,0.0,0.009823453864332917,0.05341048348324479,0.017385653224977267,0.0,0.04966951782609869,0.0,0.0,0.0,0.0,0.0,0.0,0.05562964014016922,0.002036453858339447,0.0,0.014675146528095331,0.0,0.035351804195622304,0.0,0.0,0.0,0.0,0.0,0.0,0.0,0.0,0.0,0.0,0.0,0.0,0.0,0.0,0.0,0.0015788841987305774,0.015789377687128608,0.0,0.0,0.0,0.0,0.0,0.0,0.024565876943348452,0.0013258533748448753,0.010120459841592922,0.0,0.0,0.0,0.027957670200616225,0.0,0.0,0.015588511524299725,0.0,0.004643380287462172,1.310238801033973e-09,0.0,0.0
2008-12-31,0.040847561065717214,0.04084132842284251,0.009653618670938467,0.05094704164052782,0.021630695404978587,0.0,0.0344524619586497,0.025637993709247322,0.0231475017597896,0.0,0.0,0.0,0.020290979122889283,0.004531246763677326,0.0,0.0,0.010669969512887584,0.0,0.09357712753613308,0.0,0.016081584860323912,0.020710408288145497,0.016697127358772004,0.006066869217074039,0.0,0.0,0.01807463847915851,0.015668674340706405,0.026923133522379458,0.0,0.0,0.02281421625409307,0.0,0.021488518961336803,0.0,0.0,0.0,0.0,0.0,0.0,0.0,0.0,0.0,0.0,0.012676219699349248,0.014516679094295373,0.0,0.026160701121429666,1.1908329019058084e-09,0.019553302336239576,0.0,0.019254190780326665,0.0,0.04129291811501194,0.09442003551646763,0.03282861187008542,0.0,0.036752800494296314,0.007609429063677116,0.03946058387370037,0.0,0.0,0.0,0.0,0.0,0.0,0.0,0.0,0.0,0.0,0.0,0.006419774017341242,0.0,0.0,0.0,0.0,0.010543391945299598,0.0,0.0,0.0,0.0,0.0,0.0,0.01725353108573035,0.0,0.0,0.0,0.0,0.0,0.032878998439489604,0.0,0.0,0.0,0.0005741149868717628,0.030222184820962474,0.016829834698324518,0.0,0.0
2009-01-31,0.039826695081832425,0.03618284328668197,0.009448521110094928,0.02024028133274489,0.034623090163306884,0.0,0.021703755797537166,0.010575901407983373,0.022408721729204467,0.0,0.0,0.0,0.015532030756163218,0.005924255607673846,0.0,0.0,0.012305010178297533,0.0,0.09147467155808266,0.0,0.02136685302944055,0.020996793620293858,0.02356596403944108,0.00903157769401201,0.0,0.0,0.006791024155770883,0.01509571578250252,0.02833494034125118,0.0,0.0,0.013694573548709637,0.0,0.017469172616696817,0.0,0.0,0.0,0.0,0.0,0.0,0.0,0.0,0.0,0.0,0.0006935478395127916,0.0034773542898283633,0.0,0.03719860314048948,0.0,0.01940100994304657,0.0,0.025588410532753254,0.0,0.03403005050422936,0.11417076245425808,0.02780923007378189,0.010117790845737867,0.05416485228662954,0.011023760221523,0.043304151803020996,0.0,0.0,0.0,0.0,0.0,0.0,0.0,0.0,0.0,0.0,0.0,0.007803018697373899,0.0,0.0,0.0,0.0,0.026631984840430573,0.0,0.0,0.0,0.0,0.0,0.0,0.018632338112420276,1.061080160908352e-09,0.0,0.0,0.0,0.0,0.0290674693311784,0.0,0.0,0.0,0.0,0.03646810577910021,0.023825165405883444,0.0,0.0
2009-02-28,0.042256250713843736,0.03575383324722122,0.00906430669733829,0.00760106427830455,0.023319868389254754,0.0,0.011055494159457153,0.005536424968330454,0.016835900666195794,0.0,0.0,0.0,0.010124905184485932,0.0,0.0,0.0,0.006608777224569227,0.0,0.07475764668104769,0.0,0.02286089732404772,0.019599879731153808,0.020551069027247862,0.009141923752754928,0.0,0.0,0.01651763156433178,0.020730241470000722,0.033834089065865186,0.0,0.009031756643802348,0.02871776081226199,0.0,0.038705431363354484,0.0,0.0,0.0,0.0,0.0,0.0,0.0,0.0,0.0,0.005131723964303194,1.0842703763400832e-09,0.0,0.0,0.007607615866399179,0.0,0.030584926657653645,0.0,0.029280313226189063,0.0,0.04344911517664251,0.11229474601111838,0.023112541551675476,0.0318293473697805,0.05087341567166705,0.027791005221520684,0.036242633919417,0.0,0.0,0.0,0.0,0.0,0.0,0.0,0.0,0.0,0.0,0.0,0.0018175693512607043,0.0,0.0,0.0,0.0,0.016279009451548806,0.0,0.0,0.0,0.0,0.0,0.0,0.031244463398695126,0.006688890136598226,0.0,0.0,0.0,0.0,0.031668001755385894,0.0,0.0,0.0,0.0,0.023924282315088346,0.027575244905916084,0.0,0.0
2009-03-31,0.0372941790982386,0.028094424135120866,0.0033261942441339854,0.0,0.02648442796493886,0.0,0.0,0.0,0.0018665049410503398,0.0,0.0,0.0,0.005934450806708363,1.0833805670914153e-09,0.0,0.0,0.013780480679608232,0.009668369625322065,0.026508570983140994,0.0,0.021200778065228094,0.021539507137150315,0.020981714893209616,0.011418618993366506,0.0,0.0,0.005160065705031146,0.018049476053280562,0.02949991118384706,0.0,0.022361337488145998,0.033758701592849834,0.0,0.043925584955769606,0.0,0.0,0.0,0.007661376884338185,0.0,0.0,0.0,0.0,0.0,0.0016767198215438082,0.003544379759753384,0.0,0.0,0.0,0.0,0.04885387636579026,0.0,0.028314207618474464,0.0,0.06761661203005143,0.09502542649184595,0.026062033187673427,0.04394586495532793,0.058155758787230415,0.03047565719211333,0.0760496918655569,0.0,0.0,0.0,0.0,0.0,0.0,0.0,0.0,0.0,0.0,0.0,0.010504281874905238,0.0,0.0,0.0,0.0,0.003764699144329104,0.0,0.0,0.0,0.0,0.0,0.0,0.022631477957763966,0.0040936012438848824,0.0,0.0,0.0,0.0,0.027993742022139254,0.0,0.0,0.01614132627844075,0.0,0.01863277797576284,0.02800318891355299,0.0,0.0
2009-04-30,0.027466642939560724,0.02484273271420344,0.0,0.0,0.02070252769822062,0.0,0.0,0.0,0.0,0.0,0.0,0.0,0.0030974969377548056,0.0,0.0,0.0,0.014131561937188028,0.003379032309579512,0.013886305496230784,0.0,0.009772065016685136,0.010464633852991057,0.01317335917235884,0.0014039992641461457,0.0,0.0,0.0,0.019173958876612,0.02485047017952804,0.0,0.01903519878676799,0.028719467019212387,0.0,0.0359830791391705,0.0,0.0,0.0,0.0036433514857345927,0.0,0.0,0.0,0.0,0.0,0.00033755315465281246,0.0,0.0,0.0,0.004602189126152788,0.0,0.05683794974561453,0.0,0.04537404458100132,0.01400450367456458,0.07706938869827076,0.12491114980574229,0.04904526030962405,0.06314970843282854,0.04758869608940702,0.03984941643122745,0.07569456936792252,0.0,0.0033438480653554385,0.0,0.0,0.0,0.0,0.0,0.0,1.0639809666511575e-09,0.0,0.0,0.008859711746006489,0.0,0.0,0.0,0.0,0.0036921461693101365,0.0,0.0,0.0,0.0,0.0,0.0,0.028189878464402723,0.010519727170075264,0.0,0.0,0.0,0.0,0.021814159537084012,0.0,0.0,0.004912668795379732,0.0,0.019056432007112874,0.026481103256157698,0.0009400114821814206,0.0
2009-05-31,0.03362622355812015,0.022591054685600548,0.0,0.0,0.014484528404365758,0.0,0.0,0.0,0.0036616042934596218,0.0,0.0,0.0,1.3903961453880567e-09,0.0,0.0,0.0,0.013608804848223261,0.0,0.014283888503959886,0.0,0.004912253158412405,0.013290928937732925,0.009147460975908994,0.0,0.0,0.0,0.004010088793715566,0.019116258645301063,0.026040258537672,0.039320046648200525,0.04506015974678216,0.04548356767055924,0.0,0.05603473721272789,0.0,0.0,0.0,0.0,0.0,0.0,0.0,0.0,0.0,0.0,0.0,0.0,0.0,0.028862711049897353,0.0,0.04643637106603152,0.0,0.014621069859060282,0.0005885490742666351,0.06156089740499733,0.09231640595782972,0.03560597912652211,0.05115367931609001,0.03641574239988144,0.04169035932881076,0.06760271631042448,0.0,0.0,0.0,0.0,0.0,0.0,0.0,0.0,0.0017644383510443719,0.0,0.0,0.009595721966327209,0.0,0.0,0.0,0.0,0.00580576081897513,0.0,0.00045491763786060027,0.0,0.0,0.0,0.0,0.03910434312852006,0.019934424229826848,0.0,0.0,0.0,0.0,0.01996265806258012,0.0,0.0,0.0010200760975766785,0.009687053919605103,0.01612043168477625,0.02906707710422558,0.005956750093732227,0.0
2009-06-30,0.021177200357604654,0.008547414742892768,0.0,0.0,0.01601500560438296,0.0,0.0,0.0,0.0,0.0,0.0,0.0,0.00019662310610438262,0.0,0.0,0.0,0.014077666429739781,0.0030905162566953193,0.020085111380786412,0.0,0.008905320105083518,0.016333158817765668,0.010904386604057908,0.0,0.0,0.0,0.0009267523396538727,0.019537412682241906,0.02667499528383218,0.038215685575855425,0.04295766439573713,0.0392161227498402,0.0,0.05230267480725503,0.0,0.0,0.0,0.005181434359922016,0.0,0.0,0.0,0.0,0.0,0.0,0.0,0.0,0.0,0.001002354007545415,0.0,0.03760831967043453,0.0,0.024786439142690752,0.011080633700343146,0.06194028586337468,0.1022686874630158,0.02777087136812696,0.07372231424696828,0.04268001091012179,0.055356966358785564,0.10202237747609595,0.0,0.006297452840061872,0.0,0.0,0.0,0.0,0.0,0.0,1.171797025857005e-09,0.0,0.0,0.006938571785721347,0.0,0.0,0.0,0.0,0.0,0.0,0.0,0.0,0.0,0.0,0.0,0.019635432572405076,0.005512950189899747,0.0,0.0,0.0,0.0,0.009814439742277659,0.0,0.0,0.0,0.007314040339882871,0.017486287892481005,0.020401847149651875,0.00328862426584026,0.018725946243027265
2009-07-31,0.029424358873346726,0.02002435968794974,0.0,0.003981610364390376,0.025217683373500915,0.0,0.0,0.006309383176866972,1.2202733599343937e-09,0.0,0.0,0.0,0.007399343162054001,0.0037238995488232717,0.0,0.0,0.017880116116869304,0.01452924955077693,0.007254984140840578,0.0,0.01274970407642194,0.022559013177364994,0.012705028543088711,0.0,0.0,0.0,0.003546952846850715,0.009313446121026862,0.020983653780982596,0.039422447786018285,0.03479326432306391,0.030451238994829644,0.0,0.0415303649298412,0.0,0.0,0.0,0.0,0.0,0.0,0.0,0.0,0.0,0.0,0.0,0.0,0.0,0.0,0.0,0.026061756556218826,0.0,0.03866173519282413,0.0,0.06108636323210567,0.06462987810069992,0.04363192458483795,0.057187342163218906,0.037515704613426924,0.04812717613937114,0.06135114023194073,0.0,0.0,0.0,0.0,0.0,0.0,0.0,0.0,0.016091258321604962,0.0,0.0,0.013530812662731307,0.0,0.0,0.0,0.0,0.019192158510382785,0.0,0.0,0.0,0.013571959463998862,0.0,0.0,0.01574940426841926,0.0063247555591458785,0.0,0.0,0.0,0.0,0.0,0.0,0.0,0.0,0.0,0.006478829554140066,0.014464792838801272,0.009193275637151159,0.08334962857379911
2009-08-31,0.017690146211422952,0.009896858967565408,0.0,0.0,0.020564772069902912,0.0,0.0,0.0059515025421184855,0.0,0.0,0.0,0.0,0.0,0.0,0.0,0.0,0.005354758498659291,0.00961761615408752,0.00830127847413816,0.0,0.006015322951028535,0.02041867147568866,0.009136231061021167,0.0,0.0,0.0,0.0067475744618553475,0.004500980818467167,0.024260223195506046,0.005589346246646299,0.0400394514170427,0.0345056387342841,0.0,0.042085300782977175,0.0,0.0,0.0,0.0,0.0,0.0,0.0,0.0,0.0,0.00816439145156704,0.0,0.0,0.0,0.0,0.0,0.021337487874758164,0.0,0.032983017901824306,0.006396210448649432,0.06120088627903461,0.052071617596111085,0.05294859125785311,0.08289851419727812,0.0371720360850871,0.06785753096416931,0.09609380552921636,0.0,1.1558074262365088e-09,0.0,0.00598258899365445,0.0,0.005176844523486998,0.0,0.0,0.03482225853633468,0.0,0.0,0.021025886026508164,0.0034255469319669956,0.0,0.0,0.0,0.015730066332483125,0.0,0.0,0.0,0.0,0.0,0.0,0.01726806106182972,0.0110271627739595,0.0,0.0,0.0,0.0,0.0,0.0,0.0,0.0,0.0,0.0,0.0037536554662979146,0.022038847120756183,0.06994931742895434
2009-09-30,0.0,0.0,0.0,0.0,0.012630008810775181,0.0,0.0,0.004532968318260181,0.0,0.0,0.0,0.0,0.0,0.0,0.0,0.0,0.0,0.0016046174055087115,0.0,0.02277743386288142,0.0067898689007316,0.017443789367920143,0.00673589323472672,0.003514128983587012,0.0,0.0,0.010923431204092676,0.0,0.008013446391343378,0.029953562505589663,0.04354327454275349,0.02156685595205189,0.0,0.038557594595203054,0.0,0.0,0.0,0.0,0.0,0.0,0.0,0.0,0.0,0.009285765288940439,0.0,0.0,0.0,0.0,0.0,0.011405909063505576,0.0,0.01155618694439276,0.03507494232229839,0.043912747962743685,0.018358171023953367,0.02533518699128869,0.0767799490493582,0.003673964337690245,0.03523993597738805,0.0557988239179409,0.0,0.0,0.0,0.005606437292921544,0.0,0.009748396310341193,0.0,0.019512476020676687,0.06282906715726032,0.0,0.0,0.03009571837537054,0.010990015591966223,0.0,0.0,0.0,0.02293055283538742,0.005914862854921061,0.005478468162722585,0.0,0.012079095829220832,0.0,0.0,0.01599728324835894,0.019457528492348764,0.0,0.0,0.0,0.0,1.0463814731803035e-09,0.0,0.0,0.0,0.0,0.0,0.0,0.028200822275166768,0.19615081755203007
2009-10-31,0.0,0.0,0.0,0.0,0.004422532180864137,0.0,0.0,0.0,0.0,0.0,0.0,0.0,0.0,0.00047432924065588997,0.004898899153860637,0.0,0.0,0.01803003975460875,0.0,0.017233033310803034,0.0,0.0,0.0,0.0,0.0,0.0,0.0,0.0,0.0,0.0,0.006320322585789941,0.0,0.0,0.0,0.0,0.0,0.0,0.000537685167648906,0.0,0.0,0.0025784750735419752,0.0,0.004380346265441417,0.006291374693303279,0.0,0.0,0.0,0.0,0.004818035899403962,0.013741393601863282,0.0,0.043355263743056295,0.08283176498501905,0.01896104197344768,0.010103158003549766,0.029079873121113334,0.034902559600423315,0.0067513780067167935,0.029299138530402426,0.02725590448556709,0.0,0.024272012537591616,0.016604552946726952,0.0580085399484889,0.031855243157690866,0.08734429554760849,0.0,0.03943907027049906,0.03277542975879583,0.056602198536646664,0.0,0.01637536680668421,0.017608994146433323,0.0,0.0,0.0,0.0,0.0,0.015214975900186726,3.8189522730982304e-10,0.0010429480072124304,0.005452591549268404,0.0,0.0,0.0017721906319895506,0.0,0.0,0.0,0.01865260643313051,0.0,0.0,0.0,0.0008936382539962607,0.0,0.0,0.0,0.01563324580307942,0.19418555000499466
2009-11-30,0.0,0.0,0.0,0.0,3.755479639465163e-10,0.0,0.0,0.0,0.0,0.0,0.0,0.0,0.0,0.00536175751237775,0.004462123611565834,0.0,0.0,0.03401316369443232,0.0,0.0035303999716879645,0.0,0.0,0.0,0.001313043597947474,0.0,0.0,0.0,0.0,0.0,0.0,0.015540267240365158,0.0,0.0,0.003181013437552008,0.0,0.0,0.0,0.007754723809814672,0.0,0.0,0.009637162738212475,0.0,0.0005683585150377513,0.01806493110235313,0.0027536500336340806,0.0,0.0,0.0,0.00010379897936204313,0.0,0.0,0.0,0.0820047916577169,0.015674316132418428,0.0,0.0,0.012446599446617539,0.0,0.0050598735052608795,0.009745062822744064,0.0,0.001637904003132746,0.012684663658890578,0.05705149216514785,0.031086014227569153,0.05102439753034049,0.0,0.060994790880333716,0.03332934881057419,0.16690326156555355,0.027373543892365335,0.009842799662659078,0.028260536515007036,0.0,0.0,0.002769768654101397,0.0,0.008830419252591771,0.01364948614406497,0.0,0.0,0.0022499314042857886,0.0,0.0,0.008624329775126475,0.0,0.0,0.0,0.03618961967226594,0.0,0.004177183288375945,0.0,0.005824163980895928,0.0,0.0,0.0,0.006281306732069865,0.2
2009-12-31,0.0,0.0,0.0,0.0,0.0,0.0,0.0,0.0,0.0,0.0,0.0,0.0,0.0,0.007090181543010352,0.013324356035605937,0.0,0.0,0.02235020296336165,0.0,0.0,0.0,0.0,0.0,0.002921975271712186,0.0,0.0,0.0,0.0,0.0,0.0,0.01692977654516024,0.002819810468710272,0.0,0.003533022888141265,0.0,0.0,0.0,0.0,0.0,0.001842624590849823,0.0053285503615144395,0.0,0.011055144284296336,0.027247019935170716,0.006168889421600581,0.0,0.0,0.0,0.008322019892031941,0.0,0.0,0.0,0.033672391982552285,0.0028413443380001743,0.0,0.0,0.00394743536288262,0.0,0.0008953685341440775,0.006116969234147617,0.0,3.375675789685202e-10,0.029776743899069636,0.03758573601397491,0.014989186224348415,0.06557034001340921,0.0,0.06445082133572645,0.02475972325644105,0.18899120757604576,0.04422205520141641,0.011406222248247118,0.03193108534522252,0.0,0.0,0.008661827537913908,0.0,0.002195931009711926,0.019994873152811347,0.0,0.0,0.005350416318082971,0.0,0.0,0.0069202521443044555,0.014224906542745348,0.0,0.0,0.03161512134668333,0.0,0.004863551733538512,0.0,0.009037009877145733,0.0,0.0,0.0,0.0070459052327009365,0.2
2010-01-31,0.0,0.0,0.0,0.0,0.0,0.0,0.0,2.993788100468999e-10,0.0,0.0,0.0,0.0,0.0,0.013381322825602638,0.007756681703907301,0.0,0.0,0.008327480191091492,0.0,0.0,0.0,0.0,0.0,0.0,0.0,0.0,0.0,0.0,0.0,0.0,0.006259763400239341,0.0,0.0,0.0,0.0,0.0,0.0,0.0,0.0,0.0008614074732056414,0.005436934625736653,0.0,0.003580936765906312,0.010876750189602609,0.005862727200846276,0.0012198626857740857,0.0,0.0,0.012205153963034357,0.0,0.0,0.0,0.02121847501473406,0.0,0.0,0.0,0.0,0.0,0.0,0.008613634306617135,0.0,0.0,0.02217413306265526,0.028508582905720697,0.007996001476213106,0.029728662739928365,0.0,0.047969826007212696,0.02442708854132274,0.2,0.042654476602859266,0.015560465227666381,0.015435892020545709,0.016133753661707467,0.08889034435063636,0.012421449871326873,0.0,0.003520702292996929,0.011563119240861008,0.0024963878915542654,0.014583113067738488,0.014566356215140745,0.0,0.0,0.0018642612841319349,0.026406281754954342,0.0,0.0,0.043114928760223575,0.0,0.004048932408808543,0.0,0.010512986665030493,7.332917833972168e-05,0.0,0.0,0.011379783193333578,0.19836801093341472
2010-02-28,0.0,0.0,0.0,0.0057588657437562096,0.0,0.0,0.0,0.007792006205487086,0.0012736683147060923,0.0,0.0,0.0,0.0,0.011312444771090878,0.0,0.0,0.0,0.0,0.0,3.256518665988536e-10,0.0,0.0,0.0,0.0,0.008261125082263123,0.0,0.011062076679065334,0.0,0.0,0.0,0.0026959491356847117,0.0,0.0,0.0,0.0,0.0,0.0,0.0,0.0,0.0013394830133954356,0.005419324920362717,0.0,0.0,0.011822527693354892,0.004280548671447485,0.005650399190667105,0.0,0.01647824426749496,0.02124781779202846,0.0,0.0,0.0,0.013438702199030839,0.0,0.0,0.0,0.0,0.0,0.0,0.0,0.0,0.0,0.044154210551352685,0.006532789931811063,0.011796386043340403,0.033299088146888325,0.0,0.017978046157112435,0.010958270211418618,0.2,0.01976643455283976,0.009325401071139907,0.013184868417718707,0.013513138526731389,0.11251169453485553,0.03121197703284146,0.0,0.007096283570263303,0.0029294152953107683,0.012211308841336733,0.015817693391459817,0.012707425603181156,0.0,0.0,0.0013416672759749672,0.07429473749267661,0.0,0.0,0.05820242066729031,0.0,0.0,0.0,0.0,0.0008486491167825723,0.0,0.0,0.00747055261626932,0.15501435694591703
2010-03-31,0.0,0.0,0.0,0.004468908459229144,0.0,0.0,0.0,0.003648368317196802,0.0006918586192698659,0.0,0.0,0.0,0.0,0.0058269387237813285,0.0,0.0,0.0,0.0,0.007908927946391437,0.004980700334363425,0.0,0.0,0.0,0.0,0.01175184483631091,0.0,0.016530299303357962,0.0,0.0,0.0,0.0013342818367017115,0.0,0.0,0.0006211470143548412,0.0,0.0,0.0,0.0,0.0,0.0,0.013522629305911865,0.003451222055408607,0.0,0.006673231415831517,0.006630136032804678,0.004836899983291299,0.0,0.010665515683743203,0.022008120925218953,0.0,0.0,0.0,0.008617253167245065,0.0,0.0,0.0,0.0,0.0,0.0,0.003548921114902261,0.0,0.0,0.03653697593571788,0.0,0.011545325787057569,0.03959647544989198,0.0,0.013503061432928787,0.004386861690668706,0.18617546670979432,0.008880120932200392,0.002092808633648824,0.019758496445147232,0.008127111492140172,0.15358506121327856,0.05602685132342275,0.0,0.009936865395122433,0.00324079361695561,0.02116913738769563,0.015176222681413741,0.012489077512218534,0.0,0.0,0.0,0.06710496932755884,0.0,0.0,0.027283571247453918,0.0,0.0,0.0,0.0,0.0,0.0,0.0,3.6894460629453813e-10,0.16566754034142467
2010-04-30,0.0,0.0,0.0,0.003661846104663994,0.0065331039794995615,0.0,0.0,0.0,5.073152624795827e-10,0.0,0.0,0.0,0.0,0.011005883555102949,0.0,0.0,0.0,0.0,0.014599140162325715,0.012962833923122908,0.0,0.0016497307470431557,0.0,0.0,0.014064886286766472,0.0,0.02050718100233125,0.006790641079744159,0.010418022721198246,0.0,0.0008187927768611234,0.007576301305118813,0.0,0.0025534406705468122,0.0,0.0,0.0,0.0,0.0,0.0,0.005639229796215288,0.0,0.0,0.024772328636521353,0.0,0.0,0.0,0.0,0.0,0.0,0.0,0.0,0.033378068282046966,0.0,0.0,0.0,0.0,0.0,0.0,0.03022224774361624,0.0,0.00033557896021886634,0.041334392432182135,0.0,0.0355559009111295,0.11596754100161034,0.0,0.028531351506137927,0.01772150169963088,0.13865019766880948,0.016967188388323933,0.015737667102097758,0.028788370409554773,0.009425084187121182,0.10177420147061203,0.08620676352659612,0.0,0.001463823992933891,0.0006015493353144782,0.021703763526667443,0.014248170023097185,0.025487978365094116,0.0,0.0,0.0,0.02518603797754803,0.0,0.0,0.006885322279609418,0.0,0.007534129789733271,0.0,0.0,0.0,0.0,0.0,0.0,0.052739806165937035
2010-05-31,0.0,0.001860326009274966,0.007771160962317953,0.02448824480759626,0.008832696473691079,0.0,0.0,0.0,0.0,0.0,0.0,0.0,0.0,0.005009926084552443,0.0,0.0,0.0,0.0,0.013443549122781532,0.01008712063882481,0.0,0.0,0.0,0.0,0.016407475554088898,0.0,0.0409504087994357,7.915555254668888e-10,0.012979154428686029,0.0,0.011104340362854844,0.0183116501914933,0.0,0.013636302415957995,0.0,0.0,0.0,0.0,0.0,0.0025655335577516674,0.009247236279077586,0.004310817622155197,0.0,0.031135809404840915,0.0,0.0,0.0,0.008077489471323286,0.0,0.0,0.0,0.0,0.04927275465732927,0.0,0.0,0.0,0.0,0.0,0.0,0.03366400684424528,0.0,0.0,0.029772933680559586,0.0,0.022262763949641075,0.09305287294972635,0.0,0.012629771872415905,0.020751032128114962,0.09851232169534574,0.008348329729789682,0.007399315084534689,0.030997109184566374,0.01849718984648119,0.07993886770956711,0.08504632211293173,0.0,0.0,0.004864267281787037,0.04451956115842287,0.023541218092510287,0.0,0.0,0.0,0.0,0.04402384731041612,0.0,0.0,0.02659062272471912,0.0,0.0,0.0,0.0,0.019713346949222596,0.006382302059412942,0.0,0.0,0.0
2010-06-30,0.0,0.0,0.005498013861557644,0.02670315821304711,0.004370157745374059,0.0,0.0,0.0,0.00271020743095205,0.0,0.0,0.0,0.0,0.00910570157768069,0.0,0.0,0.0,0.0,0.0038610324293950823,0.0,0.0,0.0,0.0,0.0,0.005691512686155709,0.0,0.02824815619350018,0.00437750187154039,0.009662821866303866,0.0,0.00664388194302857,0.01824678346871077,0.0,0.018644738804358123,0.0,0.0,0.0,0.01981083773508926,0.0,0.0,9.948231735447501e-05,0.0,0.0,0.026169514546989257,0.0010118514596603391,0.0,0.0,0.012477362623407784,0.0005604491322896947,0.0086879381352392,0.0,0.0,0.08471478519373841,0.0,0.0,0.0,0.0,0.0,0.0,0.04171891517318821,0.0,0.011795958423735008,0.06232063216531981,0.001047952635096401,0.04876588063025322,0.12354471679762348,0.0,0.014818127654026991,0.022493708205497738,0.07228284134737435,0.010136267326102538,0.0,0.02771389120516408,0.0,0.03671664265188721,0.0853983514439387,0.0,0.0,0.0,0.055587418262238904,0.029711220549610718,0.0,0.0,0.0,0.0,0.03773468460607109,0.0,0.0,7.857271297214803e-10,0.005832150907610838,0.0,0.0,0.0,0.01508474999416085,0.0,0.0,0.0,0.0
2010-07-31,0.0,0.0,0.008117579905275467,0.024933656599020425,0.002726991939380355,0.0,0.0,0.0,0.0,0.0,0.0,0.0,0.0011652014495444742,0.0034692285614337836,0.0,0.0,0.0,0.0,0.010410462926678216,0.0033492496453165817,0.0,0.0,0.0,0.0,0.004670213419791801,0.0,0.026035661587832413,0.014294513845281367,0.01619285248399944,0.0,0.015722404880006983,0.024120161310823434,0.0,0.01957725322268535,0.0,0.0,0.0,0.019644445983283892,0.0,0.0,0.0051488375726919545,0.0,0.0,0.01314583695876169,0.0,0.0,0.0,0.058262772996064596,0.0,0.041052363623012095,0.0,0.0,0.10597270926227956,0.012950378352810448,0.009982817401955637,0.0,0.0032868200431755614,0.007205248656119006,0.005011989264633311,0.06133115950052291,0.0,0.02012137720078095,0.05548984753636041,0.0037294151453727926,0.07205279879192925,0.10036793512762669,0.0,0.0,9.48210696208942e-10,0.005660712110101857,0.0,0.0,0.017261322492745194,0.0,0.0,0.06293492131335095,0.0,0.0,0.0010267439806332557,0.06954793733142482,0.05576111189119692,0.0,0.0,0.0,0.0,0.006981427443813643,0.0,0.0,0.0,0.011283637294071846,0.0,0.0,0.0,0.0,0.0,0.0,0.0,0.0
2010-08-31,0.0,0.0,0.013008278919381397,0.020687423341302916,0.0,0.0,0.0,0.0,8.976887409225243e-10,0.0,0.0,0.0,0.0,0.007155249478600748,0.0,0.0,0.0,0.0,0.0,0.02137250570134995,0.0,0.0,0.0,0.0,0.006196268043653446,0.0,0.02666902902416187,0.009642771661646236,0.01886085734392995,0.0,0.02333932842576417,0.03283959551542342,0.0,0.022704067664221624,0.0,0.0,0.0,0.005924162401531509,0.0,0.0,0.012605129400437114,0.02581237084099034,0.0,0.017478991678266206,0.007547788841390646,0.010851116801094069,0.0,0.06398707660224184,0.0,0.024232816884780437,0.0,0.0,0.06172377394831003,0.0058378574920846735,0.0,0.0,0.0,0.0,0.0,0.0512102418847014,0.0,0.004540215389037641,0.04720090399128344,0.0,0.07170552092613956,0.06776463173998791,0.0,0.0012098105207675764,0.0018169627836748677,0.03066764351898207,0.01959002613770937,0.0050587020974527126,0.030385511682349032,0.0,0.0,0.10034123497962867,0.0,0.0,0.0,0.048441285967762475,0.04154650547360993,0.0,0.0,0.002351372639858438,0.0,0.016208337960011043,0.0,0.0,0.0,0.01701027612857126,0.0,0.0,0.0,0.004474355270221369,0.0,0.0,0.0,0.0
2010-09-30,0.0,0.00597626446504478,0.018424685608391434,0.0012268682365151533,0.0,0.0,0.0,0.0,0.0,0.0,0.0,0.0,0.0,0.0,0.0,0.0,0.0,0.0,0.009706694907639212,0.04083479313610801,0.0,0.0,0.0,0.0,0.00044531572570501534,0.0,0.019526910431899407,0.015713587685743248,0.030978223917251246,0.0,0.030854759489484084,0.03836030519020459,0.0,0.037319432812693745,0.0,0.0,0.0,0.0,0.0,0.0,0.001956966537388274,0.0,0.0,0.01578998487556814,0.0,0.0,0.0,0.057597531959137756,0.0,0.03876792386101009,0.0,0.0,0.08021432101715716,0.010309491250248038,0.005011891463011065,0.0,0.0005444529314450299,0.0,1.0597154524999194e-09,0.08392894661448744,0.0,0.0056644701792863805,0.028400920209619193,0.0,0.08467512360211389,0.07896848278290627,0.0,0.0024436721119262725,0.0,0.019368122748530964,0.018008377261959516,0.0,0.014848808911165851,0.0,0.0036626435095040303,0.0924785853778867,0.0,0.0,0.0,0.03435374844942002,0.015145640554807008,0.0,0.0,0.0037816611930181314,0.0,0.0,0.0,0.0,0.004168324946524948,0.008404521541351705,0.02359627007835304,0.0,0.00455198623194055,0.013989287133837234,0.0,0.0,0.0,0.0
2010-10-31,0.0,0.0,0.002639597293182202,0.0,0.0,0.0,0.0,0.0,0.0,0.0,0.0,0.0,0.0,0.0,0.0,0.0,0.0,0.0,0.0,0.046662047562513076,0.0,0.0,0.0,0.0,0.0,0.0,0.01113220765743864,0.009767349607178125,0.020839593850901155,0.0,0.020530364317376554,0.028626821771630607,0.0,0.019700359619990858,0.0,0.0,0.0,0.0,0.0,0.0,0.0,0.0,0.0,0.012703732397309356,0.0,0.0,0.0,0.09756707028338957,0.0,0.02620085866855412,0.0,0.015485451498983869,0.0839545513773102,0.010734395003014487,0.0,0.0,0.007523099830109159,0.0,0.0054531919499401695,0.08295143400086842,0.0,0.022860294655212256,0.03308189048845949,0.0,0.09964189164580244,0.07990493986003516,0.0,0.0020990819904415986,0.0017580602051973755,0.024037534960359513,0.016440610018265866,0.003676123662066468,0.007345636885709843,0.0,0.031491848049745544,0.05650448541389016,0.0,0.0,8.511344713555994e-10,0.04096738210787913,0.03235848701604634,0.0,0.0,0.0010269153425740702,0.0,0.003916443615426203,0.0,0.0,0.002161895181953548,0.01708657628778847,0.01249958906818107,0.0,0.00031267074806708926,0.002756569815996415,0.0,0.0,0.0,0.005598945440076891
2010-11-30,0.0,0.0,0.005337067350154622,0.0,0.0,0.0,0.0,0.0,0.0,0.0,0.0,0.0,0.0,0.0,0.0,0.0,0.0,0.0,0.0,0.0791307185811829,0.0,0.0,0.0,0.0,0.0,0.0,0.014903369679043002,0.005051614151177776,0.01839354575907272,0.056438908535257654,0.02421291306141793,0.03771714934129656,0.0,0.01830219440745534,0.00010513053540115481,0.0,0.0,0.016997759233316763,0.0,0.0,0.0,0.0015363833464631176,0.01164168983252722,0.01781839735481686,0.0005810409283265268,0.013404472227530675,0.0,0.11159799204402905,0.0,0.000560037080492409,0.0,0.009990437677102537,0.06245585938137242,0.01325414579880452,0.0,0.0,0.0,0.0,0.0,0.022827919914332435,0.0,0.01243192805696725,0.0,0.0,0.10170715538119003,0.0758032125726677,0.0,0.0019282230538040994,0.013784709405990681,0.014810929103487653,0.015369726057815137,0.0,0.00024021706638219215,0.0,0.02386130152275229,0.033762730405100555,0.0,0.0,0.0,0.041668381872588124,0.04173905234065324,0.0,0.0,9.591547827862854e-10,0.0,0.0,0.0,0.0,0.00642062480728553,0.01711713068984892,0.020107853523728857,0.0,0.029034030421263426,0.0,0.0,0.0,0.0,0.007954046538745365
2010-12-31,0.0,0.0,0.004374565896237621,0.0,0.0,0.0,0.0,0.0,0.0,0.0,0.0,0.0,0.0,0.0,0.0,7.340318983185332e-10,0.0,0.0,0.0,0.039405015461349925,0.0,0.0,0.0,0.0,0.0,0.0,0.0018443358528026242,0.0,0.005859618543498853,0.08334666193908462,0.015346178557048533,0.019075514256561597,0.0,0.005409453875085932,0.0006872425297960049,0.0,0.0,0.01900291568829868,0.0,0.002782937278484983,0.007594598395890116,0.010183584126301813,0.017221732128696248,0.021304726706511713,0.0,0.009515895767460446,0.0,0.12386357987918295,0.0,0.006240841140979064,0.0,0.02444362487087309,0.09468046767788513,0.004878684699360746,0.0,0.0,0.00034354035961003737,0.0,0.00905159032122215,0.03293961618742995,0.0,0.030194247188820154,0.028303545968000433,0.013366324962913949,0.13572542030326437,0.06931930729475334,0.0,0.008094494679333495,0.012870908642804048,0.01889977335247866,0.0033179409760332275,0.0,0.0,0.0,0.0,0.024212165060933075,0.0,0.0,0.0,0.01592117755984901,0.00011117571223686975,0.0,0.0,0.0,0.0,0.0,0.0,0.0,0.0,0.017457633355085055,0.0,0.0,0.012479118119129214,0.0,0.0,0.0,0.0,0.05032984395068041
2011-01-31,0.0,0.0,0.007224116867109393,0.0,0.0,0.0,0.0,0.0,0.0,0.0,0.0,0.0,0.0,0.0025553928716361522,0.0,0.007227535999430099,0.0,0.0,0.0,0.03070853087361075,0.0,0.0,0.0,0.0,0.0,0.0,0.0,0.0,0.0,0.036820145018840726,0.0,0.003574770003469412,0.0,0.0,0.0,0.0,0.0,0.014795480859327793,0.0,0.0,0.003276991368854196,0.0,0.019030969233311684,0.01982089352742293,0.0,0.0036127244114095257,0.0,0.05559751797097461,0.0,0.005269453335962786,0.0,0.009939290320956383,0.09465154884564302,0.0,0.0,0.0,0.0014214932332052824,0.0007839376666939229,0.015701721755032153,0.027062610569433827,0.0,0.03770099806523141,0.07102017398664859,0.03757823264304957,0.2,0.05485300036099381,0.0,0.030254041060813308,0.03619874987739013,0.03475264430742264,0.00893622054577855,0.0005548376058256628,6.423092269539025e-10,0.0,0.0005339144949980048,0.03896224955884466,0.0,0.0,0.0,0.01033699757722264,0.0004416786303742362,0.0,0.0,0.0,0.0,0.0,0.0,0.0,0.003701510921715527,0.013914942742428044,0.004404738426618641,0.0,0.006307937287039727,0.0,0.0,0.0,0.009168389237700572,0.04130361729527035
2011-02-28,0.0,0.0010338812199991666,0.017923019976711804,0.0,0.0,0.0,0.0,0.0,0.0,0.0,0.0,0.0,0.0,0.0,0.010638064817510496,0.010499189264788005,0.0,0.0,0.0,0.027129807210979663,0.0012298958183278126,0.0,0.0,0.0,0.0,0.0,0.003760410440609452,0.0,0.0002849397293733692,0.1023137261986816,0.0,0.006617693239035761,0.0,0.0,0.011122668294132674,0.0,0.0,0.05614695181900941,0.0,0.012233160521975116,0.015424091951811342,0.009675628481695071,0.03471218672124371,0.03079527731766911,0.010799688759316452,0.01761317489440975,0.0,0.07483867153987987,0.0,0.0,0.0,0.0,0.06353305843246278,0.0,0.0,0.0,0.0,0.0,0.0048666751081663856,0.0,0.0,0.01751463655161915,0.03605020555460622,0.0236770305597056,0.2,0.04240191537920576,0.0,0.01306404127619487,0.022709812125194337,0.02942535156306164,0.000992257018940951,0.0,0.0,0.0,0.0,0.01723690360353294,0.0,0.0,0.0,0.006141817889181563,0.016243267700750845,0.0,0.0,0.0,0.0,0.0,0.0,0.0,9.174564734079804e-10,0.0002475070004984687,0.004940293149942557,0.0,0.0,0.020729881340861324,0.0,0.0,0.017072446399835583,0.008360770211622924
2011-03-31,5.807821903687766e-05,0.006289991432947874,0.01592669659413774,0.0,0.0,0.0,0.007047880256944338,0.0,0.0,0.0,0.0,0.0,0.0,0.0033926800778658534,0.008753741378446233,0.012040688895191502,0.0022868990458990534,0.0,0.0,0.012333873140967982,0.00046747967982649683,0.0,0.0,0.0,0.0017739186001530056,0.0,0.00931463077770231,0.0,0.0,0.11993019694551582,0.0,0.0016455936760616991,0.0,0.0,0.00793335246487775,0.0,0.0,0.04499881319262926,0.0,0.010660153280537857,0.015563724364453045,0.01320947774866489,0.03895874837458292,0.008560885309253167,0.023793319966197976,0.038923558138413715,0.0,0.07986588847649431,0.008275682963652747,0.0,0.0,0.0,0.08216936520337757,0.0,0.0,0.0,0.0,0.0,0.007034865694294123,0.0,0.0,0.02247393663342061,0.03197922410270539,0.0464790305366098,0.2,0.03929325418572746,0.0,0.0,0.0056794610960794025,0.0,0.0,0.0,0.0,0.0,0.0,0.004148751465776759,0.0,0.0,0.0,0.0,0.0,0.0,0.0,0.0,0.0,0.0,0.0,0.0,5.849177830337933e-10,0.0,0.006350424797267164,0.0,0.014444670107464551,0.009944988268773752,0.0,0.0,0.011011479300509228,0.02698459502262204
2011-04-30,0.0,0.0014373107914237002,0.004153093342825992,0.0,0.0,0.0,0.002119621477100496,0.009473781312855624,0.0,0.0,0.0,0.0,0.0,0.0,0.0,0.0024198750341664875,0.0,0.0,0.0,0.010692700768082958,0.0,0.0,0.0,0.0,0.0002816103337768171,0.0,0.003998661433097575,0.0,0.0,0.0685787883371482,0.003559229742312,0.0,0.0,0.0,0.007718582267474485,0.0,0.0,0.07217599580510549,0.0,0.0,0.02268210668049998,0.011133763433325651,0.03584495789036753,0.003689481142979436,0.026973308994484513,0.04537676238005714,0.0,0.11270788275353914,0.004658937246464654,0.0,0.0,0.0,0.06702249602759953,0.0,0.0,0.0,0.0,0.014060415099096136,0.0,0.0,0.0,0.004603166611030619,0.013271547516905397,0.04541845006476858,0.2,0.08446569573937508,0.0,0.011831673664457339,0.002904939284886169,0.0014671022806205915,0.005770526800137558,7.655654044740133e-10,0.0,0.0,0.0029225686055821733,0.01818235774583641,0.0,0.0,0.0,0.0,0.0,0.0,0.0,0.0,0.0,0.0,0.0,0.03261014951913334,0.003496712162342651,0.0,0.015115781810939003,0.0,0.022505998656510397,0.0010357317642082772,0.0,0.0,0.0,0.0036382347139171326
2011-05-31,0.0,0.001984171779121948,0.004399762991179937,0.0,0.0,0.0,0.0,0.007750179035100057,0.0008223932403536886,0.0,0.0,0.0,0.0,0.0,0.0024900872163350313,0.0,0.0,0.0,0.0,0.009020535739696111,0.0029523232545923283,0.0,0.0,0.0,0.012688514422024955,0.0,0.007927178913006481,0.0,5.380848669158503e-10,0.09286476049203368,0.004150129874592334,0.0,0.0,0.0,0.0023352004895448725,0.0,0.0,0.042649025372144975,0.0,0.007033197366977665,0.03042540870975586,0.03036483395797185,0.02937284469742786,0.006240850048629028,0.01532451950437442,0.040857672817823106,0.0,0.11557848847880284,0.006857771260755977,0.0,0.0,0.0,0.03601834315438777,0.0,0.0,0.0,0.0,0.007295882840452238,0.0,0.0,0.0,0.0,0.01433612141603214,0.033219119364390086,0.2,0.061565127241140084,0.0,0.006944010222325031,0.0,0.006971694583192452,0.007176766370721456,0.006173818104602422,0.0,0.0,0.0225137407389365,0.011172172143400097,0.0,0.0,0.0,0.0,0.0,0.0,0.0,0.0,0.0,0.0038192089695417274,0.0,0.054969535853559764,0.014440723504693359,0.0,0.007728494003425824,0.0,0.03156539128886922,0.0,0.0,0.0,0.0,0.0
2011-06-30,0.0,0.0032273236281875777,0.0006370437850668655,0.0,0.0,0.0,0.0,0.017951816591739077,0.0,0.0,0.0,0.028549694523510923,0.0,0.0,0.0,0.0,0.0,0.0,0.0,0.005012727436677404,0.0,0.004936120389931127,0.0,0.0,0.010886546915014709,0.0,0.00870393530099936,0.0,0.0,0.13569826453467732,0.0,0.0,0.0,0.0,0.0004084237713747296,0.0,0.0,0.04341830611395592,0.0,0.0016808044457849365,0.02727163891995844,0.013571319879865094,0.03482907810051749,0.008264544908529386,0.009801941839888252,0.04752727199323709,0.0,0.06575882193753926,0.0024482178775192417,0.0,0.0,0.0,0.015252665753573964,0.0,0.0,0.0,0.0,0.0,0.0,0.0,0.0,0.0,0.004707897581362535,0.01096748658590849,0.19238583677190918,0.062442128666403404,0.0,0.014204502617199341,0.0,0.013006604326425378,0.005232863719883545,0.002028539615173685,0.0,0.007744975348058279,0.015152843055227358,0.020842156236644885,0.0,0.0,0.0,0.004957784460905236,5.185590935719824e-10,0.0,0.0,0.0,0.0,0.00045274711160836153,0.0,0.061345807866830894,0.02941652638473708,0.0,0.014903993442817329,0.0,0.04647766375428423,0.00789313328851367,0.0,0.0,0.0,0.0
2011-07-31,0.0027654579569198093,0.002621956815567232,0.0028638737729992365,0.0,0.0005402966603954614,0.0,0.0,0.049084547382235666,0.0,0.0,0.0,0.02211683656698668,0.0,0.0,0.0,0.0011321403992503151,0.0,0.0,0.0,0.0,0.0,0.0,0.0,0.0,0.014419511129099146,0.0,0.01663939997950649,0.0,0.0016735886747316644,0.1091615088120528,0.0,0.0,0.0,0.0,0.009933853177728592,0.0,0.0,0.0756706263875676,0.0,0.006824382482133462,0.021936941639834798,0.009681106139627962,0.03897803057054142,0.0038520134929275365,0.017034026879667385,0.03482719058670007,0.0,0.05220032788684423,0.0,0.0,0.0,0.0,0.023774947445079547,0.0,0.0,0.0,0.0,0.0,0.0,0.0,0.0,0.0,0.012164373267439403,0.014299123032621512,0.19904582421206435,0.07482026328641488,0.0,0.010291178086243085,0.0,0.00626497381339359,0.003958820923320263,0.0,0.0,0.004805631644183703,0.00885273445116762,0.017453333698132064,0.0,0.0,0.0,0.01950480411484126,5.892480230761506e-10,0.0,0.0,0.0,0.0,0.0,0.0,0.046813402616660636,0.032684558200577904,0.002122968183738695,0.004445038260950352,0.0,0.023608199305279028,0.0011322074753266395,0.0,0.0,0.0,0.0
2011-08-31,4.968801848821609e-10,0.0032097844302266584,0.002475751704950187,0.0,0.0,0.0,0.0,0.0642797478416193,0.0005323540455935668,0.0,0.0,0.020884117022853574,0.0,0.0,0.0,0.00437940291473204,0.0,0.0,0.0,0.0,0.003194892937415016,0.0,0.0,0.0,0.02006322453329441,0.0,0.018942094903113625,0.0,0.0,0.14324752936333596,0.0,0.0,0.0,0.0,0.011403414941700286,0.0,0.0,0.07789937550620145,0.0,0.01668074862560078,0.028752233269185263,0.03484765210480345,0.038927376048176705,0.00503218197510576,0.024705606939839187,0.04233779531702018,0.0,0.040765915174416946,0.015455528559603226,0.0,0.0,0.0,0.011369896420317379,0.0018404384618103274,0.0,0.0,0.0,0.0,0.0,0.0,0.0,0.0,0.0,0.010970248468497163,0.1713173562568033,0.04678035425440863,0.0,0.0074960885190654926,0.0,0.006235546963821655,0.0023405403717837265,0.001747573814931706,0.0,0.0037942863898002875,0.0,0.00507739698019575,0.0,0.0,0.0,0.02497931228573113,0.003682764090037807,0.0,0.0,0.0,0.0,0.004368113210210574,0.0,0.027618902590035223,0.034859398940935905,0.0021241225749851146,0.0,0.0,0.015380930750960904,0.0,0.0,0.0,0.0,0.0
2011-09-30,0.005934483497403736,0.007906301889062942,0.006039164253862198,0.0,0.0,0.0,0.0,0.08595625719045906,0.0,0.0,0.0,0.014956396163729424,0.0,0.0,0.0,0.009033126679036187,0.0,0.0,0.0,0.0,0.0022243181811723955,0.0,0.0,0.004203102287776236,0.019482884353293102,0.0,0.030649519413478415,0.004041439729565728,0.010835031407835333,0.1197703132582906,0.0,0.0,0.0,0.0,0.01098159240069844,0.0,0.0,0.08784293731236403,0.0,0.009393734720892149,0.013691665963201583,0.019579418247806873,0.02238407987733193,0.010574304890299226,0.01757898258823936,0.019028037433987243,0.0,0.045035581378789,0.0,0.0,0.0,0.0,0.02210059046242978,0.014156443994281438,0.025715030551959926,0.0,0.0,0.0033167275425514415,0.0,6.157773635740738e-10,0.0,0.0,0.0051255455189010935,0.018525884301363635,0.1471804341218449,0.052951931496676825,0.0,0.0007782518127068532,0.0,0.0,0.0,0.0,0.0,0.0,0.0,0.010936079671884143,0.0,0.0,0.0,0.024146739255083555,0.0,0.0,0.0,0.0,0.0,0.0,0.0,0.020396239879551446,0.02101215334669991,0.0,0.005133837953499041,0.0,0.04880464382678972,0.0025967925294235424,0.0,0.0,0.0,0.0
2011-10-31,0.022050047168868468,0.026790597758666435,0.019148812403905667,0.0,0.0,0.0,0.0,0.148327842183472,0.0,0.0,0.0,0.01356313299359009,0.0,0.0,0.0,0.02360437445319606,9.29700480520457e-05,0.0,0.0,0.0,0.006669889080074555,0.0,0.0,0.011177161647785537,0.027049350590311716,0.0,0.051567888304892194,0.024411569782296135,0.03094550502258525,0.07775661032566977,1.2338096780252849e-09,0.004541026697126139,0.0,0.0045868358460764746,0.0072974058935664655,0.0,0.0,0.08708284323759768,0.0,0.0,0.003195806573392241,0.0074794637503199715,0.0023456906342572354,0.012719271055048546,0.001671659389289802,0.0,0.0,0.023182888574521627,0.0,0.013431317323425486,0.0,0.0,0.010737881263645865,0.01269710861721262,0.044910637841121405,0.0,0.0,0.010349367913718984,0.00557799531233747,0.004412925496575908,0.0,0.0,0.0,0.01238315854178329,0.12934386420643823,0.04908829274943588,0.0,0.0,0.0,0.0,0.0,0.0,0.0,0.0,0.0,0.0,0.0,0.0,0.0,0.041211431849352144,0.0,0.0,0.0,0.012837520654497215,0.0,0.0,0.0,0.0,0.0,0.001608374442956538,0.0,0.0,0.00888614430869279,0.0052653348304343255,0.0,0.0,0.0,0.0
2011-11-30,0.010125291913587466,0.03045232174576103,0.016507922103144543,0.0,0.002617871223597485,0.0,0.0,0.12899067759639166,0.0,0.0,0.0,0.01161529722917757,0.0,0.0,0.0,0.018430207237011317,0.010570821104831946,0.0,0.0,0.005553451590435242,0.017624703482236968,0.009413441153762692,0.007983033085644388,0.0304689903749902,0.03312671796446397,0.0,0.05198872360296359,0.023550507947206104,0.02497671743382061,0.11046065773513046,0.0,0.008292738151485513,0.0,0.007933860670334563,0.024168789183743503,0.0,0.0,0.07721064243603752,0.0,0.0,0.0,0.007540141083124199,0.01329452028328501,0.001535152199109342,0.013832145636104066,0.0,0.0,0.0,0.0,0.011154743017690467,0.0,0.0,0.0,0.016346875578939515,0.03838224265837185,0.0,0.0,0.012731521111661587,0.0009771268263330283,0.0,0.0,0.0,0.0,1.0965492951879435e-09,0.04185699745808238,0.051683221491213356,0.0,0.0,0.0,0.0,0.0,0.0,0.0,0.0,0.0,0.0,0.0,0.0,0.0,0.05809954743384862,0.0,0.0,0.0,0.008394888477053764,0.0,0.0,0.0,0.009212940429602553,0.014551865354054581,0.0,0.0,0.0,0.03278657901827447,0.005556105880943684,0.0,0.0,0.0,0.0
2011-12-31,0.016745750311477445,0.020932443189141156,0.012120177102482746,0.018632371220125225,0.004784221996588155,0.0,0.0,0.15802482648784885,0.0,0.0,0.0,0.016436416338137427,0.0,0.0,0.0,0.004768110381848461,0.009677372529109348,0.0,0.0,0.0028269234497714053,0.013618317423849918,0.00491748718265213,0.0036359728794508914,0.018148923273194072,0.04042501004315599,0.0,0.06551967563574386,0.017195901462112945,0.035860685921277106,0.09825622147282022,0.0,0.02010684752831517,0.0,0.013434623956021411,0.0,0.0,0.0,0.024532806078776663,0.0,0.0,0.0,0.0,0.010587947038744343,0.022727140390764178,0.023021967463584505,0.0,0.0,0.013081974281464856,0.0,0.01767090022498709,0.0,0.0,0.0,0.03380526383751055,0.06034421719126921,0.0,1.1586168368713792e-09,0.017827811949815205,0.0,0.0,0.0,0.0,0.0,0.010394370876106519,0.01616844540885708,0.04904978610025407,0.0,0.0,0.0,0.0,0.0,0.0,0.0,0.0,0.0,0.0,0.0,0.0,0.0,0.044621304297870416,0.0,0.0,0.0,0.011930186225421567,0.0,0.0,0.0,0.014899754617225668,0.01773890896485358,0.008656479302284865,0.0,0.0,0.006872454806468815,0.0,0.0,0.0,0.0,0.0
2012-01-31,0.015730052828642378,0.025477791163698867,0.013581204436265497,0.0,0.005172018590668033,0.0,0.0,0.10636155337341019,0.0,0.0,0.0,0.0,0.0,0.0,0.0,0.004498879517907158,0.007447269525871899,0.0,0.0,0.016603447016669177,0.016234690578661864,0.0,0.0,0.018058393728363976,0.03758220398916926,0.0,0.06771512908875447,0.03556964494131838,0.046853071776864895,0.029417110658735455,0.019488900238651994,0.019891303491765877,0.0,0.02988416494054364,0.0,0.0,0.0,0.0068822486895244025,0.0,0.0,0.0,0.0,0.0,0.020054200500916098,0.006407220752684273,0.0,0.0,0.013230805265686455,0.0,0.019669380312736334,0.0,0.0,1.2080255385728157e-09,0.05134165117703508,0.06235125212741927,0.0,0.005868051048624912,0.015510813911506442,0.003523444322052308,0.02250022774505697,0.0,0.0,0.0,0.01053855997098446,0.05174020203243719,0.053285406365512,0.0,0.0,0.0,0.0,0.0,0.0,0.0,0.0,0.0,0.0,0.0,0.0,0.0,0.038680463731687584,0.0,0.0,0.0,0.027421287105787995,0.006962938177885265,0.0,0.0,0.013477298226947609,0.015190394704464602,0.02346949168133455,0.0,0.0,0.016327831055727576,0.0,0.0,0.0,0.0,0.0
2012-02-29,0.006096446135777039,0.008842950113636448,0.0,1.3341066905012497e-09,0.006160294781151498,0.0,0.0,0.05980584486475937,0.0,0.0,0.0,0.003477824193211519,0.0,0.0,0.0,0.0010516414130611312,0.0,0.0,0.0,0.042261754108053405,0.009602667219679019,0.0031563873678207626,0.0,0.006384019957511387,0.03261908615773735,0.02020013338573614,0.05006725138291351,0.014360151321034385,0.04433629569966131,0.037467220451682395,0.02152155704772254,0.02909547832602136,0.0,0.03949549695147544,0.0,0.0,0.0,0.017055025405108722,0.0,0.0,0.0,0.0,0.0,0.018081438878044104,0.000218182408353839,0.0,0.0,0.0,0.0,0.023986057699470934,0.0,0.0,0.0,0.050910618621992164,0.07933812198100432,0.0,0.0,0.010528210945847273,0.0,0.033108975873808025,0.0,0.0,0.0,0.0,0.05331687185051293,0.04826473068726284,0.0,0.0,0.0,0.0,0.0,0.0,0.0,0.0,0.0,0.0,0.0015152645441415566,0.0,0.002692454373430206,0.043962526167532295,0.0,0.0,0.0,0.01853786409281492,0.004202344344518277,0.0,0.0,0.049606483576808136,0.030648745967723726,0.03392383046872191,0.0,0.0,0.04153500038923133,0.0,0.0025647495109196155,0.0,0.0,0.0
2012-03-31,0.011715360092354004,0.010971782426464264,0.0037323134954168813,1.3682398744859908e-09,0.0063858967863969236,0.0,0.0,0.04816655745587595,0.0,0.0,0.0,0.006443267379062133,0.0,0.0,0.0,0.0049607826005837515,0.0,0.0,0.0,0.06627206268689106,0.011535331248920559,0.019720189699380365,0.0015979634945718915,0.014841468425781273,0.03216046818869339,0.03617763565045163,0.04182069595738551,0.02017273967289775,0.04494680451623682,0.08870671846297198,0.008029524501682104,0.04169236710070098,0.0,0.05604367805741619,0.0,0.0,0.0,0.02169406191113813,0.0,0.0,0.0,0.0,0.010844188862258894,0.013735471647594862,0.0,0.0,0.0,0.0,0.0,0.01872681795388005,0.0,0.0,0.0,0.03340447227809094,0.05004505253350135,0.0,0.0,0.0,0.0,0.02849812673952737,0.0,0.0,0.0,0.0,0.0,0.04212893068060196,0.0,0.0,0.0,0.0,0.0,0.0,0.0,0.0,0.0,0.0,0.0009280479310527383,0.0,0.0,0.034451964402950945,0.0,0.0,0.0,0.01667316765617972,0.007402130725218069,0.0,0.0,0.042307935196509334,0.015102689980964151,0.027998564307630078,0.0,0.0,0.05518108714663053,0.0,0.0033565411849326896,0.0014271395929629416,0.0,0.0
2012-04-30,0.012481033697578277,0.012673556026494998,0.011015724843550113,0.009268310973547925,0.0,0.0,0.0,0.027415184314767516,0.0,0.0,0.0,0.011568989453925154,0.0,0.0,0.0,0.004956856636947163,0.0,0.0,0.0,0.07512816655765696,0.003435809713348917,0.013231913245738412,0.0,0.0059443459580824564,0.03724967432257144,0.0698358871388543,0.03994217191419111,0.016768572185063127,0.046090305418024044,0.10797157781395636,0.0007239659704228755,0.04306397821416475,0.0,0.052303721877728665,1.4910872620588479e-09,0.0,0.0,0.038718142920114614,0.0,0.0,0.0,0.0,0.017499130000238703,0.02372335876734622,0.0,0.0,0.0,0.0,0.0,0.0,0.0,0.0,0.0,0.02526951340516062,0.022356364987733236,0.0,0.0,0.0,0.0,0.02474838240005752,0.0,0.0,0.0,0.0,0.0,0.0,0.0,0.0,0.0,0.0,0.0,0.0,0.0,0.0,0.0,0.0,0.003581204008628444,0.0,0.012367808952335238,0.015610226773109116,0.0,0.0,0.0,0.02584267663174175,0.00925741275448736,0.0,0.0,0.03402110270546772,0.00045180113952880273,0.04207487335279255,0.0,0.0,0.055891200103404655,0.008504407449106736,0.005024055452002393,0.0049089713629765575,0.0,0.029079619066065862
2012-05-31,0.015847336848331832,0.01404271578823391,0.009398971891748119,0.01039321540294218,0.0,0.0,0.0,0.03546945340266401,0.0,0.0,0.0,0.021291505255940528,0.0,0.0,0.0,0.008808319434064349,0.001446900488773388,0.0,0.0,0.08245703918155192,0.013758042512581281,0.004187630380666603,0.0,0.011566144824803072,0.05916051337155699,0.045961415939443154,0.041783574039972515,0.010938527310050326,0.04578066603222664,0.08520036444688196,0.014544559493715685,0.05001264949326223,0.0,0.05969644341919071,0.0,0.0,0.0,0.01621724658174331,0.0,0.0,0.0,0.0,0.015505880722380039,0.015840804603107557,0.0,0.0,0.0,0.0,0.0,0.0,0.0,0.0,0.0,0.03229173062666699,0.009569076927298793,0.0,0.0,0.0,0.0,0.03828731435669627,0.0,0.0,0.0,0.0,0.0,0.0,0.0,0.0,0.008329235799573623,0.0,0.0,0.0,0.0,0.0,0.0,0.0,0.003407752283518014,0.0,0.021790421982568215,0.018691048972111712,0.0,0.0,0.0,0.02428010275852053,0.0,0.004414111222989262,0.0,0.02483884263778168,0.0,0.05195618040350184,0.0,0.0,0.044545064444942474,0.004357275485106853,0.01762174603850436,0.006310173835775039,0.0,1.3586119520486885e-09
2012-06-30,0.01893169654024681,0.018496573168069238,0.012758710450239807,0.014023120426735166,0.0,0.0,0.0,0.017866084134477232,0.0,0.0,0.0,0.0010234322898283257,0.0,0.0,0.0,0.0,0.0018142167945497801,0.0,0.0,0.0873592129869419,0.008448665083699002,1.4332387334320723e-09,0.0,0.010813036099328958,0.058798345254030424,0.05436607516609296,0.042452292754989115,0.014399204111206704,0.0562923034219776,0.09664696524964234,0.00014383038601264205,0.04743782780930321,0.0,0.06314835769339182,0.0,0.004937257489615877,0.0,0.008780553507552606,0.0,0.0,0.0,0.0,0.0,0.005731452637862163,0.0,0.0,0.0,0.0,0.0,0.004258294136827304,0.0,0.0,0.0,0.0392212189552597,0.043478892851736985,0.0,0.0016398578733038557,0.0,0.010940099423059846,0.033754264980944235,0.0,0.0,0.0,0.0,0.0,0.0,0.0,0.0,0.009299849447791315,0.0,0.0,0.0,0.0,0.0,0.0,0.0,0.004887823793277007,0.0,0.014833994352050333,0.0,0.0,0.0,0.0,0.019588512805161263,0.0,0.003837890207596665,0.0,0.05106994518429594,0.0,0.047740403517092175,0.0,0.0,0.05156157391557498,0.011749630266421764,0.006944878456239564,0.0005236549443346858,0.0,0.0
2012-07-31,0.026734599746397324,0.020518960733063144,0.020896080117312137,0.0013398149952688655,0.0019797557508877623,0.0,0.0,0.02265748794731918,0.0,0.0,0.0,0.0,0.0,0.0,0.0,0.0,0.00971876544407819,0.0,0.0,0.06453337394357347,0.01022245461630245,0.006422123516860643,0.0013506455880677034,0.016803435600447923,0.03336978337739504,0.035747884603070275,0.037370014901916694,0.01911795357914263,0.04484433400300124,0.06657441911618962,0.021470995489896744,0.04845802639872838,0.0,0.05737438209967769,0.012669121832504017,0.020948871670574847,0.0,0.017491774842687897,0.0,0.0,0.0,0.0,0.0,0.0,0.0,0.0,0.0,0.0,0.0,0.0019116483975762876,0.0,0.0,0.0,0.025496204916414685,0.04247187108312183,0.0,0.0,0.0,0.0,1.2012720096173003e-09,0.0,0.0,0.0,0.0,0.0,0.0,0.0,0.0,0.01286978781005048,0.0,0.0,0.0,0.0,0.0,0.0,0.0,0.01632203543875463,0.0,0.02521190703690881,0.0,0.0,0.0,0.0,0.02329164745429979,0.007243035200543062,0.0071516185352877085,0.0,0.04003684475902423,0.0,0.042452812002458616,0.0,0.0,0.04592569188049131,0.03340191905112819,0.03499415012944048,0.0226037651888641,0.0,0.0
2012-08-31,0.025678172692209185,0.01795966263778054,0.012620929817438606,0.008763925771832064,0.0035160053177460656,0.0,0.0,0.01507937741634065,0.0,0.0,0.0,0.0,0.0,0.0,0.0,0.0,0.00725445890785647,0.0,0.0,0.0528138501637784,0.0073009838847865344,0.006150227770978037,0.00023146263676963636,0.004557593283152582,0.06362040806810333,0.05777180420520419,0.03723339111516957,0.012241953139248654,0.03449177763284196,0.0996360022562997,0.023215490503858932,0.042372921119914225,0.0,0.06736287868401213,0.030773828334113133,0.039587485089540235,0.0,0.015418567646136316,0.0,0.0,0.0,0.0,0.013337392427948569,0.002049148722872011,0.0,0.0,0.0,0.0,0.0,0.0,0.0,0.0,0.0,0.019783884183313408,0.0,0.0,0.0,0.0,0.0,0.0,0.0,0.0,0.0,0.0,0.0,0.0,0.0,0.0,1.311889456014369e-09,0.0,0.0,0.0,0.0,0.0,0.0,0.0,0.01703291105962437,0.006124902147534819,0.033299265807650746,0.0,0.0,0.0,0.0,0.009973191866133713,0.0016648008664090763,0.0064783025993412095,0.0,0.06765636330780168,0.0,0.0592986409373751,0.0,0.0,0.010393169126461398,0.042829682900796105,0.014115856845906832,0.01030932779383034,0.0,0.0
2012-09-30,0.0008956691947388691,0.002824242774889766,0.0005286663551090491,0.03139340189461953,0.0,0.0,0.0,0.011724871702302346,0.0,0.0,0.0,0.009064853330321527,0.0,0.0,0.0025925964231777753,0.0,0.005557592998278044,0.0,0.0,0.031563197927921685,0.0,0.0,0.0,0.0019217051301471473,0.04655438249286717,0.021339389398329463,0.01657835245068298,0.0,0.004713852252004602,0.16490137199131294,0.01205000557082379,0.017604432882959077,0.0,0.03274086209673634,0.058201333331828954,0.07428617971753003,0.0,0.044168885608541784,0.0,0.0006893953196336432,0.0,0.0,0.03242728885594271,0.0022659151460397917,0.0,0.0,0.0,0.0,0.0,0.0,0.0,0.0,0.0,0.022931151235975895,0.016012760808136125,0.0,0.0,0.0,0.0,0.004017512500712988,0.0,0.0,0.0,0.0,0.00742803069850567,0.0,0.0,4.63627794063754e-05,0.014829283284160711,0.0,0.0,0.0,0.0,0.0,0.0,0.0,1.0037521819009963e-09,0.0037748759394527587,0.031062719575517476,0.0,0.0,0.0,0.0,0.0,0.0,0.011677716594472068,0.0,0.1157931767523237,0.0,0.03572136454266822,0.0,0.0,0.04708233906348154,0.042831348048550766,0.01912564574967114,0.0010772665764732976,0.0,0.0
2012-10-31,0.01687498162960416,0.010747742854821801,0.0070634013415463055,0.023524052485483667,0.0,0.0,0.0,0.012012673537376757,0.0,0.0,0.0,0.0,6.778572666777813e-07,0.0,0.0,0.0,0.008767956224522339,0.0,0.0,0.04660530399228334,0.0,0.0,0.0,0.0012260537700309827,0.0481939452575954,0.02558735043024244,0.029014616241572425,0.005129248718208806,0.01195487100237271,0.03434550362566777,0.023162024422303897,0.02137273789239364,0.0,0.04059391792875261,0.030451127675983878,0.057592492365115426,0.0,0.048302262699477246,0.0,0.0,0.0,0.0,0.008968048653555043,0.0,0.0,0.0,0.0,0.0,0.0,0.0,0.0,0.01892238726453267,0.01250211011850859,0.0504821832681348,0.03980140673334955,0.0,0.0,0.0,0.0,0.0009976761275576626,0.0,0.0,0.000646863580852278,0.00864061099708459,0.03513491945670522,0.0,0.0,0.0,0.014468880070521014,0.0,0.0,0.0,0.0,0.0,0.0,0.0,1.1291150736399414e-09,0.0,0.016902538663631474,0.0,0.0,0.0,0.0,0.0,0.0,0.0030291647786704046,0.0,0.092371638627715,0.0,0.0409418953183348,0.0,0.0,0.03731454549140329,0.050402545415889365,0.05220170764276993,0.013747934709047092,0.0,0.0
2012-11-30,0.011623208321138175,0.0050318811577614525,0.0067003171864598,0.00874060650878383,0.0,0.0,0.0,0.0007020924205366285,0.0,0.0,0.0,0.0,0.013416187069613615,0.0,0.009090147290670682,0.003345515936593297,0.0,0.0,0.0,0.05005599980678073,0.0,0.0,0.0,0.0,0.0379960508302202,0.01963434357180411,0.012508556279450696,0.007781211598166446,0.011276515206553123,0.06313318072293402,0.029064455944154483,0.018896717273694852,0.0,0.04883126879233243,0.03243199008173601,0.07307715652018251,0.0,0.08585020798230361,0.0,0.0,0.0,0.0,0.0,0.0,0.0,0.0,0.0,0.0,0.0,0.0,0.0,0.026066728151004474,0.018969443090531977,0.03721052197933939,0.004111676142717755,0.0,0.0,0.0,0.0,0.015193119266680903,0.0,0.0,0.0018753568249972083,1.175578916189715e-09,0.043382514797218705,0.0,0.0,0.0,0.024072582041575964,0.0,0.0,0.0,0.0,0.0,0.0,0.0,2.069315709301046e-05,0.0,0.007315183454590282,0.0,0.0,0.0,0.0,0.0008144170658476728,0.0,0.00483273981517854,0.0,0.07281898207164113,0.0,0.026824553009428712,0.0,0.0,0.049501128057506075,0.0737965059269759,0.04257141749332319,0.0014348259768994882,0.0,0.0
2012-12-31,0.0013929924082607926,0.0,0.0020147945936721725,0.015529124017690608,0.0,0.0,0.0,0.01983191405013196,0.0,0.0,0.0,0.0,0.016394515293828512,0.0,0.01003992403178553,0.0,0.0,0.0,0.0,0.03406585466466669,0.0,0.0,0.0,0.0,0.021122915687562405,0.004123665255027772,0.0012884809606847972,0.003124333075907684,0.005766160055074978,0.09171435009816249,0.014045885577808608,0.012566238666191751,0.0,0.029253857956722532,0.05402682463867093,0.08155555857592121,0.0,0.1089944606607093,0.0,0.0012154477927452845,0.0,0.0,0.0,0.0,0.0,0.0,0.0,0.0,0.0,0.0,0.0,0.053374290687681444,0.024050069682509084,0.04593711906373512,0.016065640078977407,0.0,0.0,0.0,0.0,0.006628118210623812,0.0,0.0,0.007270134907487337,0.0,0.03259872626903322,0.0,0.0,0.004378393133734534,0.029323873018831142,0.0,0.0,1.0417572281278103e-09,0.0,0.0,0.0,0.0,0.0018125391043851014,0.0,0.012812150878213186,0.0,0.0,0.0,0.0,0.0,0.0,0.002799816754752735,0.0,0.06497394215435005,0.0,0.025302040756446716,0.003372358259398062,0.0,0.04540382118331004,0.04830108651701376,0.03034134993463142,0.017187230301902567,0.0,0.0
2013-01-31,0.006705755173724772,0.00973935511389527,0.02006035997384957,0.017214653507134813,0.0,0.0,0.0,0.06942837036158833,0.0,0.0,0.0,0.0,0.008394465545552518,0.0,0.0,0.0,0.0,0.0,0.0,0.028557271164780063,0.0011012515166153327,0.0,0.004486498645921549,0.00397023441296564,0.021874578503594214,0.01427952290606369,0.005567691809102406,0.0236716466116819,0.022588259028617535,0.05778298205389808,0.01519409461021903,0.008635561412372782,0.0,0.02670733809558685,0.05654136731861532,0.08572793516334197,0.0,0.09014436121211213,0.0,0.0,0.0,0.0,0.0,0.0,0.0,0.0,0.0,0.029067491893599775,0.0,0.0,0.0,0.05287073970853124,0.0023208929426049092,0.033912818286730574,0.008598716591823327,0.0,0.0,0.0,0.0,0.0,0.0,0.0,0.014490100270987821,0.0,0.0,0.0,0.0,0.0,0.025583576182829658,0.0,0.0,0.001611054544362785,0.0,0.0,0.0,0.0,1.2501528296204495e-09,0.0,0.022354518510046783,0.0,0.0,0.0,0.0,0.005772664784360374,0.0,0.0,0.0,0.055602724506221377,0.0,0.033271655708386805,0.002159810179457294,0.0,0.018610150876528307,0.052691213775571774,0.022722517131771834,0.019985798714798633,0.0,0.0
2013-02-28,0.003640030160000931,0.006274437763564726,0.0,0.008954951098978236,0.0,0.0,0.0,0.05853046835243127,0.0,0.0,0.0,0.010647273116215508,0.0,0.0,0.0,0.0,0.0,0.0,0.0,0.014338178590904962,0.0,0.0,0.0,0.0,0.02279815524313026,0.009033451438474881,0.017005176185685606,0.010431375457592889,0.015288445291608579,0.045946858632651584,0.02217271618629965,0.013941152047447348,0.0,0.03693611065332164,0.09518457188556556,0.09551183384786845,0.0,0.08581349100432765,0.0,0.0,0.011280220496335994,0.0,0.0,0.0,0.0028621821484488092,0.00331013824561489,0.0,0.048373546700772964,0.0,0.0,0.0,0.02998700811294018,0.0,0.023203912991986514,0.006442816387370103,0.0,0.0,0.0,0.0,0.0,0.0,0.0,0.0018945082286907764,0.0,0.0,0.0,0.0,0.0,0.03867006038063327,0.0,0.0,0.0015116893793893295,0.0,0.0,0.0,0.0,0.007924329572387605,0.003606370646077621,0.022802683963799936,1.2057254111091412e-09,0.0,0.0,0.0,0.00040896428571922215,0.0,0.0,0.0,0.06972504721285826,0.0,0.02664312470500474,0.005097902202776622,0.0,0.025236847056178086,0.053093817569398905,0.028908752529398028,0.01656739902242312,0.0,0.0
2013-03-31,0.003944912974578375,0.01115201831410739,0.002802406671309809,0.012092672905947054,0.0,0.0,0.0,0.09987810644703606,0.0,0.0,0.0,0.017400895044864355,0.0,0.0,0.0,0.0,0.0,0.0,0.0,0.0,0.0,0.0,0.0003263119647325736,0.0,0.014383816700595613,0.0,0.011662938647835967,0.009271196585395792,0.01634434430463596,0.04122751628769855,0.03858972404854913,0.016139281931482733,0.0,0.0455691763743579,0.08127098705226238,0.09649446730615835,0.0,0.08720618371590232,0.0,0.011255842169585471,0.024701116323634083,0.006367337810230644,0.0,0.0008457290479741628,0.022139861455567022,0.035129298330260676,0.0,0.0561577778410609,0.0,0.0,0.0,0.020629493261045295,0.0,0.011641617800184849,0.0,0.0,0.0,0.0,0.0,0.0,0.0,0.0,0.0,0.0,0.0,0.0,0.0,0.0,0.030996868740049758,0.0,0.0,0.003202024255367799,0.0,0.0,0.0,0.0,0.005905092118143698,0.005723903588845307,0.017723646445837526,0.0,0.0,0.0,0.0,0.0,0.0,0.0,0.0,0.04635540771776657,1.0292431496193489e-09,0.012731441853192822,0.005558494696532537,0.0,0.008966188685275442,0.03657186462400854,0.01767189093843198,0.013968143990311504,0.0,0.0
2013-04-30,0.0027404809643882316,0.009999731892346903,0.010104711376014635,0.011698749398080036,0.0,0.0,0.0,0.07885795757038239,0.0,0.0,0.0,0.009858850873642083,0.0,0.0,0.0,0.0,0.0,0.0,0.0,0.0,0.0,0.0,0.0018318131083153498,0.0,0.009400044498357492,0.0062377792215104,0.00839852116524083,0.00784330389173317,0.009141531656245283,0.04345774874075072,0.03858544246002621,0.015304658957358766,0.0,0.03607802624261272,0.07510271663196699,0.10367733270352351,0.09309967056363354,0.06845019270837063,0.0,0.0,0.013718412158213216,0.0023264446861983273,0.0,0.01039565228992552,0.013229276564311667,0.04000185761492677,0.0,0.041527853504213744,0.0,0.0,0.0,0.0006089873403178744,8.888026873824486e-10,0.0,0.010034061811889927,0.0,0.0,0.0,0.0,0.0,0.0,0.0,0.0,0.0,0.0,0.0,0.0,0.0,0.02024155213321544,0.0,0.0,0.0,0.0,0.0,0.0,0.0,0.01599283250766294,0.021585067624377494,0.02263796569575385,0.0,0.0,0.0,0.0,0.0,0.0010355581579767953,0.0,0.0,0.05508901147998897,0.0,7.394273672160514e-05,0.009414889831439687,0.0,0.0,0.04809763048392581,0.014979326124433324,0.01914041174120447,0.0,0.0
2013-05-31,9.019336241231594e-10,0.010647726368473429,0.004165828795080442,0.006696147315189417,0.00043089531157677554,0.0,0.0,0.08481265505654925,0.0,0.0,0.0,0.01613190080485773,0.0,0.0,0.0013587613246587894,0.0,0.0,0.0,0.0,0.0,0.0,0.007821966998149186,0.007871766543834563,0.0,0.013231048384642148,0.0032828163103612524,0.010884064632583871,0.009052877026147686,0.0072030011791864995,0.07891234135510294,0.04781821006485629,0.013518411773067887,0.0,0.03254873310287172,0.07114848520110802,0.09540827105833102,0.08193993508235037,0.05733966694250745,0.0,0.0033135481830411035,0.02577711483671408,0.0,0.0,0.017663269704908616,0.013278218207722363,0.02320544728950484,0.0,0.013257958059319291,0.0,0.0,0.0,0.0,0.0,0.0,0.0,0.0,0.0,0.0,0.0,0.0,0.0,0.0,0.0,0.0,0.0,0.0,0.0,0.0,0.011239591888232932,0.0,0.0,0.0,0.0,0.0,0.0,0.0,0.010012997123119016,0.028858130171527566,0.02199434364837806,0.0,0.0,0.0,0.0,0.0,0.0,0.0,0.0,0.04644937543100199,0.00850853024041895,0.004242668899373978,0.014483284311648888,0.0,0.0,0.03669927232483162,0.025915824108350433,0.032874914038485956,0.0,0.0
2013-06-30,0.0,0.008347004534046578,0.0032874864360732574,0.03099529160169037,0.0,0.0,0.0,0.0637377556293552,0.0,0.0,0.0,0.03997289459788119,0.0,0.0007079957348516728,0.0,0.0,0.0,0.0,0.006768740693423956,0.0,0.0,0.0,0.004307512131926646,0.0,0.0136401499713363,0.010687249584242744,0.0,0.0009334735705119232,9.439171770314573e-10,0.0828619899919793,0.0335448982571245,0.009558589705986173,0.0,0.03220356575853472,0.07236970046632449,0.07218985948858533,0.08789974485208558,0.03634324274691787,0.0,0.0023332096159745814,0.035250078948359784,0.0007814384686200526,0.0,0.028835162655398157,0.02996680163863683,0.03219608244973154,0.0,0.0,0.00011505413272138728,0.0,0.0,0.0,0.0,0.0,0.0,0.0,0.0,0.0,0.0,0.0,0.0,0.0,0.0,0.0,0.0,0.0,0.0,0.0,0.0,0.0,0.0,0.0,0.0,0.0,0.022526582350771672,0.0,0.008685914689071417,0.02145013021641141,0.020105915484165085,0.0,0.0,0.0,0.0,0.0,0.0079121786398439,0.0013893299259244197,0.0,0.06565756476432463,0.030452613738113237,0.006296374286215728,0.001567412934347824,0.0,0.0,0.023922557904680404,0.02237818229651583,0.02782026816337724,0.0,0.0
2013-07-31,0.0014050242910539678,0.006675569673815004,0.010364406417233154,0.032498220478427556,0.0,0.0,0.0,0.06954493553764837,0.0,0.0,0.009851027557449597,0.04742451346275794,0.0,0.0,0.0,0.0,0.0,0.0,0.028666540615319345,0.0,0.0,0.004802268384782037,0.007667151908687872,0.0,0.000925876997964097,0.00471365265510288,0.0,0.0,0.00044904822255767456,0.10833271018010818,0.0456156596548378,0.01758996687756408,0.0,0.030005050527779527,0.03949712769048323,0.05311500937908505,0.0591376847765473,0.019857126521873554,0.0,0.0,0.024161114973742615,0.0,0.0,0.019762608962098437,0.03291820702233654,0.023031029249915402,0.0,1.1034827040946605e-09,0.006258099279853437,0.0,0.0,0.0,0.0,0.0,0.0,0.0,0.0,0.0,0.0,0.0,0.0,0.0,0.0,0.0,0.0,0.0,0.0,0.0,0.0,0.0,0.0,0.0,0.0,0.0,0.05118750208972603,0.0,0.009807687903744403,0.01523902299268472,0.026702202648032657,0.0,0.0,0.0,0.0,0.008658451367360818,0.013152640295827175,0.0120415868397242,0.0,0.06304655940916636,0.014191864162708614,0.007820489897367293,0.0,0.0,0.0,0.021572532374623334,0.021595639861055487,0.03071418775547157,0.0,0.0
2013-08-31,1.1934391274977479e-09,0.00657266704251621,0.011722722339910804,0.030556550751175526,0.0,0.0,0.0,0.08806761923877947,0.0,0.0,0.022890555861203223,0.040375389835584224,0.0,0.0,0.0,0.0,0.0,0.0,0.028614838596578797,0.0,0.0,0.0,0.0040314955319421435,0.0,0.0,0.0004752557653632259,0.014330498743646005,0.0,0.006749538753151885,0.10032087151559542,0.057540857569578316,0.014437495763695348,0.0,0.022759112021529963,0.021000032584799256,0.04102705194173727,0.046757467649977486,0.013109493825994347,0.0,0.005039332829947538,0.03539520378543024,0.0,0.0,0.005117792162094202,0.03560377930106981,0.02625875647978114,0.0,0.011825272437868052,0.0,0.0,0.0,0.0,0.0,0.0,0.0,0.0,0.0,0.0,0.0,0.0,0.0,0.0,0.0,0.0,0.0,0.0,0.0,0.0,0.0,0.0,0.0,0.0,0.0,0.0,0.03003600726781161,0.0,0.022795327078479494,0.02605166923219249,0.034418596300557595,0.00275636285536953,0.0,0.0,0.0,0.008137177101689482,0.031234455031602385,0.01789711122299236,0.0,0.05126572507753884,0.020029558348302664,0.015915021309456066,0.0,0.0,0.0,0.007909389300245246,0.014071256073635225,0.02690269027773795,0.0,0.0
2013-09-30,0.0,1.2196002625575652e-09,0.01756147660644816,0.04173142026653479,0.0,0.0,0.0,0.0826772659867382,0.0,0.0,0.068660399030653,0.03204217123942007,0.0,0.0,0.0,0.0,0.0,0.0,0.03215872798220406,0.0,0.0,0.0,0.010820377463974077,0.0,0.00011932440410227201,0.005402111603438803,0.00347832847165434,0.0,0.0014336599061533176,0.08962580021453738,0.0518811477761248,0.011349138913506605,0.0,0.01591029074487859,0.022670649425667468,0.03529561753156661,0.023119973330854377,0.009221623090523719,0.03410715040406761,0.008477339463937425,0.045566075439160636,0.0,0.0,0.0110832015821543,0.03352184040127932,0.021939282018332378,0.0,0.020472828463989505,0.004343475183686214,0.0,0.0,0.0,0.0,0.0,0.0,0.0,0.0,0.0,0.0,0.0,0.0,0.0,0.0,0.0,0.0,0.0,0.0,0.0,0.0,0.0,0.0,0.0,0.0,0.0,0.002846876017012019,0.0,0.01847679720100121,0.03908460767687475,0.02802068619792088,0.0,0.0,0.0,0.0,0.009829506854462032,0.023963423887702288,0.03207828404230758,0.0,0.04928895981141778,0.02967116704030506,0.017524554741428087,0.0,0.0,0.0,0.0009921596468638594,0.0,0.013552278717516152,0.0,0.0
2013-10-31,0.0,0.0,0.008793709952798727,0.03130400696321302,0.006600424735176655,0.13902955283476293,0.0,0.044887902582821874,0.0,0.0,0.07154168944791499,0.05333190293721617,0.0,0.0,0.0,0.0,0.0,0.0,0.07134581657144345,0.0,0.0,0.0,0.006686817979685383,0.0,0.0,0.0,0.00047874974551518625,0.0,0.0,0.09963623719487875,0.042500124449637876,0.004319025101554362,0.021556465845195154,0.004362081014304849,0.016068748807737895,0.004177313090438526,0.00917576045014165,0.0008554214214221526,0.013085858862695489,0.013976288480034904,0.036361677933506836,0.003105806294004561,0.0,0.02056111979217889,0.03162542366296647,0.018416300072466373,0.0,0.02401040226103774,0.0045226996351807516,0.0,0.0,0.0,0.0,0.0,0.0,0.0,0.0,0.0,0.0,0.0,0.0,0.0,0.0,0.0,0.0,0.0,0.0,0.0,0.0,0.0,0.0,0.0,0.0,0.0,0.0,0.0,0.010922868028692924,0.02120091866140032,0.02241486694359781,0.0054202776224403235,0.003251024789706936,0.0,0.0,1.0312329205595438e-09,0.026833835434915985,0.02118996376175225,0.0,0.035163463013613214,0.0251511195396764,0.02024182390505172,0.0,0.0,0.0,0.0,0.0,0.005892509147987729,0.0,0.0
2013-11-30,0.0,0.0,0.015588739939271021,0.031259960242447274,0.013160934319267,0.14749946252727583,0.006851071411907229,0.029235945765873003,8.643411285451378e-10,0.0,0.0784750543823627,0.05178520426884581,0.0,0.0,0.0,0.0,0.0,0.0,0.05935750224455686,0.0,0.0,0.0,0.011442559004449092,0.0,0.0,0.0,0.011472094992790933,0.0,0.0,0.10424807740140435,0.03367459042314565,0.009801056176451455,0.012983703220238372,0.0,0.02201626680761003,0.00506385831462751,0.0074305984647149445,0.0,0.011913366221389934,0.013950475908424683,0.03849320185947299,0.017301067567952598,0.003340599597227379,0.006413632031544461,0.029461462763160258,0.01866016208492544,0.0,0.03953650126648486,0.003036456251739462,0.0,0.0,0.0,0.0,0.0,0.0,0.0,0.0,0.0,0.0,0.0,0.0,0.0,0.0,0.0,0.0,0.0,0.0,0.0,0.0,0.0,0.0,0.0,0.0,0.0,0.0,0.0,0.01170323196482448,0.02333032583483609,0.013345443717346422,0.006748336225878678,0.011488904182203646,0.0,0.0,0.0021398677450973347,0.016495173838443275,0.016841293511841087,0.0,0.03190235311942504,0.018670567340666775,0.013880896195534903,0.0,0.0,0.0,0.0,0.0,0.0,0.0,0.0
2013-12-31,0.0,9.97844476853286e-10,0.013965223418872288,0.020315593694025115,0.009717387654981901,0.14288840518867818,0.0008635257755526914,0.021732820075431078,0.0007147794657757735,0.0,0.14846163813415908,0.028052933183554816,0.0,0.0,0.0,0.0,0.0,0.0,0.08889225926565321,0.0,0.0,0.001738733132050314,0.0043488303695777214,0.0,0.0,0.0,0.022773129678931917,0.0,0.0,0.09365770213050614,0.054641956472813044,0.014466584773148586,0.008562531423882767,0.0020987766760427935,0.032595303073365216,0.017022534338429728,0.016889064575942112,0.0,0.02484151782655792,0.012152684172379899,0.03615132968558683,0.02418369745791931,0.003360875296421759,0.0,0.02307057459891474,0.009017506658347295,0.0,0.031237313218684122,0.0,0.0,0.0,0.0,0.0,0.0,0.0,0.0,0.0,0.0,0.0,0.0,0.0,0.0,0.0,0.0,0.0,0.0,0.0,0.0,0.0,0.0,0.0,0.0,0.0,0.0,0.0,0.0,0.004196263076763553,0.01855955971459265,0.0036081937624023314,0.0014150513970647175,0.0,0.0,0.0,0.0002231466814043529,0.015428574351192152,0.007271677046143632,0.0,0.02214872165342185,0.01038888220761824,0.008344717695365851,0.0,0.0,0.0,0.0,0.0,0.0,0.0,0.0
2014-01-31,0.001041638735227914,0.0,0.01483351594963461,0.024125218220697173,0.0,0.14528543944526365,0.0,0.03879318043042992,0.0,0.0,0.14539161626614683,0.01945296124357684,0.0,0.0,0.0,0.0,0.0,0.0,0.09752549282579656,0.0,0.0,0.00013015044350339196,0.006008169960072422,0.0,1.198949892906372e-09,0.0,0.024439340872106485,0.0,0.0,0.1060174387214699,0.06494929235569499,0.0074237418311935,0.021276472420797166,0.0,0.01678755351904684,0.013719674819292338,0.01841554558991369,0.0,0.0076341913652296055,0.0030872885331431265,0.01381003226093049,0.012010034497164155,0.0,0.0,0.022136621092802233,0.013101646371790444,0.0,0.00931467511873141,0.0,0.0,0.0,0.0,0.0,0.0,0.0,0.0,0.0,0.0,0.0,0.0,0.0,0.0,0.0,0.0,0.0,0.0,0.0,0.0008031020043594707,0.0,0.0,0.0,0.0,0.0,0.008649798121890213,0.008325912891056855,0.0,0.005941194081966703,0.020731301813833793,0.00555752896014119,0.006954337746091027,0.0007103070307763674,0.0,0.0,0.006669732932013003,0.020185211450516344,0.033722531024104434,0.0,0.018709781573867715,0.005425733985768018,0.010902592295009214,0.0,0.0,0.0,0.0,0.0,0.0,0.0,0.0
2014-02-28,0.0,0.0,0.005612227181527548,0.02352423841881627,0.0,0.12856925403342342,0.0003990481232900764,0.020426786610888502,0.0,0.0,0.15030243213067218,0.0038046600054008704,0.0,0.0,1.0852653950362503e-09,0.0,0.0,0.0,0.07295305011106822,0.0,0.0,0.01094416182975059,0.01172226975934417,0.0,0.012104885906080774,0.0,0.048876018447654705,0.0,0.0,0.10404785753317693,0.055743268220993986,0.012949185671694133,0.037543186173416586,0.0,0.015398998404404715,0.0,0.008201951349790721,0.0,0.014834724504803927,0.0036786763056731293,0.00978941495252201,0.018943771580478715,0.0011142336936867333,0.0,0.026751400787827617,0.0007027193818857324,0.0,0.0,0.0,0.0,0.0,0.0,0.0,0.0,0.0,0.0,0.0,0.0,0.0,0.0,0.0,0.0,0.0,0.0,0.0,0.0,0.0,0.0,0.0,0.0,0.0,0.0,0.0,0.028291972896892354,0.03652583962686729,0.0,0.00027847736267093897,0.0006366337260735916,0.0,0.015040942567606993,0.0,0.0014620913710471884,0.0,0.0023700944415734077,0.016116722200060035,0.04143294323316777,0.0,0.029250566978699433,0.0,0.00842463948465486,0.0,0.0,0.006021278769592317,0.0,0.011782724860422283,0.0034266502771339137,0.0,0.0
2014-03-31,0.0,0.0,0.0,0.0321520607401093,0.0100527403186395,0.120124177982932,0.00012288200107673667,0.0,0.0,0.0,0.15310689291541782,0.0,0.0,0.0001965882839068312,0.0,0.0,0.0,0.0,0.07207142948231918,0.0,0.0025289495880874485,0.009844158471773135,0.024974894062504922,0.0,0.0,0.0,0.029300204185512903,0.0,0.0,0.05911245632500565,0.03857316985097017,0.0008799452820297912,0.018286774025303203,0.0,0.0024177044929993485,0.0,0.0,0.0,9.662338146650752e-10,0.010477279548919336,0.02598651008254971,0.021848536713637467,0.0,0.0,0.04947077577174877,0.007348012904421652,0.0,0.008942519776122279,0.026705480240691623,0.0,0.0,0.0,0.0,0.0,0.0,0.0,0.0,0.0,0.0,0.0,0.0,0.0,0.0,0.0,0.0,0.0,0.029706336910742783,0.0,0.0,0.0,0.008141912238944872,0.0,0.0,0.023404777427216705,0.03634397088915563,0.0,0.0,0.0,0.0,0.006034537504725662,0.0,0.006512826630210347,0.0,0.0031931451073845154,0.025834717798242753,0.04011492377043243,0.0,0.02697348283017876,0.007104789250419304,0.020070385375695016,0.0,0.0,0.01756429358650337,0.0,0.01566426211757853,0.0058351549758256195,0.00297633957383112,0.0
2014-04-30,0.0,0.0,0.0007168381816330009,0.03335516883572557,0.0,0.10776609630860096,0.0023581840163477952,0.0,0.0,0.0,0.10126799000100387,0.0011970184659525404,0.0,0.010261947010771063,0.0,0.0,0.0,0.0,0.09261381774090838,0.0,0.0,0.0,0.013953655217438786,0.0006766036558596411,0.0,0.0,0.011193612711843434,0.0,0.0,0.05862896101359116,0.03594737759907017,0.0,0.009109846456850739,0.0,0.021217745045472424,0.0,0.0069522938702817364,0.0,7.928610472297412e-10,0.010088593371568625,0.01492557431908816,0.019463355005090267,0.0004960920668422229,0.0,0.05348068982932026,0.024884367958385882,0.0,0.0301009023983513,0.03791359052199983,0.0,0.0,0.0,0.0,0.0,0.0,0.0,0.0,0.0,0.0,0.0,0.0,0.0,0.0,0.0,0.0,0.0,0.08684373732055548,0.0,0.0,0.0,0.004219210727729913,0.0,0.0,0.026144007851958796,0.03289296237378166,0.0,0.0,0.0008342670736710854,0.0,0.022550820866755434,0.0179047853756852,0.008691002152105573,0.0,0.0,0.016011345519092453,0.02191673013442494,0.0,0.024138438309411463,0.0,0.005327702438906871,0.0,0.0,0.016800378756382912,0.0,0.010305493950751378,0.006848794753928019,0.0,0.0
2014-05-31,0.0,0.0,8.242707709966705e-10,0.022717570629182476,0.0,0.07257794496050622,0.0,0.0,0.0,0.0,0.13418912149805326,0.00015104567971690566,0.0005503614545209461,0.01208347504037081,0.0037903647595670907,0.0,0.0011382876495200627,0.0,0.06130572182253291,0.0,0.0,0.0,0.021479519671956503,0.008509570316224293,0.0,0.0,0.032809151748089294,0.0,0.0,0.055519350700362846,0.035218681028183915,0.002894298768442961,0.019905803416264523,0.0,0.014875440485304349,0.0,0.0017514727593744184,0.0,0.021414601296099987,0.013464285074947327,0.022591323742736917,0.024742205608394352,0.0,0.0,0.04513482297325796,0.025943225899605887,0.0,0.04528949238250531,0.029597443848343306,0.0,0.0,0.0,0.0,0.0,0.0,0.0,0.0,0.0,0.0,0.0,0.0,0.0,0.0,0.0,0.0,0.004893396376962864,0.1469486733884126,0.0,0.0,0.0,0.005633527942117721,0.0,0.0,0.02885306856547992,0.01135066306255774,0.0,0.0,0.0,0.0,0.005481288605553791,0.022330866691092306,0.0027850840757092507,0.0,0.0,0.0023647578597204206,0.02030187056608474,0.0,0.014759183173544948,0.0006679201369962646,0.0,0.0,0.0,0.003985115517431933,0.0,0.0,0.0,0.0,0.0
2014-06-30,0.0,0.0,0.005366581323387491,0.022234487312992143,0.0,0.06810382113716587,0.009930931628422693,0.0,0.0,0.0,0.054816724153604404,0.0,0.007252279094969328,0.011427719265875769,0.0021357556368328443,0.0,7.048426219182247e-10,0.0,0.0523611631315111,0.0,0.0,0.0,0.014326700791485385,0.016263621311146656,0.01354844218026031,0.0,0.03789847916232189,0.0,0.0,0.08137061322668657,0.032938599308870185,0.0,0.02107819371073164,0.0,0.02445423081286837,0.0,0.012202770818439982,0.0,0.028341109740544355,0.011986262303367764,0.01853038293158897,0.01733234653689094,0.0,0.0,0.03591699215885341,0.029868137571642524,0.0,0.02387089576733597,0.03002013427082837,0.0,0.0,0.0,0.0,0.001311003681270231,0.015257499066966556,0.0,0.0,0.0,0.0,0.0,0.0,0.0,0.0,0.0,0.0,0.0,0.15862727449645467,0.0,0.0,0.0,0.0,0.0,0.0,0.03255675547033644,0.012111021908536022,0.0,0.0,0.0,0.0,0.007360380837228502,0.020399383931136498,0.005005759947723026,0.0,0.0,0.002578644301752891,0.025255631189091042,0.0,0.01748171624959106,0.008527534962776393,0.0,0.0,0.0,0.009950017963669105,0.0,0.0,0.0,0.0,0.0
2014-07-31,0.0,0.0,0.0017896632472522084,0.019722372723648268,0.0,0.07077975962559818,0.009127448475325695,0.0,0.0,0.0,0.06429203164541245,0.0,0.003343367167471709,0.012433553929520249,0.003056271811233104,0.0,0.0,0.0,0.047927420931682015,0.0,0.0,7.152045145200967e-10,0.006978895260452455,0.010422621758295105,0.031198860107418257,0.0,0.01262900610416528,0.0,0.0,0.08392520926442035,0.03540206879857475,0.0,0.03618687602558051,0.0,0.006721218787569154,0.0,0.00010797171354542514,0.0,0.02434415100795111,0.00979868163843058,0.017998045728703546,0.01789407254793037,0.0,0.0,0.0394175007345194,0.03222254585623653,0.0,0.024555728157910104,0.042065811777219235,0.0,0.0,0.0028644658598497756,0.0,0.0031296814407269654,0.01105537911903389,0.0,0.0,0.0,0.0,0.0,0.0,0.0,0.0,0.0,0.0,0.017351884463365216,0.17399980074765356,0.0,0.0,0.0,0.0,0.0,0.0,0.0399736291213781,0.03809960085652293,0.0,0.0,0.0,0.0,0.0,0.024021030189563808,0.0,0.0,0.0,0.0,0.012647273093464853,0.0,0.009082123639562375,0.0014957907150025386,0.0,0.0,0.0,0.0,0.0,0.0012683926232463741,0.0006697925893590415,0.0,0.0
2014-08-31,0.0,0.0,8.534495427199755e-10,0.009186073910602482,0.0,0.06410566611415817,0.004168155247115359,0.0,0.0,0.0,0.02593376293176031,0.006073840034760714,0.0,0.013692013260026505,0.0,0.0,0.0,0.0,0.06934605042963135,0.0,0.002054474833722976,0.0,0.0,0.004459943788297865,0.02845871867845404,0.0,0.015668923645736743,0.0,0.0,0.10546024061739982,0.03885524884459121,0.001322547361081607,0.029050120210591484,0.0,0.013547424395141545,0.0,0.013049642272321544,0.0,0.03660842614859602,0.005354313777264223,0.013336065658480112,0.01719557901265911,0.0,0.0,0.03638916772587863,0.04099425832295895,0.0,0.026442697716789386,0.04148086447300887,0.0,0.0,0.0,0.0,0.0,0.0025103137438328223,0.0,0.0,0.0,0.0,0.0,0.0,0.0,0.0,0.0,0.0,0.0019894309216906985,0.09920859128102037,0.0,0.0,0.0,0.00024092987045544427,0.0,0.0,0.07281711442410273,0.09514409584103686,0.0,0.0,0.011360957317370008,0.0,0.0,0.011853946252940154,0.0,0.0,0.0,0.002780776066256721,0.009767423188134124,0.0,0.022786805893781837,0.0,0.0,0.0,0.0,0.003415605760144491,0.0,0.0026228367743225084,0.00126695240043279,0.0,0.0
2014-09-30,0.0,0.0,0.0,0.0023465312337894273,0.0,0.05805537217435632,0.0035209696440461785,0.0,0.0,0.0,0.031040364346708052,0.0,0.005309393484065706,0.010362213223008922,0.0,0.0,0.0,0.002471357779900832,0.02894435281015676,0.0,0.0017399992651764187,0.0,0.0,0.0029964856807850513,0.031674141001385415,0.0,0.021458303477691985,0.0,0.0,0.08322875526868742,0.048839170692206446,0.008738845655570867,0.03443445890052939,0.0,0.02656061881677818,0.013191736865504521,0.020620859523986686,0.0,0.05537558790270948,0.0,0.011178284390128109,0.011461463335961744,0.0,0.0,0.02244128566084058,0.027478170571489567,0.0,0.01779636513197349,0.033247709088565267,0.0,0.0,0.01508353642905755,0.0,0.0,0.026892443613879102,0.0,0.001543805844094821,0.0,0.0,0.0,0.0,0.0109124773991248,0.0,0.0,0.0,0.010393811974037234,0.0525464612270734,0.0,0.0,0.0,0.0,0.0,0.0,0.06118996159428501,0.1419427524194457,0.0,0.0,0.011005984470118729,0.0,0.0,0.010460798063510031,0.0,0.0,0.0,7.726286698665299e-10,0.011703204036362954,0.0,0.025729914270034328,0.0,0.0,0.0,0.0,0.0,0.0,0.0,0.006082051960344822,0.0,0.0
2014-10-31,0.0,0.0,0.0,8.686213913793177e-10,0.0,0.029001443043298526,0.0,0.0,0.0,0.0,0.025206133961783055,0.0,0.007414106809350445,0.011780212009467257,0.0,0.0,0.0,0.0,0.05799851418774101,0.0,0.007514702989592717,0.0,0.0,0.007921143350052513,0.04326629651330884,0.000988535766744613,0.021197893006082782,0.005857185820052518,0.0017806862681932236,0.07790325459686004,0.06549351965816595,0.017246249439938143,0.04483897953839781,0.0065350678790679784,0.0028398493148664716,0.008010662954865092,0.01545044978637464,0.0,0.0647379785008783,0.0,0.009976698847861806,0.0012322457998409152,0.0,0.0,0.015782520480553532,0.020962247501540465,0.0,0.009519499983131355,0.017256759790441063,0.0,0.0,0.0,0.0,0.0,0.021930364938875537,0.0,0.0,0.0,0.0,0.0,0.0,0.0,0.0,0.0,0.0,0.0,0.041110305995092564,0.0,0.0,0.0,0.0,0.0,0.0,0.05548898831616314,0.163126484783742,0.0,0.0,0.015020844944624521,0.0,0.0,0.002528174895200701,0.0,0.0,0.0,0.009547157850567343,0.022008313415698588,0.0,0.03342299155449974,0.0,0.0,0.0,0.0,0.01789959222277495,0.0,0.0012075067451776593,0.018996435670510802,0.0,0.0
2014-11-30,0.0,0.0,0.0,0.008668067127708878,0.0,0.033423480089802005,0.0,0.0,0.0,0.0,0.003589040404192802,0.0,0.0,1.138105286821885e-09,0.0,0.0,0.0043324895755008875,0.0,0.012079317518769409,0.0,0.003873851570823258,0.0,0.0,0.0,0.06338321005953229,0.006724037860990974,0.013393127183422017,0.007519498330588022,0.00994558942710663,0.09242999179153284,0.059939614033872525,0.015583516358690014,0.0811191780507059,0.007049310872144833,0.0033902453553767836,0.003784765737377927,0.00742176635599125,0.0,0.03813945305004463,0.005797183351185128,0.0,0.0,0.0,0.009422879434019128,0.007709735751233866,0.0,0.0,0.0,0.0005703571067064112,0.0,0.0,0.0,0.0,0.010467257873994329,0.02310989296455986,0.0,0.0,0.0,0.0,0.0,0.0,0.0,0.0,0.0,0.0,0.0,0.05458906429062932,0.0,0.008751513701766965,0.0,0.0,0.0,0.0,0.07664805908570685,0.2,0.0,0.0007869868895183399,0.02399423732771344,0.0,0.0,0.0,0.0,0.0,0.0,0.021144526428775047,0.024957450795562497,0.0,0.014778352863189898,0.0,0.0,0.0,0.0,0.014934320093290987,0.008845419010511581,0.001738331778565929,0.015964879360791204,0.0,0.0
2014-12-31,0.0,0.0,0.0,0.005954365837082153,0.0,0.008895184737567919,0.0,0.0,0.0,0.0,0.0,0.0,0.0,0.0016579665703840404,0.0,0.0,0.0009865786042444677,0.0,0.0038017243629813926,0.0,0.0,0.0,0.0,0.0,0.04242675785178783,0.023567740211941263,0.004963699017713894,0.010486001764536852,0.010544440789264971,0.058437142673828456,0.054948575846938276,0.020133114863325093,0.058147568562231716,0.006130759633717801,0.00012557131699780119,0.002069882775660619,0.0,0.0,0.05376379576842553,0.0,0.0,0.006308643366982712,0.0,0.0,0.0,0.0,0.0,0.0,0.0,0.0,0.0,0.0,0.0015724501208732977,0.027674882989062788,0.04399852288136687,0.0,0.0,0.0,0.03317458816928487,0.0,0.0,0.0,0.0,0.0,0.0,0.03900250616144697,0.05545027906683253,0.0,0.008086841874025766,0.0,0.0,0.0,0.0,0.07019341029803405,0.1773238105481797,0.0,0.004609152857869012,0.020413794805856155,0.0,0.0,0.0,0.0,0.0,0.001999441722730438,0.03494210088179158,0.014609195798669601,0.0,0.0029426151456370003,0.012875725280180356,0.0,1.0681418315373717e-09,0.0,0.02037461702835875,0.018287509149997317,0.0142035546380127,0.024915484958035573,0.0,0.0
2015-01-31,0.0008935456388930247,0.0021399661106193627,0.010761671667703912,0.012806711857377811,0.0,0.01699496999681776,0.0031873779753968908,0.0,0.0,0.0,0.0021232065085199803,0.0,0.0,0.0,0.0,0.0,0.005351443931973113,0.0,0.023504984460872354,0.0,0.0,0.0,0.0,0.0,0.01779297839456665,0.03588835629751743,0.0,0.01941949533571002,0.03173060578387339,0.07844559702248657,0.05335103490980639,0.012886793841973719,0.08162210203542682,0.0035889415919060368,0.0,0.004559903236156468,0.0,0.0,0.06536909169443011,0.0,0.0,0.0,0.0,0.0,0.0,0.0,0.0,0.0,0.0,0.0,0.0,0.0,0.0,0.0006562817645751454,0.014994119276066177,0.0,0.0,0.0,0.03935134374197497,0.0,0.0,0.0,0.0,0.0,0.0,0.03151719851877549,0.0482559737303663,0.0,0.0,0.0,0.0,0.0,0.0,0.04873478375619721,0.14485970480971744,0.0,0.0026296321323341617,0.027218924778709942,0.0,0.0,0.013991011531588831,0.0,0.0,0.004704839069596119,0.051555662026489125,0.0011363616711642158,0.0,0.001665474076423706,0.024247582649036106,0.0,0.0025611124005920274,0.0,0.0243978387315504,0.029196459627722143,0.005906916055947524,1.3591451232955173e-09,0.0,0.0
2015-02-28,0.0007743687483662086,0.0,0.005739444261241037,0.0028042227261230674,0.0,0.016494760916960532,0.0031328029201735537,0.0,0.0,0.0,0.0,0.0,0.0,0.0,1.0827678368741755e-09,0.0,0.0,0.0,0.0,0.0,0.0,0.0,0.0,0.0,0.02013126769269249,0.04656832835555159,0.0,0.013396805483519214,0.026873946222464095,0.056732931009042226,0.050995675152361405,0.015955877821148698,0.08079692691905822,0.004267835733987954,0.021557567100384225,0.021622606107444833,0.004024209643239066,0.0,0.05881154775583085,0.0,0.0,0.0003752022433888953,0.0,0.0,0.0,0.0,0.0,0.0,0.0,0.01857708042309905,0.0,0.014597426869035951,0.0,0.02390947694366299,0.01603719144138815,0.0,0.0,0.003972692379450106,0.07520537795930356,0.0,0.0,0.0,0.006190779746685306,0.0,0.0,0.021997056851019537,0.05877875428028942,0.0,0.0,0.0,0.0,0.0,0.0,0.04556612586160278,0.11171545839204158,0.0,0.0,0.008725131347159135,0.0,0.0,0.0,0.0,0.0,0.002536560643039602,0.03341354067847958,0.0038831414116165222,0.0,0.0,0.010797983039222253,0.0,0.01056443465357656,0.0,0.03425760522875995,0.0351527770571901,0.013065076897631867,0.0,0.0,0.0
2015-03-31,0.0,0.0,6.852261122635102e-05,0.0,0.0,0.011838523893124692,0.0,0.0,0.0,0.0,0.0,0.0,0.0,0.0,0.0,0.0,0.0,0.0,0.0,0.0,0.0,0.0,0.0,0.0,0.03511108690447037,0.04448427335537209,0.0,0.0029830011787498763,0.010813885268774666,0.06108496770684686,0.054916863884107346,0.00466441164922954,0.09306571159239795,0.0,0.02795256169109725,0.03328446355908814,0.010193956915394231,0.0015054135038077981,0.07071338200954473,0.0,0.0,0.0008441263334105901,0.0,0.0,0.0,0.0,0.0,0.0,0.0,0.020380915936523313,0.0,0.013407004434633732,1.2348986961251028e-09,0.024931816562874284,0.025216927585254036,0.0,0.0,0.0,0.03747071408734186,0.0,0.0,0.0,0.015162356997767763,0.0,0.0,0.03261164547983672,0.041339615648409364,0.0,0.009344038193086272,0.0,0.0,0.0,0.0,0.024203442072636288,0.05852911141795257,0.0,0.0,0.00988851046348005,0.0,0.0,0.0,0.0,0.0,0.003596073790083437,0.04593562662490444,0.009262770420738437,0.0,0.004057778978513961,0.010429556285853143,0.0,0.014840867001923897,0.0,0.029334235685950335,0.03381567520044258,0.03604522591099717,0.019825635775431786,0.0,0.016845302153823554
2015-04-30,0.0,0.0,0.0,0.005101304473838901,0.0,0.024048362703027005,0.0,0.0,0.0,0.0,0.0,0.0,0.0,0.0,0.0,0.0,0.0,0.0,0.009291794007658893,0.0,0.0,0.0,0.0,0.0,0.05140228840946783,0.06317549415801674,0.0,0.006014796427532061,0.018855173833471357,0.0689891308957089,0.07332234844800964,0.003172928414119665,0.07088497434478386,1.4831307280722434e-09,0.03446670569163866,0.032430713928132224,0.009352444442621143,0.0,0.05664125622421052,0.0,0.0,0.0019618275229904567,0.0,0.0,0.0,0.0,0.0,0.0,0.0,0.0,0.002068293923942546,0.006851397410572631,0.0,0.017504542232460046,0.008871274997391484,0.0,0.0,0.0,0.007398664995521487,0.0,0.0,0.0,0.010214353610550729,0.0,0.0,0.0028676314019379337,0.0,0.0,0.011338157622484218,0.0,0.0,0.0,0.0,0.00899051734406806,0.014485767793367894,0.0,0.005949843799643426,0.03281940329139908,0.0,0.0,0.0,0.0,0.0,0.005633056102167465,0.0608471193874663,0.01289556340439405,0.0,0.009537589526373005,0.0028197703221779853,0.0,0.004986581661887046,0.0,0.04085069976239007,0.035803131517153156,0.06014558182234555,0.03446062756310268,0.0,0.07354888509884451
2015-05-31,0.0,0.0,0.0,0.0,0.0,0.022053214329544504,0.0,0.0,0.0,0.0,0.02503312171114635,0.0,0.0,0.0,0.0,0.0,0.0,0.0,0.01210420521498722,0.0,0.0,0.0,0.0,0.0,0.028567298066946984,0.05906352791315034,0.0,0.012343037284983059,0.026764343961701288,0.02634332641509809,0.05781765234344562,0.0013295868365421875,0.06458092368408311,0.0,0.013181820662975107,0.02596653298387401,0.0014163679914463774,0.0,0.029392921122725117,0.0,0.0,0.005102560950001698,0.0,0.0,0.0,0.0,0.0,0.0,0.0,0.032161650134770396,0.0007379178377852677,0.009187798798881604,0.0035710829180311313,0.02761899498900269,0.014442835474081659,0.0,0.0,0.0,0.05267415535215256,0.0,0.0,0.0,0.022032468673895692,0.0,0.0,0.0047879610766403255,0.009193765372256218,0.0,0.02422444730651412,0.0,0.0,0.0,0.0,0.0069432927202355875,1.4740488317946046e-09,0.0,0.007333183295371186,0.05433940168098443,0.0,0.0,0.0,0.0,0.0,0.0,0.04099631832338899,0.009748634159343496,0.0,0.017458879967090966,0.019569685365058744,0.0,0.0,0.0,0.037908118067104986,0.012419535630699845,0.06819692449714837,0.033588703694156195,0.0,0.07980380171870566
2015-06-30,0.002305700687367782,0.0,0.0,0.0,0.0,0.002844658757004071,0.0,0.017899554159636934,0.0,0.0,0.010847951720457126,0.0,0.0,0.0,0.0,0.0,0.0,0.0,1.2439953663948351e-09,0.0,0.0,0.0,0.0,0.0,0.0068421513715905755,0.042678812183987475,0.0,0.009640611898541096,0.02312113390700917,0.0254060871729913,0.04302571267347701,0.0011241193790878015,0.03769332973169909,0.0,0.04464900743295046,0.06217019622204775,0.019514168179542275,0.017662232234063234,0.022176079515419153,0.0,0.0,0.002452313551693868,0.0,0.0,0.0,0.0,0.0,0.0,0.0,0.027497298626753125,0.01482428441938421,0.0,0.0,0.006844723451727154,0.001060900361637937,0.0,0.0,0.0,0.008819516410448116,0.0,0.0,0.0,0.0064517266728653525,0.0,0.0,0.0,0.0,0.0,0.018585681154273514,0.0,0.0,0.0,0.0,0.0,0.0,0.0,0.01600406353015455,0.047712480815057225,0.004114986438757633,0.0,0.0,0.0,0.0,0.010698516480594004,0.038110847524089705,0.022910560496475895,0.0,0.025496401069940396,0.02944032838171144,0.0,0.010990052336535099,0.0,0.06080119386038296,0.019386467556415505,0.07005892814763628,0.03586375332467282,0.0,0.1322734669179255
2015-07-31,0.00560466981205139,0.0,0.0,0.0,0.004531308446873437,0.012682824114768218,0.0,0.01872803048605851,0.0,0.0,0.013789083913541715,0.0,0.0,0.0,0.0,0.0,0.0,0.0,0.0,0.0,0.0,0.005040755428152824,0.0,0.0,0.03308689945722556,0.03890357171837525,0.0,0.0014183026180759298,0.02207812087897816,0.02142472430200579,0.053441879111035165,3.717199730098285e-05,0.06347243973163262,0.0,0.061484132218096996,0.06376960668626099,0.02722385000637832,0.01819500370854106,0.014413642458812166,0.0,0.0,0.011027814937794886,0.0,0.0,0.0,0.0,0.0,0.0,0.0,0.016228935099337583,0.009373026287972964,0.0,0.0,0.004164587025355055,0.0,0.0,0.0,0.0,1.407604140126872e-09,0.0,0.0,0.0,0.0012919662370694865,0.0,0.0,0.0,0.0,0.0,0.011452434051905849,0.0,0.0,0.0,0.0,0.0,0.0,0.0,0.010954818845680477,0.024509608176379368,0.011394870786761565,0.0,0.0,0.0,0.0,0.017814381409698175,0.03285654456094425,0.029414913457351827,0.0,0.023838105080090887,0.06053749524961902,0.0,0.02979277650753443,0.0,0.06833573031228943,0.030157866673655616,0.07156631351987731,0.04586783050283822,0.0,0.010093962776074349
2015-08-31,0.011324282413694282,0.0,0.0,0.0,0.0,0.006487310253220367,0.0,0.006771966423518619,0.0,0.0,0.010004551508672048,0.0,0.0,0.0,0.0,0.0,0.0,0.0,0.0,0.0,0.001217312448220371,0.010235664277578743,0.007815724646256794,0.0,0.02632551007462388,0.023180757540497216,0.0,0.0021616615761832696,0.022069187298344933,0.017384367424653942,0.03848793682758904,0.0,0.027645192136291564,0.0005760694020942381,0.06974869327673314,0.06652186655938247,0.027362383150871663,0.036432462936216214,0.0,0.004876816401845955,0.0,0.01588182745067306,0.0,0.0,0.0,0.0,0.0,0.0,0.0,0.0,0.0239676991745037,0.0,0.0,1.363058748335036e-09,0.0,0.0,0.0,0.0,0.0,0.0,0.0,0.0,0.0,0.0,0.0,0.0,0.0,0.0,0.01723371590011813,0.0,0.000702016828856199,0.0,0.0,0.0,0.0,0.0,0.01440650888272809,0.020595723241309545,0.02061959205360709,0.0,0.0,0.0,0.0,0.021078090808210076,0.04931332472759722,0.024056562674711124,0.0,0.01386919419366339,0.04650592812397725,0.0014071521008790688,0.025480023593577036,0.0,0.05930094152385195,0.02669068661932156,0.09662916181027019,0.06487983613275193,0.0,0.040752296219845906
2015-09-30,0.006600102079476272,0.0,0.0,0.0017257454339915726,0.004476397222130524,0.021110066916777477,0.0,0.0,0.0,0.0,0.016616055067355272,0.0,0.0,0.0,0.002127312003475092,0.0,0.0,0.0,0.0,0.0,0.0,0.0039154570816144155,0.0,0.0,0.019469718149803847,0.016580471397138336,0.0,0.0,0.016915933190632303,0.0,0.02527037393180416,0.0,0.012542962125935003,0.0,0.08831555161849489,0.059136739603927874,0.035461736157072134,0.05543344421540016,0.0,0.0,0.0,0.014049863461588595,0.0,0.0,0.0,0.0,0.0,0.0,0.0,0.0,0.025046922575631184,0.010638543787334379,0.0,0.018573643531811176,0.0,0.0,0.0,0.0,0.0074895014287249635,0.0,0.0,0.0,0.007988213224296185,0.0,0.0,0.0,0.0,0.0,0.020902685186412896,0.0,1.6678533808213673e-09,0.0,0.0,0.0,0.0,0.0,0.004972994640305368,0.01527036706902089,0.01413979249538889,0.014634051966465812,0.0,0.0,0.0,0.007796906452260945,0.050490653383744775,0.011644822270962342,0.0,0.003176001231521926,0.04473187727119626,0.0,0.02467063598451909,0.0,0.04378848913669166,0.018887567334185822,0.1291570375965793,0.08825246095738845,0.003748151639471098,0.03425074951161532
2015-10-31,0.007578271923932091,0.0,0.0,0.00417427663177834,0.009242586081622988,0.0291327590023332,0.0,0.0,0.0,0.0,0.01628703356388835,0.0,0.0,0.0,0.004930552582775224,0.0,0.0,0.0,0.0,0.0,0.0,0.0007451337076938862,0.0071067319774178635,0.0,0.0,1.4378540690006178e-09,0.0,0.0,0.00967032148518991,0.0,0.0,0.0,0.0,0.0,0.0704658048148304,0.043091872220694966,0.038039858598779286,0.054827911488589946,0.005008772360672578,0.0,0.0,0.035904943529777446,0.0,0.0,0.0,0.0,0.0,0.0,0.0,0.017197916870003608,0.052711248442530265,0.04965165420140256,0.0,0.031153720292675928,0.013434723067256535,0.008443097710443026,0.035809286724559054,0.0,0.013921279167791713,0.0,0.0,0.0,0.02395804236862932,0.00300259093937926,0.0,0.0,0.0,0.0,0.028810451416546718,0.0,0.00021735157634952408,0.0,0.0,0.0,0.0,0.0,0.0,0.0037245463055438363,0.011439240369825767,0.0,0.0,0.0,0.0,0.012420220557491802,0.032771773791272524,0.021346630623696287,0.0,0.027540841891982977,0.04024063740563,0.0,0.0,0.0,0.020187585845836346,0.01287526124659722,0.10214261767884293,0.0823468672252518,0.0,0.018445582872630466
2015-11-30,0.011576502101052029,0.0027035290689826465,0.0010254819187231884,0.018749681112295517,0.02044847681708413,0.05564113320474808,0.0,0.0,0.0,0.0,0.07368490432656116,0.0,0.0,0.0,0.015579385114370905,0.0,0.0,0.0,0.0,0.0,0.0,0.013105148833588919,0.009355984415780061,0.003260200347752963,0.0,0.0,0.0,0.0,0.01324066124324888,0.0,0.0,0.0,0.0,0.0,0.06449329055368855,0.0389202136201496,0.047995595350047,0.04711919220782057,0.0,0.010762549946452725,0.01019591632774863,0.010990081566290173,0.0,0.0,0.0,0.002653633449986975,0.0,1.183929050215467e-09,0.0,0.02647745917850574,0.08386567865202149,0.04443535082335381,0.0,0.022700043326252334,0.0,0.0,0.017372000696666636,0.0,0.0,0.0,0.0,0.0,0.0048447350496917466,0.0,0.0,0.0,0.016816833231509246,0.0,0.011477784531136554,0.0,0.0,0.0,0.0,0.0,0.0,0.0,0.0,0.0003241916005977085,0.01389971158535875,0.0,0.0,0.0,0.0,0.005517559084924136,0.017669184502648986,0.030933807034544562,0.0,0.0425425376890083,0.04317999238260708,0.0,0.0,0.0,0.014439408236346285,0.0029210423066420434,0.07421398728155834,0.054867130096324365,0.0,0.0
2015-12-31,0.011012195281087532,0.004933787289907088,0.002107057117290926,0.010970643161808895,0.016097893550185368,0.049016076416726104,0.0,0.0,0.0,0.0,0.04564520504446058,0.0,0.0,9.706500896606969e-10,0.009309804302792843,0.0,0.0,0.0,0.0,0.0,0.0,0.016022784762120518,0.020221429717226565,0.00917252309196475,0.004395997647078007,0.0,0.0,0.0,0.0,0.0,0.0,0.0,0.0,0.0,0.0671684776522539,0.050696656744718405,0.04957095590381565,0.04974153832258147,0.0,0.012180570198519055,0.02195487198074769,0.016734194946413677,0.0,0.0,0.009842733956504195,0.018873739591040446,0.0,0.02206838312648346,0.0,0.017231563688443422,0.07586463221393848,0.026672181316756072,0.0,0.018148443813523405,0.0,0.0,0.0,0.0,0.0,0.0,0.0,0.0,0.0,0.0,0.0,0.0,0.0,0.0,0.011918017349813884,0.0,0.0,0.0,0.0,0.0,0.0,0.0,0.006485194463278168,0.00967674776584541,0.018054012918884605,0.0,0.0,0.0,0.0,0.008410703677252277,0.01608849811850842,0.036300088482609794,0.0,0.04250405863776431,0.03891778971064295,0.0,0.0,0.0,0.006289410869721164,0.012824754210127543,0.07461146319256272,0.06226491879395004,0.0,0.0
2016-01-31,0.015830898786314926,0.015205345521685627,0.0,0.0006992748937312288,0.0106281119514118,0.021688098617066717,0.0,0.0,0.0,0.0,0.015178563398365012,0.0,0.0,0.0,0.012214426787786625,0.0,0.011437019115878156,0.0,0.0,0.0,1.2344993142279117e-09,0.007662260034253825,0.01610508326677346,0.007125409800291087,0.0,0.0,0.0,0.0,0.0,0.0,0.0,0.0,0.0,0.0,0.07164806929745457,0.0432230303105906,0.04943611749273271,0.043181323417438175,0.006057652976736624,0.009072820687645802,0.008901957142136189,0.0013714691437626389,0.0,0.0,0.017795317720239002,0.013105706045734133,0.0,0.021605986573565276,0.0,0.0,0.12853609493134616,0.0,0.0,0.0017900099855964874,0.0,0.0,0.0,0.0,0.0,0.0,0.0,0.0,0.0,0.0,0.0,0.0,0.0,0.0,0.021540024597795464,0.0,0.0,0.0,0.0,0.0,0.0,0.0,0.019995865859799424,0.035238001637025264,0.042225562806579034,0.00233299028122575,0.0,0.0,0.0,0.009447015749008782,0.014923511499248464,0.04782586110616707,0.0,0.04111078983966368,0.059357459955819064,0.0,0.0,0.0,0.0,0.009350628692852858,0.0689783604101877,0.060102367020138124,0.01305662183769939,0.0050148895737539
2016-02-29,0.02633759468605594,0.015195634722524498,0.0,0.00803936070764238,0.029449888545274323,0.05408942038534838,0.0,0.0,0.0,0.0,0.0,0.0,0.0,0.0,0.009615449026876685,0.0,0.008617431907236338,0.0,0.0,0.0,0.0,0.011602586076866301,0.021580006894971786,0.0,0.0,0.0,0.0,0.011773807491149604,0.0020456743692282287,0.0,0.0,0.0011963050123994581,0.0,0.0,0.06489032266793447,0.009979691839352933,0.05074896468948311,0.011639126263074564,0.0,0.021467296616392684,0.00016244656366698728,0.0,0.0,0.0,0.005237030448076793,0.006339644542807127,0.0,0.0312769099216875,0.0,0.0016584992930783642,0.16182684056050325,0.030075376456068663,0.0,0.017324008896190412,0.0,0.0,9.697813670793586e-06,0.0,0.0,0.0,0.0,0.0,0.0,0.0,0.0,0.0,0.01951883170223518,0.0,0.021966350404960044,0.0,0.0,0.0,0.0,0.0,0.0,0.0,0.018901340778324487,0.04983447412614195,0.04798528407284565,0.0,0.0,0.0,0.0,0.008619260185089335,0.013765686637563732,0.023072806901905725,0.0,0.030025783637542106,0.06617947251929165,0.0,0.0,0.0,0.0,1.7529550178849567e-09,0.05496930790239738,0.02394783112620052,0.00903455185498567,0.0
2016-03-31,0.016426354709463978,0.0005726758455950445,0.0,0.0,0.016152281702375256,0.01095643083531866,0.0,0.0,0.0,0.0,0.0,0.0,0.0,0.0,0.0032071906868056626,0.0,0.0,0.0,0.0,0.0,0.0,0.0,0.012377315681908743,0.0037920952494526258,0.0,0.0,0.0,0.006315535088984109,0.0,0.0,0.0,0.0,0.0,0.0,0.01601013940474954,0.0,0.023173847502677234,0.0033422982305217237,0.0,0.005969544189022155,0.0,0.0,0.0,0.0,0.0,0.001706487749954661,0.0,0.025916765083819543,0.0,0.04045227349044979,0.13868810237590057,0.049251148424293255,0.0010484393150960477,0.04598257291234604,0.0,0.05349705108743521,0.062497048693901956,0.1154517726785622,0.02627274418277585,0.0,0.0,0.03182293120123618,0.004912197449845794,0.0,0.0032731046447794583,0.007774684900547112,0.09583627892496027,0.0,1.104238147635277e-09,0.0,0.0,0.0,0.0,0.0,0.0,0.0,0.00245649435645271,0.010718131733397971,0.02084648954701762,0.0,0.0,0.0,0.0,0.003474844861082479,0.007045885901946807,0.023471749103391986,0.0,0.012266397512008845,0.03009611808952169,0.0,0.0,0.0,0.0,0.0,0.038305398418217916,0.02238763023236042,0.006251546897584614,0.0
2016-04-30,0.01658796167218286,0.007840215837106946,0.0,0.0,0.007061104744801536,0.01114569837760329,0.0,0.0,0.0,0.0,0.0,0.0,0.0,0.0016062335936822699,0.0059772501185024664,0.0,0.0,0.0,0.0,0.0,9.657141758385972e-10,0.0,0.006789327773301429,0.0,0.0,0.0,0.0,0.006020408245107358,0.0,0.0,0.0,0.0,0.0,0.0,0.033041382527274656,0.0,0.029220429932993185,0.01163402595155598,0.0,0.0,0.0,0.0,0.0,0.0,0.0,0.0,0.0,0.007225430557302107,0.0,0.01824354147508982,0.10553204090088253,0.037426175749672365,0.0032593765784991228,0.03722066336396771,0.0,0.05599876734486357,0.03756516761863538,0.10207412961867227,0.00450974724686616,0.0,0.0,0.033434967161024925,0.010225489854440656,0.024849787526419986,0.04937570863014653,0.020252545338642857,0.0796061236615317,0.0,0.003775674993003713,0.0,0.0,0.0,0.0,0.0,0.0,0.0,0.01769241605719145,0.021925121217407247,0.026839054023976242,0.0,0.0,0.0,0.0,0.013964163360285732,0.020248108847325367,0.020685353383493286,0.0,0.0029476688527500594,0.017556907833644043,0.0,0.0,0.0,0.0,0.019940938589745917,0.04071515077863362,0.02998573969605942,0.0,0.0
2016-05-31,0.005738359223409353,0.0028705889050215402,0.0,0.0,0.002423213105875978,0.009431957286129911,0.0,0.0,0.0,0.0,0.0,0.0,0.0,0.0006865092605292419,0.003520699669884915,7.904673088267398e-10,0.0,0.0,0.0,0.0,0.0,0.0,0.005666722868794237,0.0,0.0,0.0,0.0,0.0002049960924765072,0.0,0.0,0.0,0.0,0.0,0.0,0.0018650332803308261,0.0,0.00518656419704949,0.0,0.0,0.0,0.0,0.0,0.0,0.0,0.0,0.000644310553694718,0.0,0.004130503050584557,0.0,0.023441725916433686,0.07385796730184299,0.03848710472760148,0.009244026789238373,0.03106778183522583,0.0,0.11320621955867581,0.057208459774205224,0.1169562726655777,0.03091396180485061,0.009108517451138977,0.0,0.05474980332441291,0.031473377151136746,0.03895812471903488,0.09104381028802562,0.054672677907249494,0.09702431279179555,0.0,8.21168390945263e-05,0.006385613910622054,0.0,0.0,0.0,0.0,0.0,0.0,0.007626844145469876,0.015465719442114848,0.014955902162291814,0.0,0.0,0.0,0.0,0.0,0.0019830156327257007,0.004245444723628597,0.0,0.0,0.004220252012738333,0.0,0.0,0.0,0.0,0.002834435726052161,0.016472637671909405,0.011944415442658158,0.0,0.0
2016-06-30,0.010177017532778389,0.00930316984441744,0.0,0.0,0.0012936538544307432,0.01848891513472064,0.0,0.0,0.002154424922145769,0.0,0.0,0.0,0.0,0.011172268358173228,0.0035062422580621685,0.0,0.0,0.0,0.0,0.0,0.0,0.0,0.003685963984568349,0.0,0.0,0.0,0.01654430484308672,0.005492247421526334,0.0,0.0,0.0,0.0,0.0,0.0,0.0,0.0,0.003196441700606691,0.0,0.0,0.0,0.0008140235907737181,0.0,0.0,0.0,0.0,0.001664564131244786,0.0,0.0066181206054291624,0.0,0.034271924121546574,0.04757103004437113,0.05208596440251258,0.008446857730446133,0.030391286482261342,0.0,0.07186620917132151,0.043412470807933035,0.10979129939199202,0.009003912917904948,0.01243760411132035,0.0,0.05806635846808745,0.0477030186400801,0.027999184065937044,0.09909029464073837,0.04521806991835111,0.07378705134638201,0.0,0.0,0.0,0.0,0.0,0.0,0.0,0.0,8.477247577776327e-10,0.012077490586323852,0.019471150011091218,0.023086542981631,0.0,0.0,0.0,0.0,0.0,0.006231704673884817,0.003690656660879191,0.0,0.0,0.0009393209198141482,0.0,0.0,0.0,0.0,0.0038623001023111074,0.03481891828234237,0.030568020490847753,0.0,0.0
2016-07-31,0.005297215672812879,0.005858096060282939,0.0,0.0006614438319571587,0.0018908174382439033,0.009638004210131028,0.0,0.0,0.005602759720756997,0.0,0.0,0.0,0.0,0.008409478568449187,0.0,0.0,0.0,0.0,0.0,0.0,0.0,0.0,0.0,3.359809648879059e-10,0.0,0.0,0.008994051713091044,0.004761327203746512,0.0,0.0,0.0,0.00048305712426859255,0.0,0.0,0.0,0.0,0.0,0.0,0.0,0.0,0.0012113451523837163,0.0,0.0,0.0,0.005129572886103031,0.008431870600005746,0.0,0.006524359387072381,0.0,0.04100079951732598,0.01666843661369315,0.04632877619817185,0.02534755130707801,0.02815767605405091,0.013008197055528649,0.05437516937397762,0.06325064740079579,0.08539250236277757,0.024019373073625023,0.053357260003203094,0.0,0.05414524207162951,0.046092240620604547,0.06556389928218698,0.11272294510791776,0.04846116791094562,0.05168008955061682,0.0,0.0,0.025209011523656195,0.0,0.0,0.0,0.0,0.0,0.03969908421338084,0.0030592149384615183,0.00636967744487366,0.00782953154173019,0.0,0.0,0.0,0.0,0.0,0.0,0.0009322291810283407,0.0,0.0,0.0,0.0,0.0,0.0,0.0,0.0,0.008791871411167596,0.005644006336286838,0.0,0.0
2016-08-31,0.0019589872403641424,0.0046550747058632215,0.0,0.0,0.0,0.0039566440826868925,0.0,0.0,0.0012030846344259398,0.0,0.0,0.0,0.0,0.007210213952438659,0.0,0.0,0.0,0.0093792509830031,0.0,0.0,0.0,0.0,0.0,0.0,0.0,0.0,0.005009746800434215,0.006963941393428419,0.0,0.0,0.0,0.0,0.0,0.0,0.0,0.0,0.0,0.0,0.0,0.0,0.0,0.0,0.0,0.0,0.0,0.002013240720347829,0.0,0.00288810379837853,0.0,0.04008639567065673,0.01382888166087247,0.034731130005782214,0.032085563237665274,0.01835772758489924,0.017943791497692457,0.048370330223878856,0.04310536122783564,0.10598582147036302,0.021848990805342215,0.031707476597504586,0.0,0.047067390487628404,0.05593367549633617,0.09468322369307332,0.10720979897992076,0.06777413198490224,0.0795007458423662,0.002216988543916346,0.0,0.030739172049598192,0.0,0.0,0.0011591756212190872,0.0,0.005891171006233741,0.02354573606726789,0.0038983288667878086,0.007571783761634431,0.006439593838257942,0.0,0.0,0.0,0.0,0.0,0.0,0.003601462662583525,0.0,0.0,0.0,2.771143327246268e-10,0.0,0.0,0.0,0.0022253103481611695,0.0052056331338222964,0.0020469190453125436,0.0,0.0
2016-09-30,0.0,0.0027759521705461223,0.0,0.0,0.0,0.0070926986462443034,0.0,0.0,0.0016165400419219796,0.0,0.0,0.0,0.008020530554664741,0.01254885353069208,0.0,0.0,0.0,0.026460548810752618,0.0,0.0,0.0,0.0,0.0,0.0,0.0,0.0,0.010064613591666932,0.007341883623660385,0.0,0.0,0.0,0.0,0.0,0.0,0.0,0.0,0.0,0.0,0.0,0.0,0.0,0.0,0.0,0.0,0.003047670487714922,0.007981443501964558,0.0,0.015058291248934782,0.0,0.035282177304640554,0.007120140913332313,0.02401272878114995,0.02744140061591488,0.011088594847226399,0.010441661426158357,0.03321690967544847,0.022240211822804452,0.14334859052566135,0.0201654270850084,0.020549633065414873,0.0,0.047134597049585246,0.04939725099757084,0.10114475518188863,0.07761130779255478,0.06728187229776475,0.06605140969484041,0.0,0.0,0.06764140575688539,0.0,0.0,0.001070190140593832,0.0,0.0037166238757982747,0.033720600484005714,0.002478806890341966,0.006710147694687024,0.003787270986592704,3.090491239700915e-10,0.0,0.007583205961605197,0.0,0.0,0.0,0.0016945717358536436,0.0,0.0,0.0,0.004825909627289791,0.0,0.0,0.0,0.0,0.0012335712515691324,0.0,0.0,0.0
2016-10-31,0.0,0.0,0.0,0.0,0.0,0.004146793811657379,0.0,5.508360009215076e-05,0.006647669411562429,0.0,0.0,0.0,0.007292988747746539,0.00871568645926584,0.0,0.0,0.0,0.0256980445816837,0.0,0.0,0.0,0.0,0.0,0.0,0.0,0.0,0.014727752936181652,0.00996853047153294,0.0,0.0,0.0,0.0,0.0,0.0,0.0,0.0,0.0,0.0,0.0,0.0,3.565352565513456e-10,0.0,0.0,0.0,0.002317047566512151,0.011872505745403994,0.0,0.011837162195069995,0.001792851389572874,0.029774218523953264,0.0,0.02655055410755579,0.02924675403427882,0.007374031899115032,0.016230695366832883,0.032209895598692494,0.024784271609355927,0.14245739139257807,0.02656653092377893,0.03378938338204103,0.0,0.0413789216498657,0.05608446462078354,0.11374786980524762,0.06847860794519352,0.056433573559229705,0.03738639493433335,0.0,0.0,0.06853619240561881,0.0,0.0,0.0025083917429387812,0.0,0.02598343492018175,0.03310258400044169,0.0006158672823869825,0.007021568868368685,0.0014202019063207284,0.0024027856074177144,0.0024170786946277945,0.007895468198483737,0.0,0.0,0.0,0.0,0.0,0.0,0.0,0.0005307497475607482,0.0,0.0,0.0,0.0,0.0,0.0,0.0,0.0
2016-11-30,0.0,0.0004913203722521751,0.0,0.0,0.0,3.036879228481679e-10,0.0,0.0,0.0019506749831714558,0.0,0.0,0.0,0.0,0.005866113970479892,0.0,0.0,0.0,0.038764407930331854,0.0,0.0,0.0,0.0,0.0,0.0,0.0,0.0,0.017960303787564198,0.009680566316074161,0.002664136874189473,0.0,0.0,0.0,0.0,0.005830639719178293,0.0,0.0,0.0,0.0,0.0,0.0,0.00017369638218422503,0.0,0.0,0.0,0.0,0.007164981842884334,0.0,0.004048534559104386,0.001104207394272513,0.025784299435654384,0.0,0.023244016884869975,0.020675700789900442,0.00654799706650261,0.023601184241208984,0.025519886825453045,0.029663944209710115,0.12395579199334632,0.014780534326365773,0.04416875158414516,0.0,0.03461130843859259,0.058935739717790134,0.09709216080644542,0.037660187981176894,0.04890600584182884,0.031269408916343056,0.005972434276191535,0.0,0.12076885879854593,0.0,0.005175003557236406,0.02682561114992217,0.0,0.02398226736485301,0.0393033389235665,0.0014613448265811272,0.013662562033932535,0.0006034284383982922,0.0,0.0,0.019640673740218686,0.0,0.0,0.0,0.0,0.0,0.0,0.0,0.0,0.0,0.0,0.0,0.0,0.0,0.0004879733958452938,0.0,0.0
2016-12-31,0.0,0.0,0.0,3.360317919054368e-10,0.0,0.005088325572533398,0.0023746288085282692,0.0,0.001775904730288642,0.0,0.0,0.01917141572603637,0.03461225493349331,0.004567886471124036,0.0,0.0,0.0,0.0358620701166817,0.0,0.0,0.0,0.0,0.0,0.0,0.0,0.002328200009813685,0.03117475359575465,0.0,0.0,0.0,0.0,0.0,0.0,0.004203906277433145,0.0,0.0,0.0,0.0,0.0,0.0,0.004058981333622391,0.0,0.0,0.0,0.0007442208512729814,0.010789992880824379,0.0,0.007546670996093373,0.015648297221481536,0.011648038008509566,0.0,0.003937525689980513,0.0007544083743513908,0.0,0.01618534312306291,0.011660587425758782,0.0026936741632548693,0.03417100943703714,0.0,0.016377426440707155,0.0,0.03834085159575002,0.059316833551939355,0.08167068966887402,0.04206627347205478,0.04157029689523563,0.0,0.02710676045984475,0.0,0.17227069059569305,0.0,0.0009269641128424525,0.03763096061136868,0.0,0.02101170455672365,0.13828600656523504,0.004022925794557921,0.018836724823874128,0.0,0.0,0.004166068419325242,0.030002035247602088,0.0,0.0,0.0,0.0,0.0,0.0,0.0,0.0,0.0,0.0,0.0,0.0,0.0,0.005398691105403244,0.0,0.0
2017-01-31,0.0,0.0,0.0,0.0,0.0,0.0,0.0049667307341243645,0.0,0.0,0.0,0.003115345826577479,0.0444279114144345,0.040249961834761525,0.0014040382181553998,0.0,0.0,0.0,0.04725338796073099,0.0,0.0,0.0,0.0,0.0,0.0,0.007838548399823621,0.0,0.030090355736802788,0.0,0.0,0.0,0.03169262577004224,0.0,0.0,0.0043210664972015795,0.0,0.0,0.0,0.0,0.0,0.0,0.007306675549303166,3.378193915053687e-10,0.0,0.0,0.0028543746243186716,0.012586405145333884,0.0,0.0026520947224554035,0.025752403883111015,0.006708457429225665,0.0,0.0,0.004907140866944724,0.0,0.021441828232020177,0.012890307887928191,0.0,0.0,0.0,0.020359026767386608,0.0,0.026008391614612946,0.04426410078584886,0.08777743519925957,0.03503430655334013,0.02367838801455826,0.0,0.045694267847772335,0.0,0.13116105393743943,0.0043981368487491295,0.0051680592817732515,0.05452776540297758,0.0037445187123436364,0.010093762838742274,0.12529160677479137,0.001857737120652579,0.015763968642603998,0.0,0.0,0.007140089113388399,0.03352712494484019,0.0,0.0,0.0,0.0,0.0,0.0,0.0,0.0030879673632567264,0.0,0.0,0.0,0.0,0.0,0.008962631164547966,0.0,0.0
2017-02-28,0.0,0.0,0.0,0.003035389126784125,0.0,0.0,0.03341538015028296,0.0,0.0033806872797805497,0.0,0.005032300381450929,0.04425672470979858,0.058998238193034645,3.953969726238266e-10,0.0,0.0,0.0,0.0532173130414588,0.0,0.0,0.0,0.0,0.0,0.0,0.017737213879739516,0.0,0.036353844906986975,0.0,0.0,0.0,0.04827530966471271,0.0,0.0009579574895812267,0.0038302388157227213,0.0,0.0,0.0,0.0,0.0,0.0,0.010639459685501909,0.0,0.0,0.0,0.0,0.012456772778007557,0.0,0.003417253238918324,0.032232716659146884,0.0,0.0,0.0,0.0,0.0,0.0029638639840067985,0.0,0.0,0.0,0.0,0.005613431877176347,0.0,0.021230972721431506,0.03911816604385654,0.05986530583198714,0.022335435527095736,0.012044455019809715,0.0,0.026811736967845234,0.004236479282365034,0.10896616525094337,0.009324761503468046,0.014270500588090403,0.07826079643581411,0.008348485634491394,0.02569160173205005,0.10106768115775334,0.0006900436640371968,0.01563083477100478,0.0,0.0,0.005650603319119274,0.04687515010622739,0.0,0.0,0.0,0.0,0.0,0.0,0.0,0.004633447681372895,0.0,0.0,0.0,0.0,0.0,0.004582109586099172,0.0,0.014551170917649197
2017-03-31,0.0,0.0,0.0,0.002599088869244383,0.0,9.409309793747049e-05,0.01784210170460249,0.0,0.0,0.0,0.0,0.040513927229562124,0.033282690377172124,0.0,0.0,0.0,0.0,0.026642913663392442,0.0,0.0,0.0,0.0,0.0,0.0,0.03393867308487152,0.0,0.038321000527770335,0.0,0.0,0.007283458537759675,0.09794372253623312,0.0,0.0016260826963175549,0.02317396728514282,0.0,0.004665214966715076,0.0,0.0,0.0,0.0,0.013562036913077216,0.00558927353098189,6.333021635325623e-10,0.0,0.0,0.016873982577749767,0.0,0.006918581215310335,0.01960032904033259,0.0,0.0,0.0,0.0,0.0,0.0,0.0,0.0,0.0,0.0,0.0041475240838750775,0.0,0.022283084600781437,0.044655359435182576,0.014131543097164898,0.006073728029899149,0.008918448947625323,0.0,0.0,0.0017634196274077943,0.08470457788775113,0.014279670625614973,0.010639669072256582,0.07396107302946416,0.013421399018116231,0.043903817957012446,0.14236657823624152,0.0029660574486894092,0.021898796086432724,0.0,0.0,0.0,0.0387391675858613,0.0,0.0,0.0,0.0,0.0,0.0,0.005263782289305711,0.008652623268619545,0.0,0.0,0.0,0.0,0.0,0.003609293159899826,0.0,0.04314924802532311
2017-04-30,0.0,0.0,0.0,0.0040147115164914,0.0,0.005260787171539375,0.006634128891146872,0.0,0.0,0.07633713241472047,0.0,0.03637954749157681,0.04390912777434936,0.0,0.0,0.0,0.0,0.01195214799674767,0.007142511493845075,0.0,0.0,0.0,0.0,0.0,0.052080378107714285,0.010728346247839164,0.05003996466389472,1.1371617932835879e-09,0.0,0.0072877911914238066,0.06384606441884196,0.0,0.0022694756478403274,0.03531213160628303,0.002524971201476012,0.0210499292120871,0.0,0.0,0.0,0.0,0.006562419055415796,0.01156510856109764,0.0,0.0,0.0,0.009252476954238021,0.0,0.007144520311292555,0.023635497261050072,0.0,0.0,0.0,0.0,0.0,0.0,0.0,0.0,0.0,0.0,0.0,0.0,0.0,0.00890658450801416,0.0,0.0,0.0,0.0,0.0,0.0076472375713126225,0.07336540032902071,0.012277234991013212,0.00484811823143061,0.06070631676004124,0.016196523513427534,0.032644621168922215,0.04618811476149404,0.009361287667031983,0.028968853969522815,0.0,0.0,0.0,0.03768799401919116,0.0,0.0,0.0,0.010981709143205107,0.0,0.0,0.015681846923728995,0.05433501443656618,0.0,0.0,0.0,0.0,0.0,0.01688712161656795,0.0,0.06838685006143626
2017-05-31,0.0,0.0,0.0,0.0,0.0,0.0,0.0,0.0,0.0,0.04611480829505234,0.0,0.00264677265654867,0.018280324785691828,0.0,9.591627651848325e-10,0.0,0.0,0.04207918368197168,0.008003062159700616,0.0,0.0,0.0,0.0,0.0,0.02842335758147705,0.0006554054681525678,0.011058251010129413,0.0,0.0,0.023960405195188984,0.037784595706295714,0.0,0.0,0.01967168196732159,0.0054260258524157145,0.032278251855541604,0.0,0.0,0.0,0.0,0.0,0.012526359687649933,0.0,0.0,0.0,0.0005456086366822107,0.0,0.007081586417550448,0.0,0.0,0.0,0.0,0.0,0.0,0.010985405012813303,0.0,0.0,0.0,0.0,0.0,0.0,0.002637570244925683,0.017520290754319764,0.003984282858684497,0.0,0.0,0.0,0.0,0.019581970751922775,0.09620558653913128,0.030551823748007103,0.019058406131682828,0.106310838887298,0.034810949042502905,0.09110195524896852,0.039176546621014885,0.013315485758498027,0.031790305724547364,0.0,0.012333837221360963,0.03138400713583285,0.04251872719131868,0.0,0.0005535793420324676,0.0,0.009794648924710608,0.0,0.0,0.009406367947359688,0.03840176304581053,0.0,0.0,0.0,0.0,0.0,0.0009786381200569388,0.0,0.04106133183066726
2017-06-30,0.0,0.0,0.0,0.0,0.0,0.0,0.0,0.0,0.0,0.05886549809719054,0.006215473144170644,0.0,0.018407198512859855,0.0,0.005760179563199989,0.0,0.0,0.010207547871308542,0.02339960084585313,0.0,0.0,0.0,0.005863968816278981,0.0,0.03048107190544816,0.0,1.1971191111499255e-09,0.0,0.0,0.02374844676436291,0.02044704154815748,0.0,0.0,0.0,0.01882470720155201,0.03769723116125447,0.0,0.0,0.0019309166996203803,0.0,0.0,0.01653374490319312,0.0,0.0,0.0,0.0,0.0,0.013692261412472624,0.0,0.0,0.0,0.0,0.0,0.0,0.00344838864228132,0.0,0.0,0.0,0.0,0.0,0.0,0.0,0.0034245642464277755,0.0,0.0,0.0,0.0,0.0,0.0250061207280746,0.031037859284662312,0.029118235384334393,0.020006209791020826,0.07432151880517564,0.04666142998561512,0.14113449726936578,0.0,0.012049796165793665,0.0368139506020401,0.0,0.003420820833969561,0.013947850522419498,0.05544360994262709,0.0,0.012043085034462034,0.0022206814440770307,0.02122475869970567,0.0,0.0019092372787752284,0.029904388759310056,0.06501457612421983,0.0,0.0,0.00814268430892384,0.004854556869685745,0.0,0.009260043555017892,0.0,0.05751624607797324
2017-07-31,0.0,0.0,0.0020746828119379756,0.004785546524177329,0.0,0.0,0.0,0.0,0.0,0.04778413202170076,0.0,0.0,0.0027095508274152186,0.0,0.004395848743209978,0.0,0.0,0.0,0.015339248643358557,7.73128088876719e-05,0.0032875449026255744,1.4630202305148002e-09,0.0011301499176437373,8.395075573621491e-05,0.0330432410233431,0.0,0.020720353214996507,0.0,0.0,0.012233029113183885,0.011482873184529343,0.0,0.0,0.0,0.0386454089621424,0.042338365732549725,0.006145598864948883,0.007642171798978676,0.0036766429383236596,0.0,0.0,0.01067348773409945,0.0,0.0,0.0,0.0,0.0,0.0465222009887988,0.0,0.0,0.0,0.0,0.0,0.0,0.0,0.0,0.0,0.0,0.0,0.0,0.0,0.0,0.0,0.0,0.0,0.0,0.0,0.0,0.03864152537418802,0.001967773655309938,0.03845019576889051,0.022605555162627963,0.07335430685045129,0.030329298707782334,0.14218226580673018,0.0,0.003989296229220472,0.040851545646388376,0.0,0.0,0.0,0.011880528421642174,0.0,0.012451527195439136,0.0,0.01921944662099423,0.0,0.012843610355389782,0.06404341300530662,0.06920917214696755,0.0,0.0,0.015175937666654728,0.0,0.0,0.0038325465608242478,0.0,0.08418071184958484
2017-08-31,0.0,1.0939117049131593e-09,0.001363791171694833,0.0,0.0,0.0,0.0,0.0,0.0,0.02405414070269856,0.0,0.0,0.0,0.0,0.012430868156480727,0.0,0.0,0.0,0.008409347605891335,0.0,0.010987564249172783,0.0,0.0002426659674806661,0.01229184574426491,0.006383111986902638,0.0,0.014357834691810113,0.005080345450513661,0.0,0.0,0.0,0.0,0.003145439024421645,0.0,0.01818462464100926,0.024999309251734974,0.0,0.003949567521554274,0.007123882049632164,0.0,0.0,0.0,0.0,0.0,0.0,0.0,0.0,0.025891019551527585,0.0,0.0,0.0,0.0,0.0,0.0,0.008681529762259488,0.0,0.0,0.0,0.0,0.0,0.003556608795665454,0.0,0.0,0.0,0.0,0.0,0.0,0.0330984850518952,0.045592503200686404,0.024459848663081093,0.05428157254842181,0.032836584134517094,0.09415065846436808,0.04270933468674514,0.16996624699761567,0.025833694455044062,0.011251055779321081,0.03794193720426786,0.0,0.0012068102504448315,0.0,0.04073412746095224,0.0,0.0,0.0,0.013760945771112594,0.0,0.006426597855273603,0.044107889572997765,0.057681204271502806,0.0,0.0,0.004999900723688611,0.0,0.0,0.0137767425732442,0.0030815910595884,0.05096877185660467
2017-09-30,0.0,9.929272243809843e-10,0.0,0.0,0.0,0.0,0.0,0.0,0.0,0.000979597690331084,0.0,0.0,0.0,0.0,0.006622011305689578,0.0,0.0,0.0,0.001865343851396469,0.0,0.009259146446314717,0.0,0.0046936218408791435,0.007695362435837307,0.0,0.0,0.0018345119746777459,0.000888676109916208,0.0,0.0,0.0018809866628940962,0.0,0.0,0.0,0.024848094661610132,0.02418623556309196,0.0,0.025007383225847616,0.011916817990833911,0.0,0.0,0.0,0.0,0.0,0.0,0.0,0.0,0.007371200895876066,0.0,0.0,0.0,0.0,0.0,0.00948249019775813,0.012822927368025233,0.0,0.0,0.0,0.0,0.0,0.020006369768118346,0.0,0.0,0.0,0.0,0.0,0.0,0.02711145977878405,0.04734677040389512,0.030080762509207177,0.04554587822956131,0.019300665143189268,0.09977427116018511,0.0714908950976351,0.1708551022048061,0.03387349655585152,0.004769367930102813,0.0306415435884657,0.0,0.0,0.006436891362915155,0.03823227024913015,0.0,0.002115933191270483,0.0,0.023449591872275594,0.0,0.006913284504139739,0.039504298901431235,0.0704629124294058,0.0,0.0,0.015066489987219326,0.0,0.0,0.01041179022062007,0.010886983302809034,0.024368562395075073
2017-10-31,0.0,0.0,0.0,0.0,0.0,0.0,0.0,0.013412984634818426,0.0,0.0034775999916022804,0.007862298465934468,0.0,0.007482545801818731,0.0,0.0015252819111614402,0.0,0.0,0.0,0.009903034788525132,0.0,0.01526843978137099,0.0,1.2621122283641342e-09,0.012919088376036862,0.0,0.0,0.0004484493434420741,0.0,0.0,0.001533211647847431,0.007941077996751898,0.0,0.0,0.0,0.021442508879241467,0.018063507514364415,0.0,0.04150621360388184,0.004944934288695976,0.0,0.0,0.0,0.0,0.0,0.0,0.0,0.0,0.03298245168993971,0.0,0.0,0.0,0.0,0.0,0.002133120799431337,0.010158984944906647,0.0,0.0,0.0,0.0,0.0,0.007255620022322856,0.0,0.0,0.0,0.0,0.0,0.0,0.009247142377411699,0.029474474865742558,0.0,0.03062366491247263,0.002883735964969341,0.04171535225235762,0.10752626210274495,0.13701223355759415,0.01422940942071374,0.0,0.01197644599534274,0.0,0.045116145397081815,0.07189651646219836,0.011779562595886113,0.0,0.005186037879389489,0.0,0.017944491551251853,0.0,0.014341112354761007,0.03377482042470467,0.093478817097397,0.0,0.0,0.043193411025076886,0.0,0.0,0.0,0.014065833616422337,0.04427317440227474
2017-11-30,0.0,0.0,0.0,0.0,0.0,0.0,0.0,0.020431349581258293,0.0,0.0,0.0,0.0,0.0,0.0,0.0,0.0,0.0,0.0,0.04950770083666901,0.029284780273873448,0.02629932864024756,0.0150668359245246,0.016644746298575167,0.011073453012347644,0.0,0.0,0.0,0.0,0.0,0.0032923933781125294,0.0,0.0,0.00011790890784114007,0.0,0.02995321347606624,0.02639554781664294,0.0003358741022763678,0.031304263710413435,0.040931754482090965,0.0,0.0,0.0,0.0,0.0,0.0,0.0,0.0,0.013802478244397972,0.0,1.4949265321910755e-09,0.0,0.0,0.004406878224222089,0.0400642728037018,0.0152000013954441,0.0117689345436514,0.0,0.0,0.029759485720616836,0.0,0.026688791989328258,0.0,0.0,0.0,0.0,0.0,0.0,0.0,0.02967614841116925,0.0,0.03121562387336296,0.0022546168622316373,0.011524698056442935,0.07884395244203016,0.05928218674143135,0.0,0.0,0.0,0.0,0.04394867759617075,0.046894871983139984,0.020551462229930925,0.0,0.018411672372924417,0.001567795583195683,0.032043662401240125,0.0,0.008918890282237558,0.03252728166556817,0.08205423003061506,0.0,0.0,0.0342526947538304,0.011344011322950103,0.0,0.0,0.0,0.012357528534300439
2017-12-31,0.0,0.0,0.0,0.0,0.0,0.0,0.0,0.01897192275795237,0.0,0.0,0.0010742389643931675,0.0,0.0,0.0,0.0,0.0,0.0,0.0,0.036497980312711356,0.026271159524530206,0.020491199414002802,0.0055793822101879,0.006884035540749025,0.004988906721969973,0.0,0.0,0.0,0.0,0.0,0.008373717703503729,0.0,0.0,1.302173314782588e-09,0.0,0.02631303763358603,0.02309731943988352,0.008402321157297919,0.04114055849437001,0.015173990545908605,0.0,0.0,0.0,0.0,0.0,0.0,0.0,0.0,0.01585576463903203,0.0,0.0,0.0,0.0,0.0,0.035007159476037136,0.028754471615516777,0.030682025924295447,0.0,0.0,0.043430091094089754,0.0,0.016292264069933834,0.0,0.0,0.0,0.0,0.0,0.0,0.0,0.03050504047464483,0.006810393705125343,0.0271950478194953,0.013996299818886442,0.04548801612092236,0.04899784451853684,0.05806368460128348,0.0,0.0,0.0,0.0,0.03751391227694151,0.04263051034702874,0.03636701915979834,0.0,0.030713884269211466,0.007067028684036674,0.024706663694088474,0.0,0.02033197346425998,0.03714268940775691,0.07531930330360932,0.0,0.0,0.017350234458782216,0.015385167689650231,0.0,0.0,0.0,0.011133737643816685
2018-01-31,0.0,0.0065697174753646375,0.0035730979505369733,0.0,0.001738941028331614,0.011864004825790243,0.0,0.03521876195369845,0.0,0.0,0.008813471131678132,0.0,0.0,0.014055701088545343,0.015142092451113668,0.0,0.0,0.0,0.0,0.07622606261358288,0.030291459517535063,0.01979216633345116,0.0039240775733140765,0.009837912995248018,0.0,0.0,0.0,0.0,0.0,1.6820783293963621e-09,0.0,0.0,0.0,0.0,0.054577115545827885,0.04750454323052652,0.025319165072831613,0.12052078699223917,0.0,0.0,0.0,0.0,0.0,0.0,0.0,0.0,0.0,0.011175310986855327,0.0,0.0,0.0,0.0,0.0,0.019286398157023658,0.0031196184078431475,0.0,0.0,0.0,0.020436498234240836,0.0,0.0,0.0,0.0,0.0,0.0,0.0,0.0,0.0014858963178032325,0.021126687195519227,0.0,0.019155262414526773,0.005075458647641696,0.021028107511883318,0.05853792249106415,0.024460666029306157,0.0,0.0,0.028263433775289133,0.0,0.027939653561045948,0.0,0.04249541746520038,0.0,0.03486263677389653,0.012530564884583572,0.01629496931854321,0.0,0.01681084657853407,0.027311781015150544,0.07688139823957187,0.0,0.0,0.02036444482034911,0.006387947712434485,0.0,0.0,0.0,0.0
2018-02-28,0.0,0.0,0.008567369740809298,0.0,0.0003921906084152082,0.00669777938681502,0.0,0.0022378256253817457,0.0,0.0,0.021186727653817447,0.0,0.0,0.0034726236819387466,0.0,0.0,0.0,0.01819608041876898,0.0,0.13197714555251078,0.03172312289103307,0.017982404884202902,0.004036729590286107,0.023421508600847338,0.0,0.0,0.0,0.0,0.0,0.0,0.0,0.0,0.0,0.0,0.03648969692488333,0.03247764807061174,0.02061677850953273,0.07008691631577728,0.021928525175073422,0.0,0.0,0.0,0.0,0.0,0.0,0.0,0.0,0.0,0.0,0.0,0.0,0.0,0.0,1.4178407279589305e-09,0.023680609303769733,0.003701144314527937,0.0,0.0,0.030883781928146514,0.0,0.0,0.0,0.0,0.0,0.0,0.0,0.0,0.036603579035845955,0.020451724947495975,0.04045958988781347,0.026445600488937432,0.021678793947814412,0.017586983587967564,0.04350545029930521,0.05417205283322465,0.0,0.0,0.009221162218398483,0.0,0.01228669960493105,0.029260819403287293,0.026157649426320973,0.0,0.027761372136275136,0.004619706825233998,0.00706469451091678,0.0,0.02391037244985008,0.004739533650451824,0.05693712471572057,0.0,0.0,0.027380479435219103,0.0,0.0,0.0,0.0,0.0
2018-03-31,0.0,0.0,0.00222929660906676,0.0,0.0,0.013031687098356887,0.0,0.0,0.0,0.0,0.014432799724223892,0.0,0.0,0.0,1.2271575543910835e-09,0.0,0.0,0.04336940373096109,0.0,0.1000709202521488,0.022364539101163382,0.012728223959286864,0.009189300776819953,0.03252899802967248,0.0,0.0,0.0,0.0,0.0,0.001909575183783502,0.0,0.0,0.0,0.0,0.039511484031315165,0.025482277751829804,0.01015344485191351,0.05848322245967623,0.02915360294070012,0.0,0.0,0.0,0.0,0.0,0.0,0.0,0.0,0.0,0.0,0.00857865619351183,0.0,0.0,0.0,0.0,0.008804516332719578,0.0,0.0,0.0,0.0027405842618157326,0.0,0.0,0.0,0.0,0.0,0.0,0.0,0.0,0.036411325509219654,0.04935644544841641,0.029091990890234065,0.034533671558503155,0.025769107854587147,0.05082548334452392,0.025986821661480086,0.0497831990082129,0.0,0.0025829232423028228,0.030952743609765316,0.006439912886957222,0.03597088863783694,0.0426004466139923,0.03217382520913054,0.0,0.02315894109378533,0.01414592560086878,0.00474790118601383,0.0,0.015619152727974678,0.005933883099805958,0.004771496725881839,0.0,0.0,0.044381379574383976,0.0,0.0,0.0,0.0,0.0
2018-04-30,0.0,0.0,0.018544614500167433,0.0036183504612055384,0.0,0.01875326284002427,0.0,0.0,0.0,0.0,0.03253593885971744,0.0,0.0,0.0,0.0027517957599709373,0.0,0.0,0.05580712910838267,0.0,0.12270763476810664,0.02301630229567327,0.017665761222762626,0.009181954850384528,0.04568264915097875,0.0,0.0,0.0014986724191430529,0.0,0.0,0.007885483151202768,0.0,0.0,0.0,0.0,0.04633534568956885,0.044305071555353105,0.016059087845063595,0.0848463320641607,0.0,0.0,0.0,0.0,0.0,0.0,0.004890164246088993,0.0,0.0,0.0,0.0,0.00636196069799325,0.0,0.0,0.0,0.0,0.013667886537719094,0.0021453576453842587,0.0,0.0,0.01770495181230731,0.0,0.0,0.0,0.0,0.0,0.0,0.001942577776643012,0.0,0.03234296852640774,0.054843966346630885,0.01910522616865825,0.03133681133793194,0.023244932073068634,0.049166467248140194,0.0268118796730891,0.012055088507288106,0.0,0.0,0.016004512493899364,1.2263804222094338e-09,0.0,0.021602852264811002,0.030057320460931278,0.0,0.008140655588797063,0.005749399094514768,0.0,0.0,0.02236270476821406,0.006471978766505495,0.0,0.0,0.0,0.04279495019672949,0.0,0.0,0.0,0.0,0.0
2018-05-31,0.0,0.0040972288473357914,0.027860012057069162,0.011108010534147995,0.016732887091413687,0.017631674152684684,0.0,0.0,0.0,0.0,0.022647370353942587,0.0,0.008589853108725481,0.008138243429713357,0.005580116225915388,0.0,0.0,0.0444137957695906,0.0,0.12498122375470454,0.013800286085018206,0.00862823578141973,0.004218093045597638,0.030602276190914705,0.0,0.0,0.007403589355753278,0.0,0.0,0.0,0.0,0.0,0.0,0.0,0.06318883318597994,0.025863578758070677,0.028526929281017337,0.13602054336139402,0.0,0.0,0.0,0.0,0.0,0.0,0.016407337679851943,0.0,0.0,0.0,0.0,0.0,0.0,0.0,0.0,0.0,0.0,0.0,0.0,0.0,0.0,0.0,0.0,0.0,0.0,0.0,0.0,0.0005359151428974036,0.0,0.012087025685084542,0.03212401238608652,0.022864092882719095,0.023266377856270525,0.01832048626614455,0.047165745054756486,0.03404005413799351,0.0008691239139343684,0.005537684601286822,0.0,0.013418524014418684,0.002377759988678962,0.02714643231982717,0.05025921600944472,0.03356684149889569,0.0,0.0,0.0,0.0,0.0,0.01577657910595158,0.007399043713964213,0.0,9.675635114736453e-10,0.0,0.026804966403820997,0.0,0.0,0.0,0.0,0.0
2018-06-30,0.0,0.0011506955799220203,0.030656766119152364,0.007704135052841674,0.020932451720423715,0.012268794076716284,0.007414968034117632,0.0,0.0,0.0,0.0079966090788103,0.03544874608544684,0.020199210606871246,8.997460844116025e-10,0.015363944957567873,0.020250274367526303,0.0,0.023602750188121566,0.0,0.10919556092306947,0.014689191455376241,0.01602811272621086,0.0043578188708656325,0.03864973703477765,0.0,0.0,0.013874964853676777,0.0,0.0,0.012869901251081027,0.0,0.0,0.0,0.0,0.05718495815749508,0.02938055529791343,0.02044502429540065,0.15062122560705107,0.0,0.0,0.0,0.0,0.0034431248833548416,0.0,0.005107070191234014,0.0,0.0,0.0,0.0,0.0,0.0,0.0,0.0,0.0,0.0,0.0,0.0,0.0,0.0,0.0,0.0,0.0,0.0,0.0,0.0,0.0,0.0,0.016774650356845784,0.019599338556887388,0.03345206054997036,0.01744767953206436,0.021289641705335108,0.0327438859902593,0.02228082730079278,0.0,0.0,0.0,0.01557431941221439,0.008171723780331732,0.03613842717444145,0.040669734020265906,0.017626536661397015,0.0,0.0,0.0,0.0,0.0,0.012741863091760479,0.0,0.0,0.0,0.0,0.026652719552663365,0.0,0.0,0.0,0.0,0.0
2018-07-31,0.0,0.0026773215713644175,0.047635200265132585,0.016823799003416455,0.02929822512137759,0.024330553907985695,0.01870463856720351,0.0,0.0,0.0,0.0072449011912398,0.061534848957129185,0.015537604157903303,0.004136222434237284,0.013288424708141362,0.009462207738536527,1.26718213086017e-09,0.0,0.0,0.1378339528332827,0.014932835306724878,0.02495151157070307,0.009820843848174405,0.036110454613957364,0.0,0.0,0.015336036839323107,0.0,0.0,0.0330437175313126,0.0,0.0,0.0,0.0,0.06111872103813787,0.013379051150184836,0.025416154078897354,0.16048635201356698,0.0,0.0,0.0,0.0,0.019346922176364776,0.0,0.01771430243344365,0.0,0.0,0.0,0.0,0.0,0.0,0.0,0.0,0.0,0.0,0.0,0.0,0.0,0.0,0.0,0.0,0.0,0.0,0.0,0.0,0.0,0.0,0.0003010110627008441,0.004539390758815162,0.0018867910497788797,0.007352259976181151,0.009203638977709703,0.015823067701503844,0.01348544734002377,0.0,0.0,0.0,0.017480665285046732,0.007205029692817866,0.01761464453763256,0.01834910301862388,0.0,0.0,0.00763875563486744,0.0,0.0,0.0,0.010528429471208172,0.0,0.0,0.0,0.0,0.04842696116816664,0.0,0.0,0.0,0.0,0.0
2018-08-31,0.0,0.0,0.05049117910638603,0.03278280364862674,0.02639343295508248,0.02469238913261005,0.023450540290726216,0.0,0.0,0.0,0.02087748550369264,0.049301896868977145,0.023960254139342205,0.0,0.015871742478612623,0.008082593540084582,0.0,0.008290676643393993,0.0,0.13000332961651243,0.006547002839770143,0.0134646986141838,0.00966461174460214,0.02362844000703293,0.0,0.0,0.01338026031633729,0.0,0.0,0.027980985520507103,0.0,0.0,0.0,0.0,0.061315551859994766,0.03771775975934165,0.03022893218191439,0.13394477175620895,0.0,0.0,0.0,0.0,0.040332636944912306,0.00472249854550354,0.029398457573546425,0.0,0.0,0.0,0.0,0.0,0.0,0.0,0.0,0.0,0.0,0.0,0.0,0.0,0.0,0.0,0.0,0.0,0.0,0.0,0.0,0.0,0.0,0.0,1.1222651853777581e-09,0.0,0.0,0.0022946142561310555,0.01333762282600473,0.0,0.0,0.0062851220060593325,0.0011989018076789628,0.01741639712005598,0.0035997696273511464,0.014716688540787526,0.011216772470864425,0.0,0.0,0.007488192785967746,0.0,0.0,0.0,0.003781188366772557,0.0006029978792101962,0.0,0.03236908283488888,0.0,0.03744683114620811,0.0,0.0,0.0,0.0,0.0017208856218515578
2018-09-30,0.0,0.0,0.0456044659191797,0.012598280987289025,0.01936652719984801,0.013657524882962666,0.0058424049735002525,0.0,0.0,0.0,0.0096079110181293,0.043205749335939785,0.00026313032834420185,0.0,0.009211295261950952,0.0,0.0,0.0,0.0,0.16519274165264863,0.0013569163178756291,0.006445858654999712,0.011125422095912624,0.025382730238024,0.0,0.0,0.015512211614793976,0.0,0.0,0.04446700683244423,0.0,0.0048951936423552115,0.0,0.021435522780629875,0.05632483346155901,0.04673671892432502,0.025214885783551903,0.12357874888141629,0.0,0.0,0.0,0.0,0.02414710093896618,0.0,0.02315370265129156,0.0,0.0,0.0,0.0,0.0,0.0,0.0,0.0,0.0,0.0,0.0,0.0,0.0,0.0,0.0,0.0,0.0,0.0,0.0,0.0,0.0,0.0,0.0,0.0,0.0,0.0,0.010666248752637027,0.03112820206337009,0.0,0.0,0.03445947301515401,0.0008912476197314518,0.026645218776423278,0.006435564667721355,0.016335619939924852,0.0002831963860616938,0.005887349687371381,0.0,0.0033781755173481697,1.2444381400733243e-09,0.0,0.0,0.005032976610491558,0.0015712611040887608,0.0,0.040300498046305824,0.0,0.04891403777044279,0.0,0.0,0.0,0.0,0.013744044420551993
2018-10-31,0.0,0.0,0.04272499382865295,0.016460425062444224,0.02107299135167834,0.014446715171020424,0.0,0.0,0.004800827132989522,0.0,0.012432454616796063,0.03922883484137817,1.0479284229409963e-09,0.0,0.004129185188871913,0.0,0.0,0.001238854198638438,0.0,0.1444340217340665,0.0018835650302059877,0.007654861669855371,0.009294881391653858,0.03315033855564082,0.0,0.0,0.019909037454933443,0.0,0.0,0.03778327382726594,0.0,0.010588639932477056,0.0,0.018383839441137764,0.03791452422416874,0.02578944339506436,0.015451692446522761,0.08501078736563546,0.0,0.0,0.0,0.0,0.01470920458595995,0.0036829807522833075,0.02063032218230952,0.0,0.0,0.0,0.0009630610365182241,0.0,0.0,0.0,0.0,0.0,0.0,0.0,0.0,0.0,0.0,0.0,0.0,0.0,0.0,0.0,0.0,0.0,0.0,0.0,0.0,0.007939794721451935,0.00020818912586528543,0.01617252764037991,0.04907301132687844,0.0,0.0,0.10458097948101652,0.0,0.011332503370890212,0.0009758100264607485,0.007362261701265412,0.004963807278442159,0.0,0.0,0.0,0.0,0.0,0.0,0.0,0.0,0.0,0.03490516607761421,0.0,0.03668787706512639,0.0,0.0,0.0,0.03000296082239642,0.05202535389611476
2018-11-30,1.2835106746801587e-09,0.0,0.05290181613604825,0.006394882190153229,0.000762046728969912,0.005597384733013155,0.0,0.0,0.0,0.0,0.0028348740123318983,0.0,0.0,0.0,0.0,0.0,0.004229326624660232,0.08886981430615737,0.0,0.13884348242231187,0.0052849196823708654,0.0182522947594733,0.013233596719109278,0.042226262100147745,0.0,0.005707524831358043,0.04195876592609292,0.0,0.0,0.03387213149935085,0.0031949930802354413,0.022106160065275042,0.0,0.024399927959338156,0.01313402154255382,0.02047113434203917,0.011564427835951649,0.0712275287810021,0.003852982749931085,0.0,0.0,0.0,0.014920750170715995,0.0,0.014331815534612217,0.0,0.0,0.0,0.0,0.0,0.0,0.0,0.0,0.0,0.0,0.0,0.0,0.001757803906282154,0.0,0.0,0.0,0.0,0.0,0.0,0.0,0.0,0.0,0.0,0.0,0.0,0.0133860802987977,0.02360315670480658,0.06393406862212196,0.0,0.0,0.0807727670532324,0.008620225247732694,0.00758451586725739,0.004429856794752551,0.0,0.019344768568372864,0.0,0.0,0.014290371948156109,0.0,0.0,0.0,0.0,0.0,0.0,0.03750164675865755,0.0,0.04149366576502442,0.0,0.0,0.0,0.02135040254180924,0.001757803906282154
2018-12-31,0.013281801283914124,0.012811262768527667,0.04859857016740954,0.009358931985099279,0.012397272139322077,0.0,0.0,0.0,0.0,0.0,0.0,0.0,0.0,0.0,1.4875060030122782e-09,0.0,0.010322902731077627,0.07816143796103467,0.0,0.06747728527511968,0.008638004697842643,0.017083875940625298,0.021282597419987257,0.03447924190074339,0.0,0.012664508422634044,0.046028107860239094,0.0,0.0,0.03489853183341876,0.00098955424540562,0.022743489602937008,0.014970174346436726,0.04092933455336329,0.0,0.01676430528165453,0.007676763941353391,0.051437098122479305,0.03080798450683952,0.0,0.0,0.0,0.0,0.0,0.011603254452754383,0.0,0.0,0.0,0.0,0.0,0.0,0.0,0.0,0.0,0.0001074888934728487,0.0,0.011791310000760611,0.0,0.0,0.0,0.0,0.0,0.0,0.0,0.0,0.0,0.0,0.0,0.0,0.0,0.005309355229615776,0.017099604137617956,0.039461238507607486,0.0,0.0,0.05749162985310029,0.009993585160467555,0.0,0.008752748355297404,0.0,0.02784857616440499,0.0,0.0,0.02139974507970356,0.01491074776334859,0.0,0.0,0.0,0.009033179860753453,0.0,0.07527783627927859,0.0,0.01767474909296565,0.0,0.0,0.0,0.05844191269388031,0.0
2019-01-31,0.0,0.010688666610150813,0.05154149816787761,0.0,0.0,0.0,0.0,2.2971387862396894e-09,0.0,0.0,0.0,0.0,0.0,0.0,0.0,0.0,0.0,0.029538944296975903,0.0,0.003007928109634388,0.0054083756480788475,0.01895292465962899,0.02065472548747158,0.018871205379779814,0.0,0.00730256852883869,0.02249162938784623,0.0,0.0049859561641372495,0.04402604623489522,0.0,0.018033329472141323,0.004200897630075038,0.0318143179182831,0.0,0.004419273216827685,0.002669593662978428,0.05385171546437716,0.0238621343915596,0.0,0.0,0.0,0.0,0.0,0.0,0.0,0.0,0.0,0.0,0.0033113470837091707,0.0058483136021186865,0.002183582645498917,0.015457485689206093,0.017611292635760514,0.02664854409633558,0.0,0.06087991956511817,0.03594012698453872,0.0,0.0,0.0,0.009786674515241693,0.0,0.0,0.024711478496880736,0.0,0.0,0.0,0.0,0.0,0.013984647198241508,0.041889069670716726,0.04454105711900805,0.0,0.0,0.061513793382515995,0.0,0.0,0.0,0.0,0.0,0.0,0.0,0.030284019681119687,0.02807498634243922,0.0,0.0,0.0,0.0,0.0,0.05024087320827949,0.016635575805392627,0.04570255827344683,0.0,0.0,0.0,0.08843292127573528,0.0
2019-02-28,0.0,0.004454570812920671,0.0481536054177157,0.0,0.006301379589264509,0.0,0.0,0.0024134405349476593,0.0,0.0,0.0,0.0,0.0,0.0,0.0,0.010252390752574227,0.007313922813230308,0.029399535067935394,0.0,0.016371133586345173,0.0,0.014762841992288143,0.0,0.00041893174362139655,0.0,0.02910856251180722,0.035459909191129374,2.0958108618901488e-09,0.029058337836111857,0.04565245943140432,0.0,0.026622760972593876,0.008517125489888857,0.021831885997628992,0.0,0.00459719215432194,0.009842301744744994,0.06335103980958173,0.026867397305835844,0.0,0.0,0.0,0.0,0.0,0.0,0.0,0.0,0.0,0.0,0.0,0.027685723314837252,0.025541757182460222,0.019717579976448487,0.019202678218820463,0.013101514542730851,0.0,0.10642861602029301,0.0,0.006614169017446996,0.0,0.0,0.0,0.0,0.0,0.025227100826879477,0.0,0.0,0.0,0.0,0.0,0.012132562945076867,0.037014604022179376,0.0,0.0,0.0,0.10501081839500277,0.0,0.0,0.0,0.0,0.005228584228283466,0.0,0.0,0.016637617036554597,0.003917406370879409,0.0,0.0,0.0,0.0,0.0,0.04133766349061297,0.011385767784759554,0.009965139063533322,0.0,0.0,0.0,0.07309997071149786,0.0
2019-03-31,0.011983052094698302,0.009092849933391692,0.023546489332085318,0.0,0.0015357028115540457,0.0,0.0,0.0,0.0,0.0,0.0,0.0,0.0,0.0,0.0,0.00759617495986772,0.0,0.015585050296427433,0.0,0.007309679941128559,0.0,0.013566314155568249,0.0,0.0,0.014306123428734331,0.056311813917754104,0.028553298617738206,0.015476749290932668,0.0333469878384124,0.03163735559737328,0.015434043946469194,0.03106600196023712,0.006979039207459607,0.01420945768725165,0.0,0.0,0.0,0.005295355288687606,0.05422696341914643,0.0,0.0,0.0,0.0,0.0,0.0,0.0,0.0,0.0,0.0,0.0,0.0,0.0,0.009058141180746666,0.013929204522513665,0.0,0.0,0.08716796269787287,0.0,0.0,0.0,0.025649043851656252,0.0,0.0,0.0,0.011792533088241358,0.0,0.010271334308872858,0.0,0.0,0.0,0.022352441911984315,0.045209840525227495,0.0,0.0,0.0,0.10895652919833665,0.0,0.0,0.0033021649307058377,0.007266528717037805,0.032262988776664996,0.0,0.0,0.03424832711879553,0.023341024993096635,0.0,0.0,0.0,1.9324987211722524e-09,0.02658318557969156,0.04810394883874337,0.026538897249049998,0.02066998023728155,0.0,0.0,0.0,0.046237416616064085,0.0
2019-04-30,0.017596811933405048,0.007965831392613103,0.010141797876699854,0.0,0.0,0.0,0.0,0.020772603000104615,0.0,0.0,0.0,0.0,0.0,0.0,0.0,0.0,0.0,0.026789350965542694,0.0,0.0,0.0,0.010187658712765333,0.0,0.0,0.03246412138030027,0.05355261580031507,0.03713651469763962,0.021836319624225844,0.04218304732727142,0.032246539446087734,0.012093236910372574,0.02603278452415517,0.004380095302931591,0.01774181290776774,0.0,0.0,0.0,0.0,0.04798098679801223,0.0,0.0,0.0,0.0,0.0,0.0,0.0,0.0,0.0,0.0,0.0,0.0,0.011601565483826062,0.030248533927913088,0.015853244055443385,0.00965322020029364,0.0,0.07845518750354875,0.0,0.0021087247283922915,0.0,0.031510537080480405,0.0,0.0,0.0,0.00681697702995015,0.0,0.031386913297141626,0.0,0.0,0.0,0.033349539970424516,0.04883728677473304,0.0,0.0,0.0,0.06080108535264588,1.589879581327539e-09,0.0,0.012491982940499632,0.0,0.0,0.0,0.0,0.03259995547378846,0.037495173948711505,0.0,0.0,0.0,0.0,0.024578883664111786,0.0070123826044241385,0.03558755356191659,0.017465518498276655,0.0,0.015634253923011623,0.011138990410218397,0.02427035938015886,0.0
2019-05-31,0.011902160883659581,0.007484637178132428,0.0,0.0,0.0,0.0,0.0,0.033440713935007284,0.0,0.0,0.0,0.0,0.0,0.0,0.0,1.758918204825655e-09,0.0,0.06024995338082071,0.0,0.0,0.0004599997043284585,0.0077513219221995305,0.002141200587429527,0.0,0.028126640269895926,0.05216859695363788,0.017145481740982568,0.043094512706169756,0.04529659822054018,0.0024450292204508295,0.0,0.017932807520454497,0.0,0.01550572111015702,0.0,0.0,0.0,0.0,0.05578472354048237,0.0,0.0,0.0,0.0,0.0,0.0,0.0,0.0,0.0,0.0,0.0,0.0,0.0,0.009543577919903757,0.01372761450643034,0.005385445745696198,0.0,0.07451889143447879,0.01257700715710482,0.019081466837734342,0.0,0.03044654460396471,0.0,0.0,0.0,0.0,0.0,0.08956682667880361,0.0,0.0,0.0,0.03425908102614046,0.037288955196878755,0.002655258974498434,0.0,0.0,0.04257367484689037,0.0,0.0,0.008597872385813372,0.0,0.0,0.0,0.0,0.03969541526708669,0.06284786594626106,0.0,0.0,0.0,0.0042600715642375254,0.019340749229849387,0.00015317100829289693,0.02680146099474812,0.027740627474189962,0.0,0.007582184441967616,0.008966259482792446,0.021459876642969552,0.0
2019-06-30,0.0,0.004860383889178258,0.0,0.0,0.0,0.0,0.0,0.02248686162401453,0.0,0.0,0.0,0.0,0.0,0.0,0.0,0.0,0.0,0.07690262362638775,0.027425518720855146,0.0,0.00636580967517324,0.005991481538674796,0.0,0.0,0.015427578344745604,0.03913546526336016,0.008056971804377236,0.03704801669747201,0.02293876625163243,0.009411031961790014,0.0,0.023730687308666395,0.00884730313346653,0.015062405094103802,0.0,0.0,0.0,0.0,0.06162620362339103,0.0,0.0,0.0,0.0,0.0,0.0,0.0,0.0,0.0,0.0,0.0013537347864666538,0.0065845888738173715,0.008524139671814413,0.016618949084732028,0.023133611837321013,0.008017469630742718,0.0,0.10064897317449505,0.0332550943829866,0.0499420970650425,0.0,0.029670481797021815,0.0,0.0,0.0,0.0,0.0,0.09681967852843458,0.0,0.0,0.0,0.03487695164901021,0.03254586258678966,0.013838279650533232,0.0,0.0,0.01973543308006467,0.0,0.0,0.010208734825620349,0.0,0.0,0.0,0.0,0.03658596537004797,0.05990648030419924,0.0,0.0,0.0,0.0,0.008331542202013039,0.0,0.0023779584671292024,0.004094821417647056,0.0,0.010629782315203479,0.00698225935415344,1.3874247737257914e-09,0.0
2019-07-31,1.2557859529377946e-09,0.005467182166890741,0.0,0.0,0.0,0.0,0.0,0.0008901015769370122,0.0,0.0,0.0,0.0,0.0,0.0,0.0,0.0,0.0,0.04542976322168043,0.015415223133600412,0.0,0.003578076017477328,0.0,0.0,0.0,0.0016427259310814594,0.02962798679423007,0.005960043281888415,0.021746344138295973,0.008821577923078718,0.012146679981772683,0.0,0.007838715069805453,0.0,0.005473165227464795,0.0,0.0,0.0,0.0,0.04175631262900012,0.0,0.0,0.0,0.0,0.0,0.0,0.0,0.0,0.0,0.0,0.0140895683515153,0.0,0.03230586663569809,0.024511895985431915,0.024283562593490755,0.030317042717401835,0.012124693299033302,0.12960560323571313,0.044463242414086376,0.06017605972335543,0.017231295295850733,0.016862158098959683,0.0,0.0,0.0,0.026376278088547842,0.0,0.11348458196303951,0.0,0.0,0.0,0.03249889299807938,0.029587651109769755,0.0,0.0,0.0,0.0023510301696993384,0.0,0.0,0.011792506441671149,0.0,0.0,0.0,0.0,0.0304083906546499,0.054273407601464825,0.0,0.0,0.0,0.0,0.01275961942737342,0.0,0.004705077705887314,0.012407588831531646,0.0,0.03234374858456633,0.023084135023932837,0.002162204700260616,0.0
2019-08-31,0.0,0.007972936690346244,0.0,0.0,0.0,0.0,0.0,0.0,0.0,0.0,0.0,0.0,0.0,0.0,0.0,0.003252518543817088,0.0,0.03345533591074656,0.010479294434895724,0.0,0.003157787778564274,7.788835325368073e-10,0.0,0.0,0.0,0.01978643758323853,0.010761940467009458,0.018403323503287952,0.0031885515243139325,0.0004190803447447214,0.0,0.011860040918374642,0.0,0.0,0.0,0.0,0.0,0.0,0.03026652575541456,0.0,0.0,0.0,0.0,0.0,0.0,0.0,0.0,0.0,0.0,0.02017124501978929,0.0,0.04352533188488937,0.044704704731725144,0.0317350339850313,0.04289143174114899,0.028972542189088943,0.09342075722229723,0.039088666432902396,0.08408575374513107,0.04125825948488481,0.04222317783141277,0.0011455806063248384,0.0,0.0,0.056564086022838134,0.0,0.08565947879943048,0.0,0.0,0.0,0.02429077089325904,0.022063021845160045,0.0012513859305630815,0.0,0.0,0.00860360749479327,0.0,0.0,0.01485628725603016,0.0,0.0,0.0,0.0,0.02022942127849867,0.034199355990126155,0.0,0.0,0.0,0.0010713063169999857,0.01702581263290598,0.0,0.0024738961692070695,0.0004470130971581908,0.0,0.02262274579873371,0.022415551366032693,0.0,0.0
2019-09-30,0.0,0.006395828467204375,0.0,0.0,0.0,0.0,0.0,0.0,0.0,0.0,0.0,0.0,0.0,0.0,0.0,5.171781903489736e-10,0.0,0.013192725154809355,0.0,0.0,0.0,0.0,0.0,0.0,0.0013972939578808562,0.016612286492383315,0.011882056947625334,0.02240165297381679,0.01083625687806983,0.0,0.0,0.00920001859156891,0.0,0.0015055383806730686,0.0,0.0,0.0015063248225580734,0.0,0.015816244886899443,0.0,0.0,0.0,0.0,0.0,0.0,0.0,0.0,0.0,0.0,0.02546993415448736,0.010913404576343407,0.05028835339195261,0.04303206550196252,0.03612389518877297,0.04517272149942643,0.049786970959252094,0.09239753335568303,0.07017407289282837,0.08197745475092695,0.033981620917955695,0.04228281062645221,0.019926427236858356,0.0,0.007664126945279639,0.05365300599247633,0.003583694153636762,0.0717318172784757,0.0,0.0,0.0,0.012173568262609,0.008910717917137932,0.0,0.0,0.0,0.0,0.0,0.0,0.01500817216617739,0.0,0.0,0.0,0.0,0.016595718707640657,0.02581550087855646,0.0,0.0,0.0,0.007180470543548256,0.01456522026013184,0.0,0.0008913517431178132,0.0016061331460781691,0.0,0.020943231366530604,0.027403777515033867,0.0,0.0
2019-10-31,0.0,0.007608672743823501,0.0,0.0,0.0,0.0,0.0,0.0,0.0,0.0,0.0,0.0,0.0,7.674598346186061e-10,0.0,0.008972781823297105,0.0,0.0,0.0,0.0,0.0,0.0,0.0,0.0,0.0031440362434547084,0.01908344909223319,0.013609812897735302,0.03296553313900854,0.013609475653618988,0.002892518722024011,0.0,0.008382357288715218,0.0,0.0,0.0,0.0,0.0020252209268070615,0.0,0.02123391299152328,0.0,0.0,0.0,0.0,0.0,0.0,0.0,0.0,0.0,0.0,0.020801041721807138,0.0,0.040427863372682775,0.04750509361181819,0.036239720391457154,0.047240929873481115,0.059085541164667243,0.07252407123709392,0.04123568405298315,0.06620758612745703,0.03494392339648974,0.01746320575598343,0.005630374726873069,0.0,7.566186951353475e-06,0.048477375029700405,0.0,0.06974032657594541,0.0,0.0,0.0,0.013873372911020091,0.012960600102980616,0.0,0.0,0.0,0.0,0.0,0.0,0.022098391514611793,0.014850521945440754,0.0,0.0,0.0,0.014435607457758456,0.03571088684962008,0.0,0.0,0.003639519122640948,0.02122530862742287,0.024173414637051912,0.0,0.0,0.0035212095362763484,0.006993870353916691,0.03869806644051748,0.04676115498565014,0.0,0.0
2019-11-30,0.0,0.0,0.0,0.0,0.0,0.0,0.0,0.0,0.0,0.0,0.0,0.0,0.0,0.0008341657356686872,0.0,0.008449936412863394,0.0,0.00590023963011942,0.0,5.850600262358699e-10,0.0,0.0,0.0,0.0,0.0,0.012126741110102994,0.009418682719043574,0.01551997255365557,0.008477022356611696,0.0,0.0,0.0020185159474432023,0.0,0.0,0.01366864258976918,0.0,0.015415396272121247,0.0,0.01635278346528461,0.0,0.0,0.0,0.0,0.0,0.0,0.0,0.0,0.0,0.0,0.0151272360959554,0.0,0.043491529246083994,0.04651525258351848,0.023628235580299774,0.033595409862239335,0.0449796709810195,0.07114120663606713,0.07600727216802362,0.06495865014654474,0.039650370834719555,0.018068371765356573,0.01821585815020752,0.0,0.02203364769440465,0.07032729812912292,0.0,0.12370406153987093,0.0,0.005594102959985768,0.0,0.013361816660100627,0.01116046790507861,0.0,0.0,0.0,0.0,0.0,0.0,0.026220286599984346,0.007956960000029044,0.0,0.0,0.0,0.014703263273409786,0.019673265906902177,0.0,0.0,0.0,0.012043010043278483,0.016393523080822814,0.0,0.0,0.004470806041436238,0.007674834433028886,0.019926981036074886,0.021194511268690614,0.0,0.0
2019-12-31,0.0,0.0,0.0,0.0,0.0,0.0,0.0,0.0,0.0,0.0,0.0,0.0,0.0,0.004699499683748152,0.001217085361623456,0.012167609837312797,0.0,8.845794088907835e-10,0.0,0.0084570432640273,0.0,0.0,0.0,0.0,0.0,0.017201048406422257,0.02158462348494294,0.0291298786812198,0.013848831576441002,0.0,0.0,0.0,0.0,0.0,0.016354378727829397,0.0,0.020890485112505967,0.0,0.011226273093158651,0.0,0.0,0.0,0.0,0.0,0.0,0.0,0.0,0.0,0.0,0.0005289790426482244,0.0,0.03079224052176545,0.025524640046746493,0.023921406101361398,0.0212740248092778,0.017074958209002192,0.03372490011721897,0.05304168980619527,0.03470244152169344,0.038932763802336144,0.0,0.016640887513739242,0.0,0.028675475630809244,0.0604552083145878,0.0,0.14766553393606574,0.0,0.014940078107783826,0.0,0.01066905297551023,0.002587082227045953,0.0,0.0,0.0,0.0,0.0,0.0005052369773567129,0.04892393995393019,0.031624438910633525,0.0,0.0,0.0,0.017481255326935088,0.031659198944791925,0.0,0.0,0.002313941854993093,0.025029803631413283,0.03594952732034643,0.0,0.0,0.0,0.0232411617882722,0.027093926375547847,0.03824944811818112,0.0,0.0
2020-01-31,0.0,0.0,0.0,0.0,0.0,0.0,0.0,0.0,0.0,0.0,0.0,0.0,0.0,0.013001333970267946,0.0,0.019277832648149477,0.0,0.0,0.0,0.0053152243454048015,0.0,0.0,0.0,0.0,0.0,0.009335105317648307,0.010289926424032158,0.01756112361654372,0.004138535237020738,0.0,0.0,0.0,0.0,0.0,0.000382781141047439,0.0,0.008990086373852683,0.0,8.814287421631115e-10,0.0,0.0,0.001267502617699383,0.0,0.0,0.0,0.0,0.0,0.0,0.0,0.01922407750050355,0.0,0.028343365423867468,0.028630178158347307,0.020994235806787855,0.026628217770430583,0.02670626662858695,0.04084067388105969,0.06395708194287443,0.04572617577598428,0.022189363426981815,0.0,0.04379203059250658,0.013756306183761256,0.0406520011695597,0.07893565926297358,0.0,0.15753929137598213,0.003097043801922985,0.020612462492156324,0.0,0.006795437684389265,0.0016253507409580705,0.0,0.0,0.0,0.0,0.0,0.0,0.03429530801977936,0.0,0.0,0.0,0.0,0.019677090731231375,0.031100569707728908,0.0,0.0,0.002999658267156696,0.018177937613538708,0.03193565395247574,0.0,0.0,0.0014052222969247949,0.009255862417172975,0.02841433515618916,0.04313368964507301,0.0,0.0
2020-02-29,0.0,0.0,0.0,0.0,0.0,0.0,0.0,0.0,0.0,0.0,0.0,0.0,0.0,0.0055563629961269834,0.0,0.00027071709723325185,0.0,0.0,0.0,0.0035784734165464163,0.0,0.0,0.0,0.0,0.0,0.014706469379005003,0.021448927640003237,0.02574586886626027,0.015304409982685965,0.0,0.0,0.0022976216509900125,0.0,0.0,0.00835659038262822,0.0,0.0007731811021916131,0.0,0.012770541554698358,0.0,0.0,0.0,0.0,0.0,0.0,0.0,0.0,0.0,0.0,0.033695329750422026,0.0,0.041350557710845295,0.033631901766341586,0.046050075909734506,0.028986837684464504,0.04586107315465992,0.03940134248848938,0.05349594612044659,0.04941553849482371,0.028470326103211815,0.0,0.06349852922811414,0.02516383177015747,0.024401016131000396,0.04352137051047608,0.006857675303860603,0.1125864424481895,0.0,0.010687548653599558,0.0,0.005457159495458071,0.004385098632809572,8.221725661732157e-10,0.0,0.0,0.0,0.0,0.0,0.028909114369933774,0.0,0.0,0.0,0.0,0.018924935597601795,0.031364032443525536,0.0,0.0,0.0,0.005239537279025031,0.02388062730191182,0.0,0.0,0.0007430952581226508,0.020123112939991233,0.0258696299974717,0.037219148564769884,0.0,0.0
2020-03-31,0.0,0.0,0.0,0.0,0.0,0.0,0.0,0.0,0.0,0.0,0.0,0.0,0.0,0.011985673471162712,0.004463926644005716,0.003022136973319801,0.0,0.0,0.0,0.0069788246911446005,0.0,0.0,0.0,0.0,0.0,0.015135821268583542,0.015061293288780338,0.03139598019553937,0.02266705061747811,0.0,0.0,0.0024872765285329076,0.0,0.0,0.0,8.345803006204707e-10,0.0,0.0,0.011415351348769868,0.0,0.0,0.0,0.0,0.0,0.0,0.0,0.0,0.0,0.0,0.039133901162086523,0.0,0.02347590172114536,0.03255123416777911,0.051748633906420816,0.020611084591023503,0.0529827301290978,0.04236345209569916,0.08053819351110332,0.06478572940199742,0.027478712623755074,0.0,0.05710374468478392,0.027489894565975878,0.01628671755283331,0.026826526212375926,0.004685150570165464,0.10214987314697047,0.0,0.0044143596864956326,0.0,0.0005997950120130244,0.0,0.0,0.0,0.0,0.0,0.0,0.0,0.027383410307381496,0.0,0.0,0.0,0.0,0.02305463321772179,0.02866173734483907,0.0,0.0005660987567008085,0.005977125496085866,0.01228661426201512,0.03373784194943164,0.0,0.0,0.008518861594148976,0.016790473158380257,0.01676440992529431,0.026419823384381626,0.0,0.0
2020-04-30,0.0,8.097895991507957e-10,0.0,0.0,0.0,0.0,0.0,0.003942412008333766,0.0,0.0,0.0,0.0,0.0,0.0,0.0,0.0,0.0,0.0,0.0,0.0,0.0,0.0,0.006708457811128339,0.0,0.0,0.007883010877629272,0.0,0.027469600347864977,0.01676978308892435,0.0,0.0,0.0,0.0,0.0,0.0,0.0,0.0,0.0,0.0,0.0,0.0,0.0,0.0,0.0,0.0,0.0,0.0,0.0,0.0,0.06879267527153417,0.03737312527192129,0.02780287410573759,0.05341064543511668,0.0627047612874463,0.031211469595254348,0.05040964661486119,0.06391263423329951,0.050515016301309765,0.053498484875398225,0.036932386241642565,0.0032470918701765538,0.041235250354034345,0.019684280173475854,0.02106483867539618,0.030697004262378386,0.009990664213894456,0.050443399494908045,0.0,0.011168808326500699,0.0,0.017596323130587937,0.00865461419269241,0.0029740775417871346,0.0,0.0,0.0,0.001954606927385192,0.00875902258933002,0.028018938327734114,0.0,0.0,0.0,0.0,0.028219708170957338,0.02934612023740557,0.0,0.0,0.0,0.005042373344664943,0.03438022769217665,0.0,0.001924430094990221,0.0,0.0029625139173064248,0.019110962488499677,0.018728582368048065,0.0054591774284778,0.0
2020-05-31,0.0,5.827082794426535e-10,0.0,0.0,0.0,0.0,0.0,0.0026173100818705666,0.0,0.0,0.0,0.0,0.0,0.0,0.0,0.0,0.0,0.0,0.0,0.0,0.0,0.0,0.0,0.0,0.0,0.0,0.0,0.009328957409550365,0.0021252483165976155,0.0,0.0,0.0,0.0,0.0,0.0055200835192235845,0.0,0.005595648776683318,0.003220560310404501,0.003484989182467838,0.0,0.0,0.0,0.0,0.0,0.0,0.0,0.0,0.0,0.0,0.05763273131770681,0.019797037522030277,0.030541563728926607,0.05197411576324974,0.052282643270784836,0.03336039489772844,0.06918721781399571,0.05902033857787089,0.06990401983826809,0.04904188012989068,0.048844566595757595,0.003353281009785583,0.06598103129733292,0.0688705667853807,0.03777852114880524,0.028741204468911364,0.01889333910543148,0.07140295249880213,0.005125031128094877,0.009404031561789592,0.0,0.00223571512384545,0.0,0.0,0.0,0.0,0.0,0.0031489133274353854,0.009664707694269277,0.015165851908621998,0.0,0.0,0.0,0.0,0.011593685157914117,0.017393495270869967,0.0,0.0,0.0,0.003636717820921961,0.025742819779938815,0.0,0.0,0.0,0.010225353094333478,0.004469320419770694,0.0044056254154968355,0.009288528346532309,0.0
2020-06-30,0.0,0.0,0.0,0.0,0.0,0.0,0.0,0.005729485605292109,0.0,0.0,0.0,0.0,0.0,0.0,0.0,0.0,0.0,0.0,0.0,0.0,0.0,0.0,0.0,0.0,0.0,0.00022230920380687937,0.0,0.00929850088072992,0.010570174263792611,0.0,0.0,0.0,0.0,0.0,0.0013628743058563097,0.0,0.004862489728820936,0.0,0.008104101036744695,0.0,0.0,0.0,0.0,0.0,0.0,0.0,0.0,0.0,0.0,0.04784334728696672,0.03251537570503625,0.030322289202696324,0.06497693965387441,0.05646838083405778,0.03346211129414789,0.05772517035083322,0.03831402147372044,0.043429917427624566,0.04252468612384427,0.03577504660543908,0.010563322424006183,0.09656852409694917,0.06842382892385633,0.03424749090602268,0.030408571339328044,0.05044091970209122,0.048490672565402924,0.0,0.011494996730602064,0.0,0.00978544023381522,0.004257402075291325,0.0,0.0,0.004364491044246423,0.0,0.0,0.007053771875723218,0.01644777706653231,0.0,0.0,0.0,0.0,0.014638937216318947,0.018775284737305217,0.0,0.00252667591317818,0.0,0.003843282101281841,0.026431535151956904,0.0,0.0,0.0,6.463053256509647e-10,0.00013560870112970188,0.0030794455399923587,0.014514800025380015,0.0
2020-07-31,0.0,0.0,0.0,0.0,0.0,0.0,0.0,0.005656053583403849,0.0,0.0,0.0,0.0,0.0,0.0,0.0,0.0,0.0,0.0,0.0,0.0,0.0,0.0,0.0,0.002461400748357102,0.0003202769344601094,0.0,0.0,0.005601453544204178,0.009128338437638937,0.0,0.0,0.0,0.0,0.0,0.0,0.0,0.0,0.0,0.0,0.0,0.0,0.0,0.0,0.0,0.0,0.0,0.0,0.0,0.0,0.05693377899376695,0.043271694780624925,0.02650126513871907,0.056440815494033646,0.05105963055974651,0.017057661274067954,0.06213943525298993,0.05851698962234165,0.056549299191840284,0.06851557432957092,0.03959880514832439,0.002098911681649163,0.0763974232145585,0.06087998172030123,0.017698460523312434,0.014608947897207061,0.03372121255458065,0.060630838301564426,0.014584629117018195,0.021079502558853106,0.0,0.0159366976888579,0.008523506942870818,0.0,0.0,0.010457783419936612,0.0,0.0,0.0019769174231019063,0.00921489067292264,0.0,0.0,0.0,0.0,0.019308555714006328,0.0162422287456294,0.0,0.004348784381228326,6.425148249254798e-10,0.0,0.02224914644501339,0.0,0.0,0.0,0.005644237979963048,0.0011049168640434107,0.0008187850896789766,0.018866265246209196,0.003854902140888151
2020-08-31,0.0,0.0,0.0,0.0,0.0,0.0,0.0,0.01162769904403581,0.0,0.0,0.0,0.0,0.0,0.0,0.0,0.0,0.0,0.0,0.0,0.0,0.0,0.0,0.0,0.0022022447970714587,4.937465606299354e-10,0.0,0.0,0.0027456555694375757,0.006273146326250519,0.0,0.0,0.0,0.0,0.0,0.0,0.0,0.0,0.0,0.0,0.0,0.0,0.0,0.0,0.0,0.0,0.0,0.0,0.0,0.0,0.04365556600246594,0.04064584237686452,0.02010637252103951,0.04879909079803248,0.0383538563007068,0.009069771782733953,0.04985126738886933,0.02707308078816772,0.042604686612854374,0.06755171927268623,0.03168290152728999,0.003017727938538285,0.05740030849194565,0.11036332396392129,0.028344358849638495,0.01725767520882108,0.036909017003672676,0.0551637757014154,0.026827722835191636,0.026994882152931065,0.0,0.019281090010229762,0.013130773636152455,0.010391441904431658,0.0,0.03481423719280201,0.0,0.0006481748573766072,0.00880623602387585,0.007554349832628989,0.0,0.0,0.0,0.0,0.02170869301559582,0.02082284770051194,0.0,0.006602040323309313,0.0,0.00017922462264610892,0.018597999633009687,0.0,0.0,0.0,0.010892935699140035,0.0,0.0,0.014333169549740307,0.00771509225022104
2020-09-30,0.0,0.0,0.0,0.0,0.0,0.0,0.0,0.007783970877800418,0.0,0.0,0.0,0.0,0.0,0.0,0.0,0.0,0.0,0.0,0.0,0.0,0.0,0.0,0.0,0.0,4.184597951800982e-10,0.0,0.0,0.0006525307737347498,0.002369079698957663,0.0,0.0,0.0,0.0,0.0,0.0,0.0,0.0,0.0,0.0011963248166021144,0.0,0.0,0.0,0.0,0.0,0.0,0.0,0.0,0.0,0.0,0.036630908610956706,0.044655932351151215,0.026802259083629824,0.047635938331505354,0.031140385665702368,0.00833967481415932,0.04237001045936036,0.029610888155439347,0.05706864343449625,0.07366019918267389,0.037628659996456426,0.017641496085351153,0.058865663038505926,0.10523933531370101,0.03518927285384787,0.018902869958990504,0.06004223436058662,0.05698240495635111,0.030483311371038196,0.022766946691483887,0.0,0.014465919175273402,0.00961213686588185,0.0026724405529342903,0.0,0.0237908500422984,0.00119878847947206,6.505162987911436e-05,0.004272531914789765,0.006672084118898068,0.0,0.0,0.0,0.0,0.016277631424908012,0.01766324260872629,0.0,0.003753271250667327,0.0,0.0,0.013343402943096702,0.0,0.0,0.0,0.008472259011835376,0.0,0.0,0.01288116862440251,0.011200280055994561
2020-10-31,0.0,0.0,0.0,0.0,0.0,0.0,0.0,0.0032827585871156757,0.0,0.0,0.0,0.0,0.0,0.0,0.0,0.0,0.0,0.0,0.0,0.0,0.0,0.0,0.0,0.0,0.003447270465763471,0.0,0.0,0.0,0.0,0.0,0.0,0.0,0.0,0.0,0.0,0.0,0.0,0.0,0.0,0.0,0.0,0.0,0.0,0.0,0.0,0.0,0.0,0.0,0.0,0.040976318393128916,0.12937959155453124,0.023554193982444113,0.04927212534762364,0.03147502707679874,0.008738168327801917,0.05216156289153887,0.0173954669098907,0.03499869900858774,0.06381562891662114,0.0417589195854275,0.018470485418719068,0.05679996119283574,0.0746247907011308,0.024988847381710613,0.0,0.062045133132224296,0.03250540241735037,0.03974984361601802,0.024025687720570583,0.0,0.019980399351129993,0.012172322218641247,0.003979426449634149,0.0,0.01846158156565923,0.0008260664217230047,0.0,0.004802418658879653,0.00035246035151575967,0.0,0.0,5.642167664973072e-10,0.0,0.0184822699141122,0.030084555329846524,0.0,0.005503485522037886,0.0,0.0006186008664228756,0.016104494545506276,0.0020496286168002107,0.0,0.0,0.005960990382391209,0.003663542458242727,0.0007647722766432871,0.01378034214634002,0.008946759732423835
2020-11-30,0.0,0.0,0.0,0.0,0.0,0.0,0.0,0.014328986276571677,0.0,0.0,0.0,0.0,0.0,0.0,0.0,0.0,0.0,0.0,0.0,0.0,0.0,0.0,0.0,0.0,0.0009142320345067962,0.0,0.0,0.0,0.0,0.0,0.0,0.0,0.0,0.0,0.0,0.0,0.0,0.0,0.0,0.0,0.0,0.0,0.0,0.0,0.0,0.0,0.0,0.0,0.0,0.04649453007260977,0.15551510631696386,0.027075090388005395,0.048102300002843774,0.030608765424694335,0.007484564152363677,0.057929340570971904,0.019721229134239203,0.041191659712278415,0.07221979170483045,0.044540344251292385,0.024043190618228457,0.0465997856043507,0.0586426161656668,0.010820643304121035,0.0031575725421119625,0.06803957902419323,0.03701494564467485,0.03847642725678755,0.0313297134987628,0.0,0.013317977182968345,0.004837641094667228,0.0037355972604758893,0.0,0.0019776402901324173,0.009764419896620741,0.0,0.004166759291149725,0.002464618482652865,0.0,0.0,0.0,0.0,0.01140490940772427,0.017967734957000096,0.0,0.0,0.0,0.0016019594646508716,0.010268986293894427,0.005028081406517845,6.123509771090661e-10,0.0,0.0028067284003179043,0.007881197981599718,0.006075878866512163,0.007781178509711812,0.004668276899983724
2020-12-31,0.0,0.0,0.0,0.0,0.0,0.0,0.0,0.0036928179017577363,0.0,0.0,0.0,0.2,0.0,0.0,0.0,0.0,0.0,0.0,0.0,0.0,0.0,0.0,0.0,0.0,0.0,0.0,0.0,0.0,0.0,0.0,0.0,0.0,0.0,0.0,0.0,0.0,0.0,0.0,0.0034622243934690185,0.0,0.0,0.0,0.0,0.0,0.0,0.0,0.0,0.0,0.0,0.027129832759145073,0.2,0.007543833473486785,0.024450250607427622,0.02209712191181875,0.0,0.03745442942490778,6.913975309210364e-10,0.012692536397676592,0.025420969260922386,0.028180023642631963,0.010902436316809233,0.019401955485732016,0.0303862989773912,0.0,0.0,0.039773943042106435,0.02649010348149209,0.056223455399560675,0.032597712549247385,0.0,0.01385398671436925,0.006514820386449147,0.012034346335769866,0.0,0.02582592410042505,0.025244367972368564,0.0005446511692688027,0.008342444054744377,0.0021680105686456242,0.0,0.0,0.0040893230335098925,0.0,0.01688133507029293,0.016318620695765722,0.0023818406251490737,0.003748240163555654,0.0,0.006999915947302173,0.014030781464028304,0.0033435183037809576,0.006487551872861536,0.0,0.0,0.0003069321268816446,0.0,0.010816780627309855,0.012166663050541208
2021-01-31,0.0,0.0,0.0,0.0,0.0,0.0,0.0,0.0002534309162022633,0.0,0.0,0.0,0.2,0.0,0.0,0.0,0.0,0.0,0.0,0.0,0.0,0.0,0.0,0.0,0.0,0.0,0.0,0.0,0.0,0.0,0.0,0.0,0.0,0.0,0.0,0.0,0.0,0.0,0.0,0.0,0.0,0.0,0.0,0.0,0.0,0.0,0.0,0.0029247946160649266,0.0,0.0,0.00951471708403344,0.12352558201605064,0.0,0.013667097552811432,0.0,0.0,0.01503144841723236,0.0,0.01160056595190015,0.01586823844099798,0.012088788225991635,0.0062496024944570195,0.01790429565305186,0.05080348480916559,0.028415812512623734,0.008575971480335702,0.04845638380051818,0.02095137289119596,0.0610383268582467,0.03224835792445555,0.013249688114723497,0.01786443930230377,0.008955748440851485,0.016648727451815396,0.025085185112125707,0.04757422529348515,0.048732197188751325,0.0,0.005795435083313223,0.0,0.0,0.0,0.02039464310381834,0.0,0.007779591491525463,5.196935609758042e-10,0.013064790964868825,0.00581890593700915,0.003944674655575665,0.006137488944189131,0.002880826992702092,0.000208258933533173,0.0008050724842229153,0.0,0.0004970270290604721,0.0,0.0,0.02603003804694294,0.049414763264153616
2021-02-28,0.0,0.0,0.0,0.0,0.0,0.0,0.0,0.0021949306600120956,0.0,0.0,0.01310893511434342,0.2,0.007001412575855678,0.0,0.0,0.0,0.0,0.0,0.0,0.0,0.0,0.0,0.0,0.0,0.0,0.0,0.0,0.0,0.0,0.0,0.0,0.0,0.0,0.0,0.0,0.0,0.0,0.0,0.0,0.0,0.0,0.0,0.0,0.0,0.0,0.0,0.02340328974085594,4.543026534502973e-10,0.0,0.0028452808002239556,0.09625827216642108,0.00860798571065904,0.007273448272197837,0.0,0.0,0.004753293496494509,0.0025660782398267416,0.0005593378654965144,0.013886736706114445,0.004038887918204149,0.004018606754610552,0.016016777644137403,0.03940837572793898,0.03993180898434419,0.05027642462089759,0.060911829214721706,0.021717107847261802,0.06384293600069117,0.03397070961922959,0.02425258407256832,0.020624129250580072,0.014630305849254864,0.019013031289822457,5.6932877845651134e-05,0.017468968223426806,0.06297184701828315,0.0,0.0018003449572150721,0.0,0.0,0.0,0.0096893007595671,0.0,0.0004593080630973475,0.0,0.026603772636094043,0.00216288152161175,0.0,0.001479310371518056,0.0,0.01117958534689622,0.0,0.0,0.0,0.0,0.0,0.006497221242982499,0.06451801038439563
2021-03-31,0.0,0.0,0.0,0.0,0.002345688573743813,0.007921319787514295,0.015252852287842714,0.0,0.034971282032511194,0.17155064933949968,0.08354552723858501,0.2,0.08839993204186763,0.0,0.0,0.020462555657963052,0.0,0.0,0.0,0.0,0.0,0.0,0.0,0.0,0.0,0.0,0.0021408240933322455,0.0,0.0,0.0,0.0,0.0,0.0031937585962219395,0.0,0.0,0.00429901796730657,0.0,0.0,0.0011012344777769996,0.0,0.014464730618052275,0.004060838811688126,0.0,0.0,0.0,0.014177442424083987,0.029449359601448906,0.01269115489051046,0.047320580031080535,0.0,0.005612466371725967,0.0,0.0,0.0,0.0,0.0,0.0,0.0,0.0,0.0,0.0,0.0026075785810181543,0.019535675450701603,0.009033983701083388,0.010396174232814808,0.015042192335915064,0.02386789618483106,0.0384437594427102,0.006502824629068316,0.008673592514572486,0.0,0.0,1.3266470958825028e-10,0.024669006211937294,0.02211424608168045,0.01731944381477263,0.0,0.0,0.0,0.00048502278368174563,0.0024815072795625623,0.004884914145863395,0.0,0.0,0.0,0.0,0.0002720530522219384,0.0005206740061299735,0.0,0.0,0.00816823430052229,0.0,0.0,0.0,0.0,0.0,0.0,0.022020006275492516
2021-04-30,0.0,0.0,0.0,0.0,0.0,2.5834821006088507e-10,0.00299620954908963,0.0,0.0,0.04679622965763397,0.04098832635465166,0.2,0.05518261247925017,0.005309474007250991,0.0,0.008303470891543761,0.0,0.0,0.0,0.0,0.0,0.0,0.0,0.0,0.0,0.0,0.002517306003771714,0.0,0.0,0.0,0.0,0.0,0.0,0.0,0.0,0.00047987102614416034,0.0,0.0,0.0,0.0,0.008233925836856096,0.0,0.0,0.0,0.0,0.0056180795206845985,0.01663734183625737,0.0,0.11874291700753684,0.0,0.024051819885191585,0.0,0.0,0.0,0.0,0.0,0.0,0.0,0.0,0.0,0.0,0.0,0.010987827946108211,0.010254685778454663,0.00471864043708311,0.010558857092791123,0.016015553348870056,0.0511883936175478,0.010664401191527562,0.011683658407760315,0.0014003010101520975,0.000935963700769591,0.014199068205156871,0.0578323722096943,0.05972519723504637,0.07345780100882966,0.0068088322173211055,0.01054223651945322,0.0,0.004572297371566911,0.027289338162227134,0.023475803872969044,0.0,0.0,0.0,0.0,0.0024837490022067707,0.003675910077963404,0.002237951653047089,0.0,0.026544180563860542,0.0,0.0,0.0,0.0,0.0008771027627875752,0.0,0.022012292292594837
2021-05-31,0.0,0.0,0.0,0.0,0.008736247821313036,0.008939448440761336,0.0192810281694566,0.0,0.0057450649784289085,0.0785256538618347,0.052340301973157345,0.2,0.047730568052945586,0.0030253953293082184,0.0,0.0035654997505637333,0.007546441922759939,0.0,0.0,0.0,0.0,0.0,0.0,0.0,0.0,0.0,0.0,0.0,0.0,0.0020190349736854164,0.0,0.0,0.0,0.0,0.0,0.0,0.0,0.0,0.0,0.0,1.5500292445012362e-06,0.0,0.0,0.0,0.0,0.005626095705580741,0.01837919684542908,0.0,0.015561160674732578,0.0,0.02305073980838382,0.0,0.0,0.0,0.0,0.0,0.0,0.0,0.0,0.0,0.0,0.0,0.003228373380546375,0.0,0.0,0.0,0.03127556274689787,0.07755477830874741,0.00873965355084068,0.017836762276351156,0.0002457756533414685,0.0,0.017643494258594374,0.07166420965038627,0.029485368849917693,0.05427679320957277,0.01017754856704687,0.01315132106517194,0.0,0.0,0.031115566721851663,0.042512229929329945,0.0,0.0,0.0,0.0,3.122583736062953e-10,0.0009251064629146662,0.003029233950644454,0.0,0.039264339363299094,0.00035438365993158616,0.0004823246416310607,0.008062898572486033,0.0,0.005219092291195578,0.0,0.03368175423945727
2021-06-30,0.0,0.0,0.0,0.0,0.0,0.0056793708051986625,0.01897185739983459,0.0,0.0,0.112369354685115,0.04968513880639826,0.2,0.029111777851920834,0.008347182071688074,0.0,0.0,0.009451462344762577,0.0,0.0,0.0,0.0,0.0,0.0,0.0,0.0,0.0,2.687863770735313e-10,0.0,0.0,0.0,0.0,0.0,0.0031934952349221817,0.0,0.0,0.0,0.0,0.0,0.0,0.0,0.0,0.0,0.0,0.0,0.0,0.018239894820719187,0.0259842751229677,0.0,0.020581019035541714,0.0,0.035407835602012556,0.0,0.0,0.0,0.0,0.0,0.0,0.0,0.0,0.0,0.0,0.0,0.02694910080058532,0.007634674957700362,0.000653507367405957,0.0,0.013055525229556032,0.05207291602021097,0.0014438050096421563,0.01678556961948589,0.0,0.0,0.013795195996283448,0.04747190508734633,0.003914449010303254,0.050578233545723605,0.020625594166537652,0.01825771723335184,0.0011513181637436412,0.0073992110246452235,0.017205958342715832,0.03424546934588928,0.028309861818726384,0.0,0.0,0.0,0.0,0.0004093398484607337,0.005236455436455831,0.0,0.030769585226935986,0.006196183930017463,0.005004405810693484,0.0,0.0,0.0003097705882634785,0.00529160865115559,0.048209973718296495
2021-07-31,0.0,0.0,0.0,0.003180082293990848,0.007486714760581659,0.01854138440565231,0.032130207095653555,0.0,0.0,0.17461323769779613,0.062127638780208674,0.2,0.04114298177332975,0.011935596268430639,0.0,0.011613718588315933,0.008058973578349409,0.0,0.0,0.0,0.0,0.0,0.0,0.0,0.0,0.0,0.011316090186186976,0.0,0.0,0.001482788404611374,0.003015922867739779,0.0,0.003701331202713532,0.0,0.0,0.0,0.0,0.0,6.976832162255236e-05,0.0027336422194237167,0.0,0.0,0.0,0.0,0.005595062227217735,0.022832697915832163,0.020485438618647996,0.0,0.02521639380730563,0.0,0.010853738279004963,0.0,0.0,0.0,0.0,0.0,0.0,0.0,0.0,0.0,0.0,0.0,0.0,0.0,0.0,0.0,0.0,0.02988373443128836,0.0,0.015132620227223701,0.0,0.0,0.012226780643884999,0.028752251665134877,0.0,0.06226625977134856,0.016467734709047496,0.013500324917288253,0.0,0.004127253271227203,0.017788684136178314,0.02935709402239335,0.03606610992051407,0.0,0.0,0.0,0.0,0.0007538357696650542,0.0,0.0,0.01753814977154488,0.005948444329200272,2.5230458014842446e-10,0.0,0.0,0.00044470561910668887,0.005170927169212538,0.026441680080821484
2021-08-31,0.0,0.0,0.0,0.0038600698476283475,0.015831944919234366,0.01492897630573127,0.029325035362887233,0.0,0.0,0.17679291304325873,0.05129591144598494,0.2,0.025818169638124097,0.006967862491871148,0.0,0.007010625123947391,0.005532638988528304,0.0,0.0,0.0,0.0,0.0,0.0,0.0,0.0,0.0,0.016321010686845886,0.0,0.0,0.0025911081463432417,0.00295426956112355,0.0,0.004780735730177469,0.0,0.0,0.0020137314903522227,0.0,0.0,0.00010379874933088488,3.1418233455937573e-10,0.0,0.0,0.0,0.0,0.007777771137993144,0.01772857634066628,0.0009619156270536133,0.0,0.020095602997107415,0.0,0.024965155469908594,0.0,0.0,0.0,0.0,0.0,0.0,0.0,0.0,0.0,0.0,0.0,0.0,0.0,0.0,0.0,0.0,0.028342359681069684,0.0,0.01415391370183296,0.0,0.0,0.01808039159303405,0.03760794186449616,0.0,0.07069616476177319,0.025108155003784674,0.021653893775026266,0.0,0.009622003951099793,0.02875891188951431,0.04030098685914729,0.03887811688661158,0.0,0.0,0.0,0.0,0.0005060111002495854,0.0006639001379961131,0.0,0.0056126386629722315,0.0038548944737879613,0.0,0.0,0.0,0.00789107292945875,0.0,0.0106108193098648
2021-09-30,0.0005777193983770075,0.0,0.0018802026556372664,0.007040014026631736,0.02284933619228703,0.024509152337657016,0.03962375215095301,0.0,0.010036679532577433,0.1746469147904441,0.046531956648177025,0.2,0.043763231737931174,0.011833035859195873,0.0,0.011675640450791037,0.014897378983128682,0.0,0.0,0.0,0.0,0.0,0.0,0.0,0.0,0.0,0.013636483743959968,0.0,0.0,0.005378429160183988,0.00477389430865783,0.0,0.008349396420065741,0.0006006564187554561,0.0,0.011130196811452412,0.0,2.571863099648733e-10,0.0,0.004006793407488791,0.0,0.002432222189171932,0.0,0.0,0.006021685176013264,0.02744789943127862,0.0,0.0,0.04551723349013251,0.0,0.0,0.0,0.0,0.0,0.0,0.0,0.0,0.0,0.0,0.0,0.0,0.0,0.0,0.0,0.0,0.0,0.0,0.016864536419132405,0.0,0.0,0.0,0.0,0.0061915994491537375,0.05488480078314151,0.0030727954729312347,0.0507860332770208,0.025334336776429163,0.018405678339496096,0.0,0.005358267344071558,0.009440814949453431,0.022299018624899893,0.020341721497338983,0.0,0.0,0.0,0.0,0.0,0.0,0.0,0.0023326701698371576,0.0,0.0,0.0,0.0,0.0,0.004209246394862538,0.021318574924096324
2021-10-31,0.0008737145089889437,0.0,0.012339423261638336,0.012067905352622655,0.03139475955323231,0.043167141570023916,0.0530055457439827,0.0,0.01621500713574199,0.2,0.0814659486320708,0.2,0.040494994093186444,0.011718210037628594,0.00010236730342629794,0.02758321956597665,0.012770110254524299,0.0,0.0,0.0,0.0,0.0,0.0,0.003297892463530055,0.0,0.0,0.005200321325636721,0.0,0.0,0.0033433328004193867,0.002956846055756354,0.0,0.0,0.0,0.001022020544574856,0.006886390505903095,0.0,0.0,0.0,0.002923141075321266,0.0,0.0,0.0,0.0,0.0005705251193484935,0.03867508720363383,0.0,0.0033828825438184038,0.03488100980352692,0.0,0.004691018610490736,0.0,0.0,0.0,0.0,0.0,0.0,0.0,0.0,0.0,0.0,0.0,0.0,0.0,0.0,0.0,0.0,0.0,0.0,0.00029945756034571995,0.0,0.0,0.0,0.04403476528001384,0.003430773182486436,0.011543851497791755,0.004880008234721912,2.3284060896209484e-10,0.0,0.00022112051986966026,0.0,0.007954858681952812,0.023383285553024453,0.0,0.0,0.0,0.0,0.0,0.0,0.0,0.0011653450094684264,0.0,0.004282717576439002,0.0,0.0,0.0,0.009361357256924151,0.03841364434911717
2021-11-30,0.008787200985246574,0.0,0.014967287226650802,0.01858803173601961,0.02184989742717971,0.04347571206308935,0.053625285087471566,0.0,0.01879913081109982,0.165934135669311,0.09411571923378392,0.07982838474643851,0.05307392118369049,0.015277922267803227,0.005907091354479253,0.03257716217327151,0.01770516990692365,0.0,0.0,0.0,0.0,3.6286450713775253e-10,0.0,0.005839748870396608,0.0,0.0,0.013747556509942284,0.0,0.0,0.010710101939036765,0.0035354969384218445,0.0,0.0006854284603468941,0.0,0.0,0.0079957961120937,0.0,0.0,0.0012333330705534256,0.0019191978428453676,0.0,0.0,0.0,0.0,0.0,0.01745632911133468,0.0,0.0076168417902182555,0.015518961908902024,0.0,0.03649062698447798,0.0,0.0,0.0,0.0,0.0,0.0,0.0,0.0,0.0,0.0,0.0,0.0,0.0,0.0,0.0,0.0,0.003419842974842903,0.0,0.009068864792625113,0.0,0.0,0.0,0.028495267656529932,0.0,0.02398630257966582,0.021584417562908437,0.012136462048472248,0.0,0.0,0.0,0.01344020918288541,0.0016022015831004112,0.0,0.0,0.0,0.0,0.0,0.0,0.0,0.01378305812973837,0.0,0.0008264551313805016,0.0,0.0,0.0,0.03252529910156373,0.07187014748239384
2021-12-31,0.009204732862736,0.0026494505605583127,0.022227306197552928,0.02209969009158131,0.017678552592915217,0.04385630160741011,0.06926303829886837,0.0,0.023209672754324933,0.13661383892003742,0.09348088170890566,0.10155321046908264,0.05341926234809141,0.019609131293332447,0.006547846381206186,0.03026138685196133,0.02079183264917491,0.0,0.0,0.0,0.0,0.0,0.0,0.01043144707853568,0.002441821755502865,0.0,0.015836848549984628,0.0,0.0,0.01946913078886318,0.005399269451064558,0.0,0.008410173742862086,0.0,0.0,0.008717861220750897,0.0,0.0,0.005247720573820403,0.0,0.0,0.0,0.0,0.0,0.0,4.877195911265063e-10,0.0,0.0,0.0022764348144707304,0.0,0.07017913953972833,0.0,0.0,0.0,0.0,0.0,0.0,0.0,0.0,0.0,0.0,0.0,0.0,0.0,0.0,0.0,0.0,0.003998336332044257,0.0,0.005595455120575209,0.0,0.0,0.0,0.0327164268918557,0.0,0.002214473409041681,0.03279258157229768,0.01425888972900734,0.0,0.0,0.0,0.0,0.0006637219457460429,0.0,0.0,0.0,0.0,0.0,0.0,0.0,0.007012050087511149,0.0025734519222969715,0.01219755139741238,0.0,0.0,0.0037878448130809392,0.018637154196066968,0.04267607899202141
2022-01-31,0.0016827114768154284,0.0017398484824517647,0.02548885310883689,0.023785991501418725,0.001605626368709726,0.02997123831806693,0.0815046462501862,0.0,0.02713342170293166,0.06509297124981378,0.05765365974454757,0.12316767637114892,0.04308831444809194,0.030695565447135666,0.007722975435870889,0.03855521318228606,0.030630080806069025,0.0,0.0,0.0,0.0,0.0,0.0,0.006001082905000458,0.0,0.0,0.007581706791121722,0.0,0.0,0.010729755826946028,0.0,0.0,0.0013090743399834413,0.0,0.0,0.007085575465714452,0.0,0.0,0.0005376222129191274,0.0,0.0,0.0,0.0,0.0,0.0,0.0,0.0,0.0,0.0,0.0,0.045311872042411494,0.0,0.0,0.0,0.0,0.0,0.0,0.0,0.0,0.0,0.0,0.0,0.0,0.0,0.0,0.0,0.0,0.00810817272961525,0.0,0.009611622711422706,0.0,0.0,0.0,0.10872203910150918,0.015998206418949706,5.728049193044847e-10,0.055288923294755495,0.024348798647532505,0.00016450605995077552,0.0,0.0,0.003946987936215734,0.00789975531185292,0.0007550265428280381,0.0,0.0,0.0,0.0,0.0,0.0,0.006110120286968458,0.008907523404134893,0.019011023539869585,0.0,0.0,0.007058514923193689,0.019560090529199714,0.03643320451071846
2022-02-28,0.010452904763222685,0.0035160295299824433,0.031348886912046736,0.037534519212020535,0.007498660623674502,0.03962215272427768,0.08573770083411053,0.0,0.02793239710978048,0.04783906947777358,0.060880325120704716,0.08829762167576334,0.028609288813447886,0.04619149581292098,0.013070236784711151,0.04820090372720088,0.0439146957254622,0.05520689348713082,0.0,0.0,0.0,0.0,0.0,0.01218219866815179,0.005961195119121201,0.0,0.010844561790341536,0.0,7.273807850736677e-10,0.02554338947871825,2.0484886365017107e-08,0.0,0.014077600819118595,0.004062468345707533,0.0,0.0026732816856389835,0.0,0.0,0.018343093973785824,0.007502817708097574,0.007645285743507974,0.0,0.0,0.0,0.0,0.003298628225235271,0.0,0.0,0.0,0.0,0.06805718973065075,0.0,0.0,0.0,0.0,0.0,0.0,0.0,0.0023142753003681325,0.0,0.0,0.0,0.0,0.0,0.0,0.0,0.0,0.0,0.0,0.012890663793165436,0.0,0.0,0.0,0.07277379723801464,0.0,0.0,0.029885958448880017,0.0032792749987506954,0.0,0.0,0.0,0.0,0.0,0.000667340266777381,0.0,0.0,0.0,0.0,0.0,0.0,0.004029864041098275,0.0012598464857957882,0.01685346459257605,0.0,0.0,0.0,0.0,0.0
2022-03-31,0.005917371821122586,0.0031140485256607765,0.03043237430656322,0.019301829668718084,0.016915934668283932,0.03477543382173468,0.0992966915828427,0.0,0.0416124465396344,0.047164245628397605,0.0492447964402275,0.06572517145298275,0.03750397094780877,0.03200792907349649,0.007459922685698912,0.04772712565254021,0.03383832462466266,0.046152550777658,0.0,0.0,0.0,0.0,0.0,0.017878847199821215,0.0,0.0,0.0,0.0,0.0,0.03130879482506868,0.0009874908969311326,0.0,0.0023045101002752816,0.0,0.0,0.007696440878377506,0.0,0.0,0.005243773154925234,0.004815605220932845,0.012005247375688411,0.00036469874456161657,0.0,0.0,0.0,0.043700616635212075,0.0,0.015530057278507599,0.0,0.0,0.04503455848038667,0.0,0.0,0.0,0.0,0.0,0.0,0.0,0.007172543760766323,0.0,0.0,0.0,0.0,0.0,0.0,0.0,0.0,0.0030262025967217753,0.0,0.03311768000947869,0.0,0.0,0.0,0.0629985595289169,0.0,0.0,0.017997999724171706,0.0009035722979462714,0.0,0.0,0.0,0.0,0.0,0.0,0.0,0.0,0.0,0.0,0.0,0.0,0.018612029906474422,0.015877697001742377,0.029222958680125845,0.0,0.0,0.0,0.006009946806674403,6.782598012328648e-10
2022-04-30,0.0,0.005812933369524298,0.0307975469497528,0.010288670768798969,0.046358972130994276,0.009510798936487656,0.07754086283226719,0.01162604413849914,0.035136925228256934,0.022807723606060853,0.030942748972915792,0.03206454192994095,0.04991537569406008,0.03825606645956335,0.000839214254494458,0.04060829742833879,0.009829056096715277,0.034790785876735036,0.0,6.889976127772154e-10,0.0,0.0,0.0,0.022487636805363198,0.0,0.0,0.0,0.0,0.0,0.01564616641523634,0.0,0.0,0.0,0.0,0.0,0.0013662380638571,0.0,0.0,0.0,0.0,0.026374287183175273,0.020363771804768893,0.0,0.0,0.010865687797512598,0.05111105005296522,0.0,0.0429383356485433,0.021817542392700263,0.0,0.03948571375545858,0.0,0.0,0.0,0.0,0.0,0.0,0.0,0.008278532781922565,0.0,0.0,0.0,0.0,0.0,0.0,0.0,0.0,0.0,0.0,0.025321682279796205,0.0,0.0,0.0,0.06152487987425374,0.007427582129983664,0.015929448953658724,0.018173123615436586,0.0,0.0,0.0,0.0,0.0,0.023185758051326427,0.0,0.0,0.0,0.0,0.0,0.0,0.0,0.023049509723443377,0.024852686678935063,0.04069459993222245,0.0,0.0,0.0,0.0112568048021835,0.0007223958948534226
2022-05-31,0.012748048948212428,0.01620223676642406,0.031096296833576325,0.015499083444158611,0.060040576444250135,0.018973681718739,0.07605854602469865,0.04048894093226167,0.049108720892301685,0.008403507058627104,0.018857063331949978,0.01980637996058005,0.04643920047262874,0.03944114505617557,0.02057885332070218,0.07239581054446331,0.015997459228122648,0.027742433077774818,0.0,0.009155711197255048,0.004645040474316427,0.0,0.0,0.017994017164585714,0.002086483703160616,0.0,0.0,0.0,0.0,0.019730297237074666,0.0,0.0,0.0,0.0,0.00666971246134717,0.007337556247694395,0.0,0.0,0.0,0.0,0.019179109376148584,0.0,0.0,0.0,0.024740473093703932,0.048836195656499444,0.0,0.058215931826396394,0.023006381087237876,0.0,0.01342158216778843,0.0,0.0,0.0,0.0,0.0,0.0,0.0,0.0,0.0,0.0,0.0,0.0,0.0,0.0,0.0,0.0,0.0,0.0,0.020840692034242162,0.0,0.0,0.0,0.027900621000723744,0.0,0.0,0.01386807948645757,0.0032722179282170445,0.0,0.0,0.0,0.0,7.749669355756282e-10,0.0,0.0,0.0,0.0,0.0,0.0,0.0,0.03003588425179245,0.020696587015141158,0.03824714482831952,0.0,0.0,0.0,0.0,0.00024229693128387722
2022-06-30,0.013488816855388252,0.022989836903411588,0.03347700402929306,0.023935348728111858,0.055107543538886326,0.01902728710909543,0.08724316538244194,0.049947302367547276,0.05328824880173377,0.0,0.020066270787428835,0.02266476915881421,0.027078919203441326,0.032664467657465966,0.02301494135825126,0.06901652013614841,0.031003220503738247,0.014046185611027509,0.0,0.0,0.007631464629922519,0.0,0.0,0.02915494501207802,0.004192659990479758,0.0,0.0,0.0,0.0,0.012862569134666667,0.0,0.0,0.0,0.0,0.022794359911889196,0.02286103436159979,0.0,0.007230481240963726,0.0,0.0040761283665765105,0.024906989578302657,0.01467409833146024,0.0,0.0,0.013151723145170347,0.035904173122975044,0.0,0.032936767885525416,0.004191992172263193,0.0,0.019566544125424943,0.0,0.0,0.0,0.0,0.0,0.0,0.0,0.0,0.0,0.0,0.0,0.0,0.0,0.0,0.0,0.0,0.0,0.0,0.028870001643228296,0.0,0.0,0.0,0.019123620174829187,0.0,0.0,6.66796712828001e-10,0.0035691506518621924,0.0,0.0,0.0,0.0,0.0,0.0,0.0,0.0,0.0,0.0,0.0,0.0,0.0386472793320386,0.015692776840612623,0.037291797269782094,0.0,0.0,0.0,0.0,0.00260959427932702
2022-07-31,0.022030214613720525,0.016793412879935195,0.027806829757148366,0.0254888994076192,0.06936440740145773,0.026656440231838874,0.07061887997590781,0.03521285278584565,0.043204323580604956,0.0,0.018703975653253366,0.011191009988168611,0.03478997184593078,0.030837719835691103,0.04228258842208669,0.07158726074280974,0.03559147165964825,0.021181499329820996,0.0,0.0,0.006170090148801899,0.0,0.0029807843069694054,0.04029677926645296,0.005540892396265106,0.0,0.0,0.0,0.0,0.023114701228506725,0.0,0.0,0.0,0.0,0.028704653801651,0.020299153485395606,0.0,0.021103517470453196,0.0,0.0016194076768744636,0.0199777376218935,0.010859303867181837,6.723323059015711e-10,0.0,0.021255804512468775,0.05042381139287198,0.001120800106511414,0.027545513703377236,0.019805098376050788,0.0,0.00494262000933961,0.0,0.0,0.0,0.0,0.0,0.0,0.0,0.0,0.0,0.0,0.0,0.0,0.0,0.0,0.0,0.0,0.0,0.0,0.008490392665254436,0.0,0.0,0.0,0.0,0.0,0.0,0.0,0.0,0.0,0.0,0.0,0.0,0.0,0.0,0.0,0.0,0.0,0.0,0.0,0.0,0.019539560665793636,0.009271788775804556,0.04123721395541377,0.0,0.0,0.0,0.0,0.012358615782847953
2022-08-31,0.030205569751213374,0.024770857685890126,0.02826810103758546,0.026113589957626072,0.0715572453149163,0.023085184574319465,0.05502613632859241,0.0441430586111609,0.03539497024218006,5.650911361752004e-10,0.04012663860561521,0.0266817036422118,0.034011139267721764,0.024505841918740265,0.03352615749721685,0.057617606195416025,0.031591598498057476,0.025779817910097473,0.0,0.0,0.0035334599556618796,0.0,0.0,0.031196792189967182,0.008740608518647167,0.0,0.0,0.0,0.0,0.023652775023115528,0.0,0.0,0.0,0.0,0.023690146043202718,0.015557391119328322,0.0,0.010517031282063917,0.0,0.001655593341993225,0.009774805803761222,0.0,0.006777933088402704,0.0,0.02570649679173269,0.047977761142370214,0.004721337152170963,0.046601135942247754,0.021676259043698663,0.0,0.0,0.0,0.0,0.0,0.0,0.0,0.0,0.0,0.0,0.0,0.0,0.0,0.0,0.0,0.0,0.0,0.0,0.0,0.0,0.0011419764641382583,0.0,0.0,0.0,0.0,0.0,0.0,0.0,0.0,0.0,0.0,0.004957789871019311,0.0,0.0,0.0,0.0,0.0,0.0,0.0,0.0,0.0,0.019524249214104283,0.007858820683785225,0.04652695873536561,0.0,0.0,0.0,0.005042650478348139,0.020762810511222834
2022-09-30,0.031724174310722046,0.0249006490354237,0.02922920135575528,0.025048575238365792,0.09377233911166341,0.01342529011983428,0.06621867200824032,0.020951285264761747,0.04473657853419474,0.0,0.02090123490973591,0.03402284625130879,0.02639567885405889,0.02430701760882836,0.024151555537853524,0.04742227680950693,0.021478323705445147,0.07812701305331304,0.0,0.0,0.0,0.0,0.0,0.021051027496813327,0.002655441209800288,0.0,0.0,0.0,0.0,0.028129188314523067,0.0,0.0,0.0,0.0,0.03435883301223924,0.029817612168814473,8.706150637664748e-10,0.024456050076439823,0.0,0.0,0.006194756580241649,0.0,0.0022429036780427965,0.0,0.023685558248191664,0.02949156248725288,0.0,0.026650009410659856,0.00341317856986726,0.0,0.0,0.0,0.0,0.0,0.0,0.0,0.0,0.0,0.0,0.0,0.0,0.0,0.0,0.0,0.0,0.0,0.0,0.0,0.0,0.0040172131564973675,0.0,0.0,0.0,0.0,0.0,0.0,0.0028110139627044554,0.005617268733841762,0.0008576860863729692,0.0,0.04052875339060129,0.0,0.0,0.0,0.0,0.0,0.0,0.0,0.0,0.0,0.016376965170161014,0.009129542070593534,0.04790630695652611,0.0,0.0,0.0,0.0009351439539456087,0.012861272686242525
2022-10-31,0.03255030296954706,0.020580115356786,0.034382701696558854,0.02080132560544505,0.07904777169215202,0.00792338880289439,0.05433382069733529,0.022923407259216905,0.021980086092605343,0.0,0.006452723926016787,0.028059022127454654,0.014424638065745076,0.008172726658457261,0.0004731637625281632,0.01985578969088176,0.020721606256116677,0.09900881096844791,0.039378695670714295,0.0,1.08306728067242e-09,0.0,0.0,0.02534097970208853,0.0,0.0,0.0,0.0,0.0,0.05485828811415547,0.014109214137210054,0.0,0.0,0.0,0.03513677975749913,0.04709259776374836,0.0013465266213806412,0.05464513436201636,0.0,0.001658983684238334,0.0,0.0,0.005714100806607025,0.003564413694573831,0.01209562213395415,0.02857822346648849,0.0,0.018877758965982046,0.0,0.0,0.0,0.0,0.0,0.0,0.0,0.0,0.0,0.0,0.0,0.0,0.0,0.0,0.0,0.0,0.0,0.0,0.0,0.0,0.0,0.0,0.0,0.002967902403916853,0.0029342132788100707,0.0,0.0,0.0,0.0,0.0,0.01084885290262475,0.0,0.058248275616291464,0.0,0.0,0.0,0.0,0.0,0.0,0.0,0.0,0.007408750012772225,0.006346896567538373,0.011312904586312773,0.06584348303982025,0.0,0.0,0.0,0.0,0.0
2022-11-30,0.030247649612962797,0.014916543521743259,0.02818526521799876,0.018402977975842363,0.06270322610800141,0.00917772972750212,0.03445113547547958,0.015317974522090943,0.02341166484333524,0.010267143579461138,0.017880010615673625,0.008671752712762645,0.005310588101117226,0.011871578654882812,0.004931930752492779,0.01935304748180877,0.017038801473460232,0.032018400952543484,0.043361134965638794,0.0,0.0,0.0,0.0,0.0056847581274249775,0.0,0.0,0.0,0.0,0.0,0.017716550075568358,0.012277630571284528,0.0,0.0,0.0,0.03138287965171651,0.02989942227673943,0.009575998142071013,0.031090901664611606,0.0,0.025862039360291866,0.01844089767691884,0.0,0.029757106857453173,0.02778361489086026,0.050041052197695446,0.06630114472262158,0.026047748005676743,0.08052095249298946,0.0434961020941983,0.0,0.0,0.0,0.0,0.0,0.0,0.0,0.0,0.0,0.0,0.0,0.0,0.0,0.0,0.0,0.0,0.0,0.0,0.0,0.0,0.0,0.0,0.0,0.0,0.0,0.0,0.0,0.0,0.012200249530844049,0.0,5.848442418194607e-10,0.040776677243125434,0.0,0.0,0.0,0.0,0.0,0.0,0.0,0.0,0.0,0.011280167480249334,0.0,0.022345550058016913,0.0,0.0,0.0,0.0,0.0
2022-12-31,0.0348642794377239,0.015155087276058311,0.027236551959505004,0.020963473529669926,0.07237629165960971,0.004071326439766127,0.017065110986605854,0.014307780723564787,0.02614692459782333,0.021532529499987133,0.028721317395608143,0.006291158175081295,0.019404746217231865,0.008025155473115244,0.0,0.016865176433229243,0.014267985790750823,0.022904297207741498,0.05681970294904281,0.0,0.0,7.208574018643221e-10,0.0,0.009118962832014849,0.0,0.0,0.0,0.0,0.0,0.02434638768790074,0.01710071268470692,0.0,0.0,0.0018864027996527248,0.03133242211211414,0.03928838374774711,0.010838040119264605,0.038738061835620334,0.0,0.02398597499525537,0.01918398639590265,0.0,0.018882972461098255,0.04948563519646224,0.05837075310998625,0.05350769168032517,0.02133824868065014,0.04621214055847508,0.03924424747148994,0.0,0.0,0.0,0.0,0.0,0.0,0.0,0.0,0.0,0.0,0.0,0.0,0.0,0.0,0.0,0.0,0.0,0.0,0.0,0.0,0.0,0.0,0.0,0.0,0.0,0.0,0.0,0.0,0.020872838979642646,0.0,0.0022543186906556307,0.036557771600886024,0.0,0.0,0.0,0.0,0.0,0.0,0.0,0.0,0.0,0.0,0.0,0.010435149887176795,0.0,0.0,0.0,0.0,0.0
2023-01-31,0.032548804715150724,0.021852578696166747,0.01985231196164947,0.0018876329698982875,0.05268181192444573,0.0,0.01023594244911363,0.0002994310813261649,0.022671355048826263,0.0,0.0069165646847586665,0.002664718006537573,0.012209631927768258,0.0,0.0,0.015264023797193124,0.0,0.007845254384953763,0.10302124623648426,0.0,0.0,0.0,0.0,0.01602745738806331,0.0,0.0,0.0,0.0,0.0,0.014688099253792707,0.01311418567030206,0.0,0.0,0.0,0.04100549511347281,0.05020084923553993,0.006145716807671158,0.032557521304479864,0.0,0.018740387410394518,0.008384169627949052,0.0,0.00690999548818335,0.07460543435579517,0.06308701426519744,0.05558309984465811,0.0117342079651114,0.032728908868680136,0.031008380447763974,0.0,0.0,0.0,0.0,0.0,0.0,0.0,0.0,0.0,0.0,0.031297985839896854,0.0,0.0,0.0,0.0,0.0,0.0,0.0,0.0,0.0,0.002836687998576214,0.0,0.0,1.1410133918891066e-09,0.0,0.0,0.0,0.011074527295489217,0.06456427665421403,0.014151024988841068,0.009422296717527872,0.04657205399342642,0.0,0.0,0.0,0.0,0.0,0.0,0.0,0.0,0.0,0.0,0.0,0.0036951907045226708,0.0,0.0,0.0,0.0,0.029913723735164755
2023-02-28,0.036033511370552045,0.006356148393659878,0.01724391365752071,0.006147925875575363,0.03317425785718629,0.0,0.0,0.0,0.009269317916368734,0.006855271564825055,0.01704862493508127,0.01592902667613412,0.0,0.0018753242934752405,0.0008786996007221452,0.012317581813128593,0.00733220923801425,0.01444255164124093,0.17529428909202266,0.0,0.0,0.010927185698534778,0.014514168248132564,0.0,0.0,0.0,0.0,0.0,0.0,0.0,0.02224387034468057,0.0,0.0,0.010303601403268222,0.056657168938250645,0.052844553922938575,0.005034485174362835,0.07709863765615275,0.0,0.03055909831472699,0.007140440660664216,0.0,0.027429493683496065,0.08931283874586418,0.019639177538417554,1.0517595514821672e-09,0.009867542126850554,0.0,0.024784590982962658,0.0,0.0,0.0,0.0,0.0,0.0,0.0,0.0,0.0,0.0,0.03577799096409941,0.0,0.0,0.0,0.0,0.0,0.0,0.0,0.0,0.0,0.005219569660459036,0.0,0.006359947176027163,0.0,0.0,0.0,0.0,0.013347635829521651,0.05893793324210702,0.0036734170671457273,0.011030019965319335,0.02473645786350963,0.0,0.0,0.0,0.022361519815241024,0.0,0.0,0.0,0.0,0.0,0.0,0.0,0.0,0.0,0.0,0.0,0.0,0.0
2023-03-31,0.0388687578398509,0.0006423570933042955,0.007088504344983573,0.0,0.002458099195477354,0.00794477151881608,0.0,0.0,0.0,0.03531587722026353,0.0007558091015500445,0.010015205245839817,0.0,0.0,0.005277245762514671,0.011588718568962217,0.0024253269878332104,0.02131424001425122,0.15192237465226857,0.0,0.014097023119706275,0.04179699711368788,0.029837240268506537,0.0,0.0,0.0,0.0,0.0,0.0,0.013932507311520915,0.02284927821876655,0.0052996741397191155,0.013370964544360847,0.0340116182903357,0.03452689205154477,0.04977659547274458,0.023548726240603123,0.02790714507145727,0.01988314961672066,0.03142979262489377,0.0,0.0,0.011653782617027543,0.10234235092127239,0.0,0.0,0.0018162376184322955,0.0,0.0,0.0,0.0,0.0,0.0,0.0,0.0,0.0,0.0,0.0,0.0,0.021925449771564336,0.0,0.0,0.0,0.0,0.0,0.0,0.0,0.0,0.0018891330114622473,0.0,0.0,0.0,0.0,0.0,0.0,0.0,0.013472948942723873,0.0551816305319526,0.03792718709368791,0.01703707499854989,0.05335832596727544,0.0,0.0,0.009378764975557731,0.01613222085135977,0.0,0.0,1.0686505519698758e-09,0.0,0.0,0.0,0.0,0.0,0.0,0.0,0.0,0.0,0.0
2023-04-30,0.02965428386150939,0.0021710425893646857,0.003943319150886156,0.0,0.009278997648096995,0.011221770178416484,0.0,0.0,0.0,0.03349412791699285,0.0,0.0223542070481441,0.0,0.0,0.0,0.0,0.0,0.010081780216382251,0.16472659404247203,0.0,0.006415670464811236,0.03464297591532742,0.0258915632050076,0.0,0.0,0.0,0.0,0.0,0.0,0.012308445728977144,0.0178031616980444,1.0747791540421147e-09,0.011413749654330287,0.023642321596976552,0.025240475124397702,0.056535819730857195,0.017109664284785442,0.0274940247938284,0.008048092441332484,0.023910064503786,0.0,0.0,0.0,0.09840415708503354,0.0,0.0,0.0,0.0,0.0,0.0,0.0,0.0,0.00362028931374605,0.0,0.0,0.0,0.01737488322151628,0.0,0.0,0.05778026874864025,0.026625115299294552,0.0,0.017587207473162267,0.00453622398441393,0.0,0.004377975997251454,0.0,0.0,0.026413774589528795,0.0,0.0,0.011796785392982078,0.0,0.0,0.0,0.0,0.0,0.03053925213879525,0.02802697493532085,0.014959912318474052,0.04243608016710786,0.0,0.0,0.010712328011740931,0.02164198602678101,0.005784632426704847,0.0,0.0,0.0,0.0,0.0,0.0,0.0,0.0,0.0,0.0,0.0,0.0
2023-05-31,0.022575563026642872,0.0,0.0,0.0,0.0,0.0,0.0,0.0,0.0,0.02992212762361152,0.0,0.002708244310243783,0.0,0.0,0.0,0.0,0.0,0.01033742987768977,0.16236969779423077,0.0,0.0007478939416113892,0.02498300477602543,0.01095054913583697,0.0,0.0,0.0,0.0,0.0,0.0,0.006638068748434826,0.012779012527359516,0.0,0.007737849737758399,0.018189118237170555,0.0,0.017496216889317573,0.0,0.0,0.011194965898459636,0.002090541249733687,0.0,0.0,0.0,0.06857092677987804,0.0,0.0,0.0,0.0,0.0,0.0,0.0,0.003576190863857035,0.016248936126714367,0.0010816143243421743,0.013518555888252582,0.010189354781308967,0.0604794377569367,0.035345607992391025,0.07803290623351654,0.07898241096272632,0.04564897647351783,0.0,0.025092123993517033,0.0,0.0,0.008247205268401503,0.0,0.0,0.025894597564593915,0.008749064649300559,0.0,0.0,0.0,0.0,0.0,0.0,0.007861003572538508,0.019567464374341308,0.02565787749375329,0.05212381031575605,0.03879404384114845,0.0,0.0,0.009921746844122637,0.018168219350985775,0.0,0.0,0.0,0.0,0.0,0.0,0.0,0.0,0.0,1.158433981097203e-09,0.0007754676297921685,0.006752171985746455,0.0
2023-06-30,0.0081966033005276,0.0,0.0013874840721619865,0.0,0.0,0.0,0.0,0.0,0.0,0.03917249225381709,0.0,0.028341061091475276,0.0,0.0,0.0,0.0,0.0,0.03095648214897635,0.19391437856216398,0.0,0.0,0.0088097880538017,0.0,0.0,0.0,0.0,0.0,0.0,0.0,0.0,0.019135855446645027,0.0,0.009690641811758565,0.024745251483795538,0.0,0.014627666501998681,0.002057199860683717,0.0,0.009131321558113765,0.0063430259937153205,0.0,0.0,0.0,0.07060697571640266,0.0,0.0,0.0,0.0,0.0,0.0,0.0,0.0007237947629512606,0.011717927684187772,0.0,0.002673805879237354,0.018819897485104414,0.04720575966596159,0.03233380307195229,0.05167720502685855,0.0549499382740362,0.0387956394316806,0.0,0.01961918502401684,0.0,0.0,0.0022084951735959714,0.0,0.00475410074159384,0.023596111563366884,0.014008500315189448,0.0,0.0,0.0,0.0,0.0,0.0,0.0121579339153762,0.023110115619755536,0.023043704730182947,0.04561963362412196,0.033253153088187264,0.0,0.0,0.009036771685542585,8.691493126962001e-10,0.008169961024861849,0.0,0.0,0.0,0.0,0.0,0.0,0.0,0.0,0.021576845025964863,0.017361184755246846,0.016470303705840447,0.0
2023-07-31,0.00013087651028210792,0.0,0.0,0.0,0.0,0.0,0.0,0.0,0.0,0.04810150337731979,0.0,0.01509486961284223,0.0,0.0,0.0,0.0,0.0,0.036715544252257815,0.2,0.0,0.0027590805015640443,0.009968541841541377,0.005998329120605729,0.0,0.0,0.0,0.0,0.0,0.0,0.0,0.007742855254744278,0.0,0.0,0.01911041569455768,0.0,0.014483416306557717,0.0,0.0,0.0,0.018672055478612833,0.00015542706144667433,0.01088692505194179,0.0,0.0819745946087982,0.0,0.0,0.0,0.0,0.0,0.0,0.014212112036456332,0.005387187943726122,0.012223091190177579,0.0,0.0,0.026912165886882274,0.029834715179911004,0.013258986455857292,0.038650890276891316,0.034461019571058814,0.0312347745622661,0.0,8.99716328447657e-10,0.0,0.0,0.0,0.0,0.012604892017521383,0.033619709551300406,0.028646080807296605,0.0,0.00437239756221538,0.0,0.0,0.0,0.0,0.0074296000315897314,0.02500200618601225,0.027770575971805156,0.05722572448358213,0.057019205612978935,0.0,0.0,0.012382468823914293,0.008391777766336851,0.003704879118539035,0.0,0.0,0.0,0.0,0.0,0.0,0.0,0.0,0.020939637802834546,0.01597668950979851,0.006944976078259344,0.0
2023-08-31,0.0,0.0,0.0,0.0,0.0,0.0,0.0,0.0,0.0,0.01991004130809143,0.0,0.0,0.0,0.0,0.0,0.0,0.0,0.012015670572974648,0.1370992563838755,0.0,0.0,0.0013418142910619055,0.005351452782623452,0.0,0.0,0.0,0.0,0.0,0.0,0.0,0.0,0.0,0.0,0.012548887792896243,0.0,0.01038088303720388,0.004739615085240101,0.0,0.0,0.030016210560154723,0.007926369763753728,0.019602397513212095,0.0,0.09350851714793833,0.0,0.0,0.0,0.0,0.0,0.0,0.015147393369153278,0.006506882044770275,0.023341053407741057,0.0,0.008400231616209614,0.029557598696799657,0.03971066917549104,0.03876913012312715,0.07113781636674876,0.04652477517030549,0.029474815039656023,0.0,0.021749312600717385,0.0,0.0,0.02873884567075828,0.0,0.02772874245015235,0.06415686067833774,0.00980938102894513,0.0,0.0019747838719212677,0.0,0.0,0.0,0.0,0.007476641180409465,0.010019335900729096,0.03188683241247493,0.051217451579234054,0.033335013996050114,9.27167009096066e-10,0.0,0.0156203198677787,0.0005472925761432302,0.017565888276920048,0.0,0.0005773667133681653,0.0,0.0,0.0,0.0,0.0,0.0,0.00926798875273286,0.005316460267131778,0.0,0.0
2023-09-30,0.0,0.0,0.0,0.0,0.0,0.0,0.0,0.0,0.0,0.08386705445656886,0.0,0.0,0.0,0.012019188932209319,0.0,0.0,0.0029626597450851146,0.024686120354755998,0.10246555694002568,0.008709194718453923,0.0,0.003718891509978776,0.01087667665006235,0.0,0.0,0.0,0.0026669465130733385,0.0,0.0,0.0,0.0018274997130850333,0.0,0.0,0.024919781988904294,0.0,0.015231096652630673,0.01507746051314029,0.0,0.0,0.03492328226056102,0.027158678304783468,0.045767173125616484,0.0,0.09545962949133817,0.0,0.0,0.0,0.0,0.0,0.0,0.0,0.0,0.004338332908063275,0.0,0.0,0.006558184055860415,0.0,0.03890633264192378,0.027956063614461433,0.043098587849519594,1.0225505147842426e-09,0.0,0.0,0.0,0.0,0.0,0.0,0.016406192603554765,0.057645178296652624,0.006067844364609949,0.0,0.0,0.0,0.0,0.008780413616547647,0.0,0.03089450967159804,0.020051393324538095,0.03445819783173452,0.07384976495857681,0.03888471925276581,0.0024890002606916253,0.0,0.013096644283797967,0.0,0.023796578191707524,0.0,0.006154327337633159,0.011412245754804422,0.0,0.0,0.0,0.0,0.0,0.007444350403601449,0.007410423716338757,0.007963822168195177,0.0
2023-10-31,0.0,0.0,0.0,0.0,0.0,0.0,0.0,0.0,0.0,0.04087653892776076,0.0,0.0,0.0,0.0,0.0,0.0,0.0,0.05935849740245162,0.05890149950367377,0.025407774512762923,0.005266387099668354,0.006892647340032511,0.01628527372110773,0.0,0.0,0.0,0.0,0.0,0.0,0.0,0.005802532652392714,0.0,0.0,0.02613739736683418,0.0002138248139822946,0.026908603237409293,0.00466548120250329,0.0,0.005010422742573027,0.0,0.0,0.019594638239230674,0.0,0.10205502362589218,0.0,0.0,0.0,0.0,0.0,0.0,0.0,0.0,0.012672994589878299,0.0,0.0,0.017304373888016665,0.008186730160275938,0.024043133084968735,0.03561119804555469,0.03754645162355689,0.0,0.0,0.0,0.0,0.0,0.0,0.0,0.003501836303321593,0.06934517886116186,0.037509407124151455,0.013866109571973472,0.012786910958291039,0.0,0.0,0.0,0.005362889482041566,0.005791229029741154,0.0,0.02132132239534358,0.08755073818946019,0.029377505622266865,0.0,0.0,0.014302765244065532,0.0,0.022317528973269756,1.3378970355683128e-09,0.019125892674212254,0.022296124193743428,0.0,0.0,0.0,0.0,0.0,0.01094104595265545,0.008984398418087063,0.0688330366384996,0.00804465524929061
2023-11-30,0.0,0.0,0.0,0.0,0.0,0.009569559929704707,0.0,0.0,0.0,0.057369188668203425,0.0,0.014803881219953184,0.0,0.009018598525059977,0.0,0.0,0.0,0.07048623676827087,0.018440924750324515,0.04519491795849216,0.013468436961350722,0.00044968167029740743,0.012712410952116542,0.0,0.0,0.0,0.0,0.0,0.0,0.0,0.014317484868467808,0.01121095001638259,0.011622999695568594,0.03689954575398853,0.0,0.029462466538453705,0.004824869242157617,0.0,0.02833538721089707,0.006844052636667513,0.0009209784794084363,0.021830865139705134,0.0,0.09482685589474074,0.0,0.0,0.021706878904507183,0.0,0.0,0.0,0.0,0.0,0.006043850773602685,0.0,0.0,0.03280814262164597,0.0,0.03312564283459802,0.022214243497284358,0.03273969394744702,0.0,0.0,0.0,0.0,0.0,0.0,0.0,0.0,0.021705597459011593,0.0,0.0,0.0,0.0,0.0,0.0,0.004778269052667223,0.0,0.0,0.02317823988509269,0.06872393427909958,0.025905728231875487,0.0,0.0,0.014101401632455046,0.0,1.3721323851912233e-09,0.0,0.0075457092375257615,0.006059368283985433,0.0,0.0,0.0,0.0,0.0,0.0040649820631409855,0.009941096054510483,0.08628778692423575,0.06645914006497108
2023-12-31,0.0,0.0,0.0,0.0,0.0,0.0026888699861593976,0.0,0.0,0.0,0.03023741135607823,0.0,0.012906451532977137,0.0,0.008711538275525621,0.0,0.0,0.0023314625381569685,0.07012672382391558,0.06996384445477484,0.024109806485707284,0.003835606814257828,0.0,0.0,0.0,1.0921886239052847e-09,0.0,0.0,0.0,0.0,0.00660377689084235,0.013146658850511857,0.003216608806723427,0.005361695307313659,0.03192587225595283,0.0,0.015845947904928746,0.013260766076006266,0.0,0.021363348640904983,0.0,0.0,0.0004430146719349191,0.0,0.059168596752308344,0.0,0.0,0.009321106999983099,0.0,0.0,0.0,0.0,0.0,0.01101377220230086,0.0,0.0,0.03400602888681315,0.0,0.07479221400085444,0.039898422112179026,0.03359063038146309,0.006476261758693878,0.0,0.0,0.0,0.0,0.0,0.0,0.0,0.009583723135062816,0.0,0.0,0.0,0.0,0.0,0.0,0.0,0.014795657625581297,0.007322916914365943,0.023364887767593087,0.0850050248179335,0.03331755437754778,0.0,0.0,0.012593060899465098,0.0,0.0,0.0,0.004416619032877561,0.024312175925299488,0.0,0.0,0.0,0.0,0.0,0.006908280921862774,0.023714197278241058,0.09422501326251854,0.05609444918219461
2024-01-31,0.0,0.0,0.0,0.0,0.0,0.005967848398221795,0.0,0.0,0.0,0.027988378715779343,0.0,0.023550815228770446,0.0,0.005726266076676307,0.0,0.0,1.2801108298722089e-09,0.0849202527732366,0.046723558913212684,0.027499917627090406,0.0115751087911465,0.0,0.008833710495604857,0.007829592043213795,0.00870969807996978,0.0,0.0,0.0,0.0,0.007091553293262914,0.008905267327734777,0.001923910777105937,0.010002586106566833,0.027289271725195574,0.0,0.013821653369741223,0.03939850885579368,0.0,0.03525087250590134,0.0,0.0,0.0038054412084139537,0.0,0.04915344376270046,0.0,0.0,0.011251632891923428,0.0,0.0,0.0,0.0,0.0,0.0024740338615078477,0.0,0.0,0.033904374405072865,0.0,0.08886706534210607,0.03038981598060176,0.02004985984460807,0.0009202486780843242,0.0,0.0,0.0,0.0,0.0,0.0,0.0,0.016882366392240014,0.0,0.0,0.0,0.0,0.0,0.0008414982536697482,0.0,0.0,0.0,0.02242168876659046,0.052251057918853136,0.022532710801648908,0.0,0.0,0.02364493751836245,0.0,0.0,0.0,0.0,0.02796915615584636,0.0,0.0,0.0,0.0,0.0,0.022454779180963867,0.04136401606614287,0.05993966233099811,0.06587343825532968
2024-02-29,0.0,0.0,0.0030076856002763603,0.0,0.0,0.007018456653355235,0.0,0.0,0.0,0.021539316821418512,0.0,0.016166705103678753,0.0,0.010625270643843414,0.0,0.0,0.012141585232576494,0.09260277953632859,0.041128674595294734,0.026704468310796977,0.0,0.0,0.0019468841879018148,0.0,0.013812236150080974,0.0,0.0016613350744523966,0.0,0.0,0.0,0.013510579167666964,0.004353701308150072,0.011131894205719792,0.0182762856043527,1.0865209290676125e-09,0.029733439300029137,0.03905764827211634,0.009609374305086092,0.031618364297590545,0.0,0.0,0.0,0.0,0.019755953861428945,0.0,0.0,0.03173473510787318,0.0,0.0,0.0,0.0,0.0004333577433243873,0.005482062734439105,0.0,0.0,0.04950877331955855,0.0,0.10120278877317647,0.06508113689355469,0.011924298339713028,0.0037991135459751854,0.0,0.0,0.0,0.0,0.0,0.0,0.0,0.007382601093465428,0.0,0.0,0.0,0.0,0.0,0.0,0.0,0.004486258436685452,0.0,0.008674678468598618,0.021984083947717746,0.0,0.0,0.0,0.009620006283067993,0.0,0.0,0.0,0.0,0.02090278526677845,0.0,0.0,0.0,0.0,0.0,0.01851842120844086,0.03615229628269691,0.07174581812664149,0.1059641451096267
2024-03-31,0.0,0.0,0.003813717759659446,0.0,0.0,0.026770111033267766,0.0,0.0,0.0,0.03988058438880817,0.021280769125839323,0.013339831882290744,0.027073119467173327,0.017262695792049962,0.0014033995823667465,0.0,0.01245011854317727,0.088469423780176,0.04516642704646473,0.023481087478521106,0.00031220965431369706,0.0,0.0,0.0,0.012088476887283872,0.0,0.012081178402843494,0.0,0.0,0.0,0.0159213746257753,0.0007680239394716433,0.008897478845199437,0.02936026598966153,0.0,0.015223331493513475,0.033130754134791246,0.005624830676122011,0.03713345870060117,0.0,0.0,0.0,0.0,0.04738466842888002,0.0,0.0,0.05651820572840689,0.0,0.0,0.0,0.0,0.0,0.0,0.0,0.0,0.0,0.0,0.027694766729215406,0.0,0.0,0.0,0.0,0.0,0.0,0.0,0.0,0.0,0.0,0.0,0.0,0.0,0.0,0.0,0.0,0.0,1.0245531456106932e-09,0.012501843868924487,0.006409793520332957,0.013406777379791325,0.03376285173190543,0.011431318868634292,0.0,0.0,0.014410559664346564,0.0,0.0,0.0,0.0,0.03005566742608533,0.0,0.0,0.0,0.0004251719822365287,0.003326088390034256,0.043490455867904655,0.05126350738711172,0.04272254854299006,0.11426310422927538
2024-04-30,0.0,0.0,0.002283230229019798,0.0,0.0,0.020406423636924083,0.0,0.0,0.0,0.048417841524536105,0.012104380337452631,0.008187634257941912,0.02165519756420664,0.005326517329576846,0.0,0.0,0.013719023998018259,0.03589511984496831,0.05095576643283005,0.01337613602596831,0.0,0.0,0.0,0.0,0.010031034935013844,0.0,0.0024381606676248603,0.0,0.0,0.0,0.008483426779446808,0.0,0.004442728173470523,0.017910500880121513,0.027478296067849933,0.04206148616640416,0.04425780777399362,0.01596379165000243,0.016072997158202585,0.0,0.0,0.0,0.0,0.05743317704882609,0.007661512712582881,0.0,0.0373122916522468,0.0,0.0,0.0,0.0,0.0,0.0,0.0,0.0,0.0,0.0,0.05167366971816195,0.0,0.0,0.0,0.0,0.0,0.0,0.0,0.0,0.0,9.685924117025197e-10,0.019420465033449037,0.0,0.0,0.0,0.0,0.0,0.052025351990748966,0.02170118074345456,0.009447851333824406,0.01865249288164628,0.011075683613775412,0.01146533542434972,0.0068253071912159485,0.0,0.0,0.0018087111670567273,0.0,0.0,0.0,0.0,0.03773652734273479,0.0,0.0,0.0,0.0,0.0,0.03064457461204779,0.04323637128059132,0.03142337057904743,0.12898862327207433
2024-05-31,0.0,0.0,0.0,0.0,0.0,0.029744616243744013,0.0,0.0,0.0,0.0471357304698062,0.009541683047798673,0.0,0.024464325062126084,0.013334430027255035,0.00971137736572852,0.0,0.02142046825604879,0.03516755326096309,0.06113809197792416,0.02118756585829042,0.0,0.0,0.0024764807299978214,0.0,0.007822121182018148,0.0,0.013678842458061053,0.0,0.0,0.0,0.0031472960779854835,0.0,0.0015288070718044006,0.010008328683716108,0.018526135200360516,0.039410346031395566,0.02530823046502418,0.0015218163235675272,0.004540134224856451,0.0,0.0006214178457023757,0.0,0.00032902117511058866,0.058020625619637195,0.0,0.0,0.05218866063812646,0.0,0.0,0.0,0.0,0.0,0.0,0.0,0.0,0.006142896098656458,0.0,0.04785622230126363,0.0,0.0,0.0,0.0,0.0,0.016475978265209072,0.0,0.004203061272264723,0.0,0.01362386652112719,0.044093057450463144,0.0,0.0,0.0,0.0,0.0,0.08065894977278383,0.0,0.0,0.010130339781209497,0.0,0.05244748180249493,0.036445236621526725,0.0,0.0,0.0,0.0,0.0,0.0,0.0,0.01657251039515353,0.0,0.0,0.0,0.0,0.0,9.086649833562171e-10,0.014199831052784887,0.02879176025808565,0.11638470220126283
2024-06-30,0.0,0.0,0.0,0.0,0.0,0.030997742507412534,0.0,0.0,0.0,0.026711701081348568,0.0,0.000856968260116245,0.010561736814662787,0.013156562792365586,0.01607719562629852,0.0,0.012660386242812061,0.001538836546869951,0.027060556696314773,0.018007289626870322,0.0,0.0,0.00409505532736174,0.0,0.004805479501074828,0.0,0.010885432427196619,0.0,0.0,0.0,0.007319241098717108,0.0,0.0036128537298038142,0.0025457385286425404,0.01032515440997968,0.025811308280753037,0.025367004048290523,0.0008375260767695255,0.0,0.0,0.0,0.0,0.0,0.030023174172060234,0.0,0.0,0.05590817098866358,0.0,0.0,0.0,0.0,0.012684388370596624,0.001862748745320697,0.0,0.0,0.044157186637663326,0.0,0.08797733385339215,0.0,0.013025494677847622,0.0,0.026174075585678188,0.0,0.07095345846680425,9.421428591527188e-10,0.061652431789578764,0.0,0.006193959841983366,0.041636292435482454,0.0,0.0,0.0,0.0,0.004769260723259261,0.07824717570607148,0.0,0.0,0.0,0.0,0.06863208499391442,0.010862987389052964,0.0,0.0,0.0,0.0,0.0,0.0,0.0,0.006497814192679223,0.0,0.0,0.0,0.0,0.0,0.0,0.0,0.04745549654893326,0.07805269431521454
2024-07-31,0.0,0.0,0.0,0.0,0.0,0.03400158575432273,0.0,0.0,0.0,0.034336367072332195,0.0,0.0,0.0,0.008783947079600975,0.014859484487393899,0.0,0.017866008598189796,0.0013302662713363508,0.024082422022739875,0.010984722622081026,0.00835137719669792,0.0,1.2012296690294338e-09,0.0,0.017618433021875775,0.003366421674008102,0.014012512150996302,0.0,0.0,0.0,0.022081336070196907,0.0005684027859285152,0.0192191180187354,0.014170315296366327,0.012365945620504656,0.02161690349646586,0.018975167031980752,0.0,0.0198425619987575,0.0,0.0,0.0,0.0,0.034608787484460196,0.0,0.0,0.01610848055682747,0.0,0.0,0.0,0.0,0.01621324878041578,0.004013130134755545,0.0,0.0,0.06667304572589373,0.00036690627302259955,0.12311669726827545,0.0,0.015385308488265026,0.0,0.007030432042515945,0.0,0.08095259490140454,0.0,0.02723232247672713,0.0,0.0,0.015135891507857865,0.0,0.0,0.0,0.0,0.0,0.0781176680137896,0.0,0.0,0.009837842498687842,0.0,0.08442266878608416,0.0014655434633610086,0.0,0.0,0.0,0.0,0.0,0.0,0.0,0.0,0.0,0.0,0.0,0.0,0.0,0.0,0.008395327580651861,0.03018500430417879,0.06230580024108498
2024-08-31,0.0,0.0,0.0,0.0,0.0,0.017972242469136975,0.0,0.0,0.0,0.0,0.0,0.0,0.0,0.0,1.0035655336070336e-09,0.0,0.006222466017123711,0.0,0.016204024712956802,0.0,0.0,0.0,0.0,0.0,0.008871954670474495,0.00874174523965406,0.011260277300025637,0.0035403848792483236,0.0,0.0,0.007030911397478564,0.0,0.009274707670162816,0.006353974005191691,0.0054119576135731404,0.003947151932657957,0.00865162153630446,0.0,0.0032183845661551227,0.0,0.0,0.0,0.0,0.03410361885955623,0.0,0.0,0.03154955626465411,0.0,0.0,0.006880774906421154,0.0,0.040778135075483925,0.016499209946024187,0.0,0.0029515870622579803,0.059574001316311784,0.046222057690370535,0.11861272913536526,0.017882338408369974,0.011693347548013941,0.011159343603938094,0.01977722906473539,0.010254531474799163,0.1478777665253118,0.0,0.033985001711530585,0.0,0.0,0.01343307297160389,0.0,0.0,0.0,0.0,0.0,0.08143853547406602,0.0,0.0,0.00487005765819042,0.0,0.11347618872941469,0.027526872145652945,0.0,0.0,0.0,0.0,0.0,0.0,0.0,0.0,0.0,0.0,0.0,0.0,0.0,0.004552289504051426,0.011571143511644483,0.0012478472070510665,0.015380959191471675
2024-09-30,0.0,0.0,0.0,0.0,0.0,0.011589608508001666,0.0,0.0,0.0,0.0,0.0,0.0,0.0,0.0,0.003046427394299088,0.0,0.004904914280895889,0.0005473727234989031,0.0550642070899139,0.0,0.0,0.0,0.0,0.0,0.01686050355272082,0.01505190985425807,0.025984450010097745,0.01715068161716958,0.009112366279867948,0.0,0.005182550891865314,0.0,0.009946652203729674,0.005884513000819965,0.0,0.0011190352489504583,0.002031287942039714,0.0,7.281909323683577e-10,0.0,0.0,0.0,0.0,0.011063687855705918,0.0,0.0,0.0,0.0,0.0,0.021928803261981367,0.01335352391220529,0.04823195613765556,0.026477687634001195,0.0,0.011469509730895798,0.06112121528780548,0.05427173359906877,0.10480112895130154,0.007634760825130471,0.03917427695411537,0.022166492385221052,0.018374709901171866,0.025289238015803257,0.11558210020135334,0.0,0.037063771330230394,0.0,0.0018323344600706516,0.016024074810942975,0.0,0.0,0.0,0.0,0.0,0.05961717395210764,0.0,0.0,0.0,0.0,0.07267396800104198,0.02722367704222985,0.0,0.0,0.008579734840844185,0.0,0.0,0.0,0.0,0.0,0.0,0.0,0.0,0.0,0.0,0.003229889294561406,0.009338070288234902,0.0,0.0
2024-10-31,0.0,0.0,0.0,0.0,0.0,0.0,0.0,0.0,0.0,0.0,0.0,0.0,0.0,0.0,0.0,0.0,0.004086324961481346,0.0,0.06506693310983697,0.0,0.0,0.0,0.0,0.0,0.012761405970429502,0.015207635726642141,0.01700314474031972,0.018190412290297994,0.010856137244757676,0.0,0.0061890968761036495,0.0,0.009512452776567384,4.906991412583665e-05,0.0,0.0,0.0,0.0,0.0,0.0,0.0,0.0,0.0,0.0012958370202214497,0.0,0.0,0.0,0.0,0.0,0.018096119552132976,0.03158978916838705,0.03889157406545466,0.01772502007575727,0.0,0.010366749648871913,0.04346069165900512,0.022411336891564396,0.07555674906516942,7.030730103165555e-10,0.02886792987702589,0.02261441770528494,0.017854005605453208,0.03081245152126856,0.10760879075941894,0.0,0.03073836712155077,0.0,0.0197886329911456,0.03363194686683489,0.020532977479007876,0.0,0.0,0.0,0.02167515271498722,0.08752442285900179,0.0,0.0,0.0,0.0,0.09505687626109681,0.03944416517799058,0.00041509410275340997,0.0,0.0036986840108042237,0.0,0.0025737098610343553,0.0,0.0,0.0,0.0053696160360742675,0.0,0.0,0.0,0.00034620436110769303,0.005172173622611993,0.00795789960534747,0.0,0.0
2024-11-30,1.0155312759681943e-09,0.0,0.0,0.0,0.0,0.0024407505589022103,0.0,0.0,0.0,0.0,0.0,0.0,0.0,0.0,0.0016841834133033032,0.0,0.018493640988060053,0.0,0.0314579350450447,0.0,0.0,0.0,0.0,0.0,0.03324015888610949,0.031575837310018715,0.030086525285766774,0.015603110894536067,0.005896362183786398,0.0,0.009792094540087736,0.0,0.013395645260850323,0.0,0.0,0.0,0.0,0.0,0.0,0.0,0.0,0.0,0.0,0.013176940034722587,0.0,0.0,0.0,0.0,0.0,0.0,0.022384678267005655,0.04793560420236178,0.019856269509320023,0.003275679408707571,0.00493009729884111,0.05760377116651384,0.0318526055329636,0.060515788969751114,0.0,0.020875251375943125,0.022651991361908555,0.03615268226942667,0.014580174412894492,0.09603134118586486,0.007440823302742132,0.011019538600735151,0.0,0.00566407938514623,0.03955455666372275,0.009064787367462829,0.0,0.0,0.0,0.034968476624367736,0.10964672740843277,0.0,0.0,0.0,0.0,0.09781673449412398,0.0033988370468096495,0.0,0.0,0.0,0.0013010235860153015,0.0011551695092740643,0.0,0.0,0.0,0.0093021744452344,0.0,0.0,0.0,0.0,0.01256970633259511,0.011608244855115989,0.0,0.0
2024-12-31,0.002246610394828522,0.0,0.0,0.0,0.0,9.38568148738828e-10,0.0,0.0,0.0,0.0008792750641759304,0.0,0.0,0.0,0.0,0.007177060340389684,0.0,0.011431086505523285,0.0,0.10777021919073446,0.0,0.0,0.0,0.0,0.0,0.05107990090031214,0.04696796223453881,0.047135961225709906,0.010803030451326051,0.008978572118697186,0.01217723274888449,0.03415245612779483,0.01963603045156004,0.03130687302294404,0.01228111159886358,0.0,0.0,0.0,0.0,0.0,0.0,0.0,0.011537786658050464,0.0,0.03503135746879738,0.0,0.0,0.0,0.0,0.0,0.0,0.0,0.03568288985332049,0.007603778653604826,0.0,0.002661589977182879,0.04074001869693268,0.016041986490011085,0.029968493249018936,0.0,0.019489706143481642,0.016182275019217807,0.0168865101666427,0.0,0.07371980540826416,0.0,0.003960443141065595,0.0,0.0,0.0008508898078352713,0.0,0.0,0.0,0.0,0.017417413285325468,0.06423698052181885,0.0,0.0,0.004404541000688657,0.0,0.1471303218165904,0.011933387032005423,0.0,0.0,0.0,0.004672757275919395,0.0,0.0,0.0,0.0,0.0,0.0,0.0,0.0,0.0,0.007708940474975126,0.0010666294419629666,0.01744730074778542,0.00960081435465143
2025-01-31,0.0,0.0,0.0,7.937342880109298e-10,0.0,0.0010418101499660886,0.0,0.0,0.0,0.0013394273706580364,0.0,0.0,0.0,0.0,0.0019284603758612543,0.0,0.0,0.0,0.10795668992025247,0.0,0.0,0.0,0.0,0.0,0.04218699026621811,0.04654771050354247,0.03354922199932674,0.012030846972452632,0.014451348937574694,0.017775457677924714,0.03056289412263137,0.010862024220661782,0.019839406786424187,0.005384775672501399,0.0,0.0,0.0,0.0,0.0,0.0,0.0,0.029887418515768847,0.0,0.032364556860923495,0.0,0.0,0.0,0.0,0.0,0.0004340693354555383,0.0,0.04202396104211785,0.008980719358603671,0.0,0.005029295216122661,0.048331155408864374,0.019206623043569314,0.019457248921311437,0.0,0.03428325912692935,0.012443102135568504,0.034108030867625705,0.01572564902114889,0.0814717330824392,0.007310460780063312,0.02507275973047714,0.0,0.0,0.003765843072965816,0.0,0.0,0.0,0.0,0.014680849495816885,0.04239514752908561,0.0,0.0,0.0,0.0,0.13254992227615872,0.019585480150177383,0.0,0.0,0.0,0.004554936491973561,0.012526938106132486,0.0,0.0,0.0,0.0,0.0,0.0,0.004679974907390908,0.0,0.0036737997535790704,0.0,0.0,0.0
2025-02-28,0.0,0.0,0.0,5.779397434028609e-10,0.0,0.0,0.0,0.0,0.0,0.0,0.0,0.0,0.0,0.0,0.0006151555205178348,0.0,0.0,0.0,0.06654200297590487,0.0,0.0,0.0,0.0,0.0,0.027816271416564054,0.029791194010943208,0.012063933494470212,0.004502688413853344,0.011024433322319,0.01860945141444697,0.0203956963715378,0.00839287246638944,0.01784873711448687,0.009613575776540045,0.0,0.0,0.0,0.0,0.0,0.0,0.0,0.026544447476248005,0.0,0.01536057771184593,0.0,0.0,0.0,0.0,0.0,0.01566199783466708,0.0,0.048198275553334904,0.023300364708319626,0.010533485192914811,0.014418188981485136,0.06982224641442081,0.030799362627178497,0.050368093056818455,0.011726352577515187,0.03772590935400366,0.008848540666957642,0.045240370055781694,0.028090438976209876,0.08195908910555844,0.008285049150769658,0.042808657982721716,0.0,0.0,0.001701206267382216,0.0,0.0,0.0,0.0,0.010590663025247327,0.03558973163107438,0.0,0.0,0.0,0.0,0.10834936962953416,0.001774299850252185,0.0,0.01812705770784335,0.0,0.019678235715429027,0.0,0.0,0.0,0.0,0.0,0.0,0.0,0.0019604957996670414,0.0,0.0,0.0,0.005321480070905962,0.0
2025-03-31,0.0,0.0018690795485276554,0.0,0.0,0.0,0.0,0.0,0.0,0.0,0.0,0.0,0.0,0.0,0.0,0.003510440687840353,0.0,0.0,0.00316288261727368,0.05930559813700298,0.0,0.0017355065730320148,0.0,0.0,0.0,0.040937660806376654,0.04217195395254547,0.022650626958210827,0.010823554951315088,0.018699644021742973,0.03231555840673024,0.023538964877258744,0.01609334290208966,0.030251336021826655,0.017503318834103238,0.0,0.0,0.0,0.0,0.0011810906093652608,0.0,0.0,0.02680759342800292,0.0,0.01220952312996667,0.0,0.0,0.0,0.0,0.0,0.01512656091377318,0.0,0.04943477823652935,0.036064548676761454,0.014712507870260056,0.01564725655595558,0.05900025932044086,0.02481019825463393,0.01668470304806872,0.00948530338614191,0.042269132178045836,0.00794396411241667,0.04600858286167793,0.0037492286425296964,0.027114885661859926,0.0,0.010558070244161529,0.0,0.0,0.0,0.0,0.0,0.0,0.0,0.0,0.016383804546372144,0.0,0.0,0.0,0.0,0.15068263027805043,0.00883975302580115,7.964956109563884e-10,0.0520430653539782,0.0,0.02423857788587681,0.004434511686958065,0.0,0.0,0.0,0.0,0.0,0.0,0.0,0.0,0.0,0.0,0.0,0.0
2025-04-30,0.0,0.0013999343953272412,0.0,0.0,0.0,0.0,0.0,0.0021178857200774416,0.0,0.0,0.0,0.0,0.0,0.0,0.0,0.0,0.0009348223985963034,0.0,0.04180017827010763,0.0,7.868882066792508e-10,0.0,0.0,0.0022778144307542365,0.043794894037127094,0.043497368824362385,0.01821978406528623,0.02574183451880601,0.02094026695612558,0.032772165336988,0.016429407883244602,0.017005980852964505,0.02540293420546016,0.012714481540772976,0.0,0.0,0.0,0.0,0.002797936199994475,0.0,0.0,0.02474283448957676,0.0,0.014284664169305294,0.0,0.0,0.0,0.0,0.0,0.011869633308889996,0.0,0.05358682388074728,0.034303492618366585,0.020410961508377668,0.024348250577735892,0.07204927886504493,0.04699579286344445,0.05256607954826494,0.02705484066556055,0.060027993884059494,0.025336965138381212,0.028543031552958655,0.009342027972394388,0.01930352091647592,0.0,0.021969320826535087,0.0,0.0,0.0,0.0,0.0,0.0,0.0,0.0,0.00041867616823315255,0.0,0.0,0.0,0.0,0.08320986802685985,0.0,0.008801244667449276,0.036291682811751345,0.0003802320381088617,0.016315093078595414,0.0,0.0,0.0,0.0,0.0,0.0,0.0,0.0,0.0,0.0,0.0,0.0,0.0
2025-05-31,0.0,0.0,0.0,0.0,0.0,0.0,0.0,0.0,0.0,0.0,0.0,0.0,0.0,0.0,0.0,0.0,0.0008846262694841359,0.0,0.02469703596482499,0.0,0.0,0.0,0.0,0.0,0.03916458460269281,0.03487002594230928,0.006185350372251026,0.03235607311681506,0.028944957294350458,0.03972123867676079,0.011419012762764264,0.012176798461887767,0.028216130862177845,0.009005962715695866,0.0,0.0,0.0,0.0,0.01787698467045911,0.0,0.0,0.008285906726539475,0.0,0.008791401838213872,0.0,0.0,0.0,0.0,0.0,0.024774355067401065,0.0,0.061137979013084265,0.043734457173081984,0.034099331786291424,0.03715269188581172,0.06772538971225617,0.06472921918472019,0.06291563611027691,0.03972267645449689,0.058603229211703696,0.03837299622790718,0.014999268910240601,0.0005509534090836321,0.0,0.0,0.002523657509207201,0.0,0.0,0.0,0.0,0.0,0.0,0.0,0.0,0.0,0.0,0.0,0.0011409235624237238,7.85379984298e-10,0.06310030203572423,0.0,0.01275364748935555,0.04229625832119925,0.006619576479001586,0.005715952391723097,0.0,0.0,0.0,0.0,0.0,0.0035610711545635376,0.0038133298605344977,0.0024785195284689507,0.0,0.004882486458836082,0.0,0.0,0.0
2025-06-30,0.0,0.0,0.0,0.0,0.0,0.0,0.0,0.0,0.0,0.0,0.0,0.0,0.0,0.0,0.0,0.0,0.0014310246024397107,0.0,0.05103235103911471,0.0,0.0,0.0,0.0,0.0,0.02997074485023307,0.030952525977194164,0.0,0.024531034071105146,0.02464585375425035,0.023075804794579827,0.008173611470379575,0.006721872957138889,0.017890527205678106,0.0,0.0,0.0,0.0,0.0,0.0,0.0,0.0,0.002269150715417423,0.0,0.010994583327633197,0.0,0.0,0.0,0.0,0.0,0.017211904105713462,0.0,0.0565587340922228,0.044691128040493966,0.027961035283381563,0.028242919751323023,0.05346359692845864,0.05395390620545356,0.04048829194016503,0.03905305784578374,0.04377470351978034,0.043434448848233304,0.014557990356179069,0.0014610836593267056,0.02805615807232367,7.163785982338761e-10,0.010762542818875087,0.025353824413319796,0.0,0.0,0.0,0.0,0.0,0.0,0.0,0.0,0.0,0.0,0.0,0.0,0.07943971911484708,0.027950600952619052,0.022404024843305375,0.04768367397424918,0.0021083483994587668,0.004454113847150872,0.0,0.0,0.0,0.0,0.0,0.01689061276138691,0.011031416132016234,0.01486854405220198,0.0,0.002004824388344639,0.0,0.01044971017184335,0.0
2025-07-31,0.0,0.0,0.0,0.0,0.0,0.0,0.0,0.0,0.0,0.0,0.0,0.0,0.0,0.0,0.0,0.0,0.00691864730586201,0.0,0.03930447225029043,0.0,0.0,0.0,0.0,0.0,0.03484694006128073,0.028980239334717318,0.0,0.012120990320131399,0.01792613126010353,0.022129404524533224,0.011283540739168037,0.0062102628808132655,0.01886178010841459,0.0015779740936552253,0.0,0.0,0.0,0.0,0.0,0.0,0.0,0.0,0.0,0.009504169685671495,0.0,0.0,0.0,0.0,0.0,0.012271809520290979,0.0,0.038620937903171525,0.03478472432171718,0.01761199958604495,0.018665488359894632,0.05169389468073597,0.04655189802716398,0.030270857593999105,0.027778620108254076,0.03852313723804664,0.032060207580531165,0.015649630527496235,0.0,0.023568680822959598,0.0219330829152191,0.02274202776474991,0.04053534985812104,0.0,0.0,0.0,0.0,0.0,0.0,0.0,0.010761445815572255,0.0,0.0,0.0,0.0,0.06354706285505797,0.01688764169142987,0.026713447595980648,0.10487076761874303,7.420635868977794e-10,0.003046366711957757,0.0,0.0,0.0,0.0,0.0,0.016035268298020315,0.01045436810978084,0.013810786637168683,0.0,0.0,0.0,0.04358879310150273,0.007357151449685148
2025-08-31,0.0,0.0,0.0,0.0,0.0,0.0,0.0,0.0,0.0,0.0,0.0,0.0,0.0,0.0,0.0,0.0,0.00353465583927874,0.0,0.022236751257763795,0.0,0.0,0.0,0.0,0.0,0.018392250719805908,0.01840775465832561,0.0,6.786836965425079e-10,0.0062423667537132715,0.013199018811869804,0.006445700862562658,0.0029923744817775292,0.014294531548588446,0.0009804561417230014,0.0,0.0,0.0,0.0,0.0,0.0,0.0,0.014588589697190804,0.0,0.018629294833639176,0.0,0.0,0.0,0.0,0.0,0.006836429751471647,0.0,0.031081054580126236,0.027327222298157712,0.01567831990994243,0.0003480113189373916,0.047244485484561,0.03458955862846407,0.02185812472766776,0.05022651036971579,0.012119096401925454,0.03611246310210921,0.018134162633036185,0.0,0.022244868239038554,0.022980168518574783,0.021560701085414094,0.0720460394263172,0.0,0.0,0.0,0.0,0.0,0.0,0.0,0.026291245133844867,0.0,0.0,0.0,0.0,0.04350971580382046,0.007933898717129986,0.01879128152356327,0.2,0.0,0.0,0.0,0.0,0.0,0.0,0.0,0.014403351118703679,0.013060787124609112,0.0033789095570817894,0.0,0.0026490809996809624,0.0,0.050952276363443176,0.03869849089774083
2025-09-30,0.0,0.0,0.0,0.0,0.0,0.0,0.0,0.0,0.0,0.0,0.0,0.0,0.0,0.0,0.0,0.0,0.00969394079898715,0.0,0.0176581927422283,0.0,6.575542781597602e-10,0.0015972101107115347,0.0,0.0,0.008757682753572244,0.007080323134199736,0.0,0.0,0.006279245139293119,0.012411965201581557,0.0012727816016108852,0.000977052816286827,0.004476523378763158,0.0,0.0,0.0,0.0,0.002298518607606081,0.0,0.0,0.0,0.007610521643156226,0.0,0.015954040242552314,0.0,0.0,0.0,0.0,0.0,0.01624848241409088,0.0,0.04233949873685856,0.03200915322280034,0.023657561194240624,0.00832699196834326,0.0713944022419432,0.06866895615120581,0.010148793903703511,0.06925411273438219,0.0239325911546379,0.03822624760111253,0.03148826911004398,0.007471778561426574,0.04887561581701713,0.02364128399228243,0.03255050353015438,0.04430640883735079,0.0,0.0,0.0,0.0,0.0,0.0,0.0,0.013664253113844256,0.0,0.0,0.0,0.0,0.02287668186955325,0.0,0.008307176365647326,0.1882283253653164,0.0,0.0,0.0,0.0,0.0,0.0,0.0,0.007116615714796953,0.0046472460103564655,0.0,0.0,0.0002115839300690807,0.0,0.02995212707865576,0.03638734055206302
2025-10-31,0.0,0.0,0.0,0.0,0.0,0.0,0.0,0.0,0.0,0.0,0.0,0.0,0.0,0.0,0.0,0.0,0.0028280480310297605,0.0,0.0,0.006423587984539045,0.0,0.002627089418589393,0.0,0.0,0.0028727462213699864,4.823976413601343e-10,0.0,0.0010704086379799602,0.006432990289589301,0.0022418474226438613,0.0,0.0,0.0010808986260693108,0.0,0.007849440603615037,0.007858093838310244,0.0,0.011389165399415728,0.0,0.0,0.0,0.005566243793015053,0.0,0.014247857406060702,0.0,0.0,0.0,0.0,0.0,0.033775071982263136,0.0,0.03815025812105944,0.024743436756317967,0.02417202039953682,0.009291988267348271,0.06251360139031938,0.06937292059095068,0.023848118027893942,0.06756102375810846,0.02607709872450504,0.03918484310314004,0.023346570021312633,0.032824565933577646,0.0830009158586718,0.02303438817271496,0.02944385946890986,0.05858236897885999,0.0,0.0,0.0,0.0,0.0,0.0,0.0,0.02272112618910543,0.0,0.0,0.0,0.0,0.021945873287447928,0.016918099001528394,0.014646135088934064,0.12232303073510016,0.0,0.0,0.0,0.0,0.0,0.0,0.0,0.006887344526639447,0.0038474882610703663,0.0,0.0,0.0,0.0,0.020095487386746238,0.029203947813312994
2025-11-30,0.0,0.0,0.0,0.0,0.0,0.0,0.0,0.0,0.0,0.0,0.0,0.0,0.0,0.0,0.0,0.0,0.005343469843848322,0.0,0.0,0.008054940708120425,0.003945504862356295,0.006578257105685005,0.00155868566043493,0.0,0.0,0.0,0.0,0.0,0.0008058640451855796,0.0,0.0,0.0,0.0,0.0,0.006423595996321406,0.007308434163628219,0.0,0.00923522350139209,0.0,0.0,0.0,0.0006378698194259481,0.0,0.009754094906930882,0.0,0.0,0.0,0.0,0.0,0.037941373338380845,0.0,0.03647704907494551,0.020008491254554096,0.0190810238518033,0.0045714013345235765,0.05801359919270982,0.07700074390032804,0.03136318243925363,0.07096991121577208,0.023858020796638353,0.02475709743892115,0.02274794765075653,0.05479827020661707,0.06911411557572787,0.044020457248761094,0.027812200388852855,0.06573134858452358,0.0,0.015016292933317724,0.0,0.004744692964743439,4.4517455725038844e-10,0.010020562531483047,0.0,0.008549060107546037,0.0,0.0,0.0,0.0,0.023546305576524495,0.02401549127416693,0.01846672621858225,0.08409024223810678,0.0,0.0,0.0,0.0,0.0,0.0,0.0,0.0,0.0044657148389432135,0.0,0.0,0.0,0.0,0.027328486539992945,0.03184425022502012
2025-12-31,0.0,0.0,0.0,0.0,0.0,0.0,0.0,0.0,0.0,0.0,0.0,0.0,0.0,0.0,0.00031135469144638893,0.0,0.011607833267809904,0.0,0.0,0.0032100068493202995,0.0,0.0006720362200662447,0.0,0.0,0.0,0.0,0.0,0.0,0.0,0.0,0.0,0.0,0.0,0.0,0.006817907487806548,0.004658799774650736,0.0,0.009969196248432663,0.0,0.0,0.0,0.0,0.0,0.009560426716360999,0.0,0.0,0.0,0.0,0.0,0.03844152370886302,0.0,0.03125269106659824,0.02204318180021435,0.016574521485141006,0.009226330642449102,0.056698661370419116,0.08375332828597552,0.03631997252526764,0.0649101164536024,0.02436538001667291,0.02114514537910691,0.03203209556807624,0.06888620505461779,0.05566852550370951,0.048030494472018195,0.03461420473842824,0.0881995593184131,0.0,0.009300409115671206,0.0,0.0008072488396864828,0.0,0.008125546283116677,0.0,0.011843611176017978,0.0036272767379541683,0.003527452931290352,0.006848689973440477,0.0,0.019474996680839653,0.01779072571901098,0.019777627592550737,0.08602350669953002,0.0,0.0,3.188807680856681e-10,0.0,0.0,0.0,0.0,0.0,0.0016945415976533692,0.0,0.0,0.0,0.0,0.01431250984300752,0.01787635784588255
2026-01-31,0.0,0.0,0.0,0.0,0.0,0.0,0.0,0.0,0.0,0.0,0.0,0.0,0.0,0.0,0.0,0.0,0.0034913763859507722,0.0,0.0,0.0,0.0,0.0,0.0,0.0,0.0,0.0,0.0,0.0004784596899681446,0.0,0.0,0.0,0.0,0.0,0.0,0.0004794026058598017,0.0,0.0,0.003968712100726286,0.0,0.0,0.0,0.0,0.0,0.009801193741863161,0.0,0.0,0.0,0.0,0.0,0.04426308671660591,3.8931466409294054e-10,0.023645632021688703,0.02526194216820842,0.01136991632985449,0.014083803390333464,0.04953045941376138,0.06718060492258066,0.02098025511298889,0.05397169223870656,0.023626628202460025,0.026444273872166347,0.0393735360069346,0.08356599706461323,0.056899247025326366,0.06574296055035854,0.027054233073555287,0.09733512557511889,0.00750925202370392,0.016240369572031885,0.0,0.006478189121600335,0.0005064109632986464,0.013533043045268176,0.011048081857516216,0.03516812357770725,0.0022145459683864206,0.0019753330468803344,0.003929504303677976,0.0,0.01539546455274621,0.029983754661989055,0.024656951330465554,0.041288951667773535,0.0,0.0,0.0014810554313581892,0.0,0.0,0.0,0.0,0.0,0.0,0.0,0.0,0.0,0.0,0.023909262608525796,0.016133167668125867
2026-02-28,0.0,0.0,0.0,0.0,0.0,0.0,0.0,0.0,0.0,0.0,0.0,0.0,0.0,0.0,0.00014407085403594767,0.0012961064341508977,0.0036492887585431,0.0,0.0,2.9857926504909296e-10,0.0,0.0,0.0,0.0,0.0,0.0,0.0,0.0,0.0,0.0,0.0,0.0,0.0,0.0,0.0002959657370134998,0.0,0.0,0.004144049863629663,0.0,0.0,0.0,0.0,0.0,0.014749271975355475,0.0,0.0,0.0015629482639032534,0.0,0.007556405688305086,0.037531170110734535,0.016331245819885074,0.017478893894800618,0.015261536579908523,0.007093851693567008,0.01189835056598742,0.0463581039947756,0.05674854412916274,0.02241338853349454,0.04270890166651065,0.00618920013952162,0.02242417378820191,0.026896992436876828,0.08928073149616927,0.07640376191630499,0.07387537016671866,0.025494704497916656,0.1158939608260405,0.007299875674150226,0.02503696196549392,0.0,0.005545038756881911,0.0010810781995361392,0.015493684397582419,0.009566616604662912,0.029322362164898585,0.0,0.0,0.0,0.0,0.003885537974076863,0.019658770706409034,0.016908178042386958,0.030983826643803683,0.0,0.0,0.0,0.0,0.0,0.0,0.0,0.0,0.0,0.0,0.0,0.0,0.0,0.04171763797082511,0.04981944076919881
2026-03-31,0.0,0.0,0.0,0.0,0.0,0.0,0.0,0.0,0.0,0.0,0.0,0.0,0.0,0.0,0.0,0.0017532102566349852,0.0026865343965195056,0.0,0.0,0.0,0.0,0.0,0.0,0.0,0.0,0.0,0.0,0.0,0.0,0.0,0.0,0.0,0.0,0.0,0.0010153083149788626,0.0,0.0,0.00035799752133728707,0.0,0.0,0.0,0.0,0.0,0.015738807523868508,0.0,0.0,0.0072323373315453495,0.0,0.009097798286952315,0.033795382059709105,0.022443603772468228,0.02269786692914969,0.016186073527538022,0.006542810676787334,0.008464859081323217,0.040247910353344706,0.0575595684003199,0.0,0.03209487418534823,0.013619972215521265,0.02002907807074704,0.03231513437006062,0.08513844694018774,0.08800857274076823,0.09394364642800232,0.01975447070679699,0.06708750526855838,0.007651985237844751,0.026919082700604884,0.0018542752681672348,0.0038807400365801466,0.003500244319004388,0.00916117465831107,0.014389112932304588,0.035421159521618666,0.0,0.0,2.908385093926784e-10,0.0,0.018744912207005113,0.046069636125551636,0.0215075375315083,0.024767718329393233,0.0,0.0,0.00196912929994062,0.0,0.0,0.0,0.0,0.0,0.0,0.0,0.0,0.0,0.0,0.03845061546583902,0.04790090671702016
2026-04-30,0.0,0.0,0.0,0.0,0.0,0.0,0.0,0.0,0.050199436678793244,0.005751399580090312,0.0,0.0,0.0027121168888617803,0.0,0.007051709060549475,0.025045635784984407,0.010788244368186614,0.00796618927141762,0.0,0.004181626582455427,0.0,0.0024889379677279994,0.0,0.011770747878709154,0.0,0.0,0.0,0.0,0.0,0.0,0.0,0.0,0.0,0.0,0.020309178635366576,0.0026185559843650602,0.002612632801421254,0.019167575574187256,0.0,0.0,0.012316665813784083,4.707707091616914e-10,0.0,0.03327367134609593,0.010985933691744032,0.012595351304140188,0.03773441133169867,0.0,0.0681157175761244,0.015161606981499137,0.0,0.0,0.0,0.0,0.0,0.01498183037419213,0.030828219537024706,0.0,0.014751764275081743,0.0,0.0,0.02001684981572839,0.0707752789095562,0.07638121023524808,0.07888783756863403,0.0,0.045516140352160034,0.0,0.013458884319630502,0.0,0.0,0.0,0.00479973943530148,0.04589276866960231,0.08553750428144893,0.0,0.0,0.0,0.0,0.0122384608310173,0.04309295059043548,0.001085660393576979,0.010051279156287894,0.0,0.0,0.0,0.0,0.0,0.0,0.0,0.0,0.0,0.0,0.0,0.0,0.0,0.030633540831806406,0.03822273485029407
2026-05-31,0.0,0.0,0.0,0.0,0.0,0.0,0.0,0.0,0.03508353300332808,0.00026722440459153176,0.0,0.0,0.0,0.0,0.008969880713566204,0.023351331066655955,0.007065853989691456,0.011543506118104015,0.0,0.0,0.0,0.0,0.0,0.0015873964562937804,0.0,0.0,0.0,0.0,0.0,0.0,0.0,0.0,0.0,0.0,0.010755452947358485,0.0,0.0,0.006697617430268437,0.0,0.0,0.021535990803812254,0.006208872635019549,0.0,0.032137275713359614,0.04665652003947477,0.027357555625506597,0.059024909312938474,0.0017739251594121883,0.1078701948977226,0.01692479902322041,0.027358373180827004,0.0,0.0,0.0,0.0,0.013548955176499766,0.022124973907065297,0.0,0.00592566607891654,0.0,0.0,0.018149715465662995,0.08496443955925193,0.021808526264001055,0.06953217541037951,0.0,0.012325614888501587,0.0,0.009640856610843183,0.0,4.913370733578323e-10,0.0,0.008436417368937047,0.03052508710024873,0.10107615301303075,0.0,0.015288968071605017,0.005058919193660585,0.0,0.0023043185202796866,0.008445351769883437,0.0052964039523575,0.06144655555929454,0.0,0.0,0.0,0.0,0.0,0.0,0.0,0.0,0.0,0.0,0.0,0.0,0.0,0.01602317715696731,0.03590751192012517
2026-06-30,0.0,0.0,0.0,0.0,0.0,0.0,0.0,0.0,0.024715955572701905,0.0,0.0,0.0,0.0,0.0,0.0016676865433898921,0.022692067995212974,0.0,0.0,0.0021026684483545196,0.004851087710474236,0.0,0.0,0.0,0.0,0.0,0.0,0.0,0.0,0.0,0.0,0.0,0.0,0.0,0.0,0.012698562321726057,0.0,0.0,0.006715679103409539,0.0,5.809983554567482e-10,0.017017669854036733,0.002647245047120887,0.0,0.020067314337628584,0.055861517492168854,0.018435670526711592,0.054594072034500445,0.0,0.09624301216399984,0.014845974350404533,0.017828279212265968,0.0,0.0,0.0,0.0,0.016829960390679726,0.034460306097923596,0.0,0.004862674430207007,0.0,0.0,0.021450643054006888,0.07674815645526216,0.031007520584309944,0.0524405553250965,0.0,0.0029611431220149796,0.0,0.020898574901961522,0.0,0.015748329372748004,0.013705242812380787,0.010085097317820124,0.05846735925620836,0.11687307051475215,0.00814163854346743,0.01752491999985069,0.023389557944394606,0.0,0.003027394621722181,0.02204202549268508,0.03335244342854566,0.01715995573152299,0.0,0.0,0.004013292159554537,0.0,0.0,0.0,0.0,0.0,0.0,0.0,0.0,0.0,0.0,0.0,0.021825675147780173
